mtllib 4_6_2026.mtl
v -0.019406 0.065861 0.135924
v -0.002519 0.025755 0.123856
v -0.019288 0.034526 0.126851
v 0.042180 0.048313 0.130600
v 0.043442 0.085289 0.141442
v -0.018968 0.102619 0.146784
v 0.018589 0.149716 0.160059
v 0.044948 0.130788 0.154272
v -0.018759 0.141395 0.158023
v -0.018373 0.176358 0.167710
v 0.011609 0.228591 0.181686
v 0.041300 -0.014731 0.111840
v 0.004532 -0.015236 0.112158
v -0.018018 0.010500 0.120242
v -0.016933 0.220829 0.180310
v 0.045857 0.159991 0.162880
v 0.044363 0.212547 0.177442
v 0.043535 0.255456 0.189748
v 0.023346 0.297094 0.201940
v -0.011168 0.260237 0.191971
v -0.009504 0.296277 0.202051
v -0.003165 0.345470 0.216796
v 0.016259 0.344250 0.216487
v -0.015049 0.340959 0.215814
v 0.032715 0.397804 0.234436
v 0.043676 0.295306 0.202139
v 0.032389 0.351296 0.219485
v -0.002418 0.409492 0.238938
v 0.028755 0.442793 0.249152
v 0.002158 0.433425 0.246515
v -0.018427 0.399183 0.236336
v -0.018163 0.372315 0.226907
v 0.012682 -0.060805 0.100279
v 0.043015 -0.138947 0.080319
v 0.042748 -0.173991 0.072038
v 0.025014 -0.144802 0.078688
v 0.023516 -0.096612 0.090734
v 0.042524 -0.092587 0.091686
v -0.000731 -0.125284 0.084305
v -0.003325 -0.079551 0.096318
v -0.007432 -0.058150 0.102109
v -0.012979 -0.024818 0.110986
v 0.001398 -0.165435 0.073374
v 0.001223 -0.215034 0.060636
v 0.023909 -0.210492 0.062355
v 0.022448 -0.239440 0.055734
v 0.000817 -0.272658 0.046901
v 0.041115 -0.285163 0.045618
v 0.044247 -0.227926 0.059705
v -0.000981 -0.310306 0.036292
v 0.023224 -0.305872 0.038208
v 0.041101 -0.316399 0.036191
v -0.018164 0.442535 0.251016
v 0.015428 0.458907 0.255608
v -0.001786 -0.328822 0.029193
v 0.020902 -0.321054 0.032362
v 0.051347 0.390088 0.233895
v 0.051829 0.410286 0.240925
v 0.050103 0.437036 0.249483
v 0.050409 0.361465 0.224844
v 0.050321 0.337812 0.217759
v 0.048848 0.315762 0.209866
v 0.048637 0.454291 0.256234
v 0.034113 0.471261 0.262578
v -0.002127 0.468816 0.261348
v 0.059851 -0.006765 0.118433
v 0.060503 0.030120 0.129566
v 0.017432 0.474871 0.263815
v 0.041456 -0.343591 0.022470
v -0.033947 0.286570 0.203839
v 0.060933 -0.033205 0.111743
v 0.060430 -0.063755 0.103885
v -0.016862 0.464898 0.261370
v -0.033636 0.260537 0.196823
v 0.060846 0.056324 0.137929
v 0.059313 0.092292 0.147902
v -0.036799 0.316145 0.213417
v -0.037574 0.349307 0.224652
v 0.014511 -0.340945 0.021596
v -0.002596 -0.350913 0.016620
v 0.026333 -0.339748 0.022709
v 0.064536 -0.102816 0.095218
v 0.052765 0.279798 0.199960
v -0.034112 0.236005 0.189762
v -0.038043 0.081224 0.146007
v 0.059200 0.141372 0.161841
v -0.034652 0.204594 0.181146
v -0.035978 0.180362 0.174930
v -0.036164 0.153339 0.167287
v -0.036965 0.117364 0.156935
v 0.053782 -0.163426 0.078144
v 0.053953 0.213258 0.181481
v -0.011121 -0.195524 0.069771
v -0.040955 0.051238 0.138763
v 0.024063 -0.353937 0.011861
v -0.041082 0.367782 0.233432
v -0.002843 0.482843 0.270994
v -0.021433 -0.068280 0.104750
v -0.021415 -0.109971 0.095535
v -0.017093 -0.142268 0.086345
v -0.025006 -0.018266 0.116775
v -0.019598 -0.317606 0.040924
v -0.012570 -0.229215 0.062230
v -0.008447 -0.271964 0.050631
v -0.040487 0.028551 0.133311
v -0.019034 -0.292322 0.049382
v -0.019173 -0.330928 0.035033
v 0.016244 0.485822 0.271759
v -0.015761 0.476217 0.269043
v -0.005298 -0.362950 0.008244
v 0.031074 0.484432 0.271833
v 0.047234 0.473017 0.267121
v 0.057598 -0.217292 0.066966
v 0.068360 -0.294839 0.054081
v -0.036455 0.400419 0.244501
v -0.020012 -0.351731 0.024690
v 0.066499 0.199815 0.182720
v 0.067305 0.224086 0.190555
v 0.067141 0.256358 0.199671
v 0.044445 -0.357273 0.012502
v -0.020589 -0.265923 0.057908
v 0.069702 -0.211920 0.073488
v 0.068246 -0.172401 0.081986
v 0.067224 -0.136224 0.089538
v 0.066287 0.122874 0.159702
v 0.067498 0.163323 0.172271
v 0.068603 -0.265624 0.060860
v 0.066695 0.282680 0.207327
v 0.069000 -0.314582 0.049374
v 0.059710 -0.326727 0.040659
v 0.069619 -0.237749 0.068085
v 0.071061 -0.337192 0.043191
v 0.067021 0.305367 0.216047
v 0.051497 -0.342770 0.028480
v -0.032465 -0.175832 0.085317
v -0.032185 -0.198764 0.079312
v -0.031936 -0.213106 0.076188
v -0.044611 0.002117 0.130227
v -0.034925 -0.147426 0.094239
v -0.035773 -0.126698 0.099892
v -0.043132 0.422806 0.256813
v -0.038743 0.452873 0.267150
v -0.046708 -0.029773 0.126294
v -0.046860 0.389574 0.246613
v -0.040512 -0.089904 0.111705
v 0.067244 0.081821 0.149760
v 0.066829 -0.349096 0.034773
v 0.052898 -0.354913 0.021133
v -0.015251 -0.367977 0.009698
v 0.065398 0.336369 0.226572
v 0.064003 0.369348 0.236572
v -0.031694 -0.249031 0.068411
v 0.019334 -0.359656 0.006764
v 0.033686 -0.360895 0.005457
v -0.002125 0.491275 0.280342
v -0.036178 -0.295225 0.062709
v -0.035581 0.469727 0.276813
v -0.033690 -0.343137 0.040117
v 0.046193 -0.366062 0.003635
v -0.001152 -0.362693 0.006038
v 0.066264 -0.001427 0.124261
v 0.065114 -0.075759 0.103522
v 0.067641 -0.048843 0.112584
v -0.029908 -0.363852 0.023832
v -0.034225 -0.323821 0.049637
v -0.046102 0.435600 0.264927
v 0.015691 0.493311 0.281196
v -0.021548 0.482679 0.278984
v -0.027189 -0.376557 0.011809
v 0.043674 0.485283 0.278478
v -0.047302 -0.056401 0.122410
v 0.031365 0.491321 0.281011
v 0.065057 -0.362492 0.025808
v 0.065673 0.034237 0.135303
v 0.071302 -0.358951 0.034000
v 0.060853 0.386733 0.240419
v 0.056720 0.443109 0.257680
v -0.051584 0.033438 0.144309
v 0.061880 -0.371395 0.014688
v 0.054055 0.467802 0.269609
v 0.060570 0.447780 0.264199
v -0.051148 0.087449 0.160764
v -0.050854 0.395993 0.253233
v -0.052683 0.052171 0.150800
v -0.049585 0.130492 0.174672
v -0.053155 0.349710 0.240910
v 0.053458 0.479149 0.280329
v 0.057003 -0.375998 0.002572
v -0.008639 -0.006589 -0.204843
v 0.015848 0.041356 -0.220259
v 0.039419 0.008826 -0.209990
v 0.020914 0.114813 -0.244691
v -0.009828 0.117149 -0.244940
v -0.008803 0.048709 -0.222355
v 0.039443 -0.018069 -0.200801
v -0.009421 -0.023540 -0.199059
v 0.039810 0.039228 -0.219146
v 0.039837 0.105083 -0.241097
v 0.039669 0.067403 -0.228673
v 0.020720 0.154933 -0.257397
v 0.041528 0.128636 -0.248757
v -0.009691 0.156293 -0.256808
v 0.038042 -0.080209 -0.180751
v -0.003417 -0.106734 -0.172345
v 0.038086 -0.122663 -0.167108
v -0.001089 -0.128887 -0.165283
v -0.007310 -0.065551 -0.185330
v 0.038999 -0.048431 -0.190998
v 0.020453 0.194447 -0.269132
v -0.010968 0.215576 -0.274290
v 0.035429 0.199894 -0.270488
v 0.045131 0.157413 -0.257246
v 0.019921 0.233479 -0.279972
v -0.005614 0.267590 -0.289831
v 0.017686 0.277582 -0.292552
v -0.003181 0.327455 -0.308441
v 0.014298 0.328975 -0.309364
v 0.003468 -0.166160 -0.154208
v 0.039201 -0.163116 -0.154711
v 0.024145 -0.210734 -0.139647
v 0.005201 -0.198023 -0.143889
v 0.008719 -0.230134 -0.133139
v 0.024997 -0.281409 -0.116244
v 0.011188 -0.286531 -0.114987
v 0.042880 -0.207768 -0.139671
v 0.044718 -0.241638 -0.128154
v 0.043894 -0.289412 -0.112527
v 0.035709 0.269972 -0.289418
v 0.031997 0.319601 -0.304926
v 0.011066 -0.340385 -0.095515
v 0.031888 0.338529 -0.311915
v 0.043144 -0.343002 -0.092183
v 0.012205 -0.387950 -0.077541
v 0.040542 -0.377754 -0.079021
v 0.047484 0.185730 -0.265093
v 0.051175 0.206988 -0.270013
v 0.038905 -0.404520 -0.068318
v 0.012219 -0.415407 -0.065716
v 0.014606 0.351087 -0.319389
v -0.001357 0.370003 -0.326398
v -0.008975 -0.337226 -0.094275
v -0.010843 -0.172262 -0.149503
v -0.021381 -0.202065 -0.137208
v -0.019941 -0.231877 -0.126760
v -0.018974 -0.302720 -0.105009
v -0.018992 -0.331141 -0.094886
v 0.013822 0.378853 -0.331871
v 0.032205 0.376828 -0.330259
v 0.014212 0.403658 -0.341446
v 0.032350 0.395524 -0.338319
v 0.032264 0.418243 -0.345863
v 0.015091 0.424014 -0.347062
v 0.029957 0.441586 -0.350712
v -0.013951 -0.378977 -0.077229
v -0.002907 -0.263786 -0.119947
v -0.019429 -0.265968 -0.115910
v -0.002085 0.398975 -0.336218
v 0.014061 0.442739 -0.350127
v -0.009337 -0.413084 -0.063307
v -0.018426 -0.073662 -0.180468
v -0.020633 0.276605 -0.289560
v -0.014735 0.325915 -0.305544
v -0.019171 0.345246 -0.310854
v -0.021060 0.115020 -0.241675
v -0.031253 0.057750 -0.220239
v -0.031800 0.031578 -0.211302
v 0.047927 -0.299197 -0.108197
v -0.023538 0.209393 -0.269488
v -0.032692 0.168360 -0.254542
v -0.024529 -0.135415 -0.158072
v -0.023393 -0.171598 -0.146513
v -0.026971 -0.088079 -0.173286
v 0.037997 -0.419085 -0.061293
v -0.001646 0.423265 -0.342638
v -0.031422 0.001936 -0.201728
v -0.028618 -0.043801 -0.187401
v -0.031685 -0.020774 -0.193879
v -0.032793 0.138392 -0.245420
v -0.024870 0.323715 -0.301856
v -0.005393 -0.442064 -0.047452
v 0.013737 -0.442148 -0.050279
v 0.033970 -0.442499 -0.048415
v -0.033016 0.236040 -0.274254
v -0.033462 0.102210 -0.233778
v -0.032657 0.074592 -0.225128
v 0.048384 0.409276 -0.339528
v 0.028775 0.454479 -0.351526
v 0.046590 0.440361 -0.347395
v -0.033829 0.270209 -0.283227
v -0.034410 0.201193 -0.263250
v 0.047636 0.320250 -0.301333
v 0.057017 0.272018 -0.284774
v 0.049098 0.424553 -0.343434
v 0.055798 0.245850 -0.278285
v 0.049669 0.394403 -0.333395
v 0.051387 0.376609 -0.324407
v 0.014659 0.456084 -0.350385
v 0.057072 -0.121962 -0.162005
v 0.057765 -0.038365 -0.188758
v 0.057017 -0.006677 -0.199472
v 0.057187 -0.081309 -0.174975
v 0.057235 -0.157082 -0.151504
v 0.056442 -0.187943 -0.141901
v 0.052358 0.343857 -0.307601
v 0.041959 0.454885 -0.349546
v -0.024226 0.349970 -0.310429
v 0.046983 -0.440509 -0.046294
v 0.057194 0.042717 -0.214538
v 0.058278 0.009580 -0.203923
v 0.057140 0.302648 -0.293288
v 0.058835 0.326966 -0.299472
v 0.057360 -0.211268 -0.133381
v 0.057802 -0.239843 -0.123558
v 0.057663 -0.260035 -0.116984
v 0.058774 0.071079 -0.222726
v 0.059463 0.094143 -0.229910
v 0.058281 0.120595 -0.239203
v 0.058804 -0.350743 -0.082779
v 0.058619 -0.368680 -0.075934
v 0.058268 -0.385078 -0.068730
v 0.059148 -0.331436 -0.089843
v 0.061744 0.408675 -0.333737
v 0.015948 -0.461319 -0.034139
v 0.033183 -0.460653 -0.033157
v -0.006186 0.442469 -0.343115
v 0.056463 -0.403782 -0.061144
v 0.055076 0.222672 -0.272503
v 0.063237 0.385902 -0.323633
v 0.047059 -0.457520 -0.031884
v -0.002202 -0.460065 -0.032765
v -0.019988 -0.413479 -0.058179
v -0.018957 -0.435510 -0.045403
v 0.057540 -0.279236 -0.110408
v 0.061681 0.345044 -0.303417
v 0.063261 0.424298 -0.336674
v -0.021505 0.387094 -0.323080
v -0.018059 0.410694 -0.331069
v -0.019740 0.425115 -0.332619
v 0.069543 0.377606 -0.315496
v 0.057585 -0.310992 -0.098586
v 0.057774 -0.423406 -0.049937
v 0.028944 0.466521 -0.349955
v 0.041821 0.466423 -0.348099
v 0.057642 0.169199 -0.254302
v 0.060067 0.143473 -0.244815
v -0.028201 -0.374465 -0.071538
v -0.027776 -0.399935 -0.060142
v 0.054245 0.455468 -0.344439
v -0.031751 -0.314339 -0.093761
v -0.002234 0.458663 -0.344117
v -0.034057 -0.079461 -0.172241
v 0.062395 0.444235 -0.339906
v 0.017486 0.467980 -0.348610
v -0.031740 -0.272847 -0.106578
v -0.034078 -0.225264 -0.120633
v -0.034798 -0.124107 -0.155858
v -0.035055 -0.176467 -0.137910
v -0.034627 0.309174 -0.292677
v -0.035484 0.353357 -0.303419
v -0.017715 -0.453273 -0.031183
v -0.043510 -0.256071 -0.104239
v -0.041189 -0.290364 -0.094395
v -0.039129 -0.317966 -0.087208
v -0.035387 -0.362936 -0.071190
v -0.038683 -0.048333 -0.178466
v -0.045958 -0.223092 -0.112824
v -0.046246 -0.198592 -0.121454
v 0.061711 -0.440277 -0.036610
v 0.061042 0.190817 -0.257511
v 0.061613 -0.447526 -0.030914
v 0.070449 0.404192 -0.325751
v 0.069463 0.310334 -0.286306
v 0.061192 -0.406795 -0.055977
v 0.070219 0.361641 -0.306052
v 0.060785 -0.228790 -0.124885
v 0.013523 0.475724 -0.345132
v -0.018216 0.443480 -0.334970
v -0.011597 0.457281 -0.338111
v -0.026733 -0.423008 -0.046583
v 0.029286 0.479732 -0.345104
v 0.042481 0.477188 -0.344016
v -0.034538 -0.387745 -0.058944
v -0.027800 0.410611 -0.322946
v -0.034499 0.386576 -0.311575
v -0.047433 -0.172373 -0.128457
v -0.041677 0.051381 -0.208754
v -0.041804 0.010323 -0.195025
v -0.041872 0.293060 -0.282158
v -0.039303 0.336398 -0.295662
v -0.041997 -0.113364 -0.152726
v -0.044189 0.240832 -0.265269
v 0.054346 0.472924 -0.340469
v 0.074672 0.374688 -0.309367
v 0.069100 0.272059 -0.274565
v 0.068294 0.012304 -0.196009
v 0.068601 0.033333 -0.202128
v 0.067283 0.056640 -0.210082
v 0.071076 -0.022664 -0.181346
v -0.042401 0.090690 -0.220954
v -0.043291 0.143322 -0.236785
v -0.045047 0.186720 -0.248034
v -0.048399 -0.133868 -0.139855
v 0.062654 0.460910 -0.338027
v 0.068804 0.238110 -0.263814
v 0.068605 0.213768 -0.257012
v 0.071296 0.347675 -0.295685
v 0.071661 0.333771 -0.290514
v 0.066543 0.096634 -0.223596
v 0.072384 -0.173987 -0.131214
v 0.071920 -0.048767 -0.171652
v 0.072345 -0.073850 -0.162989
v 0.072880 -0.104862 -0.152331
v 0.072477 -0.129194 -0.144866
v 0.073130 -0.146870 -0.138767
v 0.075774 0.397887 -0.316866
v 0.071017 -0.298730 -0.089651
v 0.070439 -0.323047 -0.081036
v -0.003251 0.470959 -0.339034
v 0.043105 0.484949 -0.338903
v -0.014517 0.469663 -0.330722
v 0.054549 0.484511 -0.331829
v 0.024185 0.042616 0.219260
v -0.003230 0.034127 0.215488
v 0.021784 -0.018599 0.201835
v -0.003066 -0.022680 0.198461
v 0.023174 -0.077959 0.185772
v -0.001533 -0.060773 0.188259
v -0.002105 -0.092066 0.179534
v 0.023447 -0.122297 0.174848
v -0.000258 -0.161540 0.161540
v 0.025216 -0.205276 0.153492
v 0.004816 -0.224443 0.145467
v 0.026375 -0.250983 0.142402
v 0.005153 -0.295703 0.128081
v 0.026137 -0.313825 0.126448
v 0.004189 -0.351685 0.111952
v 0.027176 -0.351776 0.115378
v 0.028230 -0.389616 0.103196
v 0.003168 -0.400318 0.095681
v -0.004316 0.056939 0.222740
v 0.009323 0.099111 0.236220
v -0.004331 0.095963 0.234167
v 0.009819 0.203462 0.266732
v -0.004850 0.138049 0.246242
v 0.008182 0.145190 0.249287
v 0.023185 0.120936 0.242653
v 0.022281 0.161032 0.254041
v -0.002429 0.205980 0.267080
v -0.001149 0.259647 0.282849
v 0.009058 0.251901 0.280929
v -0.001795 0.306359 0.296441
v 0.013333 0.307814 0.297731
v 0.024114 0.211840 0.269205
v 0.025997 0.254004 0.281355
v 0.027468 0.315180 0.299757
v 0.014376 0.332993 0.306488
v -0.018895 0.270228 0.282780
v -0.014215 0.222446 0.269516
v -0.021846 0.317924 0.297227
v -0.001332 0.336161 0.307285
v 0.005538 -0.428572 0.084869
v 0.028493 -0.422188 0.090523
v 0.026329 0.345942 0.311497
v 0.004157 0.365018 0.320479
v -0.020198 0.353847 0.313155
v -0.013614 0.176939 0.255045
v 0.031363 0.074191 0.228127
v 0.030285 0.155038 0.251602
v 0.033001 -0.024606 0.199361
v 0.032053 0.033572 0.215723
v 0.037039 -0.179433 0.159141
v 0.034927 -0.075822 0.185191
v 0.039013 -0.117522 0.174479
v 0.053435 -0.216517 0.147511
v 0.053889 -0.243363 0.140837
v 0.054364 -0.281211 0.131157
v 0.052943 -0.322851 0.120353
v 0.052492 -0.359231 0.109923
v 0.052290 -0.386297 0.101217
v 0.025177 0.381915 0.327650
v -0.017896 0.400302 0.335695
v 0.006443 0.411365 0.343070
v -0.016581 0.422565 0.345359
v 0.008243 0.425958 0.349200
v 0.007275 0.441792 0.353544
v 0.026663 0.441227 0.351470
v -0.013505 0.439875 0.349526
v 0.025952 0.423924 0.346645
v 0.027184 -0.435693 0.083908
v 0.049814 -0.413401 0.091349
v 0.059869 -0.172749 0.157520
v 0.048278 -0.053009 0.188668
v 0.056990 -0.123675 0.169656
v 0.056778 -0.076849 0.181082
v 0.042347 0.218659 0.267785
v 0.055045 -0.011857 0.197989
v 0.048654 0.044946 0.214931
v 0.041529 0.246786 0.275892
v 0.038828 0.312616 0.296269
v 0.050115 0.131528 0.239957
v 0.048799 0.175460 0.252791
v 0.053557 0.095453 0.228520
v 0.056065 -0.043090 0.189088
v 0.048385 -0.438803 0.078986
v 0.039253 0.347931 0.308476
v 0.056364 0.284008 0.282087
v 0.056923 0.315671 0.291162
v 0.026537 -0.448261 0.076648
v 0.056973 0.247703 0.270824
v 0.058376 0.225431 0.264139
v 0.058841 0.192623 0.254296
v 0.040743 0.388092 0.325155
v 0.065495 -0.211263 0.144721
v 0.066042 -0.240887 0.136966
v 0.057250 0.342249 0.300138
v 0.055823 0.371137 0.311973
v 0.055277 0.014054 0.204594
v 0.056596 0.037870 0.210359
v 0.058590 0.062266 0.216273
v 0.065373 -0.311950 0.118719
v 0.039844 0.437206 0.345211
v 0.058841 0.171335 0.247503
v 0.075007 -0.369905 0.097219
v 0.043214 0.415595 0.336181
v 0.020001 0.455160 0.352062
v 0.071544 -0.402141 0.086882
v 0.056552 0.397035 0.321781
v 0.005896 -0.449608 0.073017
v 0.067420 -0.422033 0.079583
v 0.076281 -0.348264 0.103013
v 0.028187 -0.462275 0.066491
v 0.048296 -0.457748 0.065906
v 0.059096 0.133314 0.236224
v 0.007419 0.455668 0.352688
v 0.076527 -0.264230 0.125649
v 0.078205 -0.293620 0.116533
v 0.054631 0.422655 0.332749
v 0.034285 0.454751 0.348693
v 0.007806 -0.461999 0.064542
v -0.023581 0.026071 0.206152
v -0.018467 -0.096381 0.173058
v -0.022690 -0.038256 0.187177
v -0.034360 -0.142678 0.155375
v -0.033695 -0.181123 0.144897
v -0.011800 -0.224759 0.139677
v -0.018107 -0.265696 0.127297
v -0.032898 -0.209174 0.137702
v -0.031234 -0.234870 0.131155
v -0.029838 -0.259117 0.125160
v -0.034453 0.074911 0.217503
v -0.035368 0.123322 0.231250
v -0.027968 -0.294089 0.115360
v -0.008656 -0.330646 0.113389
v -0.022240 -0.339788 0.105102
v -0.033825 0.033314 0.204629
v -0.034497 -0.005912 0.191904
v -0.036368 -0.039505 0.180853
v -0.021071 -0.371164 0.095992
v -0.033665 0.226179 0.263091
v -0.026024 0.187486 0.253559
v -0.036778 0.149000 0.238043
v -0.019092 -0.394853 0.088745
v -0.035506 -0.103327 0.164760
v -0.035961 -0.084908 0.169373
v -0.035287 -0.059341 0.176336
v -0.017956 -0.415194 0.081045
v -0.042285 0.358847 0.306245
v -0.034829 0.412966 0.333497
v -0.011756 -0.435695 0.074075
v -0.040347 0.315053 0.287622
v -0.047125 0.345081 0.297950
v -0.041060 0.282903 0.276894
v -0.038463 0.247506 0.267007
v -0.030789 0.429298 0.340414
v -0.045940 0.382320 0.314440
v -0.006546 0.455043 0.349642
v -0.040607 0.192725 0.247930
v -0.008070 -0.451239 0.066149
v -0.029621 0.439593 0.341565
v -0.007483 -0.460814 0.058480
v -0.047244 0.402735 0.321576
v -0.047968 0.368642 0.306318
v -0.041433 0.425145 0.332611
v -0.036790 -0.331087 0.098298
v 0.017347 -0.474640 0.052374
v -0.020044 -0.441968 0.064465
v -0.050086 0.222451 0.250378
v 0.067054 -0.442426 0.066853
v -0.036546 -0.366493 0.086035
v -0.057509 0.307243 0.272124
v -0.056450 0.330168 0.282601
v -0.033728 -0.396712 0.076210
v 0.029435 -0.474390 0.052385
v 0.002003 -0.472959 0.049925
v -0.022621 0.455580 0.342312
v -0.036921 -0.316494 0.102132
v -0.041324 -0.295283 0.104669
v -0.041902 -0.276952 0.109231
v -0.042675 -0.238234 0.119816
v -0.056075 0.354699 0.294023
v -0.056624 0.287533 0.265356
v -0.054131 0.260281 0.257240
v -0.027553 -0.428011 0.065690
v -0.051744 0.240359 0.253546
v -0.009908 -0.465955 0.051228
v 0.047889 -0.470613 0.051909
v -0.019917 -0.458196 0.050239
v 0.069474 -0.136901 0.159519
v 0.071629 -0.092370 0.167907
v -0.046689 0.192644 0.242128
v -0.048861 0.131488 0.220933
v -0.035445 0.107136 0.226247
v -0.049227 0.104433 0.212121
v -0.049821 0.071134 0.201366
v -0.044990 0.028573 0.192047
v -0.049445 0.153260 0.227345
v -0.039563 -0.024773 0.181606
v -0.057810 0.371214 0.297633
v -0.043071 -0.197369 0.130811
v -0.041137 0.441706 0.331868
v -0.048363 -0.144534 0.140603
v -0.049885 -0.106520 0.148852
v -0.039397 -0.346923 0.089982
v -0.048208 -0.176142 0.131086
v 0.013128 0.472125 0.346122
v -0.050394 -0.061538 0.160054
v 0.029891 0.471150 0.344893
v 0.074831 -0.237146 0.132240
v 0.048404 0.454351 0.340832
v -0.051180 0.409607 0.318786
v 0.063060 -0.043659 0.184476
v 0.074702 -0.179099 0.146274
v 0.071878 0.078387 0.211824
v 0.071527 0.102397 0.219031
v 0.071954 0.132148 0.227247
v 0.071967 0.162437 0.235871
v 0.055526 0.436711 0.334968
v 0.071629 -0.021574 0.183116
v 0.071712 0.023627 0.195423
v 0.072006 0.039826 0.199622
v 0.070324 0.059178 0.206893
v 0.069984 -0.058027 0.175752
v 0.064862 -0.459362 0.053596
v 0.071066 0.181295 0.241459
v 0.074441 -0.149242 0.153166
v 0.076464 -0.209542 0.136522
v 0.074219 0.203405 0.244429
v 0.073864 0.235504 0.253397
v 0.074233 0.251246 0.256811
v 0.074188 0.275272 0.263264
v 0.074132 0.307604 0.272348
v 0.073753 0.329039 0.278410
v 0.073551 0.345675 0.283431
v -0.036211 0.456506 0.331425
v 0.077074 -0.425761 0.067528
v 0.047579 0.471702 0.334874
v -0.018837 -0.467305 0.037154
v 0.074753 0.008626 -0.153324
v 0.075290 -0.048169 -0.157742
v 0.075102 -0.027358 -0.166667
v 0.075041 0.008276 -0.178532
v 0.074705 0.047978 -0.164285
v 0.074590 0.077216 -0.189056
v 0.074533 0.095469 -0.177672
v 0.074158 0.173558 -0.218093
v 0.074272 0.148943 -0.191218
v 0.073928 0.087917 -0.207384
v 0.073762 0.129618 -0.220156
v 0.073544 0.166651 -0.229611
v 0.074378 0.046936 -0.193468
v 0.073672 0.186569 -0.199948
v 0.073818 0.209781 -0.209792
v 0.074107 0.202479 -0.238308
v 0.073830 0.240052 -0.232670
v 0.073699 0.242624 -0.254461
v 0.074195 0.286360 -0.249433
v 0.073962 0.269487 -0.262863
v 0.074383 0.322744 -0.276256
v 0.074009 0.333094 -0.255647
v 0.074569 0.369969 -0.263904
v 0.074474 0.350243 -0.284367
v 0.074559 -0.032702 -0.141939
v 0.074464 -0.085446 -0.125956
v 0.075018 -0.070822 -0.150833
v 0.075135 -0.111061 -0.135820
v 0.073947 -0.131420 -0.109970
v 0.074800 -0.160194 -0.121894
v 0.077208 0.396911 -0.290169
v 0.076043 0.373208 -0.300700
v 0.078086 0.412183 -0.306768
v 0.076916 0.414253 -0.273315
v 0.078141 0.442817 -0.279085
v 0.078841 0.440733 -0.303892
v 0.077939 0.453345 -0.300514
v 0.072880 -0.168856 -0.098798
v 0.074184 -0.184037 -0.115556
v 0.072760 -0.207588 -0.090639
v 0.073436 -0.215775 -0.113121
v 0.073704 -0.249413 -0.096167
v 0.073844 -0.263919 -0.087346
v 0.072641 0.279859 -0.229846
v 0.072976 0.232568 -0.216093
v 0.071644 0.304842 -0.233967
v 0.073958 0.296521 -0.271577
v 0.077171 0.434211 -0.316448
v 0.075666 0.462292 -0.288397
v 0.073130 -0.146870 -0.138767
v 0.075774 0.397887 -0.316866
v 0.074580 0.388905 -0.262629
v 0.071729 -0.239652 -0.080429
v 0.073876 -0.282484 -0.078412
v 0.072794 -0.239155 -0.107280
v 0.071685 -0.273816 -0.097801
v 0.071017 -0.298730 -0.089651
v 0.075544 0.456097 -0.316912
v 0.072880 -0.104862 -0.152331
v 0.072477 -0.129194 -0.144866
v 0.072384 -0.173987 -0.131214
v 0.072559 -0.205201 -0.119709
v 0.073968 0.355881 -0.296044
v 0.071661 0.333771 -0.290514
v 0.074026 -0.324958 -0.066453
v 0.074672 0.374688 -0.309367
v 0.072345 -0.073850 -0.162989
v 0.070093 0.337086 -0.237926
v 0.070260 0.366788 -0.245635
v 0.073252 0.472583 -0.303378
v 0.069671 -0.276086 -0.064391
v 0.068971 -0.305274 -0.052410
v 0.068241 -0.326348 -0.043790
v 0.074263 -0.361222 -0.050548
v 0.068408 -0.350180 -0.033372
v 0.068846 -0.370068 -0.024883
v 0.074468 -0.383970 -0.041046
v 0.075288 -0.402412 -0.030453
v 0.070043 -0.380744 -0.022433
v 0.070417 -0.392311 -0.010164
v 0.073872 -0.404090 -0.016567
v 0.077154 -0.428746 -0.013537
v 0.077397 -0.422998 0.001885
v 0.078980 -0.442718 -0.001748
v 0.070721 -0.350132 -0.069921
v 0.070441 -0.377438 -0.058957
v 0.071547 -0.413264 -0.040333
v 0.070439 -0.323047 -0.081036
v 0.071759 0.472873 -0.313579
v 0.083339 -0.421108 0.025845
v 0.083272 -0.439129 0.022211
v 0.084828 -0.422376 0.040097
v 0.083632 -0.387425 0.040793
v 0.085126 -0.388875 0.062478
v 0.083020 -0.349882 0.054665
v 0.083025 -0.324180 0.063202
v 0.084717 -0.365199 0.075170
v 0.083655 -0.299822 0.081486
v 0.084381 -0.327962 0.087878
v 0.084425 -0.289556 0.096714
v 0.081563 -0.228191 0.097134
v 0.081152 -0.244998 0.082129
v 0.079821 -0.208295 0.089523
v 0.084740 -0.417261 0.057170
v 0.083289 -0.258222 0.106708
v 0.079059 -0.173525 0.098519
v 0.079048 -0.155015 0.119670
v 0.081377 -0.220836 0.114629
v 0.077535 -0.143729 0.102634
v 0.077077 -0.120030 0.109124
v 0.077323 -0.086050 0.121619
v 0.077826 -0.119128 0.140691
v 0.079251 -0.170662 0.126970
v 0.076584 -0.031089 0.146642
v 0.076304 -0.035336 0.135120
v 0.075405 0.018320 0.146443
v 0.076530 0.010113 0.168397
v 0.074656 0.047898 0.154120
v 0.076733 -0.042133 0.156138
v 0.077136 -0.090081 0.150664
v 0.075854 0.079780 0.170300
v 0.076245 0.059721 0.184293
v 0.076443 0.113013 0.198724
v 0.075845 0.132014 0.184047
v 0.075889 0.180936 0.196862
v 0.076302 0.166666 0.215984
v 0.076256 0.211923 0.208083
v 0.075494 0.189912 0.232336
v 0.075904 0.238623 0.233649
v 0.076296 0.244915 0.220561
v 0.075591 0.283255 0.230135
v 0.075088 0.296638 0.253709
v 0.074639 0.325488 0.243869
v 0.074544 0.353228 0.256962
v 0.073753 0.329039 0.278410
v 0.074132 0.307604 0.272348
v 0.073551 0.345675 0.283431
v 0.074188 0.275272 0.263264
v 0.074851 0.379384 0.271227
v 0.083893 -0.430898 0.051309
v 0.073071 0.366717 0.291414
v 0.074892 0.406477 0.282758
v 0.074233 0.251246 0.256811
v 0.073864 0.235504 0.253397
v 0.074219 0.203405 0.244429
v 0.081896 -0.288918 0.071159
v 0.074883 0.125206 0.215713
v 0.084397 -0.396458 0.065775
v 0.072417 0.385497 0.298724
v 0.074164 0.438517 0.296660
v 0.081882 -0.446375 0.038787
v 0.081478 -0.451085 0.023281
v 0.074688 -0.032284 0.172217
v 0.074093 0.102024 0.210532
v 0.074424 0.024758 0.186364
v 0.073652 0.063556 0.201870
v 0.073232 0.148007 0.229123
v 0.073301 -0.064485 0.169942
v 0.072840 -0.001561 0.185952
v 0.074441 -0.149242 0.153166
v 0.071362 0.410898 0.307852
v 0.072126 0.440961 0.307542
v 0.071779 0.455861 0.300299
v 0.075959 -0.181611 0.142557
v 0.071849 0.447479 0.289849
v 0.074493 0.267329 0.220196
v 0.074308 0.071066 0.160804
v 0.070906 0.390609 0.258000
v 0.078248 -0.450025 0.002015
v 0.076464 -0.209542 0.136522
v 0.069665 0.419136 0.266004
v 0.068469 0.447053 0.276041
v 0.076930 -0.235211 0.129587
v 0.074213 0.118428 0.174248
v 0.072849 -0.109559 0.161526
v 0.080797 -0.412519 0.021025
v 0.071920 -0.048767 -0.171652
v 0.071076 -0.022664 -0.181346
v 0.071712 0.023627 0.195423
v 0.072006 0.039826 0.199622
v 0.071878 0.078387 0.211824
v 0.071527 0.102397 0.219031
v 0.073348 -0.016289 0.130437
v 0.073313 -0.045910 0.122254
v 0.078205 -0.293620 0.116533
v 0.076527 -0.264230 0.125649
v 0.069705 -0.396459 0.003229
v 0.071243 0.364880 0.251053
v 0.066843 0.455458 0.318033
v 0.071954 0.132148 0.227247
v 0.073469 0.429246 -0.327139
v 0.069463 0.310334 -0.286306
v 0.074845 -0.114396 0.104336
v 0.073475 -0.076678 0.113461
v 0.068094 0.442013 0.319279
v 0.069986 0.145867 0.171385
v 0.072600 0.090456 0.161850
v 0.071927 -0.432118 -0.028386
v 0.071659 0.258110 -0.220131
v 0.071629 -0.021574 0.183116
v 0.080489 -0.381523 0.081892
v 0.081787 -0.408632 0.068859
v 0.071285 0.452127 -0.329251
v 0.073137 0.413185 -0.263159
v 0.072146 0.432600 -0.264040
v 0.074702 -0.179099 0.146274
v 0.076281 -0.348264 0.103013
v 0.068936 -0.020295 -0.130362
v 0.068102 0.023393 -0.140444
v 0.067835 0.051203 -0.147911
v 0.069567 0.091173 -0.163297
v 0.067969 -0.051316 -0.119410
v 0.070083 0.147101 -0.180041
v 0.068748 -0.076672 -0.113276
v 0.068333 -0.102358 -0.106034
v 0.063105 0.468580 0.281777
v 0.068605 0.213768 -0.257012
v 0.068480 0.187593 -0.247466
v 0.067021 0.305367 0.216047
v 0.066606 -0.381511 -0.012551
v 0.065118 0.471268 0.295156
v 0.068294 0.012304 -0.196009
v 0.064633 0.470893 0.308412
v 0.067401 0.218786 -0.197346
v 0.068239 0.391732 -0.248379
v 0.067305 0.224086 0.190555
v 0.067141 0.256358 0.199671
v 0.070398 0.181698 0.184330
v 0.066695 0.282680 0.207327
v 0.070680 0.474701 -0.290570
v 0.068836 0.466610 -0.327659
v 0.062125 0.469694 0.317959
v 0.069424 -0.249540 -0.071998
v 0.065264 0.275725 -0.211065
v 0.065767 0.312458 -0.222732
v 0.071629 -0.092370 0.167907
v 0.065398 0.336369 0.226572
v 0.071608 0.461197 -0.275838
v 0.066355 0.175077 -0.179732
v 0.064003 0.369348 0.236572
v 0.076094 -0.401213 0.016370
v 0.069100 0.272059 -0.274565
v 0.068804 0.238110 -0.263814
v 0.068601 0.033333 -0.202128
v 0.070207 0.044589 0.143368
v 0.070344 0.007971 0.132132
v 0.070432 -0.016429 0.124277
v 0.064354 0.230986 -0.196965
v 0.066890 0.112773 -0.163593
v 0.066089 0.156563 -0.242287
v 0.071677 -0.448599 -0.016094
v 0.071892 -0.389693 0.016057
v 0.061585 -0.208216 -0.070051
v 0.067072 0.134357 -0.234130
v 0.066422 0.425182 0.320060
v 0.067244 0.081821 0.149760
v 0.071967 0.162437 0.235871
v 0.067283 0.056640 -0.210082
v 0.066543 0.096634 -0.223596
v 0.075149 -0.460880 0.013726
v 0.065017 0.145638 -0.169576
v 0.067498 0.163323 0.172271
v 0.066499 0.199815 0.182720
v 0.074973 -0.159378 0.094752
v 0.070324 0.059178 0.206893
v 0.077476 -0.391233 0.084294
v 0.071606 0.451304 -0.269907
v 0.066300 0.083272 -0.155128
v 0.063355 0.201588 -0.183461
v 0.075007 -0.369905 0.097219
v 0.063661 0.370892 -0.236082
v 0.074083 -0.372532 0.030712
v 0.071302 -0.358951 0.034000
v 0.076326 -0.456852 0.037318
v 0.065042 0.485152 -0.309708
v 0.069225 -0.153077 -0.096134
v 0.074642 -0.462599 0.024084
v 0.077074 -0.425761 0.067528
v 0.071180 -0.084719 0.107255
v 0.067641 -0.048843 0.112584
v 0.076135 -0.446859 0.052153
v 0.060464 -0.164918 -0.079628
v 0.063110 0.482556 -0.322830
v 0.058820 0.453699 0.331316
v 0.061256 -0.381131 0.002866
v 0.072270 -0.458952 -0.000946
v 0.060853 0.386733 0.240419
v 0.062624 0.215951 -0.188568
v 0.069474 -0.136901 0.159519
v 0.066287 0.122874 0.159702
v 0.069702 -0.211920 0.073488
v 0.061880 -0.371395 0.014688
v 0.074831 -0.237146 0.132240
v 0.060570 0.447780 0.264199
v 0.062732 0.474691 -0.331660
v 0.069984 -0.058027 0.175752
v 0.062280 0.486215 -0.291733
v 0.062919 0.297412 -0.214148
v 0.070449 0.404192 -0.325751
v 0.069619 -0.237749 0.068085
v 0.068246 -0.172401 0.081986
v 0.067224 -0.136224 0.089538
v 0.060150 -0.115233 -0.091675
v 0.071061 -0.337192 0.043191
v 0.062654 0.460910 -0.338027
v 0.055526 0.436711 0.334968
v 0.064120 0.390205 0.309890
v 0.062281 0.250864 -0.199983
v 0.067092 0.443584 -0.261218
v 0.063588 0.412594 -0.248748
v 0.059893 0.471834 0.319839
v 0.062607 0.476265 -0.276905
v 0.056746 -0.236492 -0.058663
v 0.056471 -0.259861 -0.052187
v 0.055135 -0.287532 -0.042456
v 0.067591 -0.337249 -0.038069
v 0.054766 0.329352 -0.214373
v 0.071544 -0.402141 0.086882
v 0.056434 -0.362401 -0.012251
v 0.057003 -0.375998 0.002572
v 0.053513 0.485023 0.293270
v 0.054184 0.484140 0.305601
v 0.062395 0.444235 -0.339906
v 0.070219 0.361641 -0.306052
v 0.071296 0.347675 -0.295685
v 0.069000 -0.314582 0.049374
v 0.068360 -0.294839 0.054081
v 0.068603 -0.265624 0.060860
v 0.053458 0.479149 0.280329
v 0.056552 0.397035 0.321781
v 0.065673 0.034237 0.135303
v 0.056720 0.443109 0.257680
v 0.053945 -0.307807 -0.034568
v 0.066264 -0.001427 0.124261
v 0.065057 -0.362492 0.025808
v 0.061042 0.190817 -0.257511
v 0.057642 0.169199 -0.254302
v 0.055823 0.371137 0.311973
v 0.061711 -0.440277 -0.036610
v 0.061613 -0.447526 -0.030914
v 0.055010 0.275277 -0.199369
v 0.053271 0.302150 -0.205151
v 0.054631 0.422655 0.332749
v 0.060785 -0.228790 -0.124885
v 0.057663 -0.260035 -0.116984
v 0.057540 -0.279236 -0.110408
v 0.061192 -0.406795 -0.055977
v 0.064536 -0.102816 0.095218
v 0.054055 0.467802 0.269609
v 0.047579 0.471702 0.334874
v 0.056893 -0.072152 -0.101602
v 0.055953 -0.020369 -0.116003
v 0.055728 -0.044476 -0.108720
v 0.055554 0.007307 -0.123163
v 0.060067 0.143473 -0.244815
v 0.058281 0.120595 -0.239203
v 0.058619 -0.368680 -0.075934
v 0.058268 -0.385078 -0.068730
v 0.058804 -0.350743 -0.082779
v 0.054810 0.377135 -0.228396
v 0.054079 0.353679 -0.220919
v 0.049160 -0.347740 -0.012741
v 0.057250 0.342249 0.300138
v 0.056923 0.315671 0.291162
v 0.065226 -0.468607 0.038181
v 0.061822 -0.461610 -0.015478
v 0.048351 -0.359124 -0.004704
v 0.063261 0.424298 -0.336674
v 0.065114 -0.075759 0.103522
v 0.064862 -0.459362 0.053596
v 0.050287 -0.327999 -0.023620
v 0.055740 0.034084 -0.130882
v 0.057082 0.068959 -0.142510
v 0.058130 0.096965 -0.151162
v 0.061292 0.459764 -0.263310
v 0.067054 -0.442426 0.066853
v 0.055240 0.493883 -0.303019
v 0.046263 0.485970 0.318734
v 0.048404 0.454351 0.340832
v 0.054238 0.493123 -0.316515
v 0.054549 0.484511 -0.331829
v 0.054346 0.472924 -0.340469
v 0.043674 0.485283 0.278478
v 0.012573 0.186773 -0.170924
v -0.001708 0.182337 -0.172093
v -0.013248 0.134243 -0.160074
v 0.013299 0.225856 -0.181881
v -0.035167 0.152412 -0.170857
v -0.035725 0.168351 -0.175515
v -0.036444 0.125469 -0.163414
v -0.035566 0.183439 -0.179419
v 0.005410 0.140381 -0.158315
v -0.005150 0.077946 -0.140726
v -0.023890 0.055302 -0.138112
v -0.009432 0.019129 -0.123702
v -0.035865 0.101516 -0.155853
v -0.013105 -0.014491 -0.114696
v -0.037866 0.016988 -0.130841
v -0.014524 -0.066784 -0.100528
v -0.037420 -0.079430 -0.103780
v -0.014465 -0.112546 -0.088667
v -0.037188 -0.110684 -0.095564
v -0.038128 -0.049983 -0.111946
v -0.037625 -0.026443 -0.118225
v -0.037057 0.068155 -0.145989
v -0.035873 -0.137065 -0.087684
v -0.033567 0.218172 -0.187167
v -0.005404 0.218454 -0.182265
v -0.005438 0.253050 -0.191617
v 0.018903 0.261358 -0.191113
v -0.034413 0.238059 -0.193368
v -0.016324 0.291319 -0.203828
v -0.002371 0.277083 -0.197226
v -0.003439 0.298046 -0.203487
v -0.035162 0.268000 -0.201951
v -0.035310 0.293867 -0.209710
v 0.014741 -0.088822 -0.090437
v -0.014142 -0.157449 -0.075758
v -0.034973 -0.157116 -0.081229
v -0.033180 -0.183873 -0.072535
v -0.017110 -0.197464 -0.065145
v -0.031730 -0.203693 -0.065842
v -0.031197 -0.224731 -0.058806
v 0.004443 -0.168237 -0.070047
v 0.000068 -0.215309 -0.057746
v 0.013818 -0.159733 -0.070680
v 0.012054 -0.222098 -0.053814
v -0.002172 -0.259830 -0.044891
v 0.012289 -0.256816 -0.043424
v 0.012499 -0.291072 -0.031756
v -0.015787 -0.300753 -0.033132
v -0.019242 0.326486 -0.216671
v 0.012384 -0.032825 -0.106943
v -0.030630 -0.242970 -0.052923
v 0.021494 0.296559 -0.200042
v 0.000484 0.346819 -0.220366
v -0.019351 0.380142 -0.234648
v 0.027641 0.407421 -0.235946
v 0.026395 0.341970 -0.214418
v 0.043426 0.371151 -0.221481
v 0.042723 0.350176 -0.215171
v -0.000705 0.409531 -0.240364
v -0.015845 0.415630 -0.245103
v -0.001451 0.439866 -0.249387
v 0.020136 0.442321 -0.247352
v -0.022580 -0.276602 -0.041772
v -0.028911 -0.280799 -0.041515
v -0.023617 -0.307499 -0.033054
v 0.032188 -0.253063 -0.042488
v 0.033623 -0.211252 -0.054647
v 0.013291 0.008488 -0.118765
v 0.035842 -0.173490 -0.064716
v 0.036937 -0.129204 -0.076794
v 0.038235 -0.097109 -0.086040
v 0.038942 -0.065373 -0.095537
v 0.030415 -0.296047 -0.028186
v 0.044621 0.409703 -0.235232
v 0.017132 0.045748 -0.130148
v 0.009611 0.099230 -0.146124
v 0.040823 0.144941 -0.157968
v 0.040480 0.177528 -0.166909
v 0.037656 0.295744 -0.198788
v 0.038549 -0.030972 -0.106194
v 0.039921 0.032046 -0.125289
v 0.039509 -0.003404 -0.114647
v 0.039888 0.118348 -0.150653
v 0.039234 0.073844 -0.137937
v 0.016110 0.457744 -0.254090
v -0.007196 -0.314645 -0.026003
v -0.033452 0.347573 -0.227262
v -0.020587 -0.324235 -0.025605
v 0.032501 0.220902 -0.179890
v 0.035121 0.249127 -0.187696
v -0.000735 0.454964 -0.255594
v 0.014752 -0.313924 -0.021638
v 0.034293 0.451110 -0.250273
v 0.029093 -0.313043 -0.021252
v -0.037982 0.319939 -0.220069
v 0.044549 0.204648 -0.175165
v -0.014408 0.439994 -0.253452
v -0.032341 0.369236 -0.234834
v -0.030340 0.390334 -0.242276
v 0.043260 0.225402 -0.181979
v 0.006976 -0.327115 -0.015980
v 0.023700 -0.328112 -0.013518
v 0.044646 0.252497 -0.189181
v 0.033349 0.469628 -0.260010
v 0.045834 0.448075 -0.250164
v 0.017091 0.470435 -0.261001
v -0.002281 0.470744 -0.265427
v 0.021779 -0.348831 -0.001068
v -0.005063 -0.348400 -0.005681
v -0.015043 0.455221 -0.261468
v 0.042804 0.327775 -0.208749
v -0.017311 -0.345457 -0.011504
v -0.029542 0.414636 -0.251431
v -0.038798 0.351895 -0.231672
v 0.045529 0.301019 -0.201790
v 0.019680 0.483017 -0.269972
v 0.032334 0.484554 -0.270895
v 0.019334 -0.359656 0.006764
v 0.047182 0.471045 -0.263210
v -0.001152 -0.362693 0.006038
v -0.016373 -0.366330 0.006469
v -0.015453 -0.354116 -0.004332
v 0.033686 -0.360895 0.005457
v 0.002230 0.484435 -0.276064
v 0.055740 0.034084 -0.130882
v 0.054314 0.172430 -0.169863
v 0.055936 0.127118 -0.157948
v 0.048207 0.097422 -0.147430
v 0.057082 0.068959 -0.142510
v 0.055554 0.007307 -0.123163
v 0.051045 -0.037540 -0.108629
v 0.050287 -0.327999 -0.023620
v -0.030508 -0.361446 -0.008150
v -0.030683 -0.372909 0.002708
v 0.058130 0.096965 -0.151162
v 0.035757 -0.347198 -0.006940
v -0.023196 0.450292 -0.264515
v 0.054308 0.203433 -0.178835
v -0.031244 -0.348973 -0.019053
v 0.053301 0.229882 -0.188118
v 0.054079 0.353679 -0.220919
v 0.054766 0.329352 -0.214373
v 0.053271 0.302150 -0.205151
v 0.055010 0.275277 -0.199369
v 0.054020 0.426315 -0.245478
v 0.054810 0.377135 -0.228396
v 0.054124 0.398567 -0.235519
v 0.048713 -0.112086 -0.086490
v 0.056893 -0.072152 -0.101602
v 0.055728 -0.044476 -0.108720
v 0.053945 -0.307807 -0.034568
v 0.059639 0.445782 -0.255492
v 0.046858 0.487371 -0.277012
v 0.055135 -0.287532 -0.042456
v 0.061292 0.459764 -0.263310
v 0.055953 -0.020369 -0.116003
v 0.049160 -0.347740 -0.012741
v 0.048603 -0.208071 -0.062570
v 0.056471 -0.259861 -0.052187
v 0.056746 -0.236492 -0.058663
v 0.048351 -0.359124 -0.004704
v 0.060464 -0.164918 -0.079628
v 0.060150 -0.115233 -0.091675
v 0.019402 0.491232 -0.279193
v 0.063355 0.201588 -0.183461
v 0.060852 0.168730 -0.172842
v 0.061585 -0.208216 -0.070051
v 0.062624 0.215951 -0.188568
v 0.031524 0.493341 -0.281196
v -0.040449 0.378500 -0.245485
v -0.017359 0.471350 -0.276602
v -0.031726 -0.316732 -0.037626
v -0.030131 -0.327169 -0.032342
v 0.062607 0.476265 -0.276905
v -0.047886 0.276879 -0.215646
v -0.040812 0.241908 -0.199987
v -0.042745 0.341628 -0.231726
v 0.046193 -0.366062 0.003635
v 0.065017 0.145638 -0.169576
v 0.064354 0.230986 -0.196965
v -0.033142 0.428468 -0.262536
v -0.047952 0.217348 -0.200326
v -0.048760 0.180623 -0.191503
v -0.046191 -0.189251 -0.083835
v -0.044895 -0.224775 -0.072386
v -0.038777 -0.287469 -0.049735
v -0.048266 0.296738 -0.223049
v -0.048530 0.250060 -0.210237
v -0.048896 0.142330 -0.183179
v -0.036369 -0.336368 -0.035822
v -0.047086 -0.279790 -0.060444
v -0.047864 -0.134598 -0.100955
v -0.047876 -0.159776 -0.094584
v -0.045857 -0.255730 -0.066429
v -0.015251 -0.367977 0.009698
v 0.063588 0.412594 -0.248748
v -0.049086 -0.109022 -0.109827
v -0.048764 -0.079903 -0.116706
v 0.062281 0.250864 -0.199983
v -0.029803 0.454652 -0.276927
v -0.027189 -0.376557 0.011809
v 0.066890 0.112773 -0.163593
v 0.067092 0.443584 -0.261218
v 0.044438 0.496668 -0.291528
v 0.066355 0.175077 -0.179732
v 0.057003 -0.375998 0.002572
v 0.054828 0.491145 -0.290271
v 0.062280 0.486215 -0.291733
v -0.051637 -0.165489 0.114294
v -0.049051 -0.201952 0.102811
v -0.049563 -0.204991 0.118852
v -0.048945 -0.236810 0.108780
v -0.047774 -0.250756 0.091262
v -0.048339 -0.263956 0.103052
v -0.047806 -0.293351 0.094750
v -0.046856 -0.304042 0.076929
v -0.046739 -0.328829 0.085045
v -0.045482 -0.332112 0.063341
v -0.045480 -0.364490 0.071304
v -0.044672 -0.352705 0.053651
v -0.044365 -0.369568 0.047265
v -0.043954 -0.394174 0.043229
v -0.043182 -0.393411 0.060635
v -0.040616 -0.417625 0.039193
v -0.038915 -0.418538 0.023148
v -0.036017 -0.406779 0.010591
v -0.033130 -0.425557 -0.003696
v -0.035910 -0.395361 -0.002357
v -0.034007 -0.436798 0.007546
v -0.030732 -0.442723 -0.006032
v -0.040045 -0.383004 0.031936
v -0.047483 -0.220183 0.095878
v -0.033084 -0.429020 -0.022400
v -0.034421 -0.389690 0.014283
v -0.034929 -0.391306 0.002675
v -0.033113 -0.446297 0.025656
v -0.030289 -0.451471 0.008402
v -0.032518 -0.375634 -0.001130
v -0.037320 -0.409138 -0.022620
v -0.034023 -0.419478 -0.035700
v -0.038226 -0.399143 -0.042295
v -0.039976 -0.388870 -0.036742
v -0.039151 -0.383136 -0.052599
v -0.041645 -0.355628 -0.055948
v -0.042388 -0.360049 -0.036630
v -0.043121 -0.341434 -0.046055
v -0.042910 -0.332332 -0.067793
v -0.043755 -0.321195 -0.051092
v -0.040262 -0.382967 -0.021819
v -0.045305 -0.304526 -0.056542
v -0.047086 -0.279790 -0.060444
v -0.046644 -0.272198 -0.081196
v -0.048540 -0.251484 -0.074808
v -0.050878 -0.215476 -0.092850
v -0.038954 -0.360307 -0.066914
v -0.039008 -0.416744 0.052883
v -0.047258 -0.244547 -0.093476
v -0.045958 -0.223092 -0.112824
v -0.043510 -0.256071 -0.104239
v -0.052290 -0.179176 -0.104713
v -0.041189 -0.290364 -0.094395
v -0.049893 -0.184912 0.119958
v -0.052098 -0.148767 0.120527
v -0.048208 -0.176142 0.131086
v -0.053152 -0.117798 0.130342
v -0.046246 -0.198592 -0.121454
v -0.051448 -0.135638 -0.127781
v -0.047433 -0.172373 -0.128457
v -0.053008 -0.147716 -0.114388
v -0.053733 -0.122609 -0.120958
v -0.054053 -0.075572 -0.135530
v -0.048399 -0.133868 -0.139855
v -0.051433 -0.074529 -0.148410
v -0.053665 -0.016603 -0.154270
v -0.053576 0.014467 -0.165148
v -0.049020 -0.013582 -0.178145
v -0.049677 0.034106 -0.191559
v -0.053134 0.047419 -0.175604
v -0.052961 0.088590 -0.188501
v -0.051051 0.084749 -0.200519
v -0.053138 0.124159 -0.199501
v -0.050963 0.139249 -0.218010
v -0.052920 0.161524 -0.209935
v -0.051596 0.199127 -0.235072
v -0.053758 0.279594 -0.244919
v -0.053250 0.208784 -0.223440
v -0.052121 0.270034 -0.255447
v -0.051399 0.322012 -0.268179
v -0.052398 0.330241 -0.257371
v -0.050741 0.362521 -0.268944
v -0.048815 0.349754 -0.282636
v -0.049513 0.066613 -0.203013
v -0.051557 0.193659 -0.209504
v -0.051362 0.282228 -0.230299
v -0.049691 0.299242 -0.272604
v -0.046619 0.390474 -0.283498
v -0.050325 0.065010 -0.161950
v -0.050339 0.037442 -0.152994
v -0.050769 0.009370 -0.144608
v -0.050359 0.317619 -0.237064
v -0.048760 0.092489 -0.213180
v -0.048754 0.124784 -0.223883
v -0.048922 0.159520 -0.233832
v -0.049459 0.207838 -0.247665
v -0.050172 0.250548 -0.259366
v -0.049977 0.109654 -0.175957
v -0.043143 0.409518 -0.272062
v -0.042379 0.421846 -0.290364
v -0.048535 0.365944 -0.255024
v -0.048047 0.352790 -0.244711
v -0.049395 0.092052 -0.169061
v -0.050248 -0.018532 -0.135401
v -0.050921 -0.049471 -0.128004
v -0.048896 0.142330 -0.183179
v -0.048760 0.180623 -0.191503
v -0.040385 0.409833 -0.304175
v -0.039263 0.437108 -0.298679
v -0.044001 0.378274 -0.295124
v -0.049054 -0.046902 -0.166848
v -0.048851 -0.076502 -0.157884
v -0.048514 -0.104506 -0.148847
v -0.047952 0.217348 -0.200326
v -0.048530 0.250060 -0.210237
v -0.032083 -0.383414 0.014155
v -0.043965 -0.296876 -0.082342
v -0.043080 -0.316285 -0.074091
v -0.048643 -0.121067 0.115372
v -0.048363 -0.144534 0.140603
v -0.049885 -0.106520 0.148852
v -0.055144 -0.067138 0.140645
v -0.034621 0.453486 -0.289279
v -0.047886 0.276879 -0.215646
v -0.048266 0.296738 -0.223049
v -0.050394 -0.061538 0.160054
v -0.050774 -0.030872 0.166542
v -0.055894 -0.018591 0.150740
v -0.051969 -0.005463 0.138075
v -0.056870 0.027096 0.161853
v -0.052683 0.052171 0.150800
v -0.054726 0.073052 0.168711
v -0.056655 0.064299 0.176384
v -0.051284 0.008736 0.178232
v -0.055216 0.092160 0.185104
v -0.053798 0.128582 0.197926
v -0.051942 0.100165 0.201833
v -0.052026 0.145481 0.214781
v -0.053795 0.159234 0.210965
v -0.052012 0.180528 0.230633
v -0.053482 0.204110 0.217700
v -0.053298 0.212919 0.236257
v -0.055073 0.243046 0.231961
v -0.054033 0.240402 0.242319
v -0.056219 0.263975 0.240249
v -0.051595 0.145018 0.191766
v -0.049585 0.130492 0.174672
v -0.051148 0.087449 0.160764
v -0.049142 0.166056 0.186903
v -0.048819 0.151070 0.181394
v -0.051744 0.240359 0.253546
v -0.054131 0.260281 0.257240
v -0.056624 0.287533 0.265356
v -0.057842 0.293170 0.246103
v -0.059591 0.321083 0.257025
v -0.057509 0.307243 0.272124
v -0.058731 0.331579 0.280218
v -0.061299 0.368274 0.273608
v -0.058637 0.342119 0.285362
v -0.061006 0.395965 0.287286
v -0.060281 0.412534 0.290153
v -0.057042 0.425055 0.307005
v -0.057292 0.438891 0.297070
v -0.057810 0.371214 0.297633
v -0.056849 0.407955 0.269827
v -0.057292 0.361171 0.254116
v -0.055641 0.370578 0.250960
v -0.052484 0.256620 0.224439
v -0.056705 0.402594 0.306864
v -0.051009 0.037952 0.188163
v -0.049821 0.071134 0.201366
v -0.049227 0.104433 0.212121
v -0.048861 0.131488 0.220933
v -0.048126 0.208025 0.197380
v -0.048475 0.239950 0.206726
v -0.049261 0.271815 0.215795
v -0.050371 0.296838 0.222982
v -0.053045 0.324239 0.233768
v -0.034810 0.453951 -0.300349
v -0.049445 0.153260 0.227345
v -0.039129 -0.317966 -0.087208
v -0.038579 -0.340764 -0.077006
v -0.049468 -0.099095 0.121244
v -0.050357 -0.043043 0.129287
v -0.048764 -0.079903 -0.116706
v -0.049086 -0.109022 -0.109827
v -0.032396 -0.444369 0.038604
v -0.034186 0.444931 -0.312899
v -0.036498 0.438445 -0.276369
v -0.047876 -0.159776 -0.094584
v -0.047864 -0.134598 -0.100955
v -0.051506 0.442472 0.277313
v -0.051019 0.442061 0.318507
v -0.026749 -0.448313 -0.018674
v -0.053155 0.349710 0.240910
v -0.046191 -0.189251 -0.083835
v -0.044895 -0.224775 -0.072386
v -0.051584 0.033438 0.144309
v -0.050086 0.222451 0.250378
v -0.050984 0.198220 0.237927
v -0.052348 0.426478 0.319829
v -0.036229 -0.363720 -0.020946
v -0.030091 0.457129 -0.315238
v -0.052053 0.455486 0.300136
v -0.045857 -0.255730 -0.066429
v -0.050339 0.454178 0.288383
v -0.041802 0.400594 -0.260622
v -0.034189 0.422974 -0.316355
v -0.033815 -0.406683 -0.048485
v -0.025082 -0.460490 0.000473
v -0.031396 -0.438858 0.050841
v -0.026182 -0.461342 0.024322
v -0.026062 -0.461608 0.012828
v -0.026856 -0.436442 -0.034072
v -0.046208 0.455390 0.319647
v -0.039173 -0.398811 0.066801
v -0.034538 -0.387745 -0.058944
v -0.040134 0.376060 -0.302291
v -0.025705 -0.458334 0.036754
v -0.036002 -0.359702 0.035566
v -0.049676 0.434079 0.268593
v -0.050854 0.395993 0.253233
v -0.042745 0.341628 -0.231726
v -0.030508 -0.361446 -0.008150
v -0.030683 -0.372909 0.002708
v -0.027189 -0.376557 0.011809
v -0.031244 -0.348973 -0.019053
v -0.027496 0.468279 -0.302397
v -0.051180 0.409607 0.318786
v -0.046365 -0.083336 0.118712
v -0.033457 -0.420849 0.062510
v -0.027295 0.441982 -0.325641
v -0.047302 -0.056401 0.122410
v -0.034499 0.386576 -0.311575
v -0.036369 -0.336368 -0.035822
v -0.045594 -0.164158 0.104067
v -0.044439 -0.133403 0.108296
v -0.029803 0.454652 -0.276927
v -0.042675 -0.238234 0.119816
v -0.039303 0.336398 -0.295662
v -0.044945 0.458298 0.279194
v -0.053775 0.391518 0.308430
v -0.020399 0.474627 -0.315813
v -0.039729 -0.258742 0.077251
v -0.036178 -0.295225 0.062709
v -0.033142 0.428468 -0.262536
v -0.039397 -0.346923 0.089982
v -0.036546 -0.366493 0.086035
v -0.042520 -0.190301 0.095269
v -0.043842 0.468896 0.298414
v -0.023629 0.471832 -0.288858
v -0.034225 -0.323821 0.049637
v -0.041324 -0.295283 0.104669
v -0.041902 -0.276952 0.109231
v -0.045047 0.186720 -0.248034
v -0.044189 0.240832 -0.265269
v -0.040449 0.378500 -0.245485
v -0.033690 -0.343137 0.040117
v -0.026733 -0.423008 -0.046583
v -0.046708 -0.029773 0.126294
v -0.035387 -0.362936 -0.071190
v -0.018586 -0.467378 -0.006068
v -0.040080 0.472659 0.305886
v -0.029908 -0.363852 0.023832
v -0.019534 0.462695 -0.329106
v -0.041872 0.293060 -0.282158
v -0.043291 0.143322 -0.236785
v -0.043071 -0.197369 0.130811
v -0.031694 -0.249031 0.068411
v -0.032185 -0.198764 0.079312
v -0.031936 -0.213106 0.076188
v -0.046689 0.192644 0.242128
v -0.041677 0.051381 -0.208754
v -0.041804 0.010323 -0.195025
v -0.056075 0.354699 0.294023
v -0.033728 -0.396712 0.076210
v -0.017491 -0.472964 0.012149
v -0.016873 -0.473145 0.022998
v -0.019917 -0.458196 0.050239
v -0.032465 -0.175832 0.085317
v -0.017715 -0.453273 -0.031183
v -0.027800 0.410611 -0.322946
v -0.042401 0.090690 -0.220954
v -0.018837 -0.467305 0.037154
v -0.044611 0.002117 0.130227
v -0.035484 0.353357 -0.303419
v -0.016112 -0.463479 -0.018580
v -0.034925 -0.147426 0.094239
v -0.041137 0.441706 0.331868
v -0.047244 0.402735 0.321576
v -0.030131 -0.327169 -0.032342
v -0.035978 0.180362 0.174930
v -0.036195 0.477373 0.294284
v -0.035581 0.469727 0.276813
v -0.014517 0.469663 -0.330722
v -0.056450 0.330168 0.282601
v -0.046860 0.389574 0.246613
v -0.027553 -0.428011 0.065690
v -0.020044 -0.441968 0.064465
v -0.038683 -0.048333 -0.178466
v -0.037057 0.068155 -0.145989
v -0.037866 0.016988 -0.130841
v -0.035865 0.101516 -0.155853
v -0.036444 0.125469 -0.163414
v -0.035167 0.152412 -0.170857
v -0.038128 -0.049983 -0.111946
v -0.037625 -0.026443 -0.118225
v -0.045940 0.382320 0.314440
v -0.036164 0.153339 0.167287
v -0.035773 -0.126698 0.099892
v -0.041433 0.425145 0.332611
v -0.031726 -0.316732 -0.037626
v -0.038777 -0.287469 -0.049735
v -0.040512 -0.089904 0.111705
v -0.027776 -0.399935 -0.060142
v -0.019740 0.425115 -0.332619
v -0.044990 0.028573 0.192047
v -0.039563 -0.024773 0.181606
v -0.036368 -0.039505 0.180853
v -0.038743 0.452873 0.267150
v -0.046102 0.435600 0.264927
v -0.043132 0.422806 0.256813
v -0.036799 0.316145 0.213417
v -0.034652 0.204594 0.181146
v -0.034112 0.236005 0.189762
v -0.033636 0.260537 0.196823
v -0.033947 0.286570 0.203839
v -0.023196 0.450292 -0.264515
v -0.036211 0.456506 0.331425
v -0.018216 0.443480 -0.334970
v -0.041997 -0.113364 -0.152726
v -0.018957 -0.435510 -0.045403
v -0.011597 0.457281 -0.338111
v 0.017079 -0.480468 0.000721
v 0.032808 -0.480955 0.012395
v 0.020948 -0.483232 0.023600
v 0.032772 -0.477903 -0.002507
v 0.046950 -0.478443 0.013540
v 0.048539 -0.474139 -0.004088
v 0.047439 -0.479059 0.025783
v 0.063177 -0.471994 0.013061
v 0.063791 -0.472309 0.025307
v 0.032263 -0.472314 -0.016542
v 0.064009 -0.467416 -0.001583
v 0.016190 -0.473311 -0.017494
v 0.047263 -0.466080 -0.020323
v 0.061822 -0.461610 -0.015478
v 0.033183 -0.460653 -0.033157
v 0.047059 -0.457520 -0.031884
v 0.015948 -0.461319 -0.034139
v -0.001446 -0.477803 -0.001268
v -0.000715 -0.471635 -0.017166
v -0.001484 -0.480516 0.020078
v -0.002202 -0.460065 -0.032765
v 0.030879 -0.480004 0.036785
v -0.011360 -0.473487 -0.002251
v 0.047223 -0.476729 0.038394
v 0.018403 -0.480621 0.037549
v -0.000149 -0.477981 0.036943
v -0.017491 -0.472964 0.012149
v -0.016112 -0.463479 -0.018580
v 0.065226 -0.468607 0.038181
v -0.016873 -0.473145 0.022998
v 0.029435 -0.474390 0.052385
v 0.017347 -0.474640 0.052374
v -0.011173 -0.472799 0.037753
v -0.018586 -0.467378 -0.006068
v 0.002003 -0.472959 0.049925
v 0.047889 -0.470613 0.051909
v -0.017715 -0.453273 -0.031183
v 0.074642 -0.462599 0.024084
v 0.075149 -0.460880 0.013726
v 0.061613 -0.447526 -0.030914
v 0.072270 -0.458952 -0.000946
v 0.064862 -0.459362 0.053596
v -0.018837 -0.467305 0.037154
v -0.009908 -0.465955 0.051228
v 0.016540 0.497123 0.306201
v -0.001239 0.491446 0.317462
v 0.016897 0.493649 0.318610
v 0.002486 0.495382 0.306043
v -0.011829 0.491248 0.306214
v -0.015962 0.485423 0.319041
v -0.000256 0.495466 0.294778
v -0.024835 0.485026 0.306712
v -0.019436 0.489048 0.294081
v 0.016364 0.497196 0.294640
v 0.001766 0.484555 0.331768
v 0.015914 0.485471 0.333225
v -0.028002 0.477889 0.318360
v -0.011313 0.477492 0.333448
v 0.029904 0.495735 0.306527
v 0.029581 0.492490 0.318275
v 0.030530 0.484104 0.332814
v -0.024689 0.470015 0.332184
v 0.002533 0.471652 0.344592
v 0.013128 0.472125 0.346122
v -0.010134 0.469039 0.341731
v -0.037339 0.469899 0.317846
v -0.040080 0.472659 0.305886
v -0.036195 0.477373 0.294284
v -0.036211 0.456506 0.331425
v 0.029891 0.471150 0.344893
v -0.022621 0.455580 0.342312
v -0.046208 0.455390 0.319647
v -0.006546 0.455043 0.349642
v 0.007419 0.455668 0.352688
v 0.046263 0.485970 0.318734
v -0.043842 0.468896 0.298414
v 0.030347 0.495757 0.295031
v 0.044117 0.490616 0.307455
v -0.002125 0.491275 0.280342
v 0.047579 0.471702 0.334874
v 0.040959 0.492320 0.294691
v 0.015691 0.493311 0.281196
v -0.021548 0.482679 0.278984
v 0.031365 0.491321 0.281011
v 0.054184 0.484140 0.305601
v 0.053513 0.485023 0.293270
v -0.035581 0.469727 0.276813
v 0.043674 0.485283 0.278478
v 0.030607 0.495043 -0.329671
v 0.018527 0.498521 -0.315417
v 0.030723 0.499904 -0.314057
v 0.018993 0.493854 -0.329167
v 0.007799 0.490548 -0.328824
v 0.008435 0.495897 -0.314355
v -0.004524 0.489115 -0.317240
v 0.013533 0.498561 -0.303238
v -0.003535 0.491343 -0.303028
v 0.030393 0.500387 -0.302474
v 0.043710 0.498050 -0.315081
v 0.019268 0.497543 -0.291380
v 0.043895 0.498871 -0.302643
v 0.030832 0.498621 -0.291633
v 0.006212 0.493485 -0.290164
v -0.009272 0.485548 -0.289971
v 0.044438 0.496668 -0.291528
v 0.044531 0.493211 -0.327995
v -0.018296 0.480039 -0.302974
v -0.013237 0.482379 -0.316312
v 0.019402 0.491232 -0.279193
v 0.031524 0.493341 -0.281196
v 0.002230 0.484435 -0.276064
v -0.023629 0.471832 -0.288858
v -0.017359 0.471350 -0.276602
v -0.020399 0.474627 -0.315813
v -0.027496 0.468279 -0.302397
v -0.004914 0.479900 -0.331823
v 0.018169 0.486844 -0.337998
v -0.029803 0.454652 -0.276927
v -0.014517 0.469663 -0.330722
v 0.008241 0.483025 -0.337365
v 0.029600 0.487225 -0.339388
v 0.055240 0.493883 -0.303019
v 0.054238 0.493123 -0.316515
v 0.054828 0.491145 -0.290271
v 0.043105 0.484949 -0.338903
v 0.013523 0.475724 -0.345132
v -0.003251 0.470959 -0.339034
v 0.029286 0.479732 -0.345104
v 0.054549 0.484511 -0.331829
v 0.062280 0.486215 -0.291733
vt 0.178450 0.654647
vt 0.191718 0.622674
vt 0.178354 0.629834
vt 0.227771 0.640279
vt 0.229047 0.669683
vt 0.178976 0.683861
vt 0.209450 0.721010
vt 0.230512 0.705754
vt 0.179357 0.714697
vt 0.179925 0.742388
vt 0.204355 0.783437
vt 0.226485 0.590175
vt 0.196989 0.590172
vt 0.179169 0.610891
vt 0.181383 0.777627
vt 0.231442 0.728978
vt 0.230562 0.770599
vt 0.230146 0.804618
vt 0.214242 0.837782
vt 0.186256 0.808934
vt 0.187906 0.837435
vt 0.193375 0.876428
vt 0.208897 0.875374
vt 0.183852 0.873001
vt 0.222145 0.918172
vt 0.230548 0.836399
vt 0.221861 0.881096
vt 0.194199 0.927678
vt 0.218963 0.953842
vt 0.197994 0.946526
vt 0.181342 0.919786
vt 0.181480 0.898203
vt 0.203109 0.554219
vt 0.226853 0.492582
vt 0.226427 0.465211
vt 0.212395 0.488065
vt 0.211527 0.525896
vt 0.226811 0.528909
vt 0.191854 0.503666
vt 0.190091 0.539741
vt 0.186945 0.556684
vt 0.182804 0.583046
vt 0.193369 0.471989
vt 0.192934 0.433116
vt 0.211112 0.436619
vt 0.209738 0.414023
vt 0.192000 0.387928
vt 0.224533 0.378082
vt 0.227322 0.423131
vt 0.190099 0.357854
vt 0.209849 0.361309
vt 0.224371 0.352984
vt 0.182061 0.954155
vt 0.208410 0.966750
vt 0.189256 0.342482
vt 0.207788 0.348765
vt 0.237120 0.912500
vt 0.237464 0.928720
vt 0.235983 0.949986
vt 0.236411 0.889680
vt 0.236358 0.870851
vt 0.234927 0.852999
vt 0.234659 0.963919
vt 0.223055 0.977381
vt 0.194558 0.975167
vt 0.241818 0.597217
vt 0.242707 0.626586
vt 0.209894 0.980158
vt 0.224070 0.329499
vt 0.167903 0.830922
vt 0.242518 0.576417
vt 0.241920 0.552362
vt 0.183005 0.972464
vt 0.167845 0.810367
vt 0.243350 0.647570
vt 0.242327 0.676079
vt 0.165776 0.854616
vt 0.165349 0.881228
vt 0.202372 0.331458
vt 0.188718 0.323112
vt 0.211903 0.332502
vt 0.245023 0.521833
vt 0.238021 0.824570
vt 0.167199 0.790899
vt 0.162998 0.668108
vt 0.242559 0.715014
vt 0.166405 0.766041
vt 0.165057 0.746956
vt 0.164730 0.725524
vt 0.163860 0.696924
vt 0.235769 0.474025
vt 0.238832 0.771916
vt 0.182714 0.449239
vt 0.160301 0.644674
vt 0.209651 0.319197
vt 0.162192 0.896656
vt 0.193664 0.987897
vt 0.174924 0.549767
vt 0.174383 0.517203
vt 0.177723 0.491604
vt 0.172667 0.589050
vt 0.174014 0.353942
vt 0.181118 0.423077
vt 0.184022 0.389310
vt 0.160202 0.626913
vt 0.174550 0.374258
vt 0.174390 0.342910
vt 0.208873 0.990326
vt 0.183434 0.982665
vt 0.186900 0.312199
vt 0.220732 0.989510
vt 0.233710 0.980234
vt 0.238671 0.432215
vt 0.247992 0.372556
vt 0.165814 0.922844
vt 0.173764 0.325501
vt 0.249588 0.762243
vt 0.250570 0.781706
vt 0.250536 0.807292
vt 0.225555 0.316610
vt 0.173396 0.395328
vt 0.249226 0.437257
vt 0.248191 0.467954
vt 0.247419 0.496062
vt 0.248630 0.700945
vt 0.250102 0.733260
vt 0.248229 0.395352
vt 0.250294 0.828234
vt 0.248669 0.357376
vt 0.240603 0.346767
vt 0.249271 0.417225
vt 0.250680 0.340243
vt 0.251190 0.846772
vt 0.233084 0.332062
vt 0.163929 0.466766
vt 0.164070 0.448768
vt 0.164017 0.437646
vt 0.155777 0.606777
vt 0.161731 0.489359
vt 0.161048 0.505690
vt 0.159776 0.942110
vt 0.163739 0.966206
vt 0.152704 0.582354
vt 0.156236 0.915685
vt 0.156802 0.535066
vt 0.249663 0.668738
vt 0.246772 0.329804
vt 0.233703 0.321426
vt 0.178758 0.309597
vt 0.250414 0.871767
vt 0.249454 0.898043
vt 0.163591 0.409820
vt 0.205908 0.313690
vt 0.216552 0.311929
vt 0.193634 0.997603
vt 0.157233 0.375314
vt 0.165606 0.981194
vt 0.160664 0.336314
vt 0.225636 0.307416
vt 0.190331 0.311193
vt 0.248021 0.602286
vt 0.246149 0.543383
vt 0.249008 0.564975
vt 0.165151 0.317380
vt 0.159886 0.352026
vt 0.156724 0.953477
vt 0.208337 0.999622
vt 0.177492 0.991036
vt 0.168518 0.304934
vt 0.231631 0.993238
vt 0.151164 0.561868
vt 0.221394 0.998350
vt 0.244805 0.318209
vt 0.248153 0.630803
vt 0.251190 0.323139
vt 0.246732 0.911625
vt 0.242859 0.956663
vt 0.148510 0.632723
vt 0.240644 0.308525
vt 0.240581 0.978040
vt 0.247152 0.962276
vt 0.148581 0.675969
vt 0.151779 0.922066
vt 0.147222 0.647927
vt 0.149252 0.710532
vt 0.147919 0.885620
vt 0.240821 0.990377
vt 0.234212 0.300681
vt 0.895773 0.406484
vt 0.915683 0.444947
vt 0.934483 0.418734
vt 0.920000 0.504066
vt 0.895403 0.505903
vt 0.895886 0.450886
vt 0.934430 0.396976
vt 0.895040 0.392772
vt 0.934980 0.443043
vt 0.935150 0.496135
vt 0.934920 0.465824
vt 0.919903 0.536068
vt 0.936500 0.515013
vt 0.895620 0.536991
vt 0.933041 0.346869
vt 0.899432 0.325683
vt 0.932864 0.312579
vt 0.901178 0.307808
vt 0.896521 0.358867
vt 0.933937 0.372492
vt 0.919744 0.567352
vt 0.894757 0.583885
vt 0.931667 0.571590
vt 0.939404 0.537815
vt 0.919391 0.598060
vt 0.899111 0.625003
vt 0.917684 0.632839
vt 0.901022 0.672573
vt 0.914971 0.673881
vt 0.904641 0.277927
vt 0.933452 0.280079
vt 0.921061 0.241838
vt 0.905865 0.252235
vt 0.908468 0.226190
vt 0.921404 0.184655
vt 0.910270 0.180673
vt 0.936215 0.243926
vt 0.937568 0.216427
vt 0.936586 0.177838
vt 0.932059 0.626604
vt 0.929144 0.666081
vt 0.909961 0.136868
vt 0.928987 0.681414
vt 0.935794 0.133926
vt 0.910541 0.098080
vt 0.933421 0.105461
vt 0.941333 0.560138
vt 0.944315 0.576659
vt 0.931706 0.083495
vt 0.910315 0.075466
vt 0.915084 0.692131
vt 0.902521 0.707035
vt 0.893778 0.138890
vt 0.892884 0.272437
vt 0.884021 0.247828
vt 0.884824 0.223518
vt 0.885761 0.166514
vt 0.885675 0.143466
vt 0.914218 0.714662
vt 0.928371 0.713088
vt 0.914329 0.733882
vt 0.928104 0.727879
vt 0.927602 0.744981
vt 0.914746 0.748882
vt 0.925411 0.761725
vt 0.889438 0.104457
vt 0.898778 0.198467
vt 0.885169 0.195932
vt 0.901768 0.729419
vt 0.913731 0.762202
vt 0.892996 0.076367
vt 0.887352 0.351851
vt 0.886953 0.631492
vt 0.891630 0.670724
vt 0.887962 0.685764
vt 0.886205 0.503650
vt 0.877467 0.457074
vt 0.876812 0.435914
vt 0.939823 0.169641
vt 0.884481 0.578393
vt 0.876745 0.545341
vt 0.881754 0.301470
vt 0.882469 0.272274
vt 0.880136 0.339668
vt 0.930778 0.071268
vt 0.901861 0.747513
vt 0.876960 0.412066
vt 0.878984 0.375328
vt 0.876539 0.393670
vt 0.876536 0.521515
vt 0.883245 0.668266
vt 0.895916 0.051250
vt 0.911269 0.052189
vt 0.927364 0.051084
vt 0.876682 0.598800
vt 0.875821 0.492568
vt 0.876345 0.470483
vt 0.940233 0.737858
vt 0.924298 0.770712
vt 0.937986 0.760896
vt 0.875941 0.625504
vt 0.875312 0.571125
vt 0.941940 0.665699
vt 0.949495 0.627092
vt 0.940464 0.749283
vt 0.948378 0.606687
vt 0.941727 0.726212
vt 0.943839 0.711631
vt 0.913868 0.771554
vt 0.948762 0.311803
vt 0.949679 0.379240
vt 0.949145 0.404885
vt 0.949038 0.344623
vt 0.948502 0.283649
vt 0.947692 0.258879
vt 0.945917 0.684162
vt 0.934143 0.771207
vt 0.883692 0.689016
vt 0.937942 0.051445
vt 0.949674 0.444439
vt 0.950374 0.417780
vt 0.949708 0.651142
vt 0.951380 0.670080
vt 0.948539 0.239809
vt 0.948868 0.216569
vt 0.948617 0.200225
vt 0.951225 0.467028
vt 0.951893 0.485487
vt 0.950901 0.506902
vt 0.949257 0.125653
vt 0.948935 0.110853
vt 0.948603 0.097022
vt 0.949745 0.141471
vt 0.951364 0.736462
vt 0.912830 0.033004
vt 0.926942 0.032905
vt 0.897729 0.761161
vt 0.946819 0.081419
vt 0.947655 0.588610
vt 0.953443 0.718077
vt 0.938550 0.034335
vt 0.897951 0.033343
vt 0.883751 0.074399
vt 0.884203 0.054698
vt 0.948498 0.184605
vt 0.954113 0.683967
vt 0.952630 0.748371
vt 0.885425 0.718080
vt 0.887939 0.736501
vt 0.885925 0.747211
vt 0.959541 0.710150
vt 0.948430 0.158539
vt 0.947748 0.064049
vt 0.924184 0.779285
vt 0.934008 0.779495
vt 0.950611 0.545726
vt 0.952815 0.524824
vt 0.876657 0.106056
vt 0.876683 0.084505
vt 0.944220 0.771823
vt 0.874050 0.155301
vt 0.900187 0.773026
vt 0.873746 0.345733
vt 0.951534 0.763492
vt 0.915387 0.780233
vt 0.873776 0.188706
vt 0.871707 0.226912
vt 0.872335 0.309247
vt 0.871602 0.266713
vt 0.874711 0.655754
vt 0.873008 0.689795
vt 0.884606 0.036975
vt 0.862555 0.200464
vt 0.864616 0.172983
vt 0.866863 0.150993
vt 0.869790 0.114224
vt 0.869033 0.369929
vt 0.860077 0.226651
vt 0.860151 0.246613
vt 0.951539 0.047532
vt 0.954211 0.562246
vt 0.951590 0.040234
vt 0.959851 0.731546
vt 0.961714 0.655173
vt 0.951469 0.077494
vt 0.961196 0.696400
vt 0.951926 0.224951
vt 0.911670 0.786265
vt 0.886474 0.761117
vt 0.891543 0.771844
vt 0.876596 0.063666
vt 0.924345 0.789723
vt 0.934938 0.787864
vt 0.869366 0.092816
vt 0.878195 0.734787
vt 0.872271 0.715153
vt 0.858624 0.267462
vt 0.866378 0.449770
vt 0.865935 0.416624
vt 0.867416 0.641912
vt 0.869423 0.675974
vt 0.864615 0.316364
vt 0.864783 0.600460
vt 0.944981 0.785140
vt 0.964953 0.706420
vt 0.961862 0.625034
vt 0.960876 0.417890
vt 0.961341 0.434671
vt 0.960322 0.453511
vt 0.964122 0.388872
vt 0.865762 0.481256
vt 0.865099 0.523230
vt 0.863320 0.557362
vt 0.857540 0.298327
vt 0.952275 0.776242
vt 0.962411 0.598118
vt 0.962321 0.578931
vt 0.964064 0.683808
vt 0.964557 0.672861
vt 0.959757 0.485778
vt 0.965117 0.266448
vt 0.965133 0.367516
vt 0.965536 0.347165
vt 0.966089 0.322002
vt 0.965639 0.302465
vt 0.966270 0.288078
vt 0.966270 0.724758
vt 0.963381 0.164893
vt 0.962641 0.145027
vt 0.897621 0.782580
vt 0.936216 0.794834
vt 0.886418 0.781902
vt 0.947070 0.796142
vt 0.812054 0.349091
vt 0.789908 0.356130
vt 0.810094 0.397954
vt 0.789927 0.401668
vt 0.811243 0.445236
vt 0.791201 0.431979
vt 0.790714 0.456933
vt 0.811471 0.480287
vt 0.792214 0.511950
vt 0.812874 0.545944
vt 0.796238 0.561689
vt 0.813824 0.581907
vt 0.796721 0.617590
vt 0.813614 0.631164
vt 0.795953 0.661658
vt 0.814355 0.660986
vt 0.815042 0.690765
vt 0.795167 0.700121
vt 0.789129 0.337818
vt 0.800067 0.304011
vt 0.789076 0.306770
vt 0.800381 0.221075
vt 0.788596 0.273339
vt 0.799086 0.267447
vt 0.811160 0.286623
vt 0.810401 0.254817
vt 0.790577 0.219159
vt 0.791588 0.176581
vt 0.799766 0.182654
vt 0.790981 0.139451
vt 0.803170 0.138129
vt 0.811809 0.214423
vt 0.813337 0.181030
vt 0.814544 0.132347
vt 0.804099 0.117797
vt 0.777154 0.168885
vt 0.780990 0.206607
vt 0.774693 0.130817
vt 0.791512 0.115253
vt 0.797042 0.722583
vt 0.815016 0.716675
vt 0.813739 0.107293
vt 0.796226 0.091267
vt 0.776642 0.100927
vt 0.781232 0.242984
vt 0.817788 0.324004
vt 0.816862 0.259712
vt 0.819187 0.402908
vt 0.818449 0.356504
vt 0.822410 0.525684
vt 0.820795 0.443755
vt 0.824081 0.476813
vt 0.835759 0.555393
vt 0.836090 0.576576
vt 0.836382 0.606355
vt 0.835111 0.639044
vt 0.834513 0.667673
vt 0.834121 0.689083
vt 0.812902 0.077618
vt 0.779414 0.062393
vt 0.798410 0.053100
vt 0.780920 0.044692
vt 0.799888 0.041674
vt 0.799309 0.029849
vt 0.813926 0.030949
vt 0.783212 0.031851
vt 0.813296 0.043724
vt 0.813893 0.727721
vt 0.831847 0.710640
vt 0.840965 0.521030
vt 0.831770 0.426126
vt 0.838812 0.482298
vt 0.838694 0.445319
vt 0.826618 0.209745
vt 0.837391 0.393746
vt 0.832201 0.348286
vt 0.826028 0.187484
vt 0.823860 0.135065
vt 0.833234 0.279409
vt 0.832140 0.244494
vt 0.836137 0.308288
vt 0.838322 0.418677
vt 0.830474 0.731608
vt 0.824425 0.106770
vt 0.838450 0.159029
vt 0.838995 0.134117
vt 0.813284 0.738390
vt 0.839065 0.187906
vt 0.840117 0.205585
vt 0.840573 0.231606
vt 0.825683 0.074102
vt 0.846018 0.552019
vt 0.846490 0.575489
vt 0.839377 0.113050
vt 0.838309 0.089663
vt 0.837707 0.373241
vt 0.838921 0.354460
vt 0.840672 0.335251
vt 0.845729 0.631458
vt 0.824573 0.034896
vt 0.840813 0.248615
vt 0.853748 0.678494
vt 0.827594 0.052037
vt 0.809548 0.020620
vt 0.850490 0.704345
vt 0.839188 0.068908
vt 0.797057 0.740491
vt 0.846679 0.720440
vt 0.855067 0.661434
vt 0.814483 0.751209
vt 0.830442 0.748739
vt 0.841154 0.278876
vt 0.799546 0.019455
vt 0.855818 0.594943
vt 0.857493 0.618468
vt 0.837612 0.047901
vt 0.820809 0.021733
vt 0.798363 0.751716
vt 0.772622 0.364069
vt 0.776872 0.461422
vt 0.773193 0.415537
vt 0.763420 0.499187
vt 0.763828 0.529701
vt 0.782136 0.563036
vt 0.776899 0.595670
vt 0.764519 0.551874
vt 0.765831 0.572161
vt 0.767027 0.591230
vt 0.763600 0.325795
vt 0.762743 0.287385
vt 0.768314 0.618961
vt 0.785090 0.646124
vt 0.773487 0.654581
vt 0.763893 0.359069
vt 0.763003 0.390684
vt 0.761228 0.417778
vt 0.774636 0.679357
vt 0.764405 0.205295
vt 0.770648 0.235600
vt 0.761485 0.267122
vt 0.776419 0.698101
vt 0.762227 0.468214
vt 0.761801 0.453658
vt 0.762306 0.433347
vt 0.777375 0.714511
vt 0.757947 0.099197
vt 0.765366 0.053999
vt 0.782472 0.730844
vt 0.758444 0.135260
vt 0.753541 0.111124
vt 0.757899 0.161038
vt 0.760116 0.188926
vt 0.768948 0.040865
vt 0.754991 0.080541
vt 0.787805 0.020201
vt 0.757709 0.233003
vt 0.785283 0.744146
vt 0.769415 0.033144
vt 0.785327 0.753609
vt 0.753785 0.064281
vt 0.752599 0.092347
vt 0.758993 0.045345
vt 0.759777 0.649749
vt 0.805573 0.765355
vt 0.774323 0.738547
vt 0.748591 0.210832
vt 0.846706 0.738798
vt 0.759409 0.678404
vt 0.741667 0.144661
vt 0.743415 0.125755
vt 0.761689 0.702849
vt 0.815628 0.765332
vt 0.792719 0.765369
vt 0.773538 0.020564
vt 0.759469 0.638229
vt 0.754909 0.622121
vt 0.754212 0.607662
vt 0.753577 0.576960
vt 0.744496 0.105486
vt 0.742052 0.160373
vt 0.743811 0.181889
vt 0.766964 0.728324
vt 0.746475 0.197127
vt 0.782474 0.760256
vt 0.830903 0.763184
vt 0.773037 0.755521
vt 0.850265 0.493986
vt 0.852730 0.459284
vt 0.751121 0.234337
vt 0.748124 0.283635
vt 0.762580 0.300319
vt 0.747477 0.305369
vt 0.746706 0.332119
vt 0.751459 0.365335
vt 0.747784 0.266305
vt 0.757503 0.406779
vt 0.742058 0.092975
vt 0.753165 0.544557
vt 0.757319 0.032595
vt 0.747597 0.503498
vt 0.745722 0.473703
vt 0.756458 0.663205
vt 0.747203 0.528804
vt 0.806131 0.006430
vt 0.745012 0.438189
vt 0.819529 0.008756
vt 0.854836 0.573614
vt 0.833443 0.022936
vt 0.748809 0.059957
vt 0.844983 0.419988
vt 0.855091 0.527827
vt 0.853448 0.324332
vt 0.853071 0.305177
vt 0.853448 0.281607
vt 0.853450 0.257588
vt 0.839042 0.037071
vt 0.853825 0.403884
vt 0.853821 0.368007
vt 0.854111 0.355217
vt 0.852179 0.339477
vt 0.851861 0.432284
vt 0.845395 0.755432
vt 0.852790 0.242607
vt 0.855063 0.504330
vt 0.857148 0.552286
vt 0.856397 0.225820
vt 0.856319 0.200487
vt 0.857060 0.188285
vt 0.857318 0.169438
vt 0.857540 0.144013
vt 0.857493 0.127174
vt 0.857338 0.114028
vt 0.759408 0.020738
vt 0.857090 0.727457
vt 0.835872 0.009036
vt 0.771149 0.768154
vt 0.407252 0.317106
vt 0.388824 0.270069
vt 0.404415 0.283358
vt 0.428296 0.307451
vt 0.431804 0.344610
vt 0.464086 0.358891
vt 0.461625 0.377815
vt 0.526302 0.425478
vt 0.494024 0.415734
vt 0.483733 0.360654
vt 0.510809 0.389415
vt 0.533330 0.415620
vt 0.455978 0.332917
vt 0.516099 0.442671
vt 0.533387 0.457646
vt 0.554570 0.441254
vt 0.564328 0.473502
vt 0.583606 0.467548
vt 0.596262 0.504264
vt 0.600955 0.485920
vt 0.632542 0.523245
vt 0.619465 0.538985
vt 0.640590 0.564931
vt 0.649848 0.541965
vt 0.381578 0.288268
vt 0.347920 0.252092
vt 0.374274 0.254559
vt 0.346269 0.228237
vt 0.317162 0.221728
vt 0.315874 0.194879
vt 0.672378 0.576251
vt 0.672015 0.554077
vt 0.691319 0.582061
vt 0.665524 0.595669
vt 0.681108 0.614723
vt 0.699325 0.604457
vt 0.701213 0.614773
vt 0.293643 0.196594
vt 0.301539 0.178695
vt 0.272357 0.169520
vt 0.287436 0.155116
vt 0.261139 0.135444
vt 0.248673 0.127507
vt 0.577367 0.506337
vt 0.547470 0.473673
vt 0.590416 0.524721
vt 0.618570 0.504188
vt 0.706860 0.595467
vt 0.695400 0.625564
vt 0.334927 0.198976
vt 0.694473 0.567415
vt 0.646861 0.580139
vt 0.252007 0.148577
vt 0.234785 0.116527
vt 0.273940 0.139249
vt 0.253424 0.116232
vt 0.237892 0.100270
vt 0.714755 0.611471
vt 0.362451 0.226931
vt 0.346878 0.210502
vt 0.318222 0.180592
vt 0.296865 0.160780
vt 0.661659 0.542073
vt 0.648777 0.526550
vt 0.210147 0.088847
vt 0.679697 0.552004
vt 0.383411 0.247477
vt 0.606032 0.548888
vt 0.623924 0.569415
vt 0.710404 0.627915
vt 0.225605 0.126523
vt 0.205743 0.108581
vt 0.191534 0.095810
vt 0.185402 0.067277
vt 0.175350 0.081424
vt 0.162103 0.069332
vt 0.170556 0.053496
vt 0.156532 0.043019
vt 0.156743 0.062016
vt 0.143496 0.056829
vt 0.145207 0.045844
vt 0.136032 0.028298
vt 0.125630 0.036328
vt 0.123502 0.021123
vt 0.204367 0.068927
vt 0.186791 0.052447
vt 0.161273 0.032048
vt 0.222430 0.085060
vt 0.718318 0.624919
vt 0.106894 0.042377
vt 0.106078 0.028762
vt 0.095881 0.043755
vt 0.100692 0.069049
vt 0.084059 0.070913
vt 0.095161 0.097906
vt 0.091983 0.117269
vt 0.077686 0.089490
vt 0.081457 0.136671
vt 0.073098 0.117532
vt 0.071546 0.145647
vt 0.078788 0.188263
vt 0.087666 0.174934
vt 0.086666 0.201029
vt 0.083937 0.049918
vt 0.068196 0.168606
vt 0.084317 0.225688
vt 0.071489 0.240607
vt 0.067103 0.195315
vt 0.084870 0.246295
vt 0.083003 0.262840
vt 0.078171 0.286817
vt 0.061010 0.266995
vt 0.064441 0.230883
vt 0.067300 0.325823
vt 0.074694 0.321777
vt 0.073078 0.357609
vt 0.057406 0.354777
vt 0.071281 0.377203
vt 0.059511 0.319661
vt 0.057541 0.287397
vt 0.064111 0.398998
vt 0.052631 0.387939
vt 0.049363 0.422635
vt 0.060901 0.432720
vt 0.057999 0.463718
vt 0.044360 0.457097
vt 0.054240 0.483329
vt 0.036697 0.472766
vt 0.041278 0.501733
vt 0.049991 0.504048
vt 0.048202 0.527223
vt 0.035449 0.537318
vt 0.044360 0.552687
vt 0.039515 0.569568
vt 0.024330 0.558204
vt 0.025533 0.545497
vt 0.023298 0.568056
vt 0.027321 0.526060
vt 0.033918 0.585321
vt 0.086179 0.039477
vt 0.021052 0.580444
vt 0.030062 0.600889
vt 0.028521 0.511517
vt 0.028742 0.502002
vt 0.030621 0.482113
vt 0.090452 0.143110
vt 0.039803 0.431929
vt 0.080436 0.065909
vt 0.018904 0.591370
vt 0.025628 0.618743
vt 0.092591 0.026550
vt 0.102938 0.020455
vt 0.049646 0.327911
vt 0.040342 0.417143
vt 0.047046 0.366122
vt 0.041418 0.392286
vt 0.033766 0.447235
vt 0.047048 0.306604
vt 0.043985 0.349289
vt 0.048320 0.248364
vt 0.016535 0.605684
vt 0.020117 0.621006
vt 0.025235 0.627584
vt 0.051821 0.225392
vt 0.030040 0.622787
vt 0.052666 0.517119
vt 0.069482 0.392559
vt 0.042792 0.590286
vt 0.119062 0.016583
vt 0.052510 0.205747
vt 0.040853 0.606298
vt 0.037649 0.621772
vt 0.054036 0.187369
vt 0.065892 0.423316
vt 0.047089 0.275764
vt 0.112402 0.047850
vt 0.400513 0.264167
vt 0.418980 0.281257
vt 0.040623 0.366438
vt 0.039878 0.377110
vt 0.036510 0.402618
vt 0.034637 0.418301
vt 0.080281 0.333667
vt 0.082705 0.313502
vt 0.055786 0.145272
vt 0.052846 0.166873
vt 0.131590 0.057402
vt 0.044428 0.575549
vt 0.015897 0.629397
vt 0.032948 0.437412
vt 0.714117 0.588059
vt 0.636737 0.509238
vt 0.087247 0.266136
vt 0.085373 0.292225
vt 0.013824 0.622890
vt 0.071178 0.439957
vt 0.071117 0.404769
vt 0.146938 0.021560
vt 0.560682 0.492694
vt 0.043199 0.336126
vt 0.069866 0.078650
vt 0.076012 0.057536
vt 0.723798 0.604672
vt 0.656424 0.598899
vt 0.664576 0.613562
vt 0.049353 0.227540
vt 0.057987 0.104971
vt 0.375908 0.303086
vt 0.401262 0.334466
vt 0.418311 0.354072
vt 0.447150 0.380279
vt 0.354666 0.282382
vt 0.483311 0.418923
vt 0.340001 0.264303
vt 0.324080 0.246708
vt 0.036233 0.633580
vt 0.575365 0.442846
vt 0.557335 0.425203
vt 0.059892 0.538758
vt 0.148448 0.065030
vt 0.029144 0.635430
vt 0.445533 0.303341
vt 0.022216 0.636247
vt 0.525581 0.470317
vt 0.635319 0.588267
vt 0.067551 0.488984
vt 0.065121 0.508882
vt 0.066727 0.463018
vt 0.063036 0.524949
vt 0.701855 0.634585
vt 0.727729 0.616122
vt 0.017075 0.636791
vt 0.241284 0.144196
vt 0.559043 0.510929
vt 0.583160 0.535650
vt 0.044715 0.287935
vt 0.056883 0.557482
vt 0.685254 0.630196
vt 0.493490 0.441986
vt 0.054255 0.576952
vt 0.118919 0.055685
vt 0.612444 0.483036
vt 0.590458 0.459842
vt 0.458843 0.317999
vt 0.078752 0.374107
vt 0.082336 0.349578
vt 0.084911 0.332991
vt 0.529477 0.480769
vt 0.455450 0.397893
vt 0.541330 0.401775
vt 0.133612 0.012582
vt 0.122031 0.064640
vt 0.253369 0.177868
vt 0.525653 0.387056
vt 0.010981 0.614540
vt 0.079018 0.398301
vt 0.030951 0.456610
vt 0.475016 0.333465
vt 0.502176 0.360482
vt 0.107991 0.010377
vt 0.473038 0.422391
vt 0.072882 0.450766
vt 0.070235 0.473799
vt 0.089316 0.234986
vt 0.037039 0.390060
vt 0.066121 0.071941
vt 0.676585 0.625403
vt 0.436541 0.377483
vt 0.506483 0.462357
vt 0.058997 0.088772
vt 0.616280 0.577202
vt 0.112529 0.079099
vt 0.112448 0.089501
vt 0.091072 0.018118
vt 0.720936 0.636292
vt 0.296757 0.210405
vt 0.099554 0.011073
vt 0.073362 0.044754
vt 0.089270 0.286296
vt 0.090252 0.310721
vt 0.081720 0.027457
vt 0.276884 0.208434
vt 0.730556 0.630178
vt 0.007654 0.630779
vt 0.136041 0.070600
vt 0.119818 0.008210
vt 0.054284 0.587094
vt 0.516168 0.472230
vt 0.043864 0.257362
vt 0.077097 0.424693
vt 0.100090 0.197117
vt 0.128169 0.079243
vt 0.051380 0.186387
vt 0.045669 0.622033
vt 0.735160 0.621501
vt 0.043080 0.311504
vt 0.707899 0.645160
vt 0.569550 0.527427
vt 0.705351 0.568484
vt 0.101481 0.178769
vt 0.098594 0.224992
vt 0.097266 0.250207
vt 0.305386 0.243243
vt 0.108452 0.106167
vt 0.736504 0.608569
vt 0.002315 0.622826
vt 0.011337 0.594941
vt 0.539315 0.495899
vt 0.665455 0.624278
vt 0.642253 0.605431
vt 0.016154 0.638305
vt 0.691595 0.643804
vt 0.232373 0.161158
vt 0.218671 0.145617
vt 0.200711 0.128230
vt 0.183232 0.089680
vt 0.579941 0.554423
vt 0.060945 0.064131
vt 0.152553 0.081797
vt 0.137605 0.075359
vt 0.031759 0.644678
vt 0.024450 0.644990
vt 0.732886 0.594448
vt 0.672627 0.541889
vt 0.658675 0.535181
vt 0.107331 0.123040
vt 0.106240 0.137495
vt 0.104184 0.158658
vt 0.039015 0.640816
vt 0.003969 0.599896
vt 0.084253 0.366883
vt 0.049822 0.619193
vt 0.187159 0.115891
vt 0.087687 0.342873
vt 0.120178 0.086726
vt 0.568957 0.422426
vt 0.558905 0.405398
vt 0.005867 0.584652
vt 0.152859 0.011147
vt 0.146717 0.007276
vt 0.546360 0.517274
vt 0.561246 0.536781
vt 0.001116 0.614970
vt 0.294911 0.138027
vt 0.277574 0.116306
vt 0.265105 0.104115
vt 0.177331 0.029856
vt 0.097607 0.273175
vt 0.044737 0.634010
vt 0.006221 0.642111
vt 0.328686 0.274794
vt 0.360184 0.311252
vt 0.344771 0.294654
vt 0.376775 0.330910
vt 0.540121 0.388863
vt 0.527126 0.371954
vt 0.205445 0.050640
vt 0.194642 0.040911
vt 0.216852 0.061434
vt 0.609860 0.586922
vt 0.594476 0.571404
vt 0.155916 0.094371
vt 0.009522 0.567593
vt 0.011424 0.552068
vt 0.085930 0.007247
vt 0.131678 0.000378
vt 0.146287 0.088596
vt 0.723599 0.579476
vt 0.094618 0.292061
vt 0.075704 0.016491
vt 0.170847 0.105379
vt 0.393679 0.349567
vt 0.417386 0.373042
vt 0.435996 0.392051
vt 0.673093 0.637738
vt 0.068600 0.031079
vt 0.721410 0.648638
vt 0.016432 0.648638
vt 0.000397 0.633674
vt 0.732228 0.642903
vt 0.741714 0.630456
vt 0.745635 0.618257
vt 0.041926 0.646717
vt 0.731948 0.884211
vt 0.728781 0.895314
vt 0.689127 0.904217
vt 0.764421 0.883651
vt 0.705482 0.921529
vt 0.718757 0.921978
vt 0.683125 0.922546
vt 0.731220 0.921792
vt 0.693473 0.889660
vt 0.641505 0.897651
vt 0.623500 0.912339
vt 0.592461 0.900864
vt 0.663019 0.922020
vt 0.564593 0.903717
vt 0.592400 0.923447
vt 0.521211 0.904883
vt 0.512149 0.923165
vt 0.483331 0.904984
vt 0.486251 0.923097
vt 0.536631 0.923687
vt 0.556158 0.923241
vt 0.635153 0.922898
vt 0.464162 0.922015
vt 0.759587 0.919944
vt 0.758777 0.898099
vt 0.787377 0.898196
vt 0.793768 0.879473
vt 0.776178 0.920751
vt 0.819265 0.906714
vt 0.807031 0.895863
vt 0.824391 0.896827
vt 0.800979 0.921400
vt 0.822406 0.921641
vt 0.502012 0.882250
vt 0.445884 0.904622
vt 0.447284 0.921118
vt 0.424752 0.919532
vt 0.412679 0.906849
vt 0.407978 0.918245
vt 0.390243 0.917589
vt 0.436365 0.890182
vt 0.397349 0.893452
vt 0.443089 0.882891
vt 0.391274 0.884094
vt 0.360227 0.895135
vt 0.362158 0.883862
vt 0.332921 0.883717
vt 0.326082 0.905977
vt 0.848901 0.909507
vt 0.548759 0.884051
vt 0.374991 0.917053
vt 0.822711 0.877706
vt 0.865374 0.894572
vt 0.893741 0.910227
vt 0.915064 0.874492
vt 0.860581 0.874541
vt 0.884510 0.861887
vt 0.867167 0.862119
vt 0.917385 0.896052
vt 0.923003 0.907696
vt 0.942122 0.896712
vt 0.943608 0.880566
vt 0.346736 0.910937
vt 0.343547 0.915838
vt 0.321065 0.912355
vt 0.364839 0.868420
vt 0.399895 0.867414
vt 0.583184 0.883354
vt 0.431252 0.865873
vt 0.467972 0.865108
vt 0.494678 0.864152
vt 0.521175 0.863635
vt 0.328180 0.869667
vt 0.916880 0.861654
vt 0.614401 0.880459
vt 0.659111 0.886333
vt 0.696978 0.862457
vt 0.723987 0.862777
vt 0.821968 0.865363
vt 0.550011 0.863910
vt 0.602796 0.862920
vt 0.573134 0.863188
vt 0.674899 0.863097
vt 0.637799 0.863499
vt 0.956491 0.883803
vt 0.313450 0.899313
vt 0.867247 0.920861
vt 0.306256 0.910108
vt 0.760204 0.868875
vt 0.783707 0.866960
vt 0.954746 0.896367
vt 0.312575 0.881858
vt 0.950999 0.870258
vt 0.313187 0.870608
vt 0.844597 0.924285
vt 0.746616 0.859710
vt 0.943242 0.906787
vt 0.885433 0.920367
vt 0.903214 0.919260
vt 0.764138 0.860520
vt 0.300808 0.887880
vt 0.299276 0.874682
vt 0.786681 0.859647
vt 0.967001 0.871388
vt 0.949075 0.861628
vt 0.967611 0.883361
vt 0.969101 0.898043
vt 0.279695 0.876074
vt 0.281576 0.897017
vt 0.956677 0.907799
vt 0.848656 0.861763
vt 0.285829 0.906945
vt 0.923805 0.919108
vt 0.871547 0.925495
vt 0.826719 0.859315
vt 0.979662 0.881800
vt 0.981210 0.872390
vt 0.269045 0.877896
vt 0.969443 0.861167
vt 0.267037 0.893432
vt 0.263928 0.904843
vt 0.276880 0.905044
vt 0.268662 0.867079
vt 0.983029 0.895563
vt 0.605676 0.850230
vt 0.720728 0.851687
vt 0.683261 0.850279
vt 0.658083 0.856363
vt 0.635117 0.849072
vt 0.583340 0.850260
vt 0.545544 0.853750
vt 0.303046 0.853031
vt 0.273456 0.917658
vt 0.261129 0.916734
vt 0.658567 0.848228
vt 0.283208 0.864819
vt 0.954119 0.915059
vt 0.746496 0.851697
vt 0.286328 0.919302
vt 0.768963 0.851940
vt 0.871297 0.852854
vt 0.851261 0.851913
vt 0.828367 0.853007
vt 0.806435 0.851261
vt 0.932174 0.854380
vt 0.890930 0.852637
vt 0.908865 0.853633
vt 0.483260 0.855374
vt 0.517375 0.848624
vt 0.540244 0.849810
vt 0.321219 0.849865
vt 0.949552 0.850467
vt 0.985914 0.861410
vt 0.338510 0.848887
vt 0.962343 0.849453
vt 0.560426 0.849628
vt 0.285199 0.853837
vt 0.404072 0.854751
vt 0.361965 0.847779
vt 0.381328 0.847775
vt 0.274265 0.854637
vt 0.440998 0.844797
vt 0.481963 0.845507
vt 0.989491 0.882393
vt 0.746143 0.843805
vt 0.718540 0.845855
vt 0.405554 0.843329
vt 0.758323 0.844062
vt 0.991961 0.872884
vt 0.895158 0.928599
vt 0.973939 0.911502
vt 0.315341 0.920693
vt 0.306364 0.919301
vt 0.979349 0.848355
vt 0.810770 0.934126
vt 0.780532 0.927171
vt 0.863820 0.929399
vt 0.265934 0.857094
vt 0.700049 0.841857
vt 0.771790 0.841368
vt 0.937272 0.923933
vt 0.761686 0.934673
vt 0.731569 0.935659
vt 0.423110 0.933305
vt 0.393279 0.932060
vt 0.340278 0.926397
vt 0.827630 0.935040
vt 0.788964 0.935534
vt 0.700301 0.936838
vt 0.300761 0.926020
vt 0.348497 0.935312
vt 0.468895 0.935130
vt 0.448131 0.935488
vt 0.368233 0.934205
vt 0.261260 0.903574
vt 0.923179 0.844687
vt 0.490500 0.936838
vt 0.514451 0.936196
vt 0.787678 0.843678
vt 0.962401 0.923238
vt 0.254365 0.912465
vt 0.673417 0.839259
vt 0.949987 0.843121
vt 0.999603 0.862142
vt 0.724929 0.840206
vt 0.260110 0.847471
vt 0.995566 0.853773
vt 0.993578 0.847090
vt 0.333863 0.368906
vt 0.315082 0.343033
vt 0.327504 0.336817
vt 0.311326 0.314403
vt 0.293564 0.307688
vt 0.299922 0.294760
vt 0.286145 0.274096
vt 0.269294 0.269919
vt 0.270098 0.249334
vt 0.252149 0.251465
vt 0.251301 0.225514
vt 0.240022 0.237960
vt 0.231438 0.226677
vt 0.223144 0.209316
vt 0.236733 0.206311
vt 0.215215 0.192734
vt 0.202546 0.194841
vt 0.194305 0.205802
vt 0.179944 0.193588
vt 0.185450 0.216399
vt 0.187094 0.183584
vt 0.175374 0.180996
vt 0.216062 0.219935
vt 0.304741 0.330470
vt 0.164773 0.193686
vt 0.199947 0.218532
vt 0.190250 0.218863
vt 0.199317 0.173580
vt 0.185120 0.172331
vt 0.189363 0.231226
vt 0.167467 0.208779
vt 0.155833 0.202546
vt 0.153581 0.218603
vt 0.159130 0.225568
vt 0.147561 0.231494
vt 0.148267 0.252094
vt 0.162615 0.246746
vt 0.157536 0.261469
vt 0.141825 0.270424
vt 0.155878 0.276905
vt 0.171369 0.228197
vt 0.153263 0.289654
vt 0.152622 0.308060
vt 0.137595 0.315456
vt 0.144467 0.329814
vt 0.134411 0.357288
vt 0.139119 0.249729
vt 0.225908 0.190469
vt 0.130942 0.336430
vt 0.118359 0.353487
vt 0.121425 0.329013
vt 0.129011 0.384139
vt 0.125362 0.303320
vt 0.333624 0.352212
vt 0.343205 0.380674
vt 0.345181 0.356255
vt 0.359211 0.402948
vt 0.114205 0.371696
vt 0.115937 0.416838
vt 0.111598 0.390931
vt 0.124830 0.407208
vt 0.122277 0.425362
vt 0.115967 0.459228
vt 0.106941 0.419084
vt 0.106526 0.461028
vt 0.107741 0.501409
vt 0.102738 0.523640
vt 0.090475 0.505507
vt 0.085324 0.539359
vt 0.098229 0.547081
vt 0.092768 0.576291
vt 0.083738 0.574707
vt 0.088107 0.601339
vt 0.076211 0.613082
vt 0.083987 0.627426
vt 0.069482 0.654816
vt 0.069658 0.709388
vt 0.078577 0.660333
vt 0.061417 0.703886
vt 0.057001 0.739279
vt 0.065178 0.743823
vt 0.059832 0.765798
vt 0.049292 0.758651
vt 0.080175 0.562557
vt 0.087174 0.649050
vt 0.080220 0.710001
vt 0.051820 0.724635
vt 0.052163 0.785251
vt 0.109754 0.557952
vt 0.113720 0.538352
vt 0.117176 0.518426
vt 0.078376 0.734033
vt 0.075242 0.581024
vt 0.070600 0.603781
vt 0.066640 0.628036
vt 0.061216 0.661675
vt 0.056835 0.691216
vt 0.103750 0.589556
vt 0.061534 0.796929
vt 0.050069 0.806177
vt 0.069686 0.767109
vt 0.075865 0.757832
vt 0.107202 0.577029
vt 0.121412 0.498528
vt 0.123930 0.476618
vt 0.101568 0.612315
vt 0.098952 0.638822
vt 0.039501 0.799798
vt 0.045752 0.816713
vt 0.042843 0.778440
vt 0.095504 0.481616
vt 0.099255 0.460438
vt 0.103115 0.440255
vt 0.095980 0.664208
vt 0.091775 0.686886
vt 0.200667 0.223840
vt 0.134230 0.297612
vt 0.138535 0.282704
vt 0.345300 0.404126
vt 0.361249 0.378905
vt 0.377915 0.407121
vt 0.380947 0.440951
vt 0.053188 0.826944
vt 0.090364 0.705301
vt 0.086764 0.719161
vt 0.399200 0.440281
vt 0.412763 0.463371
vt 0.402037 0.477522
vt 0.394198 0.491382
vt 0.423090 0.511752
vt 0.419684 0.534933
vt 0.440418 0.547369
vt 0.444783 0.538328
vt 0.432811 0.492594
vt 0.459375 0.558793
vt 0.479737 0.585307
vt 0.475963 0.561112
vt 0.498633 0.594859
vt 0.498830 0.607082
vt 0.521259 0.619431
vt 0.516432 0.641878
vt 0.534592 0.644314
vt 0.539003 0.669860
vt 0.547096 0.665014
vt 0.551699 0.684665
vt 0.478590 0.600364
vt 0.460113 0.592854
vt 0.437093 0.561278
vt 0.479760 0.618850
vt 0.471045 0.608048
vt 0.556737 0.661940
vt 0.565104 0.677188
vt 0.579292 0.697103
vt 0.564615 0.706630
vt 0.581314 0.726199
vt 0.590307 0.711198
vt 0.603554 0.728669
vt 0.607591 0.759576
vt 0.610649 0.735802
vt 0.626042 0.778019
vt 0.632490 0.790322
vt 0.649424 0.796282
vt 0.644564 0.809040
vt 0.628617 0.755757
vt 0.614452 0.792056
vt 0.589181 0.759023
vt 0.588896 0.767364
vt 0.535937 0.682899
vt 0.644326 0.778562
vt 0.448740 0.513780
vt 0.468533 0.537440
vt 0.486145 0.561916
vt 0.500641 0.581734
vt 0.499599 0.650463
vt 0.515997 0.674056
vt 0.532255 0.697555
vt 0.545164 0.715821
vt 0.561908 0.734888
vt 0.045832 0.827865
vt 0.511626 0.597888
vt 0.127913 0.282566
vt 0.133327 0.264959
vt 0.355752 0.420306
vt 0.376883 0.463339
vt 0.129836 0.454714
vt 0.132208 0.433909
vt 0.209490 0.172450
vt 0.036706 0.823250
vt 0.060969 0.816442
vt 0.138905 0.396966
vt 0.136565 0.415266
vt 0.629354 0.817544
vt 0.663387 0.807276
vt 0.164388 0.178154
vt 0.574468 0.753589
vt 0.144274 0.375106
vt 0.149517 0.348764
vt 0.409272 0.521404
vt 0.549471 0.648146
vt 0.532392 0.631769
vt 0.660916 0.794743
vt 0.175230 0.242389
vt 0.035877 0.831506
vt 0.651251 0.821505
vt 0.150741 0.326016
vt 0.641476 0.823829
vt 0.068960 0.790532
vt 0.031883 0.809734
vt 0.147372 0.213327
vt 0.177128 0.166158
vt 0.219976 0.173753
vt 0.195329 0.161814
vt 0.186515 0.163574
vt 0.153931 0.188833
vt 0.668418 0.818030
vt 0.240679 0.200444
vt 0.141259 0.228369
vt 0.037018 0.777760
vt 0.205370 0.161440
vt 0.222787 0.237286
vt 0.619490 0.813907
vt 0.596460 0.787764
vt 0.085209 0.749962
vt 0.186279 0.242744
vt 0.192756 0.232987
vt 0.199848 0.230427
vt 0.179580 0.253238
vt 0.045145 0.838444
vt 0.657125 0.781190
vt 0.356778 0.433889
vt 0.232878 0.184405
vt 0.026771 0.823291
vt 0.367037 0.454519
vt 0.030553 0.785673
vt 0.167413 0.264185
vt 0.324452 0.372920
vt 0.335119 0.396508
vt 0.062259 0.827989
vt 0.321110 0.309855
vt 0.037114 0.751056
vt 0.634881 0.830685
vt 0.643722 0.768964
vt 0.035549 0.844554
vt 0.278462 0.305605
vt 0.257555 0.281069
vt 0.070625 0.809662
vt 0.271121 0.233545
vt 0.263846 0.219365
vt 0.310084 0.354681
vt 0.653866 0.834292
vt 0.055030 0.840876
vt 0.240549 0.262161
vt 0.294906 0.269438
vt 0.303037 0.282436
vt 0.058170 0.647375
vt 0.050506 0.685036
vt 0.078408 0.775358
vt 0.229038 0.249333
vt 0.145482 0.200058
vt 0.376753 0.475193
vt 0.134732 0.247962
vt 0.170074 0.160638
vt 0.661937 0.836154
vt 0.211621 0.237193
vt 0.025340 0.837816
vt 0.042838 0.721211
vt 0.061794 0.617164
vt 0.340718 0.338840
vt 0.271530 0.316125
vt 0.292327 0.352888
vt 0.286342 0.342375
vt 0.535485 0.625472
vt 0.072769 0.552359
vt 0.078735 0.523072
vt 0.621731 0.743221
vt 0.249448 0.198780
vt 0.183264 0.153240
vt 0.191711 0.150908
vt 0.216152 0.157083
vt 0.302556 0.369658
vt 0.152212 0.174324
vt 0.024169 0.802801
vt 0.067970 0.580206
vt 0.203961 0.152939
vt 0.387383 0.500394
vt 0.032556 0.762957
vt 0.160346 0.164714
vt 0.317300 0.389857
vt 0.677536 0.804439
vt 0.659022 0.774323
vt 0.172908 0.271007
vt 0.469783 0.635768
vt 0.652372 0.844554
vt 0.635364 0.843201
vt 0.023796 0.843411
vt 0.605740 0.726470
vt 0.588028 0.785167
vt 0.234560 0.177034
vt 0.231209 0.165251
vt 0.084112 0.481152
vt 0.124826 0.559385
vt 0.131087 0.523074
vt 0.121063 0.582999
vt 0.117516 0.599822
vt 0.115033 0.618782
vt 0.138839 0.475360
vt 0.136546 0.492168
vt 0.648948 0.758804
vt 0.456104 0.615842
vt 0.327073 0.405030
vt 0.674916 0.790638
vt 0.170133 0.278774
vt 0.162204 0.301272
vt 0.347344 0.431092
vt 0.137219 0.218590
vt 0.017477 0.813847
vt 0.451362 0.504113
vt 0.430256 0.462603
vt 0.426763 0.450358
vt 0.622189 0.832059
vt 0.616144 0.817028
vt 0.604786 0.809795
vt 0.537879 0.736119
vt 0.480944 0.654155
vt 0.496216 0.677620
vt 0.508278 0.695967
vt 0.521066 0.715227
vt 0.072215 0.825588
vt 0.682143 0.816913
vt 0.018305 0.826250
vt 0.097498 0.434121
vt 0.142997 0.189148
vt 0.016270 0.836547
vt 0.501674 0.245743
vt 0.510303 0.234055
vt 0.519254 0.242546
vt 0.498580 0.234272
vt 0.510697 0.223505
vt 0.496562 0.222385
vt 0.520186 0.222828
vt 0.509345 0.210539
vt 0.519095 0.209539
vt 0.486781 0.234645
vt 0.497034 0.209504
vt 0.486558 0.246690
vt 0.482047 0.222757
vt 0.484492 0.210417
vt 0.470335 0.233559
vt 0.470207 0.222138
vt 0.469978 0.247251
vt 0.500031 0.259474
vt 0.486680 0.259366
vt 0.516789 0.259173
vt 0.471083 0.261605
vt 0.529434 0.234791
vt 0.498634 0.267579
vt 0.530283 0.222106
vt 0.530289 0.244174
vt 0.530266 0.258328
vt 0.510279 0.272667
vt 0.483291 0.272433
vt 0.529837 0.206577
vt 0.519436 0.272169
vt 0.543054 0.235093
vt 0.543296 0.244865
vt 0.531567 0.267555
vt 0.494354 0.274390
vt 0.541683 0.257210
vt 0.542332 0.219986
vt 0.470060 0.274962
vt 0.517230 0.198154
vt 0.508186 0.197806
vt 0.467063 0.208325
vt 0.495593 0.200289
vt 0.544841 0.203632
vt 0.532068 0.274962
vt 0.544108 0.268024
vt 0.312503 0.453627
vt 0.298746 0.445106
vt 0.312453 0.444354
vt 0.301815 0.453715
vt 0.290565 0.453021
vt 0.286902 0.442948
vt 0.299525 0.461933
vt 0.279599 0.451632
vt 0.283802 0.461491
vt 0.312555 0.462125
vt 0.300245 0.433517
vt 0.311047 0.432209
vt 0.275970 0.441726
vt 0.289182 0.430569
vt 0.322685 0.452865
vt 0.322100 0.443931
vt 0.322358 0.431448
vt 0.277202 0.429509
vt 0.298968 0.419941
vt 0.307721 0.418057
vt 0.288438 0.421660
vt 0.266289 0.439998
vt 0.263736 0.449873
vt 0.267343 0.459937
vt 0.263377 0.424971
vt 0.321934 0.417698
vt 0.274594 0.415787
vt 0.253571 0.433556
vt 0.287582 0.408664
vt 0.299204 0.405068
vt 0.336328 0.441086
vt 0.258320 0.455211
vt 0.323578 0.461388
vt 0.334562 0.450932
vt 0.296779 0.473376
vt 0.337642 0.423943
vt 0.332505 0.461104
vt 0.312065 0.473086
vt 0.279006 0.473427
vt 0.325671 0.472906
vt 0.344841 0.451238
vt 0.344758 0.461684
vt 0.262967 0.474660
vt 0.337598 0.474660
vt 0.396011 0.756204
vt 0.406517 0.765405
vt 0.408466 0.756768
vt 0.395655 0.764549
vt 0.394635 0.772806
vt 0.406247 0.772804
vt 0.402157 0.782769
vt 0.415145 0.769943
vt 0.413146 0.783162
vt 0.417364 0.757781
vt 0.408074 0.747040
vt 0.424959 0.767256
vt 0.418200 0.747436
vt 0.426129 0.758454
vt 0.424303 0.777536
vt 0.422326 0.790503
vt 0.427989 0.747419
vt 0.397157 0.745807
vt 0.410652 0.796802
vt 0.400950 0.790841
vt 0.436111 0.769876
vt 0.436083 0.759430
vt 0.436083 0.785040
vt 0.421123 0.806037
vt 0.432820 0.803789
vt 0.399127 0.798920
vt 0.408965 0.808485
vt 0.388825 0.783878
vt 0.387036 0.765304
vt 0.431730 0.821104
vt 0.385627 0.794416
vt 0.385864 0.773213
vt 0.386231 0.756658
vt 0.418292 0.737357
vt 0.406439 0.737925
vt 0.430065 0.737440
vt 0.385815 0.745820
vt 0.376587 0.770025
vt 0.379313 0.784761
vt 0.378323 0.756945
vt 0.391533 0.736401
vt 0.429554 0.729576
vn -0.045724 0.281796 -0.953252
vn -0.009111 0.280472 -0.959688
vn -0.236772 0.250735 -0.929151
vn 0.067790 0.282302 -0.951003
vn 0.041409 0.275425 -0.954940
vn -0.068977 0.277965 -0.950793
vn -0.005668 0.270427 -0.962686
vn 0.130706 0.267639 -0.942791
vn -0.134280 0.269550 -0.942051
vn -0.094956 0.265647 -0.949770
vn -0.009661 0.274829 -0.961252
vn 0.062377 0.262274 -0.956702
vn -0.033837 0.255605 -0.965803
vn -0.200343 0.233108 -0.938398
vn -0.164040 0.277344 -0.938726
vn 0.143990 0.269451 -0.937959
vn 0.060065 0.267171 -0.952836
vn 0.095173 0.278822 -0.945301
vn 0.002723 0.289002 -0.956951
vn -0.085466 0.281899 -0.952112
vn -0.075425 0.277957 -0.954269
vn -0.015762 0.311396 -0.949804
vn 0.021986 0.305073 -0.951823
vn -0.177695 0.291335 -0.936342
vn 0.026997 0.316222 -0.946832
vn 0.101333 0.299823 -0.943970
vn 0.081889 0.304060 -0.948090
vn -0.025296 0.319608 -0.947001
vn 0.040088 0.337423 -0.937588
vn -0.042356 0.329335 -0.942808
vn -0.226906 0.318479 -0.907604
vn -0.172661 0.323530 -0.921788
vn -0.031294 0.249377 -0.967719
vn 0.143340 0.229525 -0.952583
vn 0.086818 0.232042 -0.962712
vn 0.004196 0.244234 -0.969444
vn -0.014268 0.246518 -0.968907
vn 0.146355 0.242101 -0.950719
vn -0.153358 0.236560 -0.946725
vn -0.054814 0.250837 -0.966476
vn -0.208754 0.223217 -0.941903
vn -0.211145 0.217827 -0.943414
vn -0.172055 0.246362 -0.939311
vn -0.078015 0.234017 -0.955110
vn 0.047159 0.227601 -0.972384
vn 0.044612 0.229972 -0.972117
vn -0.083600 0.249712 -0.945117
vn 0.175241 0.240921 -0.941312
vn 0.173550 0.221932 -0.950082
vn -0.097503 0.301025 -0.929638
vn 0.037130 0.330520 -0.942006
vn 0.281917 0.327345 -0.883419
vn -0.263446 0.349877 -0.878008
vn -0.021266 0.396045 -0.915765
vn -0.161866 0.424228 -0.871452
vn 0.041300 0.434857 -0.895956
vn 0.264886 0.286338 -0.888574
vn 0.297493 0.297240 -0.863675
vn 0.262121 0.322178 -0.871417
vn 0.323602 0.264800 -0.878477
vn 0.390672 0.282741 -0.857298
vn 0.316492 0.300126 -0.888307
vn 0.287088 0.409818 -0.825380
vn 0.100197 0.470983 -0.870036
vn -0.088827 0.471418 -0.872742
vn 0.274046 0.263885 -0.915477
vn 0.362880 0.265896 -0.870892
vn -0.006187 0.532118 -0.842029
vn 0.208827 0.503256 -0.815947
vn -0.190111 0.270066 -0.943670
vn 0.369763 0.229216 -0.880857
vn 0.293586 0.237673 -0.917514
vn -0.354875 0.466915 -0.791312
vn -0.214711 0.281188 -0.934540
vn 0.349140 0.260786 -0.884768
vn 0.337291 0.253404 -0.900727
vn -0.386490 0.267697 -0.845745
vn -0.426400 0.275606 -0.825472
vn -0.032451 0.515669 -0.853558
vn -0.187409 0.530795 -0.809357
vn 0.079345 0.530808 -0.839148
vn 0.301082 0.220107 -0.924621
vn 0.361987 0.264516 -0.892006
vn -0.275346 0.264019 -0.924341
vn -0.406374 0.258303 -0.851386
vn 0.344527 0.264617 -0.899288
vn -0.278330 0.256096 -0.925706
vn -0.304447 0.262335 -0.915501
vn -0.419304 0.247636 -0.846638
vn -0.497094 0.251035 -0.796471
vn 0.340546 0.209188 -0.915706
vn 0.356569 0.263335 -0.895716
vn -0.387639 0.225289 -0.891695
vn -0.532670 0.221866 -0.789784
vn 0.008668 0.616698 -0.775137
vn -0.471340 0.295164 -0.805280
vn -0.145195 0.640603 -0.738861
vn -0.436093 0.179577 -0.877460
vn -0.410821 0.200836 -0.884752
vn -0.397599 0.223029 -0.887872
vn -0.413996 0.177204 -0.890659
vn -0.447055 0.302545 -0.831852
vn -0.407556 0.209363 -0.886757
vn -0.369332 0.221366 -0.901324
vn -0.436085 0.196026 -0.866754
vn -0.522543 0.264075 -0.800204
vn -0.424870 0.376572 -0.813192
vn -0.005455 0.705359 -0.693405
vn -0.316748 0.587813 -0.725187
vn -0.230257 0.615706 -0.723633
vn 0.157178 0.659001 -0.718500
vn 0.367315 0.574404 -0.698217
vn 0.364571 0.205481 -0.907561
vn 0.370222 0.220251 -0.901749
vn -0.422640 0.321261 -0.845033
vn -0.441976 0.472624 -0.752923
vn 0.384050 0.268531 -0.883290
vn 0.391788 0.256031 -0.883657
vn 0.399756 0.256065 -0.880068
vn 0.342933 0.628637 -0.659194
vn -0.499356 0.195401 -0.839447
vn 0.384133 0.206156 -0.899823
vn 0.367809 0.204389 -0.907148
vn 0.378245 0.192329 -0.905380
vn 0.429056 0.242498 -0.868851
vn 0.409922 0.260395 -0.874156
vn 0.420537 0.207303 -0.882997
vn 0.423343 0.286978 -0.858432
vn 0.407570 0.264285 -0.872706
vn 0.441095 0.351672 -0.822906
vn 0.421435 0.199308 -0.884318
vn 0.495654 0.317597 -0.804353
vn 0.471897 0.296694 -0.829572
vn 0.449452 0.418803 -0.786193
vn -0.435250 0.225980 -0.871427
vn -0.429910 0.208983 -0.878140
vn -0.462083 0.198626 -0.863592
vn -0.491643 0.161270 -0.849000
vn -0.448264 0.226329 -0.864744
vn -0.476438 0.200813 -0.855557
vn -0.490531 0.326771 -0.803558
vn -0.466487 0.396479 -0.786485
vn -0.485459 0.157352 -0.858893
vn -0.606405 0.275419 -0.733211
vn -0.507230 0.173193 -0.843180
vn 0.525968 0.227801 -0.817992
vn 0.524718 0.392314 -0.750492
vn 0.512289 0.511436 -0.684363
vn -0.477545 0.525622 -0.700173
vn 0.503780 0.285270 -0.815203
vn 0.542502 0.252845 -0.799901
vn -0.534880 0.163657 -0.828750
vn -0.094642 0.739239 -0.626922
vn 0.122071 0.725580 -0.669132
vn -0.146284 0.747725 -0.639748
vn -0.592738 0.217153 -0.771517
vn -0.460795 0.536228 -0.705464
vn -0.556633 0.383656 -0.734074
vn 0.479426 0.665712 -0.542220
vn -0.232351 0.846634 -0.337924
vn 0.576351 0.225771 -0.784091
vn 0.530604 0.231756 -0.815202
vn 0.563561 0.210004 -0.798275
vn -0.517563 0.492956 -0.698593
vn -0.595974 0.299016 -0.744229
vn -0.572701 0.340053 -0.745907
vn 0.011308 0.781368 -0.619373
vn -0.341018 0.679942 -0.640674
vn -0.503985 0.534318 -0.678604
vn 0.356435 0.701937 -0.603490
vn -0.606056 0.128024 -0.785052
vn 0.135196 0.783198 -0.601618
vn 0.579078 0.454577 -0.668327
vn 0.608771 0.227808 -0.759025
vn 0.620758 0.337109 -0.705035
vn 0.632239 0.263045 -0.728057
vn 0.642482 0.310515 -0.697708
vn -0.664636 0.183170 -0.723676
vn 0.559852 0.597050 -0.567242
vn 0.628793 0.430153 -0.642640
vn 0.644757 0.387803 -0.658709
vn -0.685247 0.234290 -0.689433
vn -0.673067 0.284981 -0.682471
vn -0.690892 0.215783 -0.689891
vn -0.706120 0.226934 -0.670384
vn -0.709508 0.206161 -0.673691
vn 0.562587 0.613011 -0.549718
vn 0.566753 0.668174 -0.482012
vn -0.058400 -0.307564 -0.944554
vn -0.002179 -0.309774 -0.950681
vn 0.078494 -0.302552 -0.940870
vn -0.006248 -0.307275 -0.951364
vn -0.053164 -0.306790 -0.946925
vn -0.129273 -0.306411 -0.937482
vn 0.066548 -0.311391 -0.940807
vn -0.089019 -0.307824 -0.940173
vn 0.173577 -0.294820 -0.928594
vn 0.142754 -0.309027 -0.925849
vn 0.201581 -0.301776 -0.918030
vn -0.002425 -0.292635 -0.955774
vn 0.108079 -0.298754 -0.937002
vn -0.106653 -0.285937 -0.946995
vn 0.069804 -0.303917 -0.942874
vn -0.090810 -0.305731 -0.941976
vn 0.062005 -0.294139 -0.947656
vn -0.042925 -0.295373 -0.951456
vn -0.040366 -0.307303 -0.947941
vn 0.267618 -0.301213 -0.914822
vn -0.020160 -0.278612 -0.959986
vn -0.087202 -0.276933 -0.952695
vn 0.060046 -0.271979 -0.958900
vn 0.315781 -0.277487 -0.889566
vn 0.005874 -0.272291 -0.961867
vn -0.054843 -0.283058 -0.953548
vn 0.025710 -0.292996 -0.955132
vn -0.098617 -0.323797 -0.933834
vn 0.032878 -0.341689 -0.936731
vn -0.023102 -0.297732 -0.951753
vn 0.118455 -0.294560 -0.940515
vn 0.025809 -0.312156 -0.949331
vn -0.117127 -0.318504 -0.936428
vn -0.104267 -0.315661 -0.938357
vn 0.035595 -0.312950 -0.948716
vn -0.066105 -0.324563 -0.939345
vn 0.175574 -0.305289 -0.927235
vn 0.172796 -0.305012 -0.925538
vn 0.065329 -0.339128 -0.937313
vn 0.145470 -0.264359 -0.948911
vn 0.115802 -0.302382 -0.942314
vn 0.009166 -0.347537 -0.934328
vn 0.193971 -0.394085 -0.891547
vn 0.152551 -0.352776 -0.913483
vn -0.010319 -0.365791 -0.924889
vn 0.215162 -0.362993 -0.896754
vn 0.353958 -0.256421 -0.875193
vn 0.262259 -0.250487 -0.916671
vn 0.186446 -0.391281 -0.890336
vn -0.051957 -0.440164 -0.888102
vn 0.007845 -0.409748 -0.909705
vn -0.185058 -0.359486 -0.906782
vn -0.128084 -0.345202 -0.929524
vn -0.199896 -0.305360 -0.930452
vn -0.303643 -0.313737 -0.885206
vn -0.312290 -0.299503 -0.887591
vn -0.263742 -0.295736 -0.902384
vn -0.384312 -0.334355 -0.846974
vn -0.064816 -0.371705 -0.920446
vn 0.131488 -0.406412 -0.897153
vn -0.087595 -0.313632 -0.936703
vn 0.123907 -0.349852 -0.921337
vn 0.107575 -0.249447 -0.955573
vn -0.107562 -0.212603 -0.964158
vn 0.070000 -0.143145 -0.980146
vn -0.255138 -0.372345 -0.879793
vn -0.176617 -0.298740 -0.937659
vn -0.325463 -0.277752 -0.890180
vn -0.333571 -0.279583 -0.892350
vn -0.201306 -0.095246 -0.964619
vn -0.244597 -0.443131 -0.852831
vn -0.219601 -0.309237 -0.924642
vn -0.238675 -0.269252 -0.931444
vn -0.233289 -0.283298 -0.929227
vn -0.299329 -0.324235 -0.895293
vn -0.236217 -0.294054 -0.925567
vn -0.309541 -0.294643 -0.883005
vn -0.357618 -0.281392 -0.862638
vn 0.359190 -0.319449 -0.871787
vn -0.254743 -0.273801 -0.926614
vn -0.364706 -0.261303 -0.866745
vn -0.288154 -0.298603 -0.900818
vn -0.398614 -0.288084 -0.860815
vn -0.321530 -0.303406 -0.886419
vn 0.181764 -0.465438 -0.855974
vn -0.351472 -0.183108 -0.909061
vn -0.399286 -0.281413 -0.842914
vn -0.358981 -0.287153 -0.874126
vn -0.459116 -0.274895 -0.816957
vn -0.543530 -0.236130 -0.775010
vn -0.390176 -0.251116 -0.877677
vn -0.224344 -0.543875 -0.795399
vn -0.013400 -0.557468 -0.820016
vn 0.125916 -0.584516 -0.793651
vn -0.441904 -0.238511 -0.839840
vn -0.546725 -0.244981 -0.768562
vn -0.530425 -0.258279 -0.778319
vn 0.266403 -0.299494 -0.911969
vn 0.033535 0.034842 -0.989544
vn 0.316672 -0.127198 -0.929577
vn -0.506282 -0.224207 -0.811716
vn -0.577217 -0.225857 -0.759853
vn 0.253489 -0.282556 -0.924120
vn 0.401157 -0.246587 -0.857406
vn 0.326182 -0.212865 -0.915218
vn 0.440982 -0.226764 -0.836599
vn 0.301904 -0.374768 -0.873268
vn 0.299858 -0.417916 -0.856113
vn -0.245830 0.097571 -0.951517
vn 0.429048 -0.258929 -0.832850
vn 0.435437 -0.272135 -0.827334
vn 0.426128 -0.273370 -0.835670
vn 0.521550 -0.254590 -0.782108
vn 0.539065 -0.239558 -0.773832
vn 0.475710 -0.261862 -0.808911
vn 0.353665 -0.378714 -0.849258
vn 0.247082 0.006780 -0.958840
vn -0.463475 -0.260620 -0.841014
vn 0.365153 -0.498705 -0.774191
vn 0.460251 -0.259275 -0.828197
vn 0.454302 -0.260664 -0.829474
vn 0.467432 -0.239298 -0.836839
vn 0.455744 -0.260546 -0.839980
vn 0.363781 -0.293645 -0.878002
vn 0.404615 -0.286918 -0.860784
vn 0.379268 -0.288274 -0.876766
vn 0.500044 -0.258969 -0.803100
vn 0.415509 -0.279099 -0.849023
vn 0.414315 -0.282329 -0.854932
vn 0.413504 -0.326458 -0.832833
vn 0.330356 -0.361700 -0.871390
vn 0.371409 -0.373246 -0.846819
vn 0.493928 -0.308363 -0.792131
vn 0.442406 -0.281654 -0.843615
vn 0.008369 -0.643191 -0.761648
vn 0.132712 -0.639400 -0.753909
vn -0.433456 -0.036168 -0.889653
vn 0.396672 -0.410025 -0.817170
vn 0.642717 -0.214207 -0.730024
vn 0.439978 -0.376641 -0.809891
vn 0.297620 -0.612698 -0.722807
vn -0.177251 -0.639615 -0.739573
vn -0.453531 -0.414015 -0.781542
vn -0.406745 -0.500702 -0.755953
vn 0.567545 -0.278292 -0.760296
vn 0.562106 -0.308350 -0.751913
vn 0.462897 -0.165680 -0.866409
vn -0.544065 -0.211269 -0.803188
vn -0.505417 -0.193641 -0.834885
vn -0.530361 -0.124955 -0.835186
vn 0.544642 -0.361161 -0.743832
vn 0.620521 -0.268687 -0.724386
vn 0.505813 -0.426490 -0.742633
vn 0.014870 0.225237 -0.962883
vn 0.260328 0.222773 -0.924708
vn 0.478966 -0.251948 -0.839465
vn 0.465076 -0.256990 -0.846983
vn -0.508135 -0.339496 -0.786425
vn -0.509808 -0.371581 -0.766514
vn 0.450326 0.085815 -0.880217
vn -0.520331 -0.291842 -0.800782
vn -0.398698 0.182723 -0.884767
vn -0.590221 -0.258131 -0.756861
vn 0.472382 -0.053865 -0.873931
vn -0.123386 0.286367 -0.940760
vn -0.510824 -0.261063 -0.818331
vn -0.529048 -0.278844 -0.800359
vn -0.569358 -0.264039 -0.771957
vn -0.557864 -0.271205 -0.780587
vn -0.563606 -0.203985 -0.794005
vn -0.575444 -0.207547 -0.786735
vn -0.368026 -0.611355 -0.699932
vn -0.544587 -0.259121 -0.797508
vn -0.556813 -0.252444 -0.791108
vn -0.549364 -0.293708 -0.781165
vn -0.557566 -0.329330 -0.760441
vn -0.629623 -0.247933 -0.733695
vn -0.563004 -0.261542 -0.783785
vn -0.587544 -0.266854 -0.762669
vn 0.527200 -0.460690 -0.706846
vn 0.592593 -0.233575 -0.766390
vn 0.449262 -0.570229 -0.687557
vn 0.613945 -0.276827 -0.731898
vn 0.611884 -0.227569 -0.755444
vn 0.601710 -0.370829 -0.705419
vn 0.601170 -0.409372 -0.684398
vn 0.653678 -0.230125 -0.719778
vn -0.302161 0.280873 -0.902368
vn -0.559323 0.000526 -0.826183
vn -0.559840 0.181086 -0.800296
vn -0.580516 -0.430312 -0.691246
vn 0.056972 0.378052 -0.913884
vn 0.269369 0.407278 -0.858095
vn -0.648405 -0.336845 -0.681402
vn -0.639638 -0.165012 -0.750631
vn -0.649997 -0.165715 -0.741641
vn -0.651374 -0.235263 -0.720971
vn -0.660164 -0.237463 -0.712309
vn -0.654841 -0.238346 -0.717183
vn -0.656168 -0.196669 -0.728339
vn -0.646235 -0.191967 -0.738599
vn -0.671958 -0.235898 -0.701845
vn -0.676573 -0.203816 -0.707279
vn 0.441638 0.322580 -0.821210
vn 0.651337 -0.305900 -0.690701
vn 0.639967 -0.228302 -0.733398
vn 0.637126 -0.232594 -0.734556
vn 0.628197 -0.222333 -0.745597
vn 0.652268 -0.229765 -0.721939
vn 0.657272 -0.239720 -0.714270
vn -0.688646 -0.225370 -0.689040
vn -0.685875 -0.213633 -0.695498
vn -0.687901 -0.211227 -0.694281
vn -0.683598 -0.222869 -0.694999
vn 0.542463 0.135967 -0.826896
vn 0.668316 -0.213851 -0.712248
vn 0.675648 -0.205248 -0.708074
vn 0.640521 -0.345396 -0.679014
vn 0.675096 -0.210519 -0.706137
vn 0.680117 -0.224414 -0.697676
vn 0.676906 -0.223841 -0.701074
vn 0.672830 -0.234563 -0.701618
vn 0.670913 -0.231192 -0.704575
vn 0.673470 -0.227684 -0.703270
vn 0.682222 -0.214281 -0.698947
vn 0.690493 -0.212210 -0.691510
vn 0.708457 -0.261851 -0.654126
vn 0.686025 -0.254887 -0.681466
vn 0.696252 -0.249446 -0.672899
vn -0.499642 0.306610 -0.804230
vn 0.361677 0.514514 -0.765698
vn -0.587502 0.308023 -0.748307
vn 0.461993 0.524968 -0.714822
vn -0.001929 -0.285371 0.956812
vn -0.137249 -0.282667 0.941939
vn -0.027913 -0.271518 0.959301
vn -0.191208 -0.270244 0.936474
vn -0.026206 -0.254003 0.962840
vn -0.220266 -0.255637 0.934639
vn -0.170699 -0.249933 0.948676
vn -0.045811 -0.246138 0.962924
vn -0.233062 -0.253230 0.934616
vn -0.037532 -0.246502 0.961391
vn -0.228960 -0.239928 0.939198
vn 0.001698 -0.239289 0.961833
vn -0.236515 -0.243610 0.935811
vn -0.000827 -0.258544 0.956283
vn -0.226342 -0.286487 0.925816
vn 0.021734 -0.287510 0.948858
vn -0.022019 -0.329340 0.934982
vn -0.263706 -0.323404 0.902176
vn -0.192560 -0.286017 0.928156
vn -0.037319 -0.283513 0.957642
vn -0.277438 -0.269656 0.917588
vn -0.023233 -0.285155 0.957893
vn -0.121516 -0.279356 0.947221
vn -0.034457 -0.279011 0.959176
vn 0.033677 -0.278794 0.958332
vn 0.018063 -0.282162 0.958397
vn -0.145068 -0.282964 0.942125
vn -0.115514 -0.278407 0.950856
vn -0.009663 -0.283551 0.958545
vn -0.099152 -0.301133 0.946325
vn -0.017816 -0.299228 0.953056
vn 0.083843 -0.279921 0.952767
vn 0.130086 -0.281410 0.946160
vn 0.073602 -0.304746 0.944504
vn -0.006171 -0.362630 0.930700
vn -0.299183 -0.280472 0.904142
vn -0.276239 -0.284101 0.914190
vn -0.245296 -0.347808 0.893212
vn -0.082118 -0.369962 0.923107
vn -0.204169 -0.405310 0.882128
vn 0.028540 -0.395188 0.908779
vn 0.118592 -0.373752 0.911921
vn -0.036033 -0.418843 0.905496
vn -0.216312 -0.400203 0.879233
vn -0.313377 -0.273445 0.908516
vn 0.200826 -0.274932 0.938009
vn 0.194573 -0.273748 0.940037
vn 0.153130 -0.258926 0.951642
vn 0.177146 -0.267791 0.944870
vn 0.113114 -0.245159 0.962526
vn 0.135755 -0.247837 0.958272
vn 0.141537 -0.236656 0.960540
vn 0.168534 -0.240386 0.951451
vn 0.190061 -0.236722 0.947203
vn 0.197237 -0.243806 0.943392
vn 0.180373 -0.263765 0.942712
vn 0.240182 -0.282471 0.919858
vn 0.271585 -0.321494 0.898124
vn 0.150897 -0.407262 0.892744
vn -0.236113 -0.398891 0.872002
vn -0.004959 -0.417547 0.904730
vn -0.219176 -0.300438 0.913639
vn 0.004772 -0.312216 0.942834
vn -0.069785 -0.105847 0.971995
vn 0.203282 -0.145415 0.949505
vn -0.323503 -0.005285 0.925961
vn 0.231685 -0.365448 0.891621
vn 0.008811 -0.466439 0.875277
vn 0.230873 -0.381818 0.885804
vn 0.295145 -0.222076 0.910267
vn 0.193591 -0.242498 0.950005
vn 0.360098 -0.206948 0.892619
vn 0.374684 -0.207765 0.882201
vn 0.246778 -0.271326 0.928101
vn 0.366391 -0.237665 0.878500
vn 0.261606 -0.265202 0.926609
vn 0.264037 -0.272336 0.923686
vn 0.258217 -0.290653 0.919846
vn 0.277299 -0.263581 0.920789
vn 0.284999 -0.270730 0.917836
vn 0.398260 -0.252473 0.870078
vn 0.459144 -0.206644 0.848162
vn 0.243842 -0.491049 0.825155
vn 0.299812 -0.347420 0.887505
vn 0.504553 -0.235292 0.803887
vn 0.455302 -0.262307 0.822720
vn -0.027675 -0.533590 0.835277
vn 0.505126 -0.227805 0.810256
vn 0.542558 -0.215374 0.795203
vn 0.426325 -0.256032 0.854968
vn 0.332798 -0.374315 0.864554
vn 0.483121 -0.210864 0.838419
vn 0.396074 -0.223423 0.887094
vn 0.309548 -0.328546 0.892020
vn 0.335768 -0.355212 0.871754
vn 0.316323 -0.238246 0.918079
vn 0.519987 -0.225218 0.814710
vn 0.494862 -0.242996 0.826647
vn 0.399069 -0.245338 0.881771
vn 0.448927 -0.173500 0.865642
vn 0.477457 -0.244845 0.837099
vn 0.376992 -0.283698 0.881307
vn 0.392311 -0.340099 0.852885
vn 0.127926 0.199627 0.957041
vn 0.414580 -0.349827 0.829855
vn 0.401553 -0.346392 0.846895
vn -0.226389 -0.509462 0.821920
vn 0.457613 -0.422710 0.766111
vn 0.450544 -0.236640 0.860077
vn 0.081730 -0.656554 0.733565
vn 0.309283 -0.609253 0.712452
vn 0.504383 -0.239754 0.826579
vn -0.033492 0.170533 0.965892
vn 0.462701 -0.219809 0.857711
vn 0.473815 -0.230329 0.849942
vn 0.468951 -0.267092 0.838198
vn 0.395480 0.166635 0.881963
vn -0.180358 -0.646522 0.727194
vn -0.323640 -0.278501 0.903888
vn -0.319905 -0.243787 0.915163
vn -0.338104 -0.257335 0.904464
vn -0.455073 -0.224624 0.832697
vn -0.443841 -0.235797 0.834223
vn -0.298242 -0.251197 0.920611
vn -0.333382 -0.238135 0.911789
vn -0.494891 -0.225086 0.805490
vn -0.437147 -0.237995 0.841050
vn -0.476881 -0.235915 0.823453
vn -0.438112 -0.254570 0.839607
vn -0.376304 -0.259981 0.877706
vn -0.474230 -0.242033 0.836221
vn -0.354165 -0.254911 0.899450
vn -0.452093 -0.254125 0.850298
vn -0.582303 -0.241185 0.753976
vn -0.503852 -0.244259 0.807244
vn -0.576804 -0.209378 0.764868
vn -0.421758 -0.280332 0.854313
vn -0.426490 -0.273653 0.856743
vn -0.377924 -0.274966 0.882700
vn -0.517559 -0.237853 0.801907
vn -0.489350 -0.308182 0.804369
vn -0.540121 -0.205718 0.787227
vn -0.615181 -0.194330 0.738396
vn -0.366863 -0.238640 0.898775
vn -0.470460 -0.364284 0.789991
vn -0.383450 -0.371808 0.843512
vn -0.439657 -0.320477 0.834022
vn -0.391643 -0.444785 0.799140
vn -0.457173 -0.317505 0.822923
vn -0.557856 -0.340511 0.748301
vn -0.526875 -0.266841 0.795664
vn -0.525768 -0.248916 0.801765
vn -0.453088 -0.161188 0.869237
vn -0.451564 -0.352432 0.812813
vn -0.274109 0.111147 0.948405
vn -0.519350 -0.252371 0.807156
vn -0.386196 -0.536477 0.742794
vn -0.539494 0.091733 0.824020
vn -0.428539 -0.615952 0.649035
vn -0.578773 -0.248897 0.767252
vn -0.623815 -0.284766 0.723494
vn -0.604648 -0.124400 0.772921
vn -0.579364 -0.247182 0.771062
vn -0.086852 -0.739638 0.662448
vn -0.542543 -0.471094 0.689222
vn -0.589370 -0.243822 0.767394
vn 0.454908 -0.509345 0.720545
vn -0.593449 -0.279557 0.753470
vn -0.583807 -0.278745 0.760980
vn -0.583200 -0.344404 0.733637
vn -0.608470 -0.322465 0.724064
vn 0.108442 -0.747222 0.651331
vn -0.264838 -0.720839 0.636148
vn -0.508621 0.193847 0.831033
vn -0.598769 -0.213159 0.771877
vn -0.635008 -0.212118 0.737010
vn -0.629662 -0.223450 0.743495
vn -0.663631 -0.210647 0.717260
vn -0.645946 -0.278789 0.709255
vn -0.624040 -0.276517 0.730827
vn -0.638150 -0.249403 0.727898
vn -0.619315 -0.367277 0.693669
vn -0.641000 -0.202789 0.740160
vn -0.496961 -0.671271 0.532193
vn 0.244835 -0.717131 0.643959
vn -0.547405 -0.606918 0.565995
vn 0.516487 -0.184620 0.835545
vn 0.524195 -0.183244 0.831037
vn -0.669975 -0.228383 0.706088
vn -0.673985 -0.221379 0.704780
vn -0.677477 -0.215168 0.703319
vn -0.679550 -0.214692 0.701499
vn -0.681009 -0.223461 0.697306
vn -0.682428 -0.217628 0.697658
vn -0.671582 -0.221217 0.707127
vn -0.680136 -0.201971 0.704465
vn -0.675609 -0.260921 0.688362
vn -0.699303 -0.190582 0.688864
vn -0.613181 0.167795 0.767157
vn -0.703775 -0.193847 0.683303
vn -0.711147 -0.179741 0.679611
vn -0.732507 -0.217694 0.644089
vn -0.710412 -0.196398 0.675704
vn 0.076859 0.357053 0.930794
vn -0.719072 -0.175985 0.672283
vn 0.272745 0.320135 0.891132
vn 0.557352 -0.176496 0.809692
vn 0.501844 0.073246 0.845330
vn -0.726110 -0.142894 0.672566
vn 0.570298 -0.182656 0.799884
vn 0.557384 -0.194924 0.806219
vn 0.538123 -0.231508 0.810153
vn 0.523429 -0.235654 0.818831
vn 0.534663 -0.236030 0.811343
vn 0.557352 -0.224834 0.798682
vn 0.540627 -0.106168 0.832827
vn 0.579986 -0.201689 0.788794
vn 0.577859 -0.214629 0.787408
vn 0.572942 -0.232954 0.785675
vn 0.564479 -0.247324 0.787524
vn 0.577697 -0.175797 0.796563
vn 0.420979 -0.630442 0.649176
vn 0.618100 -0.209477 0.756469
vn 0.575470 -0.179155 0.797959
vn 0.606590 -0.185449 0.772593
vn 0.658531 -0.191568 0.727337
vn 0.643818 -0.192122 0.740497
vn 0.640712 -0.187689 0.744426
vn 0.655815 -0.205099 0.726404
vn 0.660578 -0.198608 0.723989
vn 0.679761 -0.203317 0.704298
vn 0.688324 -0.201921 0.696734
vn -0.600204 0.222765 0.768200
vn 0.653966 -0.393838 0.645567
vn 0.464530 0.311496 0.828939
vn -0.578562 -0.691020 0.433309
vn 0.971540 0.042547 0.151279
vn 0.995676 -0.007997 -0.012022
vn 0.979966 -0.037705 -0.128873
vn 0.977392 -0.029439 -0.110398
vn 0.966382 0.049969 0.168084
vn 0.999636 0.001043 -0.016520
vn 0.973896 0.039192 0.131288
vn 0.999598 0.000676 -0.011780
vn 0.973703 0.041814 0.133343
vn 0.946904 -0.062682 -0.215081
vn 0.923872 -0.082757 -0.298063
vn 0.930914 -0.084913 -0.297760
vn 0.936525 -0.080378 -0.273530
vn 0.945214 0.084704 0.248482
vn 0.982020 0.040173 0.094015
vn 0.975534 -0.037582 -0.115913
vn 0.998588 0.012581 0.029249
vn 0.970405 -0.047938 -0.135687
vn 0.997358 0.008167 0.041816
vn 0.960808 -0.061387 -0.171613
vn 0.988771 -0.024092 -0.058693
vn 0.990525 0.020349 0.103832
vn 0.990553 -0.011250 0.096815
vn 0.993533 -0.055408 -0.019493
vn 0.962159 0.056711 0.206492
vn 0.966471 0.052133 0.180350
vn 0.990404 -0.026479 -0.079243
vn 0.993511 -0.015524 -0.038443
vn 0.967065 0.040538 0.174142
vn 0.993934 -0.020243 -0.010123
vn 0.998051 -0.045049 0.036699
vn 0.991537 -0.077384 -0.058508
vn 0.995775 -0.036792 -0.022045
vn 0.979478 -0.010690 0.135402
vn 0.965821 0.054244 0.150783
vn 0.993683 0.020019 -0.048108
vn 0.982017 0.158606 -0.020967
vn 0.914348 0.070539 0.330068
vn 0.994216 -0.018954 -0.006573
vn 0.955029 0.043295 0.198692
vn 0.994616 -0.012556 -0.020217
vn 0.995345 -0.011733 -0.036098
vn 0.989739 0.003399 0.036622
vn 0.960057 0.068464 0.217595
vn 0.936032 0.097830 0.290807
vn 0.964085 0.060916 0.222462
vn 0.920434 -0.108112 -0.365025
vn 0.969309 0.002507 -0.224346
vn 0.937047 0.269003 0.151698
vn 0.985977 -0.049985 -0.155618
vn 0.949579 -0.067076 -0.255161
vn 0.941229 0.047619 0.318223
vn 0.931859 0.088319 0.319861
vn 0.976480 0.009068 0.051441
vn 0.784619 -0.188150 -0.540160
vn 0.824636 -0.158850 -0.447271
vn 0.904491 -0.114983 -0.315663
vn 0.950352 0.145828 -0.237244
vn 0.983434 -0.056960 -0.170696
vn 0.981384 -0.052979 -0.182130
vn 0.897922 -0.121210 -0.323481
vn 0.823046 -0.166713 -0.474818
vn 0.905550 -0.209922 -0.271425
vn 0.945956 -0.121569 -0.252558
vn 0.967030 0.016039 0.050655
vn 0.912391 -0.207656 -0.276682
vn 0.973572 -0.067934 -0.215133
vn 0.930175 0.083723 0.326382
vn 0.915416 0.080196 0.364120
vn 0.903114 0.381665 -0.008029
vn 0.885445 0.125456 0.395225
vn 0.832327 0.164520 0.473713
vn 0.893855 0.148618 0.364856
vn 0.963094 0.039361 0.073105
vn 0.831031 0.223784 0.451344
vn 0.901873 0.192598 0.330956
vn 0.963746 0.003766 -0.040195
vn 0.968459 0.077210 0.018163
vn 0.946535 0.209097 0.214934
vn 0.952633 0.254497 0.137968
vn 0.978601 0.176438 0.048521
vn 0.969502 -0.005313 -0.141449
vn 0.957539 0.190079 -0.116575
vn 0.954672 -0.047137 -0.228038
vn 0.842805 -0.178230 -0.440671
vn 0.820961 -0.208528 -0.472624
vn 0.848456 -0.214399 -0.424323
vn 0.862993 -0.164932 -0.410814
vn 0.879091 0.379869 -0.242203
vn 0.974959 0.074775 -0.189843
vn 0.986193 -0.083851 -0.079058
vn 0.996489 -0.002629 -0.045681
vn 0.925666 0.133839 -0.267109
vn 0.996979 0.022979 -0.037947
vn 0.882252 0.139838 -0.354355
vn 0.892372 0.102110 -0.309608
vn 0.982965 -0.011473 0.057874
vn 0.996024 0.035644 -0.076027
vn 0.952218 -0.073034 0.242121
vn 0.979339 -0.004872 0.087876
vn 0.997117 0.045967 -0.049717
vn 0.895177 0.098530 -0.347359
vn 0.882986 0.111804 -0.396633
vn 0.976225 -0.069003 0.121858
vn 0.966694 -0.013086 0.200030
vn 0.973598 0.064269 -0.133476
vn 0.998284 0.034735 -0.019275
vn 0.983818 0.006685 0.129985
vn 0.955089 0.070352 -0.200273
vn 0.983261 0.049321 -0.138861
vn 0.984862 0.042301 -0.091809
vn 0.993169 0.002443 0.074279
vn 0.987468 0.000247 0.133598
vn 0.999487 0.016587 -0.011840
vn 0.973186 0.059271 -0.176492
vn 0.965150 0.063607 -0.176904
vn 0.993746 -0.002790 0.031196
vn 0.972959 0.050464 -0.161864
vn 0.989265 -0.016845 0.109929
vn 0.977324 -0.021217 0.174761
vn 0.995633 0.014807 -0.062594
vn 0.993247 -0.019535 0.070379
vn 0.995643 -0.012434 0.036267
vn 0.975584 0.044432 -0.158625
vn 0.971110 0.044362 -0.151341
vn 0.995201 -0.014282 0.055145
vn 0.963674 0.050746 -0.158232
vn 0.994455 -0.021441 0.079369
vn 0.997714 -0.008413 0.055071
vn 0.991049 0.024932 -0.050765
vn 0.993777 0.024733 -0.023515
vn 0.998994 0.004217 0.033670
vn 0.940600 0.113521 -0.264601
vn 0.989203 0.026577 -0.043524
vn 0.999016 0.005099 0.043838
vn 0.998360 -0.007629 0.055713
vn 0.854217 -0.126849 0.361487
vn 0.997337 -0.014071 0.070985
vn 0.989532 0.016090 -0.032533
vn 0.913578 -0.225763 0.230250
vn 0.873411 -0.115315 0.340188
vn 0.980046 0.050212 -0.081698
vn 0.995566 -0.029983 0.088177
vn 0.994701 -0.025829 0.098674
vn 0.978990 -0.039910 0.160143
vn 0.824663 0.126625 -0.489211
vn 0.976534 -0.058933 0.189727
vn 0.952263 -0.093485 0.272684
vn 0.930488 -0.068040 0.258486
vn 0.984632 0.015184 0.084587
vn 0.913361 -0.301961 0.155285
vn 0.913120 -0.352231 -0.032877
vn 0.974623 -0.044513 0.203383
vn 0.973161 -0.065039 0.208094
vn 0.978134 -0.057053 0.190806
vn 0.970390 -0.061622 0.208073
vn 0.967318 -0.070537 0.214490
vn 0.941607 -0.057855 0.294163
vn 0.966934 -0.056259 0.231872
vn 0.935474 -0.041988 0.290332
vn 0.898978 -0.086387 0.369388
vn 0.960179 0.048522 0.255728
vn 0.937442 0.258350 0.030259
vn 0.975421 -0.023329 0.214850
vn 0.954176 0.182254 -0.217175
vn 0.924138 0.121057 -0.356887
vn 0.926570 0.103059 -0.345211
vn 0.918269 0.134842 -0.337430
vn 0.906818 -0.320401 -0.217248
vn 0.955749 -0.049076 0.272184
vn 0.873970 0.172553 -0.416701
vn 0.908689 0.192494 -0.324291
vn 0.943834 -0.043514 0.310244
vn 0.939510 0.100273 -0.325092
vn 0.899489 -0.068606 0.384134
vn 0.919516 0.208512 -0.322828
vn 0.956747 -0.076881 -0.280508
vn 0.940654 -0.085839 -0.325117
vn 0.945368 -0.082144 0.309092
vn 0.934586 -0.095014 0.328978
vn 0.940123 -0.097435 0.316781
vn 0.951339 -0.089891 0.294522
vn 0.926531 0.104520 -0.352666
vn 0.906491 0.110087 -0.390064
vn 0.945584 -0.078695 0.313208
vn 0.935305 -0.054120 0.340944
vn 0.894208 0.331965 -0.111384
vn 0.917615 0.132762 -0.369428
vn 0.895962 0.213095 0.359138
vn 0.939323 -0.105509 0.322271
vn 0.829813 -0.034811 -0.516277
vn 0.925479 -0.117374 -0.355993
vn 0.851052 0.127689 -0.485751
vn 0.890213 0.130666 -0.420543
vn 0.861273 -0.000082 0.482166
vn 0.899351 0.118172 -0.410365
vn 0.897347 0.111567 -0.422154
vn 0.842305 -0.281533 -0.421175
vn 0.914294 0.118499 0.385185
vn 0.892239 -0.103697 0.416756
vn 0.923488 -0.119680 0.361038
vn 0.878930 -0.200196 0.419226
vn 0.829052 0.087641 -0.522710
vn 0.923057 0.063654 0.378690
vn 0.840794 0.123133 0.502802
vn 0.930217 -0.068287 0.360472
vn 0.921616 -0.123006 0.364952
vn 0.825164 0.141179 0.512004
vn 0.804585 0.149049 0.538555
vn 0.828266 0.141413 0.503530
vn 0.916340 0.107238 0.382211
vn 0.820157 0.153377 0.514941
vn 0.913999 0.107967 0.388877
vn 0.806298 0.156851 0.542597
vn 0.858488 0.122614 0.488258
vn 0.822117 0.381555 -0.364301
vn 0.887261 -0.149958 -0.415668
vn 0.837596 -0.156951 -0.496884
vn 0.917098 0.151065 -0.368291
vn 0.828376 0.415035 0.344117
vn 0.816791 0.522791 -0.125408
vn 0.916085 -0.113496 -0.383740
vn 0.836290 0.485018 0.148960
vn 0.893286 0.160488 0.415507
vn 0.849571 0.123333 0.493499
vn 0.910076 0.118451 -0.395377
vn 0.911994 0.121597 -0.391665
vn 0.902268 0.132344 -0.407986
vn 0.910084 0.133339 -0.392362
vn 0.809992 0.492844 0.268528
vn 0.844943 0.290790 -0.422159
vn 0.831364 0.304376 0.439472
vn 0.801932 0.153263 0.569590
vn 0.859828 0.136229 0.473346
vn 0.842666 0.140876 0.502973
vn 0.850869 -0.105627 0.507234
vn 0.909282 0.165351 -0.381757
vn 0.793024 0.378177 0.442716
vn 0.897717 0.133637 0.418555
vn 0.889715 0.165220 -0.419335
vn 0.875807 0.259423 -0.402724
vn 0.905424 -0.132766 -0.403193
vn 0.903249 -0.132439 -0.408110
vn 0.899218 -0.113374 -0.421789
vn 0.854672 0.148972 -0.480324
vn 0.832955 0.164246 -0.508435
vn 0.811287 0.150661 -0.547989
vn 0.878728 0.143751 0.447141
vn 0.831381 0.141118 0.513026
vn 0.803512 -0.157201 -0.551576
vn 0.786308 -0.420127 -0.422117
vn 0.810682 0.374831 -0.436563
vn 0.849417 0.122746 0.508010
vn 0.815837 -0.157272 -0.538630
vn 0.775870 -0.169260 0.598489
vn 0.850987 0.137657 -0.498887
vn 0.875610 -0.139145 0.461677
vn 0.876993 -0.135121 -0.460462
vn 0.836116 -0.154452 -0.514531
vn 0.868596 -0.465190 -0.149629
vn 0.886321 0.123213 0.446282
vn 0.866244 0.148456 -0.473722
vn 0.868497 0.144916 -0.472411
vn 0.822083 0.136238 -0.550194
vn 0.876638 -0.141806 0.457333
vn 0.825240 -0.227283 0.507609
vn 0.789152 0.256813 0.538160
vn 0.727265 0.177041 0.648139
vn 0.859851 0.181178 0.475011
vn 0.805858 -0.231168 0.535406
vn 0.777369 0.169151 0.597653
vn 0.807662 0.314820 -0.486148
vn 0.800112 0.240073 -0.544273
vn 0.774567 -0.556934 0.249355
vn 0.747172 0.634746 -0.064695
vn 0.844288 0.114683 0.523302
vn 0.801332 -0.571570 0.106687
vn 0.786401 -0.328067 0.513287
vn 0.755430 0.167312 -0.627713
vn 0.782116 0.157512 -0.592354
vn 0.737178 -0.484609 0.448710
vn 0.831454 0.130255 0.538918
vn 0.734371 0.553666 -0.344536
vn 0.746724 0.181210 0.617045
vn 0.803664 0.472000 -0.138827
vn 0.785238 -0.505655 -0.340899
vn 0.803058 0.221135 -0.550962
vn 0.828453 0.210161 0.518801
vn 0.717512 -0.137557 0.667609
vn 0.817334 0.150997 -0.555919
vn 0.813514 0.139381 -0.564118
vn 0.763007 0.408333 -0.492412
vn 0.817028 -0.111423 0.565131
vn 0.785030 0.262692 -0.555778
vn 0.690127 0.399943 -0.580852
vn 0.792541 -0.127688 0.594326
vn 0.761514 0.613912 0.144622
vn 0.742515 0.185901 0.641666
vn 0.751504 -0.126198 -0.642999
vn 0.784084 0.143165 -0.602480
vn 0.804420 0.148296 -0.575195
vn 0.775662 0.148091 -0.611898
vn 0.766188 0.173053 0.616302
vn 0.777236 0.224633 -0.586856
vn 0.736119 0.198542 -0.635982
vn 0.751767 -0.046619 0.651715
vn 0.745954 -0.228934 0.624225
vn 0.748884 0.192331 0.633116
vn 0.735377 0.227420 0.633509
vn 0.741545 0.187164 0.643436
vn 0.686933 0.533766 0.446961
vn 0.723272 0.495555 0.464424
vn 0.780168 0.133960 0.610606
vn 0.783767 0.165315 0.598569
vn 0.760142 0.200535 0.617014
vn 0.711112 0.276008 0.645250
vn 0.739747 0.185605 0.645848
vn 0.766018 -0.279294 0.578768
vn 0.745592 0.385564 0.527397
vn 0.753416 0.508414 0.280862
vn 0.722501 0.648686 -0.134065
vn 0.723741 0.644325 0.202083
vn 0.736679 -0.007375 -0.672570
vn 0.790496 -0.351107 -0.498169
vn 0.766901 -0.274285 -0.563192
vn 0.754794 0.207884 -0.621250
vn 0.747155 0.162373 -0.644337
vn 0.749665 0.142010 -0.646397
vn 0.683710 0.625336 -0.341769
vn 0.745283 -0.231593 0.624875
vn 0.737069 0.193146 -0.647005
vn 0.748496 0.243708 -0.616733
vn 0.721131 0.237226 0.649902
vn 0.724072 0.201532 -0.658386
vn 0.720879 0.362239 -0.585109
vn 0.748153 -0.222058 -0.625168
vn 0.720701 -0.185964 -0.666746
vn 0.722601 -0.237887 0.648818
vn 0.726072 -0.355133 -0.587169
vn 0.718523 -0.459720 -0.517062
vn 0.729117 0.188974 0.657566
vn 0.717769 0.189179 0.670087
vn 0.737101 -0.195627 0.645990
vn 0.736009 -0.230754 -0.636418
vn 0.716537 -0.223119 -0.660375
vn 0.695498 -0.238705 -0.677716
vn 0.718507 -0.309515 -0.621926
vn 0.721386 0.179775 -0.668516
vn 0.702934 0.442766 -0.551113
vn 0.664881 0.421482 0.590202
vn 0.719541 0.199466 0.664999
vn 0.720909 0.196851 0.664231
vn 0.705763 0.201684 0.679128
vn 0.715198 0.179450 0.675251
vn 0.714874 -0.204520 -0.668260
vn 0.710838 -0.206260 -0.672256
vn 0.715416 -0.270760 -0.643823
vn 0.703462 -0.291809 -0.648036
vn 0.714706 -0.257816 -0.650172
vn 0.718747 0.198715 0.666238
vn 0.712213 0.197059 0.673692
vn 0.706667 0.325559 0.626841
vn 0.719622 -0.231359 0.654687
vn 0.719715 -0.230059 0.655045
vn 0.700868 -0.619888 0.339128
vn 0.697156 -0.549758 -0.457514
vn 0.690258 0.479387 0.531132
vn 0.705517 -0.105699 -0.700448
vn 0.696850 0.182955 -0.693255
vn 0.678575 -0.558021 0.466267
vn 0.698183 0.276606 0.659089
vn 0.700938 0.197675 0.685266
vn 0.685270 0.196776 0.700957
vn 0.671691 0.193711 0.715052
vn 0.680293 0.389851 0.618306
vn 0.674638 -0.477738 0.560812
vn 0.660300 0.746095 -0.006279
vn 0.633788 0.643665 0.416509
vn 0.666447 0.153299 0.719027
vn 0.623769 0.731348 -0.241836
vn 0.604126 0.592344 -0.509392
vn 0.623202 0.390429 -0.671602
vn 0.544302 0.763000 -0.348664
vn -0.104198 0.273168 0.954316
vn -0.183883 0.259120 0.947425
vn -0.214692 0.286336 0.933308
vn -0.076608 0.266518 0.959445
vn -0.279075 0.265378 0.904142
vn -0.475833 0.207385 0.805391
vn -0.238967 0.277573 0.930457
vn -0.459635 0.208508 0.820877
vn -0.087445 0.277851 0.954472
vn -0.132682 0.285282 0.945832
vn -0.244625 0.282166 0.927347
vn -0.118994 0.282022 0.948685
vn -0.251599 0.288010 0.923904
vn -0.189608 0.267577 0.941086
vn -0.265709 0.271010 0.925134
vn -0.188168 0.257775 0.944782
vn -0.448613 0.213428 0.823494
vn -0.216422 0.258031 0.939866
vn -0.508106 0.210982 0.787232
vn -0.401823 0.227109 0.850984
vn -0.263237 0.261201 0.928676
vn -0.277959 0.278604 0.919297
vn -0.509110 0.219233 0.790227
vn -0.241788 0.243461 0.923574
vn -0.149623 0.255746 0.954813
vn -0.157241 0.257336 0.952595
vn -0.068764 0.249203 0.965218
vn -0.263866 0.252382 0.914839
vn -0.210183 0.275297 0.937186
vn -0.123027 0.255955 0.957898
vn -0.146656 0.317457 0.936168
vn -0.449647 0.235456 0.830796
vn -0.390043 0.278067 0.852422
vn -0.119825 0.269309 0.954838
vn -0.179316 0.268059 0.945586
vn -0.441418 0.239703 0.823501
vn -0.379006 0.246553 0.854148
vn -0.154049 0.274302 0.948538
vn -0.528462 0.233714 0.773079
vn -0.305719 0.267351 0.867350
vn -0.151263 0.263412 0.952619
vn -0.127965 0.277841 0.951753
vn -0.109639 0.266127 0.957111
vn -0.125718 0.272685 0.953272
vn -0.127991 0.297022 0.945692
vn -0.125428 0.301280 0.944646
vn -0.136466 0.338860 0.929552
vn -0.165310 0.321127 0.930936
vn -0.208412 0.316456 0.924094
vn -0.084035 0.276482 0.956893
vn -0.394605 0.236415 0.821270
vn -0.092749 0.286188 0.953022
vn -0.155475 0.318500 0.934992
vn -0.186248 0.304718 0.931544
vn -0.136141 0.303796 0.942414
vn -0.137485 0.314819 0.938845
vn 0.042866 0.304596 0.921474
vn 0.057502 0.284819 0.932823
vn -0.141723 0.279633 0.949222
vn -0.290575 0.304322 0.900601
vn -0.175242 0.320548 0.927502
vn -0.090899 0.311500 0.944090
vn -0.112343 0.295943 0.948270
vn -0.498316 0.193232 0.801062
vn -0.474012 0.226581 0.823249
vn 0.194198 0.275358 0.904899
vn 0.053853 0.255528 0.935308
vn -0.051788 0.284113 0.956898
vn 0.261593 0.232261 0.901287
vn 0.070062 0.258404 0.933430
vn 0.110367 0.264674 0.927033
vn 0.023775 0.282944 0.943364
vn 0.205861 0.316856 0.893257
vn 0.114969 0.323539 0.916161
vn -0.040396 0.286554 0.957057
vn -0.036414 0.277669 0.959896
vn 0.065631 0.264900 0.949256
vn 0.011968 0.268288 0.955642
vn 0.016037 0.255387 0.961370
vn 0.044655 0.284547 0.945018
vn 0.096789 0.283796 0.940969
vn 0.144837 0.279024 0.934735
vn 0.089821 0.264472 0.947787
vn 0.096841 0.278790 0.941879
vn -0.102867 0.438229 0.888599
vn -0.200783 0.390459 0.896604
vn -0.285833 0.304120 0.904818
vn -0.352310 0.429463 0.809223
vn 0.001281 0.280488 0.958903
vn 0.007216 0.247672 0.967635
vn -0.243292 0.439647 0.858264
vn -0.121104 0.418050 0.897077
vn 0.017787 0.386929 0.918254
vn 0.262369 0.369058 0.871245
vn -0.502828 0.262718 0.792615
vn 0.240338 0.283343 0.914427
vn -0.400717 0.361583 0.833044
vn -0.348191 0.331632 0.872353
vn -0.455027 0.320302 0.818529
vn 0.208570 0.265767 0.923010
vn -0.175609 0.488892 0.851128
vn 0.138762 0.445362 0.858123
vn 0.276303 0.225246 0.920465
vn 0.047605 0.516733 0.848873
vn 0.259262 0.398695 0.867007
vn -0.109393 0.537182 0.830218
vn -0.286103 0.561510 0.759044
vn 0.069304 0.522375 0.823374
vn -0.179443 0.553978 0.808380
vn -0.435329 0.487059 0.744736
vn 0.307129 0.264653 0.907874
vn -0.413274 0.497814 0.749760
vn -0.551283 0.335442 0.750188
vn -0.580765 0.302818 0.744500
vn 0.316058 0.247629 0.911304
vn -0.114756 0.637893 0.752430
vn 0.077829 0.665660 0.729726
vn -0.072139 0.596643 0.792842
vn 0.291291 0.542400 0.772225
vn -0.125730 0.628243 0.761000
vn -0.324664 0.634666 0.678517
vn -0.371522 0.591044 0.705764
vn 0.292110 0.604087 0.729302
vn -0.286091 0.662380 0.678607
vn 0.297161 0.280154 0.912660
vn 0.368776 0.246824 0.890182
vn 0.431256 0.229513 0.855598
vn 0.312135 0.252618 0.915307
vn 0.317028 0.272509 0.908083
vn 0.317639 0.263070 0.909317
vn 0.360494 0.259429 0.894368
vn 0.335785 0.420732 0.840045
vn -0.464637 0.577044 0.669221
vn -0.455494 0.673537 0.573403
vn 0.468813 0.232807 0.834664
vn 0.335173 0.526008 0.774315
vn -0.588926 0.418679 0.679044
vn 0.433010 0.283649 0.852428
vn -0.537866 0.460737 0.701064
vn 0.492208 0.241426 0.826652
vn 0.380314 0.258236 0.887972
vn 0.373186 0.263876 0.889249
vn 0.354091 0.251372 0.900146
vn 0.458107 0.201798 0.857144
vn 0.475183 0.292344 0.819145
vn 0.436978 0.285307 0.844237
vn 0.521436 0.283579 0.792360
vn 0.430597 0.225972 0.873145
vn 0.413669 0.244691 0.876510
vn 0.391911 0.253060 0.884373
vn 0.384477 0.342775 0.856289
vn 0.522455 0.294047 0.787173
vn 0.308915 0.706457 0.605515
vn 0.409289 0.284848 0.866571
vn 0.427669 0.453099 0.771639
vn 0.447526 0.241350 0.859918
vn 0.366734 0.465702 0.803825
vn 0.442126 0.226388 0.867115
vn 0.420290 0.262438 0.868289
vn 0.431203 0.242330 0.868463
vn 0.423816 0.574256 0.691913
vn 0.456861 0.212568 0.863585
vn 0.452580 0.221980 0.863591
vn -0.088226 0.744862 0.657781
vn 0.535788 0.235604 0.803719
vn 0.575249 0.217492 0.783838
vn 0.488559 0.221698 0.843463
vn 0.514275 0.323035 0.792775
vn 0.109831 0.792685 0.588254
vn -0.658114 0.312664 0.680192
vn -0.533651 0.559677 0.622624
vn -0.658904 0.158298 0.731352
vn -0.633861 0.313167 0.697879
vn 0.462140 0.623259 0.616422
vn -0.669120 0.206167 0.711980
vn -0.672675 0.189966 0.714026
vn -0.691244 0.237490 0.680642
vn 0.471577 0.608099 0.627993
vn 0.611014 0.198667 0.765006
vn 0.585918 0.255516 0.763901
vn -0.688964 0.335566 0.641322
vn -0.686617 0.188042 0.702161
vn -0.693575 0.171790 0.699313
vn -0.693742 0.194502 0.692863
vn -0.696156 0.189101 0.691646
vn -0.699466 0.164947 0.694817
vn -0.700966 0.223757 0.676905
vn -0.714357 0.175035 0.677051
vn -0.711253 0.158369 0.684668
vn -0.709514 0.228995 0.666446
vn -0.723501 0.187764 0.663861
vn -0.725004 0.175397 0.665629
vn -0.721536 0.185741 0.666832
vn -0.730289 0.172448 0.660434
vn -0.400388 0.763703 0.491470
vn 0.621032 0.245076 0.743816
vn -0.745603 0.169923 0.644254
vn -0.744689 0.161460 0.647588
vn 0.615429 0.171562 0.769187
vn -0.681225 0.497240 0.537295
vn -0.456049 0.751724 0.476373
vn 0.636474 0.192295 0.746355
vn 0.634593 0.255583 0.727885
vn 0.266880 0.827058 0.485241
vn 0.668812 0.197601 0.716163
vn 0.568831 0.553845 0.608019
vn 0.475257 0.734771 0.476433
vn 0.551559 0.698238 0.456339
vn -0.916460 0.029590 -0.278335
vn -0.940225 0.023020 -0.229462
vn -0.922182 -0.094336 0.242043
vn -0.956553 -0.054005 0.119211
vn -0.940036 0.036550 -0.228728
vn -0.910213 -0.088609 0.271091
vn -0.940574 -0.064198 0.157643
vn -0.896455 0.091601 -0.339519
vn -0.922909 -0.097209 0.210998
vn -0.929910 0.071690 -0.234534
vn -0.941794 -0.101754 0.164770
vn -0.892496 0.136260 -0.342323
vn -0.946739 0.068588 -0.228177
vn -0.980472 -0.035841 -0.117689
vn -0.960426 -0.172049 0.153044
vn -0.970534 -0.212798 0.013534
vn -0.977965 -0.069394 -0.174446
vn -0.970612 0.032240 -0.191480
vn -0.982818 -0.102080 -0.049111
vn -0.977975 -0.029958 0.123319
vn -0.972443 -0.188994 -0.114243
vn -0.960268 -0.226244 -0.108167
vn -0.917798 0.150013 -0.349475
vn -0.813382 0.115204 -0.567630
vn -0.948040 -0.263665 -0.094789
vn -0.932702 0.190172 -0.217049
vn -0.980448 0.160811 0.068446
vn -0.948248 -0.295251 -0.008536
vn -0.930298 -0.340597 -0.098960
vn -0.922856 0.221062 0.267886
vn -0.982627 -0.149337 0.046312
vn -0.904496 -0.308341 -0.232105
vn -0.957782 -0.206568 -0.144592
vn -0.992851 -0.102340 -0.035389
vn -0.940986 -0.171491 -0.235569
vn -0.988999 -0.094722 -0.094559
vn -0.938055 0.065349 0.197873
vn -0.950779 0.010616 0.135707
vn -0.984658 -0.088545 -0.095662
vn -0.844740 0.061746 0.420476
vn -0.962183 0.021716 0.187667
vn -0.995933 -0.079528 0.002655
vn -0.948435 -0.030512 0.111374
vn -0.981858 -0.095393 -0.132144
vn -0.966558 0.011645 0.144053
vn -0.963243 -0.015242 0.077557
vn -0.915909 -0.182063 -0.318336
vn -0.917645 -0.290598 0.242984
vn -0.971422 -0.118701 -0.205359
vn -0.971635 -0.108793 -0.208997
vn -0.968844 -0.124230 -0.214058
vn -0.966117 -0.056556 -0.083764
vn -0.958994 -0.124146 -0.251767
vn -0.983201 -0.049378 0.169459
vn -0.973751 -0.020841 -0.007513
vn -0.951552 -0.089087 0.248820
vn -0.964698 -0.038500 0.026915
vn -0.967247 -0.100007 -0.233201
vn -0.969988 -0.085490 -0.225398
vn -0.966610 -0.102276 -0.234588
vn -0.960464 0.023984 0.158244
vn -0.958348 0.034759 0.169372
vn -0.971274 -0.001109 0.013414
vn -0.937009 -0.097463 -0.289670
vn -0.973252 -0.070154 -0.216751
vn -0.980153 -0.009372 -0.037302
vn -0.982757 -0.010282 -0.047013
vn -0.898535 -0.115066 -0.351751
vn -0.923603 -0.096688 -0.302506
vn -0.986198 0.009201 0.006256
vn -0.986276 0.006234 0.017606
vn -0.983604 -0.054383 -0.168896
vn -0.984567 0.017218 0.057183
vn -0.982429 -0.055123 -0.173107
vn -0.990682 -0.017432 -0.047109
vn -0.986266 -0.051209 -0.148349
vn -0.990624 0.006267 -0.000594
vn -0.989199 0.007721 0.050124
vn -0.983322 -0.045391 -0.170008
vn -0.987505 -0.008648 -0.148888
vn -0.988347 0.060207 0.070451
vn -0.985624 0.089233 -0.022758
vn -0.918405 -0.031222 -0.350600
vn -0.871020 -0.141376 -0.418702
vn -0.979286 0.050036 0.193575
vn -0.978274 0.053355 0.194981
vn -0.883979 -0.086765 -0.419659
vn -0.976725 0.088878 -0.135040
vn -0.876446 0.127628 0.380305
vn -0.863656 0.134393 0.408986
vn -0.894364 0.110335 0.348543
vn -0.952442 0.101475 0.244196
vn -0.882525 -0.130444 -0.395066
vn -0.853994 -0.142549 -0.449252
vn -0.904547 -0.113145 -0.361542
vn -0.907727 -0.110361 -0.355305
vn -0.866404 -0.120470 -0.443371
vn -0.980731 0.056350 0.180054
vn -0.966316 0.196580 0.131066
vn -0.973856 0.157722 -0.027480
vn -0.964007 0.157481 0.186973
vn -0.902118 0.176223 0.346765
vn -0.812474 0.156288 0.509330
vn -0.868289 0.119396 0.407453
vn -0.837232 0.128722 0.483319
vn -0.909308 0.094044 0.323493
vn -0.979422 0.056458 0.193071
vn -0.925023 0.033385 -0.348517
vn -0.961727 0.162834 -0.149773
vn -0.936358 0.012196 -0.332453
vn -0.826555 -0.160058 -0.490145
vn -0.788337 -0.181508 -0.544462
vn -0.836020 -0.151784 -0.461985
vn -0.973191 0.062693 0.220403
vn -0.970200 0.058722 0.234658
vn -0.853782 0.299769 -0.272139
vn -0.958166 -0.124696 -0.248428
vn -0.955599 -0.134126 -0.253945
vn -0.833497 0.086620 -0.506538
vn -0.968371 -0.083273 0.234921
vn -0.968248 -0.081488 0.235676
vn -0.958119 -0.021448 -0.022711
vn -0.921479 0.329403 0.136701
vn -0.963624 0.075784 0.256288
vn -0.930484 0.127051 0.327729
vn -0.892322 -0.095827 0.384306
vn -0.872038 -0.117014 0.417233
vn -0.965423 -0.035009 0.066328
vn -0.917455 0.059012 -0.356912
vn -0.969463 0.000638 -0.044418
vn -0.966570 0.068235 -0.242973
vn -0.976338 0.096736 -0.188808
vn -0.966344 -0.046416 0.187471
vn -0.891975 -0.122770 0.376884
vn -0.982233 0.022050 0.064486
vn -0.980278 0.050489 -0.066789
vn -0.967239 -0.057406 0.239469
vn -0.970489 -0.080289 0.217417
vn -0.988468 -0.002850 0.007433
vn -0.974931 -0.059604 0.162423
vn -0.979167 0.031012 -0.141221
vn -0.979611 -0.070787 0.136687
vn -0.984759 -0.014961 -0.065341
vn -0.985506 -0.067612 0.143541
vn -0.984838 -0.066308 0.004716
vn -0.981067 0.058475 -0.179929
vn -0.933691 0.115744 -0.264491
vn -0.974034 0.107239 -0.196974
vn -0.892493 0.114287 -0.375448
vn -0.809597 0.174240 -0.517467
vn -0.972712 -0.104864 0.188752
vn -0.987566 -0.125697 0.094044
vn -0.994259 -0.082335 0.060769
vn -0.968878 0.002750 -0.192789
vn -0.981279 -0.013328 -0.097174
vn -0.973625 -0.087131 0.120465
vn -0.978529 -0.074859 0.111592
vn -0.983160 0.020360 -0.081779
vn -0.958632 -0.075804 0.204233
vn -0.982366 -0.028284 0.165797
vn -0.978668 0.095179 -0.086424
vn -0.964668 0.051365 0.236920
vn -0.952957 0.199052 -0.056523
vn -0.909282 -0.088593 0.338181
vn -0.938820 0.150340 -0.281865
vn -0.963370 0.060530 -0.255360
vn -0.850597 0.163639 -0.465243
vn -0.963714 0.039371 -0.262250
vn -0.932260 -0.053527 0.326740
vn -0.892293 -0.122164 0.385914
vn -0.924003 -0.098681 0.335706
vn -0.955683 -0.076927 0.284153
vn -0.954653 -0.088326 0.283849
vn -0.814399 0.151080 -0.511685
vn -0.857761 0.109046 -0.434883
vn -0.825343 0.110926 -0.496688
vn -0.812855 0.113835 -0.522521
vn -0.882987 0.088339 -0.407294
vn -0.924481 0.325695 -0.124705
vn -0.894631 -0.133451 0.393746
vn -0.933740 -0.160645 -0.305016
vn -0.913945 -0.167201 -0.348799
vn -0.921241 0.041635 -0.372557
vn -0.909968 0.049151 -0.395391
vn -0.907488 0.095181 0.370870
vn -0.948787 0.072848 0.307151
vn -0.917806 -0.353319 0.154545
vn -0.915850 0.133652 -0.353493
vn -0.886598 0.297574 0.329242
vn -0.951845 0.065013 0.299363
vn -0.949628 0.064269 0.306419
vn -0.907737 0.259813 -0.300611
vn -0.893594 0.202114 0.359615
vn -0.853213 -0.433274 -0.253446
vn -0.799040 0.157475 -0.556085
vn -0.948386 0.062662 0.310830
vn -0.943758 0.083604 0.319077
vn -0.814031 0.097058 -0.555534
vn -0.906056 -0.162324 0.369310
vn -0.862498 -0.155792 0.461526
vn -0.842600 0.009577 0.509037
vn -0.906941 0.220318 0.352293
vn -0.847529 0.337547 -0.366258
vn -0.885952 0.385237 0.137973
vn -0.927685 0.113962 0.354785
vn -0.880867 0.399658 -0.225445
vn -0.875072 0.263446 0.395190
vn -0.838083 -0.012777 -0.531107
vn -0.818081 -0.329280 -0.447807
vn -0.841956 -0.498663 -0.167732
vn -0.807421 -0.417487 0.392596
vn -0.853959 -0.495925 0.076095
vn -0.832839 -0.536978 -0.037754
vn -0.802881 -0.429199 -0.384672
vn -0.823796 0.349502 0.395605
vn -0.850246 -0.252190 0.454281
vn -0.819562 -0.290334 -0.485804
vn -0.835628 -0.083001 -0.536522
vn -0.817558 -0.498130 0.267108
vn -0.849392 0.236212 -0.465595
vn -0.786775 0.284773 -0.530404
vn -0.803909 0.227436 -0.535206
vn -0.851847 0.200122 0.478330
vn -0.899703 0.275439 0.336184
vn -0.926417 0.196940 0.303135
vn -0.760885 0.421299 -0.075401
vn -0.864916 0.254963 0.425011
vn -0.867710 0.467324 -0.071094
vn -0.818126 -0.128100 0.550721
vn -0.762037 0.084789 -0.633790
vn -0.811273 -0.334403 0.466128
vn -0.778282 0.066878 -0.606590
vn -0.809345 0.067732 -0.576279
vn -0.818203 -0.071227 -0.566232
vn -0.832501 0.216926 0.498596
vn -0.805737 0.109993 -0.577643
vn -0.787432 0.108715 -0.601674
vn -0.810559 0.401927 0.405897
vn -0.846117 -0.152131 0.509140
vn -0.828747 -0.107353 -0.546717
vn -0.769720 0.475605 -0.392321
vn -0.781607 -0.198023 0.586004
vn -0.811899 0.445433 -0.361466
vn -0.820131 0.128148 -0.556796
vn -0.825911 0.152805 -0.541839
vn -0.813781 0.325575 0.475991
vn -0.836714 -0.203340 0.507114
vn -0.838680 -0.226672 0.494520
vn -0.802616 0.120732 -0.583008
vn -0.813392 0.534153 -0.173354
vn -0.840776 0.499422 0.191050
vn -0.824179 0.209689 -0.525490
vn -0.830226 -0.173519 0.529361
vn -0.835391 -0.160791 0.525582
vn -0.818313 -0.167419 -0.549668
vn -0.813572 -0.157955 -0.559428
vn -0.822789 0.269316 0.498788
vn -0.827084 0.242625 -0.506779
vn -0.762816 -0.409941 -0.489754
vn -0.802794 0.111059 -0.584878
vn -0.813699 -0.264268 -0.517545
vn -0.790984 -0.553755 -0.246406
vn -0.832018 0.503847 0.227783
vn -0.786993 0.316341 -0.527095
vn -0.752596 0.274889 -0.572755
vn -0.807962 -0.142372 -0.571714
vn -0.788860 -0.183322 -0.585947
vn -0.814900 -0.172917 0.552570
vn -0.801438 0.129627 -0.583683
vn -0.799060 0.126336 -0.587681
vn -0.799672 0.119777 -0.588359
vn -0.802349 -0.194530 0.562030
vn -0.797415 -0.193799 -0.571224
vn -0.778240 -0.194996 -0.595480
vn -0.781085 -0.236060 0.573918
vn -0.783173 -0.293764 0.544750
vn -0.791182 -0.601413 -0.081603
vn -0.781728 -0.616082 0.070551
vn -0.763834 -0.486117 0.413401
vn -0.780470 0.128671 -0.611514
vn -0.753574 -0.500764 -0.415409
vn -0.757613 -0.055827 -0.649309
vn -0.776478 -0.196765 -0.598573
vn -0.769355 -0.596254 0.213294
vn -0.777978 0.115930 -0.617390
vn -0.767257 -0.125917 -0.628650
vn -0.771334 -0.543045 -0.331749
vn -0.764123 0.127662 -0.632018
vn -0.770292 0.157865 0.610351
vn -0.770546 -0.241816 0.589172
vn -0.791857 0.346778 0.502699
vn -0.751580 0.189267 -0.631426
vn -0.773517 0.571520 -0.273870
vn -0.737264 0.520616 -0.400839
vn -0.707620 0.376705 -0.572370
vn -0.754247 -0.260501 0.601898
vn -0.751998 0.204222 -0.626600
vn -0.742607 -0.398351 0.535036
vn -0.734771 -0.447015 0.510154
vn -0.735311 -0.215913 -0.642035
vn -0.770478 0.197595 0.606027
vn -0.762906 0.188829 0.618161
vn -0.759017 0.194760 0.620884
vn -0.763794 0.191968 0.615656
vn -0.745800 0.194719 0.635988
vn -0.766985 0.177320 0.616670
vn -0.756438 0.176441 0.629713
vn -0.745247 -0.225748 0.626070
vn -0.744405 0.206400 -0.634575
vn -0.742585 0.125619 -0.657727
vn -0.759792 -0.025594 0.646117
vn -0.758977 0.142135 0.630867
vn -0.756753 0.085638 0.648067
vn -0.732874 0.104117 -0.671833
vn -0.722946 -0.365454 -0.586073
vn -0.724839 -0.040169 -0.687576
vn -0.748305 -0.207485 0.629965
vn -0.748770 -0.197698 0.632646
vn -0.742446 -0.162068 0.649574
vn -0.722050 0.408946 -0.556778
vn -0.738959 0.311150 -0.591245
vn -0.701558 0.277710 -0.655518
vn -0.722884 0.174331 -0.668188
vn -0.733250 0.197978 -0.650448
vn -0.738684 0.194266 -0.645403
vn -0.715374 0.185087 -0.673328
vn -0.705041 0.166004 -0.689399
vn -0.748991 0.389951 0.535677
vn -0.747062 0.266879 0.608830
vn -0.708396 0.097586 -0.692829
vn -0.709598 -0.222896 -0.668300
vn -0.701633 -0.477944 -0.528434
vn -0.666001 0.209782 -0.713094
vn -0.019232 -0.962679 -0.221058
vn 0.135608 -0.979954 -0.119971
vn 0.016056 -0.984565 0.013054
vn 0.154956 -0.945339 -0.269754
vn 0.266398 -0.944897 -0.155287
vn 0.317790 -0.877625 -0.326957
vn 0.264813 -0.948117 0.068154
vn 0.489226 -0.841436 -0.135642
vn 0.508691 -0.833379 0.070881
vn 0.142415 -0.871438 -0.453479
vn 0.561682 -0.754455 -0.286967
vn -0.009669 -0.867542 -0.474456
vn 0.291477 -0.802318 -0.508034
vn 0.463747 -0.727909 -0.482760
vn 0.131879 -0.806227 -0.572432
vn 0.393732 -0.705134 -0.577471
vn -0.042021 -0.807153 -0.583948
vn -0.181659 -0.933695 -0.257283
vn -0.218067 -0.828863 -0.483760
vn -0.232233 -0.954099 -0.005448
vn -0.266008 -0.773438 -0.559324
vn 0.125945 -0.957947 0.235518
vn -0.412817 -0.864401 -0.247957
vn 0.265299 -0.903699 0.300788
vn -0.070717 -0.954483 0.254663
vn -0.255886 -0.915769 0.261878
vn -0.435880 -0.885069 -0.107423
vn -0.393852 -0.781981 -0.472885
vn 0.448871 -0.825698 0.294061
vn -0.439841 -0.878982 0.146207
vn 0.118775 -0.919996 0.366371
vn -0.103835 -0.919802 0.370608
vn -0.454600 -0.812185 0.335518
vn -0.532298 -0.798610 -0.270409
vn -0.310509 -0.851045 0.403555
vn 0.354210 -0.828777 0.412583
vn -0.380996 -0.741621 -0.552123
vn 0.670536 -0.735115 0.003489
vn 0.685299 -0.705633 -0.169515
vn 0.481848 -0.644062 -0.594144
vn 0.691816 -0.652661 -0.299375
vn 0.456356 -0.758287 0.465553
vn -0.564073 -0.750881 0.330388
vn -0.472417 -0.764312 0.432499
vn -0.034315 0.975539 0.134475
vn -0.211147 0.902978 0.349695
vn -0.014326 0.902413 0.401674
vn -0.198306 0.957969 0.161185
vn -0.338429 0.918098 0.164242
vn -0.398167 0.793166 0.436921
vn -0.212159 0.958389 -0.082597
vn -0.530471 0.807708 0.186186
vn -0.448823 0.859114 -0.108810
vn -0.030516 0.969680 -0.177937
vn -0.202096 0.778923 0.570214
vn -0.009853 0.775939 0.605689
vn -0.558551 0.717967 0.395592
vn -0.356164 0.690504 0.618718
vn 0.210619 0.951684 0.148430
vn 0.241015 0.883188 0.372011
vn 0.233593 0.736336 0.601325
vn -0.514831 0.574504 0.614288
vn -0.224479 0.532230 0.797145
vn -0.028258 0.645073 0.745752
vn -0.371564 0.485132 0.778870
vn -0.668617 0.561282 0.462674
vn -0.651701 0.714842 0.175940
vn -0.595183 0.759321 -0.159120
vn -0.625710 0.478387 0.607068
vn 0.239213 0.648654 0.708291
vn -0.462184 0.424623 0.772778
vn -0.737281 0.504161 0.430554
vn -0.290650 0.394694 0.868636
vn -0.185091 0.398169 0.897810
vn 0.398184 0.786467 0.438728
vn -0.735104 0.677332 0.029043
vn 0.161095 0.959496 -0.157451
vn 0.421550 0.879153 0.144990
vn -0.230571 0.925097 -0.272819
vn 0.404884 0.660840 0.627763
vn 0.384929 0.892280 -0.154516
vn 0.035265 0.953623 -0.281356
vn -0.510666 0.793849 -0.304231
vn 0.250944 0.914579 -0.295742
vn 0.550329 0.819419 0.126214
vn 0.494274 0.848374 -0.113729
vn -0.610402 0.717541 -0.335476
vn 0.411841 0.857737 -0.303347
vn 0.037495 0.866457 -0.449635
vn -0.176745 0.942180 -0.245837
vn 0.010216 0.976198 -0.143056
vn -0.185861 0.859886 -0.441699
vn -0.362888 0.797889 -0.444159
vn -0.362117 0.904626 -0.177874
vn -0.520579 0.794106 -0.248727
vn -0.241275 0.954542 0.046009
vn -0.484568 0.859803 0.033151
vn 0.001245 0.984950 0.087137
vn 0.251920 0.928940 -0.202385
vn -0.147297 0.923362 0.310811
vn 0.227354 0.956187 0.031107
vn 0.034250 0.932910 0.307131
vn -0.337824 0.870540 0.317511
vn -0.544055 0.764410 0.293948
vn 0.239659 0.923873 0.232160
vn 0.315864 0.809675 -0.452327
vn -0.680467 0.715784 -0.003228
vn -0.652785 0.652008 -0.344309
vn -0.196347 0.861529 0.462219
vn -0.006786 0.887126 0.451517
vn -0.398314 0.788809 0.452407
vn -0.703338 0.643401 0.255708
vn -0.611143 0.660370 0.413996
vn -0.729150 0.615783 -0.250558
vn -0.784406 0.612176 -0.030493
vn -0.537773 0.619570 -0.542685
vn -0.181662 0.684554 -0.690272
vn -0.738825 0.542847 0.399317
vn -0.642313 0.550020 -0.518199
vn -0.382241 0.588207 -0.702717
vn 0.027837 0.697981 -0.694813
vn 0.439016 0.883460 0.072335
vn 0.433908 0.840383 -0.279933
vn 0.495915 0.842574 0.196997
vn 0.213006 0.720151 -0.644748
vn -0.280782 0.553657 -0.773473
vn -0.465203 0.492365 -0.732012
vn -0.056068 0.590219 -0.795971
vn 0.450960 0.736600 -0.493201
vn 0.567424 0.801109 0.190405
o geometry_0
usemtl Material
f 1410/1410/1410 1409/1409/1409 1408/1408/1408
f 1411/1411/1411 1409/1409/1409 1410/1410/1410
f 1411/1411/1411 1413/1413/1413 1409/1409/1409
f 1412/1412/1412 1408/1408/1408 1407/1407/1407
f 1407/1407/1407 1406/1406/1406 1405/1405/1405
f 1408/1408/1408 1406/1406/1406 1407/1407/1407
f 1409/1409/1409 1406/1406/1406 1408/1408/1408
f 1405/1405/1405 1406/1406/1406 1403/1403/1403
f 1409/1409/1409 1413/1413/1413 1406/1406/1406
f 1413/1413/1413 1414/1414/1414 1406/1406/1406
f 1414/1414/1414 1403/1403/1403 1406/1406/1406
f 1449/1449/1449 1410/1410/1410 1417/1417/1417
f 1411/1411/1411 1410/1410/1410 1441/1441/1441
f 1490/1490/1490 1417/1417/1417 1412/1412/1412
f 1410/1410/1410 1408/1408/1408 1417/1417/1417
f 1417/1417/1417 1408/1408/1408 1412/1412/1412
f 1523/1523/1523 1412/1412/1412 1407/1407/1407
f 1523/1523/1523 1407/1407/1407 1544/1544/1544
f 1411/1411/1411 1440/1440/1440 1413/1413/1413
f 1407/1407/1407 1405/1405/1405 1544/1544/1544
f 1544/1544/1544 1405/1405/1405 1404/1404/1404
f 1405/1405/1405 1403/1403/1403 1404/1404/1404
f 1415/1415/1415 1414/1414/1414 1413/1413/1413
f 1404/1404/1404 1403/1403/1403 1401/1401/1401
f 1403/1403/1403 1402/1402/1402 1401/1401/1401
f 1413/1413/1413 1470/1470/1470 1415/1415/1415
f 1401/1401/1401 1393/1393/1393 1400/1400/1400
f 1400/1400/1400 1393/1393/1393 1399/1399/1399
f 1402/1402/1402 1393/1393/1393 1401/1401/1401
f 1403/1403/1403 1426/1426/1426 1402/1402/1402
f 1414/1414/1414 1426/1426/1426 1403/1403/1403
f 1415/1415/1415 1443/1443/1443 1414/1414/1414
f 1393/1393/1393 1391/1391/1391 1392/1392/1392
f 1392/1392/1392 1391/1391/1391 1390/1390/1390
f 1393/1393/1393 1416/1416/1416 1391/1391/1391
f 1402/1402/1402 1416/1416/1416 1393/1393/1393
f 1391/1391/1391 1389/1389/1389 1390/1390/1390
f 1383/1383/1383 1381/1381/1381 1385/1385/1385
f 1381/1381/1381 1378/1378/1378 1382/1382/1382
f 1383/1383/1383 1380/1380/1380 1381/1381/1381
f 741/741/741 748/748/748 826/826/826
f 747/747/747 748/748/748 741/741/741
f 826/826/826 748/748/748 809/809/809
f 747/747/747 749/749/749 748/748/748
f 750/750/750 747/747/747 833/833/833
f 748/748/748 808/808/808 809/809/809
f 749/749/749 797/797/797 748/748/748
f 748/748/748 797/797/797 808/808/808
f 750/750/750 749/749/749 747/747/747
f 750/750/750 751/751/751 749/749/749
f 749/749/749 761/761/761 797/797/797
f 751/751/751 761/761/761 749/749/749
f 752/752/752 751/751/751 750/750/750
f 751/751/751 805/805/805 761/761/761
f 754/754/754 805/805/805 751/751/751
f 805/805/805 859/859/859 761/761/761
f 761/761/761 859/859/859 797/797/797
f 753/753/753 751/751/751 752/752/752
f 751/751/751 753/753/753 754/754/754
f 803/803/803 755/755/755 753/753/753
f 755/755/755 754/754/754 753/753/753
f 754/754/754 858/858/858 805/805/805
f 805/805/805 858/858/858 859/859/859
f 755/755/755 756/756/756 754/754/754
f 759/759/759 755/755/755 803/803/803
f 759/759/759 758/758/758 755/755/755
f 755/755/755 757/757/757 756/756/756
f 754/754/754 756/756/756 858/858/858
f 755/755/755 758/758/758 757/757/757
f 758/758/758 762/762/762 757/757/757
f 757/757/757 842/842/842 756/756/756
f 758/758/758 765/765/765 762/762/762
f 757/757/757 762/762/762 842/842/842
f 765/765/765 830/830/830 762/762/762
f 1380/1380/1380 1378/1378/1378 1381/1381/1381
f 1378/1378/1378 1376/1376/1376 1382/1382/1382
f 1380/1380/1380 1379/1379/1379 1378/1378/1378
f 1377/1377/1377 1376/1376/1376 1378/1378/1378
f 1379/1379/1379 1377/1377/1377 1378/1378/1378
f 1377/1377/1377 1370/1370/1370 1376/1376/1376
f 694/694/694 692/692/692 693/693/693
f 693/693/693 692/692/692 690/690/690
f 1449/1449/1449 1417/1417/1417 1477/1477/1477
f 1441/1441/1441 1410/1410/1410 1449/1449/1449
f 1477/1477/1477 1417/1417/1417 1490/1490/1490
f 575/575/575 618/618/618 582/582/582
f 739/739/739 740/740/740 741/741/741
f 740/740/740 747/747/747 741/741/741
f 833/833/833 747/747/747 740/740/740
f 826/826/826 809/809/809 917/917/917
f 929/929/929 750/750/750 898/898/898
f 898/898/898 750/750/750 833/833/833
f 808/808/808 931/931/931 809/809/809
f 809/809/809 931/931/931 934/934/934
f 930/930/930 752/752/752 750/750/750
f 808/808/808 938/938/938 931/931/931
f 797/797/797 938/938/938 808/808/808
f 753/753/753 752/752/752 961/961/961
f 797/797/797 935/935/935 938/938/938
f 859/859/859 935/935/935 797/797/797
f 859/859/859 923/923/923 935/935/935
f 858/858/858 923/923/923 859/859/859
f 759/759/759 760/760/760 758/758/758
f 864/864/864 923/923/923 858/858/858
f 921/921/921 763/763/763 760/760/760
f 756/756/756 864/864/864 858/858/858
f 763/763/763 758/758/758 760/760/760
f 766/766/766 764/764/764 763/763/763
f 763/763/763 764/764/764 758/758/758
f 756/756/756 842/842/842 864/864/864
f 766/766/766 767/767/767 764/764/764
f 764/764/764 765/765/765 758/758/758
f 764/764/764 770/770/770 765/765/765
f 762/762/762 843/843/843 842/842/842
f 762/762/762 830/830/830 843/843/843
f 765/765/765 827/827/827 830/830/830
f 764/764/764 769/769/769 770/770/770
f 770/770/770 821/821/821 765/765/765
f 821/821/821 827/827/827 765/765/765
f 769/769/769 821/821/821 770/770/770
f 1490/1490/1490 1412/1412/1412 1556/1556/1556
f 1452/1452/1452 1411/1411/1411 1441/1441/1441
f 715/715/715 705/705/705 848/848/848
f 848/848/848 705/705/705 708/708/708
f 600/600/600 591/591/591 571/571/571
f 715/715/715 693/693/693 705/705/705
f 705/705/705 690/690/690 708/708/708
f 715/715/715 746/746/746 727/727/727
f 690/690/690 689/689/689 708/708/708
f 708/708/708 689/689/689 723/723/723
f 1452/1452/1452 1454/1454/1454 1411/1411/1411
f 727/727/727 694/694/694 715/715/715
f 690/690/690 688/688/688 689/689/689
f 1454/1454/1454 1440/1440/1440 1411/1411/1411
f 727/727/727 706/706/706 694/694/694
f 689/689/689 681/681/681 720/720/720
f 706/706/706 692/692/692 694/694/694
f 689/689/689 688/688/688 681/681/681
f 572/572/572 590/590/590 601/601/601
f 691/691/691 688/688/688 690/690/690
f 688/688/688 680/680/680 681/681/681
f 1469/1469/1469 1413/1413/1413 1440/1440/1440
f 706/706/706 895/895/895 692/692/692
f 690/690/690 692/692/692 691/691/691
f 688/688/688 691/691/691 680/680/680
f 895/895/895 924/924/924 692/692/692
f 924/924/924 862/862/862 692/692/692
f 692/692/692 862/862/862 691/691/691
f 681/681/681 680/680/680 678/678/678
f 862/862/862 861/861/861 691/691/691
f 691/691/691 861/861/861 709/709/709
f 691/691/691 709/709/709 680/680/680
f 709/709/709 726/726/726 680/680/680
f 665/665/665 663/663/663 667/667/667
f 671/671/671 666/666/666 665/665/665
f 663/663/663 670/670/670 667/667/667
f 665/665/665 666/666/666 664/664/664
f 665/665/665 664/664/664 663/663/663
f 666/666/666 870/870/870 664/664/664
f 670/670/670 663/663/663 661/661/661
f 664/664/664 662/662/662 663/663/663
f 662/662/662 661/661/661 663/663/663
f 662/662/662 658/658/658 661/661/661
f 661/661/661 658/658/658 660/660/660
f 658/658/658 659/659/659 660/660/660
f 658/658/658 682/682/682 659/659/659
f 659/659/659 682/682/682 683/683/683
f 659/659/659 683/683/683 684/684/684
f 684/684/684 683/683/683 685/685/685
f 685/685/685 683/683/683 686/686/686
f 685/685/685 686/686/686 687/687/687
f 735/735/735 739/739/739 744/744/744
f 744/744/744 739/739/739 855/855/855
f 735/735/735 738/738/738 739/739/739
f 855/855/855 741/741/741 908/908/908
f 739/739/739 741/741/741 855/855/855
f 741/741/741 826/826/826 908/908/908
f 738/738/738 740/740/740 739/739/739
f 908/908/908 826/826/826 943/943/943
f 826/826/826 917/917/917 943/943/943
f 844/844/844 833/833/833 740/740/740
f 909/909/909 929/929/929 898/898/898
f 957/957/957 759/759/759 803/803/803
f 759/759/759 948/948/948 760/760/760
f 935/935/935 923/923/923 975/975/975
f 948/948/948 921/921/921 760/760/760
f 923/923/923 927/927/927 975/975/975
f 864/864/864 927/927/927 923/923/923
f 921/921/921 850/850/850 766/766/766
f 921/921/921 766/766/766 763/763/763
f 850/850/850 767/767/767 766/766/766
f 851/851/851 768/768/768 850/850/850
f 850/850/850 768/768/768 767/767/767
f 536/536/536 520/520/520 530/530/530
f 768/768/768 764/764/764 767/767/767
f 841/841/841 768/768/768 851/851/851
f 841/841/841 772/772/772 768/768/768
f 768/768/768 769/769/769 764/764/764
f 830/830/830 950/950/950 843/843/843
f 771/771/771 769/769/769 768/768/768
f 827/827/827 950/950/950 830/830/830
f 773/773/773 772/772/772 840/840/840
f 772/772/772 771/771/771 768/768/768
f 646/646/646 513/513/513 628/628/628
f 771/771/771 777/777/777 769/769/769
f 632/632/632 513/513/513 646/646/646
f 771/771/771 776/776/776 777/777/777
f 769/769/769 817/817/817 821/821/821
f 821/821/821 863/863/863 827/827/827
f 773/773/773 771/771/771 772/772/772
f 769/769/769 777/777/777 817/817/817
f 821/821/821 817/817/817 863/863/863
f 774/774/774 776/776/776 771/771/771
f 776/776/776 815/815/815 777/777/777
f 777/777/777 832/832/832 817/817/817
f 775/775/775 774/774/774 773/773/773
f 773/773/773 774/774/774 771/771/771
f 777/777/777 815/815/815 832/832/832
f 824/824/824 778/778/778 775/775/775
f 778/778/778 774/774/774 775/775/775
f 776/776/776 774/774/774 810/810/810
f 776/776/776 810/810/810 815/815/815
f 831/831/831 781/781/781 824/824/824
f 781/781/781 778/778/778 824/824/824
f 778/778/778 779/779/779 774/774/774
f 774/774/774 816/816/816 810/810/810
f 779/779/779 812/812/812 774/774/774
f 812/812/812 816/816/816 774/774/774
f 778/778/778 781/781/781 780/780/780
f 780/780/780 779/779/779 778/778/778
f 779/779/779 813/813/813 812/812/812
f 813/813/813 837/837/837 812/812/812
f 780/780/780 813/813/813 779/779/779
f 781/781/781 782/782/782 780/780/780
f 780/780/780 811/811/811 813/813/813
f 811/811/811 838/838/838 813/813/813
f 784/784/784 783/783/783 782/782/782
f 782/782/782 783/783/783 780/780/780
f 780/780/780 804/804/804 811/811/811
f 783/783/783 804/804/804 780/780/780
f 823/823/823 787/787/787 784/784/784
f 804/804/804 839/839/839 811/811/811
f 784/784/784 785/785/785 783/783/783
f 823/823/823 788/788/788 787/787/787
f 784/784/784 787/787/787 786/786/786
f 786/786/786 785/785/785 784/784/784
f 783/783/783 785/785/785 814/814/814
f 788/788/788 786/786/786 787/787/787
f 785/785/785 802/802/802 814/814/814
f 786/786/786 802/802/802 785/785/785
f 790/790/790 789/789/789 788/788/788
f 788/788/788 789/789/789 786/786/786
f 786/786/786 800/800/800 801/801/801
f 786/786/786 801/801/801 802/802/802
f 790/790/790 791/791/791 789/789/789
f 789/789/789 795/795/795 786/786/786
f 786/786/786 795/795/795 800/800/800
f 791/791/791 792/792/792 789/789/789
f 792/792/792 793/793/793 789/789/789
f 789/789/789 793/793/793 795/795/795
f 796/796/796 799/799/799 798/798/798
f 888/888/888 715/715/715 860/860/860
f 860/860/860 715/715/715 848/848/848
f 848/848/848 708/708/708 956/956/956
f 888/888/888 746/746/746 715/715/715
f 371/371/371 415/415/415 339/339/339
f 339/339/339 393/393/393 374/374/374
f 723/723/723 720/720/720 981/981/981
f 1413/1413/1413 1469/1469/1469 1470/1470/1470
f 1470/1470/1470 1545/1545/1545 1415/1415/1415
f 727/727/727 887/887/887 706/706/706
f 720/720/720 721/721/721 982/982/982
f 887/887/887 895/895/895 706/706/706
f 721/721/721 681/681/681 678/678/678
f 721/721/721 678/678/678 849/849/849
f 849/849/849 704/704/704 899/899/899
f 1399/1399/1399 1390/1390/1390 1447/1447/1447
f 1545/1545/1545 1443/1443/1443 1415/1415/1415
f 1447/1447/1447 1390/1390/1390 1448/1448/1448
f 704/704/704 677/677/677 899/899/899
f 678/678/678 680/680/680 679/679/679
f 678/678/678 677/677/677 704/704/704
f 899/899/899 677/677/677 900/900/900
f 678/678/678 676/676/676 677/677/677
f 677/677/677 675/675/675 900/900/900
f 862/862/862 882/882/882 861/861/861
f 861/861/861 882/882/882 709/709/709
f 678/678/678 679/679/679 676/676/676
f 900/900/900 675/675/675 874/874/874
f 709/709/709 882/882/882 726/726/726
f 679/679/679 680/680/680 725/725/725
f 677/677/677 676/676/676 675/675/675
f 726/726/726 725/725/725 680/680/680
f 675/675/675 673/673/673 874/874/874
f 874/874/874 673/673/673 875/875/875
f 679/679/679 725/725/725 703/703/703
f 679/679/679 703/703/703 676/676/676
f 676/676/676 674/674/674 675/675/675
f 673/673/673 669/669/669 875/875/875
f 703/703/703 701/701/701 676/676/676
f 674/674/674 673/673/673 675/675/675
f 676/676/676 701/701/701 674/674/674
f 674/674/674 672/672/672 673/673/673
f 701/701/701 702/702/702 674/674/674
f 673/673/673 665/665/665 669/669/669
f 669/669/669 668/668/668 911/911/911
f 701/701/701 856/856/856 702/702/702
f 674/674/674 702/702/702 672/672/672
f 672/672/672 665/665/665 673/673/673
f 665/665/665 668/668/668 669/669/669
f 668/668/668 667/667/667 916/916/916
f 856/856/856 891/891/891 702/702/702
f 672/672/672 671/671/671 665/665/665
f 668/668/668 665/665/665 667/667/667
f 916/916/916 667/667/667 915/915/915
f 702/702/702 881/881/881 672/672/672
f 667/667/667 670/670/670 915/915/915
f 915/915/915 670/670/670 901/901/901
f 672/672/672 881/881/881 671/671/671
f 881/881/881 896/896/896 671/671/671
f 901/901/901 670/670/670 879/879/879
f 896/896/896 870/870/870 671/671/671
f 671/671/671 870/870/870 666/666/666
f 670/670/670 661/661/661 879/879/879
f 879/879/879 661/661/661 835/835/835
f 661/661/661 660/660/660 835/835/835
f 870/870/870 868/868/868 664/664/664
f 835/835/835 660/660/660 834/834/834
f 664/664/664 868/868/868 662/662/662
f 660/660/660 659/659/659 724/724/724
f 834/834/834 660/660/660 724/724/724
f 868/868/868 867/867/867 662/662/662
f 659/659/659 684/684/684 724/724/724
f 724/724/724 684/684/684 716/716/716
f 662/662/662 866/866/866 658/658/658
f 867/867/867 866/866/866 662/662/662
f 684/684/684 685/685/685 716/716/716
f 716/716/716 685/685/685 717/717/717
f 866/866/866 865/865/865 658/658/658
f 658/658/658 865/865/865 682/682/682
f 717/717/717 685/685/685 707/707/707
f 685/685/685 687/687/687 707/707/707
f 865/865/865 869/869/869 682/682/682
f 682/682/682 869/869/869 683/683/683
f 707/707/707 687/687/687 718/718/718
f 869/869/869 871/871/871 683/683/683
f 687/687/687 696/696/696 718/718/718
f 718/718/718 696/696/696 719/719/719
f 696/696/696 698/698/698 719/719/719
f 871/871/871 872/872/872 683/683/683
f 872/872/872 686/686/686 683/683/683
f 686/686/686 695/695/695 687/687/687
f 719/719/719 698/698/698 712/712/712
f 695/695/695 696/696/696 687/687/687
f 872/872/872 695/695/695 686/686/686
f 696/696/696 695/695/695 697/697/697
f 872/872/872 933/933/933 695/695/695
f 698/698/698 699/699/699 712/712/712
f 712/712/712 699/699/699 713/713/713
f 696/696/696 697/697/697 698/698/698
f 698/698/698 697/697/697 699/699/699
f 699/699/699 700/700/700 713/713/713
f 697/697/697 700/700/700 699/699/699
f 700/700/700 711/711/711 713/713/713
f 713/713/713 711/711/711 714/714/714
f 697/697/697 710/710/710 700/700/700
f 700/700/700 710/710/710 711/711/711
f 714/714/714 711/711/711 722/722/722
f 714/714/714 722/722/722 745/745/745
f 710/710/710 728/728/728 711/711/711
f 890/890/890 728/728/728 710/710/710
f 745/745/745 722/722/722 742/742/742
f 711/711/711 728/728/728 722/722/722
f 722/722/722 731/731/731 742/742/742
f 728/728/728 729/729/729 722/722/722
f 742/742/742 731/731/731 743/743/743
f 729/729/729 730/730/730 722/722/722
f 722/722/722 730/730/730 731/731/731
f 731/731/731 734/734/734 743/743/743
f 743/743/743 734/734/734 744/744/744
f 730/730/730 973/973/973 732/732/732
f 730/730/730 732/732/732 731/731/731
f 732/732/732 733/733/733 731/731/731
f 731/731/731 733/733/733 734/734/734
f 734/734/734 735/735/735 744/744/744
f 733/733/733 735/735/735 734/734/734
f 733/733/733 736/736/736 735/735/735
f 736/736/736 737/737/737 735/735/735
f 735/735/735 737/737/737 738/738/738
f 737/737/737 740/740/740 738/738/738
f 737/737/737 844/844/844 740/740/740
f 1620/1620/1620 1592/1592/1592 1622/1622/1622
f 929/929/929 992/992/992 930/930/930
f 934/934/934 931/931/931 1022/1022/1022
f 938/938/938 1022/1022/1022 931/931/931
f 984/984/984 803/803/803 753/753/753
f 984/984/984 753/753/753 983/983/983
f 1033/1033/1033 1027/1027/1027 938/938/938
f 935/935/935 1033/1033/1033 938/938/938
f 985/985/985 957/957/957 803/803/803
f 655/655/655 529/529/529 588/588/588
f 526/526/526 529/529/529 655/655/655
f 959/959/959 921/921/921 958/958/958
f 959/959/959 850/850/850 921/921/921
f 936/936/936 850/850/850 959/959/959
f 936/936/936 851/851/851 850/850/850
f 936/936/936 937/937/937 851/851/851
f 937/937/937 904/904/904 841/841/841
f 937/937/937 841/841/841 851/851/851
f 535/535/535 520/520/520 536/536/536
f 904/904/904 840/840/840 841/841/841
f 903/903/903 840/840/840 904/904/904
f 903/903/903 902/902/902 773/773/773
f 903/903/903 773/773/773 840/840/840
f 513/513/513 514/514/514 628/628/628
f 902/902/902 775/775/775 773/773/773
f 913/913/913 824/824/824 902/902/902
f 902/902/902 824/824/824 775/775/775
f 608/608/608 491/491/491 632/632/632
f 645/645/645 608/608/608 632/632/632
f 832/832/832 946/946/946 817/817/817
f 832/832/832 815/815/815 893/893/893
f 832/832/832 893/893/893 946/946/946
f 853/853/853 831/831/831 854/854/854
f 831/831/831 824/824/824 854/854/854
f 815/815/815 953/953/953 893/893/893
f 642/642/642 494/494/494 609/609/609
f 810/810/810 857/857/857 815/815/815
f 857/857/857 953/953/953 815/815/815
f 816/816/816 857/857/857 810/810/810
f 638/638/638 631/631/631 642/642/642
f 885/885/885 782/782/782 853/853/853
f 836/836/836 816/816/816 812/812/812
f 812/812/812 837/837/837 836/836/836
f 816/816/816 836/836/836 857/857/857
f 885/885/885 883/883/883 784/784/784
f 885/885/885 784/784/784 782/782/782
f 813/813/813 922/922/922 837/837/837
f 884/884/884 823/823/823 883/883/883
f 838/838/838 922/922/922 813/813/813
f 811/811/811 839/839/839 838/838/838
f 886/886/886 823/823/823 884/884/884
f 814/814/814 847/847/847 804/804/804
f 783/783/783 814/814/814 804/804/804
f 804/804/804 847/847/847 839/839/839
f 876/876/876 790/790/790 823/823/823
f 814/814/814 914/914/914 847/847/847
f 647/647/647 644/644/644 636/636/636
f 790/790/790 845/845/845 791/791/791
f 648/648/648 644/644/644 647/647/647
f 845/845/845 825/825/825 791/791/791
f 825/825/825 796/796/796 791/791/791
f 828/828/828 799/799/799 825/825/825
f 825/825/825 799/799/799 796/796/796
f 794/794/794 792/792/792 791/791/791
f 829/829/829 799/799/799 828/828/828
f 796/796/796 794/794/794 791/791/791
f 829/829/829 822/822/822 799/799/799
f 796/796/796 798/798/798 794/794/794
f 822/822/822 807/807/807 799/799/799
f 799/799/799 806/806/806 798/798/798
f 822/822/822 820/820/820 807/807/807
f 807/807/807 806/806/806 799/799/799
f 807/807/807 819/819/819 818/818/818
f 807/807/807 818/818/818 806/806/806
f 820/820/820 819/819/819 807/807/807
f 962/962/962 860/860/860 980/980/980
f 860/860/860 848/848/848 980/980/980
f 980/980/980 848/848/848 1025/1025/1025
f 888/888/888 860/860/860 962/962/962
f 371/371/371 339/339/339 328/328/328
f 940/940/940 746/746/746 888/888/888
f 1399/1399/1399 1392/1392/1392 1390/1390/1390
f 932/932/932 746/746/746 940/940/940
f 932/932/932 727/727/727 746/746/746
f 1414/1414/1414 1443/1443/1443 1426/1426/1426
f 954/954/954 887/887/887 727/727/727
f 932/932/932 954/954/954 727/727/727
f 406/406/406 407/407/407 334/334/334
f 334/334/334 407/407/407 372/372/372
f 954/954/954 969/969/969 887/887/887
f 1390/1390/1390 1388/1388/1388 1448/1448/1448
f 887/887/887 969/969/969 895/895/895
f 1448/1448/1448 1388/1388/1388 1428/1428/1428
f 1402/1402/1402 1424/1424/1424 1416/1416/1416
f 1426/1426/1426 1425/1425/1425 1402/1402/1402
f 1032/1032/1032 924/924/924 895/895/895
f 924/924/924 1032/1032/1032 966/966/966
f 924/924/924 966/966/966 862/862/862
f 966/966/966 967/967/967 862/862/862
f 862/862/862 967/967/967 882/882/882
f 882/882/882 928/928/928 726/726/726
f 726/726/726 928/928/928 725/725/725
f 928/928/928 892/892/892 725/725/725
f 892/892/892 703/703/703 725/725/725
f 911/911/911 668/668/668 916/916/916
f 703/703/703 892/892/892 701/701/701
f 892/892/892 891/891/891 701/701/701
f 891/891/891 856/856/856 701/701/701
f 891/891/891 905/905/905 702/702/702
f 905/905/905 881/881/881 702/702/702
f 881/881/881 926/926/926 896/896/896
f 881/881/881 945/945/945 926/926/926
f 1245/1245/1245 1205/1205/1205 1206/1206/1206
f 896/896/896 918/918/918 870/870/870
f 870/870/870 918/918/918 906/906/906
f 906/906/906 868/868/868 870/870/870
f 906/906/906 925/925/925 868/868/868
f 868/868/868 925/925/925 867/867/867
f 718/718/718 719/719/719 1001/1001/1001
f 719/719/719 712/712/712 1001/1001/1001
f 869/869/869 1008/1008/1008 871/871/871
f 1001/1001/1001 712/712/712 1002/1002/1002
f 1002/1002/1002 713/713/713 1003/1003/1003
f 695/695/695 910/910/910 697/697/697
f 697/697/697 910/910/910 710/710/710
f 910/910/910 890/890/890 710/710/710
f 890/890/890 972/972/972 728/728/728
f 743/743/743 744/744/744 1004/1004/1004
f 744/744/744 855/855/855 996/996/996
f 996/996/996 855/855/855 997/997/997
f 855/855/855 908/908/908 997/997/997
f 733/733/733 976/976/976 877/877/877
f 733/733/733 877/877/877 736/736/736
f 736/736/736 877/877/877 737/737/737
f 877/877/877 844/844/844 737/737/737
f 844/844/844 909/909/909 898/898/898
f 1592/1592/1592 1620/1620/1620 1589/1589/1589
f 949/949/949 909/909/909 942/942/942
f 949/949/949 929/929/929 909/909/909
f 992/992/992 929/929/929 949/949/949
f 938/938/938 1027/1027/1027 1022/1022/1022
f 1005/1005/1005 936/936/936 959/959/959
f 523/523/523 479/479/479 526/526/526
f 530/530/530 520/520/520 523/523/523
f 163/163/163 71/71/71 161/161/161
f 937/937/937 991/991/991 904/904/904
f 535/535/535 514/514/514 520/520/520
f 988/988/988 903/903/903 991/991/991
f 991/991/991 903/903/903 904/904/904
f 988/988/988 902/902/902 903/903/903
f 628/628/628 514/514/514 535/535/535
f 913/913/913 902/902/902 988/988/988
f 632/632/632 491/491/491 513/513/513
f 947/947/947 853/853/853 913/913/913
f 609/609/609 493/493/493 608/608/608
f 947/947/947 919/919/919 853/853/853
f 919/919/919 885/885/885 853/853/853
f 642/642/642 631/631/631 494/494/494
f 919/919/919 920/920/920 885/885/885
f 639/639/639 496/496/496 638/638/638
f 640/640/640 518/518/518 639/639/639
f 641/641/641 519/519/519 640/640/640
f 634/634/634 502/502/502 633/633/633
f 502/502/502 519/519/519 633/633/633
f 633/633/633 519/519/519 641/641/641
f 635/635/635 533/533/533 502/502/502
f 635/635/635 502/502/502 634/634/634
f 894/894/894 790/790/790 876/876/876
f 894/894/894 897/897/897 790/790/790
f 897/897/897 845/845/845 790/790/790
f 644/644/644 522/522/522 636/636/636
f 825/825/825 845/845/845 897/897/897
f 648/648/648 649/649/649 510/510/510
f 650/650/650 509/509/509 649/649/649
f 951/951/951 829/829/829 828/828/828
f 651/651/651 506/506/506 650/650/650
f 873/873/873 822/822/822 829/829/829
f 653/653/653 507/507/507 652/652/652
f 873/873/873 820/820/820 822/822/822
f 873/873/873 878/878/878 820/820/820
f 995/995/995 794/794/794 798/798/798
f 806/806/806 964/964/964 798/798/798
f 798/798/798 964/964/964 995/995/995
f 878/878/878 880/880/880 820/820/820
f 880/880/880 846/846/846 820/820/820
f 806/806/806 818/818/818 964/964/964
f 820/820/820 846/846/846 819/819/819
f 846/846/846 852/852/852 819/819/819
f 819/819/819 852/852/852 818/818/818
f 818/818/818 912/912/912 964/964/964
f 852/852/852 912/912/912 818/818/818
f 1425/1425/1425 1424/1424/1424 1402/1402/1402
f 1386/1386/1386 1421/1421/1421 1428/1428/1428
f 952/952/952 888/888/888 962/962/962
f 1388/1388/1388 1386/1386/1386 1428/1428/1428
f 952/952/952 940/940/940 888/888/888
f 1390/1390/1390 1389/1389/1389 1388/1388/1388
f 1388/1388/1388 1387/1387/1387 1386/1386/1386
f 932/932/932 1034/1034/1034 954/954/954
f 372/372/372 394/394/394 292/292/292
f 969/969/969 1032/1032/1032 895/895/895
f 404/404/404 405/405/405 327/327/327
f 1243/1243/1243 1195/1195/1195 1192/1192/1192
f 874/874/874 875/875/875 993/993/993
f 1192/1192/1192 1236/1236/1236 1243/1243/1243
f 1192/1192/1192 1185/1185/1185 1236/1236/1236
f 875/875/875 907/907/907 994/994/994
f 994/994/994 907/907/907 1012/1012/1012
f 967/967/967 928/928/928 882/882/882
f 907/907/907 911/911/911 1012/1012/1012
f 1012/1012/1012 911/911/911 1013/1013/1013
f 317/317/317 408/408/408 316/316/316
f 316/316/316 408/408/408 315/315/315
f 892/892/892 955/955/955 891/891/891
f 315/315/315 408/408/408 397/397/397
f 891/891/891 998/998/998 965/965/965
f 891/891/891 965/965/965 905/905/905
f 905/905/905 945/945/945 881/881/881
f 398/398/398 410/410/410 299/299/299
f 410/410/410 411/411/411 301/301/301
f 299/299/299 410/410/410 301/301/301
f 1206/1206/1206 1219/1219/1219 1245/1245/1245
f 411/411/411 412/412/412 301/301/301
f 1219/1219/1219 1167/1167/1167 1242/1242/1242
f 906/906/906 1031/1031/1031 925/925/925
f 925/925/925 1031/1031/1031 1030/1030/1030
f 925/925/925 1030/1030/1030 867/867/867
f 413/413/413 414/414/414 302/302/302
f 867/867/867 1030/1030/1030 866/866/866
f 302/302/302 409/409/409 303/303/303
f 1029/1029/1029 1011/1011/1011 866/866/866
f 866/866/866 1011/1011/1011 865/865/865
f 865/865/865 1009/1009/1009 869/869/869
f 1009/1009/1009 1010/1010/1010 869/869/869
f 375/375/375 314/314/314 313/313/313
f 1010/1010/1010 1008/1008/1008 869/869/869
f 871/871/871 1008/1008/1008 960/960/960
f 871/871/871 960/960/960 872/872/872
f 416/416/416 417/417/417 340/340/340
f 960/960/960 939/939/939 872/872/872
f 872/872/872 939/939/939 933/933/933
f 417/417/417 321/321/321 340/340/340
f 417/417/417 318/318/318 321/321/321
f 933/933/933 939/939/939 695/695/695
f 745/745/745 742/742/742 1016/1016/1016
f 695/695/695 939/939/939 910/910/910
f 890/890/890 971/971/971 972/972/972
f 728/728/728 972/972/972 729/729/729
f 732/732/732 976/976/976 733/733/733
f 877/877/877 977/977/977 942/942/942
f 877/877/877 942/942/942 844/844/844
f 942/942/942 909/909/909 844/844/844
f 130/130/130 132/132/132 147/147/147
f 588/588/588 532/532/532 643/643/643
f 122/122/122 131/131/131 113/113/113
f 529/529/529 504/504/504 588/588/588
f 72/72/72 163/163/163 162/162/162
f 66/66/66 161/161/161 71/71/71
f 67/67/67 174/174/174 161/161/161
f 75/75/75 146/146/146 174/174/174
f 513/513/513 474/474/474 514/514/514
f 608/608/608 493/493/493 491/491/491
f 125/125/125 86/86/86 126/126/126
f 494/494/494 493/493/493 609/609/609
f 638/638/638 503/503/503 631/631/631
f 638/638/638 496/496/496 503/503/503
f 639/639/639 518/518/518 496/496/496
f 518/518/518 517/517/517 496/496/496
f 640/640/640 519/519/519 518/518/518
f 636/636/636 522/522/522 533/533/533
f 636/636/636 533/533/533 635/635/635
f 944/944/944 825/825/825 897/897/897
f 944/944/944 828/828/828 825/825/825
f 951/951/951 828/828/828 944/944/944
f 649/649/649 509/509/509 510/510/510
f 650/650/650 506/506/506 509/509/509
f 873/873/873 829/829/829 951/951/951
f 652/652/652 506/506/506 651/651/651
f 794/794/794 1020/1020/1020 1021/1021/1021
f 995/995/995 1020/1020/1020 794/794/794
f 880/880/880 889/889/889 846/846/846
f 912/912/912 987/987/987 964/964/964
f 889/889/889 941/941/941 846/846/846
f 846/846/846 941/941/941 852/852/852
f 941/941/941 963/963/963 852/852/852
f 852/852/852 963/963/963 912/912/912
f 962/962/962 1039/1039/1039 952/952/952
f 1038/1038/1038 940/940/940 952/952/952
f 1037/1037/1037 932/932/932 940/940/940
f 932/932/932 1037/1037/1037 1034/1034/1034
f 339/339/339 374/374/374 334/334/334
f 1416/1416/1416 1389/1389/1389 1391/1391/1391
f 1416/1416/1416 1423/1423/1423 1389/1389/1389
f 1421/1421/1421 1385/1385/1385 1420/1420/1420
f 1248/1248/1248 1247/1247/1247 1214/1214/1214
f 1386/1386/1386 1385/1385/1385 1421/1421/1421
f 1387/1387/1387 1384/1384/1384 1386/1386/1386
f 1386/1386/1386 1384/1384/1384 1385/1385/1385
f 1420/1420/1420 1385/1385/1385 1419/1419/1419
f 1214/1214/1214 1159/1159/1159 1195/1195/1195
f 967/967/967 1017/1017/1017 928/928/928
f 1018/1018/1018 974/974/974 928/928/928
f 928/928/928 974/974/974 892/892/892
f 974/974/974 955/955/955 892/892/892
f 315/315/315 397/397/397 308/308/308
f 999/999/999 998/998/998 955/955/955
f 955/955/955 998/998/998 891/891/891
f 309/309/309 398/398/398 300/300/300
f 1239/1239/1239 1180/1180/1180 1220/1220/1220
f 1220/1220/1220 1180/1180/1180 1208/1208/1208
f 1208/1208/1208 1178/1178/1178 1205/1205/1205
f 1205/1205/1205 1178/1178/1178 1166/1166/1166
f 1205/1205/1205 1166/1166/1166 1206/1206/1206
f 1219/1219/1219 1206/1206/1206 1167/1167/1167
f 1167/1167/1167 1175/1175/1175 1242/1242/1242
f 1030/1030/1030 1029/1029/1029 866/866/866
f 1011/1011/1011 1009/1009/1009 865/865/865
f 970/970/970 971/971/971 890/890/890
f 910/910/910 970/970/970 890/890/890
f 320/320/320 373/373/373 326/326/326
f 972/972/972 990/990/990 729/729/729
f 729/729/729 990/990/990 730/730/730
f 730/730/730 990/990/990 973/973/973
f 490/490/490 504/504/504 529/529/529
f 526/526/526 490/490/490 529/529/529
f 479/479/479 490/490/490 526/526/526
f 523/523/523 520/520/520 478/478/478
f 477/477/477 478/478/478 520/520/520
f 476/476/476 477/477/477 520/520/520
f 514/514/514 476/476/476 520/520/520
f 475/475/475 476/476/476 514/514/514
f 474/474/474 475/475/475 514/514/514
f 513/513/513 491/491/491 474/474/474
f 631/631/631 503/503/503 494/494/494
f 989/989/989 951/951/951 944/944/944
f 644/644/644 510/510/510 511/511/511
f 1006/1006/1006 873/873/873 951/951/951
f 652/652/652 507/507/507 506/506/506
f 873/873/873 986/986/986 878/878/878
f 878/878/878 978/978/978 880/880/880
f 880/880/880 968/968/968 889/889/889
f 964/964/964 987/987/987 995/995/995
f 889/889/889 968/968/968 941/941/941
f 1710/1710/1710 1687/1687/1687 1704/1704/1704
f 328/328/328 296/296/296 295/295/295
f 1387/1387/1387 1389/1389/1389 1394/1394/1394
f 1703/1703/1703 1705/1705/1705 1711/1711/1711
f 1394/1394/1394 1384/1384/1384 1387/1387/1387
f 1247/1247/1247 1193/1193/1193 1214/1214/1214
f 1389/1389/1389 1397/1397/1397 1394/1394/1394
f 1193/1193/1193 1159/1159/1159 1214/1214/1214
f 1419/1419/1419 1381/1381/1381 1418/1418/1418
f 236/236/236 369/369/369 235/235/235
f 1185/1185/1185 1187/1187/1187 1236/1236/1236
f 1236/1236/1236 1187/1187/1187 1186/1186/1186
f 1017/1017/1017 1018/1018/1018 928/928/928
f 974/974/974 999/999/999 955/955/955
f 1239/1239/1239 1184/1184/1184 1180/1180/1180
f 1208/1208/1208 1180/1180/1180 1178/1178/1178
f 1206/1206/1206 1166/1166/1166 1167/1167/1167
f 1167/1167/1167 1168/1168/1168 1175/1175/1175
f 1196/1196/1196 1171/1171/1171 1190/1190/1190
f 1202/1202/1202 1198/1198/1198 1207/1207/1207
f 1207/1207/1207 1198/1198/1198 1200/1200/1200
f 990/990/990 1028/1028/1028 973/973/973
f 973/973/973 1028/1028/1028 1019/1019/1019
f 973/973/973 1019/1019/1019 732/732/732
f 1019/1019/1019 976/976/976 732/732/732
f 976/976/976 977/977/977 877/877/877
f 588/588/588 504/504/504 532/532/532
f 92/92/92 117/117/117 86/86/86
f 497/497/497 518/518/518 519/519/519
f 502/502/502 497/497/497 519/519/519
f 60/60/60 151/151/151 61/61/61
f 57/57/57 176/176/176 151/151/151
f 533/533/533 500/500/500 502/502/502
f 58/58/58 177/177/177 176/176/176
f 522/522/522 500/500/500 533/533/533
f 59/59/59 177/177/177 58/58/58
f 501/501/501 500/500/500 522/522/522
f 511/511/511 501/501/501 522/522/522
f 510/510/510 495/495/495 511/511/511
f 180/180/180 181/181/181 177/177/177
f 1006/1006/1006 986/986/986 873/873/873
f 986/986/986 978/978/978 878/878/878
f 978/978/978 979/979/979 880/880/880
f 979/979/979 968/968/968 880/880/880
f 979/979/979 1035/1035/1035 968/968/968
f 912/912/912 1000/1000/1000 987/987/987
f 963/963/963 1000/1000/1000 912/912/912
f 1385/1385/1385 1381/1381/1381 1419/1419/1419
f 1418/1418/1418 1381/1381/1381 1382/1382/1382
f 1394/1394/1394 1395/1395/1395 1384/1384/1384
f 1703/1703/1703 1686/1686/1686 1705/1705/1705
f 1384/1384/1384 1380/1380/1380 1383/1383/1383
f 1384/1384/1384 1396/1396/1396 1380/1380/1380
f 1395/1395/1395 1396/1396/1396 1384/1384/1384
f 1396/1396/1396 1379/1379/1379 1380/1380/1380
f 1195/1195/1195 1159/1159/1159 1145/1145/1145
f 1195/1195/1195 1145/1145/1145 1192/1192/1192
f 1192/1192/1192 1145/1145/1145 1185/1185/1185
f 1182/1182/1182 1155/1155/1155 1183/1183/1183
f 1183/1183/1183 1155/1155/1155 1184/1184/1184
f 1184/1184/1184 1143/1143/1143 1180/1180/1180
f 1180/1180/1180 1140/1140/1140 1136/1136/1136
f 1180/1180/1180 1136/1136/1136 1178/1178/1178
f 1175/1175/1175 1168/1168/1168 1169/1169/1169
f 1169/1169/1169 1168/1168/1168 1124/1124/1124
f 1169/1169/1169 1124/1124/1124 1165/1165/1165
f 313/313/313 314/314/314 226/226/226
f 1196/1196/1196 1170/1170/1170 1171/1171/1171
f 314/314/314 333/333/333 267/267/267
f 333/333/333 340/340/340 267/267/267
f 1189/1189/1189 1190/1190/1190 1171/1171/1171
f 1189/1189/1189 1111/1111/1111 1188/1188/1188
f 1189/1189/1189 1188/1188/1188 1203/1203/1203
f 1203/1203/1203 1188/1188/1188 1202/1202/1202
f 1202/1202/1202 1188/1188/1188 1109/1109/1109
f 1202/1202/1202 1109/1109/1109 1198/1198/1198
f 1199/1199/1199 1106/1106/1106 1194/1194/1194
f 1597/1597/1597 1595/1595/1595 1594/1594/1594
f 1019/1019/1019 1024/1024/1024 976/976/976
f 976/976/976 1024/1024/1024 977/977/977
f 1201/1201/1201 1218/1218/1218 1246/1246/1246
f 188/188/188 159/159/159 179/179/179
f 48/48/48 113/113/113 114/114/114
f 67/67/67 4/4/4 75/75/75
f 491/491/491 471/471/471 474/474/474
f 493/493/493 473/473/473 491/491/491
f 494/494/494 473/473/473 493/493/493
f 503/503/503 492/492/492 494/494/494
f 518/518/518 497/497/497 517/517/517
f 63/63/63 180/180/180 177/177/177
f 495/495/495 501/501/501 511/511/511
f 509/509/509 495/495/495 510/510/510
f 509/509/509 498/498/498 495/495/495
f 112/112/112 187/187/187 180/180/180
f 506/506/506 498/498/498 509/509/509
f 986/986/986 1040/1040/1040 978/978/978
f 507/507/507 499/499/499 506/506/506
f 515/515/515 505/505/505 507/507/507
f 1666/1666/1666 1659/1659/1659 1656/1656/1656
f 527/527/527 512/512/512 516/516/516
f 537/537/537 524/524/524 527/527/527
f 968/968/968 1007/1007/1007 941/941/941
f 1007/1007/1007 1036/1036/1036 941/941/941
f 1036/1036/1036 963/963/963 941/941/941
f 1687/1687/1687 1680/1680/1680 1704/1704/1704
f 1680/1680/1680 1682/1682/1682 1703/1703/1703
f 1680/1680/1680 1703/1703/1703 1704/1704/1704
f 1682/1682/1682 1686/1686/1686 1703/1703/1703
f 1244/1244/1244 1193/1193/1193 1247/1247/1247
f 1375/1375/1375 1370/1370/1370 1374/1374/1374
f 1375/1375/1375 1376/1376/1376 1370/1370/1370
f 1374/1374/1374 1370/1370/1370 1369/1369/1369
f 1145/1145/1145 1114/1114/1114 1185/1185/1185
f 1185/1185/1185 1114/1114/1114 1187/1187/1187
f 1187/1187/1187 1114/1114/1114 1186/1186/1186
f 1114/1114/1114 1097/1097/1097 1186/1186/1186
f 1186/1186/1186 1097/1097/1097 1181/1181/1181
f 1097/1097/1097 1098/1098/1098 1181/1181/1181
f 1181/1181/1181 1098/1098/1098 1182/1182/1182
f 1098/1098/1098 1151/1151/1151 1182/1182/1182
f 1182/1182/1182 1151/1151/1151 1155/1155/1155
f 1184/1184/1184 1155/1155/1155 1143/1143/1143
f 1180/1180/1180 1143/1143/1143 1140/1140/1140
f 1178/1178/1178 1136/1136/1136 1166/1166/1166
f 1136/1136/1136 1118/1118/1118 1166/1166/1166
f 1166/1166/1166 1118/1118/1118 1117/1117/1117
f 1166/1166/1166 1117/1117/1117 1167/1167/1167
f 1117/1117/1117 1123/1123/1123 1167/1167/1167
f 1167/1167/1167 1123/1123/1123 1168/1168/1168
f 1124/1124/1124 1121/1121/1121 1165/1165/1165
f 1165/1165/1165 1121/1121/1121 1170/1170/1170
f 1170/1170/1170 1122/1122/1122 1171/1171/1171
f 267/267/267 321/321/321 232/232/232
f 1189/1189/1189 1171/1171/1171 1111/1111/1111
f 1198/1198/1198 1106/1106/1106 1200/1200/1200
f 1199/1199/1199 1200/1200/1200 1106/1106/1106
f 69/69/69 148/148/148 120/120/120
f 49/49/49 113/113/113 48/48/48
f 38/38/38 72/72/72 82/82/82
f 475/475/475 433/433/433 476/476/476
f 475/475/475 474/474/474 433/433/433
f 492/492/492 473/473/473 494/494/494
f 496/496/496 492/492/492 503/503/503
f 517/517/517 497/497/497 496/496/496
f 502/502/502 467/467/467 497/497/497
f 112/112/112 170/170/170 187/187/187
f 505/505/505 499/499/499 507/507/507
f 1667/1667/1667 1659/1659/1659 1666/1666/1666
f 1667/1667/1667 1662/1662/1662 1659/1659/1659
f 516/516/516 505/505/505 515/515/515
f 512/512/512 505/505/505 516/516/516
f 1035/1035/1035 1007/1007/1007 968/968/968
f 637/637/637 521/521/521 537/537/537
f 537/537/537 521/521/521 524/524/524
f 629/629/629 521/521/521 637/637/637
f 1379/1379/1379 1446/1446/1446 1377/1377/1377
f 1305/1305/1305 1368/1368/1368 1369/1369/1369
f 1193/1193/1193 1157/1157/1157 1159/1159/1159
f 1370/1370/1370 1305/1305/1305 1369/1369/1369
f 1155/1155/1155 1119/1119/1119 1143/1143/1143
f 298/298/298 302/302/302 219/219/219
f 1123/1123/1123 1124/1124/1124 1168/1168/1168
f 1170/1170/1170 1121/1121/1121 1122/1122/1122
f 1122/1122/1122 1120/1120/1120 1171/1171/1171
f 1171/1171/1171 1120/1120/1120 1112/1112/1112
f 1112/1112/1112 1111/1111/1111 1171/1171/1171
f 1188/1188/1188 1111/1111/1111 1110/1110/1110
f 1188/1188/1188 1110/1110/1110 1109/1109/1109
f 1198/1198/1198 1107/1107/1107 1106/1106/1106
f 1106/1106/1106 1113/1113/1113 1194/1194/1194
f 1194/1194/1194 1113/1113/1113 1191/1191/1191
f 1191/1191/1191 1134/1134/1134 1172/1172/1172
f 1172/1172/1172 1176/1176/1176 1197/1197/1197
f 1197/1197/1197 1176/1176/1176 1201/1201/1201
f 1201/1201/1201 1163/1163/1163 1218/1218/1218
f 52/52/52 134/134/134 69/69/69
f 504/504/504 531/531/531 532/532/532
f 490/490/490 462/462/462 504/504/504
f 492/492/492 472/472/472 473/473/473
f 469/469/469 472/472/472 492/492/492
f 496/496/496 469/469/469 492/492/492
f 497/497/497 470/470/470 496/496/496
f 500/500/500 467/467/467 502/502/502
f 506/506/506 499/499/499 498/498/498
f 1669/1669/1669 1665/1665/1665 1662/1662/1662
f 1669/1669/1669 1662/1662/1662 1667/1667/1667
f 1656/1656/1656 1642/1642/1642 1661/1661/1661
f 524/524/524 512/512/512 527/527/527
f 656/656/656 538/538/538 629/629/629
f 1377/1377/1377 1432/1432/1432 1370/1370/1370
f 1687/1687/1687 1670/1670/1670 1680/1680/1680
f 1368/1368/1368 1305/1305/1305 1304/1304/1304
f 1680/1680/1680 1672/1672/1672 1682/1682/1682
f 231/231/231 291/291/291 229/229/229
f 1370/1370/1370 1431/1431/1431 1305/1305/1305
f 1672/1672/1672 1679/1679/1679 1682/1682/1682
f 1432/1432/1432 1431/1431/1431 1370/1370/1370
f 1304/1304/1304 1303/1303/1303 1302/1302/1302
f 1305/1305/1305 1303/1303/1303 1304/1304/1304
f 1244/1244/1244 1209/1209/1209 1193/1193/1193
f 1303/1303/1303 1249/1249/1249 1302/1302/1302
f 1303/1303/1303 1367/1367/1367 1249/1249/1249
f 1302/1302/1302 1249/1249/1249 1251/1251/1251
f 1249/1249/1249 1250/1250/1250 1251/1251/1251
f 1438/1438/1438 1300/1300/1300 1294/1294/1294
f 1294/1294/1294 1300/1300/1300 1298/1298/1298
f 1438/1438/1438 1309/1309/1309 1300/1300/1300
f 1439/1439/1439 1309/1309/1309 1438/1438/1438
f 1157/1157/1157 1144/1144/1144 1159/1159/1159
f 1159/1159/1159 1144/1144/1144 1145/1145/1145
f 1145/1145/1145 1144/1144/1144 1133/1133/1133
f 1145/1145/1145 1133/1133/1133 1114/1114/1114
f 1114/1114/1114 1095/1095/1095 1097/1097/1097
f 1151/1151/1151 1119/1119/1119 1155/1155/1155
f 1143/1143/1143 1119/1119/1119 1130/1130/1130
f 1143/1143/1143 1130/1130/1130 1140/1140/1140
f 1130/1130/1130 1129/1129/1129 1140/1140/1140
f 1136/1136/1136 1140/1140/1140 1129/1129/1129
f 1198/1198/1198 1109/1109/1109 1107/1107/1107
f 1113/1113/1113 1134/1134/1134 1191/1191/1191
f 531/531/531 593/593/593 606/606/606
f 479/479/479 438/438/438 490/490/490
f 438/438/438 462/462/462 490/490/490
f 476/476/476 435/435/435 477/477/477
f 496/496/496 470/470/470 469/469/469
f 500/500/500 468/468/468 467/467/467
f 501/501/501 468/468/468 500/500/500
f 501/501/501 495/495/495 468/468/468
f 112/112/112 111/111/111 170/170/170
f 1662/1662/1662 1640/1640/1640 1659/1659/1659
f 1642/1642/1642 1651/1651/1651 1661/1661/1661
f 656/656/656 627/627/627 538/538/538
f 629/629/629 538/538/538 521/521/521
f 1680/1680/1680 1670/1670/1670 1672/1672/1672
f 1679/1679/1679 1683/1683/1683 1686/1686/1686
f 1682/1682/1682 1679/1679/1679 1686/1686/1686
f 1683/1683/1683 1691/1691/1691 1686/1686/1686
f 1193/1193/1193 1209/1209/1209 1157/1157/1157
f 1097/1097/1097 1096/1096/1096 1098/1098/1098
f 1098/1098/1098 1119/1119/1119 1151/1151/1151
f 1124/1124/1124 1115/1115/1115 1121/1121/1121
f 1172/1172/1172 1148/1148/1148 1176/1176/1176
f 1201/1201/1201 1176/1176/1176 1163/1163/1163
f 1603/1603/1603 1584/1584/1584 1588/1588/1588
f 504/504/504 508/508/508 531/531/531
f 462/462/462 489/489/489 504/504/504
f 437/437/437 438/438/438 478/478/478
f 477/477/477 437/437/437 478/478/478
f 435/435/435 437/437/437 477/477/477
f 433/433/433 435/435/435 476/476/476
f 474/474/474 431/431/431 433/433/433
f 473/473/473 429/429/429 471/471/471
f 497/497/497 467/467/467 470/470/470
f 498/498/498 454/454/454 495/495/495
f 499/499/499 454/454/454 498/498/498
f 1662/1662/1662 1665/1665/1665 1658/1658/1658
f 1662/1662/1662 1658/1658/1658 1640/1640/1640
f 463/463/463 455/455/455 499/499/499
f 505/505/505 463/463/463 499/499/499
f 1640/1640/1640 1641/1641/1641 1659/1659/1659
f 1659/1659/1659 1641/1641/1641 1656/1656/1656
f 480/480/480 505/505/505 512/512/512
f 1656/1656/1656 1641/1641/1641 1642/1642/1642
f 524/524/524 488/488/488 512/512/512
f 521/521/521 488/488/488 524/524/524
f 538/538/538 486/486/486 521/521/521
f 1439/1439/1439 1310/1310/1310 1309/1309/1309
f 380/380/380 343/343/343 342/342/342
f 1434/1434/1434 1310/1310/1310 1439/1439/1439
f 1433/1433/1433 1310/1310/1310 1434/1434/1434
f 1309/1309/1309 1307/1307/1307 1300/1300/1300
f 1097/1097/1097 1095/1095/1095 1096/1096/1096
f 1119/1119/1119 1098/1098/1098 1092/1092/1092
f 1136/1136/1136 1129/1129/1129 1118/1118/1118
f 1118/1118/1118 1049/1049/1049 1117/1117/1117
f 1121/1121/1121 1108/1108/1108 1122/1122/1122
f 1134/1134/1134 1142/1142/1142 1172/1172/1172
f 1172/1172/1172 1142/1142/1142 1148/1148/1148
f 471/471/471 431/431/431 474/474/474
f 472/472/472 426/426/426 473/473/473
f 454/454/454 453/453/453 495/495/495
f 455/455/455 454/454/454 499/499/499
f 488/488/488 480/480/480 512/512/512
f 486/486/486 488/488/488 521/521/521
f 1433/1433/1433 1311/1311/1311 1310/1310/1310
f 1310/1310/1310 1307/1307/1307 1309/1309/1309
f 1311/1311/1311 1307/1307/1307 1310/1310/1310
f 1353/1353/1353 1311/1311/1311 1433/1433/1433
f 1311/1311/1311 1312/1312/1312 1307/1307/1307
f 1311/1311/1311 1313/1313/1313 1312/1312/1312
f 1353/1353/1353 1352/1352/1352 1311/1311/1311
f 1313/1313/1313 1361/1361/1361 1312/1312/1312
f 1352/1352/1352 1314/1314/1314 1311/1311/1311
f 1352/1352/1352 1339/1339/1339 1314/1314/1314
f 1314/1314/1314 1313/1313/1313 1311/1311/1311
f 1156/1156/1156 1146/1146/1146 1144/1144/1144
f 1157/1157/1157 1156/1156/1156 1144/1144/1144
f 1144/1144/1144 1125/1125/1125 1133/1133/1133
f 1133/1133/1133 1125/1125/1125 1102/1102/1102
f 1133/1133/1133 1102/1102/1102 1114/1114/1114
f 1102/1102/1102 1095/1095/1095 1114/1114/1114
f 1096/1096/1096 1092/1092/1092 1098/1098/1098
f 1119/1119/1119 1067/1067/1067 1130/1130/1130
f 1129/1129/1129 1044/1044/1044 1118/1118/1118
f 1041/1041/1041 1049/1049/1049 1118/1118/1118
f 1049/1049/1049 1116/1116/1116 1117/1117/1117
f 1117/1117/1117 1116/1116/1116 1123/1123/1123
f 1115/1115/1115 1108/1108/1108 1121/1121/1121
f 1122/1122/1122 1108/1108/1108 1120/1120/1120
f 1112/1112/1112 1074/1074/1074 1111/1111/1111
f 1176/1176/1176 1148/1148/1148 1163/1163/1163
f 154/154/154 153/153/153 95/95/95
f 429/429/429 431/431/431 471/471/471
f 426/426/426 429/429/429 473/473/473
f 11/11/11 19/19/19 18/18/18
f 424/424/424 426/426/426 469/469/469
f 469/469/469 426/426/426 472/472/472
f 470/470/470 424/424/424 469/469/469
f 467/467/467 422/422/422 470/470/470
f 467/467/467 446/446/446 422/422/422
f 468/468/468 446/446/446 467/467/467
f 495/495/495 453/453/453 468/468/468
f 64/64/64 68/68/68 111/111/111
f 1665/1665/1665 1663/1663/1663 1658/1658/1658
f 480/480/480 463/463/463 505/505/505
f 627/627/627 525/525/525 538/538/538
f 538/538/538 525/525/525 486/486/486
f 1339/1339/1339 1315/1315/1315 1314/1314/1314
f 1702/1702/1702 1698/1698/1698 1670/1670/1670
f 1313/1313/1313 1316/1316/1316 1359/1359/1359
f 1314/1314/1314 1316/1316/1316 1313/1313/1313
f 1670/1670/1670 1671/1671/1671 1672/1672/1672
f 1338/1338/1338 1315/1315/1315 1339/1339/1339
f 1672/1672/1672 1671/1671/1671 1677/1677/1677
f 1672/1672/1672 1677/1677/1677 1679/1679/1679
f 1677/1677/1677 1681/1681/1681 1679/1679/1679
f 1337/1337/1337 1318/1318/1318 1338/1338/1338
f 1679/1679/1679 1681/1681/1681 1683/1683/1683
f 1683/1683/1683 1681/1681/1681 1691/1691/1691
f 1314/1314/1314 1315/1315/1315 1316/1316/1316
f 1691/1691/1691 1681/1681/1681 1690/1690/1690
f 1318/1318/1318 1315/1315/1315 1338/1338/1338
f 1337/1337/1337 1319/1319/1319 1318/1318/1318
f 1209/1209/1209 1204/1204/1204 1157/1157/1157
f 1204/1204/1204 1156/1156/1156 1157/1157/1157
f 1144/1144/1144 1146/1146/1146 1125/1125/1125
f 1092/1092/1092 1096/1096/1096 1071/1071/1071
f 1119/1119/1119 1092/1092/1092 1067/1067/1067
f 1130/1130/1130 1067/1067/1067 1044/1044/1044
f 1130/1130/1130 1044/1044/1044 1129/1129/1129
f 1044/1044/1044 1041/1041/1041 1118/1118/1118
f 1123/1123/1123 1116/1116/1116 1124/1124/1124
f 1111/1111/1111 1083/1083/1083 1110/1110/1110
f 1110/1110/1110 1083/1083/1083 1109/1109/1109
f 1107/1107/1107 1084/1084/1084 1106/1106/1106
f 1106/1106/1106 1084/1084/1084 1086/1086/1086
f 1086/1086/1086 1087/1087/1087 1106/1106/1106
f 1106/1106/1106 1087/1087/1087 1113/1113/1113
f 1087/1087/1087 1132/1132/1132 1113/1113/1113
f 1113/1113/1113 1132/1132/1132 1134/1134/1134
f 1148/1148/1148 1158/1158/1158 1163/1163/1163
f 531/531/531 508/508/508 539/539/539
f 422/422/422 424/424/424 470/470/470
f 447/447/447 446/446/446 468/468/468
f 453/453/453 447/447/447 468/468/468
f 111/111/111 68/68/68 108/108/108
f 108/108/108 167/167/167 172/172/172
f 1663/1663/1663 1635/1635/1635 1658/1658/1658
f 1658/1658/1658 1635/1635/1635 1626/1626/1626
f 1658/1658/1658 1626/1626/1626 1640/1640/1640
f 1640/1640/1640 1626/1626/1626 1628/1628/1628
f 1640/1640/1640 1628/1628/1628 1641/1641/1641
f 1641/1641/1641 1628/1628/1628 1642/1642/1642
f 1642/1642/1642 1628/1628/1628 1637/1637/1637
f 1346/1346/1346 1319/1319/1319 1351/1351/1351
f 1318/1318/1318 1317/1317/1317 1315/1315/1315
f 1319/1319/1319 1317/1317/1317 1318/1318/1318
f 1320/1320/1320 1317/1317/1317 1319/1319/1319
f 1354/1354/1354 1321/1321/1321 1346/1346/1346
f 1346/1346/1346 1321/1321/1321 1319/1319/1319
f 1320/1320/1320 1332/1332/1332 1317/1317/1317
f 1354/1354/1354 1333/1333/1333 1321/1321/1321
f 1124/1124/1124 1116/1116/1116 1115/1115/1115
f 1120/1120/1120 1108/1108/1108 1090/1090/1090
f 1120/1120/1120 1090/1090/1090 1112/1112/1112
f 1090/1090/1090 1074/1074/1074 1112/1112/1112
f 1074/1074/1074 1083/1083/1083 1111/1111/1111
f 1109/1109/1109 1083/1083/1083 1107/1107/1107
f 1107/1107/1107 1083/1083/1083 1084/1084/1084
f 1134/1134/1134 1132/1132/1132 1142/1142/1142
f 12/12/12 13/13/13 2/2/2
f 433/433/433 434/434/434 435/435/435
f 446/446/446 441/441/441 422/422/422
f 454/454/454 450/450/450 453/453/453
f 455/455/455 450/450/450 454/454/454
f 455/455/455 456/456/456 452/452/452
f 463/463/463 456/456/456 455/455/455
f 463/463/463 464/464/464 456/456/456
f 480/480/480 464/464/464 463/463/463
f 1642/1642/1642 1637/1637/1637 1645/1645/1645
f 1642/1642/1642 1645/1645/1645 1651/1651/1651
f 488/488/488 482/482/482 480/480/480
f 484/484/484 482/482/482 488/488/488
f 627/627/627 625/625/625 525/525/525
f 486/486/486 484/484/484 488/488/488
f 1671/1671/1671 1675/1675/1675 1677/1677/1677
f 1319/1319/1319 1321/1321/1321 1320/1320/1320
f 1333/1333/1333 1323/1323/1323 1321/1321/1321
f 1681/1681/1681 1684/1684/1684 1690/1690/1690
f 1204/1204/1204 1164/1164/1164 1156/1156/1156
f 1355/1355/1355 1333/1333/1333 1354/1354/1354
f 1321/1321/1321 1322/1322/1322 1320/1320/1320
f 1095/1095/1095 1093/1093/1093 1096/1096/1096
f 1092/1092/1092 1070/1070/1070 1067/1067/1067
f 1132/1132/1132 1141/1141/1141 1142/1142/1142
f 1142/1142/1142 1141/1141/1141 1148/1148/1148
f 508/508/508 528/528/528 539/539/539
f 489/489/489 461/461/461 508/508/508
f 438/438/438 439/439/439 461/461/461
f 438/438/438 461/461/461 462/462/462
f 437/437/437 436/436/436 438/438/438
f 432/432/432 434/434/434 433/433/433
f 429/429/429 430/430/430 431/431/431
f 426/426/426 428/428/428 429/429/429
f 424/424/424 425/425/425 426/426/426
f 422/422/422 423/423/423 424/424/424
f 441/441/441 440/440/440 422/422/422
f 447/447/447 445/445/445 446/446/446
f 453/453/453 443/443/443 447/447/447
f 453/453/453 450/450/450 443/443/443
f 1323/1323/1323 1322/1322/1322 1321/1321/1321
f 1322/1322/1322 1341/1341/1341 1320/1320/1320
f 1333/1333/1333 1326/1326/1326 1323/1323/1323
f 1363/1363/1363 1334/1334/1334 1333/1333/1333
f 1333/1333/1333 1334/1334/1334 1326/1326/1326
f 1323/1323/1323 1324/1324/1324 1322/1322/1322
f 1326/1326/1326 1324/1324/1324 1323/1323/1323
f 1372/1372/1372 1334/1334/1334 1363/1363/1363
f 1324/1324/1324 1343/1343/1343 1322/1322/1322
f 1334/1334/1334 1325/1325/1325 1326/1326/1326
f 1325/1325/1325 1324/1324/1324 1326/1326/1326
f 1340/1340/1340 1334/1334/1334 1373/1373/1373
f 482/482/482 464/464/464 480/480/480
f 625/625/625 534/534/534 525/525/525
f 525/525/525 485/485/485 486/486/486
f 1340/1340/1340 1325/1325/1325 1334/1334/1334
f 1673/1673/1673 1674/1674/1674 1671/1671/1671
f 1327/1327/1327 1344/1344/1344 1324/1324/1324
f 1671/1671/1671 1674/1674/1674 1675/1675/1675
f 1677/1677/1677 1684/1684/1684 1681/1681/1681
f 1690/1690/1690 1684/1684/1684 1692/1692/1692
f 1067/1067/1067 1066/1066/1066 1044/1044/1044
f 1050/1050/1050 1115/1115/1115 1116/1116/1116
f 508/508/508 461/461/461 528/528/528
f 462/462/462 461/461/461 489/489/489
f 437/437/437 435/435/435 436/436/436
f 431/431/431 432/432/432 433/433/433
f 429/429/429 428/428/428 430/430/430
f 7/7/7 10/10/10 11/11/11
f 426/426/426 427/427/427 428/428/428
f 426/426/426 425/425/425 427/427/427
f 422/422/422 440/440/440 423/423/423
f 447/447/447 443/443/443 445/445/445
f 452/452/452 450/450/450 455/455/455
f 1325/1325/1325 1327/1327/1327 1324/1324/1324
f 1327/1327/1327 1345/1345/1345 1344/1344/1344
f 1340/1340/1340 1329/1329/1329 1325/1325/1325
f 1350/1350/1350 1329/1329/1329 1340/1340/1340
f 1349/1349/1349 1329/1329/1329 1350/1350/1350
f 1328/1328/1328 1327/1327/1327 1325/1325/1325
f 1329/1329/1329 1328/1328/1328 1325/1325/1325
f 1349/1349/1349 1330/1330/1330 1329/1329/1329
f 1335/1335/1335 1345/1345/1345 1327/1327/1327
f 1328/1328/1328 1335/1335/1335 1327/1327/1327
f 1330/1330/1330 1328/1328/1328 1329/1329/1329
f 1330/1330/1330 1331/1331/1331 1328/1328/1328
f 583/583/583 630/630/630 581/581/581
f 1449/1449/1449 1477/1477/1477 1559/1559/1559
f 1537/1537/1537 1441/1441/1441 1449/1449/1449
f 1637/1637/1637 1636/1636/1636 1645/1645/1645
f 525/525/525 534/534/534 485/485/485
f 1538/1538/1538 1490/1490/1490 1556/1556/1556
f 1477/1477/1477 1490/1490/1490 1538/1538/1538
f 1463/1463/1463 1452/1452/1452 1441/1441/1441
f 567/567/567 582/582/582 571/571/571
f 1489/1489/1489 1440/1440/1440 1454/1454/1454
f 1489/1489/1489 1469/1469/1469 1440/1440/1440
f 1569/1569/1569 1570/1570/1570 1469/1469/1469
f 1469/1469/1469 1570/1570/1570 1470/1470/1470
f 141/141/141 144/144/144 183/183/183
f 1164/1164/1164 1147/1147/1147 1156/1156/1156
f 1156/1156/1156 1147/1147/1147 1146/1146/1146
f 1125/1125/1125 1101/1101/1101 1102/1102/1102
f 1102/1102/1102 1099/1099/1099 1095/1095/1095
f 1095/1095/1095 1094/1094/1094 1093/1093/1093
f 1096/1096/1096 1093/1093/1093 1071/1071/1071
f 1066/1066/1066 1065/1065/1065 1044/1044/1044
f 1044/1044/1044 1042/1042/1042 1041/1041/1041
f 1049/1049/1049 1050/1050/1050 1116/1116/1116
f 1115/1115/1115 1052/1052/1052 1108/1108/1108
f 1081/1081/1081 1084/1084/1084 1083/1083/1083
f 1087/1087/1087 1126/1126/1126 1132/1132/1132
f 1126/1126/1126 1141/1141/1141 1132/1132/1132
f 1148/1148/1148 1149/1149/1149 1158/1158/1158
f 1158/1158/1158 1149/1149/1149 1160/1160/1160
f 160/160/160 110/110/110 153/153/153
f 1606/1606/1606 1607/1607/1607 1601/1601/1601
f 436/436/436 439/439/439 438/438/438
f 435/435/435 434/434/434 436/436/436
f 449/449/449 443/443/443 450/450/450
f 1447/1447/1447 1448/1448/1448 1520/1520/1520
f 1443/1443/1443 1571/1571/1571 1426/1426/1426
f 1571/1571/1571 1425/1425/1425 1426/1426/1426
f 1424/1424/1424 1423/1423/1423 1416/1416/1416
f 1660/1660/1660 1632/1632/1632 1635/1635/1635
f 1663/1663/1663 1660/1660/1660 1635/1635/1635
f 452/452/452 451/451/451 450/450/450
f 1419/1419/1419 1418/1418/1418 1565/1565/1565
f 1422/1422/1422 1397/1397/1397 1389/1389/1389
f 1418/1418/1418 1382/1382/1382 1565/1565/1565
f 1635/1635/1635 1632/1632/1632 1626/1626/1626
f 1626/1626/1626 1632/1632/1632 1629/1629/1629
f 456/456/456 451/451/451 452/452/452
f 460/460/460 451/451/451 456/456/456
f 1626/1626/1626 1629/1629/1629 1627/1627/1627
f 1626/1626/1626 1627/1627/1627 1628/1628/1628
f 1397/1397/1397 1398/1398/1398 1394/1394/1394
f 1628/1628/1628 1627/1627/1627 1636/1636/1636
f 1628/1628/1628 1636/1636/1636 1637/1637/1637
f 1375/1375/1375 1374/1374/1374 1567/1567/1567
f 1645/1645/1645 1636/1636/1636 1644/1644/1644
f 1645/1645/1645 1644/1644/1644 1655/1655/1655
f 564/564/564 626/626/626 622/622/622
f 1674/1674/1674 1676/1676/1676 1675/1675/1675
f 182/182/182 94/94/94 184/184/184
f 184/184/184 94/94/94 178/178/178
f 94/94/94 105/105/105 178/178/178
f 105/105/105 138/138/138 178/178/178
f 1446/1446/1446 1533/1533/1533 1377/1377/1377
f 1304/1304/1304 1251/1251/1251 1516/1516/1516
f 1146/1146/1146 1147/1147/1147 1125/1125/1125
f 1147/1147/1147 1131/1131/1131 1125/1125/1125
f 1125/1125/1125 1131/1131/1131 1101/1101/1101
f 1101/1101/1101 1099/1099/1099 1102/1102/1102
f 1099/1099/1099 1094/1094/1094 1095/1095/1095
f 1070/1070/1070 1066/1066/1066 1067/1067/1067
f 1050/1050/1050 1052/1052/1052 1115/1115/1115
f 1108/1108/1108 1054/1054/1054 1090/1090/1090
f 1081/1081/1081 1082/1082/1082 1084/1084/1084
f 1084/1084/1084 1085/1085/1085 1086/1086/1086
f 1086/1086/1086 1085/1085/1085 1087/1087/1087
f 1141/1141/1141 1149/1149/1149 1148/1148/1148
f 539/539/539 580/580/580 594/594/594
f 528/528/528 578/578/578 539/539/539
f 431/431/431 430/430/430 432/432/432
f 441/441/441 444/444/444 442/442/442
f 445/445/445 444/444/444 441/441/441
f 68/68/68 97/97/97 108/108/108
f 449/449/449 448/448/448 443/443/443
f 108/108/108 155/155/155 167/167/167
f 1377/1377/1377 1508/1508/1508 1432/1432/1432
f 451/451/451 449/449/449 450/450/450
f 1533/1533/1533 1508/1508/1508 1377/1377/1377
f 1304/1304/1304 1302/1302/1302 1251/1251/1251
f 1481/1481/1481 1431/1431/1431 1432/1432/1432
f 1508/1508/1508 1481/1481/1481 1432/1432/1432
f 1481/1481/1481 1478/1478/1478 1431/1431/1431
f 1251/1251/1251 1252/1252/1252 1487/1487/1487
f 1305/1305/1305 1367/1367/1367 1303/1303/1303
f 1305/1305/1305 1431/1431/1431 1367/1367/1367
f 1478/1478/1478 1367/1367/1367 1431/1431/1431
f 1250/1250/1250 1252/1252/1252 1251/1251/1251
f 1367/1367/1367 1485/1485/1485 1249/1249/1249
f 1249/1249/1249 1484/1484/1484 1250/1250/1250
f 1485/1485/1485 1484/1484/1484 1249/1249/1249
f 1250/1250/1250 1253/1253/1253 1252/1252/1252
f 1484/1484/1484 1497/1497/1497 1250/1250/1250
f 1252/1252/1252 1253/1253/1253 1254/1254/1254
f 1250/1250/1250 1272/1272/1272 1253/1253/1253
f 1254/1254/1254 1253/1253/1253 1255/1255/1255
f 1253/1253/1253 1256/1256/1256 1255/1255/1255
f 534/534/534 576/576/576 485/485/485
f 485/485/485 483/483/483 484/484/484
f 1674/1674/1674 1697/1697/1697 1676/1676/1676
f 1255/1255/1255 1256/1256/1256 1257/1257/1257
f 1675/1675/1675 1678/1678/1678 1677/1677/1677
f 1677/1677/1677 1678/1678/1678 1684/1684/1684
f 1453/1453/1453 1293/1293/1293 1291/1291/1291
f 1684/1684/1684 1678/1678/1678 1685/1685/1685
f 1291/1291/1291 1293/1293/1293 1292/1292/1292
f 1445/1445/1445 1293/1293/1293 1453/1453/1453
f 1684/1684/1684 1685/1685/1685 1692/1692/1692
f 1293/1293/1293 1294/1294/1294 1292/1292/1292
f 1445/1445/1445 1294/1294/1294 1293/1293/1293
f 1092/1092/1092 1071/1071/1071 1070/1070/1070
f 1044/1044/1044 1065/1065/1065 1042/1042/1042
f 1041/1041/1041 1042/1042/1042 1043/1043/1043
f 1041/1041/1041 1043/1043/1043 1049/1049/1049
f 1090/1090/1090 1056/1056/1056 1074/1074/1074
f 1082/1082/1082 1085/1085/1085 1084/1084/1084
f 1085/1085/1085 1088/1088/1088 1087/1087/1087
f 578/578/578 580/580/580 539/539/539
f 528/528/528 569/569/569 578/578/578
f 434/434/434 553/553/553 436/436/436
f 432/432/432 546/546/546 434/434/434
f 441/441/441 442/442/442 440/440/440
f 443/443/443 444/444/444 445/445/445
f 448/448/448 444/444/444 443/443/443
f 1294/1294/1294 1297/1297/1297 1292/1292/1292
f 1444/1444/1444 1294/1294/1294 1445/1445/1445
f 1298/1298/1298 1297/1297/1297 1294/1294/1294
f 1300/1300/1300 1306/1306/1306 1298/1298/1298
f 1300/1300/1300 1308/1308/1308 1306/1306/1306
f 1307/1307/1307 1308/1308/1308 1300/1300/1300
f 1307/1307/1307 1312/1312/1312 1308/1308/1308
f 1644/1644/1644 1646/1646/1646 1654/1654/1654
f 1313/1313/1313 1360/1360/1360 1361/1361/1361
f 1644/1644/1644 1654/1654/1654 1655/1655/1655
f 576/576/576 487/487/487 485/485/485
f 485/485/485 487/487/487 483/483/483
f 1313/1313/1313 1359/1359/1359 1360/1360/1360
f 1317/1317/1317 1316/1316/1316 1315/1315/1315
f 1692/1692/1692 1685/1685/1685 1694/1694/1694
f 1101/1101/1101 1100/1100/1100 1099/1099/1099
f 1093/1093/1093 1089/1089/1089 1071/1071/1071
f 1108/1108/1108 1052/1052/1052 1054/1054/1054
f 1054/1054/1054 1056/1056/1056 1090/1090/1090
f 1056/1056/1056 1058/1058/1058 1074/1074/1074
f 1074/1074/1074 1081/1081/1081 1083/1083/1083
f 1081/1081/1081 1078/1078/1078 1082/1082/1082
f 1088/1088/1088 1126/1126/1126 1087/1087/1087
f 436/436/436 558/558/558 439/439/439
f 432/432/432 545/545/545 546/546/546
f 430/430/430 545/545/545 432/432/432
f 53/53/53 65/65/65 54/54/54
f 1317/1317/1317 1522/1522/1522 1316/1316/1316
f 1320/1320/1320 1341/1341/1341 1332/1332/1332
f 1632/1632/1632 1630/1630/1630 1629/1629/1629
f 1322/1322/1322 1342/1342/1342 1341/1341/1341
f 1629/1629/1629 1630/1630/1630 1627/1627/1627
f 1373/1373/1373 1334/1334/1334 1372/1372/1372
f 1636/1636/1636 1631/1631/1631 1639/1639/1639
f 1639/1639/1639 1646/1646/1646 1644/1644/1644
f 1322/1322/1322 1343/1343/1343 1342/1342/1342
f 1343/1343/1343 1515/1515/1515 1342/1342/1342
f 1471/1471/1471 1340/1340/1340 1373/1373/1373
f 1343/1343/1343 1503/1503/1503 1515/1515/1515
f 1700/1700/1700 1689/1689/1689 1697/1697/1697
f 1344/1344/1344 1343/1343/1343 1324/1324/1324
f 1344/1344/1344 1503/1503/1503 1343/1343/1343
f 1344/1344/1344 1504/1504/1504 1503/1503/1503
f 1211/1211/1211 1147/1147/1147 1164/1164/1164
f 1147/1147/1147 1150/1150/1150 1131/1131/1131
f 1150/1150/1150 1137/1137/1137 1131/1131/1131
f 1131/1131/1131 1137/1137/1137 1101/1101/1101
f 1137/1137/1137 1100/1100/1100 1101/1101/1101
f 1071/1071/1071 1069/1069/1069 1070/1070/1070
f 1049/1049/1049 1043/1043/1043 1050/1050/1050
f 1081/1081/1081 1075/1075/1075 1078/1078/1078
f 1082/1082/1082 1091/1091/1091 1085/1085/1085
f 1103/1103/1103 1088/1088/1088 1085/1085/1085
f 1126/1126/1126 1128/1128/1128 1141/1141/1141
f 1128/1128/1128 1149/1149/1149 1141/1141/1141
f 1149/1149/1149 1161/1161/1161 1160/1160/1160
f 1160/1160/1160 1161/1161/1161 1235/1235/1235
f 160/160/160 149/149/149 110/110/110
f 553/553/553 558/558/558 436/436/436
f 546/546/546 553/553/553 434/434/434
f 428/428/428 541/541/541 430/430/430
f 425/425/425 542/542/542 427/427/427
f 440/440/440 540/540/540 423/423/423
f 449/449/449 458/458/458 448/448/448
f 449/449/449 451/451/451 457/457/457
f 1660/1660/1660 1634/1634/1634 1632/1632/1632
f 1632/1632/1632 1634/1634/1634 1630/1630/1630
f 1345/1345/1345 1504/1504/1504 1344/1344/1344
f 464/464/464 465/465/465 459/459/459
f 464/464/464 459/459/459 460/460/460
f 1345/1345/1345 1514/1514/1514 1504/1504/1504
f 1627/1627/1627 1631/1631/1631 1636/1636/1636
f 482/482/482 481/481/481 464/464/464
f 1335/1335/1335 1514/1514/1514 1345/1345/1345
f 1347/1347/1347 1330/1330/1330 1349/1349/1349
f 482/482/482 483/483/483 481/481/481
f 1331/1331/1331 1335/1335/1335 1328/1328/1328
f 1347/1347/1347 1336/1336/1336 1330/1330/1330
f 484/484/484 483/483/483 482/482/482
f 1336/1336/1336 1331/1331/1331 1330/1330/1330
f 1336/1336/1336 1358/1358/1358 1331/1331/1331
f 1463/1463/1463 1441/1441/1441 1537/1537/1537
f 1511/1511/1511 1498/1498/1498 1452/1452/1452
f 1498/1498/1498 1454/1454/1454 1452/1452/1452
f 1689/1689/1689 1688/1688/1688 1676/1676/1676
f 1676/1676/1676 1688/1688/1688 1678/1678/1678
f 1678/1678/1678 1688/1688/1688 1685/1685/1685
f 1211/1211/1211 1150/1150/1150 1147/1147/1147
f 1100/1100/1100 1094/1094/1094 1099/1099/1099
f 1089/1089/1089 1069/1069/1069 1071/1071/1071
f 1065/1065/1065 1064/1064/1064 1042/1042/1042
f 1042/1042/1042 1045/1045/1045 1043/1043/1043
f 1058/1058/1058 1075/1075/1075 1074/1074/1074
f 1074/1074/1074 1075/1075/1075 1081/1081/1081
f 1091/1091/1091 1103/1103/1103 1085/1085/1085
f 1128/1128/1128 1152/1152/1152 1149/1149/1149
f 1152/1152/1152 1162/1162/1162 1149/1149/1149
f 1149/1149/1149 1162/1162/1162 1161/1161/1161
f 566/566/566 569/569/569 461/461/461
f 439/439/439 562/562/562 566/566/566
f 558/558/558 562/562/562 439/439/439
f 430/430/430 541/541/541 543/543/543
f 449/449/449 457/457/457 458/458/458
f 1498/1498/1498 1489/1489/1489 1454/1454/1454
f 1630/1630/1630 1631/1631/1631 1627/1627/1627
f 1489/1489/1489 1568/1568/1568 1469/1469/1469
f 1568/1568/1568 1569/1569/1569 1469/1469/1469
f 572/572/572 602/602/602 573/573/573
f 1646/1646/1646 1652/1652/1652 1654/1654/1654
f 141/141/141 115/115/115 144/144/144
f 610/610/610 616/616/616 561/561/561
f 144/144/144 96/96/96 186/186/186
f 611/611/611 613/613/613 612/612/612
f 1422/1422/1422 1540/1540/1540 1397/1397/1397
f 1685/1685/1685 1688/1688/1688 1693/1693/1693
f 1685/1685/1685 1693/1693/1693 1694/1694/1694
f 1093/1093/1093 1094/1094/1094 1089/1089/1089
f 1070/1070/1070 1069/1069/1069 1066/1066/1066
f 1043/1043/1043 1051/1051/1051 1050/1050/1050
f 1078/1078/1078 1080/1080/1080 1082/1082/1082
f 1082/1082/1082 1080/1080/1080 1091/1091/1091
f 1126/1126/1126 1088/1088/1088 1128/1128/1128
f 1625/1625/1625 1624/1624/1624 1614/1614/1614
f 580/580/580 607/607/607 605/605/605
f 569/569/569 586/586/586 578/578/578
f 544/544/544 545/545/545 430/430/430
f 540/540/540 542/542/542 425/425/425
f 444/444/444 466/466/466 442/442/442
f 451/451/451 459/459/459 457/457/457
f 1540/1540/1540 1398/1398/1398 1397/1397/1397
f 464/464/464 481/481/481 465/465/465
f 1639/1639/1639 1643/1643/1643 1646/1646/1646
f 576/576/576 595/595/595 487/487/487
f 1543/1543/1543 1513/1513/1513 1491/1491/1491
f 1150/1150/1150 1211/1211/1211 1177/1177/1177
f 1137/1137/1137 1153/1153/1153 1100/1100/1100
f 1153/1153/1153 1139/1139/1139 1100/1100/1100
f 1066/1066/1066 1064/1064/1064 1065/1065/1065
f 1064/1064/1064 1048/1048/1048 1042/1042/1042
f 1048/1048/1048 1046/1046/1046 1042/1042/1042
f 1042/1042/1042 1046/1046/1046 1045/1045/1045
f 1051/1051/1051 1054/1054/1054 1052/1052/1052
f 1075/1075/1075 1077/1077/1077 1078/1078/1078
f 1088/1088/1088 1105/1105/1105 1128/1128/1128
f 566/566/566 586/586/586 569/569/569
f 552/552/552 554/554/554 553/553/553
f 546/546/546 552/552/552 553/553/553
f 545/545/545 549/549/549 546/546/546
f 423/423/423 540/540/540 425/425/425
f 442/442/442 550/550/550 440/440/440
f 551/551/551 550/550/550 442/442/442
f 466/466/466 551/551/551 442/442/442
f 458/458/458 560/560/560 466/466/466
f 1631/1631/1631 1638/1638/1638 1643/1643/1643
f 1398/1398/1398 1557/1557/1557 1395/1395/1395
f 595/595/595 579/579/579 487/487/487
f 487/487/487 574/574/574 483/483/483
f 89/89/89 90/90/90 185/185/185
f 185/185/185 90/90/90 182/182/182
f 1139/1139/1139 1138/1138/1138 1094/1094/1094
f 1100/1100/1100 1139/1139/1139 1094/1094/1094
f 1094/1094/1094 1127/1127/1127 1089/1089/1089
f 1069/1069/1069 1068/1068/1068 1066/1066/1066
f 1043/1043/1043 1053/1053/1053 1051/1051/1051
f 1058/1058/1058 1076/1076/1076 1075/1075/1075
f 1076/1076/1076 1077/1077/1077 1075/1075/1075
f 1091/1091/1091 1104/1104/1104 1103/1103/1103
f 1103/1103/1103 1104/1104/1104 1088/1088/1088
f 1104/1104/1104 1105/1105/1105 1088/1088/1088
f 1105/1105/1105 1213/1213/1213 1128/1128/1128
f 1128/1128/1128 1179/1179/1179 1152/1152/1152
f 1152/1152/1152 1173/1173/1173 1162/1162/1162
f 1173/1173/1173 1174/1174/1174 1161/1161/1161
f 1162/1162/1162 1173/1173/1173 1161/1161/1161
f 1161/1161/1161 1174/1174/1174 1235/1235/1235
f 1235/1235/1235 1174/1174/1174 1241/1241/1241
f 566/566/566 603/603/603 586/586/586
f 592/592/592 566/566/566 562/562/562
f 546/546/546 549/549/549 552/552/552
f 548/548/548 549/549/549 545/545/545
f 545/545/545 547/547/547 548/548/548
f 545/545/545 544/544/544 547/547/547
f 541/541/541 542/542/542 565/565/565
f 541/541/541 565/565/565 564/564/564
f 559/559/559 560/560/560 458/458/458
f 457/457/457 559/559/559 458/458/458
f 182/182/182 85/85/85 94/94/94
f 1251/1251/1251 1487/1487/1487 1516/1516/1516
f 1630/1630/1630 1634/1634/1634 1633/1633/1633
f 1631/1631/1631 1633/1633/1633 1638/1638/1638
f 1487/1487/1487 1254/1254/1254 1502/1502/1502
f 1478/1478/1478 1562/1562/1562 1367/1367/1367
f 1255/1255/1255 1501/1501/1501 1502/1502/1502
f 1257/1257/1257 1495/1495/1495 1501/1501/1501
f 1643/1643/1643 1652/1652/1652 1646/1646/1646
f 1255/1255/1255 1257/1257/1257 1501/1501/1501
f 483/483/483 568/568/568 481/481/481
f 1250/1250/1250 1497/1497/1497 1272/1272/1272
f 487/487/487 579/579/579 574/574/574
f 1256/1256/1256 1258/1258/1258 1257/1257/1257
f 1257/1257/1257 1258/1258/1258 1259/1259/1259
f 1693/1693/1693 1699/1699/1699 1694/1694/1694
f 1138/1138/1138 1127/1127/1127 1094/1094/1094
f 1073/1073/1073 1072/1072/1072 1069/1069/1069
f 1072/1072/1072 1068/1068/1068 1069/1069/1069
f 1066/1066/1066 1068/1068/1068 1064/1064/1064
f 1047/1047/1047 1053/1053/1053 1043/1043/1043
f 1053/1053/1053 1062/1062/1062 1051/1051/1051
f 1051/1051/1051 1055/1055/1055 1054/1054/1054
f 1054/1054/1054 1061/1061/1061 1056/1056/1056
f 1058/1058/1058 1063/1063/1063 1076/1076/1076
f 1078/1078/1078 1077/1077/1077 1079/1079/1079
f 1078/1078/1078 1079/1079/1079 1080/1080/1080
f 1104/1104/1104 1212/1212/1212 1105/1105/1105
f 1152/1152/1152 1179/1179/1179 1173/1173/1173
f 1459/1459/1459 1435/1435/1435 1467/1467/1467
f 589/589/589 592/592/592 562/562/562
f 558/558/558 589/589/589 562/562/562
f 554/554/554 584/584/584 558/558/558
f 552/552/552 584/584/584 554/554/554
f 543/543/543 544/544/544 430/430/430
f 541/541/541 563/563/563 543/543/543
f 556/556/556 557/557/557 542/542/542
f 540/540/540 556/556/556 542/542/542
f 550/550/550 555/555/555 540/540/540
f 551/551/551 612/612/612 550/550/550
f 560/560/560 561/561/561 466/466/466
f 1664/1664/1664 1649/1649/1649 1634/1634/1634
f 459/459/459 570/570/570 457/457/457
f 1634/1634/1634 1649/1649/1649 1648/1648/1648
f 1634/1634/1634 1648/1648/1648 1633/1633/1633
f 1259/1259/1259 1262/1262/1262 1263/1263/1263
f 483/483/483 574/574/574 568/568/568
f 1259/1259/1259 1261/1261/1261 1262/1262/1262
f 1259/1259/1259 1260/1260/1260 1261/1261/1261
f 1258/1258/1258 1260/1260/1260 1259/1259/1259
f 1263/1263/1263 1262/1262/1262 1264/1264/1264
f 1288/1288/1288 1287/1287/1287 1286/1286/1286
f 1288/1288/1288 1290/1290/1290 1287/1287/1287
f 1291/1291/1291 1287/1287/1287 1290/1290/1290
f 1292/1292/1292 1366/1366/1366 1287/1287/1287
f 1576/1576/1576 1486/1486/1486 1494/1494/1494
f 1127/1127/1127 1135/1135/1135 1089/1089/1089
f 1089/1089/1089 1135/1135/1135 1073/1073/1073
f 1043/1043/1043 1045/1045/1045 1047/1047/1047
f 1062/1062/1062 1055/1055/1055 1051/1051/1051
f 1055/1055/1055 1061/1061/1061 1054/1054/1054
f 1061/1061/1061 1060/1060/1060 1056/1056/1056
f 1060/1060/1060 1057/1057/1057 1056/1056/1056
f 1056/1056/1056 1057/1057/1057 1058/1058/1058
f 1058/1058/1058 1059/1059/1059 1063/1063/1063
f 1473/1473/1473 1278/1278/1278 1474/1474/1474
f 1546/1546/1546 1524/1524/1524 1479/1479/1479
f 584/584/584 589/589/589 558/558/558
f 552/552/552 596/596/596 584/584/584
f 549/549/549 598/598/598 552/552/552
f 541/541/541 564/564/564 563/563/563
f 542/542/542 557/557/557 565/565/565
f 561/561/561 551/551/551 466/466/466
f 459/459/459 567/567/567 570/570/570
f 465/465/465 567/567/567 459/459/459
f 1633/1633/1633 1648/1648/1648 1638/1638/1638
f 1643/1643/1643 1650/1650/1650 1652/1652/1652
f 1291/1291/1291 1292/1292/1292 1287/1287/1287
f 1153/1153/1153 1210/1210/1210 1139/1139/1139
f 1139/1139/1139 1154/1154/1154 1138/1138/1138
f 1138/1138/1138 1154/1154/1154 1127/1127/1127
f 1127/1127/1127 1154/1154/1154 1135/1135/1135
f 1091/1091/1091 1226/1226/1226 1104/1104/1104
f 1104/1104/1104 1226/1226/1226 1212/1212/1212
f 1560/1560/1560 1288/1288/1288 1483/1483/1483
f 1278/1278/1278 1268/1268/1268 1275/1275/1275
f 1435/1435/1435 1264/1264/1264 1276/1276/1276
f 552/552/552 597/597/597 596/596/596
f 557/557/557 556/556/556 617/617/617
f 457/457/457 572/572/572 573/573/573
f 570/570/570 572/572/572 457/457/457
f 1292/1292/1292 1365/1365/1365 1366/1366/1366
f 1648/1648/1648 1647/1647/1647 1638/1638/1638
f 481/481/481 567/567/567 465/465/465
f 1076/1076/1076 1233/1233/1233 1224/1224/1224
f 1292/1292/1292 1301/1301/1301 1365/1365/1365
f 1647/1647/1647 1650/1650/1650 1643/1643/1643
f 620/620/620 583/583/583 579/579/579
f 579/579/579 583/583/583 574/574/574
f 574/574/574 583/583/583 568/568/568
f 1292/1292/1292 1299/1299/1299 1301/1301/1301
f 1297/1297/1297 1299/1299/1299 1292/1292/1292
f 1063/1063/1063 1232/1232/1232 1233/1233/1233
f 1298/1298/1298 1299/1299/1299 1297/1297/1297
f 1059/1059/1059 1237/1237/1237 1232/1232/1232
f 1057/1057/1057 1237/1237/1237 1059/1059/1059
f 1371/1371/1371 1347/1347/1347 1437/1437/1437
f 1139/1139/1139 1210/1210/1210 1154/1154/1154
f 1154/1154/1154 1217/1217/1217 1135/1135/1135
f 1073/1073/1073 1215/1215/1215 1072/1072/1072
f 1072/1072/1072 1216/1216/1216 1068/1068/1068
f 1216/1216/1216 1064/1064/1064 1068/1068/1068
f 1079/1079/1079 1224/1224/1224 1225/1225/1225
f 1080/1080/1080 1225/1225/1225 1091/1091/1091
f 1091/1091/1091 1231/1231/1231 1226/1226/1226
f 596/596/596 597/597/597 584/584/584
f 598/598/598 597/597/597 552/552/552
f 549/549/549 599/599/599 598/598/598
f 547/547/547 599/599/599 548/548/548
f 543/543/543 621/621/621 544/544/544
f 555/555/555 615/615/615 556/556/556
f 550/550/550 614/614/614 555/555/555
f 555/555/555 614/614/614 615/615/615
f 551/551/551 611/611/611 612/612/612
f 1057/1057/1057 1238/1238/1238 1237/1237/1237
f 1555/1555/1555 1353/1353/1353 1554/1554/1554
f 1649/1649/1649 1657/1657/1657 1648/1648/1648
f 481/481/481 575/575/575 567/567/567
f 1647/1647/1647 1653/1653/1653 1650/1650/1650
f 568/568/568 581/581/581 575/575/575
f 568/568/568 575/575/575 481/481/481
f 402/402/402 390/390/390 385/385/385
f 1463/1463/1463 1537/1537/1537 1577/1577/1577
f 1361/1361/1361 1579/1579/1579 1312/1312/1312
f 1360/1360/1360 1579/1579/1579 1361/1361/1361
f 1549/1549/1549 1337/1337/1337 1338/1338/1338
f 1360/1360/1360 1548/1548/1548 1579/1579/1579
f 1359/1359/1359 1548/1548/1548 1360/1360/1360
f 1351/1351/1351 1354/1354/1354 1346/1346/1346
f 1316/1316/1316 1548/1548/1548 1359/1359/1359
f 1046/1046/1046 1229/1229/1229 1045/1045/1045
f 1316/1316/1316 1522/1522/1522 1548/1548/1548
f 1154/1154/1154 1210/1210/1210 1217/1217/1217
f 1135/1135/1135 1215/1215/1215 1073/1073/1073
f 1064/1064/1064 1216/1216/1216 1048/1048/1048
f 1216/1216/1216 1222/1222/1222 1048/1048/1048
f 1048/1048/1048 1223/1223/1223 1046/1046/1046
f 1553/1553/1553 1354/1354/1354 1351/1351/1351
f 1339/1339/1339 1352/1352/1352 1550/1550/1550
f 1550/1550/1550 1352/1352/1352 1555/1555/1555
f 1353/1353/1353 1433/1433/1433 1554/1554/1554
f 1060/1060/1060 1238/1238/1238 1057/1057/1057
f 1291/1291/1291 1290/1290/1290 1288/1288/1288
f 1468/1468/1468 1261/1261/1261 1260/1260/1260
f 1259/1259/1259 1263/1263/1263 1464/1464/1464
f 544/544/544 621/621/621 624/624/624
f 543/543/543 622/622/622 621/621/621
f 613/613/613 614/614/614 550/550/550
f 612/612/612 613/613/613 550/550/550
f 561/561/561 611/611/611 551/551/551
f 577/577/577 610/610/610 561/561/561
f 587/587/587 577/577/577 559/559/559
f 573/573/573 587/587/587 559/559/559
f 575/575/575 582/582/582 567/567/567
f 1537/1537/1537 1449/1449/1449 1559/1559/1559
f 1332/1332/1332 1521/1521/1521 1317/1317/1317
f 1341/1341/1341 1521/1521/1521 1332/1332/1332
f 1341/1341/1341 1531/1531/1531 1521/1521/1521
f 1350/1350/1350 1340/1340/1340 1471/1471/1471
f 1135/1135/1135 1217/1217/1217 1227/1227/1227
f 1215/1215/1215 1228/1228/1228 1216/1216/1216
f 1216/1216/1216 1228/1228/1228 1222/1222/1222
f 1222/1222/1222 1223/1223/1223 1048/1048/1048
f 1223/1223/1223 1229/1229/1229 1046/1046/1046
f 1555/1555/1555 1352/1352/1352 1353/1353/1353
f 1254/1254/1254 1255/1255/1255 1502/1502/1502
f 1487/1487/1487 1252/1252/1252 1254/1254/1254
f 557/557/557 626/626/626 564/564/564
f 1566/1566/1566 1375/1375/1375 1567/1567/1567
f 1382/1382/1382 1375/1375/1375 1566/1566/1566
f 1565/1565/1565 1382/1382/1382 1566/1566/1566
f 616/616/616 611/611/611 561/561/561
f 1520/1520/1520 1448/1448/1448 1428/1428/1428
f 587/587/587 610/610/610 577/577/577
f 573/573/573 604/604/604 587/587/587
f 570/570/570 590/590/590 572/572/572
f 1511/1511/1511 1452/1452/1452 1463/1463/1463
f 1135/1135/1135 1227/1227/1227 1215/1215/1215
f 1342/1342/1342 1531/1531/1531 1341/1341/1341
f 1342/1342/1342 1515/1515/1515 1531/1531/1531
f 1505/1505/1505 1350/1350/1350 1471/1471/1471
f 1362/1362/1362 1363/1363/1363 1333/1333/1333
f 1362/1362/1362 1333/1333/1333 1355/1355/1355
f 1337/1337/1337 1351/1351/1351 1319/1319/1319
f 1438/1438/1438 1294/1294/1294 1444/1444/1444
f 1395/1395/1395 1394/1394/1394 1398/1398/1398
f 1422/1422/1422 1389/1389/1389 1423/1423/1423
f 573/573/573 602/602/602 604/604/604
f 601/601/601 602/602/602 572/572/572
f 591/591/591 590/590/590 570/570/570
f 571/571/571 591/591/591 570/570/570
f 582/582/582 600/600/600 571/571/571
f 1505/1505/1505 1455/1455/1455 1350/1350/1350
f 1455/1455/1455 1349/1349/1349 1350/1350/1350
f 1455/1455/1455 1347/1347/1347 1349/1349/1349
f 1347/1347/1347 1348/1348/1348 1336/1336/1336
f 1335/1335/1335 1488/1488/1488 1514/1514/1514
f 1331/1331/1331 1488/1488/1488 1335/1335/1335
f 1356/1356/1356 1358/1358/1358 1336/1336/1336
f 1382/1382/1382 1376/1376/1376 1375/1375/1375
f 1385/1385/1385 1384/1384/1384 1383/1383/1383
f 1389/1389/1389 1387/1387/1387 1388/1388/1388
f 1399/1399/1399 1393/1393/1393 1392/1392/1392
f 582/582/582 618/618/618 600/600/600
f 1331/1331/1331 1466/1466/1466 1488/1488/1488
f 1358/1358/1358 1466/1466/1466 1331/1331/1331
f 1348/1348/1348 1356/1356/1356 1336/1336/1336
f 583/583/583 581/581/581 568/568/568
f 1647/1647/1647 1648/1648/1648 1653/1653/1653
f 1541/1541/1541 1489/1489/1489 1498/1498/1498
f 1541/1541/1541 1542/1542/1542 1489/1489/1489
f 1489/1489/1489 1542/1542/1542 1568/1568/1568
f 142/142/142 141/141/141 166/166/166
f 115/115/115 96/96/96 144/144/144
f 186/186/186 78/78/78 77/77/77
f 96/96/96 78/78/78 186/186/186
f 1425/1425/1425 1575/1575/1575 1424/1424/1424
f 1575/1575/1575 1574/1574/1574 1424/1424/1424
f 1424/1424/1424 1574/1574/1574 1423/1423/1423
f 1574/1574/1574 1573/1573/1573 1422/1422/1422
f 1423/1423/1423 1574/1574/1574 1422/1422/1422
f 1573/1573/1573 1572/1572/1572 1422/1422/1422
f 556/556/556 615/615/615 617/617/617
f 1422/1422/1422 1572/1572/1572 1540/1540/1540
f 1540/1540/1540 1557/1557/1557 1398/1398/1398
f 564/564/564 565/565/565 557/557/557
f 622/622/622 563/563/563 564/564/564
f 563/563/563 622/622/622 543/543/543
f 182/182/182 90/90/90 85/85/85
f 624/624/624 619/619/619 544/544/544
f 619/619/619 599/599/599 547/547/547
f 1481/1481/1481 1562/1562/1562 1478/1478/1478
f 1367/1367/1367 1558/1558/1558 1485/1485/1485
f 1367/1367/1367 1562/1562/1562 1558/1558/1558
f 1485/1485/1485 1536/1536/1536 1484/1484/1484
f 1558/1558/1558 1536/1536/1536 1485/1485/1485
f 597/597/597 623/623/623 584/584/584
f 1484/1484/1484 1528/1528/1528 1497/1497/1497
f 1259/1259/1259 1496/1496/1496 1495/1495/1495
f 1257/1257/1257 1259/1259/1259 1495/1495/1495
f 1272/1272/1272 1492/1492/1492 1253/1253/1253
f 1259/1259/1259 1464/1464/1464 1496/1496/1496
f 1253/1253/1253 1492/1492/1492 1256/1256/1256
f 1256/1256/1256 1492/1492/1492 1493/1493/1493
f 1256/1256/1256 1500/1500/1500 1258/1258/1258
f 705/705/705 693/693/693 690/690/690
f 715/715/715 694/694/694 693/693/693
f 917/917/917 809/809/809 934/934/934
f 930/930/930 750/750/750 929/929/929
f 961/961/961 752/752/752 930/930/930
f 1493/1493/1493 1500/1500/1500 1256/1256/1256
f 1464/1464/1464 1263/1263/1263 1296/1296/1296
f 1500/1500/1500 1260/1260/1260 1258/1258/1258
f 1263/1263/1263 1264/1264/1264 1296/1296/1296
f 1500/1500/1500 1506/1506/1506 1260/1260/1260
f 1506/1506/1506 1468/1468/1468 1260/1260/1260
f 1468/1468/1468 1271/1271/1271 1261/1261/1261
f 1261/1261/1261 1271/1271/1271 1262/1262/1262
f 1262/1262/1262 1265/1265/1265 1264/1264/1264
f 1262/1262/1262 1266/1266/1266 1265/1265/1265
f 339/339/339 415/415/415 393/393/393
f 1289/1289/1289 1279/1279/1279 1268/1268/1268
f 723/723/723 689/689/689 720/720/720
f 1450/1450/1450 1285/1285/1285 1289/1289/1289
f 720/720/720 681/681/681 721/721/721
f 1289/1289/1289 1282/1282/1282 1279/1279/1279
f 849/849/849 678/678/678 704/704/704
f 898/898/898 833/833/833 844/844/844
f 983/983/983 753/753/753 961/961/961
f 985/985/985 803/803/803 984/984/984
f 948/948/948 759/759/759 957/957/957
f 958/958/958 921/921/921 948/948/948
f 840/840/840 772/772/772 841/841/841
f 853/853/853 781/781/781 831/831/831
f 782/782/782 781/781/781 853/853/853
f 823/823/823 784/784/784 883/883/883
f 790/790/790 788/788/788 823/823/823
f 814/814/814 802/802/802 914/914/914
f 1282/1282/1282 1281/1281/1281 1279/1279/1279
f 1289/1289/1289 1285/1285/1285 1282/1282/1282
f 1025/1025/1025 848/848/848 956/956/956
f 335/335/335 371/371/371 322/322/322
f 1483/1483/1483 1286/1286/1286 1285/1285/1285
f 981/981/981 720/720/720 982/982/982
f 1288/1288/1288 1286/1286/1286 1483/1483/1483
f 1282/1282/1282 1283/1283/1283 1281/1281/1281
f 875/875/875 669/669/669 907/907/907
f 907/907/907 669/669/669 911/911/911
f 712/712/712 713/713/713 1002/1002/1002
f 742/742/742 743/743/743 1014/1014/1014
f 132/132/132 175/175/175 147/147/147
f 854/854/854 824/824/824 913/913/913
f 853/853/853 854/854/854 913/913/913
f 883/883/883 885/885/885 920/920/920
f 876/876/876 823/823/823 886/886/886
f 1284/1284/1284 1283/1283/1283 1282/1282/1282
f 1285/1285/1285 1284/1284/1284 1282/1282/1282
f 1285/1285/1285 1286/1286/1286 1284/1284/1284
f 1561/1561/1561 1291/1291/1291 1288/1288/1288
f 1287/1287/1287 1284/1284/1284 1286/1286/1286
f 322/322/322 371/371/371 328/328/328
f 1284/1284/1284 1295/1295/1295 1283/1283/1283
f 374/374/374 406/406/406 334/334/334
f 394/394/394 404/404/404 294/294/294
f 911/911/911 916/916/916 1013/1013/1013
f 397/397/397 396/396/396 308/308/308
f 298/298/298 412/412/412 413/413/413
f 302/302/302 414/414/414 409/409/409
f 303/303/303 409/409/409 375/375/375
f 1003/1003/1003 713/713/713 714/714/714
f 1014/1014/1014 743/743/743 1015/1015/1015
f 1015/1015/1015 743/743/743 1004/1004/1004
f 1004/1004/1004 744/744/744 996/996/996
f 997/997/997 908/908/908 1023/1023/1023
f 908/908/908 943/943/943 1023/1023/1023
f 1622/1622/1622 1592/1592/1592 1595/1595/1595
f 1620/1620/1620 1619/1619/1619 1589/1589/1589
f 1589/1589/1589 1619/1619/1619 1590/1590/1590
f 147/147/147 175/175/175 173/173/173
f 1590/1590/1590 1619/1619/1619 1610/1610/1610
f 129/129/129 132/132/132 130/130/130
f 131/131/131 127/127/127 113/113/113
f 1026/1026/1026 936/936/936 1005/1005/1005
f 937/937/937 936/936/936 1026/1026/1026
f 125/125/125 146/146/146 76/76/76
f 644/644/644 648/648/648 510/510/510
f 1091/1091/1091 1234/1234/1234 1231/1231/1231
f 1284/1284/1284 1287/1287/1287 1295/1295/1295
f 1091/1091/1091 1225/1225/1225 1234/1234/1234
f 1287/1287/1287 1430/1430/1430 1295/1295/1295
f 1366/1366/1366 1430/1430/1430 1287/1287/1287
f 334/334/334 372/372/372 311/311/311
f 311/311/311 372/372/372 310/310/310
f 310/310/310 372/372/372 292/292/292
f 292/292/292 394/394/394 294/294/294
f 294/294/294 404/404/404 327/327/327
f 327/327/327 405/405/405 369/369/369
f 993/993/993 875/875/875 994/994/994
f 308/308/308 396/396/396 395/395/395
f 308/308/308 395/395/395 309/309/309
f 309/309/309 395/395/395 398/398/398
f 300/300/300 398/398/398 299/299/299
f 301/301/301 412/412/412 298/298/298
f 298/298/298 413/413/413 302/302/302
f 303/303/303 375/375/375 312/312/312
f 333/333/333 416/416/416 340/340/340
f 1016/1016/1016 742/742/742 1014/1014/1014
f 373/373/373 368/368/368 341/341/341
f 148/148/148 147/147/147 173/173/173
f 91/91/91 122/122/122 113/113/113
f 123/123/123 122/122/122 91/91/91
f 91/91/91 124/124/124 123/123/123
f 82/82/82 124/124/124 91/91/91
f 72/72/72 162/162/162 82/82/82
f 71/71/71 163/163/163 72/72/72
f 67/67/67 161/161/161 66/66/66
f 75/75/75 174/174/174 67/67/67
f 76/76/76 146/146/146 75/75/75
f 86/86/86 125/125/125 76/76/76
f 83/83/83 119/119/119 118/118/118
f 128/128/128 119/119/119 83/83/83
f 133/133/133 128/128/128 62/62/62
f 61/61/61 150/150/150 133/133/133
f 522/522/522 644/644/644 511/511/511
f 392/392/392 403/403/403 348/348/348
f 403/403/403 352/352/352 348/348/348
f 288/288/288 352/352/352 335/335/335
f 293/293/293 335/335/335 322/322/322
f 1038/1038/1038 952/952/952 1039/1039/1039
f 295/295/295 322/322/322 328/328/328
f 1037/1037/1037 940/940/940 1038/1038/1038
f 328/328/328 339/339/339 304/304/304
f 339/339/339 334/334/334 304/304/304
f 1366/1366/1366 1429/1429/1429 1430/1430/1430
f 235/235/235 369/369/369 344/344/344
f 312/312/312 375/375/375 313/313/313
f 341/341/341 326/326/326 373/373/373
f 1597/1597/1597 1621/1621/1621 1595/1595/1595
f 1592/1592/1592 1589/1589/1589 1587/1587/1587
f 949/949/949 942/942/942 977/977/977
f 148/148/148 173/173/173 179/179/179
f 1589/1589/1589 1590/1590/1590 1588/1588/1588
f 1586/1586/1586 1589/1589/1589 1588/1588/1588
f 134/134/134 147/147/147 148/148/148
f 1588/1588/1588 1590/1590/1590 1610/1610/1610
f 130/130/130 147/147/147 134/134/134
f 1617/1617/1617 1610/1610/1610 1623/1623/1623
f 113/113/113 127/127/127 114/114/114
f 479/479/479 523/523/523 478/478/478
f 117/117/117 126/126/126 86/86/86
f 118/118/118 117/117/117 92/92/92
f 83/83/83 118/118/118 92/92/92
f 62/62/62 128/128/128 83/83/83
f 151/151/151 150/150/150 61/61/61
f 1365/1365/1365 1429/1429/1429 1366/1366/1366
f 1077/1077/1077 1224/1224/1224 1079/1079/1079
f 1076/1076/1076 1224/1224/1224 1077/1077/1077
f 1365/1365/1365 1301/1301/1301 1429/1429/1429
f 1063/1063/1063 1233/1233/1233 1076/1076/1076
f 1059/1059/1059 1232/1232/1232 1063/1063/1063
f 367/367/367 355/355/355 366/366/366
f 385/385/385 357/357/357 367/367/367
f 348/348/348 352/352/352 288/288/288
f 385/385/385 356/356/356 357/357/357
f 288/288/288 335/335/335 293/293/293
f 293/293/293 322/322/322 286/286/286
f 1550/1550/1550 1338/1338/1338 1339/1339/1339
f 286/286/286 322/322/322 295/295/295
f 390/390/390 356/356/356 385/385/385
f 296/296/296 328/328/328 304/304/304
f 1549/1549/1549 1338/1338/1338 1550/1550/1550
f 304/304/304 334/334/334 311/311/311
f 1551/1551/1551 1337/1337/1337 1549/1549/1549
f 390/390/390 351/351/351 356/356/356
f 291/291/291 311/311/311 310/310/310
f 1551/1551/1551 1351/1351/1351 1337/1337/1337
f 327/327/327 369/369/369 236/236/236
f 344/344/344 345/345/345 212/212/212
f 317/317/317 316/316/316 198/198/198
f 199/199/199 316/316/316 315/315/315
f 199/199/199 315/315/315 308/308/308
f 267/267/267 340/340/340 321/321/321
f 341/341/341 368/368/368 307/307/307
f 1595/1595/1595 1592/1592/1592 1587/1587/1587
f 1587/1587/1587 1589/1589/1589 1586/1586/1586
f 1588/1588/1588 1610/1610/1610 1605/1605/1605
f 114/114/114 129/129/129 52/52/52
f 1605/1605/1605 1610/1610/1610 1617/1617/1617
f 532/532/532 606/606/606 643/643/643
f 12/12/12 71/71/71 72/72/72
f 66/66/66 71/71/71 12/12/12
f 76/76/76 75/75/75 5/5/5
f 8/8/8 86/86/86 76/76/76
f 16/16/16 86/86/86 8/8/8
f 61/61/61 133/133/133 62/62/62
f 57/57/57 151/151/151 60/60/60
f 58/58/58 176/176/176 57/57/57
f 63/63/63 177/177/177 59/59/59
f 1552/1552/1552 1351/1351/1351 1551/1551/1551
f 1552/1552/1552 1553/1553/1553 1351/1351/1351
f 1317/1317/1317 1521/1521/1521 1522/1522/1522
f 1072/1072/1072 1215/1215/1215 1216/1216/1216
f 400/400/400 284/284/284 399/399/399
f 392/392/392 348/348/348 343/343/343
f 343/343/343 348/348/348 305/305/305
f 305/305/305 348/348/348 288/288/288
f 391/391/391 290/290/290 401/401/401
f 419/419/419 421/421/421 392/392/392
f 1455/1455/1455 1437/1437/1437 1347/1347/1347
f 304/304/304 311/311/311 291/291/291
f 388/388/388 289/289/289 391/391/391
f 1371/1371/1371 1348/1348/1348 1347/1347/1347
f 294/294/294 327/327/327 236/236/236
f 235/235/235 344/344/344 212/212/212
f 212/212/212 345/345/345 317/317/317
f 201/201/201 317/317/317 198/198/198
f 191/191/191 309/309/309 300/300/300
f 195/195/195 300/300/300 299/299/299
f 208/208/208 299/299/299 203/203/203
f 203/203/203 299/299/299 301/301/301
f 301/301/301 298/298/298 203/203/203
f 219/219/219 302/302/302 303/303/303
f 225/225/225 303/303/303 312/312/312
f 225/225/225 312/312/312 226/226/226
f 312/312/312 313/313/313 226/226/226
f 226/226/226 314/314/314 267/267/267
f 232/232/232 321/321/321 318/318/318
f 318/318/318 319/319/319 234/234/234
f 234/234/234 319/319/319 320/320/320
f 326/326/326 341/341/341 307/307/307
f 307/307/307 368/368/368 370/370/370
f 307/307/307 370/370/370 329/329/329
f 1594/1594/1594 1595/1595/1595 1587/1587/1587
f 120/120/120 179/179/179 159/159/159
f 148/148/148 179/179/179 120/120/120
f 69/69/69 134/134/134 148/148/148
f 129/129/129 130/130/130 52/52/52
f 35/35/35 91/91/91 49/49/49
f 91/91/91 113/113/113 49/49/49
f 34/34/34 91/91/91 35/35/35
f 82/82/82 91/91/91 34/34/34
f 12/12/12 72/72/72 38/38/38
f 4/4/4 67/67/67 66/66/66
f 5/5/5 75/75/75 4/4/4
f 8/8/8 76/76/76 5/5/5
f 92/92/92 86/86/86 16/16/16
f 17/17/17 92/92/92 16/16/16
f 18/18/18 83/83/83 92/92/92
f 112/112/112 180/180/180 63/63/63
f 381/381/381 392/392/392 343/343/343
f 419/419/419 392/392/392 381/381/381
f 1687/1687/1687 1710/1710/1710 1706/1706/1706
f 296/296/296 304/304/304 231/231/231
f 304/304/304 291/291/291 231/231/231
f 291/291/291 310/310/310 292/292/292
f 212/212/212 317/317/317 201/201/201
f 199/199/199 308/308/308 197/197/197
f 197/197/197 308/308/308 309/309/309
f 195/195/195 191/191/191 300/300/300
f 203/203/203 298/298/298 205/205/205
f 219/219/219 303/303/303 225/225/225
f 227/227/227 226/226/226 267/267/267
f 232/232/232 318/318/318 234/234/234
f 237/237/237 320/320/320 326/326/326
f 237/237/237 326/326/326 273/273/273
f 273/273/273 326/326/326 307/307/307
f 52/52/52 130/130/130 134/134/134
f 114/114/114 52/52/52 48/48/48
f 38/38/38 82/82/82 34/34/34
f 4/4/4 66/66/66 12/12/12
f 18/18/18 92/92/92 17/17/17
f 26/26/26 83/83/83 18/18/18
f 62/62/62 83/83/83 26/26/26
f 388/388/388 389/389/389 358/358/358
f 1371/1371/1371 1357/1357/1357 1348/1348/1348
f 1357/1357/1357 1356/1356/1356 1348/1348/1348
f 251/251/251 293/293/293 286/286/286
f 248/248/248 295/295/295 296/296/296
f 1356/1356/1356 1466/1466/1466 1358/1358/1358
f 570/570/570 567/567/567 571/571/571
f 228/228/228 291/291/291 292/292/292
f 292/292/292 294/294/294 228/228/228
f 228/228/228 294/294/294 236/236/236
f 211/211/211 236/236/236 235/235/235
f 198/198/198 316/316/316 199/199/199
f 191/191/191 197/197/197 309/309/309
f 195/195/195 299/299/299 208/208/208
f 205/205/205 298/298/298 219/219/219
f 234/234/234 320/320/320 237/237/237
f 1596/1596/1596 1597/1597/1597 1594/1594/1594
f 606/606/606 532/532/532 531/531/531
f 471/471/471 491/491/491 473/473/473
f 27/27/27 60/60/60 61/61/61
f 25/25/25 57/57/57 27/27/27
f 57/57/57 60/60/60 27/27/27
f 112/112/112 63/63/63 64/64/64
f 1571/1571/1571 1575/1575/1575 1425/1425/1425
f 544/544/544 619/619/619 547/547/547
f 548/548/548 599/599/599 549/549/549
f 171/171/171 143/143/143 145/145/145
f 584/584/584 623/623/623 589/589/589
f 1484/1484/1484 1536/1536/1536 1528/1528/1528
f 1497/1497/1497 1518/1518/1518 1272/1272/1272
f 1518/1518/1518 1519/1519/1519 1272/1272/1272
f 253/253/253 305/305/305 288/288/288
f 288/288/288 293/293/293 251/251/251
f 1464/1464/1464 1524/1524/1524 1496/1496/1496
f 380/380/380 419/419/419 381/381/381
f 251/251/251 286/286/286 250/250/250
f 1272/1272/1272 1517/1517/1517 1492/1492/1492
f 286/286/286 295/295/295 250/250/250
f 1519/1519/1519 1517/1517/1517 1272/1272/1272
f 1687/1687/1687 1706/1706/1706 1670/1670/1670
f 250/250/250 295/295/295 248/248/248
f 1464/1464/1464 1479/1479/1479 1524/1524/1524
f 248/248/248 296/296/296 231/231/231
f 1492/1492/1492 1517/1517/1517 1493/1493/1493
f 1464/1464/1464 1296/1296/1296 1479/1479/1479
f 1296/1296/1296 1459/1459/1459 1479/1479/1479
f 229/229/229 291/291/291 228/228/228
f 1296/1296/1296 1435/1435/1435 1459/1459/1459
f 1296/1296/1296 1264/1264/1264 1435/1435/1435
f 1468/1468/1468 1364/1364/1364 1271/1271/1271
f 211/211/211 228/228/228 236/236/236
f 1271/1271/1271 1364/1364/1364 1274/1274/1274
f 1264/1264/1264 1269/1269/1269 1276/1276/1276
f 211/211/211 235/235/235 212/212/212
f 225/225/225 226/226/226 220/220/220
f 226/226/226 227/227/227 223/223/223
f 267/267/267 232/232/232 227/227/227
f 273/273/273 307/307/307 282/282/282
f 307/307/307 329/329/329 282/282/282
f 282/282/282 329/329/329 324/324/324
f 1594/1594/1594 1587/1587/1587 1591/1591/1591
f 1585/1585/1585 1587/1587/1587 1586/1586/1586
f 120/120/120 159/159/159 154/154/154
f 1583/1583/1583 1586/1586/1586 1588/1588/1588
f 1588/1588/1588 1605/1605/1605 1603/1603/1603
f 1605/1605/1605 1617/1617/1617 1612/1612/1612
f 27/27/27 62/62/62 26/26/26
f 61/61/61 62/62/62 27/27/27
f 58/58/58 57/57/57 25/25/25
f 29/29/29 58/58/58 25/25/25
f 59/59/59 58/58/58 29/29/29
f 63/63/63 59/59/59 29/29/29
f 111/111/111 112/112/112 64/64/64
f 343/343/343 305/305/305 287/287/287
f 342/342/342 343/343/343 287/287/287
f 287/287/287 305/305/305 253/253/253
f 253/253/253 288/288/288 251/251/251
f 1271/1271/1271 1266/1266/1266 1262/1262/1262
f 380/380/380 381/381/381 343/343/343
f 1702/1702/1702 1706/1706/1706 1709/1709/1709
f 1271/1271/1271 1274/1274/1274 1266/1266/1266
f 1670/1670/1670 1706/1706/1706 1702/1702/1702
f 211/211/211 212/212/212 201/201/201
f 219/219/219 225/225/225 220/220/220
f 220/220/220 226/226/226 223/223/223
f 232/232/232 234/234/234 233/233/233
f 1596/1596/1596 1594/1594/1594 1591/1591/1591
f 1591/1591/1591 1587/1587/1587 1585/1585/1585
f 1585/1585/1585 1586/1586/1586 1583/1583/1583
f 95/95/95 120/120/120 154/154/154
f 81/81/81 69/69/69 95/95/95
f 95/95/95 69/69/69 120/120/120
f 1584/1584/1584 1583/1583/1583 1588/1588/1588
f 56/56/56 52/52/52 69/69/69
f 51/51/51 52/52/52 56/56/56
f 1603/1603/1603 1605/1605/1605 1612/1612/1612
f 35/35/35 49/49/49 45/45/45
f 508/508/508 504/504/504 489/489/489
f 38/38/38 34/34/34 37/37/37
f 479/479/479 478/478/478 438/438/438
f 7/7/7 16/16/16 8/8/8
f 26/26/26 18/18/18 19/19/19
f 64/64/64 63/63/63 29/29/29
f 172/172/172 170/170/170 111/111/111
f 1265/1265/1265 1269/1269/1269 1264/1264/1264
f 1267/1267/1267 1269/1269/1269 1265/1265/1265
f 1266/1266/1266 1267/1267/1267 1265/1265/1265
f 211/211/211 201/201/201 200/200/200
f 201/201/201 198/198/198 192/192/192
f 192/192/192 198/198/198 190/190/190
f 198/198/198 199/199/199 190/190/190
f 233/233/233 234/234/234 237/237/237
f 56/56/56 69/69/69 81/81/81
f 49/49/49 48/48/48 46/46/46
f 45/45/45 49/49/49 46/46/46
f 34/34/34 35/35/35 36/36/36
f 37/37/37 34/34/34 36/36/36
f 12/12/12 38/38/38 37/37/37
f 8/8/8 5/5/5 7/7/7
f 1274/1274/1274 1275/1275/1275 1266/1266/1266
f 1275/1275/1275 1268/1268/1268 1266/1266/1266
f 1268/1268/1268 1279/1279/1279 1267/1267/1267
f 1278/1278/1278 1289/1289/1289 1268/1268/1268
f 1279/1279/1279 1273/1273/1273 1267/1267/1267
f 1278/1278/1278 1450/1450/1450 1289/1289/1289
f 287/287/287 253/253/253 258/258/258
f 253/253/253 251/251/251 252/252/252
f 251/251/251 250/250/250 249/249/249
f 1475/1475/1475 1450/1450/1450 1472/1472/1472
f 247/247/247 248/248/248 239/239/239
f 239/239/239 248/248/248 231/231/231
f 1273/1273/1273 1279/1279/1279 1280/1280/1280
f 215/215/215 229/229/229 228/228/228
f 1475/1475/1475 1285/1285/1285 1450/1450/1450
f 215/215/215 228/228/228 213/213/213
f 213/213/213 228/228/228 211/211/211
f 209/209/209 211/211/211 200/200/200
f 200/200/200 201/201/201 192/192/192
f 190/190/190 199/199/199 197/197/197
f 204/204/204 203/203/203 205/205/205
f 218/218/218 219/219/219 220/220/220
f 223/223/223 227/227/227 224/224/224
f 227/227/227 232/232/232 230/230/230
f 237/237/237 273/273/273 238/238/238
f 238/238/238 273/273/273 281/281/281
f 281/281/281 273/273/273 282/282/282
f 1596/1596/1596 1591/1591/1591 1593/1593/1593
f 1591/1591/1591 1585/1585/1585 1582/1582/1582
f 1585/1585/1585 1583/1583/1583 1582/1582/1582
f 48/48/48 52/52/52 51/51/51
f 1606/1606/1606 1603/1603/1603 1612/1612/1612
f 12/12/12 37/37/37 33/33/33
f 13/13/13 12/12/12 33/33/33
f 2/2/2 4/4/4 12/12/12
f 17/17/17 16/16/16 7/7/7
f 11/11/11 17/17/17 7/7/7
f 11/11/11 18/18/18 17/17/17
f 27/27/27 26/26/26 19/19/19
f 23/23/23 27/27/27 19/19/19
f 64/64/64 29/29/29 54/54/54
f 68/68/68 64/64/64 54/54/54
f 1483/1483/1483 1285/1285/1285 1475/1475/1475
f 353/353/353 380/380/380 342/342/342
f 342/342/342 287/287/287 297/297/297
f 353/353/353 342/342/342 297/297/297
f 297/297/297 287/287/287 258/258/258
f 1279/1279/1279 1281/1281/1281 1280/1280/1280
f 1281/1281/1281 1457/1457/1457 1280/1280/1280
f 376/376/376 380/380/380 353/353/353
f 252/252/252 251/251/251 249/249/249
f 1698/1698/1698 1702/1702/1702 1709/1709/1709
f 1698/1698/1698 1709/1709/1709 1707/1707/1707
f 1561/1561/1561 1288/1288/1288 1560/1560/1560
f 1673/1673/1673 1670/1670/1670 1698/1698/1698
f 249/249/249 250/250/250 248/248/248
f 249/249/249 248/248/248 247/247/247
f 1283/1283/1283 1457/1457/1457 1281/1281/1281
f 1671/1671/1671 1670/1670/1670 1673/1673/1673
f 1283/1283/1283 1465/1465/1465 1457/1457/1457
f 239/239/239 231/231/231 217/217/217
f 217/217/217 231/231/231 229/229/229
f 1295/1295/1295 1465/1465/1465 1283/1283/1283
f 213/213/213 211/211/211 209/209/209
f 190/190/190 197/197/197 191/191/191
f 195/195/195 208/208/208 203/203/203
f 218/218/218 205/205/205 219/219/219
f 230/230/230 232/232/232 233/233/233
f 281/281/281 282/282/282 323/323/323
f 323/323/323 282/282/282 324/324/324
f 1598/1598/1598 1596/1596/1596 1593/1593/1593
f 1593/1593/1593 1591/1591/1591 1582/1582/1582
f 81/81/81 95/95/95 79/79/79
f 1582/1582/1582 1583/1583/1583 1584/1584/1584
f 1584/1584/1584 1603/1603/1603 1606/1606/1606
f 1606/1606/1606 1612/1612/1612 1613/1613/1613
f 47/47/47 46/46/46 48/48/48
f 585/585/585 593/593/593 531/531/531
f 36/36/36 35/35/35 44/44/44
f 35/35/35 45/45/45 44/44/44
f 25/25/25 27/27/27 23/23/23
f 108/108/108 172/172/172 111/111/111
f 1295/1295/1295 1509/1509/1509 1465/1465/1465
f 258/258/258 253/253/253 252/252/252
f 1080/1080/1080 1079/1079/1079 1225/1225/1225
f 1430/1430/1430 1509/1509/1509 1295/1295/1295
f 217/217/217 229/229/229 215/215/215
f 366/366/366 355/355/355 361/361/361
f 191/191/191 195/195/195 189/189/189
f 203/203/203 204/204/204 207/207/207
f 222/222/222 220/220/220 223/223/223
f 224/224/224 227/227/227 230/230/230
f 233/233/233 237/237/237 238/238/238
f 56/56/56 81/81/81 79/79/79
f 585/585/585 531/531/531 539/539/539
f 5/5/5 4/4/4 1/1/1
f 367/367/367 357/357/357 355/355/355
f 365/365/365 351/351/351 390/390/390
f 387/387/387 277/277/277 365/365/365
f 387/387/387 275/275/275 277/277/277
f 386/386/386 266/266/266 387/387/387
f 386/386/386 285/285/285 265/265/265
f 399/399/399 285/285/285 386/386/386
f 284/284/284 285/285/285 399/399/399
f 196/196/196 195/195/195 203/203/203
f 196/196/196 203/203/203 207/207/207
f 206/206/206 205/205/205 218/218/218
f 221/221/221 218/218/218 220/220/220
f 221/221/221 220/220/220 222/222/222
f 222/222/222 223/223/223 224/224/224
f 44/44/44 46/46/46 47/47/47
f 45/45/45 46/46/46 44/44/44
f 19/19/19 11/11/11 20/20/20
f 29/29/29 25/25/25 28/28/28
f 441/441/441 446/446/446 445/445/445
f 400/400/400 278/278/278 284/284/284
f 401/401/401 278/278/278 400/400/400
f 484/484/484 486/486/486 485/485/485
f 401/401/401 269/269/269 278/278/278
f 1701/1701/1701 1698/1698/1698 1707/1707/1707
f 1674/1674/1674 1698/1698/1698 1701/1701/1701
f 1673/1673/1673 1698/1698/1698 1674/1674/1674
f 290/290/290 269/269/269 401/401/401
f 1153/1153/1153 1221/1221/1221 1210/1210/1210
f 1494/1494/1494 1455/1455/1455 1505/1505/1505
f 202/202/202 209/209/209 200/200/200
f 202/202/202 200/200/200 192/192/192
f 192/192/192 190/190/190 193/193/193
f 204/204/204 205/205/205 206/206/206
f 1602/1602/1602 1598/1598/1598 1600/1600/1600
f 1600/1600/1600 1598/1598/1598 1593/1593/1593
f 1601/1601/1601 1582/1582/1582 1584/1584/1584
f 1601/1601/1601 1584/1584/1584 1606/1606/1606
f 51/51/51 56/56/56 55/55/55
f 56/56/56 79/79/79 55/55/55
f 47/47/47 48/48/48 50/50/50
f 43/43/43 36/36/36 44/44/44
f 39/39/39 37/37/37 36/36/36
f 33/33/33 37/37/37 39/39/39
f 21/21/21 19/19/19 20/20/20
f 22/22/22 23/23/23 19/19/19
f 425/425/425 424/424/424 423/423/423
f 25/25/25 23/23/23 22/22/22
f 30/30/30 29/29/29 28/28/28
f 391/391/391 283/283/283 290/290/290
f 1494/1494/1494 1437/1437/1437 1455/1455/1455
f 376/376/376 353/353/353 297/297/297
f 258/258/258 252/252/252 274/274/274
f 289/289/289 283/283/283 391/391/391
f 1701/1701/1701 1707/1707/1707 1708/1708/1708
f 274/274/274 252/252/252 249/249/249
f 274/274/274 249/249/249 257/257/257
f 1427/1427/1427 1357/1357/1357 1371/1371/1371
f 1466/1466/1466 1534/1534/1534 1488/1488/1488
f 1427/1427/1427 1436/1436/1436 1357/1357/1357
f 239/239/239 217/217/217 216/216/216
f 1466/1466/1466 1482/1482/1482 1534/1534/1534
f 215/215/215 213/213/213 214/214/214
f 1436/1436/1436 1356/1356/1356 1357/1357/1357
f 189/189/189 195/195/195 196/196/196
f 230/230/230 233/233/233 241/241/241
f 281/281/281 323/323/323 330/330/330
f 280/280/280 281/281/281 330/330/330
f 1593/1593/1593 1582/1582/1582 1599/1599/1599
f 110/110/110 95/95/95 153/153/153
f 80/80/80 79/79/79 95/95/95
f 80/80/80 95/95/95 110/110/110
f 55/55/55 79/79/79 80/80/80
f 50/50/50 51/51/51 55/55/55
f 48/48/48 51/51/51 50/50/50
f 1606/1606/1606 1613/1613/1613 1607/1607/1607
f 1607/1607/1607 1613/1613/1613 1616/1616/1616
f 594/594/594 585/585/585 539/539/539
f 39/39/39 36/36/36 43/43/43
f 1/1/1 4/4/4 2/2/2
f 6/6/6 7/7/7 5/5/5
f 54/54/54 29/29/29 30/30/30
f 65/65/65 68/68/68 54/54/54
f 1356/1356/1356 1482/1482/1482 1466/1466/1466
f 1356/1356/1356 1456/1456/1456 1482/1482/1482
f 350/350/350 297/297/297 325/325/325
f 325/325/325 297/297/297 258/258/258
f 350/350/350 376/376/376 297/297/297
f 1436/1436/1436 1456/1456/1456 1356/1356/1356
f 595/595/595 620/620/620 579/579/579
f 595/595/595 654/654/654 620/620/620
f 418/418/418 376/376/376 350/350/350
f 1697/1697/1697 1701/1701/1701 1708/1708/1708
f 1643/1643/1643 1638/1638/1638 1647/1647/1647
f 249/249/249 247/247/247 257/257/257
f 257/257/257 247/247/247 240/240/240
f 240/240/240 247/247/247 239/239/239
f 240/240/240 239/239/239 216/216/216
f 1649/1649/1649 1664/1664/1664 1668/1668/1668
f 217/217/217 215/215/215 216/216/216
f 559/559/559 577/577/577 560/560/560
f 216/216/216 215/215/215 214/214/214
f 560/560/560 577/577/577 561/561/561
f 210/210/210 209/209/209 202/202/202
f 189/189/189 190/190/190 191/191/191
f 221/221/221 222/222/222 243/243/243
f 222/222/222 224/224/224 255/255/255
f 245/245/245 224/224/224 241/241/241
f 224/224/224 230/230/230 241/241/241
f 241/241/241 233/233/233 254/254/254
f 254/254/254 233/233/233 238/238/238
f 238/238/238 281/281/281 280/280/280
f 1600/1600/1600 1593/1593/1593 1599/1599/1599
f 1599/1599/1599 1582/1582/1582 1601/1601/1601
f 40/40/40 33/33/33 39/39/39
f 28/28/28 25/25/25 22/22/22
f 155/155/155 108/108/108 97/97/97
f 96/96/96 32/32/32 78/78/78
f 94/94/94 3/3/3 105/105/105
f 105/105/105 101/101/101 138/138/138
f 138/138/138 101/101/101 143/143/143
f 460/460/460 456/456/456 464/464/464
f 325/325/325 258/258/258 274/274/274
f 145/145/145 99/99/99 140/140/140
f 1697/1697/1697 1674/1674/1674 1701/1701/1701
f 1528/1528/1528 1518/1518/1518 1497/1497/1497
f 1506/1506/1506 1512/1512/1512 1468/1468/1468
f 1678/1678/1678 1675/1675/1675 1676/1676/1676
f 1468/1468/1468 1512/1512/1512 1364/1364/1364
f 1276/1276/1276 1269/1269/1269 1277/1277/1277
f 214/214/214 213/213/213 210/210/210
f 1364/1364/1364 1275/1275/1275 1274/1274/1274
f 213/213/213 209/209/209 210/210/210
f 193/193/193 190/190/190 194/194/194
f 194/194/194 190/190/190 189/189/189
f 242/242/242 218/218/218 221/221/221
f 222/222/222 255/255/255 244/244/244
f 255/255/255 224/224/224 245/245/245
f 254/254/254 238/238/238 259/259/259
f 605/605/605 594/594/594 580/580/580
f 528/528/528 461/461/461 569/569/569
f 41/41/41 33/33/33 40/40/40
f 13/13/13 33/33/33 41/41/41
f 6/6/6 5/5/5 1/1/1
f 10/10/10 7/7/7 9/9/9
f 11/11/11 10/10/10 15/15/15
f 22/22/22 19/19/19 21/21/21
f 54/54/54 30/30/30 53/53/53
f 97/97/97 68/68/68 65/65/65
f 1269/1269/1269 1270/1270/1270 1277/1277/1277
f 1278/1278/1278 1275/1275/1275 1364/1364/1364
f 1267/1267/1267 1270/1270/1270 1269/1269/1269
f 1266/1266/1266 1268/1268/1268 1267/1267/1267
f 1472/1472/1472 1278/1278/1278 1473/1473/1473
f 418/418/418 350/350/350 378/378/378
f 1472/1472/1472 1450/1450/1450 1278/1278/1278
f 1267/1267/1267 1273/1273/1273 1270/1270/1270
f 1475/1475/1475 1539/1539/1539 1483/1483/1483
f 1212/1212/1212 1230/1230/1230 1213/1213/1213
f 364/364/364 346/346/346 382/382/382
f 1429/1429/1429 1509/1509/1509 1430/1430/1430
f 1676/1676/1676 1697/1697/1697 1689/1689/1689
f 363/363/363 349/349/349 364/364/364
f 362/362/362 349/349/349 363/363/363
f 361/361/361 354/354/354 362/362/362
f 355/355/355 354/354/354 361/361/361
f 365/365/365 276/276/276 351/351/351
f 277/277/277 276/276/276 365/365/365
f 387/387/387 266/266/266 275/275/275
f 386/386/386 265/265/265 266/266/266
f 1486/1486/1486 1437/1437/1437 1494/1494/1494
f 1486/1486/1486 1371/1371/1371 1437/1437/1437
f 193/193/193 202/202/202 192/192/192
f 242/242/242 206/206/206 218/218/218
f 242/242/242 221/221/221 243/243/243
f 243/243/243 222/222/222 244/244/244
f 259/259/259 238/238/238 280/280/280
f 1609/1609/1609 1602/1602/1602 1600/1600/1600
f 1604/1604/1604 1599/1599/1599 1601/1601/1601
f 50/50/50 55/55/55 107/107/107
f 1607/1607/1607 1616/1616/1616 1614/1614/1614
f 1614/1614/1614 1616/1616/1616 1625/1625/1625
f 44/44/44 47/47/47 104/104/104
f 93/93/93 43/43/43 44/44/44
f 100/100/100 39/39/39 43/43/43
f 2/2/2 13/13/13 14/14/14
f 9/9/9 7/7/7 6/6/6
f 20/20/20 11/11/11 15/15/15
f 24/24/24 22/22/22 21/21/21
f 358/358/358 289/289/289 388/388/388
f 1371/1371/1371 1476/1476/1476 1427/1427/1427
f 359/359/359 358/358/358 389/389/389
f 1476/1476/1476 1451/1451/1451 1427/1427/1427
f 1451/1451/1451 1436/1436/1436 1427/1427/1427
f 1456/1456/1456 1530/1530/1530 1482/1482/1482
f 1436/1436/1436 1480/1480/1480 1456/1456/1456
f 1451/1451/1451 1480/1480/1480 1436/1436/1436
f 1456/1456/1456 1480/1480/1480 1530/1530/1530
f 1636/1636/1636 1639/1639/1639 1644/1644/1644
f 378/378/378 350/350/350 325/325/325
f 1697/1697/1697 1708/1708/1708 1700/1700/1700
f 420/420/420 418/418/418 378/378/378
f 274/274/274 257/257/257 337/337/337
f 337/337/337 257/257/257 336/336/336
f 257/257/257 240/240/240 263/263/263
f 457/457/457 573/573/573 559/559/559
f 142/142/142 53/53/53 141/141/141
f 53/53/53 115/115/115 141/141/141
f 115/115/115 31/31/31 96/96/96
f 96/96/96 31/31/31 32/32/32
f 78/78/78 24/24/24 77/77/77
f 84/84/84 15/15/15 87/87/87
f 89/89/89 9/9/9 90/90/90
f 240/240/240 216/216/216 263/263/263
f 90/90/90 6/6/6 85/85/85
f 85/85/85 3/3/3 94/94/94
f 101/101/101 98/98/98 143/143/143
f 216/216/216 214/214/214 261/261/261
f 143/143/143 98/98/98 145/145/145
f 145/145/145 98/98/98 99/99/99
f 152/152/152 121/121/121 156/156/156
f 280/280/280 330/330/330 360/360/360
f 1618/1618/1618 1602/1602/1602 1609/1609/1609
f 1609/1609/1609 1600/1600/1600 1604/1604/1604
f 1604/1604/1604 1600/1600/1600 1599/1599/1599
f 1604/1604/1604 1601/1601/1601 1608/1608/1608
f 55/55/55 80/80/80 116/116/116
f 1608/1608/1608 1601/1601/1601 1611/1611/1611
f 1601/1601/1601 1607/1607/1607 1611/1611/1611
f 47/47/47 50/50/50 102/102/102
f 103/103/103 44/44/44 104/104/104
f 93/93/93 44/44/44 103/103/103
f 100/100/100 43/43/43 93/93/93
f 461/461/461 439/439/439 566/566/566
f 13/13/13 41/41/41 42/42/42
f 42/42/42 14/14/14 13/13/13
f 428/428/428 427/427/427 541/541/541
f 541/541/541 427/427/427 542/542/542
f 73/73/73 65/65/65 53/53/53
f 1479/1479/1479 1459/1459/1459 1546/1546/1546
f 121/121/121 106/106/106 156/156/156
f 106/106/106 165/165/165 156/156/156
f 165/165/165 102/102/102 158/158/158
f 1435/1435/1435 1460/1460/1460 1467/1467/1467
f 1435/1435/1435 1276/1276/1276 1460/1460/1460
f 1276/1276/1276 1277/1277/1277 1460/1460/1460
f 338/338/338 325/325/325 274/274/274
f 274/274/274 337/337/337 338/338/338
f 1512/1512/1512 1474/1474/1474 1364/1364/1364
f 1277/1277/1277 1461/1461/1461 1460/1460/1460
f 1277/1277/1277 1458/1458/1458 1461/1461/1461
f 263/263/263 216/216/216 262/262/262
f 1474/1474/1474 1278/1278/1278 1364/1364/1364
f 1442/1442/1442 1458/1458/1458 1277/1277/1277
f 1270/1270/1270 1442/1442/1442 1277/1277/1277
f 1273/1273/1273 1442/1442/1442 1270/1270/1270
f 1273/1273/1273 1462/1462/1462 1442/1442/1442
f 262/262/262 216/216/216 261/261/261
f 1273/1273/1273 1280/1280/1280 1462/1462/1462
f 1280/1280/1280 1507/1507/1507 1462/1462/1462
f 1280/1280/1280 1457/1457/1457 1507/1507/1507
f 193/193/193 194/194/194 264/264/264
f 260/260/260 196/196/196 207/207/207
f 207/207/207 204/204/204 260/260/260
f 204/204/204 206/206/206 242/242/242
f 244/244/244 255/255/255 256/256/256
f 256/256/256 255/255/255 245/245/245
f 245/245/245 241/241/241 246/246/246
f 246/246/246 241/241/241 254/254/254
f 331/331/331 259/259/259 332/332/332
f 332/332/332 259/259/259 280/280/280
f 116/116/116 80/80/80 110/110/110
f 107/107/107 55/55/55 116/116/116
f 1611/1611/1611 1607/1607/1607 1614/1614/1614
f 104/104/104 47/47/47 106/106/106
f 106/106/106 47/47/47 102/102/102
f 103/103/103 104/104/104 121/121/121
f 580/580/580 578/578/578 586/586/586
f 41/41/41 40/40/40 39/39/39
f 3/3/3 2/2/2 14/14/14
f 1/1/1 2/2/2 3/3/3
f 32/32/32 22/22/22 24/24/24
f 28/28/28 22/22/22 32/32/32
f 31/31/31 30/30/30 28/28/28
f 53/53/53 30/30/30 31/31/31
f 448/448/448 466/466/466 444/444/444
f 109/109/109 97/97/97 65/65/65
f 109/109/109 65/65/65 73/73/73
f 1457/1457/1457 1563/1563/1563 1507/1507/1507
f 168/168/168 155/155/155 97/97/97
f 168/168/168 97/97/97 109/109/109
f 1465/1465/1465 1563/1563/1563 1457/1457/1457
f 1634/1634/1634 1660/1660/1660 1664/1664/1664
f 382/382/382 346/346/346 347/347/347
f 1058/1058/1058 1057/1057/1057 1059/1059/1059
f 459/459/459 451/451/451 460/460/460
f 362/362/362 354/354/354 349/349/349
f 357/357/357 243/243/243 355/355/355
f 357/357/357 271/271/271 243/243/243
f 377/377/377 378/378/378 325/325/325
f 377/377/377 325/325/325 338/338/338
f 1543/1543/1543 1581/1581/1581 1513/1513/1513
f 1689/1689/1689 1700/1700/1700 1695/1695/1695
f 336/336/336 257/257/257 306/306/306
f 257/257/257 263/263/263 306/306/306
f 261/261/261 214/214/214 210/210/210
f 210/210/210 202/202/202 268/268/268
f 202/202/202 193/193/193 264/264/264
f 264/264/264 194/194/194 265/265/265
f 265/265/265 194/194/194 266/266/266
f 194/194/194 189/189/189 266/266/266
f 266/266/266 189/189/189 196/196/196
f 204/204/204 242/242/242 270/270/270
f 1050/1050/1050 1051/1051/1051 1052/1052/1052
f 280/280/280 360/360/360 332/332/332
f 1615/1615/1615 1609/1609/1609 1604/1604/1604
f 1615/1615/1615 1604/1604/1604 1608/1608/1608
f 116/116/116 110/110/110 149/149/149
f 1611/1611/1611 1614/1614/1614 1624/1624/1624
f 102/102/102 50/50/50 107/107/107
f 657/657/657 605/605/605 607/607/607
f 121/121/121 104/104/104 106/106/106
f 607/607/607 580/580/580 586/586/586
f 137/137/137 93/93/93 103/103/103
f 99/99/99 39/39/39 100/100/100
f 41/41/41 39/39/39 99/99/99
f 553/553/553 554/554/554 558/558/558
f 70/70/70 21/21/21 20/20/20
f 70/70/70 24/24/24 21/21/21
f 31/31/31 28/28/28 32/32/32
f 458/458/458 466/466/466 448/448/448
f 356/356/356 271/271/271 357/357/357
f 1513/1513/1513 1581/1581/1581 1578/1578/1578
f 1689/1689/1689 1695/1695/1695 1688/1688/1688
f 306/306/306 263/263/263 279/279/279
f 279/279/279 263/263/263 262/262/262
f 279/279/279 262/262/262 261/261/261
f 261/261/261 210/210/210 268/268/268
f 268/268/268 202/202/202 269/269/269
f 269/269/269 202/202/202 264/264/264
f 196/196/196 260/260/260 276/276/276
f 272/272/272 260/260/260 204/204/204
f 272/272/272 204/204/204 270/270/270
f 270/270/270 242/242/242 271/271/271
f 242/242/242 243/243/243 271/271/271
f 246/246/246 254/254/254 346/346/346
f 254/254/254 259/259/259 331/331/331
f 164/164/164 116/116/116 149/149/149
f 164/164/164 149/149/149 169/169/169
f 136/136/136 93/93/93 137/137/137
f 135/135/135 93/93/93 136/136/136
f 100/100/100 93/93/93 135/135/135
f 98/98/98 41/41/41 99/99/99
f 98/98/98 42/42/42 41/41/41
f 101/101/101 42/42/42 98/98/98
f 14/14/14 42/42/42 101/101/101
f 74/74/74 20/20/20 15/15/15
f 142/142/142 73/73/73 53/53/53
f 270/270/270 271/271/271 356/356/356
f 272/272/272 270/270/270 356/356/356
f 351/351/351 272/272/272 356/356/356
f 276/276/276 272/272/272 351/351/351
f 1639/1639/1639 1631/1631/1631 1643/1643/1643
f 1513/1513/1513 1578/1578/1578 1480/1480/1480
f 1480/1480/1480 1578/1578/1578 1564/1564/1564
f 383/383/383 338/338/338 337/337/337
f 1491/1491/1491 1513/1513/1513 1451/1451/1451
f 1688/1688/1688 1695/1695/1695 1696/1696/1696
f 279/279/279 261/261/261 289/289/289
f 1137/1137/1137 1150/1150/1150 1177/1177/1177
f 1137/1137/1137 1177/1177/1177 1153/1153/1153
f 264/264/264 265/265/265 285/285/285
f 275/275/275 266/266/266 196/196/196
f 277/277/277 196/196/196 276/276/276
f 276/276/276 260/260/260 272/272/272
f 354/354/354 245/245/245 349/349/349
f 349/349/349 245/245/245 246/246/246
f 379/379/379 331/331/331 332/332/332
f 1442/1442/1442 1529/1529/1529 1535/1535/1535
f 1442/1442/1442 1535/1535/1535 1510/1510/1510
f 1458/1458/1458 1442/1442/1442 1510/1510/1510
f 1458/1458/1458 1510/1510/1510 1525/1525/1525
f 1461/1461/1461 1458/1458/1458 1525/1525/1525
f 1461/1461/1461 1525/1525/1525 1526/1526/1526
f 1460/1460/1460 1461/1461/1461 1526/1526/1526
f 1467/1467/1467 1460/1460/1460 1532/1532/1532
f 1460/1460/1460 1526/1526/1526 1532/1532/1532
f 102/102/102 107/107/107 158/158/158
f 1527/1527/1527 1467/1467/1467 1532/1532/1532
f 137/137/137 103/103/103 121/121/121
f 137/137/137 121/121/121 152/152/152
f 3/3/3 14/14/14 105/105/105
f 85/85/85 1/1/1 3/3/3
f 6/6/6 1/1/1 85/85/85
f 89/89/89 10/10/10 9/9/9
f 15/15/15 10/10/10 88/88/88
f 74/74/74 15/15/15 84/84/84
f 70/70/70 20/20/20 74/74/74
f 53/53/53 31/31/31 115/115/115
f 1089/1089/1089 1073/1073/1073 1069/1069/1069
f 1177/1177/1177 1221/1221/1221 1153/1153/1153
f 1499/1499/1499 1371/1371/1371 1486/1486/1486
f 1499/1499/1499 1476/1476/1476 1371/1371/1371
f 279/279/279 358/358/358 359/359/359
f 384/384/384 336/336/336 359/359/359
f 1480/1480/1480 1564/1564/1564 1530/1530/1530
f 1630/1630/1630 1633/1633/1633 1631/1631/1631
f 168/168/168 109/109/109 157/157/157
f 157/157/157 73/73/73 142/142/142
f 157/157/157 109/109/109 73/73/73
f 1451/1451/1451 1513/1513/1513 1480/1480/1480
f 383/383/383 337/337/337 336/336/336
f 383/383/383 336/336/336 384/384/384
f 336/336/336 306/306/306 359/359/359
f 1491/1491/1491 1451/1451/1451 1476/1476/1476
f 359/359/359 306/306/306 279/279/279
f 1693/1693/1693 1688/1688/1688 1696/1696/1696
f 358/358/358 279/279/279 289/289/289
f 289/289/289 261/261/261 283/283/283
f 261/261/261 268/268/268 283/283/283
f 1211/1211/1211 1240/1240/1240 1177/1177/1177
f 283/283/283 268/268/268 290/290/290
f 290/290/290 268/268/268 269/269/269
f 269/269/269 264/264/264 278/278/278
f 278/278/278 264/264/264 284/284/284
f 284/284/284 264/264/264 285/285/285
f 275/275/275 196/196/196 277/277/277
f 355/355/355 243/243/243 244/244/244
f 355/355/355 244/244/244 354/354/354
f 354/354/354 244/244/244 256/256/256
f 354/354/354 256/256/256 245/245/245
f 349/349/349 246/246/246 346/346/346
f 364/364/364 349/349/349 346/346/346
f 346/346/346 254/254/254 347/347/347
f 347/347/347 254/254/254 331/331/331
f 347/347/347 331/331/331 379/379/379
f 1462/1462/1462 1507/1507/1507 1580/1580/1580
f 1462/1462/1462 1580/1580/1580 1529/1529/1529
f 1105/1105/1105 1212/1212/1212 1213/1213/1213
f 1128/1128/1128 1213/1213/1213 1179/1179/1179
f 1442/1442/1442 1462/1462/1462 1529/1529/1529
f 164/164/164 158/158/158 116/116/116
f 107/107/107 116/116/116 158/158/158
f 1459/1459/1459 1467/1467/1467 1527/1527/1527
f 106/106/106 102/102/102 165/165/165
f 1546/1546/1546 1459/1459/1459 1547/1547/1547
f 1547/1547/1547 1459/1459/1459 1527/1527/1527
f 592/592/592 603/603/603 566/566/566
f 139/139/139 100/100/100 135/135/135
f 99/99/99 100/100/100 140/140/140
f 140/140/140 100/100/100 139/139/139
f 105/105/105 14/14/14 101/101/101
f 9/9/9 6/6/6 90/90/90
f 88/88/88 10/10/10 89/89/89
f 87/87/87 15/15/15 88/88/88
f 555/555/555 556/556/556 540/540/540
f 77/77/77 24/24/24 70/70/70
f 440/440/440 550/550/550 540/540/540
f 32/32/32 24/24/24 78/78/78

