mtllib 4_6_2026.mtl
v -0.333440 0.003774 -0.024287
v -0.332263 0.002780 -0.055878
v -0.332078 -0.012871 -0.047689
v -0.333582 -0.011462 -0.017912
v -0.336349 0.003683 0.023548
v -0.335742 -0.014115 0.017291
v -0.333832 -0.029084 0.002053
v -0.332714 -0.025785 -0.017498
v -0.330347 -0.009563 -0.084173
v -0.336180 -0.013626 0.031919
v -0.337939 0.003203 0.071902
v -0.331313 0.002320 -0.092444
v -0.330433 -0.005328 -0.097315
v -0.329194 -0.009488 -0.122036
v -0.330328 -0.026779 -0.046940
v -0.336734 -0.006950 0.064650
v -0.338130 -0.000178 0.093676
v -0.330838 0.000673 -0.149912
v -0.330458 -0.003043 -0.144992
v -0.334452 -0.025047 0.030172
v -0.328720 -0.002657 -0.206657
v -0.335254 -0.017491 0.044861
v -0.329211 0.000588 -0.209306
v -0.328533 0.002010 -0.252298
v -0.327741 -0.002787 -0.255019
v -0.327644 0.000786 -0.295722
v -0.327197 -0.002966 -0.295998
v -0.329033 -0.003438 -0.354084
v -0.329291 0.000061 -0.352957
v -0.330244 0.001529 -0.374806
v -0.337862 0.000626 0.145667
v -0.337851 0.004399 0.152033
v -0.336982 0.001047 0.205024
v -0.336767 0.004827 0.210135
v -0.336319 0.000497 0.265264
v -0.335594 0.005434 0.283231
v -0.328831 0.005248 -0.201772
v -0.328983 0.008735 -0.165097
v -0.336192 0.000410 0.323405
v -0.337158 0.009060 0.143916
v -0.335991 0.008581 0.212950
v -0.332979 -0.004032 -0.397951
v -0.327045 0.004420 -0.294623
v -0.328128 0.003961 -0.350338
v -0.334107 -0.000134 -0.418690
v -0.335222 0.010101 0.025292
v -0.335655 -0.002674 0.300736
v -0.335663 -0.002967 0.213898
v -0.335817 -0.003649 0.390105
v -0.335745 0.000175 0.385976
v -0.335216 -0.003974 0.445802
v -0.335119 -0.007717 0.446455
v -0.333416 -0.002475 0.458073
v -0.332683 -0.009816 0.459626
v -0.336107 0.012753 0.081619
v -0.330888 -0.033853 -0.017525
v -0.329081 -0.023903 -0.065422
v -0.326669 -0.019744 -0.097933
v -0.334934 -0.007203 0.388482
v -0.335422 -0.011359 0.069846
v -0.334275 -0.010665 0.439741
v -0.332800 0.013674 0.002341
v -0.332514 -0.032885 0.009968
v -0.335018 0.004132 0.357246
v -0.335973 -0.005911 -0.426533
v -0.333071 -0.007265 -0.403376
v -0.327827 -0.007172 -0.361191
v -0.335698 -0.006572 0.108075
v -0.333988 0.001300 0.446322
v -0.326336 0.010746 -0.247639
v -0.330013 0.012681 -0.043318
v -0.329020 0.011387 -0.093489
v -0.336492 -0.005040 -0.444085
v -0.335320 -0.010400 -0.437863
v -0.325446 0.009896 -0.276047
v -0.325398 0.008914 -0.308722
v -0.334654 0.001452 -0.443590
v -0.335525 -0.005235 -0.455517
v -0.334225 0.000252 -0.458040
v -0.331485 -0.001809 -0.470135
v -0.335570 0.013014 0.164957
v -0.328621 -0.009264 0.473482
v -0.330882 -0.006522 -0.470450
v -0.333516 -0.011862 -0.420872
v -0.327927 -0.010951 -0.146163
v -0.333569 0.015101 0.026798
v -0.333315 -0.010829 -0.456337
v -0.327436 -0.006503 -0.197012
v -0.333089 0.006208 0.396130
v -0.332916 -0.008797 0.274553
v -0.333005 0.009639 0.340296
v -0.333629 0.013929 0.218127
v -0.326615 0.000322 0.474965
v -0.324810 -0.007697 -0.283425
v -0.327648 -0.028548 -0.061992
v -0.334014 -0.007011 0.199120
v -0.325204 -0.017632 -0.124920
v -0.329620 -0.010951 -0.391931
v -0.326881 0.007401 -0.373067
v -0.330027 0.006152 -0.408108
v -0.328847 0.005124 -0.470255
v -0.332730 -0.010792 0.375301
v -0.331965 0.006457 0.429963
v -0.329243 -0.010647 -0.469574
v -0.324144 -0.023202 -0.101134
v -0.331678 -0.025455 0.041033
v -0.331527 -0.019121 0.061573
v -0.324575 -0.004265 -0.481633
v -0.331061 -0.014569 0.446986
v -0.327881 -0.033170 -0.040780
v -0.332003 -0.015287 0.076404
v -0.324089 -0.012051 -0.186421
v -0.332115 -0.013436 0.425645
v -0.324829 0.001487 -0.480858
v -0.323441 -0.009039 0.482348
v -0.325330 -0.009438 -0.198636
v -0.332064 -0.009834 0.189429
v -0.330352 0.007648 -0.454488
v -0.331151 -0.031731 0.022858
v -0.325185 -0.011046 -0.363853
v -0.326046 0.013900 -0.163324
v -0.327775 0.006919 0.460263
v -0.329067 0.014583 -0.040673
v -0.325468 0.015734 -0.079600
v -0.332327 -0.012025 0.097583
v -0.331962 -0.010821 0.132925
v -0.322888 0.006116 -0.480312
v -0.328804 -0.015103 0.460437
v -0.323684 -0.010571 -0.479436
v -0.320387 -0.000964 0.484700
v -0.332876 0.017022 0.060550
v -0.322583 -0.011547 -0.216819
v -0.332178 -0.013965 -0.441150
v -0.327855 0.010533 0.443372
v -0.332727 0.017071 0.156463
v -0.331944 0.013443 0.284799
v -0.322458 -0.014820 0.477916
v -0.329088 0.018991 0.012846
v -0.324890 0.009907 -0.470229
v -0.328985 0.012908 0.360629
v -0.321745 0.013455 -0.286106
v -0.323643 0.010410 -0.362351
v -0.318375 -0.009325 0.487984
v -0.323092 0.014574 -0.238092
v -0.318599 0.010302 0.474300
v -0.327805 0.018083 0.269251
v -0.317184 0.005089 0.482865
v -0.316112 -0.010781 -0.487334
v -0.317153 0.002285 -0.488455
v -0.318212 0.010499 -0.481186
v -0.077523 0.000358 -0.500041
v 0.046603 0.000472 -0.500169
v -0.027770 -0.003382 -0.500027
v -0.048161 0.004521 -0.499752
v -0.131637 0.002506 -0.499571
v -0.139506 -0.003294 -0.499613
v -0.171632 0.000680 -0.497860
v 0.132771 -0.003563 -0.499989
v 0.193278 0.000309 -0.500006
v 0.258077 -0.003362 -0.500024
v 0.264187 0.002661 -0.499881
v 0.282263 -0.002499 -0.499537
v 0.084527 0.004713 -0.499723
v -0.170722 -0.006242 -0.497432
v -0.203675 -0.005808 -0.495917
v -0.204381 0.002029 -0.495936
v -0.085489 -0.007190 -0.499015
v -0.224790 0.000646 -0.497077
v -0.224346 -0.005805 -0.496904
v -0.253445 -0.005595 -0.499826
v -0.254421 0.001806 -0.499684
v -0.274523 -0.001207 -0.500345
v -0.264452 -0.010165 -0.499591
v -0.286026 -0.006060 -0.499453
v -0.284980 0.002211 -0.499588
v -0.299339 0.001328 -0.497607
v 0.206950 0.004525 -0.499339
v -0.161675 0.005151 -0.497677
v -0.268062 0.009216 -0.498444
v 0.284167 0.006039 -0.497763
v 0.299349 -0.001864 -0.496827
v 0.292513 -0.006521 -0.497460
v -0.298094 -0.009228 -0.496710
v 0.278553 -0.008172 -0.498253
v -0.140276 -0.007911 -0.498366
v -0.237668 -0.011587 -0.496787
v -0.206830 -0.011923 -0.493533
v -0.285183 -0.012008 -0.497898
v 0.056307 -0.007059 -0.498933
v 0.187293 -0.007012 -0.498954
v -0.171687 -0.010095 -0.495316
v -0.308567 -0.005211 -0.494017
v 0.303817 -0.008066 -0.493969
v -0.134333 0.009052 -0.497864
v -0.251255 0.008446 -0.497767
v -0.217154 0.005315 -0.495347
v -0.032576 0.008453 -0.498620
v -0.285800 0.009939 -0.497137
v 0.314188 -0.002018 -0.491145
v 0.302741 0.005408 -0.494107
v 0.085260 0.010125 -0.497884
v 0.206159 0.008876 -0.497766
v 0.261748 0.009208 -0.497690
v -0.308641 0.003836 -0.493617
v -0.187738 0.009961 -0.493988
v -0.212734 0.009430 -0.493183
v -0.299768 0.010337 -0.493869
v -0.035676 0.010682 -0.497565
v 0.312174 0.005199 -0.490167
v -0.308363 -0.011064 -0.492008
v -0.258734 -0.014351 -0.496946
v -0.148151 -0.012211 -0.494629
v -0.089617 -0.009748 -0.497581
v 0.030079 -0.009051 -0.497536
v -0.317153 0.002285 -0.488455
v -0.317256 -0.004546 -0.488870
v -0.316112 -0.010781 -0.487334
v 0.317230 -0.007751 -0.487401
v 0.204834 -0.009132 -0.497546
v 0.103324 -0.009300 -0.497507
v 0.286811 0.011587 -0.493939
v -0.250964 0.013377 -0.494639
v -0.299949 -0.014740 -0.492529
v -0.279400 -0.015421 -0.495584
v -0.135966 0.014339 -0.494095
v -0.274027 0.015602 -0.493394
v -0.213836 0.013713 -0.489889
v -0.288145 0.015290 -0.492386
v -0.310264 0.009784 -0.488928
v -0.072981 0.015125 -0.493610
v -0.178389 0.014822 -0.490052
v 0.081507 0.014785 -0.493740
v 0.212231 0.013416 -0.493765
v 0.259447 0.014850 -0.492802
v 0.326810 -0.003213 -0.480990
v -0.244378 -0.015773 -0.494086
v -0.301673 0.014447 -0.489050
v -0.324829 0.001487 -0.480858
v -0.324575 -0.004265 -0.481633
v -0.322888 0.006116 -0.480312
v -0.318212 0.010499 -0.481186
v 0.327267 -0.007150 -0.478403
v 0.333616 -0.004202 -0.471030
v 0.043556 0.007859 0.498332
v 0.035391 0.004532 0.499644
v 0.162873 0.005033 0.499390
v -0.048719 0.009800 0.498086
v -0.049881 0.004698 0.500002
v 0.176481 0.007689 0.498229
v -0.124503 0.004498 0.499056
v -0.132723 0.008025 0.497555
v 0.231939 0.006787 0.498253
v -0.175030 0.006956 0.497932
v -0.188670 0.000143 0.499905
v -0.266383 0.000595 0.499477
v -0.106675 0.000250 0.500169
v 0.173059 0.000568 0.500221
v 0.241867 0.000633 0.499656
v 0.266017 0.003342 0.498268
v 0.030336 0.000324 0.500333
v -0.271340 -0.005277 0.500077
v -0.287853 -0.005921 0.499540
v -0.280909 0.002317 0.498307
v -0.298541 -0.000183 0.496915
v -0.147918 -0.003540 0.500150
v 0.241997 -0.003560 0.499757
v 0.272572 -0.002885 0.498165
v -0.207041 -0.007587 0.499830
v -0.284749 -0.010975 0.499644
v 0.178031 -0.003618 0.500186
v 0.033910 -0.003289 0.500136
v 0.283270 0.006944 0.495337
v 0.285290 -0.001553 0.496492
v -0.246395 -0.011166 0.499762
v -0.104653 -0.003484 0.499910
v -0.301169 -0.010002 0.497514
v -0.144956 -0.007285 0.499487
v 0.085322 -0.007532 0.499404
v 0.168230 -0.007497 0.499538
v 0.298734 0.005549 0.491761
v 0.298860 -0.001434 0.492737
v 0.234568 -0.007168 0.499023
v -0.266736 0.005161 0.497682
v 0.272309 -0.007560 0.497161
v -0.187245 -0.010795 0.498578
v -0.090516 -0.007261 0.498697
v 0.008163 -0.007045 0.498683
v 0.295286 -0.007465 0.492465
v -0.312411 -0.001185 0.491362
v -0.308945 -0.009529 0.494385
v 0.269858 0.010552 0.494582
v 0.298535 0.011087 0.489259
v 0.309977 0.007547 0.485689
v 0.045562 0.010017 0.496884
v 0.319867 -0.001186 0.481470
v 0.321401 0.005619 0.479502
v -0.286699 0.011266 0.491055
v -0.256184 0.010960 0.493645
v 0.233342 0.011935 0.494422
v 0.181211 0.011239 0.495444
v -0.299295 0.010255 0.489315
v -0.154604 0.011965 0.494059
v 0.285144 0.014797 0.489189
v -0.307849 0.009043 0.486621
v -0.051237 0.012940 0.495072
v 0.037891 0.012068 0.494884
v 0.316712 0.010825 0.479867
v 0.309693 0.015309 0.479721
v 0.260019 0.015732 0.489189
v 0.298212 0.015092 0.485427
v -0.238725 0.015165 0.488934
v -0.045193 0.015092 0.492417
v -0.162877 0.015235 0.489766
v -0.274023 0.014886 0.487404
v 0.174968 0.014709 0.490733
v 0.041608 0.014847 0.490968
v -0.317184 0.005089 0.482865
v -0.318375 -0.009325 0.487984
v -0.320387 -0.000964 0.484700
v 0.328513 0.001877 0.474585
v 0.309951 -0.007169 0.485703
v 0.327934 0.008704 0.471720
v -0.266737 -0.014719 0.498070
v 0.253078 -0.010580 0.496671
v -0.290020 -0.014619 0.497101
v 0.328400 -0.004145 0.474179
v 0.321924 -0.007021 0.478144
v -0.136785 -0.010091 0.497602
v 0.283287 -0.011604 0.492555
v -0.226531 -0.013519 0.497788
v 0.193159 -0.010599 0.497224
v 0.097157 -0.010454 0.497440
v 0.266359 -0.012797 0.493514
v -0.086091 -0.009753 0.496861
v 0.025613 -0.009286 0.496982
v 0.298794 -0.011561 0.488106
v 0.333881 0.006088 0.465552
v -0.309005 -0.015010 0.490517
v 0.334905 -0.001685 0.466322
v 0.339070 0.000576 0.457671
v -0.093717 0.004892 0.043659
v -0.114294 0.001441 0.045624
v -0.056477 0.001124 0.045145
v -0.194135 0.005400 0.044953
v -0.194215 0.000016 0.047492
v -0.224620 0.006647 0.046581
v -0.033472 0.001931 0.044929
v -0.220133 0.001518 0.049264
v -0.040004 0.007523 0.041302
v -0.011694 0.001723 0.045314
v 0.013745 0.007224 0.041490
v 0.021561 0.002416 0.044684
v 0.075173 0.006435 0.041490
v 0.068054 0.002463 0.044387
v 0.088891 0.000209 0.044828
v 0.100358 0.006283 0.041205
v 0.121222 -0.000042 0.044645
v 0.144387 0.001960 0.043531
v 0.155059 -0.001167 0.044710
v 0.166277 0.001951 0.041593
v -0.093602 0.007132 0.041926
v -0.227463 0.001202 0.050868
v 0.141719 0.006520 0.039505
v 0.034463 0.000480 0.045139
v -0.199524 0.011623 0.038268
v -0.225245 0.010305 0.043459
v 0.162722 0.007387 0.036136
v 0.034043 0.011013 0.036941
v -0.003759 0.011324 0.036803
v -0.023510 0.011146 0.036704
v -0.088334 0.011147 0.037006
v -0.047625 0.011269 0.036758
v 0.175117 0.005047 0.036522
v 0.065217 0.010771 0.036467
v 0.084667 0.010508 0.035854
v 0.120220 0.011246 0.033666
v -0.239307 0.011055 0.048354
v -0.238645 0.005405 0.053363
v -0.238244 0.000484 0.055956
v 0.186541 -0.001724 0.037045
v 0.173318 -0.003007 0.042425
v 0.190886 0.002030 0.032759
v 0.163611 -0.005665 0.044519
v -0.225692 0.015385 0.035848
v -0.241044 0.014738 0.043274
v 0.185317 0.006479 0.029788
v 0.148174 0.011228 0.031044
v 0.171058 0.011016 0.026539
v -0.185603 0.014801 0.031672
v -0.210488 0.015059 0.033325
v 0.190602 0.009245 0.021217
v 0.195772 0.006928 0.022513
v 0.199002 0.001643 0.027387
v -0.247136 0.010552 0.055909
v -0.252192 0.014623 0.054159
v 0.205338 0.002407 0.020284
v 0.205778 0.006713 0.011263
v 0.199841 -0.003328 0.029123
v 0.146658 -0.004638 0.045361
v -0.016671 -0.003106 0.045534
v -0.196585 -0.003220 0.048050
v -0.224182 -0.002886 0.050324
v -0.154963 -0.002696 0.046360
v -0.237456 -0.004367 0.054966
v 0.109553 -0.003364 0.044732
v 0.033369 -0.002872 0.045247
v 0.208828 -0.001977 0.017810
v -0.067618 -0.003160 0.045303
v 0.176427 -0.007610 0.041139
v 0.187498 -0.007348 0.036493
v 0.081124 0.004185 -0.397655
v 0.046159 0.004441 -0.396061
v 0.082617 0.001049 -0.396636
v 0.042201 0.000543 -0.394687
v 0.131680 0.005485 -0.399490
v 0.141682 0.000202 -0.397979
v 0.176675 0.001947 -0.400261
v -0.029480 0.004136 -0.395239
v -0.026234 0.000444 -0.393992
v -0.097656 0.000373 -0.393370
v -0.108670 0.003937 -0.394925
v -0.157730 0.003634 -0.395335
v -0.152334 0.000189 -0.393688
v -0.188980 0.001092 -0.395660
v 0.060829 0.007403 -0.399101
v -0.089390 0.006392 -0.396506
v 0.167139 0.006504 -0.402426
v 0.207798 0.005477 -0.404185
v 0.209499 0.000178 -0.402763
v 0.219598 0.005480 -0.403650
v -0.183249 -0.003217 -0.394558
v -0.202261 -0.002332 -0.392950
v 0.124519 -0.003019 -0.397835
v 0.174996 -0.003422 -0.400577
v 0.209724 -0.003190 -0.403180
v -0.122173 -0.002658 -0.393785
v 0.080735 -0.002856 -0.397029
v 0.226235 0.001385 -0.400373
v 0.226034 -0.004212 -0.400936
v 0.036788 -0.002698 -0.395311
v 0.240829 -0.003422 -0.396404
v 0.241245 0.001852 -0.396645
v 0.254947 0.000486 -0.392879
v 0.255293 -0.004788 -0.392685
v 0.277362 -0.004735 -0.388032
v 0.279480 0.002123 -0.388284
v 0.290642 0.000119 -0.386764
v -0.250724 0.008467 0.208580
v -0.248540 0.002874 0.265555
v -0.249000 0.004110 0.190020
v -0.248989 0.003984 0.126743
v -0.251985 0.009592 0.324638
v -0.249353 0.004168 0.343256
v -0.251902 0.009701 0.126842
v -0.252391 0.008429 0.075026
v -0.249646 0.003660 0.074518
v -0.251440 0.006921 0.367729
v -0.252386 0.010943 0.230128
v -0.252351 0.009928 0.064400
v -0.247858 0.001811 0.367142
v -0.246311 0.000895 0.064547
v -0.247319 0.002747 0.379387
v -0.245732 -0.000936 0.376824
v -0.256864 0.014771 0.131542
v -0.256432 0.014728 0.211866
v -0.256831 0.014437 0.275079
v -0.258381 0.014015 0.077341
v -0.257384 0.014729 0.064153
v -0.255074 0.009746 0.379141
v -0.257543 0.013761 0.331263
v -0.247281 0.005777 0.387237
v -0.252192 0.014623 0.054159
v -0.262340 0.018188 0.231147
v -0.262287 0.018014 0.135495
v -0.256272 0.011274 0.389820
v -0.266220 0.018568 0.078801
v -0.266285 0.019547 0.063441
v -0.262406 0.014763 0.364490
v -0.270417 0.017566 0.377246
v -0.267341 0.019832 0.271749
v -0.267832 0.018731 0.333864
v -0.271469 0.017978 0.394521
v -0.273722 0.021855 0.078006
v -0.260689 0.018880 0.052465
v -0.261937 0.015621 0.401993
v -0.254996 0.020300 0.038210
v -0.246459 0.008787 0.395668
v -0.237876 0.001638 0.390908
v -0.247136 0.010552 0.055909
v -0.248050 0.005117 0.063782
v -0.238645 0.005405 0.053363
v -0.238244 0.000484 0.055956
v -0.236357 -0.004263 0.386920
v -0.248870 0.000641 0.074295
v -0.248856 0.000887 0.136091
v -0.245266 -0.003928 0.377322
v -0.248450 0.001207 0.353169
v -0.248964 0.001029 0.336427
v -0.248762 -0.000541 0.294509
v -0.248660 0.000471 0.253305
v -0.248344 -0.003152 0.364155
v -0.249907 -0.001835 0.343341
v -0.247232 -0.003024 0.065038
v -0.237456 -0.004367 0.054966
v -0.249791 -0.002024 0.074777
v 0.084752 -0.003207 0.399345
v 0.110931 -0.003255 0.398684
v 0.107062 -0.007371 0.400957
v 0.090694 -0.007293 0.401346
v 0.168504 -0.007451 0.399902
v 0.178712 -0.003133 0.397509
v 0.078636 -0.007446 0.402086
v 0.067730 -0.004204 0.400045
v 0.205858 -0.007200 0.398131
v 0.203418 -0.003553 0.396414
v 0.237022 -0.003291 0.393065
v 0.051819 -0.007787 0.402884
v 0.055580 -0.004081 0.400359
v 0.041866 -0.003231 0.399924
v 0.040232 -0.006944 0.402181
v 0.029961 -0.003842 0.400389
v 0.022218 -0.009901 0.405773
v 0.245612 -0.006685 0.393896
v 0.253850 -0.011335 0.397384
v 0.286470 -0.006770 0.390268
v 0.278074 -0.002986 0.389415
v 0.297515 -0.001438 0.388037
v 0.302024 -0.005039 0.389150
v 0.017957 -0.005831 0.401482
v 0.008776 -0.003670 0.400404
v 0.002408 -0.008680 0.404029
v -0.012684 -0.004414 0.400871
v -0.018691 -0.009293 0.405002
v -0.070199 -0.004120 0.400380
v -0.094856 -0.010639 0.405436
v -0.122139 -0.006806 0.401005
v -0.168801 -0.003119 0.398321
v -0.005741 -0.012158 0.409390
v -0.071236 -0.010818 0.406492
v 0.045639 -0.010749 0.406703
v 0.083710 -0.010712 0.405715
v 0.114094 -0.011178 0.405141
v 0.033037 -0.014186 0.413867
v -0.077122 -0.014408 0.413276
v 0.175262 -0.011377 0.403968
v 0.202780 -0.015037 0.409206
v 0.211171 -0.011194 0.401667
v 0.244098 -0.014639 0.403824
v -0.157319 -0.007073 0.400856
v 0.291949 -0.014701 0.400055
v 0.293532 -0.011331 0.394563
v 0.308872 -0.011157 0.396371
v 0.100336 -0.014883 0.413227
v -0.019888 -0.014768 0.414887
v -0.158222 -0.014399 0.409878
v -0.167719 -0.011399 0.404754
v -0.205007 -0.015179 0.407154
v -0.211705 -0.010958 0.399911
v 0.310042 -0.007505 0.392190
v -0.222970 -0.014919 0.402461
v -0.221340 -0.018015 0.410366
v -0.200427 -0.017943 0.415170
v -0.181472 -0.018831 0.420940
v -0.078505 -0.017129 0.420753
v 0.313135 -0.014552 0.405783
v -0.226413 -0.011530 0.396226
v -0.014614 -0.016670 0.420528
v 0.244696 -0.016460 0.409173
v 0.284355 -0.016682 0.406637
v -0.242425 -0.018317 0.401836
v 0.022051 -0.016675 0.421756
v 0.065125 -0.016640 0.420645
v 0.185092 -0.016282 0.414128
v 0.120584 -0.017033 0.419850
v 0.208898 -0.017581 0.419097
v -0.235660 -0.014270 0.394808
v 0.321728 -0.010116 0.401274
v -0.248274 -0.014952 0.387699
v -0.261311 -0.018060 0.387717
v -0.260591 -0.015126 0.375777
v 0.322420 -0.014122 0.414705
v -0.203742 -0.007508 0.398630
v 0.318487 -0.003570 0.392892
v 0.327692 -0.003600 0.399386
v 0.310860 -0.001036 0.389317
v -0.023418 0.002935 -0.040428
v -0.033080 0.000368 -0.040765
v -0.078740 0.000249 -0.039298
v 0.058759 0.000502 -0.043431
v 0.040515 0.004708 -0.041489
v -0.077044 0.003764 -0.038315
v -0.126052 0.002413 -0.037051
v 0.130322 0.004052 -0.043202
v 0.154689 0.000409 -0.044490
v 0.072719 0.006303 -0.041297
v 0.161763 0.005936 -0.041498
v -0.081329 0.006216 -0.036703
v 0.144015 0.006880 -0.041220
v -0.126563 0.007152 -0.033988
v -0.139595 0.005774 -0.036200
v -0.138232 0.001414 -0.037686
v -0.013589 0.007154 -0.037523
v 0.176806 0.001494 -0.040933
v 0.178352 0.006570 -0.037228
v 0.186278 0.001779 -0.037360
v 0.177519 -0.003046 -0.040902
v 0.072650 -0.002445 -0.043349
v 0.155643 -0.002562 -0.044214
v -0.004664 -0.003014 -0.041204
v 0.188791 -0.003607 -0.036503
v 0.194025 0.002249 -0.032929
v 0.202843 -0.002842 -0.026912
v -0.237521 0.008187 -0.213841
v -0.239034 0.003901 -0.190863
v -0.237254 0.004615 -0.221055
v -0.237441 0.008287 -0.239541
v -0.237952 0.004777 -0.245625
v -0.240591 0.007981 -0.266912
v -0.240796 0.004676 -0.271299
v -0.244220 0.008684 -0.297004
v -0.240995 0.008325 -0.174561
v -0.241767 0.011500 -0.268433
v -0.243730 0.014748 -0.269288
v -0.238915 0.014073 -0.239096
v -0.238915 0.013743 -0.216894
v -0.245001 0.004635 -0.316274
v -0.240942 0.004170 -0.161263
v -0.244114 0.009421 -0.141010
v -0.244269 0.004636 -0.091557
v -0.242978 0.000502 -0.102729
v -0.240599 0.001039 -0.169316
v -0.244420 0.000889 -0.307006
v -0.245483 0.000574 -0.332586
v -0.239014 0.001052 -0.205677
v -0.241661 0.000987 -0.269171
v -0.239158 0.000744 -0.237639
v -0.246206 -0.001880 -0.316391
v -0.246007 -0.002581 -0.346026
v -0.245462 -0.000151 -0.356217
v -0.242408 -0.001729 -0.163721
v -0.244301 -0.003462 -0.120755
v -0.243609 -0.002780 -0.078277
v -0.243131 0.001169 -0.073602
v -0.243959 -0.003908 -0.197359
v -0.246206 -0.006537 -0.091752
v -0.245709 -0.008256 -0.076643
v -0.240842 -0.005126 -0.063711
v -0.242983 -0.010415 -0.062587
v -0.241442 0.002214 -0.064376
v -0.248337 -0.004874 -0.331276
v -0.246568 -0.006488 -0.353939
v -0.247187 -0.004037 -0.292017
v -0.243783 -0.003764 -0.358631
v -0.244474 -0.010364 -0.363843
v -0.243730 -0.003692 -0.235952
v -0.249135 -0.007673 -0.125149
v -0.246053 -0.015160 -0.056441
v -0.235709 -0.005666 -0.056129
v -0.235871 -0.010079 -0.053427
v -0.249895 -0.010390 -0.354798
v -0.253593 -0.010314 -0.344104
v -0.238235 -0.000657 -0.060124
v -0.237163 0.003348 -0.056835
v -0.247900 0.004933 -0.341643
v -0.239833 -0.003086 -0.365543
v -0.237453 -0.010307 -0.371938
v -0.246695 0.002701 -0.360302
v -0.247356 0.009065 -0.318217
v -0.243593 0.013633 -0.178169
v -0.225124 -0.005826 -0.381931
v -0.246077 0.006047 -0.073679
v -0.228082 -0.010371 -0.381662
v -0.247917 0.014519 -0.294398
v -0.249065 0.010009 -0.090197
v -0.250582 0.010565 -0.073571
v -0.220006 -0.010435 -0.388108
v -0.228279 -0.000881 -0.051474
v -0.227150 -0.008037 -0.049008
v -0.230711 0.004793 -0.050546
v -0.183249 -0.003217 -0.394558
v -0.202261 -0.002332 -0.392950
v -0.183357 -0.006617 -0.396140
v -0.122173 -0.002658 -0.393785
v -0.168379 0.007022 -0.042101
v -0.155657 0.001877 -0.041305
v -0.175810 0.001944 -0.045325
v -0.139595 0.005774 -0.036200
v -0.138232 0.001414 -0.037686
v -0.182892 0.004721 -0.044876
v -0.212212 0.000331 -0.045871
v -0.212797 0.004895 -0.044618
v -0.221884 0.002934 -0.047817
v -0.183079 0.010018 -0.041042
v -0.213476 0.010287 -0.040605
v -0.172020 0.010325 -0.039781
v -0.227794 0.010643 -0.044392
v -0.150123 0.010258 -0.033843
v -0.127617 0.011025 -0.029196
v -0.126563 0.007152 -0.033988
v -0.081329 0.006216 -0.036703
v -0.087791 0.011008 -0.030016
v -0.054889 0.011170 -0.029518
v -0.220275 0.014962 -0.035348
v -0.205491 0.014986 -0.032487
v -0.013589 0.007154 -0.037523
v 0.022781 0.010919 -0.031624
v -0.178139 0.015013 -0.031357
v -0.149524 0.014451 -0.026085
v 0.075063 0.010866 -0.033745
v 0.077246 0.008097 -0.038867
v 0.144015 0.006880 -0.041220
v 0.156444 0.009678 -0.035352
v 0.161763 0.005936 -0.041498
v 0.178352 0.006570 -0.037228
v 0.178816 0.009915 -0.030475
v 0.116245 0.011593 -0.030992
v 0.072719 0.006303 -0.041297
v 0.040515 0.004708 -0.041489
v 0.196787 0.006638 -0.026845
v 0.197841 0.009579 -0.018102
v -0.240426 0.014806 -0.044119
v -0.238994 0.010889 -0.050090
v -0.253842 0.014850 -0.058011
v -0.248570 0.010812 -0.061277
v -0.230711 0.004793 -0.050546
v -0.237163 0.003348 -0.056835
v -0.241442 0.002214 -0.064376
v -0.250582 0.010565 -0.073571
v -0.246077 0.006047 -0.073679
v -0.244269 0.004636 -0.091557
v -0.221884 0.002934 -0.047817
v -0.212212 0.000331 -0.045871
v -0.216022 -0.002997 -0.046537
v -0.199067 -0.004332 -0.044899
v -0.175810 0.001944 -0.045325
v -0.172883 -0.001265 -0.044971
v -0.212693 -0.007252 -0.044748
v -0.227150 -0.008037 -0.049008
v -0.155657 0.001877 -0.041305
v -0.155516 -0.003420 -0.040221
v -0.139458 -0.002668 -0.037144
v -0.138232 0.001414 -0.037686
v -0.126052 0.002413 -0.037051
v -0.228279 -0.000881 -0.051474
v -0.117030 -0.003136 -0.036950
v -0.078740 0.000249 -0.039298
v -0.039044 -0.002594 -0.040441
v -0.033080 0.000368 -0.040765
v -0.004664 -0.003014 -0.041204
v -0.230711 0.004793 -0.050546
v -0.139458 -0.002668 -0.037144
v -0.117030 -0.003136 -0.036950
v -0.140107 -0.006986 -0.034820
v -0.115489 -0.006520 -0.034867
v -0.199067 -0.004332 -0.044899
v -0.172883 -0.001265 -0.044971
v -0.172388 -0.007248 -0.041555
v -0.155516 -0.003420 -0.040221
v -0.200109 -0.010043 -0.040286
v -0.212693 -0.007252 -0.044748
v -0.219656 -0.010616 -0.043371
v -0.148778 -0.010817 -0.032456
v -0.126652 -0.010803 -0.029529
v -0.174501 -0.011192 -0.036998
v -0.227150 -0.008037 -0.049008
v -0.064870 -0.010607 -0.032284
v -0.057098 -0.006698 -0.037345
v -0.015535 -0.011203 -0.032851
v 0.013329 -0.007317 -0.038546
v -0.029690 -0.014358 -0.026110
v -0.122534 -0.014118 -0.023333
v 0.016701 -0.014413 -0.025396
v 0.027857 -0.011122 -0.033289
v 0.077171 -0.013836 -0.028261
v -0.113444 -0.016773 -0.015906
v -0.163425 -0.018267 -0.016368
v 0.092538 -0.010528 -0.035639
v 0.117183 -0.013684 -0.028797
v 0.158871 -0.013714 -0.029654
v 0.165836 -0.010616 -0.036577
v 0.174888 -0.013586 -0.028750
v -0.026276 -0.017141 -0.017148
v 0.040633 -0.016723 -0.017189
v 0.147564 -0.016668 -0.017736
v -0.168880 -0.014965 -0.028904
v -0.207232 -0.014994 -0.032623
v -0.212493 -0.019068 -0.018831
v 0.188136 -0.010751 -0.031219
v 0.185303 -0.015007 -0.021165
v 0.174881 -0.016257 -0.017938
v -0.228425 -0.017827 -0.031752
v -0.221237 -0.014426 -0.038028
v -0.235752 -0.014820 -0.045452
v 0.198136 -0.011532 -0.022823
v 0.145047 -0.007263 -0.041132
v 0.071286 -0.006389 -0.040956
v 0.197760 -0.014410 -0.013089
v 0.179681 -0.007384 -0.037904
v -0.247619 -0.017908 -0.047055
v -0.246053 -0.015160 -0.056441
v 0.204324 -0.011670 -0.014139
v -0.235871 -0.010079 -0.053427
v 0.202438 -0.014827 -0.001899
v -0.242983 -0.010415 -0.062587
v 0.197397 -0.006617 -0.029779
v 0.204774 -0.006908 -0.022158
v 0.209322 -0.007273 -0.013131
v -0.235709 -0.005666 -0.056129
v 0.202843 -0.002842 -0.026912
v 0.209565 -0.003553 -0.016811
v 0.213018 -0.004891 -0.002264
v 0.072650 -0.002445 -0.043349
v 0.155643 -0.002562 -0.044214
v 0.159689 -0.006226 -0.042226
v -0.004664 -0.003014 -0.041204
v -0.039044 -0.002594 -0.040441
v 0.177519 -0.003046 -0.040902
v 0.188791 -0.003607 -0.036503
v -0.245266 -0.003928 0.377322
v -0.236357 -0.004263 0.386920
v -0.241332 -0.011060 0.386909
v -0.248584 -0.007239 0.374502
v -0.226097 -0.007877 0.393762
v -0.226413 -0.011530 0.396226
v -0.211705 -0.010958 0.399911
v -0.235660 -0.014270 0.394808
v -0.248274 -0.014952 0.387699
v -0.203742 -0.007508 0.398630
v -0.253469 -0.011450 0.374658
v -0.260591 -0.015126 0.375777
v -0.252521 -0.007067 0.354835
v -0.257593 -0.011150 0.356149
v -0.260839 -0.011718 0.336543
v -0.253208 -0.006574 0.329394
v -0.248344 -0.003152 0.364155
v -0.249907 -0.001835 0.343341
v -0.248762 -0.000541 0.294509
v -0.251791 -0.004983 0.272225
v -0.249617 -0.001926 0.251515
v -0.249926 -0.002193 0.167723
v -0.253029 -0.006248 0.183384
v -0.251893 -0.005110 0.092084
v -0.249791 -0.002024 0.074777
v -0.252933 -0.007208 0.073033
v -0.247232 -0.003024 0.065038
v -0.248660 0.000471 0.253305
v -0.248856 0.000887 0.136091
v -0.248870 0.000641 0.074295
v 0.334905 -0.001685 0.466322
v 0.331613 -0.007255 0.467504
v 0.337925 -0.006977 0.454430
v 0.328400 -0.004145 0.474179
v 0.341352 -0.001944 0.448967
v 0.339070 0.000576 0.457671
v 0.341762 -0.004224 0.437551
v 0.331416 -0.011038 0.460076
v 0.321924 -0.007021 0.478144
v 0.320407 -0.011306 0.475105
v 0.309951 -0.007169 0.485703
v 0.298794 -0.011561 0.488106
v 0.311256 -0.014662 0.475321
v 0.292756 -0.014812 0.485572
v 0.283287 -0.011604 0.492555
v 0.267048 -0.015426 0.488748
v 0.266359 -0.012797 0.493514
v 0.220090 -0.012193 0.495399
v 0.253078 -0.010580 0.496671
v 0.211688 -0.003531 0.010847
v 0.208828 -0.001977 0.017810
v 0.205750 -0.007382 0.021184
v 0.210740 -0.007593 0.009692
v 0.213018 -0.004891 -0.002264
v 0.206012 -0.011947 0.013040
v 0.209210 -0.010544 -0.002544
v 0.198557 -0.011616 0.024651
v 0.200091 -0.006576 0.028334
v 0.192771 -0.014947 0.024024
v 0.202438 -0.014827 -0.001899
v 0.201096 -0.014925 0.011219
v 0.189633 -0.010834 0.033153
v 0.177203 -0.014804 0.033808
v 0.204324 -0.011670 -0.014139
v 0.209322 -0.007273 -0.013131
v 0.169634 -0.011409 0.040672
v 0.162232 -0.015192 0.035967
v 0.152189 -0.012488 0.040353
v 0.151516 -0.008746 0.044109
v 0.106511 -0.011860 0.038883
v 0.107288 -0.009613 0.041305
v 0.176427 -0.007610 0.041139
v 0.120198 -0.006603 0.044161
v 0.187498 -0.007348 0.036493
v 0.163611 -0.005665 0.044519
v 0.146658 -0.004638 0.045361
v 0.341478 -0.001830 0.424788
v 0.339318 -0.006831 0.426384
v 0.337770 -0.003172 0.414030
v 0.333088 -0.006756 0.409666
v 0.334051 -0.010969 0.426736
v 0.329412 -0.011139 0.413678
v 0.333952 -0.011290 0.446306
v 0.326755 -0.014513 0.430920
v 0.325162 -0.014398 0.457759
v 0.322420 -0.014122 0.414705
v 0.321728 -0.010116 0.401274
v 0.327692 -0.003600 0.399386
v 0.340749 -0.001802 -0.428387
v 0.337191 -0.002929 -0.416307
v 0.335881 -0.006491 -0.417030
v 0.339130 -0.006712 -0.429097
v 0.341379 -0.004581 -0.440029
v 0.330412 -0.003485 -0.403627
v 0.331155 0.000742 -0.404515
v 0.341602 -0.000715 -0.440155
v 0.340211 -0.003352 -0.453590
v 0.338723 -0.006944 -0.454700
v 0.338437 -0.008579 -0.443438
v 0.332430 -0.010757 -0.421068
v 0.326654 -0.009623 -0.406237
v 0.334435 -0.011072 -0.450290
v 0.330383 -0.011276 -0.464260
v 0.335072 -0.007147 -0.465133
v 0.317593 -0.014232 -0.409446
v 0.322756 -0.011151 -0.477702
v 0.327267 -0.007150 -0.478403
v 0.322567 -0.003777 -0.395313
v 0.320036 -0.009985 -0.399823
v 0.313997 -0.007195 -0.392389
v 0.317230 -0.007751 -0.487401
v 0.333616 -0.004202 -0.471030
v 0.255293 -0.004788 -0.392685
v 0.240829 -0.003422 -0.396404
v 0.242672 -0.006880 -0.397561
v 0.226034 -0.004212 -0.400936
v 0.266335 -0.010760 -0.394636
v 0.277362 -0.004735 -0.388032
v 0.285503 -0.007643 -0.388457
v 0.234152 -0.010659 -0.404705
v 0.280707 -0.011779 -0.393589
v 0.296203 -0.011575 -0.392907
v 0.299868 -0.007371 -0.388584
v 0.310681 -0.011377 -0.396327
v 0.299846 -0.003222 -0.386743
v 0.313839 -0.002428 -0.389678
v 0.036788 -0.002698 -0.395311
v -0.122173 -0.002658 -0.393785
v 0.032192 -0.004836 -0.396481
v -0.075117 -0.006527 -0.396846
v -0.183357 -0.006617 -0.396140
v -0.134307 -0.006681 -0.396475
v 0.080735 -0.002856 -0.397029
v 0.086954 -0.007148 -0.400279
v 0.114643 -0.007065 -0.400407
v 0.124519 -0.003019 -0.397835
v 0.145662 -0.006552 -0.400986
v 0.026233 -0.007525 -0.399004
v 0.174996 -0.003422 -0.400577
v 0.186534 -0.007205 -0.403827
v 0.209724 -0.003190 -0.403180
v 0.210656 -0.006821 -0.405263
v -0.179408 -0.011001 -0.401541
v -0.201045 -0.010278 -0.396792
v 0.176273 -0.011428 -0.408930
v 0.130879 -0.011550 -0.407105
v 0.080948 -0.011361 -0.406170
v -0.107713 -0.010740 -0.402541
v 0.023707 -0.010804 -0.403804
v 0.203681 -0.011461 -0.411196
v 0.221425 -0.011161 -0.409341
v -0.192409 -0.014377 -0.406151
v -0.172290 -0.014237 -0.409056
v -0.208751 -0.014828 -0.401567
v -0.040822 -0.013225 -0.408439
v -0.210759 -0.010147 -0.392968
v -0.122778 -0.013458 -0.408766
v 0.161083 -0.015354 -0.417798
v 0.231220 -0.014853 -0.414941
v 0.204779 -0.014948 -0.420325
v 0.064804 -0.014868 -0.414925
v 0.252997 -0.014556 -0.406311
v 0.272845 -0.014877 -0.400983
v 0.296613 -0.015069 -0.400375
v -0.224818 -0.014966 -0.391403
v -0.220006 -0.010435 -0.388108
v -0.233205 -0.014144 -0.382235
v -0.208602 -0.005614 -0.391433
v -0.228082 -0.010371 -0.381662
v -0.237453 -0.010307 -0.371938
v -0.248359 -0.014269 -0.366923
v -0.244474 -0.010364 -0.363843
v -0.249895 -0.010390 -0.354798
v -0.225124 -0.005826 -0.381931
v -0.132585 -0.019116 -0.001438
v -0.079899 -0.019269 0.000269
v -0.127140 -0.019044 0.009709
v -0.020729 -0.019253 -0.003467
v -0.005346 -0.019174 0.010768
v -0.029005 -0.018167 0.021178
v -0.080151 -0.017989 0.020782
v -0.134878 -0.017677 0.021104
v -0.186766 -0.020053 0.000459
v -0.215061 -0.020185 0.010175
v -0.175564 -0.018290 0.020799
v -0.221546 -0.019374 0.021352
v -0.229323 -0.021064 0.001678
v -0.253810 -0.020962 0.024895
v -0.264094 -0.022380 0.015386
v -0.258636 -0.022633 0.001105
v -0.288181 -0.024730 0.003857
v -0.277375 -0.022462 0.030228
v -0.285932 -0.024645 -0.020303
v -0.261912 -0.022733 -0.020643
v -0.231075 -0.020522 -0.015535
v -0.287208 -0.024469 -0.038426
v 0.024003 -0.018705 -0.003256
v 0.086134 -0.018122 -0.004926
v 0.022998 -0.017721 0.020524
v 0.101857 -0.018495 0.009678
v 0.140369 -0.018308 -0.002719
v 0.170423 -0.018451 0.011516
v 0.154485 -0.017671 0.026879
v 0.101060 -0.017487 0.022010
v 0.171327 -0.017441 0.027270
v 0.186939 -0.016538 0.023032
v 0.192651 -0.017109 0.009434
v 0.188351 -0.017386 -0.003687
v -0.182669 -0.019312 -0.010865
v -0.274984 -0.020806 0.044513
v -0.296559 -0.024995 0.021534
v -0.300622 -0.023822 0.047844
v -0.112084 -0.018550 -0.006870
v -0.140392 -0.018150 -0.011787
v -0.300939 -0.026571 -0.030257
v -0.252215 -0.021082 -0.031773
v 0.147564 -0.016668 -0.017736
v 0.174881 -0.016257 -0.017938
v 0.040633 -0.016723 -0.017189
v -0.026276 -0.017141 -0.017148
v -0.163425 -0.018267 -0.016368
v -0.212493 -0.019068 -0.018831
v -0.306017 -0.026795 -0.053103
v -0.299754 -0.021065 0.077830
v -0.281514 -0.018655 0.076446
v -0.313138 -0.021965 0.072364
v -0.311663 -0.019954 0.101566
v -0.298565 -0.019844 0.106344
v -0.282039 -0.017772 0.099348
v -0.310405 -0.019622 0.128846
v -0.309693 -0.019361 0.185712
v -0.298467 -0.019648 0.230695
v -0.309809 -0.019371 0.238966
v -0.308967 -0.020034 0.291884
v -0.298631 -0.020179 0.289433
v -0.309176 -0.020780 0.335845
v -0.298065 -0.020920 0.332332
v -0.297451 -0.021238 0.370791
v -0.310570 -0.020871 0.374961
v -0.303600 -0.022452 0.441465
v -0.294217 -0.022347 0.427922
v -0.277039 -0.021551 0.409584
v -0.249936 -0.022248 0.446217
v -0.265837 -0.022245 0.462564
v -0.300653 -0.022250 0.461942
v -0.211791 -0.021794 0.449237
v -0.206681 -0.021511 0.463368
v -0.168726 -0.020850 0.448453
v -0.094946 -0.019171 0.461026
v -0.087546 -0.019584 0.447469
v -0.036550 -0.018614 0.447082
v -0.032505 -0.018472 0.432404
v 0.010723 -0.018105 0.433225
v -0.080025 -0.019083 0.433244
v -0.169537 -0.020372 0.434258
v -0.232755 -0.021439 0.432129
v -0.241989 -0.020813 0.417534
v 0.013528 -0.017899 0.446538
v 0.071848 -0.018004 0.432236
v 0.067390 -0.017563 0.447509
v 0.143419 -0.018151 0.430816
v -0.283052 -0.021491 0.477809
v -0.223003 -0.020881 0.477764
v -0.013366 -0.017332 0.460660
v 0.122911 -0.017265 0.447972
v 0.214009 -0.018291 0.429010
v 0.200345 -0.017512 0.449169
v 0.248624 -0.018251 0.454888
v 0.271513 -0.018607 0.449125
v 0.278565 -0.018706 0.431071
v 0.298308 -0.018188 0.442974
v 0.297523 -0.017731 0.461734
v 0.278287 -0.018026 0.464436
v 0.255185 -0.018130 0.417365
v 0.208898 -0.017581 0.419097
v 0.235433 -0.016906 0.478474
v 0.297809 -0.017496 0.413716
v 0.314198 -0.017032 0.431631
v 0.313963 -0.016956 0.455635
v 0.284796 -0.016978 0.478957
v 0.173740 -0.015501 0.470523
v -0.181472 -0.018831 0.420940
v -0.257681 -0.020590 0.406290
v -0.269263 -0.020084 0.393856
v -0.282605 -0.020457 0.378381
v -0.284259 -0.019759 0.348043
v 0.312850 -0.016491 0.416619
v -0.316151 -0.021268 0.423198
v -0.284560 -0.018911 0.290596
v -0.283689 -0.018401 0.238375
v -0.284008 -0.018263 0.155619
v -0.157706 -0.018976 0.476940
v -0.095092 -0.017717 0.473805
v 0.122621 -0.015396 0.469473
v 0.065699 -0.015112 0.475813
v 0.000500 -0.015947 0.473580
v 0.156760 -0.014592 0.485259
v 0.196434 -0.014968 0.486862
v 0.087930 -0.014289 0.488931
v 0.120584 -0.017033 0.419850
v 0.048653 -0.013953 0.486650
v -0.300751 -0.021029 0.476786
v -0.315078 -0.020970 0.461616
v -0.317411 -0.021177 0.448552
v 0.301466 -0.016350 0.474245
v -0.011916 -0.014132 0.486941
v 0.065125 -0.016640 0.420645
v 0.022051 -0.016675 0.421756
v -0.014614 -0.016670 0.420528
v 0.284355 -0.016682 0.406637
v 0.244696 -0.016460 0.409173
v -0.113444 -0.016773 -0.015906
v -0.078505 -0.017129 0.420753
v -0.316861 -0.024929 0.050068
v -0.307976 -0.025639 0.037326
v -0.309711 -0.028123 0.001322
v -0.278148 -0.022258 -0.055355
v -0.258046 -0.019324 -0.052286
v 0.216950 -0.014762 0.490145
v 0.155146 -0.013408 0.491662
v -0.298873 -0.024333 -0.074478
v -0.313266 -0.024447 -0.103916
v -0.300522 -0.022468 -0.109201
v -0.312818 -0.022155 -0.123201
v -0.309616 -0.019812 -0.148310
v -0.298525 -0.020263 -0.140955
v -0.309007 -0.018300 -0.172635
v -0.296105 -0.018426 -0.198241
v -0.294761 -0.018864 -0.174929
v -0.282805 -0.018913 -0.120235
v -0.283133 -0.017997 -0.175248
v -0.295608 -0.017856 -0.282576
v -0.282514 -0.017373 -0.283349
v -0.282197 -0.017805 -0.324920
v -0.295233 -0.018717 -0.331625
v -0.276506 -0.019143 -0.370123
v -0.296549 -0.019520 -0.365694
v -0.280671 -0.019978 -0.391216
v -0.302890 -0.020167 -0.426494
v -0.300097 -0.020233 -0.453773
v -0.253354 -0.020757 -0.454017
v -0.261270 -0.020348 -0.418043
v -0.238371 -0.020186 -0.422687
v -0.217609 -0.020064 -0.452194
v -0.233268 -0.020194 -0.473331
v -0.293384 -0.019936 -0.475338
v -0.182717 -0.018516 -0.443635
v -0.176105 -0.017714 -0.428746
v -0.167609 -0.017852 -0.455946
v -0.151339 -0.017682 -0.442538
v -0.117840 -0.017034 -0.456928
v -0.089426 -0.017043 -0.427803
v -0.045470 -0.017096 -0.438727
v 0.043665 -0.017125 -0.428496
v 0.029062 -0.017232 -0.439794
v 0.080860 -0.017569 -0.442362
v 0.035917 -0.016740 -0.454569
v 0.082776 -0.016682 -0.464943
v 0.154319 -0.017274 -0.456620
v -0.046132 -0.016462 -0.455414
v 0.177297 -0.017634 -0.443320
v 0.230532 -0.016963 -0.456426
v 0.241953 -0.017656 -0.438836
v 0.281804 -0.017815 -0.435396
v 0.275215 -0.018074 -0.425459
v 0.309899 -0.016888 -0.426999
v 0.290451 -0.017433 -0.412839
v 0.157132 -0.017171 -0.429305
v 0.197739 -0.016984 -0.431936
v 0.236171 -0.017331 -0.429035
v -0.157278 -0.016787 -0.471924
v -0.241072 -0.019533 -0.405096
v 0.314187 -0.016219 -0.442074
v -0.248658 -0.018283 -0.384298
v -0.099136 -0.015963 -0.472305
v -0.055929 -0.015491 -0.468837
v 0.011056 -0.015294 -0.469301
v -0.035679 -0.015026 -0.476415
v 0.043927 -0.015158 -0.474051
v 0.254927 -0.016465 -0.461394
v 0.307573 -0.015514 -0.460486
v 0.296725 -0.014592 -0.475056
v -0.317373 -0.019398 -0.426693
v -0.307948 -0.017795 -0.331048
v -0.310006 -0.018717 -0.378861
v 0.182047 -0.016525 -0.466314
v 0.267416 -0.017183 -0.412827
v -0.250567 -0.019145 -0.488514
v -0.278862 -0.019223 -0.486568
v -0.193846 -0.017324 -0.482168
v -0.197427 -0.017622 -0.417977
v -0.171786 -0.016255 -0.416914
v -0.044124 -0.016184 -0.419184
v -0.314827 -0.019225 -0.458293
v 0.309828 -0.016263 -0.414135
v -0.145011 -0.015265 -0.486017
v -0.087820 -0.014691 -0.487256
v -0.048993 -0.014140 -0.487694
v 0.043128 -0.013548 -0.487648
v 0.085504 -0.014125 -0.486248
v 0.152577 -0.014666 -0.481949
v 0.227457 -0.013686 -0.487333
v 0.271259 -0.013657 -0.486781
v -0.308444 -0.017010 -0.234409
v -0.307439 -0.016753 -0.286296
v -0.307983 -0.016536 -0.269521
v 0.019795 -0.015889 -0.417884
v -0.315227 -0.018179 -0.472651
v -0.217263 -0.017856 -0.408954
v 0.323022 -0.014078 -0.457615
v -0.308353 -0.016983 -0.199958
v 0.242287 -0.016453 -0.418178
v 0.282992 -0.016530 -0.406301
v 0.312386 -0.013322 -0.476528
v 0.295360 -0.012975 -0.487008
v -0.299363 -0.018163 -0.486506
v 0.326945 -0.014204 -0.442133
v 0.185303 -0.015007 -0.021165
v -0.228425 -0.017827 -0.031752
v -0.278637 -0.017037 -0.213666
v 0.326663 -0.013917 -0.426584
v 0.167313 -0.013187 -0.489604
v -0.279654 -0.019798 -0.084502
v -0.244440 -0.018360 0.035972
v -0.324490 -0.017773 -0.449428
v -0.317397 -0.018024 0.258294
v -0.270373 -0.018277 0.375591
v -0.275425 -0.017632 0.347396
v -0.315634 -0.018158 -0.388788
v -0.311071 -0.027912 0.016368
v -0.315471 -0.027308 0.034367
v -0.328181 -0.027680 0.037898
v -0.242425 -0.018317 0.401836
v -0.261311 -0.018060 0.387717
v -0.221340 -0.018015 0.410366
v -0.085184 -0.015227 0.486586
v -0.120110 -0.015400 0.488243
v -0.176198 -0.017674 0.485831
v -0.236141 -0.018705 0.490230
v -0.278212 -0.018746 0.491849
v -0.313617 -0.029304 -0.022073
v -0.313982 -0.019065 0.478204
v -0.325396 -0.022613 0.059336
v -0.317335 -0.017844 0.178829
v -0.323265 -0.016820 0.123327
v -0.282588 -0.018252 -0.490685
v -0.269901 -0.018021 -0.079003
v -0.263675 -0.015156 -0.093801
v -0.265540 -0.014488 -0.118436
v 0.313135 -0.014552 0.405783
v 0.291949 -0.014701 0.400055
v -0.250074 -0.016953 -0.375280
v -0.265663 -0.017922 -0.365797
v -0.276010 -0.017781 -0.347908
v -0.267405 -0.014701 -0.326486
v -0.263708 -0.015335 -0.349076
v -0.269286 -0.014741 -0.299471
v -0.266965 -0.014498 -0.223367
v -0.267694 -0.014667 -0.166408
v -0.323202 -0.017749 0.098922
v -0.324382 -0.019684 0.076644
v -0.319188 -0.018766 0.335235
v -0.247619 -0.017908 -0.047055
v -0.325065 -0.017792 -0.425259
v 0.282423 -0.012011 -0.493086
v -0.322348 -0.019875 -0.128692
v -0.319042 -0.017944 -0.148072
v -0.322594 -0.015583 -0.161847
v -0.323393 -0.026635 -0.080918
v -0.317625 -0.027648 -0.074042
v -0.325666 -0.030917 -0.058369
v -0.320542 -0.030749 -0.052213
v -0.327881 -0.033170 -0.040780
v 0.197760 -0.014410 -0.013089
v 0.305800 -0.011491 -0.489109
v -0.300152 -0.018357 0.489137
v -0.106996 -0.015564 -0.416251
v -0.221759 -0.017283 0.031678
v -0.269985 -0.018344 0.057690
v -0.256388 -0.017907 0.045601
v -0.321744 -0.018443 0.379314
v -0.252504 -0.018635 -0.489886
v -0.213664 -0.015499 0.036091
v -0.173959 -0.015084 0.033183
v -0.136447 -0.014564 0.032751
v 0.094818 -0.014899 0.032811
v -0.272031 -0.015546 0.273296
v -0.273855 -0.015814 0.160366
v -0.326951 -0.034173 -0.020199
v -0.330888 -0.033853 -0.017525
v -0.327303 -0.034041 0.000210
v -0.330299 -0.033390 0.014714
v 0.015329 -0.014758 0.032399
v -0.089246 -0.014868 0.032459
v -0.031223 -0.014970 0.032810
v -0.161711 -0.014213 -0.490591
v -0.208992 -0.015511 -0.489589
v -0.331151 -0.031731 0.022858
v 0.045088 -0.012337 0.492962
v -0.318932 -0.015281 -0.361924
v -0.069150 -0.013240 -0.491634
v -0.269081 -0.014069 0.103361
v -0.266272 -0.014348 0.077085
v -0.256823 -0.014750 -0.076258
v -0.246053 -0.015160 -0.056441
v -0.255503 -0.014725 -0.360541
v 0.086216 -0.012146 -0.493484
v 0.037040 -0.012017 -0.493026
v -0.318537 -0.013673 -0.202731
v -0.332514 -0.032885 0.009968
v -0.325496 -0.018939 0.445532
v -0.324939 -0.018533 0.412042
v -0.323616 -0.016028 0.173088
v -0.263362 -0.015702 0.063616
v -0.254917 -0.014585 0.055701
v -0.268096 -0.013958 0.150159
v -0.324593 -0.018370 0.459735
v -0.314683 -0.014348 -0.275665
v -0.317156 -0.014330 -0.307185
v -0.323668 -0.016097 0.268212
v -0.319325 -0.018159 0.473790
v -0.317269 -0.014233 -0.228046
v 0.087319 -0.012403 0.494860
v -0.269072 -0.014596 0.290693
v -0.267090 -0.014897 0.347684
v -0.167516 -0.015446 0.491637
v -0.236013 -0.014768 0.043421
v -0.008015 -0.012314 0.492568
v -0.081428 -0.013127 0.492359
v -0.257723 -0.011172 -0.175008
v -0.256374 -0.011290 -0.119741
v 0.161772 -0.011753 -0.493825
v -0.259324 -0.011732 -0.231727
v -0.259133 -0.011059 -0.313157
v -0.320567 -0.012028 -0.265461
v -0.253593 -0.010314 -0.344104
v -0.260349 -0.010789 0.102213
v -0.323128 -0.015217 -0.384815
v 0.162576 -0.011949 0.495551
v -0.260357 -0.011814 0.075937
v -0.325109 -0.016519 0.333653
v -0.261818 -0.011447 0.186311
v -0.252443 -0.010621 -0.095385
v -0.100711 -0.012204 -0.494687
v -0.248434 -0.007256 -0.224398
v -0.250145 -0.006917 -0.271667
v -0.310973 -0.015270 -0.485646
v -0.260988 -0.011103 0.282215
v -0.248925 -0.007316 -0.176300
v -0.329111 -0.015182 -0.414477
v -0.249135 -0.007673 -0.125149
v -0.323600 -0.014624 -0.472624
v -0.328568 -0.015102 -0.455690
v -0.044743 -0.011837 -0.494056
v -0.251807 -0.007300 -0.317794
v -0.165128 -0.011519 0.039848
v -0.331678 -0.025455 0.041033
v -0.133317 -0.011231 0.039492
v -0.148151 -0.012211 -0.494629
v -0.327433 -0.015653 0.381219
v -0.125443 -0.011584 0.495800
v -0.208209 -0.015279 0.494758
v -0.324144 -0.023202 -0.101134
v -0.327648 -0.028548 -0.061992
v 0.007603 -0.010828 0.040068
v -0.048154 -0.011096 0.040191
v -0.332178 -0.013965 -0.441150
v -0.322583 -0.011547 -0.216819
v -0.324089 -0.012051 -0.186421
v -0.076092 -0.011000 0.039814
v -0.254389 -0.011138 0.063928
v -0.244378 -0.015773 -0.494086
v -0.331527 -0.019121 0.061573
v -0.206830 -0.011923 -0.493533
v -0.309005 -0.015010 0.490517
v -0.211053 -0.010687 0.044594
v -0.228054 -0.010990 0.047176
v -0.253925 -0.007032 0.254027
v -0.321026 -0.011859 -0.297951
v -0.299949 -0.014740 -0.492529
v -0.279400 -0.015421 -0.495584
v -0.258734 -0.014351 -0.496946
v -0.254248 -0.007377 0.094635
v -0.245709 -0.008256 -0.076643
v -0.290020 -0.014619 0.497101
v -0.332003 -0.015287 0.076404
v -0.266737 -0.014719 0.498070
v 0.025613 -0.009286 0.496982
v -0.238146 -0.010640 0.051182
v -0.249960 -0.009512 0.061686
v 0.030079 -0.009051 -0.497536
v -0.332327 -0.012025 0.097583
v -0.331962 -0.010821 0.132925
v -0.243959 -0.003908 -0.197359
v -0.246206 -0.006537 -0.091752
v -0.089617 -0.009748 -0.497581
v -0.243730 -0.003692 -0.235952
v -0.322458 -0.014820 0.477916
v 0.204834 -0.009132 -0.497546
v 0.103324 -0.009300 -0.497507
v -0.328540 -0.012757 0.266415
v -0.325204 -0.017632 -0.124920
v -0.325185 -0.011046 -0.363853
v -0.247187 -0.004037 -0.292017
v -0.248337 -0.004874 -0.331276
v -0.332064 -0.009834 0.189429
v 0.278553 -0.008172 -0.498253
v -0.086091 -0.009753 0.496861
v 0.097157 -0.010454 0.497440
v -0.328804 -0.015103 0.460437
v -0.331061 -0.014569 0.446986
v 0.303817 -0.008066 -0.493969
v -0.226531 -0.013519 0.497788
v -0.332115 -0.013436 0.425645
v 0.193159 -0.010599 0.497224
v -0.329620 -0.010951 -0.391931
v -0.333516 -0.011862 -0.420872
v -0.332730 -0.010792 0.375301
v -0.163209 -0.006798 0.045133
v -0.130187 -0.006740 0.044548
v -0.333315 -0.010829 -0.456337
v -0.329243 -0.010647 -0.469574
v -0.332916 -0.008797 0.274553
v -0.316112 -0.010781 -0.487334
v -0.323684 -0.010571 -0.479436
v -0.324810 -0.007697 -0.283425
v -0.140276 -0.007911 -0.498366
v -0.136785 -0.010091 0.497602
v -0.308363 -0.011064 -0.492008
v 0.292513 -0.006521 -0.497460
v -0.071333 -0.006262 0.044308
v -0.187245 -0.010795 0.498578
v -0.045184 -0.006351 0.044509
v 0.002329 -0.006020 0.044434
v 0.082444 -0.005829 0.044259
v -0.301169 -0.010002 0.497514
v -0.318375 -0.009325 0.487984
v -0.226143 -0.007216 0.049678
v -0.201787 -0.005988 0.047615
v -0.237456 -0.004367 0.054966
v -0.243595 -0.007098 0.058173
v -0.154963 -0.002696 0.046360
v -0.196585 -0.003220 0.048050
v -0.016671 -0.003106 0.045534
v -0.067618 -0.003160 0.045303
v 0.033369 -0.002872 0.045247
v 0.203215 0.002290 -0.025201
v 0.209565 -0.003553 -0.016811
v 0.202843 -0.002842 -0.026912
v 0.210238 0.002329 -0.012591
v 0.194025 0.002249 -0.032929
v 0.196787 0.006638 -0.026845
v 0.206378 0.006754 -0.012645
v 0.209228 0.006196 0.000944
v 0.197841 0.009579 -0.018102
v 0.212938 0.000141 0.000228
v 0.178352 0.006570 -0.037228
v 0.201991 0.010015 -0.001219
v 0.186278 0.001779 -0.037360
v 0.210777 0.001588 0.011225
v 0.205778 0.006713 0.011263
v 0.205338 0.002407 0.020284
v 0.208828 -0.001977 0.017810
v 0.211688 -0.003531 0.010847
v 0.213018 -0.004891 -0.002264
v 0.313839 -0.002428 -0.389678
v 0.308531 0.001679 -0.388556
v 0.299846 -0.003222 -0.386743
v 0.290642 0.000119 -0.386764
v 0.298591 0.004556 -0.388575
v 0.320285 0.002330 -0.393989
v 0.279480 0.002123 -0.388284
v 0.310223 0.008604 -0.393554
v 0.321395 0.008139 -0.399188
v 0.314510 0.014570 -0.403732
v 0.324944 0.001454 -0.397711
v 0.329443 0.005616 -0.405629
v 0.331155 0.000742 -0.404515
v 0.322567 -0.003777 -0.395313
v 0.330412 -0.003485 -0.403627
v 0.277362 -0.004735 -0.388032
v -0.212929 -0.002084 -0.390063
v -0.221164 -0.002113 -0.385720
v -0.225124 -0.005826 -0.381931
v -0.208602 -0.005614 -0.391433
v -0.228790 -0.001866 -0.379950
v -0.235069 -0.001858 -0.373449
v -0.202261 -0.002332 -0.392950
v -0.183357 -0.006617 -0.396140
v -0.221493 0.002075 -0.391565
v -0.237285 0.002092 -0.378247
v -0.239833 -0.003086 -0.365543
v -0.205464 0.002416 -0.396505
v -0.188980 0.001092 -0.395660
v -0.246695 0.002701 -0.360302
v -0.245462 -0.000151 -0.356217
v 0.264227 0.005866 -0.393719
v 0.254947 0.000486 -0.392879
v 0.241245 0.001852 -0.396645
v 0.236823 0.006234 -0.400907
v 0.226235 0.001385 -0.400373
v 0.282863 0.009055 -0.393141
v 0.298395 0.009688 -0.392957
v 0.262778 0.010735 -0.399391
v 0.233165 0.010305 -0.406958
v 0.219598 0.005480 -0.403650
v 0.208766 0.010382 -0.409765
v 0.207798 0.005477 -0.404185
v 0.281528 0.015701 -0.402552
v 0.302407 0.015123 -0.400523
v 0.167139 0.006504 -0.402426
v 0.147591 0.010007 -0.405413
v 0.131680 0.005485 -0.399490
v 0.224518 0.015477 -0.418022
v 0.202523 0.014756 -0.417474
v 0.150750 0.012700 -0.410607
v 0.298253 0.018897 -0.408148
v 0.246498 0.015176 -0.412545
v 0.090331 0.010744 -0.404969
v 0.066086 0.013864 -0.411812
v 0.123189 0.015584 -0.417167
v 0.280952 0.020067 -0.413876
v 0.047385 0.011084 -0.403936
v 0.309464 0.019703 -0.412578
v 0.060829 0.007403 -0.399101
v 0.297829 0.022439 -0.418534
v 0.022432 0.015672 -0.417427
v -0.030851 0.012281 -0.407127
v 0.000343 0.010327 -0.402692
v 0.080051 0.015666 -0.417541
v -0.081346 0.010730 -0.403393
v -0.013134 0.006388 -0.397011
v -0.089390 0.006392 -0.396506
v -0.154625 0.005944 -0.397237
v -0.156709 0.009750 -0.404737
v -0.110891 0.011624 -0.407223
v -0.051820 0.015208 -0.416961
v -0.188361 0.005820 -0.401237
v -0.154841 0.013581 -0.416535
v 0.196198 0.016387 -0.423118
v 0.248558 0.018376 -0.421849
v -0.197979 0.012301 -0.419064
v -0.203371 0.006219 -0.403130
v -0.219079 0.011265 -0.414912
v -0.218530 0.006055 -0.400822
v -0.209584 0.014871 -0.427365
v -0.181462 0.015604 -0.428810
v -0.235273 0.013523 -0.416133
v 0.223384 0.018868 -0.431789
v -0.175750 0.018289 -0.439420
v -0.222075 0.017627 -0.436261
v 0.289375 0.024271 -0.428349
v -0.231090 0.006323 -0.396084
v -0.252598 0.019441 -0.428626
v 0.252608 0.020681 -0.431196
v 0.310981 0.023502 -0.428412
v -0.250087 0.013671 -0.406752
v -0.274410 0.018710 -0.407826
v -0.240636 0.006206 -0.387644
v 0.320305 0.017448 -0.415442
v -0.260548 0.013537 -0.394464
v -0.250112 0.006110 -0.370301
v 0.323469 0.019093 -0.428681
v -0.157730 0.003634 -0.395335
v 0.046159 0.004441 -0.396061
v -0.108670 0.003937 -0.394925
v -0.029480 0.004136 -0.395239
v 0.209499 0.000178 -0.402763
v 0.320244 0.001282 0.393284
v 0.327692 -0.003600 0.399386
v 0.318487 -0.003570 0.392892
v 0.330973 0.001176 0.402231
v 0.310860 -0.001036 0.389317
v 0.323581 0.005422 0.397210
v 0.313615 0.005838 0.392134
v 0.305205 0.003084 0.388893
v 0.331451 0.006259 0.405731
v 0.338375 0.000697 0.414790
v 0.322846 0.010909 0.402433
v 0.338559 0.006288 0.420031
v 0.332743 0.010418 0.413467
v 0.315443 0.013289 0.401026
v 0.325689 0.015705 0.414618
v 0.337770 -0.003172 0.414030
v 0.341478 -0.001830 0.424788
v 0.342186 0.002908 0.435297
v 0.341762 -0.004224 0.437551
v 0.341352 -0.001944 0.448967
v 0.338854 0.005176 0.455422
v 0.339070 0.000576 0.457671
v 0.333881 0.006088 0.465552
v 0.338430 0.010419 0.435308
v 0.337442 0.009453 0.452956
v 0.332830 0.014973 0.446536
v 0.332612 0.015278 0.430180
v 0.328799 0.015056 0.459253
v 0.323119 0.019999 0.447141
v 0.325188 0.018949 0.429552
v 0.320350 0.018822 0.461111
v 0.325872 0.013933 0.467455
v 0.312090 0.018846 0.470715
v 0.327934 0.008704 0.471720
v 0.309693 0.015309 0.479721
v 0.316712 0.010825 0.479867
v 0.296549 0.018802 0.479534
v 0.298212 0.015092 0.485427
v 0.285144 0.014797 0.489189
v 0.340211 -0.003352 -0.453590
v 0.338723 -0.006944 -0.454700
v 0.335072 -0.007147 -0.465133
v 0.333616 -0.004202 -0.471030
v 0.339341 0.000512 -0.456425
v 0.334094 0.001274 -0.469355
v 0.326283 0.001002 -0.481189
v 0.326810 -0.003213 -0.480990
v 0.341602 -0.000715 -0.440155
v 0.338021 0.005607 -0.454497
v 0.339236 0.006662 -0.440724
v 0.331516 0.006724 -0.469855
v 0.323467 0.006983 -0.480461
v 0.332296 0.013148 -0.454957
v 0.327325 0.013291 -0.466916
v 0.318484 0.009635 -0.482747
v 0.319120 0.015197 -0.474360
v 0.312174 0.005199 -0.490167
v 0.314188 -0.002018 -0.491145
v 0.304789 0.011165 -0.489305
v 0.308162 0.015525 -0.482447
v 0.302741 0.005408 -0.494107
v 0.289941 0.015712 -0.489022
v 0.286811 0.011587 -0.493939
v 0.259447 0.014850 -0.492802
v 0.338253 0.006067 -0.428200
v 0.340749 -0.001802 -0.428387
v 0.337479 0.001371 -0.418032
v 0.333292 0.008059 -0.415739
v 0.331155 0.000742 -0.404515
v 0.329443 0.005616 -0.405629
v 0.337191 -0.002929 -0.416307
v 0.331576 0.013621 -0.427388
v 0.331146 0.015572 -0.440314
v 0.324963 0.010897 -0.406855
v 0.320305 0.017448 -0.415442
v 0.323469 0.019093 -0.428681
v 0.321395 0.008139 -0.399188
v 0.322521 0.019997 -0.453084
v 0.318039 0.022496 -0.441336
v 0.314510 0.014570 -0.403732
v 0.318169 0.019518 -0.464556
v 0.016990 -0.000478 0.400120
v 0.017529 0.001749 0.400943
v 0.036242 0.001113 0.400161
v -0.006031 0.000191 0.400440
v 0.002852 0.001837 0.401246
v 0.247191 0.005978 0.393746
v 0.291533 0.003867 0.388627
v 0.249403 0.000428 0.391735
v 0.282851 0.000981 0.388618
v 0.237023 0.001629 0.392884
v 0.213848 0.004628 0.396633
v 0.201045 0.001747 0.396432
v 0.289734 0.009310 0.392401
v 0.305964 0.009460 0.393166
v 0.305205 0.003084 0.388893
v 0.213374 0.007117 0.398859
v 0.169306 0.006312 0.401216
v 0.175927 0.004003 0.399119
v 0.093483 0.002751 0.399920
v 0.098229 0.006404 0.403116
v 0.069064 0.006188 0.404512
v 0.067875 0.001293 0.400029
v 0.057286 0.001565 0.400063
v 0.313615 0.005838 0.392134
v 0.250152 0.010290 0.397921
v 0.045376 0.006525 0.405563
v 0.044753 0.001067 0.400158
v 0.006077 0.006227 0.405453
v -0.014175 0.005510 0.404337
v -0.020230 -0.000162 0.400460
v -0.041767 0.005352 0.403919
v -0.067694 0.001379 0.400292
v -0.064324 0.006891 0.405080
v -0.100019 0.002849 0.400106
v 0.096944 0.010356 0.409009
v 0.067636 0.011928 0.412989
v 0.016591 0.011418 0.413553
v 0.039575 0.011359 0.412749
v -0.006519 0.011725 0.413805
v 0.167735 0.010957 0.407809
v 0.207048 0.010732 0.404529
v 0.298084 0.015033 0.400462
v -0.023213 0.008298 0.408212
v -0.071187 0.013322 0.416771
v 0.273086 0.014843 0.403190
v 0.315443 0.013289 0.401026
v -0.109055 0.010285 0.408719
v -0.118030 0.006501 0.403046
v -0.171380 0.006367 0.402523
v -0.168724 0.010631 0.408876
v -0.228019 0.010766 0.407287
v -0.223485 0.006274 0.400744
v 0.084067 0.014037 0.417156
v 0.118792 0.014676 0.418384
v 0.187829 0.015129 0.416987
v -0.233637 0.015024 0.416262
v 0.213690 0.014888 0.413176
v -0.105571 0.014982 0.419597
v -0.175747 0.015142 0.419068
v 0.027519 0.013602 0.418901
v -0.004971 0.013679 0.418559
v -0.238691 0.008370 0.400157
v 0.293735 0.018331 0.409518
v 0.310781 0.017768 0.409307
v -0.252820 0.015224 0.410811
v -0.071030 0.015915 0.425052
v -0.242181 0.018322 0.426726
v -0.124395 0.017379 0.427383
v -0.190997 0.017769 0.427448
v -0.004001 0.016325 0.427577
v 0.022999 0.015594 0.425794
v 0.089805 0.016438 0.425566
v 0.179320 0.017497 0.427000
v 0.218958 0.017304 0.421254
v 0.293385 0.021663 0.423175
v 0.307600 0.021725 0.425148
v -0.246459 0.008787 0.395668
v 0.325689 0.015705 0.414618
v 0.316660 0.019968 0.421632
v -0.261937 0.015621 0.401993
v 0.322846 0.010909 0.402433
v 0.134205 0.000093 0.398149
v 0.181227 0.000011 0.397172
v 0.088245 0.000078 0.399168
v 0.110931 -0.003255 0.398684
v 0.084752 -0.003207 0.399345
v 0.067730 -0.004204 0.400045
v 0.055580 -0.004081 0.400359
v 0.178712 -0.003133 0.397509
v 0.203418 -0.003553 0.396414
v 0.041866 -0.003231 0.399924
v 0.029961 -0.003842 0.400389
v 0.237022 -0.003291 0.393065
v 0.278074 -0.002986 0.389415
v 0.008776 -0.003670 0.400404
v -0.012684 -0.004414 0.400871
v -0.070199 -0.004120 0.400380
v -0.121293 0.000054 0.398816
v 0.297515 -0.001438 0.388037
v 0.310860 -0.001036 0.389317
v -0.168801 -0.003119 0.398321
v -0.173926 0.000080 0.398219
v -0.201162 -0.001822 0.396724
v -0.197004 0.003413 0.399291
v -0.218460 0.000953 0.396016
v -0.221343 -0.003246 0.394654
v -0.226811 0.000828 0.394766
v -0.232097 -0.002480 0.390518
v -0.237876 0.001638 0.390908
v -0.236357 -0.004263 0.386920
v -0.226097 -0.007877 0.393762
v -0.203742 -0.007508 0.398630
v -0.067944 0.017461 -0.000576
v -0.132094 0.018815 0.000407
v -0.107532 0.018308 0.011039
v -0.171054 0.019441 0.010038
v -0.218208 0.020531 0.011484
v -0.219911 0.021081 0.000594
v -0.246794 0.022478 0.012599
v -0.258907 0.023838 -0.001304
v -0.258564 0.022915 0.023235
v -0.039148 0.017365 0.010126
v -0.012681 0.016904 -0.000304
v 0.000423 0.017057 0.010493
v 0.070407 0.016464 0.013761
v 0.059528 0.016331 -0.000639
v 0.102092 0.015865 -0.000895
v 0.118324 0.015891 0.011264
v -0.170286 0.018563 -0.014459
v -0.217307 0.020116 -0.013241
v 0.108544 0.014552 -0.015202
v 0.138887 0.013827 -0.017864
v 0.145093 0.015058 -0.000793
v 0.138581 0.015553 0.008659
v 0.151248 0.015136 0.014550
v 0.176437 0.014119 -0.001631
v 0.167948 0.013284 -0.018416
v 0.124665 0.016354 0.017308
v 0.087245 0.014875 -0.014922
v 0.049479 0.015458 -0.012143
v 0.000370 0.015634 -0.012151
v -0.052801 0.015914 -0.011846
v -0.103553 0.016882 -0.010523
v -0.140905 0.017613 -0.011776
v -0.256430 0.022661 -0.017744
v -0.283476 0.024507 -0.019591
v -0.272497 0.022460 -0.037978
v -0.280848 0.025236 0.003268
v -0.298849 0.025736 0.009017
v -0.300270 0.023767 -0.042484
v -0.285077 0.025285 0.041655
v -0.298870 0.025979 0.047413
v -0.297997 0.023718 -0.051590
v -0.283246 0.022937 -0.060085
v 0.137458 0.015565 0.017715
v -0.297487 0.023890 -0.104043
v -0.282527 0.023249 -0.099673
v -0.285184 0.024613 0.068711
v -0.281842 0.024761 -0.139043
v -0.296996 0.024779 -0.144232
v -0.281955 0.025892 -0.174539
v 0.046977 0.016182 0.020721
v 0.003824 0.016299 0.021458
v 0.181349 0.013065 0.012838
v -0.296454 0.025255 -0.194699
v -0.051945 0.016513 0.020935
v -0.310166 0.025557 0.052976
v -0.298231 0.026104 0.136903
v -0.309487 0.025640 0.181534
v -0.296980 0.025797 0.236972
v -0.309893 0.025649 0.117144
v -0.284313 0.025036 0.135272
v -0.308454 0.024927 0.267842
v -0.296745 0.025134 0.282299
v -0.283026 0.024544 0.228363
v -0.279686 0.022215 0.325846
v -0.294322 0.022317 0.384237
v -0.281606 0.020605 0.390045
v -0.293669 0.023719 0.334727
v -0.281852 0.023386 0.287980
v -0.305858 0.022346 0.366065
v -0.306057 0.021362 0.397250
v 0.193064 0.012371 -0.001662
v -0.311281 0.024895 0.011583
v -0.293933 0.022106 0.409278
v -0.304528 0.021177 0.446841
v -0.279686 0.021560 0.428347
v -0.291320 0.022378 0.445580
v -0.253580 0.020357 0.437750
v -0.252424 0.021385 0.450351
v -0.245843 0.021650 0.463761
v -0.283733 0.022020 0.461842
v -0.191541 0.021622 0.463636
v -0.188250 0.021132 0.449853
v -0.152088 0.021179 0.463846
v -0.105513 0.020662 0.451276
v -0.097867 0.021064 0.464696
v -0.053910 0.020071 0.452007
v -0.055966 0.020448 0.467799
v 0.199859 0.020261 0.448621
v 0.130969 0.019655 0.462420
v 0.210905 0.020333 0.461582
v 0.137673 0.019710 0.448784
v 0.082848 0.019540 0.450063
v 0.026804 0.019627 0.464705
v 0.021754 0.019419 0.451132
v 0.240208 0.021438 0.448856
v 0.269778 0.022542 0.458531
v 0.127026 0.018899 0.475570
v 0.017803 0.019244 0.474382
v -0.087288 0.020042 0.477159
v -0.154973 0.020209 0.475869
v -0.189964 0.020522 0.475724
v 0.283703 0.023609 0.447015
v 0.291009 0.023729 0.457984
v 0.303306 0.023712 0.447704
v 0.290202 0.023368 0.436225
v 0.236502 0.020621 0.437735
v 0.206551 0.019256 0.434565
v 0.136251 0.018613 0.435738
v 0.089073 0.018524 0.436726
v 0.025356 0.018485 0.441720
v 0.312970 0.022422 0.436182
v -0.195775 0.019817 0.437584
v -0.123174 0.019413 0.437419
v -0.062143 0.018706 0.438071
v 0.212630 0.019387 0.473956
v -0.300153 0.021073 0.462043
v -0.280376 0.026682 -0.208048
v -0.263341 0.025744 -0.213931
v -0.278101 0.026646 -0.230942
v -0.263044 0.025401 -0.238970
v -0.279582 0.025207 -0.260404
v -0.286793 0.025888 -0.240212
v -0.307940 0.023002 -0.048485
v -0.306689 0.022969 -0.095811
v 0.279178 0.022243 0.464316
v -0.294125 0.022074 -0.296374
v -0.283723 0.020170 -0.320588
v -0.295189 0.020010 -0.332265
v -0.284339 0.018234 -0.352017
v -0.296218 0.018995 -0.361821
v -0.286180 0.018176 -0.370453
v -0.296590 0.019243 -0.401699
v -0.283816 0.018433 -0.391712
v -0.284884 0.019497 -0.406286
v -0.293180 0.021052 -0.432995
v -0.274410 0.018710 -0.407826
v 0.182785 0.012054 -0.020455
v 0.114151 0.015358 0.020217
v 0.073081 0.015384 0.022699
v -0.264166 0.023281 -0.267735
v 0.191050 0.011895 -0.013533
v -0.277668 0.021765 -0.428750
v -0.281161 0.022630 -0.441350
v -0.261218 0.022386 -0.443708
v -0.275881 0.022908 -0.452220
v -0.237917 0.021545 -0.455888
v -0.296528 0.021429 -0.453496
v -0.273331 0.021554 -0.466498
v -0.235550 0.020571 -0.445384
v -0.210493 0.019594 -0.447215
v -0.286197 0.021303 -0.465940
v -0.244349 0.020263 0.475970
v -0.264877 0.023227 -0.160961
v 0.244049 0.019751 0.427626
v -0.298285 0.020780 -0.437670
v -0.092441 0.017028 0.020506
v -0.175504 0.018059 0.020629
v -0.213868 0.019082 0.021150
v -0.234133 0.020113 0.023577
v -0.258785 0.020844 -0.467860
v -0.242664 0.021126 -0.465290
v -0.221453 0.020838 -0.469775
v -0.193108 0.020472 -0.459276
v -0.152997 0.019844 -0.460771
v -0.150655 0.020153 -0.472680
v -0.029487 0.019935 -0.474208
v -0.010635 0.019614 -0.460421
v 0.038296 0.019936 -0.472613
v 0.040741 0.019640 -0.458121
v 0.153001 0.019901 -0.458531
v 0.143120 0.019952 -0.470945
v 0.185211 0.019828 -0.470815
v 0.210612 0.020305 -0.459256
v 0.214032 0.020176 -0.470811
v 0.194932 0.019466 -0.445095
v 0.089464 0.018743 -0.443400
v 0.128096 0.019116 -0.444211
v 0.021405 0.019012 -0.452872
v 0.056211 0.018798 -0.445729
v 0.224038 0.020367 -0.444843
v 0.017119 0.018648 -0.444995
v -0.007369 0.018619 -0.447166
v -0.065088 0.018818 -0.447881
v 0.050380 0.019215 -0.482610
v -0.134804 0.019460 -0.481867
v 0.254150 0.022767 -0.458031
v 0.102830 0.017948 -0.431212
v 0.181916 0.018272 -0.432811
v 0.250631 0.022013 -0.469272
v 0.281609 0.023988 -0.467492
v 0.254656 0.022408 -0.443234
v 0.001768 0.017342 -0.429491
v 0.032409 0.017483 -0.427481
v -0.051867 0.018235 -0.444321
v -0.052049 0.017036 -0.427792
v -0.125634 0.016374 -0.429555
v -0.127740 0.017664 -0.445229
v 0.028714 0.018045 -0.438110
v 0.085739 0.017602 -0.432137
v -0.164890 0.017439 -0.436637
v -0.184973 0.019134 -0.445196
v -0.159111 0.018715 -0.444387
v -0.139191 0.018713 -0.447566
v 0.223384 0.018868 -0.431789
v 0.134970 0.019007 -0.481791
v 0.204954 0.018636 -0.481482
v -0.062538 0.018768 -0.485161
v -0.172685 0.018807 -0.481993
v 0.284374 0.025422 -0.442883
v 0.282582 0.025292 -0.455082
v 0.298824 0.025588 -0.453697
v 0.298735 0.025832 -0.441581
v 0.308842 0.024851 -0.442052
v 0.289375 0.024271 -0.428349
v -0.175750 0.018289 -0.439420
v -0.297731 0.024667 -0.240638
v 0.310981 0.023502 -0.428412
v 0.297829 0.022439 -0.418534
v 0.080051 0.015666 -0.417541
v 0.123189 0.015584 -0.417167
v 0.307401 0.021808 0.463309
v 0.310346 0.024093 -0.454526
v -0.306663 0.018387 -0.338734
v -0.300458 0.021295 -0.294142
v -0.307076 0.017720 -0.395508
v -0.312903 0.022083 -0.047037
v 0.252608 0.020681 -0.431196
v -0.266857 0.020899 -0.427730
v -0.306284 0.019132 -0.434015
v -0.264648 0.019302 -0.300744
v 0.092729 0.013613 -0.023200
v 0.033147 0.014290 -0.020348
v 0.292201 0.021542 0.471708
v 0.009375 0.018320 0.481716
v 0.057365 0.017766 0.482770
v -0.103728 0.018898 -0.485114
v -0.266404 0.019362 0.420833
v -0.270652 0.023059 0.042810
v 0.297758 0.023285 -0.469277
v 0.307244 0.022916 -0.464750
v -0.254803 0.019066 0.427861
v 0.160905 0.013631 0.020284
v -0.222075 0.017627 -0.436261
v 0.034529 0.017583 0.435124
v 0.262570 0.020656 -0.480571
v -0.288051 0.019805 0.474632
v 0.022432 0.015672 -0.417427
v -0.051820 0.015208 -0.416961
v -0.154841 0.013581 -0.416535
v -0.181462 0.015604 -0.428810
v -0.252598 0.019441 -0.428626
v 0.199762 0.017623 0.482812
v -0.307463 0.023087 -0.165085
v 0.153701 0.011576 -0.029379
v 0.116245 0.011593 -0.030992
v -0.318492 0.024128 0.058459
v -0.318639 0.024075 0.159395
v -0.237618 0.020286 -0.470733
v -0.244998 0.020062 -0.478771
v -0.249684 0.019683 -0.482730
v -0.209740 0.018740 -0.480423
v -0.253808 0.018856 -0.479320
v -0.321825 0.022865 0.193663
v 0.276696 0.018958 0.481829
v 0.138615 0.014263 0.023490
v -0.008767 0.013758 -0.022116
v -0.213261 0.018173 -0.022835
v -0.307633 0.022641 -0.210871
v 0.142249 0.016389 0.016271
v 0.196198 0.016387 -0.423118
v 0.323119 0.019999 0.447141
v -0.275721 0.018124 -0.327469
v -0.272141 0.015126 -0.351439
v -0.237514 0.018957 -0.029253
v -0.249682 0.018926 -0.037497
v -0.263142 0.019815 -0.048835
v -0.268141 0.019795 -0.073851
v -0.267729 0.020157 -0.097331
v -0.322002 0.022846 0.016177
v -0.272354 0.021991 0.249164
v 0.197183 0.010395 0.010228
v -0.046211 0.017744 0.486665
v -0.249805 0.022644 -0.232804
v -0.252400 0.022610 -0.247299
v -0.066105 0.013696 -0.022347
v -0.272308 0.022399 0.151602
v -0.315429 0.021811 0.320818
v -0.320445 0.022114 0.268238
v -0.096028 0.015068 -0.018507
v -0.126162 0.014684 -0.021179
v -0.307110 0.020036 -0.290496
v -0.308073 0.021657 -0.248636
v 0.178816 0.009915 -0.030475
v -0.178139 0.015013 -0.031357
v -0.305138 0.018975 -0.446729
v -0.308536 0.019131 -0.459511
v -0.300564 0.019379 -0.456909
v -0.302627 0.019988 -0.464034
v -0.294699 0.019834 -0.460243
v -0.292077 0.018617 -0.466859
v -0.308140 0.018507 -0.470667
v -0.296481 0.020217 -0.472196
v -0.291407 0.019509 -0.482425
v -0.281749 0.020387 -0.478074
v -0.267291 0.020378 -0.481390
v -0.287956 0.019440 -0.471171
v -0.281984 0.020042 -0.467426
v -0.273722 0.021855 0.078006
v -0.275210 0.022714 0.060476
v -0.268685 0.015150 -0.390241
v -0.270737 0.014380 -0.371727
v -0.260548 0.013537 -0.394464
v -0.254996 0.020300 0.038210
v -0.240335 0.018568 0.033773
v 0.325188 0.018949 0.429552
v -0.267832 0.018731 0.333864
v -0.299261 0.018117 0.476335
v -0.149524 0.014451 -0.026085
v -0.316673 0.019140 0.381433
v -0.315159 0.018328 0.442131
v 0.054468 0.013961 0.029274
v 0.027531 0.014428 0.028099
v 0.318039 0.022496 -0.441336
v 0.063089 0.018019 -0.487061
v 0.123230 0.014480 0.024605
v 0.083083 0.013538 0.028189
v -0.263398 0.018902 -0.487588
v -0.004052 0.014235 0.029077
v -0.044221 0.014164 0.029323
v -0.090702 0.014854 0.028300
v 0.075063 0.010866 -0.033745
v 0.022781 0.010919 -0.031624
v 0.171058 0.011016 0.026539
v -0.323397 0.022852 0.055553
v -0.322944 0.022937 0.133074
v -0.251482 0.022543 -0.212471
v -0.270417 0.017566 0.377246
v -0.271469 0.017978 0.394521
v -0.317343 0.020238 -0.095165
v -0.316981 0.020075 -0.157457
v -0.318781 0.020793 -0.041146
v -0.252849 0.018799 -0.282006
v 0.040520 0.016388 0.487498
v -0.309591 0.018682 0.461932
v -0.250087 0.013671 -0.406752
v 0.201991 0.010015 -0.001219
v -0.263232 0.014709 -0.329553
v -0.264404 0.018555 -0.477375
v 0.197841 0.009579 -0.018102
v 0.320350 0.018822 0.461111
v 0.290002 0.019631 -0.482294
v -0.155304 0.017480 0.485198
v -0.214080 0.018075 0.483268
v 0.156444 0.009678 -0.035352
v -0.260689 0.018880 0.052465
v -0.266285 0.019547 0.063441
v -0.288348 0.018060 -0.487612
v 0.190602 0.009245 0.021217
v 0.296549 0.018802 0.479534
v -0.185603 0.014801 0.031672
v -0.210488 0.015059 0.033325
v 0.179431 0.016122 0.487620
v 0.260019 0.015732 0.489189
v 0.148174 0.011228 0.031044
v 0.212712 0.016062 -0.489505
v 0.261968 0.018925 -0.485347
v -0.245654 0.018764 -0.474322
v -0.245674 0.017650 -0.470092
v -0.225692 0.015385 0.035848
v -0.317656 0.014653 -0.348762
v -0.317131 0.014723 -0.398791
v -0.317667 0.016092 -0.457063
v -0.054889 0.011170 -0.029518
v -0.087791 0.011008 -0.030016
v -0.127617 0.011025 -0.029196
v -0.205491 0.014986 -0.032487
v -0.220275 0.014962 -0.035348
v -0.240426 0.014806 -0.044119
v -0.309071 0.015637 -0.482097
v -0.252910 0.014232 -0.311000
v -0.267458 0.017978 0.481510
v -0.267341 0.019832 0.271749
v -0.139328 0.016435 -0.490695
v 0.312090 0.018846 0.470715
v -0.216840 0.016634 -0.485406
v 0.322521 0.019997 -0.453084
v 0.120220 0.011246 0.033666
v -0.253842 0.014850 -0.058011
v -0.317249 0.018615 -0.238830
v 0.323469 0.019093 -0.428681
v -0.316366 0.016814 -0.285072
v -0.277386 0.017322 -0.471115
v 0.318169 0.019518 -0.464556
v 0.307609 0.019261 -0.475758
v -0.003759 0.011324 0.036803
v 0.034043 0.011013 0.036941
v -0.023510 0.011146 0.036704
v -0.047625 0.011269 0.036758
v -0.260890 0.010713 -0.359775
v -0.256320 0.010630 -0.340374
v -0.250325 0.010597 -0.323629
v -0.249250 0.018737 -0.270983
v -0.310432 0.015479 0.473946
v -0.262340 0.018188 0.231147
v 0.084667 0.010508 0.035854
v 0.065217 0.010771 0.036467
v -0.088334 0.011147 0.037006
v -0.250112 0.006110 -0.370301
v 0.079113 0.016148 -0.491450
v -0.257406 0.018507 -0.135161
v -0.251240 0.018084 -0.165999
v -0.072981 0.015125 -0.493610
v -0.262287 0.018014 0.135495
v -0.324218 0.018993 -0.034097
v -0.321857 0.018618 -0.073707
v -0.320165 0.018611 -0.156082
v -0.317244 0.014865 -0.470742
v -0.323335 0.018464 0.329079
v 0.206378 0.006754 -0.012645
v -0.264417 0.019216 -0.058112
v -0.256751 0.014686 -0.075129
v -0.254483 0.013961 -0.093612
v 0.205778 0.006713 0.011263
v 0.041608 0.014847 0.490968
v 0.174968 0.014709 0.490733
v -0.301673 0.014447 -0.489050
v -0.241044 0.014738 0.043274
v -0.252192 0.014623 0.054159
v -0.238725 0.015165 0.488934
v -0.321488 0.015192 0.445809
v -0.324291 0.015158 0.389370
v -0.045193 0.015092 0.492417
v -0.162877 0.015235 0.489766
v -0.274023 0.014886 0.487404
v -0.251372 0.006152 -0.356424
v -0.178389 0.014822 -0.490052
v -0.244021 0.019363 -0.219826
v 0.162722 0.007387 0.036136
v 0.195772 0.006928 0.022513
v -0.247917 0.014519 -0.294398
v 0.285144 0.014797 0.489189
v -0.244125 0.018444 -0.247977
v -0.253781 0.016115 -0.491817
v 0.209228 0.006196 0.000944
v -0.329604 0.019323 0.161730
v -0.320971 0.013383 0.460617
v -0.327805 0.018083 0.269251
v -0.329088 0.018991 0.012846
v -0.329747 0.019450 0.055972
v 0.259447 0.014850 -0.492802
v -0.325555 0.011028 -0.428113
v -0.323643 0.010410 -0.362351
v -0.248486 0.014720 -0.152072
v 0.289941 0.015712 -0.489022
v 0.319120 0.015197 -0.474360
v -0.257024 0.018942 -0.470992
v 0.308162 0.015525 -0.482447
v -0.288145 0.015290 -0.492386
v -0.274027 0.015602 -0.493394
v -0.286699 0.011266 0.491055
v 0.081507 0.014785 -0.493740
v 0.212231 0.013416 -0.493765
v -0.213836 0.013713 -0.489889
v -0.326444 0.010704 -0.456301
v -0.321745 0.013455 -0.286106
v -0.135966 0.014339 -0.494095
v -0.299295 0.010255 0.489315
v -0.324890 0.009907 -0.470229
v -0.247900 0.004933 -0.341643
v -0.246695 0.002701 -0.360302
v -0.249065 0.010009 -0.090197
v -0.250582 0.010565 -0.073571
v -0.248570 0.010812 -0.061277
v -0.247356 0.009065 -0.318217
v -0.307849 0.009043 0.486621
v -0.323092 0.014574 -0.238092
v -0.318212 0.010499 -0.481186
v -0.318599 0.010302 0.474300
v -0.325468 0.015734 -0.079600
v -0.326046 0.013900 -0.163324
v -0.328985 0.012908 0.360629
v -0.327855 0.010533 0.443372
v -0.243593 0.013633 -0.178169
v -0.243730 0.014748 -0.269288
v -0.332876 0.017022 0.060550
v -0.332727 0.017071 0.156463
v -0.330352 0.007648 -0.454488
v -0.333629 0.013929 0.218127
v -0.329067 0.014583 -0.040673
v -0.333569 0.015101 0.026798
v -0.250964 0.013377 -0.494639
v -0.247708 0.015717 -0.471542
v -0.253668 0.015752 -0.472386
v -0.257875 0.014573 -0.474874
v -0.261582 0.014244 -0.473109
v -0.263231 0.015132 -0.474711
v -0.238915 0.014073 -0.239096
v -0.244114 0.009421 -0.141010
v -0.330027 0.006152 -0.408108
v -0.326881 0.007401 -0.373067
v -0.310264 0.009784 -0.488928
v -0.327775 0.006919 0.460263
v -0.317184 0.005089 0.482865
v -0.238915 0.013743 -0.216894
v 0.033369 -0.002872 0.045247
v 0.002329 -0.006020 0.044434
v 0.082444 -0.005829 0.044259
v 0.109553 -0.003364 0.044732
v 0.120198 -0.006603 0.044161
v 0.146658 -0.004638 0.045361
v -0.016671 -0.003106 0.045534
v -0.067618 -0.003160 0.045303
v -0.045184 -0.006351 0.044509
v -0.196585 -0.003220 0.048050
v -0.201787 -0.005988 0.047615
v -0.163209 -0.006798 0.045133
v -0.224182 -0.002886 0.050324
v -0.226143 -0.007216 0.049678
v -0.237456 -0.004367 0.054966
v 0.208828 -0.001977 0.017810
v 0.199841 -0.003328 0.029123
v 0.205750 -0.007382 0.021184
v 0.200091 -0.006576 0.028334
v 0.187498 -0.007348 0.036493
v 0.151516 -0.008746 0.044109
v 0.163611 -0.005665 0.044519
v 0.146658 -0.004638 0.045361
vt 0.618280 0.918060
vt 0.595009 0.917524
vt 0.600909 0.904103
vt 0.622828 0.905027
vt 0.653422 0.917439
vt 0.648648 0.902421
vt 0.637305 0.889862
vt 0.622983 0.892812
vt 0.574022 0.907184
vt 0.659356 0.902659
vt 0.688782 0.916456
vt 0.568033 0.917484
vt 0.564364 0.910950
vt 0.546094 0.907553
vt 0.601295 0.892161
vt 0.683404 0.907862
vt 0.704650 0.913532
vt 0.525673 0.916651
vt 0.529262 0.913429
vt 0.657905 0.892917
vt 0.483845 0.914256
vt 0.668783 0.899069
vt 0.481930 0.917102
vt 0.450291 0.918700
vt 0.448236 0.914613
vt 0.418242 0.918125
vt 0.418011 0.914871
vt 0.375135 0.914869
vt 0.375984 0.917879
vt 0.359893 0.919164
vt 0.742540 0.914156
vt 0.747188 0.917312
vt 0.785800 0.914389
vt 0.789521 0.917573
vt 0.829531 0.913947
vt 0.842563 0.918159
vt 0.487505 0.921054
vt 0.514529 0.923780
vt 0.871675 0.913900
vt 0.741288 0.921297
vt 0.791579 0.920796
vt 0.342852 0.914525
vt 0.419082 0.921287
vt 0.377972 0.921339
vt 0.327778 0.918026
vt 0.654728 0.922958
vt 0.855260 0.911254
vt 0.792264 0.910849
vt 0.919933 0.910568
vt 0.916954 0.913761
vt 0.959730 0.910589
vt 0.960246 0.907579
vt 0.968236 0.912060
vt 0.969604 0.906232
vt 0.695903 0.924641
vt 0.622813 0.885772
vt 0.587688 0.894678
vt 0.563708 0.898191
vt 0.918779 0.907493
vt 0.687184 0.903916
vt 0.955583 0.904865
vt 0.637857 0.926380
vt 0.643033 0.886291
vt 0.896183 0.917127
vt 0.321978 0.913172
vt 0.338893 0.911789
vt 0.369966 0.911419
vt 0.715154 0.907752
vt 0.960105 0.914965
vt 0.453760 0.926340
vt 0.604279 0.926142
vt 0.567308 0.925489
vt 0.309469 0.914278
vt 0.313764 0.909573
vt 0.432832 0.926015
vt 0.408720 0.925587
vt 0.309962 0.919770
vt 0.301418 0.914576
vt 0.299782 0.919245
vt 0.290998 0.918403
vt 0.756636 0.924792
vt 0.979417 0.907382
vt 0.290283 0.914601
vt 0.326131 0.907799
vt 0.528299 0.906423
vt 0.655831 0.927435
vt 0.300263 0.909681
vt 0.490888 0.910631
vt 0.924261 0.919237
vt 0.836295 0.905587
vt 0.883941 0.922078
vt 0.795377 0.925680
vt 0.980501 0.915015
vt 0.427248 0.910270
vt 0.590091 0.890439
vt 0.781522 0.907126
vt 0.543811 0.899877
vt 0.347466 0.908132
vt 0.361326 0.924834
vt 0.335674 0.923945
vt 0.290827 0.924468
vt 0.909271 0.903951
vt 0.948549 0.919668
vt 0.290057 0.910818
vt 0.561199 0.894682
vt 0.666019 0.891613
vt 0.681185 0.896456
vt 0.281242 0.917783
vt 0.961002 0.901036
vt 0.605590 0.886117
vt 0.692064 0.899621
vt 0.498556 0.904847
vt 0.945484 0.901821
vt 0.282368 0.922561
vt 0.986414 0.908013
vt 0.489621 0.907580
vt 0.774484 0.904191
vt 0.302253 0.926203
vt 0.652594 0.886550
vt 0.368141 0.907355
vt 0.515841 0.928844
vt 0.970441 0.920763
vt 0.606210 0.927970
vt 0.577521 0.930337
vt 0.707538 0.902248
vt 0.733302 0.903139
vt 0.282633 0.926875
vt 0.971017 0.901042
vt 0.281717 0.912063
vt 0.988585 0.914940
vt 0.680521 0.929177
vt 0.476169 0.905090
vt 0.311207 0.905723
vt 0.958347 0.924197
vt 0.750484 0.929044
vt 0.843730 0.925637
vt 0.984370 0.902369
vt 0.645448 0.932114
vt 0.290345 0.929610
vt 0.898718 0.926144
vt 0.425420 0.930343
vt 0.369274 0.928396
vt 0.991815 0.908136
vt 0.460759 0.930674
vt 0.981915 0.925193
vt 0.832521 0.931034
vt 0.988126 0.920899
vt 0.273665 0.912345
vt 0.274805 0.925641
vt 0.281140 0.932114
vt 0.061954 0.439293
vt 0.061292 0.334734
vt 0.058887 0.397416
vt 0.064850 0.414539
vt 0.063882 0.484841
vt 0.059681 0.491502
vt 0.062988 0.518305
vt 0.057789 0.262154
vt 0.060303 0.211134
vt 0.057179 0.156555
vt 0.061572 0.151384
vt 0.057703 0.136243
vt 0.064227 0.302753
vt 0.057888 0.517661
vt 0.058686 0.545223
vt 0.064435 0.545724
vt 0.056370 0.446058
vt 0.063480 0.562701
vt 0.058809 0.562356
vt 0.059116 0.586040
vt 0.064294 0.586810
vt 0.062175 0.602614
vt 0.055944 0.594785
vt 0.058936 0.611578
vt 0.064507 0.610713
vt 0.063979 0.621719
vt 0.063384 0.199581
vt 0.066181 0.509941
vt 0.069471 0.597598
vt 0.064119 0.134568
vt 0.058441 0.121711
vt 0.054765 0.127354
vt 0.056866 0.621112
vt 0.053331 0.139298
vt 0.056181 0.492238
vt 0.054636 0.573207
vt 0.053956 0.547922
vt 0.054742 0.611116
vt 0.055539 0.326606
vt 0.054789 0.216236
vt 0.054694 0.518617
vt 0.059753 0.629380
vt 0.053872 0.117158
vt 0.068869 0.487072
vt 0.069127 0.584227
vt 0.066983 0.556339
vt 0.067780 0.401389
vt 0.069994 0.611529
vt 0.058840 0.108246
vt 0.064099 0.118561
vt 0.068454 0.302097
vt 0.066821 0.200210
vt 0.066681 0.153348
vt 0.065885 0.629311
vt 0.070386 0.531778
vt 0.070275 0.552617
vt 0.070471 0.622637
vt 0.069608 0.403986
vt 0.064334 0.109829
vt 0.055489 0.630002
vt 0.052478 0.590231
vt 0.052335 0.499077
vt 0.054234 0.449562
vt 0.053900 0.348721
vt 0.065280 0.637183
vt 0.060479 0.637230
vt 0.055905 0.637358
vt 0.054338 0.104373
vt 0.052811 0.201461
vt 0.053293 0.287002
vt 0.068994 0.132014
vt 0.073273 0.583878
vt 0.052343 0.623435
vt 0.051608 0.606781
vt 0.073644 0.488477
vt 0.075089 0.602455
vt 0.074195 0.553433
vt 0.074797 0.613872
vt 0.070745 0.631812
vt 0.074158 0.435394
vt 0.075089 0.524088
vt 0.073098 0.305210
vt 0.071261 0.195041
vt 0.072250 0.155127
vt 0.057544 0.094367
vt 0.050890 0.578484
vt 0.074501 0.625127
vt 0.064879 0.645935
vt 0.060763 0.645452
vt 0.069401 0.644397
vt 0.072499 0.640555
vt 0.054253 0.092768
vt 0.055675 0.084146
vt 0.551459 0.549353
vt 0.548788 0.542524
vt 0.549257 0.649097
vt 0.552915 0.472149
vt 0.548860 0.471181
vt 0.551408 0.660458
vt 0.548827 0.408753
vt 0.551677 0.401870
vt 0.550603 0.706628
vt 0.550715 0.366510
vt 0.545416 0.355135
vt 0.545809 0.290355
vt 0.545563 0.423666
vt 0.545865 0.657595
vt 0.545936 0.714850
vt 0.548065 0.734771
vt 0.545601 0.538297
vt 0.541485 0.286222
vt 0.541188 0.272599
vt 0.547264 0.278383
vt 0.545792 0.263887
vt 0.542708 0.389190
vt 0.542852 0.714976
vt 0.543577 0.740206
vt 0.539660 0.339805
vt 0.537408 0.275035
vt 0.542749 0.661742
vt 0.542902 0.541288
vt 0.550966 0.748930
vt 0.544815 0.750535
vt 0.537034 0.306976
vt 0.542770 0.425359
vt 0.538692 0.261192
vt 0.539880 0.391668
vt 0.539724 0.584269
vt 0.539809 0.653562
vt 0.550291 0.761758
vt 0.545225 0.761804
vt 0.540080 0.708845
vt 0.549416 0.290048
vt 0.540049 0.740173
vt 0.537123 0.356340
vt 0.539819 0.437187
vt 0.539905 0.519751
vt 0.540665 0.759344
vt 0.546482 0.251790
vt 0.539999 0.254351
vt 0.553938 0.738076
vt 0.554699 0.762092
vt 0.552322 0.772077
vt 0.553400 0.551032
vt 0.546295 0.781251
vt 0.551436 0.782836
vt 0.555605 0.273202
vt 0.554720 0.298762
vt 0.555317 0.707855
vt 0.554766 0.664422
vt 0.555202 0.262488
vt 0.555509 0.383542
vt 0.558159 0.751195
vt 0.554974 0.254851
vt 0.556152 0.470033
vt 0.555550 0.544621
vt 0.555510 0.779144
vt 0.559482 0.773658
vt 0.559786 0.730156
vt 0.558778 0.762740
vt 0.559572 0.313270
vt 0.558711 0.475083
vt 0.559479 0.376591
vt 0.559786 0.283679
vt 0.559157 0.659238
vt 0.559123 0.547743
vt 0.553222 0.245989
vt 0.541520 0.245045
vt 0.548307 0.243496
vt 0.549116 0.790147
vt 0.541293 0.772707
vt 0.554593 0.790973
vt 0.534164 0.289991
vt 0.537296 0.724309
vt 0.534423 0.270344
vt 0.544663 0.790758
vt 0.542001 0.784556
vt 0.537399 0.398514
vt 0.536708 0.749857
vt 0.534850 0.323567
vt 0.536978 0.674377
vt 0.537084 0.594161
vt 0.535005 0.735683
vt 0.537523 0.440896
vt 0.537771 0.534338
vt 0.537114 0.763459
vt 0.553213 0.798406
vt 0.535562 0.251859
vt 0.547319 0.799138
vt 0.550005 0.806911
vt 0.303033 0.148877
vt 0.318177 0.151951
vt 0.275767 0.152779
vt 0.376722 0.147473
vt 0.376807 0.152513
vt 0.399238 0.147228
vt 0.258886 0.152362
vt 0.395855 0.152149
vt 0.263605 0.146631
vt 0.242946 0.152863
vt 0.224284 0.147457
vt 0.218622 0.152416
vt 0.179429 0.148606
vt 0.184675 0.152667
vt 0.169486 0.154722
vt 0.161060 0.148869
vt 0.145930 0.155131
vt 0.129098 0.153357
vt 0.121395 0.156163
vt 0.113315 0.152657
vt 0.302910 0.146478
vt 0.401333 0.153200
vt 0.130952 0.148235
vt 0.209207 0.154202
vt 0.380531 0.139618
vt 0.399645 0.143077
vt 0.115623 0.146110
vt 0.209398 0.142685
vt 0.237027 0.142007
vt 0.251480 0.141848
vt 0.298955 0.141183
vt 0.269122 0.141543
vt 0.106821 0.148316
vt 0.186625 0.142879
vt 0.172414 0.142882
vt 0.146473 0.141566
vt 0.410468 0.145160
vt 0.410065 0.151500
vt 0.409623 0.156066
vt 0.098447 0.153089
vt 0.108120 0.156428
vt 0.095263 0.148584
vt 0.115023 0.159552
vt 0.399583 0.135316
vt 0.411299 0.139794
vt 0.098983 0.144012
vt 0.126038 0.140287
vt 0.108794 0.138421
vt 0.370177 0.133740
vt 0.388386 0.134183
vt 0.094173 0.137413
vt 0.090560 0.139994
vt 0.088714 0.146206
vt 0.417276 0.149783
vt 0.420996 0.146230
vt 0.082874 0.141970
vt 0.080975 0.133833
vt 0.087547 0.150471
vt 0.127462 0.159189
vt 0.246629 0.156895
vt 0.378524 0.155292
vt 0.398534 0.156141
vt 0.348036 0.155117
vt 0.408053 0.159756
vt 0.154439 0.157854
vt 0.210024 0.157029
vt 0.078648 0.143731
vt 0.283977 0.156295
vt 0.105193 0.159756
vt 0.096654 0.157348
vt 0.723292 0.773020
vt 0.748830 0.772945
vt 0.722234 0.775992
vt 0.751729 0.776623
vt 0.686376 0.772063
vt 0.679164 0.777149
vt 0.653605 0.775842
vt 0.803968 0.773474
vt 0.801599 0.776959
vt 0.853625 0.777323
vt 0.861664 0.773897
vt 0.897422 0.774378
vt 0.893449 0.777720
vt 0.920184 0.776976
vt 0.738048 0.769512
vt 0.847621 0.771257
vt 0.660431 0.771037
vt 0.630743 0.772410
vt 0.629582 0.777358
vt 0.622120 0.772744
vt 0.915966 0.780894
vt 0.929893 0.780789
vt 0.691690 0.779948
vt 0.654824 0.780665
vt 0.629390 0.780399
vt 0.871473 0.780170
vt 0.723599 0.779510
vt 0.617250 0.775843
vt 0.617335 0.780894
vt 0.755647 0.779624
vt 0.606052 0.779594
vt 0.605962 0.774842
vt 0.595535 0.775549
vt 0.595095 0.780267
vt 0.578610 0.779366
vt 0.577343 0.773107
vt 0.569039 0.774414
vt 0.221561 0.727278
vt 0.263320 0.732220
vt 0.207966 0.731250
vt 0.161612 0.731374
vt 0.306588 0.725715
vt 0.320259 0.730683
vt 0.161681 0.725976
vt 0.123748 0.726769
vt 0.123500 0.731385
vt 0.338165 0.727665
vt 0.237343 0.724730
vt 0.115793 0.726138
vt 0.337677 0.732914
vt 0.116365 0.735397
vt 0.346778 0.732828
vt 0.344505 0.735905
vt 0.165099 0.719986
vt 0.223952 0.720092
vt 0.270282 0.719939
vt 0.125374 0.719810
vt 0.115580 0.720166
vt 0.346644 0.723812
vt 0.311449 0.719908
vt 0.352817 0.731077
vt 0.107953 0.723492
vt 0.238078 0.714291
vt 0.167957 0.714639
vt 0.354545 0.722117
vt 0.126429 0.712152
vt 0.115274 0.711662
vt 0.335862 0.716257
vt 0.345253 0.709251
vt 0.267872 0.709956
vt 0.313444 0.710301
vt 0.357751 0.708135
vt 0.125828 0.705285
vt 0.107134 0.715620
vt 0.363345 0.716075
vt 0.096441 0.718649
vt 0.359237 0.730191
vt 0.356015 0.739283
vt 0.108960 0.728772
vt 0.115342 0.731651
vt 0.106245 0.736370
vt 0.108859 0.739631
vt 0.352444 0.743496
vt 0.123454 0.733927
vt 0.168442 0.734000
vt 0.344508 0.738268
vt 0.327497 0.733225
vt 0.315280 0.733387
vt 0.284558 0.734939
vt 0.254348 0.734283
vt 0.335374 0.736847
vt 0.320341 0.735915
vt 0.117750 0.738276
vt 0.109353 0.743496
vt 0.124303 0.735935
vt 0.524022 0.392005
vt 0.524573 0.370189
vt 0.521070 0.373349
vt 0.520766 0.386982
vt 0.522045 0.322156
vt 0.525824 0.313738
vt 0.520222 0.397036
vt 0.522939 0.406176
vt 0.523455 0.291057
vt 0.526350 0.293204
vt 0.528759 0.265317
vt 0.519447 0.419406
vt 0.522781 0.416308
vt 0.523385 0.427751
vt 0.520174 0.429072
vt 0.522707 0.437674
vt 0.516681 0.444085
vt 0.526559 0.258041
vt 0.522470 0.251081
vt 0.528987 0.224217
vt 0.531519 0.231314
vt 0.533452 0.215211
vt 0.530669 0.211524
vt 0.521021 0.447675
vt 0.522769 0.455340
vt 0.518189 0.460633
vt 0.522043 0.473257
vt 0.517306 0.478261
vt 0.522387 0.521338
vt 0.516291 0.541956
vt 0.520584 0.564790
vt 0.524092 0.603792
vt 0.513462 0.467424
vt 0.515627 0.522192
vt 0.515850 0.424531
vt 0.516646 0.392771
vt 0.516963 0.367442
vt 0.509954 0.435020
vt 0.509939 0.527080
vt 0.517932 0.316473
vt 0.513360 0.293506
vt 0.519614 0.286554
vt 0.517126 0.259129
vt 0.520515 0.594236
vt 0.519798 0.219471
vt 0.524532 0.218325
vt 0.523993 0.205777
vt 0.510374 0.378874
vt 0.508928 0.479225
vt 0.511845 0.594985
vt 0.516223 0.602962
vt 0.513057 0.634219
vt 0.519223 0.639844
vt 0.527961 0.204971
vt 0.516070 0.649391
vt 0.509840 0.647851
vt 0.506854 0.630266
vt 0.502847 0.614333
vt 0.504054 0.528193
vt 0.517032 0.201602
vt 0.521313 0.652246
vt 0.504553 0.474794
vt 0.512986 0.258631
vt 0.514756 0.225754
vt 0.515092 0.665855
vt 0.503821 0.444164
vt 0.504708 0.408229
vt 0.509599 0.308249
vt 0.505282 0.361988
vt 0.505840 0.288425
vt 0.521165 0.660355
vt 0.521951 0.194699
vt 0.525549 0.671373
vt 0.524380 0.682469
vt 0.533452 0.682520
vt 0.511802 0.192677
vt 0.521708 0.633083
vt 0.529727 0.197576
vt 0.526316 0.189024
vt 0.533047 0.203943
vt 0.277621 0.189249
vt 0.284674 0.187070
vt 0.318047 0.187119
vt 0.217582 0.186924
vt 0.230924 0.190695
vt 0.316820 0.190171
vt 0.352662 0.189198
vt 0.165347 0.189999
vt 0.147553 0.186857
vt 0.207416 0.192121
vt 0.142382 0.192091
vt 0.319981 0.192571
vt 0.155354 0.192909
vt 0.353097 0.193902
vt 0.362633 0.191770
vt 0.361544 0.187957
vt 0.270497 0.193641
vt 0.131327 0.188763
vt 0.129925 0.193902
vt 0.124031 0.190007
vt 0.130538 0.185047
vt 0.207447 0.184433
vt 0.146784 0.184396
vt 0.263931 0.184146
vt 0.121627 0.185759
vt 0.117543 0.191333
vt 0.109253 0.188229
vt 0.278139 0.584389
vt 0.294978 0.588047
vt 0.272894 0.587385
vt 0.259400 0.584607
vt 0.255025 0.587669
vt 0.239304 0.585651
vt 0.236177 0.588562
vt 0.217100 0.585721
vt 0.307000 0.584329
vt 0.238020 0.582625
vt 0.237143 0.579528
vt 0.259556 0.579608
vt 0.275922 0.579583
vt 0.203068 0.589652
vt 0.316735 0.587908
vt 0.331679 0.583086
vt 0.367940 0.587262
vt 0.359750 0.590888
vt 0.310815 0.590552
vt 0.209933 0.592618
vt 0.191131 0.593177
vt 0.284149 0.590469
vt 0.237761 0.591733
vt 0.260862 0.591121
vt 0.203028 0.595319
vt 0.181265 0.595891
vt 0.173923 0.593584
vt 0.314980 0.593240
vt 0.346560 0.594590
vt 0.377730 0.593438
vt 0.381128 0.590027
vt 0.290340 0.596157
vt 0.367862 0.597294
vt 0.378793 0.598365
vt 0.388694 0.595186
vt 0.389041 0.599986
vt 0.387921 0.589136
vt 0.192119 0.598357
vt 0.175465 0.599362
vt 0.220882 0.597561
vt 0.171758 0.596452
vt 0.167956 0.601847
vt 0.262071 0.596442
vt 0.343418 0.600032
vt 0.392796 0.605285
vt 0.395330 0.595019
vt 0.397149 0.598645
vt 0.175197 0.603661
vt 0.183145 0.605285
vt 0.391736 0.591285
vt 0.393935 0.587844
vt 0.184496 0.589089
vt 0.166191 0.594950
vt 0.160566 0.599831
vt 0.171004 0.590977
vt 0.201456 0.585560
vt 0.304513 0.579268
vt 0.150497 0.592924
vt 0.380844 0.585295
vt 0.151215 0.597273
vt 0.218534 0.579775
vt 0.369097 0.581258
vt 0.381331 0.580487
vt 0.144128 0.594929
vt 0.401341 0.590880
vt 0.403203 0.596648
vt 0.400149 0.586057
vt 0.076313 0.777093
vt 0.062278 0.778455
vt 0.076257 0.773577
vt 0.121352 0.778455
vt 0.632279 0.533768
vt 0.641563 0.537581
vt 0.626733 0.538385
vt 0.653377 0.533084
vt 0.654362 0.536875
vt 0.621806 0.535706
vt 0.600733 0.537271
vt 0.600475 0.533374
vt 0.593748 0.535621
vt 0.622043 0.530405
vt 0.600367 0.527769
vt 0.629908 0.530318
vt 0.589694 0.528598
vt 0.646041 0.528335
vt 0.662612 0.526808
vt 0.662954 0.532013
vt 0.695912 0.537892
vt 0.691731 0.530474
vt 0.715994 0.532620
vt 0.596066 0.521424
vt 0.606736 0.520732
vt 0.745843 0.543389
vt 0.773157 0.540332
vt 0.626324 0.521951
vt 0.647204 0.521163
vt 0.811620 0.546004
vt 0.812836 0.551099
vt 0.862103 0.558586
vt 0.871758 0.554054
vt 0.875216 0.560569
vt 0.887851 0.558442
vt 0.888732 0.552084
vt 0.842315 0.546854
vt 0.809282 0.553297
vt 0.785433 0.551666
vt 0.902618 0.552103
vt 0.904270 0.544412
vt 0.580766 0.524917
vt 0.580851 0.530861
vt 0.568551 0.531945
vt 0.571686 0.536740
vt 0.587092 0.535297
vt 0.581621 0.539208
vt 0.576989 0.543923
vt 0.566066 0.544540
vt 0.569781 0.547496
vt 0.564057 0.560569
vt 0.752383 0.757867
vt 0.750245 0.749790
vt 0.747801 0.753052
vt 0.746843 0.738814
vt 0.751704 0.719537
vt 0.749332 0.717067
vt 0.744485 0.750093
vt 0.744128 0.762607
vt 0.751777 0.702383
vt 0.747760 0.702027
vt 0.748493 0.688359
vt 0.751606 0.687489
vt 0.752693 0.677293
vt 0.749653 0.764030
vt 0.748816 0.669539
vt 0.752609 0.637488
vt 0.751692 0.604076
vt 0.754093 0.599167
vt 0.752414 0.575203
vt 0.754093 0.765447
vt 0.032321 0.633150
vt 0.032205 0.614608
vt 0.028713 0.633744
vt 0.029312 0.613232
vt 0.034978 0.683101
vt 0.037007 0.661249
vt 0.031938 0.660940
vt 0.033422 0.646617
vt 0.029558 0.683984
vt 0.033371 0.694485
vt 0.031047 0.700476
vt 0.025413 0.640994
vt 0.024036 0.622403
vt 0.027514 0.662608
vt 0.035734 0.706603
vt 0.027083 0.570899
vt 0.031972 0.564583
vt 0.028262 0.529783
vt 0.033993 0.505911
vt 0.022478 0.541403
vt 0.018906 0.618798
vt 0.022968 0.502730
vt 0.029525 0.493647
vt 0.026382 0.452444
vt 0.013290 0.611006
vt 0.011744 0.652659
vt 0.032665 0.439844
vt 0.027640 0.419169
vt 0.029154 0.384573
vt 0.034870 0.379013
vt 0.029017 0.371316
vt 0.015618 0.538351
vt 0.017180 0.482591
vt 0.019841 0.393607
vt 0.021119 0.657672
vt 0.022666 0.689775
vt 0.011860 0.693605
vt 0.031924 0.360559
vt 0.023855 0.362302
vt 0.020851 0.370854
vt 0.020672 0.707501
vt 0.026166 0.701770
vt 0.030553 0.714511
vt 0.026696 0.351751
vt 0.038555 0.396386
vt 0.037149 0.457701
vt 0.019313 0.351017
vt 0.037251 0.367573
vt 0.030173 0.724797
vt 0.037409 0.724377
vt 0.021321 0.345385
vt 0.037390 0.714664
vt 0.011762 0.345329
vt 0.043060 0.721780
vt 0.032819 0.352301
vt 0.028220 0.345368
vt 0.022558 0.339845
vt 0.041114 0.713817
vt 0.033031 0.346296
vt 0.026466 0.339046
vt 0.016874 0.332114
vt 0.040589 0.456706
vt 0.043060 0.387633
vt 0.040004 0.384243
vt 0.037239 0.521054
vt 0.036270 0.549711
vt 0.041236 0.369127
vt 0.038358 0.359335
vt 0.440151 0.166762
vt 0.435484 0.157112
vt 0.441710 0.156210
vt 0.443799 0.168901
vt 0.431843 0.147107
vt 0.433852 0.144199
vt 0.425354 0.135969
vt 0.440403 0.147605
vt 0.447698 0.156527
vt 0.419006 0.134726
vt 0.448738 0.168941
vt 0.454859 0.168605
vt 0.445439 0.186263
vt 0.450436 0.185418
vt 0.451777 0.202648
vt 0.444440 0.208297
vt 0.441313 0.178078
vt 0.440710 0.195987
vt 0.436950 0.237886
vt 0.439778 0.257389
vt 0.435823 0.274944
vt 0.431467 0.346866
vt 0.436178 0.333763
vt 0.429808 0.411886
vt 0.425946 0.426266
vt 0.430078 0.428453
vt 0.424156 0.433828
vt 0.433981 0.273246
vt 0.427226 0.373719
vt 0.423811 0.426490
vt 0.010322 0.014732
vt 0.015317 0.015942
vt 0.009336 0.026383
vt 0.017207 0.009166
vt 0.003779 0.029508
vt 0.005170 0.021304
vt 0.003282 0.039820
vt 0.015727 0.023015
vt 0.023425 0.007180
vt 0.025287 0.011486
vt 0.033455 0.001728
vt 0.042858 0.002405
vt 0.032538 0.012888
vt 0.047398 0.006183
vt 0.055242 0.000428
vt 0.067150 0.006669
vt 0.068230 0.002043
vt 0.103301 0.006354
vt 0.078669 0.000407
vt 0.092348 0.479519
vt 0.093532 0.473050
vt 0.098694 0.471551
vt 0.095122 0.481230
vt 0.091642 0.490803
vt 0.099898 0.479130
vt 0.096571 0.491496
vt 0.105090 0.469684
vt 0.102647 0.465097
vt 0.109714 0.470811
vt 0.102400 0.491613
vt 0.103769 0.480962
vt 0.111395 0.462511
vt 0.120670 0.462992
vt 0.098988 0.501600
vt 0.094156 0.500266
vt 0.125783 0.456522
vt 0.131218 0.461167
vt 0.138339 0.456883
vt 0.138778 0.452495
vt 0.171054 0.457887
vt 0.170517 0.455160
vt 0.120447 0.454466
vt 0.161288 0.451616
vt 0.112165 0.458203
vt 0.129768 0.450485
vt 0.142358 0.449102
vt 0.000356 0.050864
vt 0.004594 0.049873
vt 0.002240 0.060917
vt 0.006474 0.065190
vt 0.009626 0.050480
vt 0.011115 0.062256
vt 0.012368 0.034162
vt 0.016126 0.048168
vt 0.020534 0.026004
vt 0.016991 0.062675
vt 0.013963 0.074662
vt 0.006996 0.075749
vt 0.010156 0.848372
vt 0.013330 0.838422
vt 0.015834 0.839726
vt 0.013740 0.849453
vt 0.011289 0.858048
vt 0.018682 0.828135
vt 0.015580 0.827282
vt 0.008539 0.858073
vt 0.010945 0.869129
vt 0.013781 0.869963
vt 0.014687 0.860841
vt 0.019304 0.843366
vt 0.023083 0.831684
vt 0.017871 0.866276
vt 0.020687 0.877339
vt 0.016376 0.878545
vt 0.029799 0.834643
vt 0.025992 0.887963
vt 0.021928 0.889364
vt 0.024474 0.821269
vt 0.027624 0.826701
vt 0.031295 0.820037
vt 0.029257 0.896486
vt 0.016371 0.884044
vt 0.072396 0.817449
vt 0.082700 0.819445
vt 0.081043 0.822072
vt 0.092865 0.823238
vt 0.064318 0.821497
vt 0.056802 0.814107
vt 0.051030 0.816281
vt 0.086850 0.828632
vt 0.054406 0.821363
vt 0.043863 0.821180
vt 0.041073 0.816645
vt 0.034102 0.824133
vt 0.040710 0.812968
vt 0.030478 0.815679
vt 0.224331 0.817940
vt 0.335314 0.816101
vt 0.227562 0.819833
vt 0.302496 0.820369
vt 0.377887 0.819049
vt 0.343805 0.819832
vt 0.193671 0.819381
vt 0.189382 0.823736
vt 0.170100 0.823948
vt 0.163170 0.820249
vt 0.148521 0.824337
vt 0.231743 0.822725
vt 0.128056 0.822675
vt 0.120142 0.826829
vt 0.104080 0.824352
vt 0.103380 0.827645
vt 0.375341 0.824675
vt 0.390343 0.820225
vt 0.127316 0.831965
vt 0.158859 0.830462
vt 0.193606 0.829475
vt 0.325290 0.825849
vt 0.233532 0.827340
vt 0.108216 0.833691
vt 0.095790 0.832178
vt 0.384616 0.828782
vt 0.370478 0.831311
vt 0.396166 0.825025
vt 0.278588 0.831225
vt 0.397117 0.817074
vt 0.335856 0.831190
vt 0.137900 0.839584
vt 0.088896 0.837453
vt 0.107444 0.841527
vt 0.204893 0.836926
vt 0.073627 0.831067
vt 0.059883 0.827435
vt 0.043824 0.827529
vt 0.407521 0.816944
vt 0.403507 0.813308
vt 0.413336 0.809487
vt 0.394883 0.813907
vt 0.409039 0.808131
vt 0.415579 0.800418
vt 0.423987 0.797192
vt 0.420523 0.794039
vt 0.424407 0.786921
vt 0.406150 0.806856
vt 0.343128 0.492556
vt 0.305095 0.490972
vt 0.339219 0.483307
vt 0.262407 0.493883
vt 0.251356 0.482139
vt 0.268425 0.473613
vt 0.305311 0.474018
vt 0.344870 0.473827
vt 0.382523 0.491307
vt 0.403207 0.483413
vt 0.374464 0.474318
vt 0.408011 0.474054
vt 0.413619 0.490712
vt 0.431907 0.471394
vt 0.439438 0.479638
vt 0.435221 0.491605
vt 0.457085 0.489925
vt 0.449552 0.467324
vt 0.454960 0.510132
vt 0.437292 0.509924
vt 0.414695 0.505146
vt 0.455550 0.525315
vt 0.230228 0.493578
vt 0.185618 0.494790
vt 0.231009 0.473974
vt 0.174356 0.482778
vt 0.146818 0.492872
vt 0.125484 0.481200
vt 0.136787 0.468770
vt 0.174938 0.472625
vt 0.124892 0.468510
vt 0.113915 0.471791
vt 0.109806 0.482626
vt 0.112638 0.493307
vt 0.379440 0.500697
vt 0.447979 0.454997
vt 0.463662 0.475279
vt 0.467361 0.453130
vt 0.328290 0.496983
vt 0.348737 0.501215
vt 0.465827 0.518766
vt 0.429942 0.519088
vt 0.141594 0.505163
vt 0.122070 0.505149
vt 0.218222 0.505058
vt 0.266358 0.505292
vt 0.365404 0.505136
vt 0.401063 0.507687
vt 0.469162 0.537873
vt 0.467660 0.427401
vt 0.453765 0.427676
vt 0.477466 0.432703
vt 0.477649 0.407658
vt 0.468036 0.402844
vt 0.455160 0.407889
vt 0.478094 0.384250
vt 0.480703 0.335538
vt 0.474813 0.296279
vt 0.483811 0.289953
vt 0.486382 0.244527
vt 0.478456 0.245899
vt 0.489338 0.206835
vt 0.480744 0.208994
vt 0.482937 0.175811
vt 0.493146 0.173341
vt 0.493218 0.115665
vt 0.485057 0.126374
vt 0.470572 0.140525
vt 0.453334 0.106194
vt 0.466785 0.093803
vt 0.492794 0.097899
vt 0.424849 0.099461
vt 0.422354 0.086720
vt 0.392183 0.095279
vt 0.337664 0.075851
vt 0.330650 0.086689
vt 0.291964 0.080798
vt 0.287324 0.093014
vt 0.254634 0.086968
vt 0.323459 0.098101
vt 0.391371 0.107672
vt 0.439066 0.116542
vt 0.444724 0.130172
vt 0.253953 0.075091
vt 0.208212 0.080200
vt 0.213267 0.067550
vt 0.153912 0.072351
vt 0.481097 0.082544
vt 0.436031 0.076115
vt 0.275851 0.066172
vt 0.171322 0.060117
vt 0.100385 0.064902
vt 0.112959 0.049260
vt 0.077244 0.038213
vt 0.059425 0.040223
vt 0.052099 0.054740
vt 0.038772 0.041995
vt 0.041442 0.026198
vt 0.056058 0.026282
vt 0.068068 0.069583
vt 0.103122 0.074127
vt 0.089774 0.019594
vt 0.035636 0.066963
vt 0.025635 0.049423
vt 0.028650 0.029290
vt 0.052742 0.013033
vt 0.135428 0.034149
vt 0.399059 0.120668
vt 0.455627 0.141507
vt 0.463350 0.153427
vt 0.472261 0.168011
vt 0.471309 0.194405
vt 0.024683 0.062375
vt 0.501138 0.132471
vt 0.467895 0.243926
vt 0.464135 0.288710
vt 0.459748 0.359700
vt 0.386707 0.069306
vt 0.339092 0.064755
vt 0.173931 0.041516
vt 0.217647 0.043212
vt 0.266745 0.053231
vt 0.149886 0.023549
vt 0.120114 0.017201
vt 0.202281 0.029108
vt 0.169956 0.084773
vt 0.231717 0.035886
vt 0.494208 0.085246
vt 0.503566 0.099572
vt 0.504187 0.110940
vt 0.039791 0.015055
vt 0.277574 0.043071
vt 0.212020 0.091140
vt 0.244785 0.095564
vt 0.272453 0.101197
vt 0.044867 0.074974
vt 0.075012 0.078137
vt 0.329230 0.504583
vt 0.320964 0.108865
vt 0.479486 0.451896
vt 0.472562 0.462356
vt 0.473000 0.492645
vt 0.448527 0.539336
vt 0.433718 0.536445
vt 0.105007 0.011775
vt 0.151833 0.018118
vt 0.463484 0.555608
vt 0.473583 0.580335
vt 0.464139 0.584607
vt 0.472871 0.596446
vt 0.470237 0.617348
vt 0.462247 0.611071
vt 0.469533 0.637575
vt 0.459812 0.658630
vt 0.459108 0.639284
vt 0.450903 0.593680
vt 0.450636 0.639437
vt 0.458604 0.728296
vt 0.449134 0.728789
vt 0.448558 0.763050
vt 0.457910 0.768669
vt 0.444306 0.800094
vt 0.458640 0.796600
vt 0.447213 0.817226
vt 0.462728 0.845848
vt 0.460603 0.867747
vt 0.427728 0.867734
vt 0.433405 0.838812
vt 0.417235 0.842499
vt 0.402581 0.866209
vt 0.413569 0.883192
vt 0.455802 0.885005
vt 0.378000 0.859335
vt 0.373301 0.847371
vt 0.367400 0.869242
vt 0.355967 0.858513
vt 0.332536 0.870107
vt 0.312600 0.846882
vt 0.281898 0.855731
vt 0.219647 0.847835
vt 0.229861 0.856793
vt 0.193774 0.858966
vt 0.225115 0.868588
vt 0.192480 0.876937
vt 0.142682 0.870476
vt 0.282393 0.869059
vt 0.126660 0.859981
vt 0.089693 0.870668
vt 0.081678 0.856793
vt 0.054253 0.854506
vt 0.058650 0.846717
vt 0.035138 0.848191
vt 0.048174 0.837140
vt 0.140670 0.848815
vt 0.112395 0.850943
vt 0.085578 0.848954
vt 0.360154 0.882087
vt 0.419171 0.828324
vt 0.032204 0.859859
vt 0.424539 0.811544
vt 0.319464 0.882447
vt 0.289260 0.879782
vt 0.242491 0.880318
vt 0.275129 0.885885
vt 0.219571 0.884178
vt 0.072849 0.874774
vt 0.036673 0.874244
vt 0.044087 0.885704
vt 0.472956 0.846143
vt 0.467081 0.768287
vt 0.468162 0.807411
vt 0.123424 0.878304
vt 0.063800 0.836725
vt 0.425684 0.895450
vt 0.445586 0.894016
vt 0.385820 0.890350
vt 0.388307 0.838614
vt 0.370196 0.837826
vt 0.280917 0.840112
vt 0.470928 0.871482
vt 0.035136 0.838300
vt 0.351542 0.893424
vt 0.311566 0.894435
vt 0.284445 0.894885
vt 0.220149 0.895082
vt 0.190623 0.894001
vt 0.143950 0.890737
vt 0.091957 0.895280
vt 0.061629 0.894968
vt 0.468343 0.688680
vt 0.467161 0.731486
vt 0.467725 0.717641
vt 0.236271 0.839261
vt 0.471139 0.882977
vt 0.402323 0.831308
vt 0.026041 0.872003
vt 0.468731 0.660249
vt 0.081204 0.840387
vt 0.053106 0.831934
vt 0.033284 0.886899
vt 0.044985 0.895196
vt 0.460033 0.894046
vt 0.023428 0.859885
vt 0.114491 0.507759
vt 0.412413 0.518796
vt 0.446986 0.671173
vt 0.023648 0.847815
vt 0.133723 0.896978
vt 0.448979 0.563808
vt 0.424950 0.461720
vt 0.477899 0.864505
vt 0.490733 0.273937
vt 0.462638 0.169437
vt 0.464374 0.194299
vt 0.472119 0.815507
vt 0.474379 0.480123
vt 0.478083 0.465197
vt 0.487451 0.462610
vt 0.443544 0.144003
vt 0.456699 0.158125
vt 0.428271 0.134400
vt 0.332926 0.052361
vt 0.359449 0.054953
vt 0.401537 0.063601
vt 0.447097 0.066667
vt 0.478839 0.069788
vt 0.475420 0.512216
vt 0.504293 0.085264
vt 0.486072 0.444212
vt 0.486142 0.341922
vt 0.487643 0.389703
vt 0.448214 0.897427
vt 0.441754 0.559120
vt 0.436782 0.571525
vt 0.437925 0.592094
vt 0.022946 0.071792
vt 0.038241 0.079796
vt 0.425466 0.804186
vt 0.436548 0.796504
vt 0.443976 0.781882
vt 0.437656 0.764173
vt 0.434972 0.782711
vt 0.439233 0.741931
vt 0.438275 0.679088
vt 0.439224 0.631969
vt 0.486322 0.410453
vt 0.486099 0.429428
vt 0.496975 0.208167
vt 0.426119 0.531936
vt 0.478493 0.845058
vt 0.053883 0.900117
vt 0.479754 0.601346
vt 0.477230 0.617411
vt 0.479834 0.628989
vt 0.481467 0.561397
vt 0.477396 0.555464
vt 0.483626 0.542474
vt 0.480091 0.537293
vt 0.485858 0.528008
vt 0.105566 0.500980
vt 0.037725 0.896977
vt 0.495011 0.074428
vt 0.324858 0.837468
vt 0.408173 0.465216
vt 0.444389 0.443410
vt 0.433899 0.453513
vt 0.502079 0.170608
vt 0.427035 0.896632
vt 0.402200 0.461352
vt 0.373301 0.463696
vt 0.346041 0.463840
vt 0.179419 0.463505
vt 0.457107 0.257946
vt 0.452167 0.354973
vt 0.485745 0.510965
vt 0.488674 0.508864
vt 0.486416 0.494174
vt 0.488825 0.482304
vt 0.236541 0.463925
vt 0.311895 0.464061
vt 0.270042 0.463708
vt 0.363214 0.897254
vt 0.396380 0.896648
vt 0.489495 0.475488
vt 0.235119 0.030695
vt 0.475022 0.793625
vt 0.298520 0.898094
vt 0.445220 0.403595
vt 0.441805 0.426189
vt 0.431861 0.556776
vt 0.424482 0.539931
vt 0.429059 0.792024
vt 0.190140 0.899962
vt 0.224402 0.899527
vt 0.476417 0.662761
vt 0.490466 0.486204
vt 0.510219 0.114302
vt 0.507058 0.142880
vt 0.490708 0.347247
vt 0.439300 0.437875
vt 0.432566 0.444408
vt 0.447067 0.363355
vt 0.510831 0.102031
vt 0.472761 0.722778
vt 0.474247 0.748718
vt 0.496261 0.265920
vt 0.508057 0.089420
vt 0.475062 0.683575
vt 0.203426 0.023839
vt 0.455768 0.242772
vt 0.457728 0.193437
vt 0.395566 0.057299
vt 0.418527 0.454963
vt 0.275248 0.037475
vt 0.330705 0.046641
vt 0.431503 0.639021
vt 0.430866 0.593165
vt 0.137589 0.900510
vt 0.432344 0.685920
vt 0.431299 0.753085
vt 0.477429 0.714435
vt 0.427058 0.778355
vt 0.438128 0.403963
vt 0.477843 0.812284
vt 0.146697 0.013563
vt 0.436853 0.426717
vt 0.501629 0.210041
vt 0.444009 0.331899
vt 0.427952 0.572928
vt 0.320564 0.900695
vt 0.423901 0.679767
vt 0.424523 0.718745
vt 0.468468 0.893728
vt 0.448669 0.249497
vt 0.424528 0.640028
vt 0.481831 0.836337
vt 0.425001 0.597657
vt 0.477495 0.883348
vt 0.481131 0.869726
vt 0.281484 0.900333
vt 0.425300 0.756769
vt 0.366858 0.457484
vt 0.490204 0.459710
vt 0.343788 0.457595
vt 0.353701 0.900752
vt 0.506987 0.169560
vt 0.364273 0.048219
vt 0.426544 0.058994
vt 0.481611 0.578402
vt 0.485310 0.545857
vt 0.242104 0.456850
vt 0.282251 0.456882
vt 0.484132 0.857967
vt 0.479466 0.674442
vt 0.480988 0.649485
vt 0.302406 0.457176
vt 0.431751 0.436755
vt 0.421236 0.900571
vt 0.491109 0.442093
vt 0.394743 0.900858
vt 0.502232 0.073421
vt 0.400144 0.453282
vt 0.412432 0.451109
vt 0.440994 0.273211
vt 0.477574 0.741155
vt 0.460756 0.899634
vt 0.446013 0.902051
vt 0.431374 0.903267
vt 0.432424 0.409977
vt 0.422478 0.557496
vt 0.488444 0.065530
vt 0.492533 0.429600
vt 0.470906 0.062192
vt 0.250384 0.028808
vt 0.419600 0.447455
vt 0.428091 0.438292
vt 0.229260 0.903814
vt 0.494243 0.411874
vt 0.495929 0.382092
vt 0.420047 0.657407
vt 0.422474 0.570062
vt 0.312806 0.903679
vt 0.419580 0.689255
vt 0.511517 0.085715
vt 0.107704 0.904203
vt 0.178238 0.903922
vt 0.500555 0.267892
vt 0.482634 0.598559
vt 0.480426 0.795128
vt 0.421456 0.735493
vt 0.422022 0.767716
vt 0.499451 0.333966
vt 0.056489 0.905285
vt 0.334781 0.042319
vt 0.196364 0.019795
vt 0.514937 0.101694
vt 0.515658 0.113676
vt 0.038769 0.901821
vt 0.440663 0.057802
vt 0.514838 0.132089
vt 0.123868 0.007761
vt 0.483492 0.817884
vt 0.485815 0.841451
vt 0.511848 0.175297
vt 0.365413 0.451659
vt 0.341526 0.451984
vt 0.485645 0.870639
vt 0.482622 0.881523
vt 0.505511 0.261393
vt 0.473004 0.896169
vt 0.478520 0.889691
vt 0.481605 0.729258
vt 0.348190 0.905285
vt 0.373038 0.047330
vt 0.467418 0.900187
vt 0.046612 0.905163
vt 0.298983 0.451779
vt 0.411178 0.051915
vt 0.280119 0.451602
vt 0.245900 0.451517
vt 0.188373 0.451317
vt 0.497676 0.064647
vt 0.510791 0.075023
vt 0.410712 0.447707
vt 0.393300 0.449006
vt 0.417885 0.441882
vt 0.422855 0.440522
vt 0.359426 0.448215
vt 0.389480 0.447737
vt 0.259575 0.448895
vt 0.296307 0.449083
vt 0.223536 0.448950
vt 0.907863 0.941995
vt 0.900512 0.936456
vt 0.909450 0.937756
vt 0.897590 0.941595
vt 0.916449 0.944044
vt 0.911244 0.947503
vt 0.898642 0.946427
vt 0.888409 0.946783
vt 0.905203 0.951288
vt 0.888175 0.940722
vt 0.926335 0.953252
vt 0.891339 0.953252
vt 0.922919 0.946148
vt 0.880566 0.943809
vt 0.880841 0.949903
vt 0.873665 0.947818
vt 0.875029 0.942699
vt 0.880039 0.939403
vt 0.889467 0.936179
vt 0.353210 0.996251
vt 0.357530 0.993602
vt 0.363666 0.998116
vt 0.370421 0.995359
vt 0.364627 0.991584
vt 0.348772 0.990594
vt 0.378443 0.992627
vt 0.356353 0.986756
vt 0.347762 0.984152
vt 0.352631 0.977445
vt 0.344588 0.989536
vt 0.339963 0.982964
vt 0.338166 0.987004
vt 0.345524 0.994698
vt 0.337722 0.990745
vt 0.380139 0.999593
vt 0.738860 0.975608
vt 0.745114 0.978540
vt 0.747190 0.983306
vt 0.735072 0.977336
vt 0.751127 0.982562
vt 0.756137 0.987389
vt 0.731117 0.973836
vt 0.717694 0.974355
vt 0.745418 0.972446
vt 0.758103 0.982258
vt 0.759906 0.993654
vt 0.733435 0.968957
vt 0.721530 0.970719
vt 0.767129 0.995564
vt 0.766073 0.999593
vt 0.389169 0.986226
vt 0.396444 0.989414
vt 0.406126 0.985271
vt 0.408901 0.979846
vt 0.417024 0.982525
vt 0.375587 0.985815
vt 0.364610 0.986138
vt 0.389851 0.979961
vt 0.411249 0.973558
vt 0.421409 0.977642
vt 0.429018 0.970644
vt 0.429946 0.976852
vt 0.376111 0.976353
vt 0.361479 0.978798
vt 0.459765 0.976305
vt 0.473999 0.971916
vt 0.485881 0.977708
vt 0.417224 0.963017
vt 0.433323 0.962980
vt 0.471506 0.967098
vt 0.364056 0.971725
vt 0.401294 0.967969
vt 0.516052 0.969994
vt 0.533623 0.962765
vt 0.491507 0.960063
vt 0.376214 0.966392
vt 0.547625 0.969136
vt 0.355858 0.968748
vt 0.537925 0.974717
vt 0.363915 0.962654
vt 0.565522 0.956213
vt 0.605010 0.963522
vt 0.582238 0.968710
vt 0.523176 0.958192
vt 0.642220 0.965179
vt 0.592349 0.974082
vt 0.648385 0.971755
vt 0.696220 0.968904
vt 0.697465 0.961754
vt 0.663777 0.960855
vt 0.620112 0.954125
vt 0.720799 0.964653
vt 0.695751 0.951378
vt 0.437775 0.957832
vt 0.399598 0.959803
vt 0.727270 0.948375
vt 0.731719 0.962567
vt 0.742868 0.951209
vt 0.742968 0.963950
vt 0.735484 0.940649
vt 0.714919 0.940257
vt 0.754728 0.948936
vt 0.417738 0.951104
vt 0.710428 0.931301
vt 0.744261 0.932340
vt 0.369832 0.954123
vt 0.752506 0.967117
vt 0.766901 0.936670
vt 0.396516 0.951846
vt 0.353752 0.955391
vt 0.766099 0.955700
vt 0.783986 0.952511
vt 0.760166 0.973406
vt 0.347648 0.967819
vt 0.774642 0.964896
vt 0.768767 0.986658
vt 0.344238 0.957054
vt 0.698632 0.971249
vt 0.548830 0.977814
vt 0.662632 0.973393
vt 0.604443 0.975958
vt 0.429170 0.980879
vt 0.680482 0.655586
vt 0.672998 0.652126
vt 0.678663 0.659460
vt 0.673942 0.646873
vt 0.684651 0.663133
vt 0.680436 0.650154
vt 0.686563 0.656578
vt 0.690036 0.663821
vt 0.675783 0.642374
vt 0.667890 0.637107
vt 0.683129 0.644527
vt 0.670002 0.631334
vt 0.675984 0.635264
vt 0.688871 0.646887
vt 0.682236 0.633172
vt 0.665703 0.639409
vt 0.662864 0.629983
vt 0.663708 0.620444
vt 0.658200 0.620198
vt 0.658007 0.610221
vt 0.662492 0.603599
vt 0.658867 0.602181
vt 0.663231 0.593988
vt 0.669493 0.618633
vt 0.666053 0.604852
vt 0.672331 0.608327
vt 0.675653 0.621164
vt 0.671873 0.597300
vt 0.679971 0.605206
vt 0.681712 0.620196
vt 0.677958 0.593107
vt 0.671047 0.589974
vt 0.680373 0.582322
vt 0.666330 0.587068
vt 0.677784 0.574027
vt 0.671655 0.576358
vt 0.687341 0.568504
vt 0.683053 0.564285
vt 0.690036 0.554878
vt 0.114452 0.217978
vt 0.115284 0.214648
vt 0.123510 0.213415
vt 0.128272 0.215383
vt 0.117106 0.220699
vt 0.127209 0.220067
vt 0.137552 0.219955
vt 0.137463 0.216341
vt 0.105271 0.223229
vt 0.116748 0.225262
vt 0.107538 0.229089
vt 0.128573 0.224758
vt 0.138104 0.225469
vt 0.119239 0.232340
vt 0.128361 0.231523
vt 0.141522 0.228708
vt 0.136079 0.234625
vt 0.149256 0.226161
vt 0.149484 0.219646
vt 0.152069 0.233835
vt 0.146117 0.237466
vt 0.156614 0.229393
vt 0.159931 0.244209
vt 0.164913 0.241233
vt 0.181139 0.258130
vt 0.099251 0.232719
vt 0.096947 0.226420
vt 0.091217 0.233238
vt 0.091972 0.239910
vt 0.082185 0.240147
vt 0.084671 0.243627
vt 0.088447 0.231022
vt 0.101197 0.240594
vt 0.110163 0.238276
vt 0.087342 0.248627
vt 0.095143 0.252536
vt 0.104268 0.247882
vt 0.081495 0.251764
vt 0.121170 0.241976
vt 0.114469 0.249366
vt 0.086721 0.258130
vt 0.130131 0.240671
vt 0.738903 0.110804
vt 0.738636 0.108782
vt 0.724827 0.108444
vt 0.755889 0.111639
vt 0.749447 0.109530
vt 0.569517 0.099055
vt 0.536752 0.101735
vt 0.567871 0.104004
vt 0.543125 0.104176
vt 0.576993 0.102707
vt 0.594098 0.099248
vt 0.603497 0.101700
vt 0.538328 0.096300
vt 0.526484 0.094868
vt 0.526511 0.101450
vt 0.594551 0.096428
vt 0.627094 0.097410
vt 0.622099 0.099739
vt 0.682759 0.104383
vt 0.679494 0.100070
vt 0.701016 0.100966
vt 0.701575 0.106628
vt 0.709374 0.106983
vt 0.520416 0.097071
vt 0.567536 0.093933
vt 0.718512 0.101477
vt 0.718568 0.107981
vt 0.747433 0.104190
vt 0.762296 0.106661
vt 0.766341 0.112870
vt 0.782648 0.108893
vt 0.801473 0.115234
vt 0.799430 0.108829
vt 0.825379 0.116574
vt 0.680805 0.094201
vt 0.702602 0.092444
vt 0.740232 0.095406
vt 0.723248 0.094556
vt 0.757306 0.096614
vt 0.628629 0.090710
vt 0.599477 0.091058
vt 0.532693 0.087704
vt 0.769252 0.103248
vt 0.805257 0.098017
vt 0.551050 0.087092
vt 0.519829 0.086931
vt 0.832712 0.107650
vt 0.838937 0.113951
vt 0.878255 0.118095
vt 0.876749 0.111449
vt 0.920690 0.116617
vt 0.916809 0.123088
vt 0.690758 0.087501
vt 0.665262 0.084223
vt 0.614340 0.081040
vt 0.925470 0.108496
vt 0.595060 0.082612
vt 0.830814 0.097482
vt 0.882598 0.102496
vt 0.732500 0.089819
vt 0.756458 0.092185
vt 0.928247 0.123632
vt 0.536319 0.079997
vt 0.523896 0.079327
vt 0.939590 0.113997
vt 0.805627 0.090682
vt 0.932405 0.099630
vt 0.845163 0.091876
vt 0.894388 0.096035
vt 0.756277 0.084204
vt 0.736238 0.084063
vt 0.687014 0.079801
vt 0.621163 0.072896
vt 0.591636 0.075204
vt 0.537294 0.068375
vt 0.527065 0.065922
vt 0.933946 0.127337
vt 0.512811 0.074537
vt 0.520196 0.068514
vt 0.946157 0.121654
vt 0.513946 0.085965
vt 0.652660 0.105063
vt 0.618054 0.103275
vt 0.686504 0.106938
vt 0.669671 0.108820
vt 0.688972 0.109825
vt 0.701470 0.111261
vt 0.710382 0.111792
vt 0.619839 0.105972
vt 0.601808 0.106158
vt 0.720490 0.111755
vt 0.729204 0.112936
vt 0.577115 0.106833
vt 0.546722 0.107528
vt 0.744778 0.113956
vt 0.760518 0.115938
vt 0.802934 0.120075
vt 0.840876 0.120694
vt 0.532090 0.105988
vt 0.521911 0.104586
vt 0.875675 0.127101
vt 0.879677 0.124840
vt 0.899545 0.128889
vt 0.896923 0.123647
vt 0.912522 0.128750
vt 0.914125 0.132848
vt 0.918713 0.130275
vt 0.922300 0.135149
vt 0.926889 0.132997
vt 0.925290 0.138293
vt 0.916650 0.137491
vt 0.900704 0.134144
vt 0.795465 0.466308
vt 0.843578 0.465471
vt 0.825158 0.456374
vt 0.872795 0.457231
vt 0.908176 0.455984
vt 0.909468 0.465332
vt 0.929710 0.455068
vt 0.938830 0.467016
vt 0.938581 0.445977
vt 0.773880 0.457136
vt 0.754034 0.466053
vt 0.744220 0.456814
vt 0.691800 0.453987
vt 0.699942 0.466299
vt 0.668082 0.466516
vt 0.655936 0.456149
vt 0.872201 0.478218
vt 0.907472 0.477215
vt 0.663238 0.478770
vt 0.640542 0.481041
vt 0.635941 0.466439
vt 0.640809 0.458395
vt 0.631364 0.453362
vt 0.612579 0.467134
vt 0.618850 0.481441
vt 0.651180 0.451040
vt 0.679178 0.478537
vt 0.707456 0.476169
vt 0.744242 0.476226
vt 0.784092 0.476015
vt 0.822149 0.474895
vt 0.850165 0.475970
vt 0.936905 0.481131
vt 0.957245 0.482714
vt 0.948940 0.498508
vt 0.955319 0.463154
vt 0.968793 0.458301
vt 0.969821 0.502282
vt 0.958634 0.430344
vt 0.969019 0.425533
vt 0.968131 0.510076
vt 0.957105 0.517397
vt 0.641642 0.450680
vt 0.968060 0.554731
vt 0.956878 0.551163
vt 0.958916 0.407148
vt 0.956817 0.584490
vt 0.968052 0.588689
vt 0.957294 0.614327
vt 0.709349 0.448044
vt 0.741669 0.447416
vt 0.608870 0.454841
vt 0.968157 0.631001
vt 0.783467 0.447850
vt 0.977535 0.420897
vt 0.969608 0.348947
vt 0.978656 0.310961
vt 0.970083 0.263374
vt 0.978106 0.366015
vt 0.959127 0.350130
vt 0.979130 0.237191
vt 0.970595 0.224646
vt 0.959468 0.270489
vt 0.958449 0.187087
vt 0.970503 0.137517
vt 0.961028 0.132249
vt 0.969150 0.179807
vt 0.959477 0.219500
vt 0.978813 0.153265
vt 0.979535 0.126673
vt 0.600144 0.467165
vt 0.978101 0.456183
vt 0.970700 0.116201
vt 0.979328 0.084790
vt 0.960510 0.099655
vt 0.969587 0.085512
vt 0.941424 0.090695
vt 0.941114 0.079910
vt 0.936862 0.068241
vt 0.964595 0.071663
vt 0.896720 0.065269
vt 0.893568 0.076711
vt 0.867610 0.062681
vt 0.832550 0.070378
vt 0.827641 0.058607
vt 0.794509 0.066569
vt 0.796893 0.053390
vt 0.607227 0.053235
vt 0.658758 0.046021
vt 0.599832 0.041623
vt 0.653056 0.057064
vt 0.693520 0.059479
vt 0.735641 0.050771
vt 0.738604 0.062525
vt 0.577575 0.050416
vt 0.556432 0.040407
vt 0.662405 0.035199
vt 0.742815 0.043188
vt 0.820510 0.047438
vt 0.870381 0.052699
vt 0.896180 0.054948
vt 0.545616 0.049132
vt 0.540875 0.039587
vt 0.531389 0.047388
vt 0.540306 0.057678
vt 0.579674 0.059998
vt 0.601513 0.064666
vt 0.653377 0.068167
vt 0.688183 0.070316
vt 0.735415 0.070262
vt 0.523718 0.056419
vt 0.898486 0.087588
vt 0.844831 0.083187
vt 0.799811 0.078891
vt 0.599275 0.031082
vt 0.976515 0.072115
vt 0.956560 0.642311
vt 0.944249 0.647458
vt 0.955180 0.661294
vt 0.944363 0.668127
vt 0.956523 0.685625
vt 0.961562 0.668875
vt 0.975576 0.507412
vt 0.974884 0.547671
vt 0.549869 0.034951
vt 0.967358 0.715322
vt 0.960010 0.735485
vt 0.968420 0.745012
vt 0.960757 0.761475
vt 0.969499 0.769358
vt 0.962363 0.776620
vt 0.970340 0.801928
vt 0.961077 0.794053
vt 0.962157 0.805851
vt 0.968249 0.826971
vt 0.954838 0.807306
vt 0.607751 0.483182
vt 0.659032 0.448462
vt 0.689791 0.446291
vt 0.945391 0.691914
vt 0.601597 0.477281
vt 0.957500 0.823875
vt 0.960044 0.833660
vt 0.946559 0.835848
vt 0.956565 0.842093
vt 0.931082 0.845954
vt 0.970595 0.843048
vt 0.955026 0.853054
vt 0.929136 0.837749
vt 0.911858 0.839722
vt 0.963580 0.852647
vt 0.936337 0.057790
vt 0.944452 0.603150
vt 0.573590 0.068023
vt 0.971807 0.830630
vt 0.813832 0.448225
vt 0.876105 0.448084
vt 0.904875 0.447627
vt 0.920107 0.445551
vt 0.945497 0.854128
vt 0.934681 0.853286
vt 0.919895 0.857499
vt 0.900016 0.849669
vt 0.872168 0.851421
vt 0.870690 0.860874
vt 0.786751 0.863709
vt 0.773528 0.853054
vt 0.739773 0.863343
vt 0.737912 0.851921
vt 0.660176 0.853717
vt 0.667160 0.863397
vt 0.638003 0.863847
vt 0.620277 0.855020
vt 0.618035 0.864202
vt 0.630992 0.843615
vt 0.704003 0.840903
vt 0.677261 0.842065
vt 0.751244 0.847492
vt 0.727056 0.842307
vt 0.610836 0.843789
vt 0.754120 0.841203
vt 0.771109 0.842585
vt 0.811107 0.842386
vt 0.731519 0.871422
vt 0.859811 0.868366
vt 0.590116 0.854564
vt 0.694607 0.831433
vt 0.639875 0.833705
vt 0.592678 0.863388
vt 0.571349 0.862304
vt 0.589617 0.842918
vt 0.764569 0.828695
vt 0.743324 0.827540
vt 0.801905 0.839711
vt 0.801827 0.826606
vt 0.852823 0.826892
vt 0.854470 0.839293
vt 0.746008 0.835899
vt 0.706453 0.831907
vt 0.880109 0.832032
vt 0.894150 0.838611
vt 0.876205 0.838338
vt 0.862438 0.841129
vt 0.611186 0.833418
vt 0.672927 0.871893
vt 0.624453 0.872598
vt 0.809778 0.871984
vt 0.886100 0.868006
vt 0.569075 0.843115
vt 0.570489 0.852601
vt 0.559405 0.851817
vt 0.559227 0.842405
vt 0.552288 0.843004
vt 0.565425 0.831739
vt 0.887675 0.834166
vt 0.969530 0.669146
vt 0.550447 0.832246
vt 0.559341 0.824064
vt 0.710222 0.820198
vt 0.680357 0.820439
vt 0.529133 0.034047
vt 0.551528 0.852796
vt 0.976824 0.750285
vt 0.971975 0.713461
vt 0.977784 0.796743
vt 0.979339 0.506185
vt 0.590963 0.833326
vt 0.950067 0.823239
vt 0.977456 0.827627
vt 0.945917 0.719379
vt 0.675059 0.485680
vt 0.719676 0.483276
vt 0.540724 0.027928
vt 0.749440 0.037483
vt 0.714125 0.033525
vt 0.838318 0.871370
vt 0.950315 0.105665
vt 0.947694 0.429220
vt 0.560361 0.864014
vt 0.553794 0.860758
vt 0.941898 0.099233
vt 0.624090 0.448415
vt 0.919616 0.830704
vt 0.728276 0.075283
vt 0.584602 0.872533
vt 0.968305 0.061114
vt 0.750115 0.819338
vt 0.801539 0.817926
vt 0.872902 0.815979
vt 0.891496 0.825441
vt 0.940289 0.824185
vt 0.609260 0.024339
vt 0.976075 0.606111
vt 0.629422 0.490991
vt 0.657441 0.492485
vt 0.983913 0.416316
vt 0.985312 0.330025
vt 0.931292 0.858045
vt 0.936395 0.864697
vt 0.939642 0.867854
vt 0.911825 0.866280
vt 0.942438 0.865131
vt 0.988279 0.300782
vt 0.552694 0.020229
vt 0.640726 0.445621
vt 0.751074 0.484913
vt 0.904359 0.485558
vt 0.976662 0.644350
vt 0.638096 0.451974
vt 0.629901 0.826064
vt 0.516547 0.046621
vt 0.954166 0.741352
vt 0.951648 0.761287
vt 0.922527 0.491136
vt 0.931613 0.498260
vt 0.941759 0.507938
vt 0.945661 0.529296
vt 0.945617 0.549292
vt 0.986268 0.452368
vt 0.951595 0.252493
vt 0.596904 0.456985
vt 0.790721 0.036693
vt 0.934508 0.663289
vt 0.936558 0.675215
vt 0.794039 0.485228
vt 0.950134 0.335965
vt 0.985350 0.192049
vt 0.988347 0.237018
vt 0.816479 0.481871
vt 0.839059 0.484312
vt 0.976879 0.710450
vt 0.977351 0.675757
vt 0.610578 0.491993
vt 0.877990 0.493014
vt 0.976773 0.837742
vt 0.979209 0.847852
vt 0.973660 0.845833
vt 0.975132 0.851493
vt 0.969608 0.848559
vt 0.967840 0.853882
vt 0.979151 0.856620
vt 0.971057 0.858095
vt 0.967936 0.866422
vt 0.961101 0.863395
vt 0.951525 0.866841
vt 0.965032 0.857474
vt 0.960827 0.854435
vt 0.950165 0.399021
vt 0.951187 0.414083
vt 0.950063 0.793163
vt 0.950941 0.777999
vt 0.944309 0.796785
vt 0.935748 0.433022
vt 0.924670 0.436653
vt 0.514078 0.061483
vt 0.949362 0.179923
vt 0.976553 0.060116
vt 0.856551 0.488546
vt 0.987426 0.140302
vt 0.987334 0.088871
vt 0.703725 0.440510
vt 0.723904 0.441538
vt 0.545694 0.842689
vt 0.722768 0.875224
vt 0.652227 0.444639
vt 0.682281 0.441365
vt 0.949039 0.871772
vt 0.747565 0.440660
vt 0.777667 0.440409
vt 0.812508 0.441309
vt 0.688265 0.495026
vt 0.727425 0.493351
vt 0.616350 0.442859
vt 0.987673 0.418860
vt 0.988314 0.352589
vt 0.935303 0.646426
vt 0.952053 0.142868
vt 0.953304 0.128180
vt 0.983056 0.547036
vt 0.983351 0.599616
vt 0.983846 0.501195
vt 0.937009 0.704133
vt 0.726803 0.030446
vt 0.983524 0.072329
vt 0.937387 0.807019
vt 0.593226 0.466759
vt 0.944867 0.743429
vt 0.949432 0.863775
vt 0.596284 0.481325
vt 0.519199 0.034870
vt 0.565799 0.874472
vt 0.871136 0.044538
vt 0.914375 0.049662
vt 0.627320 0.496320
vt 0.939800 0.420692
vt 0.944124 0.411371
vt 0.966114 0.870835
vt 0.601614 0.447393
vt 0.537915 0.020715
vt 0.883614 0.438191
vt 0.902197 0.436720
vt 0.624506 0.021446
vt 0.565416 0.014633
vt 0.633473 0.438814
vt 0.619202 0.879381
vt 0.585093 0.876515
vt 0.937016 0.861140
vt 0.937269 0.857657
vt 0.913526 0.434516
vt 0.985221 0.758484
vt 0.985266 0.799236
vt 0.985869 0.845877
vt 0.785619 0.491698
vt 0.810250 0.492258
vt 0.840061 0.491860
vt 0.898433 0.494137
vt 0.909426 0.496686
vt 0.924332 0.504337
vt 0.980404 0.865786
vt 0.937080 0.728376
vt 0.953630 0.053988
vt 0.947933 0.233057
vt 0.863071 0.875681
vt 0.525857 0.027190
vt 0.916793 0.870574
vt 0.542609 0.852274
vt 0.654421 0.436398
vt 0.934210 0.516125
vt 0.984398 0.667621
vt 0.541198 0.832610
vt 0.983999 0.706019
vt 0.957552 0.857849
vt 0.545898 0.861305
vt 0.553543 0.869838
vt 0.747339 0.433599
vt 0.719010 0.433441
vt 0.762140 0.433608
vt 0.780204 0.433579
vt 0.943158 0.768462
vt 0.939531 0.752665
vt 0.934938 0.739085
vt 0.934134 0.695087
vt 0.984831 0.062146
vt 0.943316 0.267699
vt 0.681067 0.434319
vt 0.695644 0.433827
vt 0.810703 0.433226
vt 0.935086 0.777317
vt 0.711722 0.879192
vt 0.938046 0.581340
vt 0.933725 0.607406
vt 0.817119 0.879131
vt 0.941719 0.349594
vt 0.988175 0.495246
vt 0.986537 0.528853
vt 0.985910 0.598437
vt 0.985922 0.856717
vt 0.991805 0.185079
vt 0.589423 0.476769
vt 0.942673 0.515923
vt 0.936379 0.530540
vt 0.934756 0.546177
vt 0.589927 0.455796
vt 0.726205 0.027184
vt 0.627985 0.018869
vt 0.975792 0.871975
vt 0.924827 0.427896
vt 0.933202 0.418723
vt 0.932850 0.045708
vt 0.992549 0.085777
vt 0.993929 0.133639
vt 0.790307 0.031296
vt 0.876992 0.040717
vt 0.958847 0.048766
vt 0.935519 0.766086
vt 0.890185 0.875028
vt 0.929445 0.652651
vt 0.622377 0.433879
vt 0.597397 0.446043
vt 0.933062 0.714821
vt 0.546926 0.012602
vt 0.929858 0.676097
vt 0.942409 0.875744
vt 0.587119 0.464615
vt 0.994336 0.328193
vt 0.992669 0.073250
vt 0.994640 0.236215
vt 0.992224 0.455346
vt 0.993066 0.418607
vt 0.586963 0.883164
vt 0.992086 0.822663
vt 0.990478 0.769616
vt 0.930812 0.595569
vt 0.565820 0.880603
vt 0.545016 0.869839
vt 0.944495 0.856606
vt 0.552972 0.875878
vt 0.966325 0.875233
vt 0.956568 0.876636
vt 0.968596 0.045567
vt 0.710092 0.881327
vt 0.619609 0.883333
vt 0.914709 0.874816
vt 0.993050 0.845260
vt 0.988577 0.706944
vt 0.860805 0.878902
vt 0.977965 0.047534
vt 0.992320 0.856543
vt 0.932353 0.754288
vt 0.931526 0.769417
vt 0.929825 0.543277
vt 0.930883 0.529365
vt 0.929440 0.519073
vt 0.932205 0.734930
vt 0.984432 0.049994
vt 0.989584 0.667051
vt 0.987749 0.865562
vt 0.991927 0.061191
vt 0.989945 0.533854
vt 0.991479 0.604493
vt 0.997673 0.158148
vt 0.998429 0.087747
vt 0.927097 0.617535
vt 0.929065 0.694128
vt 0.996090 0.414760
vt 0.997165 0.332743
vt 0.996544 0.843808
vt 0.999644 0.279996
vt 0.992928 0.500963
vt 0.996883 0.443574
vt 0.940425 0.878839
vt 0.938904 0.858804
vt 0.942578 0.859051
vt 0.945179 0.860864
vt 0.947320 0.859931
vt 0.948329 0.860928
vt 0.924513 0.668992
vt 0.925986 0.586081
vt 0.996469 0.806429
vt 0.993758 0.778190
vt 0.982716 0.872505
vt 0.999644 0.073004
vt 0.992269 0.052500
vt 0.923877 0.650189
vt 0.313390 0.682520
vt 0.290747 0.685772
vt 0.349222 0.685227
vt 0.368998 0.682704
vt 0.376781 0.685772
vt 0.396085 0.683546
vt 0.796085 0.592276
vt 0.796085 0.635366
vt 0.793238 0.616398
vt 0.901114 0.231838
vt 0.897323 0.234495
vt 0.925623 0.235366
vt 0.880833 0.231301
vt 0.879406 0.235366
vt 0.870818 0.231562
vt 0.350534 0.645122
vt 0.361252 0.645122
vt 0.354146 0.640244
vt 0.360842 0.641846
vt 0.371886 0.641136
vt 0.374410 0.176829
vt 0.365480 0.180894
vt 0.378292 0.180894
vn -0.985964 0.090170 -0.053300
vn -0.983771 0.081224 -0.035245
vn -0.995360 -0.065174 -0.052608
vn -0.997403 -0.033107 -0.059085
vn -0.992613 0.043237 -0.049426
vn -0.997102 -0.041303 -0.053781
vn -0.983732 -0.136598 -0.043643
vn -0.987954 -0.121974 -0.067422
vn -0.983126 -0.148615 -0.053470
vn -0.994275 -0.084756 -0.013370
vn -0.989590 0.076224 -0.015241
vn -0.981527 0.096805 -0.015567
vn -0.989211 -0.136588 -0.011913
vn -0.947392 -0.305376 -0.032726
vn -0.972516 -0.194774 -0.079195
vn -0.983871 -0.166032 0.009848
vn -0.956678 -0.255859 0.009674
vn -0.986703 0.026408 -0.017370
vn -0.973811 -0.213787 -0.020471
vn -0.930071 -0.297544 0.063009
vn -0.961639 -0.255361 -0.027481
vn -0.912983 -0.349060 0.088659
vn -0.987673 0.055729 -0.022110
vn -0.973960 0.119857 -0.021176
vn -0.941444 -0.304145 -0.017251
vn -0.985702 0.020457 0.009504
vn -0.939225 -0.312416 0.019268
vn -0.963826 -0.162472 0.051934
vn -0.978645 0.102873 0.033151
vn -0.927395 0.311594 0.062883
vn -0.976118 -0.127103 0.009172
vn -0.991839 0.094859 0.010049
vn -0.981465 -0.113230 0.013649
vn -0.991425 0.110810 0.015129
vn -0.984667 -0.052415 0.006990
vn -0.954686 0.274643 0.014742
vn -0.977396 0.199537 -0.020429
vn -0.944648 0.292982 -0.017427
vn -0.985333 0.058806 0.004628
vn -0.971985 0.222644 0.004595
vn -0.954989 0.280367 0.019827
vn -0.965852 -0.030105 0.093148
vn -0.953826 0.285155 -0.002104
vn -0.935186 0.334889 0.021075
vn -0.932290 0.324762 0.060991
vn -0.969078 0.236324 -0.034902
vn -0.948582 -0.298276 -0.003783
vn -0.934309 -0.349193 0.008320
vn -0.987156 -0.110580 0.001793
vn -0.963736 0.226774 0.016895
vn -0.987094 0.103321 0.031359
vn -0.973017 -0.170228 0.035755
vn -0.916774 0.216320 0.243546
vn -0.882113 -0.351997 0.174561
vn -0.904680 0.381425 -0.008444
vn -0.931981 -0.328126 -0.087275
vn -0.957725 -0.258012 -0.104309
vn -0.926691 -0.346098 -0.083598
vn -0.924072 -0.366447 -0.009608
vn -0.894721 -0.406234 0.056788
vn -0.872147 -0.470521 0.005030
vn -0.909522 0.356123 -0.060227
vn -0.907318 -0.396334 0.030298
vn -0.943085 0.320749 0.016055
vn -0.965846 -0.065774 0.075155
vn -0.928007 -0.327446 0.115728
vn -0.883414 -0.442933 0.061242
vn -0.882260 -0.445583 0.021180
vn -0.902184 0.398546 0.062518
vn -0.867630 0.445486 -0.025926
vn -0.914554 0.352073 -0.044195
vn -0.891750 0.400694 -0.018719
vn -0.958355 0.031518 -0.014414
vn -0.883658 -0.414650 -0.011359
vn -0.885753 0.416834 -0.025006
vn -0.820984 0.538498 -0.000821
vn -0.878581 0.447559 0.006538
vn -0.948252 -0.028194 -0.165393
vn -0.900613 0.365675 -0.150260
vn -0.886560 0.154257 -0.375296
vn -0.883967 0.445370 0.013415
vn -0.851074 -0.197490 0.344736
vn -0.870736 -0.265196 -0.373621
vn -0.892549 -0.410758 0.088987
vn -0.871114 -0.473407 -0.046092
vn -0.877373 0.451144 -0.034778
vn -0.890758 -0.399507 -0.148713
vn -0.878657 -0.466395 -0.028245
vn -0.838271 0.522556 0.027112
vn -0.899174 -0.430838 -0.004118
vn -0.832632 0.519974 0.024964
vn -0.864836 0.473272 0.021214
vn -0.800288 0.380525 0.394358
vn -0.844498 -0.515629 0.000349
vn -0.888858 -0.435169 -0.124483
vn -0.851027 -0.512749 0.008354
vn -0.869997 -0.483670 -0.062118
vn -0.850348 -0.503966 0.120178
vn -0.830245 0.532099 0.022780
vn -0.852114 0.516663 0.047139
vn -0.816090 0.479616 -0.266760
vn -0.862994 -0.503743 -0.014134
vn -0.819920 0.557406 0.039811
vn -0.836638 -0.407326 -0.353355
vn -0.851353 -0.509149 -0.121384
vn -0.845448 -0.501218 0.172135
vn -0.846127 -0.510286 0.138936
vn -0.800445 -0.170818 -0.547011
vn -0.810405 -0.577795 0.068075
vn -0.840407 -0.527538 -0.124176
vn -0.822474 -0.557113 0.108523
vn -0.812775 -0.577515 -0.060205
vn -0.815233 -0.577219 -0.011444
vn -0.796368 0.241258 -0.513382
vn -0.781820 -0.076920 0.538727
vn -0.771644 -0.628681 -0.033422
vn -0.818365 -0.574498 0.002700
vn -0.813599 0.569077 -0.054756
vn -0.805153 -0.570742 0.158172
vn -0.806567 -0.586770 0.053356
vn -0.809635 0.577664 -0.016388
vn -0.806207 0.530752 0.233909
vn -0.800164 0.592330 -0.057019
vn -0.757393 0.649110 -0.022964
vn -0.805676 -0.588404 0.055590
vn -0.798992 -0.600335 0.014946
vn -0.749781 0.459339 -0.440366
vn -0.779135 -0.579025 0.226219
vn -0.760666 -0.333125 -0.546520
vn -0.756003 0.258252 0.565034
vn -0.805833 0.591422 -0.003755
vn -0.710396 -0.699897 -0.026140
vn -0.759355 -0.647909 -0.023189
vn -0.781428 0.619271 0.050049
vn -0.803225 0.595406 0.005925
vn -0.727882 0.680538 0.027613
vn -0.726718 -0.554585 0.383017
vn -0.763400 0.643457 -0.055873
vn -0.720272 0.622383 -0.287576
vn -0.747715 0.662053 0.031730
vn -0.740979 0.670292 -0.023118
vn -0.726869 0.684120 -0.004699
vn -0.695122 -0.197109 0.614758
vn -0.727065 0.685856 -0.027957
vn -0.706827 0.593013 0.379202
vn -0.705642 0.707657 0.029348
vn -0.681096 0.551478 0.480264
vn -0.687269 -0.323625 -0.650329
vn -0.675074 0.359197 -0.644401
vn -0.670574 0.640617 -0.374086
vn -0.003249 0.022120 -0.998143
vn 0.000149 0.032743 -0.997620
vn -0.001025 -0.149788 -0.982025
vn -0.003062 0.188098 -0.977778
vn -0.019510 0.148886 -0.984125
vn -0.018799 -0.103712 -0.987473
vn -0.052869 0.025509 -0.994253
vn 0.000191 -0.148668 -0.979744
vn 0.000820 0.061690 -0.995675
vn 0.004050 -0.146075 -0.976463
vn 0.011802 0.194418 -0.971174
vn 0.079785 -0.005886 -0.978779
vn 0.001972 0.232955 -0.966823
vn -0.048547 -0.286150 -0.929556
vn -0.013779 -0.170493 -0.965945
vn -0.027335 0.203749 -0.963586
vn -0.001179 -0.358221 -0.920272
vn 0.078198 0.097732 -0.984491
vn 0.080967 -0.179892 -0.970259
vn 0.071626 -0.081591 -0.986461
vn 0.056893 0.138136 -0.983292
vn -0.006323 0.038396 -0.991713
vn 0.009993 -0.271205 -0.944265
vn -0.102233 -0.123628 -0.979847
vn -0.083134 0.166068 -0.972482
vn -0.225485 0.116766 -0.942558
vn 0.001993 0.249032 -0.963635
vn -0.054948 0.281033 -0.952673
vn 0.001764 0.376197 -0.902023
vn 0.115942 0.326536 -0.923356
vn 0.238570 0.065511 -0.946440
vn 0.163604 -0.205313 -0.959247
vn -0.235027 -0.281816 -0.907842
vn 0.013507 -0.367390 -0.921292
vn -0.026023 -0.386053 -0.907529
vn 0.086675 -0.387949 -0.897673
vn 0.033353 -0.408593 -0.898805
vn -0.087560 -0.480960 -0.849790
vn 0.000212 -0.394748 -0.906287
vn 0.000652 -0.373247 -0.918899
vn -0.029010 -0.432233 -0.898552
vn -0.424549 -0.107880 -0.879721
vn 0.350938 -0.246946 -0.897552
vn -0.019693 0.404307 -0.900753
vn 0.083878 0.352329 -0.920650
vn 0.079247 0.309578 -0.943665
vn -0.001220 0.331571 -0.941476
vn -0.110600 0.453699 -0.865020
vn 0.417539 -0.053561 -0.874151
vn 0.262602 0.297935 -0.904422
vn 0.003246 0.495267 -0.847208
vn 0.004051 0.494418 -0.847443
vn 0.015787 0.533876 -0.825611
vn -0.416982 0.261521 -0.839568
vn -0.050229 0.510791 -0.841628
vn 0.047309 0.480887 -0.862546
vn -0.256224 0.508905 -0.801555
vn -0.001570 0.607632 -0.787076
vn 0.379600 0.227389 -0.896771
vn -0.368325 -0.380522 -0.836537
vn 0.027876 -0.554261 -0.826950
vn -0.034796 -0.531209 -0.843857
vn 0.000968 -0.490116 -0.871638
vn 0.001334 -0.542294 -0.838773
vn -0.568358 0.232034 -0.752389
vn -0.618292 -0.080068 -0.753631
vn -0.565184 -0.293127 -0.763659
vn 0.541131 -0.285871 -0.778420
vn 0.000032 -0.545685 -0.837858
vn -0.000301 -0.540993 -0.840823
vn 0.091710 0.581020 -0.802128
vn 0.068175 0.582150 -0.807557
vn -0.190970 -0.596394 -0.771986
vn -0.075174 -0.641396 -0.758032
vn -0.023889 0.615539 -0.784800
vn -0.020221 0.624153 -0.779861
vn 0.016018 0.630728 -0.773036
vn -0.143833 0.651302 -0.740821
vn -0.492916 0.508886 -0.694554
vn -0.000142 0.664154 -0.747537
vn -0.044985 0.679149 -0.731906
vn 0.003952 0.664568 -0.747180
vn 0.001880 0.657125 -0.753747
vn 0.014380 0.657795 -0.752594
vn 0.655548 -0.263833 -0.694074
vn 0.080261 -0.628057 -0.773935
vn -0.274269 0.673069 -0.682400
vn -0.703082 0.058540 -0.708667
vn -0.688696 -0.124301 -0.691617
vn -0.583355 0.494774 -0.644124
vn -0.583494 0.493805 -0.644741
vn 0.697681 -0.330701 -0.626648
vn 0.780072 -0.277776 -0.560649
vn 0.002896 0.432954 0.896097
vn 0.002377 0.253580 0.962364
vn 0.003096 0.290583 0.951858
vn -0.004769 0.500923 0.847429
vn -0.002963 0.213160 0.968635
vn 0.003436 0.530977 0.839588
vn -0.009177 0.300764 0.951231
vn -0.012627 0.515010 0.845645
vn 0.015579 0.403723 0.896273
vn -0.008544 0.465075 0.868446
vn -0.003241 0.136765 0.982148
vn -0.012391 0.246711 0.963036
vn -0.002767 0.043119 0.992537
vn 0.003413 0.096639 0.989458
vn 0.015905 0.158089 0.981332
vn 0.058002 0.247263 0.950533
vn 0.000406 0.050905 0.994296
vn -0.003974 0.013278 0.997424
vn -0.094352 0.120545 0.981642
vn -0.095982 0.424499 0.879462
vn -0.231096 0.407285 0.853534
vn 0.000128 -0.054291 0.994935
vn 0.025949 -0.076706 0.988512
vn 0.090190 -0.002362 0.983441
vn 0.003955 -0.096605 0.988326
vn -0.040524 -0.233567 0.946804
vn 0.001929 -0.115166 0.989564
vn -0.001316 -0.153404 0.979696
vn 0.150639 0.361048 0.895641
vn 0.203848 -0.029694 0.953205
vn 0.008281 -0.254878 0.943216
vn 0.002140 -0.186826 0.976174
vn -0.259674 -0.030118 0.922277
vn 0.011188 -0.318711 0.935309
vn -0.005379 -0.353890 0.909465
vn 0.002721 -0.415232 0.884852
vn 0.303901 0.240902 0.909061
vn 0.405813 -0.027166 0.893452
vn 0.015688 -0.365900 0.915017
vn -0.028109 0.522492 0.841900
vn 0.098846 -0.391764 0.896591
vn 0.017405 -0.394398 0.909292
vn 0.004399 -0.409041 0.901682
vn -0.002918 -0.485058 0.859570
vn 0.261227 -0.391145 0.864099
vn -0.455803 0.320112 0.796212
vn -0.454078 -0.161304 0.808409
vn 0.042887 0.594833 0.785626
vn 0.275039 0.549553 0.772351
vn 0.439561 0.292041 0.822465
vn 0.004521 0.640082 0.763988
vn 0.513308 -0.031013 0.839918
vn 0.556346 0.276949 0.763403
vn -0.095877 0.631088 0.761256
vn -0.019876 0.682357 0.721613
vn 0.008796 0.723257 0.677014
vn 0.003158 0.725583 0.674986
vn -0.225103 0.560707 0.792439
vn -0.011695 0.704790 0.702070
vn 0.106825 0.656140 0.738620
vn -0.384132 0.530431 0.750646
vn -0.004587 0.741783 0.667378
vn 0.005824 0.772070 0.631159
vn 0.471994 0.481748 0.726891
vn 0.366807 0.596771 0.711186
vn 0.012884 0.777564 0.626613
vn 0.250937 0.678004 0.687398
vn -0.013475 0.779032 0.626290
vn 0.002097 0.791396 0.610567
vn -0.011519 0.786836 0.617021
vn -0.037668 0.793686 0.606939
vn 0.001410 0.806448 0.591303
vn 0.004320 0.810166 0.586138
vn -0.519453 0.521039 0.676525
vn -0.565616 -0.066881 0.771513
vn -0.594052 0.305252 0.721340
vn 0.706277 0.134745 0.666561
vn 0.443608 -0.283207 0.838796
vn 0.654509 0.376408 0.646821
vn -0.003798 -0.483000 0.872611
vn 0.032733 -0.522068 0.846730
vn -0.080776 -0.487464 0.865695
vn 0.666831 -0.114272 0.723956
vn 0.541273 -0.263646 0.797352
vn 0.017314 -0.537417 0.842525
vn 0.156997 -0.577641 0.795395
vn 0.020918 -0.533170 0.845735
vn 0.005347 -0.564688 0.824729
vn -0.004014 -0.584166 0.811350
vn 0.083599 -0.631644 0.770712
vn 0.004364 -0.590276 0.807110
vn -0.007082 -0.614382 0.788160
vn 0.290936 -0.565951 0.765850
vn 0.813259 0.205719 0.535122
vn -0.428625 -0.515513 0.737315
vn 0.823325 0.099836 0.544747
vn 0.872243 0.160673 0.461927
vn 0.009888 0.506190 0.856391
vn 0.014172 0.296634 0.932153
vn 0.006217 0.149161 0.974098
vn 0.020876 0.596994 0.780495
vn 0.038326 0.283900 0.932073
vn 0.140895 0.602610 0.763457
vn 0.000710 0.399184 0.893359
vn 0.100021 0.307891 0.920620
vn 0.002625 0.670355 0.727718
vn -0.000240 0.389141 0.887874
vn 0.003752 0.667898 0.732426
vn 0.006167 0.515726 0.847999
vn 0.013331 0.660944 0.734925
vn 0.012858 0.449571 0.877135
vn 0.012294 0.316076 0.918835
vn 0.015093 0.669398 0.716704
vn 0.002655 0.314895 0.927064
vn 0.029096 0.572494 0.808193
vn 0.055910 0.295090 0.935868
vn 0.142054 0.580244 0.777198
vn 0.008193 0.728084 0.680817
vn 0.320105 0.281619 0.864970
vn 0.042286 0.775823 0.617862
vn 0.006353 0.090032 0.990014
vn 0.026368 0.797297 0.589706
vn 0.155607 0.775391 0.595281
vn 0.092160 0.806249 0.571933
vn 0.009529 0.757026 0.653107
vn -0.000980 0.750695 0.660351
vn 0.000363 0.770142 0.637186
vn 0.007453 0.818150 0.564548
vn 0.002955 0.773963 0.633217
vn 0.211055 0.736234 0.606377
vn 0.021245 0.777240 0.628717
vn 0.019379 0.802331 0.596293
vn 0.027898 0.824313 0.563987
vn 0.329586 0.705234 0.603820
vn 0.369968 0.552670 0.730432
vn 0.390226 0.187518 0.853327
vn 0.364851 0.306681 0.834903
vn 0.253655 0.226676 0.897685
vn 0.378639 0.572073 0.685011
vn 0.142951 0.164324 0.958315
vn 0.118957 0.842920 0.516941
vn 0.304030 0.802939 0.501158
vn 0.255551 0.828896 0.482981
vn 0.047971 0.856803 0.513407
vn 0.173321 0.881139 0.438869
vn 0.014618 0.888016 0.458780
vn 0.062012 0.877708 0.472628
vn 0.213859 0.882493 0.416660
vn 0.400522 0.775596 0.475666
vn 0.455371 0.634014 0.578403
vn 0.459689 0.720294 0.504573
vn 0.449897 0.760171 0.468756
vn 0.566805 0.574185 0.514696
vn 0.466115 0.789365 0.399550
vn 0.590828 0.229597 0.748267
vn 0.006317 0.110755 0.992173
vn -0.000192 0.057772 0.997719
vn 0.063541 0.142345 0.987417
vn 0.167960 0.133620 0.970229
vn 0.017942 0.026142 0.996928
vn 0.370640 0.011170 0.918824
vn 0.002193 0.029104 0.999206
vn 0.006409 0.030072 0.999527
vn 0.745228 0.242840 0.621019
vn 0.006031 0.021210 0.999506
vn 0.341158 -0.041137 0.935637
vn 0.456771 -0.009354 0.886728
vn 0.030021 0.446126 0.884693
vn 0.028213 0.371825 0.918465
vn 0.030897 0.145624 0.967120
vn 0.018206 0.011177 0.964746
vn 0.033218 0.397498 0.911605
vn 0.039845 0.098989 0.966133
vn 0.063128 0.227809 0.934452
vn 0.006245 0.376907 0.922533
vn 0.008911 0.083423 0.957579
vn 0.000520 0.231661 0.940983
vn -0.000914 0.435974 0.897015
vn -0.016228 0.394162 0.918446
vn -0.020267 0.144629 0.958439
vn -0.013262 0.294686 0.948858
vn 0.026854 0.544753 0.835735
vn 0.002035 0.530286 0.847816
vn 0.052768 0.516555 0.854606
vn 0.051703 0.382802 0.912238
vn 0.031725 0.111881 0.970413
vn -0.043969 0.245671 0.968356
vn -0.004042 0.069588 0.973916
vn 0.095329 0.363831 0.926574
vn 0.029746 -0.132388 0.988318
vn 0.065274 -0.127898 0.987154
vn 0.002360 -0.099615 0.989868
vn 0.004530 -0.190019 0.980627
vn 0.034193 -0.156759 0.984974
vn -0.205156 -0.057962 0.971954
vn -0.212053 -0.089863 0.970237
vn 0.015405 -0.213801 0.976509
vn -0.259521 0.012936 0.963447
vn -0.250145 0.064001 0.966055
vn -0.216021 0.056641 0.973755
vn -0.222548 0.021248 0.974473
vn -0.179840 0.066754 0.980389
vn -0.167242 0.087824 0.981418
vn -0.121562 0.074027 0.989820
vn 0.893452 0.442467 0.000701
vn 0.934570 0.299722 0.003375
vn 0.967012 0.190978 -0.001260
vn 0.914974 0.361557 -0.008826
vn 0.786686 0.582893 0.011258
vn 0.921925 0.323369 0.003599
vn 0.792717 0.592140 -0.010318
vn 0.765781 0.623024 -0.006243
vn 0.912908 0.342422 0.022871
vn 0.724558 0.672139 0.019660
vn 0.718880 0.688215 0.000932
vn 0.704420 0.623594 0.244962
vn 0.897898 0.326532 -0.070563
vn 0.798095 0.277061 0.361268
vn 0.682405 0.607903 -0.266208
vn 0.927146 0.305050 -0.064092
vn 0.639980 0.760036 -0.013117
vn 0.566848 0.817733 0.000972
vn 0.552574 0.825659 0.012933
vn 0.556410 0.822753 -0.004260
vn 0.543539 0.808190 0.155609
vn 0.542236 0.827780 0.002078
vn 0.510784 0.853028 0.026794
vn 0.506247 0.809892 -0.260691
vn 0.463191 0.832940 0.269800
vn 0.491949 0.869936 0.007574
vn 0.484571 0.873466 -0.013407
vn 0.407628 0.899195 -0.107892
vn 0.453869 0.888730 -0.006278
vn 0.459337 0.881034 0.090306
vn 0.446561 0.892177 0.051198
vn 0.421104 0.904718 0.021865
vn 0.447072 0.894279 0.018390
vn 0.429720 0.902122 0.031114
vn 0.385815 0.916774 -0.060131
vn 0.401333 0.915396 -0.002796
vn 0.417623 0.882511 0.212484
vn 0.346800 0.922697 -0.168076
vn 0.394529 0.885403 0.245782
vn 0.398388 0.871661 -0.260996
vn 0.557205 0.705683 -0.393578
vn 0.574011 0.666524 0.458053
vn 0.632332 0.508079 0.562560
vn 0.606954 0.538653 0.562689
vn 0.698365 0.182267 0.655170
vn 0.681570 0.463435 -0.560549
vn 0.958694 0.135112 0.086222
vn 0.992443 0.088846 -0.002997
vn 0.833661 0.227914 -0.376102
vn 0.975915 -0.075516 -0.048877
vn 0.969564 -0.089541 -0.002494
vn 0.990144 -0.034320 0.007837
vn 0.998381 0.025254 -0.002395
vn 0.982234 -0.079955 -0.116002
vn 0.959261 -0.271171 -0.022156
vn 0.802343 -0.116363 0.527258
vn 0.715566 -0.026143 0.698055
vn 0.923931 -0.270502 0.270519
vn -0.022575 -0.488585 -0.871414
vn -0.016461 -0.464798 -0.885229
vn -0.017527 -0.629668 -0.755059
vn -0.028143 -0.633080 -0.750389
vn -0.018698 -0.608040 -0.772499
vn -0.027475 -0.442830 -0.895758
vn -0.018182 -0.637519 -0.757082
vn -0.014803 -0.556006 -0.830779
vn -0.058561 -0.604035 -0.778136
vn -0.068616 -0.462191 -0.883867
vn -0.083487 -0.442938 -0.892326
vn -0.012872 -0.676467 -0.722298
vn -0.016825 -0.551347 -0.834016
vn -0.001046 -0.534911 -0.844576
vn -0.016969 -0.667486 -0.730917
vn -0.007967 -0.598647 -0.792717
vn -0.000721 -0.806024 -0.572960
vn -0.075347 -0.549032 -0.817878
vn -0.055312 -0.767426 -0.625577
vn -0.039421 -0.588483 -0.783842
vn -0.071772 -0.382304 -0.920054
vn -0.004475 -0.284082 -0.954949
vn 0.070385 -0.441604 -0.857524
vn 0.010630 -0.634179 -0.762540
vn -0.009210 -0.554011 -0.830364
vn -0.004271 -0.708345 -0.687068
vn -0.001086 -0.633278 -0.773310
vn 0.004071 -0.703060 -0.695165
vn 0.011556 -0.608619 -0.788254
vn 0.014748 -0.763270 -0.622921
vn 0.015822 -0.594504 -0.792866
vn 0.021842 -0.473044 -0.879934
vn 0.004194 -0.876555 -0.477410
vn 0.006884 -0.870369 -0.489484
vn -0.012520 -0.859580 -0.502304
vn -0.017306 -0.825218 -0.553200
vn -0.017061 -0.833251 -0.538845
vn -0.003967 -0.924269 -0.372364
vn 0.011791 -0.918179 -0.390920
vn -0.022180 -0.789832 -0.601558
vn -0.023262 -0.912897 -0.390161
vn -0.050548 -0.810224 -0.570109
vn -0.040296 -0.899961 -0.420953
vn 0.023349 -0.639924 -0.755922
vn -0.001992 -0.890337 -0.440863
vn -0.002805 -0.769278 -0.625448
vn 0.146898 -0.854013 -0.478897
vn -0.013792 -0.930717 -0.351310
vn 0.004325 -0.930319 -0.363656
vn 0.024074 -0.907155 -0.407853
vn 0.035789 -0.758692 -0.632752
vn 0.061831 -0.877516 -0.460116
vn 0.090655 -0.751852 -0.624210
vn 0.172662 -0.646831 -0.714929
vn 0.162750 -0.867432 -0.452360
vn 0.117748 -0.910125 -0.391859
vn 0.051160 -0.938334 -0.335930
vn 0.021122 -0.940000 -0.338019
vn 0.009691 -0.941602 -0.336472
vn 0.203787 -0.903211 -0.362843
vn 0.228540 -0.793706 -0.557699
vn 0.006394 -0.949633 -0.312830
vn -0.031092 -0.959474 -0.276187
vn -0.025925 -0.948000 -0.317204
vn 0.197885 -0.917191 -0.343130
vn 0.000800 -0.953909 -0.299772
vn -0.010548 -0.956675 -0.290667
vn -0.010971 -0.968993 -0.242506
vn -0.009324 -0.959115 -0.282840
vn -0.015194 -0.969049 -0.243022
vn 0.219895 -0.887596 -0.383995
vn 0.327311 -0.775120 -0.499447
vn 0.223778 -0.931752 -0.282401
vn 0.222707 -0.935609 -0.269827
vn 0.225984 -0.949054 -0.219608
vn 0.316776 -0.904337 -0.286055
vn 0.055263 -0.578465 -0.798742
vn 0.374715 -0.585343 -0.703360
vn 0.456878 -0.606749 -0.650475
vn 0.195645 -0.347335 -0.906703
vn -0.026515 0.428933 -0.885679
vn -0.029170 0.075070 -0.981208
vn -0.032678 0.274881 -0.960780
vn -0.019962 0.143339 -0.966955
vn -0.021522 0.426392 -0.894705
vn -0.032044 0.383822 -0.914606
vn -0.019016 0.452038 -0.882349
vn -0.005848 0.402675 -0.907400
vn 0.026887 0.127375 -0.966431
vn -0.008437 0.507731 -0.855090
vn 0.084813 0.452981 -0.880123
vn -0.028304 0.551408 -0.832550
vn 0.000503 0.571907 -0.819688
vn -0.011360 0.541248 -0.839193
vn 0.056850 0.452283 -0.881187
vn 0.022228 0.328714 -0.944168
vn -0.023807 0.603999 -0.796521
vn 0.197462 0.300125 -0.903137
vn 0.227314 0.527160 -0.817162
vn 0.370553 0.173005 -0.885492
vn 0.235231 0.009373 -0.965824
vn -0.015621 -0.107261 -0.993613
vn 0.022699 -0.085306 -0.993769
vn -0.027651 -0.128761 -0.991093
vn 0.485215 0.028470 -0.867837
vn 0.538562 0.031361 -0.839955
vn 0.563769 0.000273 -0.825932
vn 0.977192 0.163260 0.055138
vn 0.983693 -0.015677 0.063123
vn 0.961479 -0.200405 0.010216
vn 0.974259 0.172947 -0.052642
vn 0.957267 -0.192489 -0.076431
vn 0.975652 0.160509 -0.112785
vn 0.974792 -0.021202 -0.094449
vn 0.893430 0.393863 -0.115629
vn 0.929908 0.326861 0.082494
vn 0.923336 0.345975 -0.117279
vn 0.838106 0.526968 -0.131408
vn 0.937118 0.314315 -0.081015
vn 0.930926 0.337174 0.060683
vn 0.952825 0.213980 -0.092529
vn 0.962780 0.216609 0.049945
vn 0.862821 0.476123 0.059361
vn 0.871826 0.442907 0.045629
vn 0.949548 -0.123679 0.022964
vn 0.880425 -0.370276 0.031316
vn 0.959934 -0.205240 -0.066107
vn 0.942518 0.054423 -0.033043
vn 0.814418 -0.533884 0.022483
vn 0.812455 -0.544567 -0.056555
vn 0.773936 -0.604907 -0.023557
vn 0.831525 -0.524576 -0.020974
vn 0.898595 -0.308976 0.062351
vn 0.914184 0.270169 0.062524
vn 0.844183 -0.524893 0.015706
vn 0.766172 -0.608398 0.000501
vn 0.920196 -0.316445 -0.057555
vn 0.937876 0.211599 -0.058893
vn 0.710211 -0.699539 0.008669
vn 0.780344 -0.601500 -0.029851
vn 0.835328 -0.477413 -0.193138
vn 0.884397 -0.183554 -0.314962
vn 0.754474 -0.496895 -0.359511
vn 0.883632 0.197715 -0.324070
vn 0.747999 -0.622889 0.054497
vn 0.726730 -0.607363 0.186883
vn 0.769288 -0.635073 -0.033680
vn 0.817138 -0.235355 0.385470
vn 0.715309 -0.504766 0.446980
vn 0.723064 -0.687449 -0.034224
vn 0.659051 -0.751739 -0.004695
vn 0.646524 -0.725214 -0.236794
vn 0.683457 -0.147113 -0.661764
vn 0.740136 -0.370788 -0.560995
vn 0.683685 -0.652709 0.317513
vn 0.614506 -0.769279 0.139714
vn 0.840946 0.061563 -0.525778
vn 0.655931 0.155298 -0.688250
vn 0.908947 0.404731 -0.058111
vn 0.739724 -0.251594 0.591355
vn 0.694696 -0.363301 0.601079
vn 0.912530 0.408888 0.009986
vn 0.864590 0.483826 -0.110142
vn 0.869782 0.485111 0.087219
vn 0.647986 -0.365012 0.666694
vn 0.849082 0.512162 -0.042662
vn 0.628701 -0.368900 0.681315
vn 0.811363 0.570502 -0.126370
vn 0.752170 0.656085 0.061008
vn 0.750973 0.658695 0.046483
vn 0.585540 -0.337498 0.737047
vn 0.570489 0.044557 -0.789114
vn 0.600892 -0.173946 -0.780174
vn 0.603155 0.373787 -0.704619
vn 0.007731 -0.422008 0.906143
vn 0.056817 -0.422780 0.904449
vn 0.007731 -0.422008 0.906143
vn -0.007614 -0.421767 0.906672
vn 0.154944 0.541113 -0.799981
vn 0.196187 0.348488 -0.916206
vn 0.097693 0.283249 -0.945485
vn 0.150772 0.594801 -0.758904
vn 0.198257 0.371143 -0.907164
vn 0.019167 0.417390 -0.887679
vn 0.039665 0.234421 -0.965370
vn 0.028537 0.499809 -0.846667
vn 0.246329 0.526819 -0.801910
vn 0.013062 0.752371 -0.622634
vn 0.076681 0.729742 -0.644889
vn 0.106702 0.843093 -0.505949
vn 0.259999 0.696983 -0.641262
vn 0.130804 0.784390 -0.589329
vn 0.023985 0.790554 -0.602276
vn -0.011337 0.776335 -0.629918
vn -0.013169 0.821275 -0.568006
vn -0.004217 0.810851 -0.585144
vn -0.010741 0.853444 -0.519670
vn 0.177404 0.805123 -0.562328
vn 0.026716 0.863828 -0.499382
vn -0.015772 0.848393 -0.521049
vn -0.013477 0.878315 -0.477522
vn 0.053620 0.889972 -0.450865
vn 0.098789 0.883173 -0.457056
vn -0.005408 0.893578 -0.446305
vn -0.012809 0.828827 -0.548587
vn 0.004464 0.875107 -0.479953
vn 0.027892 0.902128 -0.426128
vn 0.063492 0.875490 -0.478149
vn 0.136499 0.878787 -0.451019
vn 0.186293 0.889759 -0.406380
vn 0.006789 0.937143 -0.348879
vn -0.015672 0.817818 -0.574644
vn -0.021587 0.745950 -0.661827
vn 0.239814 0.889499 -0.384302
vn 0.234116 0.912575 -0.335257
vn 0.315309 0.799266 -0.498905
vn 0.438048 0.716667 -0.508843
vn 0.426373 0.814441 -0.391959
vn 0.600656 0.684514 -0.357031
vn 0.393569 0.605292 -0.687638
vn 0.562411 0.637081 -0.518369
vn 0.687640 0.669813 -0.222747
vn 0.721471 0.685453 -0.066189
vn 0.707502 0.705677 -0.010692
vn 0.708248 0.705783 0.015966
vn 0.322853 0.168301 -0.918851
vn 0.062629 -0.081049 -0.988415
vn 0.234697 -0.108049 -0.937980
vn 0.037761 -0.136708 -0.981686
vn 0.050643 -0.093778 -0.988538
vn 0.143004 -0.089919 -0.974776
vn 0.171857 -0.260572 -0.939480
vn 0.306794 -0.224472 -0.923540
vn 0.207135 -0.136434 -0.962881
vn 0.216211 -0.190125 -0.957393
vn 0.107701 -0.116549 -0.979639
vn 0.142817 -0.171916 -0.972351
vn -0.020597 -0.079587 -0.994491
vn 0.348729 0.016205 -0.902228
vn -0.036202 -0.122341 -0.988873
vn -0.043864 -0.128314 -0.988814
vn -0.035361 -0.127282 -0.988436
vn -0.028010 -0.052757 -0.998164
vn -0.022926 -0.062948 -0.997753
vn 0.338005 0.291260 -0.894941
vn 0.077398 -0.479279 -0.869134
vn -0.026020 -0.508782 -0.859966
vn 0.090593 -0.622899 -0.755644
vn -0.021515 -0.703731 -0.696272
vn 0.058849 -0.579602 -0.807572
vn 0.103177 -0.485885 -0.865849
vn 0.100791 -0.633428 -0.748448
vn 0.180453 -0.489394 -0.853090
vn 0.064707 -0.757521 -0.627063
vn 0.159855 -0.655272 -0.733052
vn 0.212408 -0.776350 -0.557419
vn 0.107226 -0.788508 -0.594801
vn 0.019268 -0.816266 -0.564575
vn 0.062112 -0.844891 -0.522829
vn 0.381047 -0.540855 -0.716659
vn -0.019828 -0.839455 -0.531408
vn -0.024974 -0.658144 -0.734614
vn -0.008996 -0.849539 -0.514272
vn -0.014949 -0.743166 -0.653307
vn -0.006633 -0.932661 -0.352689
vn 0.011171 -0.917127 -0.387338
vn -0.002062 -0.937329 -0.341394
vn -0.007765 -0.881988 -0.462138
vn -0.004619 -0.936037 -0.342426
vn -0.001822 -0.946670 -0.320374
vn 0.037354 -0.953567 -0.295195
vn -0.008647 -0.862545 -0.496816
vn -0.002597 -0.955315 -0.288003
vn -0.000838 -0.938050 -0.335371
vn 0.026154 -0.855014 -0.503319
vn 0.047975 -0.947627 -0.299007
vn -0.002151 -0.955228 -0.295771
vn 0.000630 -0.963189 -0.268258
vn 0.001850 -0.968213 -0.249723
vn 0.047955 -0.927711 -0.350527
vn 0.066196 -0.915894 -0.374364
vn 0.046355 -0.962709 -0.263749
vn 0.219254 -0.801352 -0.507183
vn 0.153524 -0.937334 -0.301103
vn 0.020924 -0.970521 -0.239747
vn 0.164946 -0.935140 -0.300396
vn 0.180221 -0.884224 -0.412665
vn 0.289368 -0.864416 -0.382426
vn 0.339133 -0.837942 -0.374982
vn -0.007826 -0.796573 -0.600117
vn -0.014543 -0.663682 -0.725122
vn 0.287933 -0.924104 -0.239716
vn 0.188932 -0.643488 -0.715258
vn 0.277394 -0.911770 -0.296547
vn 0.415020 -0.827270 -0.339379
vn 0.463167 -0.814337 -0.292592
vn 0.421556 -0.706436 -0.515479
vn 0.353813 -0.917418 -0.182099
vn 0.499638 -0.788366 -0.358945
vn 0.477634 -0.546842 -0.647386
vn 0.638252 -0.567689 -0.473759
vn 0.781048 -0.486733 -0.334280
vn 0.484005 -0.469878 -0.738210
vn 0.655266 -0.289470 -0.674419
vn 0.839159 -0.335495 -0.395450
vn 0.920285 -0.303919 -0.246392
vn -0.013636 -0.505536 -0.862539
vn 0.017997 -0.459865 -0.884304
vn 0.023873 -0.552861 -0.818286
vn -0.021510 -0.558119 -0.828393
vn -0.032026 -0.508262 -0.860434
vn 0.182523 -0.436962 -0.874591
vn 0.392952 -0.467971 -0.770629
vn 0.714951 -0.453791 -0.490180
vn 0.540246 -0.394365 -0.724620
vn 0.471928 -0.570698 -0.614363
vn 0.645569 -0.637557 -0.318090
vn 0.319856 -0.511716 -0.774411
vn 0.327873 -0.630185 -0.680274
vn 0.190479 -0.621331 -0.757126
vn 0.334478 -0.764222 -0.550761
vn 0.424356 -0.776225 -0.449667
vn 0.169755 -0.662735 -0.729360
vn 0.524970 -0.802912 -0.220456
vn 0.374426 -0.907207 -0.148406
vn 0.678456 -0.703939 -0.087702
vn 0.485465 -0.862670 -0.096381
vn 0.472364 -0.876204 -0.022515
vn 0.642295 -0.741381 -0.006360
vn 0.807206 -0.565439 -0.149925
vn 0.821983 -0.565612 -0.026800
vn 0.829858 -0.552850 0.002389
vn 0.779392 -0.622030 0.000045
vn 0.882507 -0.453907 -0.001831
vn 0.841480 -0.524068 -0.000345
vn 0.604355 -0.778641 0.000658
vn 0.781993 -0.616939 0.003829
vn 0.884125 -0.443614 0.018309
vn 0.665355 -0.694862 0.134947
vn 0.692822 -0.536725 0.436140
vn 0.929647 -0.368425 -0.003869
vn 0.938976 -0.343339 -0.001046
vn 0.945190 -0.326518 0.001085
vn 0.852548 -0.330801 0.389773
vn 0.657725 -0.578616 0.436197
vn 0.743925 -0.593461 0.168928
vn 0.685322 -0.460783 0.544508
vn 0.890222 -0.345325 0.261839
vn 0.876813 -0.348826 0.330937
vn 0.790914 -0.575779 0.025360
vn 0.508829 -0.809894 0.236166
vn 0.528886 -0.599992 0.592197
vn 0.404259 -0.773047 0.438970
vn 0.406131 -0.640999 0.650904
vn 0.298879 -0.770406 0.547368
vn 0.229558 -0.921520 0.262723
vn 0.121894 -0.909890 0.357315
vn 0.106206 -0.842741 0.523813
vn 0.014220 -0.942746 0.291573
vn 0.025298 -0.846543 0.525970
vn 0.003270 -0.846884 0.517837
vn 0.011064 -0.747403 0.661069
vn 0.902526 -0.271534 0.303386
vn 0.877612 -0.241148 0.414301
vn 0.725855 -0.505363 0.413022
vn 0.809166 -0.511935 0.172458
vn 0.859454 -0.477635 -0.012107
vn 0.560782 -0.775894 0.199559
vn 0.663650 -0.717880 -0.049844
vn 0.511236 -0.706412 0.460656
vn 0.543508 -0.534597 0.634521
vn 0.308103 -0.884123 0.304206
vn 0.330059 -0.925193 -0.038049
vn 0.325606 -0.924671 0.117135
vn 0.353979 -0.671916 0.619524
vn 0.176040 -0.869206 0.425962
vn 0.584924 -0.786004 -0.170169
vn 0.745522 -0.629243 -0.186581
vn 0.142887 -0.667466 0.699245
vn -0.003057 -0.911907 0.389146
vn -0.011566 -0.784394 0.605809
vn -0.009483 -0.607958 0.773665
vn -0.012794 -0.844110 0.521721
vn -0.009926 -0.664026 0.743992
vn 0.264961 -0.533246 0.793126
vn -0.023453 -0.539900 0.824653
vn 0.433570 -0.465892 0.763648
vn 0.125648 -0.457025 0.879011
vn -0.019811 -0.312808 0.949610
vn 0.881434 -0.434600 -0.169034
vn 0.700085 -0.680395 -0.085204
vn 0.783210 -0.492140 -0.340134
vn 0.620975 -0.676591 -0.345161
vn 0.520195 -0.832798 -0.103662
vn 0.436317 -0.858131 -0.215512
vn 0.512978 -0.842159 0.033712
vn 0.277986 -0.954208 -0.027187
vn 0.297687 -0.938495 0.112248
vn 0.281981 -0.941053 -0.152498
vn 0.470623 -0.775360 -0.388371
vn 0.640847 -0.551554 -0.505730
vn 0.931647 -0.284115 0.174715
vn 0.865532 -0.263083 0.381724
vn 0.733639 -0.564596 0.306903
vn 0.740106 -0.608244 0.130553
vn 0.903951 -0.349829 -0.003281
vn 0.722796 -0.454114 0.461467
vn 0.881508 -0.056518 0.468773
vn 0.995034 -0.057979 -0.017651
vn 0.961517 -0.207236 -0.101585
vn 0.702077 -0.667664 -0.132104
vn 0.616359 -0.765277 0.019903
vn 0.472720 -0.858484 0.133442
vn 0.512693 -0.747552 0.358101
vn 0.455447 -0.879873 -0.019738
vn 0.396976 -0.882502 -0.151222
vn 0.623156 -0.698339 -0.327853
vn 0.248028 -0.934709 0.220960
vn 0.323170 -0.872346 -0.275794
vn 0.603446 -0.655435 -0.430007
vn 0.524831 -0.582905 0.605812
vn 0.378513 -0.782352 0.448982
vn 0.312592 -0.622483 0.686958
vn 0.380397 -0.746563 -0.532521
vn 0.742850 -0.507341 -0.436783
vn -0.192838 -0.564137 0.799200
vn -0.253313 -0.425665 0.868638
vn -0.220912 -0.640297 0.719755
vn -0.182235 -0.595370 0.770663
vn -0.153602 -0.756034 0.604005
vn -0.136852 -0.498933 0.840109
vn -0.053805 -0.593184 0.769318
vn -0.159086 -0.809379 0.538224
vn -0.042376 -0.854540 0.498773
vn 0.052391 -0.824412 0.542875
vn 0.137878 -0.610186 0.749093
vn 0.185156 -0.864997 0.433931
vn 0.054944 -0.342939 0.928302
vn 0.281488 -0.437326 0.846930
vn 0.013336 -0.501739 0.864675
vn 0.006608 -0.550714 0.833716
vn 0.013528 -0.593727 0.798700
vn 0.005925 -0.710443 0.685815
vn 0.041355 -0.690338 0.710737
vn 0.006829 -0.734027 0.662090
vn 0.021370 -0.567681 0.822510
vn 0.015203 -0.745767 0.649811
vn 0.014753 -0.689513 0.704293
vn 0.026589 -0.547282 0.835782
vn 0.031264 -0.709697 0.683245
vn 0.009322 -0.796713 0.599167
vn 0.051780 -0.531947 0.844734
vn 0.046508 -0.699384 0.688702
vn 0.019321 -0.511470 0.854411
vn -0.050771 -0.696718 0.685224
vn 0.027529 -0.843063 0.522189
vn 0.138366 -0.767099 0.597177
vn 0.027293 -0.861631 0.490716
vn 0.011177 -0.886175 0.446187
vn 0.008970 -0.891288 0.439710
vn 0.005921 -0.863502 0.494513
vn 0.006386 -0.872014 0.481425
vn 0.020509 -0.884209 0.446064
vn -0.080788 -0.876472 0.458634
vn 0.090211 -0.929525 0.332719
vn 0.023316 -0.939154 0.332195
vn 0.182496 -0.891476 0.377746
vn 0.003579 -0.939013 0.338402
vn 0.308581 -0.711269 0.594509
vn 0.006142 -0.947428 0.313898
vn 0.010825 -0.960288 0.259217
vn -0.098231 -0.922770 0.360077
vn -0.010716 -0.966897 0.226372
vn 0.005189 -0.941229 0.335853
vn -0.110491 -0.928821 0.332955
vn -0.064656 -0.934215 0.330459
vn 0.064967 -0.949183 0.280236
vn 0.238600 -0.901360 0.321517
vn 0.410221 -0.644323 0.618801
vn 0.329685 -0.857740 0.340107
vn 0.281649 -0.558758 0.759131
vn 0.470149 -0.716193 0.512980
vn 0.481862 -0.747284 0.455921
vn 0.377396 -0.848975 0.332242
vn 0.502182 -0.784158 0.360692
vn 0.449501 -0.845338 0.265560
vn 0.432977 -0.512736 0.741372
vn 0.010555 -0.997509 -0.049515
vn -0.001472 -0.998978 -0.012877
vn 0.003574 -0.996680 0.063845
vn 0.003482 -0.993338 -0.093373
vn 0.004325 -0.997618 0.034418
vn 0.001949 -0.982107 0.170553
vn -0.004370 -0.976260 0.204651
vn 0.004605 -0.980424 0.184546
vn 0.017471 -0.998872 -0.007259
vn 0.029796 -0.995537 0.077126
vn 0.020844 -0.976117 0.205085
vn 0.047138 -0.982206 0.168711
vn 0.034455 -0.998359 -0.019768
vn 0.076395 -0.989803 0.113231
vn 0.062246 -0.996152 0.057336
vn 0.065387 -0.997450 0.005969
vn 0.107873 -0.992871 0.024945
vn 0.096648 -0.992620 0.067193
vn 0.090745 -0.995508 -0.004461
vn 0.083191 -0.995709 -0.027964
vn 0.063085 -0.993226 -0.069300
vn 0.124990 -0.989648 -0.054027
vn 0.009559 -0.995590 -0.071588
vn 0.003319 -0.996388 -0.070439
vn 0.003537 -0.982602 0.172451
vn 0.001441 -0.997656 0.034578
vn 0.006359 -0.997501 -0.057131
vn 0.018941 -0.998441 0.015940
vn -0.008410 -0.985666 0.138380
vn -0.006931 -0.985680 0.151119
vn 0.052244 -0.978989 0.157073
vn 0.108616 -0.978718 0.129586
vn 0.134366 -0.984973 0.041731
vn 0.054485 -0.992464 -0.079815
vn 0.024619 -0.995574 -0.078700
vn 0.130959 -0.984475 0.109347
vn 0.140421 -0.987823 0.057270
vn 0.102931 -0.990060 0.087300
vn -0.001364 -0.988636 -0.144013
vn 0.020871 -0.991252 -0.125037
vn 0.159931 -0.986475 -0.008370
vn 0.121730 -0.985124 -0.111493
vn 0.005655 -0.994231 -0.106610
vn 0.033647 -0.992592 -0.110414
vn 0.004909 -0.991306 -0.130387
vn -0.000781 -0.986350 -0.163646
vn 0.025407 -0.993077 -0.114089
vn 0.037412 -0.987392 -0.149885
vn 0.185258 -0.979866 -0.052339
vn 0.090289 -0.991467 0.072363
vn 0.192993 -0.975760 0.072126
vn -0.047871 -0.986980 0.103074
vn -0.066244 -0.991050 0.044672
vn 0.057660 -0.995811 0.009203
vn 0.202240 -0.976751 0.006651
vn -0.123945 -0.986669 0.012860
vn -0.090829 -0.991947 0.002744
vn 0.044010 -0.997201 -0.003073
vn -0.116447 -0.989895 -0.004895
vn -0.074901 -0.994209 -0.012572
vn 0.034869 -0.997830 -0.013379
vn -0.097266 -0.991533 -0.012360
vn 0.059991 -0.996691 -0.014105
vn 0.015512 -0.998563 -0.019206
vn -0.112641 -0.989852 -0.015755
vn -0.028653 -0.998869 -0.003957
vn 0.010159 -0.999621 -0.019782
vn 0.034282 -0.998272 -0.039010
vn 0.013439 -0.999441 -0.020170
vn 0.007254 -0.999246 0.029517
vn -0.026718 -0.997775 0.038983
vn 0.016526 -0.999402 -0.014120
vn 0.020551 -0.997739 0.050375
vn 0.017862 -0.999440 -0.004926
vn 0.021575 -0.996774 0.066038
vn 0.016292 -0.999377 0.004017
vn 0.017228 -0.998962 0.030319
vn 0.012585 -0.996684 -0.055099
vn 0.006326 -0.996405 -0.051233
vn 0.012317 -0.994647 -0.083474
vn 0.016584 -0.994360 -0.091344
vn 0.021528 -0.996718 -0.068443
vn 0.041092 -0.991449 -0.097550
vn 0.008027 -0.999123 0.035051
vn -0.001033 -0.996775 -0.041868
vn 0.005801 -0.997396 0.067656
vn -0.002232 -0.998136 -0.001292
vn -0.002155 -0.989152 0.129184
vn 0.020074 -0.990038 0.121995
vn 0.015117 -0.996334 0.081715
vn -0.001099 -0.997088 0.074045
vn -0.007962 -0.999233 -0.001502
vn -0.012720 -0.998265 0.052774
vn -0.014755 -0.999139 0.036143
vn 0.001706 -0.999697 0.016536
vn 0.007014 -0.999340 -0.019399
vn 0.042802 -0.998659 0.000849
vn 0.039330 -0.997522 0.047163
vn 0.000798 -0.998343 0.054354
vn -0.005336 -0.994309 -0.089165
vn -0.009164 -0.994954 -0.092216
vn -0.018221 -0.995637 0.080136
vn 0.040913 -0.992643 -0.083484
vn 0.107459 -0.991920 -0.017931
vn 0.136892 -0.985776 0.048708
vn 0.020913 -0.990261 0.118585
vn -0.014457 -0.997106 0.071903
vn 0.026413 -0.989278 -0.132166
vn 0.076839 -0.988182 -0.120639
vn 0.103821 -0.988660 -0.090706
vn 0.120476 -0.989535 -0.049401
vn 0.134833 -0.988345 -0.018264
vn 0.151695 -0.980446 -0.093701
vn -0.177081 -0.979855 -0.019070
vn 0.153527 -0.985252 -0.012425
vn 0.177639 -0.980966 -0.003446
vn 0.137892 -0.988561 -0.001127
vn 0.027421 -0.988396 0.138987
vn 0.020568 -0.988702 0.142361
vn 0.001194 -0.996999 0.075656
vn 0.004947 -0.995795 0.087915
vn 0.014579 -0.992229 0.120003
vn -0.002802 -0.995905 0.076498
vn -0.021047 -0.993200 0.102069
vn -0.005119 -0.982097 0.159511
vn -0.006371 -0.995328 -0.095792
vn -0.004609 -0.985437 0.153926
vn -0.078653 -0.984669 0.137196
vn -0.145266 -0.982343 0.072277
vn -0.171905 -0.980023 0.018062
vn 0.101532 -0.982969 0.136804
vn 0.010595 -0.978102 0.193814
vn -0.005809 -0.993508 -0.113552
vn 0.000200 -0.992720 -0.120364
vn 0.007964 -0.990267 -0.138358
vn 0.004808 -0.985457 -0.163304
vn -0.017655 -0.983879 -0.177960
vn 0.004987 -0.982855 -0.182028
vn 0.012579 -0.989517 -0.143315
vn 0.040268 -0.983807 0.150397
vn 0.139111 -0.983855 0.101242
vn 0.214674 -0.973532 0.016624
vn 0.169507 -0.981843 -0.077215
vn 0.182583 -0.971960 -0.127144
vn -0.008625 -0.950679 0.279492
vn -0.004257 -0.962193 0.258962
vn 0.165140 -0.983476 -0.068395
vn 0.063762 -0.984991 -0.092757
vn 0.136123 -0.986629 -0.063445
vn -0.049462 -0.983967 -0.108714
vn -0.044954 -0.989871 -0.078432
vn 0.049156 -0.993079 -0.045304
vn -0.161846 -0.979949 -0.057435
vn -0.038048 -0.996075 -0.016254
vn 0.096107 -0.994793 -0.022604
vn 0.189866 -0.979198 -0.029819
vn 0.106251 -0.991218 -0.009139
vn -0.016494 -0.997387 0.002067
vn 0.132647 -0.987966 -0.001333
vn 0.120787 -0.989056 0.024179
vn 0.003966 -0.998068 0.023778
vn 0.057930 -0.995768 0.044429
vn -0.033541 -0.998308 0.020830
vn 0.013308 -0.999076 0.028028
vn -0.017078 -0.999643 0.008478
vn -0.028003 -0.999238 -0.009492
vn 0.000437 -0.999796 -0.003229
vn -0.000994 -0.999889 0.011964
vn 0.032037 -0.998499 0.032646
vn 0.032683 -0.999248 0.000815
vn 0.027135 -0.997273 -0.053027
vn -0.022550 -0.997541 -0.049698
vn 0.037681 -0.998875 0.020313
vn 0.024506 -0.996583 0.062034
vn 0.033909 -0.998803 -0.027459
vn 0.010458 -0.999622 0.000485
vn 0.011175 -0.998760 -0.044099
vn 0.003200 -0.997486 0.053704
vn 0.002906 -0.999605 -0.012631
vn -0.000553 -0.997325 0.055157
vn -0.003801 -0.999502 -0.020626
vn -0.003113 -0.999431 -0.007849
vn -0.006765 -0.998055 -0.056796
vn -0.005636 -0.995805 -0.084322
vn 0.000503 -0.998884 -0.044034
vn 0.001834 -0.998016 -0.058006
vn 0.000070 -0.999257 0.011508
vn 0.005651 -0.996956 -0.072117
vn -0.002193 -0.999147 -0.011887
vn 0.018709 -0.998275 -0.049517
vn 0.001010 -0.999017 0.019574
vn 0.081098 -0.994503 0.007698
vn 0.031682 -0.994456 0.074963
vn 0.003640 -0.994112 0.092104
vn -0.002441 -0.993352 0.095543
vn -0.027660 -0.994380 0.082465
vn 0.029129 -0.996757 -0.068309
vn 0.051140 -0.995506 0.067383
vn 0.076096 -0.994699 -0.044200
vn 0.098129 -0.982320 0.115623
vn 0.012143 -0.997264 -0.069832
vn 0.008263 -0.997860 -0.062342
vn -0.004421 -0.996764 -0.076917
vn 0.005127 -0.996313 -0.079666
vn -0.004045 -0.994269 -0.101704
vn 0.010226 -0.995894 -0.087647
vn 0.039749 -0.995740 -0.074962
vn 0.026422 -0.993828 -0.103316
vn -0.099175 -0.993176 0.011236
vn -0.148115 -0.983310 0.024124
vn -0.158552 -0.982016 0.032692
vn 0.003604 -0.994047 -0.106863
vn -0.039670 -0.988330 0.125505
vn 0.025344 -0.981622 -0.143071
vn -0.023910 -0.987020 -0.138188
vn 0.041008 -0.978598 -0.172281
vn 0.060370 -0.985761 0.133599
vn 0.011060 -0.982128 0.164952
vn 0.001559 -0.989901 0.124664
vn -0.099640 -0.992833 -0.033818
vn 0.120872 -0.983613 0.105508
vn 0.016526 -0.989709 -0.120553
vn 0.008995 -0.984078 -0.149537
vn 0.008683 -0.990705 -0.116593
vn -0.000391 -0.984452 -0.157992
vn -0.001533 -0.987037 -0.150370
vn 0.001964 -0.989227 -0.143048
vn 0.004529 -0.989074 -0.137646
vn 0.008981 -0.990209 -0.130477
vn -0.184256 -0.977669 -0.006933
vn -0.226619 -0.969153 0.022115
vn -0.183007 -0.978568 -0.008386
vn 0.002092 -0.978734 0.191893
vn -0.205726 -0.954969 -0.143163
vn 0.128390 -0.969334 0.192485
vn 0.166853 -0.978445 -0.097602
vn -0.201931 -0.973996 -0.022188
vn -0.058552 -0.981110 0.170043
vn -0.011739 -0.979061 0.193690
vn 0.115204 -0.980656 -0.144869
vn 0.052637 -0.980567 -0.178600
vn -0.123245 -0.950493 -0.229019
vn 0.228982 -0.967865 -0.022101
vn 0.111659 -0.981110 -0.152999
vn 0.110496 -0.981279 -0.152776
vn 0.202801 -0.979086 -0.003046
vn 0.275953 -0.950396 0.061058
vn 0.001297 -0.965764 -0.253138
vn 0.205699 -0.975768 -0.064336
vn 0.103192 -0.969305 0.209088
vn -0.305451 -0.940206 -0.054805
vn -0.233052 -0.970714 -0.008584
vn 0.229861 -0.964981 -0.090980
vn 0.257327 -0.964096 -0.026263
vn -0.256274 -0.962021 0.058624
vn 0.243894 -0.965234 0.071777
vn 0.165224 -0.972601 0.136365
vn -0.027006 -0.959708 0.224390
vn 0.092335 -0.983200 -0.157052
vn 0.154138 -0.972627 -0.154565
vn 0.058326 -0.974353 -0.212324
vn 0.014132 -0.970387 0.229659
vn 0.024092 -0.951428 0.284213
vn 0.031599 -0.969563 0.237286
vn 0.021737 -0.955943 0.264189
vn -0.005062 -0.909987 0.373287
vn 0.280918 -0.957652 -0.011535
vn -0.230766 -0.921175 0.252154
vn -0.195730 -0.944308 0.202242
vn -0.223465 -0.973600 0.001131
vn -0.353287 -0.919221 0.016399
vn -0.051723 -0.897956 -0.404748
vn 0.219812 -0.967079 -0.115738
vn 0.285373 -0.954821 -0.058989
vn 0.287718 -0.956585 -0.019077
vn 0.105146 -0.972576 -0.198774
vn 0.065174 -0.971749 -0.226790
vn 0.178785 -0.963301 0.175326
vn 0.159817 -0.976927 0.112314
vn 0.183119 -0.979119 0.069652
vn 0.283527 -0.953447 0.045137
vn 0.281655 -0.947255 0.112362
vn 0.250023 -0.965530 0.002960
vn 0.267836 -0.960998 -0.003645
vn 0.252279 -0.966342 -0.006373
vn -0.316121 -0.930283 0.064714
vn -0.313735 -0.921209 0.139733
vn -0.257983 -0.963472 -0.012204
vn 0.171696 -0.969038 -0.168484
vn -0.331184 -0.934716 0.037832
vn 0.016953 -0.888422 -0.421558
vn -0.255299 -0.926501 -0.127562
vn -0.201679 -0.972983 -0.102810
vn -0.357666 -0.911184 -0.085550
vn -0.136671 -0.965232 -0.146629
vn 0.156364 -0.975808 -0.104876
vn -0.049601 -0.934194 -0.151718
vn 0.264145 -0.960414 -0.055426
vn 0.030179 -0.952150 -0.082984
vn 0.168171 -0.975255 -0.140428
vn 0.179070 -0.877571 -0.386037
vn -0.101263 -0.925271 0.317578
vn 0.002758 -0.960341 0.277288
vn 0.089740 -0.973865 0.208056
vn 0.215248 -0.962060 0.150111
vn 0.175681 -0.955109 0.226107
vn -0.296939 -0.949465 -0.021005
vn 0.024645 -0.887309 -0.444582
vn 0.051189 -0.929347 0.342905
vn 0.025272 -0.941482 0.320780
vn 0.007615 -0.940681 0.324639
vn -0.010558 -0.949435 0.295287
vn 0.268763 -0.962363 -0.006043
vn 0.259055 -0.965456 -0.002735
vn 0.256477 -0.953179 -0.022482
vn -0.141347 -0.987476 -0.000441
vn 0.258878 -0.954006 0.029704
vn 0.146912 -0.962416 0.099931
vn 0.001524 -0.933174 0.342164
vn -0.003588 -0.931746 0.346471
vn 0.000532 -0.931840 0.346465
vn 0.007087 -0.919651 -0.364985
vn 0.048133 -0.873160 -0.451732
vn 0.009193 -0.952254 0.234459
vn -0.009348 -0.921923 0.357662
vn -0.376595 -0.915520 0.037646
vn 0.006940 -0.943770 -0.321632
vn 0.303868 -0.951242 0.014677
vn 0.307212 -0.943928 0.082990
vn 0.352026 -0.914437 -0.151752
vn 0.348658 -0.901540 -0.221688
vn 0.298146 -0.925542 0.202587
vn -0.001472 -0.906174 -0.391971
vn 0.002376 -0.901885 -0.408277
vn -0.324754 -0.940019 -0.038710
vn -0.316048 -0.940773 0.047384
vn -0.462174 -0.864628 -0.000536
vn -0.357563 -0.921596 -0.027175
vn -0.470538 -0.868413 0.002908
vn 0.319858 -0.925607 0.172023
vn 0.285228 -0.885685 0.332852
vn 0.344853 -0.937973 -0.002353
vn -0.372067 -0.906877 0.101849
vn -0.321578 -0.945902 -0.002536
vn -0.358850 -0.927401 0.023591
vn -0.411785 -0.901176 -0.008772
vn -0.411083 -0.875589 0.185535
vn -0.372128 -0.924956 -0.010046
vn -0.007796 -0.888372 0.430847
vn 0.371509 -0.927587 -0.006810
vn 0.362236 -0.927977 -0.048963
vn 0.032994 -0.908632 0.407596
vn 0.170592 -0.895291 0.385827
vn 0.003604 -0.896943 0.419484
vn 0.009318 -0.878222 0.457227
vn 0.357696 -0.933177 -0.004324
vn 0.380545 -0.923119 -0.020163
vn 0.001431 -0.870880 -0.473250
vn 0.390527 -0.919240 -0.007297
vn 0.376375 -0.924001 0.006919
vn -0.519834 -0.837182 -0.005213
vn 0.435994 -0.885787 0.087684
vn 0.442292 -0.893327 0.005709
vn -0.462560 -0.868263 0.087893
vn -0.002351 -0.867102 0.478911
vn 0.454894 -0.879341 0.080678
vn -0.530003 -0.835094 -0.013018
vn 0.443208 -0.893847 -0.000709
vn 0.451859 -0.884158 -0.060571
vn 0.001823 -0.817549 -0.545738
vn 0.451784 -0.886123 -0.007137
vn 0.488400 -0.866022 -0.019067
vn -0.347760 -0.821410 -0.416165
vn 0.463554 -0.883350 -0.003580
vn 0.458520 -0.884795 -0.003213
vn -0.562477 -0.809920 0.078620
vn 0.491249 -0.868010 -0.014672
vn -0.463324 -0.824668 -0.265383
vn -0.557109 -0.805090 -0.143081
vn 0.006471 -0.841222 -0.536416
vn 0.500989 -0.859492 0.004607
vn 0.029241 -0.837804 0.531499
vn -0.360557 -0.890095 0.275187
vn 0.003169 -0.840486 0.527690
vn -0.004978 -0.801099 -0.570833
vn -0.586080 -0.803110 -0.022383
vn 0.024079 -0.807253 0.570874
vn 0.026672 -0.845248 0.529200
vn -0.468772 -0.839446 -0.140069
vn -0.430855 -0.864841 -0.174803
vn 0.001439 -0.776781 0.602848
vn -0.000242 -0.795044 0.581952
vn -0.533423 -0.838777 -0.013861
vn -0.524220 -0.839769 -0.017204
vn -0.481203 -0.868904 -0.071066
vn -0.001237 -0.774381 0.615073
vn 0.472734 -0.838667 0.253409
vn 0.051045 -0.832991 -0.543464
vn -0.442883 -0.867271 0.219425
vn 0.021968 -0.795994 -0.593952
vn -0.336340 -0.743596 0.542384
vn 0.057618 -0.763953 0.617813
vn 0.140836 -0.795919 0.564182
vn 0.534233 -0.840371 -0.001232
vn -0.599992 -0.792643 0.024129
vn -0.188947 -0.823182 -0.521214
vn -0.013622 -0.850290 -0.523193
vn 0.012412 -0.869030 -0.494604
vn 0.555882 -0.824007 0.011868
vn 0.507192 -0.838850 -0.166401
vn -0.121609 -0.781736 0.594791
vn -0.515022 -0.845508 0.133052
vn 0.012083 -0.833720 0.549164
vn -0.003767 -0.814237 0.578104
vn 0.327460 -0.704431 0.585000
vn 0.500614 -0.693621 0.439780
vn 0.001228 -0.828273 -0.560028
vn -0.539002 -0.839520 0.056195
vn -0.561367 -0.827186 0.017116
vn 0.577140 -0.816310 0.000144
vn 0.566668 -0.821086 -0.049897
vn 0.001903 -0.797582 -0.599575
vn 0.579934 -0.814062 -0.020847
vn -0.493033 -0.747785 0.411787
vn 0.002473 -0.817651 -0.575377
vn 0.000178 -0.818711 -0.574133
vn -0.620566 -0.782028 -0.006904
vn -0.643296 -0.753471 -0.098532
vn -0.612694 -0.785664 0.049068
vn 0.596803 -0.801349 -0.017910
vn 0.618444 -0.782967 0.018286
vn -0.607531 -0.792883 0.003077
vn 0.038185 -0.782433 -0.617804
vn 0.008274 -0.787616 0.614922
vn -0.005891 -0.781065 0.624051
vn -0.585759 -0.793159 0.147247
vn -0.602668 -0.796608 -0.008018
vn 0.154206 -0.749037 -0.637666
vn 0.027337 -0.728183 0.676111
vn -0.622025 -0.780124 -0.026632
vn 0.001582 -0.753724 0.655293
vn -0.647584 -0.752091 0.112911
vn -0.670174 -0.735424 0.079854
vn -0.658020 -0.752355 -0.016075
vn 0.035861 -0.602178 0.768478
vn 0.008239 -0.636034 0.745130
vn -0.648493 -0.743730 -0.153761
vn -0.642813 -0.720404 -0.246860
vn -0.677236 -0.735622 -0.006216
vn -0.471830 -0.732052 -0.483868
vn -0.565560 -0.705650 -0.412845
vn -0.685550 -0.726938 0.009395
vn -0.007480 -0.688675 -0.723077
vn 0.019283 -0.706883 0.706739
vn -0.368145 -0.698597 -0.612954
vn 0.122611 -0.697655 -0.705864
vn 0.004915 -0.500811 0.840204
vn 0.026140 -0.643072 0.764111
vn -0.002129 -0.580173 0.793473
vn 0.004596 -0.598657 0.783951
vn -0.001106 -0.649031 0.760191
vn -0.239154 -0.642637 0.727889
vn -0.534862 -0.631412 0.561464
vn 0.167494 -0.607447 0.770068
vn 0.060446 -0.620620 0.779919
vn 0.424198 -0.513074 0.724089
vn 0.559886 -0.512953 0.649056
vn 0.016746 -0.343752 0.938385
vn 0.042385 -0.363485 0.930635
vn 0.005371 -0.322323 0.946566
vn 0.005649 -0.311544 0.950145
vn 0.006903 -0.313468 0.949574
vn 0.686072 0.431668 -0.511435
vn 0.890895 0.137309 -0.396964
vn 0.730697 0.162346 -0.646019
vn 0.848647 0.362444 -0.248157
vn 0.452006 0.540944 -0.676548
vn 0.479248 0.693006 -0.505570
vn 0.588916 0.737485 -0.260392
vn 0.714511 0.659593 -0.006298
vn 0.480451 0.812097 -0.331157
vn 0.918700 0.285340 0.006628
vn 0.362246 0.653376 -0.663881
vn 0.480857 0.874392 -0.064923
vn 0.361838 0.617897 -0.698052
vn 0.808029 0.463949 0.249446
vn 0.688295 0.669292 0.269549
vn 0.726595 0.546424 0.386865
vn 0.859445 0.276747 0.404225
vn 0.969940 0.077127 0.186846
vn 0.979705 0.044866 -0.122780
vn 0.377664 0.092566 0.900675
vn 0.208909 0.327038 0.891799
vn 0.063559 0.023263 0.981231
vn 0.011746 0.181139 0.957346
vn 0.018422 0.544896 0.822112
vn 0.446693 0.363560 0.780470
vn -0.113666 0.543691 0.825497
vn 0.228692 0.673248 0.676882
vn 0.448468 0.600848 0.633706
vn 0.230786 0.838032 0.478180
vn 0.673319 0.252454 0.656062
vn 0.662184 0.437231 0.606138
vn 0.718546 0.215786 0.633376
vn 0.634158 0.017541 0.765174
vn 0.732188 -0.005002 0.680899
vn -0.048240 -0.126803 0.990754
vn 0.297836 0.512896 0.742911
vn 0.411276 0.582091 0.632434
vn 0.564958 0.356320 0.707371
vn 0.303510 0.124032 0.925981
vn 0.486537 0.622782 0.553835
vn 0.560486 0.635907 0.483486
vn 0.144140 0.374487 0.854815
vn 0.186055 0.092466 0.978179
vn 0.255771 0.829571 0.459495
vn 0.412140 0.824270 0.319180
vn 0.677214 0.613407 0.378585
vn 0.076597 0.780743 0.591100
vn -0.026277 0.729662 0.675773
vn 0.573994 0.733030 0.257691
vn 0.724893 0.648037 0.233620
vn -0.169009 0.611428 0.760891
vn -0.192143 0.466193 0.863564
vn -0.201965 0.536393 0.817466
vn -0.172175 0.671215 0.705081
vn -0.177708 0.484112 0.853865
vn -0.090563 0.713246 0.681310
vn 0.002514 0.765052 0.631996
vn -0.145879 0.785234 0.596093
vn -0.117138 0.837650 0.521384
vn -0.107561 0.648893 0.730883
vn 0.008825 0.826041 0.550354
vn 0.030056 0.747736 0.662508
vn -0.094841 0.872676 0.466801
vn 0.066933 0.850934 0.506065
vn 0.041179 0.756394 0.652579
vn 0.025401 0.814085 0.571202
vn 0.022832 0.785042 0.617868
vn -0.050582 0.928180 0.347796
vn 0.010339 0.919882 0.379793
vn 0.014992 0.907423 0.416544
vn -0.006549 0.925425 0.370955
vn -0.115019 0.915119 0.378261
vn 0.015824 0.858106 0.499459
vn 0.004859 0.935102 0.352177
vn 0.008299 0.941419 0.333575
vn -0.097983 0.953080 0.277036
vn 0.004125 0.911390 0.394109
vn 0.160256 0.926657 0.320403
vn 0.013334 0.792795 0.605441
vn 0.007069 0.957371 0.276141
vn -0.001079 0.950376 0.310778
vn -0.002139 0.943703 0.327521
vn 0.001197 0.846579 0.524010
vn 0.000056 0.953870 0.300216
vn -0.007456 0.891923 0.437150
vn 0.004116 0.770375 0.622372
vn -0.003467 0.784071 0.599732
vn -0.025575 0.819899 0.549024
vn -0.038651 0.924340 0.370970
vn -0.015472 0.955276 0.293769
vn -0.009165 0.957951 0.286440
vn -0.049143 0.813778 0.567463
vn -0.027931 0.958990 0.280911
vn -0.002754 0.965102 0.260655
vn -0.088134 0.962931 0.249771
vn -0.031772 0.948681 0.310931
vn -0.018076 0.919705 0.381551
vn 0.054809 0.937938 0.338956
vn 0.105632 0.918885 0.371199
vn 0.022030 0.958674 0.278311
vn -0.026043 0.963936 0.262920
vn 0.126301 0.948722 0.283233
vn -0.048764 0.970481 0.233930
vn -0.001399 0.962757 0.269049
vn 0.064465 0.959513 0.268130
vn -0.100190 0.969364 0.223246
vn 0.203212 0.927947 0.305909
vn 0.157461 0.955088 0.248639
vn -0.097060 0.972603 0.210241
vn 0.226115 0.941548 0.228505
vn 0.201739 0.946387 0.248601
vn 0.187665 0.954845 0.230330
vn 0.282247 0.929619 0.224054
vn 0.291032 0.918817 0.256348
vn 0.279109 0.939482 0.195059
vn 0.341051 0.919710 0.181582
vn 0.330333 0.923782 0.193668
vn -0.055138 0.713419 0.693836
vn 0.009079 0.647065 0.759673
vn -0.011900 0.625859 0.779582
vn 0.005871 0.591736 0.806105
vn -0.157976 0.448047 0.879942
vn 0.504591 0.116305 -0.822764
vn 0.689551 -0.125087 -0.688366
vn 0.495052 -0.110145 -0.855627
vn 0.744265 0.086875 -0.610628
vn 0.328017 0.165061 -0.916761
vn 0.478894 0.525213 -0.666537
vn 0.345387 0.457743 -0.784982
vn 0.267305 0.271686 -0.924519
vn 0.705218 0.469132 -0.486131
vn 0.877208 0.182635 -0.397824
vn 0.497725 0.693921 -0.504112
vn 0.822437 0.469344 -0.226011
vn 0.612059 0.703121 -0.316024
vn 0.350631 0.676636 -0.647387
vn 0.506219 0.811214 -0.266973
vn 0.854714 -0.135080 -0.481632
vn 0.963655 0.101731 -0.171503
vn 0.939601 0.259440 0.008660
vn 0.997440 -0.057616 0.004943
vn 0.976868 0.119346 0.119447
vn 0.920372 0.287027 0.208784
vn 0.919492 0.198622 0.318035
vn 0.744055 0.527347 0.377622
vn 0.775850 0.598704 -0.024679
vn 0.762121 0.579063 0.200018
vn 0.568873 0.804904 0.079278
vn 0.561903 0.801964 -0.104656
vn 0.518117 0.818041 0.203798
vn 0.450114 0.887137 0.070148
vn 0.445593 0.887188 -0.081921
vn 0.416047 0.870517 0.250304
vn 0.520358 0.729971 0.404207
vn 0.334851 0.853078 0.389796
vn 0.586048 0.633507 0.493279
vn 0.330475 0.819123 0.452219
vn 0.484052 0.693597 0.530931
vn 0.195148 0.866280 0.455429
vn 0.170896 0.853753 0.489369
vn 0.125513 0.855106 0.503030
vn 0.937770 -0.087367 -0.283533
vn 0.907877 -0.279702 -0.312293
vn 0.912771 -0.243570 -0.326352
vn 0.889869 -0.009054 -0.429146
vn 0.936177 0.188375 -0.225953
vn 0.855363 0.243766 -0.421689
vn 0.689260 0.246398 -0.650577
vn 0.713335 0.056906 -0.682828
vn 0.953892 0.273817 -0.008790
vn 0.833560 0.470341 -0.235350
vn 0.818818 0.533291 -0.015727
vn 0.752255 0.500015 -0.394596
vn 0.618170 0.503373 -0.575528
vn 0.658453 0.709194 -0.174488
vn 0.583662 0.708114 -0.359300
vn 0.471580 0.648442 -0.576600
vn 0.485848 0.742575 -0.441276
vn 0.494149 0.421819 -0.742376
vn 0.592750 0.184556 -0.776147
vn 0.281666 0.650508 -0.692263
vn 0.329462 0.737346 -0.581477
vn 0.258015 0.561791 -0.783555
vn 0.146436 0.737579 -0.652927
vn 0.143836 0.678305 -0.711422
vn 0.061277 0.745101 -0.664131
vn 0.852090 0.460298 0.154233
vn 0.945465 0.241351 0.178420
vn 0.885202 0.290844 0.319862
vn 0.689741 0.620835 0.305954
vn 0.848688 0.307025 0.411998
vn 0.684516 0.563385 0.436087
vn 0.924651 0.083522 0.362689
vn 0.639978 0.733744 0.170968
vn 0.583759 0.795420 0.005581
vn 0.516069 0.747526 0.393010
vn 0.522414 0.794386 0.296780
vn 0.504064 0.851075 0.115734
vn 0.490011 0.714495 0.485073
vn 0.516885 0.843307 -0.104542
vn 0.466001 0.884331 0.014661
vn 0.410802 0.801993 0.431816
vn 0.509000 0.823743 -0.244765
vn -0.006356 0.061404 -0.979609
vn -0.010416 0.574785 -0.795988
vn -0.006105 0.499327 -0.796742
vn -0.007076 0.406723 -0.863204
vn -0.028488 0.668645 -0.736272
vn -0.081591 0.544665 -0.810990
vn -0.044967 0.405853 -0.893319
vn -0.089243 0.136542 -0.968705
vn -0.074227 0.032796 -0.982229
vn -0.091831 0.155824 -0.957463
vn -0.095757 0.507786 -0.845482
vn -0.067760 0.284178 -0.913752
vn -0.045742 0.721675 -0.668416
vn 0.089270 0.701104 -0.681247
vn 0.072370 0.350583 -0.900455
vn -0.069949 0.705103 -0.687152
vn -0.027093 0.746918 -0.647405
vn -0.022399 0.480262 -0.865574
vn -0.022987 0.560753 -0.808671
vn -0.021746 0.765667 -0.632465
vn -0.026879 0.769476 -0.629574
vn -0.027485 0.344468 -0.872625
vn -0.014989 0.429084 -0.816568
vn 0.209132 0.647219 -0.720852
vn -0.067951 0.815196 -0.565835
vn -0.011157 0.787173 -0.609385
vn -0.003954 0.346334 -0.856953
vn -0.002234 0.770524 -0.624983
vn 0.006982 0.713358 -0.677474
vn 0.006096 0.235913 -0.913994
vn 0.013684 0.659678 -0.739009
vn 0.019392 0.332771 -0.884587
vn 0.018872 0.800918 -0.579170
vn 0.015152 0.563002 -0.805639
vn -0.015704 0.876028 -0.471977
vn -0.017704 0.868934 -0.484849
vn -0.002768 0.869256 -0.485633
vn -0.013993 0.869776 -0.480256
vn 0.003396 0.868620 -0.488811
vn -0.025229 0.881826 -0.457437
vn -0.055594 0.868567 -0.482660
vn -0.004875 0.871878 -0.475815
vn 0.005760 0.850470 -0.522893
vn 0.010294 0.905855 -0.414004
vn -0.059699 0.912347 -0.399839
vn 0.196134 0.851735 -0.462120
vn 0.011308 0.873528 -0.479177
vn 0.011621 0.757515 -0.641750
vn 0.011116 0.773540 -0.622303
vn 0.009733 0.893452 -0.442202
vn 0.027780 0.864830 -0.493945
vn 0.051176 0.751746 -0.642262
vn -0.011279 0.937841 -0.338369
vn -0.009499 0.947607 -0.310368
vn -0.019765 0.942776 -0.325145
vn 0.036384 0.927988 -0.362367
vn -0.049816 0.939098 -0.334010
vn 0.008363 0.933698 -0.352394
vn 0.009558 0.942135 -0.329902
vn -0.010722 0.946868 -0.316481
vn 0.005003 0.948453 -0.313408
vn 0.167268 0.854309 -0.465055
vn -0.036192 0.959416 -0.273498
vn 0.113765 0.939541 -0.301258
vn 0.149829 0.945800 -0.262130
vn 0.008935 0.966578 -0.253285
vn 0.021258 0.972017 -0.227108
vn 0.009207 0.971973 -0.231522
vn 0.009082 0.970769 -0.235282
vn 0.005521 0.976442 -0.210059
vn -0.004377 0.969014 -0.243066
vn -0.010307 0.974385 -0.219856
vn -0.013056 0.976339 -0.211490
vn -0.043959 0.973394 -0.221152
vn -0.039986 0.978958 -0.192754
vn 0.048783 0.980725 -0.173043
vn 0.282744 0.890339 -0.332846
vn 0.271331 0.909307 -0.300909
vn 0.199046 0.957299 -0.188108
vn 0.267962 0.943383 -0.173383
vn 0.349000 0.841398 -0.412611
vn -0.018354 0.187450 -0.957472
vn -0.029355 0.202310 -0.947593
vn -0.025283 0.111011 -0.980767
vn -0.020363 -0.026166 -0.999331
vn -0.036092 -0.012353 -0.999182
vn -0.026424 -0.015460 -0.999225
vn -0.000652 -0.023183 -0.998759
vn -0.025850 -0.052253 -0.997820
vn -0.084102 -0.032803 -0.995580
vn -0.000639 0.027137 -0.998935
vn -0.008083 -0.049217 -0.997991
vn -0.094009 -0.046922 -0.994369
vn -0.083469 -0.085646 -0.992467
vn -0.010048 -0.071590 -0.996229
vn 0.000846 -0.094685 -0.995236
vn 0.015483 -0.070316 -0.996148
vn 0.019199 0.029998 -0.982545
vn 0.005481 0.028810 -0.992630
vn 0.094609 0.027391 -0.995138
vn 0.024787 -0.135484 -0.981899
vn 0.016396 0.269645 -0.946998
vn 0.061355 0.028937 -0.938334
vn 0.023220 0.551055 -0.815209
vn 0.073771 0.500996 -0.831346
vn 0.189022 -0.008819 -0.933479
vn 0.202540 0.646660 -0.701846
vn 0.384944 0.294338 -0.815309
vn 0.305176 0.717412 -0.606573
vn 0.484046 0.371974 -0.757433
vn 0.328234 -0.026948 -0.921972
vn 0.102343 -0.266578 -0.945714
vn 0.015198 0.996258 -0.065979
vn 0.024128 0.996609 -0.041488
vn 0.015406 0.996095 0.059749
vn 0.021454 0.994003 0.088756
vn 0.039716 0.995212 0.075186
vn 0.040931 0.997022 -0.024153
vn 0.076497 0.994310 0.062578
vn 0.074526 0.996116 -0.013038
vn 0.126465 0.985696 0.087682
vn 0.010006 0.997986 0.030518
vn 0.008278 0.997361 -0.057429
vn 0.007061 0.998662 0.025381
vn 0.010574 0.998537 0.012851
vn 0.008161 0.997612 -0.058638
vn 0.016162 0.998147 -0.047883
vn 0.012091 0.997483 -0.018217
vn 0.033114 0.987598 -0.137596
vn 0.056547 0.991915 -0.096898
vn 0.021496 0.995603 -0.083819
vn 0.013023 0.991287 -0.117564
vn 0.019318 0.997935 -0.054874
vn 0.024534 0.995534 -0.049860
vn 0.061042 0.991033 0.046772
vn 0.060360 0.996134 -0.026189
vn 0.031444 0.992039 -0.107189
vn 0.010781 0.985161 0.089291
vn 0.009999 0.994626 -0.099209
vn 0.004964 0.992433 -0.117918
vn 0.003810 0.991154 -0.125868
vn 0.008478 0.985757 -0.160720
vn 0.018222 0.985112 -0.161392
vn 0.042081 0.976434 -0.202477
vn 0.089044 0.988362 -0.109252
vn 0.045053 0.997213 -0.042780
vn 0.132335 0.986358 -0.081618
vn 0.044475 0.998564 -0.011507
vn -0.010862 0.998578 -0.020182
vn -0.057384 0.996206 -0.035105
vn 0.079580 0.995468 0.018789
vn 0.032699 0.997496 -0.000132
vn -0.012467 0.997768 -0.009516
vn 0.107948 0.990995 -0.017058
vn 0.003098 0.986091 0.085754
vn 0.001347 0.998199 0.015628
vn 0.139384 0.986738 0.032508
vn 0.134416 0.988307 0.005076
vn 0.060515 0.995395 0.032994
vn -0.083770 0.993949 0.014606
vn 0.035340 0.995618 0.029486
vn 0.007899 0.986717 0.137170
vn 0.003496 0.982185 0.161741
vn 0.118399 0.979509 0.129643
vn -0.129097 0.989530 0.001219
vn 0.008271 0.982379 0.165725
vn -0.076116 0.995457 -0.004549
vn 0.024144 0.997854 -0.000585
vn -0.104813 0.991243 0.006334
vn 0.030557 0.997516 0.006256
vn -0.115861 0.991002 -0.000025
vn 0.144139 0.986858 -0.002118
vn -0.143612 0.985843 0.018782
vn 0.039614 0.996017 0.021633
vn 0.156839 0.985786 0.008088
vn 0.178834 0.980246 0.027561
vn 0.053980 0.994502 0.024815
vn 0.177425 0.979524 -0.003180
vn 0.045610 0.995335 0.026422
vn 0.185051 0.980228 0.019630
vn -0.115046 0.988983 0.030348
vn -0.163198 0.981956 0.016570
vn 0.160467 0.982402 0.019412
vn -0.135494 0.988694 -0.029699
vn 0.000581 0.996538 -0.004561
vn -0.146251 0.984412 0.014999
vn 0.084482 0.994051 -0.040355
vn 0.003754 0.997815 -0.011390
vn 0.031421 0.992857 -0.097254
vn 0.010847 0.997465 -0.060599
vn 0.005474 0.997031 0.046171
vn -0.013511 0.993119 0.095767
vn 0.004671 0.998285 0.011936
vn 0.006031 0.997220 -0.061724
vn 0.005206 0.998076 0.028647
vn 0.008140 0.996568 -0.072673
vn 0.008051 0.998551 0.008668
vn 0.010662 0.997528 -0.057913
vn 0.010379 0.998867 0.015503
vn -0.016349 0.998551 -0.029261
vn -0.004058 0.999378 0.020043
vn -0.017946 0.998033 0.046437
vn -0.007015 0.997846 -0.052704
vn -0.003147 0.998459 -0.039278
vn 0.003255 0.999295 0.018021
vn 0.005286 0.997686 -0.054457
vn -0.039092 0.998401 -0.011362
vn -0.042379 0.997183 0.041864
vn -0.001094 0.993253 0.100653
vn 0.007011 0.994181 0.095362
vn 0.005482 0.989978 0.125907
vn -0.000287 0.975742 0.197644
vn 0.002093 0.980482 0.169229
vn -0.042568 0.997999 -0.019511
vn 0.005961 0.992363 0.088312
vn 0.088276 0.990759 0.019713
vn -0.025756 0.993384 -0.097192
vn -0.044179 0.995239 -0.081474
vn -0.019942 0.991520 -0.118796
vn -0.008430 0.989462 -0.136328
vn -0.007128 0.991543 -0.120018
vn 0.000615 0.991681 -0.123024
vn 0.137089 0.983390 -0.056437
vn 0.006874 0.989268 -0.138435
vn 0.008738 0.988476 -0.142706
vn 0.009784 0.987484 -0.149067
vn -0.015288 0.988239 0.140790
vn -0.141866 0.977423 0.104767
vn -0.023397 0.997059 0.009308
vn 0.141562 0.986000 0.027572
vn 0.029169 0.997544 -0.024035
vn 0.125434 0.988321 -0.047007
vn 0.048677 0.992569 -0.080369
vn -0.088904 0.995006 -0.031752
vn -0.109375 0.992502 -0.001687
vn -0.187399 0.978753 0.000490
vn -0.030706 0.993047 0.109940
vn -0.068553 0.993819 -0.060717
vn 0.103467 0.987677 -0.081654
vn -0.009739 0.994669 -0.049099
vn 0.144665 0.984190 -0.045207
vn -0.029697 0.994465 -0.011354
vn 0.155631 0.983696 0.003144
vn -0.048566 0.993759 0.030057
vn 0.146372 0.982613 0.062366
vn 0.007883 0.994644 0.079645
vn -0.079393 0.993054 0.063419
vn 0.144204 0.977850 0.135109
vn 0.091714 0.976000 -0.173112
vn -0.003926 0.980745 0.162732
vn 0.015418 0.982278 0.163646
vn 0.156538 0.979137 -0.102299
vn 0.163039 0.978242 -0.091139
vn 0.010521 0.992543 0.098198
vn -0.045998 0.996374 0.039990
vn 0.057973 0.993175 0.079840
vn -0.004272 0.996962 -0.043981
vn 0.031237 0.996284 -0.000652
vn -0.132027 0.978479 -0.042227
vn 0.005345 0.948205 -0.209667
vn 0.073951 0.985287 0.142910
vn 0.028255 0.988675 0.135947
vn -0.103373 0.947945 -0.170295
vn -0.007674 0.974876 0.201461
vn 0.230546 0.965255 0.054954
vn -0.049175 0.987551 -0.146895
vn -0.172948 0.977734 0.012979
vn 0.011800 0.979741 0.184538
vn 0.015721 0.973451 0.212929
vn 0.039136 0.971368 0.216869
vn 0.094619 0.972081 0.194383
vn 0.020981 0.961601 -0.192254
vn -0.007077 0.946973 -0.199733
vn 0.009360 0.993547 -0.072953
vn 0.020577 0.996873 0.049102
vn 0.005030 0.998449 0.046950
vn 0.002160 0.996812 -0.037275
vn 0.001165 0.997770 -0.030940
vn 0.000708 0.998538 0.046822
vn -0.000527 0.999179 -0.007635
vn -0.002847 0.998416 0.048913
vn -0.003100 0.999129 0.030139
vn 0.001598 0.998073 -0.045142
vn -0.001769 0.997144 -0.058542
vn -0.027023 0.998663 0.013837
vn -0.037535 0.996227 -0.062446
vn -0.011943 0.997337 0.066031
vn -0.005571 0.997425 0.069454
vn -0.004925 0.997368 0.069182
vn -0.004142 0.997227 0.071168
vn -0.004102 0.996501 0.081679
vn -0.054525 0.994952 0.071203
vn -0.004463 0.997546 0.067230
vn -0.001709 0.996665 0.078108
vn 0.000310 0.991787 0.101905
vn 0.001309 0.990717 -0.117321
vn -0.003530 0.985155 -0.143786
vn -0.068592 0.996365 -0.008902
vn -0.005014 0.991221 0.125353
vn -0.004084 0.989636 0.134372
vn -0.045517 0.991269 -0.112620
vn -0.033628 0.987029 -0.135924
vn -0.090323 0.991239 0.082510
vn -0.005453 0.993336 0.107530
vn 0.000544 0.991924 0.116276
vn -0.006908 0.995718 0.086219
vn -0.007597 0.992820 0.109849
vn -0.008795 0.990487 0.127232
vn 0.002912 0.986271 0.133833
vn 0.001392 0.997053 0.073673
vn -0.002278 0.994571 0.098992
vn 0.003913 0.984502 0.165771
vn 0.010563 0.993180 0.109049
vn 0.020524 0.990661 0.120507
vn 0.003819 0.984730 0.131916
vn -0.031344 0.989842 0.126731
vn 0.004498 0.987990 -0.136064
vn -0.010513 0.970951 -0.218123
vn 0.000837 0.963035 -0.232281
vn -0.013048 0.955866 -0.263015
vn -0.075217 0.994434 0.042249
vn -0.057841 0.995180 -0.051505
vn 0.041953 0.992048 -0.083113
vn 0.025796 0.993585 0.070114
vn 0.160224 0.983242 0.010115
vn -0.051265 0.988784 0.124019
vn 0.007596 0.984254 0.170468
vn -0.178620 0.981016 -0.032692
vn 0.127185 0.976812 0.118330
vn 0.035593 0.987489 0.153616
vn 0.000434 0.987925 0.153133
vn 0.001141 0.985030 0.172144
vn 0.152545 0.970851 0.154755
vn 0.243627 0.957346 -0.108090
vn -0.192433 0.976111 -0.028038
vn -0.193867 0.978930 -0.045988
vn -0.227699 0.968756 0.008756
vn -0.196951 0.978229 -0.030395
vn -0.082302 0.988993 0.121290
vn 0.090772 0.986459 0.134417
vn -0.206654 0.972667 0.030560
vn 0.182200 0.973071 -0.117348
vn 0.006025 0.979633 -0.194538
vn -0.001767 0.973319 -0.221816
vn 0.002915 0.978434 0.193043
vn 0.009487 0.979438 0.193229
vn 0.002047 0.973852 0.216728
vn -0.002554 0.930402 -0.356912
vn 0.193063 0.970956 -0.102555
vn 0.201379 0.972353 0.090092
vn 0.061257 0.961525 -0.250123
vn 0.196358 0.950044 -0.216739
vn 0.088203 0.980683 -0.165380
vn 0.075830 0.968587 0.226637
vn 0.042329 0.981269 0.180320
vn -0.008235 0.983273 -0.180013
vn -0.017621 0.969422 -0.231052
vn -0.042858 0.959766 0.252377
vn -0.005235 0.987123 0.159152
vn -0.009661 0.986052 0.165591
vn -0.013034 0.982578 0.185189
vn -0.009260 0.977385 0.209543
vn 0.097348 0.983549 0.151061
vn -0.004041 0.967777 0.238099
vn -0.229750 0.971238 0.000608
vn 0.026805 0.974283 -0.217843
vn 0.010025 0.974117 -0.221659
vn -0.201762 0.978739 -0.003678
vn -0.204546 0.977898 0.003383
vn -0.126044 0.958982 -0.051474
vn -0.089711 0.981379 0.060692
vn 0.035098 0.957684 -0.187604
vn 0.013351 0.959801 -0.254160
vn -0.133698 0.825223 0.459569
vn -0.328466 0.935183 0.013715
vn -0.002915 0.952093 0.284460
vn 0.057630 0.958722 0.265324
vn -0.001065 0.966302 -0.250375
vn 0.053982 0.971645 -0.222006
vn -0.285631 0.956534 -0.013291
vn 0.048847 0.958112 0.083217
vn -0.003552 0.980439 0.195818
vn 0.213322 0.973492 0.054232
vn 0.210011 0.970194 -0.110959
vn 0.273632 0.957395 -0.061578
vn 0.112009 0.962628 -0.234505
vn 0.178359 0.963589 -0.178950
vn 0.213215 0.964714 -0.099513
vn 0.277593 0.952780 -0.003240
vn 0.303859 0.945318 0.051419
vn -0.302000 0.945073 -0.034405
vn 0.258420 0.963925 0.013205
vn 0.253798 0.946815 0.160317
vn 0.001687 0.947574 0.307035
vn 0.323420 0.935567 -0.012283
vn 0.289014 0.947507 -0.087316
vn 0.003081 0.959735 -0.273935
vn 0.302480 0.949419 -0.001522
vn -0.233750 0.971006 0.032553
vn -0.339079 0.933314 0.025186
vn 0.007907 0.954666 -0.287047
vn 0.033468 0.948842 -0.299410
vn -0.293778 0.953289 -0.034949
vn -0.294973 0.952964 -0.037652
vn 0.091612 0.959662 -0.256384
vn 0.041952 0.968580 -0.242612
vn -0.118421 0.986484 -0.018905
vn -0.204774 0.967165 0.004796
vn -0.173749 0.967657 -0.011142
vn -0.033773 0.984173 -0.001021
vn -0.159597 0.938179 -0.182827
vn -0.018026 0.929877 -0.064930
vn -0.258941 0.949178 -0.141550
vn -0.038512 0.981124 -0.004216
vn -0.118545 0.956546 -0.233659
vn 0.042008 0.965904 0.115755
vn 0.027348 0.955576 0.041477
vn 0.086992 0.951577 0.108741
vn -0.025926 0.809968 -0.460898
vn 0.281201 0.956863 -0.007207
vn 0.278993 0.956413 0.064822
vn 0.215551 0.971199 0.094578
vn 0.293562 0.950429 0.044613
vn 0.281231 0.946936 0.130651
vn 0.212708 0.949766 0.205339
vn 0.154483 0.949526 0.251729
vn 0.255186 0.958898 -0.098619
vn 0.262702 0.964096 0.025661
vn -0.176263 0.886876 0.395688
vn 0.060340 0.952379 -0.287446
vn -0.335794 0.936595 0.030774
vn -0.299406 0.949410 0.031732
vn 0.013354 0.945617 0.318431
vn 0.004753 0.950167 0.306871
vn 0.293988 0.951659 0.018098
vn 0.003415 0.940665 -0.333495
vn 0.014973 0.951604 0.300913
vn 0.013089 0.945628 0.319811
vn 0.012945 0.920332 -0.372150
vn 0.000330 0.945828 0.320226
vn 0.003541 0.949303 0.309499
vn 0.009520 0.945629 0.319974
vn -0.004234 0.965296 -0.260737
vn -0.005610 0.957172 -0.289234
vn 0.107599 0.944723 0.298149
vn -0.398234 0.910316 -0.006289
vn -0.390027 0.914699 0.002963
vn 0.344647 0.932148 0.065114
vn 0.275935 0.960322 0.030845
vn 0.291301 0.951756 -0.080528
vn -0.298123 0.951159 -0.010230
vn -0.321167 0.945147 -0.006701
vn -0.319839 0.943582 -0.035130
vn 0.288368 0.946106 -0.126223
vn 0.005519 0.943545 0.324290
vn -0.338380 0.922697 0.146309
vn 0.192394 0.965716 0.174291
vn 0.325253 0.937170 -0.007515
vn 0.298342 0.943459 -0.130519
vn 0.118702 0.807659 0.519158
vn 0.262095 0.943081 -0.172628
vn 0.247632 0.954136 0.162529
vn 0.080829 0.910595 -0.384776
vn -0.004663 0.933278 0.351271
vn -0.006523 0.928088 0.366879
vn 0.028050 0.956143 -0.290853
vn 0.274014 0.951262 0.129213
vn 0.318268 0.945669 0.052257
vn -0.088927 0.898410 -0.409591
vn 0.229320 0.934004 0.258833
vn 0.094580 0.936310 0.326381
vn 0.016569 0.943394 0.327932
vn 0.059188 0.950588 0.303665
vn 0.000556 0.938114 0.340825
vn -0.000819 0.926146 0.371970
vn 0.059382 0.937808 0.337577
vn -0.000351 0.913934 -0.392261
vn -0.003771 0.907874 -0.409829
vn -0.298986 0.869719 0.319198
vn -0.113878 0.769218 -0.394720
vn 0.124122 0.939300 0.312417
vn -0.393796 0.910014 -0.016801
vn -0.405271 0.906361 0.014726
vn -0.388605 0.914002 0.001812
vn -0.002391 0.948434 -0.316555
vn -0.002665 0.942492 -0.334190
vn 0.020855 0.923546 -0.378585
vn 0.026680 0.955166 -0.293853
vn 0.100066 0.950835 -0.291569
vn 0.182226 0.942188 -0.273920
vn -0.327350 0.863784 -0.329977
vn 0.362063 0.912469 -0.151715
vn -0.022562 0.924701 0.376136
vn 0.354438 0.934768 0.007751
vn -0.017631 0.909164 -0.405955
vn 0.195896 0.945399 0.254062
vn 0.025111 0.893839 -0.439348
vn 0.328872 0.935870 -0.118214
vn 0.013571 0.936655 0.349529
vn 0.360416 0.906268 -0.163780
vn -0.435894 0.892287 -0.025554
vn 0.333034 0.936594 0.108998
vn -0.404810 0.909095 -0.033481
vn 0.074664 0.788277 -0.098968
vn 0.317003 0.911037 -0.250364
vn 0.239629 0.893524 -0.364073
vn 0.002524 0.935135 0.354218
vn 0.006621 0.930103 0.366884
vn -0.000540 0.929835 0.367783
vn 0.003244 0.926517 0.375959
vn 0.378415 0.922205 -0.038256
vn 0.411317 0.898149 -0.111430
vn 0.461703 0.862682 -0.157636
vn 0.491039 0.856199 -0.109284
vn -0.389056 0.843026 0.333265
vn 0.377676 0.925586 0.001660
vn 0.010577 0.930628 0.365675
vn 0.021148 0.926378 0.375762
vn 0.009210 0.920884 0.389675
vn 0.393453 0.911005 0.070488
vn 0.004474 0.889374 -0.450860
vn 0.419835 0.902840 0.066994
vn 0.464375 0.874262 0.084046
vn -0.000298 0.905895 -0.420100
vn 0.391255 0.920187 -0.007050
vn -0.505747 0.851107 -0.047578
vn -0.472307 0.871742 -0.019402
vn -0.544281 0.831753 -0.014047
vn -0.457499 0.859699 -0.186310
vn -0.487977 0.866685 0.036715
vn 0.378513 0.918206 -0.116729
vn 0.402216 0.908560 -0.079488
vn 0.461843 0.880068 -0.028495
vn 0.464920 0.880498 0.052656
vn 0.373929 0.900087 0.201330
vn 0.005464 0.911605 0.410957
vn -0.000324 0.910659 0.413137
vn -0.242441 0.854815 -0.438326
vn 0.217811 0.913055 0.337587
vn 0.265437 0.922104 0.281544
vn -0.013246 0.903894 0.427101
vn -0.484100 0.868067 0.046686
vn -0.522833 0.846998 0.031802
vn -0.002933 0.906416 0.422259
vn -0.006791 0.901256 0.433215
vn -0.066245 0.890526 0.447629
vn 0.505621 0.856085 -0.039094
vn -0.029576 0.879360 -0.469760
vn 0.591214 0.791890 0.053836
vn 0.091174 0.902677 0.420550
vn 0.333488 0.900382 0.279461
vn 0.504966 0.846569 -0.140252
vn 0.044666 0.890608 0.452231
vn 0.572682 0.804354 -0.072645
vn 0.060186 0.835297 -0.535816
vn 0.440163 0.892061 0.102387
vn -0.544769 0.831019 0.011461
vn -0.548631 0.801308 0.187477
vn -0.542557 0.832607 0.023802
vn -0.534038 0.837340 -0.034387
vn -0.526963 0.844046 -0.004423
vn 0.001139 0.869325 -0.493189
vn -0.563292 0.816124 0.022902
vn -0.554931 0.824415 0.004643
vn 0.583810 0.802174 0.071657
vn 0.070595 0.863236 -0.495481
vn 0.348080 0.853429 -0.385143
vn 0.019936 0.667510 -0.703081
vn 0.228232 0.849594 -0.469900
vn -0.070844 0.873586 -0.475808
vn -0.000120 0.838114 -0.530754
vn -0.119180 0.857158 0.500622
vn 0.004885 0.861405 -0.507871
vn 0.004034 0.853153 -0.521424
vn 0.040828 0.818734 -0.565920
vn -0.556404 0.826435 -0.030759
vn -0.542990 0.838962 -0.027150
vn -0.020623 0.841596 -0.539203
vn -0.194241 0.837281 0.506601
vn -0.552584 0.815705 -0.144438
vn 0.563091 0.813955 -0.119757
vn 0.585793 0.807366 -0.012054
vn 0.613865 0.782075 0.056110
vn 0.561020 0.823317 -0.058204
vn 0.561366 0.820445 -0.108345
vn 0.583730 0.794741 -0.152678
vn -0.371922 0.781646 0.488721
vn -0.586781 0.809023 -0.022306
vn -0.494510 0.781285 -0.360611
vn -0.534342 0.743069 0.375377
vn -0.615165 0.787686 -0.021243
vn -0.613788 0.789324 -0.014977
vn -0.586250 0.809326 0.035148
vn -0.605401 0.791070 0.056605
vn 0.648198 0.753309 0.092363
vn 0.650917 0.746142 -0.111267
vn -0.605589 0.795320 -0.003656
vn -0.598757 0.800426 0.012848
vn -0.653691 0.754372 0.003731
vn -0.672132 0.738909 0.022696
vn -0.632310 0.772725 -0.051978
vn -0.670444 0.740987 -0.022658
vn 0.061989 0.746299 -0.662246
vn -0.188476 0.705780 0.079764
vn 0.013158 0.611922 -0.691655
vn -0.056704 0.762154 0.482336
vn 0.011615 0.583279 -0.576194
vn 0.218082 0.732563 0.596213
vn 0.711852 0.698125 -0.039401
vn 0.689303 0.720188 0.072539
vn -0.670337 0.741379 0.030830
vn -0.695805 0.716243 0.030431
vn -0.430081 0.720965 -0.542612
vn -0.678143 0.702333 0.208187
vn -0.501132 0.700006 0.508782
vn 0.722311 0.687750 0.060437
vn 0.003759 -0.260226 0.965378
vn 0.002752 -0.275564 0.961279
vn 0.002791 -0.243580 0.969145
vn -0.004273 -0.227032 0.973296
vn -0.012772 -0.213990 0.975906
vn -0.025063 -0.252841 0.967183
vn -0.004083 -0.268524 0.963264
vn -0.004083 -0.268524 0.963264
vn -0.004083 -0.268524 0.963264
vn 0.064280 -0.271975 0.959960
vn 0.074052 -0.242593 0.966207
vn 0.056617 -0.258272 0.964412
vn 0.148684 -0.246808 0.949049
vn 0.184910 -0.224954 0.946758
vn 0.344595 -0.289252 0.893078
vn 0.785081 -0.062366 0.616246
vn 0.703598 -0.099747 0.686455
vn 0.782381 -0.070875 0.618583
vn 0.629230 -0.133865 0.750534
vn 0.543700 -0.158346 0.824207
vn 0.032445 -0.256055 0.966118
vn 0.032445 -0.256055 0.966118
vn 0.032445 -0.256055 0.966118
o geometry_0
usemtl Material
f 1604/1604/1604 1605/1605/1605 1603/1603/1603
f 895/895/895 855/855/855 896/896/896
f 1604/1604/1604 1606/1606/1606 1605/1605/1605
f 1630/1630/1630 1626/1626/1626 1629/1629/1629
f 1626/1626/1626 1627/1627/1627 1628/1628/1628
f 1629/1629/1629 1626/1626/1626 1628/1628/1628
f 1635/1635/1635 1636/1636/1636 1630/1630/1630
f 1636/1636/1636 1634/1634/1634 1630/1630/1630
f 1630/1630/1630 1634/1634/1634 1626/1626/1626
f 914/914/914 911/911/911 915/915/915
f 915/915/915 911/911/911 916/916/916
f 916/916/916 911/911/911 917/917/917
f 911/911/911 910/910/910 917/917/917
f 1651/1651/1651 1652/1652/1652 1634/1634/1634
f 1636/1636/1636 1651/1651/1651 1634/1634/1634
f 914/914/914 907/907/907 911/911/911
f 911/911/911 907/907/907 910/910/910
f 1651/1651/1651 1653/1653/1653 1652/1652/1652
f 1652/1652/1652 1653/1653/1653 1657/1657/1657
f 907/907/907 908/908/908 909/909/909
f 907/907/907 909/909/909 910/910/910
f 1598/1598/1598 1603/1603/1603 1596/1596/1596
f 1596/1596/1596 1603/1603/1603 1602/1602/1602
f 897/897/897 895/895/895 896/896/896
f 1598/1598/1598 1610/1610/1610 1604/1604/1604
f 1598/1598/1598 1604/1604/1604 1603/1603/1603
f 1610/1610/1610 1611/1611/1611 1604/1604/1604
f 855/855/855 851/851/851 896/896/896
f 1611/1611/1611 1607/1607/1607 1604/1604/1604
f 1604/1604/1604 1607/1607/1607 1606/1606/1606
f 853/853/853 851/851/851 855/855/855
f 1607/1607/1607 1608/1608/1608 1606/1606/1606
f 854/854/854 849/849/849 853/853/853
f 853/853/853 849/849/849 851/851/851
f 1631/1631/1631 1635/1635/1635 1630/1630/1630
f 1631/1631/1631 1637/1637/1637 1635/1635/1635
f 1631/1631/1631 1630/1630/1630 1629/1629/1629
f 1637/1637/1637 1639/1639/1639 1635/1635/1635
f 1639/1639/1639 1659/1659/1659 1636/1636/1636
f 1639/1639/1639 1636/1636/1636 1635/1635/1635
f 917/917/917 918/918/918 920/920/920
f 1658/1658/1658 1651/1651/1651 1636/1636/1636
f 1659/1659/1659 1658/1658/1658 1636/1636/1636
f 1658/1658/1658 1654/1654/1654 1651/1651/1651
f 1654/1654/1654 1653/1653/1653 1651/1651/1651
f 1654/1654/1654 1655/1655/1655 1653/1653/1653
f 1653/1653/1653 1655/1655/1655 1657/1657/1657
f 913/913/913 912/912/912 908/908/908
f 908/908/908 912/912/912 909/909/909
f 1590/1590/1590 1602/1602/1602 1588/1588/1588
f 906/906/906 897/897/897 898/898/898
f 1590/1590/1590 1595/1595/1595 1596/1596/1596
f 1590/1590/1590 1596/1596/1596 1602/1602/1602
f 1595/1595/1595 1599/1599/1599 1598/1598/1598
f 1595/1595/1595 1598/1598/1598 1596/1596/1596
f 1599/1599/1599 1613/1613/1613 1598/1598/1598
f 1599/1599/1599 1601/1601/1601 1613/1613/1613
f 1613/1613/1613 1610/1610/1610 1598/1598/1598
f 1610/1610/1610 1613/1613/1613 1612/1612/1612
f 1610/1610/1610 1612/1612/1612 1611/1611/1611
f 1612/1612/1612 1614/1614/1614 1611/1611/1611
f 1611/1611/1611 1609/1609/1609 1607/1607/1607
f 1607/1607/1607 1609/1609/1609 1608/1608/1608
f 337/337/337 339/339/339 340/340/340
f 849/849/849 850/850/850 851/851/851
f 235/235/235 243/243/243 242/242/242
f 1637/1637/1637 1631/1631/1631 1632/1632/1632
f 1632/1632/1632 1631/1631/1631 1629/1629/1629
f 1632/1632/1632 1629/1629/1629 1633/1633/1633
f 930/930/930 922/922/922 925/925/925
f 1640/1640/1640 1639/1639/1639 1637/1637/1637
f 1639/1639/1639 1664/1664/1664 1659/1659/1659
f 1659/1659/1659 1662/1662/1662 1658/1658/1658
f 1658/1658/1658 1661/1661/1661 1654/1654/1654
f 1661/1661/1661 1660/1660/1660 1654/1654/1654
f 1654/1654/1654 1656/1656/1656 1655/1655/1655
f 909/909/909 912/912/912 919/919/919
f 1496/1496/1496 1494/1494/1494 1498/1498/1498
f 1590/1590/1590 1592/1592/1592 1595/1595/1595
f 1601/1601/1601 1616/1616/1616 1613/1613/1613
f 1616/1616/1616 1615/1615/1615 1613/1613/1613
f 1613/1613/1613 1615/1615/1615 1612/1612/1612
f 1612/1612/1612 1615/1615/1615 1614/1614/1614
f 1618/1618/1618 1609/1609/1609 1611/1611/1611
f 1614/1614/1614 1618/1618/1618 1611/1611/1611
f 1618/1618/1618 1620/1620/1620 1609/1609/1609
f 322/322/322 320/320/320 337/337/337
f 337/337/337 320/320/320 339/339/339
f 339/339/339 320/320/320 326/326/326
f 849/849/849 852/852/852 850/850/850
f 1638/1638/1638 1637/1637/1637 1632/1632/1632
f 1640/1640/1640 1667/1667/1667 1639/1639/1639
f 1639/1639/1639 1667/1667/1667 1664/1664/1664
f 1664/1664/1664 1665/1665/1665 1659/1659/1659
f 1659/1659/1659 1665/1665/1665 1662/1662/1662
f 1662/1662/1662 1661/1661/1661 1658/1658/1658
f 1660/1660/1660 1656/1656/1656 1654/1654/1654
f 1656/1656/1656 1660/1660/1660 1663/1663/1663
f 1492/1492/1492 1494/1494/1494 1495/1495/1495
f 1495/1495/1495 1494/1494/1494 1496/1496/1496
f 912/912/912 926/926/926 919/919/919
f 926/926/926 927/927/927 919/919/919
f 1494/1494/1494 1497/1497/1497 1498/1498/1498
f 1595/1595/1595 1592/1592/1592 1597/1597/1597
f 1597/1597/1597 1599/1599/1599 1595/1595/1595
f 1597/1597/1597 1601/1601/1601 1599/1599/1599
f 1615/1615/1615 1617/1617/1617 1614/1614/1614
f 1614/1614/1614 1617/1617/1617 1618/1618/1618
f 322/322/322 296/296/296 320/320/320
f 852/852/852 857/857/857 850/850/850
f 1632/1632/1632 1643/1643/1643 1638/1638/1638
f 235/235/235 242/242/242 218/218/218
f 1641/1641/1641 1640/1640/1640 1638/1638/1638
f 1641/1641/1641 1642/1642/1642 1640/1640/1640
f 1642/1642/1642 1667/1667/1667 1640/1640/1640
f 2102/2102/2102 1996/1996/1996 2169/2169/2169
f 1581/1581/1581 1574/1574/1574 1578/1578/1578
f 1661/1661/1661 1666/1666/1666 1660/1660/1660
f 1660/1660/1660 1666/1666/1666 1663/1663/1663
f 1492/1492/1492 1489/1489/1489 1494/1494/1494
f 926/926/926 928/928/928 927/927/927
f 1494/1494/1494 1489/1489/1489 1497/1497/1497
f 1489/1489/1489 1484/1484/1484 1497/1497/1497
f 1587/1587/1587 1588/1588/1588 1589/1589/1589
f 1748/1748/1748 1713/1713/1713 1745/1745/1745
f 1745/1745/1745 1746/1746/1746 2094/2094/2094
f 2094/2094/2094 1890/1890/1890 2050/2050/2050
f 1618/1618/1618 1622/1622/1622 1620/1620/1620
f 322/322/322 307/307/307 296/296/296
f 296/296/296 295/295/295 320/320/320
f 320/320/320 295/295/295 326/326/326
f 295/295/295 327/327/327 326/326/326
f 1641/1641/1641 1638/1638/1638 1643/1643/1643
f 2172/2172/2172 2001/2001/2001 2165/2165/2165
f 2165/2165/2165 2001/2001/2001 2102/2102/2102
f 944/944/944 928/928/928 926/926/926
f 1592/1592/1592 1593/1593/1593 1600/1600/1600
f 1592/1592/1592 1600/1600/1600 1597/1597/1597
f 1713/1713/1713 1731/1731/1731 1745/1745/1745
f 1731/1731/1731 1746/1746/1746 1745/1745/1745
f 2094/2094/2094 1746/1746/1746 1890/1890/1890
f 2050/2050/2050 2000/2000/2000 2129/2129/2129
f 2000/2000/2000 2163/2163/2163 2129/2129/2129
f 1617/1617/1617 1619/1619/1619 1618/1618/1618
f 1621/1621/1621 1622/1622/1622 1618/1618/1618
f 1618/1618/1618 1619/1619/1619 1621/1621/1621
f 295/295/295 321/321/321 327/327/327
f 1641/1641/1641 1646/1646/1646 1642/1642/1642
f 2234/2234/2234 2236/2236/2236 2173/2173/2173
f 2234/2234/2234 2173/2173/2173 2172/2172/2172
f 2172/2172/2172 2173/2173/2173 2019/2019/2019
f 2172/2172/2172 2019/2019/2019 2001/2001/2001
f 2102/2102/2102 2001/2001/2001 1992/1992/1992
f 2102/2102/2102 1992/1992/1992 1996/1996/1996
f 1574/1574/1574 1542/1542/1542 1578/1578/1578
f 1578/1578/1578 1542/1542/1542 1493/1493/1493
f 1493/1493/1493 1491/1491/1491 1492/1492/1492
f 1492/1492/1492 1491/1491/1491 1489/1489/1489
f 1491/1491/1491 1485/1485/1485 1489/1489/1489
f 1489/1489/1489 1485/1485/1485 1484/1484/1484
f 1746/1746/1746 1731/1731/1731 1743/1743/1743
f 1746/1746/1746 1743/1743/1743 1890/1890/1890
f 1890/1890/1890 1883/1883/1883 2050/2050/2050
f 2050/2050/2050 1883/1883/1883 2000/2000/2000
f 307/307/307 293/293/293 296/296/296
f 296/296/296 293/293/293 295/295/295
f 1643/1643/1643 1645/1645/1645 1641/1641/1641
f 1645/1645/1645 1646/1646/1646 1641/1641/1641
f 1542/1542/1542 1528/1528/1528 1493/1493/1493
f 1493/1493/1493 1528/1528/1528 1491/1491/1491
f 1484/1484/1484 1485/1485/1485 1486/1486/1486
f 943/943/943 941/941/941 944/944/944
f 1713/1713/1713 1709/1709/1709 1731/1731/1731
f 307/307/307 308/308/308 293/293/293
f 859/859/859 860/860/860 858/858/858
f 293/293/293 281/281/281 295/295/295
f 295/295/295 281/281/281 321/321/321
f 1643/1643/1643 1647/1647/1647 1645/1645/1645
f 2173/2173/2173 2018/2018/2018 2019/2019/2019
f 2001/2001/2001 1990/1990/1990 1992/1992/1992
f 1990/1990/1990 1991/1991/1991 1992/1992/1992
f 1992/1992/1992 1991/1991/1991 1996/1996/1996
f 1574/1574/1574 1544/1544/1544 1542/1542/1542
f 1544/1544/1544 1535/1535/1535 1542/1542/1542
f 1542/1542/1542 1535/1535/1535 1528/1528/1528
f 1491/1491/1491 1521/1521/1521 1488/1488/1488
f 1491/1491/1491 1488/1488/1488 1485/1485/1485
f 1681/1681/1681 1709/1709/1709 1713/1713/1713
f 1730/1730/1730 1742/1742/1742 1743/1743/1743
f 1731/1731/1731 1730/1730/1730 1743/1743/1743
f 2000/2000/2000 2138/2138/2138 2163/2163/2163
f 1619/1619/1619 1623/1623/1623 1621/1621/1621
f 308/308/308 292/292/292 293/293/293
f 293/293/293 292/292/292 280/280/280
f 293/293/293 280/280/280 281/281/281
f 2236/2236/2236 2233/2233/2233 2130/2130/2130
f 2236/2236/2236 2130/2130/2130 2173/2173/2173
f 2173/2173/2173 2130/2130/2130 2018/2018/2018
f 2019/2019/2019 2018/2018/2018 1990/1990/1990
f 2019/2019/2019 1990/1990/1990 2001/2001/2001
f 1991/1991/1991 1993/1993/1993 1996/1996/1996
f 1996/1996/1996 1993/1993/1993 1997/1997/1997
f 1528/1528/1528 1521/1521/1521 1491/1491/1491
f 942/942/942 941/941/941 940/940/940
f 1709/1709/1709 1730/1730/1730 1731/1731/1731
f 1743/1743/1743 1884/1884/1884 1890/1890/1890
f 1890/1890/1890 1884/1884/1884 1883/1883/1883
f 2000/2000/2000 1883/1883/1883 1882/1882/1882
f 2000/2000/2000 1882/1882/1882 2012/2012/2012
f 1623/1623/1623 1624/1624/1624 1621/1621/1621
f 308/308/308 310/310/310 292/292/292
f 281/281/281 288/288/288 321/321/321
f 321/321/321 288/288/288 336/336/336
f 1645/1645/1645 1649/1649/1649 1648/1648/1648
f 1535/1535/1535 1527/1527/1527 1528/1528/1528
f 1488/1488/1488 1487/1487/1487 1485/1485/1485
f 1485/1485/1485 1487/1487/1487 1486/1486/1486
f 1681/1681/1681 1680/1680/1680 1709/1709/1709
f 1742/1742/1742 1884/1884/1884 1743/1743/1743
f 2000/2000/2000 2012/2012/2012 2138/2138/2138
f 200/200/200 180/180/180 221/221/221
f 2018/2018/2018 1969/1969/1969 1990/1990/1990
f 1528/1528/1528 1527/1527/1527 1521/1521/1521
f 943/943/943 937/937/937 941/941/941
f 1883/1883/1883 1881/1881/1881 1882/1882/1882
f 1623/1623/1623 1625/1625/1625 1624/1624/1624
f 310/310/310 303/303/303 292/292/292
f 292/292/292 272/272/272 280/280/280
f 180/180/180 181/181/181 162/162/162
f 1969/1969/1969 1989/1989/1989 1990/1990/1990
f 1989/1989/1989 1988/1988/1988 1990/1990/1990
f 1990/1990/1990 1988/1988/1988 1991/1991/1991
f 1991/1991/1991 1988/1988/1988 1993/1993/1993
f 1544/1544/1544 1540/1540/1540 1535/1535/1535
f 1535/1535/1535 1540/1540/1540 1527/1527/1527
f 1527/1527/1527 1520/1520/1520 1521/1521/1521
f 1520/1520/1520 1490/1490/1490 1488/1488/1488
f 1521/1521/1521 1520/1520/1520 1488/1488/1488
f 1488/1488/1488 1490/1490/1490 1487/1487/1487
f 1487/1487/1487 1499/1499/1499 1486/1486/1486
f 943/943/943 936/936/936 937/937/937
f 1884/1884/1884 1881/1881/1881 1883/1883/1883
f 1882/1882/1882 1904/1904/1904 2012/2012/2012
f 2012/2012/2012 2043/2043/2043 2138/2138/2138
f 292/292/292 303/303/303 272/272/272
f 280/280/280 272/272/272 273/273/273
f 280/280/280 273/273/273 281/281/281
f 281/281/281 273/273/273 288/288/288
f 2130/2130/2130 2024/2024/2024 2018/2018/2018
f 2018/2018/2018 2024/2024/2024 1969/1969/1969
f 937/937/937 939/939/939 940/940/940
f 1709/1709/1709 1712/1712/1712 1730/1730/1730
f 1882/1882/1882 1875/1875/1875 1904/1904/1904
f 2138/2138/2138 2043/2043/2043 2220/2220/2220
f 273/273/273 284/284/284 288/288/288
f 284/284/284 329/329/329 288/288/288
f 1570/1570/1570 1540/1540/1540 1544/1544/1544
f 447/447/447 446/446/446 445/445/445
f 1881/1881/1881 1875/1875/1875 1882/1882/1882
f 1527/1527/1527 1522/1522/1522 1520/1520/1520
f 1520/1520/1520 1515/1515/1515 1490/1490/1490
f 937/937/937 935/935/935 939/939/939
f 1680/1680/1680 1692/1692/1692 1709/1709/1709
f 1709/1709/1709 1692/1692/1692 1712/1712/1712
f 303/303/303 291/291/291 272/272/272
f 272/272/272 267/267/267 273/273/273
f 273/273/273 267/267/267 284/284/284
f 2233/2233/2233 2145/2145/2145 2130/2130/2130
f 2130/2130/2130 2145/2145/2145 2024/2024/2024
f 1988/1988/1988 1970/1970/1970 1993/1993/1993
f 1570/1570/1570 1573/1573/1573 1540/1540/1540
f 937/937/937 936/936/936 935/935/935
f 1673/1673/1673 1692/1692/1692 1680/1680/1680
f 1730/1730/1730 1741/1741/1741 1742/1742/1742
f 2043/2043/2043 2142/2142/2142 2220/2220/2220
f 272/272/272 259/259/259 267/267/267
f 329/329/329 284/284/284 333/333/333
f 2233/2233/2233 2229/2229/2229 2145/2145/2145
f 1989/1989/1989 1969/1969/1969 1965/1965/1965
f 1965/1965/1965 1970/1970/1970 1988/1988/1988
f 1989/1989/1989 1965/1965/1965 1988/1988/1988
f 1520/1520/1520 1522/1522/1522 1515/1515/1515
f 1515/1515/1515 1516/1516/1516 1490/1490/1490
f 443/443/443 444/444/444 445/445/445
f 446/446/446 443/443/443 445/445/445
f 291/291/291 259/259/259 272/272/272
f 1742/1742/1742 1933/1933/1933 1884/1884/1884
f 1884/1884/1884 1885/1885/1885 1881/1881/1881
f 303/303/303 309/309/309 291/291/291
f 284/284/284 324/324/324 333/333/333
f 1969/1969/1969 1968/1968/1968 1965/1965/1965
f 1970/1970/1970 2006/2006/2006 1993/1993/1993
f 1573/1573/1573 1559/1559/1559 1540/1540/1540
f 1540/1540/1540 1559/1559/1559 1536/1536/1536
f 1540/1540/1540 1536/1536/1536 1527/1527/1527
f 936/936/936 931/931/931 935/935/935
f 1742/1742/1742 1741/1741/1741 1933/1933/1933
f 1884/1884/1884 1933/1933/1933 1885/1885/1885
f 1875/1875/1875 1869/1869/1869 1904/1904/1904
f 2012/2012/2012 1894/1894/1894 2043/2043/2043
f 309/309/309 299/299/299 291/291/291
f 2024/2024/2024 1968/1968/1968 1969/1969/1969
f 1527/1527/1527 1523/1523/1523 1522/1522/1522
f 1881/1881/1881 1874/1874/1874 1875/1875/1875
f 299/299/299 252/252/252 291/291/291
f 291/291/291 252/252/252 259/259/259
f 259/259/259 258/258/258 266/266/266
f 259/259/259 266/266/266 267/267/267
f 267/267/267 266/266/266 284/284/284
f 1527/1527/1527 1536/1536/1536 1523/1523/1523
f 1522/1522/1522 1518/1518/1518 1515/1515/1515
f 1515/1515/1515 1517/1517/1517 1516/1516/1516
f 931/931/931 933/933/933 935/935/935
f 1692/1692/1692 1708/1708/1708 1712/1712/1712
f 1730/1730/1730 1724/1724/1724 1741/1741/1741
f 1885/1885/1885 1874/1874/1874 1881/1881/1881
f 1904/1904/1904 1894/1894/1894 2012/2012/2012
f 266/266/266 282/282/282 284/284/284
f 284/284/284 282/282/282 324/324/324
f 1518/1518/1518 1517/1517/1517 1515/1515/1515
f 935/935/935 933/933/933 938/938/938
f 443/443/443 441/441/441 444/444/444
f 931/931/931 932/932/932 933/933/933
f 1904/1904/1904 1869/1869/1869 1894/1894/1894
f 2229/2229/2229 2144/2144/2144 2145/2145/2145
f 1970/1970/1970 1959/1959/1959 2006/2006/2006
f 1522/1522/1522 1523/1523/1523 1518/1518/1518
f 443/443/443 442/442/442 441/441/441
f 1874/1874/1874 1869/1869/1869 1875/1875/1875
f 1894/1894/1894 2031/2031/2031 2043/2043/2043
f 2043/2043/2043 2031/2031/2031 2142/2142/2142
f 259/259/259 252/252/252 258/258/258
f 1965/1965/1965 1959/1959/1959 1970/1970/1970
f 1573/1573/1573 1567/1567/1567 1559/1559/1559
f 867/867/867 866/866/866 865/865/865
f 2024/2024/2024 1985/1985/1985 1968/1968/1968
f 1959/1959/1959 1983/1983/1983 2006/2006/2006
f 1559/1559/1559 1567/1567/1567 1532/1532/1532
f 1559/1559/1559 1532/1532/1532 1536/1536/1536
f 442/442/442 438/438/438 441/441/441
f 1675/1675/1675 1760/1760/1760 1677/1677/1677
f 282/282/282 331/331/331 324/324/324
f 1968/1968/1968 1953/1953/1953 1965/1965/1965
f 1965/1965/1965 1952/1952/1952 1959/1959/1959
f 1532/1532/1532 1523/1523/1523 1536/1536/1536
f 1518/1518/1518 1519/1519/1519 1517/1517/1517
f 438/438/438 439/439/439 441/441/441
f 932/932/932 934/934/934 933/933/933
f 2145/2145/2145 2144/2144/2144 1985/1985/1985
f 2145/2145/2145 1985/1985/1985 2024/2024/2024
f 1953/1953/1953 1952/1952/1952 1965/1965/1965
f 1523/1523/1523 1524/1524/1524 1518/1518/1518
f 1524/1524/1524 1519/1519/1519 1518/1518/1518
f 1673/1673/1673 1683/1683/1683 1692/1692/1692
f 1985/1985/1985 1953/1953/1953 1968/1968/1968
f 1673/1673/1673 1678/1678/1678 1683/1683/1683
f 1933/1933/1933 1886/1886/1886 1885/1885/1885
f 2031/2031/2031 2141/2141/2141 2142/2142/2142
f 1523/1523/1523 1525/1525/1525 1524/1524/1524
f 1524/1524/1524 1586/1586/1586 1519/1519/1519
f 438/438/438 429/429/429 435/435/435
f 438/438/438 435/435/435 439/439/439
f 934/934/934 959/959/959 960/960/960
f 934/934/934 960/960/960 938/938/938
f 1933/1933/1933 1741/1741/1741 1886/1886/1886
f 1885/1885/1885 1867/1867/1867 1874/1874/1874
f 1874/1874/1874 1867/1867/1867 1869/1869/1869
f 2141/2141/2141 2204/2204/2204 2142/2142/2142
f 252/252/252 257/257/257 258/258/258
f 258/258/258 257/257/257 266/266/266
f 1532/1532/1532 1525/1525/1525 1523/1523/1523
f 1683/1683/1683 1708/1708/1708 1692/1692/1692
f 299/299/299 300/300/300 252/252/252
f 252/252/252 300/300/300 249/249/249
f 257/257/257 270/270/270 266/266/266
f 266/266/266 270/270/270 282/282/282
f 1959/1959/1959 1954/1954/1954 1983/1983/1983
f 1525/1525/1525 1526/1526/1526 1524/1524/1524
f 1567/1567/1567 1558/1558/1558 1532/1532/1532
f 1532/1532/1532 1558/1558/1558 1533/1533/1533
f 430/430/430 428/428/428 429/429/429
f 1483/1483/1483 1468/1468/1468 1474/1474/1474
f 1474/1474/1474 1478/1478/1478 1482/1482/1482
f 1983/1983/1983 1967/1967/1967 2049/2049/2049
f 1532/1532/1532 1533/1533/1533 1525/1525/1525
f 1466/1466/1466 1465/1465/1465 1468/1468/1468
f 1468/1468/1468 1483/1483/1483 1466/1466/1466
f 810/810/810 811/811/811 807/807/807
f 872/872/872 874/874/874 883/883/883
f 1468/1468/1468 1472/1472/1472 1474/1474/1474
f 1468/1468/1468 1471/1471/1471 1472/1472/1472
f 1472/1472/1472 1478/1478/1478 1474/1474/1474
f 872/872/872 868/868/868 871/871/871
f 872/872/872 871/871/871 874/874/874
f 1472/1472/1472 1479/1479/1479 1478/1478/1478
f 1478/1478/1478 1481/1481/1481 1482/1482/1482
f 868/868/868 869/869/869 870/870/870
f 868/868/868 870/870/870 871/871/871
f 1724/1724/1724 1722/1722/1722 1741/1741/1741
f 1886/1886/1886 1867/1867/1867 1885/1885/1885
f 1953/1953/1953 1951/1951/1951 1952/1952/1952
f 1952/1952/1952 1954/1954/1954 1959/1959/1959
f 1954/1954/1954 1967/1967/1967 1983/1983/1983
f 809/809/809 810/810/810 806/806/806
f 1465/1465/1465 1470/1470/1470 1471/1471/1471
f 1465/1465/1465 1471/1471/1471 1468/1468/1468
f 810/810/810 807/807/807 806/806/806
f 2198/2198/2198 2128/2128/2128 2125/2125/2125
f 1471/1471/1471 1476/1476/1476 1472/1472/1472
f 874/874/874 878/878/878 882/882/882
f 2223/2223/2223 2125/2125/2125 2202/2202/2202
f 874/874/874 873/873/873 878/878/878
f 1480/1480/1480 1481/1481/1481 1478/1478/1478
f 1479/1479/1479 1480/1480/1480 1478/1478/1478
f 870/870/870 873/873/873 871/871/871
f 396/396/396 398/398/398 407/407/407
f 2299/2299/2299 2300/2300/2300 2301/2301/2301
f 309/309/309 315/315/315 299/299/299
f 806/806/806 794/794/794 805/805/805
f 1470/1470/1470 1473/1473/1473 1471/1471/1471
f 2125/2125/2125 2060/2060/2060 2202/2202/2202
f 2060/2060/2060 2137/2137/2137 2202/2202/2202
f 2137/2137/2137 2218/2218/2218 2202/2202/2202
f 397/397/397 392/392/392 396/396/396
f 873/873/873 870/870/870 875/875/875
f 392/392/392 393/393/393 396/396/396
f 870/870/870 876/876/876 875/875/875
f 396/396/396 393/393/393 398/398/398
f 2300/2300/2300 2302/2302/2302 2301/2301/2301
f 1985/1985/1985 1951/1951/1951 1953/1953/1953
f 960/960/960 958/958/958 968/968/968
f 805/805/805 794/794/794 788/788/788
f 2128/2128/2128 1920/1920/1920 2125/2125/2125
f 2125/2125/2125 1920/1920/1920 1850/1850/1850
f 2125/2125/2125 1850/1850/1850 2060/2060/2060
f 393/393/393 382/382/382 398/398/398
f 876/876/876 880/880/880 875/875/875
f 1708/1708/1708 1707/1707/1707 1724/1724/1724
f 1724/1724/1724 1707/1707/1707 1722/1722/1722
f 1741/1741/1741 1740/1740/1740 1886/1886/1886
f 1952/1952/1952 1949/1949/1949 1954/1954/1954
f 428/428/428 417/417/417 429/429/429
f 429/429/429 417/417/417 435/435/435
f 959/959/959 958/958/958 960/960/960
f 2060/2060/2060 1850/1850/1850 1831/1831/1831
f 2060/2060/2060 1831/1831/1831 2137/2137/2137
f 386/386/386 382/382/382 393/393/393
f 392/392/392 386/386/386 393/393/393
f 382/382/382 380/380/380 398/398/398
f 398/398/398 380/380/380 410/410/410
f 2300/2300/2300 2303/2303/2303 2302/2302/2302
f 876/876/876 892/892/892 880/880/880
f 1683/1683/1683 1684/1684/1684 1708/1708/1708
f 1722/1722/1722 1740/1740/1740 1741/1741/1741
f 249/249/249 246/246/246 252/252/252
f 252/252/252 246/246/246 257/257/257
f 1951/1951/1951 1949/1949/1949 1952/1952/1952
f 1533/1533/1533 1534/1534/1534 1525/1525/1525
f 1525/1525/1525 1529/1529/1529 1526/1526/1526
f 417/417/417 434/434/434 435/435/435
f 959/959/959 957/957/957 958/958/958
f 719/719/719 715/715/715 720/720/720
f 2128/2128/2128 2072/2072/2072 1916/1916/1916
f 2128/2128/2128 1916/1916/1916 1920/1920/1920
f 1920/1920/1920 1803/1803/1803 1850/1850/1850
f 1867/1867/1867 1868/1868/1868 1869/1869/1869
f 270/270/270 279/279/279 282/282/282
f 282/282/282 279/279/279 331/331/331
f 427/427/427 417/417/417 428/428/428
f 1477/1477/1477 1475/1475/1475 1469/1469/1469
f 1475/1475/1475 1470/1470/1470 1469/1469/1469
f 714/714/714 715/715/715 719/719/719
f 1850/1850/1850 1803/1803/1803 1831/1831/1831
f 392/392/392 391/391/391 386/386/386
f 1679/1679/1679 1756/1756/1756 1750/1750/1750
f 2188/2188/2188 2103/2103/2103 2144/2144/2144
f 2144/2144/2144 2103/2103/2103 1985/1985/1985
f 605/605/605 603/603/603 604/604/604
f 1916/1916/1916 1803/1803/1803 1920/1920/1920
f 1831/1831/1831 2112/2112/2112 2137/2137/2137
f 386/386/386 373/373/373 382/382/382
f 382/382/382 373/373/373 380/380/380
f 380/380/380 381/381/381 409/409/409
f 380/380/380 409/409/409 410/410/410
f 890/890/890 884/884/884 880/880/880
f 1708/1708/1708 1684/1684/1684 1707/1707/1707
f 1740/1740/1740 1887/1887/1887 1886/1886/1886
f 1558/1558/1558 1539/1539/1539 1533/1533/1533
f 1533/1533/1533 1539/1539/1539 1534/1534/1534
f 1534/1534/1534 1530/1530/1530 1525/1525/1525
f 1525/1525/1525 1530/1530/1530 1529/1529/1529
f 1916/1916/1916 1804/1804/1804 1803/1803/1803
f 391/391/391 388/388/388 386/386/386
f 386/386/386 388/388/388 373/373/373
f 373/373/373 360/360/360 380/380/380
f 380/380/380 360/360/360 381/381/381
f 1894/1894/1894 1876/1876/1876 2031/2031/2031
f 603/603/603 596/596/596 604/604/604
f 373/373/373 367/367/367 360/360/360
f 381/381/381 383/383/383 409/409/409
f 890/890/890 893/893/893 884/884/884
f 1886/1886/1886 1887/1887/1887 1870/1870/1870
f 1886/1886/1886 1870/1870/1870 1867/1867/1867
f 1867/1867/1867 1870/1870/1870 1868/1868/1868
f 2103/2103/2103 1984/1984/1984 1985/1985/1985
f 1985/1985/1985 1984/1984/1984 1951/1951/1951
f 1956/1956/1956 1967/1967/1967 1954/1954/1954
f 417/417/417 416/416/416 434/434/434
f 714/714/714 713/713/713 712/712/712
f 714/714/714 712/712/712 715/715/715
f 1803/1803/1803 1802/1802/1802 1831/1831/1831
f 1831/1831/1831 2021/2021/2021 2112/2112/2112
f 1722/1722/1722 1721/1721/1721 1740/1740/1740
f 1869/1869/1869 1876/1876/1876 1894/1894/1894
f 315/315/315 300/300/300 299/299/299
f 1951/1951/1951 1950/1950/1950 1949/1949/1949
f 1949/1949/1949 1956/1956/1956 1954/1954/1954
f 2133/2133/2133 2033/2033/2033 2072/2072/2072
f 2072/2072/2072 2033/2033/2033 1916/1916/1916
f 1916/1916/1916 2033/2033/2033 1804/1804/1804
f 1804/1804/1804 1800/1800/1800 1803/1803/1803
f 1802/1802/1802 2021/2021/2021 1831/1831/1831
f 388/388/388 367/367/367 373/373/373
f 360/360/360 359/359/359 383/383/383
f 360/360/360 383/383/383 381/381/381
f 1707/1707/1707 1702/1702/1702 1722/1722/1722
f 1984/1984/1984 1950/1950/1950 1951/1951/1951
f 1967/1967/1967 1999/1999/1999 2049/2049/2049
f 2112/2112/2112 2021/2021/2021 2143/2143/2143
f 2112/2112/2112 2143/2143/2143 2217/2217/2217
f 893/893/893 887/887/887 884/884/884
f 1869/1869/1869 1868/1868/1868 1876/1876/1876
f 1530/1530/1530 1531/1531/1531 1529/1529/1529
f 416/416/416 433/433/433 434/434/434
f 957/957/957 954/954/954 955/955/955
f 1026/1026/1026 1020/1020/1020 1019/1019/1019
f 1800/1800/1800 1802/1802/1802 1803/1803/1803
f 887/887/887 886/886/886 884/884/884
f 359/359/359 399/399/399 383/383/383
f 1702/1702/1702 1721/1721/1721 1722/1722/1722
f 1740/1740/1740 1739/1739/1739 1887/1887/1887
f 427/427/427 415/415/415 417/417/417
f 417/417/417 415/415/415 416/416/416
f 713/713/713 711/711/711 712/712/712
f 2033/2033/2033 1799/1799/1799 1804/1804/1804
f 2021/2021/2021 2044/2044/2044 2143/2143/2143
f 367/367/367 363/363/363 360/360/360
f 360/360/360 358/358/358 359/359/359
f 1684/1684/1684 1702/1702/1702 1707/1707/1707
f 1804/1804/1804 1799/1799/1799 1800/1800/1800
f 1802/1802/1802 2048/2048/2048 2044/2044/2044
f 1802/1802/1802 2044/2044/2044 2021/2021/2021
f 367/367/367 387/387/387 363/363/363
f 363/363/363 358/358/358 360/360/360
f 300/300/300 294/294/294 249/249/249
f 1800/1800/1800 1801/1801/1801 1802/1802/1802
f 1802/1802/1802 1801/1801/1801 2048/2048/2048
f 1685/1685/1685 1686/1686/1686 1684/1684/1684
f 279/279/279 332/332/332 331/331/331
f 1801/1801/1801 1822/1822/1822 2048/2048/2048
f 2048/2048/2048 1822/1822/1822 2044/2044/2044
f 887/887/887 888/888/888 886/886/886
f 358/358/358 357/357/357 359/359/359
f 359/359/359 357/357/357 399/399/399
f 894/894/894 891/891/891 887/887/887
f 1721/1721/1721 1739/1739/1739 1740/1740/1740
f 387/387/387 376/376/376 363/363/363
f 887/887/887 889/889/889 888/888/888
f 357/357/357 405/405/405 399/399/399
f 2289/2289/2289 2287/2287/2287 2288/2288/2288
f 1876/1876/1876 2014/2014/2014 2031/2031/2031
f 2031/2031/2031 2014/2014/2014 2141/2141/2141
f 270/270/270 278/278/278 279/279/279
f 279/279/279 278/278/278 332/332/332
f 1984/1984/1984 1963/1963/1963 1950/1950/1950
f 1956/1956/1956 1966/1966/1966 1967/1967/1967
f 2133/2133/2133 2034/2034/2034 2033/2033/2033
f 1801/1801/1801 1805/1805/1805 1822/1822/1822
f 1684/1684/1684 1687/1687/1687 1702/1702/1702
f 2033/2033/2033 2034/2034/2034 1799/1799/1799
f 1800/1800/1800 1795/1795/1795 1801/1801/1801
f 1801/1801/1801 1795/1795/1795 1805/1805/1805
f 1822/1822/1822 1805/1805/1805 2044/2044/2044
f 2044/2044/2044 2104/2104/2104 2143/2143/2143
f 363/363/363 356/356/356 358/358/358
f 1967/1967/1967 1966/1966/1966 1999/1999/1999
f 954/954/954 953/953/953 955/955/955
f 1799/1799/1799 1795/1795/1795 1800/1800/1800
f 1805/1805/1805 2104/2104/2104 2044/2044/2044
f 2104/2104/2104 2166/2166/2166 2143/2143/2143
f 1686/1686/1686 1687/1687/1687 1684/1684/1684
f 2141/2141/2141 2203/2203/2203 2204/2204/2204
f 315/315/315 316/316/316 300/300/300
f 1534/1534/1534 1537/1537/1537 1530/1530/1530
f 2034/2034/2034 2010/2010/2010 1799/1799/1799
f 1799/1799/1799 2010/2010/2010 1798/1798/1798
f 1799/1799/1799 1798/1798/1798 1795/1795/1795
f 1805/1805/1805 1917/1917/1917 2104/2104/2104
f 257/257/257 271/271/271 270/270/270
f 270/270/270 271/271/271 278/278/278
f 711/711/711 710/710/710 709/709/709
f 711/711/711 709/709/709 712/712/712
f 712/712/712 709/709/709 716/716/716
f 1795/1795/1795 1917/1917/1917 1805/1805/1805
f 376/376/376 356/356/356 363/363/363
f 358/358/358 356/356/356 357/357/357
f 1887/1887/1887 1888/1888/1888 1870/1870/1870
f 2014/2014/2014 2122/2122/2122 2141/2141/2141
f 2141/2141/2141 2122/2122/2122 2203/2203/2203
f 415/415/415 413/413/413 416/416/416
f 416/416/416 413/413/413 433/433/433
f 1868/1868/1868 1870/1870/1870 1871/1871/1871
f 1956/1956/1956 1955/1955/1955 1966/1966/1966
f 1966/1966/1966 1998/1998/1998 1999/1999/1999
f 1539/1539/1539 1538/1538/1538 1534/1534/1534
f 1534/1534/1534 1538/1538/1538 1537/1537/1537
f 415/415/415 411/411/411 413/413/413
f 711/711/711 717/717/717 710/710/710
f 1798/1798/1798 1794/1794/1794 1795/1795/1795
f 2287/2287/2287 2286/2286/2286 2288/2288/2288
f 1917/1917/1917 2105/2105/2105 2104/2104/2104
f 2104/2104/2104 2105/2105/2105 2166/2166/2166
f 376/376/376 375/375/375 356/356/356
f 357/357/357 355/355/355 405/405/405
f 1739/1739/1739 1888/1888/1888 1887/1887/1887
f 1949/1949/1949 1955/1955/1955 1956/1956/1956
f 1539/1539/1539 1548/1548/1548 1538/1538/1538
f 1798/1798/1798 1806/1806/1806 1794/1794/1794
f 2105/2105/2105 2184/2184/2184 2166/2166/2166
f 356/356/356 355/355/355 357/357/357
f 891/891/891 1453/1453/1453 889/889/889
f 1963/1963/1963 1947/1947/1947 1950/1950/1950
f 1537/1537/1537 1543/1543/1543 1531/1531/1531
f 1530/1530/1530 1537/1537/1537 1531/1531/1531
f 415/415/415 425/425/425 411/411/411
f 2010/2010/2010 1806/1806/1806 1798/1798/1798
f 1795/1795/1795 1918/1918/1918 1917/1917/1917
f 1917/1917/1917 1918/1918/1918 2105/2105/2105
f 1702/1702/1702 1720/1720/1720 1721/1721/1721
f 316/316/316 306/306/306 300/300/300
f 300/300/300 306/306/306 294/294/294
f 1955/1955/1955 1978/1978/1978 1966/1966/1966
f 413/413/413 437/437/437 433/433/433
f 954/954/954 951/951/951 953/953/953
f 2034/2034/2034 2110/2110/2110 2010/2010/2010
f 1870/1870/1870 1888/1888/1888 1871/1871/1871
f 1868/1868/1868 1872/1872/1872 1876/1876/1876
f 294/294/294 244/244/244 249/249/249
f 249/249/249 244/244/244 246/246/246
f 2103/2103/2103 1963/1963/1963 1984/1984/1984
f 1950/1950/1950 1947/1947/1947 1949/1949/1949
f 1966/1966/1966 1978/1978/1978 1998/1998/1998
f 356/356/356 375/375/375 353/353/353
f 1687/1687/1687 1688/1688/1688 1702/1702/1702
f 1947/1947/1947 1948/1948/1948 1949/1949/1949
f 951/951/951 952/952/952 953/953/953
f 1795/1795/1795 1792/1792/1792 1918/1918/1918
f 356/356/356 353/353/353 355/355/355
f 1686/1686/1686 1688/1688/1688 1687/1687/1687
f 1871/1871/1871 1872/1872/1872 1868/1868/1868
f 244/244/244 245/245/245 246/246/246
f 246/246/246 245/245/245 257/257/257
f 1949/1949/1949 1948/1948/1948 1955/1955/1955
f 2105/2105/2105 2185/2185/2185 2184/2184/2184
f 1702/1702/1702 1703/1703/1703 1720/1720/1720
f 1948/1948/1948 1958/1958/1958 1955/1955/1955
f 1955/1955/1955 1958/1958/1958 1978/1978/1978
f 1806/1806/1806 1793/1793/1793 1794/1794/1794
f 1793/1793/1793 1792/1792/1792 1794/1794/1794
f 1794/1794/1794 1792/1792/1792 1795/1795/1795
f 2105/2105/2105 2100/2100/2100 2185/2185/2185
f 353/353/353 354/354/354 355/355/355
f 1686/1686/1686 1689/1689/1689 1688/1688/1688
f 1688/1688/1688 1703/1703/1703 1702/1702/1702
f 413/413/413 414/414/414 437/437/437
f 2105/2105/2105 1918/1918/1918 2100/2100/2100
f 375/375/375 374/374/374 353/353/353
f 1888/1888/1888 1889/1889/1889 1871/1871/1871
f 245/245/245 260/260/260 257/257/257
f 257/257/257 260/260/260 271/271/271
f 1537/1537/1537 1541/1541/1541 1543/1543/1543
f 278/278/278 335/335/335 332/332/332
f 951/951/951 947/947/947 952/952/952
f 952/952/952 947/947/947 956/956/956
f 414/414/414 440/440/440 437/437/437
f 354/354/354 364/364/364 355/355/355
f 355/355/355 364/364/364 405/405/405
f 1978/1978/1978 1972/1972/1972 1998/1998/1998
f 1792/1792/1792 1829/1829/1829 1918/1918/1918
f 364/364/364 406/406/406 405/405/405
f 2287/2287/2287 2284/2284/2284 2286/2286/2286
f 1690/1690/1690 1688/1688/1688 1689/1689/1689
f 1688/1688/1688 1693/1693/1693 1703/1703/1703
f 1720/1720/1720 1727/1727/1727 1739/1739/1739
f 1872/1872/1872 1877/1877/1877 1876/1876/1876
f 1548/1548/1548 1545/1545/1545 1538/1538/1538
f 1538/1538/1538 1541/1541/1541 1537/1537/1537
f 425/425/425 412/412/412 411/411/411
f 411/411/411 412/412/412 413/413/413
f 413/413/413 412/412/412 414/414/414
f 2110/2110/2110 2011/2011/2011 2010/2010/2010
f 2010/2010/2010 2011/2011/2011 1807/1807/1807
f 2010/2010/2010 1807/1807/1807 1806/1806/1806
f 1806/1806/1806 1807/1807/1807 1793/1793/1793
f 1688/1688/1688 1690/1690/1690 1693/1693/1693
f 1703/1703/1703 1727/1727/1727 1720/1720/1720
f 1739/1739/1739 2023/2023/2023 1888/1888/1888
f 1888/1888/1888 2023/2023/2023 1889/1889/1889
f 951/951/951 945/945/945 947/947/947
f 2110/2110/2110 2111/2111/2111 2011/2011/2011
f 1918/1918/1918 1829/1829/1829 2100/2100/2100
f 1693/1693/1693 1705/1705/1705 1703/1703/1703
f 1889/1889/1889 1873/1873/1873 1871/1871/1871
f 1873/1873/1873 1872/1872/1872 1871/1871/1871
f 271/271/271 287/287/287 278/278/278
f 278/278/278 287/287/287 335/335/335
f 1694/1694/1694 1693/1693/1693 1690/1690/1690
f 1703/1703/1703 1705/1705/1705 1727/1727/1727
f 1078/1078/1078 1076/1076/1076 1077/1077/1077
f 1948/1948/1948 1957/1957/1957 1958/1958/1958
f 1958/1958/1958 1977/1977/1977 1978/1978/1978
f 1977/1977/1977 1972/1972/1972 1978/1978/1978
f 374/374/374 368/368/368 353/353/353
f 354/354/354 352/352/352 364/364/364
f 1876/1876/1876 1877/1877/1877 2014/2014/2014
f 2014/2014/2014 2013/2013/2013 2122/2122/2122
f 1958/1958/1958 1957/1957/1957 1960/1960/1960
f 1958/1958/1958 1960/1960/1960 1977/1977/1977
f 1972/1972/1972 2026/2026/2026 1998/1998/1998
f 1829/1829/1829 2101/2101/2101 2100/2100/2100
f 2100/2100/2100 2175/2175/2175 2185/2185/2185
f 368/368/368 351/351/351 353/353/353
f 353/353/353 351/351/351 352/352/352
f 353/353/353 352/352/352 354/354/354
f 1453/1453/1453 1383/1383/1383 889/889/889
f 1739/1739/1739 1738/1738/1738 2023/2023/2023
f 710/710/710 705/705/705 709/709/709
f 709/709/709 705/705/705 706/706/706
f 1807/1807/1807 1808/1808/1808 1793/1793/1793
f 1793/1793/1793 1808/1808/1808 1790/1790/1790
f 1790/1790/1790 1791/1791/1791 1792/1792/1792
f 1793/1793/1793 1790/1790/1790 1792/1792/1792
f 2100/2100/2100 2101/2101/2101 2175/2175/2175
f 1453/1453/1453 1452/1452/1452 1383/1383/1383
f 1694/1694/1694 1670/1670/1670 1693/1693/1693
f 1541/1541/1541 1547/1547/1547 1543/1543/1543
f 1076/1076/1076 1071/1071/1071 1077/1077/1077
f 2111/2111/2111 2045/2045/2045 2011/2011/2011
f 1829/1829/1829 1830/1830/1830 2101/2101/2101
f 1670/1670/1670 1695/1695/1695 1693/1693/1693
f 1877/1877/1877 2013/2013/2013 2014/2014/2014
f 1538/1538/1538 1545/1545/1545 1541/1541/1541
f 1547/1547/1547 1550/1550/1550 1543/1543/1543
f 1543/1543/1543 1550/1550/1550 1583/1583/1583
f 1550/1550/1550 1585/1585/1585 1583/1583/1583
f 412/412/412 418/418/418 414/414/414
f 2011/2011/2011 1808/1808/1808 1807/1807/1807
f 1792/1792/1792 1791/1791/1791 1829/1829/1829
f 1668/1668/1668 1669/1669/1669 1670/1670/1670
f 1670/1670/1670 1669/1669/1669 1695/1695/1695
f 1693/1693/1693 1695/1695/1695 1704/1704/1704
f 1705/1705/1705 1704/1704/1704 1727/1727/1727
f 197/197/197 208/208/208 201/201/201
f 1947/1947/1947 1946/1946/1946 1948/1948/1948
f 1791/1791/1791 1830/1830/1830 1829/1829/1829
f 368/368/368 369/369/369 351/351/351
f 2284/2284/2284 2285/2285/2285 2286/2286/2286
f 1977/1977/1977 1960/1960/1960 1972/1972/1972
f 979/979/979 973/973/973 1225/1225/1225
f 294/294/294 247/247/247 244/244/244
f 244/244/244 247/247/247 245/245/245
f 1946/1946/1946 1957/1957/1957 1948/1948/1948
f 2101/2101/2101 2174/2174/2174 2175/2175/2175
f 1947/1947/1947 1945/1945/1945 1946/1946/1946
f 1960/1960/1960 1971/1971/1971 1972/1972/1972
f 1972/1972/1972 1971/1971/1971 2026/2026/2026
f 352/352/352 350/350/350 364/364/364
f 364/364/364 350/350/350 400/400/400
f 364/364/364 400/400/400 406/406/406
f 1464/1464/1464 1462/1462/1462 1452/1452/1452
f 2023/2023/2023 1737/1737/1737 1889/1889/1889
f 1830/1830/1830 2107/2107/2107 2101/2101/2101
f 2101/2101/2101 2107/2107/2107 2174/2174/2174
f 1671/1671/1671 1672/1672/1672 1669/1669/1669
f 1668/1668/1668 1671/1671/1671 1669/1669/1669
f 1669/1669/1669 1672/1672/1672 1695/1695/1695
f 1704/1704/1704 1706/1706/1706 1728/1728/1728
f 1704/1704/1704 1728/1728/1728 1727/1727/1727
f 1727/1727/1727 1728/1728/1728 1738/1738/1738
f 1738/1738/1738 1737/1737/1737 2023/2023/2023
f 208/208/208 230/230/230 232/232/232
f 2103/2103/2103 1986/1986/1986 1963/1963/1963
f 1963/1963/1963 1945/1945/1945 1947/1947/1947
f 1960/1960/1960 1961/1961/1961 1971/1971/1971
f 1971/1971/1971 2027/2027/2027 2026/2026/2026
f 1545/1545/1545 1546/1546/1546 1541/1541/1541
f 1541/1541/1541 1546/1546/1546 1547/1547/1547
f 1311/1311/1311 1313/1313/1313 998/998/998
f 1695/1695/1695 1706/1706/1706 1704/1704/1704
f 1957/1957/1957 1961/1961/1961 1960/1960/1960
f 2111/2111/2111 2152/2152/2152 2045/2045/2045
f 530/530/530 531/531/531 532/532/532
f 1737/1737/1737 1738/1738/1738 1728/1728/1728
f 316/316/316 312/312/312 306/306/306
f 1672/1672/1672 1671/1671/1671 1695/1695/1695
f 1695/1695/1695 1696/1696/1696 1706/1706/1706
f 351/351/351 350/350/350 352/352/352
f 1671/1671/1671 1696/1696/1696 1695/1695/1695
f 1957/1957/1957 1946/1946/1946 1961/1961/1961
f 1545/1545/1545 1555/1555/1555 1546/1546/1546
f 414/414/414 436/436/436 440/440/440
f 945/945/945 946/946/946 947/947/947
f 1791/1791/1791 1789/1789/1789 1830/1830/1830
f 1737/1737/1737 1893/1893/1893 1889/1889/1889
f 1889/1889/1889 1893/1893/1893 1873/1873/1873
f 1877/1877/1877 1878/1878/1878 2013/2013/2013
f 312/312/312 305/305/305 306/306/306
f 306/306/306 305/305/305 294/294/294
f 418/418/418 419/419/419 414/414/414
f 414/414/414 419/419/419 436/436/436
f 2011/2011/2011 2045/2045/2045 1808/1808/1808
f 369/369/369 370/370/370 351/351/351
f 350/350/350 347/347/347 400/400/400
f 1696/1696/1696 1710/1710/1710 1706/1706/1706
f 1878/1878/1878 2061/2061/2061 2013/2013/2013
f 946/946/946 948/948/948 947/947/947
f 1790/1790/1790 1789/1789/1789 1791/1791/1791
f 1830/1830/1830 2108/2108/2108 2107/2107/2107
f 2107/2107/2107 2176/2176/2176 2174/2174/2174
f 370/370/370 349/349/349 351/351/351
f 351/351/351 349/349/349 350/350/350
f 1452/1452/1452 1384/1384/1384 1383/1383/1383
f 1462/1462/1462 1451/1451/1451 1452/1452/1452
f 1873/1873/1873 1866/1866/1866 1872/1872/1872
f 2013/2013/2013 2061/2061/2061 2122/2122/2122
f 305/305/305 247/247/247 294/294/294
f 247/247/247 248/248/248 245/245/245
f 245/245/245 248/248/248 260/260/260
f 1971/1971/1971 1974/1974/1974 2027/2027/2027
f 1833/1833/1833 2108/2108/2108 1830/1830/1830
f 1452/1452/1452 1451/1451/1451 1384/1384/1384
f 1873/1873/1873 1865/1865/1865 1866/1866/1866
f 1963/1963/1963 1986/1986/1986 1945/1945/1945
f 705/705/705 702/702/702 706/706/706
f 1789/1789/1789 1833/1833/1833 1830/1830/1830
f 2107/2107/2107 2108/2108/2108 2176/2176/2176
f 349/349/349 347/347/347 350/350/350
f 1961/1961/1961 1973/1973/1973 1971/1971/1971
f 370/370/370 372/372/372 349/349/349
f 1710/1710/1710 1711/1711/1711 1706/1706/1706
f 1728/1728/1728 1733/1733/1733 1737/1737/1737
f 1872/1872/1872 1866/1866/1866 1877/1877/1877
f 2061/2061/2061 2211/2211/2211 2203/2203/2203
f 2122/2122/2122 2061/2061/2061 2203/2203/2203
f 2188/2188/2188 2191/2191/2191 2103/2103/2103
f 1961/1961/1961 1962/1962/1962 1973/1973/1973
f 1546/1546/1546 1549/1549/1549 1547/1547/1547
f 2108/2108/2108 2177/2177/2177 2176/2176/2176
f 347/347/347 343/343/343 400/400/400
f 1710/1710/1710 1700/1700/1700 1711/1711/1711
f 1706/1706/1706 1711/1711/1711 1728/1728/1728
f 1973/1973/1973 1974/1974/1974 1971/1971/1971
f 973/973/973 1295/1295/1295 1225/1225/1225
f 1547/1547/1547 1549/1549/1549 1550/1550/1550
f 1550/1550/1550 1551/1551/1551 1585/1585/1585
f 2045/2045/2045 1809/1809/1809 1808/1808/1808
f 1893/1893/1893 1865/1865/1865 1873/1873/1873
f 287/287/287 334/334/334 335/335/335
f 2045/2045/2045 2064/2064/2064 1809/1809/1809
f 1790/1790/1790 1780/1780/1780 1789/1789/1789
f 2191/2191/2191 1986/1986/1986 2103/2103/2103
f 2152/2152/2152 2064/2064/2064 2045/2045/2045
f 343/343/343 408/408/408 400/400/400
f 2290/2290/2290 2291/2291/2291 2292/2292/2292
f 1728/1728/1728 1711/1711/1711 1733/1733/1733
f 248/248/248 256/256/256 260/260/260
f 260/260/260 256/256/256 271/271/271
f 271/271/271 286/286/286 287/287/287
f 287/287/287 286/286/286 334/334/334
f 1808/1808/1808 1809/1809/1809 1790/1790/1790
f 1790/1790/1790 1809/1809/1809 1780/1780/1780
f 1733/1733/1733 1893/1893/1893 1737/1737/1737
f 1866/1866/1866 1878/1878/1878 1877/1877/1877
f 1555/1555/1555 1549/1549/1549 1546/1546/1546
f 2108/2108/2108 2109/2109/2109 2177/2177/2177
f 1946/1946/1946 1962/1962/1962 1961/1961/1961
f 705/705/705 700/700/700 702/702/702
f 1124/1124/1124 1254/1254/1254 1111/1111/1111
f 1549/1549/1549 1551/1551/1551 1550/1550/1550
f 418/418/418 420/420/420 419/419/419
f 419/419/419 420/420/420 436/436/436
f 372/372/372 371/371/371 349/349/349
f 349/349/349 341/341/341 347/347/347
f 1451/1451/1451 1449/1449/1449 1388/1388/1388
f 1451/1451/1451 1388/1388/1388 1384/1384/1384
f 347/347/347 341/341/341 343/343/343
f 1463/1463/1463 1449/1449/1449 1451/1451/1451
f 1865/1865/1865 1864/1864/1864 1866/1866/1866
f 1945/1945/1945 1943/1943/1943 1946/1946/1946
f 1973/1973/1973 1975/1975/1975 1974/1974/1974
f 1780/1780/1780 1782/1782/1782 1789/1789/1789
f 1833/1833/1833 2109/2109/2109 2108/2108/2108
f 1313/1313/1313 1312/1312/1312 999/999/999
f 2109/2109/2109 2186/2186/2186 2177/2177/2177
f 371/371/371 361/361/361 349/349/349
f 349/349/349 361/361/361 341/341/341
f 256/256/256 275/275/275 271/271/271
f 271/271/271 275/275/275 286/286/286
f 1986/1986/1986 1964/1964/1964 1945/1945/1945
f 2152/2152/2152 2153/2153/2153 2064/2064/2064
f 2064/2064/2064 2068/2068/2068 1809/1809/1809
f 2068/2068/2068 1810/1810/1810 1809/1809/1809
f 1809/1809/1809 1810/1810/1810 1780/1780/1780
f 1789/1789/1789 1782/1782/1782 1833/1833/1833
f 1833/1833/1833 1935/1935/1935 2109/2109/2109
f 1893/1893/1893 1863/1863/1863 1865/1865/1865
f 2191/2191/2191 2015/2015/2015 1986/1986/1986
f 1986/1986/1986 2015/2015/2015 1964/1964/1964
f 1962/1962/1962 1976/1976/1976 1973/1973/1973
f 1833/1833/1833 1782/1782/1782 1935/1935/1935
f 1725/1725/1725 1733/1733/1733 1711/1711/1711
f 197/197/197 194/194/194 208/208/208
f 1945/1945/1945 1944/1944/1944 1943/1943/1943
f 1946/1946/1946 1943/1943/1943 1962/1962/1962
f 1973/1973/1973 1976/1976/1976 1975/1975/1975
f 426/426/426 421/421/421 418/418/418
f 418/418/418 421/421/421 420/420/420
f 700/700/700 701/701/701 702/702/702
f 341/341/341 342/342/342 343/343/343
f 1714/1714/1714 1711/1711/1711 1700/1700/1700
f 1964/1964/1964 1944/1944/1944 1945/1945/1945
f 2153/2153/2153 2068/2068/2068 2064/2064/2064
f 1863/1863/1863 1864/1864/1864 1865/1865/1865
f 1555/1555/1555 1554/1554/1554 1549/1549/1549
f 1810/1810/1810 1781/1781/1781 1780/1780/1780
f 1780/1780/1780 1781/1781/1781 1782/1782/1782
f 1733/1733/1733 1735/1735/1735 1893/1893/1893
f 1893/1893/1893 1892/1892/1892 1863/1863/1863
f 1866/1866/1866 1864/1864/1864 1878/1878/1878
f 305/305/305 302/302/302 247/247/247
f 1974/1974/1974 1975/1975/1975 2027/2027/2027
f 343/343/343 342/342/342 403/403/403
f 343/343/343 403/403/403 408/408/408
f 1460/1460/1460 1438/1438/1438 1449/1449/1449
f 1463/1463/1463 1460/1460/1460 1449/1449/1449
f 1700/1700/1700 1715/1715/1715 1714/1714/1714
f 1733/1733/1733 1725/1725/1725 1735/1735/1735
f 247/247/247 250/250/250 248/248/248
f 248/248/248 250/250/250 256/256/256
f 973/973/973 975/975/975 1295/1295/1295
f 2153/2153/2153 2154/2154/2154 2068/2068/2068
f 1449/1449/1449 1438/1438/1438 1388/1388/1388
f 1714/1714/1714 1725/1725/1725 1711/1711/1711
f 247/247/247 251/251/251 250/250/250
f 1551/1551/1551 1552/1552/1552 1584/1584/1584
f 591/591/591 592/592/592 597/597/597
f 700/700/700 698/698/698 701/701/701
f 2061/2061/2061 2131/2131/2131 2211/2211/2211
f 302/302/302 251/251/251 247/247/247
f 2191/2191/2191 2162/2162/2162 2015/2015/2015
f 946/946/946 950/950/950 948/948/948
f 700/700/700 699/699/699 698/698/698
f 2154/2154/2154 2069/2069/2069 2068/2068/2068
f 2068/2068/2068 2069/2069/2069 1810/1810/1810
f 1864/1864/1864 1862/1862/1862 1878/1878/1878
f 286/286/286 328/328/328 334/334/334
f 1943/1943/1943 1982/1982/1982 1962/1962/1962
f 1962/1962/1962 1982/1982/1982 1976/1976/1976
f 1878/1878/1878 1879/1879/1879 2061/2061/2061
f 2061/2061/2061 1879/1879/1879 2131/2131/2131
f 2131/2131/2131 2212/2212/2212 2211/2211/2211
f 312/312/312 313/313/313 305/305/305
f 305/305/305 313/313/313 302/302/302
f 1555/1555/1555 1557/1557/1557 1554/1554/1554
f 1549/1549/1549 1552/1552/1552 1551/1551/1551
f 1810/1810/1810 1811/1811/1811 1781/1781/1781
f 275/275/275 277/277/277 286/286/286
f 286/286/286 277/277/277 328/328/328
f 2015/2015/2015 2162/2162/2162 1964/1964/1964
f 1975/1975/1975 2028/2028/2028 2027/2027/2027
f 1552/1552/1552 1582/1582/1582 1584/1584/1584
f 422/422/422 423/423/423 420/420/420
f 421/421/421 422/422/422 420/420/420
f 420/420/420 423/423/423 436/436/436
f 371/371/371 365/365/365 361/361/361
f 256/256/256 265/265/265 275/275/275
f 275/275/275 265/265/265 277/277/277
f 2069/2069/2069 1811/1811/1811 1810/1810/1810
f 1935/1935/1935 1936/1936/1936 2109/2109/2109
f 1863/1863/1863 1862/1862/1862 1864/1864/1864
f 601/601/601 600/600/600 592/592/592
f 699/699/699 687/687/687 698/698/698
f 1715/1715/1715 1716/1716/1716 1714/1714/1714
f 1943/1943/1943 1981/1981/1981 1982/1982/1982
f 1554/1554/1554 1553/1553/1553 1549/1549/1549
f 698/698/698 697/697/697 708/708/708
f 2154/2154/2154 2097/2097/2097 2069/2069/2069
f 1862/1862/1862 1879/1879/1879 1878/1878/1878
f 2162/2162/2162 1987/1987/1987 1964/1964/1964
f 1975/1975/1975 1979/1979/1979 2028/2028/2028
f 1557/1557/1557 1553/1553/1553 1554/1554/1554
f 1549/1549/1549 1553/1553/1553 1552/1552/1552
f 2069/2069/2069 2097/2097/2097 1811/1811/1811
f 1781/1781/1781 1783/1783/1783 1782/1782/1782
f 1783/1783/1783 1936/1936/1936 1782/1782/1782
f 1782/1782/1782 1936/1936/1936 1935/1935/1935
f 1716/1716/1716 1717/1717/1717 1714/1714/1714
f 1735/1735/1735 1891/1891/1891 1892/1892/1892
f 1982/1982/1982 1981/1981/1981 1976/1976/1976
f 1981/1981/1981 1979/1979/1979 1976/1976/1976
f 1976/1976/1976 1979/1979/1979 1975/1975/1975
f 687/687/687 697/697/697 698/698/698
f 2109/2109/2109 2139/2139/2139 2186/2186/2186
f 341/341/341 344/344/344 342/342/342
f 971/971/971 1210/1210/1210 975/975/975
f 687/687/687 684/684/684 697/697/697
f 1460/1460/1460 1437/1437/1437 1438/1438/1438
f 1701/1701/1701 1771/1771/1771 1716/1716/1716
f 1701/1701/1701 1716/1716/1716 1715/1715/1715
f 1714/1714/1714 1717/1717/1717 1725/1725/1725
f 1725/1725/1725 1726/1726/1726 1735/1735/1735
f 1892/1892/1892 1891/1891/1891 1863/1863/1863
f 1863/1863/1863 1861/1861/1861 1862/1862/1862
f 250/250/250 254/254/254 256/256/256
f 256/256/256 254/254/254 265/265/265
f 1936/1936/1936 2139/2139/2139 2109/2109/2109
f 1717/1717/1717 1726/1726/1726 1725/1725/1725
f 423/423/423 431/431/431 436/436/436
f 683/683/683 680/680/680 682/682/682
f 946/946/946 949/949/949 950/950/950
f 365/365/365 344/344/344 361/361/361
f 361/361/361 344/344/344 341/341/341
f 1891/1891/1891 1861/1861/1861 1863/1863/1863
f 302/302/302 253/253/253 251/251/251
f 251/251/251 253/253/253 250/250/250
f 250/250/250 253/253/253 254/254/254
f 277/277/277 285/285/285 328/328/328
f 1446/1446/1446 1450/1450/1450 1379/1379/1379
f 2097/2097/2097 2073/2073/2073 1811/1811/1811
f 371/371/371 389/389/389 365/365/365
f 1726/1726/1726 1736/1736/1736 1735/1735/1735
f 225/225/225 205/205/205 231/231/231
f 1964/1964/1964 1987/1987/1987 1944/1944/1944
f 1981/1981/1981 1994/1994/1994 1979/1979/1979
f 697/697/697 695/695/695 708/708/708
f 2073/2073/2073 1796/1796/1796 1811/1811/1811
f 344/344/344 345/345/345 342/342/342
f 342/342/342 345/345/345 403/403/403
f 2162/2162/2162 2215/2215/2215 1987/1987/1987
f 1979/1979/1979 2029/2029/2029 2028/2028/2028
f 1557/1557/1557 1560/1560/1560 1553/1553/1553
f 422/422/422 424/424/424 423/423/423
f 423/423/423 424/424/424 431/431/431
f 695/695/695 707/707/707 708/708/708
f 1553/1553/1553 1556/1556/1556 1552/1552/1552
f 1862/1862/1862 1880/1880/1880 1879/1879/1879
f 1879/1879/1879 1880/1880/1880 2131/2131/2131
f 2131/2131/2131 1880/1880/1880 2132/2132/2132
f 265/265/265 268/268/268 277/277/277
f 277/277/277 268/268/268 285/285/285
f 1943/1943/1943 1980/1980/1980 1981/1981/1981
f 1565/1565/1565 1560/1560/1560 1557/1557/1557
f 1552/1552/1552 1556/1556/1556 1582/1582/1582
f 695/695/695 693/693/693 707/707/707
f 345/345/345 401/401/401 403/403/403
f 1460/1460/1460 1461/1461/1461 1437/1437/1437
f 1861/1861/1861 1860/1860/1860 1862/1862/1862
f 1862/1862/1862 1860/1860/1860 1880/1880/1880
f 2131/2131/2131 2132/2132/2132 2212/2212/2212
f 1987/1987/1987 1941/1941/1941 1944/1944/1944
f 1944/1944/1944 1941/1941/1941 1943/1943/1943
f 1943/1943/1943 1942/1942/1942 1980/1980/1980
f 1981/1981/1981 1980/1980/1980 1994/1994/1994
f 1979/1979/1979 1994/1994/1994 2029/2029/2029
f 1556/1556/1556 1512/1512/1512 1582/1582/1582
f 684/684/684 693/693/693 695/695/695
f 2293/2293/2293 2294/2294/2294 2295/2295/2295
f 1450/1450/1450 1431/1431/1431 1379/1379/1379
f 205/205/205 227/227/227 231/231/231
f 1941/1941/1941 1942/1942/1942 1943/1943/1943
f 1565/1565/1565 1564/1564/1564 1560/1560/1560
f 2073/2073/2073 2155/2155/2155 2046/2046/2046
f 2073/2073/2073 2046/2046/2046 1796/1796/1796
f 1716/1716/1716 1718/1718/1718 1717/1717/1717
f 2040/2040/2040 1941/1941/1941 1987/1987/1987
f 1942/1942/1942 1929/1929/1929 1980/1980/1980
f 1565/1565/1565 1568/1568/1568 1564/1564/1564
f 1560/1560/1560 1561/1561/1561 1553/1553/1553
f 1553/1553/1553 1561/1561/1561 1556/1556/1556
f 1796/1796/1796 1785/1785/1785 1781/1781/1781
f 1781/1781/1781 1784/1784/1784 1783/1783/1783
f 1783/1783/1783 1937/1937/1937 1936/1936/1936
f 1936/1936/1936 1937/1937/1937 2139/2139/2139
f 1457/1457/1457 1394/1394/1394 1437/1437/1437
f 1716/1716/1716 1719/1719/1719 1718/1718/1718
f 265/265/265 254/254/254 268/268/268
f 424/424/424 432/432/432 431/431/431
f 680/680/680 681/681/681 682/682/682
f 693/693/693 704/704/704 707/707/707
f 1796/1796/1796 1797/1797/1797 1785/1785/1785
f 1783/1783/1783 1784/1784/1784 1937/1937/1937
f 2215/2215/2215 2164/2164/2164 1987/1987/1987
f 1556/1556/1556 1561/1561/1561 1511/1511/1511
f 1556/1556/1556 1511/1511/1511 1512/1512/1512
f 1512/1512/1512 1511/1511/1511 1506/1506/1506
f 1506/1506/1506 1503/1503/1503 1507/1507/1507
f 949/949/949 986/986/986 962/962/962
f 693/693/693 694/694/694 704/704/704
f 1796/1796/1796 2046/2046/2046 1797/1797/1797
f 389/389/389 390/390/390 365/365/365
f 1771/1771/1771 1719/1719/1719 1716/1716/1716
f 1860/1860/1860 1858/1858/1858 1880/1880/1880
f 1858/1858/1858 1931/1931/1931 1880/1880/1880
f 1880/1880/1880 1931/1931/1931 2132/2132/2132
f 302/302/302 298/298/298 253/253/253
f 1929/1929/1929 2022/2022/2022 1980/1980/1980
f 1980/1980/1980 2022/2022/2022 1994/1994/1994
f 1568/1568/1568 1569/1569/1569 1564/1564/1564
f 1937/1937/1937 2140/2140/2140 2139/2139/2139
f 345/345/345 348/348/348 401/401/401
f 1717/1717/1717 1723/1723/1723 1726/1726/1726
f 1861/1861/1861 1857/1857/1857 1860/1860/1860
f 1941/1941/1941 1925/1925/1925 1942/1942/1942
f 1506/1506/1506 1500/1500/1500 1503/1503/1503
f 986/986/986 974/974/974 962/962/962
f 1781/1781/1781 1785/1785/1785 1784/1784/1784
f 365/365/365 346/346/346 344/344/344
f 344/344/344 346/346/346 345/345/345
f 348/348/348 402/402/402 401/401/401
f 2293/2293/2293 2296/2296/2296 2294/2294/2294
f 1717/1717/1717 1718/1718/1718 1723/1723/1723
f 1564/1564/1564 1562/1562/1562 1560/1560/1560
f 1560/1560/1560 1562/1562/1562 1561/1561/1561
f 1562/1562/1562 1563/1563/1563 1561/1561/1561
f 1561/1561/1561 1563/1563/1563 1511/1511/1511
f 1511/1511/1511 1500/1500/1500 1506/1506/1506
f 694/694/694 703/703/703 704/704/704
f 390/390/390 384/384/384 365/365/365
f 1736/1736/1736 1734/1734/1734 1891/1891/1891
f 1891/1891/1891 1857/1857/1857 1861/1861/1861
f 1942/1942/1942 1925/1925/1925 1929/1929/1929
f 1511/1511/1511 1563/1563/1563 1508/1508/1508
f 974/974/974 983/983/983 972/972/972
f 1511/1511/1511 1508/1508/1508 1500/1500/1500
f 986/986/986 984/984/984 974/974/974
f 761/761/761 786/786/786 792/792/792
f 2155/2155/2155 2156/2156/2156 2046/2046/2046
f 384/384/384 366/366/366 365/365/365
f 365/365/365 366/366/366 346/346/346
f 346/346/346 348/348/348 345/345/345
f 2296/2296/2296 2297/2297/2297 2294/2294/2294
f 1457/1457/1457 1456/1456/1456 1394/1394/1394
f 1771/1771/1771 1772/1772/1772 1719/1719/1719
f 1726/1726/1726 1734/1734/1734 1736/1736/1736
f 1500/1500/1500 1508/1508/1508 1501/1501/1501
f 1500/1500/1500 1501/1501/1501 1502/1502/1502
f 1500/1500/1500 1502/1502/1502 1503/1503/1503
f 986/986/986 992/992/992 984/984/984
f 691/691/691 692/692/692 694/694/694
f 348/348/348 362/362/362 402/402/402
f 1726/1726/1726 1723/1723/1723 1734/1734/1734
f 1856/1856/1856 1857/1857/1857 1891/1891/1891
f 1857/1857/1857 1858/1858/1858 1860/1860/1860
f 2132/2132/2132 2208/2208/2208 2212/2212/2212
f 313/313/313 311/311/311 302/302/302
f 268/268/268 274/274/274 285/285/285
f 285/285/285 274/274/274 330/330/330
f 1925/1925/1925 1928/1928/1928 1929/1929/1929
f 1929/1929/1929 1928/1928/1928 2022/2022/2022
f 1569/1569/1569 1566/1566/1566 1564/1564/1564
f 1564/1564/1564 1566/1566/1566 1562/1562/1562
f 1563/1563/1563 1571/1571/1571 1508/1508/1508
f 670/670/670 672/672/672 676/676/676
f 692/692/692 696/696/696 694/694/694
f 694/694/694 696/696/696 703/703/703
f 1784/1784/1784 1938/1938/1938 1937/1937/1937
f 1937/1937/1937 1938/1938/1938 2140/2140/2140
f 2140/2140/2140 1938/1938/1938 2148/2148/2148
f 298/298/298 283/283/283 253/253/253
f 253/253/253 255/255/255 254/254/254
f 2040/2040/2040 2039/2039/2039 1941/1941/1941
f 1562/1562/1562 1566/1566/1566 1563/1563/1563
f 1566/1566/1566 1571/1571/1571 1563/1563/1563
f 984/984/984 985/985/985 983/983/983
f 1508/1508/1508 1504/1504/1504 1501/1501/1501
f 1501/1501/1501 1504/1504/1504 1502/1502/1502
f 696/696/696 721/721/721 703/703/703
f 348/348/348 346/346/346 362/362/362
f 206/206/206 222/222/222 227/227/227
f 1508/1508/1508 1509/1509/1509 1504/1504/1504
f 1504/1504/1504 1505/1505/1505 1502/1502/1502
f 725/725/725 722/722/722 696/696/696
f 2156/2156/2156 2053/2053/2053 2046/2046/2046
f 2046/2046/2046 2053/2053/2053 1812/1812/1812
f 2046/2046/2046 1812/1812/1812 1797/1797/1797
f 1784/1784/1784 1786/1786/1786 1938/1938/1938
f 1938/1938/1938 2093/2093/2093 2148/2148/2148
f 384/384/384 385/385/385 366/366/366
f 1456/1456/1456 1407/1407/1407 1395/1395/1395
f 362/362/362 404/404/404 402/402/402
f 2296/2296/2296 2298/2298/2298 2297/2297/2297
f 1774/1774/1774 1775/1775/1775 1776/1776/1776
f 1774/1774/1774 1776/1776/1776 1729/1729/1729
f 1774/1774/1774 1729/1729/1729 1719/1719/1719
f 1719/1719/1719 1729/1729/1729 1718/1718/1718
f 1734/1734/1734 1856/1856/1856 1891/1891/1891
f 168/168/168 195/195/195 196/196/196
f 2242/2242/2242 2222/2222/2222 2164/2164/2164
f 2039/2039/2039 2038/2038/2038 1941/1941/1941
f 1941/1941/1941 2038/2038/2038 2037/2037/2037
f 2037/2037/2037 1940/1940/1940 1941/1941/1941
f 1941/1941/1941 1940/1940/1940 1925/1925/1925
f 1569/1569/1569 1572/1572/1572 1566/1566/1566
f 1508/1508/1508 1571/1571/1571 1509/1509/1509
f 1504/1504/1504 1509/1509/1509 1505/1505/1505
f 670/670/670 666/666/666 672/672/672
f 696/696/696 722/722/722 721/721/721
f 2157/2157/2157 2054/2054/2054 2053/2053/2053
f 2157/2157/2157 2053/2053/2053 2156/2156/2156
f 1797/1797/1797 1812/1812/1812 1787/1787/1787
f 1785/1785/1785 1786/1786/1786 1784/1784/1784
f 2148/2148/2148 2093/2093/2093 2206/2206/2206
f 385/385/385 377/377/377 366/366/366
f 366/366/366 377/377/377 346/346/346
f 377/377/377 378/378/378 346/346/346
f 346/346/346 378/378/378 362/362/362
f 362/362/362 378/378/378 379/379/379
f 362/362/362 379/379/379 404/404/404
f 1777/1777/1777 1775/1775/1775 1778/1778/1778
f 1718/1718/1718 1729/1729/1729 1723/1723/1723
f 2132/2132/2132 2160/2160/2160 2208/2208/2208
f 255/255/255 261/261/261 254/254/254
f 254/254/254 261/261/261 268/268/268
f 168/168/168 171/171/171 195/195/195
f 1571/1571/1571 1577/1577/1577 1509/1509/1509
f 1505/1505/1505 1510/1510/1510 1502/1502/1502
f 670/670/670 665/665/665 666/666/666
f 662/662/662 663/663/663 658/658/658
f 725/725/725 726/726/726 722/722/722
f 302/302/302 311/311/311 298/298/298
f 2222/2222/2222 2106/2106/2106 2164/2164/2164
f 2164/2164/2164 2106/2106/2106 2039/2039/2039
f 2038/2038/2038 2146/2146/2146 2037/2037/2037
f 2037/2037/2037 2146/2146/2146 2147/2147/2147
f 2037/2037/2037 2147/2147/2147 1940/1940/1940
f 1928/1928/1928 2030/2030/2030 2022/2022/2022
f 1566/1566/1566 1575/1575/1575 1571/1571/1571
f 1571/1571/1571 1575/1575/1575 1577/1577/1577
f 1505/1505/1505 1509/1509/1509 1510/1510/1510
f 665/665/665 653/653/653 666/666/666
f 653/653/653 654/654/654 666/666/666
f 618/618/618 617/617/617 619/619/619
f 619/619/619 617/617/617 635/635/635
f 617/617/617 636/636/636 635/635/635
f 622/622/622 616/616/616 618/618/618
f 618/618/618 616/616/616 617/617/617
f 622/622/622 624/624/624 616/616/616
f 616/616/616 615/615/615 617/617/617
f 617/617/617 615/615/615 636/636/636
f 2276/2276/2276 2216/2216/2216 2283/2283/2283
f 625/625/625 613/613/613 616/616/616
f 624/624/624 625/625/625 616/616/616
f 616/616/616 613/613/613 615/615/615
f 615/615/615 634/634/634 636/636/636
f 613/613/613 614/614/614 615/615/615
f 615/615/615 614/614/614 634/634/634
f 625/625/625 621/621/621 613/613/613
f 625/625/625 669/669/669 621/621/621
f 613/613/613 621/621/621 614/614/614
f 614/614/614 631/631/631 634/634/634
f 621/621/621 627/627/627 614/614/614
f 614/614/614 627/627/627 631/631/631
f 649/649/649 662/662/662 647/647/647
f 649/649/649 663/663/663 662/662/662
f 662/662/662 658/658/658 647/647/647
f 658/658/658 659/659/659 648/648/648
f 647/647/647 658/658/658 648/648/648
f 1797/1797/1797 1787/1787/1787 1785/1785/1785
f 1785/1785/1785 1787/1787/1787 1786/1786/1786
f 1786/1786/1786 1788/1788/1788 1938/1938/1938
f 1788/1788/1788 2093/2093/2093 1938/1938/1938
f 1458/1458/1458 1459/1459/1459 1407/1407/1407
f 493/493/493 462/462/462 488/488/488
f 1776/1776/1776 1744/1744/1744 1729/1729/1729
f 1729/1729/1729 1732/1732/1732 1723/1723/1723
f 253/253/253 283/283/283 255/255/255
f 1431/1431/1431 1405/1405/1405 1380/1380/1380
f 1940/1940/1940 1939/1939/1939 1925/1925/1925
f 1572/1572/1572 1575/1575/1575 1566/1566/1566
f 1577/1577/1577 1580/1580/1580 1509/1509/1509
f 1513/1513/1513 1510/1510/1510 1509/1509/1509
f 1509/1509/1509 1580/1580/1580 1513/1513/1513
f 639/639/639 653/653/653 665/665/665
f 1513/1513/1513 1514/1514/1514 1510/1510/1510
f 653/653/653 651/651/651 654/654/654
f 620/620/620 619/619/619 626/626/626
f 626/626/626 619/619/619 632/632/632
f 620/620/620 673/673/673 623/623/623
f 620/620/620 623/623/623 622/622/622
f 622/622/622 618/618/618 620/620/620
f 620/620/620 618/618/618 619/619/619
f 619/619/619 635/635/635 632/632/632
f 2263/2263/2263 2221/2221/2221 2276/2276/2276
f 623/623/623 624/624/624 622/622/622
f 635/635/635 636/636/636 655/655/655
f 2221/2221/2221 2216/2216/2216 2276/2276/2276
f 2221/2221/2221 2062/2062/2062 2216/2216/2216
f 636/636/636 644/644/644 655/655/655
f 2216/2216/2216 2262/2262/2262 2283/2283/2283
f 2216/2216/2216 2190/2190/2190 2262/2262/2262
f 631/631/631 640/640/640 644/644/644
f 640/640/640 641/641/641 644/644/644
f 669/669/669 628/628/628 621/621/621
f 2262/2262/2262 2232/2232/2232 2277/2277/2277
f 621/621/621 628/628/628 627/627/627
f 627/627/627 630/630/630 631/631/631
f 631/631/631 630/630/630 640/640/640
f 628/628/628 629/629/629 627/627/627
f 627/627/627 629/629/629 630/630/630
f 630/630/630 641/641/641 640/640/640
f 630/630/630 642/642/642 641/641/641
f 641/641/641 642/642/642 645/645/645
f 629/629/629 643/643/643 630/630/630
f 630/630/630 643/643/643 642/642/642
f 629/629/629 671/671/671 643/643/643
f 642/642/642 646/646/646 645/645/645
f 643/643/643 647/647/647 642/642/642
f 642/642/642 647/647/647 646/646/646
f 647/647/647 648/648/648 646/646/646
f 643/643/643 671/671/671 649/649/649
f 643/643/643 649/649/649 647/647/647
f 727/727/727 724/724/724 726/726/726
f 724/724/724 722/722/722 726/726/726
f 724/724/724 723/723/723 722/722/722
f 722/722/722 723/723/723 721/721/721
f 2093/2093/2093 2092/2092/2092 2206/2206/2206
f 394/394/394 378/378/378 377/377/377
f 385/385/385 394/394/394 377/377/377
f 491/491/491 489/489/489 490/490/490
f 1407/1407/1407 1459/1459/1459 1408/1408/1408
f 491/491/491 490/490/490 492/492/492
f 490/490/490 461/461/461 492/492/492
f 492/492/492 461/461/461 503/503/503
f 492/492/492 503/503/503 504/504/504
f 1458/1458/1458 845/845/845 1459/1459/1459
f 845/845/845 1408/1408/1408 1459/1459/1459
f 463/463/463 462/462/462 496/496/496
f 488/488/488 471/471/471 487/487/487
f 821/821/821 826/826/826 827/827/827
f 1729/1729/1729 1744/1744/1744 1732/1732/1732
f 1723/1723/1723 1732/1732/1732 1734/1734/1734
f 1734/1734/1734 2020/2020/2020 1856/1856/1856
f 274/274/274 323/323/323 330/330/330
f 2039/2039/2039 2041/2041/2041 2038/2038/2038
f 2038/2038/2038 2041/2041/2041 2146/2146/2146
f 2235/2235/2235 1939/1939/1939 1940/1940/1940
f 2147/2147/2147 2235/2235/2235 1940/1940/1940
f 1925/1925/1925 1923/1923/1923 1928/1928/1928
f 1572/1572/1572 1576/1576/1576 1575/1575/1575
f 1575/1575/1575 1579/1579/1579 1577/1577/1577
f 1577/1577/1577 1579/1579/1579 1580/1580/1580
f 2249/2249/2249 2187/2187/2187 2214/2214/2214
f 654/654/654 651/651/651 660/660/660
f 639/639/639 638/638/638 653/653/653
f 653/653/653 638/638/638 651/651/651
f 667/667/667 664/664/664 639/639/639
f 2249/2249/2249 2214/2214/2214 2248/2248/2248
f 664/664/664 633/633/633 639/639/639
f 639/639/639 633/633/633 638/638/638
f 638/638/638 650/650/650 651/651/651
f 664/664/664 668/668/668 626/626/626
f 664/664/664 626/626/626 633/633/633
f 633/633/633 637/637/637 638/638/638
f 638/638/638 637/637/637 650/650/650
f 2253/2253/2253 2248/2248/2248 2180/2180/2180
f 626/626/626 632/632/632 633/633/633
f 633/633/633 632/632/632 637/637/637
f 2253/2253/2253 2180/2180/2180 2159/2159/2159
f 637/637/637 652/652/652 650/650/650
f 2253/2253/2253 2159/2159/2159 2219/2219/2219
f 668/668/668 620/620/620 626/626/626
f 668/668/668 673/673/673 620/620/620
f 637/637/637 635/635/635 652/652/652
f 2219/2219/2219 2121/2121/2121 2181/2181/2181
f 2219/2219/2219 2181/2181/2181 2263/2263/2263
f 2181/2181/2181 2221/2221/2221 2263/2263/2263
f 2221/2221/2221 2181/2181/2181 2063/2063/2063
f 2221/2221/2221 2063/2063/2063 2062/2062/2062
f 2216/2216/2216 2062/2062/2062 2115/2115/2115
f 2115/2115/2115 2190/2190/2190 2216/2216/2216
f 2190/2190/2190 2232/2232/2232 2262/2262/2262
f 2232/2232/2232 2250/2250/2250 2277/2277/2277
f 2232/2232/2232 2201/2201/2201 2250/2250/2250
f 641/641/641 645/645/645 656/656/656
f 674/674/674 629/629/629 628/628/628
f 674/674/674 675/675/675 629/629/629
f 730/730/730 728/728/728 729/729/729
f 728/728/728 724/724/724 727/727/727
f 728/728/728 727/727/727 729/729/729
f 2157/2157/2157 2167/2167/2167 2054/2054/2054
f 2054/2054/2054 1812/1812/1812 2053/2053/2053
f 1788/1788/1788 2092/2092/2092 2093/2093/2093
f 2092/2092/2092 2207/2207/2207 2206/2206/2206
f 395/395/395 394/394/394 385/385/385
f 489/489/489 459/459/459 490/490/490
f 456/456/456 494/494/494 461/461/461
f 494/494/494 505/505/505 503/503/503
f 461/461/461 494/494/494 503/503/503
f 449/449/449 499/499/499 500/500/500
f 497/497/497 453/453/453 460/460/460
f 497/497/497 460/460/460 501/501/501
f 460/460/460 462/462/462 463/463/463
f 460/460/460 457/457/457 462/462/462
f 460/460/460 463/463/463 496/496/496
f 460/460/460 496/496/496 501/501/501
f 835/835/835 819/819/819 822/822/822
f 457/457/457 469/469/469 462/462/462
f 819/819/819 821/821/821 822/822/822
f 1732/1732/1732 2020/2020/2020 1734/1734/1734
f 2041/2041/2041 2273/2273/2273 2271/2271/2271
f 2271/2271/2271 2273/2273/2273 2272/2272/2272
f 1939/1939/1939 1927/1927/1927 1925/1925/1925
f 1928/1928/1928 1923/1923/1923 2030/2030/2030
f 2091/2091/2091 2090/2090/2090 2187/2187/2187
f 651/651/651 650/650/650 661/661/661
f 2214/2214/2214 2179/2179/2179 2248/2248/2248
f 1423/1423/1423 1373/1373/1373 1354/1354/1354
f 2159/2159/2159 2121/2121/2121 2219/2219/2219
f 2181/2181/2181 2121/2121/2121 2063/2063/2063
f 1364/1364/1364 1363/1363/1363 1351/1351/1351
f 2190/2190/2190 2189/2189/2189 2232/2232/2232
f 2232/2232/2232 2189/2189/2189 2201/2201/2201
f 2201/2201/2201 2200/2200/2200 2250/2250/2250
f 2250/2250/2250 2200/2200/2200 2251/2251/2251
f 1402/1402/1402 1322/1322/1322 1361/1361/1361
f 2251/2251/2251 2167/2167/2167 2252/2252/2252
f 2167/2167/2167 2199/2199/2199 2055/2055/2055
f 2167/2167/2167 2055/2055/2055 2054/2054/2054
f 486/486/486 484/484/484 472/472/472
f 472/472/472 459/459/459 489/489/489
f 459/459/459 461/461/461 490/490/490
f 1408/1408/1408 845/845/845 844/844/844
f 459/459/459 456/456/456 461/461/461
f 843/843/843 844/844/844 845/845/845
f 459/459/459 455/455/455 456/456/456
f 843/843/843 842/842/842 844/844/844
f 456/456/456 495/495/495 494/494/494
f 848/848/848 847/847/847 843/843/843
f 455/455/455 454/454/454 451/451/451
f 455/455/455 451/451/451 456/456/456
f 456/456/456 451/451/451 495/495/495
f 847/847/847 840/840/840 843/843/843
f 843/843/843 840/840/840 842/842/842
f 454/454/454 448/448/448 451/451/451
f 840/840/840 841/841/841 842/842/842
f 448/448/448 450/450/450 451/451/451
f 451/451/451 450/450/450 495/495/495
f 454/454/454 458/458/458 448/448/448
f 840/840/840 838/838/838 841/841/841
f 847/847/847 839/839/839 840/840/840
f 840/840/840 839/839/839 838/838/838
f 450/450/450 500/500/500 495/495/495
f 847/847/847 846/846/846 839/839/839
f 448/448/448 449/449/449 450/450/450
f 450/450/450 449/449/449 500/500/500
f 458/458/458 452/452/452 448/448/448
f 452/452/452 453/453/453 449/449/449
f 448/448/448 452/452/452 449/449/449
f 839/839/839 837/837/837 838/838/838
f 458/458/458 466/466/466 452/452/452
f 453/453/453 499/499/499 449/449/449
f 453/453/453 498/498/498 499/499/499
f 837/837/837 834/834/834 838/838/838
f 498/498/498 502/502/502 499/499/499
f 837/837/837 836/836/836 834/834/834
f 452/452/452 457/457/457 453/453/453
f 453/453/453 497/497/497 498/498/498
f 498/498/498 497/497/497 502/502/502
f 836/836/836 831/831/831 834/834/834
f 457/457/457 460/460/460 453/453/453
f 836/836/836 835/835/835 831/831/831
f 835/835/835 822/822/822 831/831/831
f 822/822/822 827/827/827 829/829/829
f 469/469/469 471/471/471 462/462/462
f 469/469/469 475/475/475 471/471/471
f 471/471/471 475/475/475 487/487/487
f 1744/1744/1744 1747/1747/1747 1732/1732/1732
f 1732/1732/1732 2016/2016/2016 2020/2020/2020
f 311/311/311 314/314/314 298/298/298
f 2273/2273/2273 2274/2274/2274 2272/2272/2272
f 1925/1925/1925 1924/1924/1924 1923/1923/1923
f 1923/1923/1923 2007/2007/2007 2030/2030/2030
f 1270/1270/1270 1154/1154/1154 1192/1192/1192
f 2187/2187/2187 2090/2090/2090 2178/2178/2178
f 2187/2187/2187 2178/2178/2178 2214/2214/2214
f 2178/2178/2178 2179/2179/2179 2214/2214/2214
f 2180/2180/2180 2179/2179/2179 2126/2126/2126
f 2180/2180/2180 2126/2126/2126 2159/2159/2159
f 2159/2159/2159 2009/2009/2009 2121/2121/2121
f 2121/2121/2121 1919/1919/1919 2063/2063/2063
f 2063/2063/2063 1919/1919/1919 1899/1899/1899
f 2063/2063/2063 1899/1899/1899 2062/2062/2062
f 2062/2062/2062 1899/1899/1899 1897/1897/1897
f 2062/2062/2062 1897/1897/1897 2115/2115/2115
f 2115/2115/2115 1932/1932/1932 2190/2190/2190
f 2190/2190/2190 1932/1932/1932 2189/2189/2189
f 1369/1369/1369 1361/1361/1361 1349/1349/1349
f 2200/2200/2200 2167/2167/2167 2251/2251/2251
f 468/468/468 459/459/459 472/472/472
f 472/472/472 484/484/484 468/468/468
f 468/468/468 455/455/455 459/459/459
f 468/468/468 467/467/467 455/455/455
f 844/844/844 1358/1358/1358 1389/1389/1389
f 455/455/455 464/464/464 454/454/454
f 455/455/455 467/467/467 464/464/464
f 464/464/464 458/458/458 454/454/454
f 464/464/464 465/465/465 458/458/458
f 464/464/464 474/474/474 465/465/465
f 474/474/474 473/473/473 465/465/465
f 473/473/473 466/466/466 465/465/465
f 465/465/465 466/466/466 458/458/458
f 466/466/466 470/470/470 452/452/452
f 470/470/470 457/457/457 452/452/452
f 470/470/470 469/469/469 457/457/457
f 470/470/470 478/478/478 469/469/469
f 831/831/831 829/829/829 832/832/832
f 475/475/475 485/485/485 487/487/487
f 1931/1931/1931 2160/2160/2160 2132/2132/2132
f 2160/2160/2160 2213/2213/2213 2208/2208/2208
f 2106/2106/2106 2084/2084/2084 2039/2039/2039
f 2039/2039/2039 2084/2084/2084 2127/2127/2127
f 2039/2039/2039 2127/2127/2127 2041/2041/2041
f 2041/2041/2041 2127/2127/2127 2273/2273/2273
f 2273/2273/2273 2275/2275/2275 2274/2274/2274
f 1927/1927/1927 1924/1924/1924 1925/1925/1925
f 2007/2007/2007 1915/1915/1915 2030/2030/2030
f 1915/1915/1915 2091/2091/2091 2124/2124/2124
f 2091/2091/2091 2089/2089/2089 2090/2090/2090
f 1270/1270/1270 1271/1271/1271 1154/1154/1154
f 2159/2159/2159 2126/2126/2126 2009/2009/2009
f 2009/2009/2009 1919/1919/1919 2121/2121/2121
f 2115/2115/2115 1897/1897/1897 1932/1932/1932
f 1932/1932/1932 2057/2057/2057 2189/2189/2189
f 2189/2189/2189 2057/2057/2057 2201/2201/2201
f 2057/2057/2057 2056/2056/2056 2201/2201/2201
f 2201/2201/2201 2056/2056/2056 2200/2200/2200
f 2200/2200/2200 2056/2056/2056 2199/2199/2199
f 2200/2200/2200 2199/2199/2199 2167/2167/2167
f 2092/2092/2092 2017/2017/2017 2134/2134/2134
f 484/484/484 477/477/477 468/468/468
f 468/468/468 477/477/477 467/467/467
f 477/477/477 476/476/476 467/467/467
f 467/467/467 476/476/476 474/474/474
f 467/467/467 474/474/474 464/464/464
f 473/473/473 480/480/480 466/466/466
f 480/480/480 470/470/470 466/466/466
f 480/480/480 481/481/481 470/470/470
f 470/470/470 481/481/481 478/478/478
f 478/478/478 479/479/479 469/469/469
f 469/469/469 479/479/479 475/475/475
f 475/475/475 482/482/482 485/485/485
f 1747/1747/1747 2016/2016/2016 1732/1732/1732
f 1858/1858/1858 1859/1859/1859 1931/1931/1931
f 268/268/268 261/261/261 274/274/274
f 2222/2222/2222 2238/2238/2238 2106/2106/2106
f 2127/2127/2127 2275/2275/2275 2273/2273/2273
f 2235/2235/2235 1927/1927/1927 1939/1939/1939
f 1923/1923/1923 1921/1921/1921 2007/2007/2007
f 2091/2091/2091 1915/1915/1915 2089/2089/2089
f 2090/2090/2090 2052/2052/2052 2178/2178/2178
f 2178/2178/2178 2052/2052/2052 2179/2179/2179
f 2179/2179/2179 2052/2052/2052 2126/2126/2126
f 2126/2126/2126 2051/2051/2051 2009/2009/2009
f 2055/2055/2055 1814/1814/1814 2054/2054/2054
f 2054/2054/2054 1814/1814/1814 1812/1812/1812
f 1786/1786/1786 1787/1787/1787 1788/1788/1788
f 1788/1788/1788 2017/2017/2017 2092/2092/2092
f 476/476/476 483/483/483 474/474/474
f 2065/2065/2065 2183/2183/2183 2192/2192/2192
f 2065/2065/2065 2161/2161/2161 2183/2183/2183
f 481/481/481 479/479/479 478/478/478
f 475/475/475 479/479/479 482/482/482
f 1856/1856/1856 1855/1855/1855 1857/1857/1857
f 1857/1857/1857 1855/1855/1855 1858/1858/1858
f 1855/1855/1855 1859/1859/1859 1858/1858/1858
f 314/314/314 297/297/297 298/298/298
f 2084/2084/2084 2171/2171/2171 2127/2127/2127
f 2127/2127/2127 2171/2171/2171 2275/2275/2275
f 2275/2275/2275 2171/2171/2171 2274/2274/2274
f 1924/1924/1924 1922/1922/1922 1923/1923/1923
f 1923/1923/1923 1922/1922/1922 1921/1921/1921
f 2052/2052/2052 2051/2051/2051 2126/2126/2126
f 1899/1899/1899 1898/1898/1898 1897/1897/1897
f 1897/1897/1897 1828/1828/1828 1932/1932/1932
f 2199/2199/2199 2056/2056/2056 2055/2055/2055
f 1787/1787/1787 1813/1813/1813 1815/1815/1815
f 2017/2017/2017 2088/2088/2088 2134/2134/2134
f 2134/2134/2134 2088/2088/2088 2135/2135/2135
f 477/477/477 483/483/483 476/476/476
f 2192/2192/2192 2087/2087/2087 2065/2065/2065
f 2065/2065/2065 2059/2059/2059 2161/2161/2161
f 2059/2059/2059 2095/2095/2095 2161/2161/2161
f 2117/2117/2117 2016/2016/2016 1747/1747/1747
f 2020/2020/2020 1854/1854/1854 1856/1856/1856
f 298/298/298 297/297/297 283/283/283
f 2106/2106/2106 2082/2082/2082 2084/2084/2084
f 2084/2084/2084 2082/2082/2082 2083/2083/2083
f 2084/2084/2084 2083/2083/2083 2171/2171/2171
f 2171/2171/2171 2086/2086/2086 1927/1927/1927
f 2235/2235/2235 2171/2171/2171 1927/1927/1927
f 1921/1921/1921 1915/1915/1915 2007/2007/2007
f 1915/1915/1915 1912/1912/1912 2089/2089/2089
f 2089/2089/2089 1912/1912/1912 2090/2090/2090
f 1919/1919/1919 1900/1900/1900 1899/1899/1899
f 1899/1899/1899 1900/1900/1900 1898/1898/1898
f 1898/1898/1898 1896/1896/1896 1897/1897/1897
f 1897/1897/1897 1896/1896/1896 1828/1828/1828
f 1828/1828/1828 1826/1826/1826 1932/1932/1932
f 1932/1932/1932 1826/1826/1826 1824/1824/1824
f 1824/1824/1824 2057/2057/2057 1932/1932/1932
f 2057/2057/2057 1824/1824/1824 2056/2056/2056
f 2056/2056/2056 1821/1821/1821 2055/2055/2055
f 1136/1136/1136 1014/1014/1014 1135/1135/1135
f 1814/1814/1814 1813/1813/1813 1812/1812/1812
f 1812/1812/1812 1813/1813/1813 1787/1787/1787
f 1788/1788/1788 1818/1818/1818 2017/2017/2017
f 2135/2135/2135 2088/2088/2088 2087/2087/2087
f 2087/2087/2087 1839/1839/1839 2065/2065/2065
f 1320/1320/1320 1334/1334/1334 1306/1306/1306
f 2059/2059/2059 1847/1847/1847 2095/2095/2095
f 2095/2095/2095 1847/1847/1847 1843/1843/1843
f 2095/2095/2095 1843/1843/1843 2116/2116/2116
f 2016/2016/2016 1854/1854/1854 2020/2020/2020
f 1854/1854/1854 1855/1855/1855 1856/1856/1856
f 1931/1931/1931 2025/2025/2025 2160/2160/2160
f 297/297/297 263/263/263 283/283/283
f 283/283/283 263/263/263 255/255/255
f 255/255/255 263/263/263 262/262/262
f 255/255/255 262/262/262 261/261/261
f 261/261/261 269/269/269 274/274/274
f 274/274/274 269/269/269 323/323/323
f 2237/2237/2237 2136/2136/2136 2106/2106/2106
f 2238/2238/2238 2237/2237/2237 2106/2106/2106
f 2106/2106/2106 2136/2136/2136 2082/2082/2082
f 1921/1921/1921 1913/1913/1913 1915/1915/1915
f 1912/1912/1912 1910/1910/1910 2090/2090/2090
f 1910/1910/1910 1908/1908/1908 2052/2052/2052
f 2090/2090/2090 1910/1910/1910 2052/2052/2052
f 2052/2052/2052 1908/1908/1908 1906/1906/1906
f 2052/2052/2052 1906/1906/1906 2051/2051/2051
f 2051/2051/2051 1906/1906/1906 2009/2009/2009
f 1906/1906/1906 1900/1900/1900 2009/2009/2009
f 2009/2009/2009 1900/1900/1900 1919/1919/1919
f 1824/1824/1824 1821/1821/1821 2056/2056/2056
f 2055/2055/2055 1821/1821/1821 1814/1814/1814
f 1787/1787/1787 1818/1818/1818 1788/1788/1788
f 1818/1818/1818 1825/1825/1825 2017/2017/2017
f 2017/2017/2017 1825/1825/1825 2088/2088/2088
f 2088/2088/2088 1825/1825/1825 2087/2087/2087
f 1839/1839/1839 1842/1842/1842 2065/2065/2065
f 2065/2065/2065 1842/1842/1842 2059/2059/2059
f 1843/1843/1843 1845/1845/1845 2116/2116/2116
f 1845/1845/1845 2117/2117/2117 2116/2116/2116
f 1845/1845/1845 1854/1854/1854 2016/2016/2016
f 2117/2117/2117 1845/1845/1845 2016/2016/2016
f 1859/1859/1859 2025/2025/2025 1931/1931/1931
f 269/269/269 325/325/325 323/323/323
f 226/226/226 198/198/198 228/228/228
f 2083/2083/2083 2085/2085/2085 2171/2171/2171
f 2171/2171/2171 2085/2085/2085 2086/2086/2086
f 1927/1927/1927 1930/1930/1930 1924/1924/1924
f 1913/1913/1913 1912/1912/1912 1915/1915/1915
f 1900/1900/1900 1901/1901/1901 1898/1898/1898
f 1814/1814/1814 1821/1821/1821 1813/1813/1813
f 1787/1787/1787 1815/1815/1815 1818/1818/1818
f 1825/1825/1825 1839/1839/1839 2087/2087/2087
f 2059/2059/2059 1842/1842/1842 1847/1847/1847
f 2160/2160/2160 2025/2025/2025 2213/2213/2213
f 261/261/261 262/262/262 269/269/269
f 2085/2085/2085 2079/2079/2079 2086/2086/2086
f 2086/2086/2086 2079/2079/2079 1930/1930/1930
f 1930/1930/1930 1926/1926/1926 1924/1924/1924
f 1922/1922/1922 1914/1914/1914 1921/1921/1921
f 1906/1906/1906 1905/1905/1905 1900/1900/1900
f 1898/1898/1898 1901/1901/1901 1896/1896/1896
f 1828/1828/1828 1827/1827/1827 1826/1826/1826
f 1842/1842/1842 1841/1841/1841 1847/1847/1847
f 1847/1847/1847 1841/1841/1841 1843/1843/1843
f 1843/1843/1843 1844/1844/1844 1845/1845/1845
f 1844/1844/1844 1852/1852/1852 1845/1845/1845
f 1845/1845/1845 1852/1852/1852 1854/1854/1854
f 2082/2082/2082 2081/2081/2081 2083/2083/2083
f 2083/2083/2083 2081/2081/2081 2085/2085/2085
f 2085/2085/2085 2081/2081/2081 2079/2079/2079
f 1924/1924/1924 1926/1926/1926 1922/1922/1922
f 1922/1922/1922 1934/1934/1934 1914/1914/1914
f 1921/1921/1921 1914/1914/1914 1913/1913/1913
f 1913/1913/1913 1914/1914/1914 1911/1911/1911
f 1913/1913/1913 1911/1911/1911 1912/1912/1912
f 1911/1911/1911 1910/1910/1910 1912/1912/1912
f 1910/1910/1910 1909/1909/1909 1908/1908/1908
f 1909/1909/1909 1907/1907/1907 1908/1908/1908
f 1908/1908/1908 1907/1907/1907 1906/1906/1906
f 1907/1907/1907 1905/1905/1905 1906/1906/1906
f 1905/1905/1905 1901/1901/1901 1900/1900/1900
f 1901/1901/1901 1832/1832/1832 1896/1896/1896
f 1896/1896/1896 1832/1832/1832 1828/1828/1828
f 1832/1832/1832 1827/1827/1827 1828/1828/1828
f 1827/1827/1827 1823/1823/1823 1826/1826/1826
f 1826/1826/1826 1823/1823/1823 1824/1824/1824
f 1821/1821/1821 1820/1820/1820 1813/1813/1813
f 1813/1813/1813 1820/1820/1820 1817/1817/1817
f 1813/1813/1813 1816/1816/1816 1815/1815/1815
f 1047/1047/1047 1109/1109/1109 1046/1046/1046
f 1839/1839/1839 1837/1837/1837 1842/1842/1842
f 1842/1842/1842 1837/1837/1837 1841/1841/1841
f 1841/1841/1841 1846/1846/1846 1843/1843/1843
f 1846/1846/1846 1844/1844/1844 1843/1843/1843
f 1854/1854/1854 1852/1852/1852 1855/1855/1855
f 1859/1859/1859 1895/1895/1895 2025/2025/2025
f 2025/2025/2025 2096/2096/2096 2213/2213/2213
f 2213/2213/2213 2096/2096/2096 2239/2239/2239
f 297/297/297 264/264/264 263/263/263
f 263/263/263 264/264/264 262/262/262
f 198/198/198 207/207/207 228/228/228
f 1922/1922/1922 1926/1926/1926 1934/1934/1934
f 1910/1910/1910 1911/1911/1911 1909/1909/1909
f 1905/1905/1905 1995/1995/1995 1901/1901/1901
f 1995/1995/1995 1832/1832/1832 1901/1901/1901
f 1824/1824/1824 1823/1823/1823 1821/1821/1821
f 1823/1823/1823 1820/1820/1820 1821/1821/1821
f 1817/1817/1817 1816/1816/1816 1813/1813/1813
f 1815/1815/1815 1816/1816/1816 1818/1818/1818
f 1818/1818/1818 1816/1816/1816 1819/1819/1819
f 1818/1818/1818 1819/1819/1819 1825/1825/1825
f 1819/1819/1819 1835/1835/1835 1825/1825/1825
f 1825/1825/1825 1835/1835/1835 1839/1839/1839
f 1839/1839/1839 1835/1835/1835 1837/1837/1837
f 1859/1859/1859 1855/1855/1855 1895/1895/1895
f 262/262/262 276/276/276 269/269/269
f 269/269/269 276/276/276 325/325/325
f 2237/2237/2237 2205/2205/2205 2136/2136/2136
f 2205/2205/2205 2158/2158/2158 2082/2082/2082
f 2136/2136/2136 2205/2205/2205 2082/2082/2082
f 2081/2081/2081 2077/2077/2077 2079/2079/2079
f 2077/2077/2077 2076/2076/2076 2078/2078/2078
f 2079/2079/2079 2077/2077/2077 2078/2078/2078
f 2078/2078/2078 2076/2076/2076 1926/1926/1926
f 2076/2076/2076 1934/1934/1934 1926/1926/1926
f 1905/1905/1905 2003/2003/2003 1995/1995/1995
f 1855/1855/1855 1853/1853/1853 1895/1895/1895
f 1895/1895/1895 2096/2096/2096 2025/2025/2025
f 2096/2096/2096 2246/2246/2246 2239/2239/2239
f 264/264/264 276/276/276 262/262/262
f 2082/2082/2082 2158/2158/2158 2080/2080/2080
f 2081/2081/2081 2080/2080/2080 2077/2077/2077
f 2076/2076/2076 2074/2074/2074 1934/1934/1934
f 2074/2074/2074 2008/2008/2008 1934/1934/1934
f 1934/1934/1934 2008/2008/2008 1914/1914/1914
f 1914/1914/1914 2008/2008/2008 1911/1911/1911
f 2008/2008/2008 2004/2004/2004 1911/1911/1911
f 2004/2004/2004 1909/1909/1909 1911/1911/1911
f 2004/2004/2004 2002/2002/2002 1909/1909/1909
f 1909/1909/1909 2002/2002/2002 1907/1907/1907
f 1907/1907/1907 2002/2002/2002 1905/1905/1905
f 2002/2002/2002 2003/2003/2003 1905/1905/1905
f 2003/2003/2003 2071/2071/2071 1995/1995/1995
f 1835/1835/1835 1836/1836/1836 1837/1837/1837
f 1841/1841/1841 1848/1848/1848 1846/1846/1846
f 1846/1846/1846 1848/1848/1848 1844/1844/1844
f 1848/1848/1848 1849/1849/1849 1844/1844/1844
f 1844/1844/1844 1849/1849/1849 1852/1852/1852
f 1852/1852/1852 1849/1849/1849 1853/1853/1853
f 1852/1852/1852 1853/1853/1853 1855/1855/1855
f 2280/2280/2280 2158/2158/2158 2205/2205/2205
f 2077/2077/2077 2080/2080/2080 2075/2075/2075
f 2077/2077/2077 2075/2075/2075 2076/2076/2076
f 2076/2076/2076 2075/2075/2075 2074/2074/2074
f 2002/2002/2002 2070/2070/2070 2003/2003/2003
f 2003/2003/2003 2070/2070/2070 2071/2071/2071
f 2071/2071/2071 2047/2047/2047 1995/1995/1995
f 1995/1995/1995 2047/2047/2047 1832/1832/1832
f 1832/1832/1832 2047/2047/2047 2032/2032/2032
f 1832/1832/1832 2032/2032/2032 1827/1827/1827
f 2032/2032/2032 1903/1903/1903 1827/1827/1827
f 1827/1827/1827 1903/1903/1903 1823/1823/1823
f 1823/1823/1823 1903/1903/1903 1820/1820/1820
f 1903/1903/1903 1902/1902/1902 1820/1820/1820
f 1820/1820/1820 1902/1902/1902 1817/1817/1817
f 1817/1817/1817 1851/1851/1851 1816/1816/1816
f 1816/1816/1816 1851/1851/1851 1834/1834/1834
f 1816/1816/1816 1834/1834/1834 1819/1819/1819
f 1819/1819/1819 1834/1834/1834 1835/1835/1835
f 1834/1834/1834 1838/1838/1838 1835/1835/1835
f 1835/1835/1835 1838/1838/1838 1836/1836/1836
f 1837/1837/1837 1836/1836/1836 1840/1840/1840
f 1837/1837/1837 1840/1840/1840 1841/1841/1841
f 1841/1841/1841 1840/1840/1840 1848/1848/1848
f 1895/1895/1895 2123/2123/2123 2096/2096/2096
f 2123/2123/2123 2182/2182/2182 2096/2096/2096
f 2182/2182/2182 2254/2254/2254 2096/2096/2096
f 2096/2096/2096 2254/2254/2254 2246/2246/2246
f 301/301/301 304/304/304 264/264/264
f 304/304/304 289/289/289 264/264/264
f 289/289/289 290/290/290 276/276/276
f 264/264/264 289/289/289 276/276/276
f 2074/2074/2074 2075/2075/2075 2008/2008/2008
f 1902/1902/1902 2005/2005/2005 1817/1817/1817
f 1817/1817/1817 2005/2005/2005 1851/1851/1851
f 1848/1848/1848 2098/2098/2098 1849/1849/1849
f 1849/1849/1849 2099/2099/2099 1853/1853/1853
f 1853/1853/1853 2099/2099/2099 1895/1895/1895
f 1895/1895/1895 2099/2099/2099 2123/2123/2123
f 2280/2280/2280 2256/2256/2256 2158/2158/2158
f 2158/2158/2158 2196/2196/2196 2080/2080/2080
f 2196/2196/2196 2151/2151/2151 2080/2080/2080
f 2080/2080/2080 2151/2151/2151 2075/2075/2075
f 2075/2075/2075 2151/2151/2151 2008/2008/2008
f 2151/2151/2151 2150/2150/2150 2004/2004/2004
f 2008/2008/2008 2151/2151/2151 2004/2004/2004
f 2004/2004/2004 2150/2150/2150 2149/2149/2149
f 2004/2004/2004 2149/2149/2149 2002/2002/2002
f 2002/2002/2002 2149/2149/2149 2070/2070/2070
f 2070/2070/2070 2149/2149/2149 2170/2170/2170
f 2070/2070/2070 2170/2170/2170 2071/2071/2071
f 2170/2170/2170 2168/2168/2168 2071/2071/2071
f 2071/2071/2071 2168/2168/2168 2047/2047/2047
f 2168/2168/2168 2119/2119/2119 2047/2047/2047
f 2047/2047/2047 2119/2119/2119 2032/2032/2032
f 2119/2119/2119 2118/2118/2118 1903/1903/1903
f 2118/2118/2118 2005/2005/2005 1903/1903/1903
f 1903/1903/1903 2005/2005/2005 1902/1902/1902
f 1851/1851/1851 2035/2035/2035 1834/1834/1834
f 1834/1834/1834 2035/2035/2035 1838/1838/1838
f 1838/1838/1838 2036/2036/2036 1836/1836/1836
f 2042/2042/2042 1840/1840/1840 1836/1836/1836
f 1840/1840/1840 2067/2067/2067 2066/2066/2066
f 1840/1840/1840 2066/2066/2066 1848/1848/1848
f 1848/1848/1848 2066/2066/2066 2098/2098/2098
f 1849/1849/1849 2098/2098/2098 2099/2099/2099
f 2182/2182/2182 2257/2257/2257 2254/2254/2254
f 2254/2254/2254 2257/2257/2257 2282/2282/2282
f 304/304/304 317/317/317 289/289/289
f 289/289/289 318/318/318 290/290/290
f 290/290/290 318/318/318 338/338/338
f 229/229/229 240/240/240 241/241/241
f 2119/2119/2119 2195/2195/2195 2118/2118/2118
f 2118/2118/2118 2120/2120/2120 2005/2005/2005
f 2005/2005/2005 2120/2120/2120 2058/2058/2058
f 1851/1851/1851 2058/2058/2058 2035/2035/2035
f 2035/2035/2035 2036/2036/2036 1838/1838/1838
f 1836/1836/1836 2036/2036/2036 2042/2042/2042
f 1840/1840/1840 2042/2042/2042 2067/2067/2067
f 2099/2099/2099 2209/2209/2209 2123/2123/2123
f 2123/2123/2123 2209/2209/2209 2225/2225/2225
f 2123/2123/2123 2225/2225/2225 2182/2182/2182
f 2225/2225/2225 2257/2257/2257 2182/2182/2182
f 317/317/317 319/319/319 289/289/289
f 2256/2256/2256 2247/2247/2247 2196/2196/2196
f 2196/2196/2196 2247/2247/2247 2151/2151/2151
f 2151/2151/2151 2230/2230/2230 2150/2150/2150
f 2150/2150/2150 2230/2230/2230 2231/2231/2231
f 2150/2150/2150 2231/2231/2231 2149/2149/2149
f 2244/2244/2244 2255/2255/2255 2168/2168/2168
f 2170/2170/2170 2244/2244/2244 2168/2168/2168
f 2168/2168/2168 2255/2255/2255 2195/2195/2195
f 2118/2118/2118 2194/2194/2194 2120/2120/2120
f 2194/2194/2194 2193/2193/2193 2120/2120/2120
f 2120/2120/2120 2193/2193/2193 2058/2058/2058
f 2058/2058/2058 2113/2113/2113 2035/2035/2035
f 2113/2113/2113 2114/2114/2114 2035/2035/2035
f 2035/2035/2035 2114/2114/2114 2036/2036/2036
f 2036/2036/2036 2114/2114/2114 2042/2042/2042
f 2066/2066/2066 2067/2067/2067 2098/2098/2098
f 2067/2067/2067 2197/2197/2197 2098/2098/2098
f 2098/2098/2098 2197/2197/2197 2210/2210/2210
f 2098/2098/2098 2210/2210/2210 2209/2209/2209
f 2098/2098/2098 2209/2209/2209 2099/2099/2099
f 145/145/145 93/93/93 147/147/147
f 289/289/289 319/319/319 318/318/318
f 2247/2247/2247 2243/2243/2243 2151/2151/2151
f 2151/2151/2151 2243/2243/2243 2230/2230/2230
f 2230/2230/2230 2279/2279/2279 2231/2231/2231
f 142/142/142 99/99/99 76/76/76
f 144/144/144 70/70/70 121/121/121
f 2255/2255/2255 2259/2259/2259 2195/2195/2195
f 2195/2195/2195 2259/2259/2259 2258/2258/2258
f 2258/2258/2258 2268/2268/2268 2193/2193/2193
f 2194/2194/2194 2258/2258/2258 2193/2193/2193
f 2193/2193/2193 2227/2227/2227 2058/2058/2058
f 2058/2058/2058 2227/2227/2227 2113/2113/2113
f 2224/2224/2224 2226/2226/2226 2042/2042/2042
f 2042/2042/2042 2226/2226/2226 2067/2067/2067
f 2067/2067/2067 2226/2226/2226 2197/2197/2197
f 2197/2197/2197 2260/2260/2260 2210/2210/2210
f 2210/2210/2210 2261/2261/2261 2209/2209/2209
f 2261/2261/2261 2281/2281/2281 2225/2225/2225
f 2209/2209/2209 2261/2261/2261 2225/2225/2225
f 2225/2225/2225 2281/2281/2281 2257/2257/2257
f 108/108/108 83/83/83 80/80/80
f 2243/2243/2243 2266/2266/2266 2230/2230/2230
f 2230/2230/2230 2266/2266/2266 2278/2278/2278
f 99/99/99 100/100/100 30/30/30
f 67/67/67 98/98/98 120/120/120
f 37/37/37 23/23/23 38/38/38
f 2268/2268/2268 2227/2227/2227 2193/2193/2193
f 2227/2227/2227 2228/2228/2228 2113/2113/2113
f 1279/1279/1279 1404/1404/1404 1391/1391/1391
f 2113/2113/2113 2228/2228/2228 2114/2114/2114
f 2228/2228/2228 2224/2224/2224 2114/2114/2114
f 2114/2114/2114 2224/2224/2224 2042/2042/2042
f 2197/2197/2197 2226/2226/2226 2260/2260/2260
f 2210/2210/2210 2260/2260/2260 2261/2261/2261
f 45/45/45 65/65/65 42/42/42
f 71/71/71 1/1/1 62/62/62
f 136/136/136 92/92/92 91/91/91
f 103/103/103 89/89/89 69/69/69
f 54/54/54 109/109/109 128/128/128
f 55/55/55 11/11/11 40/40/40
f 34/34/34 32/32/32 33/33/33
f 916/916/916 917/917/917 920/920/920
f 917/917/917 910/910/910 918/918/918
f 898/898/898 897/897/897 896/896/896
f 899/899/899 896/896/896 901/901/901
f 901/901/901 896/896/896 851/851/851
f 901/901/901 851/851/851 856/856/856
f 922/922/922 916/916/916 921/921/921
f 921/921/921 916/916/916 920/920/920
f 920/920/920 918/918/918 1239/1239/1239
f 918/918/918 910/910/910 909/909/909
f 898/898/898 896/896/896 899/899/899
f 900/900/900 898/898/898 899/899/899
f 856/856/856 851/851/851 850/850/850
f 925/925/925 922/922/922 924/924/924
f 924/924/924 922/922/922 921/921/921
f 921/921/921 920/920/920 1235/1235/1235
f 1235/1235/1235 920/920/920 1239/1239/1239
f 918/918/918 909/909/909 919/919/919
f 906/906/906 898/898/898 905/905/905
f 905/905/905 898/898/898 900/900/900
f 900/900/900 899/899/899 902/902/902
f 899/899/899 901/901/901 902/902/902
f 902/902/902 901/901/901 903/903/903
f 903/903/903 901/901/901 856/856/856
f 856/856/856 850/850/850 858/858/858
f 929/929/929 925/925/925 924/924/924
f 1640/1640/1640 1637/1637/1637 1638/1638/1638
f 924/924/924 921/921/921 1228/1228/1228
f 1228/1228/1228 921/921/921 1235/1235/1235
f 1239/1239/1239 918/918/918 923/923/923
f 923/923/923 918/918/918 919/919/919
f 1592/1592/1592 1590/1590/1590 1587/1587/1587
f 1587/1587/1587 1590/1590/1590 1588/1588/1588
f 905/905/905 900/900/900 904/904/904
f 904/904/904 900/900/900 902/902/902
f 903/903/903 856/856/856 858/858/858
f 858/858/858 850/850/850 857/857/857
f 1643/1643/1643 1632/1632/1632 1644/1644/1644
f 1632/1632/1632 1633/1633/1633 1644/1644/1644
f 199/199/199 235/235/235 218/218/218
f 1228/1228/1228 1235/1235/1235 1191/1191/1191
f 1235/1235/1235 1239/1239/1239 1184/1184/1184
f 1191/1191/1191 1235/1235/1235 1184/1184/1184
f 1184/1184/1184 1239/1239/1239 1213/1213/1213
f 923/923/923 919/919/919 927/927/927
f 583/583/583 584/584/584 577/577/577
f 577/577/577 581/581/581 565/565/565
f 904/904/904 902/902/902 1105/1105/1105
f 1105/1105/1105 902/902/902 1096/1096/1096
f 1096/1096/1096 902/902/902 1097/1097/1097
f 1097/1097/1097 902/902/902 903/903/903
f 1097/1097/1097 903/903/903 861/861/861
f 924/924/924 1228/1228/1228 1232/1232/1232
f 1232/1232/1232 1228/1228/1228 1199/1199/1199
f 1199/1199/1199 1228/1228/1228 1191/1191/1191
f 1213/1213/1213 1239/1239/1239 923/923/923
f 1593/1593/1593 1587/1587/1587 1591/1591/1591
f 1591/1591/1591 1587/1587/1587 1589/1589/1589
f 1592/1592/1592 1587/1587/1587 1593/1593/1593
f 559/559/559 583/583/583 577/577/577
f 1268/1268/1268 904/904/904 1105/1105/1105
f 861/861/861 903/903/903 858/858/858
f 200/200/200 209/209/209 199/199/199
f 199/199/199 218/218/218 193/193/193
f 929/929/929 924/924/924 1293/1293/1293
f 1293/1293/1293 924/924/924 1232/1232/1232
f 923/923/923 927/927/927 942/942/942
f 942/942/942 927/927/927 928/928/928
f 585/585/585 583/583/583 559/559/559
f 559/559/559 577/577/577 552/552/552
f 552/552/552 577/577/577 565/565/565
f 858/858/858 857/857/857 859/859/859
f 1430/1430/1430 929/929/929 1293/1293/1293
f 1200/1200/1200 1232/1232/1232 1199/1199/1199
f 1213/1213/1213 923/923/923 982/982/982
f 982/982/982 923/923/923 942/942/942
f 942/942/942 928/928/928 941/941/941
f 941/941/941 928/928/928 944/944/944
f 1681/1681/1681 1691/1691/1691 1682/1682/1682
f 1594/1594/1594 1593/1593/1593 1591/1591/1591
f 528/528/528 585/585/585 559/559/559
f 1713/1713/1713 1691/1691/1691 1681/1681/1681
f 1095/1095/1095 1268/1268/1268 1105/1105/1105
f 1097/1097/1097 861/861/861 1123/1123/1123
f 861/861/861 858/858/858 860/860/860
f 200/200/200 199/199/199 181/181/181
f 181/181/181 199/199/199 193/193/193
f 1233/1233/1233 1293/1293/1293 1232/1232/1232
f 1682/1682/1682 1767/1767/1767 1766/1766/1766
f 527/527/527 585/585/585 528/528/528
f 552/552/552 565/565/565 550/550/550
f 1269/1269/1269 1268/1268/1268 1095/1095/1095
f 1095/1095/1095 1105/1105/1105 1096/1096/1096
f 1089/1089/1089 1096/1096/1096 1097/1097/1097
f 1090/1090/1090 1097/1097/1097 1123/1123/1123
f 1646/1646/1646 1645/1645/1645 1648/1648/1648
f 1233/1233/1233 1232/1232/1232 1200/1200/1200
f 1182/1182/1182 1199/1199/1199 1191/1191/1191
f 1182/1182/1182 1191/1191/1191 1184/1184/1184
f 982/982/982 942/942/942 940/940/940
f 1674/1674/1674 1682/1682/1682 1766/1766/1766
f 1681/1681/1681 1682/1682/1682 1674/1674/1674
f 1680/1680/1680 1681/1681/1681 1674/1674/1674
f 559/559/559 552/552/552 551/551/551
f 551/551/551 552/552/552 550/550/550
f 1095/1095/1095 1096/1096/1096 1089/1089/1089
f 1089/1089/1089 1097/1097/1097 1090/1090/1090
f 1123/1123/1123 861/861/861 862/862/862
f 861/861/861 860/860/860 862/862/862
f 181/181/181 193/193/193 182/182/182
f 1645/1645/1645 1647/1647/1647 1649/1649/1649
f 1283/1283/1283 1293/1293/1293 1233/1233/1233
f 1184/1184/1184 1213/1213/1213 1185/1185/1185
f 1185/1185/1185 1213/1213/1213 982/982/982
f 528/528/528 559/559/559 525/525/525
f 525/525/525 559/559/559 551/551/551
f 1269/1269/1269 1095/1095/1095 1128/1128/1128
f 162/162/162 181/181/181 182/182/182
f 180/180/180 200/200/200 181/181/181
f 1448/1448/1448 1430/1430/1430 1425/1425/1425
f 1430/1430/1430 1293/1293/1293 1283/1283/1283
f 1425/1425/1425 1430/1430/1430 1283/1283/1283
f 1185/1185/1185 982/982/982 1231/1231/1231
f 940/940/940 941/941/941 937/937/937
f 1674/1674/1674 1766/1766/1766 1676/1676/1676
f 1088/1088/1088 1095/1095/1095 1089/1089/1089
f 1090/1090/1090 1123/1123/1123 1098/1098/1098
f 1123/1123/1123 862/862/862 1098/1098/1098
f 162/162/162 182/182/182 184/184/184
f 1221/1221/1221 1233/1233/1233 1200/1200/1200
f 1182/1182/1182 1184/1184/1184 1183/1183/1183
f 1183/1183/1183 1184/1184/1184 1185/1185/1185
f 527/527/527 528/528/528 525/525/525
f 1088/1088/1088 1089/1089/1089 1087/1087/1087
f 1087/1087/1087 1089/1089/1089 1090/1090/1090
f 862/862/862 860/860/860 863/863/863
f 329/329/329 336/336/336 288/288/288
f 1199/1199/1199 1182/1182/1182 1198/1198/1198
f 982/982/982 940/940/940 939/939/939
f 1676/1676/1676 1766/1766/1766 1761/1761/1761
f 526/526/526 527/527/527 525/525/525
f 1091/1091/1091 1090/1090/1090 1098/1098/1098
f 1283/1283/1283 1233/1233/1233 1221/1221/1221
f 1200/1200/1200 1199/1199/1199 1198/1198/1198
f 981/981/981 982/982/982 939/939/939
f 525/525/525 551/551/551 524/524/524
f 1128/1128/1128 1095/1095/1095 1092/1092/1092
f 1092/1092/1092 1095/1095/1095 1088/1088/1088
f 1087/1087/1087 1090/1090/1090 1091/1091/1091
f 1098/1098/1098 862/862/862 864/864/864
f 180/180/180 162/162/162 161/161/161
f 221/221/221 180/180/180 203/203/203
f 1183/1183/1183 1185/1185/1185 1205/1205/1205
f 1205/1205/1205 1185/1185/1185 1231/1231/1231
f 1205/1205/1205 1231/1231/1231 981/981/981
f 1231/1231/1231 982/982/982 981/981/981
f 524/524/524 551/551/551 550/550/550
f 864/864/864 862/862/862 863/863/863
f 864/864/864 863/863/863 865/865/865
f 203/203/203 180/180/180 161/161/161
f 234/234/234 221/221/221 203/203/203
f 1648/1648/1648 1649/1649/1649 1650/1650/1650
f 1673/1673/1673 1680/1680/1680 1674/1674/1674
f 161/161/161 162/162/162 160/160/160
f 160/160/160 162/162/162 184/184/184
f 1221/1221/1221 1200/1200/1200 1198/1198/1198
f 981/981/981 939/939/939 935/935/935
f 1674/1674/1674 1676/1676/1676 1675/1675/1675
f 1673/1673/1673 1674/1674/1674 1675/1675/1675
f 1675/1675/1675 1676/1676/1676 1761/1761/1761
f 526/526/526 525/525/525 523/523/523
f 1283/1283/1283 1221/1221/1221 1220/1220/1220
f 980/980/980 981/981/981 935/935/935
f 1092/1092/1092 1088/1088/1088 1084/1084/1084
f 1087/1087/1087 1091/1091/1091 1086/1086/1086
f 1091/1091/1091 1098/1098/1098 1094/1094/1094
f 1181/1181/1181 1182/1182/1182 1183/1183/1183
f 1230/1230/1230 1205/1205/1205 980/980/980
f 1205/1205/1205 981/981/981 980/980/980
f 523/523/523 525/525/525 524/524/524
f 524/524/524 550/550/550 548/548/548
f 1094/1094/1094 1098/1098/1098 864/864/864
f 1417/1417/1417 1425/1425/1425 1283/1283/1283
f 1181/1181/1181 1183/1183/1183 1188/1188/1188
f 1188/1188/1188 1183/1183/1183 1205/1205/1205
f 548/548/548 550/550/550 569/569/569
f 1129/1129/1129 1128/1128/1128 1092/1092/1092
f 1091/1091/1091 1094/1094/1094 1086/1086/1086
f 1188/1188/1188 1205/1205/1205 1230/1230/1230
f 980/980/980 935/935/935 938/938/938
f 1677/1677/1677 1673/1673/1673 1675/1675/1675
f 548/548/548 569/569/569 568/568/568
f 233/233/233 234/234/234 203/203/203
f 1724/1724/1724 1730/1730/1730 1712/1712/1712
f 1724/1724/1724 1712/1712/1712 1708/1708/1708
f 1084/1084/1084 1088/1088/1088 1087/1087/1087
f 2144/2144/2144 2229/2229/2229 2241/2241/2241
f 1198/1198/1198 1182/1182/1182 1180/1180/1180
f 977/977/977 1230/1230/1230 980/980/980
f 1675/1675/1675 1761/1761/1761 1760/1760/1760
f 526/526/526 523/523/523 516/516/516
f 159/159/159 161/161/161 160/160/160
f 160/160/160 184/184/184 190/190/190
f 190/190/190 184/184/184 219/219/219
f 1220/1220/1220 1221/1221/1221 1198/1198/1198
f 1180/1180/1180 1182/1182/1182 1181/1181/1181
f 1129/1129/1129 1092/1092/1092 1093/1093/1093
f 1084/1084/1084 1087/1087/1087 1086/1086/1086
f 864/864/864 865/865/865 866/866/866
f 1220/1220/1220 1198/1198/1198 1180/1180/1180
f 977/977/977 980/980/980 938/938/938
f 523/523/523 524/524/524 514/514/514
f 1137/1137/1137 864/864/864 866/866/866
f 202/202/202 203/203/203 161/161/161
f 202/202/202 161/161/161 177/177/177
f 177/177/177 161/161/161 159/159/159
f 233/233/233 203/203/203 202/202/202
f 938/938/938 933/933/933 934/934/934
f 547/547/547 524/524/524 548/548/548
f 1094/1094/1094 864/864/864 1137/1137/1137
f 866/866/866 867/867/867 1433/1433/1433
f 1188/1188/1188 1230/1230/1230 978/978/978
f 977/977/977 938/938/938 969/969/969
f 1673/1673/1673 1677/1677/1677 1678/1678/1678
f 1230/1230/1230 977/977/977 978/978/978
f 1677/1677/1677 1760/1760/1760 1757/1757/1757
f 516/516/516 523/523/523 514/514/514
f 515/515/515 516/516/516 514/514/514
f 514/514/514 524/524/524 547/547/547
f 548/548/548 568/568/568 546/546/546
f 546/546/546 568/568/568 575/575/575
f 978/978/978 977/977/977 969/969/969
f 969/969/969 938/938/938 960/960/960
f 547/547/547 548/548/548 546/546/546
f 1093/1093/1093 1092/1092/1092 1084/1084/1084
f 1085/1085/1085 1086/1086/1086 1094/1094/1094
f 1240/1240/1240 1283/1283/1283 1220/1220/1220
f 1181/1181/1181 1188/1188/1188 1187/1187/1187
f 1678/1678/1678 1677/1677/1677 1679/1679/1679
f 1679/1679/1679 1677/1677/1677 1757/1757/1757
f 1084/1084/1084 1086/1086/1086 1085/1085/1085
f 1094/1094/1094 1137/1137/1137 1116/1116/1116
f 978/978/978 969/969/969 968/968/968
f 1220/1220/1220 1180/1180/1180 1204/1204/1204
f 1177/1177/1177 1180/1180/1180 1181/1181/1181
f 1187/1187/1187 1188/1188/1188 978/978/978
f 968/968/968 969/969/969 960/960/960
f 1483/1483/1483 1474/1474/1474 1482/1482/1482
f 1417/1417/1417 1283/1283/1283 1350/1350/1350
f 1350/1350/1350 1283/1283/1283 1240/1240/1240
f 1204/1204/1204 1180/1180/1180 1177/1177/1177
f 1465/1465/1465 1466/1466/1466 1467/1467/1467
f 882/882/882 883/883/883 874/874/874
f 874/874/874 871/871/871 873/873/873
f 546/546/546 575/575/575 573/573/573
f 1179/1179/1179 1181/1181/1181 1187/1187/1187
f 794/794/794 806/806/806 801/801/801
f 806/806/806 807/807/807 801/801/801
f 878/878/878 873/873/873 879/879/879
f 545/545/545 547/547/547 546/546/546
f 1137/1137/1137 866/866/866 1357/1357/1357
f 1469/1469/1469 1465/1465/1465 1467/1467/1467
f 809/809/809 806/806/806 805/805/805
f 794/794/794 801/801/801 797/797/797
f 797/797/797 801/801/801 803/803/803
f 878/878/878 879/879/879 1025/1025/1025
f 1025/1025/1025 879/879/879 877/877/877
f 879/879/879 873/873/873 877/877/877
f 877/877/877 873/873/873 875/875/875
f 1683/1683/1683 1678/1678/1678 1679/1679/1679
f 1085/1085/1085 1094/1094/1094 1099/1099/1099
f 1357/1357/1357 866/866/866 1433/1433/1433
f 1177/1177/1177 1181/1181/1181 1179/1179/1179
f 611/611/611 612/612/612 610/610/610
f 818/818/818 809/809/809 805/805/805
f 1470/1470/1470 1465/1465/1465 1469/1469/1469
f 1292/1292/1292 878/878/878 1026/1026/1026
f 1026/1026/1026 878/878/878 1025/1025/1025
f 1025/1025/1025 877/877/877 1024/1024/1024
f 514/514/514 547/547/547 545/545/545
f 1093/1093/1093 1084/1084/1084 1079/1079/1079
f 1099/1099/1099 1094/1094/1094 1116/1116/1116
f 159/159/159 160/160/160 158/158/158
f 158/158/158 160/160/160 190/190/190
f 1219/1219/1219 1220/1220/1220 1204/1204/1204
f 963/963/963 968/968/968 958/958/958
f 605/605/605 611/611/611 610/610/610
f 818/818/818 805/805/805 788/788/788
f 789/789/789 794/794/794 797/797/797
f 1236/1236/1236 1292/1292/1292 1026/1026/1026
f 877/877/877 875/875/875 880/880/880
f 1684/1684/1684 1683/1683/1683 1679/1679/1679
f 511/511/511 515/515/515 514/514/514
f 1116/1116/1116 1137/1137/1137 1138/1138/1138
f 1138/1138/1138 1137/1137/1137 1357/1357/1357
f 2188/2188/2188 2144/2144/2144 2241/2241/2241
f 605/605/605 610/610/610 606/606/606
f 798/798/798 818/818/818 788/788/788
f 788/788/788 794/794/794 789/789/789
f 1679/1679/1679 1757/1757/1757 1756/1756/1756
f 510/510/510 514/514/514 545/545/545
f 1079/1079/1079 1084/1084/1084 1085/1085/1085
f 978/978/978 968/968/968 976/976/976
f 976/976/976 968/968/968 963/963/963
f 603/603/603 605/605/605 606/606/606
f 817/817/817 818/818/818 798/798/798
f 781/781/781 788/788/788 789/789/789
f 1236/1236/1236 1026/1026/1026 1036/1036/1036
f 1026/1026/1026 1025/1025/1025 1020/1020/1020
f 1024/1024/1024 877/877/877 881/881/881
f 881/881/881 877/877/877 880/880/880
f 880/880/880 892/892/892 890/890/890
f 1684/1684/1684 1679/1679/1679 1685/1685/1685
f 1685/1685/1685 1679/1679/1679 1750/1750/1750
f 511/511/511 514/514/514 510/510/510
f 1240/1240/1240 1220/1220/1220 1219/1219/1219
f 1179/1179/1179 1187/1187/1187 1186/1186/1186
f 1186/1186/1186 1187/1187/1187 978/978/978
f 1186/1186/1186 978/978/978 976/976/976
f 1020/1020/1020 1025/1025/1025 1024/1024/1024
f 1020/1020/1020 1024/1024/1024 1023/1023/1023
f 881/881/881 880/880/880 884/884/884
f 1115/1115/1115 1116/1116/1116 1138/1138/1138
f 798/798/798 788/788/788 780/780/780
f 780/780/780 788/788/788 781/781/781
f 781/781/781 789/789/789 790/790/790
f 1024/1024/1024 881/881/881 1023/1023/1023
f 814/814/814 817/817/817 798/798/798
f 814/814/814 798/798/798 780/780/780
f 1023/1023/1023 881/881/881 885/885/885
f 885/885/885 881/881/881 884/884/884
f 1099/1099/1099 1116/1116/1116 1115/1115/1115
f 963/963/963 958/958/958 955/955/955
f 596/596/596 603/603/603 594/594/594
f 594/594/594 603/603/603 606/606/606
f 594/594/594 606/606/606 608/608/608
f 813/813/813 817/817/817 814/814/814
f 780/780/780 781/781/781 779/779/779
f 1685/1685/1685 1750/1750/1750 1749/1749/1749
f 1749/1749/1749 1750/1750/1750 1756/1756/1756
f 232/232/232 233/233/233 202/202/202
f 955/955/955 958/958/958 957/957/957
f 781/781/781 790/790/790 784/784/784
f 779/779/779 781/781/781 784/784/784
f 1035/1035/1035 1036/1036/1036 1026/1026/1026
f 1035/1035/1035 1026/1026/1026 1019/1019/1019
f 1021/1021/1021 1023/1023/1023 885/885/885
f 202/202/202 177/177/177 163/163/163
f 163/163/163 177/177/177 159/159/159
f 795/795/795 814/814/814 780/780/780
f 886/886/886 885/885/885 884/884/884
f 546/546/546 573/573/573 553/553/553
f 553/553/553 573/573/573 575/575/575
f 964/964/964 963/963/963 955/955/955
f 2304/2304/2304 2305/2305/2305 2306/2306/2306
f 553/553/553 575/575/575 574/574/574
f 1083/1083/1083 1085/1085/1085 1099/1099/1099
f 976/976/976 963/963/963 964/964/964
f 1020/1020/1020 1023/1023/1023 1021/1021/1021
f 1177/1177/1177 1179/1179/1179 1174/1174/1174
f 598/598/598 596/596/596 593/593/593
f 593/593/593 596/596/596 594/594/594
f 780/780/780 779/779/779 777/777/777
f 1018/1018/1018 1020/1020/1020 1021/1021/1021
f 545/545/545 546/546/546 542/542/542
f 542/542/542 546/546/546 553/553/553
f 1118/1118/1118 1093/1093/1093 1079/1079/1079
f 1079/1079/1079 1085/1085/1085 1083/1083/1083
f 158/158/158 190/190/190 189/189/189
f 189/189/189 190/190/190 219/219/219
f 189/189/189 219/219/219 220/220/220
f 232/232/232 202/202/202 201/201/201
f 1418/1418/1418 1417/1417/1417 1350/1350/1350
f 2188/2188/2188 2241/2241/2241 2240/2240/2240
f 964/964/964 955/955/955 953/953/953
f 777/777/777 779/779/779 778/778/778
f 1686/1686/1686 1685/1685/1685 1749/1749/1749
f 1749/1749/1749 1756/1756/1756 1752/1752/1752
f 507/507/507 511/511/511 510/510/510
f 1099/1099/1099 1115/1115/1115 1112/1112/1112
f 1357/1357/1357 1433/1433/1433 1427/1427/1427
f 1218/1218/1218 1240/1240/1240 1219/1219/1219
f 1174/1174/1174 1179/1179/1179 1186/1186/1186
f 1083/1083/1083 1099/1099/1099 1112/1112/1112
f 1019/1019/1019 1020/1020/1020 1018/1018/1018
f 885/885/885 886/886/886 888/888/888
f 889/889/889 887/887/887 891/891/891
f 510/510/510 545/545/545 542/542/542
f 163/163/163 159/159/159 152/152/152
f 152/152/152 159/159/159 158/158/158
f 1350/1350/1350 1240/1240/1240 1325/1325/1325
f 1325/1325/1325 1240/1240/1240 1218/1218/1218
f 795/795/795 780/780/780 777/777/777
f 1018/1018/1018 1021/1021/1021 1022/1022/1022
f 1021/1021/1021 885/885/885 1304/1304/1304
f 507/507/507 510/510/510 508/508/508
f 1218/1218/1218 1219/1219/1219 1204/1204/1204
f 508/508/508 510/510/510 542/542/542
f 201/201/201 202/202/202 163/163/163
f 979/979/979 976/976/976 964/964/964
f 1022/1022/1022 1021/1021/1021 1304/1304/1304
f 1304/1304/1304 885/885/885 888/888/888
f 1138/1138/1138 1357/1357/1357 1341/1341/1341
f 1341/1341/1341 1357/1357/1357 1427/1427/1427
f 1204/1204/1204 1177/1177/1177 1176/1176/1176
f 594/594/594 608/608/608 607/607/607
f 812/812/812 813/813/813 814/814/814
f 778/778/778 779/779/779 784/784/784
f 1117/1117/1117 1115/1115/1115 1138/1138/1138
f 1176/1176/1176 1177/1177/1177 1174/1174/1174
f 1078/1078/1078 1083/1083/1083 1112/1112/1112
f 964/964/964 953/953/953 952/952/952
f 595/595/595 598/598/598 593/593/593
f 1035/1035/1035 1019/1019/1019 1016/1016/1016
f 1686/1686/1686 1749/1749/1749 1751/1751/1751
f 1751/1751/1751 1749/1749/1749 1752/1752/1752
f 1118/1118/1118 1079/1079/1079 1077/1077/1077
f 1218/1218/1218 1204/1204/1204 1176/1176/1176
f 1019/1019/1019 1018/1018/1018 1016/1016/1016
f 541/541/541 542/542/542 553/553/553
f 1078/1078/1078 1112/1112/1112 1113/1113/1113
f 979/979/979 964/964/964 965/965/965
f 965/965/965 964/964/964 952/952/952
f 1751/1751/1751 1752/1752/1752 1753/1753/1753
f 506/506/506 507/507/507 508/508/508
f 508/508/508 542/542/542 541/541/541
f 1077/1077/1077 1079/1079/1079 1078/1078/1078
f 1079/1079/1079 1083/1083/1083 1078/1078/1078
f 1113/1113/1113 1112/1112/1112 1115/1115/1115
f 1113/1113/1113 1115/1115/1115 1117/1117/1117
f 1117/1117/1117 1138/1138/1138 1341/1341/1341
f 814/814/814 795/795/795 796/796/796
f 777/777/777 778/778/778 774/774/774
f 1037/1037/1037 1035/1035/1035 1016/1016/1016
f 506/506/506 508/508/508 509/509/509
f 509/509/509 508/508/508 541/541/541
f 1739/1739/1739 1721/1721/1721 1720/1720/1720
f 1125/1125/1125 1118/1118/1118 1077/1077/1077
f 1418/1418/1418 1350/1350/1350 1325/1325/1325
f 1174/1174/1174 1186/1186/1186 1172/1172/1172
f 1172/1172/1172 1186/1186/1186 1225/1225/1225
f 1225/1225/1225 1186/1186/1186 976/976/976
f 778/778/778 784/784/784 783/783/783
f 553/553/553 574/574/574 572/572/572
f 593/593/593 594/594/594 589/589/589
f 589/589/589 594/594/594 607/607/607
f 812/812/812 814/814/814 796/796/796
f 774/774/774 778/778/778 783/783/783
f 796/796/796 795/795/795 777/777/777
f 506/506/506 509/509/509 512/512/512
f 512/512/512 509/509/509 541/541/541
f 1225/1225/1225 976/976/976 979/979/979
f 1325/1325/1325 1218/1218/1218 1217/1217/1217
f 965/965/965 952/952/952 956/956/956
f 1018/1018/1018 1022/1022/1022 1017/1017/1017
f 1686/1686/1686 1751/1751/1751 1689/1689/1689
f 1689/1689/1689 1751/1751/1751 1753/1753/1753
f 506/506/506 512/512/512 513/513/513
f 1113/1113/1113 1117/1117/1117 1119/1119/1119
f 1017/1017/1017 1022/1022/1022 1304/1304/1304
f 543/543/543 553/553/553 572/572/572
f 595/595/595 593/593/593 590/590/590
f 590/590/590 593/593/593 589/589/589
f 1016/1016/1016 1018/1018/1018 997/997/997
f 1689/1689/1689 1753/1753/1753 1754/1754/1754
f 513/513/513 512/512/512 517/517/517
f 517/517/517 512/512/512 541/541/541
f 1341/1341/1341 1427/1427/1427 1406/1406/1406
f 189/189/189 220/220/220 214/214/214
f 1409/1409/1409 1418/1418/1418 1325/1325/1325
f 1217/1217/1217 1218/1218/1218 1176/1176/1176
f 1175/1175/1175 1176/1176/1176 1174/1174/1174
f 1015/1015/1015 1016/1016/1016 997/997/997
f 517/517/517 541/541/541 540/540/540
f 1119/1119/1119 1117/1117/1117 1317/1317/1317
f 1317/1317/1317 1117/1117/1117 1341/1341/1341
f 152/152/152 158/158/158 153/153/153
f 153/153/153 158/158/158 189/189/189
f 1326/1326/1326 1325/1325/1325 1217/1217/1217
f 1217/1217/1217 1176/1176/1176 1197/1197/1197
f 967/967/967 965/965/965 956/956/956
f 1037/1037/1037 1016/1016/1016 1015/1015/1015
f 1690/1690/1690 1689/1689/1689 1754/1754/1754
f 1690/1690/1690 1754/1754/1754 1755/1755/1755
f 518/518/518 513/513/513 517/517/517
f 540/540/540 541/541/541 553/553/553
f 540/540/540 553/553/553 543/543/543
f 1317/1317/1317 1341/1341/1341 1406/1406/1406
f 1738/1738/1738 1739/1739/1739 1727/1727/1727
f 1175/1175/1175 1174/1174/1174 1173/1173/1173
f 589/589/589 607/607/607 609/609/609
f 815/815/815 812/812/812 796/796/796
f 777/777/777 774/774/774 773/773/773
f 997/997/997 1018/1018/1018 1017/1017/1017
f 197/197/197 201/201/201 163/163/163
f 1409/1409/1409 1325/1325/1325 1326/1326/1326
f 1173/1173/1173 1174/1174/1174 1172/1172/1172
f 1694/1694/1694 1690/1690/1690 1755/1755/1755
f 1694/1694/1694 1755/1755/1755 1758/1758/1758
f 519/519/519 518/518/518 517/517/517
f 979/979/979 965/965/965 973/973/973
f 973/973/973 965/965/965 967/967/967
f 769/769/769 796/796/796 777/777/777
f 769/769/769 777/777/777 773/773/773
f 519/519/519 517/517/517 520/520/520
f 520/520/520 517/517/517 540/540/540
f 1195/1195/1195 1197/1197/1197 1176/1176/1176
f 1195/1195/1195 1176/1176/1176 1175/1175/1175
f 772/772/772 774/774/774 783/783/783
f 888/888/888 889/889/889 1383/1383/1383
f 815/815/815 796/796/796 769/769/769
f 1670/1670/1670 1694/1694/1694 1758/1758/1758
f 1082/1082/1082 1078/1078/1078 1113/1113/1113
f 1017/1017/1017 1304/1304/1304 1311/1311/1311
f 1670/1670/1670 1758/1758/1758 1759/1759/1759
f 521/521/521 519/519/519 520/520/520
f 521/521/521 520/520/520 522/522/522
f 522/522/522 520/520/520 540/540/540
f 1125/1125/1125 1077/1077/1077 1126/1126/1126
f 1126/1126/1126 1077/1077/1077 1071/1071/1071
f 710/710/710 717/717/717 718/718/718
f 1311/1311/1311 1304/1304/1304 888/888/888
f 522/522/522 540/540/540 543/543/543
f 543/543/543 572/572/572 571/571/571
f 1082/1082/1082 1113/1113/1113 1114/1114/1114
f 773/773/773 774/774/774 772/772/772
f 1311/1311/1311 888/888/888 1383/1383/1383
f 1668/1668/1668 1670/1670/1670 1759/1759/1759
f 529/529/529 521/521/521 522/522/522
f 1705/1705/1705 1693/1693/1693 1704/1704/1704
f 232/232/232 201/201/201 208/208/208
f 1668/1668/1668 1759/1759/1759 1762/1762/1762
f 530/530/530 521/521/521 529/529/529
f 1076/1076/1076 1078/1078/1078 1082/1082/1082
f 1346/1346/1346 1317/1317/1317 1406/1406/1406
f 1217/1217/1217 1197/1197/1197 1196/1196/1196
f 1172/1172/1172 1225/1225/1225 1211/1211/1211
f 705/705/705 710/710/710 718/718/718
f 1319/1319/1319 1326/1326/1326 1217/1217/1217
f 769/769/769 773/773/773 768/768/768
f 522/522/522 543/543/543 538/538/538
f 1409/1409/1409 1326/1326/1326 1372/1372/1372
f 1171/1171/1171 1173/1173/1173 1172/1172/1172
f 1113/1113/1113 1119/1119/1119 1124/1124/1124
f 1124/1124/1124 1119/1119/1119 1317/1317/1317
f 1216/1216/1216 1217/1217/1217 1196/1196/1196
f 586/586/586 590/590/590 589/589/589
f 768/768/768 773/773/773 772/772/772
f 996/996/996 1015/1015/1015 997/997/997
f 1017/1017/1017 1311/1311/1311 998/998/998
f 1671/1671/1671 1668/1668/1668 1762/1762/1762
f 529/529/529 522/522/522 531/531/531
f 530/530/530 529/529/529 531/531/531
f 543/543/543 571/571/571 567/567/567
f 1127/1127/1127 1126/1126/1126 1071/1071/1071
f 1114/1114/1114 1113/1113/1113 1124/1124/1124
f 2188/2188/2188 2240/2240/2240 2191/2191/2191
f 1372/1372/1372 1326/1326/1326 1319/1319/1319
f 1196/1196/1196 1197/1197/1197 1195/1195/1195
f 586/586/586 589/589/589 587/587/587
f 587/587/587 589/589/589 609/609/609
f 815/815/815 769/769/769 767/767/767
f 768/768/768 772/772/772 770/770/770
f 1037/1037/1037 1015/1015/1015 996/996/996
f 531/531/531 522/522/522 538/538/538
f 538/538/538 543/543/543 554/554/554
f 554/554/554 543/543/543 567/567/567
f 1124/1124/1124 1317/1317/1317 1346/1346/1346
f 770/770/770 772/772/772 783/783/783
f 1313/1313/1313 1311/1311/1311 1383/1383/1383
f 1195/1195/1195 1175/1175/1175 1178/1178/1178
f 770/770/770 783/783/783 782/782/782
f 1038/1038/1038 1037/1037/1037 996/996/996
f 197/197/197 163/163/163 154/154/154
f 154/154/154 163/163/163 152/152/152
f 1319/1319/1319 1217/1217/1217 1216/1216/1216
f 1697/1697/1697 1671/1671/1671 1762/1762/1762
f 1697/1697/1697 1762/1762/1762 1763/1763/1763
f 532/532/532 531/531/531 533/533/533
f 531/531/531 538/538/538 533/533/533
f 1127/1127/1127 1071/1071/1071 1070/1070/1070
f 153/153/153 189/189/189 167/167/167
f 167/167/167 189/189/189 214/214/214
f 1178/1178/1178 1175/1175/1175 1173/1173/1173
f 602/602/602 590/590/590 586/586/586
f 997/997/997 1017/1017/1017 998/998/998
f 1313/1313/1313 1383/1383/1383 1384/1384/1384
f 1696/1696/1696 1671/1671/1671 1697/1697/1697
f 1069/1069/1069 1076/1076/1076 1082/1082/1082
f 1178/1178/1178 1173/1173/1173 1171/1171/1171
f 956/956/956 947/947/947 948/948/948
f 1071/1071/1071 1076/1076/1076 1069/1069/1069
f 1082/1082/1082 1114/1114/1114 1111/1111/1111
f 1171/1171/1171 1172/1172/1172 1170/1170/1170
f 1170/1170/1170 1172/1172/1172 1211/1211/1211
f 539/539/539 533/533/533 538/538/538
f 816/816/816 815/815/815 767/767/767
f 767/767/767 769/769/769 768/768/768
f 1698/1698/1698 1696/1696/1696 1697/1697/1697
f 1710/1710/1710 1696/1696/1696 1698/1698/1698
f 748/748/748 749/749/749 747/747/747
f 994/994/994 996/996/996 997/997/997
f 1697/1697/1697 1763/1763/1763 1764/1764/1764
f 1070/1070/1070 1071/1071/1071 1069/1069/1069
f 1124/1124/1124 1346/1346/1346 1347/1347/1347
f 154/154/154 152/152/152 151/151/151
f 151/151/151 152/152/152 153/153/153
f 1194/1194/1194 1195/1195/1195 1178/1178/1178
f 966/966/966 967/967/967 956/956/956
f 1111/1111/1111 1114/1114/1114 1124/1124/1124
f 1347/1347/1347 1346/1346/1346 1406/1406/1406
f 767/767/767 768/768/768 766/766/766
f 766/766/766 768/768/768 770/770/770
f 1700/1700/1700 1710/1710/1710 1698/1698/1698
f 1347/1347/1347 1406/1406/1406 1426/1426/1426
f 167/167/167 214/214/214 213/213/213
f 1414/1414/1414 1409/1409/1409 1372/1372/1372
f 597/597/597 602/602/602 586/586/586
f 534/534/534 532/532/532 533/533/533
f 538/538/538 554/554/554 544/544/544
f 544/544/544 554/554/554 564/564/564
f 564/564/564 554/554/554 567/567/567
f 1127/1127/1127 1070/1070/1070 1072/1072/1072
f 1067/1067/1067 1082/1082/1082 1111/1111/1111
f 1196/1196/1196 1195/1195/1195 1194/1194/1194
f 1211/1211/1211 1225/1225/1225 1295/1295/1295
f 586/586/586 587/587/587 588/588/588
f 746/746/746 748/748/748 747/747/747
f 994/994/994 997/997/997 995/995/995
f 995/995/995 997/997/997 998/998/998
f 999/999/999 998/998/998 1313/1313/1313
f 1698/1698/1698 1697/1697/1697 1699/1699/1699
f 1254/1254/1254 1124/1124/1124 1347/1347/1347
f 1038/1038/1038 996/996/996 1031/1031/1031
f 995/995/995 998/998/998 999/999/999
f 966/966/966 956/956/956 948/948/948
f 1312/1312/1312 1313/1313/1313 1384/1384/1384
f 1699/1699/1699 1697/1697/1697 1764/1764/1764
f 1131/1131/1131 1127/1127/1127 1072/1072/1072
f 1069/1069/1069 1082/1082/1082 1067/1067/1067
f 1068/1068/1068 1069/1069/1069 1067/1067/1067
f 973/973/973 967/967/967 966/966/966
f 597/597/597 586/586/586 591/591/591
f 591/591/591 586/586/586 588/588/588
f 770/770/770 782/782/782 775/775/775
f 1031/1031/1031 996/996/996 994/994/994
f 1312/1312/1312 1384/1384/1384 1388/1388/1388
f 1700/1700/1700 1698/1698/1698 1699/1699/1699
f 534/534/534 533/533/533 535/535/535
f 535/535/535 533/533/533 539/539/539
f 1072/1072/1072 1070/1070/1070 1068/1068/1068
f 1070/1070/1070 1069/1069/1069 1068/1068/1068
f 539/539/539 538/538/538 544/544/544
f 1319/1319/1319 1216/1216/1216 1215/1215/1215
f 1216/1216/1216 1196/1196/1196 1193/1193/1193
f 1193/1193/1193 1196/1196/1196 1194/1194/1194
f 1169/1169/1169 1178/1178/1178 1171/1171/1171
f 1414/1414/1414 1372/1372/1372 1362/1362/1362
f 1362/1362/1362 1372/1372/1372 1319/1319/1319
f 1215/1215/1215 1216/1216/1216 1193/1193/1193
f 746/746/746 747/747/747 745/745/745
f 752/752/752 816/816/816 767/767/767
f 1194/1194/1194 1178/1178/1178 1169/1169/1169
f 754/754/754 767/767/767 766/766/766
f 194/194/194 197/197/197 154/154/154
f 225/225/225 230/230/230 208/208/208
f 752/752/752 767/767/767 754/754/754
f 1701/1701/1701 1699/1699/1699 1765/1765/1765
f 1765/1765/1765 1699/1699/1699 1764/1764/1764
f 1700/1700/1700 1699/1699/1699 1701/1701/1701
f 1193/1193/1193 1194/1194/1194 1169/1169/1169
f 766/766/766 770/770/770 771/771/771
f 771/771/771 770/770/770 775/775/775
f 966/966/966 948/948/948 950/950/950
f 763/763/763 766/766/766 771/771/771
f 1130/1130/1130 1038/1038/1038 1031/1031/1031
f 1715/1715/1715 1700/1700/1700 1701/1701/1701
f 1379/1379/1379 1347/1347/1347 1426/1426/1426
f 225/225/225 208/208/208 194/194/194
f 1169/1169/1169 1171/1171/1171 1168/1168/1168
f 1312/1312/1312 1388/1388/1388 1376/1376/1376
f 1168/1168/1168 1171/1171/1171 1170/1170/1170
f 754/754/754 766/766/766 763/763/763
f 1000/1000/1000 999/999/999 1312/1312/1312
f 1376/1376/1376 1388/1388/1388 1438/1438/1438
f 1765/1765/1765 1764/1764/1764 1768/1768/1768
f 537/537/537 534/534/534 536/536/536
f 536/536/536 534/534/534 535/535/535
f 1892/1892/1892 1893/1893/1893 1735/1735/1735
f 151/151/151 153/153/153 156/156/156
f 156/156/156 153/153/153 167/167/167
f 975/975/975 973/973/973 966/966/966
f 592/592/592 591/591/591 588/588/588
f 1303/1303/1303 1312/1312/1312 1376/1376/1376
f 535/535/535 539/539/539 544/544/544
f 194/194/194 154/154/154 155/155/155
f 155/155/155 154/154/154 151/151/151
f 2162/2162/2162 2191/2191/2191 2245/2245/2245
f 1170/1170/1170 1211/1211/1211 1210/1210/1210
f 1210/1210/1210 1211/1211/1211 1295/1295/1295
f 599/599/599 597/597/597 592/592/592
f 1031/1031/1031 994/994/994 993/993/993
f 1131/1131/1131 1072/1072/1072 1073/1073/1073
f 1111/1111/1111 1254/1254/1254 1255/1255/1255
f 1255/1255/1255 1254/1254/1254 1347/1347/1347
f 1255/1255/1255 1347/1347/1347 1379/1379/1379
f 1379/1379/1379 1426/1426/1426 1446/1446/1446
f 155/155/155 151/151/151 156/156/156
f 1362/1362/1362 1319/1319/1319 1314/1314/1314
f 1314/1314/1314 1319/1319/1319 1215/1215/1215
f 1314/1314/1314 1215/1215/1215 1214/1214/1214
f 1214/1214/1214 1215/1215/1215 1193/1193/1193
f 1100/1100/1100 1131/1131/1131 1073/1073/1073
f 156/156/156 167/167/167 185/185/185
f 185/185/185 167/167/167 213/213/213
f 1214/1214/1214 1193/1193/1193 1189/1189/1189
f 743/743/743 746/746/746 745/745/745
f 1000/1000/1000 1312/1312/1312 1303/1303/1303
f 544/544/544 564/564/564 563/563/563
f 1445/1445/1445 1414/1414/1414 1362/1362/1362
f 993/993/993 994/994/994 995/995/995
f 1189/1189/1189 1193/1193/1193 1169/1169/1169
f 743/743/743 745/745/745 741/741/741
f 1032/1032/1032 1130/1130/1130 1031/1031/1031
f 995/995/995 999/999/999 1000/1000/1000
f 535/535/535 544/544/544 555/555/555
f 555/555/555 544/544/544 563/563/563
f 1067/1067/1067 1111/1111/1111 1110/1110/1110
f 1110/1110/1110 1111/1111/1111 1255/1255/1255
f 751/751/751 752/752/752 753/753/753
f 753/753/753 752/752/752 754/754/754
f 753/753/753 754/754/754 763/763/763
f 771/771/771 775/775/775 776/776/776
f 1039/1039/1039 1130/1130/1130 1032/1032/1032
f 1032/1032/1032 1031/1031/1031 993/993/993
f 1445/1445/1445 1362/1362/1362 1377/1377/1377
f 742/742/742 743/743/743 741/741/741
f 599/599/599 592/592/592 600/600/600
f 1377/1377/1377 1362/1362/1362 1314/1314/1314
f 537/537/537 536/536/536 549/549/549
f 1072/1072/1072 1068/1068/1068 1066/1066/1066
f 1344/1344/1344 1255/1255/1255 1379/1379/1379
f 178/178/178 194/194/194 155/155/155
f 1189/1189/1189 1169/1169/1169 1167/1167/1167
f 1167/1167/1167 1169/1169/1169 1168/1168/1168
f 1166/1166/1166 1170/1170/1170 1210/1210/1210
f 753/753/753 763/763/763 762/762/762
f 762/762/762 763/763/763 785/785/785
f 785/785/785 763/763/763 771/771/771
f 1781/1781/1781 1811/1811/1811 1796/1796/1796
f 993/993/993 995/995/995 1001/1001/1001
f 1303/1303/1303 1376/1376/1376 1374/1374/1374
f 549/549/549 536/536/536 535/535/535
f 1073/1073/1073 1072/1072/1072 1066/1066/1066
f 1065/1065/1065 1067/1067/1067 1110/1110/1110
f 178/178/178 155/155/155 157/157/157
f 157/157/157 155/155/155 156/156/156
f 1166/1166/1166 1168/1168/1168 1170/1170/1170
f 1210/1210/1210 1295/1295/1295 975/975/975
f 785/785/785 771/771/771 776/776/776
f 1032/1032/1032 993/993/993 1027/1027/1027
f 995/995/995 1000/1000/1000 1002/1002/1002
f 1701/1701/1701 1765/1765/1765 1769/1769/1769
f 1769/1769/1769 1765/1765/1765 1768/1768/1768
f 549/549/549 535/535/535 556/556/556
f 556/556/556 535/535/535 555/555/555
f 1891/1891/1891 1735/1735/1735 1736/1736/1736
f 1068/1068/1068 1067/1067/1067 1066/1066/1066
f 164/164/164 185/185/185 212/212/212
f 164/164/164 212/212/212 191/191/191
f 687/687/687 688/688/688 685/685/685
f 739/739/739 742/742/742 741/741/741
f 1002/1002/1002 1000/1000/1000 1003/1003/1003
f 1771/1771/1771 1701/1701/1701 1769/1769/1769
f 156/156/156 185/185/185 164/164/164
f 2162/2162/2162 2245/2245/2245 2215/2215/2215
f 971/971/971 975/975/975 966/966/966
f 971/971/971 966/966/966 961/961/961
f 966/966/966 950/950/950 961/961/961
f 684/684/684 687/687/687 685/685/685
f 739/739/739 741/741/741 740/740/740
f 758/758/758 751/751/751 753/753/753
f 1027/1027/1027 993/993/993 1001/1001/1001
f 1001/1001/1001 995/995/995 1002/1002/1002
f 1003/1003/1003 1000/1000/1000 1303/1303/1303
f 1003/1003/1003 1303/1303/1303 1302/1302/1302
f 1302/1302/1302 1303/1303/1303 1374/1374/1374
f 1374/1374/1374 1376/1376/1376 1438/1438/1438
f 1066/1066/1066 1067/1067/1067 1065/1065/1065
f 758/758/758 753/753/753 757/757/757
f 757/757/757 753/753/753 762/762/762
f 1039/1039/1039 1032/1032/1032 1027/1027/1027
f 1437/1437/1437 1374/1374/1374 1438/1438/1438
f 1110/1110/1110 1255/1255/1255 1256/1256/1256
f 1256/1256/1256 1255/1255/1255 1344/1344/1344
f 157/157/157 156/156/156 164/164/164
f 1208/1208/1208 1214/1214/1214 1189/1189/1189
f 736/736/736 739/739/739 740/740/740
f 205/205/205 225/225/225 194/194/194
f 961/961/961 950/950/950 949/949/949
f 756/756/756 758/758/758 757/757/757
f 697/697/697 684/684/684 695/695/695
f 764/764/764 762/762/762 785/785/785
f 1314/1314/1314 1214/1214/1214 1208/1208/1208
f 1167/1167/1167 1168/1168/1168 1165/1165/1165
f 684/684/684 685/685/685 686/686/686
f 735/735/735 739/739/739 736/736/736
f 757/757/757 762/762/762 764/764/764
f 555/555/555 563/563/563 562/562/562
f 1380/1380/1380 1344/1344/1344 1379/1379/1379
f 1165/1165/1165 1168/1168/1168 1166/1166/1166
f 1394/1394/1394 1374/1374/1374 1437/1437/1437
f 205/205/205 194/194/194 178/178/178
f 157/157/157 164/164/164 165/165/165
f 684/684/684 686/686/686 689/689/689
f 1065/1065/1065 1110/1110/1110 1081/1081/1081
f 1209/1209/1209 1210/1210/1210 971/971/971
f 693/693/693 684/684/684 689/689/689
f 1301/1301/1301 1302/1302/1302 1374/1374/1374
f 582/582/582 549/549/549 556/556/556
f 556/556/556 555/555/555 557/557/557
f 205/205/205 178/178/178 166/166/166
f 166/166/166 178/178/178 157/157/157
f 165/165/165 164/164/164 191/191/191
f 191/191/191 212/212/212 187/187/187
f 1392/1392/1392 1377/1377/1377 1314/1314/1314
f 1209/1209/1209 971/971/971 970/970/970
f 970/970/970 971/971/971 961/961/961
f 537/537/537 549/549/549 582/582/582
f 1380/1380/1380 1379/1379/1379 1431/1431/1431
f 166/166/166 157/157/157 165/165/165
f 1315/1315/1315 1314/1314/1314 1208/1208/1208
f 735/735/735 736/736/736 734/734/734
f 757/757/757 764/764/764 759/759/759
f 759/759/759 764/764/764 786/786/786
f 764/764/764 785/785/785 786/786/786
f 557/557/557 555/555/555 562/562/562
f 1081/1081/1081 1110/1110/1110 1256/1256/1256
f 165/165/165 191/191/191 187/187/187
f 1162/1162/1162 1167/1167/1167 1165/1165/1165
f 970/970/970 961/961/961 962/962/962
f 962/962/962 961/961/961 949/949/949
f 755/755/755 756/756/756 757/757/757
f 755/755/755 757/757/757 759/759/759
f 786/786/786 785/785/785 787/787/787
f 785/785/785 776/776/776 787/787/787
f 1003/1003/1003 1302/1302/1302 1301/1301/1301
f 1004/1004/1004 1003/1003/1003 1301/1301/1301
f 1301/1301/1301 1374/1374/1374 1394/1394/1394
f 558/558/558 556/556/556 557/557/557
f 206/206/206 205/205/205 166/166/166
f 1392/1392/1392 1314/1314/1314 1315/1315/1315
f 1208/1208/1208 1189/1189/1189 1163/1163/1163
f 1189/1189/1189 1167/1167/1167 1163/1163/1163
f 1163/1163/1163 1167/1167/1167 1162/1162/1162
f 1166/1166/1166 1210/1210/1210 1209/1209/1209
f 689/689/689 686/686/686 690/690/690
f 732/732/732 735/735/735 734/734/734
f 1771/1771/1771 1769/1769/1769 1770/1770/1770
f 1769/1769/1769 1768/1768/1768 1770/1770/1770
f 1770/1770/1770 1768/1768/1768 1779/1779/1779
f 582/582/582 556/556/556 558/558/558
f 1100/1100/1100 1073/1073/1073 1074/1074/1074
f 1073/1073/1073 1066/1066/1066 1064/1064/1064
f 2164/2164/2164 2215/2215/2215 2242/2242/2242
f 2040/2040/2040 1987/1987/1987 2164/2164/2164
f 693/693/693 689/689/689 691/691/691
f 694/694/694 693/693/693 691/691/691
f 1002/1002/1002 1003/1003/1003 1004/1004/1004
f 227/227/227 205/205/205 206/206/206
f 1227/1227/1227 1209/1209/1209 970/970/970
f 1227/1227/1227 970/970/970 972/972/972
f 972/972/972 970/970/970 962/962/962
f 691/691/691 689/689/689 690/690/690
f 760/760/760 755/755/755 759/759/759
f 1039/1039/1039 1027/1027/1027 1040/1040/1040
f 1771/1771/1771 1770/1770/1770 1772/1772/1772
f 1256/1256/1256 1344/1344/1344 1257/1257/1257
f 1257/1257/1257 1344/1344/1344 1380/1380/1380
f 196/196/196 206/206/206 166/166/166
f 1165/1165/1165 1166/1166/1166 1161/1161/1161
f 1166/1166/1166 1209/1209/1209 1161/1161/1161
f 972/972/972 962/962/962 974/974/974
f 732/732/732 734/734/734 733/733/733
f 733/733/733 734/734/734 737/737/737
f 760/760/760 759/759/759 761/761/761
f 1005/1005/1005 1001/1001/1001 1002/1002/1002
f 1772/1772/1772 1770/1770/1770 1773/1773/1773
f 1773/1773/1773 1770/1770/1770 1779/1779/1779
f 1064/1064/1064 1066/1066/1066 1065/1065/1065
f 169/169/169 165/165/165 187/187/187
f 1162/1162/1162 1165/1165/1165 1161/1161/1161
f 1190/1190/1190 1209/1209/1209 1227/1227/1227
f 761/761/761 759/759/759 786/786/786
f 1027/1027/1027 1001/1001/1001 1005/1005/1005
f 1296/1296/1296 1004/1004/1004 1301/1301/1301
f 557/557/557 562/562/562 561/561/561
f 1074/1074/1074 1073/1073/1073 1064/1064/1064
f 1081/1081/1081 1256/1256/1256 1257/1257/1257
f 196/196/196 166/166/166 168/168/168
f 168/168/168 166/166/166 165/165/165
f 1390/1390/1390 1392/1392/1392 1315/1315/1315
f 983/983/983 974/974/974 984/984/984
f 786/786/786 787/787/787 791/791/791
f 1040/1040/1040 1027/1027/1027 1013/1013/1013
f 1013/1013/1013 1027/1027/1027 1005/1005/1005
f 560/560/560 558/558/558 557/557/557
f 561/561/561 562/562/562 563/563/563
f 168/168/168 165/165/165 169/169/169
f 1206/1206/1206 1315/1315/1315 1208/1208/1208
f 1206/1206/1206 1208/1208/1208 1163/1163/1163
f 1161/1161/1161 1209/1209/1209 1190/1190/1190
f 691/691/691 690/690/690 692/692/692
f 731/731/731 732/732/732 733/733/733
f 733/733/733 737/737/737 738/738/738
f 765/765/765 760/760/760 761/761/761
f 792/792/792 786/786/786 791/791/791
f 1773/1773/1773 1779/1779/1779 1778/1778/1778
f 823/823/823 828/828/828 825/825/825
f 1253/1253/1253 1100/1100/1100 1075/1075/1075
f 1075/1075/1075 1100/1100/1100 1074/1074/1074
f 1074/1074/1074 1064/1064/1064 1061/1061/1061
f 972/972/972 983/983/983 1227/1227/1227
f 731/731/731 733/733/733 744/744/744
f 744/744/744 733/733/733 738/738/738
f 1237/1237/1237 1040/1040/1040 1013/1013/1013
f 1301/1301/1301 1394/1394/1394 1395/1395/1395
f 1395/1395/1395 1394/1394/1394 1456/1456/1456
f 1774/1774/1774 1772/1772/1772 1773/1773/1773
f 823/823/823 825/825/825 824/824/824
f 1719/1719/1719 1772/1772/1772 1774/1774/1774
f 566/566/566 558/558/558 560/560/560
f 560/560/560 557/557/557 561/561/561
f 1064/1064/1064 1065/1065/1065 1062/1062/1062
f 169/169/169 187/187/187 186/186/186
f 186/186/186 187/187/187 236/236/236
f 985/985/985 984/984/984 987/987/987
f 750/750/750 731/731/731 744/744/744
f 696/696/696 692/692/692 725/725/725
f 793/793/793 761/761/761 792/792/792
f 1296/1296/1296 1301/1301/1301 1242/1242/1242
f 1242/1242/1242 1301/1301/1301 1345/1345/1345
f 1345/1345/1345 1301/1301/1301 1395/1395/1395
f 1775/1775/1775 1773/1773/1773 1778/1778/1778
f 1774/1774/1774 1773/1773/1773 1775/1775/1775
f 2040/2040/2040 2164/2164/2164 2039/2039/2039
f 1163/1163/1163 1162/1162/1162 1159/1159/1159
f 658/658/658 677/677/677 678/678/678
f 765/765/765 761/761/761 802/802/802
f 802/802/802 761/761/761 793/793/793
f 793/793/793 792/792/792 791/791/791
f 1407/1407/1407 1456/1456/1456 1458/1458/1458
f 821/821/821 823/823/823 824/824/824
f 576/576/576 566/566/566 560/560/560
f 576/576/576 560/560/560 570/570/570
f 570/570/570 560/560/560 561/561/561
f 1251/1251/1251 1253/1253/1253 1075/1075/1075
f 168/168/168 169/169/169 170/170/170
f 222/222/222 206/206/206 195/195/195
f 206/206/206 196/196/196 195/195/195
f 2222/2222/2222 2242/2242/2242 2270/2270/2270
f 1390/1390/1390 1315/1315/1315 1300/1300/1300
f 1300/1300/1300 1315/1315/1315 1206/1206/1206
f 1190/1190/1190 1227/1227/1227 1192/1192/1192
f 985/985/985 987/987/987 988/988/988
f 679/679/679 677/677/677 663/663/663
f 663/663/663 677/677/677 658/658/658
f 808/808/808 765/765/765 802/802/802
f 1034/1034/1034 1237/1237/1237 1013/1013/1013
f 1004/1004/1004 1296/1296/1296 1242/1242/1242
f 820/820/820 823/823/823 821/821/821
f 821/821/821 824/824/824 826/826/826
f 1061/1061/1061 1064/1064/1064 1062/1062/1062
f 171/171/171 168/168/168 170/170/170
f 170/170/170 169/169/169 186/186/186
f 1227/1227/1227 983/983/983 1192/1192/1192
f 804/804/804 802/802/802 800/800/800
f 800/800/800 802/802/802 793/793/793
f 799/799/799 793/793/793 791/791/791
f 1004/1004/1004 1242/1242/1242 1006/1006/1006
f 1345/1345/1345 1395/1395/1395 1407/1407/1407
f 1776/1776/1776 1775/1775/1775 1777/1777/1777
f 578/578/578 576/576/576 570/570/570
f 1062/1062/1062 1065/1065/1065 1081/1081/1081
f 211/211/211 186/186/186 236/236/236
f 1159/1159/1159 1162/1162/1162 1161/1161/1161
f 1192/1192/1192 983/983/983 985/985/985
f 1192/1192/1192 985/985/985 1270/1270/1270
f 1270/1270/1270 985/985/985 989/989/989
f 985/985/985 988/988/988 989/989/989
f 989/989/989 988/988/988 990/990/990
f 644/644/644 636/636/636 634/634/634
f 644/644/644 634/634/634 631/631/631
f 800/800/800 793/793/793 799/799/799
f 1281/1281/1281 1237/1237/1237 1034/1034/1034
f 1034/1034/1034 1013/1013/1013 1012/1012/1012
f 1002/1002/1002 1004/1004/1004 1006/1006/1006
f 462/462/462 493/493/493 496/496/496
f 819/819/819 820/820/820 821/821/821
f 170/170/170 186/186/186 173/173/173
f 2147/2147/2147 2146/2146/2146 2271/2271/2271
f 637/637/637 632/632/632 635/635/635
f 652/652/652 635/635/635 655/655/655
f 1422/1422/1422 1415/1415/1415 1364/1364/1364
f 1364/1364/1364 1415/1415/1415 1363/1363/1363
f 1363/1363/1363 1415/1415/1415 1412/1412/1412
f 1363/1363/1363 1412/1412/1412 1367/1367/1367
f 1367/1367/1367 1412/1412/1412 1369/1369/1369
f 656/656/656 644/644/644 641/641/641
f 646/646/646 648/648/648 657/657/657
f 1008/1008/1008 1005/1005/1005 1002/1002/1002
f 1008/1008/1008 1002/1002/1002 1007/1007/1007
f 1007/1007/1007 1002/1002/1002 1006/1006/1006
f 1242/1242/1242 1345/1345/1345 1298/1298/1298
f 1298/1298/1298 1345/1345/1345 1333/1333/1333
f 1333/1333/1333 1345/1345/1345 1407/1407/1407
f 1333/1333/1333 1407/1407/1407 1408/1408/1408
f 471/471/471 488/488/488 462/462/462
f 1101/1101/1101 1251/1251/1251 1075/1075/1075
f 1075/1075/1075 1074/1074/1074 1061/1061/1061
f 173/173/173 186/186/186 211/211/211
f 2235/2235/2235 2147/2147/2147 2271/2271/2271
f 2235/2235/2235 2271/2271/2271 2272/2272/2272
f 1270/1270/1270 989/989/989 1324/1324/1324
f 989/989/989 990/990/990 991/991/991
f 660/660/660 651/651/651 661/661/661
f 1423/1423/1423 1422/1422/1422 1373/1373/1373
f 1373/1373/1373 1422/1422/1422 1364/1364/1364
f 1369/1369/1369 1413/1413/1413 1361/1361/1361
f 1413/1413/1413 1402/1402/1402 1361/1361/1361
f 1322/1322/1322 1402/1402/1402 1323/1323/1323
f 1136/1136/1136 1281/1281/1281 1034/1034/1034
f 1008/1008/1008 1013/1013/1013 1005/1005/1005
f 1333/1333/1333 1408/1408/1408 1389/1389/1389
f 839/839/839 846/846/846 837/837/837
f 497/497/497 501/501/501 502/502/502
f 822/822/822 821/821/821 827/827/827
f 578/578/578 570/570/570 579/579/579
f 1252/1252/1252 1251/1251/1251 1101/1101/1101
f 2146/2146/2146 2041/2041/2041 2271/2271/2271
f 1159/1159/1159 1161/1161/1161 1160/1160/1160
f 1324/1324/1324 989/989/989 991/991/991
f 1324/1324/1324 991/991/991 1354/1354/1354
f 2180/2180/2180 2248/2248/2248 2179/2179/2179
f 1352/1352/1352 1373/1373/1373 1351/1351/1351
f 1373/1373/1373 1364/1364/1364 1351/1351/1351
f 1348/1348/1348 1363/1363/1363 1367/1367/1367
f 1367/1367/1367 1369/1369/1369 1349/1349/1349
f 1323/1323/1323 1281/1281/1281 1136/1136/1136
f 1012/1012/1012 1013/1013/1013 1008/1008/1008
f 1389/1389/1389 1408/1408/1408 844/844/844
f 844/844/844 842/842/842 1401/1401/1401
f 1401/1401/1401 842/842/842 841/841/841
f 841/841/841 838/838/838 1396/1396/1396
f 1396/1396/1396 838/838/838 834/834/834
f 831/831/831 822/822/822 829/829/829
f 829/829/829 827/827/827 830/830/830
f 1101/1101/1101 1075/1075/1075 1060/1060/1060
f 1060/1060/1060 1075/1075/1075 1061/1061/1061
f 1258/1258/1258 1257/1257/1257 1380/1380/1380
f 1258/1258/1258 1380/1380/1380 1405/1405/1405
f 179/179/179 195/195/195 171/171/171
f 222/222/222 195/195/195 179/179/179
f 2235/2235/2235 2272/2272/2272 2274/2274/2274
f 1160/1160/1160 1161/1161/1161 1156/1156/1156
f 1161/1161/1161 1190/1190/1190 1156/1156/1156
f 1156/1156/1156 1190/1190/1190 1192/1192/1192
f 1156/1156/1156 1192/1192/1192 1154/1154/1154
f 1271/1271/1271 1270/1270/1270 1324/1324/1324
f 1324/1324/1324 1354/1354/1354 1274/1274/1274
f 1352/1352/1352 1354/1354/1354 1373/1373/1373
f 1351/1351/1351 1363/1363/1363 1348/1348/1348
f 1348/1348/1348 1367/1367/1367 1349/1349/1349
f 1349/1349/1349 1361/1361/1361 1266/1266/1266
f 1266/1266/1266 1361/1361/1361 1322/1322/1322
f 1322/1322/1322 1323/1323/1323 1136/1136/1136
f 1006/1006/1006 1242/1242/1242 1028/1028/1028
f 1242/1242/1242 1298/1298/1298 1028/1028/1028
f 1298/1298/1298 1333/1333/1333 1297/1297/1297
f 1333/1333/1333 1389/1389/1389 1332/1332/1332
f 844/844/844 1401/1401/1401 1358/1358/1358
f 1358/1358/1358 1401/1401/1401 1355/1355/1355
f 1355/1355/1355 1401/1401/1401 841/841/841
f 1355/1355/1355 841/841/841 1360/1360/1360
f 841/841/841 1396/1396/1396 1360/1360/1360
f 1360/1360/1360 1396/1396/1396 1366/1366/1366
f 1396/1396/1396 834/834/834 1366/1366/1366
f 1366/1366/1366 834/834/834 833/833/833
f 834/834/834 831/831/831 833/833/833
f 833/833/833 831/831/831 832/832/832
f 832/832/832 829/829/829 830/830/830
f 580/580/580 578/578/578 579/579/579
f 1400/1400/1400 1390/1390/1390 1399/1399/1399
f 2222/2222/2222 2270/2270/2270 2238/2238/2238
f 1399/1399/1399 1390/1390/1390 1300/1300/1300
f 1264/1264/1264 1300/1300/1300 1207/1207/1207
f 1207/1207/1207 1300/1300/1300 1206/1206/1206
f 1206/1206/1206 1163/1163/1163 1164/1164/1164
f 1164/1164/1164 1163/1163/1163 1159/1159/1159
f 1271/1271/1271 1324/1324/1324 1274/1274/1274
f 1274/1274/1274 1354/1354/1354 1273/1273/1273
f 1273/1273/1273 1354/1354/1354 1352/1352/1352
f 1352/1352/1352 1351/1351/1351 1276/1276/1276
f 1351/1351/1351 1348/1348/1348 1276/1276/1276
f 1276/1276/1276 1348/1348/1348 1277/1277/1277
f 1277/1277/1277 1348/1348/1348 1267/1267/1267
f 1348/1348/1348 1349/1349/1349 1267/1267/1267
f 1267/1267/1267 1349/1349/1349 1266/1266/1266
f 1010/1010/1010 1006/1006/1006 1028/1028/1028
f 1297/1297/1297 1333/1333/1333 1332/1332/1332
f 1332/1332/1332 1389/1389/1389 1358/1358/1358
f 1332/1332/1332 1358/1358/1358 1321/1321/1321
f 833/833/833 832/832/832 1343/1343/1343
f 1343/1343/1343 832/832/832 830/830/830
f 1102/1102/1102 1252/1252/1252 1101/1101/1101
f 1081/1081/1081 1257/1257/1257 1080/1080/1080
f 179/179/179 171/171/171 172/172/172
f 172/172/172 171/171/171 170/170/170
f 172/172/172 170/170/170 173/173/173
f 226/226/226 222/222/222 179/179/179
f 1399/1399/1399 1300/1300/1300 1264/1264/1264
f 1159/1159/1159 1160/1160/1160 1157/1157/1157
f 1273/1273/1273 1352/1352/1352 1275/1275/1275
f 1275/1275/1275 1352/1352/1352 1276/1276/1276
f 1266/1266/1266 1322/1322/1322 1265/1265/1265
f 1322/1322/1322 1136/1136/1136 1265/1265/1265
f 1265/1265/1265 1136/1136/1136 1135/1135/1135
f 1136/1136/1136 1034/1034/1034 1014/1014/1014
f 1007/1007/1007 1006/1006/1006 1010/1010/1010
f 1028/1028/1028 1298/1298/1298 1297/1297/1297
f 1321/1321/1321 1358/1358/1358 1320/1320/1320
f 1358/1358/1358 1355/1355/1355 1320/1320/1320
f 1320/1320/1320 1355/1355/1355 1334/1334/1334
f 1334/1334/1334 1355/1355/1355 1360/1360/1360
f 1334/1334/1334 1360/1360/1360 1342/1342/1342
f 1360/1360/1360 1366/1366/1366 1342/1342/1342
f 1342/1342/1342 1366/1366/1366 833/833/833
f 1342/1342/1342 833/833/833 1343/1343/1343
f 1343/1343/1343 830/830/830 1245/1245/1245
f 1245/1245/1245 830/830/830 1252/1252/1252
f 1080/1080/1080 1257/1257/1257 1258/1258/1258
f 173/173/173 211/211/211 188/188/188
f 188/188/188 211/211/211 224/224/224
f 1206/1206/1206 1164/1164/1164 1207/1207/1207
f 1271/1271/1271 1274/1274/1274 1272/1272/1272
f 1272/1272/1272 1274/1274/1274 1273/1273/1273
f 1148/1148/1148 1267/1267/1267 1266/1266/1266
f 1014/1014/1014 1034/1034/1034 1012/1012/1012
f 1297/1297/1297 1332/1332/1332 1043/1043/1043
f 1043/1043/1043 1332/1332/1332 1321/1321/1321
f 1306/1306/1306 1334/1334/1334 1305/1305/1305
f 1334/1334/1334 1342/1342/1342 1305/1305/1305
f 1342/1342/1342 1343/1343/1343 1246/1246/1246
f 1246/1246/1246 1343/1343/1343 1245/1245/1245
f 1245/1245/1245 1252/1252/1252 1102/1102/1102
f 1059/1059/1059 1060/1060/1060 1061/1061/1061
f 1080/1080/1080 1062/1062/1062 1081/1081/1081
f 175/175/175 179/179/179 172/172/172
f 226/226/226 179/179/179 198/198/198
f 2235/2235/2235 2274/2274/2274 2171/2171/2171
f 1158/1158/1158 1159/1159/1159 1157/1157/1157
f 1157/1157/1157 1160/1160/1160 1156/1156/1156
f 1152/1152/1152 1272/1272/1272 1273/1273/1273
f 1152/1152/1152 1273/1273/1273 1275/1275/1275
f 1152/1152/1152 1275/1275/1275 1151/1151/1151
f 1275/1275/1275 1276/1276/1276 1151/1151/1151
f 1151/1151/1151 1276/1276/1276 1238/1238/1238
f 1238/1238/1238 1276/1276/1276 1277/1277/1277
f 1148/1148/1148 1277/1277/1277 1267/1267/1267
f 1148/1148/1148 1266/1266/1266 1241/1241/1241
f 1266/1266/1266 1265/1265/1265 1241/1241/1241
f 1011/1011/1011 1012/1012/1012 1008/1008/1008
f 1008/1008/1008 1007/1007/1007 1009/1009/1009
f 1043/1043/1043 1321/1321/1321 1320/1320/1320
f 1047/1047/1047 1320/1320/1320 1306/1306/1306
f 1305/1305/1305 1342/1342/1342 1246/1246/1246
f 1258/1258/1258 1405/1405/1405 1403/1403/1403
f 172/172/172 173/173/173 174/174/174
f 174/174/174 173/173/173 188/188/188
f 1930/1930/1930 1927/1927/1927 2086/2086/2086
f 1154/1154/1154 1271/1271/1271 1272/1272/1272
f 1149/1149/1149 1238/1238/1238 1277/1277/1277
f 1241/1241/1241 1265/1265/1265 1135/1135/1135
f 1014/1014/1014 1012/1012/1012 1011/1011/1011
f 1011/1011/1011 1008/1008/1008 1009/1009/1009
f 1009/1009/1009 1007/1007/1007 1010/1010/1010
f 1028/1028/1028 1297/1297/1297 1043/1043/1043
f 1043/1043/1043 1320/1320/1320 1047/1047/1047
f 1047/1047/1047 1306/1306/1306 1109/1109/1109
f 1306/1306/1306 1305/1305/1305 1108/1108/1108
f 1108/1108/1108 1305/1305/1305 1107/1107/1107
f 1305/1305/1305 1246/1246/1246 1107/1107/1107
f 1246/1246/1246 1245/1245/1245 1103/1103/1103
f 1245/1245/1245 1102/1102/1102 1103/1103/1103
f 1103/1103/1103 1102/1102/1102 1060/1060/1060
f 1060/1060/1060 1102/1102/1102 1101/1101/1101
f 198/198/198 179/179/179 175/175/175
f 175/175/175 172/172/172 174/174/174
f 1154/1154/1154 1272/1272/1272 1152/1152/1152
f 1151/1151/1151 1238/1238/1238 1149/1149/1149
f 1149/1149/1149 1277/1277/1277 1148/1148/1148
f 1241/1241/1241 1135/1135/1135 1139/1139/1139
f 1109/1109/1109 1306/1306/1306 1108/1108/1108
f 1104/1104/1104 1107/1107/1107 1246/1246/1246
f 1104/1104/1104 1246/1246/1246 1103/1103/1103
f 1059/1059/1059 1061/1061/1061 1058/1058/1058
f 1061/1061/1061 1062/1062/1062 1058/1058/1058
f 1164/1164/1164 1159/1159/1159 1158/1158/1158
f 1156/1156/1156 1154/1154/1154 1155/1155/1155
f 1154/1154/1154 1152/1152/1152 1153/1153/1153
f 1148/1148/1148 1241/1241/1241 1141/1141/1141
f 1041/1041/1041 1135/1135/1135 1014/1014/1014
f 1009/1009/1009 1010/1010/1010 1029/1029/1029
f 1030/1030/1030 1010/1010/1010 1028/1028/1028
f 1030/1030/1030 1028/1028/1028 1042/1042/1042
f 1042/1042/1042 1028/1028/1028 1043/1043/1043
f 1058/1058/1058 1062/1062/1062 1063/1063/1063
f 1063/1063/1063 1062/1062/1062 1080/1080/1080
f 198/198/198 175/175/175 176/176/176
f 175/175/175 174/174/174 176/176/176
f 174/174/174 188/188/188 183/183/183
f 188/188/188 224/224/224 223/223/223
f 1398/1398/1398 1399/1399/1399 1264/1264/1264
f 1930/1930/1930 2079/2079/2079 2078/2078/2078
f 1157/1157/1157 1156/1156/1156 1155/1155/1155
f 1153/1153/1153 1155/1155/1155 1154/1154/1154
f 1153/1153/1153 1152/1152/1152 1150/1150/1150
f 1152/1152/1152 1151/1151/1151 1150/1150/1150
f 1151/1151/1151 1149/1149/1149 1150/1150/1150
f 1150/1150/1150 1149/1149/1149 1146/1146/1146
f 1146/1146/1146 1149/1149/1149 1147/1147/1147
f 1149/1149/1149 1148/1148/1148 1147/1147/1147
f 1141/1141/1141 1241/1241/1241 1139/1139/1139
f 1139/1139/1139 1135/1135/1135 1041/1041/1041
f 1029/1029/1029 1010/1010/1010 1030/1030/1030
f 1043/1043/1043 1047/1047/1047 1046/1046/1046
f 1050/1050/1050 1109/1109/1109 1108/1108/1108
f 1107/1107/1107 1104/1104/1104 1055/1055/1055
f 1104/1104/1104 1103/1103/1103 1056/1056/1056
f 1056/1056/1056 1060/1060/1060 1059/1059/1059
f 176/176/176 174/174/174 183/183/183
f 207/207/207 198/198/198 176/176/176
f 1398/1398/1398 1264/1264/1264 1234/1234/1234
f 1264/1264/1264 1207/1207/1207 1234/1234/1234
f 1234/1234/1234 1207/1207/1207 1164/1164/1164
f 1926/1926/1926 1930/1930/1930 2078/2078/2078
f 1147/1147/1147 1148/1148/1148 1144/1144/1144
f 1144/1144/1144 1148/1148/1148 1141/1141/1141
f 1014/1014/1014 1011/1011/1011 1033/1033/1033
f 1033/1033/1033 1011/1011/1011 1009/1009/1009
f 1046/1046/1046 1109/1109/1109 1050/1050/1050
f 1050/1050/1050 1108/1108/1108 1107/1107/1107
f 1050/1050/1050 1107/1107/1107 1053/1053/1053
f 1053/1053/1053 1107/1107/1107 1055/1055/1055
f 1055/1055/1055 1104/1104/1104 1056/1056/1056
f 1103/1103/1103 1060/1060/1060 1056/1056/1056
f 1063/1063/1063 1080/1080/1080 1120/1120/1120
f 1080/1080/1080 1258/1258/1258 1294/1294/1294
f 1120/1120/1120 1080/1080/1080 1294/1294/1294
f 297/297/297 301/301/301 264/264/264
f 1294/1294/1294 1258/1258/1258 1403/1403/1403
f 183/183/183 188/188/188 223/223/223
f 237/237/237 228/228/228 207/207/207
f 1155/1155/1155 1153/1153/1153 1202/1202/1202
f 1146/1146/1146 1147/1147/1147 1144/1144/1144
f 1041/1041/1041 1014/1014/1014 1033/1033/1033
f 1033/1033/1033 1009/1009/1009 1134/1134/1134
f 1009/1009/1009 1029/1029/1029 1134/1134/1134
f 1042/1042/1042 1043/1043/1043 1046/1046/1046
f 204/204/204 207/207/207 176/176/176
f 204/204/204 176/176/176 192/192/192
f 176/176/176 183/183/183 192/192/192
f 1398/1398/1398 1234/1234/1234 1365/1365/1365
f 2080/2080/2080 2081/2081/2081 2082/2082/2082
f 1202/1202/1202 1153/1153/1153 1150/1150/1150
f 1202/1202/1202 1150/1150/1150 1223/1223/1223
f 1150/1150/1150 1146/1146/1146 1222/1222/1222
f 1145/1145/1145 1146/1146/1146 1144/1144/1144
f 1143/1143/1143 1144/1144/1144 1141/1141/1141
f 1029/1029/1029 1030/1030/1030 1133/1133/1133
f 1048/1048/1048 1046/1046/1046 1049/1049/1049
f 1049/1049/1049 1046/1046/1046 1050/1050/1050
f 1050/1050/1050 1053/1053/1053 1052/1052/1052
f 1052/1052/1052 1053/1053/1053 1054/1054/1054
f 1053/1053/1053 1055/1055/1055 1054/1054/1054
f 1055/1055/1055 1056/1056/1056 1054/1054/1054
f 1058/1058/1058 1056/1056/1056 1059/1059/1059
f 1294/1294/1294 1403/1403/1403 1393/1393/1393
f 1393/1393/1393 1403/1403/1403 1454/1454/1454
f 192/192/192 183/183/183 210/210/210
f 183/183/183 223/223/223 210/210/210
f 229/229/229 237/237/237 207/207/207
f 229/229/229 207/207/207 204/204/204
f 1447/1447/1447 1398/1398/1398 1365/1365/1365
f 1234/1234/1234 1164/1164/1164 1226/1226/1226
f 1226/1226/1226 1164/1164/1164 1212/1212/1212
f 1164/1164/1164 1158/1158/1158 1212/1212/1212
f 1158/1158/1158 1157/1157/1157 1201/1201/1201
f 1157/1157/1157 1155/1155/1155 1201/1201/1201
f 1201/1201/1201 1155/1155/1155 1203/1203/1203
f 1203/1203/1203 1155/1155/1155 1202/1202/1202
f 1223/1223/1223 1150/1150/1150 1224/1224/1224
f 1150/1150/1150 1222/1222/1222 1224/1224/1224
f 1222/1222/1222 1146/1146/1146 1229/1229/1229
f 1145/1145/1145 1229/1229/1229 1146/1146/1146
f 1145/1145/1145 1144/1144/1144 1143/1143/1143
f 1142/1142/1142 1143/1143/1143 1141/1141/1141
f 1142/1142/1142 1141/1141/1141 1140/1140/1140
f 1140/1140/1140 1141/1141/1141 1139/1139/1139
f 1140/1140/1140 1139/1139/1139 1041/1041/1041
f 1259/1259/1259 1033/1033/1033 1134/1134/1134
f 1134/1134/1134 1029/1029/1029 1248/1248/1248
f 1248/1248/1248 1029/1029/1029 1249/1249/1249
f 1044/1044/1044 1030/1030/1030 1042/1042/1042
f 1042/1042/1042 1046/1046/1046 1045/1045/1045
f 1045/1045/1045 1046/1046/1046 1048/1048/1048
f 1049/1049/1049 1050/1050/1050 1051/1051/1051
f 1051/1051/1051 1050/1050/1050 1052/1052/1052
f 1054/1054/1054 1056/1056/1056 1057/1057/1057
f 1057/1057/1057 1056/1056/1056 1058/1058/1058
f 290/290/290 338/338/338 276/276/276
f 1226/1226/1226 1365/1365/1365 1234/1234/1234
f 1212/1212/1212 1158/1158/1158 1201/1201/1201
f 1140/1140/1140 1041/1041/1041 1288/1288/1288
f 1041/1041/1041 1033/1033/1033 1259/1259/1259
f 1029/1029/1029 1133/1133/1133 1249/1249/1249
f 1132/1132/1132 1133/1133/1133 1030/1030/1030
f 1132/1132/1132 1030/1030/1030 1044/1044/1044
f 1044/1044/1044 1042/1042/1042 1045/1045/1045
f 1057/1057/1057 1058/1058/1058 1106/1106/1106
f 1106/1106/1106 1058/1058/1058 1122/1122/1122
f 1122/1122/1122 1058/1058/1058 1121/1121/1121
f 1058/1058/1058 1063/1063/1063 1121/1121/1121
f 1121/1121/1121 1063/1063/1063 1120/1120/1120
f 1121/1121/1121 1120/1120/1120 1260/1260/1260
f 1120/1120/1120 1294/1294/1294 1260/1260/1260
f 1260/1260/1260 1294/1294/1294 1393/1393/1393
f 229/229/229 204/204/204 215/215/215
f 215/215/215 204/204/204 192/192/192
f 215/215/215 192/192/192 216/216/216
f 192/192/192 210/210/210 217/217/217
f 216/216/216 192/192/192 217/217/217
f 1447/1447/1447 1365/1365/1365 1442/1442/1442
f 1201/1201/1201 1203/1203/1203 1247/1247/1247
f 1247/1247/1247 1203/1203/1203 1318/1318/1318
f 1318/1318/1318 1203/1203/1203 1202/1202/1202
f 1202/1202/1202 1223/1223/1223 1318/1318/1318
f 1318/1318/1318 1223/1223/1223 1337/1337/1337
f 1223/1223/1223 1224/1224/1224 1336/1336/1336
f 1222/1222/1222 1229/1229/1229 1327/1327/1327
f 1327/1327/1327 1229/1229/1229 1145/1145/1145
f 1327/1327/1327 1145/1145/1145 1286/1286/1286
f 1285/1285/1285 1145/1145/1145 1143/1143/1143
f 1903/1903/1903 2032/2032/2032 2119/2119/2119
f 1285/1285/1285 1143/1143/1143 1142/1142/1142
f 1288/1288/1288 1041/1041/1041 1290/1290/1290
f 1041/1041/1041 1259/1259/1259 1290/1290/1290
f 1248/1248/1248 1249/1249/1249 1310/1310/1310
f 1249/1249/1249 1133/1133/1133 1132/1132/1132
f 1262/1262/1262 1049/1049/1049 1051/1051/1051
f 1244/1244/1244 1051/1051/1051 1052/1052/1052
f 1244/1244/1244 1052/1052/1052 1054/1054/1054
f 1244/1244/1244 1054/1054/1054 1280/1280/1280
f 1054/1054/1054 1057/1057/1057 1280/1280/1280
f 1260/1260/1260 1393/1393/1393 1416/1416/1416
f 240/240/240 229/229/229 215/215/215
f 1442/1442/1442 1365/1365/1365 1370/1370/1370
f 1365/1365/1365 1226/1226/1226 1370/1370/1370
f 2196/2196/2196 2158/2158/2158 2256/2256/2256
f 1226/1226/1226 1212/1212/1212 1243/1243/1243
f 1243/1243/1243 1212/1212/1212 1201/1201/1201
f 1356/1356/1356 1247/1247/1247 1318/1318/1318
f 1336/1336/1336 1337/1337/1337 1223/1223/1223
f 1337/1337/1337 1336/1336/1336 1353/1353/1353
f 1336/1336/1336 1224/1224/1224 1222/1222/1222
f 1340/1340/1340 1336/1336/1336 1222/1222/1222
f 1353/1353/1353 1336/1336/1336 1340/1340/1340
f 1340/1340/1340 1222/1222/1222 1327/1327/1327
f 1286/1286/1286 1145/1145/1145 1285/1285/1285
f 1285/1285/1285 1142/1142/1142 1284/1284/1284
f 1284/1284/1284 1142/1142/1142 1140/1140/1140
f 1284/1284/1284 1140/1140/1140 1287/1287/1287
f 1140/1140/1140 1288/1288/1288 1287/1287/1287
f 1851/1851/1851 2005/2005/2005 2058/2058/2058
f 1309/1309/1309 1134/1134/1134 1248/1248/1248
f 1261/1261/1261 1132/1132/1132 1044/1044/1044
f 1261/1261/1261 1044/1044/1044 1279/1279/1279
f 1044/1044/1044 1045/1045/1045 1278/1278/1278
f 1278/1278/1278 1045/1045/1045 1048/1048/1048
f 1263/1263/1263 1048/1048/1048 1049/1049/1049
f 1263/1263/1263 1049/1049/1049 1262/1262/1262
f 1244/1244/1244 1262/1262/1262 1051/1051/1051
f 1299/1299/1299 1280/1280/1280 1057/1057/1057
f 1299/1299/1299 1057/1057/1057 1106/1106/1106
f 1121/1121/1121 1260/1260/1260 1339/1339/1339
f 1339/1339/1339 1260/1260/1260 1416/1416/1416
f 1455/1455/1455 1416/1416/1416 1393/1393/1393
f 238/238/238 215/215/215 216/216/216
f 238/238/238 216/216/216 239/239/239
f 239/239/239 216/216/216 217/217/217
f 1443/1443/1443 1442/1442/1442 1370/1370/1370
f 1370/1370/1370 1226/1226/1226 1243/1243/1243
f 1243/1243/1243 1201/1201/1201 1282/1282/1282
f 1247/1247/1247 1282/1282/1282 1201/1201/1201
f 1282/1282/1282 1247/1247/1247 1356/1356/1356
f 1318/1318/1318 1337/1337/1337 1397/1397/1397
f 2149/2149/2149 2231/2231/2231 2244/2244/2244
f 2170/2170/2170 2149/2149/2149 2244/2244/2244
f 1397/1397/1397 1337/1337/1337 1353/1353/1353
f 1386/1386/1386 1353/1353/1353 1340/1340/1340
f 1386/1386/1386 1340/1340/1340 1327/1327/1327
f 1386/1386/1386 1327/1327/1327 1387/1387/1387
f 2119/2119/2119 2168/2168/2168 2195/2195/2195
f 1387/1387/1387 1327/1327/1327 1286/1286/1286
f 1286/1286/1286 1285/1285/1285 1284/1284/1284
f 2194/2194/2194 2118/2118/2118 2195/2195/2195
f 2194/2194/2194 2195/2195/2195 2258/2258/2258
f 1284/1284/1284 1287/1287/1287 1381/1381/1381
f 1287/1287/1287 1288/1288/1288 1289/1289/1289
f 1288/1288/1288 1290/1290/1290 1289/1289/1289
f 1307/1307/1307 1290/1290/1290 1259/1259/1259
f 1307/1307/1307 1259/1259/1259 1309/1309/1309
f 1259/1259/1259 1134/1134/1134 1309/1309/1309
f 1310/1310/1310 1249/1249/1249 1316/1316/1316
f 1316/1316/1316 1249/1249/1249 1250/1250/1250
f 1250/1250/1250 1249/1249/1249 1132/1132/1132
f 1044/1044/1044 1278/1278/1278 1279/1279/1279
f 1263/1263/1263 1278/1278/1278 1048/1048/1048
f 1263/1263/1263 1262/1262/1262 1331/1331/1331
f 1331/1331/1331 1262/1262/1262 1244/1244/1244
f 1331/1331/1331 1244/1244/1244 1338/1338/1338
f 1244/1244/1244 1280/1280/1280 1338/1338/1338
f 1338/1338/1338 1280/1280/1280 1359/1359/1359
f 1359/1359/1359 1280/1280/1280 1299/1299/1299
f 1299/1299/1299 1106/1106/1106 1330/1330/1330
f 1330/1330/1330 1106/1106/1106 1329/1329/1329
f 1329/1329/1329 1106/1106/1106 1122/1122/1122
f 1122/1122/1122 1121/1121/1121 1335/1335/1335
f 1121/1121/1121 1339/1339/1339 1335/1335/1335
f 137/137/137 143/143/143 115/115/115
f 127/127/127 149/149/149 114/114/114
f 108/108/108 148/148/148 129/129/129
f 139/139/139 150/150/150 127/127/127
f 2243/2243/2243 2247/2247/2247 2266/2266/2266
f 1371/1371/1371 1370/1370/1370 1243/1243/1243
f 1282/1282/1282 1356/1356/1356 1368/1368/1368
f 1356/1356/1356 1318/1318/1318 1421/1421/1421
f 1421/1421/1421 1318/1318/1318 1397/1397/1397
f 1421/1421/1421 1397/1397/1397 1444/1444/1444
f 141/141/141 142/142/142 76/76/76
f 141/141/141 76/76/76 75/75/75
f 1444/1444/1444 1397/1397/1397 1353/1353/1353
f 70/70/70 141/141/141 75/75/75
f 144/144/144 141/141/141 70/70/70
f 1444/1444/1444 1353/1353/1353 1386/1386/1386
f 94/94/94 132/132/132 116/116/116
f 116/116/116 132/132/132 112/112/112
f 1387/1387/1387 1286/1286/1286 1420/1420/1420
f 1420/1420/1420 1286/1286/1286 1284/1284/1284
f 1289/1289/1289 1290/1290/1290 1291/1291/1291
f 1290/1290/1290 1307/1307/1307 1291/1291/1291
f 1309/1309/1309 1248/1248/1248 1310/1310/1310
f 1250/1250/1250 1132/1132/1132 1261/1261/1261
f 1359/1359/1359 1299/1299/1299 1378/1378/1378
f 1378/1378/1378 1299/1299/1299 1330/1330/1330
f 1329/1329/1329 1122/1122/1122 1335/1335/1335
f 1335/1335/1335 1339/1339/1339 1428/1428/1428
f 145/145/145 122/122/122 93/93/93
f 1428/1428/1428 1339/1339/1339 1416/1416/1416
f 147/147/147 93/93/93 130/130/130
f 130/130/130 93/93/93 115/115/115
f 130/130/130 115/115/115 143/143/143
f 127/127/127 114/114/114 80/80/80
f 101/101/101 127/127/127 80/80/80
f 114/114/114 108/108/108 80/80/80
f 83/83/83 108/108/108 129/129/129
f 83/83/83 129/129/129 104/104/104
f 139/139/139 127/127/127 101/101/101
f 1440/1440/1440 1443/1443/1443 1370/1370/1370
f 118/118/118 139/139/139 101/101/101
f 1440/1440/1440 1370/1370/1370 1371/1371/1371
f 1440/1440/1440 1371/1371/1371 1439/1439/1439
f 1371/1371/1371 1243/1243/1243 1385/1385/1385
f 1385/1385/1385 1243/1243/1243 1282/1282/1282
f 1385/1385/1385 1282/1282/1282 1368/1368/1368
f 2279/2279/2279 2230/2230/2230 2278/2278/2278
f 1368/1368/1368 1356/1356/1356 1434/1434/1434
f 1434/1434/1434 1356/1356/1356 1421/1421/1421
f 99/99/99 30/30/30 44/44/44
f 44/44/44 30/30/30 29/29/29
f 76/76/76 99/99/99 44/44/44
f 67/67/67 120/120/120 94/94/94
f 44/44/44 29/29/29 26/26/26
f 26/26/26 29/29/29 28/28/28
f 26/26/26 28/28/28 27/27/27
f 27/27/27 28/28/28 67/67/67
f 76/76/76 44/44/44 43/43/43
f 43/43/43 44/44/44 26/26/26
f 27/27/27 67/67/67 94/94/94
f 75/75/75 76/76/76 43/43/43
f 26/26/26 27/27/27 25/25/25
f 25/25/25 27/27/27 94/94/94
f 43/43/43 26/26/26 24/24/24
f 24/24/24 26/26/26 25/25/25
f 75/75/75 43/43/43 24/24/24
f 70/70/70 75/75/75 24/24/24
f 25/25/25 94/94/94 88/88/88
f 70/70/70 24/24/24 37/37/37
f 37/37/37 24/24/24 23/23/23
f 24/24/24 25/25/25 21/21/21
f 23/23/23 24/24/24 21/21/21
f 21/21/21 25/25/25 88/88/88
f 88/88/88 94/94/94 116/116/116
f 38/38/38 70/70/70 37/37/37
f 121/121/121 70/70/70 38/38/38
f 88/88/88 116/116/116 85/85/85
f 85/85/85 116/116/116 112/112/112
f 21/21/21 88/88/88 85/85/85
f 85/85/85 112/112/112 97/97/97
f 121/121/121 38/38/38 72/72/72
f 85/85/85 97/97/97 14/14/14
f 1420/1420/1420 1284/1284/1284 1381/1381/1381
f 124/124/124 121/121/121 72/72/72
f 14/14/14 97/97/97 58/58/58
f 58/58/58 97/97/97 105/105/105
f 95/95/95 58/58/58 105/105/105
f 1382/1382/1382 1381/1381/1381 1287/1287/1287
f 124/124/124 72/72/72 71/71/71
f 1382/1382/1382 1287/1287/1287 1289/1289/1289
f 124/124/124 71/71/71 123/123/123
f 1382/1382/1382 1289/1289/1289 1291/1291/1291
f 1291/1291/1291 1307/1307/1307 1308/1308/1308
f 1307/1307/1307 1309/1309/1309 1308/1308/1308
f 1308/1308/1308 1309/1309/1309 1310/1310/1310
f 1375/1375/1375 1250/1250/1250 1261/1261/1261
f 1261/1261/1261 1279/1279/1279 1391/1391/1391
f 1404/1404/1404 1279/1279/1279 1278/1278/1278
f 1410/1410/1410 1278/1278/1278 1263/1263/1263
f 1410/1410/1410 1263/1263/1263 1411/1411/1411
f 1263/1263/1263 1331/1331/1331 1411/1411/1411
f 1411/1411/1411 1331/1331/1331 1424/1424/1424
f 1424/1424/1424 1331/1331/1331 1419/1419/1419
f 1331/1331/1331 1338/1338/1338 1419/1419/1419
f 1419/1419/1419 1338/1338/1338 1359/1359/1359
f 1419/1419/1419 1359/1359/1359 1436/1436/1436
f 1436/1436/1436 1359/1359/1359 1378/1378/1378
f 1378/1378/1378 1330/1330/1330 1329/1329/1329
f 1378/1378/1378 1329/1329/1329 1429/1429/1429
f 1429/1429/1429 1329/1329/1329 1428/1428/1428
f 1329/1329/1329 1335/1335/1335 1428/1428/1428
f 82/82/82 128/128/128 137/137/137
f 93/93/93 82/82/82 115/115/115
f 115/115/115 82/82/82 137/137/137
f 101/101/101 80/80/80 79/79/79
f 83/83/83 104/104/104 87/87/87
f 118/118/118 101/101/101 79/79/79
f 77/77/77 118/118/118 79/79/79
f 1439/1439/1439 1371/1371/1371 1385/1385/1385
f 100/100/100 118/118/118 77/77/77
f 1435/1435/1435 1385/1385/1385 1368/1368/1368
f 100/100/100 77/77/77 45/45/45
f 66/66/66 84/84/84 98/98/98
f 1434/1434/1434 1435/1435/1435 1368/1368/1368
f 30/30/30 100/100/100 45/45/45
f 30/30/30 45/45/45 42/42/42
f 42/42/42 66/66/66 67/67/67
f 67/67/67 66/66/66 98/98/98
f 30/30/30 42/42/42 28/28/28
f 28/28/28 42/42/42 67/67/67
f 29/29/29 30/30/30 28/28/28
f 18/18/18 23/23/23 21/21/21
f 38/38/38 23/23/23 18/18/18
f 18/18/18 21/21/21 19/19/19
f 19/19/19 21/21/21 14/14/14
f 14/14/14 21/21/21 85/85/85
f 12/12/12 38/38/38 18/18/18
f 72/72/72 38/38/38 12/12/12
f 18/18/18 19/19/19 13/13/13
f 13/13/13 19/19/19 14/14/14
f 12/12/12 18/18/18 13/13/13
f 13/13/13 14/14/14 9/9/9
f 9/9/9 14/14/14 58/58/58
f 12/12/12 13/13/13 9/9/9
f 9/9/9 58/58/58 57/57/57
f 57/57/57 58/58/58 95/95/95
f 72/72/72 12/12/12 2/2/2
f 71/71/71 72/72/72 2/2/2
f 2/2/2 12/12/12 9/9/9
f 15/15/15 9/9/9 57/57/57
f 15/15/15 57/57/57 95/95/95
f 15/15/15 95/95/95 56/56/56
f 56/56/56 95/95/95 110/110/110
f 71/71/71 2/2/2 1/1/1
f 123/123/123 71/71/71 62/62/62
f 138/138/138 123/123/123 62/62/62
f 1328/1328/1328 1308/1308/1308 1310/1310/1310
f 86/86/86 138/138/138 62/62/62
f 1328/1328/1328 1310/1310/1310 1316/1316/1316
f 1316/1316/1316 1250/1250/1250 1375/1375/1375
f 2228/2228/2228 2227/2227/2227 2269/2269/2269
f 2228/2228/2228 2269/2269/2269 2264/2264/2264
f 1391/1391/1391 1375/1375/1375 1261/1261/1261
f 1404/1404/1404 1278/1278/1278 1410/1410/1410
f 2224/2224/2224 2228/2228/2228 2264/2264/2264
f 2224/2224/2224 2264/2264/2264 2265/2265/2265
f 2224/2224/2224 2265/2265/2265 2267/2267/2267
f 2224/2224/2224 2267/2267/2267 2226/2226/2226
f 146/146/146 92/92/92 136/136/136
f 1441/1441/1441 1424/1424/1424 1419/1419/1419
f 146/146/146 136/136/136 91/91/91
f 140/140/140 146/146/146 91/91/91
f 1441/1441/1441 1419/1419/1419 1436/1436/1436
f 140/140/140 91/91/91 89/89/89
f 1432/1432/1432 1436/1436/1436 1378/1378/1378
f 134/134/134 140/140/140 89/89/89
f 134/134/134 89/89/89 103/103/103
f 1432/1432/1432 1378/1378/1378 1429/1429/1429
f 134/134/134 103/103/103 69/69/69
f 122/122/122 134/134/134 69/69/69
f 122/122/122 69/69/69 53/53/53
f 122/122/122 53/53/53 93/93/93
f 82/82/82 53/53/53 54/54/54
f 54/54/54 128/128/128 82/82/82
f 93/93/93 53/53/53 82/82/82
f 79/79/79 80/80/80 78/78/78
f 80/80/80 83/83/83 78/78/78
f 78/78/78 83/83/83 87/87/87
f 77/77/77 79/79/79 78/78/78
f 77/77/77 78/78/78 73/73/73
f 73/73/73 78/78/78 87/87/87
f 73/73/73 87/87/87 74/74/74
f 74/74/74 87/87/87 133/133/133
f 45/45/45 77/77/77 73/73/73
f 65/65/65 73/73/73 74/74/74
f 45/45/45 73/73/73 65/65/65
f 74/74/74 133/133/133 84/84/84
f 65/65/65 74/74/74 84/84/84
f 66/66/66 65/65/65 84/84/84
f 42/42/42 65/65/65 66/66/66
f 2/2/2 9/9/9 3/3/3
f 9/9/9 15/15/15 3/3/3
f 1/1/1 2/2/2 3/3/3
f 3/3/3 15/15/15 8/8/8
f 1/1/1 3/3/3 4/4/4
f 8/8/8 15/15/15 56/56/56
f 4/4/4 3/3/3 8/8/8
f 5/5/5 1/1/1 4/4/4
f 8/8/8 56/56/56 7/7/7
f 4/4/4 8/8/8 7/7/7
f 6/6/6 4/4/4 7/7/7
f 62/62/62 1/1/1 5/5/5
f 5/5/5 4/4/4 6/6/6
f 7/7/7 56/56/56 63/63/63
f 46/46/46 62/62/62 5/5/5
f 86/86/86 62/62/62 46/46/46
f 6/6/6 7/7/7 10/10/10
f 10/10/10 7/7/7 20/20/20
f 20/20/20 7/7/7 63/63/63
f 20/20/20 63/63/63 119/119/119
f 20/20/20 119/119/119 106/106/106
f 22/22/22 20/20/20 106/106/106
f 46/46/46 5/5/5 11/11/11
f 22/22/22 106/106/106 107/107/107
f 131/131/131 86/86/86 55/55/55
f 86/86/86 46/46/46 55/55/55
f 55/55/55 46/46/46 11/11/11
f 60/60/60 22/22/22 111/111/111
f 111/111/111 22/22/22 107/107/107
f 60/60/60 111/111/111 125/125/125
f 68/68/68 60/60/60 125/125/125
f 135/135/135 131/131/131 55/55/55
f 68/68/68 125/125/125 126/126/126
f 135/135/135 55/55/55 81/81/81
f 81/81/81 55/55/55 40/40/40
f 17/17/17 68/68/68 48/48/48
f 48/48/48 68/68/68 96/96/96
f 96/96/96 68/68/68 126/126/126
f 92/92/92 135/135/135 81/81/81
f 81/81/81 40/40/40 41/41/41
f 41/41/41 40/40/40 32/32/32
f 96/96/96 126/126/126 117/117/117
f 41/41/41 32/32/32 34/34/34
f 92/92/92 81/81/81 41/41/41
f 34/34/34 33/33/33 35/35/35
f 35/35/35 33/33/33 48/48/48
f 92/92/92 41/41/41 36/36/36
f 36/36/36 41/41/41 34/34/34
f 48/48/48 96/96/96 90/90/90
f 90/90/90 96/96/96 117/117/117
f 35/35/35 48/48/48 47/47/47
f 47/47/47 48/48/48 90/90/90
f 36/36/36 34/34/34 35/35/35
f 91/91/91 92/92/92 36/36/36
f 36/36/36 35/35/35 39/39/39
f 39/39/39 35/35/35 47/47/47
f 47/47/47 90/90/90 59/59/59
f 59/59/59 90/90/90 102/102/102
f 91/91/91 36/36/36 64/64/64
f 64/64/64 36/36/36 39/39/39
f 64/64/64 39/39/39 50/50/50
f 39/39/39 47/47/47 49/49/49
f 50/50/50 39/39/39 49/49/49
f 49/49/49 47/47/47 59/59/59
f 89/89/89 91/91/91 64/64/64
f 89/89/89 64/64/64 50/50/50
f 69/69/69 89/89/89 50/50/50
f 59/59/59 102/102/102 61/61/61
f 61/61/61 102/102/102 113/113/113
f 49/49/49 59/59/59 52/52/52
f 52/52/52 59/59/59 61/61/61
f 50/50/50 49/49/49 51/51/51
f 69/69/69 50/50/50 51/51/51
f 51/51/51 49/49/49 52/52/52
f 61/61/61 113/113/113 109/109/109
f 52/52/52 61/61/61 54/54/54
f 54/54/54 61/61/61 109/109/109
f 53/53/53 69/69/69 51/51/51
f 53/53/53 51/51/51 52/52/52
f 53/53/53 52/52/52 54/54/54
f 5/5/5 6/6/6 10/10/10
f 22/22/22 10/10/10 20/20/20
f 5/5/5 10/10/10 11/11/11
f 11/11/11 10/10/10 16/16/16
f 16/16/16 10/10/10 22/22/22
f 16/16/16 22/22/22 60/60/60
f 17/17/17 11/11/11 16/16/16
f 17/17/17 16/16/16 60/60/60
f 17/17/17 60/60/60 68/68/68
f 11/11/11 17/17/17 31/31/31
f 40/40/40 11/11/11 32/32/32
f 32/32/32 11/11/11 31/31/31
f 31/31/31 17/17/17 48/48/48
f 32/32/32 31/31/31 33/33/33
f 33/33/33 31/31/31 48/48/48

