mtllib 4_6_2026.mtl
v -0.274783 0.033392 -0.390942
v -0.276967 0.013184 -0.388446
v -0.277783 0.001183 -0.387924
v 0.296681 -0.031999 0.021398
v 0.296129 -0.039119 0.023464
v 0.295328 -0.047853 0.016714
v 0.297674 -0.048097 -0.005521
v 0.298999 -0.035076 0.000295
v 0.299587 -0.043404 -0.021772
v 0.301543 -0.030333 -0.027947
v 0.300594 -0.023984 -0.013527
v 0.294703 -0.027948 0.048305
v 0.293956 -0.035617 0.048525
v 0.293090 -0.022540 0.072405
v 0.291393 -0.030684 0.076080
v 0.290826 -0.015982 0.096611
v 0.288261 -0.027188 0.099701
v 0.288980 -0.011958 0.123666
v 0.292227 -0.007077 0.080645
v 0.294114 -0.011481 0.055392
v 0.297099 -0.017778 0.014283
v 0.289218 -0.000944 0.118364
v 0.287475 -0.012917 0.166849
v 0.287733 0.002307 0.151409
v 0.301351 -0.013651 -0.033983
v 0.295089 0.019231 0.019606
v 0.292891 0.029329 0.042619
v 0.289759 0.031189 0.075693
v 0.289591 0.007718 0.101996
v 0.286838 0.016523 0.128706
v 0.287019 0.033425 0.100995
v 0.296578 -0.001861 0.007772
v 0.295822 0.030455 -0.006812
v 0.293785 0.038854 0.012122
v 0.290753 0.038461 0.051131
v 0.298400 0.009419 -0.021192
v 0.298684 0.015561 -0.037556
v 0.283719 0.040973 0.127036
v 0.285073 0.017463 0.156571
v 0.300793 -0.009286 -0.050031
v 0.287537 -0.001622 0.179878
v 0.287185 -0.013991 0.199521
v 0.287148 -0.001888 0.204933
v 0.287390 -0.013602 0.253441
v 0.287026 -0.002007 0.257708
v 0.287101 -0.012962 0.304802
v 0.287025 -0.001311 0.300025
v 0.286879 -0.001190 0.333439
v 0.294660 0.040508 -0.018715
v 0.286473 -0.012859 0.326571
v 0.286742 -0.012480 0.348080
v 0.296306 0.030316 -0.051609
v 0.293378 0.043125 -0.001814
v 0.284820 0.010478 0.194525
v 0.285894 0.041903 0.095829
v 0.287738 0.041373 0.076878
v 0.294086 0.040663 -0.048441
v 0.279902 0.038579 0.168957
v 0.283149 0.015981 0.222555
v 0.277482 0.042454 0.201388
v 0.284162 0.010898 0.263849
v 0.283634 0.012384 0.317900
v 0.285364 0.008434 0.356379
v 0.293490 0.041986 -0.064512
v 0.276623 0.041355 0.237775
v 0.278827 0.030795 0.255715
v 0.277338 0.033981 0.285278
v 0.297231 0.002562 -0.065616
v 0.292688 0.036719 -0.074742
v 0.299851 -0.028876 -0.048989
v 0.293470 0.020285 -0.079102
v 0.289370 0.038786 -0.096246
v 0.273744 0.048064 0.250238
v 0.290506 0.013378 -0.099405
v 0.288467 0.018246 -0.119457
v 0.287764 0.036926 -0.114357
v 0.287249 0.028440 -0.129574
v 0.285351 0.040192 -0.130919
v 0.285220 0.034924 -0.150793
v 0.282361 0.044435 -0.160560
v 0.287144 0.009953 -0.135049
v 0.285922 0.015926 -0.156361
v 0.284553 0.036184 -0.182608
v 0.283903 0.040123 -0.173617
v 0.283502 0.043524 -0.207772
v 0.285077 0.019470 -0.188732
v 0.285414 0.016721 -0.169445
v 0.284430 0.013891 -0.202489
v 0.285037 -0.007819 -0.201837
v 0.283522 0.006442 -0.219663
v 0.284834 -0.009171 -0.226152
v 0.282342 0.000557 -0.247167
v 0.285999 -0.019003 -0.253978
v 0.285222 -0.016788 -0.271206
v 0.285408 -0.025742 -0.292462
v 0.285499 -0.017933 -0.233947
v 0.284323 -0.016247 -0.198429
v 0.285275 -0.017610 -0.300816
v 0.285092 -0.025831 -0.339348
v 0.284775 -0.018085 -0.342764
v 0.287336 -0.028999 -0.365614
v 0.282442 0.021123 -0.221100
v 0.286458 -0.019317 -0.361149
v 0.286205 -0.017875 -0.372674
v 0.284901 0.000463 -0.175909
v 0.282644 0.043237 -0.218906
v 0.288277 -0.018729 -0.393583
v 0.287955 -0.015201 -0.395511
v 0.285691 -0.029703 -0.247963
v 0.288095 -0.028051 -0.393414
v 0.283663 -0.012266 -0.332419
v 0.278723 0.031032 -0.247073
v 0.278689 0.040131 -0.246783
v 0.280236 0.010117 -0.251079
v 0.276010 0.034612 -0.275593
v 0.277779 0.015412 -0.274529
v 0.280925 -0.000797 -0.269728
v 0.276082 0.021121 -0.302585
v 0.273649 0.042974 -0.294454
v 0.274177 0.032758 -0.330691
v 0.272471 0.050183 -0.322877
v 0.272904 0.052486 -0.368714
v 0.274343 0.031425 -0.369175
v 0.278135 0.007371 -0.340011
v 0.278817 0.002078 -0.373623
v 0.278904 0.005302 -0.305303
v 0.273227 0.048473 -0.278182
v 0.277632 0.045533 -0.247923
v 0.275196 0.033678 -0.387475
v 0.272729 0.054789 -0.381487
v 0.274180 0.048075 -0.395650
v 0.271612 0.055337 -0.339791
v 0.272021 0.049518 -0.297483
v 0.279868 -0.000690 -0.351194
v 0.279906 0.003275 -0.388382
v 0.277132 0.028235 -0.395957
v 0.281343 0.048655 -0.219357
v 0.291003 -0.014473 -0.424165
v 0.287554 -0.002737 -0.413550
v 0.290186 0.046289 -0.075823
v 0.289756 -0.001979 -0.429952
v 0.289961 -0.001740 -0.451389
v 0.285805 0.024459 -0.445774
v 0.290993 -0.016728 -0.438014
v 0.287913 0.006059 -0.458701
v 0.281800 0.041764 -0.455358
v 0.281325 0.047979 -0.443100
v 0.280679 0.045583 -0.429386
v 0.283151 0.029672 -0.431386
v 0.288913 0.002019 0.380358
v 0.289680 -0.001340 0.380294
v 0.288973 0.019673 0.418838
v 0.293749 -0.000629 0.419235
v 0.284738 0.041531 0.434298
v 0.293570 0.000563 0.436339
v 0.291575 0.005488 0.447798
v 0.293766 -0.012415 0.434860
v 0.281612 0.049447 0.419627
v 0.293685 -0.012364 0.417530
v 0.282539 0.045406 0.445546
v 0.271800 0.055465 -0.395823
v 0.275485 0.037059 0.325256
v 0.280808 0.024406 0.375623
v 0.277055 0.035144 0.357541
v 0.274218 0.048610 0.376399
v 0.283131 0.012602 -0.409994
v 0.292257 -0.013548 0.447587
v 0.282573 0.025766 0.392264
v 0.277223 0.049689 0.394521
v 0.273999 0.051855 0.206585
v 0.274992 0.051194 0.181605
v 0.277285 0.049896 0.150839
v 0.281683 0.049902 0.431678
v 0.273214 0.044143 0.349790
v 0.278249 0.051661 -0.425572
v 0.273476 0.042186 0.303150
v 0.281247 0.048977 -0.201946
v 0.282979 0.046724 -0.124934
v 0.285117 -0.030641 -0.260395
v 0.291595 0.003834 -0.090227
v 0.288799 -0.014412 -0.456996
v 0.275331 0.050020 -0.253148
v 0.276399 0.052107 -0.234529
v 0.281732 0.046743 0.125955
v 0.282635 0.045569 0.102922
v 0.281941 0.034800 0.459559
v 0.269568 0.053430 -0.301005
v 0.280570 0.039182 -0.462084
v 0.288937 -0.012802 0.381832
v 0.287180 0.003970 -0.117852
v 0.284298 -0.000881 -0.149703
v 0.284005 -0.028874 -0.225545
v 0.289252 -0.000258 0.459344
v 0.297977 -0.014726 -0.062971
v 0.285222 0.045301 -0.109174
v 0.287255 0.046047 -0.089554
v 0.281885 0.045760 -0.141906
v 0.283028 -0.014121 -0.168596
v 0.290789 0.047087 0.002969
v 0.289934 0.049449 -0.063921
v 0.285416 -0.033556 -0.352006
v 0.284142 -0.030629 -0.334621
v 0.284040 -0.032589 -0.291544
v 0.282357 0.012534 -0.471740
v 0.288260 -0.012193 0.462468
v 0.290078 0.049697 -0.016807
v 0.284046 -0.002785 -0.471479
v 0.290962 0.046604 -0.049314
v 0.287744 -0.030117 -0.414295
v 0.287962 -0.015534 0.133071
v 0.286515 -0.027447 0.108994
v 0.297510 -0.047464 -0.034208
v 0.268966 0.049353 0.327089
v 0.282036 0.016015 0.470233
v 0.282044 -0.028725 -0.203384
v 0.277998 0.050386 -0.179638
v 0.270967 0.052843 0.252928
v 0.292663 -0.044444 0.040392
v 0.291973 -0.004761 -0.079657
v 0.269615 0.050101 0.347686
v 0.268520 0.050328 0.305129
v 0.279152 -0.022724 -0.150331
v 0.280626 -0.027527 -0.183477
v 0.283714 -0.003348 -0.134483
v 0.282706 -0.000471 0.474627
v 0.287027 0.045875 0.043204
v 0.284559 0.045656 0.072299
v 0.283243 -0.014387 -0.471155
v 0.272138 0.054605 0.389725
v 0.277251 -0.023160 -0.124172
v 0.294891 -0.029563 -0.063662
v 0.277010 0.045181 0.459749
v 0.282239 -0.007493 -0.122812
v 0.275397 -0.030823 -0.109283
v 0.284547 -0.022379 0.248323
v 0.288616 -0.042250 0.068338
v 0.281529 -0.012584 -0.108268
v 0.287171 -0.027628 -0.439868
v 0.284703 -0.036285 -0.370689
v 0.293000 -0.057320 0.008999
v 0.294106 -0.058636 -0.016922
v 0.295283 -0.044453 -0.048032
v 0.284202 -0.010930 -0.097515
v 0.279756 -0.030307 -0.091857
v 0.284535 -0.021121 0.197809
v 0.284478 -0.021062 0.165091
v 0.284546 -0.025229 0.130819
v 0.280279 -0.036645 -0.216273
v 0.281801 -0.039609 -0.245931
v 0.290322 -0.020888 0.434640
v 0.286088 -0.016043 -0.086914
v 0.274802 0.032973 0.473164
v 0.274848 0.032625 -0.474505
v 0.278293 -0.012005 0.480615
v 0.276556 -0.033975 -0.173611
v 0.270898 -0.037076 -0.137523
v 0.272597 -0.033781 -0.120136
v 0.283515 -0.025537 0.460768
v 0.290025 -0.020221 0.419302
v 0.282944 -0.027518 -0.457788
v 0.286598 -0.031713 -0.077222
v 0.276423 -0.041230 -0.209083
v 0.281833 -0.024050 0.298976
v 0.285474 -0.027251 0.447081
v 0.276808 0.050512 -0.154644
v 0.280858 -0.042549 -0.358398
v 0.274629 0.013132 0.481650
v 0.280896 -0.021710 0.470750
v 0.278302 -0.025802 -0.470529
v 0.281227 -0.022290 0.324093
v 0.287901 -0.052736 0.041828
v 0.279874 -0.038059 -0.333465
v 0.276292 -0.001822 -0.481804
v 0.280560 -0.038629 -0.286944
v 0.281810 -0.037287 0.102775
v 0.290544 -0.043547 -0.059492
v 0.275051 0.054921 -0.433779
v 0.281745 -0.027169 0.246663
v 0.280765 -0.027257 0.197153
v 0.280597 -0.026902 0.167569
v 0.290800 -0.059316 -0.033365
v 0.268025 0.059890 -0.376812
v 0.267163 0.060074 -0.340622
v 0.274852 0.048475 -0.458526
v 0.286145 0.050503 -0.076381
v 0.280122 -0.038675 -0.261516
v 0.273746 -0.038722 -0.096666
v 0.272645 -0.043441 -0.090405
v 0.281967 -0.028695 0.133724
v 0.281506 -0.020599 0.353081
v 0.275526 0.055433 0.417150
v 0.272281 -0.040642 -0.172817
v 0.275676 -0.015158 -0.480733
v 0.276215 0.052530 0.444158
v 0.277805 0.050269 -0.127842
v 0.273081 0.041015 -0.470793
v 0.269735 0.053766 -0.265859
v 0.271065 0.002546 0.488082
v 0.286061 -0.027221 0.434353
v 0.276349 0.054620 0.430934
v 0.272255 -0.008411 0.487610
v 0.275235 -0.045938 -0.227144
v 0.284356 -0.018992 0.379660
v 0.288595 -0.064855 -0.000803
v 0.275762 0.054114 -0.213559
v 0.288967 -0.059434 0.019657
v 0.271216 0.054308 -0.250569
v 0.267104 -0.041568 -0.119881
v 0.266810 -0.043950 -0.107033
v 0.280910 -0.039365 -0.415689
v 0.281395 0.049283 -0.105557
v 0.279477 -0.046454 -0.074002
v 0.287872 -0.056239 -0.046378
v 0.279145 -0.034378 -0.452555
v 0.279287 -0.042863 -0.246179
v 0.284209 -0.027231 0.417124
v 0.281595 -0.046163 0.081834
v 0.269785 -0.045269 -0.185914
v 0.265625 -0.046371 -0.161436
v 0.262040 -0.046292 -0.133592
v 0.274411 -0.026419 0.475613
v -0.026382 -0.060295 -0.000259
v -0.018599 -0.060955 0.011176
v -0.051984 -0.060299 0.010623
v -0.056794 -0.059210 -0.000743
v -0.087130 -0.056955 -0.000379
v -0.080406 -0.058299 0.012961
v -0.124360 -0.054245 0.011000
v -0.127859 -0.053342 -0.001688
v 0.016830 -0.059862 -0.002298
v -0.142031 -0.053920 -0.000893
v -0.141331 -0.054348 0.013004
v 0.029344 -0.059635 0.010417
v 0.051200 -0.058792 -0.001264
v -0.015811 -0.058913 -0.007072
v 0.068888 -0.057286 0.008986
v 0.075467 -0.057126 -0.001121
v -0.041977 -0.059308 0.023923
v -0.070966 -0.057973 0.022890
v -0.005310 -0.059353 0.022145
v -0.157713 -0.056874 0.013251
v -0.162028 -0.057162 -0.000223
v -0.095397 -0.054115 -0.009552
v 0.055273 -0.055629 -0.014063
v 0.016866 -0.055431 -0.017331
v 0.083380 -0.054332 -0.011478
v -0.058055 -0.055573 -0.013974
v 0.108512 -0.053712 -0.002142
v -0.126091 -0.049602 -0.014241
v -0.145713 -0.048935 -0.017932
v 0.115846 -0.049807 -0.014682
v 0.132874 -0.051605 -0.000886
v 0.138538 -0.049522 -0.013463
v 0.162381 -0.051039 -0.013005
v 0.165357 -0.052695 0.000350
v -0.021762 -0.055286 -0.017600
v 0.188576 -0.054626 -0.016200
v 0.190328 -0.056497 0.000080
v 0.154744 -0.046061 -0.025465
v 0.172087 -0.048486 -0.026345
v 0.131972 -0.044580 -0.024232
v -0.092390 -0.050181 -0.019352
v -0.163427 -0.051202 -0.023256
v 0.189638 -0.050562 -0.033698
v 0.079717 -0.050221 -0.020922
v 0.154167 -0.040315 -0.037358
v 0.172010 -0.039464 -0.046506
v 0.109306 -0.044672 -0.024131
v 0.058407 -0.049754 -0.024307
v -0.036341 -0.051139 -0.023154
v 0.179042 -0.036085 -0.057566
v 0.001191 -0.050203 -0.025465
v -0.185407 -0.057558 -0.027329
v -0.190639 -0.066300 -0.001361
v -0.207912 -0.061098 -0.038560
v -0.205299 -0.070631 -0.000092
v -0.220183 -0.061935 -0.044401
v -0.219424 -0.071664 -0.002613
v -0.233239 -0.065308 -0.028400
v -0.233872 -0.060700 -0.049726
v -0.219970 -0.058045 -0.073689
v -0.231873 -0.058476 -0.078196
v -0.203779 -0.072038 0.013683
v -0.218089 -0.073172 0.021690
v -0.220606 -0.057153 -0.097659
v -0.235335 -0.057903 -0.137426
v -0.204398 -0.072120 0.024818
v -0.221716 -0.054843 -0.184192
v -0.236453 -0.056139 -0.223427
v -0.247464 -0.055699 -0.214352
v -0.249087 -0.053866 -0.264513
v -0.237182 -0.054406 -0.266339
v -0.235962 -0.053514 -0.335675
v -0.246127 -0.052730 -0.334916
v -0.248465 -0.056764 -0.141736
v -0.245706 -0.057060 -0.106461
v -0.236274 -0.051078 -0.387367
v 0.102678 -0.053322 0.009123
v -0.247326 -0.050431 -0.378541
v -0.248443 -0.050903 -0.413006
v -0.236949 -0.052188 -0.441824
v -0.247237 -0.052098 -0.452841
v -0.236403 -0.051768 -0.455643
v -0.226177 -0.051929 -0.328093
v -0.227190 -0.052586 -0.261436
v -0.221937 -0.053029 -0.230366
v -0.223241 -0.049201 -0.372991
v -0.225666 -0.048621 -0.399610
v -0.226773 -0.050104 -0.444600
v -0.230136 -0.071441 0.018925
v -0.231352 -0.070300 -0.003611
v 0.132338 -0.050380 0.009391
v 0.164783 -0.051906 0.009501
v -0.221490 -0.048457 -0.456852
v -0.244081 -0.056691 -0.075137
v -0.205382 -0.056169 -0.062909
v -0.207749 -0.054457 -0.081469
v -0.218103 -0.069880 0.040559
v -0.229606 -0.069268 0.036301
v -0.230456 -0.050101 -0.423854
v -0.114493 -0.053605 0.022317
v -0.132606 -0.052297 0.022386
v -0.153938 -0.054491 0.023973
v 0.190254 -0.055478 0.014133
v -0.236482 -0.048302 -0.469412
v -0.247429 -0.048229 -0.469445
v -0.213714 -0.053647 -0.133996
v -0.224786 -0.048420 -0.432662
v -0.221610 -0.050089 -0.341028
v -0.176040 -0.061214 -0.000277
v -0.174720 -0.061917 0.012792
v -0.258451 -0.049277 -0.442417
v -0.214120 -0.046216 -0.442404
v -0.213874 -0.043581 -0.407704
v -0.191370 -0.068118 0.025561
v 0.032621 -0.056697 0.021649
v -0.168016 -0.058278 0.024042
v -0.203443 -0.068373 0.039456
v -0.194565 -0.055583 -0.046495
v -0.246021 -0.057576 -0.047068
v 0.226515 -0.065498 0.000119
v 0.209242 -0.060564 -0.015792
v 0.202534 -0.055907 0.030690
v 0.232802 -0.064404 0.017663
v 0.250977 -0.069985 0.003110
v 0.249250 -0.070348 -0.018777
v 0.268166 -0.071925 -0.001707
v 0.268116 -0.071893 -0.017772
v 0.249962 -0.069427 -0.031163
v 0.267353 -0.069741 -0.033570
v 0.280312 -0.069959 -0.000867
v 0.280505 -0.069658 -0.017960
v 0.251897 -0.065295 -0.051939
v 0.268020 -0.068589 0.020297
v 0.228017 -0.066114 -0.016136
v 0.233779 -0.066184 -0.030435
v 0.267953 -0.065434 -0.049001
v 0.234275 -0.063294 -0.047818
v 0.244917 -0.062770 0.036190
v 0.220519 -0.057913 0.042442
v 0.280648 -0.066951 -0.032771
v 0.253368 -0.061641 0.044637
v 0.241996 -0.056917 0.066119
v 0.226066 -0.053721 0.075870
v 0.211295 -0.054275 0.052170
v 0.213017 -0.050522 0.077609
v 0.237040 -0.052563 0.096092
v 0.226268 -0.050822 0.103168
v 0.216557 -0.049132 0.098211
v 0.233007 -0.050062 0.133482
v 0.245547 -0.049712 0.122657
v 0.253045 -0.052649 0.091849
v 0.244279 -0.047551 0.147192
v 0.257275 -0.055678 0.072374
v 0.222120 -0.049098 0.122334
v 0.219514 -0.047835 0.159236
v 0.222011 -0.047301 0.178521
v 0.232658 -0.048417 0.175720
v 0.222657 -0.047527 0.203205
v 0.232716 -0.048419 0.205740
v 0.221602 -0.049017 0.225509
v 0.233214 -0.050365 0.244475
v 0.221988 -0.051177 0.261750
v 0.231294 -0.052866 0.311892
v 0.220873 -0.053880 0.329102
v 0.222352 -0.053709 0.374035
v 0.233801 -0.053560 0.372588
v 0.234861 -0.054584 0.399141
v 0.222021 -0.053304 0.403232
v 0.223288 -0.054241 0.424647
v 0.235469 -0.055323 0.413185
v 0.235529 -0.055451 0.442317
v 0.247255 -0.053969 0.418857
v 0.248088 -0.054114 0.434028
v 0.247484 -0.053531 0.446833
v 0.223717 -0.053664 0.446340
v 0.243805 -0.046609 0.169697
v 0.243515 -0.046327 0.197542
v 0.244128 -0.047301 0.231163
v 0.208410 -0.051316 0.352744
v 0.210625 -0.052169 0.331257
v 0.209074 -0.050416 0.301008
v 0.234491 -0.052659 0.458757
v 0.267578 -0.050082 0.093486
v 0.269175 -0.060407 0.048399
v 0.238711 -0.049985 0.272808
v 0.211358 -0.048665 0.259474
v 0.213624 -0.046040 0.215992
v 0.269418 -0.054629 0.072472
v 0.245594 -0.050633 0.386080
v 0.218800 -0.050120 0.460882
v 0.246612 -0.046956 0.260821
v 0.252779 -0.046952 0.131272
v 0.266419 -0.045858 0.114376
v 0.250311 -0.050066 0.459803
v 0.210120 -0.050455 0.373070
v 0.215578 -0.050556 0.395307
v 0.214125 -0.049746 0.420635
v 0.281073 -0.065771 0.020083
v 0.175543 -0.050287 0.024295
v 0.153924 -0.049336 0.016035
v 0.248201 -0.061652 -0.064110
v 0.239712 -0.057621 -0.077565
v 0.248859 -0.058228 -0.078363
v 0.247876 -0.054737 -0.100192
v 0.231857 -0.053939 -0.099655
v 0.235984 -0.054047 -0.108058
v 0.237424 -0.053579 -0.126207
v 0.248267 -0.052600 -0.124847
v 0.247942 -0.053768 -0.155496
v 0.238321 -0.054938 -0.162595
v 0.250214 -0.054480 -0.175549
v 0.235039 -0.055356 -0.179093
v 0.246526 -0.056848 -0.199572
v 0.237967 -0.058835 -0.225615
v 0.248008 -0.058854 -0.224461
v 0.235021 -0.059633 -0.248608
v 0.250021 -0.059014 -0.244163
v 0.235214 -0.059853 -0.276465
v 0.245237 -0.058820 -0.269464
v 0.242489 -0.059010 -0.297948
v 0.235726 -0.059656 -0.310920
v 0.226831 -0.058940 -0.295300
v 0.234579 -0.059230 -0.336779
v 0.249233 -0.057518 -0.347099
v 0.236065 -0.059060 -0.374049
v 0.247897 -0.057635 -0.375629
v 0.225474 -0.058021 -0.376915
v 0.235030 -0.057891 -0.399848
v 0.225326 -0.056594 -0.406523
v 0.234047 -0.056433 -0.427135
v 0.223782 -0.054766 -0.436706
v 0.246347 -0.054636 -0.433827
v 0.232758 -0.053777 -0.452201
v 0.227534 -0.051817 -0.126671
v 0.221446 -0.057233 -0.344933
v 0.248118 -0.057229 -0.322485
v 0.220092 -0.051245 -0.457246
v 0.258820 -0.055846 -0.221195
v 0.225426 -0.057620 -0.251240
v 0.229704 -0.055810 -0.074232
v 0.247424 -0.050357 -0.457829
v 0.225864 -0.055256 -0.208866
v 0.227561 -0.053493 -0.177166
v 0.259206 -0.055540 -0.081662
v 0.262266 -0.057843 -0.072796
v 0.258097 -0.053794 -0.395306
v 0.261208 -0.054010 -0.365419
v 0.220861 -0.047688 -0.471055
v 0.233406 -0.048199 -0.471454
v 0.216543 -0.055867 -0.297727
v -0.259436 -0.048351 -0.455984
v -0.234160 -0.063295 0.056529
v 0.219475 -0.055222 -0.398051
v 0.241382 -0.050286 0.356085
v 0.074206 -0.053366 0.018825
v 0.249170 -0.056880 -0.286608
v 0.238936 -0.050570 0.325050
v 0.258918 -0.051299 -0.425225
v 0.256827 -0.050476 -0.149511
v 0.258080 -0.049108 -0.122285
v 0.214864 -0.054738 -0.365997
v 0.209957 -0.043241 0.200176
v -0.255838 -0.053824 -0.114210
v -0.077845 -0.055161 0.029450
v 0.214178 -0.050492 0.446088
v 0.210393 -0.043172 0.170953
v 0.216064 -0.054753 -0.262461
v 0.217106 -0.052709 -0.221363
v 0.204362 -0.056258 -0.030992
v 0.221919 -0.057389 -0.054261
v 0.220887 -0.052637 -0.074345
v 0.194340 -0.049777 0.048411
v 0.202265 -0.049191 0.328746
v 0.255518 -0.042544 0.164714
v 0.265224 -0.042354 0.132702
v 0.211570 -0.044910 0.129940
v 0.261245 -0.051436 -0.093736
v 0.257910 -0.050367 -0.110092
v -0.259036 -0.050635 -0.255512
v -0.260083 -0.051845 -0.211273
v -0.243265 -0.066215 0.001358
v -0.260834 -0.052148 -0.157508
v 0.260075 -0.049069 -0.440202
v -0.240145 -0.066816 0.027970
v 0.258621 -0.049667 0.443072
v 0.262500 -0.050305 -0.182458
v -0.220367 -0.050004 -0.261363
v 0.217554 -0.048754 -0.094768
v 0.217011 -0.047838 -0.127170
v 0.218550 -0.049977 -0.177064
v 0.217297 -0.048847 -0.157199
v 0.258219 -0.053159 -0.328787
v 0.255585 -0.041867 0.192134
v 0.263712 -0.039480 0.225769
v -0.218336 -0.060622 0.065251
v -0.232808 -0.058123 0.078550
v -0.243856 -0.057519 0.072773
v -0.250016 -0.054810 0.090079
v -0.236286 -0.055437 0.102521
v -0.249661 -0.055195 0.112204
v -0.236466 -0.055341 0.122384
v -0.250611 -0.057675 0.157387
v -0.237556 -0.056488 0.164755
v -0.238453 -0.056366 0.196985
v -0.249773 -0.057068 0.199834
v -0.236743 -0.054776 0.248886
v -0.246809 -0.053813 0.265312
v -0.246062 -0.051955 0.307316
v -0.235925 -0.053067 0.307850
v -0.247038 -0.052847 0.328873
v -0.262803 -0.055667 0.167712
v -0.235504 -0.054563 0.328683
v -0.260650 -0.054838 0.204701
v -0.226899 -0.051474 0.298808
v -0.226300 -0.052347 0.328887
v -0.262479 -0.054343 0.139585
v -0.226432 -0.052316 0.254255
v -0.220189 -0.051637 0.105044
v -0.221137 -0.053588 0.093330
v -0.218989 -0.057195 0.075812
v -0.228111 -0.053543 0.203233
v -0.227709 -0.052993 0.125883
v -0.261417 -0.050528 0.090601
v -0.251306 -0.054508 0.079241
v -0.228496 -0.053525 0.161858
v -0.244209 -0.060700 0.359337
v -0.235524 -0.060972 0.358544
v -0.234570 -0.063411 0.385095
v -0.246000 -0.062546 0.381839
v -0.245569 -0.062551 0.397460
v -0.233800 -0.062552 0.406816
v -0.247465 -0.060710 0.422259
v -0.235647 -0.058829 0.439330
v -0.249712 -0.057209 0.444527
v -0.222362 -0.057873 0.429107
v -0.222845 -0.060324 0.403514
v -0.259491 -0.057923 0.425158
v -0.228494 -0.059854 0.363129
v -0.222818 -0.060189 0.388455
v -0.223951 -0.055233 0.445146
v -0.234146 -0.053035 0.459504
v -0.248705 -0.053455 0.457639
v -0.259917 -0.054714 0.444968
v -0.257716 -0.049969 0.273670
v -0.256971 -0.048191 0.308101
v -0.260090 -0.057990 0.392721
v -0.253804 -0.058632 0.367572
v -0.245462 -0.059888 0.053934
v -0.243774 -0.064057 -0.015871
v -0.201534 -0.040231 -0.425935
v -0.055526 -0.054334 0.034469
v -0.023294 -0.055113 0.033936
v 0.234048 -0.047880 0.471560
v 0.219644 -0.046281 0.472186
v -0.257373 -0.048583 -0.330075
v 0.271005 -0.049455 -0.354391
v 0.119828 -0.048083 0.016961
v 0.138908 -0.046072 0.020562
v 0.246972 -0.046435 0.282528
v 0.002371 -0.055299 0.030846
v 0.214337 -0.051040 -0.435937
v -0.218602 -0.048827 0.264707
v -0.221037 -0.049533 0.321496
v 0.280275 -0.055450 0.053341
v -0.253593 -0.053557 0.066485
v 0.270595 -0.049570 -0.376079
v 0.269035 -0.048382 -0.406327
v 0.249131 -0.044878 -0.471869
v -0.258399 -0.048174 0.328202
v 0.207261 -0.051303 -0.333883
v -0.272144 -0.050854 0.189073
v -0.269023 -0.048526 0.232544
v 0.252660 -0.054755 -0.301410
v -0.243452 -0.065955 0.017082
v 0.198892 -0.045431 0.289016
v 0.259743 -0.054822 -0.244826
v 0.269232 -0.051507 -0.235359
v -0.269304 -0.053909 0.413533
v -0.217283 -0.048299 0.129033
v -0.217010 -0.048591 0.201590
v -0.220374 -0.049883 0.160857
v -0.264440 -0.048985 0.458541
v -0.210959 -0.050363 -0.179674
v 0.251948 -0.055949 -0.264931
v -0.258889 -0.050016 0.342508
v -0.272254 -0.051233 0.159703
v -0.258654 -0.046301 -0.409781
v -0.211661 -0.042204 -0.388726
v -0.258443 -0.044278 -0.470922
v -0.196187 -0.049875 -0.075231
v -0.258291 -0.045554 -0.388649
v -0.202721 -0.041100 -0.442404
v -0.258125 -0.045674 -0.370113
v -0.247122 -0.048145 0.469656
v -0.258742 -0.044212 0.471446
v 0.269047 -0.035785 0.192097
v -0.217490 -0.049158 0.341238
v 0.202975 -0.049820 -0.050972
v 0.207104 -0.045620 -0.457161
v 0.199365 -0.042036 0.247135
v -0.272448 -0.049523 0.444202
v -0.271076 -0.052519 0.428502
v -0.204360 -0.049539 -0.129551
v 0.265210 -0.042981 -0.458277
v 0.200055 -0.044577 0.079544
v 0.280098 -0.049770 0.075033
v -0.199012 -0.048619 -0.098327
v 0.247930 -0.044649 0.473325
v 0.155258 -0.044291 0.027225
v 0.269629 -0.036219 0.249009
v -0.222003 -0.044139 -0.468993
v -0.268806 -0.050635 0.130423
v 0.198221 -0.046649 0.349458
v -0.204861 -0.056111 0.065403
v -0.190362 -0.064360 0.036715
v 0.270327 -0.035403 0.166975
v 0.266923 -0.038984 0.150327
v 0.260885 -0.047179 0.421016
v -0.208193 -0.052145 0.078315
v -0.203946 -0.039511 -0.454600
v -0.218416 -0.049151 0.456903
v 0.210026 -0.043445 -0.471268
v -0.123258 -0.048591 0.030643
v -0.138688 -0.048098 0.032387
v -0.153092 -0.049842 0.034496
v -0.159766 -0.050681 0.034964
v -0.256516 -0.050884 -0.076398
v -0.249559 -0.054740 -0.056176
v 0.169300 -0.043530 0.036854
v 0.203694 -0.041325 0.110424
v -0.177765 -0.049524 -0.042905
v -0.185212 -0.049182 -0.055908
v -0.211279 -0.047726 0.099355
v -0.204587 -0.037452 -0.395913
v 0.280153 -0.060673 -0.050415
v -0.267722 -0.043079 0.291811
v 0.281595 -0.046163 0.081834
v 0.205806 -0.043688 -0.187536
v 0.206272 -0.047213 -0.230002
v 0.272231 -0.043226 -0.436126
v 0.206786 -0.050634 -0.289565
v 0.209749 -0.050409 -0.393103
v 0.206485 -0.044318 0.459831
v -0.208468 -0.047499 0.446143
v -0.212656 -0.053955 0.415403
v 0.206559 -0.046568 -0.426642
v 0.265658 -0.042213 0.461220
v -0.213222 -0.044910 0.316251
v -0.233548 -0.046346 0.471830
v -0.212611 -0.045216 -0.331086
v -0.210117 -0.044396 -0.260915
v -0.202677 -0.042655 -0.224785
v 0.204217 -0.047167 -0.060800
v 0.207736 -0.044585 -0.081148
v 0.272327 -0.033159 0.272280
v 0.274428 -0.033384 0.219230
v -0.203657 -0.061904 0.053343
v 0.181912 -0.044608 0.048421
v 0.189991 -0.043928 0.061799
v -0.170372 -0.055188 0.033945
v -0.270003 -0.040537 0.318022
v -0.259445 -0.049528 0.074506
v -0.269467 -0.043107 -0.443100
v -0.273200 -0.040630 -0.457108
v 0.204079 -0.048808 -0.361149
v -0.266294 -0.048039 -0.117865
v 0.258489 -0.038472 0.296866
v 0.275714 -0.025588 0.326902
v 0.245004 -0.046707 0.320882
v 0.262081 -0.032991 0.327748
v 0.262651 -0.031779 0.356078
v 0.274296 -0.045543 -0.251575
v 0.262913 -0.047371 -0.265345
v 0.273251 -0.043169 -0.264342
v 0.261324 -0.047057 -0.282063
v 0.274749 -0.042824 -0.282706
v 0.262566 -0.046965 -0.301620
v 0.274809 -0.042370 -0.313411
v 0.271540 -0.044955 -0.328202
v -0.204730 -0.047285 0.433648
v 0.275099 -0.035995 0.132929
v -0.217045 -0.055448 0.378023
v 0.263865 -0.037065 0.473833
v -0.259808 -0.055285 0.368116
v -0.253660 -0.052290 -0.048572
v 0.200389 -0.037960 0.202160
v 0.201243 -0.036272 0.174179
v -0.178736 -0.055101 0.041042
v 0.204995 -0.040671 -0.102312
v 0.210321 -0.041839 0.472169
v 0.281506 -0.020599 0.353081
v 0.281465 -0.022183 0.381430
v 0.265891 -0.030866 0.375337
v -0.214706 -0.055314 0.394229
v 0.265625 -0.046371 -0.161436
v 0.262040 -0.046292 -0.133592
v 0.199712 -0.044140 0.375393
v 0.205699 -0.045446 0.387598
v 0.209372 -0.046064 0.406030
v 0.288595 -0.064855 -0.000803
v 0.287831 -0.065084 -0.018349
v -0.079601 -0.050801 0.036380
v 0.267889 -0.043701 0.438028
v 0.207919 -0.042469 -0.119099
v 0.202557 -0.039869 -0.157163
v -0.203572 -0.039886 -0.266739
v 0.153079 -0.032747 -0.047491
v 0.136493 -0.036674 -0.036616
v 0.281227 -0.022290 0.324093
v -0.212184 -0.044565 0.154364
v -0.218124 -0.041155 0.471124
v 0.280122 -0.038675 -0.261516
v -0.157169 -0.044506 -0.031848
v -0.268696 -0.046516 -0.205583
v -0.268698 -0.043411 -0.279722
v -0.126999 -0.044944 -0.021538
v 0.281833 -0.024050 0.298976
v -0.199786 -0.043653 -0.170075
v -0.203852 -0.039282 0.251299
v 0.192402 -0.041537 0.294659
v 0.284209 -0.027231 0.417124
v 0.198799 -0.045659 -0.311303
v 0.203167 -0.043383 0.446170
v 0.271637 -0.050732 -0.077986
v 0.190715 -0.041557 0.328289
v 0.275407 -0.041109 0.110532
v 0.233813 -0.038746 -0.485748
v 0.271564 -0.040447 0.447174
v -0.204615 -0.037174 -0.374957
v -0.203282 -0.038003 -0.330655
v -0.271419 -0.039474 0.329132
v 0.029811 -0.050264 0.031984
v 0.053424 -0.050287 0.026869
v 0.280910 -0.039365 -0.415689
v -0.202984 -0.038899 0.200577
v -0.271716 -0.036613 -0.470960
v 0.249211 -0.036350 -0.484470
v 0.280858 -0.042549 -0.358398
v -0.139544 -0.039905 -0.029386
v 0.267699 -0.035708 -0.471021
v -0.189127 -0.044262 -0.079017
v 0.199517 -0.036464 -0.472762
v 0.199651 -0.044875 -0.272783
v 0.218788 -0.037504 -0.485567
v 0.209558 -0.034338 -0.485080
v 0.186675 -0.034237 -0.069487
v 0.193178 -0.035333 -0.076910
v -0.252342 -0.055435 0.048993
v 0.280560 -0.038629 -0.286944
v -0.269418 -0.045812 -0.126345
v 0.119260 -0.037894 -0.031432
v 0.279287 -0.042863 -0.246179
v 0.192623 -0.041746 0.357383
v 0.280765 -0.027257 0.197153
v 0.195606 -0.034255 -0.091700
v 0.269785 -0.045269 -0.185914
v 0.275235 -0.045938 -0.227144
v -0.278502 -0.043808 0.213730
v -0.275570 -0.046222 0.134041
v -0.269210 -0.044837 0.091391
v 0.195091 -0.037509 -0.446199
v -0.271049 -0.041973 0.346755
v -0.235895 -0.038916 -0.482290
v -0.248100 -0.038558 -0.482775
v 0.122722 -0.045053 0.021221
v 0.107999 -0.043169 0.024949
v 0.078502 -0.045533 0.028194
v -0.268541 -0.040128 -0.335669
v -0.194067 -0.042129 -0.124868
v 0.281745 -0.027169 0.246663
v 0.279145 -0.034378 -0.452555
v 0.003161 -0.050545 0.037164
v 0.266810 -0.043950 -0.107033
v -0.276208 -0.040718 0.254841
v 0.279874 -0.038059 -0.333465
v -0.167010 -0.041410 -0.045849
v -0.202458 -0.036590 0.322481
v -0.271922 -0.047605 0.378842
v -0.204086 -0.039378 0.458585
v 0.194345 -0.035956 -0.459665
v -0.202934 -0.037202 0.129204
v -0.202570 -0.037075 0.161245
v -0.202351 -0.039532 0.107968
v -0.203600 -0.044705 0.091666
v -0.195356 -0.043237 0.077606
v 0.200987 -0.034939 0.474510
v 0.197551 -0.040376 -0.225200
v 0.191795 -0.034031 -0.214272
v 0.200631 -0.035988 0.136011
v 0.290800 -0.059316 -0.033365
v -0.247141 -0.035826 0.485705
v -0.282443 -0.043941 0.419773
v -0.282077 -0.042570 0.405327
v 0.196767 -0.041710 -0.379271
v -0.278532 -0.046349 0.164573
v 0.197281 -0.036869 -0.183274
v 0.192670 -0.031358 -0.159144
v -0.211604 -0.036996 -0.470219
v -0.235254 -0.036142 0.484886
v -0.221112 -0.033406 0.481997
v -0.284919 -0.041632 0.430677
v -0.281340 -0.037724 0.458640
v -0.278875 -0.045357 0.192428
v 0.272645 -0.043441 -0.090405
v 0.197346 -0.034197 -0.118646
v 0.193136 -0.040195 -0.284018
v 0.193433 -0.036256 -0.423123
v -0.177800 -0.040911 -0.063278
v -0.269135 -0.036130 0.475856
v -0.152103 -0.036144 -0.038752
v 0.193835 -0.040807 -0.354444
v 0.191669 -0.039646 -0.326010
v 0.195276 -0.033822 0.409140
v -0.273007 -0.038744 0.293295
v 0.165100 -0.035470 0.047016
v 0.176160 -0.035180 0.059369
v 0.155839 -0.035328 0.039964
v 0.141512 -0.036505 0.032406
v -0.196212 -0.040368 0.418472
v 0.186735 -0.034874 0.078850
v 0.193173 -0.035582 0.095389
v 0.267104 -0.041568 -0.119881
v -0.222542 -0.036081 -0.480040
v -0.186462 -0.038931 -0.091411
v -0.202552 -0.036844 0.351582
v 0.280597 -0.026902 0.167569
v 0.252935 -0.046754 0.394899
v 0.192492 -0.034579 0.446716
v -0.195489 -0.035062 -0.425162
v 0.191991 -0.035447 -0.404918
v 0.189954 -0.035416 -0.382554
v 0.288967 -0.059434 0.019657
v -0.258577 -0.033815 0.484467
v -0.189557 -0.046414 0.063858
v -0.276831 -0.034786 0.469685
v 0.190217 -0.032284 0.389383
v 0.186656 -0.032135 0.375168
v -0.286450 -0.037798 0.444366
v -0.258914 -0.033197 -0.484778
v 0.185742 -0.026505 0.460802
v 0.287901 -0.052736 0.041828
v 0.286061 -0.027221 0.434353
v 0.287872 -0.056239 -0.046378
v -0.024616 -0.048568 0.041284
v 0.189958 -0.034651 0.254224
v -0.195185 -0.036380 0.444515
v 0.274613 -0.034369 0.461447
v 0.189821 -0.035093 -0.261680
v -0.164584 -0.039190 0.048899
v 0.285474 -0.027251 0.447081
v 0.281810 -0.037287 0.102775
v -0.099605 -0.042924 -0.026649
v 0.174970 -0.028764 -0.065233
v 0.162968 -0.025738 -0.059255
v 0.195600 -0.034035 0.110248
v 0.189452 -0.036841 -0.301532
v 0.190480 -0.034278 -0.238273
v 0.184256 -0.026440 -0.079137
v 0.279477 -0.046454 -0.074002
v 0.182042 -0.025330 -0.437153
v -0.179935 -0.035831 -0.077955
v -0.168110 -0.037210 -0.054465
v 0.094662 -0.037364 -0.031392
v 0.199182 -0.027723 -0.484881
v -0.127510 -0.037898 -0.028817
v 0.190627 -0.027535 -0.114252
v 0.284356 -0.018992 0.379660
v 0.190995 -0.028737 -0.472557
v 0.184189 -0.026839 -0.396906
v 0.022067 -0.043466 -0.031544
v 0.294106 -0.058636 -0.016922
v -0.050506 -0.042922 -0.030192
v -0.180355 -0.043663 0.057249
v -0.183787 -0.032347 0.075471
v 0.283515 -0.025537 0.460768
v 0.266366 -0.027341 -0.482193
v 0.183052 -0.024371 -0.460489
v 0.281967 -0.028695 0.133724
v 0.274411 -0.026419 0.475613
v -0.204446 -0.030611 0.470846
v 0.058646 -0.042947 -0.030662
v 0.278302 -0.025802 -0.470529
v -0.154402 -0.027664 -0.048236
v -0.268915 -0.027130 -0.483755
v -0.248374 -0.027460 -0.491903
v -0.236270 -0.028538 -0.491023
v -0.222079 -0.027954 -0.486869
v -0.210976 -0.026798 -0.480169
v -0.225321 -0.025569 0.490210
v -0.235563 -0.024841 0.493654
v -0.246798 -0.024475 0.494328
v 0.173276 -0.021071 -0.070957
v -0.270090 -0.022490 0.486650
v -0.214408 -0.022772 0.486043
v -0.278204 -0.023311 0.479468
v -0.257551 -0.019537 0.494502
v -0.235103 -0.012467 0.498859
v -0.222925 -0.012975 0.494857
v -0.244810 -0.010798 0.499793
v -0.185953 0.000082 -0.311267
v -0.186906 0.014766 -0.306750
v -0.185524 0.000062 -0.252925
v -0.186620 0.000482 -0.343026
v -0.187765 0.013454 -0.345875
v -0.187225 0.014363 -0.252967
v -0.189503 0.016835 -0.376876
v -0.188690 0.000287 -0.378769
v -0.187008 0.015018 -0.222500
v -0.184396 -0.000240 -0.210212
v -0.185318 0.012753 -0.191173
v -0.181801 0.000644 -0.158918
v -0.182512 0.014200 -0.126014
v -0.191700 0.027614 -0.377240
v -0.190876 0.027614 -0.337259
v -0.178778 0.000311 -0.112962
v -0.181774 0.016920 -0.106625
v -0.182166 -0.013745 -0.160485
v -0.178633 -0.014811 -0.114204
v -0.188013 0.015436 -0.391556
v -0.190454 0.030024 -0.393914
v -0.187633 0.000672 -0.392425
v -0.184852 -0.014007 -0.208651
v -0.175137 -0.016146 -0.090450
v -0.175503 0.000497 -0.091361
v -0.186421 -0.014732 -0.251907
v -0.187182 -0.013309 -0.288298
v -0.188264 -0.012548 -0.343835
v -0.183725 0.005356 -0.417752
v -0.187090 0.025495 -0.410891
v -0.184481 0.015039 -0.424369
v -0.184774 -0.000429 -0.438531
v -0.184645 -0.011934 -0.424688
v -0.186658 0.013165 -0.441433
v -0.186349 -0.015583 -0.440596
v -0.188927 0.030782 -0.422855
v -0.179237 0.014422 -0.092733
v -0.188413 0.021754 -0.438936
v -0.190289 -0.013126 -0.375098
v -0.189905 -0.011509 -0.389908
v -0.188761 -0.001538 -0.455566
v -0.189452 -0.014992 -0.455460
v -0.191069 0.028067 -0.282581
v -0.191073 0.026580 -0.229692
v -0.189710 0.028990 -0.167010
v -0.186969 0.026176 -0.126534
v -0.194667 0.035090 -0.376294
v -0.192400 0.037926 -0.412696
v -0.194550 0.039411 -0.398360
v -0.184702 0.027478 -0.091114
v -0.192195 0.013772 -0.456741
v -0.183930 -0.018672 -0.172760
v -0.175918 0.016861 -0.081922
v -0.184385 -0.026564 -0.143161
v -0.187648 -0.027585 -0.184065
v -0.182089 -0.027102 -0.115612
v -0.189756 -0.027974 -0.428262
v -0.178317 -0.027791 -0.088814
v -0.194806 0.035804 -0.331962
v -0.194958 0.035019 -0.273456
v -0.197101 0.037582 -0.227535
v -0.189217 0.031334 -0.110365
v -0.196731 0.003180 -0.471039
v -0.189876 -0.026167 -0.418953
v -0.190941 -0.019732 -0.345448
v -0.191886 -0.025992 -0.278756
v -0.196733 -0.014505 -0.470741
v -0.194421 -0.023220 -0.391789
v -0.191977 -0.029975 -0.442149
v -0.167139 0.000046 -0.074439
v -0.166832 -0.014127 -0.073988
v -0.195416 0.022558 -0.455198
v -0.196039 -0.026800 -0.371713
v -0.194846 -0.028638 -0.455286
v -0.194442 0.032144 -0.439818
v -0.199008 0.041919 -0.374501
v -0.183897 0.032832 -0.078717
v -0.194447 -0.027153 -0.343254
v -0.172385 -0.026588 -0.076143
v -0.194578 0.038913 -0.109188
v -0.191317 0.038412 -0.085168
v -0.199032 0.041691 -0.318542
v -0.196273 0.040821 -0.423837
v -0.162624 0.010299 -0.063204
v -0.167075 0.021829 -0.062366
v -0.159550 0.001146 -0.062325
v -0.157152 -0.015007 -0.058002
v -0.202707 0.019880 -0.469995
v -0.203782 0.001007 -0.480897
v -0.162360 -0.027047 -0.058111
v -0.201005 0.031245 -0.453892
v -0.173495 0.032289 -0.061121
v -0.200368 0.046493 -0.408054
v -0.202201 -0.027233 -0.470902
v -0.183974 0.039845 -0.065783
v -0.203498 0.046400 -0.371769
v -0.203130 0.043571 -0.232414
v -0.152527 0.000909 -0.054185
v -0.153883 0.018379 -0.049588
v -0.211753 0.012408 -0.484683
v -0.187733 -0.035117 -0.123343
v -0.193911 -0.036701 -0.180997
v -0.195559 -0.030760 -0.283199
v -0.183092 -0.032432 -0.101035
v -0.199302 -0.030854 -0.392629
v -0.186462 -0.038931 -0.091411
v -0.179935 -0.035831 -0.077955
v -0.211882 -0.014837 -0.487523
v -0.195489 -0.035062 -0.425162
v -0.204587 -0.037452 -0.395913
v -0.204615 -0.037174 -0.374957
v -0.203282 -0.038003 -0.330655
v -0.154402 -0.027664 -0.048236
v -0.194067 -0.042129 -0.124868
v -0.203946 -0.039511 -0.454600
v -0.168110 -0.037210 -0.054465
v -0.164404 0.032821 -0.048397
v -0.203572 -0.039886 -0.266739
v -0.202677 -0.042655 -0.224785
v -0.199786 -0.043653 -0.170075
v -0.202721 -0.041100 -0.442404
v -0.144780 -0.013743 -0.046634
v -0.145535 0.005139 -0.046916
v -0.210976 -0.026798 -0.480169
v -0.215487 -0.000540 -0.491263
v -0.202392 0.041008 -0.437464
v -0.211604 -0.036996 -0.470219
v -0.210069 0.024516 -0.473795
v -0.214112 0.031475 -0.469652
v -0.218767 0.022975 -0.482932
v -0.222079 -0.027954 -0.486869
v 0.178909 0.005059 0.243999
v 0.180514 -0.012566 0.244054
v 0.179300 -0.012857 0.284470
v 0.179567 0.006264 0.211641
v 0.178800 0.004287 0.285701
v 0.178639 -0.012706 0.321549
v 0.178684 0.004767 0.317282
v 0.179010 0.004063 0.356753
v 0.179163 -0.014647 0.343400
v 0.179906 -0.013410 0.366220
v 0.178320 0.004138 0.377420
v 0.179762 -0.012038 0.385585
v 0.180450 0.017685 0.197907
v 0.180660 0.006079 0.198653
v 0.182752 0.020967 0.172540
v 0.179771 0.015886 0.377739
v 0.180557 0.012795 0.343512
v 0.180789 0.015791 0.266593
v 0.176591 0.003927 0.395956
v 0.177277 0.016688 0.404740
v 0.173421 0.002393 0.419929
v 0.178934 -0.012576 0.401880
v 0.182964 -0.011529 0.206442
v 0.184958 0.007751 0.169035
v 0.184532 0.016295 0.155957
v 0.184114 0.022866 0.152890
v 0.186852 0.006331 0.138426
v 0.184358 0.021031 0.123480
v 0.184751 0.028802 0.169918
v 0.185281 0.028148 0.125482
v 0.183883 0.020766 0.108976
v 0.184898 0.002333 0.111672
v 0.176186 0.017039 0.418401
v 0.172968 0.002693 0.443898
v 0.174135 -0.009306 0.430649
v 0.174803 -0.011035 0.448218
v 0.189905 -0.014593 0.129826
v 0.190916 -0.014939 0.156629
v 0.192036 -0.022104 0.130998
v 0.181272 -0.025384 0.327571
v 0.182185 -0.025469 0.288992
v 0.190962 -0.017162 0.169125
v 0.187066 -0.009959 0.182005
v 0.188696 -0.018013 0.116967
v 0.182853 -0.028743 0.347960
v 0.183611 -0.023169 0.387359
v 0.184923 -0.021017 0.220098
v 0.184844 -0.027397 0.256488
v 0.177204 -0.011826 0.460920
v 0.195833 -0.027857 0.149706
v 0.194053 -0.028286 0.123681
v 0.191530 -0.026372 0.194941
v 0.184902 -0.034292 0.326562
v 0.176498 0.001498 0.460363
v 0.183762 0.010597 0.107238
v 0.181134 0.012496 0.091331
v 0.178123 -0.018855 0.444877
v 0.183242 -0.014530 0.096468
v 0.180453 0.000293 0.093093
v 0.185936 -0.034962 0.301787
v 0.196012 -0.028782 0.170623
v 0.186479 -0.024133 0.097391
v 0.186656 -0.032135 0.375168
v 0.179264 -0.017638 0.420246
v 0.184078 -0.022726 0.404819
v 0.189316 -0.028078 0.215383
v 0.182869 0.020268 0.093672
v 0.187674 -0.037329 0.350249
v 0.179257 0.015902 0.078469
v 0.182090 -0.011328 0.474986
v 0.183102 0.025441 0.196953
v 0.176138 -0.014158 0.078298
v 0.175978 0.001601 0.079048
v 0.178811 -0.023674 0.077315
v 0.176585 0.016814 0.432345
v 0.186177 0.027742 0.105470
v 0.185742 -0.026505 0.460802
v 0.181976 0.001391 0.473622
v 0.189958 -0.034651 0.254224
v 0.183121 -0.025834 0.441698
v 0.184594 0.026902 0.217331
v 0.201243 -0.036272 0.174179
v 0.200631 -0.035988 0.136011
v 0.196934 -0.034126 0.197673
v 0.195600 -0.034035 0.110248
v 0.193173 -0.035582 0.095389
v 0.186735 -0.034874 0.078850
v 0.190217 -0.032284 0.389383
v 0.184336 -0.023786 0.413851
v 0.188718 -0.023022 0.475366
v 0.190715 -0.041557 0.328289
v 0.185196 0.025511 0.326612
v 0.183409 0.022607 0.264937
v 0.185165 0.025912 0.351886
v 0.187073 0.032528 0.123318
v 0.178413 0.015262 0.448235
v 0.184140 0.023761 0.079456
v 0.180962 0.014235 0.458440
v 0.186002 0.030601 0.378868
v 0.187390 -0.009262 0.484241
v 0.172297 -0.024658 0.065896
v 0.167164 -0.012242 0.063500
v 0.169144 0.001762 0.065739
v 0.186391 0.032144 0.184022
v 0.173627 0.015307 0.064646
v 0.183776 0.028715 0.402047
v 0.186627 0.028671 0.261864
v 0.192402 -0.041537 0.294659
v 0.192623 -0.041746 0.357383
v 0.195276 -0.033822 0.409140
v 0.191515 -0.019592 0.482477
v 0.176160 -0.035180 0.059369
v 0.200389 -0.037960 0.202160
v 0.192492 -0.034579 0.446716
v 0.163937 -0.024815 0.055075
v 0.190513 0.000186 0.486119
v 0.179601 0.023118 0.065212
v 0.184423 0.029538 0.421755
v 0.190789 0.032933 0.339689
v 0.191065 0.032889 0.093769
v 0.190380 0.034566 0.208871
v 0.190747 0.033829 0.264746
v 0.184538 0.024427 0.446271
v 0.189397 0.030751 0.075759
v 0.189910 0.014204 0.474896
v 0.161658 -0.001261 0.057218
v 0.156852 -0.019391 0.051146
v 0.162963 0.009096 0.054704
v 0.165100 -0.035470 0.047016
v 0.200987 -0.034939 0.474510
v 0.189559 0.023622 0.460667
v 0.173018 0.022265 0.055868
v 0.157008 0.018258 0.045324
v 0.199233 -0.024600 0.485633
v 0.195109 0.013150 0.481602
v 0.178031 0.005368 -0.274373
v 0.178214 0.002369 -0.304925
v 0.177549 -0.001759 -0.272137
v 0.177881 0.002417 -0.232420
v 0.178476 -0.008264 -0.316134
v 0.179529 0.002511 -0.338679
v 0.179740 -0.013810 -0.336708
v 0.180538 -0.001657 -0.371389
v 0.181019 -0.014548 -0.371771
v 0.178073 -0.008229 -0.243378
v 0.178393 -0.005311 -0.209895
v 0.178831 0.003020 -0.187529
v 0.179323 -0.015952 -0.303390
v 0.178994 -0.015095 -0.278677
v 0.180975 -0.012722 -0.169769
v 0.180096 -0.003680 -0.161644
v 0.180584 0.004066 -0.144135
v 0.180970 -0.000099 -0.123555
v 0.181654 -0.011453 -0.147184
v 0.182831 -0.012544 -0.108848
v 0.181109 0.001766 -0.105664
v 0.179395 -0.013231 -0.216463
v 0.179245 -0.010259 -0.392380
v 0.179581 0.003329 -0.388178
v 0.181242 -0.011782 -0.092231
v 0.180190 0.002760 -0.090118
v 0.181525 -0.020185 -0.391745
v 0.180827 -0.020402 -0.261129
v 0.184184 -0.026786 -0.369047
v 0.182325 -0.024085 -0.336436
v 0.183215 -0.027562 -0.304236
v 0.175429 -0.009949 -0.412961
v 0.174196 0.003390 -0.415459
v 0.173875 -0.010674 -0.428320
v 0.172808 0.002267 -0.434621
v 0.174416 -0.011152 -0.445926
v 0.185188 -0.019455 -0.129237
v 0.185183 -0.019546 -0.105025
v 0.182345 -0.018696 -0.190011
v 0.182897 -0.023428 -0.237832
v 0.175070 0.000387 -0.455107
v 0.176191 -0.012376 -0.457888
v 0.184189 -0.026839 -0.396906
v 0.185709 -0.023187 -0.090574
v 0.177742 -0.018825 -0.441867
v 0.186399 -0.032783 -0.335721
v 0.188013 -0.025709 -0.158550
v 0.186356 -0.032507 -0.286695
v 0.185288 -0.028462 -0.252832
v 0.185779 -0.025774 -0.201209
v 0.182042 -0.025330 -0.437153
v 0.183052 -0.024371 -0.460489
v 0.190627 -0.027535 -0.114252
v 0.189954 -0.035416 -0.382554
v 0.189452 -0.036841 -0.301532
v 0.183870 -0.019448 -0.472474
v 0.179253 -0.010991 -0.468940
v 0.190480 -0.034278 -0.238273
v 0.189821 -0.035093 -0.261680
v 0.191669 -0.039646 -0.326010
v 0.181807 0.009861 -0.371696
v 0.180726 0.013725 -0.389862
v 0.179245 0.010781 -0.221790
v 0.182503 0.010981 -0.124784
v 0.180626 0.014246 -0.196424
v 0.182705 0.017093 -0.157989
v 0.175260 0.016217 -0.426835
v 0.180206 0.016567 -0.252960
v 0.180620 0.012040 -0.326480
v 0.180267 0.015309 -0.296639
v 0.177012 0.017813 -0.412935
v 0.184317 0.016636 -0.096187
v 0.183846 0.018056 -0.368082
v 0.183018 0.018385 -0.342374
v 0.176357 0.017077 -0.439027
v 0.176974 -0.009047 -0.080861
v 0.178061 -0.016680 -0.080268
v 0.177215 0.004159 -0.079181
v 0.181235 -0.000603 -0.473068
v 0.184523 0.017986 -0.126738
v 0.182944 0.022353 -0.217679
v 0.183953 0.022663 -0.189854
v 0.184708 0.025314 -0.387760
v 0.185526 0.027261 -0.318247
v 0.184279 0.027303 -0.266524
v 0.186125 0.030008 -0.295607
v 0.181608 0.018011 -0.075907
v 0.181385 0.029021 -0.412190
v 0.187624 0.029133 -0.350438
v 0.189008 0.032037 -0.372297
v 0.185860 0.029504 -0.236961
v 0.180807 0.017486 -0.454264
v 0.183367 0.007478 -0.471148
v 0.186670 -0.009940 -0.483814
v 0.189153 0.034657 -0.387495
v 0.182255 0.030804 -0.426628
v 0.187244 0.027750 -0.174656
v 0.188215 0.024855 -0.124081
v 0.187808 0.023270 -0.101778
v 0.190990 0.028679 -0.089611
v 0.189350 0.032631 -0.200957
v 0.190790 0.034774 -0.340206
v 0.188419 0.033591 -0.276154
v 0.183367 0.028564 -0.438670
v 0.192262 0.029552 -0.111771
v 0.192243 0.037636 -0.302507
v 0.190629 0.036190 -0.243876
v 0.196456 0.042549 -0.375970
v 0.188384 -0.003209 -0.484868
v 0.173828 0.011384 -0.067146
v 0.170901 -0.002563 -0.071305
v 0.173902 0.019062 -0.059149
v 0.191234 0.039867 -0.401371
v 0.191123 0.030438 -0.077208
v 0.188130 0.037694 -0.414370
v 0.167238 -0.015292 -0.067764
v 0.193211 0.038840 -0.273117
v 0.194270 0.035447 -0.162213
v 0.194689 0.039487 -0.339228
v 0.181958 0.024646 -0.064211
v 0.192349 0.006005 -0.485150
v 0.190210 0.014897 -0.474153
v 0.184256 -0.026440 -0.079137
v 0.198228 0.041027 -0.192405
v 0.197283 0.034442 -0.112697
v 0.162724 0.003081 -0.059410
v 0.163481 -0.004856 -0.063418
v 0.190859 0.027762 -0.454958
v 0.198313 0.024488 -0.472932
v 0.190233 0.032964 -0.061182
v 0.178257 0.029030 -0.049854
v 0.191853 -0.021244 -0.483109
v 0.200810 0.018054 -0.484698
v 0.192670 -0.031358 -0.159144
v 0.191795 -0.034031 -0.214272
v 0.193835 -0.040807 -0.354444
v 0.190995 -0.028737 -0.472557
v 0.193136 -0.040195 -0.284018
v 0.195606 -0.034255 -0.091700
v 0.173276 -0.021071 -0.070957
v 0.174970 -0.028764 -0.065233
v 0.199182 -0.027723 -0.484881
v 0.015201 -0.004428 -0.037753
v 0.009863 -0.015995 -0.038468
v -0.016022 -0.015696 -0.037701
v -0.008221 0.007515 -0.034922
v -0.027256 -0.004414 -0.036356
v -0.036525 -0.015555 -0.036840
v -0.044922 -0.000078 -0.034911
v -0.060019 -0.017121 -0.035720
v -0.075069 -0.005040 -0.034392
v 0.033724 -0.016162 -0.038722
v 0.032198 -0.000801 -0.037627
v 0.052012 -0.009917 -0.038282
v 0.042829 0.004164 -0.036609
v 0.017861 0.011327 -0.034742
v -0.058545 0.010319 -0.032039
v -0.086675 0.010034 -0.031151
v -0.097009 -0.007113 -0.033565
v -0.106618 0.007177 -0.031258
v -0.106787 -0.015745 -0.033916
v 0.060155 0.010416 -0.034636
v 0.078329 -0.004092 -0.036134
v 0.066856 -0.017026 -0.037838
v 0.096894 -0.016056 -0.036918
v 0.097459 -0.001816 -0.034990
v 0.108260 -0.008552 -0.037062
v -0.088373 -0.023123 -0.034126
v 0.108392 -0.024866 -0.036702
v -0.095838 -0.029032 -0.033094
v -0.111874 -0.028714 -0.033154
v -0.033055 -0.029294 -0.036076
v -0.070657 -0.029533 -0.034358
v 0.020419 -0.028706 -0.037539
v -0.001994 -0.028539 -0.037004
v 0.092545 -0.027762 -0.035521
v 0.052083 -0.029255 -0.036982
v -0.121195 -0.005180 -0.035996
v 0.074692 0.009753 -0.033456
v 0.098069 0.012497 -0.030976
v 0.110905 0.013814 -0.030775
v 0.043645 0.021863 -0.031559
v -0.115690 0.000350 -0.033922
v -0.116821 0.014443 -0.031180
v -0.000148 0.017872 -0.032029
v 0.014407 0.022063 -0.030905
v -0.025581 0.019931 -0.029946
v -0.107382 0.022728 -0.026126
v 0.069266 0.020587 -0.030347
v -0.076134 0.020889 -0.027421
v 0.089135 0.022953 -0.027043
v 0.106926 0.023321 -0.025780
v -0.094806 0.023863 -0.025286
v -0.134729 0.014068 -0.037452
v 0.121550 -0.000549 -0.038358
v 0.120367 -0.017188 -0.040872
v 0.123565 0.019809 -0.030379
v -0.120457 0.024195 -0.027740
v -0.126921 -0.013667 -0.037422
v 0.066191 0.030622 -0.024671
v -0.127511 -0.028248 -0.034687
v -0.041371 0.024077 -0.026947
v -0.012209 0.030135 -0.024388
v 0.016967 0.031610 -0.024943
v 0.044217 0.031053 -0.025829
v -0.135203 0.002567 -0.040739
v -0.136359 0.022878 -0.034326
v 0.134352 -0.012378 -0.046423
v 0.136162 0.004055 -0.042383
v 0.142069 0.015853 -0.038937
v 0.121629 -0.028067 -0.038627
v -0.007342 -0.035669 -0.034760
v -0.137085 -0.013060 -0.042066
v 0.135313 -0.027088 -0.043955
v 0.127191 0.029693 -0.023668
v -0.076221 0.029973 -0.020599
v -0.036671 0.030710 -0.021893
v 0.147399 0.001898 -0.049094
v 0.148298 -0.009475 -0.053175
v 0.147608 -0.016545 -0.053355
v 0.153761 0.016785 -0.043882
v 0.108032 0.030960 -0.019583
v 0.143943 0.024284 -0.033247
v 0.040276 -0.037174 -0.034625
v -0.103202 0.030672 -0.019007
v -0.123312 0.032176 -0.021371
v 0.108745 -0.031696 -0.034196
v -0.050506 -0.042922 -0.030192
v -0.112488 -0.037298 -0.029549
v -0.140558 -0.027133 -0.039163
v 0.094662 -0.037364 -0.031392
v -0.144780 -0.013743 -0.046634
v -0.145535 0.005139 -0.046916
v -0.146906 0.020835 -0.041863
v 0.022067 -0.043466 -0.031544
v 0.119260 -0.037894 -0.031432
v 0.162724 0.003081 -0.059410
v 0.163183 0.015952 -0.051086
v 0.148524 -0.023939 -0.051984
v 0.162968 -0.025738 -0.059255
v -0.140438 0.033728 -0.026944
v 0.058646 -0.042947 -0.030662
v 0.167238 -0.015292 -0.067764
v 0.163481 -0.004856 -0.063418
v 0.030804 0.036383 -0.020587
v -0.152104 0.030877 -0.038267
v 0.162895 0.031425 -0.033522
v -0.002346 0.035902 -0.018660
v 0.064409 0.035966 -0.019224
v 0.093546 0.034700 -0.016638
v -0.127510 -0.037898 -0.028817
v -0.099605 -0.042924 -0.026649
v 0.163293 0.023072 -0.044066
v -0.154402 -0.027664 -0.048236
v 0.173902 0.019062 -0.059149
v -0.153883 0.018379 -0.049588
v -0.139544 -0.039905 -0.029386
v 0.109306 -0.044672 -0.024131
v 0.153079 -0.032747 -0.047491
v 0.136493 -0.036674 -0.036616
v -0.164404 0.032821 -0.048397
v 0.173276 -0.021071 -0.070957
v -0.152103 -0.036144 -0.038752
v -0.183599 0.010710 0.283538
v -0.183158 0.000722 0.297571
v -0.182896 0.000944 0.270051
v -0.183745 0.013363 0.264033
v -0.184405 0.011469 0.300216
v -0.184653 0.012736 0.329046
v -0.183516 -0.000217 0.326585
v -0.183178 0.010069 0.355659
v -0.182508 0.001613 0.358059
v -0.184008 0.000607 0.246294
v -0.184660 0.015777 0.253190
v -0.185098 0.011009 0.238678
v -0.184426 0.016989 0.353310
v -0.187553 0.023729 0.229718
v -0.186033 0.023699 0.271371
v -0.187850 0.029972 0.261026
v -0.188955 0.030432 0.237151
v -0.182489 0.028042 0.387065
v -0.187633 -0.001084 0.207525
v -0.188196 0.019977 0.217459
v -0.189937 0.026765 0.204246
v -0.189900 0.029159 0.196991
v -0.189081 -0.000927 0.164519
v -0.189783 0.019466 0.168490
v -0.190724 0.015502 0.148600
v -0.191592 -0.005573 0.128431
v -0.193078 0.014936 0.123755
v -0.189956 0.034011 0.166950
v -0.189689 0.031908 0.186898
v -0.190027 -0.012671 0.155924
v -0.190195 0.031875 0.143396
v -0.189180 -0.016198 0.191104
v -0.188309 -0.015710 0.210004
v -0.178286 0.001877 0.385892
v -0.179428 0.017941 0.385881
v -0.176348 0.012829 0.404279
v -0.175333 -0.000180 0.411174
v -0.176071 0.011769 0.417706
v -0.176091 0.001307 0.427292
v -0.192438 -0.017582 0.129445
v -0.184814 -0.010526 0.248817
v -0.190390 -0.001932 0.109555
v -0.190427 -0.017016 0.107067
v -0.190826 0.009575 0.104660
v -0.191472 0.033080 0.211183
v -0.184491 -0.012176 0.276277
v -0.185217 -0.011455 0.335801
v -0.184503 -0.010616 0.363460
v -0.178349 -0.013250 0.429045
v -0.177678 -0.013142 0.416970
v -0.179447 0.024675 0.416492
v -0.178684 0.013776 0.432590
v -0.181028 0.029207 0.405438
v -0.193551 0.028540 0.129317
v -0.195314 0.023346 0.119713
v -0.194707 0.021525 0.109271
v -0.178446 -0.011508 0.403898
v -0.187130 -0.016808 0.232577
v -0.187726 0.021718 0.324172
v -0.187552 0.022674 0.282675
v -0.187790 0.026344 0.352374
v -0.179734 -0.002155 0.443192
v -0.181062 -0.015365 0.440231
v -0.193512 -0.026174 0.169163
v -0.187450 -0.020008 0.262519
v -0.189839 0.016786 0.095085
v -0.181422 0.013414 0.441557
v -0.185515 -0.001736 0.094047
v -0.196182 -0.028081 0.130513
v -0.193875 -0.027848 0.107149
v -0.193446 -0.028299 0.201364
v -0.192190 -0.028212 0.234563
v -0.187172 -0.017806 0.310600
v -0.188375 -0.018956 0.359034
v -0.184686 -0.016418 0.380735
v -0.184929 -0.027198 0.413881
v -0.184982 -0.015128 0.092577
v -0.184705 0.011882 0.087471
v -0.187005 -0.015210 0.456342
v -0.191341 -0.026405 0.280436
v -0.184855 -0.027458 0.425444
v -0.187888 -0.027746 0.088742
v -0.183246 0.028306 0.427073
v -0.186094 0.000366 0.457194
v -0.187882 -0.027877 0.443190
v -0.192314 0.030104 0.289398
v -0.191817 0.030163 0.334843
v -0.187653 0.032617 0.371430
v -0.197505 0.031610 0.097686
v -0.198663 0.026504 0.117015
v -0.186807 0.026267 0.441063
v -0.193215 0.037965 0.152729
v -0.177103 -0.017178 0.077916
v -0.188746 0.039246 0.390970
v -0.191610 0.035342 0.246770
v -0.186923 0.035996 0.422507
v -0.189575 0.012455 0.458329
v -0.188202 0.025343 0.081753
v -0.193952 -0.012224 0.469396
v -0.194096 0.038652 0.189320
v -0.190866 0.033105 0.263288
v -0.195025 0.037250 0.351297
v -0.193571 0.034153 0.137777
v -0.192767 -0.026579 0.324933
v -0.193373 -0.026807 0.359374
v -0.175204 0.001423 0.077202
v -0.189539 0.041196 0.404644
v -0.195172 -0.001613 0.471607
v -0.198031 0.037282 0.325330
v -0.191596 -0.026907 0.378915
v -0.193876 -0.027369 0.458435
v -0.180434 0.017165 0.077752
v -0.193713 0.041083 0.373965
v -0.197906 0.036088 0.295976
v -0.195840 0.038438 0.074984
v -0.195454 0.037465 0.215940
v -0.183787 -0.032347 0.075471
v -0.198768 -0.021903 0.471271
v -0.199742 0.001242 0.476745
v -0.202934 -0.037202 0.129204
v -0.202351 -0.039532 0.107968
v -0.202570 -0.037075 0.161245
v -0.192744 -0.035491 0.087523
v -0.193162 -0.036837 0.431986
v -0.205265 -0.042794 0.374524
v -0.202552 -0.036844 0.351582
v -0.200002 -0.041467 0.398344
v -0.195185 -0.036380 0.444515
v -0.196212 -0.040368 0.418472
v -0.202984 -0.038899 0.200577
v -0.196778 -0.032645 0.271280
v -0.202458 -0.036590 0.322481
v -0.203852 -0.039282 0.251299
v -0.204086 -0.039378 0.458585
v -0.217045 -0.055448 0.378023
v -0.211728 -0.045176 0.347142
v -0.217490 -0.049158 0.341238
v -0.214706 -0.055314 0.394229
v -0.204446 -0.030611 0.470846
v -0.204730 -0.047285 0.433648
v -0.203600 -0.044705 0.091666
v -0.195356 -0.043237 0.077606
v -0.172881 -0.031855 0.062175
v -0.169404 -0.014655 0.069683
v -0.207179 -0.012324 0.484543
v -0.189557 -0.046414 0.063858
v -0.173367 0.015728 0.069942
v -0.180355 -0.043663 0.057249
v -0.182992 0.032870 0.065593
v -0.214408 -0.022772 0.486043
v -0.203924 0.039143 0.098521
v -0.212524 0.000436 0.488844
v -0.194645 0.036424 0.234725
v -0.222266 -0.005440 0.495155
v -0.222925 -0.012975 0.494857
v -0.225321 -0.025569 0.490210
v 0.022320 -0.012800 0.045925
v -0.009764 -0.012575 0.047418
v -0.001632 -0.024583 0.047423
v 0.038324 -0.021471 0.045372
v -0.030477 -0.011291 0.048559
v -0.047037 -0.013005 0.049611
v -0.019699 -0.029625 0.048236
v 0.046792 -0.008177 0.045475
v 0.073619 -0.016801 0.044393
v 0.068593 -0.006422 0.044578
v -0.046706 -0.031363 0.048450
v -0.058952 -0.020855 0.049473
v -0.073260 -0.008084 0.049301
v -0.086344 -0.020389 0.049138
v -0.111973 -0.008874 0.049343
v -0.110411 0.003149 0.048458
v -0.127340 -0.004511 0.049783
v -0.072935 0.002522 0.048122
v 0.012004 0.000166 0.044332
v -0.008392 0.002455 0.044868
v -0.129781 0.013093 0.047407
v -0.042604 0.003615 0.046632
v 0.079169 -0.001321 0.043114
v 0.097086 -0.009029 0.041498
v 0.054106 0.004775 0.042744
v 0.109741 0.005539 0.037844
v 0.112398 -0.002429 0.039089
v 0.123900 -0.000787 0.039164
v 0.124529 -0.014375 0.039045
v 0.112396 -0.012637 0.039185
v 0.034195 0.011254 0.040949
v 0.012827 0.013503 0.040148
v 0.123956 0.019535 0.034014
v 0.103522 0.017033 0.034744
v 0.077503 0.011739 0.039093
v -0.114004 0.015721 0.044770
v -0.075637 0.015692 0.043982
v -0.026453 0.009990 0.043571
v 0.047073 0.016175 0.038938
v -0.012164 0.016810 0.039777
v -0.052293 0.016216 0.042435
v -0.141975 0.007295 0.051737
v -0.141791 -0.003727 0.052768
v -0.142701 0.017416 0.048781
v 0.078296 0.022336 0.034117
v -0.125413 -0.017230 0.048571
v -0.099882 -0.021567 0.048559
v 0.086661 -0.020826 0.041757
v 0.008523 -0.033793 0.045524
v -0.074560 -0.027864 0.048143
v -0.009818 0.024724 0.034982
v 0.038890 0.025463 0.033938
v 0.136723 0.005773 0.041129
v 0.138101 -0.011457 0.042499
v 0.141006 0.019521 0.038040
v 0.110177 0.025673 0.029234
v -0.030372 0.025761 0.034980
v -0.140873 -0.022942 0.049017
v -0.058827 0.025912 0.036128
v -0.127039 0.021918 0.041439
v 0.044879 -0.027880 0.043482
v 0.111812 -0.024560 0.036758
v -0.019793 -0.039272 0.046060
v -0.088375 -0.034611 0.045678
v -0.125951 -0.025371 0.046507
v 0.124575 -0.027880 0.035281
v -0.047014 -0.040588 0.045837
v 0.134926 -0.021786 0.039426
v 0.143945 -0.026280 0.040457
v -0.152849 0.002808 0.057877
v -0.157517 0.016203 0.056648
v -0.146281 -0.014006 0.053290
v 0.084726 -0.026432 0.040162
v 0.068396 -0.029452 0.040773
v -0.156421 -0.028575 0.052187
v 0.150934 0.010461 0.045373
v 0.151673 0.002265 0.048142
v 0.149609 -0.013189 0.047473
v 0.157008 0.018258 0.045324
v -0.157972 -0.014167 0.059476
v -0.100766 0.025212 0.037439
v 0.025452 -0.040607 0.040815
v -0.002541 -0.044564 0.042288
v 0.077516 0.029473 0.028804
v -0.144135 0.025323 0.043468
v -0.128088 -0.037422 0.041235
v -0.115437 -0.037001 0.042170
v 0.083109 -0.034598 0.035980
v 0.044191 -0.036326 0.039767
v -0.077821 -0.043927 0.042176
v 0.063947 -0.041230 0.033925
v 0.106206 -0.037307 0.030049
v -0.024616 -0.048568 0.041284
v -0.138227 -0.038019 0.041042
v -0.150794 -0.036087 0.044715
v -0.048185 -0.047363 0.041989
v -0.163090 0.002462 0.064993
v -0.156689 0.026313 0.049459
v 0.123430 -0.037309 0.029192
v 0.141512 -0.036505 0.032406
v 0.045496 -0.044490 0.034016
v 0.003161 -0.050545 0.037164
v 0.161658 -0.001261 0.057218
v 0.156852 -0.019391 0.051146
v -0.115158 -0.044641 0.036428
v -0.173367 0.015728 0.069942
v -0.079601 -0.050801 0.036380
v 0.078502 -0.045533 0.028194
v -0.153092 -0.049842 0.034496
v -0.138688 -0.048098 0.032387
v 0.107999 -0.043169 0.024949
v 0.029811 -0.050264 0.031984
v -0.123258 -0.048591 0.030643
v 0.155839 -0.035328 0.039964
v -0.166414 -0.023379 0.062515
v -0.169404 -0.014655 0.069683
v -0.172881 -0.031855 0.062175
v -0.164584 -0.039190 0.048899
v 0.053424 -0.050287 0.026869
v -0.055526 -0.054334 0.034469
v 0.122722 -0.045053 0.021221
v -0.175204 0.001423 0.077202
v 0.140647 0.030158 0.029439
v 0.114941 0.029734 0.024874
v 0.161992 0.028875 0.039432
v -0.172313 0.026164 0.061113
v 0.165100 -0.035470 0.047016
v -0.180355 -0.043663 0.057249
v -0.182992 0.032870 0.065593
v -0.276967 0.013184 -0.388446
v -0.288692 0.024395 -0.414412
v -0.281682 0.004974 -0.398049
v -0.292118 0.007391 -0.418616
v -0.295125 0.012633 -0.426523
v -0.277783 0.001183 -0.387924
v -0.274783 0.033392 -0.390942
v -0.294439 0.023295 -0.429448
v -0.286831 0.033279 -0.415845
v -0.277575 -0.015025 -0.390888
v -0.282351 -0.008348 -0.403580
v -0.294007 -0.008182 -0.430930
v -0.297865 0.004222 -0.438278
v -0.282569 -0.014546 -0.408379
v -0.272868 -0.028836 -0.392051
v -0.297014 0.014209 -0.440727
v -0.295235 -0.011763 -0.444523
v -0.290887 0.033042 -0.428588
v -0.287086 -0.023718 -0.432626
v -0.276199 -0.027727 -0.408441
v -0.287802 -0.025945 -0.444237
v -0.296102 0.000369 -0.453956
v -0.292657 0.030680 -0.440006
v -0.292232 -0.017109 -0.455790
v -0.267236 -0.037064 -0.393582
v -0.270193 -0.038098 -0.418905
v -0.267516 -0.037090 -0.375815
v -0.273672 -0.028044 -0.374000
v -0.284862 -0.029023 -0.457286
v -0.268541 -0.040128 -0.335669
v -0.294369 0.015196 -0.454607
v -0.290812 -0.012074 -0.464910
v -0.277464 -0.036775 -0.443304
v -0.272172 -0.036973 -0.323836
v -0.276774 -0.030080 -0.321991
v -0.278104 -0.035144 -0.216466
v -0.292057 0.001101 -0.465336
v -0.273026 -0.042185 -0.201430
v -0.268698 -0.043411 -0.279722
v -0.277032 -0.037467 -0.174803
v -0.284017 -0.023568 -0.469448
v -0.291218 0.025369 -0.454743
v -0.269418 -0.045812 -0.126345
v -0.276321 -0.037296 -0.129201
v -0.270412 -0.040324 -0.092012
v -0.266294 -0.048039 -0.117865
v -0.268696 -0.046516 -0.205583
v -0.273200 -0.040630 -0.457108
v -0.263319 -0.045117 -0.078186
v -0.266436 -0.038505 -0.066767
v -0.259390 -0.046086 -0.050364
v -0.258125 -0.045674 -0.370113
v -0.258291 -0.045554 -0.388649
v -0.258654 -0.046301 -0.409781
v -0.271716 -0.036613 -0.470960
v -0.256516 -0.050884 -0.076398
v -0.253660 -0.052290 -0.048572
v -0.258109 -0.047702 -0.033657
v -0.257202 -0.052668 0.004429
v -0.252839 -0.058376 0.000013
v -0.253255 -0.057229 0.020803
v -0.243452 -0.065955 0.017082
v -0.252342 -0.055435 0.048993
v -0.269467 -0.043107 -0.443100
v -0.243265 -0.066215 0.001358
v -0.243774 -0.064057 -0.015871
v -0.277228 -0.024476 -0.478002
v -0.268915 -0.027130 -0.483755
v -0.262887 -0.018505 -0.020757
v -0.262578 -0.033096 -0.029722
v -0.262347 -0.032484 0.001241
v -0.260276 -0.003068 0.002086
v -0.261371 -0.030078 0.014124
v -0.260328 -0.010930 0.015804
v -0.261206 -0.016347 0.031431
v -0.260119 -0.038852 0.031105
v -0.260771 -0.033954 0.044606
v -0.263395 0.013161 -0.014982
v -0.262994 0.021759 0.001262
v -0.261749 -0.003228 0.026674
v -0.262461 0.005765 0.021081
v -0.260407 -0.044905 0.005178
v -0.261243 -0.040044 -0.033449
v -0.264270 -0.008989 -0.025549
v -0.266129 -0.020793 -0.039409
v -0.265976 0.026711 -0.016761
v -0.257183 -0.047826 0.045684
v -0.270268 0.027854 -0.036399
v -0.263181 -0.016979 0.045614
v -0.266767 -0.025975 -0.046341
v -0.270049 0.002788 -0.041283
v -0.273808 0.026850 -0.051881
v -0.272708 0.040372 -0.046615
v -0.270246 0.040537 -0.020041
v -0.270391 0.047516 -0.021791
v -0.270731 0.047881 0.003351
v -0.270368 0.041744 0.001058
v -0.276753 0.034961 -0.070730
v -0.263008 -0.038605 -0.049182
v -0.263910 -0.006904 0.037880
v -0.273994 0.039936 0.025577
v -0.260564 -0.044160 0.063192
v -0.265233 -0.023084 0.054834
v -0.263784 0.014520 0.015914
v -0.282161 0.018892 -0.085453
v -0.282521 0.001154 -0.080032
v -0.284916 0.016486 -0.102252
v -0.285960 0.001415 -0.102669
v -0.283890 -0.012812 -0.096493
v -0.287551 0.001851 -0.126628
v -0.286134 0.016286 -0.121839
v -0.286229 -0.011852 -0.123918
v -0.280396 -0.001180 -0.072403
v -0.286668 -0.013497 -0.163700
v -0.276903 -0.018999 -0.071613
v -0.287464 0.001815 -0.199764
v -0.286289 0.015897 -0.175902
v -0.285423 -0.014073 -0.230253
v -0.274664 -0.012114 -0.059382
v -0.283790 0.000714 -0.288504
v -0.282741 -0.013403 -0.295363
v -0.280130 -0.014161 -0.334981
v -0.283732 -0.023811 -0.202262
v -0.282906 -0.024158 -0.124263
v -0.283762 -0.024314 -0.164607
v -0.281216 0.000549 -0.321496
v -0.277408 -0.023822 -0.346443
v -0.280044 -0.025079 -0.292868
v -0.277999 -0.013939 -0.363220
v -0.275750 -0.021671 -0.376417
v -0.277499 -0.012258 -0.375929
v -0.277391 -0.001597 -0.352294
v -0.276048 -0.000909 -0.372770
v -0.279675 -0.027924 -0.105034
v -0.277481 -0.025002 -0.082442
v -0.285413 0.015859 -0.213141
v -0.281488 0.014831 -0.298838
v -0.280823 -0.030976 -0.157248
v -0.274989 0.036592 0.029862
v -0.271160 0.028367 0.022005
v -0.272968 0.017488 0.036565
v -0.277786 0.021771 0.049834
v -0.281491 0.020196 0.069831
v -0.281607 0.003292 0.073521
v -0.284885 0.003127 0.089299
v -0.284907 0.016545 0.097413
v -0.288978 0.000062 0.120829
v -0.285449 -0.013071 0.098166
v -0.289622 -0.014221 0.129806
v -0.291106 -0.014746 0.160055
v -0.289630 -0.026871 0.163123
v -0.290897 -0.015027 0.202501
v -0.289275 -0.028424 0.197004
v -0.289420 -0.024299 0.206756
v -0.284705 -0.021545 0.264267
v -0.287021 -0.013728 0.246984
v -0.282263 -0.011512 0.291063
v -0.279701 -0.026903 0.299191
v -0.280440 -0.021516 0.313569
v -0.281494 -0.008183 0.309477
v -0.281356 -0.022477 0.328408
v -0.282793 -0.010823 0.337751
v -0.290105 0.001351 0.190355
v -0.290205 0.001926 0.157017
v -0.283129 -0.020277 0.343719
v -0.288562 0.000697 0.220455
v -0.284083 -0.000912 0.263656
v -0.284253 -0.027569 0.257204
v -0.280810 0.001235 0.295493
v -0.281038 0.001660 0.324779
v -0.278972 0.011463 0.299947
v -0.283816 -0.002459 0.354423
v -0.287009 -0.028263 0.132514
v -0.288326 -0.014327 0.371639
v -0.284413 -0.025775 0.108028
v -0.286847 0.017370 0.126904
v -0.281763 -0.026391 0.344968
v -0.288417 -0.023195 0.378849
v -0.296401 -0.012680 0.411160
v -0.294761 -0.022166 0.410946
v -0.298682 -0.012936 0.435397
v -0.297288 -0.000540 0.421968
v -0.298171 0.002196 0.436406
v -0.297626 0.002195 0.446666
v -0.297641 -0.015468 0.446094
v -0.294609 -0.027582 0.430783
v -0.293996 -0.001154 0.403961
v -0.295001 0.000463 0.459528
v -0.295195 -0.011526 0.459149
v -0.278303 0.033583 0.059644
v -0.289129 -0.001540 0.382709
v -0.287702 0.014541 0.184213
v -0.286115 0.014339 0.219072
v -0.283793 0.011469 0.247776
v -0.278512 0.034333 0.073124
v -0.276426 0.025327 0.287936
v -0.276787 0.020952 0.325014
v -0.278879 0.015244 0.348215
v -0.282495 0.031405 -0.125285
v -0.276429 0.015193 0.048655
v -0.279357 -0.010773 0.074467
v -0.277738 0.015678 -0.322472
v -0.294023 0.012771 0.421032
v -0.280889 0.032487 -0.100377
v -0.290152 -0.029470 0.398633
v -0.290892 -0.033455 0.420309
v -0.282995 0.004999 0.360361
v -0.282547 0.030483 -0.164898
v -0.284261 0.023444 0.207452
v -0.278183 0.028615 0.260383
v -0.272938 0.036196 0.293552
v -0.273305 0.032446 0.325235
v -0.281221 0.028223 -0.224750
v -0.293173 -0.027989 0.444895
v -0.283667 -0.033388 0.239652
v -0.292960 0.019640 0.435079
v -0.293657 0.015031 0.448424
v -0.278372 -0.024498 0.083677
v -0.284999 -0.038816 0.170118
v -0.274361 0.029264 0.348790
v -0.273982 0.031198 0.364215
v -0.283866 0.027034 0.149803
v -0.290223 0.014044 0.405763
v -0.271394 0.047449 0.032695
v -0.273235 0.009708 -0.375556
v -0.272267 0.008977 -0.358791
v -0.292207 -0.023036 0.458308
v -0.276920 0.027697 -0.298742
v -0.274231 0.026282 -0.321057
v -0.283585 -0.039539 0.150705
v -0.283879 -0.035165 0.129758
v -0.282206 0.030914 0.137850
v -0.270313 0.046893 -0.047193
v -0.275699 0.030860 0.378124
v -0.284182 0.019276 0.392028
v -0.275598 0.036617 0.255741
v -0.274188 0.042914 -0.077117
v -0.278588 0.032994 -0.236804
v -0.273737 0.011819 -0.344788
v -0.272381 0.001135 0.049233
v -0.281575 -0.031677 0.358711
v -0.283982 -0.034390 0.380591
v -0.278229 -0.033896 0.096714
v -0.277066 -0.032297 0.306724
v -0.280062 -0.035174 0.261806
v -0.277075 -0.033486 0.337703
v -0.284324 -0.038755 0.198342
v -0.266270 0.038474 -0.333910
v -0.289273 0.016136 0.461512
v -0.278017 0.035899 0.218203
v -0.286821 0.028405 0.419628
v -0.269248 0.040228 0.333164
v -0.268503 0.041864 0.364174
v -0.266102 0.021330 -0.356335
v -0.263058 0.040228 -0.346486
v -0.261918 0.040634 -0.357905
v -0.264960 0.038195 -0.368855
v -0.268240 0.038356 -0.378923
v -0.257988 0.048590 -0.359519
v -0.277376 0.040974 -0.117810
v -0.273941 0.041904 0.082962
v -0.279312 0.029864 0.393011
v -0.282015 0.031242 0.405668
v -0.287646 0.027494 0.446475
v -0.270611 0.039251 -0.301502
v -0.288324 -0.009809 0.473007
v -0.276926 0.040404 -0.171826
v -0.258784 0.048614 -0.339890
v -0.259833 0.048882 -0.373226
v -0.267392 0.045871 0.294092
v -0.267356 0.045707 0.382550
v -0.274079 0.040290 0.399419
v -0.274908 0.040699 -0.399684
v -0.282245 0.036336 0.429093
v -0.286154 0.003519 0.474590
v -0.276482 0.039389 0.132927
v -0.277728 0.036798 0.179814
v -0.271905 0.041686 -0.255789
v -0.268296 -0.037328 0.074392
v -0.257581 -0.049109 0.062517
v -0.285586 -0.023707 0.470691
v -0.272857 0.042641 0.233009
v -0.268792 0.046201 0.259896
v -0.266253 0.053779 -0.019876
v -0.275592 -0.041587 0.107036
v -0.284919 -0.041632 0.430677
v -0.286450 -0.037798 0.444366
v -0.265262 0.048530 -0.390090
v -0.284160 0.025478 0.459853
v -0.282077 -0.042570 0.405327
v -0.253593 -0.053557 0.066485
v -0.269210 -0.044837 0.091391
v -0.264125 0.056670 0.000722
v -0.259445 -0.049528 0.074506
v -0.278502 -0.043808 0.213730
v -0.282443 -0.043941 0.419773
v -0.275570 -0.046222 0.134041
v -0.265118 0.045410 0.333215
v -0.270062 0.047442 -0.065757
v -0.261114 0.050471 0.360441
v -0.281930 0.041139 -0.416990
v -0.284368 0.041497 -0.428732
v -0.285391 0.039909 -0.441439
v -0.285920 0.032855 -0.457264
v -0.278532 -0.046349 0.164573
v -0.281340 -0.037724 0.458640
v -0.278875 -0.045357 0.192428
v -0.276208 -0.040718 0.254841
v -0.273007 -0.038744 0.293295
v -0.270003 -0.040537 0.318022
v -0.271419 -0.039474 0.329132
v -0.271049 -0.041973 0.346755
v -0.271922 -0.047605 0.378842
v -0.280747 0.018165 0.472528
v -0.279118 0.037837 0.445026
v -0.280455 -0.010491 0.482332
v -0.279781 0.001842 0.482138
v -0.262559 0.047659 -0.308368
v -0.269836 0.046652 0.411949
v -0.278844 0.032103 0.459931
v -0.278204 -0.023311 0.479468
v -0.268827 0.045831 -0.240624
v -0.267628 0.051101 0.037427
v -0.276831 -0.034786 0.469685
v -0.272712 0.016148 0.481854
v -0.270090 -0.022490 0.486650
v -0.268860 -0.010423 0.491508
v -0.270927 0.002218 0.489234
v -0.257551 -0.019537 0.494502
v -0.257185 -0.009784 0.497026
v 0.237945 0.002103 0.500437
v 0.221523 -0.010542 0.499907
v 0.238068 -0.012707 0.500176
v 0.219278 0.001408 0.499535
v 0.249414 -0.008625 0.499321
v 0.249498 0.004021 0.498883
v 0.208604 -0.010821 0.496888
v 0.249647 -0.018081 0.496816
v 0.224110 -0.025014 0.494910
v 0.211173 -0.022851 0.492869
v 0.236973 -0.023538 0.496093
v 0.261222 -0.008783 0.495258
v 0.261788 0.001129 0.494821
v 0.250189 -0.032048 0.488369
v 0.265122 -0.021258 0.488903
v 0.236199 -0.033843 0.488983
v 0.223457 -0.035229 0.486787
v 0.210600 -0.031650 0.485998
v 0.199039 -0.016619 0.490593
v 0.198484 -0.008481 0.492835
v 0.205140 0.002986 0.494707
v 0.199233 -0.024600 0.485633
v 0.235108 -0.041830 0.480234
v 0.187390 -0.009262 0.484241
v 0.219644 -0.046281 0.472186
v 0.247930 -0.044649 0.473325
v 0.264877 -0.030472 0.481077
v 0.234048 -0.047880 0.471560
v 0.210321 -0.041839 0.472169
v 0.191515 -0.019592 0.482477
v 0.200987 -0.034939 0.474510
v 0.263865 -0.037065 0.473833
v 0.272255 -0.008411 0.487610
v 0.274411 -0.026419 0.475613
v 0.278293 -0.012005 0.480615
v 0.236413 0.016889 0.496035
v 0.271065 0.002546 0.488082
v 0.223840 0.015723 0.495239
v 0.263165 0.015637 0.490187
v 0.251586 0.027299 0.488753
v 0.190513 0.000186 0.486119
v 0.280896 -0.021710 0.470750
v 0.263576 0.032859 0.481124
v 0.274629 0.013132 0.481650
v 0.274802 0.032973 0.473164
v 0.236973 0.032504 0.485500
v 0.203665 0.015150 0.487357
v 0.219584 0.024943 0.487471
v 0.249743 0.040418 0.477917
v 0.266057 0.040980 0.473588
v 0.195109 0.013150 0.481602
v 0.277010 0.045181 0.459749
v -0.259802 -0.000674 -0.496488
v -0.248703 0.000037 -0.499211
v -0.247521 -0.013413 -0.498173
v -0.260576 -0.013131 -0.495012
v -0.269381 -0.000659 -0.491628
v -0.270559 -0.014733 -0.489337
v -0.259102 -0.022427 -0.491792
v -0.248374 -0.027460 -0.491903
v -0.268915 -0.027130 -0.483755
v -0.258914 -0.033197 -0.484778
v -0.278210 -0.013799 -0.483306
v -0.277228 -0.024476 -0.478002
v -0.278078 -0.000569 -0.484995
v -0.274540 0.009318 -0.486445
v -0.261454 0.012798 -0.493038
v -0.285476 0.000964 -0.476442
v -0.285195 -0.011416 -0.475653
v -0.284017 -0.023568 -0.469448
v -0.286672 0.014275 -0.471409
v -0.292057 0.001101 -0.465336
v -0.272106 0.021490 -0.483024
v -0.250341 0.015104 -0.495382
v -0.262544 0.024192 -0.486925
v -0.284905 0.023284 -0.468326
v -0.290812 -0.012074 -0.464910
v -0.275495 0.032284 -0.471414
v -0.294369 0.015196 -0.454607
v -0.291218 0.025369 -0.454743
v -0.262393 0.032319 -0.479890
v -0.285920 0.032855 -0.457264
v -0.250540 0.029326 -0.486625
v -0.238296 0.000197 -0.499463
v -0.236388 0.009816 -0.497366
v -0.237358 -0.014343 -0.498064
v -0.266861 0.037334 -0.471387
v -0.236807 0.022669 -0.491201
v -0.278567 0.040265 -0.455008
v -0.226246 -0.000927 -0.496785
v -0.225627 -0.013775 -0.495308
v -0.223819 0.014780 -0.491617
v -0.236270 -0.028538 -0.491023
v -0.236920 0.032053 -0.482472
v -0.248100 -0.038558 -0.482775
v -0.215487 -0.000540 -0.491263
v -0.226446 0.029034 -0.481591
v -0.218767 0.022975 -0.482932
v -0.222079 -0.027954 -0.486869
v -0.211882 -0.014837 -0.487523
v -0.211753 0.012408 -0.484683
v -0.246494 0.003593 0.497897
v -0.244810 -0.010798 0.499793
v -0.234130 -0.001171 0.498468
v -0.235103 -0.012467 0.498859
v -0.258055 0.001994 0.495956
v -0.257185 -0.009784 0.497026
v -0.235697 0.013703 0.493455
v -0.246924 0.015908 0.492435
v -0.225014 0.003388 0.494779
v -0.259495 0.020663 0.486463
v -0.265883 0.015775 0.486234
v -0.247011 0.029491 0.482603
v -0.235616 0.029271 0.482356
v -0.221838 0.016075 0.488076
v -0.221535 0.024601 0.481503
v -0.222266 -0.005440 0.495155
v -0.259468 0.036729 0.471050
v -0.246933 0.038470 0.471774
v -0.220248 0.032133 0.473360
v -0.235496 0.038172 0.471245
v -0.269289 0.030756 0.471833
v -0.270927 0.002218 0.489234
v -0.272712 0.016148 0.481854
v -0.249826 0.046269 0.457902
v -0.260579 0.045339 0.455781
v -0.218885 0.038369 0.463728
v -0.211912 0.024428 0.475060
v -0.212524 0.000436 0.488844
v -0.206784 0.012145 0.479640
v -0.203104 0.033845 0.456255
v -0.202494 0.018628 0.471281
v -0.208768 0.045021 0.442713
v -0.195982 0.038001 0.440543
v -0.193173 0.023706 0.454911
v -0.206060 0.049474 0.427907
v -0.199742 0.001242 0.476745
v -0.186807 0.026267 0.441063
v -0.189575 0.012455 0.458329
v -0.194636 0.044467 0.419865
v -0.186923 0.035996 0.422507
v -0.271850 0.038533 0.458347
v -0.278844 0.032103 0.459931
v -0.189539 0.041196 0.404644
v -0.280747 0.018165 0.472528
v -0.222925 -0.012975 0.494857
v -0.268860 -0.010423 0.491508
v -0.257551 -0.019537 0.494502
v -0.087390 0.037985 0.000037
v -0.121666 0.037635 0.010611
v -0.081345 0.038003 0.010668
v -0.118610 0.038099 -0.000269
v -0.056448 0.039452 0.000555
v -0.033590 0.040016 0.010381
v -0.034213 0.040493 -0.000086
v 0.012439 0.043448 -0.000327
v 0.012068 0.042681 0.009712
v 0.036237 0.043546 0.002664
v 0.058135 0.041983 0.011085
v 0.064669 0.042679 -0.000232
v 0.088310 0.039186 0.012060
v 0.100974 0.039052 0.004745
v 0.119381 0.037748 0.009313
v -0.122531 0.035290 0.020236
v -0.071518 0.036038 0.020426
v -0.034916 0.036613 0.020805
v 0.034889 0.039861 0.017994
v 0.111370 0.038520 -0.002597
v 0.146265 0.038996 0.011890
v 0.143829 0.039545 -0.000362
v 0.174316 0.043010 -0.000991
v 0.089334 0.039487 -0.006180
v 0.182770 0.044100 0.010211
v 0.173526 0.039768 0.024274
v 0.196682 0.047494 0.001525
v -0.142535 0.041669 0.010906
v -0.140929 0.042133 -0.001754
v 0.130998 0.034295 0.020489
v 0.103096 0.034309 0.019677
v 0.002563 0.039174 0.018531
v -0.138907 0.037440 0.022996
v 0.193029 0.045104 0.020613
v 0.207877 0.049717 0.015959
v 0.211066 0.047168 0.043104
v 0.025660 0.041814 -0.011111
v 0.119096 0.037061 -0.009697
v 0.140640 0.038409 -0.008946
v 0.162893 0.039830 -0.012059
v 0.056974 0.041122 -0.011020
v 0.186608 0.044580 -0.010288
v -0.029141 0.038822 -0.009606
v -0.091871 0.035482 -0.010233
v -0.113288 0.036082 -0.010190
v -0.133008 0.038325 -0.013100
v 0.189437 0.042939 -0.024615
v 0.204203 0.048734 -0.017892
v 0.216207 0.052466 0.010884
v 0.223417 0.054156 -0.016897
v 0.228046 0.054716 0.007836
v 0.244345 0.056735 -0.002306
v 0.238814 0.055861 0.004642
v 0.255628 0.055597 0.008726
v 0.240682 0.055207 0.025259
v 0.264084 0.053771 0.032556
v 0.271357 0.055308 0.003201
v 0.255941 0.056241 -0.011599
v 0.238519 0.055410 -0.032234
v 0.255182 0.056308 -0.026353
v 0.270777 0.055954 -0.027681
v 0.260382 0.056319 -0.034781
v 0.236413 0.054078 0.040555
v 0.249542 0.053579 0.054080
v 0.233697 0.051852 0.071444
v 0.253777 0.052132 0.075685
v 0.250300 0.051693 0.102973
v 0.252129 0.055213 -0.057088
v 0.237080 0.053815 -0.059287
v 0.243117 0.054697 -0.064935
v 0.226938 0.053041 0.034221
v 0.229513 0.053528 -0.048159
v 0.232090 0.050100 0.091706
v 0.235337 0.050153 0.112278
v 0.250052 0.052527 0.129142
v 0.270246 0.051872 0.125842
v 0.234795 0.050362 0.130434
v 0.269990 0.050508 0.097208
v 0.264585 0.054748 0.159676
v 0.248071 0.054747 0.177073
v 0.260050 0.057926 0.220989
v 0.239093 0.054869 0.205953
v 0.239525 0.056154 0.248220
v 0.254121 0.058139 0.252180
v 0.252936 0.057267 0.279113
v 0.239041 0.055413 0.288563
v 0.253089 0.056390 0.300094
v 0.251631 0.055786 0.335092
v 0.238814 0.054322 0.339276
v 0.253252 0.057885 0.375294
v 0.241363 0.053150 -0.082049
v 0.255172 0.054195 -0.093600
v 0.241528 0.052438 -0.102864
v 0.268367 0.054455 -0.075362
v 0.267186 0.053881 -0.097209
v 0.252046 0.053624 -0.114401
v 0.273160 0.055124 -0.047812
v 0.266803 0.053644 -0.126010
v 0.281597 0.054723 -0.065262
v 0.278216 0.054892 -0.038997
v 0.239944 0.052385 -0.120821
v 0.252909 0.054282 -0.140103
v 0.238838 0.052702 -0.137955
v 0.266647 0.054149 -0.148687
v 0.244617 0.053877 -0.147739
v 0.255401 0.055870 -0.195415
v 0.239280 0.054569 -0.179197
v 0.243438 0.055523 -0.219650
v 0.258207 0.056654 -0.221132
v 0.239094 0.054831 -0.237973
v 0.241329 0.055020 -0.255420
v 0.259290 0.056905 -0.257120
v 0.253889 0.056330 -0.271609
v 0.254092 0.056558 -0.283207
v 0.264732 0.056120 -0.286081
v 0.265543 0.055419 -0.181953
v 0.268361 0.056162 -0.212502
v 0.265754 0.056590 -0.242962
v 0.232194 0.053350 -0.169396
v 0.227770 0.053115 -0.193072
v 0.223950 0.052548 -0.223682
v 0.218256 0.051381 -0.248517
v 0.224795 0.051979 -0.275038
v 0.235113 0.052247 -0.299378
v 0.214335 0.049186 -0.295023
v 0.228359 0.053217 -0.041565
v 0.217393 0.049880 -0.045061
v 0.240591 0.055943 0.384132
v 0.253409 0.058458 0.421793
v 0.265873 0.058695 0.414362
v 0.265947 0.058149 0.394186
v 0.266132 0.057826 0.429683
v 0.236314 0.055339 0.411709
v 0.250744 0.055432 0.445648
v 0.262219 0.057528 0.251638
v 0.230737 0.050902 -0.089265
v 0.276222 0.052856 -0.089026
v 0.239437 0.055354 0.432066
v 0.279774 0.054597 -0.050732
v 0.262034 0.055626 0.351017
v 0.261061 0.054817 0.329627
v 0.264270 0.057203 0.213446
v 0.273119 0.050221 0.073846
v 0.255772 0.057891 -0.299322
v 0.265182 0.060857 -0.342222
v 0.254612 0.060702 -0.349533
v 0.255684 0.060799 -0.374486
v 0.263782 0.061344 -0.373609
v 0.251902 0.058734 -0.318931
v 0.260281 0.059619 -0.397381
v 0.254615 0.058029 -0.419789
v 0.267194 0.058124 -0.424379
v 0.266067 0.055880 -0.441577
v 0.253762 0.055255 -0.440182
v 0.221026 0.047634 -0.319906
v 0.208491 0.046496 -0.321665
v 0.261604 0.054716 0.305361
v 0.266240 0.058979 -0.398859
v 0.268025 0.059890 -0.376812
v 0.224964 0.050662 -0.150282
v 0.227536 0.048993 -0.111698
v 0.276592 0.050439 0.059213
v 0.268754 0.052396 0.045923
v 0.238709 0.053320 0.446676
v 0.216439 0.045495 0.097053
v 0.218353 0.048158 0.066667
v 0.265511 0.055066 0.446118
v 0.245088 0.054486 -0.433520
v 0.279064 0.053202 0.013583
v 0.218835 0.047965 -0.077749
v 0.217378 0.047363 0.159687
v 0.213491 0.044833 0.125107
v 0.235481 0.054791 -0.393205
v 0.237970 0.054708 -0.410199
v 0.213884 0.050464 -0.395484
v 0.236336 0.055494 -0.374312
v 0.209768 0.050399 -0.377335
v 0.218577 0.051471 -0.356240
v 0.235284 0.053704 -0.340883
v 0.208230 0.049327 -0.360553
v 0.206011 0.046412 -0.330068
v 0.244348 0.054863 -0.295997
v 0.215480 0.050144 -0.208012
v 0.273539 0.052150 -0.122227
v 0.215420 0.049097 -0.172265
v 0.281459 0.054001 -0.008602
v 0.282719 0.054089 -0.023485
v 0.219739 0.049283 -0.060813
v 0.207260 0.047671 -0.280634
v 0.207800 0.047253 -0.300048
v 0.213926 0.047272 -0.425510
v 0.227487 0.049948 -0.428853
v 0.224478 0.048600 -0.322036
v 0.207556 0.047994 -0.245386
v 0.214344 0.047598 0.194767
v 0.225870 0.051344 0.370124
v 0.226006 0.050826 0.338739
v 0.220848 0.049977 0.295339
v 0.270095 0.054168 -0.170168
v 0.218544 0.049692 0.239800
v 0.198646 0.043793 -0.418466
v 0.201283 0.041670 0.137596
v 0.208244 0.042337 0.097986
v 0.200617 0.038895 0.076148
v 0.197411 0.038101 0.060040
v 0.200206 0.042124 0.164050
v 0.201207 0.046781 -0.393454
v 0.264665 0.051136 -0.459247
v 0.253569 0.051700 -0.456102
v 0.235993 0.048220 -0.455311
v 0.214237 0.047639 0.425181
v 0.211182 0.046541 0.386445
v 0.212020 0.046046 0.340525
v 0.213912 0.044331 -0.440694
v 0.199161 0.043155 -0.326852
v 0.218278 0.047018 0.446388
v 0.215234 0.046232 -0.136191
v 0.211101 0.043154 -0.116508
v 0.214059 0.044224 -0.092978
v 0.282141 0.049199 0.042589
v 0.200727 0.045506 -0.354854
v 0.203901 0.045225 -0.039660
v 0.278516 0.048118 0.107098
v 0.284692 0.052227 -0.049328
v 0.201010 0.042519 0.196254
v 0.205149 0.044224 0.237903
v 0.204604 0.043537 0.285452
v 0.208231 0.046767 -0.187118
v 0.275051 0.054921 -0.433779
v 0.250738 0.050270 0.461774
v 0.236817 0.048734 0.461447
v 0.233352 0.042721 -0.472316
v 0.213223 0.040568 -0.454557
v 0.275762 0.054114 -0.213559
v 0.271944 0.052751 0.160815
v 0.139955 0.035193 -0.018173
v 0.166757 0.038231 -0.020246
v 0.183159 0.037603 -0.036511
v 0.220091 0.044101 0.460322
v 0.181094 0.036801 0.038548
v 0.249164 0.045014 -0.473514
v 0.199131 0.038473 0.096833
v -0.152802 0.043130 -0.017617
v 0.267069 0.050034 0.460116
v 0.194665 0.037617 -0.437973
v 0.200648 0.041832 0.377583
v 0.202000 0.041592 0.330112
v 0.276349 0.054620 0.430934
v 0.199008 0.041101 0.413079
v 0.276215 0.052530 0.444158
v 0.158828 0.034392 0.029741
v 0.192885 0.037665 0.133313
v 0.275526 0.055433 0.417150
v 0.197764 0.041199 0.046008
v 0.200906 0.040654 -0.058163
v 0.198769 0.042858 -0.304350
v 0.202193 0.041554 -0.160714
v 0.276808 0.050512 -0.154644
v 0.199645 0.044008 -0.268722
v 0.199528 0.040269 0.428700
v 0.115202 0.034374 -0.015081
v 0.280998 0.051576 -0.086645
v 0.281395 0.049283 -0.105557
v 0.199071 0.043324 -0.233015
v 0.198228 0.041027 -0.192405
v 0.093546 0.034700 -0.016638
v 0.277285 0.049896 0.150839
v 0.274852 0.048475 -0.458526
v 0.268693 0.055115 0.242800
v 0.267163 0.060074 -0.340622
v 0.269568 0.053430 -0.301005
v 0.273227 0.048473 -0.278182
v 0.202261 0.039111 0.445506
v 0.214981 0.034719 -0.474717
v 0.191346 0.037426 0.165535
v 0.178248 0.031381 0.047921
v 0.284559 0.045656 0.072299
v -0.155273 0.047566 0.000331
v -0.161548 0.048195 -0.012986
v -0.155627 0.043418 0.021658
v 0.271257 0.054098 0.203682
v 0.189617 0.035687 -0.051263
v 0.277805 0.050269 -0.127842
v 0.200712 0.037081 -0.093368
v 0.200441 0.037709 -0.126341
v 0.203200 0.039460 -0.080301
v -0.171361 0.054096 0.006327
v -0.185399 0.059378 -0.015867
v 0.271800 0.055465 -0.395823
v 0.057091 0.036933 0.021377
v 0.237187 0.042523 0.473806
v 0.237474 0.038326 -0.482745
v 0.190646 0.038030 -0.426016
v 0.162895 0.031425 -0.033522
v 0.157251 0.033214 -0.026925
v 0.272138 0.054605 0.389725
v -0.084351 0.031296 0.029094
v -0.059523 0.031739 0.028957
v -0.112367 0.031469 0.028435
v -0.127596 0.028547 0.034694
v -0.041511 0.035177 -0.015449
v -0.002346 0.035902 -0.018660
v 0.221884 0.039172 0.471923
v 0.285968 0.049242 0.021535
v 0.287839 0.050064 0.000918
v 0.193143 0.037435 0.396999
v 0.195346 0.038160 0.366730
v 0.197157 0.038687 0.324993
v 0.200351 0.032957 -0.458430
v 0.196273 0.038469 0.268363
v 0.193574 0.037614 0.204387
v 0.220363 0.031919 -0.485524
v 0.276399 0.052107 -0.234529
v 0.271216 0.054308 -0.250569
v 0.269735 0.053766 -0.265859
v -0.190356 0.063109 0.002073
v -0.205371 0.068087 -0.016962
v -0.205822 0.068427 0.005449
v -0.219104 0.070087 -0.015110
v -0.218859 0.070388 0.000708
v -0.236987 0.068235 -0.000341
v -0.232987 0.068496 -0.016502
v -0.232547 0.066885 0.019035
v -0.219653 0.067932 0.019099
v -0.232987 0.066270 -0.030659
v -0.219517 0.066242 -0.037180
v -0.207745 0.065530 -0.032678
v -0.241223 0.065271 0.014950
v -0.219478 0.063813 0.034714
v -0.235890 0.062161 0.039212
v -0.253641 0.057309 0.045793
v -0.233017 0.059629 -0.057280
v -0.238223 0.057612 0.059149
v -0.252765 0.054623 0.069797
v -0.237301 0.055106 0.074796
v -0.250908 0.051680 0.107386
v -0.232195 0.052396 0.101350
v -0.222559 0.054983 0.068099
v -0.220237 0.058822 0.050648
v -0.236803 0.048324 0.130999
v -0.252648 0.049645 0.129694
v -0.262696 0.048729 0.124531
v -0.263085 0.047709 0.152862
v -0.247330 0.047943 0.154881
v -0.252726 0.048637 0.178125
v -0.240116 0.047529 0.174113
v -0.261611 0.047657 0.174775
v -0.261404 0.049828 0.210970
v -0.227143 0.049327 0.201463
v -0.250519 0.052419 0.227160
v -0.223968 0.049549 0.220897
v -0.233726 0.052077 0.253592
v -0.251392 0.053195 0.257328
v -0.237672 0.052874 0.276433
v -0.249564 0.052834 0.293361
v -0.237462 0.052771 0.299145
v -0.247595 0.053537 0.333121
v -0.234569 0.053216 0.326016
v -0.234521 0.054801 0.347355
v -0.234351 0.058212 0.382861
v -0.248084 0.055394 0.356849
v -0.247887 0.057822 0.392463
v -0.247594 0.057385 0.411786
v -0.233107 0.057940 0.410898
v -0.221497 0.057209 0.401070
v -0.236173 0.055164 0.428910
v -0.250327 0.054890 0.428827
v -0.231835 0.045992 0.145594
v -0.221718 0.043595 0.163046
v -0.219930 0.056034 0.380879
v -0.223857 0.053199 0.348654
v -0.220785 0.054959 0.423238
v -0.222722 0.050990 0.322396
v -0.261035 0.051432 0.079229
v -0.223045 0.049913 0.288720
v -0.220679 0.049346 0.251756
v -0.214785 0.047376 0.209606
v -0.215564 0.047182 0.185584
v -0.234172 0.047545 0.181734
v -0.261263 0.051175 0.257396
v -0.260241 0.050358 0.302544
v -0.210692 0.042832 0.164315
v -0.221092 0.042445 0.154531
v -0.223065 0.050434 0.105002
v -0.224562 0.046077 0.127239
v -0.251066 0.051524 0.443331
v -0.207308 0.052517 0.415680
v -0.208618 0.053810 0.398790
v -0.254757 0.054766 0.374349
v -0.258909 0.050370 0.334786
v -0.236527 0.050849 0.444121
v -0.260316 0.056696 0.029556
v -0.220630 0.057778 -0.065820
v -0.238077 0.056333 -0.074780
v -0.220376 0.054629 -0.081578
v -0.234003 0.055168 -0.097397
v -0.247683 0.054724 -0.095438
v -0.235341 0.055091 -0.162703
v -0.250776 0.054169 -0.161130
v -0.248151 0.054457 -0.247173
v -0.235384 0.055377 -0.256061
v -0.233682 0.055771 -0.303322
v -0.245557 0.054971 -0.324726
v -0.245692 0.055207 -0.365709
v -0.233712 0.055859 -0.376830
v -0.248430 0.054691 -0.402337
v -0.233549 0.054860 -0.404068
v -0.220815 0.053392 -0.128303
v -0.220872 0.054508 -0.323161
v -0.220756 0.054484 -0.379395
v -0.222123 0.053605 -0.252587
v -0.219043 0.053479 -0.405139
v -0.251901 0.051565 -0.430149
v -0.253979 0.054680 -0.070775
v -0.243670 0.058815 -0.053372
v -0.249717 0.058673 -0.046625
v -0.260513 0.052076 -0.129947
v -0.236754 0.052106 -0.425088
v -0.265178 0.050846 -0.423162
v -0.255984 0.053560 -0.396934
v -0.263551 0.049744 -0.434246
v -0.217709 0.050607 -0.421881
v -0.235332 0.047997 -0.442865
v -0.253051 0.045291 -0.456523
v -0.265534 0.044352 -0.456587
v -0.208820 0.050800 -0.405551
v -0.210445 0.051148 -0.372377
v -0.262158 0.052507 -0.066719
v -0.258233 0.051165 -0.298234
v -0.216666 0.045937 -0.439033
v -0.233909 0.043083 -0.458822
v -0.275055 0.045662 -0.440507
v -0.198917 0.063031 0.021811
v -0.206723 0.061155 0.034851
v -0.174608 0.052079 0.020751
v -0.205942 0.047148 -0.423239
v -0.250814 0.062704 -0.021430
v -0.262052 0.051161 0.433590
v -0.260731 0.052850 0.416717
v -0.258223 0.054278 0.400930
v -0.209002 0.038700 0.149994
v -0.221134 0.041990 0.145796
v -0.197605 0.040806 0.164724
v -0.203452 0.041935 0.177756
v -0.205974 0.042805 0.190332
v -0.197694 0.038058 0.146959
v -0.208698 0.035540 0.137987
v -0.217628 0.041251 0.133882
v -0.193215 0.037965 0.152729
v -0.218600 0.049365 0.440361
v -0.207137 0.061201 -0.047127
v -0.253035 0.051933 -0.354375
v -0.253637 0.053317 -0.379103
v -0.211250 0.051210 -0.325409
v -0.213240 0.050338 -0.241318
v -0.210703 0.049956 -0.119467
v -0.252739 0.062711 0.003365
v -0.209463 0.050409 -0.094807
v -0.207542 0.051726 -0.076656
v -0.194096 0.038652 0.189320
v -0.204010 0.041552 0.202662
v -0.204108 0.030830 0.125211
v -0.277297 0.046244 -0.428063
v -0.207996 0.051489 0.376812
v -0.211227 0.048274 0.343508
v -0.210124 0.050114 0.072906
v -0.271852 0.048110 -0.411385
v -0.209287 0.045034 0.255095
v -0.209221 0.044944 0.229681
v -0.216647 0.047682 0.296048
v -0.209349 0.052755 0.060706
v -0.195454 0.037465 0.215940
v -0.250723 0.038580 -0.473965
v -0.193571 0.034153 0.137777
v -0.262660 0.053787 -0.045943
v -0.211345 0.046284 0.321106
v -0.233881 0.037604 -0.472516
v -0.194645 0.036424 0.234725
v -0.196666 0.061753 -0.031383
v -0.232637 0.043421 0.460790
v -0.268744 0.045948 0.444242
v -0.261311 0.050415 -0.244903
v -0.278567 0.040265 -0.455008
v -0.214264 0.045764 0.109865
v -0.208222 0.043575 0.292310
v -0.262520 0.057299 -0.018113
v -0.202896 0.047093 -0.096968
v -0.268313 0.046165 0.120502
v -0.200368 0.046493 -0.408054
v -0.266861 0.037334 -0.471387
v -0.203862 0.046364 -0.121775
v -0.208320 0.047809 -0.237056
v -0.270299 0.047177 -0.139327
v -0.266354 0.049633 -0.088915
v -0.211180 0.037962 -0.454854
v 0.277998 0.050386 -0.179638
v -0.205903 0.047718 -0.309945
v -0.197523 0.048154 0.401052
v -0.270179 0.044011 0.186094
v -0.271782 0.043336 0.151962
v -0.202392 0.041008 -0.437464
v -0.269101 0.046106 0.217900
v -0.174758 0.052548 -0.019912
v -0.267157 0.048341 0.078292
v -0.194739 0.047112 0.056573
v 0.287027 0.045875 0.043204
v -0.193233 0.054233 0.039753
v 0.274992 0.051194 0.181605
v -0.264125 0.056670 0.000722
v -0.214336 0.042904 0.117822
v 0.262715 0.043213 -0.474457
v 0.290078 0.049697 -0.016807
v -0.191610 0.035342 0.246770
v 0.064409 0.035966 -0.019224
v -0.198398 0.046416 -0.079714
v 0.286145 0.050503 -0.076381
v -0.123312 0.032176 -0.021371
v -0.103202 0.030672 -0.019007
v -0.140438 0.033728 -0.026944
v -0.076221 0.029973 -0.020599
v 0.030804 0.036383 -0.020587
v -0.147599 0.034171 0.034523
v -0.285391 0.039909 -0.441439
v -0.261114 0.050471 0.360441
v -0.262559 0.051355 0.392022
v -0.198148 0.050543 -0.065213
v -0.195463 0.055346 -0.048075
v 0.281732 0.046743 0.125955
v -0.265262 0.048530 -0.390090
v -0.259833 0.048882 -0.373226
v -0.199671 0.046552 0.375782
v 0.282635 0.045569 0.102922
v -0.203583 0.045466 0.355169
v -0.203952 0.041871 0.323502
v -0.273528 0.044525 0.432503
v -0.269836 0.046652 0.411949
v -0.270062 0.047442 -0.065757
v -0.236920 0.032053 -0.482472
v 0.161992 0.028875 0.039432
v 0.249743 0.040418 0.477917
v 0.127191 0.029693 -0.023668
v -0.026144 0.031906 0.028405
v -0.171055 0.042626 0.038949
v -0.100766 0.025212 0.037439
v -0.193919 0.035487 0.256689
v -0.154064 0.036514 -0.032623
v -0.268827 0.045831 -0.240624
v -0.262559 0.047659 -0.308368
v -0.258784 0.048614 -0.339890
v -0.257988 0.048590 -0.359519
v 0.289934 0.049449 -0.063921
v -0.182746 0.046463 -0.050013
v -0.168870 0.041165 -0.040149
v 0.188130 0.037694 -0.414370
v 0.191234 0.039867 -0.401371
v 0.178257 0.029030 -0.049854
v 0.268520 0.050328 0.305129
v 0.270967 0.052843 0.252928
v -0.267628 0.051101 0.037427
v -0.203498 0.046400 -0.371769
v -0.214112 0.031475 -0.469652
v 0.108032 0.030960 -0.019583
v 0.198730 0.032173 0.460310
v -0.209402 0.035075 0.131461
v -0.268792 0.046201 0.259896
v -0.267392 0.045871 0.294092
v -0.260989 0.049130 0.322465
v -0.265118 0.045410 0.333215
v -0.284368 0.041497 -0.428732
v 0.251113 0.038907 -0.482479
v -0.196273 0.040821 -0.423837
v 0.277010 0.045181 0.459749
v 0.269615 0.050101 0.347686
v 0.268966 0.049353 0.327089
v 0.186851 0.030724 0.062010
v 0.140647 0.030158 0.029439
v 0.114941 0.029734 0.024874
v -0.071627 0.027188 0.034813
v 0.190233 0.032964 -0.061182
v 0.266057 0.040980 0.473588
v -0.197906 0.036088 0.295976
v -0.190866 0.033105 0.263288
v 0.189271 0.031146 0.440052
v -0.262393 0.032319 -0.479890
v 0.143943 0.024284 -0.033247
v 0.008744 0.032774 0.027454
v 0.187073 0.032528 0.123318
v 0.191065 0.032889 0.093769
v 0.189397 0.030751 0.075759
v 0.044376 0.032986 0.027200
v 0.205157 0.029942 0.472938
v 0.077516 0.029473 0.028804
v -0.036671 0.030710 -0.021893
v 0.196456 0.042549 -0.375970
v -0.250540 0.029326 -0.486625
v -0.226446 0.029034 -0.481591
v 0.184423 0.029538 0.421755
v 0.191123 0.030438 -0.077208
v 0.281325 0.047979 -0.443100
v -0.273941 0.041904 0.082962
v -0.198031 0.037282 0.325330
v 0.194270 0.035447 -0.162213
v 0.197283 0.034442 -0.112697
v -0.279118 0.037837 0.445026
v -0.203130 0.043571 -0.232414
v 0.193211 0.038840 -0.273117
v 0.192243 0.037636 -0.302507
v 0.194689 0.039487 -0.339228
v 0.220279 0.031738 0.481326
v 0.287255 0.046047 -0.089554
v -0.187850 0.029972 0.261026
v -0.195025 0.037250 0.351297
v -0.193713 0.041083 0.373965
v -0.058827 0.025912 0.036128
v -0.030372 0.025761 0.034980
v 0.273999 0.051855 0.206585
v 0.273081 0.041015 -0.470793
v -0.193551 0.028540 0.129317
v -0.198663 0.026504 0.117015
v 0.281247 0.048977 -0.201946
v 0.190859 0.027762 -0.454958
v -0.281930 0.041139 -0.416990
v 0.198313 0.024488 -0.472932
v -0.194578 0.038913 -0.109188
v -0.275495 0.032284 -0.471414
v 0.190747 0.033829 0.264746
v -0.191317 0.038412 -0.085168
v 0.190990 0.028679 -0.089611
v 0.236973 0.032504 0.485500
v 0.186002 0.030601 0.378868
v 0.190789 0.032933 0.339689
v 0.183776 0.028715 0.402047
v 0.210399 0.025356 -0.485858
v 0.190629 0.036190 -0.243876
v 0.182255 0.030804 -0.426628
v 0.183367 0.028564 -0.438670
v -0.276482 0.039389 0.132927
v -0.188746 0.039246 0.390970
v -0.277376 0.040974 -0.117810
v 0.290789 0.047087 0.002969
v -0.201005 0.031245 -0.453892
v -0.270313 0.046893 -0.047193
v -0.266253 0.053779 -0.019876
v -0.199032 0.041691 -0.318542
v -0.276926 0.040404 -0.171826
v 0.186391 0.032144 0.184022
v 0.190380 0.034566 0.208871
v 0.290962 0.046604 -0.049314
v -0.203924 0.039143 0.098521
v -0.195840 0.038438 0.074984
v -0.182992 0.032870 0.065593
v -0.272857 0.042641 0.233009
v -0.183974 0.039845 -0.065783
v -0.282245 0.036336 0.429093
v -0.164404 0.032821 -0.048397
v -0.144135 0.025323 0.043468
v -0.156644 0.031437 0.043806
v -0.177936 0.037957 0.053247
v -0.152104 0.030877 -0.038267
v -0.277728 0.036798 0.179814
v -0.267356 0.045707 0.382550
v -0.009818 0.024724 0.034982
v 0.038890 0.025463 0.033938
v -0.285920 0.032855 -0.457264
v -0.127039 0.021918 0.041439
v 0.179601 0.023118 0.065212
v 0.173018 0.022265 0.055868
v 0.157008 0.018258 0.045324
v 0.184538 0.024427 0.446271
v 0.189559 0.023622 0.460667
v -0.156689 0.026313 0.049459
v -0.218767 0.022975 -0.482932
v 0.163293 0.023072 -0.044066
v 0.173902 0.019062 -0.059149
v 0.219584 0.024943 0.487471
v 0.200810 0.018054 -0.484698
v -0.236807 0.022669 -0.491201
v 0.203665 0.015150 0.487357
v 0.189910 0.014204 0.474896
v -0.210069 0.024516 -0.473795
v -0.172313 0.026164 0.061113
v 0.195109 0.013150 0.481602
v 0.231491 0.002458 -0.500337
v 0.244440 -0.002908 -0.498898
v 0.234593 -0.016911 -0.499009
v 0.217921 -0.012815 -0.499294
v 0.217456 0.000754 -0.499544
v 0.250641 -0.013876 -0.496578
v 0.244054 0.012540 -0.497054
v 0.233350 0.020308 -0.496275
v 0.253709 0.014777 -0.493845
v 0.259996 -0.000495 -0.493488
v 0.218655 0.015257 -0.496430
v 0.247500 0.030324 -0.490184
v 0.261084 0.033397 -0.483962
v 0.265577 0.016436 -0.487688
v 0.235200 0.030719 -0.490418
v 0.269107 -0.002366 -0.488098
v 0.266518 -0.015867 -0.488271
v 0.274066 0.020507 -0.480246
v 0.274848 0.032625 -0.474505
v 0.276292 -0.001822 -0.481804
v 0.273081 0.041015 -0.470793
v 0.251113 0.038907 -0.482479
v 0.275676 -0.015158 -0.480733
v 0.256978 -0.024325 -0.489836
v 0.246534 -0.028115 -0.492116
v 0.262715 0.043213 -0.474457
v 0.282357 0.012534 -0.471740
v 0.221996 0.025860 -0.491649
v 0.209382 0.005728 -0.496426
v 0.204987 -0.011665 -0.496332
v 0.218904 -0.025422 -0.495183
v 0.232573 -0.028869 -0.493919
v 0.266366 -0.027341 -0.482193
v 0.197811 -0.000822 -0.492456
v 0.208815 0.016776 -0.491870
v 0.208217 -0.025205 -0.491991
v 0.237474 0.038326 -0.482745
v 0.197442 -0.013298 -0.492237
v 0.220363 0.031919 -0.485524
v 0.210399 0.025356 -0.485858
v 0.249211 -0.036350 -0.484470
v 0.233813 -0.038746 -0.485748
v 0.218788 -0.037504 -0.485567
v 0.209558 -0.034338 -0.485080
v 0.278302 -0.025802 -0.470529
v 0.192349 0.006005 -0.485150
v 0.188384 -0.003209 -0.484868
v 0.186670 -0.009940 -0.483814
v 0.199182 -0.027723 -0.484881
v 0.200810 0.018054 -0.484698
v 0.191853 -0.021244 -0.483109
vt 0.119698 0.993482
vt 0.118979 0.977539
vt 0.119698 0.968175
vt 0.929541 0.525809
vt 0.924454 0.524087
vt 0.918032 0.529054
vt 0.917628 0.546039
vt 0.927068 0.541886
vt 0.920900 0.558393
vt 0.930082 0.563198
vt 0.934745 0.552507
vt 0.932884 0.505281
vt 0.927336 0.504935
vt 0.937177 0.486919
vt 0.931300 0.483866
vt 0.942252 0.468368
vt 0.934010 0.465629
vt 0.945646 0.447553
vt 0.948453 0.480829
vt 0.944862 0.500137
vt 0.939639 0.531464
vt 0.953554 0.451853
vt 0.945786 0.414257
vt 0.956545 0.426438
vt 0.941655 0.568037
vt 0.966333 0.528032
vt 0.974066 0.510599
vt 0.976064 0.485222
vt 0.959558 0.464614
vt 0.966499 0.444166
vt 0.978231 0.465774
vt 0.950961 0.536659
vt 0.973833 0.548403
vt 0.980335 0.534112
vt 0.980907 0.504175
vt 0.958395 0.558887
vt 0.962361 0.571429
vt 0.984313 0.445837
vt 0.967786 0.422704
vt 0.944348 0.580125
vt 0.954205 0.404464
vt 0.945615 0.389151
vt 0.954448 0.385218
vt 0.946746 0.347886
vt 0.955160 0.344802
vt 0.947919 0.308676
vt 0.956232 0.312474
vt 0.956715 0.286897
vt 0.980862 0.557691
vt 0.948217 0.292053
vt 0.948635 0.275610
vt 0.972671 0.582503
vt 0.983195 0.544827
vt 0.963392 0.393405
vt 0.984354 0.469837
vt 0.983563 0.484400
vt 0.980383 0.580366
vt 0.983684 0.413459
vt 0.967923 0.371990
vt 0.987194 0.388593
vt 0.964762 0.340298
vt 0.966607 0.298982
vt 0.964094 0.269502
vt 0.980918 0.592705
vt 0.987030 0.360699
vt 0.979501 0.346814
vt 0.982384 0.324246
vt 0.952392 0.592522
vt 0.977029 0.600483
vt 0.930671 0.578868
vt 0.965037 0.603568
vt 0.978460 0.617234
vt 0.992406 0.351237
vt 0.959829 0.619449
vt 0.963380 0.635215
vt 0.977088 0.631256
vt 0.970944 0.643095
vt 0.979639 0.644151
vt 0.975942 0.659576
vt 0.983250 0.667062
vt 0.957406 0.647557
vt 0.962084 0.664152
vt 0.977301 0.684183
vt 0.980101 0.677201
vt 0.983009 0.703338
vt 0.965274 0.689199
vt 0.962900 0.674336
vt 0.961523 0.699933
vt 0.945758 0.699969
vt 0.956545 0.713340
vt 0.945361 0.718693
vt 0.953004 0.734576
vt 0.938832 0.740181
vt 0.940791 0.753276
vt 0.934733 0.769655
vt 0.939200 0.724881
vt 0.939541 0.697570
vt 0.940734 0.775871
vt 0.935598 0.805489
vt 0.941282 0.807901
vt 0.933934 0.825542
vt 0.967203 0.714100
vt 0.940684 0.821924
vt 0.942023 0.830560
vt 0.951157 0.679730
vt 0.983019 0.711802
vt 0.941648 0.846379
vt 0.944212 0.847740
vt 0.931084 0.735823
vt 0.935045 0.846414
vt 0.945322 0.799847
vt 0.975115 0.733827
vt 0.981651 0.733335
vt 0.960116 0.737389
vt 0.978471 0.755595
vt 0.964598 0.755202
vt 0.952661 0.751860
vt 0.969348 0.776458
vt 0.984973 0.769860
vt 0.978272 0.797590
vt 0.990664 0.791359
vt 0.992953 0.826029
vt 0.977962 0.826676
vt 0.960102 0.805164
vt 0.957063 0.830563
vt 0.957881 0.778837
vt 0.988667 0.757373
vt 0.985648 0.734130
vt 0.979727 0.840439
vt 0.994764 0.835664
vt 0.990062 0.846521
vt 0.994649 0.804089
vt 0.989863 0.772056
vt 0.954437 0.813806
vt 0.958060 0.841553
vt 0.975816 0.846931
vt 0.986937 0.712089
vt 0.945101 0.869094
vt 0.953303 0.860937
vt 0.984134 0.601624
vt 0.953826 0.873122
vt 0.954142 0.888749
vt 0.972465 0.884598
vt 0.943828 0.879216
vt 0.959585 0.894141
vt 0.984801 0.891836
vt 0.989387 0.882706
vt 0.987727 0.872340
vt 0.976364 0.873828
vt 0.959411 0.251029
vt 0.956923 0.250981
vt 0.972130 0.222266
vt 0.957600 0.221690
vt 0.987720 0.210908
vt 0.958642 0.209208
vt 0.962293 0.200895
vt 0.949697 0.210031
vt 0.993643 0.221828
vt 0.949433 0.222771
vt 0.990683 0.202526
vt 0.995628 0.846512
vt 0.985418 0.293734
vt 0.976335 0.255158
vt 0.984233 0.269068
vt 0.994295 0.254855
vt 0.964408 0.857904
vt 0.949275 0.200671
vt 0.977133 0.242517
vt 0.994525 0.240911
vt 0.994480 0.384713
vt 0.993558 0.403843
vt 0.991985 0.427442
vt 0.993970 0.212833
vt 0.991112 0.275140
vt 0.992233 0.869321
vt 0.989106 0.310693
vt 0.987228 0.698849
vt 0.984726 0.639639
vt 0.930561 0.745291
vt 0.952850 0.612116
vt 0.945592 0.892932
vt 0.989239 0.738173
vt 0.990516 0.723896
vt 0.988724 0.446661
vt 0.987777 0.464316
vt 0.983594 0.191851
vt 0.993223 0.774658
vt 0.983156 0.896908
vt 0.948678 0.249781
vt 0.952763 0.634111
vt 0.949506 0.659332
vt 0.931063 0.718706
vt 0.958662 0.192179
vt 0.940136 0.589824
vt 0.983589 0.627449
vt 0.984152 0.612370
vt 0.984348 0.652686
vt 0.940244 0.674435
vt 0.986631 0.541166
vt 0.986889 0.592629
vt 0.930382 0.815330
vt 0.931926 0.801973
vt 0.929702 0.769104
vt 0.964459 0.904524
vt 0.950544 0.189443
vt 0.988297 0.556440
vt 0.953574 0.903991
vt 0.985210 0.581249
vt 0.933791 0.862087
vt 0.943204 0.440199
vt 0.933822 0.458342
vt 0.917690 0.567708
vt 0.995439 0.292551
vt 0.970619 0.183479
vt 0.930447 0.701660
vt 0.988778 0.681609
vt 0.996401 0.349210
vt 0.920653 0.510864
vt 0.946533 0.603815
vt 0.996035 0.276917
vt 0.995974 0.309259
vt 0.933011 0.660409
vt 0.930674 0.686265
vt 0.947241 0.647460
vt 0.959117 0.179981
vt 0.986948 0.510193
vt 0.987479 0.487823
vt 0.945499 0.903952
vt 0.999259 0.244940
vt 0.931602 0.639985
vt 0.929437 0.590276
vt 0.991757 0.191094
vt 0.943678 0.638444
vt 0.925395 0.628540
vt 0.940028 0.351647
vt 0.922463 0.489298
vt 0.939525 0.627214
vt 0.935991 0.880966
vt 0.928498 0.829414
vt 0.910778 0.534606
vt 0.909356 0.554486
vt 0.919325 0.578281
vt 0.941015 0.618612
vt 0.926309 0.614538
vt 0.940097 0.390321
vt 0.939464 0.415390
vt 0.935701 0.441570
vt 0.924790 0.711683
vt 0.923460 0.734409
vt 0.943258 0.209837
vt 0.937574 0.610067
vt 0.983500 0.180172
vt 0.979585 0.907618
vt 0.951215 0.173901
vt 0.925103 0.678701
vt 0.920678 0.650747
vt 0.922982 0.637195
vt 0.940427 0.189113
vt 0.943356 0.221440
vt 0.935791 0.894545
vt 0.926502 0.602007
vt 0.920551 0.706107
vt 0.939042 0.312903
vt 0.938480 0.199720
vt 0.989185 0.662529
vt 0.923193 0.820187
vt 0.969510 0.173035
vt 0.943649 0.181251
vt 0.936696 0.904918
vt 0.940444 0.293809
vt 0.913854 0.509129
vt 0.925743 0.801167
vt 0.954218 0.913727
vt 0.924591 0.765773
vt 0.925609 0.462408
vt 0.919016 0.587570
vt 0.995822 0.875291
vt 0.936003 0.352814
vt 0.934895 0.390694
vt 0.934477 0.413291
vt 0.907891 0.567424
vt 0.999641 0.832003
vt 0.999313 0.804515
vt 0.991187 0.895445
vt 0.988270 0.602590
vt 0.923777 0.746388
vt 0.919150 0.619058
vt 0.915407 0.614548
vt 0.932746 0.439121
vt 0.941669 0.271880
vt 0.999641 0.224012
vt 0.919363 0.678113
vt 0.944461 0.913105
vt 0.997527 0.202935
vt 0.989086 0.642123
vt 0.985963 0.905113
vt 0.993542 0.748158
vt 0.962267 0.166794
vt 0.937736 0.209728
vt 0.999096 0.213283
vt 0.954298 0.167036
vt 0.917145 0.719962
vt 0.943222 0.251672
vt 0.904026 0.541677
vt 0.992640 0.707849
vt 0.908584 0.526038
vt 0.993608 0.736446
vt 0.916124 0.637354
vt 0.913954 0.627741
vt 0.925673 0.863472
vt 0.987746 0.625008
vt 0.914503 0.600790
vt 0.909272 0.577993
vt 0.929713 0.891341
vt 0.920509 0.734649
vt 0.936857 0.223265
vt 0.918446 0.478068
vt 0.915518 0.688150
vt 0.913127 0.669268
vt 0.911393 0.647860
vt 0.939311 0.175584
vt 0.466873 0.224274
vt 0.475049 0.218568
vt 0.474279 0.243994
vt 0.465910 0.247559
vt 0.465295 0.271555
vt 0.475528 0.266392
vt 0.473249 0.303019
vt 0.462785 0.305780
vt 0.466049 0.192094
vt 0.463096 0.318635
vt 0.474900 0.318107
vt 0.474872 0.182991
vt 0.467047 0.167170
vt 0.462152 0.216186
vt 0.473862 0.154609
vt 0.467267 0.150040
vt 0.483990 0.236451
vt 0.483093 0.259011
vt 0.482895 0.208671
vt 0.475292 0.333268
vt 0.463569 0.337320
vt 0.457835 0.278030
vt 0.458334 0.163969
vt 0.455302 0.191766
vt 0.460481 0.144351
vt 0.455919 0.248292
vt 0.466707 0.127275
vt 0.452108 0.303665
vt 0.447783 0.321020
vt 0.458625 0.121989
vt 0.467554 0.110916
vt 0.459752 0.107074
vt 0.460406 0.091699
vt 0.468493 0.089864
vt 0.454187 0.220416
vt 0.458989 0.075041
vt 0.468533 0.074002
vt 0.452420 0.096556
vt 0.452371 0.085541
vt 0.452421 0.111114
vt 0.449913 0.275238
vt 0.442851 0.337412
vt 0.448592 0.074398
vt 0.453703 0.146498
vt 0.444704 0.096872
vt 0.439630 0.085866
vt 0.451662 0.125831
vt 0.450563 0.161220
vt 0.448968 0.231296
vt 0.433082 0.081713
vt 0.448207 0.203046
vt 0.439687 0.358938
vt 0.463282 0.365145
vt 0.430067 0.380771
vt 0.464787 0.379105
vt 0.424966 0.392758
vt 0.462832 0.392106
vt 0.439693 0.405251
vt 0.420004 0.406169
vt 0.397757 0.392469
vt 0.393611 0.404303
vt 0.476394 0.377736
vt 0.483391 0.390406
vt 0.375485 0.393154
vt 0.338578 0.407930
vt 0.485656 0.378078
vt 0.294882 0.394490
vt 0.258321 0.409548
vt 0.266827 0.420463
vt 0.219867 0.422560
vt 0.218048 0.410575
vt 0.152745 0.410168
vt 0.153536 0.420361
vt 0.334630 0.421000
vt 0.367363 0.418131
vt 0.103885 0.410871
vt 0.473849 0.131204
vt 0.112303 0.422012
vt 0.080018 0.423341
vt 0.053501 0.412168
vt 0.043813 0.421911
vt 0.041368 0.411941
vt 0.159738 0.400149
vt 0.222519 0.400256
vt 0.251672 0.394824
vt 0.117358 0.397406
vt 0.092296 0.399939
vt 0.050724 0.402368
vt 0.481421 0.401503
vt 0.461974 0.403123
vt 0.473965 0.111246
vt 0.474003 0.090308
vt 0.039604 0.397851
vt 0.396397 0.416534
vt 0.407542 0.377850
vt 0.390356 0.379996
vt 0.499521 0.389755
vt 0.496447 0.400520
vt 0.069848 0.405283
vt 0.482374 0.294734
vt 0.482704 0.310185
vt 0.484535 0.329182
vt 0.476692 0.074221
vt 0.029174 0.412131
vt 0.029135 0.422140
vt 0.341606 0.386038
vt 0.061539 0.399653
vt 0.147465 0.395502
vt 0.463887 0.350889
vt 0.475186 0.349737
vt 0.052858 0.433116
vt 0.052064 0.389406
vt 0.084428 0.387201
vt 0.486202 0.365903
vt 0.482774 0.180478
vt 0.484973 0.342669
vt 0.498218 0.376369
vt 0.422386 0.367233
vt 0.422154 0.418476
vt 0.468930 0.051612
vt 0.459783 0.061996
vt 0.486109 0.066809
vt 0.478669 0.048239
vt 0.470785 0.037338
vt 0.459132 0.037949
vt 0.468391 0.027546
vt 0.460028 0.027374
vt 0.452590 0.037292
vt 0.451734 0.027472
vt 0.469014 0.020665
vt 0.460046 0.020389
vt 0.441321 0.035707
vt 0.480138 0.027844
vt 0.460080 0.050404
vt 0.452462 0.046718
vt 0.443346 0.026644
vt 0.442879 0.046080
vt 0.488945 0.041355
vt 0.492593 0.055941
vt 0.452215 0.019920
vt 0.493657 0.036476
vt 0.505682 0.043282
vt 0.511243 0.052723
vt 0.498198 0.061597
vt 0.512452 0.060605
vt 0.522355 0.046159
vt 0.526358 0.052474
vt 0.523796 0.058343
vt 0.542846 0.048285
vt 0.536919 0.041036
vt 0.520001 0.036793
vt 0.550300 0.041648
vt 0.509199 0.034341
vt 0.536905 0.054736
vt 0.556781 0.055935
vt 0.567103 0.054552
vt 0.565608 0.048447
vt 0.580202 0.054232
vt 0.581582 0.048536
vt 0.591911 0.054825
vt 0.601837 0.048469
vt 0.610712 0.054708
vt 0.636501 0.049842
vt 0.645226 0.055651
vt 0.668104 0.055333
vt 0.667494 0.049075
vt 0.680944 0.048901
vt 0.682895 0.055871
vt 0.693526 0.055149
vt 0.687952 0.048750
vt 0.702002 0.048790
vt 0.690825 0.042679
vt 0.698104 0.042384
vt 0.704174 0.042700
vt 0.704025 0.054816
vt 0.562434 0.041956
vt 0.577288 0.042276
vt 0.594917 0.042212
vt 0.657118 0.062772
vt 0.646234 0.061306
vt 0.630754 0.062079
vt 0.709974 0.049229
vt 0.521061 0.028218
vt 0.495893 0.027294
vt 0.616436 0.045487
vt 0.609440 0.060688
vt 0.586869 0.059439
vt 0.509367 0.027256
vt 0.674462 0.042616
vt 0.711235 0.057432
vt 0.610264 0.040855
vt 0.541709 0.036660
vt 0.532625 0.028640
vt 0.710513 0.040992
vt 0.667467 0.062215
vt 0.678869 0.059639
vt 0.691589 0.060522
vt 0.480392 0.020258
vt 0.482868 0.083685
vt 0.478084 0.097329
vt 0.434341 0.037475
vt 0.426383 0.042081
vt 0.426311 0.036613
vt 0.414096 0.036370
vt 0.413722 0.045812
vt 0.409315 0.042981
vt 0.399544 0.041324
vt 0.400708 0.035163
vt 0.384621 0.034041
vt 0.380479 0.039022
vt 0.374389 0.031791
vt 0.371781 0.039909
vt 0.361986 0.032568
vt 0.348434 0.035699
vt 0.349537 0.030460
vt 0.336867 0.035884
vt 0.339901 0.028234
vt 0.323101 0.034154
vt 0.327095 0.029194
vt 0.312841 0.029164
vt 0.306116 0.032076
vt 0.313360 0.037576
vt 0.293408 0.031446
vt 0.289015 0.023331
vt 0.275521 0.028961
vt 0.275235 0.022848
vt 0.273676 0.034218
vt 0.263347 0.028299
vt 0.259747 0.032853
vt 0.250612 0.027489
vt 0.245727 0.032008
vt 0.247979 0.021167
vt 0.239202 0.026959
vt 0.398820 0.047034
vt 0.288830 0.037935
vt 0.300993 0.024898
vt 0.236233 0.032725
vt 0.351804 0.024739
vt 0.335050 0.040915
vt 0.427695 0.048271
vt 0.237024 0.019636
vt 0.356238 0.043295
vt 0.372407 0.044235
vt 0.424599 0.030278
vt 0.429719 0.028886
vt 0.266313 0.016652
vt 0.280607 0.016217
vt 0.229942 0.031763
vt 0.230305 0.025767
vt 0.311623 0.043093
vt 0.040618 0.433684
vt 0.515228 0.404207
vt 0.263361 0.036360
vt 0.659141 0.044425
vt 0.480656 0.150572
vt 0.318781 0.026016
vt 0.643269 0.045545
vt 0.252262 0.014995
vt 0.388174 0.029152
vt 0.402385 0.029353
vt 0.278319 0.040449
vt 0.578548 0.061754
vt 0.360227 0.428705
vt 0.488218 0.264754
vt 0.704084 0.059957
vt 0.563135 0.061588
vt 0.328999 0.045464
vt 0.349503 0.047531
vt 0.450902 0.064981
vt 0.438521 0.053637
vt 0.427049 0.053798
vt 0.496504 0.072122
vt 0.644875 0.066093
vt 0.559895 0.034816
vt 0.542730 0.029025
vt 0.541217 0.061148
vt 0.417758 0.028390
vt 0.408865 0.029925
vt 0.228301 0.433051
vt 0.269713 0.433606
vt 0.466231 0.414992
vt 0.319948 0.434117
vt 0.245303 0.013810
vt 0.489864 0.411124
vt 0.702539 0.036703
vt 0.371631 0.024321
vt 0.222457 0.392880
vt 0.415472 0.054991
vt 0.397970 0.053409
vt 0.372036 0.049570
vt 0.382269 0.051450
vt 0.298337 0.018883
vt 0.574505 0.034967
vt 0.592167 0.030501
vt 0.522771 0.388502
vt 0.535911 0.402088
vt 0.531074 0.413388
vt 0.547589 0.419018
vt 0.558804 0.404722
vt 0.568358 0.417930
vt 0.577589 0.404395
vt 0.610543 0.417713
vt 0.617127 0.404668
vt 0.646901 0.405078
vt 0.649681 0.416205
vt 0.695024 0.402603
vt 0.710483 0.412353
vt 0.749785 0.411040
vt 0.750154 0.400775
vt 0.770050 0.411685
vt 0.620274 0.429676
vt 0.769840 0.400085
vt 0.654411 0.427039
vt 0.741518 0.391690
vt 0.769691 0.390651
vt 0.594192 0.430127
vt 0.699912 0.392041
vt 0.560920 0.387994
vt 0.549796 0.389519
vt 0.532993 0.388385
vt 0.652577 0.394451
vt 0.580683 0.395192
vt 0.548484 0.431068
vt 0.537570 0.420881
vt 0.614274 0.395329
vt 0.798105 0.407627
vt 0.797321 0.399669
vt 0.820080 0.398653
vt 0.817335 0.408936
vt 0.830348 0.408542
vt 0.838198 0.398188
vt 0.850761 0.410346
vt 0.864688 0.400497
vt 0.868745 0.412412
vt 0.857069 0.388611
vt 0.835775 0.388112
vt 0.853374 0.420984
vt 0.801109 0.392994
vt 0.822964 0.387552
vt 0.870115 0.390602
vt 0.881109 0.399734
vt 0.879380 0.411728
vt 0.869483 0.421234
vt 0.718568 0.423583
vt 0.750664 0.422561
vt 0.826536 0.422154
vt 0.805202 0.416686
vt 0.513862 0.415725
vt 0.450679 0.415669
vt 0.066911 0.375059
vt 0.492313 0.247074
vt 0.491779 0.222246
vt 0.716767 0.049335
vt 0.717226 0.057304
vt 0.158086 0.432376
vt 0.286269 0.011059
vt 0.479045 0.119268
vt 0.481222 0.106957
vt 0.621441 0.040551
vt 0.489552 0.202822
vt 0.245402 0.036968
vt 0.709571 0.383455
vt 0.762537 0.384980
vt 0.499194 0.020525
vt 0.526144 0.424088
vt 0.275857 0.010582
vt 0.261388 0.010155
vt 0.230329 0.017983
vt 0.769255 0.423801
vt 0.293421 0.046520
vt 0.640274 0.439520
vt 0.680689 0.436050
vt 0.311629 0.023149
vt 0.480373 0.415070
vt 0.624469 0.068113
vt 0.340152 0.022603
vt 0.345428 0.017884
vt 0.844208 0.430728
vt 0.583458 0.383675
vt 0.650931 0.382473
vt 0.613201 0.386560
vt 0.881096 0.425330
vt 0.298938 0.382816
vt 0.329694 0.025521
vt 0.782316 0.423745
vt 0.613002 0.440082
vt 0.083107 0.434500
vt 0.102237 0.384202
vt 0.026816 0.432863
vt 0.395767 0.367586
vt 0.102901 0.434156
vt 0.051385 0.377012
vt 0.120246 0.433917
vt 0.889579 0.410679
vt 0.892079 0.420701
vt 0.574634 0.026652
vt 0.780413 0.380816
vt 0.439089 0.065911
vt 0.235125 0.039416
vt 0.602854 0.068005
vt 0.869859 0.432895
vt 0.856724 0.431945
vt 0.345607 0.375860
vt 0.236823 0.010258
vt 0.514029 0.068905
vt 0.511309 0.020664
vt 0.374457 0.370156
vt 0.717806 0.041536
vt 0.485348 0.096731
vt 0.604199 0.026863
vt 0.028186 0.398109
vt 0.585690 0.437436
vt 0.655380 0.068822
vt 0.523271 0.374749
vt 0.496034 0.363954
vt 0.561374 0.025497
vt 0.552358 0.027754
vt 0.691989 0.034813
vt 0.535729 0.376756
vt 0.039682 0.378541
vt 0.880695 0.385923
vt 0.228829 0.037245
vt 0.489723 0.302145
vt 0.491733 0.314856
vt 0.493958 0.327182
vt 0.495112 0.333088
vt 0.395231 0.430021
vt 0.413681 0.422506
vt 0.490846 0.088047
vt 0.530924 0.066648
vt 0.424979 0.350076
vt 0.413277 0.356978
vt 0.555684 0.378291
vt 0.095297 0.375813
vt 0.442349 0.019260
vt 0.735883 0.434771
vt 0.515330 0.019415
vt 0.366038 0.056824
vt 0.344591 0.053613
vt 0.247264 0.007101
vt 0.315070 0.049364
vt 0.265032 0.042141
vt 0.711102 0.064578
vt 0.873145 0.375860
vt 0.846571 0.378210
vt 0.249007 0.042083
vt 0.711594 0.032131
vt 0.757406 0.376083
vt 0.892014 0.399454
vt 0.156609 0.385031
vt 0.222630 0.381111
vt 0.256416 0.372828
vt 0.433360 0.065123
vt 0.422119 0.062245
vt 0.616197 0.024822
vt 0.588844 0.023644
vt 0.511398 0.375128
vt 0.497080 0.080143
vt 0.504466 0.075241
vt 0.494220 0.343689
vt 0.759926 0.437264
vt 0.533675 0.430393
vt 0.051805 0.445611
vt 0.038181 0.449003
vt 0.279964 0.047043
vt 0.356969 0.440611
vt 0.628856 0.032904
vt 0.644325 0.021243
vt 0.641152 0.041612
vt 0.644733 0.029688
vt 0.659103 0.029119
vt 0.337643 0.013062
vt 0.329998 0.018101
vt 0.331092 0.012224
vt 0.321697 0.017980
vt 0.321992 0.010532
vt 0.312117 0.016498
vt 0.306795 0.009108
vt 0.299287 0.010675
vt 0.863078 0.370827
vt 0.543304 0.022315
vt 0.813628 0.380788
vt 0.718457 0.031949
vt 0.805468 0.422935
vt 0.420364 0.427316
vt 0.579515 0.067852
vt 0.564925 0.068007
vt 0.501097 0.350815
vt 0.410339 0.062995
vt 0.717565 0.063021
vt 0.657686 0.017265
vt 0.672046 0.017927
vt 0.668816 0.027430
vt 0.828232 0.378818
vt 0.382616 0.023171
vt 0.396661 0.026346
vt 0.668632 0.068826
vt 0.674936 0.065699
vt 0.684315 0.063793
vt 0.469328 0.015069
vt 0.459750 0.015540
vt 0.494333 0.266468
vt 0.700347 0.030997
vt 0.401651 0.059897
vt 0.381441 0.060981
vt 0.216974 0.373269
vt 0.437534 0.097753
vt 0.443827 0.107945
vt 0.642916 0.017730
vt 0.607015 0.377011
vt 0.893896 0.385758
vt 0.332863 0.007934
vt 0.434371 0.330129
vt 0.275017 0.443762
vt 0.205473 0.445001
vt 0.445049 0.303902
vt 0.630006 0.017850
vt 0.307648 0.369627
vt 0.696949 0.366181
vt 0.627242 0.072369
vt 0.690178 0.018582
vt 0.303905 0.053109
vt 0.704456 0.066786
vt 0.426291 0.022418
vt 0.644502 0.073642
vt 0.531023 0.022628
vt 0.222328 0.024684
vt 0.704869 0.028678
vt 0.114967 0.375096
vt 0.156730 0.373174
vt 0.769845 0.438966
vt 0.491242 0.182080
vt 0.487229 0.164979
vt 0.257089 0.002381
vt 0.649811 0.365601
vt 0.024421 0.447700
vt 0.223278 0.016603
vt 0.284713 0.004680
vt 0.436429 0.313813
vt 0.230324 0.007731
vt 0.391830 0.359040
vt 0.226776 0.043141
vt 0.322942 0.055073
vt 0.221602 0.032505
vt 0.220991 0.037670
vt 0.426487 0.076977
vt 0.422829 0.072642
vt 0.510330 0.424068
vt 0.320177 0.006555
vt 0.349083 0.444570
vt 0.446166 0.118981
vt 0.340644 0.010277
vt 0.659440 0.072848
vt 0.577458 0.018629
vt 0.415044 0.070275
vt 0.370487 0.019306
vt 0.350025 0.014058
vt 0.663694 0.447444
vt 0.588995 0.445499
vt 0.549202 0.440581
vt 0.238766 0.047502
vt 0.785655 0.437815
vt 0.015108 0.411153
vt 0.014222 0.423350
vt 0.482065 0.117122
vt 0.485665 0.126649
vt 0.488342 0.146835
vt 0.152624 0.446386
vt 0.349675 0.363209
vt 0.603085 0.018527
vt 0.239142 0.001850
vt 0.495113 0.201997
vt 0.410308 0.023742
vt 0.701990 0.445047
vt 0.297162 0.004746
vt 0.421110 0.337875
vt 0.762769 0.362552
vt 0.814493 0.436510
vt 0.885634 0.371332
vt 0.232400 0.046839
vt 0.583536 0.365666
vt 0.613226 0.364827
vt 0.563892 0.366581
vt 0.548751 0.370154
vt 0.536459 0.361755
vt 0.719142 0.069324
vt 0.346516 0.059775
vt 0.351711 0.064850
vt 0.544794 0.069026
vt 0.451310 0.012734
vt 0.905481 0.411253
vt 0.850272 0.445415
vt 0.837605 0.446485
vt 0.270611 0.051026
vt 0.617608 0.447951
vt 0.367739 0.062988
vt 0.379760 0.068040
vt 0.024650 0.386274
vt 0.905124 0.401069
vt 0.904875 0.388271
vt 0.860131 0.447558
vt 0.884326 0.443003
vt 0.643738 0.448012
vt 0.418918 0.020337
vt 0.401050 0.067467
vt 0.316970 0.058724
vt 0.249334 0.050676
vt 0.405589 0.347409
vt 0.898272 0.430766
vt 0.426538 0.323216
vt 0.282435 0.054195
vt 0.296198 0.057140
vt 0.686111 0.073831
vt 0.737540 0.441411
vt 0.497765 0.091417
vt 0.504374 0.084902
vt 0.494212 0.096985
vt 0.490053 0.105597
vt 0.851165 0.359158
vt 0.514714 0.078461
vt 0.523369 0.074197
vt 0.403724 0.022863
vt 0.015854 0.397646
vt 0.380182 0.354454
vt 0.789127 0.361733
vt 0.562040 0.018018
vt 0.678862 0.038127
vt 0.705074 0.074158
vt 0.067578 0.367068
vt 0.257794 0.053003
vt 0.268370 0.055543
vt 0.480988 0.014441
vt 0.905411 0.421285
vt 0.523564 0.357500
vt 0.894247 0.438749
vt 0.676082 0.076714
vt 0.668806 0.078456
vt 0.872480 0.449003
vt 0.010627 0.435208
vt 0.712680 0.079164
vt 0.493632 0.014951
vt 0.698904 0.017980
vt 0.443914 0.013930
vt 0.498844 0.223175
vt 0.606215 0.074763
vt 0.875311 0.360216
vt 0.712214 0.025901
vt 0.327848 0.062990
vt 0.511270 0.332892
vt 0.705360 0.018495
vt 0.527379 0.017890
vt 0.442030 0.280804
vt 0.427518 0.084802
vt 0.429588 0.092496
vt 0.531314 0.072866
vt 0.308053 0.060399
vt 0.339558 0.064164
vt 0.420043 0.079400
vt 0.427839 0.017089
vt 0.241348 0.057329
vt 0.391835 0.347104
vt 0.412843 0.337480
vt 0.444823 0.134671
vt 0.219619 0.043997
vt 0.436981 0.303599
vt 0.402714 0.073031
vt 0.671141 0.015616
vt 0.225368 0.048867
vt 0.260674 0.059590
vt 0.442557 0.187256
vt 0.460293 0.010295
vt 0.440904 0.242003
vt 0.518222 0.348203
vt 0.537232 0.347134
vt 0.712474 0.019140
vt 0.223742 0.006513
vt 0.230247 0.054806
vt 0.544285 0.016721
vt 0.720225 0.023911
vt 0.898654 0.371161
vt 0.444398 0.160512
vt 0.229561 0.000383
vt 0.415710 0.321744
vt 0.009158 0.446948
vt 0.000359 0.422703
vt 0.002407 0.410350
vt 0.006025 0.395725
vt 0.011306 0.383601
vt 0.914693 0.391695
vt 0.916880 0.401443
vt 0.917127 0.411570
vt 0.422528 0.086746
vt 0.912893 0.433590
vt 0.913413 0.380482
vt 0.907283 0.441832
vt 0.920160 0.421921
vt 0.928540 0.401216
vt 0.926608 0.389198
vt 0.929907 0.410530
vt 0.229144 0.151816
vt 0.226212 0.163290
vt 0.186934 0.153162
vt 0.251993 0.151459
vt 0.254338 0.161412
vt 0.187312 0.164400
vt 0.276748 0.163313
vt 0.277734 0.150463
vt 0.165178 0.165717
vt 0.155803 0.153964
vt 0.142231 0.164715
vt 0.118297 0.155879
vt 0.094549 0.167504
vt 0.277280 0.171819
vt 0.248517 0.172830
vt 0.084335 0.156586
vt 0.080281 0.170352
vt 0.119178 0.144541
vt 0.085042 0.144506
vt 0.287221 0.161726
vt 0.289245 0.172848
vt 0.287526 0.150514
vt 0.154378 0.143211
vt 0.067040 0.143500
vt 0.067826 0.157086
vt 0.185872 0.141612
vt 0.212301 0.141880
vt 0.252355 0.141344
vt 0.305057 0.153703
vt 0.300853 0.168513
vt 0.309543 0.160421
vt 0.318505 0.149495
vt 0.309604 0.141501
vt 0.320707 0.158877
vt 0.319896 0.139067
vt 0.309096 0.172108
vt 0.069689 0.168745
vt 0.319471 0.165092
vt 0.274857 0.140070
vt 0.285571 0.141100
vt 0.329562 0.148539
vt 0.329459 0.139434
vt 0.209105 0.174693
vt 0.170763 0.175058
vt 0.125164 0.178753
vt 0.095487 0.177526
vt 0.276804 0.178080
vt 0.302528 0.178330
vt 0.292609 0.180479
vt 0.069716 0.180056
vt 0.331263 0.159242
vt 0.128100 0.140339
vt 0.061210 0.170692
vt 0.106438 0.134432
vt 0.136289 0.132743
vt 0.086285 0.134460
vt 0.312232 0.129700
vt 0.066510 0.133744
vt 0.244949 0.179985
vt 0.202708 0.181107
vt 0.169576 0.184905
vt 0.084039 0.182724
vt 0.340737 0.151466
vt 0.305918 0.130622
vt 0.253431 0.135456
vt 0.205232 0.131504
vt 0.340141 0.139343
vt 0.286718 0.131430
vt 0.321534 0.128505
vt 0.053576 0.156551
vt 0.053213 0.145227
vt 0.331226 0.165981
vt 0.272252 0.128643
vt 0.330296 0.129429
vt 0.321151 0.173544
vt 0.275707 0.184371
vt 0.061076 0.184822
vt 0.251782 0.129179
vt 0.056402 0.134946
vt 0.083800 0.189894
vt 0.066964 0.190373
vt 0.235481 0.185961
vt 0.310621 0.181216
vt 0.044556 0.164562
vt 0.045448 0.174117
vt 0.043006 0.157169
vt 0.039503 0.144513
vt 0.342361 0.163914
vt 0.348591 0.149752
vt 0.041655 0.134651
vt 0.332013 0.173669
vt 0.046662 0.183456
vt 0.299628 0.187254
vt 0.341639 0.129853
vt 0.052800 0.191334
vt 0.273878 0.189298
vt 0.173389 0.191334
vt 0.035305 0.156784
vt 0.032906 0.170128
vt 0.354184 0.158305
vt 0.092162 0.127115
vt 0.134094 0.124112
vt 0.208421 0.126792
vt 0.075919 0.129757
vt 0.287152 0.124448
vt 0.069665 0.123590
vt 0.059616 0.126579
vt 0.355051 0.137966
vt 0.310373 0.122782
vt 0.289307 0.117948
vt 0.274494 0.118289
vt 0.242691 0.118417
vt 0.032863 0.134530
vt 0.093594 0.119933
vt 0.331832 0.119263
vt 0.041508 0.125520
vt 0.035796 0.183001
vt 0.196482 0.117350
vt 0.165958 0.116181
vt 0.126292 0.116919
vt 0.323223 0.117330
vt 0.027678 0.145815
vt 0.028160 0.159696
vt 0.350186 0.128824
vt 0.359094 0.148419
vt 0.321185 0.182623
vt 0.344067 0.120353
vt 0.347451 0.168349
vt 0.346342 0.175265
vt 0.356377 0.167694
vt 0.358935 0.126243
vt 0.742457 0.775903
vt 0.742229 0.789541
vt 0.713256 0.789227
vt 0.765655 0.775438
vt 0.712546 0.775989
vt 0.686735 0.788733
vt 0.689909 0.775334
vt 0.661603 0.775634
vt 0.671124 0.790086
vt 0.654785 0.789136
vt 0.646751 0.775550
vt 0.640913 0.788045
vt 0.775709 0.766879
vt 0.774988 0.775826
vt 0.794188 0.764721
vt 0.646593 0.766421
vt 0.671142 0.768820
vt 0.726382 0.767170
vt 0.633505 0.775662
vt 0.627458 0.765952
vt 0.616883 0.776513
vt 0.629313 0.788238
vt 0.769207 0.789420
vt 0.796703 0.775261
vt 0.806348 0.768582
vt 0.808637 0.763376
vt 0.819216 0.776689
vt 0.830188 0.764928
vt 0.796257 0.758437
vt 0.828652 0.759386
vt 0.840838 0.764775
vt 0.839185 0.779525
vt 0.618023 0.765797
vt 0.601173 0.776189
vt 0.609594 0.784755
vt 0.598204 0.785647
vt 0.825585 0.793412
vt 0.805801 0.793770
vt 0.824617 0.799554
vt 0.682333 0.798613
vt 0.709923 0.799159
vt 0.796616 0.795443
vt 0.787120 0.789160
vt 0.835159 0.795976
vt 0.667774 0.801217
vt 0.639631 0.797103
vt 0.759408 0.796794
vt 0.733269 0.801431
vt 0.589926 0.786118
vt 0.810818 0.804701
vt 0.829817 0.804802
vt 0.777767 0.802460
vt 0.682974 0.806008
vt 0.590429 0.776936
vt 0.842395 0.772809
vt 0.854341 0.770759
vt 0.600087 0.791659
vt 0.850799 0.792757
vt 0.853499 0.780680
vt 0.700706 0.806957
vt 0.795574 0.805398
vt 0.849655 0.800745
vt 0.648275 0.804421
vt 0.616525 0.791787
vt 0.627223 0.796919
vt 0.762920 0.803092
vt 0.852164 0.764518
vt 0.666002 0.808727
vt 0.863896 0.767457
vt 0.580249 0.785892
vt 0.776583 0.760607
vt 0.865335 0.791976
vt 0.864563 0.779274
vt 0.865387 0.799920
vt 0.608630 0.765849
vt 0.843093 0.758847
vt 0.588734 0.798248
vt 0.581116 0.776908
vt 0.734993 0.808284
vt 0.601863 0.797787
vt 0.761930 0.758760
vt 0.793117 0.812549
vt 0.820602 0.812209
vt 0.776013 0.809884
vt 0.839256 0.809922
vt 0.849886 0.811146
vt 0.862395 0.810108
vt 0.638008 0.805659
vt 0.620874 0.797664
vt 0.578570 0.795411
vt 0.681643 0.813167
vt 0.683382 0.758508
vt 0.727638 0.761551
vt 0.665251 0.758009
vt 0.830172 0.755765
vt 0.597934 0.766734
vt 0.862151 0.760353
vt 0.590947 0.767372
vt 0.646031 0.754168
vt 0.572913 0.784634
vt 0.875024 0.800207
vt 0.878101 0.789986
vt 0.875705 0.778975
vt 0.786097 0.755177
vt 0.874857 0.767788
vt 0.629563 0.755654
vt 0.729902 0.756276
vt 0.705891 0.814034
vt 0.660712 0.813595
vt 0.623945 0.808783
vt 0.573057 0.793313
vt 0.877945 0.809630
vt 0.772948 0.814034
vt 0.597960 0.806958
vt 0.884840 0.799556
vt 0.570779 0.777227
vt 0.872712 0.760668
vt 0.615708 0.754634
vt 0.674081 0.751248
vt 0.851105 0.752813
vt 0.768137 0.751396
vt 0.727874 0.751150
vt 0.598519 0.758465
vt 0.863812 0.753330
vt 0.578208 0.766305
vt 0.883782 0.781362
vt 0.889877 0.794632
vt 0.884934 0.773423
vt 0.889416 0.808376
vt 0.576165 0.807864
vt 0.587715 0.758500
vt 0.880527 0.761795
vt 0.893242 0.767223
vt 0.569015 0.799343
vt 0.572223 0.766433
vt 0.251385 0.758424
vt 0.229417 0.756128
vt 0.252994 0.752945
vt 0.281508 0.756147
vt 0.221339 0.747952
vt 0.205021 0.756265
vt 0.206473 0.743627
vt 0.181198 0.752950
vt 0.180987 0.742875
vt 0.273645 0.747973
vt 0.297662 0.750225
vt 0.313704 0.756584
vt 0.230510 0.741988
vt 0.248288 0.742648
vt 0.326487 0.744462
vt 0.332297 0.751444
vt 0.344915 0.757362
vt 0.359801 0.754111
vt 0.342704 0.745392
vt 0.370439 0.744229
vt 0.372941 0.755519
vt 0.292970 0.744099
vt 0.165979 0.746180
vt 0.168895 0.756670
vt 0.382799 0.744583
vt 0.384548 0.756256
vt 0.166540 0.738345
vt 0.260918 0.738343
vt 0.183016 0.733041
vt 0.206650 0.735444
vt 0.229869 0.732561
vt 0.151251 0.746475
vt 0.149328 0.756266
vt 0.140702 0.746019
vt 0.136429 0.755234
vt 0.128951 0.745595
vt 0.355642 0.738753
vt 0.373026 0.738416
vt 0.312001 0.739628
vt 0.277690 0.735689
vt 0.122862 0.753747
vt 0.120905 0.744789
vt 0.162958 0.732765
vt 0.383207 0.734910
vt 0.131558 0.739420
vt 0.207129 0.728031
vt 0.334699 0.733263
vt 0.242512 0.728068
vt 0.266932 0.731292
vt 0.304050 0.733469
vt 0.134767 0.733490
vt 0.118125 0.734879
vt 0.366258 0.731392
vt 0.173310 0.724982
vt 0.231800 0.723931
vt 0.109976 0.739238
vt 0.113296 0.745763
vt 0.277532 0.725496
vt 0.260614 0.725018
vt 0.214099 0.721300
vt 0.180924 0.762023
vt 0.167616 0.764750
vt 0.289154 0.762619
vt 0.358917 0.762790
vt 0.307370 0.765327
vt 0.334998 0.767576
vt 0.141466 0.765483
vt 0.266775 0.767183
vt 0.213827 0.763726
vt 0.235361 0.766220
vt 0.150995 0.767077
vt 0.379785 0.767580
vt 0.183524 0.768670
vt 0.202259 0.768855
vt 0.133184 0.766000
vt 0.391837 0.746856
vt 0.391919 0.740848
vt 0.393040 0.757303
vt 0.110257 0.753222
vt 0.357499 0.768432
vt 0.292161 0.771926
vt 0.312159 0.772204
vt 0.169153 0.774226
vt 0.219690 0.776136
vt 0.257017 0.776018
vt 0.236034 0.778410
vt 0.394640 0.768851
vt 0.151495 0.776039
vt 0.196329 0.777864
vt 0.180445 0.780290
vt 0.278333 0.777989
vt 0.122523 0.766563
vt 0.111061 0.759287
vt 0.101813 0.746431
vt 0.169412 0.782219
vt 0.141290 0.777515
vt 0.323148 0.776633
vt 0.359442 0.774431
vt 0.375498 0.773272
vt 0.383812 0.778417
vt 0.304307 0.781039
vt 0.203694 0.782944
vt 0.250053 0.781808
vt 0.132569 0.775940
vt 0.368305 0.779054
vt 0.230944 0.785891
vt 0.273410 0.784388
vt 0.177880 0.790261
vt 0.100621 0.751776
vt 0.402260 0.762549
vt 0.400053 0.751653
vt 0.407581 0.768418
vt 0.159561 0.786764
vt 0.392258 0.780477
vt 0.150113 0.784371
vt 0.403186 0.742223
vt 0.252229 0.787318
vt 0.332256 0.784389
vt 0.204354 0.787677
vt 0.402612 0.774519
vt 0.099457 0.759361
vt 0.107434 0.765920
vt 0.391110 0.732371
vt 0.310687 0.790261
vt 0.367661 0.784361
vt 0.410347 0.754703
vt 0.407324 0.749341
vt 0.119932 0.776813
vt 0.106126 0.775247
vt 0.403080 0.783479
vt 0.413012 0.777073
vt 0.100804 0.736957
vt 0.097555 0.770371
vt 0.334381 0.727657
vt 0.294836 0.725402
vt 0.193556 0.719709
vt 0.108028 0.730707
vt 0.244503 0.720169
vt 0.381361 0.723973
vt 0.399152 0.737868
vt 0.402056 0.731867
vt 0.097412 0.730261
vt 0.791830 0.316926
vt 0.788186 0.325731
vt 0.769884 0.325799
vt 0.775116 0.307980
vt 0.761771 0.317351
vt 0.755341 0.325953
vt 0.749130 0.314210
vt 0.738602 0.327483
vt 0.727622 0.318417
vt 0.805005 0.325598
vt 0.803769 0.313998
vt 0.817874 0.320690
vt 0.811208 0.310057
vt 0.793508 0.304779
vt 0.739238 0.306228
vt 0.719049 0.306692
vt 0.711722 0.320294
vt 0.704498 0.308999
vt 0.704663 0.327256
vt 0.823403 0.304864
vt 0.836651 0.315739
vt 0.828519 0.325890
vt 0.850246 0.324955
vt 0.850608 0.313612
vt 0.858790 0.319067
vt 0.718292 0.332615
vt 0.858586 0.332102
vt 0.713005 0.337430
vt 0.701327 0.337597
vt 0.757961 0.336350
vt 0.731145 0.337191
vt 0.795749 0.335232
vt 0.779931 0.335393
vt 0.846998 0.334094
vt 0.818132 0.335369
vt 0.693598 0.319389
vt 0.833817 0.304893
vt 0.850765 0.301867
vt 0.860172 0.300482
vt 0.811554 0.296150
vt 0.697721 0.314749
vt 0.696852 0.303425
vt 0.780676 0.299700
vt 0.790923 0.296214
vt 0.762546 0.298142
vt 0.704017 0.296129
vt 0.829740 0.296353
vt 0.726480 0.297759
vt 0.844047 0.293346
vt 0.856879 0.292247
vt 0.713110 0.295195
vt 0.683068 0.304744
vt 0.868890 0.312775
vt 0.868152 0.326253
vt 0.869282 0.295446
vt 0.694475 0.295280
vt 0.689519 0.326283
vt 0.827444 0.287602
vt 0.689912 0.337862
vt 0.751184 0.294641
vt 0.771812 0.288981
vt 0.792547 0.287641
vt 0.811845 0.287971
vt 0.682483 0.314003
vt 0.682273 0.297461
vt 0.879517 0.323046
vt 0.880239 0.309594
vt 0.883765 0.299674
vt 0.868268 0.335096
vt 0.776201 0.341090
vt 0.681441 0.326053
vt 0.878904 0.334792
vt 0.870935 0.286090
vt 0.726204 0.289136
vt 0.754309 0.288154
vt 0.889667 0.312136
vt 0.891033 0.321445
vt 0.890356 0.326899
vt 0.892882 0.299466
vt 0.857317 0.284688
vt 0.883912 0.291855
vt 0.809860 0.341774
vt 0.707277 0.288162
vt 0.693272 0.287413
vt 0.858448 0.337779
vt 0.745650 0.347701
vt 0.701288 0.344740
vt 0.679973 0.337261
vt 0.848394 0.341991
vt 0.675285 0.326576
vt 0.673968 0.312872
vt 0.673462 0.300591
vt 0.797059 0.347290
vt 0.865110 0.343756
vt 0.902790 0.312825
vt 0.901095 0.301456
vt 0.890064 0.332747
vt 0.901141 0.335127
vt 0.680829 0.287246
vt 0.822975 0.346719
vt 0.907508 0.327226
vt 0.904209 0.319198
vt 0.802252 0.282416
vt 0.670515 0.292370
vt 0.896396 0.284808
vt 0.778600 0.282491
vt 0.826182 0.281772
vt 0.847011 0.281058
vt 0.690913 0.346249
vt 0.710540 0.349310
vt 0.899268 0.294271
vt 0.668511 0.336625
vt 0.910731 0.301010
vt 0.666804 0.304105
vt 0.682995 0.348801
vt 0.859066 0.349310
vt 0.890961 0.340780
vt 0.877420 0.343740
vt 0.659597 0.293524
vt 0.911934 0.331830
vt 0.672678 0.344835
vt 0.679025 0.721883
vt 0.668585 0.714563
vt 0.688447 0.713957
vt 0.693147 0.723245
vt 0.666933 0.723013
vt 0.645963 0.724707
vt 0.647461 0.714503
vt 0.626416 0.723187
vt 0.624466 0.716616
vt 0.705453 0.712937
vt 0.701012 0.724765
vt 0.711281 0.720631
vt 0.628335 0.728596
vt 0.718249 0.730173
vt 0.688239 0.731600
vt 0.695927 0.736230
vt 0.713173 0.735764
vt 0.604415 0.737622
vt 0.733431 0.710269
vt 0.726992 0.726881
vt 0.736838 0.731669
vt 0.742166 0.733155
vt 0.764453 0.708787
vt 0.762279 0.724562
vt 0.776444 0.720905
vt 0.790620 0.704072
vt 0.794412 0.720035
vt 0.763863 0.735559
vt 0.749550 0.734776
vt 0.770323 0.699485
vt 0.780474 0.733204
vt 0.744802 0.698023
vt 0.731174 0.699073
vt 0.604508 0.717715
vt 0.604897 0.729705
vt 0.592023 0.726134
vt 0.587102 0.717011
vt 0.582996 0.725608
vt 0.576529 0.718363
vt 0.789502 0.694618
vt 0.703341 0.704501
vt 0.804759 0.706510
vt 0.806270 0.694366
vt 0.808453 0.715657
vt 0.732106 0.737017
vt 0.683642 0.704037
vt 0.640520 0.705835
vt 0.620344 0.707078
vt 0.575015 0.708112
vt 0.582939 0.707905
vt 0.583892 0.735223
vt 0.572910 0.727346
vt 0.591582 0.738561
vt 0.790632 0.730435
vt 0.797412 0.726649
vt 0.804881 0.725328
vt 0.591727 0.708488
vt 0.714869 0.699047
vt 0.649771 0.731966
vt 0.679956 0.731600
vt 0.629382 0.736252
vt 0.565781 0.716040
vt 0.567473 0.706631
vt 0.760376 0.689157
vt 0.693319 0.697327
vt 0.815528 0.721331
vt 0.566535 0.727296
vt 0.816922 0.706349
vt 0.788278 0.685966
vt 0.805466 0.685366
vt 0.737118 0.688405
vt 0.713213 0.689542
vt 0.658673 0.700124
vt 0.623476 0.699875
vt 0.607934 0.702997
vt 0.584483 0.696530
vt 0.817887 0.695723
vt 0.821882 0.716969
vt 0.556021 0.706412
vt 0.680278 0.692019
vt 0.576691 0.696876
vt 0.819597 0.685319
vt 0.576368 0.738702
vt 0.555388 0.717722
vt 0.564477 0.696689
vt 0.675244 0.738569
vt 0.642325 0.739568
vt 0.615912 0.741562
vt 0.812527 0.733716
vt 0.799434 0.729748
vt 0.565910 0.737740
vt 0.774224 0.738878
vt 0.829990 0.694245
vt 0.602226 0.747492
vt 0.706508 0.740524
vt 0.579494 0.745381
vt 0.553426 0.726983
vt 0.825118 0.727961
vt 0.545860 0.707959
vt 0.748063 0.741017
vt 0.694259 0.739561
vt 0.630853 0.746184
vt 0.784934 0.735379
vt 0.648068 0.692412
vt 0.623143 0.692663
vt 0.831110 0.708277
vt 0.592432 0.749617
vt 0.543538 0.715740
vt 0.649489 0.746478
vt 0.609138 0.693484
vt 0.553181 0.696613
vt 0.829702 0.720424
vt 0.614816 0.749617
vt 0.670614 0.744982
vt 0.827848 0.739910
vt 0.728925 0.741786
vt 0.829381 0.681691
vt 0.543513 0.700200
vt 0.538458 0.717623
vt 0.788684 0.677245
vt 0.803467 0.674518
vt 0.765857 0.678166
vt 0.819208 0.678212
vt 0.571433 0.688170
vt 0.612174 0.677579
vt 0.628580 0.682153
vt 0.595185 0.681062
vt 0.562301 0.688523
vt 0.580823 0.683776
vt 0.737499 0.677424
vt 0.686683 0.685450
vt 0.649523 0.681630
vt 0.700880 0.677494
vt 0.550512 0.685069
vt 0.609648 0.664494
vt 0.631723 0.672774
vt 0.635983 0.667541
vt 0.598103 0.665795
vt 0.542076 0.692421
vt 0.569077 0.676431
vt 0.813989 0.668631
vt 0.825029 0.670931
vt 0.841267 0.683002
vt 0.837837 0.696538
vt 0.531868 0.706303
vt 0.835366 0.669248
vt 0.836745 0.718253
vt 0.841481 0.672024
vt 0.837189 0.732771
vt 0.528370 0.697230
vt 0.810915 0.740761
vt 0.525776 0.715360
vt 0.715390 0.741944
vt 0.517973 0.709484
vt 0.518535 0.703560
vt 0.520468 0.693116
vt 0.164609 0.290798
vt 0.141753 0.290945
vt 0.147530 0.281838
vt 0.176004 0.284129
vt 0.127056 0.291800
vt 0.115346 0.290395
vt 0.134741 0.277982
vt 0.182026 0.294236
vt 0.201021 0.287730
vt 0.197475 0.295566
vt 0.115712 0.276531
vt 0.106990 0.284377
vt 0.096761 0.293936
vt 0.087532 0.284448
vt 0.068947 0.293071
vt 0.070100 0.302433
vt 0.057562 0.296499
vt 0.096939 0.302043
vt 0.157312 0.300824
vt 0.142766 0.302544
vt 0.056182 0.310556
vt 0.118443 0.303182
vt 0.205027 0.299471
vt 0.218012 0.293648
vt 0.187286 0.304232
vt 0.227355 0.305323
vt 0.229397 0.298910
vt 0.238094 0.300360
vt 0.238609 0.289272
vt 0.229411 0.290689
vt 0.173213 0.309502
vt 0.158004 0.311501
vt 0.237630 0.317116
vt 0.222712 0.314641
vt 0.203967 0.309887
vt 0.067707 0.312587
vt 0.095037 0.312529
vt 0.129953 0.308415
vt 0.182410 0.313404
vt 0.140200 0.314189
vt 0.111611 0.313290
vt 0.046671 0.306050
vt 0.046434 0.297181
vt 0.046992 0.314291
vt 0.204673 0.318751
vt 0.059135 0.286288
vt 0.077828 0.283341
vt 0.210443 0.284565
vt 0.154798 0.274755
vt 0.095995 0.278841
vt 0.141992 0.321209
vt 0.176729 0.321530
vt 0.247848 0.305593
vt 0.249160 0.291815
vt 0.250376 0.316831
vt 0.227367 0.322572
vt 0.127362 0.322159
vt 0.047620 0.281412
vt 0.107091 0.322169
vt 0.058822 0.318328
vt 0.180734 0.279084
vt 0.228969 0.280979
vt 0.134753 0.270501
vt 0.086271 0.273286
vt 0.058952 0.279595
vt 0.238442 0.277981
vt 0.115564 0.269315
vt 0.246431 0.283316
vt 0.253084 0.279798
vt 0.037390 0.302585
vt 0.035022 0.313401
vt 0.042895 0.288950
vt 0.209066 0.280088
vt 0.197536 0.277727
vt 0.035928 0.277107
vt 0.258699 0.309118
vt 0.259908 0.302644
vt 0.258428 0.290779
vt 0.262622 0.315116
vt 0.033125 0.289351
vt 0.077289 0.321481
vt 0.167042 0.268959
vt 0.147124 0.266024
vt 0.204267 0.325494
vt 0.047362 0.321436
vt 0.057868 0.269214
vt 0.066926 0.270222
vt 0.208221 0.273073
vt 0.180434 0.272021
vt 0.093807 0.265836
vt 0.194820 0.267250
vt 0.225035 0.269721
vt 0.131474 0.262485
vt 0.050637 0.268242
vt 0.041272 0.269926
vt 0.114754 0.263451
vt 0.028264 0.302514
vt 0.038072 0.322104
vt 0.237302 0.269252
vt 0.250140 0.270255
vt 0.181755 0.264463
vt 0.151468 0.260252
vt 0.269231 0.299768
vt 0.264283 0.286403
vt 0.067263 0.262979
vt 0.020548 0.312766
vt 0.092463 0.259064
vt 0.205508 0.262705
vt 0.041266 0.257069
vt 0.051125 0.258365
vt 0.226439 0.263926
vt 0.170794 0.259255
vt 0.061620 0.257817
vt 0.261099 0.272403
vt 0.026466 0.282621
vt 0.022354 0.289831
vt 0.022318 0.276269
vt 0.031130 0.268199
vt 0.187930 0.257994
vt 0.109477 0.255751
vt 0.236551 0.260940
vt 0.016175 0.301881
vt 0.248746 0.326991
vt 0.230573 0.327071
vt 0.264871 0.324451
vt 0.024768 0.321755
vt 0.269068 0.273680
vt 0.018926 0.266266
vt 0.016997 0.327071
vt 0.176879 0.970218
vt 0.156798 0.977820
vt 0.169344 0.963618
vt 0.153507 0.965542
vt 0.147976 0.969259
vt 0.177326 0.960667
vt 0.175241 0.985649
vt 0.146215 0.976704
vt 0.156105 0.984416
vt 0.174984 0.947735
vt 0.165271 0.953418
vt 0.145056 0.954895
vt 0.140156 0.963614
vt 0.161646 0.948731
vt 0.174194 0.936169
vt 0.138653 0.970466
vt 0.136339 0.952521
vt 0.147188 0.983908
vt 0.144576 0.943020
vt 0.162140 0.937591
vt 0.136975 0.941519
vt 0.130035 0.960747
vt 0.139585 0.982335
vt 0.129172 0.948107
vt 0.173241 0.928405
vt 0.155365 0.928126
vt 0.185940 0.928488
vt 0.187455 0.936939
vt 0.128528 0.938177
vt 0.214544 0.925456
vt 0.129256 0.971531
vt 0.122590 0.950953
vt 0.138209 0.930916
vt 0.223236 0.928435
vt 0.224900 0.934642
vt 0.300002 0.927390
vt 0.121856 0.960847
vt 0.310437 0.920143
vt 0.254401 0.920891
vt 0.329741 0.924208
vt 0.119776 0.940757
vt 0.129378 0.979503
vt 0.364517 0.914536
vt 0.362474 0.923059
vt 0.389466 0.918993
vt 0.370818 0.911717
vt 0.307255 0.915584
vt 0.128985 0.926222
vt 0.399942 0.913126
vt 0.408129 0.919202
vt 0.420587 0.911731
vt 0.189606 0.918676
vt 0.176863 0.919235
vt 0.162476 0.918319
vt 0.118965 0.927383
vt 0.401640 0.906243
vt 0.422084 0.905127
vt 0.433077 0.910216
vt 0.461186 0.906123
vt 0.457910 0.900514
vt 0.473238 0.901331
vt 0.470489 0.890938
vt 0.494045 0.901864
vt 0.138887 0.923538
vt 0.458784 0.890721
vt 0.445982 0.892427
vt 0.113136 0.936741
vt 0.108196 0.930989
vt 0.443041 0.934099
vt 0.436083 0.922588
vt 0.459027 0.922618
vt 0.460264 0.945734
vt 0.468608 0.924252
vt 0.470143 0.939364
vt 0.481619 0.934900
vt 0.481114 0.916947
vt 0.491316 0.920692
vt 0.448060 0.958903
vt 0.460067 0.965150
vt 0.478227 0.945310
vt 0.474244 0.952436
vt 0.461806 0.912690
vt 0.433240 0.916885
vt 0.439612 0.941821
vt 0.428848 0.932909
vt 0.446963 0.969741
vt 0.491834 0.909121
vt 0.432206 0.971524
vt 0.492219 0.934403
vt 0.423469 0.928949
vt 0.427759 0.951921
vt 0.420459 0.971328
vt 0.424874 0.981814
vt 0.444648 0.981232
vt 0.443456 0.986800
vt 0.462109 0.986911
vt 0.460403 0.981957
vt 0.406747 0.978439
vt 0.421357 0.918397
vt 0.486646 0.942509
vt 0.478880 0.980913
vt 0.505247 0.912252
vt 0.499394 0.929816
vt 0.470707 0.959481
vt 0.395046 0.966304
vt 0.398193 0.952447
vt 0.382814 0.964975
vt 0.381975 0.953512
vt 0.386016 0.942479
vt 0.364998 0.954565
vt 0.368843 0.965461
vt 0.366592 0.944028
vt 0.403732 0.950336
vt 0.338256 0.943772
vt 0.404091 0.936404
vt 0.312927 0.956397
vt 0.330230 0.966651
vt 0.290851 0.944981
vt 0.413392 0.941098
vt 0.249765 0.957618
vt 0.244509 0.947077
vt 0.216137 0.947511
vt 0.310516 0.936614
vt 0.366139 0.934320
vt 0.337366 0.935246
vt 0.226242 0.958368
vt 0.207553 0.940186
vt 0.245904 0.937895
vt 0.195573 0.948323
vt 0.185743 0.942250
vt 0.186173 0.949855
vt 0.203818 0.957835
vt 0.188659 0.958948
vt 0.379847 0.930636
vt 0.396118 0.932138
vt 0.303667 0.967474
vt 0.242676 0.968638
vt 0.342471 0.929509
vt 0.482196 0.978329
vt 0.476061 0.971454
vt 0.487065 0.963087
vt 0.497329 0.966964
vt 0.512333 0.966158
vt 0.515339 0.952971
vt 0.527052 0.953226
vt 0.532647 0.963829
vt 0.550050 0.951420
vt 0.533783 0.940876
vt 0.556737 0.940577
vt 0.578516 0.940631
vt 0.580895 0.931245
vt 0.609036 0.941210
vt 0.605376 0.930677
vt 0.612337 0.934116
vt 0.653999 0.937611
vt 0.641212 0.943264
vt 0.673378 0.946045
vt 0.679764 0.934066
vt 0.690111 0.938740
vt 0.686807 0.949123
vt 0.700964 0.938421
vt 0.707524 0.947799
vt 0.600025 0.953605
vt 0.576054 0.953437
vt 0.712070 0.940625
vt 0.621712 0.953760
vt 0.653143 0.953674
vt 0.649064 0.932707
vt 0.676370 0.956193
vt 0.697739 0.957226
vt 0.679424 0.964400
vt 0.719340 0.954724
vt 0.558723 0.929560
vt 0.732122 0.945921
vt 0.540933 0.931100
vt 0.554059 0.965032
vt 0.713037 0.935811
vt 0.737284 0.939401
vt 0.759498 0.947966
vt 0.759472 0.941217
vt 0.774895 0.948438
vt 0.766236 0.956491
vt 0.775237 0.958433
vt 0.781488 0.958570
vt 0.781510 0.947068
vt 0.772449 0.938026
vt 0.754377 0.955999
vt 0.789434 0.957718
vt 0.789444 0.949969
vt 0.504358 0.976582
vt 0.739566 0.955665
vt 0.595409 0.963832
vt 0.620541 0.964421
vt 0.641397 0.962965
vt 0.514256 0.977641
vt 0.670487 0.975185
vt 0.697381 0.972551
vt 0.714236 0.968624
vt 0.366916 0.977520
vt 0.496390 0.961656
vt 0.516010 0.941824
vt 0.225778 0.970235
vt 0.765415 0.965861
vt 0.384921 0.977526
vt 0.751067 0.935239
vt 0.765794 0.932869
vt 0.723344 0.960715
vt 0.338424 0.977965
vt 0.612067 0.971452
vt 0.650395 0.977056
vt 0.674410 0.984111
vt 0.697268 0.981806
vt 0.295562 0.977592
vt 0.781571 0.938121
vt 0.636569 0.927483
vt 0.774354 0.970622
vt 0.782726 0.967415
vt 0.522780 0.931123
vt 0.586102 0.921359
vt 0.714173 0.979912
vt 0.725037 0.981889
vt 0.570368 0.973375
vt 0.755176 0.967191
vt 0.483843 0.987473
vt 0.186806 0.967723
vt 0.199108 0.967079
vt 0.789761 0.942181
vt 0.242820 0.978979
vt 0.226852 0.978731
vt 0.571901 0.920317
vt 0.556619 0.923725
vt 0.561618 0.976473
vt 0.424796 0.987304
vt 0.734891 0.981661
vt 0.745348 0.971803
vt 0.646989 0.983567
vt 0.402616 0.985405
vt 0.287001 0.981837
vt 0.209425 0.968585
vt 0.496318 0.950092
vt 0.722797 0.931844
vt 0.738318 0.930379
vt 0.532254 0.923821
vt 0.685442 0.929652
vt 0.652876 0.926268
vt 0.707774 0.929390
vt 0.606730 0.921842
vt 0.217531 0.989620
vt 0.791347 0.968732
vt 0.619774 0.982285
vt 0.764203 0.977896
vt 0.702767 0.988666
vt 0.724612 0.990954
vt 0.200991 0.977593
vt 0.208440 0.991890
vt 0.200246 0.992639
vt 0.192173 0.990502
vt 0.184663 0.990193
vt 0.199361 0.999344
vt 0.372752 0.985647
vt 0.521097 0.985024
vt 0.745564 0.980427
vt 0.754466 0.980864
vt 0.781880 0.976893
vt 0.240790 0.988969
vt 0.798937 0.951373
vt 0.333634 0.986894
vt 0.213074 0.999072
vt 0.189835 0.999617
vt 0.674767 0.992712
vt 0.737335 0.994588
vt 0.749547 0.989308
vt 0.169296 0.991424
vt 0.770497 0.984674
vt 0.800149 0.960440
vt 0.557777 0.984309
vt 0.591954 0.982693
vt 0.273429 0.990206
vt 0.514642 0.919181
vt 0.504335 0.907657
vt 0.798701 0.941635
vt 0.630521 0.988840
vt 0.650094 0.992637
vt 0.444959 0.992668
vt 0.539453 0.917109
vt 0.773140 0.925791
vt 0.782361 0.929633
vt 0.177656 0.998923
vt 0.791036 0.976248
vt 0.755413 0.923805
vt 0.506833 0.902686
vt 0.527289 0.913140
vt 0.459972 0.995557
vt 0.513424 0.907277
vt 0.618403 0.916862
vt 0.765543 0.923027
vt 0.559234 0.912663
vt 0.702692 0.993696
vt 0.411327 0.989289
vt 0.721599 0.999344
vt 0.156261 0.991269
vt 0.147812 0.991648
vt 0.138834 0.990835
vt 0.127642 0.986352
vt 0.582072 0.913455
vt 0.792697 0.929754
vt 0.602740 0.914863
vt 0.648282 0.920548
vt 0.676161 0.923012
vt 0.693869 0.921686
vt 0.701660 0.923167
vt 0.713896 0.921293
vt 0.736359 0.917093
vt 0.800261 0.971553
vt 0.781556 0.986547
vt 0.806681 0.951065
vt 0.806549 0.959740
vt 0.235657 0.997690
vt 0.757825 0.995589
vt 0.791851 0.982408
vt 0.806355 0.941444
vt 0.284266 0.994229
vt 0.487137 0.991786
vt 0.800951 0.931839
vt 0.808801 0.970956
vt 0.813944 0.942095
vt 0.816648 0.951375
vt 0.814127 0.960727
vt 0.824291 0.943943
vt 0.825665 0.951319
vt 0.655906 0.188843
vt 0.669136 0.192249
vt 0.659821 0.198265
vt 0.667388 0.183952
vt 0.651975 0.199038
vt 0.648337 0.191049
vt 0.677337 0.188888
vt 0.654381 0.205356
vt 0.671821 0.202793
vt 0.679610 0.197971
vt 0.663515 0.205344
vt 0.644480 0.203159
vt 0.640963 0.196798
vt 0.657966 0.216448
vt 0.645411 0.213994
vt 0.667297 0.213438
vt 0.676098 0.211175
vt 0.683744 0.205134
vt 0.686146 0.190296
vt 0.683664 0.184408
vt 0.676170 0.178549
vt 0.689859 0.196723
vt 0.671320 0.221493
vt 0.693504 0.181011
vt 0.684763 0.222608
vt 0.664023 0.230445
vt 0.647959 0.222895
vt 0.675168 0.228984
vt 0.690519 0.216693
vt 0.694755 0.190329
vt 0.694824 0.208077
vt 0.650645 0.230445
vt 0.635818 0.208280
vt 0.639393 0.225859
vt 0.632036 0.215626
vt 0.652571 0.178226
vt 0.632602 0.199300
vt 0.660805 0.175051
vt 0.634887 0.186957
vt 0.638857 0.174836
vt 0.688111 0.174937
vt 0.632295 0.227155
vt 0.627509 0.173527
vt 0.624871 0.192075
vt 0.616935 0.176026
vt 0.646438 0.165189
vt 0.674761 0.167706
vt 0.660934 0.165207
vt 0.633837 0.162193
vt 0.621283 0.166791
vt 0.682273 0.165172
vt 0.606398 0.164326
vt 0.290822 0.235740
vt 0.292996 0.228099
vt 0.284459 0.225107
vt 0.282459 0.234557
vt 0.289324 0.243161
vt 0.279518 0.242504
vt 0.275675 0.232556
vt 0.273422 0.223411
vt 0.269394 0.241112
vt 0.265962 0.231992
vt 0.278565 0.249818
vt 0.269539 0.249995
vt 0.287925 0.250948
vt 0.295112 0.249580
vt 0.299383 0.239718
vt 0.287602 0.259566
vt 0.278652 0.258032
vt 0.268245 0.259106
vt 0.296893 0.264571
vt 0.286237 0.269796
vt 0.303995 0.251201
vt 0.302637 0.232200
vt 0.307465 0.244028
vt 0.303865 0.266466
vt 0.276043 0.267465
vt 0.312464 0.260442
vt 0.296616 0.279525
vt 0.304949 0.278833
vt 0.314634 0.247859
vt 0.311706 0.275218
vt 0.313885 0.236435
vt 0.294784 0.221101
vt 0.301436 0.221482
vt 0.285502 0.217900
vt 0.318703 0.255618
vt 0.311211 0.224208
vt 0.320139 0.273837
vt 0.296152 0.212375
vt 0.287729 0.209498
vt 0.307791 0.213068
vt 0.274820 0.213685
vt 0.320273 0.227248
vt 0.262042 0.222523
vt 0.298765 0.203605
vt 0.320139 0.216556
vt 0.316606 0.209593
vt 0.277600 0.202347
vt 0.289037 0.197469
vt 0.309860 0.202404
vt 0.078453 0.870804
vt 0.069147 0.868976
vt 0.076222 0.862223
vt 0.068761 0.861705
vt 0.077544 0.878671
vt 0.069775 0.878237
vt 0.085705 0.864432
vt 0.086597 0.871697
vt 0.080445 0.856402
vt 0.090524 0.880294
vt 0.087981 0.884882
vt 0.096498 0.872430
vt 0.096927 0.865390
vt 0.089479 0.855718
vt 0.095891 0.856195
vt 0.075191 0.853062
vt 0.104084 0.880896
vt 0.104708 0.872884
vt 0.102456 0.855881
vt 0.105162 0.865769
vt 0.101139 0.887720
vt 0.078898 0.888734
vt 0.089700 0.890375
vt 0.114022 0.875162
vt 0.114640 0.882197
vt 0.109238 0.855202
vt 0.099007 0.849569
vt 0.081735 0.846565
vt 0.091864 0.844295
vt 0.111872 0.843886
vt 0.098703 0.841954
vt 0.122418 0.848358
vt 0.121781 0.838541
vt 0.109132 0.834696
vt 0.131978 0.846317
vt 0.088123 0.835928
vt 0.117910 0.828924
vt 0.102750 0.829273
vt 0.135746 0.836955
vt 0.132135 0.829420
vt 0.110881 0.890208
vt 0.107490 0.896039
vt 0.145235 0.830676
vt 0.094850 0.897478
vt 0.070040 0.852427
vt 0.070164 0.887631
vt 0.062904 0.878861
vt 0.459856 0.729504
vt 0.451471 0.757885
vt 0.451867 0.724570
vt 0.460170 0.755282
vt 0.459590 0.704906
vt 0.452535 0.686788
vt 0.460155 0.687346
vt 0.460546 0.651746
vt 0.453497 0.651977
vt 0.458532 0.634147
vt 0.452781 0.617951
vt 0.460551 0.613198
vt 0.452061 0.595872
vt 0.457055 0.586679
vt 0.453947 0.573315
vt 0.443538 0.758380
vt 0.444522 0.716566
vt 0.444539 0.687774
vt 0.447596 0.634981
vt 0.462006 0.579115
vt 0.452502 0.554070
vt 0.460640 0.555884
vt 0.461330 0.534324
vt 0.464547 0.595085
vt 0.454076 0.528249
vt 0.444578 0.534888
vt 0.459933 0.518450
vt 0.451520 0.776316
vt 0.461843 0.774783
vt 0.446182 0.564922
vt 0.446288 0.584904
vt 0.446789 0.659119
vt 0.441292 0.772557
vt 0.447398 0.520961
vt 0.450783 0.510399
vt 0.433326 0.507901
vt 0.468195 0.641888
vt 0.466888 0.573559
vt 0.466351 0.558252
vt 0.468584 0.542620
vt 0.468072 0.618746
vt 0.467516 0.525793
vt 0.467227 0.683513
vt 0.467825 0.733069
vt 0.468002 0.750528
vt 0.470874 0.767076
vt 0.476918 0.524201
vt 0.472484 0.513391
vt 0.454209 0.504556
vt 0.471917 0.499865
vt 0.456357 0.496455
vt 0.462953 0.485592
vt 0.458520 0.489218
vt 0.456211 0.477921
vt 0.445596 0.487604
vt 0.441454 0.471803
vt 0.459875 0.467572
vt 0.468886 0.477985
vt 0.481665 0.489810
vt 0.478077 0.478636
vt 0.479012 0.468312
vt 0.483352 0.475241
vt 0.435856 0.490134
vt 0.427663 0.480992
vt 0.416290 0.491089
vt 0.414235 0.477533
vt 0.397086 0.478954
vt 0.497256 0.480814
vt 0.498625 0.490908
vt 0.502148 0.486820
vt 0.439604 0.496752
vt 0.491639 0.495951
vt 0.403491 0.491541
vt 0.390780 0.488612
vt 0.380835 0.478149
vt 0.383576 0.464983
vt 0.379510 0.488243
vt 0.401284 0.466055
vt 0.362577 0.467456
vt 0.351386 0.477540
vt 0.325064 0.468017
vt 0.333470 0.482244
vt 0.307921 0.480322
vt 0.306028 0.470713
vt 0.289732 0.470561
vt 0.283551 0.479251
vt 0.277043 0.469756
vt 0.255811 0.469537
vt 0.252888 0.477722
vt 0.231747 0.467130
vt 0.512882 0.488016
vt 0.520017 0.478733
vt 0.525907 0.487820
vt 0.508634 0.470057
vt 0.522197 0.470724
vt 0.533005 0.480646
vt 0.491565 0.466804
vt 0.540064 0.470751
vt 0.502366 0.461438
vt 0.486073 0.463407
vt 0.537135 0.488659
vt 0.548952 0.479734
vt 0.547795 0.489115
vt 0.554061 0.470561
vt 0.553775 0.485089
vt 0.582945 0.477255
vt 0.573217 0.488060
vt 0.597924 0.484730
vt 0.598646 0.475053
vt 0.609182 0.487351
vt 0.619828 0.485663
vt 0.620650 0.473854
vt 0.629615 0.477195
vt 0.636760 0.476912
vt 0.638361 0.469830
vt 0.574540 0.470820
vt 0.593232 0.468544
vt 0.611895 0.469849
vt 0.567304 0.492899
vt 0.581869 0.495435
vt 0.600635 0.497533
vt 0.615871 0.500991
vt 0.632006 0.496438
vt 0.646861 0.489547
vt 0.644318 0.503292
vt 0.487520 0.496786
vt 0.489792 0.504478
vt 0.226155 0.474983
vt 0.204353 0.465782
vt 0.208909 0.458093
vt 0.220868 0.458533
vt 0.199823 0.457762
vt 0.209837 0.476847
vt 0.190423 0.467328
vt 0.306620 0.465519
vt 0.517486 0.495214
vt 0.517082 0.464709
vt 0.198117 0.474406
vt 0.493481 0.462448
vt 0.246566 0.462286
vt 0.259415 0.463590
vt 0.329796 0.465552
vt 0.415886 0.464638
vt 0.646679 0.475528
vt 0.672790 0.468804
vt 0.677321 0.475569
vt 0.692417 0.474734
vt 0.691849 0.469506
vt 0.658713 0.477749
vt 0.706270 0.471781
vt 0.719764 0.475617
vt 0.722670 0.467638
vt 0.733001 0.468680
vt 0.732017 0.476484
vt 0.659519 0.499007
vt 0.660708 0.507183
vt 0.274104 0.463985
vt 0.707228 0.467895
vt 0.693812 0.466624
vt 0.555622 0.498181
vt 0.531587 0.497348
vt 0.425070 0.462756
vt 0.433196 0.468349
vt 0.189657 0.474767
vt 0.399472 0.502162
vt 0.418669 0.501884
vt 0.190004 0.458203
vt 0.728033 0.481993
vt 0.453508 0.462198
vt 0.510387 0.503508
vt 0.360952 0.498711
vt 0.381997 0.502932
vt 0.703846 0.488188
vt 0.714072 0.486536
vt 0.705390 0.502315
vt 0.692430 0.487692
vt 0.694501 0.505076
vt 0.681672 0.499630
vt 0.672158 0.488915
vt 0.684405 0.506397
vt 0.665886 0.508664
vt 0.644718 0.483289
vt 0.591166 0.503484
vt 0.537662 0.466251
vt 0.569287 0.504185
vt 0.467283 0.460971
vt 0.476490 0.460305
vt 0.499729 0.502901
vt 0.635603 0.508155
vt 0.647457 0.507686
vt 0.723510 0.502482
vt 0.725418 0.493629
vt 0.660736 0.496702
vt 0.614095 0.508335
vt 0.339449 0.499347
vt 0.233997 0.485206
vt 0.252785 0.486294
vt 0.278800 0.491242
vt 0.567224 0.467962
vt 0.312285 0.494778
vt 0.719453 0.512579
vt 0.373842 0.510660
vt 0.398491 0.507949
vt 0.411645 0.514731
vt 0.421596 0.517950
vt 0.357679 0.510231
vt 0.704324 0.510822
vt 0.743875 0.470042
vt 0.741694 0.476993
vt 0.741301 0.488368
vt 0.201231 0.490879
vt 0.223789 0.494404
vt 0.251205 0.495731
vt 0.732761 0.502785
vt 0.663968 0.513637
vt 0.189128 0.487806
vt 0.546992 0.505380
vt 0.534798 0.508897
vt 0.520065 0.507163
vt 0.435448 0.459264
vt 0.681014 0.511865
vt 0.486539 0.514191
vt 0.395464 0.459875
vt 0.492579 0.458827
vt 0.338085 0.508562
vt 0.312948 0.504188
vt 0.284149 0.502882
vt 0.578476 0.508949
vt 0.728670 0.462518
vt 0.180704 0.467607
vt 0.180865 0.476170
vt 0.751868 0.490652
vt 0.741341 0.503697
vt 0.593759 0.463510
vt 0.362213 0.462438
vt 0.472766 0.558924
vt 0.474133 0.540162
vt 0.484900 0.529264
vt 0.181002 0.486760
vt 0.434986 0.529883
vt 0.752658 0.480457
vt 0.398748 0.514537
vt 0.475219 0.784301
vt 0.181298 0.457456
vt 0.731549 0.515876
vt 0.228618 0.502063
vt 0.257076 0.503187
vt 0.198889 0.450922
vt 0.207614 0.501699
vt 0.190656 0.451102
vt 0.440330 0.545444
vt 0.376116 0.516891
vt 0.207345 0.451545
vt 0.430790 0.517726
vt 0.498485 0.516853
vt 0.650201 0.514186
vt 0.562278 0.514248
vt 0.557530 0.463365
vt 0.628436 0.513811
vt 0.198458 0.500885
vt 0.470925 0.576296
vt 0.515632 0.461376
vt 0.527378 0.460741
vt 0.606643 0.514782
vt 0.581806 0.516451
vt 0.472237 0.591732
vt 0.368592 0.459024
vt 0.744293 0.463251
vt 0.312162 0.461336
vt 0.671782 0.467447
vt 0.647282 0.465675
vt 0.633339 0.462499
vt 0.188716 0.498789
vt 0.753991 0.503368
vt 0.356448 0.516683
vt 0.428167 0.532504
vt 0.417076 0.456532
vt 0.460542 0.788150
vt 0.471508 0.793038
vt 0.442840 0.787820
vt 0.336042 0.461018
vt 0.494480 0.525311
vt 0.541080 0.463140
vt 0.520573 0.517237
vt 0.541013 0.516721
vt 0.512353 0.515319
vt 0.456146 0.803226
vt 0.474079 0.815487
vt 0.705546 0.463537
vt 0.444921 0.618508
vt 0.172892 0.476501
vt 0.758889 0.488638
vt 0.724393 0.518539
vt 0.483397 0.543614
vt 0.478977 0.547242
vt 0.223827 0.454193
vt 0.436942 0.726785
vt 0.437501 0.707011
vt 0.436825 0.749539
vt 0.430673 0.761693
vt 0.472012 0.693305
vt 0.474448 0.663223
vt 0.173715 0.486238
vt 0.448554 0.456965
vt 0.461364 0.456044
vt 0.216782 0.506755
vt 0.234855 0.506599
vt 0.259957 0.507028
vt 0.744372 0.513081
vt 0.294114 0.509845
vt 0.332834 0.514068
vt 0.760973 0.500453
vt 0.606624 0.462384
vt 0.616495 0.465904
vt 0.625884 0.466531
vt 0.460081 0.820782
vt 0.474941 0.833590
vt 0.457826 0.834268
vt 0.473625 0.844965
vt 0.461555 0.844892
vt 0.462367 0.859837
vt 0.474918 0.856430
vt 0.447286 0.856259
vt 0.447360 0.845552
vt 0.486214 0.856394
vt 0.491085 0.844842
vt 0.487337 0.834917
vt 0.450310 0.863706
vt 0.434786 0.845223
vt 0.430895 0.859101
vt 0.424999 0.874664
vt 0.508756 0.856206
vt 0.414377 0.861102
vt 0.405430 0.873771
vt 0.401450 0.860288
vt 0.374761 0.872153
vt 0.379750 0.855950
vt 0.406841 0.847356
vt 0.421427 0.845548
vt 0.355311 0.859768
vt 0.356494 0.873656
vt 0.360668 0.882476
vt 0.337668 0.882918
vt 0.335807 0.869295
vt 0.317086 0.874463
vt 0.320055 0.863572
vt 0.319956 0.882067
vt 0.291431 0.882439
vt 0.298070 0.853656
vt 0.278570 0.873726
vt 0.282866 0.851597
vt 0.257916 0.860588
vt 0.255437 0.875095
vt 0.240620 0.864397
vt 0.228062 0.874381
vt 0.223444 0.864785
vt 0.198242 0.873663
vt 0.203239 0.863218
vt 0.187633 0.863843
vt 0.162541 0.864778
vt 0.181144 0.874542
vt 0.156240 0.874712
vt 0.143522 0.874505
vt 0.144048 0.864496
vt 0.150081 0.856187
vt 0.132592 0.866705
vt 0.132506 0.876145
vt 0.343077 0.855430
vt 0.328424 0.847043
vt 0.163477 0.854123
vt 0.186397 0.855555
vt 0.135883 0.856386
vt 0.205621 0.853569
vt 0.397540 0.881171
vt 0.230939 0.852655
vt 0.259028 0.849689
vt 0.291368 0.843517
vt 0.310037 0.843322
vt 0.313869 0.858748
vt 0.255575 0.883295
vt 0.221354 0.883366
vt 0.326711 0.837702
vt 0.335347 0.845824
vt 0.376643 0.848002
vt 0.358181 0.848745
vt 0.123305 0.876301
vt 0.139947 0.846792
vt 0.150944 0.846766
vt 0.168868 0.879941
vt 0.197320 0.882964
vt 0.122914 0.866862
vt 0.437925 0.880875
vt 0.515841 0.844579
vt 0.524198 0.860450
vt 0.529774 0.843706
vt 0.543951 0.856175
vt 0.542496 0.869039
vt 0.601570 0.856312
vt 0.600416 0.870884
vt 0.676483 0.867065
vt 0.684153 0.854810
vt 0.726111 0.852450
vt 0.745325 0.863420
vt 0.781942 0.862876
vt 0.791635 0.851173
vt 0.814712 0.864513
vt 0.815879 0.850405
vt 0.570951 0.843154
vt 0.743564 0.839869
vt 0.793709 0.838709
vt 0.680840 0.842213
vt 0.816630 0.836613
vt 0.839540 0.867042
vt 0.521093 0.875355
vt 0.505764 0.865950
vt 0.500221 0.871504
vt 0.573034 0.880726
vt 0.834692 0.852896
vt 0.833850 0.879831
vt 0.810163 0.871923
vt 0.843656 0.877958
vt 0.831641 0.834875
vt 0.850811 0.851048
vt 0.863554 0.867481
vt 0.864115 0.879340
vt 0.817021 0.826577
vt 0.787289 0.828449
vt 0.517798 0.883271
vt 0.721892 0.876325
vt 0.847419 0.833192
vt 0.865616 0.849207
vt 0.850058 0.889054
vt 0.444831 0.828066
vt 0.434417 0.834294
vt 0.444455 0.805630
vt 0.833069 0.823244
vt 0.479217 0.872241
vt 0.128788 0.884070
vt 0.139811 0.884032
vt 0.150480 0.882545
vt 0.338370 0.834670
vt 0.342527 0.845322
vt 0.325661 0.826652
vt 0.315808 0.832168
vt 0.306078 0.834728
vt 0.339473 0.824897
vt 0.348251 0.832652
vt 0.352244 0.841673
vt 0.334671 0.821778
vt 0.124769 0.855087
vt 0.499376 0.833419
vt 0.771896 0.870734
vt 0.794110 0.870413
vt 0.745377 0.830161
vt 0.670667 0.833477
vt 0.563009 0.833278
vt 0.459346 0.873884
vt 0.541300 0.832633
vt 0.525304 0.831489
vt 0.306464 0.824285
vt 0.296421 0.833194
vt 0.358090 0.826244
vt 0.838990 0.891819
vt 0.165824 0.844578
vt 0.189784 0.844925
vt 0.402311 0.835911
vt 0.823742 0.887287
vt 0.256178 0.839851
vt 0.275699 0.839061
vt 0.225226 0.847381
vt 0.412528 0.835424
vt 0.285896 0.825769
vt 0.880137 0.864770
vt 0.346385 0.819934
vt 0.500099 0.883960
vt 0.206284 0.843776
vt 0.878808 0.848642
vt 0.271359 0.825333
vt 0.486402 0.825064
vt 0.112046 0.864172
vt 0.121189 0.888465
vt 0.674728 0.880149
vt 0.864070 0.892603
vt 0.372257 0.839776
vt 0.227797 0.839704
vt 0.476765 0.883516
vt 0.543180 0.825764
vt 0.363839 0.887919
vt 0.819430 0.817481
vt 0.878926 0.880552
vt 0.564955 0.826023
vt 0.666775 0.828337
vt 0.581486 0.890826
vt 0.537307 0.887467
vt 0.862953 0.826757
vt 0.572816 0.461983
vt 0.731466 0.824482
vt 0.148600 0.838086
vt 0.311199 0.890271
vt 0.338401 0.891270
vt 0.846779 0.818575
vt 0.286320 0.889705
vt 0.477426 0.804785
vt 0.398069 0.887113
vt 0.414941 0.821623
vt 0.435037 0.455365
vt 0.429602 0.821805
vt 0.349718 0.459116
vt 0.461223 0.885048
vt 0.365517 0.839016
vt 0.754172 0.471755
vt 0.472385 0.454608
vt 0.262005 0.823126
vt 0.474532 0.613000
vt 0.528152 0.821720
vt 0.509340 0.457773
vt 0.477663 0.757865
vt 0.475403 0.741938
vt 0.483071 0.771465
vt 0.476649 0.720776
vt 0.475859 0.638046
vt 0.431163 0.779139
vt 0.852126 0.900340
vt 0.178925 0.885372
vt 0.156544 0.886476
vt 0.515460 0.822917
vt 0.500547 0.822153
vt 0.384069 0.456708
vt 0.804274 0.882194
vt 0.788879 0.877738
vt 0.166183 0.837329
vt 0.398187 0.456842
vt 0.181153 0.838918
vt 0.204301 0.837026
vt 0.128151 0.893259
vt 0.142386 0.892345
vt 0.517230 0.891919
vt 0.889316 0.850971
vt 0.433119 0.543831
vt 0.169576 0.468791
vt 0.477353 0.568012
vt 0.438046 0.680979
vt 0.428549 0.800546
vt 0.428917 0.739696
vt 0.254410 0.825154
vt 0.488349 0.782789
vt 0.671078 0.888542
vt 0.731006 0.881391
vt 0.759071 0.877295
vt 0.776540 0.876416
vt 0.501683 0.454990
vt 0.502804 0.808824
vt 0.494850 0.795909
vt 0.717406 0.520568
vt 0.709358 0.518483
vt 0.494333 0.534110
vt 0.274418 0.458719
vt 0.306080 0.459046
vt 0.431099 0.888361
vt 0.786599 0.820393
vt 0.877775 0.828467
vt 0.474775 0.581267
vt 0.179389 0.501755
vt 0.353575 0.832530
vt 0.253822 0.890713
vt 0.227781 0.890076
vt 0.206533 0.884652
vt 0.198656 0.889133
vt 0.840202 0.900005
vt 0.759290 0.479711
vt 0.834459 0.812162
vt 0.180117 0.450537
vt 0.249041 0.456503
vt 0.261289 0.457532
vt 0.419342 0.526438
vt 0.439657 0.558257
vt 0.441929 0.576240
vt 0.431859 0.716543
vt 0.500870 0.525444
vt 0.171658 0.458142
vt 0.224639 0.829562
vt 0.249228 0.822282
vt 0.190902 0.508650
vt 0.887982 0.876021
vt 0.485015 0.557077
vt 0.439071 0.654408
vt 0.381983 0.522273
vt 0.400194 0.521107
vt 0.411025 0.523856
vt 0.439755 0.627727
vt 0.171845 0.497929
vt 0.438445 0.603169
vt 0.477816 0.689724
vt 0.693820 0.515118
vt 0.894340 0.864134
vt 0.889314 0.840116
vt 0.201505 0.512959
vt 0.510887 0.525377
vt 0.735426 0.457797
vt 0.393921 0.894906
vt 0.202803 0.831166
vt 0.563214 0.520815
vt 0.532599 0.519778
vt 0.118535 0.897366
vt 0.662522 0.822111
vt 0.631223 0.519130
vt 0.649174 0.519649
vt 0.671538 0.517369
vt 0.166909 0.488348
vt 0.517720 0.455987
vt 0.250756 0.818659
vt 0.183873 0.829707
vt 0.167272 0.831157
vt 0.430695 0.706369
vt 0.431503 0.684202
vt 0.334414 0.458596
vt 0.753081 0.464514
vt 0.353847 0.817671
vt 0.364041 0.819769
vt 0.586395 0.458998
vt 0.742912 0.520270
vt 0.829212 0.898914
vt 0.754238 0.516032
vt 0.553831 0.815049
vt 0.880879 0.890118
vt 0.296030 0.514646
vt 0.533325 0.812333
vt 0.518553 0.525809
vt 0.163820 0.477831
vt 0.227165 0.513803
vt 0.250810 0.511983
vt 0.213212 0.514555
vt 0.762058 0.508141
vt 0.613380 0.521887
vt 0.725465 0.525636
vt 0.732973 0.525106
vt 0.353591 0.896779
vt 0.154876 0.828255
vt 0.562809 0.900048
vt 0.460026 0.453302
vt 0.863946 0.814958
vt 0.501629 0.893126
vt 0.478389 0.887983
vt 0.738894 0.815569
vt 0.610369 0.899069
vt 0.344938 0.520718
vt 0.329942 0.516755
vt 0.492618 0.453237
vt 0.380351 0.828514
vt 0.398716 0.820399
vt 0.404959 0.807675
vt 0.274753 0.894410
vt 0.516777 0.807135
vt 0.128949 0.902224
vt 0.502666 0.788990
vt 0.422021 0.774354
vt 0.422755 0.785816
vt 0.416023 0.805006
vt 0.493871 0.779035
vt 0.316330 0.898874
vt 0.163292 0.891950
vt 0.431112 0.668413
vt 0.432564 0.631548
vt 0.867970 0.902224
vt 0.423528 0.760321
vt 0.416180 0.532889
vt 0.421480 0.537730
vt 0.426855 0.549360
vt 0.186382 0.513140
vt 0.177737 0.509538
vt 0.416960 0.784378
vt 0.892627 0.831134
vt 0.491685 0.545179
vt 0.501994 0.539046
vt 0.161646 0.490025
vt 0.762524 0.515975
vt 0.901150 0.848986
vt 0.160157 0.502014
vt 0.167573 0.511105
vt 0.884072 0.822708
vt 0.406852 0.796627
vt 0.163280 0.507947
vt 0.701667 0.627283
vt 0.707205 0.635443
vt 0.714822 0.626230
vt 0.709516 0.615306
vt 0.700549 0.617232
vt 0.715519 0.638121
vt 0.696919 0.637990
vt 0.689874 0.631792
vt 0.696849 0.645641
vt 0.708220 0.647587
vt 0.690797 0.620398
vt 0.684761 0.644461
vt 0.684346 0.656230
vt 0.697374 0.655756
vt 0.682058 0.635423
vt 0.711215 0.655099
vt 0.720275 0.650583
vt 0.695521 0.664888
vt 0.686334 0.669473
vt 0.712407 0.662640
vt 0.679203 0.670782
vt 0.677631 0.650355
vt 0.722508 0.659752
vt 0.724591 0.641806
vt 0.725177 0.633209
vt 0.675689 0.662334
vt 0.702564 0.673696
vt 0.683160 0.624615
vt 0.695767 0.612072
vt 0.706827 0.606124
vt 0.718431 0.613523
vt 0.723243 0.622788
vt 0.729965 0.649882
vt 0.698187 0.601979
vt 0.687278 0.612972
vt 0.717032 0.605320
vt 0.674694 0.639466
vt 0.706814 0.599654
vt 0.676558 0.624333
vt 0.679548 0.614900
vt 0.733645 0.634411
vt 0.732620 0.621714
vt 0.729213 0.610028
vt 0.725364 0.603090
vt 0.733645 0.663095
vt 0.691156 0.596975
vt 0.697701 0.592192
vt 0.702731 0.589341
vt 0.718414 0.596098
vt 0.683151 0.605577
vt 0.712315 0.590884
vn 0.893201 -0.041237 0.447762
vn 0.893201 -0.041237 0.447762
vn 0.893201 -0.041237 0.447762
vn 0.993013 -0.037730 0.087219
vn 0.980897 -0.142548 0.099133
vn 0.962564 -0.218677 0.113274
vn 0.962308 -0.231357 0.083189
vn 0.990304 -0.061567 0.099316
vn 0.968687 -0.215782 0.014111
vn 0.990242 -0.083106 -0.018032
vn 0.992993 0.057740 0.092762
vn 0.995433 -0.030991 0.077753
vn 0.964805 -0.210437 0.124312
vn 0.991990 -0.045104 0.090382
vn 0.957515 -0.232341 0.145319
vn 0.984542 -0.105144 0.106847
vn 0.919636 -0.324687 0.168549
vn 0.986740 -0.089380 0.068911
vn 0.995671 0.047903 0.070790
vn 0.996119 0.043273 0.072548
vn 0.995588 0.037043 0.079525
vn 0.995995 0.053953 0.052339
vn 0.979627 -0.114440 0.021710
vn 0.992890 0.090444 0.034509
vn 0.995408 0.070647 0.036290
vn 0.996324 0.056237 0.061325
vn 0.993036 0.078237 0.078576
vn 0.991655 0.089812 0.081944
vn 0.992901 0.089886 0.075952
vn 0.990303 0.121115 0.063308
vn 0.987394 0.129568 0.084080
vn 0.994223 0.066173 0.078962
vn 0.993018 0.092075 0.054691
vn 0.971240 0.184246 0.065193
vn 0.915838 0.345893 0.078923
vn 0.993344 0.081933 0.078156
vn 0.990523 0.126689 0.005942
vn 0.963799 0.218912 0.084421
vn 0.982395 0.173484 0.058791
vn 0.989554 0.046920 -0.096374
vn 0.990870 0.093718 0.021138
vn 0.974218 -0.152644 0.000215
vn 0.988376 0.114836 0.006017
vn 0.982909 -0.092267 0.002033
vn 0.984283 0.147175 0.001959
vn 0.981695 -0.093978 0.009353
vn 0.983938 0.134377 0.000459
vn 0.982753 0.102154 -0.023422
vn 0.955633 0.256100 -0.000716
vn 0.916286 -0.349316 0.024937
vn 0.921119 -0.294025 -0.037810
vn 0.985900 0.122891 -0.087219
vn 0.935904 0.312014 0.037013
vn 0.977548 0.206982 0.033680
vn 0.920558 0.320251 0.076305
vn 0.907559 0.343733 0.073213
vn 0.957221 0.258072 -0.005576
vn 0.964132 0.245770 0.064727
vn 0.973305 0.228159 0.014095
vn 0.966124 0.250728 0.031306
vn 0.966699 0.254144 0.006429
vn 0.961737 0.270606 0.000596
vn 0.953429 0.297340 -0.028401
vn 0.969395 0.174732 -0.105095
vn 0.961333 0.269207 0.031620
vn 0.963494 0.265906 0.019927
vn 0.951761 0.303626 0.016821
vn 0.975834 0.048856 -0.181846
vn 0.979833 0.123605 -0.143198
vn 0.961141 -0.164062 -0.177387
vn 0.982987 0.054803 -0.169022
vn 0.971090 0.149378 -0.124526
vn 0.929507 0.357792 0.039836
vn 0.988760 0.009263 -0.132003
vn 0.993563 0.009553 -0.086021
vn 0.972355 0.166591 -0.091156
vn 0.992306 0.069167 -0.082096
vn 0.949916 0.270995 -0.064456
vn 0.989440 0.100123 -0.042153
vn 0.865745 0.456608 -0.021576
vn 0.988389 -0.066028 -0.066685
vn 0.996431 -0.014233 -0.031271
vn 0.996782 0.058365 -0.020351
vn 0.918724 0.361727 0.018888
vn 0.983882 0.107799 -0.035183
vn 0.999021 0.015564 -0.025251
vn 0.999276 0.004975 -0.025515
vn 0.996659 0.023648 -0.073860
vn 0.997828 0.005698 -0.017177
vn 0.991981 0.087563 -0.075446
vn 0.991863 0.091476 -0.016654
vn 0.979258 0.187827 -0.053961
vn 0.990487 0.076048 -0.012234
vn 0.976620 0.190635 -0.026619
vn 0.991342 -0.075974 -0.008994
vn 0.996288 -0.031060 0.039832
vn 0.989713 -0.108382 0.043882
vn 0.973469 0.202844 -0.006734
vn 0.993572 -0.031902 0.023671
vn 0.978797 0.163532 0.024711
vn 0.979705 -0.048033 0.052905
vn 0.991855 0.023722 -0.120212
vn 0.964330 0.230107 0.047704
vn 0.949828 0.288654 0.052916
vn 0.996758 -0.060823 0.012282
vn 0.976786 0.087533 -0.124362
vn 0.991580 0.056063 0.074228
vn 0.942272 0.293404 0.131393
vn 0.972275 -0.165076 0.037869
vn 0.973233 -0.175479 0.029516
vn 0.966629 0.254159 -0.018374
vn 0.992137 0.065145 -0.099917
vn 0.988110 0.040968 -0.131600
vn 0.988518 0.118704 -0.082299
vn 0.989018 0.111460 -0.078696
vn 0.988995 0.128611 -0.052274
vn 0.972991 0.223017 -0.031153
vn 0.988325 0.144110 -0.027342
vn 0.988268 0.140994 -0.028073
vn 0.991602 0.123556 -0.003452
vn 0.975345 0.172982 0.013230
vn 0.993697 0.098310 0.016421
vn 0.991112 0.123496 0.014353
vn 0.978602 0.198032 -0.007688
vn 0.966302 0.228024 0.043372
vn 0.975692 0.212875 -0.009761
vn 0.925716 0.299930 -0.085858
vn 0.951995 0.255104 -0.123088
vn 0.988700 0.123954 0.070263
vn 0.871822 0.388473 0.013044
vn 0.970016 0.171958 0.144057
vn 0.836327 0.490001 0.039329
vn 0.919508 0.357759 -0.001867
vn 0.953852 0.294796 0.002266
vn 0.953639 0.227510 0.166806
vn 0.969259 0.169085 0.173782
vn 0.802543 0.522853 -0.068152
vn 0.985568 0.017091 0.054286
vn 0.952511 0.238219 0.172717
vn 0.884555 0.393521 -0.152229
vn 0.975019 0.184442 0.096608
vn 0.988391 0.096439 -0.046738
vn 0.980702 0.175645 0.014275
vn 0.971073 -0.163313 -0.058915
vn 0.956544 0.133908 -0.228413
vn 0.927034 0.263038 -0.157452
vn 0.909951 0.321917 -0.023426
vn 0.971438 0.176475 0.139069
vn 0.970281 0.176461 0.159266
vn 0.944765 0.307102 -0.100170
vn 0.983948 0.049872 -0.092310
vn 0.957429 0.254135 -0.123887
vn 0.980490 0.151976 -0.056060
vn 0.969426 0.232304 0.014551
vn 0.981810 0.146960 0.050308
vn 0.962294 0.182145 0.173162
vn 0.974778 -0.116934 0.033399
vn 0.903160 0.344406 -0.127604
vn 0.960487 -0.169777 -0.085613
vn 0.901236 0.330600 0.188409
vn 0.820175 0.503244 0.062821
vn 0.938057 0.339475 -0.008467
vn 0.952898 0.288137 -0.071501
vn 0.949631 0.305771 -0.045534
vn 0.915447 0.358151 -0.109558
vn 0.959338 0.208332 0.186655
vn 0.938250 -0.187099 0.182288
vn 0.950127 0.267415 -0.152965
vn 0.924963 0.304486 -0.153367
vn 0.928162 0.364648 0.035323
vn 0.944333 0.326009 0.040295
vn 0.931967 0.348570 0.089690
vn 0.788116 0.563499 0.067939
vn 0.900998 0.421111 -0.063627
vn 0.846921 0.455324 0.103995
vn 0.892572 0.442689 0.039878
vn 0.852667 0.495509 0.039301
vn 0.834188 0.485759 -0.079913
vn 0.931152 -0.295212 -0.018561
vn 0.945674 -0.184994 -0.188871
vn 0.926549 -0.190040 -0.253829
vn 0.783998 0.576493 -0.102217
vn 0.824058 0.503155 -0.119027
vn 0.937207 0.336771 0.074224
vn 0.833730 0.531439 0.050635
vn 0.905648 0.246504 0.320567
vn 0.817985 0.550713 0.049811
vn 0.857323 0.274752 -0.383422
vn 0.913779 -0.309840 -0.101775
vn 0.951542 -0.242324 -0.106001
vn 0.981987 -0.168113 0.011314
vn 0.964552 -0.223354 0.072045
vn 0.936389 0.122190 0.312486
vn 0.943153 -0.080868 -0.299149
vn 0.760943 0.598778 -0.081255
vn 0.814216 0.529718 -0.137739
vn 0.759321 0.625732 -0.041483
vn 0.976905 -0.191039 0.063499
vn 0.875353 0.472343 0.081474
vn 0.863792 0.483924 -0.045284
vn 0.907753 -0.368189 0.089080
vn 0.929328 -0.324109 0.017287
vn 0.905875 -0.392993 -0.014024
vn 0.881900 0.162433 -0.419779
vn 0.893572 -0.164910 0.376907
vn 0.887174 0.460052 -0.003852
vn 0.877436 0.002312 -0.448388
vn 0.889268 0.456880 -0.009936
vn 0.885321 -0.424695 -0.022112
vn 0.947911 -0.303598 0.053670
vn 0.915241 -0.362388 0.114407
vn 0.925557 -0.320655 -0.133827
vn 0.873200 0.485139 -0.014875
vn 0.861450 0.204902 0.448312
vn 0.943412 -0.299498 0.086729
vn 0.824487 0.555261 0.032948
vn 0.868115 0.492591 0.058418
vn 0.914752 -0.352863 0.159451
vn 0.908403 -0.186682 -0.352931
vn 0.855522 0.507862 -0.093829
vn 0.857973 0.510778 0.047190
vn 0.935563 -0.329678 0.073549
vn 0.924200 -0.360806 0.087775
vn 0.958923 -0.275309 0.007165
vn 0.840231 0.073797 0.515106
vn 0.849603 0.520032 0.087073
vn 0.814478 0.573473 0.054422
vn 0.836189 -0.227447 -0.455150
vn 0.769697 0.621286 -0.121087
vn 0.929283 -0.355424 0.018748
vn 0.875351 -0.249655 -0.399124
vn 0.786234 0.468182 0.367840
vn 0.941944 -0.329826 -0.040956
vn 0.896300 -0.392710 -0.138897
vn 0.906738 -0.411074 0.008824
vn 0.863001 -0.445506 0.194075
vn 0.923310 -0.356955 -0.128276
vn 0.847500 -0.485589 -0.125698
vn 0.903808 -0.415743 0.010579
vn 0.874441 -0.448010 0.130582
vn 0.898126 -0.420765 -0.008487
vn 0.853942 -0.406210 -0.294618
vn 0.919121 -0.303449 -0.244218
vn 0.872380 -0.350869 -0.305802
vn 0.895471 -0.432825 -0.007295
vn 0.896047 -0.427658 0.033312
vn 0.891538 -0.430366 0.093301
vn 0.878701 -0.452604 0.099616
vn 0.879535 -0.451401 0.039826
vn 0.887432 -0.448668 0.031032
vn 0.878289 -0.239649 -0.405125
vn 0.809476 0.285009 0.508085
vn 0.804435 0.279219 -0.517968
vn 0.820092 -0.072143 0.546146
vn 0.880968 -0.459588 0.097333
vn 0.828087 -0.538780 0.066762
vn 0.867466 -0.485340 -0.030737
vn 0.858416 -0.410424 0.281270
vn 0.830307 -0.538957 -0.105481
vn 0.831574 -0.461709 -0.268043
vn 0.804096 -0.384032 -0.440650
vn 0.838690 -0.524489 0.102094
vn 0.878641 -0.474933 0.036957
vn 0.872643 -0.465159 0.129289
vn 0.730142 0.682123 -0.002751
vn 0.828109 -0.555106 0.007219
vn 0.784783 0.186225 0.588465
vn 0.825744 -0.348926 0.420059
vn 0.803355 -0.417225 -0.395905
vn 0.861352 -0.506251 0.026653
vn 0.827794 -0.519101 0.196475
vn 0.859867 -0.503731 0.034931
vn 0.797029 0.002028 -0.598389
vn 0.858445 -0.512515 -0.003248
vn 0.836621 -0.507318 0.193844
vn 0.765730 -0.474380 -0.421747
vn 0.683415 0.727234 0.022537
vn 0.861849 -0.506566 0.006920
vn 0.856764 -0.515389 -0.013663
vn 0.842544 -0.537100 0.017621
vn 0.828343 -0.506875 -0.227222
vn 0.737622 0.675000 0.005610
vn 0.729945 0.682092 0.031786
vn 0.707166 0.600027 -0.365082
vn 0.722685 0.671284 -0.164625
vn 0.840741 -0.533709 -0.049952
vn 0.819726 -0.522355 -0.229652
vn 0.792765 -0.479739 -0.366893
vn 0.839644 -0.534981 0.085839
vn 0.835412 -0.547718 -0.014532
vn 0.713284 0.694962 -0.073154
vn 0.784733 -0.606268 0.095782
vn 0.776080 -0.166713 -0.593737
vn 0.689598 0.690633 0.203211
vn 0.652967 0.751485 -0.046283
vn 0.700270 0.500679 -0.496820
vn 0.698725 0.708449 -0.098822
vn 0.763581 0.079571 0.639580
vn 0.808321 -0.584169 -0.038062
vn 0.673438 0.735062 0.030655
vn 0.769832 0.056167 0.635770
vn 0.803652 -0.585503 0.097937
vn 0.807479 -0.579768 -0.098528
vn 0.795642 -0.593702 0.098827
vn 0.681881 0.730349 -0.031319
vn 0.785037 -0.589027 0.180228
vn 0.684245 0.721149 -0.107337
vn 0.789214 -0.606809 -0.032942
vn 0.807743 -0.553387 -0.184502
vn 0.788233 -0.608799 -0.069308
vn 0.677727 0.730082 -0.086760
vn 0.741907 -0.505452 -0.434988
vn 0.741044 -0.555600 -0.371271
vn 0.746897 -0.635571 -0.174352
vn 0.788320 -0.607754 -0.016310
vn 0.781635 -0.612347 -0.116499
vn 0.770081 -0.595541 0.227921
vn 0.750996 -0.651854 0.101629
vn 0.738265 -0.667588 0.096385
vn 0.729744 -0.678970 0.052498
vn 0.716361 -0.567749 0.405571
vn -0.017819 -0.984666 -0.145482
vn 0.007612 -0.996155 0.035585
vn -0.047044 -0.995383 0.006994
vn -0.053453 -0.978322 -0.174808
vn -0.079005 -0.984072 -0.129270
vn -0.086967 -0.990951 0.043291
vn -0.061106 -0.992063 0.020307
vn -0.061243 -0.974556 -0.179335
vn 0.020398 -0.980894 -0.152047
vn 0.082457 -0.972270 -0.164648
vn 0.088120 -0.987047 0.068739
vn 0.045956 -0.988901 0.094989
vn 0.050654 -0.987753 -0.082394
vn -0.008364 -0.958605 -0.280707
vn 0.085643 -0.971440 0.179481
vn 0.087852 -0.983744 -0.073574
vn -0.018202 -0.960441 0.239505
vn -0.071227 -0.967554 0.210487
vn 0.037410 -0.960259 0.249051
vn 0.219466 -0.968667 0.018857
vn 0.248491 -0.934582 -0.216616
vn -0.079632 -0.945036 -0.308284
vn 0.046559 -0.935721 -0.327326
vn 0.015411 -0.903353 -0.406769
vn 0.088354 -0.945584 -0.293397
vn -0.050940 -0.928508 -0.346085
vn 0.099007 -0.977689 -0.107047
vn -0.039805 -0.917265 -0.374492
vn 0.148105 -0.892910 -0.390173
vn 0.070047 -0.921526 -0.352469
vn 0.020610 -0.985870 -0.058964
vn -0.028582 -0.947578 -0.294179
vn -0.095817 -0.966330 -0.209700
vn -0.100077 -0.988747 -0.006624
vn -0.015571 -0.889556 -0.438486
vn -0.213252 -0.956859 -0.167858
vn -0.214912 -0.972798 -0.013425
vn -0.097206 -0.920262 -0.373083
vn -0.189328 -0.915835 -0.343273
vn -0.063030 -0.853662 -0.498855
vn -0.068680 -0.826785 -0.541257
vn 0.294128 -0.898359 -0.309385
vn -0.300558 -0.891429 -0.323722
vn 0.082151 -0.865388 -0.487875
vn -0.166244 -0.851987 -0.485043
vn -0.236712 -0.865963 -0.433304
vn 0.047035 -0.766347 -0.628008
vn 0.039837 -0.770123 -0.623208
vn -0.044284 -0.762086 -0.636399
vn -0.370116 -0.812756 -0.423032
vn -0.003095 -0.737481 -0.663722
vn 0.302820 -0.916304 -0.258638
vn 0.289293 -0.930436 -0.199048
vn 0.240173 -0.941488 -0.228888
vn 0.183532 -0.954905 -0.217478
vn 0.086185 -0.970509 -0.197350
vn -0.003895 -0.980891 -0.152999
vn -0.158508 -0.957779 -0.196273
vn -0.109448 -0.976498 -0.120035
vn 0.122545 -0.981163 -0.092475
vn -0.026903 -0.993414 -0.026066
vn 0.220110 -0.964719 -0.061121
vn -0.032734 -0.987952 0.034747
vn 0.179928 -0.978481 -0.030252
vn 0.026311 -0.994135 -0.017610
vn 0.148692 -0.967494 0.145052
vn 0.227791 -0.966419 -0.030976
vn 0.076199 -0.989835 -0.031571
vn -0.093631 -0.990797 -0.021347
vn -0.190693 -0.972406 -0.024961
vn 0.083229 -0.989674 -0.019567
vn 0.051793 -0.990125 -0.028280
vn -0.231053 -0.962710 -0.034751
vn -0.245019 -0.962400 -0.010644
vn -0.168130 -0.980216 0.008272
vn 0.057390 -0.987059 -0.017185
vn 0.104404 -0.962790 0.204996
vn -0.290232 -0.941600 -0.022603
vn -0.199567 -0.964892 0.031292
vn 0.073610 -0.985785 0.018896
vn -0.124942 -0.977017 -0.066733
vn 0.125840 -0.973385 -0.123805
vn 0.239860 -0.966842 -0.015208
vn 0.239402 -0.966988 -0.027750
vn 0.381886 -0.912561 -0.052321
vn 0.331662 -0.930046 -0.045656
vn 0.335916 -0.935324 -0.012819
vn 0.242850 -0.967363 0.020585
vn -0.233058 -0.961073 0.033326
vn -0.238019 -0.955801 -0.108919
vn 0.002467 -0.960274 0.233309
vn -0.110774 -0.972989 0.174977
vn 0.330435 -0.909367 -0.179071
vn -0.305604 -0.941603 -0.006290
vn 0.266653 -0.946419 -0.154061
vn 0.352905 -0.926584 -0.070475
vn -0.015568 -0.955997 0.257199
vn -0.234492 -0.946970 0.180039
vn 0.264958 -0.963952 0.010628
vn -0.097051 -0.954639 0.243836
vn 0.029819 -0.942253 0.281709
vn 0.166973 -0.929248 0.287599
vn -0.203674 -0.969201 0.122521
vn 0.124267 -0.894862 -0.372417
vn -0.125756 -0.877028 -0.405665
vn 0.359679 -0.929493 -0.042786
vn 0.306305 -0.948235 0.039841
vn 0.438562 -0.894129 -0.017731
vn 0.295716 -0.944929 -0.056804
vn 0.327446 -0.940849 -0.019292
vn -0.368005 -0.920203 0.037928
vn 0.349186 -0.930501 0.014040
vn 0.382388 -0.917584 0.053344
vn 0.342559 -0.922208 0.118476
vn 0.090931 -0.905498 0.384184
vn 0.344511 -0.896326 0.234064
vn 0.222652 -0.911502 0.322816
vn 0.341303 -0.912693 -0.214124
vn -0.371346 -0.908618 -0.123073
vn -0.218956 -0.970726 0.069100
vn -0.275066 -0.954278 -0.092509
vn -0.227487 -0.959969 0.158743
vn -0.183475 -0.969742 0.156981
vn -0.137897 -0.979257 0.124626
vn -0.151822 -0.985831 -0.011307
vn -0.012983 -0.988896 0.068911
vn 0.035945 -0.988700 -0.061643
vn -0.116121 -0.977401 -0.154850
vn 0.071253 -0.970308 -0.195486
vn 0.270978 -0.939960 0.088462
vn 0.328518 -0.920931 -0.084035
vn -0.038296 -0.961273 -0.251738
vn 0.017627 -0.967688 0.209158
vn -0.239287 -0.967730 -0.035154
vn -0.266801 -0.951656 -0.137293
vn 0.175942 -0.925750 -0.308322
vn -0.245212 -0.945131 -0.198541
vn -0.127832 -0.971058 0.199226
vn -0.157028 -0.972521 0.163795
vn 0.389676 -0.869072 -0.240628
vn -0.053829 -0.972827 0.211075
vn -0.075684 -0.983142 0.152891
vn -0.163224 -0.976080 0.130607
vn -0.246806 -0.954208 0.164124
vn -0.304672 -0.934720 0.160435
vn -0.020284 -0.989915 0.109056
vn -0.150658 -0.984342 0.073717
vn -0.344558 -0.926455 0.095053
vn -0.001354 -0.990367 0.050382
vn 0.147579 -0.976854 0.121427
vn 0.091707 -0.983546 0.138089
vn 0.252341 -0.959774 0.082294
vn 0.048586 -0.978636 0.191618
vn -0.231698 -0.965695 0.038296
vn -0.269058 -0.950730 0.029973
vn -0.208844 -0.969285 0.021459
vn 0.048431 -0.988945 0.017735
vn -0.189069 -0.974501 -0.034526
vn 0.075473 -0.988155 -0.034274
vn -0.113314 -0.984839 -0.059263
vn 0.116177 -0.983908 -0.040361
vn -0.108394 -0.985747 -0.048168
vn 0.118255 -0.984653 -0.023183
vn -0.091278 -0.988201 -0.021159
vn -0.096373 -0.983936 0.007787
vn 0.188754 -0.969014 -0.028865
vn 0.056103 -0.983170 -0.046339
vn -0.251404 -0.954136 -0.004401
vn -0.224623 -0.962809 -0.008646
vn 0.006414 -0.992758 -0.020034
vn 0.007322 -0.990344 0.044359
vn 0.274695 -0.944547 -0.066178
vn 0.311615 -0.936410 -0.009577
vn 0.208191 -0.957998 0.142902
vn -0.191376 -0.969054 0.102311
vn 0.234127 -0.968034 0.030944
vn 0.288563 -0.953135 -0.009376
vn 0.293100 -0.951901 -0.029606
vn -0.275536 -0.953918 0.029321
vn -0.242986 -0.965805 -0.019914
vn -0.266802 -0.957928 -0.049214
vn 0.005756 -0.959388 0.243147
vn 0.249616 -0.937440 0.197510
vn 0.143079 -0.948903 0.251147
vn 0.318034 -0.944939 -0.018869
vn -0.339440 -0.932906 -0.068379
vn -0.328810 -0.937437 -0.072530
vn 0.233800 -0.936152 0.226898
vn 0.485456 -0.842163 -0.110640
vn -0.240540 -0.922556 0.245113
vn 0.373268 -0.925099 -0.002742
vn 0.281946 -0.947018 0.141363
vn 0.387019 -0.889270 0.198469
vn 0.297265 -0.889674 0.304958
vn -0.404958 -0.900499 0.093688
vn -0.433912 -0.889546 0.046288
vn -0.552148 -0.825816 -0.029420
vn 0.409304 -0.855575 0.235357
vn -0.233953 -0.930147 0.258359
vn -0.106769 -0.926187 0.343896
vn -0.048938 -0.962427 -0.239502
vn -0.135946 -0.971366 -0.173410
vn 0.068450 -0.968000 -0.203011
vn 0.113178 -0.969935 -0.117953
vn -0.227817 -0.959967 -0.076419
vn -0.098173 -0.992725 -0.034047
vn -0.009746 -0.991542 0.001042
vn 0.239648 -0.961483 -0.015135
vn 0.169340 -0.978110 0.042520
vn -0.025060 -0.992015 0.036494
vn 0.222954 -0.962154 0.068598
vn -0.085357 -0.987250 0.056741
vn 0.088823 -0.987519 0.080052
vn -0.131662 -0.983831 0.062676
vn 0.103725 -0.985604 0.050735
vn -0.077859 -0.990051 0.021789
vn 0.205190 -0.963038 -0.019294
vn 0.023298 -0.995233 -0.003459
vn 0.253115 -0.954851 -0.030054
vn 0.192174 -0.976036 -0.012784
vn 0.066001 -0.990667 -0.009517
vn -0.192878 -0.977870 0.001061
vn -0.044153 -0.992322 -0.008993
vn 0.211397 -0.970847 0.008568
vn 0.040973 -0.993804 -0.016368
vn 0.194571 -0.976897 -0.039156
vn -0.184760 -0.977215 -0.022090
vn 0.038230 -0.992598 -0.051023
vn -0.160701 -0.981942 -0.048489
vn -0.005654 -0.992113 -0.074118
vn -0.228614 -0.961000 -0.078523
vn 0.201441 -0.970552 -0.088189
vn 0.021082 -0.973660 -0.185095
vn -0.263410 -0.959367 0.009352
vn -0.274922 -0.955198 -0.007157
vn 0.313056 -0.942438 0.007442
vn -0.294128 -0.930208 -0.165353
vn 0.340272 -0.931821 0.057447
vn -0.278625 -0.957312 0.041227
vn -0.305843 -0.935618 -0.155541
vn 0.254786 -0.931239 -0.229217
vn -0.288328 -0.952006 0.062797
vn -0.296169 -0.951038 0.044855
vn 0.231994 -0.940109 -0.228434
vn 0.232711 -0.899399 -0.324784
vn 0.324950 -0.942010 -0.055820
vn 0.342684 -0.937011 0.003984
vn -0.156539 -0.869453 -0.425351
vn 0.093078 -0.887719 -0.416416
vn -0.369509 -0.925696 0.006927
vn -0.377290 -0.900469 -0.147476
vn -0.170262 -0.943243 0.234574
vn -0.383625 -0.919260 -0.043571
vn 0.587766 -0.792104 -0.052111
vn 0.113054 -0.854531 0.481276
vn 0.510955 -0.844987 -0.003892
vn 0.393521 -0.914132 -0.013706
vn 0.383428 -0.916558 -0.087855
vn 0.401269 -0.907645 0.051439
vn 0.506440 -0.843636 -0.025781
vn -0.414283 -0.905827 -0.025694
vn -0.430593 -0.893175 -0.048518
vn -0.410672 -0.907386 0.033285
vn -0.098407 -0.897084 0.420594
vn -0.442158 -0.887658 0.041331
vn -0.514566 -0.846150 0.013233
vn -0.440259 -0.893007 0.042244
vn -0.419713 -0.902524 0.061418
vn -0.322385 -0.922059 -0.206206
vn -0.374559 -0.898748 -0.220349
vn -0.419826 -0.890291 -0.159301
vn -0.329749 -0.912618 0.226401
vn -0.458016 -0.882354 -0.022774
vn 0.372148 -0.924100 0.050495
vn 0.383208 -0.906729 0.131150
vn -0.484157 -0.863785 0.038009
vn 0.450801 -0.839464 -0.240633
vn 0.456501 -0.864766 -0.122955
vn -0.425000 -0.898113 -0.033479
vn -0.401661 -0.906302 -0.023740
vn -0.357553 -0.931654 -0.040137
vn -0.474422 -0.872290 0.000625
vn 0.382015 -0.908193 -0.151673
vn -0.376678 -0.909257 0.143726
vn 0.460614 -0.875355 0.072858
vn 0.466738 -0.873690 0.081595
vn 0.436266 -0.896940 -0.017189
vn -0.426375 -0.897580 -0.052471
vn -0.437039 -0.894932 0.012071
vn -0.438145 -0.894402 0.059762
vn -0.466667 -0.880594 0.032662
vn 0.452834 -0.881252 0.073475
vn 0.380431 -0.923793 -0.004688
vn 0.403163 -0.913091 -0.015671
vn 0.119524 -0.923168 0.337468
vn 0.005363 -0.972014 0.177597
vn -0.277740 -0.939759 0.132640
vn -0.184949 -0.971413 0.040367
vn 0.067903 -0.983227 0.059914
vn -0.130338 -0.981185 -0.046494
vn 0.151699 -0.981260 -0.017445
vn -0.030967 -0.991000 -0.022082
vn 0.201515 -0.974117 -0.007335
vn 0.155384 -0.983837 0.016937
vn -0.064597 -0.991371 0.035534
vn 0.073923 -0.988818 0.032334
vn -0.181052 -0.973905 0.057750
vn -0.169911 -0.976505 0.018689
vn 0.033398 -0.986163 -0.008512
vn -0.295150 -0.932775 -0.137580
vn -0.273552 -0.953866 0.006175
vn 0.008044 -0.967643 -0.169994
vn -0.304638 -0.944219 0.065415
vn 0.266024 -0.959020 0.007764
vn 0.323580 -0.925185 -0.118085
vn -0.284281 -0.950802 -0.065329
vn 0.316390 -0.944338 0.015165
vn 0.318862 -0.938588 0.064455
vn 0.268313 -0.936476 0.183744
vn 0.241988 -0.921428 0.275223
vn 0.335822 -0.938954 0.005658
vn 0.337723 -0.937208 0.018236
vn -0.400095 -0.899676 -0.076520
vn -0.421433 -0.901435 -0.017506
vn 0.360976 -0.930480 -0.006911
vn -0.165332 -0.961397 -0.163482
vn 0.127909 -0.966032 -0.164484
vn 0.098044 -0.981575 -0.036794
vn -0.223792 -0.963696 -0.051416
vn -0.182578 -0.975408 0.030908
vn 0.081477 -0.985937 0.084662
vn -0.095544 -0.985815 0.104412
vn 0.067349 -0.975296 0.172871
vn -0.107086 -0.966077 0.204555
vn 0.347691 -0.916829 0.123288
vn 0.357272 -0.920761 0.038982
vn -0.309589 -0.942442 0.072140
vn 0.412937 -0.889804 -0.135449
vn 0.401464 -0.903060 -0.063979
vn 0.303370 -0.912727 0.241409
vn 0.133134 -0.906606 0.363570
vn -0.145776 -0.920099 0.341467
vn -0.299984 -0.922499 0.218043
vn -0.379875 -0.917393 0.076326
vn -0.401418 -0.909356 0.021765
vn -0.434719 -0.887034 -0.046497
vn -0.401753 -0.897768 -0.152760
vn -0.458297 -0.868589 0.128063
vn -0.376794 -0.907780 -0.148143
vn 0.457463 -0.874112 0.080211
vn -0.036752 -0.874213 0.462959
vn 0.019474 -0.852790 0.497317
vn 0.029695 -0.926241 0.354438
vn -0.297803 -0.885401 0.316585
vn -0.481189 -0.868378 -0.042187
vn 0.492673 -0.859318 0.069847
vn 0.088047 -0.862450 0.474045
vn -0.062888 -0.846007 0.503839
vn 0.474501 -0.876776 0.034669
vn 0.086339 -0.862126 0.485289
vn -0.445771 -0.889810 -0.056359
vn 0.482336 -0.870526 0.009246
vn 0.429496 -0.897740 -0.014964
vn 0.443862 -0.842028 0.243873
vn -0.483379 -0.866921 0.069364
vn 0.516855 -0.847441 -0.041466
vn 0.479395 -0.869583 -0.074424
vn 0.315596 -0.837419 -0.418048
vn -0.479676 -0.868786 -0.060166
vn -0.465409 -0.881486 -0.003771
vn -0.498339 -0.857598 0.051043
vn -0.495420 -0.859313 0.085931
vn 0.534416 -0.835482 0.040931
vn -0.495489 -0.857579 0.068362
vn -0.444324 -0.889947 -0.061761
vn 0.445499 -0.875638 -0.133256
vn 0.531576 -0.834835 0.027913
vn -0.555145 -0.820622 -0.054644
vn 0.516849 -0.846143 0.043785
vn 0.497961 -0.862913 0.000552
vn 0.478116 -0.874938 -0.005314
vn -0.386357 -0.828322 0.376234
vn 0.473087 -0.876858 -0.048781
vn 0.537902 -0.827077 -0.091432
vn -0.511644 -0.838178 -0.164282
vn -0.504197 -0.854090 -0.037851
vn -0.432927 -0.896971 0.069338
vn 0.511606 -0.854099 -0.027020
vn -0.363619 -0.807712 -0.422749
vn 0.439209 -0.876520 -0.170301
vn -0.413582 -0.909961 0.022488
vn 0.471678 -0.868154 -0.043750
vn -0.497886 -0.860965 -0.043286
vn -0.098708 -0.847256 0.500098
vn -0.263880 -0.787366 0.542980
vn 0.481403 -0.871436 -0.009672
vn 0.556143 -0.820735 -0.077317
vn -0.383155 -0.873743 -0.294550
vn -0.515378 -0.841768 -0.107943
vn -0.516019 -0.843806 -0.080233
vn -0.515326 -0.822350 0.190757
vn -0.533652 -0.833991 0.061804
vn 0.512467 -0.852150 -0.056808
vn 0.461438 -0.839881 -0.253595
vn -0.480040 -0.846632 0.190882
vn 0.412618 -0.865804 0.246267
vn 0.562855 -0.814327 -0.090343
vn 0.283641 -0.865281 0.396559
vn -0.208908 -0.832111 0.494683
vn 0.493217 -0.865527 0.026765
vn 0.362737 -0.803071 -0.443128
vn -0.522128 -0.842180 -0.094001
vn -0.514378 -0.850449 0.058308
vn 0.432593 -0.804577 0.384483
vn 0.397442 -0.829943 0.375766
vn 0.544583 -0.829143 0.046630
vn 0.467955 -0.875458 0.107889
vn 0.553579 -0.814189 -0.125409
vn 0.456633 -0.835014 0.279530
vn 0.460694 -0.846383 -0.236454
vn 0.389450 -0.832567 0.371996
vn -0.398931 -0.835601 -0.341847
vn -0.088283 -0.884902 0.452087
vn 0.106476 -0.901352 0.414344
vn 0.152186 -0.851977 0.477903
vn 0.286760 -0.774376 0.530240
vn -0.457810 -0.886538 0.037744
vn -0.479495 -0.874667 -0.027983
vn -0.346772 -0.842053 0.392456
vn -0.552520 -0.816040 0.110359
vn 0.401619 -0.838784 -0.344545
vn 0.486118 -0.825276 -0.267772
vn 0.508245 -0.837574 0.157303
vn 0.530622 -0.835698 0.082246
vn 0.459910 -0.789337 -0.373103
vn -0.525880 -0.842973 0.072224
vn 0.555220 -0.783963 0.240668
vn -0.532179 -0.842035 0.050977
vn -0.549281 -0.830335 0.056249
vn 0.532950 -0.831120 -0.126501
vn -0.520355 -0.851772 0.027254
vn -0.568116 -0.816930 -0.046940
vn -0.555982 -0.796718 0.193767
vn 0.516865 -0.817682 0.218443
vn 0.562744 -0.819861 0.032119
vn -0.585613 -0.808642 -0.029432
vn 0.506711 -0.811702 0.244539
vn 0.564430 -0.823433 0.001940
vn 0.155407 -0.795285 0.564360
vn 0.539699 -0.838272 -0.021743
vn 0.503504 -0.862067 -0.035078
vn 0.504642 -0.860997 -0.056236
vn -0.452461 -0.849269 -0.254511
vn -0.526521 -0.834982 -0.134445
vn 0.532425 -0.840746 0.069431
vn 0.577504 -0.811234 -0.011392
vn 0.401045 -0.790422 0.450368
vn -0.445563 -0.808997 0.368955
vn -0.508314 -0.803572 0.294044
vn 0.391298 -0.823915 0.400724
vn -0.533176 -0.843006 0.010003
vn -0.532153 -0.838074 -0.078186
vn -0.489234 -0.870264 0.027639
vn -0.473001 -0.850510 -0.196279
vn -0.582282 -0.808726 -0.034753
vn -0.510756 -0.857785 0.033259
vn 0.522618 -0.846956 0.075057
vn 0.508209 -0.857269 0.070597
vn 0.603849 -0.794239 0.017821
vn 0.556490 -0.824657 0.054101
vn 0.576291 -0.811151 -0.009322
vn 0.487648 -0.845706 -0.194794
vn 0.496927 -0.841419 -0.161521
vn 0.412957 -0.895935 -0.063177
vn 0.488074 -0.854056 -0.016455
vn 0.412551 -0.900121 0.002692
vn 0.484701 -0.860324 0.049054
vn 0.491714 -0.858836 0.001555
vn 0.555053 -0.817029 0.108277
vn 0.562317 -0.814008 0.093588
vn 0.612674 -0.770195 0.133068
vn 0.516347 -0.845732 -0.129677
vn 0.485375 -0.770156 0.391536
vn -0.577495 -0.800341 -0.145525
vn -0.535505 -0.838193 -0.075834
vn -0.559292 -0.819292 -0.081902
vn -0.571457 -0.817724 -0.020995
vn 0.441500 -0.720173 0.524402
vn -0.554098 -0.828407 -0.048856
vn -0.464254 -0.827340 0.310583
vn 0.529261 -0.843741 0.002523
vn 0.540947 -0.829131 -0.093218
vn 0.610552 -0.773871 -0.141887
vn 0.581151 -0.810537 -0.016739
vn 0.528231 -0.844728 0.071963
vn 0.564063 -0.820887 0.040962
vn -0.590688 -0.785274 0.154722
vn -0.589630 -0.792771 0.126905
vn -0.611108 -0.785691 0.053612
vn 0.580813 -0.799666 0.072097
vn 0.615798 -0.770106 -0.100141
vn -0.101235 -0.853361 0.511242
vn 0.635054 -0.766397 -0.046272
vn -0.561959 -0.824649 -0.000638
vn -0.578146 -0.811580 0.031215
vn 0.577136 -0.814889 -0.026268
vn -0.273445 -0.763408 -0.570047
vn -0.163746 -0.803076 -0.571696
vn 0.533723 -0.843601 0.057032
vn 0.585193 -0.809675 -0.011414
vn 0.397837 -0.753177 0.501953
vn 0.579139 -0.805919 -0.061504
vn 0.342860 -0.788413 -0.492264
vn -0.557919 -0.829039 -0.015058
vn -0.552901 -0.831947 -0.038893
vn -0.019308 -0.775858 -0.619303
vn 0.589093 -0.804578 0.061958
vn 0.561434 -0.825451 -0.050177
vn 0.566899 -0.823230 0.009881
vn -0.582983 -0.807464 -0.057536
vn 0.613281 -0.769190 -0.164593
vn -0.609601 -0.790554 0.004265
vn -0.604634 -0.792284 -0.031226
vn 0.509764 -0.762625 -0.378848
vn -0.568918 -0.820949 -0.006417
vn 0.595834 -0.762136 0.227425
vn 0.020563 -0.825351 -0.552461
vn 0.628340 -0.763003 0.111465
vn 0.608823 -0.792421 -0.025624
vn 0.612194 -0.790264 -0.025709
vn -0.563248 -0.820392 -0.081468
vn 0.123541 -0.820128 0.558288
vn 0.112527 -0.808097 0.577500
vn 0.599858 -0.795128 -0.072396
vn 0.581705 -0.812650 -0.009791
vn -0.448374 -0.738760 -0.479619
vn 0.300148 -0.772007 -0.542786
vn 0.617477 -0.779872 0.031297
vn 0.194231 -0.770146 -0.592356
vn 0.507668 -0.724380 -0.440737
vn 0.609349 -0.755026 -0.218788
vn -0.537682 -0.751635 -0.345228
vn -0.624919 -0.776997 0.042603
vn -0.162824 -0.813064 -0.547294
vn -0.378049 -0.770249 -0.506806
vn -0.476500 -0.781944 -0.389829
vn -0.567074 -0.785056 -0.222397
vn -0.582655 -0.807955 0.083170
vn 0.593006 -0.804964 -0.009360
vn -0.588923 -0.808184 0.002095
vn -0.042600 -0.756994 -0.646138
vn 0.621591 -0.773769 -0.070610
vn -0.628687 -0.765235 0.112382
vn 0.626812 -0.777415 -0.013785
vn -0.626780 -0.770340 -0.078341
vn 0.597875 -0.796654 0.087559
vn 0.626293 -0.775099 0.067796
vn -0.585120 -0.806244 0.085323
vn -0.599502 -0.794131 -0.090938
vn -0.590058 -0.799187 -0.114408
vn -0.633443 -0.770640 -0.026216
vn -0.598460 -0.785713 -0.151290
vn 0.130734 -0.719601 -0.659481
vn -0.117064 -0.752283 -0.627822
vn -0.011348 -0.792161 0.608677
vn 0.112757 -0.779146 0.615236
vn 0.124044 -0.788507 0.602353
vn -0.587350 -0.807879 -0.048474
vn 0.612312 -0.787603 -0.064590
vn 0.625439 -0.778737 0.023941
vn 0.614539 -0.745986 -0.234033
vn 0.076010 -0.777862 0.621138
vn 0.624748 -0.767020 -0.134291
vn -0.597561 -0.796662 0.089745
vn 0.641358 -0.759586 0.047902
vn 0.539375 -0.713345 -0.421092
vn 0.617971 -0.785783 0.002388
vn -0.608371 -0.785086 -0.111129
vn 0.536943 -0.742145 0.382507
vn -0.661006 -0.733713 -0.117473
vn 0.611922 -0.788785 0.028688
vn 0.622438 -0.782322 -0.018153
vn 0.597905 -0.790032 0.125277
vn 0.553961 -0.797379 0.238523
vn 0.540159 -0.766331 0.340970
vn -0.593807 -0.757802 0.261786
vn -0.647394 -0.756352 0.053255
vn -0.650127 -0.755898 0.054376
vn -0.621073 -0.781251 0.038425
vn 0.607832 -0.753155 -0.228898
vn -0.067292 -0.718607 0.673311
vn -0.616073 -0.785554 -0.024325
vn -0.627349 -0.773279 -0.092030
vn -0.625590 -0.775195 -0.072164
vn -0.626086 -0.778477 -0.010714
vn -0.636004 -0.769774 0.046695
vn -0.665197 -0.745444 0.034705
vn 0.476232 -0.713487 -0.497613
vn 0.166238 -0.682118 0.694686
vn 0.380372 -0.650428 0.640973
vn -0.618477 -0.778537 0.095015
vn -0.550565 -0.767057 0.316883
vn -0.619540 -0.783484 0.040876
vn 0.601400 -0.745367 -0.269713
vn -0.653701 -0.754256 0.006675
vn -0.652100 -0.755931 0.033871
vn -0.661939 -0.747102 -0.011221
vn 0.589378 -0.734815 -0.326673
vn -0.451671 -0.670254 0.567586
vn 0.432285 -0.688548 -0.564632
vn -0.627850 -0.777460 -0.029550
vn -0.648211 -0.760556 0.003312
vn -0.633220 -0.769937 -0.000779
vn -0.621785 -0.779812 0.063300
vn -0.438093 -0.782600 0.440246
vn -0.517603 -0.772037 0.363014
vn -0.308524 -0.781224 0.538005
vn -0.142184 -0.770016 0.614264
vn 0.637405 -0.770464 -0.004360
vn -0.566886 -0.776703 0.269187
vn -0.622358 -0.762050 0.174035
vn 0.646124 -0.757579 -0.049262
vn 0.379579 -0.672030 -0.620267
vn 0.648701 -0.750106 -0.115287
vn 0.637978 -0.770040 -0.004669
vn 0.659513 -0.746177 0.053571
vn 0.621332 -0.756943 -0.202240
vn -0.637811 -0.764250 0.031070
vn 0.639744 -0.760793 0.085370
vn -0.671080 -0.734585 -0.042344
vn -0.657488 -0.746728 -0.063576
vn 0.617006 -0.753587 0.224274
vn -0.297682 -0.618468 0.710644
vn 0.503851 -0.720588 0.469419
vn -0.512765 -0.714861 0.461327
vn -0.640270 -0.750782 0.152633
vn -0.669260 -0.724700 0.163978
vn -0.628919 -0.753685 0.185839
vn -0.382035 -0.713375 -0.580531
vn -0.634231 -0.748622 0.184149
vn 0.617221 -0.749333 0.238937
vn 0.667488 -0.742388 -0.028696
vn 0.602175 -0.695025 -0.387766
vn 0.017489 -0.744846 0.666464
vn -0.654350 -0.751330 -0.085564
vn 0.641668 -0.734941 0.216445
vn 0.655093 -0.695981 0.271627
vn -0.671290 -0.738820 0.056589
vn 0.380313 -0.682351 0.609971
vn 0.683307 -0.719995 0.088159
vn 0.693377 -0.687668 0.207765
vn -0.061013 -0.722438 -0.688215
vn -0.481312 -0.707752 -0.505925
vn -0.397075 -0.662996 -0.624538
vn -0.665238 -0.735836 0.114778
vn -0.678276 -0.734568 0.014099
vn -0.689305 -0.723198 0.041472
vn -0.594923 -0.716074 -0.330000
vn 0.595924 -0.686698 -0.415307
vn -0.698748 -0.714408 -0.019242
vn 0.642034 -0.707312 -0.281488
vn 0.616581 -0.688026 -0.379150
vn -0.016643 -0.721294 -0.692429
vn -0.533764 -0.689768 -0.482700
vn -0.006646 -0.714771 -0.691484
vn -0.703488 -0.709492 0.000152
vn 0.707023 -0.696985 -0.102011
vn -0.655176 -0.687604 -0.289571
vn -0.726494 -0.684444 -0.016349
vn 0.004887 -0.670063 -0.740894
vn 0.721611 -0.687248 -0.068044
vn -0.032628 -0.668975 -0.741502
vn 0.525884 -0.669007 0.523104
vn 0.561278 -0.651545 0.510350
vn 0.682681 -0.666292 0.284135
vn 0.503488 -0.658000 -0.552825
vn -0.705775 -0.696000 -0.111492
vn 0.714689 -0.685789 0.123296
vn 0.642867 -0.663498 0.381484
vn 0.518963 -0.627679 0.575598
vn 0.052501 -0.682325 -0.728848
vn 0.625352 -0.648396 -0.423579
vn 0.565722 -0.611756 -0.534808
vn -0.461651 -0.661343 -0.591188
vn 0.005387 -0.639291 -0.768894
vn 0.132642 -0.630395 -0.754863
vn 0.309575 -0.613162 -0.719374
vn 0.480276 -0.607188 -0.631876
vn 0.286692 -0.502499 0.803189
vn 0.114626 -0.520899 0.830931
vn -0.089215 -0.480105 0.855896
vn -0.474203 -0.590373 -0.653140
vn -0.432728 -0.548021 0.710750
vn 0.484782 -0.559958 0.668419
vn -0.544422 -0.560551 0.622640
vn -0.259363 -0.479506 0.826946
vn 0.157232 -0.380692 0.903129
vn 0.274703 -0.378430 0.883928
vn -0.066223 -0.360566 0.926419
vn 0.994816 -0.041536 -0.014177
vn 0.980468 0.169392 -0.006995
vn 0.995128 0.023092 -0.014810
vn 0.995000 0.010625 -0.038896
vn 0.982797 0.167996 -0.029555
vn 0.970477 0.224095 0.002473
vn 0.989423 0.109706 -0.001928
vn 0.992599 -0.051761 -0.014569
vn 0.961583 0.253048 -0.032054
vn 0.993786 0.051453 -0.042662
vn 0.987738 0.147885 -0.047456
vn 0.989337 0.095851 -0.054832
vn 0.958592 0.265867 -0.049577
vn 0.961759 0.258207 0.003871
vn 0.934608 0.340122 -0.008708
vn 0.986044 0.085239 -0.093433
vn 0.934745 0.323188 -0.096346
vn 0.988552 -0.081734 -0.062937
vn 0.975077 -0.134945 -0.099334
vn 0.985897 0.093888 0.116624
vn 0.939842 0.303531 0.100495
vn 0.984950 -0.080493 0.129411
vn 0.983702 -0.133858 -0.042060
vn 0.935113 -0.119274 -0.262828
vn 0.933767 0.149028 -0.268330
vn 0.962292 -0.234966 -0.036634
vn 0.966002 -0.220107 -0.020318
vn 0.978244 -0.179543 -0.037072
vn 0.989450 0.018658 0.079131
vn 0.962041 0.227554 0.081994
vn 0.974318 0.174100 -0.069735
vn 0.985045 -0.004249 -0.136113
vn 0.971916 -0.177075 0.072978
vn 0.952150 0.163565 -0.233550
vn 0.954760 -0.229147 -0.124665
vn 0.885552 0.414800 -0.124298
vn 0.913154 0.313295 -0.215691
vn 0.891329 0.355203 -0.245967
vn 0.947836 -0.288930 -0.038263
vn 0.952701 -0.251471 0.118698
vn 0.923834 0.055430 -0.352548
vn 0.919277 -0.199625 -0.287680
vn 0.934348 0.343694 0.005769
vn 0.915022 0.390967 -0.011091
vn 0.892601 0.435003 -0.033659
vn 0.915074 0.395651 -0.041186
vn 0.889519 0.446881 0.027837
vn 0.838977 0.517205 0.016058
vn 0.816990 0.554796 0.077961
vn 0.851204 0.473078 -0.182122
vn 0.867274 0.271330 -0.400237
vn 0.957862 -0.277214 -0.059980
vn 0.829668 0.340961 -0.418543
vn 0.904277 -0.394025 -0.071038
vn 0.899140 -0.409601 -0.048578
vn 0.916464 -0.357931 -0.118048
vn 0.900299 -0.400832 -0.013407
vn 0.859195 -0.430379 -0.212360
vn 0.859597 0.505090 0.002738
vn 0.865558 0.497452 0.008912
vn 0.799960 0.588050 -0.011965
vn 0.849740 0.517339 -0.059225
vn 0.834894 0.152900 -0.501002
vn 0.876714 -0.426857 0.160127
vn 0.921547 -0.383971 -0.036101
vn 0.881494 -0.454267 -0.037505
vn 0.812785 -0.163167 -0.526327
vn 0.886383 -0.433820 0.087022
vn 0.815334 -0.523482 -0.146424
vn 0.862809 0.116359 -0.474713
vn 0.848280 -0.156503 -0.478117
vn 0.792232 0.455423 -0.393450
vn 0.847638 -0.513475 -0.032213
vn 0.802698 -0.454402 -0.345111
vn 0.761593 0.560669 -0.297336
vn 0.778710 0.618328 0.028411
vn 0.745392 0.537583 -0.375442
vn 0.803019 -0.585037 -0.032932
vn 0.816997 -0.385400 -0.406289
vn 0.789666 0.606523 -0.030315
vn 0.786315 0.580151 -0.174872
vn 0.767885 0.633378 0.009570
vn 0.747019 0.627456 -0.185029
vn 0.783607 0.256561 -0.556173
vn 0.744543 0.429273 -0.498206
vn 0.816618 0.038856 -0.561944
vn 0.747658 -0.175896 -0.609327
vn 0.714386 0.426955 -0.530251
vn 0.723930 0.096543 -0.656158
vn 0.752332 -0.430606 -0.476345
vn 0.669765 0.596259 -0.431102
vn 0.681483 0.552644 -0.468537
vn 0.726382 0.684459 0.034884
vn 0.696729 -0.466036 -0.507819
vn 0.671690 0.626818 -0.385396
vn 0.713923 0.698958 0.026842
vn 0.706823 0.706987 -0.005655
vn 0.711165 0.091785 -0.682508
vn 0.691170 0.365044 -0.603792
vn 0.655333 0.352262 -0.652772
vn 0.808173 -0.576181 -0.084367
vn 0.768209 -0.631786 -0.055590
vn 0.749782 -0.657500 -0.035364
vn 0.833519 -0.539147 -0.112913
vn 0.783703 -0.599240 0.122743
vn 0.789083 -0.591832 -0.138570
vn 0.753790 -0.542731 -0.363659
vn 0.674989 -0.214530 -0.684927
vn 0.750650 -0.644987 0.087031
vn 0.754979 -0.646396 0.069589
vn 0.764637 -0.643182 -0.030068
vn 0.750608 -0.660039 -0.024900
vn 0.667742 -0.404112 -0.614449
vn 0.734033 -0.674197 -0.074108
vn 0.694025 -0.640456 -0.308018
vn 0.697254 -0.554744 -0.446606
vn 0.664623 0.555902 -0.498092
vn 0.721543 -0.690206 -0.042959
vn 0.734520 -0.676067 -0.055108
vn 0.715664 -0.695929 -0.058010
vn 0.715838 -0.689001 -0.101498
vn 0.677999 -0.131621 -0.700378
vn 0.672431 0.124416 -0.719124
vn 0.578342 -0.453872 -0.662522
vn 0.651372 0.074739 -0.746634
vn 0.661090 0.677972 -0.320091
vn 0.612551 -0.623385 -0.478355
vn 0.608288 0.512767 -0.598382
vn 0.614390 0.618790 -0.488994
vn 0.586007 0.495222 -0.641367
vn 0.499596 -0.425893 -0.754334
vn -0.993613 0.023273 -0.010116
vn -0.972576 -0.204461 -0.047365
vn -0.987921 -0.123827 -0.019801
vn -0.990495 -0.094813 -0.049332
vn -0.995453 0.037724 -0.006370
vn -0.994443 -0.058720 -0.001481
vn -0.989785 0.104874 0.003393
vn -0.995404 0.032759 0.000486
vn -0.985632 -0.130836 0.028841
vn -0.980431 -0.161472 0.022197
vn -0.992363 -0.025661 -0.047262
vn -0.974836 -0.190949 -0.038746
vn -0.967292 0.196905 -0.011093
vn -0.975840 -0.149835 -0.134710
vn -0.978634 0.031623 -0.083446
vn -0.953420 0.261059 -0.063068
vn -0.955590 0.279486 -0.006213
vn -0.956531 0.273667 0.007940
vn -0.981284 -0.053031 -0.109296
vn -0.939769 0.290009 -0.088995
vn -0.983357 0.050522 -0.074191
vn -0.938106 -0.302676 -0.085678
vn -0.950845 -0.262304 -0.118387
vn -0.971152 -0.197432 -0.118360
vn -0.981486 -0.174374 -0.057785
vn -0.985766 -0.043698 -0.028302
vn -0.983019 -0.174024 0.006382
vn -0.986742 -0.074200 0.052497
vn -0.948874 0.284597 -0.017681
vn -0.963791 0.239620 -0.018942
vn -0.978815 0.102217 0.058408
vn -0.973586 -0.096555 0.186931
vn -0.916583 0.355711 -0.017382
vn -0.964023 0.120596 0.094959
vn -0.953987 -0.243854 -0.076789
vn -0.955333 -0.224999 0.078101
vn -0.979614 -0.157831 0.094853
vn -0.968553 -0.232368 -0.018768
vn -0.952329 -0.274038 0.059204
vn -0.961688 -0.263315 -0.006540
vn -0.944338 -0.316817 -0.035730
vn -0.939322 -0.318787 -0.086180
vn -0.946434 -0.272051 -0.154868
vn -0.957195 -0.199733 0.176624
vn -0.934793 -0.334668 0.048800
vn -0.913206 -0.379731 0.049635
vn -0.916323 -0.379703 -0.093132
vn -0.891850 -0.432917 -0.066504
vn -0.895401 -0.300001 0.235420
vn -0.880303 -0.460205 0.020905
vn -0.862759 -0.474768 0.124581
vn -0.884036 -0.435207 -0.133482
vn -0.873910 -0.469497 -0.003452
vn -0.924479 0.135231 0.293445
vn -0.980190 0.016906 0.189872
vn -0.968442 0.120088 0.188316
vn -0.857345 -0.497420 0.040179
vn -0.942725 -0.161850 0.273283
vn -0.955124 -0.027755 0.275896
vn -0.816230 -0.560549 -0.049455
vn -0.853142 -0.503472 -0.071450
vn -0.859022 -0.422614 0.249502
vn -0.848474 -0.505251 0.099932
vn -0.853730 -0.508443 -0.081676
vn -0.797649 -0.582609 0.015951
vn -0.813509 -0.565449 -0.100437
vn -0.929117 0.332277 0.066271
vn -0.803060 -0.580533 0.052691
vn -0.877147 0.343156 0.271665
vn -0.861020 -0.189531 0.402104
vn -0.892049 0.422137 0.011861
vn -0.890305 -0.159157 0.401151
vn -0.907002 0.080108 0.382111
vn -0.818610 -0.408749 0.375436
vn -0.859694 0.476830 0.099069
vn -0.873718 0.457394 -0.033931
vn -0.765281 -0.594096 0.191530
vn -0.824813 0.270960 0.456247
vn -0.768580 -0.629310 -0.082223
vn -0.725873 -0.677151 -0.037845
vn -0.880409 0.457320 0.016646
vn -0.808570 -0.580364 -0.032332
vn -0.837393 -0.540555 0.055529
vn -0.752032 -0.648353 -0.096046
vn -0.829589 -0.535852 0.153056
vn -0.816651 -0.520188 0.244491
vn -0.775380 -0.514272 0.357365
vn -0.772496 -0.616422 0.119389
vn -0.731868 -0.672215 -0.075639
vn -0.719760 -0.559485 0.370945
vn -0.748608 -0.660547 -0.005219
vn -0.875961 0.463167 0.006452
vn -0.907555 0.415197 0.010289
vn -0.895279 0.428241 -0.037981
vn -0.890483 0.443774 -0.039716
vn -0.865633 0.440208 0.188710
vn -0.813503 0.557272 0.063259
vn -0.814746 0.454649 0.325871
vn -0.892738 0.439980 -0.063856
vn -0.814853 -0.044950 0.527186
vn -0.762573 -0.394156 0.486130
vn -0.797888 -0.098118 0.569086
vn -0.825116 0.192180 0.502319
vn -0.866165 0.493839 0.027276
vn -0.776475 0.421102 0.435235
vn -0.865833 0.495586 -0.036293
vn -0.822219 0.562941 0.011993
vn -0.740870 -0.669139 -0.054823
vn -0.721597 -0.686453 0.075501
vn -0.687912 -0.719509 -0.026960
vn -0.720594 -0.451497 0.514736
vn -0.685308 -0.529841 0.491445
vn -0.690133 -0.718745 -0.082733
vn -0.674669 -0.734704 -0.020470
vn -0.674156 -0.416036 0.588992
vn -0.742912 0.337771 0.562254
vn -0.766426 0.561552 0.287613
vn -0.819707 0.566009 0.060186
vn -0.809027 0.586099 -0.014315
vn -0.795046 0.601411 -0.047046
vn -0.796125 0.603454 0.025166
vn -0.794269 0.607246 0.010501
vn -0.781701 0.589727 0.188322
vn -0.766496 0.626017 0.093513
vn -0.739925 0.465490 0.474058
vn -0.748536 0.087331 0.644337
vn -0.704266 -0.218178 0.640097
vn -0.687110 0.347945 0.618336
vn -0.651916 -0.501136 0.568411
vn -0.622916 -0.669353 0.389826
vn -0.730059 0.586459 0.346454
vn -0.654306 0.449589 0.583913
vn -0.609265 0.335143 0.714183
vn -0.589826 -0.627583 0.507687
vn -0.672756 0.444550 0.591418
vn -0.986874 0.151617 -0.005023
vn -0.991756 0.097767 -0.027857
vn -0.996596 -0.042852 -0.005398
vn -0.993322 0.075291 0.010790
vn -0.996375 -0.048158 -0.027455
vn -0.990727 0.087943 -0.038801
vn -0.985019 -0.129141 -0.033645
vn -0.996676 0.013693 0.002017
vn -0.981610 -0.153400 0.006603
vn -0.987201 -0.131891 0.010084
vn -0.994591 -0.079967 0.030342
vn -0.989383 0.070910 0.032978
vn -0.973367 -0.208768 -0.011459
vn -0.971196 -0.215149 0.001229
vn -0.950942 -0.261402 0.037360
vn -0.994560 -0.080201 0.031184
vn -0.987456 0.121780 0.034672
vn -0.992378 -0.039953 0.025789
vn -0.972888 -0.200702 0.031092
vn -0.969799 -0.207279 -0.004859
vn -0.985213 0.059971 -0.024831
vn -0.956193 -0.273353 0.025221
vn -0.982887 -0.080671 0.128074
vn -0.984461 0.055999 0.136322
vn -0.944753 -0.189481 -0.169921
vn -0.963642 0.080616 -0.185864
vn -0.949745 -0.288285 0.063668
vn -0.927144 -0.359693 0.018759
vn -0.917508 -0.372611 -0.014845
vn -0.941011 -0.326883 -0.021371
vn -0.903792 -0.413826 0.001010
vn -0.952455 -0.226176 0.128578
vn -0.981566 0.049671 0.144899
vn -0.922046 -0.324120 0.047042
vn -0.986627 0.063771 -0.034118
vn -0.968100 -0.162663 -0.074988
vn -0.891597 -0.441845 0.018109
vn -0.894199 -0.431086 -0.040725
vn -0.902096 -0.424160 0.042302
vn -0.874865 -0.473581 0.032353
vn -0.946577 0.147836 -0.222553
vn -0.908241 -0.311939 -0.183808
vn -0.882378 -0.461034 0.038652
vn -0.808163 -0.536827 -0.154491
vn -0.866746 -0.487794 -0.046616
vn -0.830467 -0.546987 -0.017817
vn -0.846433 -0.522985 0.034659
vn -0.830853 -0.546483 0.028468
vn -0.840242 -0.535025 0.038406
vn -0.811127 -0.578493 0.039837
vn -0.854858 -0.515877 0.017898
vn -0.834104 -0.513494 -0.163762
vn -0.807454 -0.582975 -0.006898
vn -0.812482 -0.577597 -0.021002
vn -0.807466 -0.587792 0.006722
vn -0.806888 -0.432487 -0.369962
vn -0.910680 -0.098932 -0.359212
vn -0.803590 -0.592693 0.041102
vn -0.780808 -0.622566 0.042508
vn -0.780487 -0.624487 -0.017841
vn -0.982059 0.170010 0.009003
vn -0.963085 0.204020 0.149689
vn -0.973734 0.215122 0.017306
vn -0.976793 0.204492 0.025255
vn -0.961298 0.262403 0.027928
vn -0.942777 0.307416 0.037185
vn -0.946803 0.286359 0.021448
vn -0.956491 0.276250 0.005413
vn -0.966077 0.243001 -0.039272
vn -0.954239 0.284882 -0.022972
vn -0.947886 0.257133 0.160641
vn -0.925229 0.331316 -0.069331
vn -0.943458 0.319696 0.025572
vn -0.954841 0.285302 -0.033020
vn -0.910968 0.346050 -0.157069
vn -0.869102 -0.004882 -0.456948
vn -0.782224 -0.367716 -0.450923
vn -0.892642 0.236647 -0.328742
vn -0.884146 0.197955 -0.386933
vn -0.914190 0.392038 0.025499
vn -0.917807 0.386529 0.023626
vn -0.900539 0.427388 0.029156
vn -0.921650 0.353599 0.140255
vn -0.896515 0.425608 -0.029712
vn -0.894519 0.432852 -0.003003
vn -0.858038 0.492568 -0.021777
vn -0.818665 0.486592 -0.241000
vn -0.862796 0.472866 0.104087
vn -0.911346 0.403763 -0.024085
vn -0.873767 0.468801 0.032215
vn -0.873570 0.474825 0.020360
vn -0.785219 0.485636 -0.336945
vn -0.778570 0.401101 -0.464227
vn -0.838462 -0.158981 -0.478880
vn -0.832667 0.530544 0.116951
vn -0.863513 0.489145 -0.045598
vn -0.832052 0.544257 0.043306
vn -0.862501 0.499001 0.038751
vn -0.855769 0.512907 0.010754
vn -0.807730 0.575485 -0.066089
vn -0.787200 0.603972 0.036264
vn -0.819204 0.570154 -0.006465
vn -0.789256 0.608795 -0.004035
vn -0.773049 0.565725 -0.260188
vn -0.765353 0.637541 0.034644
vn -0.800553 0.597169 -0.017519
vn -0.766656 0.636687 0.019321
vn -0.799969 0.596239 0.039441
vn -0.792687 0.274511 -0.536876
vn -0.772861 0.386043 -0.486665
vn -0.775034 0.187691 -0.581583
vn -0.718135 0.554135 -0.403554
vn -0.789265 0.605542 0.100101
vn -0.748506 0.626949 -0.175371
vn -0.781205 0.621300 0.054753
vn -0.761503 -0.085133 -0.612212
vn -0.754917 0.654576 -0.009284
vn -0.740356 0.668194 0.046820
vn -0.770302 0.637434 -0.001554
vn -0.678269 0.658571 -0.302292
vn -0.727175 0.428548 -0.528861
vn -0.693527 0.548659 -0.458283
vn -0.714175 -0.553641 -0.396426
vn -0.705613 0.707583 0.037896
vn -0.693572 0.718795 0.035672
vn -0.711269 0.380655 -0.577023
vn -0.735317 0.118264 -0.657376
vn -0.676096 0.636313 -0.370618
vn -0.666311 0.620407 -0.412312
vn -0.630662 0.721847 -0.259476
vn -0.627233 0.682676 -0.370174
vn -0.713059 -0.500140 -0.479090
vn -0.664578 0.547643 -0.504130
vn -0.771654 -0.634932 0.035925
vn -0.772424 -0.633513 0.044751
vn -0.761948 -0.647042 -0.025298
vn -0.708757 -0.573359 -0.399269
vn -0.755637 -0.654016 0.035676
vn -0.741392 -0.651305 -0.114209
vn -0.671757 -0.490780 -0.552393
vn -0.656763 -0.537863 -0.528551
vn -0.644038 -0.598036 -0.477041
vn -0.029427 0.127605 -0.989936
vn -0.021297 -0.026132 -0.996406
vn -0.032913 0.034219 -0.994109
vn -0.035950 0.217580 -0.972040
vn -0.030754 0.120161 -0.991301
vn -0.047981 0.024160 -0.995563
vn -0.044512 0.146127 -0.986419
vn -0.045889 0.002306 -0.996403
vn -0.044305 0.112345 -0.989676
vn 0.006387 -0.025044 -0.996412
vn -0.005725 0.132919 -0.988932
vn 0.038884 0.107498 -0.991577
vn 0.018738 0.223938 -0.972403
vn -0.017026 0.258990 -0.963926
vn -0.039438 0.274094 -0.958141
vn -0.031302 0.261228 -0.959539
vn -0.036951 0.078398 -0.992059
vn 0.046716 0.201256 -0.967796
vn 0.073655 0.023649 -0.987803
vn 0.052998 0.228767 -0.968701
vn 0.050960 0.162716 -0.983245
vn 0.035464 -0.039718 -0.993951
vn 0.005466 0.020830 -0.992285
vn -0.003213 0.220274 -0.972043
vn -0.153837 0.155278 -0.959622
vn -0.057157 -0.016986 -0.996652
vn -0.134488 -0.142344 -0.963570
vn -0.031750 -0.228641 -0.960198
vn 0.090631 -0.162797 -0.967896
vn -0.038153 -0.195592 -0.970179
vn -0.045221 -0.217643 -0.964213
vn -0.004552 -0.197336 -0.973556
vn -0.026421 -0.142368 -0.985385
vn 0.028837 -0.255445 -0.956819
vn 0.028341 -0.177321 -0.978086
vn 0.250570 0.043782 -0.953695
vn 0.083133 0.289273 -0.950217
vn 0.037077 0.315298 -0.943312
vn -0.117433 0.331815 -0.928111
vn 0.020291 0.384100 -0.914674
vn 0.240917 0.152847 -0.955198
vn 0.243130 0.296266 -0.915762
vn -0.043050 0.420985 -0.899019
vn -0.026699 0.453388 -0.883667
vn -0.037380 0.392179 -0.914348
vn 0.075830 0.453930 -0.866102
vn 0.081333 0.407583 -0.904125
vn -0.035604 0.470685 -0.870352
vn 0.073248 0.409690 -0.906385
vn -0.012551 0.526921 -0.836417
vn -0.013688 0.526852 -0.835539
vn 0.379642 0.271243 -0.872507
vn -0.287228 0.278810 -0.907364
vn -0.300518 -0.030969 -0.934658
vn -0.233849 0.466017 -0.841174
vn 0.256487 0.519542 -0.799548
vn 0.278530 -0.082276 -0.944462
vn 0.072767 0.603840 -0.781110
vn 0.178821 -0.326534 -0.905478
vn -0.043207 0.567246 -0.818700
vn -0.043431 0.604628 -0.781844
vn -0.038162 0.576704 -0.806754
vn 0.012994 0.609827 -0.782005
vn 0.449663 0.072394 -0.879267
vn 0.386259 0.513079 -0.749626
vn -0.411974 0.097558 -0.882813
vn -0.364182 0.346271 -0.859726
vn -0.331001 0.477558 -0.807559
vn -0.233890 -0.378427 -0.877456
vn -0.021253 -0.373922 -0.925079
vn 0.412536 -0.142196 -0.885275
vn -0.338480 -0.391561 -0.824893
vn -0.157650 0.606582 -0.776078
vn -0.024867 0.615645 -0.786738
vn -0.046924 0.639985 -0.763477
vn -0.472456 0.373395 -0.787859
vn -0.545453 0.190513 -0.807985
vn -0.508362 -0.174314 -0.822225
vn -0.383759 0.575518 -0.705991
vn 0.036640 0.668435 -0.731983
vn -0.263043 0.613062 -0.742402
vn 0.026390 -0.389573 -0.918071
vn 0.037298 0.647194 -0.757119
vn 0.196459 0.641031 -0.737974
vn -0.065484 -0.423476 -0.895756
vn -0.039616 -0.391280 -0.915697
vn -0.025992 -0.421918 -0.898783
vn 0.366324 -0.438304 -0.792327
vn 0.046575 -0.464058 -0.877019
vn 0.518588 -0.137088 -0.830682
vn 0.539415 0.193426 -0.804384
vn 0.520328 0.382594 -0.750347
vn -0.007268 -0.448329 -0.892955
vn -0.152974 -0.536649 -0.819662
vn -0.565051 0.379078 -0.723261
vn -0.539028 0.499516 -0.670692
vn -0.412670 -0.422763 -0.783212
vn -0.512582 -0.391246 -0.747723
vn 0.338453 0.623636 -0.696386
vn 0.057700 -0.533404 -0.838864
vn -0.576860 -0.130681 -0.768158
vn -0.586895 0.208615 -0.775898
vn -0.016787 0.734293 -0.676762
vn 0.519358 0.530595 -0.663109
vn -0.325860 0.668796 -0.657750
vn -0.049802 0.745360 -0.664799
vn 0.059117 0.732474 -0.677612
vn 0.080673 0.750041 -0.655504
vn 0.092258 -0.536010 -0.830615
vn -0.050552 -0.546245 -0.835313
vn -0.499834 0.632263 -0.584880
vn 0.498005 -0.421471 -0.735216
vn -0.607986 0.492071 -0.618576
vn 0.607202 0.432445 -0.656904
vn 0.269660 -0.566075 -0.767436
vn 0.079850 -0.617463 -0.782536
vn -0.360135 -0.579542 -0.729271
vn -0.263031 -0.604829 -0.747727
vn 0.599298 0.488899 -0.633892
vn -0.653764 -0.299005 -0.695118
vn 0.420579 -0.570871 -0.702229
vn 0.978402 0.165721 0.035219
vn 0.994592 0.007018 0.012468
vn 0.995291 -0.036592 -0.015083
vn 0.987107 0.131747 -0.024544
vn 0.966515 0.237994 0.012962
vn 0.980397 0.167996 -0.018808
vn 0.992286 -0.048412 -0.006334
vn 0.981063 0.122717 -0.107214
vn 0.983164 -0.108929 -0.070508
vn 0.994901 -0.018217 -0.073427
vn 0.980066 0.176129 -0.049530
vn 0.990893 0.083568 -0.095359
vn 0.956379 0.261576 -0.089923
vn 0.980934 0.154952 -0.086840
vn 0.911610 0.363219 0.083961
vn 0.939027 0.306365 -0.016722
vn 0.896016 0.386255 -0.042512
vn 0.914288 0.355133 -0.138187
vn 0.995073 0.025001 -0.060674
vn 0.986576 0.119233 -0.078132
vn 0.988814 0.114439 -0.031012
vn 0.997080 0.058280 -0.012657
vn 0.997597 0.013091 -0.040838
vn 0.998898 0.022106 -0.024761
vn 0.996545 0.009640 -0.065447
vn 0.995448 0.007392 -0.026908
vn 0.983265 0.085103 -0.046682
vn 0.936016 0.191012 -0.013323
vn 0.936282 0.224922 0.020379
vn 0.978930 -0.157247 -0.050059
vn 0.951790 0.107603 -0.101339
vn 0.973140 -0.180228 -0.036394
vn 0.965847 -0.200213 -0.062127
vn 0.978767 -0.071173 -0.139860
vn 0.965927 0.184772 -0.135288
vn 0.977107 0.153179 -0.076992
vn 0.986781 -0.083022 -0.040074
vn 0.978748 0.155668 0.065587
vn 0.979836 -0.010354 0.141096
vn 0.963608 -0.229948 -0.010740
vn 0.979990 -0.168741 -0.044133
vn 0.979279 0.049809 0.149173
vn 0.951846 -0.163675 0.183245
vn 0.945101 0.184878 0.214833
vn 0.872027 0.425046 -0.005424
vn 0.960415 -0.241132 0.005848
vn 0.963841 -0.241774 0.001177
vn 0.946742 -0.278236 -0.102848
vn 0.952041 -0.236005 0.115429
vn 0.925476 -0.348772 -0.024324
vn 0.922440 0.348990 0.087577
vn 0.941810 0.224611 0.212757
vn 0.887721 0.429660 -0.032430
vn 0.912209 0.236110 -0.284931
vn 0.887549 0.331140 -0.167061
vn 0.910925 0.358979 0.116437
vn 0.928431 -0.320988 -0.133018
vn 0.930738 -0.352634 -0.044088
vn 0.914571 0.388155 -0.018998
vn 0.917169 0.375310 0.043099
vn 0.883585 0.437181 -0.119214
vn 0.939179 -0.023056 0.305530
vn 0.900676 -0.328693 0.232732
vn 0.885962 -0.429438 -0.037544
vn 0.911157 -0.401525 -0.008136
vn 0.881445 0.358210 0.286441
vn 0.882410 0.268028 0.363645
vn 0.896377 0.040566 0.414939
vn 0.858972 -0.482558 0.013048
vn 0.847742 -0.475820 0.152776
vn 0.831094 -0.527746 -0.030500
vn 0.790764 -0.586079 -0.013642
vn 0.893680 -0.440896 0.012167
vn 0.875593 -0.471877 -0.022582
vn 0.866462 -0.476229 -0.134120
vn 0.811545 -0.559077 -0.120168
vn 0.882100 -0.162898 0.404087
vn 0.842581 0.262013 0.444991
vn 0.862530 -0.253643 0.406985
vn 0.836559 -0.534334 0.015711
vn 0.836001 -0.528005 0.061579
vn 0.827692 -0.422585 0.338609
vn 0.870076 0.419288 0.241017
vn 0.873187 0.062758 0.463378
vn 0.805007 -0.518055 0.248017
vn 0.827273 0.546546 0.038499
vn 0.813991 0.568277 -0.039775
vn 0.823025 0.542010 -0.155380
vn 0.815383 0.514366 0.233163
vn 0.796304 0.551121 0.087287
vn 0.839207 0.407728 0.343693
vn 0.790434 0.601228 -0.048225
vn 0.794522 -0.236148 0.523101
vn 0.826053 0.549521 -0.105982
vn 0.810617 0.573203 -0.068816
vn 0.826911 0.541837 0.117855
vn 0.832329 0.253933 0.482179
vn 0.762744 0.491413 0.385855
vn 0.803242 -0.129995 0.563390
vn 0.804486 0.588837 0.036587
vn 0.812455 0.566801 0.122232
vn 0.813530 0.565023 -0.125678
vn 0.780042 0.566177 -0.239141
vn 0.778999 -0.617497 0.017500
vn 0.767734 -0.634557 -0.030394
vn 0.805913 0.089004 0.561009
vn 0.814237 0.578862 0.012605
vn 0.792832 0.063679 0.590849
vn 0.785868 0.614050 -0.053824
vn 0.790178 -0.596018 -0.123664
vn 0.757546 -0.500204 0.398287
vn 0.743511 0.386919 0.527216
vn 0.781002 0.605181 -0.154064
vn 0.754462 0.652392 0.017639
vn 0.723069 0.599289 0.314615
vn 0.760730 0.646561 0.040927
vn 0.703352 -0.531906 0.449995
vn 0.719902 -0.365181 0.574469
vn 0.728206 0.079014 0.669348
vn 0.803720 -0.591607 0.046332
vn 0.769344 -0.599886 0.187634
vn 0.774048 -0.631632 -0.024646
vn 0.711984 -0.629548 0.287613
vn 0.726103 -0.676498 0.084688
vn 0.737229 -0.665730 -0.103912
vn 0.734169 -0.672318 -0.064690
vn 0.732595 -0.668059 -0.120276
vn 0.719778 -0.652499 0.204572
vn 0.719924 -0.688704 -0.049356
vn 0.721863 -0.690818 -0.011081
vn 0.704041 -0.708598 0.015453
vn 0.704513 -0.708344 0.013769
vn 0.680885 -0.732062 0.007309
vn 0.716649 -0.594018 0.360101
vn 0.697680 -0.706702 -0.113060
vn 0.693291 -0.709269 -0.119032
vn 0.661733 -0.731839 -0.152211
vn 0.696310 -0.711649 -0.093309
vn 0.675959 -0.507599 0.521754
vn 0.673778 -0.732423 0.085572
vn 0.677518 -0.690203 0.240314
vn 0.672388 -0.640729 0.367501
vn 0.689297 -0.468072 0.541700
vn 0.732709 -0.226894 0.615708
vn 0.653087 -0.134256 0.724102
vn 0.661429 -0.619873 0.422219
vn 0.708342 0.385802 0.569884
vn 0.627718 -0.602775 0.492577
vn 0.678732 0.541292 0.489673
vn 0.570075 -0.358287 0.726499
vn 0.753599 0.617121 0.225839
vn 0.629642 0.003659 0.771670
vn 0.734513 0.675639 -0.027469
vn 0.555860 -0.059479 0.828907
vn 0.501126 -0.246668 0.818842
vn 0.413592 -0.383404 0.825799
vn 0.033482 0.068405 0.994736
vn 0.051169 0.113906 0.990255
vn 0.054991 -0.016902 0.995847
vn 0.050297 -0.086474 0.990427
vn 0.056755 0.127354 0.988434
vn 0.029859 0.044774 0.994220
vn 0.038992 -0.105939 0.989579
vn 0.015582 0.135660 0.982750
vn 0.080515 -0.120095 0.978369
vn 0.046990 0.117938 0.987111
vn -0.006910 -0.177211 0.979290
vn -0.008185 -0.060236 0.995958
vn -0.000019 0.046114 0.997508
vn -0.018221 -0.091170 0.991007
vn 0.000137 -0.008481 0.997463
vn 0.023195 0.163765 0.980974
vn 0.114539 0.063403 0.981008
vn 0.022977 0.223805 0.970467
vn 0.036381 0.208698 0.974023
vn 0.054885 0.246316 0.963952
vn 0.133266 0.285835 0.929740
vn 0.047463 0.247048 0.964216
vn 0.095512 0.188521 0.970496
vn 0.129117 0.029547 0.985751
vn 0.028737 0.266851 0.960909
vn 0.072627 0.239027 0.964161
vn 0.048746 0.060118 0.991669
vn -0.128022 0.129669 0.969234
vn -0.092595 -0.139312 0.971700
vn 0.105513 -0.115110 0.980945
vn -0.000185 0.353364 0.928833
vn 0.029111 0.329257 0.938607
vn -0.109741 0.409987 0.877230
vn 0.050385 0.396083 0.908351
vn 0.070871 0.346307 0.933600
vn 0.033132 0.411970 0.896864
vn 0.027796 0.451200 0.878558
vn 0.058224 0.350860 0.933898
vn 0.032720 0.414804 0.906102
vn 0.046433 0.461492 0.880000
vn 0.047733 0.456421 0.880993
vn 0.325324 0.190269 0.916211
vn 0.253373 -0.070944 0.947441
vn 0.312666 0.451980 0.819134
vn 0.055692 0.503818 0.857678
vn 0.054305 -0.147531 0.981288
vn -0.030350 -0.184928 0.979003
vn 0.143827 -0.246014 0.945566
vn 0.084230 -0.256362 0.956469
vn -0.036298 -0.192407 0.978825
vn 0.021426 0.460396 0.886560
vn 0.019573 0.487218 0.869739
vn -0.296930 0.189015 0.925019
vn -0.307894 -0.062262 0.933695
vn -0.286140 0.461055 0.820603
vn 0.050488 0.591242 0.798032
vn 0.032598 0.522818 0.851746
vn 0.180174 -0.338086 0.903927
vn 0.033478 0.567958 0.821835
vn 0.129460 0.545303 0.822687
vn 0.096413 -0.347215 0.925213
vn 0.097380 -0.364547 0.913804
vn 0.039591 -0.332030 0.935280
vn -0.055511 -0.321882 0.940890
vn -0.021075 -0.327683 0.938318
vn -0.086927 -0.439928 0.875525
vn -0.026703 -0.385612 0.916184
vn -0.215252 -0.238807 0.946606
vn -0.333948 -0.404153 0.824792
vn 0.473609 0.045854 0.862397
vn 0.503777 0.352764 0.769263
vn 0.401359 -0.195498 0.883137
vn 0.123058 -0.364182 0.909218
vn 0.086690 -0.425399 0.893704
vn 0.401738 -0.453281 0.776555
vn -0.426119 0.302307 0.844973
vn -0.482768 0.088805 0.854654
vn -0.517228 -0.098802 0.832385
vn -0.379714 0.431348 0.805804
vn 0.561815 -0.185133 0.786908
vn 0.024079 0.587843 0.808292
vn 0.131969 -0.500597 0.844708
vn 0.088945 -0.470883 0.870226
vn 0.055834 0.622229 0.779067
vn 0.290848 0.566607 0.764787
vn -0.013294 -0.533999 0.827356
vn -0.086614 -0.509811 0.847686
vn 0.131501 -0.518756 0.837314
vn 0.145819 -0.483803 0.858451
vn -0.077320 -0.515070 0.845689
vn 0.104530 -0.569469 0.807698
vn 0.096673 -0.562703 0.815025
vn 0.021831 -0.554323 0.821104
vn 0.086662 -0.571413 0.803548
vn 0.210946 -0.557549 0.794138
vn -0.039264 -0.619676 0.773352
vn 0.640040 0.080777 0.744683
vn 0.437914 0.506732 0.737411
vn -0.018933 -0.625774 0.767973
vn -0.182308 -0.587000 0.777143
vn 0.138375 -0.623730 0.765318
vn 0.124883 -0.606316 0.784112
vn -0.569576 0.111786 0.786470
vn -0.490123 -0.348054 0.775158
vn -0.108370 -0.660380 0.737556
vn 0.608474 0.351990 0.695243
vn -0.093730 -0.654706 0.746415
vn 0.120649 -0.628946 0.767145
vn 0.288867 -0.578784 0.753989
vn 0.128273 -0.632884 0.761378
vn 0.094103 -0.661191 0.741378
vn 0.148988 -0.641814 0.751717
vn -0.050446 -0.696746 0.708269
vn -0.421227 -0.500521 0.750463
vn 0.554725 -0.432293 0.699775
vn 0.656160 -0.161772 0.717729
vn 0.539657 -0.516566 0.659056
vn 0.479322 -0.544780 0.682471
vn 0.120826 -0.681679 0.720916
vn -0.033032 -0.716530 0.696502
vn -0.012617 -0.713861 0.694680
vn 0.693615 0.084545 0.695365
vn -0.215609 0.593941 0.771252
vn -0.042727 0.636712 0.759028
vn -0.308809 0.580714 0.753084
vn 0.548516 0.488491 0.677491
vn -0.542634 -0.459055 0.703432
vn 0.502993 -0.584098 0.637046
vn 0.580708 0.490850 0.649495
vn -0.890992 0.100897 0.437803
vn -0.892225 0.126951 0.424320
vn -0.908450 -0.017824 0.405631
vn -0.901533 -0.094627 0.400546
vn -0.943062 0.011273 0.301054
vn -0.960707 0.080687 0.210558
vn -0.887432 0.215037 0.384911
vn -0.946292 0.212264 0.191279
vn -0.844898 0.379280 0.348162
vn -0.956034 -0.178765 0.123311
vn -0.914444 -0.192599 0.333818
vn -0.905070 -0.262845 0.296663
vn -0.974931 -0.052226 0.088460
vn -0.879897 -0.327586 0.320273
vn -0.882263 -0.421991 0.100385
vn -0.967323 0.184501 -0.098259
vn -0.930223 -0.308842 0.038281
vn -0.844459 0.477360 0.160627
vn -0.798831 -0.532912 0.232040
vn -0.810788 -0.532612 0.201100
vn -0.810789 -0.561971 0.045727
vn -0.965693 -0.051998 -0.201643
vn -0.869416 0.433354 -0.104429
vn -0.893246 -0.368212 -0.180893
vn -0.722820 -0.677503 0.057652
vn -0.693554 -0.696573 0.153961
vn -0.746846 -0.649624 -0.047005
vn -0.866799 -0.478874 -0.059834
vn -0.742080 -0.626069 -0.165999
vn -0.745702 -0.653096 -0.066867
vn -0.955818 0.153815 -0.222958
vn -0.918609 -0.214452 -0.307066
vn -0.689991 -0.709169 0.101109
vn -0.794446 -0.602814 -0.043380
vn -0.880711 -0.460301 -0.046553
vn -0.859683 -0.499551 -0.026711
vn -0.937826 0.003517 -0.333129
vn -0.756267 -0.652386 -0.019804
vn -0.746286 -0.663894 -0.033332
vn -0.799810 -0.595370 0.004180
vn -0.760832 -0.528071 -0.349590
vn -0.914008 0.332220 -0.198758
vn -0.752156 -0.656106 0.025214
vn -0.834304 -0.542822 0.049005
vn -0.800082 -0.577868 0.118757
vn -0.683624 -0.721969 0.101150
vn -0.713843 -0.699943 -0.014310
vn -0.674464 -0.716698 -0.106769
vn -0.707622 -0.691731 0.104911
vn -0.833390 -0.525910 0.153946
vn -0.776495 -0.607792 0.067177
vn -0.663076 -0.746288 -0.041290
vn -0.694141 -0.719288 0.020621
vn -0.653424 -0.748592 0.099150
vn -0.664740 -0.626357 -0.386744
vn -0.680341 -0.726727 0.075866
vn -0.729910 -0.670913 -0.050001
vn -0.875347 -0.463568 -0.017755
vn -0.857415 -0.500557 -0.006185
vn -0.686400 -0.715503 -0.043643
vn -0.751829 -0.640233 0.052175
vn -0.648362 -0.759664 0.041042
vn -0.751647 -0.641403 0.038066
vn -0.630632 -0.765609 0.118105
vn -0.629208 -0.775133 -0.038504
vn -0.630565 -0.771568 -0.083904
vn -0.625270 -0.582755 -0.514915
vn -0.578352 -0.589737 -0.563666
vn -0.989907 -0.020211 0.107834
vn -0.986039 -0.110563 0.059953
vn -0.992970 -0.038602 0.038290
vn -0.993010 -0.021611 0.048511
vn -0.997234 0.026321 0.033217
vn -0.995434 -0.021313 -0.036746
vn -0.990513 -0.060234 -0.060065
vn -0.988034 -0.118022 0.037795
vn -0.969562 -0.178588 -0.108471
vn -0.974157 -0.086249 0.190214
vn -0.952612 -0.241658 -0.051908
vn -0.977929 -0.119552 -0.136888
vn -0.934338 -0.227382 -0.207275
vn -0.956397 -0.266670 0.016214
vn -0.960566 -0.247660 0.040521
vn -0.964866 -0.094218 0.238971
vn -0.953175 -0.147600 0.246075
vn -0.962593 -0.212913 0.151450
vn -0.909720 -0.384087 0.015700
vn -0.968350 -0.100054 0.209288
vn -0.916017 -0.231228 -0.280305
vn -0.926987 -0.272413 0.239272
vn -0.952039 -0.074574 0.290594
vn -0.965842 0.031634 0.244740
vn -0.973927 0.061565 0.112232
vn -0.968233 -0.190495 0.070330
vn -0.917930 0.290826 0.006741
vn -0.889635 0.351695 -0.025236
vn -0.943093 -0.245772 -0.127784
vn -0.956080 0.222587 0.132123
vn -0.898443 -0.385432 0.177213
vn -0.890063 -0.298342 -0.322190
vn -0.961997 0.203438 -0.067883
vn -0.880826 -0.379508 -0.200306
vn -0.868478 -0.321380 -0.359331
vn -0.904544 -0.338010 -0.248405
vn -0.971656 0.139842 0.174092
vn -0.976384 0.027578 0.194316
vn -0.981014 0.130081 0.110229
vn -0.990740 0.001844 0.098874
vn -0.964409 -0.198146 0.132608
vn -0.995858 0.001705 0.018307
vn -0.982450 0.164816 0.027917
vn -0.979920 -0.171185 0.042256
vn -0.950956 -0.080752 0.284853
vn -0.984717 -0.150143 -0.000845
vn -0.928327 -0.260792 0.251651
vn -0.996028 0.008978 -0.022510
vn -0.982899 0.166688 -0.006149
vn -0.985415 -0.139294 -0.033191
vn -0.933140 -0.162960 0.313885
vn -0.994981 0.030898 -0.050146
vn -0.983623 -0.147503 -0.050230
vn -0.990063 -0.038812 -0.079713
vn -0.937562 -0.334496 -0.021965
vn -0.935228 -0.337818 0.044591
vn -0.946827 -0.313447 0.008644
vn -0.983242 0.110994 -0.110621
vn -0.963343 -0.251720 -0.062551
vn -0.943022 -0.319381 -0.038762
vn -0.986333 -0.055312 -0.064927
vn -0.968294 -0.229899 -0.045795
vn -0.990445 0.011121 0.002761
vn -0.961999 0.200222 -0.114252
vn -0.957574 0.244310 0.034476
vn -0.887353 -0.437344 0.105149
vn -0.885451 -0.417577 0.176261
vn -0.977159 0.190973 -0.039126
vn -0.963993 0.235867 -0.070462
vn -0.889610 -0.453302 0.007543
vn -0.957798 0.006185 -0.163342
vn -0.909211 -0.307637 -0.268215
vn -0.896664 -0.284063 -0.328034
vn -0.963472 -0.108651 -0.230400
vn -0.980423 0.080719 -0.128745
vn -0.963701 -0.107362 -0.233328
vn -0.986745 0.005693 -0.145977
vn -0.980111 0.157345 -0.090965
vn -0.992115 0.053732 -0.079244
vn -0.966635 -0.136404 -0.187563
vn -0.983923 -0.120006 -0.093982
vn -0.996553 -0.003055 -0.016962
vn -0.964721 -0.229984 -0.030877
vn -0.993713 -0.031429 0.045792
vn -0.940705 -0.311444 0.039547
vn -0.982730 -0.158600 0.082989
vn -0.986743 -0.116715 0.101747
vn -0.992082 0.031596 0.097797
vn -0.990969 -0.008751 0.085592
vn -0.953374 -0.244068 0.076990
vn -0.992744 -0.093274 -0.003286
vn -0.993669 0.032874 -0.015770
vn -0.955729 -0.226919 -0.053095
vn -0.989120 0.028091 -0.097586
vn -0.991950 0.105244 0.021791
vn -0.989223 0.128406 -0.015145
vn -0.978303 -0.126755 -0.133834
vn -0.986582 0.128160 0.080040
vn -0.983019 0.144624 0.097583
vn -0.942336 -0.301666 0.095367
vn -0.989953 0.113230 0.073904
vn -0.981643 0.170014 -0.039134
vn -0.980741 0.183348 0.028068
vn -0.972987 0.170999 -0.123064
vn -0.948673 -0.287384 -0.089019
vn -0.974201 -0.006015 -0.176573
vn -0.935372 -0.287955 -0.171932
vn -0.964804 0.246202 -0.032715
vn -0.934160 -0.297282 -0.144022
vn -0.943196 -0.255343 -0.176037
vn -0.976312 -0.022220 -0.172687
vn -0.950000 -0.266917 -0.121020
vn -0.984116 -0.096060 -0.033158
vn -0.980056 0.112437 -0.125586
vn -0.973676 0.183328 -0.034070
vn -0.970619 0.139174 0.116869
vn -0.959019 -0.168252 0.147292
vn -0.897257 -0.409954 0.009377
vn -0.956634 0.186377 -0.206030
vn -0.914379 0.136242 0.334580
vn -0.900931 -0.153092 0.366319
vn -0.928288 0.340186 -0.040732
vn -0.938515 0.246240 -0.207453
vn -0.968814 0.239300 0.017828
vn -0.967744 0.234388 0.076321
vn -0.973140 0.201436 0.104890
vn -0.911934 0.380960 -0.041786
vn -0.968425 0.233454 0.065033
vn -0.968168 0.245234 -0.000675
vn -0.960137 0.270364 -0.043037
vn -0.946520 0.303230 0.009658
vn -0.921935 -0.213299 -0.314173
vn -0.894794 -0.268337 -0.341543
vn -0.934160 0.294883 -0.182331
vn -0.936796 0.302253 -0.148178
vn -0.940013 0.312627 0.076213
vn -0.867060 -0.459693 -0.145418
vn -0.837694 -0.526553 -0.081455
vn -0.935173 0.325966 -0.121746
vn -0.919813 0.376256 -0.021999
vn -0.926605 0.366610 0.041374
vn -0.953401 0.285747 0.085776
vn -0.911785 0.393481 0.052600
vn -0.937683 0.338675 0.021892
vn -0.945174 0.320031 -0.046588
vn -0.869340 -0.447257 0.149727
vn -0.861766 -0.484157 0.083942
vn -0.903321 0.405487 -0.010162
vn -0.910311 0.347197 0.186965
vn -0.878739 -0.334124 -0.325075
vn -0.854141 -0.497104 -0.003850
vn -0.926859 0.367715 -0.006026
vn -0.927581 0.361296 -0.062152
vn -0.942132 0.331131 0.005272
vn -0.908017 0.344576 -0.225799
vn -0.851061 0.496833 -0.003825
vn -0.933149 0.225726 0.241261
vn -0.909922 0.390798 -0.046662
vn -0.826090 -0.442816 0.303256
vn -0.911144 0.397010 -0.082895
vn -0.916520 0.363612 -0.152554
vn -0.841455 -0.510781 -0.069759
vn -0.840882 -0.510821 -0.130552
vn -0.884778 0.454645 -0.004728
vn -0.889865 0.432283 0.031961
vn -0.893459 0.408833 -0.154288
vn -0.893032 0.372101 -0.247415
vn -0.881007 0.458378 0.056932
vn -0.872799 0.467080 0.057051
vn -0.872424 0.481972 -0.046913
vn -0.898780 0.368883 -0.230294
vn -0.863130 -0.323148 -0.385166
vn -0.901877 -0.405406 -0.147211
vn -0.797066 -0.569636 -0.147552
vn -0.848483 -0.468345 -0.228226
vn -0.834531 -0.522489 0.029368
vn -0.824018 -0.540527 0.093358
vn -0.799049 -0.572916 -0.100354
vn -0.835145 -0.531337 0.056887
vn -0.888027 0.404040 -0.190233
vn -0.830963 0.372069 0.383436
vn -0.871479 0.482294 0.025654
vn -0.867343 0.462648 -0.145676
vn -0.863693 0.494295 0.022195
vn -0.838615 0.531248 -0.034518
vn -0.924322 0.303043 -0.034118
vn -0.916744 0.349870 -0.118444
vn -0.939469 0.285922 0.053872
vn -0.919667 0.290323 0.225052
vn -0.859801 0.352979 0.324403
vn -0.880251 0.463476 0.038700
vn -0.869259 0.489785 0.012701
vn -0.839085 0.532892 0.001219
vn -0.850900 0.480041 -0.201773
vn -0.836018 0.501867 -0.194370
vn -0.808513 0.547107 0.163881
vn -0.829671 0.542618 -0.078180
vn -0.817315 -0.099688 0.536819
vn -0.838615 0.536722 -0.030789
vn -0.813375 0.566972 -0.093238
vn -0.835979 0.498777 0.217543
vn -0.841030 0.535452 0.046529
vn -0.811419 0.568049 -0.099789
vn -0.784938 0.595974 -0.141933
vn -0.794278 0.499049 0.336259
vn -0.786780 0.604869 -0.055852
vn -0.776014 0.222425 0.564931
vn -0.835245 0.549464 -0.009630
vn -0.817249 0.575964 0.008251
vn -0.783342 0.613774 -0.045849
vn -0.823708 -0.448555 -0.327099
vn -0.813432 -0.571650 -0.017110
vn -0.758408 -0.406010 0.471586
vn -0.820354 0.570021 0.032523
vn -0.823403 0.565739 0.043748
vn -0.819380 0.572441 -0.011549
vn -0.776144 -0.604536 -0.144339
vn -0.810689 -0.582374 0.024911
vn -0.799957 -0.564476 0.174077
vn -0.784490 0.543613 0.295149
vn -0.747699 0.526608 0.386556
vn -0.782146 -0.606161 -0.131795
vn -0.754846 -0.631599 -0.071094
vn -0.763702 -0.592015 -0.230509
vn -0.777019 0.626620 0.006173
vn -0.772881 -0.581991 -0.247254
vn -0.775195 -0.625234 0.084187
vn -0.778540 -0.624071 -0.064187
vn -0.740860 -0.660598 -0.105067
vn -0.772800 0.633650 0.009849
vn -0.766727 0.641196 0.022938
vn -0.765850 0.640714 -0.038589
vn -0.781416 0.553528 0.280130
vn -0.785387 0.610534 0.050773
vn -0.783722 0.595615 -0.137769
vn -0.801082 0.544401 -0.244065
vn -0.746214 -0.663360 -0.030979
vn -0.743833 -0.563648 0.351701
vn -0.753650 -0.656279 0.028205
vn -0.758653 -0.644750 0.093422
vn -0.761916 -0.641486 0.082265
vn -0.772146 -0.632497 0.021337
vn -0.752038 -0.657119 -0.040320
vn -0.747690 -0.652840 -0.114348
vn -0.738878 -0.658630 -0.141791
vn -0.717796 0.413719 0.548135
vn -0.745631 0.638562 0.169888
vn -0.679794 -0.109782 0.701800
vn -0.650539 0.164786 0.723611
vn -0.734436 0.675826 -0.056814
vn -0.729104 0.677180 -0.096915
vn -0.720091 0.598892 0.331685
vn -0.685686 -0.332862 0.629782
vn -0.726371 0.685836 -0.039991
vn -0.720081 0.692821 0.038450
vn -0.659370 -0.565572 0.490640
vn -0.651926 0.333702 0.678771
vn -0.556813 -0.269372 0.780795
vn -0.548300 -0.134810 0.806092
vn -0.613120 0.185518 0.755212
vn -0.436490 -0.259066 0.860091
vn -0.407755 -0.214389 0.887566
vn 0.012015 0.108676 0.981841
vn -0.113876 -0.171898 0.958899
vn 0.019218 -0.207581 0.962154
vn -0.159110 0.184396 0.952423
vn 0.197913 -0.070456 0.964190
vn 0.229487 0.248458 0.924692
vn -0.301691 -0.130088 0.921615
vn 0.253805 -0.386094 0.873970
vn -0.116585 -0.474483 0.856290
vn -0.280716 -0.440594 0.839906
vn 0.073013 -0.478464 0.864776
vn 0.413798 -0.138330 0.878873
vn 0.468789 0.121780 0.858970
vn 0.255633 -0.643415 0.696880
vn 0.495799 -0.412325 0.736723
vn 0.026287 -0.644230 0.753259
vn -0.140699 -0.705096 0.682742
vn -0.319773 -0.674994 0.648461
vn -0.480691 -0.364888 0.782685
vn -0.500445 -0.016327 0.840825
vn -0.382601 0.283172 0.857033
vn -0.435208 -0.568851 0.682800
vn 0.038047 -0.775862 0.618385
vn -0.603244 -0.187460 0.753899
vn -0.189779 -0.768629 0.599471
vn 0.230713 -0.768971 0.587521
vn 0.468002 -0.622580 0.613941
vn 0.024330 -0.817769 0.567419
vn -0.381152 -0.740348 0.553150
vn -0.595470 -0.396500 0.697308
vn -0.425468 -0.710601 0.559458
vn 0.390939 -0.717682 0.567552
vn 0.589287 -0.134624 0.782624
vn 0.641680 -0.473073 0.591028
vn 0.676313 -0.365878 0.635105
vn 0.016330 0.402508 0.899982
vn 0.584521 0.173247 0.786544
vn -0.223606 0.470960 0.840249
vn 0.453433 0.326180 0.811438
vn 0.171259 0.486453 0.840309
vn -0.548726 0.281416 0.769565
vn 0.717032 -0.392933 0.575733
vn 0.341983 0.510652 0.765479
vn 0.611429 0.286316 0.737106
vn 0.558313 0.416731 0.706417
vn -0.047608 0.585733 0.803105
vn -0.417588 0.454228 0.777466
vn -0.244428 0.553769 0.791267
vn 0.132499 0.640727 0.753990
vn 0.407988 0.577486 0.681785
vn -0.569314 0.443105 0.692488
vn 0.551325 0.569847 0.609356
vn -0.315230 0.022057 -0.932097
vn -0.133788 0.076128 -0.968864
vn -0.154995 -0.238274 -0.941534
vn -0.359021 -0.184285 -0.898696
vn -0.507433 0.035338 -0.848163
vn -0.528604 -0.235657 -0.795469
vn -0.318013 -0.426372 -0.836184
vn -0.117057 -0.475302 -0.858841
vn -0.503803 -0.429349 -0.741033
vn -0.267488 -0.558399 -0.778140
vn -0.681503 -0.223247 -0.673182
vn -0.702165 -0.368125 -0.602625
vn -0.666452 -0.007833 -0.732022
vn -0.625945 0.230078 -0.728508
vn -0.375139 0.274239 -0.872031
vn -0.781841 0.056766 -0.604476
vn -0.806752 -0.201149 -0.531172
vn -0.792459 -0.334726 -0.505094
vn -0.790815 0.241969 -0.538786
vn -0.873544 0.052837 -0.468338
vn -0.561932 0.424308 -0.689808
vn -0.108286 0.382437 -0.900073
vn -0.305805 0.508297 -0.791171
vn -0.713815 0.422103 -0.542416
vn -0.857180 -0.202598 -0.460546
vn -0.557268 0.578274 -0.573730
vn -0.882957 0.212152 -0.416135
vn -0.841296 0.323328 -0.427284
vn -0.388385 0.619027 -0.676281
vn -0.667148 0.559028 -0.469418
vn -0.088948 0.577340 -0.796170
vn 0.064985 0.083127 -0.974930
vn 0.157528 0.313893 -0.919031
vn 0.098556 -0.243714 -0.942223
vn -0.397801 0.683456 -0.612080
vn 0.130750 0.528193 -0.819934
vn -0.564702 0.695603 -0.444125
vn 0.319460 0.070235 -0.925994
vn 0.354196 -0.271330 -0.872990
vn 0.381355 0.388113 -0.817495
vn 0.180977 -0.435092 -0.875505
vn 0.086274 0.679098 -0.728960
vn -0.170968 -0.628396 -0.758873
vn 0.476679 0.077364 -0.858198
vn 0.330338 0.582993 -0.742291
vn 0.428006 0.514882 -0.734797
vn 0.350661 -0.410332 -0.836926
vn 0.458323 -0.245236 -0.842576
vn 0.514713 0.347040 -0.776888
vn -0.056958 0.267961 0.945957
vn -0.109132 0.033607 0.977012
vn 0.149019 0.176119 0.957744
vn 0.227811 -0.005595 0.968797
vn -0.314678 0.249137 0.894560
vn -0.294735 -0.027195 0.939614
vn 0.125431 0.469674 0.859466
vn -0.129601 0.480444 0.854222
vn 0.344136 0.295753 0.879251
vn -0.302725 0.560190 0.755601
vn -0.418711 0.382582 0.819161
vn -0.092415 0.651662 0.735063
vn 0.152469 0.667041 0.712229
vn 0.388357 0.454476 0.782256
vn 0.341183 0.610612 0.703165
vn 0.335968 0.065032 0.931304
vn -0.266969 0.753948 0.579695
vn -0.038613 0.809683 0.572404
vn 0.354733 0.712256 0.589164
vn 0.140697 0.824538 0.535533
vn -0.480096 0.624319 0.600501
vn -0.454654 0.254425 0.842961
vn -0.489921 0.523786 0.686612
vn -0.021896 0.894184 0.428119
vn -0.282857 0.875837 0.363238
vn 0.313378 0.819812 0.462994
vn 0.522447 0.565628 0.629323
vn 0.535092 0.287140 0.786175
vn 0.589396 0.369305 0.705720
vn 0.537010 0.664838 0.502258
vn 0.674586 0.436916 0.578262
vn 0.409287 0.812816 0.399229
vn 0.617858 0.685656 0.353281
vn 0.702384 0.509236 0.484517
vn 0.405165 0.862369 0.267089
vn 0.715788 0.285821 0.633284
vn 0.746225 0.533137 0.382409
vn 0.756395 0.354674 0.543573
vn 0.592476 0.775803 0.165751
vn 0.713796 0.651675 0.234661
vn -0.478469 0.767984 0.402519
vn -0.583270 0.651010 0.467389
vn 0.679896 0.728097 0.032820
vn -0.587566 0.566485 0.576627
vn 0.309142 -0.064542 0.948823
vn -0.445990 0.068553 0.892072
vn -0.230414 -0.235670 0.944124
vn -0.017292 0.989399 -0.071443
vn 0.047831 0.982990 0.114835
vn -0.025523 0.980782 0.154871
vn 0.096394 0.980138 -0.076888
vn -0.046592 0.987384 -0.091629
vn -0.049615 0.979629 0.149168
vn -0.058207 0.987642 -0.071957
vn -0.038166 0.987450 -0.082617
vn -0.026646 0.965707 0.230170
vn 0.013723 0.992213 0.072414
vn 0.047068 0.943478 0.286395
vn 0.055601 0.988898 -0.050151
vn 0.076653 0.955629 0.231963
vn 0.076679 0.993449 0.024660
vn 0.002604 0.956321 0.239792
vn 0.041919 0.928959 0.337841
vn -0.015878 0.925591 0.353750
vn -0.029492 0.918688 0.373257
vn 0.006051 0.866084 0.480425
vn -0.001008 0.992341 -0.017683
vn -0.103259 0.975181 0.150613
vn -0.071865 0.988517 -0.061274
vn -0.149487 0.983977 -0.029990
vn 0.073395 0.953679 -0.241378
vn -0.180686 0.973061 0.104199
vn -0.170715 0.939745 0.277753
vn -0.237896 0.969891 -0.007170
vn 0.271817 0.937944 0.167377
vn 0.274195 0.945857 -0.091856
vn -0.103776 0.889109 0.413944
vn 0.050560 0.858191 0.492343
vn -0.018302 0.862481 0.489412
vn 0.235948 0.888236 0.377696
vn -0.274875 0.939992 0.183627
vn -0.260215 0.959261 0.100130
vn -0.339274 0.926567 0.136805
vn -0.021451 0.933698 -0.312793
vn -0.018315 0.952339 -0.270225
vn -0.072966 0.966094 -0.220165
vn -0.148847 0.966236 -0.186082
vn 0.056580 0.915580 -0.367702
vn -0.217325 0.968337 -0.103693
vn -0.054865 0.941803 -0.304330
vn -0.026541 0.924400 -0.346261
vn 0.093057 0.920400 -0.339835
vn 0.216568 0.917074 -0.292250
vn -0.271740 0.936784 -0.202523
vn -0.285457 0.951403 -0.097571
vn -0.225784 0.972136 0.032508
vn -0.194410 0.977561 -0.029909
vn -0.137045 0.989210 0.031471
vn -0.055645 0.995079 -0.002125
vn -0.033469 0.996569 0.050781
vn 0.032981 0.997623 0.051947
vn -0.024808 0.995414 0.055262
vn 0.061961 0.994982 0.061546
vn 0.087343 0.992970 0.044191
vn 0.020503 0.998761 0.006102
vn -0.077238 0.994806 -0.036042
vn -0.016869 0.999043 0.000102
vn 0.083897 0.994687 0.008509
vn 0.007869 0.997397 -0.041791
vn -0.034387 0.995192 0.054118
vn 0.039748 0.995505 0.057660
vn -0.138978 0.982646 0.060919
vn 0.052335 0.996273 0.031510
vn -0.020128 0.996218 -0.000764
vn -0.021490 0.997047 -0.036616
vn -0.167137 0.980103 -0.065681
vn -0.183638 0.976387 -0.045098
vn -0.225806 0.968256 0.074169
vn -0.223420 0.967836 -0.071767
vn -0.187389 0.977703 0.048216
vn -0.171760 0.982447 -0.003112
vn -0.061218 0.994219 -0.048495
vn 0.149145 0.974945 -0.048781
vn -0.206660 0.976422 -0.037679
vn 0.121245 0.987175 -0.010449
vn 0.036743 0.989679 -0.055425
vn -0.102242 0.992616 -0.049686
vn -0.067555 0.993443 -0.035670
vn -0.205198 0.975775 -0.036767
vn -0.226516 0.970608 -0.007339
vn -0.060659 0.992753 0.003839
vn -0.020825 0.991321 0.034161
vn -0.185007 0.978352 0.019267
vn 0.010923 0.991223 0.026474
vn -0.015494 0.992860 -0.009657
vn -0.217017 0.973199 -0.005694
vn -0.057946 0.992109 -0.033751
vn -0.112079 0.990758 -0.046760
vn -0.044586 0.996546 -0.028289
vn -0.162648 0.984546 -0.019718
vn 0.029179 0.998029 -0.034752
vn 0.071809 0.993652 -0.022331
vn -0.043902 0.996974 0.002328
vn 0.039472 0.992712 -0.012046
vn 0.059422 0.994061 0.009651
vn 0.231875 0.940384 -0.050858
vn 0.117318 0.985949 -0.044843
vn -0.161216 0.984340 0.021539
vn -0.026290 0.997561 0.028768
vn -0.171851 0.982689 0.048545
vn 0.165477 0.975051 0.024581
vn -0.080714 0.995656 0.035119
vn -0.035563 0.998341 0.025735
vn -0.091654 0.994725 0.021892
vn -0.110880 0.992992 0.006577
vn -0.050911 0.996883 0.007799
vn -0.138795 0.989726 -0.010218
vn -0.135074 0.989681 -0.016613
vn -0.043741 0.996340 -0.003872
vn -0.050945 0.997019 -0.003113
vn -0.145328 0.981539 0.009730
vn 0.295121 0.901955 0.028608
vn 0.045661 0.996395 0.031661
vn 0.121754 0.985420 0.022385
vn 0.232791 0.953764 -0.017066
vn -0.191371 0.978799 0.042352
vn -0.197474 0.978379 0.016272
vn -0.204802 0.976850 0.002864
vn -0.218047 0.973791 -0.012300
vn -0.159749 0.986187 -0.031990
vn -0.214675 0.971539 -0.029526
vn -0.185416 0.978739 -0.057491
vn -0.237771 0.966808 -0.073212
vn -0.319941 0.940603 -0.096335
vn -0.212479 0.975386 -0.018708
vn -0.110322 0.989380 0.027132
vn 0.097821 0.982854 0.003247
vn 0.234259 0.951221 -0.061049
vn 0.106328 0.976039 0.121761
vn -0.283179 0.956984 0.002808
vn -0.066537 0.974716 0.181985
vn 0.213370 0.965761 0.033785
vn -0.266715 0.958772 -0.048219
vn 0.212961 0.962610 -0.066442
vn -0.253494 0.960789 0.079805
vn 0.248571 0.937786 0.098601
vn 0.283959 0.927019 -0.075506
vn 0.396272 0.885958 -0.018451
vn 0.294203 0.948675 -0.019161
vn 0.226650 0.964499 0.021868
vn -0.052375 0.988994 0.071723
vn 0.137653 0.953067 0.051791
vn -0.216361 0.966924 0.030310
vn -0.180459 0.977627 -0.030127
vn 0.067009 0.980719 -0.027961
vn -0.307904 0.947247 0.042089
vn 0.022970 0.992888 -0.060783
vn -0.161079 0.979371 -0.075215
vn 0.182074 0.953566 -0.052818
vn 0.086973 0.959931 -0.194246
vn -0.106759 0.972282 -0.185049
vn -0.147806 0.981838 -0.076788
vn -0.182398 0.974238 0.027936
vn 0.325084 0.923836 0.043370
vn 0.333693 0.910424 -0.039627
vn 0.320351 0.929255 -0.048527
vn -0.273205 0.957482 0.060893
vn -0.287282 0.953984 0.020792
vn 0.219637 0.959323 0.056552
vn 0.161245 0.980914 0.073000
vn -0.225826 0.944200 0.215972
vn -0.301574 0.948994 0.025367
vn -0.358435 0.925927 0.068301
vn 0.102766 0.951643 0.256294
vn -0.247550 0.957142 -0.140279
vn 0.261661 0.952955 0.081074
vn -0.349792 0.928037 -0.067266
vn -0.264582 0.963284 -0.037503
vn -0.270627 0.961436 -0.028148
vn -0.224978 0.973138 -0.039084
vn -0.230741 0.968706 -0.082523
vn -0.230298 0.969324 -0.068549
vn -0.230661 0.970726 0.007660
vn -0.231607 0.968817 -0.003501
vn -0.194715 0.976665 0.072228
vn -0.286631 0.953480 0.056132
vn -0.345531 0.931204 0.045855
vn -0.325131 0.938827 0.066988
vn -0.262812 0.961241 0.074667
vn -0.300492 0.952196 0.018326
vn 0.294717 0.948496 -0.020218
vn -0.336091 0.936158 0.050479
vn 0.281363 0.945495 0.040345
vn 0.332310 0.926367 -0.001201
vn -0.347230 0.928175 -0.095398
vn -0.354313 0.930556 -0.016548
vn -0.351700 0.931874 -0.026604
vn -0.265107 0.951534 -0.140789
vn -0.254063 0.958135 -0.125611
vn -0.269640 0.954635 0.067815
vn -0.372249 0.924204 0.011219
vn -0.306928 0.950498 -0.019137
vn -0.302029 0.952759 -0.017260
vn -0.294837 0.954893 0.002337
vn -0.321728 0.945608 0.012263
vn 0.343456 0.929298 0.042748
vn -0.327208 0.943829 -0.001166
vn -0.374424 0.909716 -0.111986
vn -0.336887 0.938783 -0.038915
vn -0.349322 0.935258 -0.030457
vn -0.475447 0.873370 0.033170
vn -0.456030 0.872202 0.139545
vn -0.366684 0.926816 -0.019437
vn -0.450844 0.879818 -0.016417
vn 0.068834 0.921459 -0.340298
vn -0.153305 0.948842 -0.259154
vn -0.263225 0.938721 -0.212105
vn -0.354784 0.931782 0.039723
vn -0.354755 0.934088 -0.006550
vn -0.363292 0.930753 -0.002127
vn -0.298668 0.935081 -0.182751
vn -0.506602 0.847466 0.010380
vn -0.361138 0.916825 0.142028
vn -0.396021 0.913673 0.066719
vn -0.413548 0.906009 0.043332
vn -0.402154 0.911273 -0.035888
vn 0.347097 0.923137 0.081664
vn -0.533253 0.833663 0.033785
vn -0.380680 0.905889 -0.168739
vn 0.381270 0.918789 -0.011201
vn 0.504713 0.840931 -0.003137
vn -0.436298 0.895053 0.006740
vn -0.428074 0.899840 0.006224
vn -0.435580 0.896642 0.008503
vn -0.445336 0.891830 0.037236
vn 0.381817 0.898829 -0.130663
vn -0.027209 0.908764 0.394134
vn -0.206887 0.901848 0.360576
vn -0.263353 0.902218 -0.323966
vn -0.358198 0.893048 -0.266300
vn 0.409942 0.898611 0.015076
vn 0.362417 0.925525 -0.030676
vn -0.109317 0.898202 -0.406875
vn -0.222112 0.908859 -0.336543
vn -0.344052 0.877965 -0.315520
vn -0.381155 0.862830 0.309528
vn -0.305087 0.890511 0.308962
vn -0.050018 0.891538 -0.426918
vn -0.487406 0.865592 -0.049810
vn 0.366094 0.862465 -0.325811
vn 0.189714 0.853038 0.447986
vn -0.442936 0.849952 -0.247189
vn -0.445842 0.891935 -0.012943
vn -0.457784 0.886311 -0.004044
vn 0.293996 0.951094 0.078820
vn -0.494316 0.861462 0.030923
vn 0.309454 0.908283 0.252745
vn -0.210979 0.847079 0.472676
vn -0.499463 0.858659 -0.042523
vn 0.368854 0.925226 -0.030827
vn -0.389835 0.884363 0.242473
vn -0.468440 0.872234 -0.117207
vn -0.532337 0.839447 -0.011281
vn -0.503582 0.857489 0.062833
vn 0.376552 0.924506 0.012087
vn -0.520401 0.848152 -0.003393
vn -0.486293 0.862219 0.104872
vn -0.019642 0.861258 -0.492391
vn 0.480204 0.851719 -0.133183
vn 0.457844 0.876502 -0.062322
vn -0.557103 0.823072 0.021326
vn -0.578756 0.809883 0.042887
vn 0.077340 0.887208 -0.442877
vn 0.417500 0.906220 -0.025702
vn 0.347913 0.858993 -0.329821
vn 0.455356 0.882718 0.033747
vn 0.312982 0.942768 0.073967
vn 0.591423 0.790273 0.077596
vn 0.670993 0.734857 -0.010212
vn -0.494540 0.838585 0.210467
vn -0.425692 0.826074 -0.352240
vn -0.589558 0.796581 0.003636
vn -0.455305 0.770656 0.400957
vn 0.422410 0.902103 0.035376
vn 0.383085 0.917987 -0.040147
vn 0.401593 0.892278 -0.192760
vn 0.351752 0.874913 0.320036
vn 0.500788 0.855458 -0.001218
vn -0.457001 0.849089 -0.246468
vn 0.388655 0.921223 -0.013252
vn -0.550697 0.826330 -0.008781
vn -0.551164 0.828358 0.047493
vn -0.524789 0.842042 -0.090535
vn 0.390719 0.904009 0.118121
vn 0.416326 0.897785 -0.113507
vn 0.476735 0.873791 -0.010890
vn 0.056266 0.836153 0.536306
vn -0.148862 0.813814 0.546827
vn -0.158254 0.856242 -0.480068
vn -0.560029 0.805798 -0.157685
vn -0.339362 0.821601 -0.438533
vn -0.177549 0.814663 -0.535473
vn 0.490278 0.863257 -0.102610
vn -0.009750 0.856463 0.510203
vn 0.000688 0.819965 0.563068
vn 0.009142 0.864927 0.495169
vn 0.131953 0.809726 0.547602
vn -0.048288 0.849384 -0.520898
vn -0.055458 0.861494 -0.500329
vn -0.315554 0.817545 0.468763
vn 0.528562 0.834857 0.084431
vn 0.503548 0.851954 0.070302
vn -0.613251 0.785687 -0.002850
vn -0.609752 0.787302 -0.023921
vn -0.601666 0.793462 0.001478
vn -0.478092 0.809615 -0.330622
vn -0.564259 0.822402 0.009217
vn -0.584221 0.806858 0.019329
vn -0.334113 0.835175 -0.423955
vn 0.418513 0.905951 -0.046662
vn 0.353944 0.933448 -0.025845
vn 0.539485 0.819706 -0.057006
vn 0.384406 0.915041 0.033819
vn 0.277828 0.944164 -0.101695
vn 0.220865 0.961602 0.083459
vn 0.005382 0.986517 -0.082079
vn -0.029557 0.988580 0.066786
vn -0.223175 0.967427 0.019697
vn -0.207474 0.968136 -0.090106
vn -0.121668 0.973736 0.165428
vn 0.099217 0.963758 0.209731
vn -0.183551 0.960059 -0.192107
vn 0.055025 0.959032 -0.245020
vn 0.241897 0.936872 -0.228021
vn -0.268087 0.951764 0.136197
vn 0.040627 0.956674 0.262891
vn -0.109971 0.964278 0.211348
vn -0.249269 0.953583 0.138603
vn -0.106551 0.964372 -0.224602
vn -0.046163 0.976700 0.179939
vn -0.169209 0.973998 0.103419
vn -0.007681 0.992260 0.107259
vn -0.069905 0.987578 0.092073
vn 0.056872 0.988615 0.119820
vn 0.172052 0.964304 0.152651
vn 0.119511 0.948885 0.267140
vn 0.104262 0.980886 0.136200
vn 0.018793 0.991682 0.070913
vn -0.234419 0.960341 0.047355
vn -0.194856 0.959635 0.025050
vn 0.092087 0.991286 0.011215
vn -0.005869 0.994742 -0.061043
vn 0.121980 0.987815 -0.068226
vn -0.307333 0.936000 -0.019851
vn -0.279457 0.944672 -0.045711
vn 0.080670 0.992637 -0.067272
vn -0.001731 0.991978 -0.050171
vn 0.140929 0.988038 -0.032275
vn 0.129907 0.988992 -0.022706
vn -0.036976 0.992362 -0.009859
vn 0.092716 0.991827 -0.001709
vn -0.106935 0.987739 0.005085
vn 0.097353 0.991365 -0.018152
vn -0.096237 0.985824 -0.042244
vn 0.095604 0.990354 -0.052209
vn 0.071250 0.990347 -0.087322
vn 0.034701 0.992943 -0.055179
vn -0.175873 0.975803 -0.073149
vn -0.176431 0.974228 -0.030184
vn -0.124075 0.979432 0.064458
vn 0.037713 0.991964 0.074270
vn 0.176200 0.979731 0.026556
vn 0.025621 0.975905 0.201812
vn -0.159014 0.966527 0.146592
vn 0.197314 0.971196 0.057760
vn 0.138282 0.980027 -0.086974
vn 0.228777 0.965205 -0.085939
vn 0.231690 0.963539 -0.097227
vn 0.173126 0.958636 0.197637
vn 0.267170 0.956824 -0.049331
vn -0.320585 0.936361 0.067687
vn 0.250032 0.964822 -0.007632
vn 0.280033 0.956548 -0.002598
vn 0.321774 0.937598 -0.012547
vn 0.182270 0.964011 -0.095338
vn 0.077543 0.985862 -0.136127
vn -0.350905 0.919163 0.001790
vn -0.336947 0.925960 0.015393
vn 0.177894 0.963156 -0.161029
vn 0.254167 0.949074 -0.130768
vn 0.276299 0.943115 0.152388
vn 0.343647 0.914521 0.168338
vn -0.095156 0.947698 0.275157
vn 0.362673 0.915871 0.100142
vn 0.349785 0.929510 -0.030118
vn -0.378575 0.917791 -0.053056
vn -0.385294 0.906555 -0.039114
vn 0.098784 0.937462 0.326396
vn -0.433392 0.888952 0.084680
vn 0.085634 0.958559 -0.237486
vn -0.039978 0.987802 -0.106340
vn 0.167301 0.973153 -0.071632
vn 0.047363 0.996241 -0.016814
vn -0.094149 0.993299 -0.012542
vn 0.001411 0.996589 0.000033
vn -0.120345 0.989817 -0.001372
vn -0.160349 0.981748 -0.001238
vn 0.060117 0.994043 0.003669
vn 0.015937 0.995641 0.006280
vn -0.213684 0.968504 -0.001276
vn -0.141217 0.981308 0.007006
vn 0.032664 0.996488 -0.007909
vn -0.078695 0.993082 -0.051345
vn 0.037540 0.993737 -0.078285
vn 0.206969 0.971741 -0.006064
vn 0.196051 0.974680 0.006661
vn 0.190256 0.976417 -0.010612
vn 0.223413 0.968826 0.007928
vn 0.141424 0.980625 -0.096115
vn -0.031624 0.981287 -0.171762
vn -0.180383 0.977659 -0.059318
vn -0.141314 0.979668 -0.139819
vn -0.273942 0.944768 -0.154641
vn -0.307795 0.944415 -0.009931
vn 0.071940 0.980509 -0.174352
vn -0.229734 0.963919 -0.057835
vn -0.267318 0.957664 0.015510
vn -0.162871 0.964613 -0.185669
vn 0.172129 0.961611 -0.198994
vn 0.093450 0.962826 -0.246331
vn 0.012307 0.954821 -0.284491
vn -0.162553 0.931948 -0.294771
vn 0.326215 0.937154 -0.051245
vn 0.401818 0.907057 0.010917
vn -0.391000 0.910275 -0.038981
vn -0.348944 0.928223 -0.013577
vn 0.245020 0.918337 -0.297500
vn 0.161371 0.923387 -0.334502
vn -0.332144 0.918362 -0.181783
vn 0.335942 0.905909 0.234456
vn 0.251561 0.917320 0.298315
vn 0.406968 0.861893 0.294320
vn 0.376316 0.892899 -0.204820
vn -0.341786 0.930010 -0.101544
vn -0.378440 0.899349 0.130055
vn -0.421260 0.893017 0.038977
vn -0.377100 0.920556 -0.003613
vn 0.152373 0.955974 -0.206888
vn 0.383600 0.908679 0.008516
vn 0.236106 0.947405 -0.074582
vn 0.279565 0.950010 -0.049713
vn 0.377179 0.921556 0.013938
vn 0.083365 0.955283 -0.252655
vn 0.261936 0.906878 -0.182319
vn 0.527561 0.831241 0.120678
vn 0.412607 0.888431 -0.090447
vn 0.219670 0.905441 0.352013
vn 0.310026 0.894990 -0.289909
vn -0.421627 0.896949 -0.001454
vn -0.435342 0.889256 0.084896
vn 0.410596 0.904524 0.013393
vn 0.379649 0.922081 0.004044
vn 0.399682 0.913666 -0.009698
vn -0.379426 0.919218 0.048573
vn 0.358279 0.929255 -0.049932
vn 0.298693 0.914662 -0.223404
vn 0.378640 0.920436 0.036080
vn 0.439031 0.894814 0.012351
vn 0.383567 0.823448 -0.180413
vn -0.436976 0.888411 -0.036483
vn 0.398307 0.905178 -0.112098
vn 0.404873 0.903869 -0.099005
vn 0.492489 0.822685 0.215631
vn -0.460870 0.870770 0.086943
vn 0.436874 0.894945 0.014705
vn 0.450711 0.889901 -0.009077
vn 0.389419 0.919466 -0.012921
vn 0.324233 0.891775 0.298848
vn 0.366189 0.928954 0.050006
vn -0.018589 0.880987 -0.449479
vn 0.243924 0.875746 -0.379260
vn -0.483703 0.856330 -0.091047
vn 0.436752 0.894872 -0.049013
vn 0.236732 0.860556 -0.433345
vn 0.486225 0.871572 -0.011376
vn 0.424567 0.869928 -0.235364
vn 0.154500 0.893032 0.415204
vn -0.479921 0.832054 0.233337
vn -0.487930 0.870001 -0.016247
vn -0.421291 0.831662 -0.325065
vn 0.520231 0.817507 0.183613
vn 0.524345 0.848222 0.005421
vn -0.521363 0.840318 -0.065311
vn 0.578963 0.800119 -0.081470
vn -0.530309 0.838293 0.023472
vn 0.499112 0.859599 -0.029089
vn -0.257257 0.846012 -0.442491
vn 0.578050 0.808808 -0.018401
vn 0.526647 0.843892 -0.002052
vn -0.556451 0.821767 -0.011770
vn -0.486871 0.872336 -0.009453
vn 0.349125 0.846912 -0.380499
vn 0.518272 0.849345 0.044728
vn 0.586626 0.803324 0.014275
vn 0.550170 0.824544 -0.030011
vn -0.569465 0.805357 -0.018057
vn -0.575781 0.804871 0.014317
vn 0.422741 0.839087 -0.318892
vn -0.548336 0.826711 -0.016563
vn 0.466590 0.830815 -0.294663
vn -0.572639 0.809416 0.051972
vn 0.477867 0.774319 0.400096
vn 0.536279 0.834559 0.076246
vn 0.403128 0.847110 0.340704
vn 0.535251 0.841464 -0.007070
vn -0.517985 0.849996 0.037951
vn 0.653127 0.715868 0.208963
vn 0.182303 0.838675 -0.497902
vn 0.568843 0.814381 -0.001392
vn 0.506591 0.858337 0.021195
vn 0.054415 0.866461 -0.495309
vn 0.561977 0.777842 -0.238769
vn 0.529373 0.831757 -0.146869
vn 0.165372 0.887538 -0.427620
vn 0.040473 0.881271 -0.466589
vn 0.303577 0.837586 -0.443404
vn -0.033734 0.846077 -0.529484
vn 0.002413 0.862539 -0.504749
vn 0.307581 0.803843 0.489948
vn -0.527308 0.819197 -0.185064
vn -0.575354 0.807222 -0.049902
vn -0.587212 0.799277 -0.043174
vn 0.455824 0.843215 -0.280571
vn 0.487479 0.819594 -0.296863
vn 0.500543 0.865398 -0.022259
vn -0.539194 0.823603 0.151955
vn -0.501475 0.856560 0.117638
vn 0.584748 0.796934 -0.118427
vn 0.533780 0.844612 0.011022
vn 0.578164 0.799318 -0.127038
vn 0.581071 0.806998 -0.062625
vn -0.595447 0.792506 0.039100
vn -0.597272 0.795516 -0.020789
vn -0.602675 0.793356 -0.007710
vn 0.136134 0.790143 -0.579299
vn -0.322812 0.757032 0.541973
vn 0.028433 0.825168 0.555773
vn -0.128274 0.792456 -0.587588
vn 0.000600 0.775564 0.622433
vn 0.419993 0.804100 0.410380
vn 0.013008 0.794429 0.601579
vn 0.551937 0.830744 0.043563
vn 0.414074 0.782996 -0.450606
vn -0.583863 0.807272 -0.020937
vn -0.557193 0.829148 -0.028551
vn -0.567171 0.822501 -0.038845
vn -0.559264 0.825678 0.041962
vn 0.576434 0.809911 0.013575
vn 0.553202 0.760287 -0.327643
vn 0.482902 0.790373 -0.363856
vn -0.553878 0.825216 -0.071138
vn -0.552120 0.832108 -0.009382
vn -0.442782 0.770240 -0.434618
vn 0.545669 0.836360 0.041753
vn 0.569002 0.818467 0.052317
vn -0.598513 0.795959 0.063554
vn 0.590241 0.804109 0.015271
vn 0.397229 0.767219 -0.486459
vn -0.005773 0.797517 -0.595665
vn -0.547167 0.770065 0.304960
vn 0.637747 0.748403 0.094948
vn -0.577340 0.813584 0.012074
vn -0.562027 0.826036 0.032370
vn -0.594089 0.802904 0.035072
vn -0.611670 0.789628 0.002659
vn -0.578860 0.806939 0.070402
vn 0.023244 0.827554 -0.558768
vn 0.528988 0.826323 -0.190530
vn 0.403063 0.791633 0.449796
vn 0.556931 0.825225 -0.086741
vn 0.565924 0.823546 -0.010180
vn -0.582813 0.763562 0.229785
vn -0.165361 0.824350 0.538250
vn -0.013833 0.801865 0.587666
vn -0.000387 0.792951 0.608385
vn -0.562865 0.805011 -0.169685
vn 0.227795 0.792280 0.549601
vn 0.586061 0.808885 0.008064
vn 0.579235 0.810802 0.024777
vn -0.614301 0.767217 0.150835
vn -0.140849 0.806100 -0.574483
vn -0.207154 0.747199 -0.619308
vn -0.000050 0.738859 0.666417
vn -0.634585 0.764718 -0.041390
vn -0.553175 0.830991 -0.058097
vn -0.599985 0.793608 0.030424
vn 0.018381 0.734832 0.670377
vn -0.496107 0.701887 0.490119
vn 0.053012 0.756144 0.645900
vn -0.048889 0.803158 -0.593500
vn -0.627009 0.777360 0.028411
vn -0.051229 0.803608 -0.588230
vn 0.325042 0.745830 -0.568367
vn -0.646615 0.756098 0.046610
vn -0.626777 0.770255 -0.098113
vn 0.566280 0.796478 -0.212013
vn -0.654127 0.755089 0.020998
vn 0.621102 0.781912 -0.048769
vn -0.611719 0.788866 0.058057
vn -0.637279 0.768829 0.028937
vn -0.622801 0.750184 0.194392
vn 0.643522 0.764983 -0.003085
vn -0.634117 0.772993 -0.000238
vn -0.627245 0.778787 -0.005251
vn -0.654935 0.754931 0.016879
vn -0.317519 0.705841 0.620796
vn 0.619187 0.770662 -0.133025
vn 0.637687 0.760097 0.074239
vn 0.650043 0.750562 -0.110190
vn 0.645189 0.748897 -0.149448
vn 0.021054 0.772552 0.634376
vn 0.022509 0.742915 0.667776
vn 0.622195 0.782589 0.017024
vn 0.349712 0.777182 -0.523153
vn 0.336175 0.844228 -0.393467
vn 0.645263 0.707113 0.134297
vn 0.632571 0.773292 0.043284
vn -0.559243 0.760018 -0.329553
vn -0.622382 0.764195 0.168648
vn -0.527529 0.743568 -0.406380
vn 0.643064 0.764850 -0.029153
vn -0.447830 0.768179 -0.457547
vn -0.656169 0.754374 0.011569
vn 0.645653 0.740039 -0.161011
vn -0.659137 0.749399 -0.029850
vn -0.163122 0.729848 0.659873
vn -0.666247 0.745040 -0.021844
vn -0.666919 0.744430 -0.011261
vn -0.690746 0.723059 -0.007512
vn -0.518219 0.728308 -0.444675
vn -0.660699 0.750266 0.020739
vn -0.622239 0.758627 -0.186337
vn -0.592692 0.759835 -0.261587
vn -0.672418 0.739565 0.012695
vn 0.655193 0.749092 -0.095614
vn -0.669261 0.742835 -0.005980
vn 0.668871 0.738581 0.082759
vn 0.528699 0.741843 -0.412212
vn -0.662588 0.745178 -0.057714
vn -0.667834 0.740876 -0.064926
vn 0.668700 0.743403 0.013323
vn -0.671466 0.740755 -0.017446
vn -0.700117 0.711886 0.015600
vn -0.674715 0.737656 0.021004
vn 0.666069 0.742620 -0.005931
vn 0.657538 0.721867 0.202620
vn 0.593727 0.767493 0.231205
vn 0.553567 0.710579 0.425941
vn -0.688506 0.724592 -0.013425
vn 0.607410 0.720518 -0.331569
vn -0.683879 0.727236 0.001907
vn 0.555601 0.727620 -0.398181
vn 0.269157 0.718851 0.635150
vn 0.408551 0.723457 0.550105
vn 0.483777 0.695552 0.522612
vn 0.466378 0.715929 -0.515132
vn -0.690223 0.723285 0.003988
vn -0.702583 0.708095 -0.066467
vn 0.010133 0.684700 0.728316
vn 0.012162 0.666837 0.744884
vn -0.630547 0.716542 -0.298292
vn 0.097745 0.710178 0.689949
vn -0.648860 0.715057 0.229263
vn -0.556378 0.707533 0.429269
vn -0.473785 0.652045 0.580081
vn -0.680176 0.692146 0.228815
vn -0.622762 0.671451 0.393044
vn 0.442308 0.650392 0.615720
vn 0.462403 0.663586 -0.586802
vn -0.483144 0.689006 -0.539899
vn -0.482310 0.700801 -0.525600
vn -0.301825 0.652846 0.687690
vn -0.566264 0.666612 -0.484742
vn 0.250038 0.661056 -0.707450
vn -0.451195 0.639387 0.619299
vn -0.598932 0.639819 0.478798
vn 0.500630 0.638729 -0.584290
vn 0.511443 0.629390 0.578033
vn -0.550223 0.618422 0.560439
vn 0.015871 0.083750 -0.984535
vn 0.222800 0.027419 -0.965557
vn 0.071717 -0.225146 -0.955403
vn -0.098526 -0.143162 -0.970584
vn -0.172797 0.088648 -0.969521
vn 0.316248 -0.200519 -0.910618
vn 0.179570 0.223814 -0.951223
vn 0.005199 0.342451 -0.924634
vn 0.339414 0.224888 -0.905232
vn 0.416960 0.032800 -0.898124
vn -0.169553 0.303976 -0.923935
vn 0.187573 0.425282 -0.866527
vn 0.407873 0.418554 -0.789232
vn 0.501821 0.206449 -0.831064
vn -0.066496 0.627161 -0.760800
vn 0.597520 0.033492 -0.790210
vn 0.506539 -0.220089 -0.816413
vn 0.652820 0.200904 -0.713723
vn 0.623682 0.321325 -0.691597
vn 0.701928 0.074841 -0.698559
vn 0.452336 0.521593 -0.713781
vn 0.122041 0.656508 -0.733778
vn 0.641338 -0.273053 -0.697547
vn 0.397956 -0.443946 -0.790661
vn 0.210855 -0.483259 -0.832960
vn 0.314903 0.631188 -0.705835
vn 0.776655 0.160979 -0.606119
vn -0.223265 0.531580 -0.801541
vn -0.350383 0.195823 -0.904787
vn -0.314937 -0.121141 -0.917583
vn -0.152059 -0.449147 -0.860883
vn 0.017990 -0.538912 -0.826436
vn 0.541431 -0.455232 -0.692450
vn -0.513313 0.190507 -0.814439
vn -0.450400 0.441122 -0.761286
vn -0.356340 -0.463861 -0.796395
vn -0.095582 0.718954 -0.684411
vn -0.538972 -0.243213 -0.773499
vn -0.264506 0.652426 -0.699267
vn -0.431884 0.567521 -0.696151
vn 0.305369 -0.597046 -0.733066
vn 0.074364 -0.635153 -0.762060
vn -0.119902 -0.622462 -0.769363
vn -0.288041 -0.600682 -0.742250
vn 0.658884 -0.429455 -0.617609
vn -0.574529 0.360221 -0.731149
vn -0.627828 0.087730 -0.764738
vn -0.629734 -0.192173 -0.728796
vn -0.474703 -0.481666 -0.730337
vn -0.540109 0.478602 -0.688127
vn -0.600993 -0.380850 -0.699601
o geometry_0
usemtl Material
f 194/194/194 40/40/40 70/70/70
f 40/40/40 10/10/10 70/70/70
f 37/37/37 25/25/25 40/40/40
f 25/25/25 10/10/10 40/40/40
f 10/10/10 212/212/212 70/70/70
f 37/37/37 36/36/36 25/25/25
f 10/10/10 9/9/9 212/212/212
f 25/25/25 11/11/11 10/10/10
f 25/25/25 36/36/36 11/11/11
f 11/11/11 8/8/8 10/10/10
f 10/10/10 8/8/8 9/9/9
f 68/68/68 194/194/194 219/219/219
f 68/68/68 40/40/40 194/194/194
f 194/194/194 70/70/70 231/231/231
f 68/68/68 52/52/52 40/40/40
f 70/70/70 242/242/242 231/231/231
f 52/52/52 37/37/37 40/40/40
f 70/70/70 212/212/212 242/242/242
f 49/49/49 33/33/33 37/37/37
f 212/212/212 9/9/9 241/241/241
f 33/33/33 36/36/36 37/37/37
f 9/9/9 7/7/7 241/241/241
f 32/32/32 11/11/11 36/36/36
f 8/8/8 7/7/7 9/9/9
f 36/36/36 33/33/33 32/32/32
f 11/11/11 32/32/32 21/21/21
f 11/11/11 21/21/21 8/8/8
f 21/21/21 4/4/4 8/8/8
f 8/8/8 4/4/4 7/7/7
f 4/4/4 6/6/6 7/7/7
f 4/4/4 5/5/5 6/6/6
f 71/71/71 68/68/68 180/180/180
f 180/180/180 68/68/68 219/219/219
f 69/69/69 68/68/68 71/71/71
f 69/69/69 64/64/64 68/68/68
f 64/64/64 57/57/57 52/52/52
f 64/64/64 52/52/52 68/68/68
f 242/242/242 212/212/212 281/281/281
f 57/57/57 37/37/37 52/52/52
f 57/57/57 49/49/49 37/37/37
f 212/212/212 241/241/241 281/281/281
f 49/49/49 53/53/53 33/33/33
f 7/7/7 240/240/240 241/241/241
f 53/53/53 34/34/34 33/33/33
f 33/33/33 26/26/26 32/32/32
f 7/7/7 6/6/6 240/240/240
f 34/34/34 26/26/26 33/33/33
f 26/26/26 21/21/21 32/32/32
f 6/6/6 5/5/5 218/218/218
f 6/6/6 218/218/218 240/240/240
f 4/4/4 21/21/21 20/20/20
f 26/26/26 20/20/20 21/21/21
f 20/20/20 12/12/12 4/4/4
f 4/4/4 12/12/12 5/5/5
f 27/27/27 20/20/20 26/26/26
f 5/5/5 12/12/12 13/13/13
f 5/5/5 13/13/13 218/218/218
f 141/141/141 138/138/138 142/142/142
f 142/142/142 138/138/138 144/144/144
f 138/138/138 209/209/209 144/144/144
f 72/72/72 71/71/71 74/74/74
f 180/180/180 219/219/219 243/243/243
f 72/72/72 69/69/69 71/71/71
f 74/74/74 71/71/71 180/180/180
f 72/72/72 140/140/140 69/69/69
f 72/72/72 196/196/196 140/140/140
f 219/219/219 231/231/231 251/251/251
f 251/251/251 231/231/231 261/261/261
f 140/140/140 200/200/200 64/64/64
f 140/140/140 64/64/64 69/69/69
f 261/261/261 231/231/231 276/276/276
f 200/200/200 208/208/208 57/57/57
f 200/200/200 57/57/57 64/64/64
f 2863/2863/2863 2536/2536/2536 2960/2960/2960
f 276/276/276 242/242/242 313/313/313
f 208/208/208 49/49/49 57/57/57
f 208/208/208 206/206/206 49/49/49
f 911/911/911 992/992/992 822/822/822
f 992/992/992 821/821/821 822/822/822
f 2824/2824/2824 2617/2617/2617 2952/2952/2952
f 199/199/199 53/53/53 206/206/206
f 206/206/206 53/53/53 49/49/49
f 199/199/199 34/34/34 53/53/53
f 240/240/240 306/306/306 304/304/304
f 34/34/34 35/35/35 27/27/27
f 34/34/34 27/27/27 26/26/26
f 240/240/240 271/271/271 306/306/306
f 218/218/218 271/271/271 240/240/240
f 199/199/199 226/226/226 35/35/35
f 34/34/34 199/199/199 35/35/35
f 218/218/218 236/236/236 271/271/271
f 20/20/20 14/14/14 12/12/12
f 12/12/12 14/14/14 13/13/13
f 14/14/14 15/15/15 13/13/13
f 35/35/35 28/28/28 27/27/27
f 27/27/27 28/28/28 20/20/20
f 19/19/19 14/14/14 20/20/20
f 13/13/13 15/15/15 236/236/236
f 13/13/13 236/236/236 218/218/218
f 35/35/35 56/56/56 28/28/28
f 20/20/20 28/28/28 19/19/19
f 14/14/14 16/16/16 15/15/15
f 17/17/17 236/236/236 15/15/15
f 28/28/28 29/29/29 19/19/19
f 16/16/16 17/17/17 15/15/15
f 19/19/19 16/16/16 14/14/14
f 22/22/22 18/18/18 19/19/19
f 29/29/29 22/22/22 19/19/19
f 19/19/19 18/18/18 16/16/16
f 151/151/151 159/159/159 189/189/189
f 152/152/152 153/153/153 151/151/151
f 151/151/151 153/153/153 159/159/159
f 189/189/189 159/159/159 259/259/259
f 153/153/153 157/157/157 159/159/159
f 159/159/159 157/157/157 250/250/250
f 159/159/159 250/250/250 259/259/259
f 152/152/152 154/154/154 153/153/153
f 153/153/153 154/154/154 155/155/155
f 153/153/153 155/155/155 157/157/157
f 157/157/157 167/167/167 250/250/250
f 154/154/154 156/156/156 155/155/155
f 155/155/155 156/156/156 167/167/167
f 155/155/155 167/167/167 157/157/157
f 156/156/156 193/193/193 167/167/167
f 167/167/167 193/193/193 205/205/205
f 167/167/167 205/205/205 258/258/258
f 207/207/207 145/145/145 181/181/181
f 145/145/145 142/142/142 181/181/181
f 146/146/146 143/143/143 145/145/145
f 145/145/145 143/143/143 142/142/142
f 181/181/181 144/144/144 238/238/238
f 143/143/143 149/149/149 141/141/141
f 143/143/143 141/141/141 142/142/142
f 144/144/144 209/209/209 238/238/238
f 149/149/149 166/166/166 141/141/141
f 166/166/166 139/139/139 141/141/141
f 238/238/238 209/209/209 310/310/310
f 141/141/141 139/139/139 138/138/138
f 139/139/139 108/108/108 138/138/138
f 138/138/138 108/108/108 107/107/107
f 107/107/107 110/110/110 138/138/138
f 138/138/138 110/110/110 209/209/209
f 107/107/107 101/101/101 110/110/110
f 108/108/108 104/104/104 107/107/107
f 107/107/107 104/104/104 101/101/101
f 110/110/110 101/101/101 239/239/239
f 104/104/104 103/103/103 101/101/101
f 101/101/101 201/201/201 239/239/239
f 103/103/103 100/100/100 101/101/101
f 100/100/100 99/99/99 101/101/101
f 101/101/101 99/99/99 201/201/201
f 100/100/100 98/98/98 99/99/99
f 98/98/98 95/95/95 99/99/99
f 99/99/99 95/95/95 202/202/202
f 95/95/95 203/203/203 202/202/202
f 98/98/98 94/94/94 95/95/95
f 94/94/94 93/93/93 95/95/95
f 95/95/95 93/93/93 179/179/179
f 95/95/95 179/179/179 203/203/203
f 94/94/94 92/92/92 93/93/93
f 93/93/93 109/109/109 179/179/179
f 109/109/109 249/249/249 179/179/179
f 93/93/93 96/96/96 109/109/109
f 92/92/92 91/91/91 93/93/93
f 91/91/91 96/96/96 93/93/93
f 96/96/96 192/192/192 109/109/109
f 91/91/91 97/97/97 96/96/96
f 96/96/96 97/97/97 192/192/192
f 90/90/90 88/88/88 89/89/89
f 90/90/90 89/89/89 91/91/91
f 91/91/91 89/89/89 97/97/97
f 83/83/83 86/86/86 85/85/85
f 85/85/85 86/86/86 88/88/88
f 88/88/88 86/86/86 89/89/89
f 86/86/86 105/105/105 89/89/89
f 105/105/105 97/97/97 89/89/89
f 83/83/83 87/87/87 86/86/86
f 86/86/86 87/87/87 105/105/105
f 105/105/105 198/198/198 97/97/97
f 84/84/84 79/79/79 83/83/83
f 83/83/83 79/79/79 82/82/82
f 83/83/83 82/82/82 87/87/87
f 87/87/87 82/82/82 105/105/105
f 82/82/82 191/191/191 105/105/105
f 105/105/105 191/191/191 198/198/198
f 82/82/82 81/81/81 191/191/191
f 79/79/79 81/81/81 82/82/82
f 78/78/78 77/77/77 79/79/79
f 79/79/79 77/77/77 81/81/81
f 81/81/81 224/224/224 191/191/191
f 81/81/81 190/190/190 224/224/224
f 78/78/78 76/76/76 77/77/77
f 77/77/77 75/75/75 81/81/81
f 178/178/178 76/76/76 78/78/78
f 77/77/77 76/76/76 75/75/75
f 81/81/81 75/75/75 190/190/190
f 178/178/178 195/195/195 72/72/72
f 178/178/178 72/72/72 76/76/76
f 75/75/75 74/74/74 190/190/190
f 195/195/195 196/196/196 72/72/72
f 74/74/74 180/180/180 190/190/190
f 190/190/190 180/180/180 237/237/237
f 196/196/196 195/195/195 311/311/311
f 76/76/76 72/72/72 75/75/75
f 75/75/75 72/72/72 74/74/74
f 180/180/180 243/243/243 237/237/237
f 243/243/243 219/219/219 251/251/251
f 251/251/251 261/261/261 244/244/244
f 196/196/196 285/285/285 140/140/140
f 285/285/285 200/200/200 140/140/140
f 2828/2828/2828 2411/2411/2411 2863/2863/2863
f 261/261/261 276/276/276 312/312/312
f 2411/2411/2411 2451/2451/2451 2536/2536/2536
f 2863/2863/2863 2411/2411/2411 2536/2536/2536
f 276/276/276 313/313/313 312/312/312
f 2536/2536/2536 2824/2824/2824 2960/2960/2960
f 2824/2824/2824 2536/2536/2536 2499/2499/2499
f 2824/2824/2824 2498/2498/2498 2617/2617/2617
f 821/821/821 953/953/953 519/519/519
f 2617/2617/2617 2616/2616/2616 2952/2952/2952
f 2616/2616/2616 2818/2818/2818 2952/2952/2952
f 953/953/953 962/962/962 519/519/519
f 2616/2616/2616 2532/2532/2532 2818/2818/2818
f 227/227/227 56/56/56 35/35/35
f 226/226/226 227/227/227 35/35/35
f 236/236/236 317/317/317 271/271/271
f 758/758/758 685/685/685 962/962/962
f 236/236/236 275/275/275 317/317/317
f 56/56/56 31/31/31 28/28/28
f 56/56/56 55/55/55 31/31/31
f 28/28/28 31/31/31 29/29/29
f 236/236/236 17/17/17 275/275/275
f 17/17/17 211/211/211 275/275/275
f 55/55/55 38/38/38 31/31/31
f 18/18/18 211/211/211 17/17/17
f 38/38/38 30/30/30 31/31/31
f 31/31/31 30/30/30 29/29/29
f 29/29/29 30/30/30 22/22/22
f 18/18/18 210/210/210 211/211/211
f 210/210/210 247/247/247 211/211/211
f 30/30/30 38/38/38 39/39/39
f 30/30/30 24/24/24 22/22/22
f 39/39/39 24/24/24 30/30/30
f 210/210/210 246/246/246 247/247/247
f 22/22/22 23/23/23 18/18/18
f 18/18/18 23/23/23 210/210/210
f 22/22/22 24/24/24 23/23/23
f 210/210/210 23/23/23 246/246/246
f 24/24/24 39/39/39 41/41/41
f 24/24/24 41/41/41 23/23/23
f 39/39/39 54/54/54 41/41/41
f 23/23/23 245/245/245 246/246/246
f 41/41/41 42/42/42 23/23/23
f 23/23/23 42/42/42 245/245/245
f 41/41/41 43/43/43 42/42/42
f 41/41/41 54/54/54 43/43/43
f 42/42/42 235/235/235 245/245/245
f 59/59/59 43/43/43 54/54/54
f 43/43/43 44/44/44 42/42/42
f 59/59/59 45/45/45 43/43/43
f 43/43/43 45/45/45 44/44/44
f 42/42/42 44/44/44 235/235/235
f 59/59/59 61/61/61 45/45/45
f 61/61/61 62/62/62 45/45/45
f 45/45/45 47/47/47 46/46/46
f 45/45/45 46/46/46 44/44/44
f 62/62/62 47/47/47 45/45/45
f 44/44/44 46/46/46 235/235/235
f 62/62/62 48/48/48 47/47/47
f 47/47/47 48/48/48 46/46/46
f 48/48/48 50/50/50 46/46/46
f 48/48/48 51/51/51 50/50/50
f 63/63/63 150/150/150 48/48/48
f 150/150/150 151/151/151 48/48/48
f 48/48/48 151/151/151 51/51/51
f 51/51/51 189/189/189 303/303/303
f 63/63/63 163/163/163 150/150/150
f 51/51/51 151/151/151 189/189/189
f 163/163/163 168/168/168 150/150/150
f 150/150/150 168/168/168 152/152/152
f 150/150/150 152/152/152 151/151/151
f 189/189/189 259/259/259 303/303/303
f 259/259/259 316/316/316 303/303/303
f 158/158/158 152/152/152 168/168/168
f 158/158/158 173/173/173 154/154/154
f 158/158/158 154/154/154 152/152/152
f 259/259/259 250/250/250 299/299/299
f 160/160/160 156/156/156 154/154/154
f 160/160/160 186/186/186 156/156/156
f 167/167/167 258/258/258 264/264/264
f 156/156/156 186/186/186 193/193/193
f 186/186/186 214/214/214 193/193/193
f 214/214/214 225/225/225 193/193/193
f 193/193/193 225/225/225 205/205/205
f 204/204/204 145/145/145 207/207/207
f 207/207/207 181/181/181 228/228/228
f 188/188/188 145/145/145 204/204/204
f 228/228/228 181/181/181 269/269/269
f 188/188/188 146/146/146 145/145/145
f 269/269/269 181/181/181 260/260/260
f 147/147/147 148/148/148 143/143/143
f 148/148/148 149/149/149 143/143/143
f 238/238/238 310/310/310 314/314/314
f 149/149/149 136/136/136 166/166/166
f 166/166/166 135/135/135 139/139/139
f 135/135/135 108/108/108 139/139/139
f 135/135/135 125/125/125 108/108/108
f 125/125/125 104/104/104 108/108/108
f 239/239/239 266/266/266 209/209/209
f 209/209/209 266/266/266 310/310/310
f 125/125/125 134/134/134 104/104/104
f 134/134/134 103/103/103 104/104/104
f 239/239/239 201/201/201 266/266/266
f 134/134/134 100/100/100 103/103/103
f 201/201/201 272/272/272 266/266/266
f 99/99/99 202/202/202 201/201/201
f 201/201/201 202/202/202 272/272/272
f 111/111/111 98/98/98 100/100/100
f 124/124/124 98/98/98 111/111/111
f 202/202/202 203/203/203 272/272/272
f 203/203/203 274/274/274 272/272/272
f 124/124/124 126/126/126 98/98/98
f 117/117/117 94/94/94 98/98/98
f 126/126/126 117/117/117 98/98/98
f 203/203/203 179/179/179 274/274/274
f 179/179/179 286/286/286 274/274/274
f 117/117/117 92/92/92 94/94/94
f 114/114/114 92/92/92 117/117/117
f 179/179/179 249/249/249 286/286/286
f 286/286/286 249/249/249 315/315/315
f 114/114/114 90/90/90 92/92/92
f 109/109/109 192/192/192 249/249/249
f 90/90/90 91/91/91 92/92/92
f 192/192/192 248/248/248 249/249/249
f 137/137/137 177/177/177 85/85/85
f 137/137/137 85/85/85 106/106/106
f 106/106/106 85/85/85 88/88/88
f 106/106/106 88/88/88 102/102/102
f 102/102/102 88/88/88 90/90/90
f 192/192/192 215/215/215 248/248/248
f 97/97/97 215/215/215 192/192/192
f 177/177/177 84/84/84 85/85/85
f 85/85/85 84/84/84 83/83/83
f 97/97/97 198/198/198 215/215/215
f 215/215/215 198/198/198 223/223/223
f 177/177/177 216/216/216 84/84/84
f 84/84/84 216/216/216 80/80/80
f 198/198/198 222/222/222 223/223/223
f 80/80/80 79/79/79 84/84/84
f 198/198/198 191/191/191 222/222/222
f 197/197/197 78/78/78 80/80/80
f 80/80/80 78/78/78 79/79/79
f 191/191/191 224/224/224 222/222/222
f 197/197/197 295/295/295 178/178/178
f 197/197/197 178/178/178 78/78/78
f 295/295/295 311/311/311 195/195/195
f 178/178/178 295/295/295 195/195/195
f 190/190/190 237/237/237 233/233/233
f 237/237/237 243/243/243 234/234/234
f 2574/2574/2574 2922/2922/2922 2575/2575/2575
f 243/243/243 251/251/251 244/244/244
f 2574/2574/2574 2828/2828/2828 2922/2922/2922
f 2574/2574/2574 2411/2411/2411 2828/2828/2828
f 2536/2536/2536 2412/2412/2412 2499/2499/2499
f 2499/2499/2499 2498/2498/2498 2824/2824/2824
f 2617/2617/2617 2498/2498/2498 2481/2481/2481
f 2617/2617/2617 2481/2481/2481 2616/2616/2616
f 2481/2481/2481 2532/2532/2532 2616/2616/2616
f 519/519/519 962/962/962 685/685/685
f 2532/2532/2532 2474/2474/2474 2818/2818/2818
f 2818/2818/2818 2474/2474/2474 2589/2589/2589
f 758/758/758 727/727/727 685/685/685
f 227/227/227 185/185/185 56/56/56
f 56/56/56 185/185/185 55/55/55
f 185/185/185 38/38/38 55/55/55
f 185/185/185 184/184/184 38/38/38
f 211/211/211 247/247/247 275/275/275
f 247/247/247 289/289/289 275/275/275
f 58/58/58 39/39/39 38/38/38
f 247/247/247 246/246/246 289/289/289
f 246/246/246 280/280/280 289/289/289
f 39/39/39 58/58/58 54/54/54
f 58/58/58 60/60/60 54/54/54
f 246/246/246 245/245/245 280/280/280
f 245/245/245 279/279/279 280/280/280
f 245/245/245 235/235/235 279/279/279
f 235/235/235 278/278/278 279/279/279
f 66/66/66 61/61/61 59/59/59
f 66/66/66 67/67/67 61/61/61
f 235/235/235 263/263/263 278/278/278
f 67/67/67 62/62/62 61/61/61
f 235/235/235 50/50/50 263/263/263
f 50/50/50 270/270/270 263/263/263
f 62/62/62 162/162/162 63/63/63
f 270/270/270 51/51/51 290/290/290
f 162/162/162 163/163/163 63/63/63
f 51/51/51 303/303/303 290/290/290
f 169/169/169 158/158/158 168/168/168
f 158/158/158 300/300/300 173/173/173
f 173/173/173 160/160/160 154/154/154
f 205/205/205 268/268/268 258/258/258
f 225/225/225 254/254/254 205/205/205
f 205/205/205 254/254/254 268/268/268
f 273/273/273 204/204/204 207/207/207
f 3014/3014/3014 3012/3012/3012 3021/3021/3021
f 228/228/228 269/269/269 293/293/293
f 3013/3013/3013 3021/3021/3021 3012/3012/3012
f 253/253/253 188/188/188 204/204/204
f 260/260/260 314/314/314 269/269/269
f 284/284/284 146/146/146 188/188/188
f 284/284/284 147/147/147 146/146/146
f 175/175/175 148/148/148 147/147/147
f 147/147/147 277/277/277 175/175/175
f 855/855/855 761/761/761 892/892/892
f 148/148/148 131/131/131 149/149/149
f 175/175/175 131/131/131 148/148/148
f 131/131/131 136/136/136 149/149/149
f 136/136/136 129/129/129 135/135/135
f 136/136/136 135/135/135 166/166/166
f 855/855/855 859/859/859 687/687/687
f 125/125/125 124/124/124 134/134/134
f 800/800/800 677/677/677 859/859/859
f 134/134/134 124/124/124 111/111/111
f 134/134/134 111/111/111 100/100/100
f 896/896/896 870/870/870 799/799/799
f 118/118/118 117/117/117 126/126/126
f 118/118/118 116/116/116 117/117/117
f 116/116/116 114/114/114 117/117/117
f 112/112/112 90/90/90 114/114/114
f 128/128/128 106/106/106 113/113/113
f 113/113/113 102/102/102 112/112/112
f 112/112/112 102/102/102 90/90/90
f 249/249/249 302/302/302 315/315/315
f 183/183/183 137/137/137 106/106/106
f 183/183/183 106/106/106 128/128/128
f 113/113/113 106/106/106 102/102/102
f 183/183/183 305/305/305 137/137/137
f 248/248/248 262/262/262 302/302/302
f 249/249/249 248/248/248 302/302/302
f 137/137/137 305/305/305 177/177/177
f 248/248/248 215/215/215 262/262/262
f 215/215/215 223/223/223 262/262/262
f 2932/2932/2932 2546/2546/2546 2808/2808/2808
f 223/223/223 255/255/255 262/262/262
f 216/216/216 265/265/265 80/80/80
f 223/223/223 222/222/222 255/255/255
f 265/265/265 197/197/197 80/80/80
f 265/265/265 295/295/295 197/197/197
f 222/222/222 224/224/224 230/230/230
f 224/224/224 233/233/233 230/230/230
f 2595/2595/2595 2496/2496/2496 2575/2575/2575
f 233/233/233 234/234/234 230/230/230
f 233/233/233 237/237/237 234/234/234
f 2496/2496/2496 2449/2449/2449 2575/2575/2575
f 243/243/243 244/244/244 234/234/234
f 2575/2575/2575 2449/2449/2449 2574/2574/2574
f 261/261/261 312/312/312 288/288/288
f 244/244/244 261/261/261 288/288/288
f 2574/2574/2574 2449/2449/2449 2411/2411/2411
f 2451/2451/2451 2409/2409/2409 2536/2536/2536
f 2536/2536/2536 2409/2409/2409 2412/2412/2412
f 2498/2498/2498 2369/2369/2369 2481/2481/2481
f 505/505/505 454/454/454 519/519/519
f 2481/2481/2481 2475/2475/2475 2532/2532/2532
f 2475/2475/2475 2474/2474/2474 2532/2532/2532
f 2474/2474/2474 2455/2455/2455 2589/2589/2589
f 2589/2589/2589 2535/2535/2535 2844/2844/2844
f 2589/2589/2589 2455/2455/2455 2535/2535/2535
f 2844/2844/2844 2535/2535/2535 2840/2840/2840
f 972/972/972 802/802/802 847/847/847
f 2535/2535/2535 2579/2579/2579 2840/2840/2840
f 172/172/172 38/38/38 184/184/184
f 999/999/999 947/947/947 802/802/802
f 38/38/38 172/172/172 58/58/58
f 172/172/172 171/171/171 58/58/58
f 60/60/60 59/59/59 54/54/54
f 60/60/60 65/65/65 59/59/59
f 65/65/65 66/66/66 59/59/59
f 67/67/67 162/162/162 62/62/62
f 164/164/164 163/163/163 162/162/162
f 163/163/163 169/169/169 168/168/168
f 169/169/169 229/229/229 158/158/158
f 158/158/158 229/229/229 291/291/291
f 158/158/158 291/291/291 300/300/300
f 300/300/300 294/294/294 173/173/173
f 294/294/294 160/160/160 173/173/173
f 294/294/294 232/232/232 160/160/160
f 971/971/971 996/996/996 968/968/968
f 160/160/160 232/232/232 186/186/186
f 232/232/232 252/252/252 186/186/186
f 186/186/186 252/252/252 214/214/214
f 252/252/252 267/267/267 214/214/214
f 214/214/214 267/267/267 225/225/225
f 2199/2199/2199 2198/2198/2198 2206/2206/2206
f 267/267/267 298/298/298 225/225/225
f 3017/3017/3017 3039/3039/3039 3027/3027/3027
f 296/296/296 188/188/188 253/253/253
f 296/296/296 284/284/284 188/188/188
f 1003/1003/1003 892/892/892 861/861/861
f 277/277/277 161/161/161 175/175/175
f 161/161/161 131/131/131 175/175/175
f 131/131/131 129/129/129 136/136/136
f 855/855/855 687/687/687 688/688/688
f 130/130/130 129/129/129 131/131/131
f 129/129/129 125/125/125 135/135/135
f 130/130/130 122/122/122 129/129/129
f 129/129/129 123/123/123 125/125/125
f 122/122/122 123/123/123 129/129/129
f 123/123/123 124/124/124 125/125/125
f 123/123/123 120/120/120 124/124/124
f 120/120/120 126/126/126 124/124/124
f 120/120/120 118/118/118 126/126/126
f 120/120/120 119/119/119 118/118/118
f 119/119/119 115/115/115 118/118/118
f 115/115/115 116/116/116 118/118/118
f 127/127/127 115/115/115 119/119/119
f 127/127/127 128/128/128 115/115/115
f 127/127/127 182/182/182 128/128/128
f 128/128/128 113/113/113 115/115/115
f 113/113/113 112/112/112 115/115/115
f 182/182/182 183/183/183 128/128/128
f 873/873/873 698/698/698 793/793/793
f 182/182/182 307/307/307 183/183/183
f 873/873/873 878/878/878 698/698/698
f 262/262/262 318/318/318 302/302/302
f 2546/2546/2546 2511/2511/2511 2808/2808/2808
f 262/262/262 292/292/292 318/318/318
f 262/262/262 255/255/255 292/292/292
f 2808/2808/2808 2511/2511/2511 2570/2570/2570
f 255/255/255 256/256/256 292/292/292
f 255/255/255 222/222/222 256/256/256
f 2570/2570/2570 2496/2496/2496 2595/2595/2595
f 222/222/222 230/230/230 256/256/256
f 230/230/230 257/257/257 256/256/256
f 230/230/230 234/234/234 257/257/257
f 980/980/980 845/845/845 925/925/925
f 2449/2449/2449 2406/2406/2406 2411/2411/2411
f 2411/2411/2411 2409/2409/2409 2451/2451/2451
f 2412/2412/2412 2373/2373/2373 2499/2499/2499
f 2499/2499/2499 2373/2373/2373 2498/2498/2498
f 452/452/452 451/451/451 448/448/448
f 2369/2369/2369 2368/2368/2368 2481/2481/2481
f 2481/2481/2481 2368/2368/2368 2475/2475/2475
f 2455/2455/2455 2390/2390/2390 2535/2535/2535
f 2535/2535/2535 2390/2390/2390 2388/2388/2388
f 2535/2535/2535 2388/2388/2388 2579/2579/2579
f 2388/2388/2388 2547/2547/2547 2579/2579/2579
f 802/802/802 947/947/947 737/737/737
f 2579/2579/2579 2547/2547/2547 2820/2820/2820
f 2547/2547/2547 2593/2593/2593 2820/2820/2820
f 947/947/947 875/875/875 737/737/737
f 171/171/171 60/60/60 58/58/58
f 171/171/171 170/170/170 60/60/60
f 170/170/170 65/65/65 60/60/60
f 170/170/170 73/73/73 65/65/65
f 65/65/65 73/73/73 66/66/66
f 891/891/891 776/776/776 731/731/731
f 73/73/73 67/67/67 66/66/66
f 73/73/73 176/176/176 67/67/67
f 176/176/176 162/162/162 67/67/67
f 174/174/174 164/164/164 162/162/162
f 164/164/164 174/174/174 165/165/165
f 165/165/165 163/163/163 164/164/164
f 165/165/165 169/169/169 163/163/163
f 2562/2562/2562 2556/2556/2556 2884/2884/2884
f 268/268/268 321/321/321 258/258/258
f 996/996/996 1000/1000/1000 968/968/968
f 2199/2199/2199 2179/2179/2179 2198/2198/2198
f 225/225/225 298/298/298 254/254/254
f 298/298/298 301/301/301 254/254/254
f 2197/2197/2197 2179/2179/2179 2199/2199/2199
f 3012/3012/3012 3007/3007/3007 3013/3013/3013
f 2929/2929/2929 2823/2823/2823 2580/2580/2580
f 2580/2580/2580 2520/2520/2520 2465/2465/2465
f 2580/2580/2580 2465/2465/2465 2541/2541/2541
f 2541/2541/2541 2465/2465/2465 2464/2464/2464
f 2541/2541/2541 2464/2464/2464 2601/2601/2601
f 2464/2464/2464 2470/2470/2470 2601/2601/2601
f 2601/2601/2601 2470/2470/2470 2471/2471/2471
f 161/161/161 282/282/282 130/130/130
f 161/161/161 130/130/130 131/131/131
f 282/282/282 283/283/283 130/130/130
f 130/130/130 283/283/283 132/132/132
f 130/130/130 132/132/132 122/122/122
f 122/122/122 121/121/121 120/120/120
f 122/122/122 120/120/120 123/123/123
f 132/132/132 121/121/121 122/122/122
f 283/283/283 187/187/187 132/132/132
f 132/132/132 187/187/187 121/121/121
f 187/187/187 133/133/133 121/121/121
f 133/133/133 119/119/119 121/121/121
f 121/121/121 119/119/119 120/120/120
f 133/133/133 187/187/187 127/127/127
f 133/133/133 127/127/127 119/119/119
f 2583/2583/2583 2427/2427/2427 2584/2584/2584
f 2427/2427/2427 2627/2627/2627 2584/2584/2584
f 297/297/297 182/182/182 127/127/127
f 2626/2626/2626 2430/2430/2430 2625/2625/2625
f 2625/2625/2625 2430/2430/2430 2546/2546/2546
f 2546/2546/2546 2430/2430/2430 2429/2429/2429
f 2429/2429/2429 2511/2511/2511 2546/2546/2546
f 292/292/292 319/319/319 318/318/318
f 2511/2511/2511 2416/2416/2416 2570/2570/2570
f 292/292/292 256/256/256 319/319/319
f 2570/2570/2570 2416/2416/2416 2496/2496/2496
f 2416/2416/2416 2410/2410/2410 2496/2496/2496
f 256/256/256 257/257/257 308/308/308
f 2410/2410/2410 2407/2407/2407 2496/2496/2496
f 234/234/234 308/308/308 257/257/257
f 234/234/234 309/309/309 308/308/308
f 2496/2496/2496 2407/2407/2407 2449/2449/2449
f 234/234/234 287/287/287 309/309/309
f 287/287/287 288/288/288 309/309/309
f 2406/2406/2406 2409/2409/2409 2411/2411/2411
f 2409/2409/2409 2380/2380/2380 2412/2412/2412
f 2380/2380/2380 2374/2374/2374 2412/2412/2412
f 2412/2412/2412 2374/2374/2374 2373/2373/2373
f 2369/2369/2369 2498/2498/2498 2373/2373/2373
f 451/451/451 454/454/454 447/447/447
f 758/758/758 847/847/847 514/514/514
f 2388/2388/2388 2391/2391/2391 2547/2547/2547
f 2820/2820/2820 2593/2593/2593 2928/2928/2928
f 2593/2593/2593 2870/2870/2870 2928/2928/2928
f 2593/2593/2593 2581/2581/2581 2870/2870/2870
f 217/217/217 73/73/73 170/170/170
f 217/217/217 176/176/176 73/73/73
f 217/217/217 221/221/221 176/176/176
f 221/221/221 213/213/213 176/176/176
f 176/176/176 213/213/213 162/162/162
f 220/220/220 174/174/174 213/213/213
f 213/213/213 174/174/174 162/162/162
f 220/220/220 165/165/165 174/174/174
f 220/220/220 229/229/229 165/165/165
f 229/229/229 169/169/169 165/165/165
f 2608/2608/2608 2443/2443/2443 2565/2565/2565
f 2443/2443/2443 2442/2442/2442 2565/2565/2565
f 2442/2442/2442 2444/2444/2444 2560/2560/2560
f 2565/2565/2565 2442/2442/2442 2560/2560/2560
f 2560/2560/2560 2444/2444/2444 2562/2562/2562
f 2444/2444/2444 2479/2479/2479 2562/2562/2562
f 2562/2562/2562 2479/2479/2479 2556/2556/2556
f 2884/2884/2884 2556/2556/2556 2892/2892/2892
f 2216/2216/2216 2214/2214/2214 2209/2209/2209
f 2214/2214/2214 2207/2207/2207 2209/2209/2209
f 2198/2198/2198 2179/2179/2179 2191/2191/2191
f 2209/2209/2209 2203/2203/2203 2208/2208/2208
f 2208/2208/2208 2203/2203/2203 2201/2201/2201
f 2201/2201/2201 2177/2177/2177 2197/2197/2197
f 2197/2197/2197 2177/2177/2177 2176/2176/2176
f 2823/2823/2823 2520/2520/2520 2580/2580/2580
f 2471/2471/2471 2462/2462/2462 2460/2460/2460
f 2471/2471/2471 2460/2460/2460 2457/2457/2457
f 2471/2471/2471 2457/2457/2457 2582/2582/2582
f 2582/2582/2582 2457/2457/2457 2583/2583/2583
f 2583/2583/2583 2457/2457/2457 2427/2427/2427
f 2427/2427/2427 2430/2430/2430 2627/2627/2627
f 2627/2627/2627 2430/2430/2430 2626/2626/2626
f 2429/2429/2429 2428/2428/2428 2511/2511/2511
f 2511/2511/2511 2428/2428/2428 2416/2416/2416
f 319/319/319 256/256/256 320/320/320
f 256/256/256 308/308/308 320/320/320
f 845/845/845 566/566/566 598/598/598
f 2449/2449/2449 2407/2407/2407 2406/2406/2406
f 2374/2374/2374 2372/2372/2372 2373/2373/2373
f 2369/2369/2369 2366/2366/2366 2368/2368/2368
f 2547/2547/2547 2391/2391/2391 2454/2454/2454
f 2547/2547/2547 2454/2454/2454 2593/2593/2593
f 2593/2593/2593 2454/2454/2454 2581/2581/2581
f 2454/2454/2454 2447/2447/2447 2581/2581/2581
f 2581/2581/2581 2447/2447/2447 2469/2469/2469
f 2469/2469/2469 2870/2870/2870 2581/2581/2581
f 2469/2469/2469 2869/2869/2869 2870/2870/2870
f 2869/2869/2869 2469/2469/2469 2453/2453/2453
f 2869/2869/2869 2453/2453/2453 2886/2886/2886
f 789/789/789 791/791/791 788/788/788
f 2886/2886/2886 2453/2453/2453 2885/2885/2885
f 2885/2885/2885 2453/2453/2453 2452/2452/2452
f 2452/2452/2452 2608/2608/2608 2885/2885/2885
f 2452/2452/2452 2443/2443/2443 2608/2608/2608
f 842/842/842 739/739/739 948/948/948
f 2209/2209/2209 2207/2207/2207 2203/2203/2203
f 2203/2203/2203 2177/2177/2177 2201/2201/2201
f 2197/2197/2197 2176/2176/2176 2179/2179/2179
f 2553/2553/2553 2521/2521/2521 2520/2520/2520
f 2465/2465/2465 2463/2463/2463 2464/2464/2464
f 2464/2464/2464 2463/2463/2463 2462/2462/2462
f 2464/2464/2464 2462/2462/2462 2470/2470/2470
f 2427/2427/2427 2424/2424/2424 2430/2430/2430
f 2430/2430/2430 2421/2421/2421 2429/2429/2429
f 2429/2429/2429 2421/2421/2421 2418/2418/2418
f 2429/2429/2429 2418/2418/2418 2428/2428/2428
f 2404/2404/2404 2380/2380/2380 2406/2406/2406
f 2407/2407/2407 2404/2404/2404 2406/2406/2406
f 2406/2406/2406 2380/2380/2380 2409/2409/2409
f 2370/2370/2370 2366/2366/2366 2369/2369/2369
f 2474/2474/2474 2378/2378/2378 2455/2455/2455
f 2455/2455/2455 2378/2378/2378 2390/2390/2390
f 2390/2390/2390 2379/2379/2379 2388/2388/2388
f 2388/2388/2388 2387/2387/2387 2391/2391/2391
f 2391/2391/2391 2393/2393/2393 2454/2454/2454
f 2454/2454/2454 2393/2393/2393 2447/2447/2447
f 842/842/842 948/948/948 814/814/814
f 2207/2207/2207 2204/2204/2204 2203/2203/2203
f 3011/3011/3011 3018/3018/3018 3000/3000/3000
f 2823/2823/2823 2553/2553/2553 2520/2520/2520
f 2520/2520/2520 2521/2521/2521 2466/2466/2466
f 2520/2520/2520 2466/2466/2466 2465/2465/2465
f 2465/2465/2465 2466/2466/2466 2463/2463/2463
f 2462/2462/2462 2459/2459/2459 2460/2460/2460
f 2460/2460/2460 2459/2459/2459 2457/2457/2457
f 2457/2457/2457 2459/2459/2459 2458/2458/2458
f 677/677/677 613/613/613 568/568/568
f 2457/2457/2457 2458/2458/2458 2456/2456/2456
f 613/613/613 798/798/798 694/694/694
f 2457/2457/2457 2456/2456/2456 2427/2427/2427
f 2456/2456/2456 2426/2426/2426 2427/2427/2427
f 2426/2426/2426 2425/2425/2425 2427/2427/2427
f 2427/2427/2427 2425/2425/2425 2424/2424/2424
f 2424/2424/2424 2421/2421/2421 2430/2430/2430
f 697/697/697 559/559/559 538/538/538
f 2428/2428/2428 2418/2418/2418 2414/2414/2414
f 2428/2428/2428 2414/2414/2414 2416/2416/2416
f 2416/2416/2416 2414/2414/2414 2410/2410/2410
f 2410/2410/2410 2408/2408/2408 2407/2407/2407
f 2407/2407/2407 2408/2408/2408 2404/2404/2404
f 2373/2373/2373 2372/2372/2372 2370/2370/2370
f 2368/2368/2368 2376/2376/2376 2475/2475/2475
f 2475/2475/2475 2376/2376/2376 2474/2474/2474
f 2474/2474/2474 2376/2376/2376 2378/2378/2378
f 2390/2390/2390 2378/2378/2378 2379/2379/2379
f 514/514/514 471/471/471 504/504/504
f 2379/2379/2379 2387/2387/2387 2388/2388/2388
f 596/596/596 738/738/738 595/595/595
f 2391/2391/2391 2392/2392/2392 2393/2393/2393
f 2393/2393/2393 2396/2396/2396 2447/2447/2447
f 2447/2447/2447 2396/2396/2396 2397/2397/2397
f 2447/2447/2447 2397/2397/2397 2469/2469/2469
f 2397/2397/2397 2399/2399/2399 2469/2469/2469
f 2452/2452/2452 2402/2402/2402 2443/2443/2443
f 2402/2402/2402 2441/2441/2441 2442/2442/2442
f 2443/2443/2443 2402/2402/2402 2442/2442/2442
f 2442/2442/2442 2441/2441/2441 2444/2444/2444
f 2444/2444/2444 2441/2441/2441 2446/2446/2446
f 2444/2444/2444 2446/2446/2446 2479/2479/2479
f 2479/2479/2479 2446/2446/2446 2542/2542/2542
f 2479/2479/2479 2542/2542/2542 2556/2556/2556
f 804/804/804 515/515/515 768/768/768
f 2892/2892/2892 2556/2556/2556 2852/2852/2852
f 2214/2214/2214 2213/2213/2213 2207/2207/2207
f 2176/2176/2176 2172/2172/2172 2179/2179/2179
f 3007/3007/3007 3006/3006/3006 3016/3016/3016
f 2882/2882/2882 2553/2553/2553 2823/2823/2823
f 2463/2463/2463 2459/2459/2459 2462/2462/2462
f 2458/2458/2458 2461/2461/2461 2456/2456/2456
f 694/694/694 798/798/798 577/577/577
f 796/796/796 705/705/705 577/577/577
f 2418/2418/2418 2417/2417/2417 2414/2414/2414
f 2410/2410/2410 2414/2414/2414 2408/2408/2408
f 598/598/598 565/565/565 525/525/525
f 2404/2404/2404 2403/2403/2403 2380/2380/2380
f 565/565/565 566/566/566 524/524/524
f 2374/2374/2374 2371/2371/2371 2372/2372/2372
f 2387/2387/2387 2392/2392/2392 2391/2391/2391
f 2399/2399/2399 2400/2400/2400 2469/2469/2469
f 2400/2400/2400 2453/2453/2453 2469/2469/2469
f 2453/2453/2453 2400/2400/2400 2452/2452/2452
f 2452/2452/2452 2400/2400/2400 2402/2402/2402
f 792/792/792 814/814/814 575/575/575
f 2542/2542/2542 2852/2852/2852 2556/2556/2556
f 2191/2191/2191 2178/2178/2178 2196/2196/2196
f 2213/2213/2213 2204/2204/2204 2207/2207/2207
f 2203/2203/2203 2204/2204/2204 2170/2170/2170
f 2203/2203/2203 2170/2170/2170 2177/2177/2177
f 2179/2179/2179 2172/2172/2172 2178/2178/2178
f 2177/2177/2177 2170/2170/2170 2176/2176/2176
f 2170/2170/2170 2169/2169/2169 2176/2176/2176
f 2169/2169/2169 2172/2172/2172 2176/2176/2176
f 604/604/604 553/553/553 562/562/562
f 2461/2461/2461 2494/2494/2494 2456/2456/2456
f 2456/2456/2456 2494/2494/2494 2426/2426/2426
f 2425/2425/2425 2423/2423/2423 2424/2424/2424
f 2424/2424/2424 2423/2423/2423 2421/2421/2421
f 2423/2423/2423 2422/2422/2422 2421/2421/2421
f 2418/2418/2418 2419/2419/2419 2417/2417/2417
f 2414/2414/2414 2413/2413/2413 2408/2408/2408
f 2408/2408/2408 2405/2405/2405 2404/2404/2404
f 2380/2380/2380 2403/2403/2403 2382/2382/2382
f 2370/2370/2370 2364/2364/2364 2366/2366/2366
f 2364/2364/2364 2365/2365/2365 2366/2366/2366
f 2366/2366/2366 2367/2367/2367 2368/2368/2368
f 2392/2392/2392 2394/2394/2394 2393/2393/2393
f 614/614/614 615/615/615 498/498/498
f 2393/2393/2393 2395/2395/2395 2396/2396/2396
f 2402/2402/2402 2440/2440/2440 2441/2441/2441
f 948/948/948 739/739/739 510/510/510
f 2441/2441/2441 2450/2450/2450 2446/2446/2446
f 2196/2196/2196 2178/2178/2178 2190/2190/2190
f 2553/2553/2553 2544/2544/2544 2521/2521/2521
f 2521/2521/2521 2522/2522/2522 2480/2480/2480
f 2521/2521/2521 2480/2480/2480 2466/2466/2466
f 2466/2466/2466 2480/2480/2480 2463/2463/2463
f 2480/2480/2480 2486/2486/2486 2463/2463/2463
f 2486/2486/2486 2485/2485/2485 2463/2463/2463
f 2463/2463/2463 2485/2485/2485 2459/2459/2459
f 2459/2459/2459 2485/2485/2485 2488/2488/2488
f 2459/2459/2459 2488/2488/2488 2458/2458/2458
f 2422/2422/2422 2420/2420/2420 2421/2421/2421
f 2421/2421/2421 2420/2420/2420 2418/2418/2418
f 2418/2418/2418 2420/2420/2420 2419/2419/2419
f 2417/2417/2417 2415/2415/2415 2414/2414/2414
f 2415/2415/2415 2413/2413/2413 2414/2414/2414
f 2408/2408/2408 2413/2413/2413 2405/2405/2405
f 2404/2404/2404 2405/2405/2405 2403/2403/2403
f 2365/2365/2365 2367/2367/2367 2366/2366/2366
f 2367/2367/2367 2375/2375/2375 2368/2368/2368
f 2368/2368/2368 2375/2375/2375 2376/2376/2376
f 2376/2376/2376 2377/2377/2377 2378/2378/2378
f 2378/2378/2378 2377/2377/2377 2379/2379/2379
f 2393/2393/2393 2394/2394/2394 2395/2395/2395
f 2399/2399/2399 2397/2397/2397 2398/2398/2398
f 2400/2400/2400 2401/2401/2401 2402/2402/2402
f 2441/2441/2441 2440/2440/2440 2445/2445/2445
f 2441/2441/2441 2445/2445/2445 2450/2450/2450
f 2204/2204/2204 2200/2200/2200 2170/2170/2170
f 2882/2882/2882 2604/2604/2604 2553/2553/2553
f 2604/2604/2604 2544/2544/2544 2553/2553/2553
f 2544/2544/2544 2522/2522/2522 2521/2521/2521
f 2458/2458/2458 2488/2488/2488 2491/2491/2491
f 2458/2458/2458 2491/2491/2491 2461/2461/2461
f 2461/2461/2461 2436/2436/2436 2494/2494/2494
f 2419/2419/2419 2431/2431/2431 2417/2417/2417
f 2382/2382/2382 2381/2381/2381 2380/2380/2380
f 2380/2380/2380 2381/2381/2381 2371/2371/2371
f 2380/2380/2380 2371/2371/2371 2374/2374/2374
f 2372/2372/2372 2371/2371/2371 2370/2370/2370
f 2371/2371/2371 2364/2364/2364 2370/2370/2370
f 2377/2377/2377 2385/2385/2385 2379/2379/2379
f 2385/2385/2385 2386/2386/2386 2379/2379/2379
f 2379/2379/2379 2386/2386/2386 2387/2387/2387
f 2386/2386/2386 2389/2389/2389 2387/2387/2387
f 2387/2387/2387 2389/2389/2389 2392/2392/2392
f 2396/2396/2396 2395/2395/2395 2397/2397/2397
f 2395/2395/2395 2398/2398/2398 2397/2397/2397
f 2400/2400/2400 2398/2398/2398 2401/2401/2401
f 2401/2401/2401 2440/2440/2440 2402/2402/2402
f 2450/2450/2450 2476/2476/2476 2446/2446/2446
f 2476/2476/2476 2543/2543/2543 2542/2542/2542
f 2446/2446/2446 2476/2476/2476 2542/2542/2542
f 2543/2543/2543 2603/2603/2603 2542/2542/2542
f 2542/2542/2542 2603/2603/2603 2852/2852/2852
f 2603/2603/2603 2941/2941/2941 2852/2852/2852
f 2213/2213/2213 2210/2210/2210 2204/2204/2204
f 2180/2180/2180 2187/2187/2187 2178/2178/2178
f 2204/2204/2204 2210/2210/2210 2200/2200/2200
f 2172/2172/2172 2175/2175/2175 2178/2178/2178
f 2175/2175/2175 2180/2180/2180 2178/2178/2178
f 2170/2170/2170 2200/2200/2200 2165/2165/2165
f 2165/2165/2165 2167/2167/2167 2169/2169/2169
f 2170/2170/2170 2165/2165/2165 2169/2169/2169
f 2169/2169/2169 2167/2167/2167 2172/2172/2172
f 2167/2167/2167 2175/2175/2175 2172/2172/2172
f 3002/3002/3002 3009/3009/3009 3006/3006/3006
f 2480/2480/2480 2504/2504/2504 2486/2486/2486
f 2491/2491/2491 2505/2505/2505 2461/2461/2461
f 2461/2461/2461 2505/2505/2505 2436/2436/2436
f 2494/2494/2494 2436/2436/2436 2426/2426/2426
f 2436/2436/2436 2423/2423/2423 2426/2426/2426
f 2426/2426/2426 2423/2423/2423 2425/2425/2425
f 2420/2420/2420 2432/2432/2432 2419/2419/2419
f 2405/2405/2405 2448/2448/2448 2403/2403/2403
f 2381/2381/2381 2384/2384/2384 2371/2371/2371
f 2367/2367/2367 2383/2383/2383 2375/2375/2375
f 2375/2375/2375 2377/2377/2377 2376/2376/2376
f 2389/2389/2389 2394/2394/2394 2392/2392/2392
f 2522/2522/2522 2526/2526/2526 2480/2480/2480
f 2480/2480/2480 2526/2526/2526 2504/2504/2504
f 2434/2434/2434 2433/2433/2433 2422/2422/2422
f 2422/2422/2422 2433/2433/2433 2420/2420/2420
f 2417/2417/2417 2431/2431/2431 2415/2415/2415
f 2415/2415/2415 2473/2473/2473 2413/2413/2413
f 2413/2413/2413 2473/2473/2473 2405/2405/2405
f 2405/2405/2405 2473/2473/2473 2448/2448/2448
f 2403/2403/2403 2448/2448/2448 2382/2382/2382
f 2384/2384/2384 2438/2438/2438 2371/2371/2371
f 2371/2371/2371 2362/2362/2362 2364/2364/2364
f 2365/2365/2365 2363/2363/2363 2367/2367/2367
f 2509/2509/2509 2508/2508/2508 2401/2401/2401
f 2401/2401/2401 2508/2508/2508 2440/2440/2440
f 2450/2450/2450 2528/2528/2528 2476/2476/2476
f 2603/2603/2603 2921/2921/2921 2941/2941/2941
f 2604/2604/2604 2624/2624/2624 2544/2544/2544
f 2486/2486/2486 2487/2487/2487 2485/2485/2485
f 2485/2485/2485 2487/2487/2487 2488/2488/2488
f 2490/2490/2490 2491/2491/2491 2488/2488/2488
f 2436/2436/2436 2435/2435/2435 2423/2423/2423
f 2423/2423/2423 2435/2435/2435 2422/2422/2422
f 2422/2422/2422 2435/2435/2435 2434/2434/2434
f 2433/2433/2433 2432/2432/2432 2420/2420/2420
f 2419/2419/2419 2432/2432/2432 2431/2431/2431
f 2415/2415/2415 2472/2472/2472 2473/2473/2473
f 2371/2371/2371 2438/2438/2438 2362/2362/2362
f 2364/2364/2364 2362/2362/2362 2363/2363/2363
f 2364/2364/2364 2363/2363/2363 2365/2365/2365
f 2363/2363/2363 2383/2383/2383 2367/2367/2367
f 2375/2375/2375 2383/2383/2383 2377/2377/2377
f 2389/2389/2389 2483/2483/2483 2394/2394/2394
f 2394/2394/2394 2507/2507/2507 2395/2395/2395
f 2398/2398/2398 2395/2395/2395 2510/2510/2510
f 2398/2398/2398 2510/2510/2510 2401/2401/2401
f 2401/2401/2401 2510/2510/2510 2509/2509/2509
f 2508/2508/2508 2445/2445/2445 2440/2440/2440
f 2445/2445/2445 2523/2523/2523 2450/2450/2450
f 2450/2450/2450 2523/2523/2523 2528/2528/2528
f 2476/2476/2476 2551/2551/2551 2543/2543/2543
f 2543/2543/2543 2551/2551/2551 2615/2615/2615
f 2210/2210/2210 2202/2202/2202 2200/2200/2200
f 2180/2180/2180 2173/2173/2173 2181/2181/2181
f 2175/2175/2175 2173/2173/2173 2180/2180/2180
f 2200/2200/2200 2202/2202/2202 2168/2168/2168
f 2200/2200/2200 2168/2168/2168 2165/2165/2165
f 2168/2168/2168 2166/2166/2166 2165/2165/2165
f 2165/2165/2165 2166/2166/2166 2167/2167/2167
f 2167/2167/2167 2173/2173/2173 2175/2175/2175
f 2490/2490/2490 2505/2505/2505 2491/2491/2491
f 2505/2505/2505 2467/2467/2467 2436/2436/2436
f 2431/2431/2431 2472/2472/2472 2415/2415/2415
f 2448/2448/2448 2482/2482/2482 2382/2382/2382
f 2482/2482/2482 2500/2500/2500 2381/2381/2381
f 2382/2382/2382 2482/2482/2482 2381/2381/2381
f 2381/2381/2381 2500/2500/2500 2384/2384/2384
f 2363/2363/2363 2361/2361/2361 2383/2383/2383
f 2377/2377/2377 2383/2383/2383 2478/2478/2478
f 2386/2386/2386 2477/2477/2477 2389/2389/2389
f 2477/2477/2477 2484/2484/2484 2389/2389/2389
f 2484/2484/2484 2483/2483/2483 2389/2389/2389
f 2507/2507/2507 2512/2512/2512 2395/2395/2395
f 2528/2528/2528 2551/2551/2551 2476/2476/2476
f 674/674/674 675/675/675 511/511/511
f 2921/2921/2921 2987/2987/2987 2941/2941/2941
f 2210/2210/2210 2212/2212/2212 2202/2202/2202
f 2167/2167/2167 2166/2166/2166 2173/2173/2173
f 2624/2624/2624 2586/2586/2586 2544/2544/2544
f 2544/2544/2544 2545/2545/2545 2522/2522/2522
f 2522/2522/2522 2545/2545/2545 2526/2526/2526
f 2486/2486/2486 2503/2503/2503 2487/2487/2487
f 2488/2488/2488 2487/2487/2487 2489/2489/2489
f 2488/2488/2488 2489/2489/2489 2490/2490/2490
f 2467/2467/2467 2437/2437/2437 2436/2436/2436
f 2436/2436/2436 2437/2437/2437 2435/2435/2435
f 2433/2433/2433 2495/2495/2495 2432/2432/2432
f 2432/2432/2432 2497/2497/2497 2431/2431/2431
f 2431/2431/2431 2497/2497/2497 2472/2472/2472
f 2472/2472/2472 2530/2530/2530 2473/2473/2473
f 2500/2500/2500 2439/2439/2439 2384/2384/2384
f 2384/2384/2384 2439/2439/2439 2438/2438/2438
f 2362/2362/2362 2361/2361/2361 2363/2363/2363
f 2377/2377/2377 2478/2478/2478 2477/2477/2477
f 2377/2377/2377 2477/2477/2477 2385/2385/2385
f 2385/2385/2385 2477/2477/2477 2386/2386/2386
f 2483/2483/2483 2507/2507/2507 2394/2394/2394
f 2395/2395/2395 2512/2512/2512 2510/2510/2510
f 2508/2508/2508 2524/2524/2524 2445/2445/2445
f 2544/2544/2544 2586/2586/2586 2545/2545/2545
f 2505/2505/2505 2468/2468/2468 2467/2467/2467
f 2432/2432/2432 2495/2495/2495 2497/2497/2497
f 2497/2497/2497 2529/2529/2529 2472/2472/2472
f 2472/2472/2472 2529/2529/2529 2530/2530/2530
f 2473/2473/2473 2531/2531/2531 2448/2448/2448
f 2448/2448/2448 2531/2531/2531 2482/2482/2482
f 2438/2438/2438 2439/2439/2439 2360/2360/2360
f 2438/2438/2438 2360/2360/2360 2362/2362/2362
f 2383/2383/2383 2347/2347/2347 2348/2348/2348
f 2525/2525/2525 2508/2508/2508 2509/2509/2509
f 2615/2615/2615 2903/2903/2903 2921/2921/2921
f 2181/2181/2181 2182/2182/2182 2189/2189/2189
f 2173/2173/2173 2182/2182/2182 2181/2181/2181
f 2489/2489/2489 2492/2492/2492 2490/2490/2490
f 2490/2490/2490 2468/2468/2468 2505/2505/2505
f 2467/2467/2467 2468/2468/2468 2437/2437/2437
f 2434/2434/2434 2506/2506/2506 2433/2433/2433
f 2433/2433/2433 2506/2506/2506 2495/2495/2495
f 2473/2473/2473 2530/2530/2530 2531/2531/2531
f 2361/2361/2361 2347/2347/2347 2383/2383/2383
f 2507/2507/2507 2538/2538/2538 2512/2512/2512
f 2510/2510/2510 2525/2525/2525 2509/2509/2509
f 2508/2508/2508 2525/2525/2525 2524/2524/2524
f 2524/2524/2524 2523/2523/2523 2445/2445/2445
f 2189/2189/2189 2182/2182/2182 2193/2193/2193
f 2202/2202/2202 2185/2185/2185 2168/2168/2168
f 2166/2166/2166 2168/2168/2168 2171/2171/2171
f 2557/2557/2557 2503/2503/2503 2526/2526/2526
f 2503/2503/2503 2513/2513/2513 2487/2487/2487
f 2490/2490/2490 2492/2492/2492 2493/2493/2493
f 2490/2490/2490 2493/2493/2493 2468/2468/2468
f 2468/2468/2468 2502/2502/2502 2437/2437/2437
f 2437/2437/2437 2502/2502/2502 2501/2501/2501
f 2437/2437/2437 2501/2501/2501 2434/2434/2434
f 2501/2501/2501 2506/2506/2506 2434/2434/2434
f 2506/2506/2506 2540/2540/2540 2495/2495/2495
f 2495/2495/2495 2540/2540/2540 2497/2497/2497
f 2497/2497/2497 2569/2569/2569 2529/2529/2529
f 2482/2482/2482 2567/2567/2567 2500/2500/2500
f 2500/2500/2500 2534/2534/2534 2439/2439/2439
f 2439/2439/2439 2534/2534/2534 2360/2360/2360
f 2362/2362/2362 2339/2339/2339 2361/2361/2361
f 2478/2478/2478 2516/2516/2516 2477/2477/2477
f 2484/2484/2484 2514/2514/2514 2483/2483/2483
f 2512/2512/2512 2538/2538/2538 2510/2510/2510
f 2510/2510/2510 2538/2538/2538 2539/2539/2539
f 2510/2510/2510 2539/2539/2539 2525/2525/2525
f 2523/2523/2523 2572/2572/2572 2528/2528/2528
f 2551/2551/2551 2528/2528/2528 2585/2585/2585
f 2551/2551/2551 2903/2903/2903 2615/2615/2615
f 2921/2921/2921 2990/2990/2990 2987/2987/2987
f 2212/2212/2212 2211/2211/2211 2202/2202/2202
f 2202/2202/2202 2211/2211/2211 2185/2185/2185
f 2945/2945/2945 2935/2935/2935 2586/2586/2586
f 2586/2586/2586 2621/2621/2621 2545/2545/2545
f 2513/2513/2513 2519/2519/2519 2487/2487/2487
f 2487/2487/2487 2519/2519/2519 2489/2489/2489
f 2501/2501/2501 2571/2571/2571 2506/2506/2506
f 2540/2540/2540 2569/2569/2569 2497/2497/2497
f 2529/2529/2529 2569/2569/2569 2530/2530/2530
f 2530/2530/2530 2596/2596/2596 2531/2531/2531
f 2531/2531/2531 2596/2596/2596 2598/2598/2598
f 2482/2482/2482 2598/2598/2598 2567/2567/2567
f 2500/2500/2500 2567/2567/2567 2534/2534/2534
f 2348/2348/2348 2517/2517/2517 2478/2478/2478
f 2517/2517/2517 2516/2516/2516 2478/2478/2478
f 2514/2514/2514 2518/2518/2518 2483/2483/2483
f 2483/2483/2483 2518/2518/2518 2507/2507/2507
f 2507/2507/2507 2537/2537/2537 2538/2538/2538
f 2539/2539/2539 2559/2559/2559 2525/2525/2525
f 2525/2525/2525 2558/2558/2558 2524/2524/2524
f 2524/2524/2524 2558/2558/2558 2561/2561/2561
f 2524/2524/2524 2561/2561/2561 2523/2523/2523
f 2523/2523/2523 2561/2561/2561 2572/2572/2572
f 2572/2572/2572 2585/2585/2585 2528/2528/2528
f 2551/2551/2551 2585/2585/2585 2875/2875/2875
f 2551/2551/2551 2875/2875/2875 2903/2903/2903
f 2921/2921/2921 2903/2903/2903 2990/2990/2990
f 2168/2168/2168 2185/2185/2185 2171/2171/2171
f 2171/2171/2171 2183/2183/2183 2174/2174/2174
f 3023/3023/3023 3028/3028/3028 3029/3029/3029
f 2621/2621/2621 2557/2557/2557 2545/2545/2545
f 2489/2489/2489 2519/2519/2519 2492/2492/2492
f 2492/2492/2492 2519/2519/2519 2533/2533/2533
f 2492/2492/2492 2533/2533/2533 2493/2493/2493
f 2493/2493/2493 2533/2533/2533 2527/2527/2527
f 2493/2493/2493 2527/2527/2527 2468/2468/2468
f 2527/2527/2527 2568/2568/2568 2502/2502/2502
f 2468/2468/2468 2527/2527/2527 2502/2502/2502
f 2502/2502/2502 2568/2568/2568 2501/2501/2501
f 2568/2568/2568 2571/2571/2571 2501/2501/2501
f 2506/2506/2506 2571/2571/2571 2576/2576/2576
f 2506/2506/2506 2576/2576/2576 2540/2540/2540
f 2540/2540/2540 2576/2576/2576 2577/2577/2577
f 2540/2540/2540 2577/2577/2577 2569/2569/2569
f 2569/2569/2569 2597/2597/2597 2530/2530/2530
f 2347/2347/2347 2346/2346/2346 2348/2348/2348
f 2516/2516/2516 2554/2554/2554 2515/2515/2515
f 2554/2554/2554 2514/2514/2514 2515/2515/2515
f 2515/2515/2515 2514/2514/2514 2484/2484/2484
f 2518/2518/2518 2537/2537/2537 2507/2507/2507
f 2183/2183/2183 2186/2186/2186 2174/2174/2174
f 2174/2174/2174 2186/2186/2186 2182/2182/2182
f 2185/2185/2185 2184/2184/2184 2171/2171/2171
f 2184/2184/2184 2183/2183/2183 2171/2171/2171
f 2519/2519/2519 2906/2906/2906 2533/2533/2533
f 2569/2569/2569 2577/2577/2577 2914/2914/2914
f 2569/2569/2569 2914/2914/2914 2597/2597/2597
f 2597/2597/2597 2915/2915/2915 2596/2596/2596
f 2596/2596/2596 2910/2910/2910 2598/2598/2598
f 2360/2360/2360 2354/2354/2354 2339/2339/2339
f 2346/2346/2346 2552/2552/2552 2348/2348/2348
f 2348/2348/2348 2552/2552/2552 2566/2566/2566
f 2566/2566/2566 2517/2517/2517 2348/2348/2348
f 2554/2554/2554 2564/2564/2564 2514/2514/2514
f 2514/2514/2514 2564/2564/2564 2518/2518/2518
f 2537/2537/2537 2623/2623/2623 2538/2538/2538
f 2623/2623/2623 2622/2622/2622 2538/2538/2538
f 2538/2538/2538 2622/2622/2622 2539/2539/2539
f 2622/2622/2622 2620/2620/2620 2539/2539/2539
f 2539/2539/2539 2620/2620/2620 2559/2559/2559
f 2620/2620/2620 2619/2619/2619 2559/2559/2559
f 2559/2559/2559 2619/2619/2619 2558/2558/2558
f 819/819/819 957/957/957 818/818/818
f 2558/2558/2558 2618/2618/2618 2561/2561/2561
f 2585/2585/2585 2572/2572/2572 2895/2895/2895
f 2875/2875/2875 2982/2982/2982 2903/2903/2903
f 2903/2903/2903 2994/2994/2994 2990/2990/2990
f 2621/2621/2621 2933/2933/2933 2557/2557/2557
f 2557/2557/2557 2605/2605/2605 2513/2513/2513
f 2605/2605/2605 2866/2866/2866 2513/2513/2513
f 2513/2513/2513 2866/2866/2866 2867/2867/2867
f 2513/2513/2513 2867/2867/2867 2519/2519/2519
f 2519/2519/2519 2867/2867/2867 2906/2906/2906
f 2920/2920/2920 2919/2919/2919 2527/2527/2527
f 2527/2527/2527 2919/2919/2919 2568/2568/2568
f 2568/2568/2568 2919/2919/2919 2918/2918/2918
f 2568/2568/2568 2918/2918/2918 2571/2571/2571
f 2918/2918/2918 2946/2946/2946 2576/2576/2576
f 2576/2576/2576 2946/2946/2946 2577/2577/2577
f 1410/1410/1410 1387/1387/1387 1404/1404/1404
f 2914/2914/2914 2915/2915/2915 2597/2597/2597
f 2910/2910/2910 2891/2891/2891 2598/2598/2598
f 2598/2598/2598 2891/2891/2891 2567/2567/2567
f 2567/2567/2567 2594/2594/2594 2534/2534/2534
f 2594/2594/2594 2550/2550/2550 2534/2534/2534
f 2901/2901/2901 2900/2900/2900 2554/2554/2554
f 2564/2564/2564 2587/2587/2587 2518/2518/2518
f 2518/2518/2518 2587/2587/2587 2537/2537/2537
f 2537/2537/2537 2587/2587/2587 2623/2623/2623
f 2622/2622/2622 2938/2938/2938 2620/2620/2620
f 2620/2620/2620 2943/2943/2943 2619/2619/2619
f 2619/2619/2619 2618/2618/2618 2558/2558/2558
f 2572/2572/2572 2561/2561/2561 2895/2895/2895
f 2903/2903/2903 2982/2982/2982 2991/2991/2991
f 2903/2903/2903 2991/2991/2991 2994/2994/2994
f 2211/2211/2211 2215/2215/2215 2205/2205/2205
f 2211/2211/2211 2205/2205/2205 2185/2185/2185
f 2185/2185/2185 2205/2205/2205 2184/2184/2184
f 1399/1399/1399 1374/1374/1374 1381/1381/1381
f 1410/1410/1410 1393/1393/1393 1387/1387/1387
f 2534/2534/2534 2550/2550/2550 2359/2359/2359
f 2339/2339/2339 2337/2337/2337 2347/2347/2347
f 2566/2566/2566 2588/2588/2588 2517/2517/2517
f 2900/2900/2900 2899/2899/2899 2554/2554/2554
f 2554/2554/2554 2899/2899/2899 2564/2564/2564
f 2564/2564/2564 2899/2899/2899 2587/2587/2587
f 2587/2587/2587 2958/2958/2958 2623/2623/2623
f 1260/1260/1260 1219/1219/1219 1242/1242/1242
f 2618/2618/2618 2909/2909/2909 2561/2561/2561
f 2561/2561/2561 2909/2909/2909 2895/2895/2895
f 2895/2895/2895 2981/2981/2981 2875/2875/2875
f 2875/2875/2875 2981/2981/2981 2982/2982/2982
f 2183/2183/2183 2188/2188/2188 2194/2194/2194
f 2205/2205/2205 2188/2188/2188 2184/2184/2184
f 2184/2184/2184 2188/2188/2188 2183/2183/2183
f 1415/1415/1415 1378/1378/1378 1414/1414/1414
f 2948/2948/2948 2947/2947/2947 2557/2557/2557
f 2605/2605/2605 2947/2947/2947 2866/2866/2866
f 1345/1345/1345 1334/1334/1334 1424/1424/1424
f 1393/1393/1393 1377/1377/1377 1387/1387/1387
f 1400/1400/1400 1406/1406/1406 1416/1416/1416
f 2891/2891/2891 2868/2868/2868 2594/2594/2594
f 2360/2360/2360 2359/2359/2359 2354/2354/2354
f 2339/2339/2339 2335/2335/2335 2337/2337/2337
f 2552/2552/2552 2588/2588/2588 2566/2566/2566
f 2588/2588/2588 2887/2887/2887 2517/2517/2517
f 2887/2887/2887 2978/2978/2978 2901/2901/2901
f 1275/1275/1275 1248/1248/1248 1271/1271/1271
f 2587/2587/2587 2899/2899/2899 2958/2958/2958
f 1255/1255/1255 1222/1222/1222 1272/1272/1272
f 1272/1272/1272 1222/1222/1222 1232/1232/1232
f 1272/1272/1272 1232/1232/1232 1258/1258/1258
f 2618/2618/2618 2942/2942/2942 2909/2909/2909
f 2895/2895/2895 2909/2909/2909 2981/2981/2981
f 1262/1262/1262 1221/1221/1221 1241/1241/1241
f 1408/1408/1408 1379/1379/1379 1378/1378/1378
f 1360/1360/1360 1355/1355/1355 1370/1370/1370
f 1416/1416/1416 1406/1406/1406 1417/1417/1417
f 2354/2354/2354 2335/2335/2335 2339/2339/2339
f 2346/2346/2346 2338/2338/2338 2552/2552/2552
f 1248/1248/1248 1220/1220/1220 1218/1218/1218
f 1274/1274/1274 1249/1249/1249 1282/1282/1282
f 1241/1241/1241 1200/1200/1200 1228/1228/1228
f 1302/1302/1302 1298/1298/1298 1301/1301/1301
f 2594/2594/2594 2868/2868/2868 2550/2550/2550
f 2550/2550/2550 2549/2549/2549 2359/2359/2359
f 2337/2337/2337 2338/2338/2338 2346/2346/2346
f 2588/2588/2588 2979/2979/2979 2887/2887/2887
f 2887/2887/2887 2979/2979/2979 2978/2978/2978
f 1207/1207/1207 1224/1224/1224 1210/1210/1210
f 1152/1152/1152 1156/1156/1156 1169/1169/1169
f 1168/1168/1168 1159/1159/1159 1167/1167/1167
f 1184/1184/1184 1226/1226/1226 1269/1269/1269
f 1274/1274/1274 1226/1226/1226 1247/1247/1247
f 1327/1327/1327 1321/1321/1321 1361/1361/1361
f 2868/2868/2868 2606/2606/2606 2550/2550/2550
f 2549/2549/2549 2352/2352/2352 2359/2359/2359
f 2359/2359/2359 2352/2352/2352 2354/2354/2354
f 2354/2354/2354 2352/2352/2352 2335/2335/2335
f 1283/1283/1283 1256/1256/1256 1268/1268/1268
f 1254/1254/1254 1224/1224/1224 1220/1220/1220
f 1397/1397/1397 1412/1412/1412 1396/1396/1396
f 2985/2985/2985 2606/2606/2606 2868/2868/2868
f 2550/2550/2550 2606/2606/2606 2549/2549/2549
f 2338/2338/2338 2563/2563/2563 2552/2552/2552
f 2552/2552/2552 2851/2851/2851 2588/2588/2588
f 1223/1223/1223 1253/1253/1253 1252/1252/1252
f 2335/2335/2335 2333/2333/2333 2337/2337/2337
f 2563/2563/2563 2851/2851/2851 2552/2552/2552
f 2588/2588/2588 2851/2851/2851 2980/2980/2980
f 2588/2588/2588 2980/2980/2980 2979/2979/2979
f 2606/2606/2606 2607/2607/2607 2549/2549/2549
f 2335/2335/2335 2334/2334/2334 2333/2333/2333
f 2337/2337/2337 2333/2333/2333 2338/2338/2338
f 1284/1284/1284 1279/1279/1279 1283/1283/1283
f 1279/1279/1279 1277/1277/1277 1254/1254/1254
f 2335/2335/2335 2352/2352/2352 2334/2334/2334
f 1284/1284/1284 1277/1277/1277 1279/1279/1279
f 1523/1523/1523 1504/1504/1504 1524/1524/1524
f 2338/2338/2338 2342/2342/2342 2563/2563/2563
f 1784/1784/1784 1781/1781/1781 1808/1808/1808
f 1808/1808/1808 1781/1781/1781 1782/1782/1782
f 1266/1266/1266 1278/1278/1278 1280/1280/1280
f 1782/1782/1782 1783/1783/1783 1808/1808/1808
f 1808/1808/1808 1783/1783/1783 1809/1809/1809
f 2607/2607/2607 2548/2548/2548 2549/2549/2549
f 2549/2549/2549 2548/2548/2548 2352/2352/2352
f 2333/2333/2333 2342/2342/2342 2338/2338/2338
f 1828/1828/1828 1760/1760/1760 1830/1830/1830
f 1830/1830/1830 1760/1760/1760 1784/1784/1784
f 2606/2606/2606 2897/2897/2897 2607/2607/2607
f 2548/2548/2548 2351/2351/2351 2352/2352/2352
f 2352/2352/2352 2351/2351/2351 2334/2334/2334
f 1819/1819/1819 1774/1774/1774 1805/1805/1805
f 1783/1783/1783 1774/1774/1774 1809/1809/1809
f 2897/2897/2897 2853/2853/2853 2607/2607/2607
f 2563/2563/2563 2342/2342/2342 2888/2888/2888
f 1784/1784/1784 1760/1760/1760 1781/1781/1781
f 1782/1782/1782 1759/1759/1759 1783/1783/1783
f 1783/1783/1783 1759/1759/1759 1774/1774/1774
f 2607/2607/2607 2853/2853/2853 2548/2548/2548
f 1760/1760/1760 1758/1758/1758 1781/1781/1781
f 1759/1759/1759 1773/1773/1773 1774/1774/1774
f 1782/1782/1782 1758/1758/1758 1759/1759/1759
f 1828/1828/1828 1738/1738/1738 1760/1760/1760
f 1738/1738/1738 1758/1758/1758 1760/1760/1760
f 1774/1774/1774 1773/1773/1773 1771/1771/1771
f 1509/1509/1509 1483/1483/1483 1501/1501/1501
f 2853/2853/2853 2573/2573/2573 2548/2548/2548
f 2548/2548/2548 2573/2573/2573 2350/2350/2350
f 2548/2548/2548 2350/2350/2350 2351/2351/2351
f 2351/2351/2351 2350/2350/2350 2334/2334/2334
f 2327/2327/2327 2342/2342/2342 2333/2333/2333
f 2342/2342/2342 2889/2889/2889 2888/2888/2888
f 1828/1828/1828 1829/1829/1829 1738/1738/1738
f 1771/1771/1771 1804/1804/1804 1805/1805/1805
f 1758/1758/1758 1733/1733/1733 1759/1759/1759
f 1733/1733/1733 1734/1734/1734 1759/1759/1759
f 1759/1759/1759 1734/1734/1734 1773/1773/1773
f 2332/2332/2332 2327/2327/2327 2333/2333/2333
f 2334/2334/2334 2332/2332/2332 2333/2333/2333
f 1758/1758/1758 1738/1738/1738 1733/1733/1733
f 2853/2853/2853 2874/2874/2874 2573/2573/2573
f 2350/2350/2350 2332/2332/2332 2334/2334/2334
f 1829/1829/1829 1761/1761/1761 1738/1738/1738
f 1738/1738/1738 1731/1731/1731 1733/1733/1733
f 1731/1731/1731 1732/1732/1732 1733/1733/1733
f 1734/1734/1734 1767/1767/1767 1771/1771/1771
f 1732/1732/1732 1735/1735/1735 1734/1734/1734
f 1733/1733/1733 1732/1732/1732 1734/1734/1734
f 2332/2332/2332 2326/2326/2326 2327/2327/2327
f 2327/2327/2327 2343/2343/2343 2342/2342/2342
f 2343/2343/2343 2889/2889/2889 2342/2342/2342
f 1771/1771/1771 1797/1797/1797 1804/1804/1804
f 1734/1734/1734 1735/1735/1735 1767/1767/1767
f 1797/1797/1797 1816/1816/1816 1804/1804/1804
f 1761/1761/1761 1739/1739/1739 1738/1738/1738
f 1771/1771/1771 1767/1767/1767 1797/1797/1797
f 1738/1738/1738 1739/1739/1739 1731/1731/1731
f 2573/2573/2573 2336/2336/2336 2350/2350/2350
f 2350/2350/2350 2336/2336/2336 2332/2332/2332
f 2326/2326/2326 2325/2325/2325 2327/2327/2327
f 1732/1732/1732 1729/1729/1729 1735/1735/1735
f 1735/1735/1735 1753/1753/1753 1767/1767/1767
f 2874/2874/2874 2578/2578/2578 2573/2573/2573
f 2332/2332/2332 2336/2336/2336 2326/2326/2326
f 2327/2327/2327 2325/2325/2325 2343/2343/2343
f 1767/1767/1767 1753/1753/1753 1793/1793/1793
f 1731/1731/1731 1729/1729/1729 1732/1732/1732
f 1735/1735/1735 1729/1729/1729 1753/1753/1753
f 2573/2573/2573 2578/2578/2578 2336/2336/2336
f 1797/1797/1797 1813/1813/1813 1816/1816/1816
f 1761/1761/1761 1750/1750/1750 1739/1739/1739
f 1739/1739/1739 1740/1740/1740 1731/1731/1731
f 1753/1753/1753 1778/1778/1778 1793/1793/1793
f 1478/1478/1478 1486/1486/1486 1508/1508/1508
f 2336/2336/2336 2324/2324/2324 2326/2326/2326
f 1761/1761/1761 1789/1789/1789 1750/1750/1750
f 1793/1793/1793 1813/1813/1813 1797/1797/1797
f 2578/2578/2578 2353/2353/2353 2336/2336/2336
f 1761/1761/1761 1829/1829/1829 1789/1789/1789
f 1740/1740/1740 1728/1728/1728 1731/1731/1731
f 1731/1731/1731 1728/1728/1728 1729/1729/1729
f 1729/1729/1729 1714/1714/1714 1753/1753/1753
f 2326/2326/2326 2324/2324/2324 2325/2325/2325
f 2343/2343/2343 2904/2904/2904 2889/2889/2889
f 1750/1750/1750 1740/1740/1740 1739/1739/1739
f 1729/1729/1729 1728/1728/1728 1714/1714/1714
f 2336/2336/2336 2353/2353/2353 2324/2324/2324
f 1536/1536/1536 1486/1486/1486 1535/1535/1535
f 2578/2578/2578 2826/2826/2826 2353/2353/2353
f 2343/2343/2343 2602/2602/2602 2904/2904/2904
f 1793/1793/1793 1796/1796/1796 1813/1813/1813
f 1728/1728/1728 1715/1715/1715 1714/1714/1714
f 1753/1753/1753 1714/1714/1714 1778/1778/1778
f 2323/2323/2323 2602/2602/2602 2343/2343/2343
f 2325/2325/2325 2323/2323/2323 2343/2343/2343
f 1793/1793/1793 1779/1779/1779 1796/1796/1796
f 1714/1714/1714 1779/1779/1779 1778/1778/1778
f 1778/1778/1778 1779/1779/1779 1793/1793/1793
f 1796/1796/1796 1824/1824/1824 1813/1813/1813
f 1740/1740/1740 1730/1730/1730 1728/1728/1728
f 1728/1728/1728 1730/1730/1730 1715/1715/1715
f 2324/2324/2324 2323/2323/2323 2325/2325/2325
f 1750/1750/1750 1744/1744/1744 1740/1740/1740
f 1714/1714/1714 1766/1766/1766 1779/1779/1779
f 1486/1486/1486 1491/1491/1491 1535/1535/1535
f 1789/1789/1789 1757/1757/1757 1750/1750/1750
f 1740/1740/1740 1744/1744/1744 1730/1730/1730
f 1766/1766/1766 1796/1796/1796 1779/1779/1779
f 1730/1730/1730 1713/1713/1713 1715/1715/1715
f 2323/2323/2323 2331/2331/2331 2602/2602/2602
f 2602/2602/2602 2902/2902/2902 2904/2904/2904
f 2904/2904/2904 2902/2902/2902 2975/2975/2975
f 1796/1796/1796 1806/1806/1806 1824/1824/1824
f 1750/1750/1750 1757/1757/1757 1744/1744/1744
f 1794/1794/1794 1806/1806/1806 1796/1796/1796
f 1766/1766/1766 1794/1794/1794 1796/1796/1796
f 1713/1713/1713 1709/1709/1709 1714/1714/1714
f 1715/1715/1715 1713/1713/1713 1714/1714/1714
f 1491/1491/1491 1531/1531/1531 1535/1535/1535
f 2826/2826/2826 2833/2833/2833 2353/2353/2353
f 2324/2324/2324 2322/2322/2322 2323/2323/2323
f 1714/1714/1714 1709/1709/1709 1766/1766/1766
f 2353/2353/2353 2349/2349/2349 2324/2324/2324
f 2602/2602/2602 2331/2331/2331 2902/2902/2902
f 1757/1757/1757 1736/1736/1736 1744/1744/1744
f 2833/2833/2833 2349/2349/2349 2353/2353/2353
f 2349/2349/2349 2320/2320/2320 2324/2324/2324
f 2324/2324/2324 2320/2320/2320 2322/2322/2322
f 2323/2323/2323 2322/2322/2322 2321/2321/2321
f 2321/2321/2321 2331/2331/2331 2323/2323/2323
f 1744/1744/1744 1736/1736/1736 1730/1730/1730
f 1730/1730/1730 1736/1736/1736 1713/1713/1713
f 1794/1794/1794 1787/1787/1787 1806/1806/1806
f 1713/1713/1713 1706/1706/1706 1709/1709/1709
f 1491/1491/1491 1490/1490/1490 1531/1531/1531
f 1787/1787/1787 1817/1817/1817 1806/1806/1806
f 1709/1709/1709 1754/1754/1754 1766/1766/1766
f 2902/2902/2902 2898/2898/2898 2975/2975/2975
f 1766/1766/1766 1787/1787/1787 1794/1794/1794
f 2322/2322/2322 2320/2320/2320 2321/2321/2321
f 2321/2321/2321 2344/2344/2344 2331/2331/2331
f 2331/2331/2331 2898/2898/2898 2902/2902/2902
f 1737/1737/1737 1713/1713/1713 1736/1736/1736
f 1713/1713/1713 1724/1724/1724 1706/1706/1706
f 1757/1757/1757 1756/1756/1756 1736/1736/1736
f 1787/1787/1787 1807/1807/1807 1817/1817/1817
f 1713/1713/1713 1737/1737/1737 1724/1724/1724
f 1706/1706/1706 1708/1708/1708 1709/1709/1709
f 1709/1709/1709 1708/1708/1708 1754/1754/1754
f 2898/2898/2898 2974/2974/2974 2975/2975/2975
f 2331/2331/2331 2344/2344/2344 2898/2898/2898
f 1736/1736/1736 1756/1756/1756 1737/1737/1737
f 1490/1490/1490 1489/1489/1489 1531/1531/1531
f 2349/2349/2349 2355/2355/2355 2320/2320/2320
f 1787/1787/1787 1788/1788/1788 1807/1807/1807
f 2833/2833/2833 2614/2614/2614 2349/2349/2349
f 2614/2614/2614 2355/2355/2355 2349/2349/2349
f 1754/1754/1754 1788/1788/1788 1787/1787/1787
f 1706/1706/1706 1707/1707/1707 1708/1708/1708
f 1756/1756/1756 1745/1745/1745 1737/1737/1737
f 1737/1737/1737 1725/1725/1725 1724/1724/1724
f 1724/1724/1724 1707/1707/1707 1706/1706/1706
f 1471/1471/1471 1473/1473/1473 1489/1489/1489
f 2355/2355/2355 2319/2319/2319 2320/2320/2320
f 2344/2344/2344 2854/2854/2854 2898/2898/2898
f 1737/1737/1737 1745/1745/1745 1725/1725/1725
f 1724/1724/1724 1725/1725/1725 1707/1707/1707
f 1754/1754/1754 1768/1768/1768 1788/1788/1788
f 2898/2898/2898 2854/2854/2854 2974/2974/2974
f 1788/1788/1788 1798/1798/1798 1807/1807/1807
f 1708/1708/1708 1712/1712/1712 1754/1754/1754
f 1754/1754/1754 1712/1712/1712 1768/1768/1768
f 2321/2321/2321 2330/2330/2330 2344/2344/2344
f 2344/2344/2344 2330/2330/2330 2854/2854/2854
f 1745/1745/1745 1743/1743/1743 1725/1725/1725
f 2614/2614/2614 2613/2613/2613 2355/2355/2355
f 2320/2320/2320 2319/2319/2319 2318/2318/2318
f 2320/2320/2320 2318/2318/2318 2321/2321/2321
f 2321/2321/2321 2318/2318/2318 2330/2330/2330
f 1756/1756/1756 1762/1762/1762 1745/1745/1745
f 1743/1743/1743 1727/1727/1727 1725/1725/1725
f 1788/1788/1788 1768/1768/1768 1798/1798/1798
f 1473/1473/1473 1488/1488/1488 1489/1489/1489
f 2905/2905/2905 2613/2613/2613 2614/2614/2614
f 1489/1489/1489 1503/1503/1503 1534/1534/1534
f 2854/2854/2854 2927/2927/2927 2974/2974/2974
f 1725/1725/1725 1727/1727/1727 1710/1710/1710
f 1725/1725/1725 1710/1710/1710 1707/1707/1707
f 1707/1707/1707 1710/1710/1710 1708/1708/1708
f 1488/1488/1488 1503/1503/1503 1489/1489/1489
f 1710/1710/1710 1711/1711/1711 1708/1708/1708
f 1708/1708/1708 1711/1711/1711 1712/1712/1712
f 1745/1745/1745 1746/1746/1746 1743/1743/1743
f 1762/1762/1762 1764/1764/1764 1745/1745/1745
f 1798/1798/1798 1801/1801/1801 1825/1825/1825
f 1768/1768/1768 1772/1772/1772 1798/1798/1798
f 1712/1712/1712 1716/1716/1716 1768/1768/1768
f 1716/1716/1716 1772/1772/1772 1768/1768/1768
f 2319/2319/2319 2317/2317/2317 2318/2318/2318
f 2318/2318/2318 2315/2315/2315 2330/2330/2330
f 2330/2330/2330 2610/2610/2610 2854/2854/2854
f 1764/1764/1764 1746/1746/1746 1745/1745/1745
f 1746/1746/1746 1727/1727/1727 1743/1743/1743
f 1772/1772/1772 1801/1801/1801 1798/1798/1798
f 1727/1727/1727 1711/1711/1711 1710/1710/1710
f 1711/1711/1711 1716/1716/1716 1712/1712/1712
f 2319/2319/2319 2355/2355/2355 2317/2317/2317
f 2610/2610/2610 2926/2926/2926 2927/2927/2927
f 2854/2854/2854 2610/2610/2610 2927/2927/2927
f 1711/1711/1711 1717/1717/1717 1716/1716/1716
f 2317/2317/2317 2315/2315/2315 2318/2318/2318
f 1727/1727/1727 1723/1723/1723 1711/1711/1711
f 2905/2905/2905 2832/2832/2832 2613/2613/2613
f 2330/2330/2330 2329/2329/2329 2610/2610/2610
f 1801/1801/1801 1812/1812/1812 1825/1825/1825
f 1716/1716/1716 1769/1769/1769 1772/1772/1772
f 2315/2315/2315 2329/2329/2329 2330/2330/2330
f 1717/1717/1717 1755/1755/1755 1716/1716/1716
f 1716/1716/1716 1755/1755/1755 1769/1769/1769
f 2613/2613/2613 2356/2356/2356 2355/2355/2355
f 2355/2355/2355 2356/2356/2356 2317/2317/2317
f 2610/2610/2610 2890/2890/2890 2926/2926/2926
f 1746/1746/1746 1742/1742/1742 1727/1727/1727
f 1727/1727/1727 1742/1742/1742 1723/1723/1723
f 1711/1711/1711 1723/1723/1723 1718/1718/1718
f 1711/1711/1711 1718/1718/1718 1717/1717/1717
f 2832/2832/2832 2356/2356/2356 2613/2613/2613
f 2329/2329/2329 2609/2609/2609 2610/2610/2610
f 1769/1769/1769 1795/1795/1795 1772/1772/1772
f 1772/1772/1772 1795/1795/1795 1801/1801/1801
f 2317/2317/2317 2356/2356/2356 2313/2313/2313
f 672/672/672 585/585/585 339/339/339
f 2610/2610/2610 2609/2609/2609 2890/2890/2890
f 1764/1764/1764 1742/1742/1742 1746/1746/1746
f 1801/1801/1801 1795/1795/1795 1812/1812/1812
f 1717/1717/1717 1719/1719/1719 1755/1755/1755
f 2317/2317/2317 2313/2313/2313 2315/2315/2315
f 1764/1764/1764 1786/1786/1786 1742/1742/1742
f 1718/1718/1718 1719/1719/1719 1717/1717/1717
f 2890/2890/2890 2856/2856/2856 2926/2926/2926
f 2832/2832/2832 2830/2830/2830 2356/2356/2356
f 2609/2609/2609 2856/2856/2856 2890/2890/2890
f 1723/1723/1723 1721/1721/1721 1718/1718/1718
f 1719/1719/1719 1769/1769/1769 1755/1755/1755
f 1742/1742/1742 1741/1741/1741 1723/1723/1723
f 2315/2315/2315 2328/2328/2328 2329/2329/2329
f 2329/2329/2329 2328/2328/2328 2609/2609/2609
f 1795/1795/1795 1792/1792/1792 1812/1812/1812
f 1741/1741/1741 1721/1721/1721 1723/1723/1723
f 1719/1719/1719 1752/1752/1752 1769/1769/1769
f 1721/1721/1721 1720/1720/1720 1718/1718/1718
f 1718/1718/1718 1720/1720/1720 1719/1719/1719
f 2316/2316/2316 2314/2314/2314 2313/2313/2313
f 2313/2313/2313 2314/2314/2314 2315/2315/2315
f 1786/1786/1786 1741/1741/1741 1742/1742/1742
f 1769/1769/1769 1792/1792/1792 1795/1795/1795
f 2356/2356/2356 2316/2316/2316 2313/2313/2313
f 2315/2315/2315 2314/2314/2314 2328/2328/2328
f 2328/2328/2328 2611/2611/2611 2609/2609/2609
f 2830/2830/2830 2357/2357/2357 2356/2356/2356
f 2609/2609/2609 2611/2611/2611 2856/2856/2856
f 1792/1792/1792 1810/1810/1810 1812/1812/1812
f 2357/2357/2357 2316/2316/2316 2356/2356/2356
f 2856/2856/2856 2612/2612/2612 2977/2977/2977
f 1720/1720/1720 1751/1751/1751 1752/1752/1752
f 1751/1751/1751 1770/1770/1770 1752/1752/1752
f 1752/1752/1752 1770/1770/1770 1769/1769/1769
f 1484/1484/1484 1512/1512/1512 1474/1474/1474
f 2830/2830/2830 2829/2829/2829 2357/2357/2357
f 1786/1786/1786 1765/1765/1765 1741/1741/1741
f 1769/1769/1769 1770/1770/1770 1792/1792/1792
f 2611/2611/2611 2612/2612/2612 2856/2856/2856
f 1770/1770/1770 1791/1791/1791 1792/1792/1792
f 1480/1480/1480 1470/1470/1470 1469/1469/1469
f 2829/2829/2829 2358/2358/2358 2357/2357/2357
f 2357/2357/2357 2358/2358/2358 2316/2316/2316
f 2328/2328/2328 2612/2612/2612 2611/2611/2611
f 1792/1792/1792 1791/1791/1791 1810/1810/1810
f 1741/1741/1741 1726/1726/1726 1721/1721/1721
f 1721/1721/1721 1722/1722/1722 1720/1720/1720
f 1720/1720/1720 1722/1722/1722 1751/1751/1751
f 1484/1484/1484 1527/1527/1527 1512/1512/1512
f 1791/1791/1791 1818/1818/1818 1810/1810/1810
f 1765/1765/1765 1726/1726/1726 1741/1741/1741
f 1726/1726/1726 1722/1722/1722 1721/1721/1721
f 2358/2358/2358 2341/2341/2341 2316/2316/2316
f 2316/2316/2316 2341/2341/2341 2340/2340/2340
f 2316/2316/2316 2340/2340/2340 2314/2314/2314
f 2328/2328/2328 2345/2345/2345 2612/2612/2612
f 1770/1770/1770 1763/1763/1763 1791/1791/1791
f 1485/1485/1485 1487/1487/1487 1499/1499/1499
f 2314/2314/2314 2340/2340/2340 2328/2328/2328
f 2345/2345/2345 2834/2834/2834 2612/2612/2612
f 1791/1791/1791 1799/1799/1799 1818/1818/1818
f 2612/2612/2612 2968/2968/2968 2977/2977/2977
f 1765/1765/1765 1749/1749/1749 1726/1726/1726
f 1763/1763/1763 1799/1799/1799 1791/1791/1791
f 1726/1726/1726 1749/1749/1749 1747/1747/1747
f 1751/1751/1751 1763/1763/1763 1770/1770/1770
f 1726/1726/1726 1747/1747/1747 1722/1722/1722
f 1747/1747/1747 1748/1748/1748 1722/1722/1722
f 1722/1722/1722 1748/1748/1748 1751/1751/1751
f 1751/1751/1751 1748/1748/1748 1763/1763/1763
f 2829/2829/2829 2831/2831/2831 2358/2358/2358
f 2340/2340/2340 2345/2345/2345 2328/2328/2328
f 422/422/422 332/332/332 328/328/328
f 1799/1799/1799 1815/1815/1815 1818/1818/1818
f 2834/2834/2834 2968/2968/2968 2612/2612/2612
f 1790/1790/1790 1749/1749/1749 1765/1765/1765
f 1799/1799/1799 1800/1800/1800 1815/1815/1815
f 1748/1748/1748 1777/1777/1777 1763/1763/1763
f 1519/1519/1519 1480/1480/1480 1492/1492/1492
f 1493/1493/1493 1532/1532/1532 1527/1527/1527
f 2358/2358/2358 2831/2831/2831 2555/2555/2555
f 2358/2358/2358 2555/2555/2555 2341/2341/2341
f 2590/2590/2590 2340/2340/2340 2341/2341/2341
f 2345/2345/2345 2340/2340/2340 2592/2592/2592
f 2345/2345/2345 2592/2592/2592 2834/2834/2834
f 1800/1800/1800 1814/1814/1814 1815/1815/1815
f 1763/1763/1763 1800/1800/1800 1799/1799/1799
f 1118/1118/1118 1143/1143/1143 1142/1142/1142
f 1520/1520/1520 1480/1480/1480 1519/1519/1519
f 2971/2971/2971 2858/2858/2858 2831/2831/2831
f 2555/2555/2555 2591/2591/2591 2341/2341/2341
f 2834/2834/2834 2969/2969/2969 2968/2968/2968
f 1763/1763/1763 1780/1780/1780 1800/1800/1800
f 1749/1749/1749 1776/1776/1776 1747/1747/1747
f 1777/1777/1777 1780/1780/1780 1763/1763/1763
f 1747/1747/1747 1775/1775/1775 1748/1748/1748
f 1775/1775/1775 1785/1785/1785 1777/1777/1777
f 1748/1748/1748 1775/1775/1775 1777/1777/1777
f 1118/1118/1118 1142/1142/1142 1107/1107/1107
f 1119/1119/1119 1143/1143/1143 1118/1118/1118
f 1542/1542/1542 1520/1520/1520 1519/1519/1519
f 2968/2968/2968 2969/2969/2969 2983/2983/2983
f 1790/1790/1790 1803/1803/1803 1749/1749/1749
f 1749/1749/1749 1803/1803/1803 1776/1776/1776
f 1776/1776/1776 1775/1775/1775 1747/1747/1747
f 1777/1777/1777 1785/1785/1785 1780/1780/1780
f 2590/2590/2590 2599/2599/2599 2340/2340/2340
f 2599/2599/2599 2592/2592/2592 2340/2340/2340
f 2592/2592/2592 2855/2855/2855 2834/2834/2834
f 1780/1780/1780 1814/1814/1814 1800/1800/1800
f 1775/1775/1775 1802/1802/1802 1785/1785/1785
f 1104/1104/1104 1105/1105/1105 1119/1119/1119
f 1104/1104/1104 1119/1119/1119 1118/1118/1118
f 1104/1104/1104 1118/1118/1118 1106/1106/1106
f 1110/1110/1110 1133/1133/1133 1136/1136/1136
f 1547/1547/1547 1532/1532/1532 1542/1542/1542
f 2971/2971/2971 2865/2865/2865 2858/2858/2858
f 2858/2858/2858 2865/2865/2865 2555/2555/2555
f 2555/2555/2555 2815/2815/2815 2591/2591/2591
f 746/746/746 747/747/747 423/423/423
f 2855/2855/2855 2969/2969/2969 2834/2834/2834
f 970/970/970 747/747/747 746/746/746
f 1780/1780/1780 1823/1823/1823 1814/1814/1814
f 1803/1803/1803 1831/1831/1831 1776/1776/1776
f 1776/1776/1776 1802/1802/1802 1775/1775/1775
f 1802/1802/1802 1821/1821/1821 1785/1785/1785
f 1090/1090/1090 1106/1106/1106 1091/1091/1091
f 1104/1104/1104 1106/1106/1106 1090/1090/1090
f 1106/1106/1106 1107/1107/1107 1091/1091/1091
f 1091/1091/1091 1107/1107/1107 1110/1110/1110
f 1119/1119/1119 1112/1112/1112 1137/1137/1137
f 1004/1004/1004 897/897/897 983/983/983
f 2865/2865/2865 2815/2815/2815 2555/2555/2555
f 1780/1780/1780 1820/1820/1820 1823/1823/1823
f 1776/1776/1776 1811/1811/1811 1802/1802/1802
f 1091/1091/1091 1110/1110/1110 1099/1099/1099
f 2599/2599/2599 2747/2747/2747 2592/2592/2592
f 341/341/341 437/437/437 431/431/431
f 2592/2592/2592 2747/2747/2747 2855/2855/2855
f 2855/2855/2855 2970/2970/2970 2969/2969/2969
f 2969/2969/2969 2970/2970/2970 2983/2983/2983
f 2970/2970/2970 2993/2993/2993 2983/2983/2983
f 1820/1820/1820 1822/1822/1822 1823/1823/1823
f 1831/1831/1831 1811/1811/1811 1776/1776/1776
f 1785/1785/1785 1821/1821/1821 1820/1820/1820
f 1802/1802/1802 1827/1827/1827 1821/1821/1821
f 1090/1090/1090 1091/1091/1091 1044/1044/1044
f 1045/1045/1045 1090/1090/1090 1044/1044/1044
f 1073/1073/1073 1090/1090/1090 1045/1045/1045
f 1105/1105/1105 1104/1104/1104 1073/1073/1073
f 1073/1073/1073 1104/1104/1104 1090/1090/1090
f 983/983/983 929/929/929 982/982/982
f 1110/1110/1110 1136/1136/1136 1127/1127/1127
f 2815/2815/2815 2600/2600/2600 2591/2591/2591
f 2591/2591/2591 2600/2600/2600 2590/2590/2590
f 1821/1821/1821 1822/1822/1822 1820/1820/1820
f 1811/1811/1811 1827/1827/1827 1802/1802/1802
f 1655/1655/1655 1642/1642/1642 1693/1693/1693
f 1044/1044/1044 1099/1099/1099 1078/1078/1078
f 1099/1099/1099 1127/1127/1127 1078/1078/1078
f 1073/1073/1073 1097/1097/1097 1105/1105/1105
f 1105/1105/1105 1097/1097/1097 1112/1112/1112
f 1112/1112/1112 1115/1115/1115 1137/1137/1137
f 2864/2864/2864 2865/2865/2865 2967/2967/2967
f 2865/2865/2865 2839/2839/2839 2815/2815/2815
f 2600/2600/2600 2599/2599/2599 2590/2590/2590
f 809/809/809 736/736/736 781/781/781
f 994/994/994 809/809/809 970/970/970
f 1822/1822/1822 1833/1833/1833 1823/1823/1823
f 1693/1693/1693 1642/1642/1642 1692/1692/1692
f 1037/1037/1037 1045/1045/1045 1036/1036/1036
f 1036/1036/1036 1044/1044/1044 1039/1039/1039
f 1039/1039/1039 1044/1044/1044 1076/1076/1076
f 1044/1044/1044 1078/1078/1078 1076/1076/1076
f 1037/1037/1037 1057/1057/1057 1045/1045/1045
f 1045/1045/1045 1044/1044/1044 1036/1036/1036
f 1057/1057/1057 1073/1073/1073 1045/1045/1045
f 1097/1097/1097 1115/1115/1115 1112/1112/1112
f 2865/2865/2865 2864/2864/2864 2839/2839/2839
f 736/736/736 435/435/435 437/437/437
f 781/781/781 736/736/736 437/437/437
f 2747/2747/2747 2819/2819/2819 2855/2855/2855
f 2970/2970/2970 2963/2963/2963 2993/2993/2993
f 1692/1692/1692 1666/1666/1666 1697/1697/1697
f 1834/1834/1834 1811/1811/1811 1831/1831/1831
f 1696/1696/1696 1698/1698/1698 1661/1661/1661
f 1692/1692/1692 1642/1642/1642 1666/1666/1666
f 1661/1661/1661 1655/1655/1655 1696/1696/1696
f 1655/1655/1655 1617/1617/1617 1642/1642/1642
f 1584/1584/1584 1585/1585/1585 1583/1583/1583
f 1584/1584/1584 1602/1602/1602 1585/1585/1585
f 1585/1585/1585 1586/1586/1586 1583/1583/1583
f 1583/1583/1583 1586/1586/1586 1606/1606/1606
f 1600/1600/1600 1587/1587/1587 1585/1585/1585
f 1602/1602/1602 1600/1600/1600 1585/1585/1585
f 1585/1585/1585 1587/1587/1587 1586/1586/1586
f 1586/1586/1586 1599/1599/1599 1606/1606/1606
f 1600/1600/1600 1601/1601/1601 1587/1587/1587
f 1587/1587/1587 1601/1601/1601 1588/1588/1588
f 1587/1587/1587 1588/1588/1588 1586/1586/1586
f 1586/1586/1586 1588/1588/1588 1598/1598/1598
f 1586/1586/1586 1598/1598/1598 1599/1599/1599
f 1601/1601/1601 1611/1611/1611 1588/1588/1588
f 1588/1588/1588 1611/1611/1611 1598/1598/1598
f 1051/1051/1051 1049/1049/1049 1052/1052/1052
f 1052/1052/1052 1049/1049/1049 1053/1053/1053
f 1030/1030/1030 1038/1038/1038 1043/1043/1043
f 1043/1043/1043 1038/1038/1038 1072/1072/1072
f 1030/1030/1030 1031/1031/1031 1032/1032/1032
f 1030/1030/1030 1032/1032/1032 1038/1038/1038
f 1031/1031/1031 1033/1033/1033 1032/1032/1032
f 1072/1072/1072 1038/1038/1038 1074/1074/1074
f 1033/1033/1033 1036/1036/1036 1032/1032/1032
f 1032/1032/1032 1036/1036/1036 1038/1038/1038
f 1038/1038/1038 1039/1039/1039 1074/1074/1074
f 1036/1036/1036 1039/1039/1039 1038/1038/1038
f 1039/1039/1039 1076/1076/1076 1074/1074/1074
f 1037/1037/1037 1036/1036/1036 1033/1033/1033
f 1037/1037/1037 1070/1070/1070 1057/1057/1057
f 1076/1076/1076 1078/1078/1078 1124/1124/1124
f 1124/1124/1124 1078/1078/1078 1126/1126/1126
f 1070/1070/1070 1073/1073/1073 1057/1057/1057
f 1070/1070/1070 1097/1097/1097 1073/1073/1073
f 1078/1078/1078 1127/1127/1127 1126/1126/1126
f 2815/2815/2815 2791/2791/2791 2600/2600/2600
f 2599/2599/2599 2745/2745/2745 2747/2747/2747
f 2745/2745/2745 2819/2819/2819 2747/2747/2747
f 2817/2817/2817 2970/2970/2970 2855/2855/2855
f 2855/2855/2855 2819/2819/2819 2817/2817/2817
f 995/995/995 955/955/955 994/994/994
f 1698/1698/1698 1647/1647/1647 1661/1661/1661
f 1661/1661/1661 1627/1627/1627 1655/1655/1655
f 1642/1642/1642 1631/1631/1631 1666/1666/1666
f 1655/1655/1655 1627/1627/1627 1617/1617/1617
f 1617/1617/1617 1626/1626/1626 1642/1642/1642
f 1642/1642/1642 1626/1626/1626 1631/1631/1631
f 1560/1560/1560 1559/1559/1559 1561/1561/1561
f 1560/1560/1560 1553/1553/1553 1559/1559/1559
f 1559/1559/1559 1552/1552/1552 1590/1590/1590
f 1552/1552/1552 1595/1595/1595 1590/1590/1590
f 1553/1553/1553 1552/1552/1552 1559/1559/1559
f 1552/1552/1552 1553/1553/1553 1550/1550/1550
f 1550/1550/1550 1551/1551/1551 1552/1552/1552
f 1552/1552/1552 1551/1551/1551 1595/1595/1595
f 1554/1554/1554 1551/1551/1551 1550/1550/1550
f 1554/1554/1554 1555/1555/1555 1551/1551/1551
f 1551/1551/1551 1556/1556/1556 1595/1595/1595
f 1555/1555/1555 1556/1556/1556 1551/1551/1551
f 1595/1595/1595 1556/1556/1556 1596/1596/1596
f 1555/1555/1555 1557/1557/1557 1556/1556/1556
f 1557/1557/1557 1558/1558/1558 1556/1556/1556
f 1555/1555/1555 1562/1562/1562 1557/1557/1557
f 1558/1558/1558 1596/1596/1596 1556/1556/1556
f 1558/1558/1558 1597/1597/1597 1596/1596/1596
f 1567/1567/1567 1557/1557/1557 1562/1562/1562
f 1567/1567/1567 1584/1584/1584 1557/1557/1557
f 1558/1558/1558 1583/1583/1583 1597/1597/1597
f 1557/1557/1557 1583/1583/1583 1558/1558/1558
f 1597/1597/1597 1606/1606/1606 1624/1624/1624
f 1557/1557/1557 1584/1584/1584 1583/1583/1583
f 1583/1583/1583 1606/1606/1606 1597/1597/1597
f 1567/1567/1567 1602/1602/1602 1584/1584/1584
f 1624/1624/1624 1606/1606/1606 1625/1625/1625
f 1602/1602/1602 1645/1645/1645 1600/1600/1600
f 1606/1606/1606 1599/1599/1599 1625/1625/1625
f 1645/1645/1645 1632/1632/1632 1600/1600/1600
f 1632/1632/1632 1601/1601/1601 1600/1600/1600
f 1599/1599/1599 1598/1598/1598 1630/1630/1630
f 1599/1599/1599 1630/1630/1630 1625/1625/1625
f 1598/1598/1598 1612/1612/1612 1630/1630/1630
f 1632/1632/1632 1616/1616/1616 1601/1601/1601
f 1611/1611/1611 1612/1612/1612 1598/1598/1598
f 1601/1601/1601 1616/1616/1616 1611/1611/1611
f 1611/1611/1611 1628/1628/1628 1612/1612/1612
f 1616/1616/1616 1633/1633/1633 1611/1611/1611
f 1054/1054/1054 1052/1052/1052 1061/1061/1061
f 1052/1052/1052 1055/1055/1055 1062/1062/1062
f 1061/1061/1061 1052/1052/1052 1062/1062/1062
f 1058/1058/1058 1051/1051/1051 1054/1054/1054
f 1054/1054/1054 1051/1051/1051 1052/1052/1052
f 1052/1052/1052 1053/1053/1053 1055/1055/1055
f 1053/1053/1053 1077/1077/1077 1055/1055/1055
f 1058/1058/1058 1056/1056/1056 1051/1051/1051
f 1053/1053/1053 1084/1084/1084 1077/1077/1077
f 1056/1056/1056 1050/1050/1050 1051/1051/1051
f 1050/1050/1050 1049/1049/1049 1051/1051/1051
f 1060/1060/1060 1084/1084/1084 1053/1053/1053
f 1049/1049/1049 1042/1042/1042 1053/1053/1053
f 1053/1053/1053 1042/1042/1042 1060/1060/1060
f 1050/1050/1050 1040/1040/1040 1049/1049/1049
f 1049/1049/1049 1040/1040/1040 1042/1042/1042
f 1024/1024/1024 1021/1021/1021 1048/1048/1048
f 1025/1025/1025 1022/1022/1022 1024/1024/1024
f 1022/1022/1022 1021/1021/1021 1024/1024/1024
f 1021/1021/1021 1047/1047/1047 1048/1048/1048
f 1021/1021/1021 1022/1022/1022 1023/1023/1023
f 1021/1021/1021 1023/1023/1023 1047/1047/1047
f 1022/1022/1022 1026/1026/1026 1023/1023/1023
f 1023/1023/1023 1046/1046/1046 1047/1047/1047
f 1023/1023/1023 1043/1043/1043 1046/1046/1046
f 1026/1026/1026 1029/1029/1029 1023/1023/1023
f 1029/1029/1029 1030/1030/1030 1023/1023/1023
f 1023/1023/1023 1030/1030/1030 1043/1043/1043
f 1029/1029/1029 1031/1031/1031 1030/1030/1030
f 1043/1043/1043 1075/1075/1075 1046/1046/1046
f 1043/1043/1043 1072/1072/1072 1075/1075/1075
f 1029/1029/1029 1033/1033/1033 1031/1031/1031
f 1029/1029/1029 1065/1065/1065 1033/1033/1033
f 1072/1072/1072 1074/1074/1074 1075/1075/1075
f 1065/1065/1065 1066/1066/1066 1033/1033/1033
f 1074/1074/1074 1076/1076/1076 1121/1121/1121
f 1066/1066/1066 1037/1037/1037 1033/1033/1033
f 1066/1066/1066 1082/1082/1082 1037/1037/1037
f 1124/1124/1124 1126/1126/1126 1121/1121/1121
f 1082/1082/1082 1070/1070/1070 1037/1037/1037
f 1070/1070/1070 1101/1101/1101 1097/1097/1097
f 945/945/945 982/982/982 862/862/862
f 982/982/982 929/929/929 862/862/862
f 2965/2965/2965 2827/2827/2827 2864/2864/2864
f 2864/2864/2864 2827/2827/2827 2838/2838/2838
f 2839/2839/2839 2791/2791/2791 2815/2815/2815
f 2600/2600/2600 2628/2628/2628 2599/2599/2599
f 2599/2599/2599 2628/2628/2628 2745/2745/2745
f 2970/2970/2970 2817/2817/2817 2963/2963/2963
f 994/994/994 955/955/955 809/809/809
f 1666/1666/1666 1691/1691/1691 1695/1695/1695
f 1672/1672/1672 1691/1691/1691 1666/1666/1666
f 1647/1647/1647 1627/1627/1627 1661/1661/1661
f 1666/1666/1666 1631/1631/1631 1672/1672/1672
f 1647/1647/1647 1615/1615/1615 1627/1627/1627
f 1615/1615/1615 1593/1593/1593 1627/1627/1627
f 1627/1627/1627 1593/1593/1593 1617/1617/1617
f 1617/1617/1617 1592/1592/1592 1626/1626/1626
f 1626/1626/1626 1592/1592/1592 1631/1631/1631
f 1569/1569/1569 1563/1563/1563 1568/1568/1568
f 1568/1568/1568 1559/1559/1559 1582/1582/1582
f 1563/1563/1563 1561/1561/1561 1568/1568/1568
f 1561/1561/1561 1559/1559/1559 1568/1568/1568
f 1559/1559/1559 1590/1590/1590 1582/1582/1582
f 1582/1582/1582 1590/1590/1590 1607/1607/1607
f 1563/1563/1563 1566/1566/1566 1560/1560/1560
f 1563/1563/1563 1560/1560/1560 1561/1561/1561
f 1607/1607/1607 1590/1590/1590 1614/1614/1614
f 1566/1566/1566 1565/1565/1565 1560/1560/1560
f 1590/1590/1590 1595/1595/1595 1614/1614/1614
f 1565/1565/1565 1553/1553/1553 1560/1560/1560
f 1565/1565/1565 1564/1564/1564 1553/1553/1553
f 1564/1564/1564 1550/1550/1550 1553/1553/1553
f 1564/1564/1564 1609/1609/1609 1550/1550/1550
f 1614/1614/1614 1595/1595/1595 1629/1629/1629
f 1595/1595/1595 1622/1622/1622 1629/1629/1629
f 1609/1609/1609 1554/1554/1554 1550/1550/1550
f 1609/1609/1609 1608/1608/1608 1554/1554/1554
f 1609/1609/1609 1635/1635/1635 1608/1608/1608
f 1595/1595/1595 1596/1596/1596 1622/1622/1622
f 1608/1608/1608 1555/1555/1555 1554/1554/1554
f 1596/1596/1596 1623/1623/1623 1622/1622/1622
f 1608/1608/1608 1610/1610/1610 1562/1562/1562
f 1608/1608/1608 1562/1562/1562 1555/1555/1555
f 1596/1596/1596 1597/1597/1597 1623/1623/1623
f 1637/1637/1637 1567/1567/1567 1610/1610/1610
f 1610/1610/1610 1567/1567/1567 1562/1562/1562
f 1597/1597/1597 1624/1624/1624 1623/1623/1623
f 1637/1637/1637 1643/1643/1643 1567/1567/1567
f 1637/1637/1637 1662/1662/1662 1643/1643/1643
f 1643/1643/1643 1656/1656/1656 1602/1602/1602
f 1643/1643/1643 1602/1602/1602 1567/1567/1567
f 1656/1656/1656 1645/1645/1645 1602/1602/1602
f 2308/2308/2308 2304/2304/2304 2305/2305/2305
f 1645/1645/1645 1640/1640/1640 1632/1632/1632
f 2305/2305/2305 2298/2298/2298 2302/2302/2302
f 1632/1632/1632 1640/1640/1640 1616/1616/1616
f 1612/1612/1612 1634/1634/1634 1630/1630/1630
f 1640/1640/1640 1646/1646/1646 1616/1616/1616
f 1612/1612/1612 1628/1628/1628 1634/1634/1634
f 1628/1628/1628 1660/1660/1660 1634/1634/1634
f 1616/1616/1616 1646/1646/1646 1633/1633/1633
f 1611/1611/1611 1633/1633/1633 1628/1628/1628
f 1071/1071/1071 1054/1054/1054 1061/1061/1061
f 1062/1062/1062 1055/1055/1055 1089/1089/1089
f 1055/1055/1055 1077/1077/1077 1089/1089/1089
f 1068/1068/1068 1050/1050/1050 1056/1056/1056
f 1060/1060/1060 1088/1088/1088 1084/1084/1084
f 1068/1068/1068 1041/1041/1041 1050/1050/1050
f 1041/1041/1041 1040/1040/1040 1050/1050/1050
f 1041/1041/1041 1027/1027/1027 1040/1040/1040
f 1040/1040/1040 1028/1028/1028 1042/1042/1042
f 1040/1040/1040 1027/1027/1027 1028/1028/1028
f 1042/1042/1042 1028/1028/1028 1060/1060/1060
f 1028/1028/1028 1059/1059/1059 1060/1060/1060
f 1028/1028/1028 1048/1048/1048 1059/1059/1059
f 1027/1027/1027 1034/1034/1034 1025/1025/1025
f 1027/1027/1027 1024/1024/1024 1028/1028/1028
f 1059/1059/1059 1048/1048/1048 1085/1085/1085
f 1028/1028/1028 1024/1024/1024 1048/1048/1048
f 1027/1027/1027 1025/1025/1025 1024/1024/1024
f 1035/1035/1035 1022/1022/1022 1025/1025/1025
f 1048/1048/1048 1047/1047/1047 1085/1085/1085
f 1047/1047/1047 1086/1086/1086 1085/1085/1085
f 1035/1035/1035 1063/1063/1063 1022/1022/1022
f 1063/1063/1063 1026/1026/1026 1022/1022/1022
f 1063/1063/1063 1064/1064/1064 1026/1026/1026
f 1064/1064/1064 1029/1029/1029 1026/1026/1026
f 1046/1046/1046 1075/1075/1075 1086/1086/1086
f 1064/1064/1064 1065/1065/1065 1029/1029/1029
f 1075/1075/1075 1074/1074/1074 1122/1122/1122
f 1065/1065/1065 1100/1100/1100 1082/1082/1082
f 1082/1082/1082 1066/1066/1066 1065/1065/1065
f 1121/1121/1121 1126/1126/1126 1134/1134/1134
f 1101/1101/1101 1070/1070/1070 1082/1082/1082
f 945/945/945 862/862/862 728/728/728
f 1101/1101/1101 1115/1115/1115 1097/1097/1097
f 2838/2838/2838 2839/2839/2839 2864/2864/2864
f 736/736/736 809/809/809 778/778/778
f 1698/1698/1698 1664/1664/1664 1647/1647/1647
f 1631/1631/1631 1592/1592/1592 1619/1619/1619
f 1593/1593/1593 1591/1591/1591 1617/1617/1617
f 1617/1617/1617 1591/1591/1591 1592/1592/1592
f 1572/1572/1572 1581/1581/1581 1579/1579/1579
f 1577/1577/1577 1578/1578/1578 1573/1573/1573
f 1579/1579/1579 1581/1581/1581 1613/1613/1613
f 1573/1573/1573 1571/1571/1571 1572/1572/1572
f 1578/1578/1578 1571/1571/1571 1573/1573/1573
f 1572/1572/1572 1568/1568/1568 1581/1581/1581
f 1571/1571/1571 1568/1568/1568 1572/1572/1572
f 1571/1571/1571 1570/1570/1570 1568/1568/1568
f 1570/1570/1570 1569/1569/1569 1568/1568/1568
f 1568/1568/1568 1582/1582/1582 1581/1581/1581
f 1594/1594/1594 1569/1569/1569 1570/1570/1570
f 1594/1594/1594 1563/1563/1563 1569/1569/1569
f 1582/1582/1582 1607/1607/1607 1621/1621/1621
f 1594/1594/1594 1566/1566/1566 1563/1563/1563
f 1607/1607/1607 1614/1614/1614 1621/1621/1621
f 1644/1644/1644 1565/1565/1565 1566/1566/1566
f 2923/2923/2923 2825/2825/2825 2857/2857/2857
f 2923/2923/2923 2857/2857/2857 2894/2894/2894
f 1614/1614/1614 1629/1629/1629 1621/1621/1621
f 1650/1650/1650 1564/1564/1564 1565/1565/1565
f 1650/1650/1650 1635/1635/1635 1564/1564/1564
f 1635/1635/1635 1609/1609/1609 1564/1564/1564
f 1635/1635/1635 1636/1636/1636 1608/1608/1608
f 1622/1622/1622 1653/1653/1653 1629/1629/1629
f 1636/1636/1636 1610/1610/1610 1608/1608/1608
f 1623/1623/1623 1654/1654/1654 1653/1653/1653
f 1636/1636/1636 1651/1651/1651 1610/1610/1610
f 1651/1651/1651 1637/1637/1637 1610/1610/1610
f 1651/1651/1651 1662/1662/1662 1637/1637/1637
f 1625/1625/1625 1630/1630/1630 1678/1678/1678
f 1630/1630/1630 1673/1673/1673 1678/1678/1678
f 2305/2305/2305 2304/2304/2304 2298/2298/2298
f 1630/1630/1630 1634/1634/1634 1673/1673/1673
f 1634/1634/1634 1677/1677/1677 1673/1673/1673
f 2302/2302/2302 2298/2298/2298 2299/2299/2299
f 2302/2302/2302 2299/2299/2299 2303/2303/2303
f 1646/1646/1646 1657/1657/1657 1633/1633/1633
f 1657/1657/1657 1648/1648/1648 1633/1633/1633
f 1633/1633/1633 1648/1648/1648 1628/1628/1628
f 1083/1083/1083 1061/1061/1061 1087/1087/1087
f 1071/1071/1071 1061/1061/1061 1083/1083/1083
f 1061/1061/1061 1062/1062/1062 1087/1087/1087
f 1087/1087/1087 1062/1062/1062 1094/1094/1094
f 1092/1092/1092 1058/1058/1058 1071/1071/1071
f 1062/1062/1062 1089/1089/1089 1094/1094/1094
f 1095/1095/1095 1056/1056/1056 1058/1058/1058
f 1095/1095/1095 1103/1103/1103 1056/1056/1056
f 1095/1095/1095 1146/1146/1146 1103/1103/1103
f 1084/1084/1084 1129/1129/1129 1077/1077/1077
f 1103/1103/1103 1068/1068/1068 1056/1056/1056
f 1084/1084/1084 1125/1125/1125 1129/1129/1129
f 1084/1084/1084 1088/1088/1088 1125/1125/1125
f 1069/1069/1069 1041/1041/1041 1068/1068/1068
f 1069/1069/1069 1067/1067/1067 1041/1041/1041
f 1067/1067/1067 1034/1034/1034 1041/1041/1041
f 1041/1041/1041 1034/1034/1034 1027/1027/1027
f 1060/1060/1060 1059/1059/1059 1088/1088/1088
f 1059/1059/1059 1093/1093/1093 1088/1088/1088
f 1059/1059/1059 1085/1085/1085 1093/1093/1093
f 1067/1067/1067 1035/1035/1035 1034/1034/1034
f 1034/1034/1034 1035/1035/1035 1025/1025/1025
f 1085/1085/1085 1098/1098/1098 1093/1093/1093
f 1067/1067/1067 1079/1079/1079 1035/1035/1035
f 1085/1085/1085 1086/1086/1086 1098/1098/1098
f 1080/1080/1080 1063/1063/1063 1035/1035/1035
f 1079/1079/1079 1080/1080/1080 1035/1035/1035
f 1086/1086/1086 1123/1123/1123 1098/1098/1098
f 1080/1080/1080 1064/1064/1064 1063/1063/1063
f 1080/1080/1080 1081/1081/1081 1064/1064/1064
f 1086/1086/1086 1075/1075/1075 1122/1122/1122
f 1081/1081/1081 1065/1065/1065 1064/1064/1064
f 1081/1081/1081 1100/1100/1100 1065/1065/1065
f 2827/2827/2827 2965/2965/2965 2939/2939/2939
f 2791/2791/2791 2629/2629/2629 2600/2600/2600
f 2600/2600/2600 2629/2629/2629 2628/2628/2628
f 2628/2628/2628 2630/2630/2630 2745/2745/2745
f 431/431/431 435/435/435 383/383/383
f 1664/1664/1664 1638/1638/1638 1647/1647/1647
f 1647/1647/1647 1638/1638/1638 1615/1615/1615
f 1638/1638/1638 1605/1605/1605 1615/1615/1615
f 1605/1605/1605 1593/1593/1593 1615/1615/1615
f 1619/1619/1619 1670/1670/1670 1631/1631/1631
f 1605/1605/1605 1576/1576/1576 1593/1593/1593
f 1593/1593/1593 1576/1576/1576 1591/1591/1591
f 1604/1604/1604 1576/1576/1576 1605/1605/1605
f 1576/1576/1576 1575/1575/1575 1591/1591/1591
f 1575/1575/1575 1589/1589/1589 1592/1592/1592
f 1591/1591/1591 1575/1575/1575 1592/1592/1592
f 1592/1592/1592 1589/1589/1589 1618/1618/1618
f 1592/1592/1592 1618/1618/1618 1619/1619/1619
f 1604/1604/1604 1603/1603/1603 1576/1576/1576
f 1580/1580/1580 1574/1574/1574 1576/1576/1576
f 1603/1603/1603 1580/1580/1580 1576/1576/1576
f 1576/1576/1576 1574/1574/1574 1575/1575/1575
f 1574/1574/1574 1572/1572/1572 1575/1575/1575
f 1652/1652/1652 1580/1580/1580 1603/1603/1603
f 1575/1575/1575 1579/1579/1579 1589/1589/1589
f 1652/1652/1652 1641/1641/1641 1580/1580/1580
f 1572/1572/1572 1579/1579/1579 1575/1575/1575
f 1589/1589/1589 1613/1613/1613 1618/1618/1618
f 1589/1589/1589 1579/1579/1579 1613/1613/1613
f 1577/1577/1577 1574/1574/1574 1580/1580/1580
f 1574/1574/1574 1573/1573/1573 1572/1572/1572
f 1641/1641/1641 1577/1577/1577 1580/1580/1580
f 1574/1574/1574 1577/1577/1577 1573/1573/1573
f 1641/1641/1641 1649/1649/1649 1577/1577/1577
f 2761/2761/2761 2755/2755/2755 2772/2772/2772
f 1577/1577/1577 1649/1649/1649 1578/1578/1578
f 1581/1581/1581 1620/1620/1620 1613/1613/1613
f 1649/1649/1649 1594/1594/1594 1578/1578/1578
f 1578/1578/1578 1594/1594/1594 1571/1571/1571
f 1594/1594/1594 1649/1649/1649 1665/1665/1665
f 1581/1581/1581 1582/1582/1582 1620/1620/1620
f 1594/1594/1594 1570/1570/1570 1571/1571/1571
f 1582/1582/1582 1621/1621/1621 1620/1620/1620
f 1665/1665/1665 1702/1702/1702 1594/1594/1594
f 1702/1702/1702 1566/1566/1566 1594/1594/1594
f 1702/1702/1702 1644/1644/1644 1566/1566/1566
f 1621/1621/1621 1629/1629/1629 1680/1680/1680
f 1650/1650/1650 1663/1663/1663 1635/1635/1635
f 1663/1663/1663 1636/1636/1636 1635/1635/1635
f 1629/1629/1629 1653/1653/1653 1680/1680/1680
f 1663/1663/1663 1658/1658/1658 1636/1636/1636
f 1658/1658/1658 1651/1651/1651 1636/1636/1636
f 2925/2925/2925 2843/2843/2843 2950/2950/2950
f 2950/2950/2950 2843/2843/2843 2810/2810/2810
f 1625/1625/1625 1676/1676/1676 1659/1659/1659
f 2950/2950/2950 2810/2810/2810 2308/2308/2308
f 2308/2308/2308 2810/2810/2810 2304/2304/2304
f 1667/1667/1667 1688/1688/1688 1660/1660/1660
f 1646/1646/1646 1668/1668/1668 1657/1657/1657
f 1628/1628/1628 1648/1648/1648 1667/1667/1667
f 1109/1109/1109 1083/1083/1083 1087/1087/1087
f 1108/1108/1108 1071/1071/1071 1083/1083/1083
f 1108/1108/1108 1092/1092/1092 1071/1071/1071
f 1114/1114/1114 1094/1094/1094 1135/1135/1135
f 1111/1111/1111 1095/1095/1095 1092/1092/1092
f 1089/1089/1089 1129/1129/1129 1141/1141/1141
f 1113/1113/1113 1069/1069/1069 1068/1068/1068
f 1113/1113/1113 1096/1096/1096 1069/1069/1069
f 1096/1096/1096 1067/1067/1067 1069/1069/1069
f 1088/1088/1088 1093/1093/1093 1125/1125/1125
f 1096/1096/1096 1079/1079/1079 1067/1067/1067
f 1093/1093/1093 1098/1098/1098 1131/1131/1131
f 1096/1096/1096 1102/1102/1102 1079/1079/1079
f 1098/1098/1098 1132/1132/1132 1131/1131/1131
f 1102/1102/1102 1080/1080/1080 1079/1079/1079
f 1098/1098/1098 1123/1123/1123 1132/1132/1132
f 1102/1102/1102 1081/1081/1081 1080/1080/1080
f 1102/1102/1102 1117/1117/1117 1081/1081/1081
f 1081/1081/1081 1117/1117/1117 1100/1100/1100
f 2936/2936/2936 2803/2803/2803 2799/2799/2799
f 2936/2936/2936 2799/2799/2799 2939/2939/2939
f 2799/2799/2799 2827/2827/2827 2939/2939/2939
f 2839/2839/2839 2838/2838/2838 2763/2763/2763
f 2839/2839/2839 2763/2763/2763 2791/2791/2791
f 2791/2791/2791 2639/2639/2639 2629/2629/2629
f 2629/2629/2629 2630/2630/2630 2628/2628/2628
f 435/435/435 438/438/438 387/387/387
f 2819/2819/2819 2746/2746/2746 2783/2783/2783
f 778/778/778 438/438/438 736/736/736
f 2819/2819/2819 2783/2783/2783 2817/2817/2817
f 2778/2778/2778 2963/2963/2963 2817/2817/2817
f 2778/2778/2778 2962/2962/2962 2963/2963/2963
f 1700/1700/1700 1638/1638/1638 1664/1664/1664
f 1672/1672/1672 1631/1631/1631 1670/1670/1670
f 1638/1638/1638 1639/1639/1639 1605/1605/1605
f 1639/1639/1639 1604/1604/1604 1605/1605/1605
f 1619/1619/1619 1618/1618/1618 1669/1669/1669
f 1619/1619/1619 1669/1669/1669 1670/1670/1670
f 2930/2930/2930 2931/2931/2931 2774/2774/2774
f 2786/2786/2786 2758/2758/2758 2761/2761/2761
f 2761/2761/2761 2758/2758/2758 2755/2755/2755
f 2755/2755/2755 2756/2756/2756 2757/2757/2757
f 2755/2755/2755 2757/2757/2757 2772/2772/2772
f 1620/1620/1620 1679/1679/1679 1671/1671/1671
f 2772/2772/2772 2773/2773/2773 2784/2784/2784
f 2894/2894/2894 2857/2857/2857 2893/2893/2893
f 2913/2913/2913 2846/2846/2846 2924/2924/2924
f 2924/2924/2924 2846/2846/2846 2845/2845/2845
f 2845/2845/2845 2925/2925/2925 2924/2924/2924
f 1654/1654/1654 1674/1674/1674 1675/1675/1675
f 2925/2925/2925 2845/2845/2845 2843/2843/2843
f 1654/1654/1654 1659/1659/1659 1674/1674/1674
f 1659/1659/1659 1676/1676/1676 1674/1674/1674
f 2843/2843/2843 2776/2776/2776 2810/2810/2810
f 1625/1625/1625 1678/1678/1678 1676/1676/1676
f 2810/2810/2810 2699/2699/2699 2304/2304/2304
f 2304/2304/2304 2300/2300/2300 2298/2298/2298
f 2298/2298/2298 2295/2295/2295 2299/2299/2299
f 2295/2295/2295 2296/2296/2296 2299/2299/2299
f 1660/1660/1660 1688/1688/1688 1683/1683/1683
f 2299/2299/2299 2296/2296/2296 2303/2303/2303
f 2296/2296/2296 2301/2301/2301 2303/2303/2303
f 1109/1109/1109 1120/1120/1120 1108/1108/1108
f 1108/1108/1108 1083/1083/1083 1109/1109/1109
f 2953/2953/2953 2807/2807/2807 2813/2813/2813
f 2813/2813/2813 2748/2748/2748 2883/2883/2883
f 2801/2801/2801 2748/2748/2748 2738/2738/2738
f 950/950/950 755/755/755 671/671/671
f 1113/1113/1113 1116/1116/1116 1096/1096/1096
f 1116/1116/1116 1102/1102/1102 1096/1096/1096
f 2872/2872/2872 2809/2809/2809 2956/2956/2956
f 2956/2956/2956 2809/2809/2809 2917/2917/2917
f 2809/2809/2809 2804/2804/2804 2917/2917/2917
f 2917/2917/2917 2803/2803/2803 2936/2936/2936
f 2917/2917/2917 2804/2804/2804 2803/2803/2803
f 2799/2799/2799 2770/2770/2770 2771/2771/2771
f 2799/2799/2799 2771/2771/2771 2827/2827/2827
f 2838/2838/2838 2771/2771/2771 2763/2763/2763
f 2791/2791/2791 2763/2763/2763 2639/2639/2639
f 2745/2745/2745 2746/2746/2746 2819/2819/2819
f 2817/2817/2817 2783/2783/2783 2778/2778/2778
f 735/735/735 906/906/906 740/740/740
f 2962/2962/2962 2778/2778/2778 2961/2961/2961
f 1672/1672/1672 1670/1670/1670 1690/1690/1690
f 1638/1638/1638 1700/1700/1700 1639/1639/1639
f 2772/2772/2772 2757/2757/2757 2773/2773/2773
f 2773/2773/2773 2781/2781/2781 2790/2790/2790
f 2784/2784/2784 2773/2773/2773 2790/2790/2790
f 2790/2790/2790 2781/2781/2781 2825/2825/2825
f 2825/2825/2825 2780/2780/2780 2857/2857/2857
f 2857/2857/2857 2797/2797/2797 2893/2893/2893
f 2857/2857/2857 2780/2780/2780 2797/2797/2797
f 2893/2893/2893 2797/2797/2797 2846/2846/2846
f 2893/2893/2893 2846/2846/2846 2913/2913/2913
f 2846/2846/2846 2777/2777/2777 2845/2845/2845
f 2845/2845/2845 2776/2776/2776 2843/2843/2843
f 2810/2810/2810 2776/2776/2776 2700/2700/2700
f 2810/2810/2810 2700/2700/2700 2699/2699/2699
f 2304/2304/2304 2699/2699/2699 2300/2300/2300
f 2300/2300/2300 2297/2297/2297 2298/2298/2298
f 2298/2298/2298 2297/2297/2297 2295/2295/2295
f 967/967/967 900/900/900 765/765/765
f 2296/2296/2296 2294/2294/2294 2301/2301/2301
f 1668/1668/1668 1694/1694/1694 1657/1657/1657
f 1657/1657/1657 1694/1694/1694 1648/1648/1648
f 1648/1648/1648 1694/1694/1694 1667/1667/1667
f 1128/1128/1128 1114/1114/1114 1144/1144/1144
f 1108/1108/1108 1149/1149/1149 1111/1111/1111
f 1114/1114/1114 1135/1135/1135 1147/1147/1147
f 2873/2873/2873 2807/2807/2807 2953/2953/2953
f 2738/2738/2738 2739/2739/2739 2801/2801/2801
f 2801/2801/2801 2739/2739/2739 2872/2872/2872
f 2739/2739/2739 2766/2766/2766 2872/2872/2872
f 2872/2872/2872 2766/2766/2766 2809/2809/2809
f 2804/2804/2804 2768/2768/2768 2803/2803/2803
f 2803/2803/2803 2768/2768/2768 2770/2770/2770
f 2803/2803/2803 2770/2770/2770 2799/2799/2799
f 2630/2630/2630 2636/2636/2636 2745/2745/2745
f 2745/2745/2745 2636/2636/2636 2746/2746/2746
f 2961/2961/2961 2778/2778/2778 2796/2796/2796
f 2961/2961/2961 2822/2822/2822 2931/2931/2931
f 2774/2774/2774 2876/2876/2876 2759/2759/2759
f 2759/2759/2759 2753/2753/2753 2758/2758/2758
f 2753/2753/2753 2694/2694/2694 2755/2755/2755
f 2758/2758/2758 2753/2753/2753 2755/2755/2755
f 2755/2755/2755 2694/2694/2694 2756/2756/2756
f 2756/2756/2756 2690/2690/2690 2757/2757/2757
f 2773/2773/2773 2757/2757/2757 2689/2689/2689
f 2781/2781/2781 2780/2780/2780 2825/2825/2825
f 2797/2797/2797 2788/2788/2788 2846/2846/2846
f 1675/1675/1675 1685/1685/1685 1686/1686/1686
f 2846/2846/2846 2788/2788/2788 2777/2777/2777
f 1674/1674/1674 1676/1676/1676 1684/1684/1684
f 1676/1676/1676 1687/1687/1687 1684/1684/1684
f 2295/2295/2295 2292/2292/2292 2296/2296/2296
f 1667/1667/1667 1699/1699/1699 1688/1688/1688
f 2294/2294/2294 2293/2293/2293 2301/2301/2301
f 1668/1668/1668 1701/1701/1701 1694/1694/1694
f 1694/1694/1694 1699/1699/1699 1667/1667/1667
f 1120/1120/1120 1148/1148/1148 1108/1108/1108
f 1120/1120/1120 1150/1150/1150 1148/1148/1148
f 1114/1114/1114 1147/1147/1147 1144/1144/1144
f 2807/2807/2807 2742/2742/2742 2813/2813/2813
f 2813/2813/2813 2742/2742/2742 2748/2748/2748
f 433/433/433 671/671/671 434/434/434
f 2748/2748/2748 2734/2734/2734 2738/2738/2738
f 850/850/850 771/771/771 709/709/709
f 850/850/850 851/851/851 771/771/771
f 2809/2809/2809 2766/2766/2766 2767/2767/2767
f 827/827/827 772/772/772 771/771/771
f 2809/2809/2809 2767/2767/2767 2804/2804/2804
f 2767/2767/2767 2768/2768/2768 2804/2804/2804
f 2639/2639/2639 2638/2638/2638 2629/2629/2629
f 2629/2629/2629 2631/2631/2631 2630/2630/2630
f 2631/2631/2631 2632/2632/2632 2630/2630/2630
f 2641/2641/2641 2651/2651/2651 2746/2746/2746
f 2746/2746/2746 2651/2651/2651 2783/2783/2783
f 905/905/905 754/754/754 740/740/740
f 2796/2796/2796 2822/2822/2822 2961/2961/2961
f 2822/2822/2822 2774/2774/2774 2931/2931/2931
f 2774/2774/2774 2822/2822/2822 2876/2876/2876
f 2753/2753/2753 2695/2695/2695 2694/2694/2694
f 2690/2690/2690 2756/2756/2756 2694/2694/2694
f 2690/2690/2690 2689/2689/2689 2757/2757/2757
f 2773/2773/2773 2689/2689/2689 2781/2781/2781
f 2780/2780/2780 2782/2782/2782 2797/2797/2797
f 898/898/898 718/718/718 769/769/769
f 2845/2845/2845 2777/2777/2777 2776/2776/2776
f 900/900/900 742/742/742 765/765/765
f 2295/2295/2295 2297/2297/2297 2291/2291/2291
f 2295/2295/2295 2291/2291/2291 2284/2284/2284
f 2295/2295/2295 2284/2284/2284 2292/2292/2292
f 2292/2292/2292 2294/2294/2294 2296/2296/2296
f 2294/2294/2294 2279/2279/2279 2293/2293/2293
f 2748/2748/2748 2742/2742/2742 2734/2734/2734
f 2734/2734/2734 2724/2724/2724 2738/2738/2738
f 2738/2738/2738 2724/2724/2724 2722/2722/2722
f 2738/2738/2738 2722/2722/2722 2739/2739/2739
f 2739/2739/2739 2722/2722/2722 2721/2721/2721
f 2739/2739/2739 2721/2721/2721 2766/2766/2766
f 2766/2766/2766 2723/2723/2723 2767/2767/2767
f 2767/2767/2767 2720/2720/2720 2768/2768/2768
f 2768/2768/2768 2720/2720/2720 2770/2770/2770
f 2770/2770/2770 2707/2707/2707 2771/2771/2771
f 2707/2707/2707 2705/2705/2705 2771/2771/2771
f 2705/2705/2705 2638/2638/2638 2771/2771/2771
f 2771/2771/2771 2638/2638/2638 2763/2763/2763
f 2763/2763/2763 2638/2638/2638 2639/2639/2639
f 2629/2629/2629 2638/2638/2638 2631/2631/2631
f 2632/2632/2632 2636/2636/2636 2630/2630/2630
f 2746/2746/2746 2636/2636/2636 2641/2641/2641
f 735/735/735 641/641/641 616/616/616
f 754/754/754 640/640/640 740/740/740
f 2778/2778/2778 2696/2696/2696 2796/2796/2796
f 2796/2796/2796 2697/2697/2697 2822/2822/2822
f 2760/2760/2760 2876/2876/2876 2822/2822/2822
f 2876/2876/2876 2760/2760/2760 2759/2759/2759
f 2695/2695/2695 2681/2681/2681 2694/2694/2694
f 2694/2694/2694 2681/2681/2681 2690/2690/2690
f 2689/2689/2689 2688/2688/2688 2781/2781/2781
f 2781/2781/2781 2688/2688/2688 2780/2780/2780
f 2688/2688/2688 2687/2687/2687 2780/2780/2780
f 2780/2780/2780 2687/2687/2687 2782/2782/2782
f 2797/2797/2797 2782/2782/2782 2788/2788/2788
f 2782/2782/2782 2685/2685/2685 2788/2788/2788
f 2788/2788/2788 2685/2685/2685 2777/2777/2777
f 2777/2777/2777 2683/2683/2683 2776/2776/2776
f 2683/2683/2683 2682/2682/2682 2776/2776/2776
f 2776/2776/2776 2682/2682/2682 2700/2700/2700
f 2700/2700/2700 2682/2682/2682 2677/2677/2677
f 2677/2677/2677 2699/2699/2699 2700/2700/2700
f 2699/2699/2699 2684/2684/2684 2300/2300/2300
f 2300/2300/2300 2684/2684/2684 2762/2762/2762
f 2300/2300/2300 2762/2762/2762 2297/2297/2297
f 801/801/801 765/765/765 656/656/656
f 2762/2762/2762 2291/2291/2291 2297/2297/2297
f 900/900/900 1001/1001/1001 832/832/832
f 1015/1015/1015 921/921/921 1001/1001/1001
f 1001/1001/1001 921/921/921 832/832/832
f 2292/2292/2292 2279/2279/2279 2294/2294/2294
f 1703/1703/1703 1704/1704/1704 1694/1694/1694
f 1701/1701/1701 1703/1703/1703 1694/1694/1694
f 1694/1694/1694 1704/1704/1704 1699/1699/1699
f 2873/2873/2873 2789/2789/2789 2807/2807/2807
f 2807/2807/2807 2789/2789/2789 2743/2743/2743
f 2807/2807/2807 2743/2743/2743 2742/2742/2742
f 2721/2721/2721 2723/2723/2723 2766/2766/2766
f 2767/2767/2767 2723/2723/2723 2720/2720/2720
f 2720/2720/2720 2707/2707/2707 2770/2770/2770
f 2651/2651/2651 2650/2650/2650 2783/2783/2783
f 2783/2783/2783 2650/2650/2650 2778/2778/2778
f 2650/2650/2650 2696/2696/2696 2778/2778/2778
f 2796/2796/2796 2696/2696/2696 2697/2697/2697
f 2822/2822/2822 2697/2697/2697 2760/2760/2760
f 2760/2760/2760 2754/2754/2754 2759/2759/2759
f 2754/2754/2754 2695/2695/2695 2753/2753/2753
f 2690/2690/2690 2661/2661/2661 2689/2689/2689
f 2689/2689/2689 2661/2661/2661 2663/2663/2663
f 2689/2689/2689 2663/2663/2663 2688/2688/2688
f 2685/2685/2685 2683/2683/2683 2777/2777/2777
f 2677/2677/2677 2684/2684/2684 2699/2699/2699
f 765/765/765 661/661/661 656/656/656
f 2284/2284/2284 2280/2280/2280 2292/2292/2292
f 2280/2280/2280 2279/2279/2279 2292/2292/2292
f 2293/2293/2293 2279/2279/2279 2274/2274/2274
f 2293/2293/2293 2274/2274/2274 2281/2281/2281
f 2908/2908/2908 2873/2873/2873 2984/2984/2984
f 2908/2908/2908 2789/2789/2789 2873/2873/2873
f 428/428/428 434/434/434 408/408/408
f 2705/2705/2705 2644/2644/2644 2638/2638/2638
f 2696/2696/2696 2652/2652/2652 2697/2697/2697
f 2760/2760/2760 2697/2697/2697 2754/2754/2754
f 700/700/700 702/702/702 646/646/646
f 2690/2690/2690 2681/2681/2681 2691/2691/2691
f 2688/2688/2688 2664/2664/2664 2687/2687/2687
f 2782/2782/2782 2687/2687/2687 2685/2685/2685
f 718/718/718 803/803/803 659/659/659
f 2762/2762/2762 2792/2792/2792 2291/2291/2291
f 770/770/770 662/662/662 832/832/832
f 1015/1015/1015 1010/1010/1010 921/921/921
f 1704/1704/1704 1705/1705/1705 1699/1699/1699
f 2743/2743/2743 2735/2735/2735 2742/2742/2742
f 2742/2742/2742 2735/2735/2735 2734/2734/2734
f 2724/2724/2724 2719/2719/2719 2722/2722/2722
f 2721/2721/2721 2714/2714/2714 2723/2723/2723
f 2723/2723/2723 2713/2713/2713 2720/2720/2720
f 2720/2720/2720 2713/2713/2713 2710/2710/2710
f 2720/2720/2720 2710/2710/2710 2708/2708/2708
f 2720/2720/2720 2708/2708/2708 2707/2707/2707
f 2707/2707/2707 2706/2706/2706 2705/2705/2705
f 2706/2706/2706 2644/2644/2644 2705/2705/2705
f 2644/2644/2644 2637/2637/2637 2638/2638/2638
f 2637/2637/2637 2634/2634/2634 2631/2631/2631
f 2638/2638/2638 2637/2637/2637 2631/2631/2631
f 2634/2634/2634 2633/2633/2633 2631/2631/2631
f 2631/2631/2631 2633/2633/2633 2632/2632/2632
f 2632/2632/2632 2633/2633/2633 2635/2635/2635
f 2632/2632/2632 2635/2635/2635 2636/2636/2636
f 2636/2636/2636 2635/2635/2635 2641/2641/2641
f 2641/2641/2641 2635/2635/2635 2642/2642/2642
f 2641/2641/2641 2642/2642/2642 2651/2651/2651
f 2651/2651/2651 2642/2642/2642 2645/2645/2645
f 2651/2651/2651 2645/2645/2645 2650/2650/2650
f 641/641/641 617/617/617 616/616/616
f 2647/2647/2647 2649/2649/2649 2650/2650/2650
f 2650/2650/2650 2649/2649/2649 2696/2696/2696
f 2697/2697/2697 2680/2680/2680 2754/2754/2754
f 2754/2754/2754 2680/2680/2680 2695/2695/2695
f 2681/2681/2681 2658/2658/2658 2691/2691/2691
f 2690/2690/2690 2691/2691/2691 2661/2661/2661
f 2663/2663/2663 2664/2664/2664 2688/2688/2688
f 2664/2664/2664 2666/2666/2666 2687/2687/2687
f 2685/2685/2685 2670/2670/2670 2683/2683/2683
f 2670/2670/2670 2671/2671/2671 2683/2683/2683
f 2682/2682/2682 2683/2683/2683 2672/2672/2672
f 2682/2682/2682 2672/2672/2672 2677/2677/2677
f 2677/2677/2677 2676/2676/2676 2684/2684/2684
f 2684/2684/2684 2703/2703/2703 2762/2762/2762
f 2762/2762/2762 2703/2703/2703 2792/2792/2792
f 2284/2284/2284 2278/2278/2278 2280/2280/2280
f 2274/2274/2274 2268/2268/2268 2281/2281/2281
f 1008/1008/1008 884/884/884 1007/1007/1007
f 2850/2850/2850 2789/2789/2789 2908/2908/2908
f 409/409/409 428/428/428 401/401/401
f 2730/2730/2730 2719/2719/2719 2724/2724/2724
f 2734/2734/2734 2730/2730/2730 2724/2724/2724
f 2719/2719/2719 2717/2717/2717 2722/2722/2722
f 2717/2717/2717 2721/2721/2721 2722/2722/2722
f 2721/2721/2721 2717/2717/2717 2714/2714/2714
f 2714/2714/2714 2713/2713/2713 2723/2723/2723
f 2708/2708/2708 2706/2706/2706 2707/2707/2707
f 2645/2645/2645 2647/2647/2647 2650/2650/2650
f 639/639/639 620/620/620 640/640/640
f 2649/2649/2649 2652/2652/2652 2696/2696/2696
f 2697/2697/2697 2652/2652/2652 2680/2680/2680
f 643/643/643 646/646/646 622/622/622
f 2695/2695/2695 2680/2680/2680 2681/2681/2681
f 2661/2661/2661 2662/2662/2662 2663/2663/2663
f 2666/2666/2666 2668/2668/2668 2687/2687/2687
f 2687/2687/2687 2668/2668/2668 2685/2685/2685
f 2668/2668/2668 2670/2670/2670 2685/2685/2685
f 2671/2671/2671 2672/2672/2672 2683/2683/2683
f 2672/2672/2672 2676/2676/2676 2677/2677/2677
f 2676/2676/2676 2678/2678/2678 2684/2684/2684
f 2684/2684/2684 2678/2678/2678 2703/2703/2703
f 2291/2291/2291 2792/2792/2792 2285/2285/2285
f 2291/2291/2291 2285/2285/2285 2284/2284/2284
f 2285/2285/2285 2278/2278/2278 2284/2284/2284
f 921/921/921 920/920/920 770/770/770
f 1010/1010/1010 920/920/920 921/921/921
f 2280/2280/2280 2278/2278/2278 2279/2279/2279
f 1011/1011/1011 920/920/920 1010/1010/1010
f 2279/2279/2279 2272/2272/2272 2274/2274/2274
f 1018/1018/1018 1011/1011/1011 1010/1010/1010
f 1019/1019/1019 1018/1018/1018 1010/1010/1010
f 2268/2268/2268 2269/2269/2269 2281/2281/2281
f 2281/2281/2281 2269/2269/2269 2310/2310/2310
f 2735/2735/2735 2730/2730/2730 2734/2734/2734
f 2719/2719/2719 2718/2718/2718 2717/2717/2717
f 2644/2644/2644 2728/2728/2728 2637/2637/2637
f 2633/2633/2633 2640/2640/2640 2635/2635/2635
f 2680/2680/2680 2656/2656/2656 2681/2681/2681
f 2681/2681/2681 2656/2656/2656 2658/2658/2658
f 2663/2663/2663 2662/2662/2662 2664/2664/2664
f 2278/2278/2278 2272/2272/2272 2279/2279/2279
f 2274/2274/2274 2272/2272/2272 2268/2268/2268
f 2730/2730/2730 2725/2725/2725 2719/2719/2719
f 2717/2717/2717 2716/2716/2716 2714/2714/2714
f 2716/2716/2716 2715/2715/2715 2714/2714/2714
f 2710/2710/2710 2709/2709/2709 2708/2708/2708
f 2708/2708/2708 2709/2709/2709 2706/2706/2706
f 2706/2706/2706 2727/2727/2727 2644/2644/2644
f 2644/2644/2644 2727/2727/2727 2728/2728/2728
f 2634/2634/2634 2749/2749/2749 2633/2633/2633
f 2647/2647/2647 2648/2648/2648 2649/2649/2649
f 2649/2649/2649 2648/2648/2648 2652/2652/2652
f 2658/2658/2658 2661/2661/2661 2691/2691/2691
f 2671/2671/2671 2669/2669/2669 2672/2672/2672
f 2674/2674/2674 2675/2675/2675 2672/2672/2672
f 2672/2672/2672 2675/2675/2675 2676/2676/2676
f 2676/2676/2676 2675/2675/2675 2678/2678/2678
f 2283/2283/2283 2278/2278/2278 2285/2285/2285
f 2268/2268/2268 2267/2267/2267 2269/2269/2269
f 2252/2252/2252 2247/2247/2247 2258/2258/2258
f 2789/2789/2789 2785/2785/2785 2743/2743/2743
f 2743/2743/2743 2736/2736/2736 2735/2735/2735
f 2735/2735/2735 2725/2725/2725 2730/2730/2730
f 2718/2718/2718 2716/2716/2716 2717/2717/2717
f 2715/2715/2715 2712/2712/2712 2714/2714/2714
f 2712/2712/2712 2711/2711/2711 2710/2710/2710
f 2710/2710/2710 2711/2711/2711 2709/2709/2709
f 2728/2728/2728 2749/2749/2749 2637/2637/2637
f 2637/2637/2637 2749/2749/2749 2634/2634/2634
f 2635/2635/2635 2640/2640/2640 2642/2642/2642
f 2642/2642/2642 2643/2643/2643 2645/2645/2645
f 2648/2648/2648 2653/2653/2653 2652/2652/2652
f 2652/2652/2652 2653/2653/2653 2680/2680/2680
f 2680/2680/2680 2653/2653/2653 2656/2656/2656
f 2661/2661/2661 2657/2657/2657 2662/2662/2662
f 2662/2662/2662 2665/2665/2665 2664/2664/2664
f 2664/2664/2664 2665/2665/2665 2666/2666/2666
f 2666/2666/2666 2667/2667/2667 2668/2668/2668
f 2667/2667/2667 2669/2669/2669 2668/2668/2668
f 2668/2668/2668 2669/2669/2669 2670/2670/2670
f 2670/2670/2670 2669/2669/2669 2671/2671/2671
f 2669/2669/2669 2673/2673/2673 2672/2672/2672
f 2673/2673/2673 2674/2674/2674 2672/2672/2672
f 2678/2678/2678 2675/2675/2675 2679/2679/2679
f 2679/2679/2679 2698/2698/2698 2678/2678/2678
f 2678/2678/2678 2698/2698/2698 2703/2703/2703
f 2703/2703/2703 2289/2289/2289 2792/2792/2792
f 2289/2289/2289 2283/2283/2283 2285/2285/2285
f 2792/2792/2792 2289/2289/2289 2285/2285/2285
f 2283/2283/2283 2277/2277/2277 2278/2278/2278
f 2278/2278/2278 2277/2277/2277 2272/2272/2272
f 2272/2272/2272 2277/2277/2277 2273/2273/2273
f 1011/1011/1011 1012/1012/1012 912/912/912
f 1011/1011/1011 912/912/912 920/920/920
f 2272/2272/2272 2273/2273/2273 2266/2266/2266
f 1018/1018/1018 1020/1020/1020 1012/1012/1012
f 1018/1018/1018 1012/1012/1012 1011/1011/1011
f 2272/2272/2272 2266/2266/2266 2268/2268/2268
f 2266/2266/2266 2267/2267/2267 2268/2268/2268
f 2850/2850/2850 2785/2785/2785 2789/2789/2789
f 2743/2743/2743 2785/2785/2785 2736/2736/2736
f 2736/2736/2736 2725/2725/2725 2735/2735/2735
f 2725/2725/2725 2718/2718/2718 2719/2719/2719
f 2718/2718/2718 2732/2732/2732 2716/2716/2716
f 2709/2709/2709 2726/2726/2726 2706/2706/2706
f 2706/2706/2706 2726/2726/2726 2727/2727/2727
f 2640/2640/2640 2633/2633/2633 2769/2769/2769
f 2642/2642/2642 2640/2640/2640 2643/2643/2643
f 2645/2645/2645 2643/2643/2643 2646/2646/2646
f 2645/2645/2645 2646/2646/2646 2647/2647/2647
f 2646/2646/2646 2648/2648/2648 2647/2647/2647
f 2658/2658/2658 2656/2656/2656 2657/2657/2657
f 2658/2658/2658 2657/2657/2657 2661/2661/2661
f 2666/2666/2666 2665/2665/2665 2667/2667/2667
f 2703/2703/2703 2698/2698/2698 2289/2289/2289
f 2732/2732/2732 2765/2765/2765 2716/2716/2716
f 2764/2764/2764 2715/2715/2715 2716/2716/2716
f 2726/2726/2726 2728/2728/2728 2727/2727/2727
f 2749/2749/2749 2769/2769/2769 2633/2633/2633
f 2640/2640/2640 2769/2769/2769 2643/2643/2643
f 2667/2667/2667 2693/2693/2693 2669/2669/2669
f 2673/2673/2673 2701/2701/2701 2674/2674/2674
f 2289/2289/2289 2282/2282/2282 2283/2283/2283
f 2283/2283/2283 2282/2282/2282 2277/2277/2277
f 2277/2277/2277 2275/2275/2275 2273/2273/2273
f 2266/2266/2266 2270/2270/2270 2267/2267/2267
f 2267/2267/2267 2270/2270/2270 2271/2271/2271
f 2907/2907/2907 2896/2896/2896 2785/2785/2785
f 2785/2785/2785 2737/2737/2737 2736/2736/2736
f 2764/2764/2764 2741/2741/2741 2715/2715/2715
f 2715/2715/2715 2741/2741/2741 2712/2712/2712
f 2712/2712/2712 2741/2741/2741 2729/2729/2729
f 2712/2712/2712 2729/2729/2729 2711/2711/2711
f 2711/2711/2711 2729/2729/2729 2709/2709/2709
f 2709/2709/2709 2729/2729/2729 2726/2726/2726
f 2769/2769/2769 2704/2704/2704 2643/2643/2643
f 2653/2653/2653 2655/2655/2655 2656/2656/2656
f 2655/2655/2655 2657/2657/2657 2656/2656/2656
f 2657/2657/2657 2660/2660/2660 2662/2662/2662
f 2662/2662/2662 2692/2692/2692 2665/2665/2665
f 2665/2665/2665 2692/2692/2692 2667/2667/2667
f 2692/2692/2692 2693/2693/2693 2667/2667/2667
f 2693/2693/2693 2702/2702/2702 2669/2669/2669
f 2669/2669/2669 2702/2702/2702 2673/2673/2673
f 2673/2673/2673 2702/2702/2702 2701/2701/2701
f 2674/2674/2674 2701/2701/2701 2752/2752/2752
f 2674/2674/2674 2752/2752/2752 2675/2675/2675
f 2752/2752/2752 2751/2751/2751 2675/2675/2675
f 2675/2675/2675 2751/2751/2751 2679/2679/2679
f 2698/2698/2698 2679/2679/2679 2750/2750/2750
f 2698/2698/2698 2290/2290/2290 2289/2289/2289
f 2289/2289/2289 2290/2290/2290 2282/2282/2282
f 2277/2277/2277 2282/2282/2282 2275/2275/2275
f 2275/2275/2275 2270/2270/2270 2273/2273/2273
f 1012/1012/1012 1017/1017/1017 954/954/954
f 1012/1012/1012 954/954/954 912/912/912
f 2273/2273/2273 2270/2270/2270 2266/2266/2266
f 2267/2267/2267 2271/2271/2271 2312/2312/2312
f 2896/2896/2896 2802/2802/2802 2785/2785/2785
f 2785/2785/2785 2802/2802/2802 2737/2737/2737
f 2736/2736/2736 2737/2737/2737 2725/2725/2725
f 2725/2725/2725 2737/2737/2737 2733/2733/2733
f 2725/2725/2725 2733/2733/2733 2731/2731/2731
f 2725/2725/2725 2731/2731/2731 2718/2718/2718
f 2718/2718/2718 2731/2731/2731 2732/2732/2732
f 2765/2765/2765 2841/2841/2841 2842/2842/2842
f 2765/2765/2765 2842/2842/2842 2862/2862/2862
f 2765/2765/2765 2862/2862/2862 2764/2764/2764
f 2861/2861/2861 2860/2860/2860 2741/2741/2741
f 2741/2741/2741 2794/2794/2794 2729/2729/2729
f 2726/2726/2726 2729/2729/2729 2740/2740/2740
f 2726/2726/2726 2740/2740/2740 2728/2728/2728
f 2728/2728/2728 2740/2740/2740 2787/2787/2787
f 2728/2728/2728 2787/2787/2787 2749/2749/2749
f 2749/2749/2749 2787/2787/2787 2798/2798/2798
f 2749/2749/2749 2798/2798/2798 2769/2769/2769
f 2821/2821/2821 2704/2704/2704 2769/2769/2769
f 2643/2643/2643 2704/2704/2704 2646/2646/2646
f 2704/2704/2704 2686/2686/2686 2646/2646/2646
f 2646/2646/2646 2686/2686/2686 2648/2648/2648
f 2648/2648/2648 2686/2686/2686 2654/2654/2654
f 2648/2648/2648 2654/2654/2654 2653/2653/2653
f 2653/2653/2653 2654/2654/2654 2655/2655/2655
f 2657/2657/2657 2655/2655/2655 2659/2659/2659
f 2659/2659/2659 2660/2660/2660 2657/2657/2657
f 2660/2660/2660 2692/2692/2692 2662/2662/2662
f 2693/2693/2693 2879/2879/2879 2702/2702/2702
f 2702/2702/2702 2836/2836/2836 2701/2701/2701
f 2701/2701/2701 2836/2836/2836 2837/2837/2837
f 2701/2701/2701 2837/2837/2837 2752/2752/2752
f 2751/2751/2751 2750/2750/2750 2679/2679/2679
f 2750/2750/2750 2290/2290/2290 2698/2698/2698
f 2732/2732/2732 2779/2779/2779 2765/2765/2765
f 2765/2765/2765 2779/2779/2779 2841/2841/2841
f 2103/2103/2103 2091/2091/2091 2093/2093/2093
f 2093/2093/2093 2091/2091/2091 2090/2090/2090
f 2860/2860/2860 2859/2859/2859 2794/2794/2794
f 2741/2741/2741 2860/2860/2860 2794/2794/2794
f 2729/2729/2729 2806/2806/2806 2740/2740/2740
f 2769/2769/2769 2798/2798/2798 2821/2821/2821
f 2821/2821/2821 2871/2871/2871 2704/2704/2704
f 2704/2704/2704 2816/2816/2816 2686/2686/2686
f 2693/2693/2693 2878/2878/2878 2879/2879/2879
f 2702/2702/2702 2879/2879/2879 2880/2880/2880
f 2702/2702/2702 2880/2880/2880 2836/2836/2836
f 2752/2752/2752 2837/2837/2837 2751/2751/2751
f 2750/2750/2750 2793/2793/2793 2290/2290/2290
f 2282/2282/2282 2286/2286/2286 2275/2275/2275
f 2275/2275/2275 2276/2276/2276 2270/2270/2270
f 2270/2270/2270 2311/2311/2311 2271/2271/2271
f 2164/2164/2164 2161/2161/2161 2163/2163/2163
f 2231/2231/2231 2221/2221/2221 2230/2230/2230
f 2237/2237/2237 2242/2242/2242 2245/2245/2245
f 2731/2731/2731 2779/2779/2779 2732/2732/2732
f 2859/2859/2859 2805/2805/2805 2794/2794/2794
f 2794/2794/2794 2805/2805/2805 2729/2729/2729
f 2806/2806/2806 2849/2849/2849 2740/2740/2740
f 2849/2849/2849 2954/2954/2954 2787/2787/2787
f 2798/2798/2798 2955/2955/2955 2821/2821/2821
f 2704/2704/2704 2871/2871/2871 2816/2816/2816
f 2816/2816/2816 2800/2800/2800 2686/2686/2686
f 2686/2686/2686 2800/2800/2800 2654/2654/2654
f 2654/2654/2654 2800/2800/2800 2655/2655/2655
f 2812/2812/2812 2811/2811/2811 2659/2659/2659
f 2659/2659/2659 2811/2811/2811 2660/2660/2660
f 2660/2660/2660 2814/2814/2814 2692/2692/2692
f 2692/2692/2692 2814/2814/2814 2877/2877/2877
f 2877/2877/2877 2878/2878/2878 2692/2692/2692
f 2692/2692/2692 2878/2878/2878 2693/2693/2693
f 2132/2132/2132 2087/2087/2087 2134/2134/2134
f 664/664/664 703/703/703 722/722/722
f 2290/2290/2290 2793/2793/2793 2306/2306/2306
f 2290/2290/2290 2306/2306/2306 2282/2282/2282
f 2282/2282/2282 2306/2306/2306 2286/2286/2286
f 930/930/930 703/703/703 716/716/716
f 2286/2286/2286 2288/2288/2288 2275/2275/2275
f 2275/2275/2275 2288/2288/2288 2276/2276/2276
f 2276/2276/2276 2287/2287/2287 2270/2270/2270
f 2270/2270/2270 2287/2287/2287 2311/2311/2311
f 2161/2161/2161 2160/2160/2160 2163/2163/2163
f 2802/2802/2802 2795/2795/2795 2737/2737/2737
f 2737/2737/2737 2795/2795/2795 2744/2744/2744
f 2737/2737/2737 2744/2744/2744 2733/2733/2733
f 2733/2733/2733 2744/2744/2744 2731/2731/2731
f 2088/2088/2088 2060/2060/2060 2073/2073/2073
f 2805/2805/2805 2849/2849/2849 2806/2806/2806
f 1884/1884/1884 1879/1879/1879 1883/1883/1883
f 1928/1928/1928 1922/1922/1922 1920/1920/1920
f 2848/2848/2848 2847/2847/2847 2750/2750/2750
f 2751/2751/2751 2848/2848/2848 2750/2750/2750
f 2750/2750/2750 2847/2847/2847 2793/2793/2793
f 2802/2802/2802 2937/2937/2937 2795/2795/2795
f 2744/2744/2744 2775/2775/2775 2731/2731/2731
f 2731/2731/2731 2775/2775/2775 2779/2779/2779
f 2092/2092/2092 1841/1841/1841 2059/2059/2059
f 2059/2059/2059 1967/1967/1967 2060/2060/2060
f 2957/2957/2957 2951/2951/2951 2805/2805/2805
f 2071/2071/2071 1932/1932/1932 2067/2067/2067
f 2067/2067/2067 1932/1932/1932 1927/1927/1927
f 2800/2800/2800 2912/2912/2912 2812/2812/2812
f 2812/2812/2812 2949/2949/2949 2972/2972/2972
f 2812/2812/2812 2972/2972/2972 2811/2811/2811
f 2811/2811/2811 2972/2972/2972 2964/2964/2964
f 703/703/703 923/923/923 722/722/722
f 2276/2276/2276 2288/2288/2288 2287/2287/2287
f 1014/1014/1014 1016/1016/1016 930/930/930
f 2795/2795/2795 2835/2835/2835 2744/2744/2744
f 2744/2744/2744 2835/2835/2835 2775/2775/2775
f 2775/2775/2775 2881/2881/2881 2779/2779/2779
f 2779/2779/2779 2881/2881/2881 2934/2934/2934
f 2135/2135/2135 2107/2107/2107 2122/2122/2122
f 1965/1965/1965 1844/1844/1844 1964/1964/1964
f 1966/1966/1966 1960/1960/1960 2036/2036/2036
f 2029/2029/2029 2066/2066/2066 2110/2110/2110
f 2110/2110/2110 2066/2066/2066 2111/2111/2111
f 2847/2847/2847 2966/2966/2966 2916/2916/2916
f 2793/2793/2793 2916/2916/2916 2306/2306/2306
f 2916/2916/2916 2307/2307/2307 2306/2306/2306
f 2307/2307/2307 2309/2309/2309 2286/2286/2286
f 2286/2286/2286 2309/2309/2309 2288/2288/2288
f 2150/2150/2150 2155/2155/2155 2160/2160/2160
f 2242/2242/2242 2246/2246/2246 2253/2253/2253
f 2835/2835/2835 2881/2881/2881 2775/2775/2775
f 2033/2033/2033 2038/2038/2038 2094/2094/2094
f 2066/2066/2066 2043/2043/2043 2084/2084/2084
f 2001/2001/2001 2003/2003/2003 2005/2005/2005
f 2097/2097/2097 2085/2085/2085 2108/2108/2108
f 2154/2154/2154 2123/2123/2123 2148/2148/2148
f 2159/2159/2159 2148/2148/2148 2109/2109/2109
f 2151/2151/2151 2109/2109/2109 2150/2150/2150
f 2135/2135/2135 1843/1843/1843 2107/2107/2107
f 1970/1970/1970 1951/1951/1951 2042/2042/2042
f 1940/1940/1940 1942/1942/1942 1943/1943/1943
f 2027/2027/2027 2028/2028/2028 2044/2044/2044
f 2025/2025/2025 2069/2069/2069 2068/2068/2068
f 2115/2115/2115 2140/2140/2140 2158/2158/2158
f 2148/2148/2148 2083/2083/2083 2109/2109/2109
f 1857/1857/1857 1852/1852/1852 2136/2136/2136
f 2098/2098/2098 2083/2083/2083 2123/2123/2123
f 1865/1865/1865 1850/1850/1850 1876/1876/1876
f 219/219/219 194/194/194 231/231/231
f 231/231/231 242/242/242 276/276/276
f 242/242/242 281/281/281 313/313/313
f 241/241/241 240/240/240 304/304/304
f 142/142/142 144/144/144 181/181/181
f 756/756/756 964/964/964 911/911/911
f 17/17/17 16/16/16 18/18/18
f 250/250/250 167/167/167 264/264/264
f 260/260/260 181/181/181 238/238/238
f 147/147/147 143/143/143 146/146/146
f 209/209/209 110/110/110 239/239/239
f 224/224/224 190/190/190 233/233/233
f 980/980/980 964/964/964 756/756/756
f 756/756/756 911/911/911 461/461/461
f 911/911/911 822/822/822 461/461/461
f 461/461/461 822/822/822 452/452/452
f 452/452/452 822/822/822 821/821/821
f 452/452/452 821/821/821 451/451/451
f 451/451/451 821/821/821 519/519/519
f 235/235/235 46/46/46 50/50/50
f 63/63/63 48/48/48 62/62/62
f 270/270/270 50/50/50 51/51/51
f 813/813/813 988/988/988 842/842/842
f 316/316/316 259/259/259 299/299/299
f 299/299/299 250/250/250 264/264/264
f 273/273/273 207/207/207 293/293/293
f 293/293/293 207/207/207 228/228/228
f 260/260/260 238/238/238 314/314/314
f 859/859/859 896/896/896 800/800/800
f 833/833/833 873/873/873 793/793/793
f 980/980/980 756/756/756 845/845/845
f 758/758/758 972/972/972 847/847/847
f 972/972/972 999/999/999 802/802/802
f 777/777/777 875/875/875 891/891/891
f 812/812/812 988/988/988 813/813/813
f 824/824/824 963/963/963 971/971/971
f 824/824/824 971/971/971 849/849/849
f 2541/2541/2541 2911/2911/2911 2580/2580/2580
f 687/687/687 859/859/859 677/677/677
f 800/800/800 896/896/896 799/799/799
f 799/799/799 870/870/870 797/797/797
f 870/870/870 833/833/833 797/797/797
f 797/797/797 833/833/833 795/795/795
f 114/114/114 116/116/116 115/115/115
f 112/112/112 114/114/114 115/115/115
f 795/795/795 833/833/833 793/793/793
f 234/234/234 244/244/244 287/287/287
f 287/287/287 244/244/244 288/288/288
f 756/756/756 461/461/461 457/457/457
f 505/505/505 519/519/519 685/685/685
f 509/509/509 685/685/685 727/727/727
f 504/504/504 727/727/727 758/758/758
f 776/776/776 891/891/891 838/838/838
f 776/776/776 838/838/838 789/789/789
f 789/789/789 838/838/838 830/830/830
f 789/789/789 830/830/830 812/812/812
f 812/812/812 813/813/813 792/792/792
f 814/814/814 813/813/813 842/842/842
f 842/842/842 963/963/963 824/824/824
f 849/849/849 971/971/971 968/968/968
f 3012/3012/3012 3014/3014/3014 3010/3010/3010
f 3010/3010/3010 3014/3014/3014 3017/3017/3017
f 997/997/997 1003/1003/1003 861/861/861
f 861/861/861 892/892/892 725/725/725
f 725/725/725 892/892/892 761/761/761
f 761/761/761 855/855/855 688/688/688
f 698/698/698 878/878/878 877/877/877
f 566/566/566 845/845/845 756/756/756
f 461/461/461 452/452/452 450/450/450
f 450/450/450 452/452/452 448/448/448
f 448/448/448 451/451/451 447/447/447
f 451/451/451 519/519/519 454/454/454
f 505/505/505 685/685/685 509/509/509
f 509/509/509 727/727/727 504/504/504
f 514/514/514 847/847/847 802/802/802
f 738/738/738 802/802/802 737/737/737
f 737/737/737 875/875/875 717/717/717
f 717/717/717 875/875/875 777/777/777
f 731/731/731 777/777/777 891/891/891
f 789/789/789 812/812/812 792/792/792
f 842/842/842 824/824/824 739/739/739
f 768/768/768 849/849/849 968/968/968
f 3008/3008/3008 3012/3012/3012 3010/3010/3010
f 3010/3010/3010 3017/3017/3017 3011/3011/3011
f 3007/3007/3007 3012/3012/3012 3008/3008/3008
f 3011/3011/3011 3017/3017/3017 3027/3027/3027
f 3015/3015/3015 3013/3013/3013 3007/3007/3007
f 613/613/613 677/677/677 800/800/800
f 800/800/800 799/799/799 798/798/798
f 798/798/798 799/799/799 797/797/797
f 798/798/798 797/797/797 796/796/796
f 796/796/796 797/797/797 795/795/795
f 307/307/307 182/182/182 297/297/297
f 697/697/697 793/793/793 698/698/698
f 698/698/698 877/877/877 607/607/607
f 598/598/598 925/925/925 845/845/845
f 566/566/566 756/756/756 457/457/457
f 450/450/450 457/457/457 461/461/461
f 504/504/504 758/758/758 514/514/514
f 514/514/514 802/802/802 596/596/596
f 596/596/596 802/802/802 738/738/738
f 717/717/717 777/777/777 615/615/615
f 777/777/777 731/731/731 615/615/615
f 776/776/776 789/789/789 788/788/788
f 791/791/791 789/789/789 792/792/792
f 792/792/792 813/813/813 814/814/814
f 768/768/768 968/968/968 804/804/804
f 804/804/804 968/968/968 1000/1000/1000
f 2196/2196/2196 2198/2198/2198 2191/2191/2191
f 3008/3008/3008 3010/3010/3010 3004/3004/3004
f 3004/3004/3004 3010/3010/3010 3011/3011/3011
f 3020/3020/3020 3015/3015/3015 3007/3007/3007
f 725/725/725 761/761/761 604/604/604
f 604/604/604 761/761/761 579/579/579
f 579/579/579 761/761/761 688/688/688
f 567/567/567 688/688/688 687/687/687
f 2462/2462/2462 2471/2471/2471 2470/2470/2470
f 568/568/568 687/687/687 677/677/677
f 613/613/613 800/800/800 798/798/798
f 796/796/796 795/795/795 794/794/794
f 795/795/795 793/793/793 794/794/794
f 794/794/794 793/793/793 697/697/697
f 559/559/559 698/698/698 607/607/607
f 607/607/607 877/877/877 816/816/816
f 817/817/817 943/943/943 581/581/581
f 943/943/943 894/894/894 581/581/581
f 894/894/894 925/925/925 599/599/599
f 599/599/599 925/925/925 598/598/598
f 2369/2369/2369 2373/2373/2373 2370/2370/2370
f 474/474/474 505/505/505 509/509/509
f 824/824/824 849/849/849 606/606/606
f 606/606/606 849/849/849 768/768/768
f 3003/3003/3003 3008/3008/3008 3004/3004/3004
f 3004/3004/3004 3011/3011/3011 3000/3000/3000
f 3011/3011/3011 3027/3027/3027 3018/3018/3018
f 3020/3020/3020 3007/3007/3007 3016/3016/3016
f 858/858/858 997/997/997 861/861/861
f 858/858/858 861/861/861 689/689/689
f 861/861/861 725/725/725 689/689/689
f 579/579/579 688/688/688 567/567/567
f 567/567/567 687/687/687 568/568/568
f 697/697/697 698/698/698 559/559/559
f 607/607/607 816/816/816 580/580/580
f 580/580/580 816/816/816 817/817/817
f 581/581/581 894/894/894 599/599/599
f 598/598/598 566/566/566 565/565/565
f 566/566/566 457/457/457 453/453/453
f 453/453/453 457/457/457 450/450/450
f 449/449/449 450/450/450 448/448/448
f 447/447/447 454/454/454 445/445/445
f 454/454/454 505/505/505 462/462/462
f 462/462/462 505/505/505 474/474/474
f 509/509/509 504/504/504 474/474/474
f 474/474/474 504/504/504 472/472/472
f 514/514/514 596/596/596 513/513/513
f 595/595/595 738/738/738 737/737/737
f 595/595/595 737/737/737 717/717/717
f 595/595/595 717/717/717 614/614/614
f 614/614/614 717/717/717 615/615/615
f 731/731/731 776/776/776 680/680/680
f 680/680/680 776/776/776 788/788/788
f 739/739/739 824/824/824 606/606/606
f 606/606/606 768/768/768 515/515/515
f 3007/3007/3007 3008/3008/3008 3003/3003/3003
f 3018/3018/3018 3027/3027/3027 3035/3035/3035
f 562/562/562 725/725/725 604/604/604
f 545/545/545 568/568/568 613/613/613
f 798/798/798 796/796/796 577/577/577
f 705/705/705 796/796/796 794/794/794
f 794/794/794 697/697/697 705/705/705
f 559/559/559 607/607/607 532/532/532
f 607/607/607 580/580/580 532/532/532
f 580/580/580 817/817/817 581/581/581
f 522/522/522 566/566/566 453/453/453
f 449/449/449 448/448/448 446/446/446
f 446/446/446 448/448/448 447/447/447
f 472/472/472 504/504/504 471/471/471
f 471/471/471 514/514/514 513/513/513
f 615/615/615 731/731/731 512/512/512
f 512/512/512 731/731/731 680/680/680
f 791/791/791 792/792/792 790/790/790
f 3003/3003/3003 3004/3004/3004 2996/2996/2996
f 3004/3004/3004 3000/3000/3000 2996/2996/2996
f 3000/3000/3000 3018/3018/3018 3019/3019/3019
f 3006/3006/3006 3007/3007/3007 3003/3003/3003
f 3019/3019/3019 3018/3018/3018 3035/3035/3035
f 689/689/689 725/725/725 562/562/562
f 604/604/604 579/579/579 553/553/553
f 553/553/553 579/579/579 567/567/567
f 567/567/567 568/568/568 547/547/547
f 547/547/547 568/568/568 545/545/545
f 545/545/545 613/613/613 557/557/557
f 557/557/557 613/613/613 694/694/694
f 705/705/705 697/697/697 538/538/538
f 536/536/536 559/559/559 534/534/534
f 559/559/559 532/532/532 534/534/534
f 532/532/532 580/580/580 530/530/530
f 580/580/580 581/581/581 529/529/529
f 581/581/581 599/599/599 529/529/529
f 529/529/529 599/599/599 525/525/525
f 599/599/599 598/598/598 525/525/525
f 524/524/524 566/566/566 522/522/522
f 453/453/453 450/450/450 449/449/449
f 446/446/446 447/447/447 445/445/445
f 445/445/445 454/454/454 459/459/459
f 459/459/459 454/454/454 462/462/462
f 513/513/513 596/596/596 473/473/473
f 473/473/473 596/596/596 595/595/595
f 615/615/615 512/512/512 499/499/499
f 790/790/790 788/788/788 791/791/791
f 575/575/575 814/814/814 510/510/510
f 814/814/814 948/948/948 510/510/510
f 739/739/739 606/606/606 494/494/494
f 493/493/493 739/739/739 494/494/494
f 494/494/494 606/606/606 495/495/495
f 495/495/495 606/606/606 515/515/515
f 515/515/515 804/804/804 729/729/729
f 2178/2178/2178 2191/2191/2191 2179/2179/2179
f 3006/3006/3006 3003/3003/3003 3001/3001/3001
f 3001/3001/3001 3003/3003/3003 2996/2996/2996
f 553/553/553 567/567/567 547/547/547
f 557/557/557 694/694/694 577/577/577
f 577/577/577 705/705/705 540/540/540
f 540/540/540 705/705/705 538/538/538
f 536/536/536 538/538/538 559/559/559
f 530/530/530 580/580/580 529/529/529
f 525/525/525 565/565/565 524/524/524
f 462/462/462 474/474/474 463/463/463
f 473/473/473 595/595/595 497/497/497
f 497/497/497 595/595/595 498/498/498
f 595/595/595 614/614/614 498/498/498
f 615/615/615 499/499/499 498/498/498
f 680/680/680 788/788/788 790/790/790
f 510/510/510 739/739/739 493/493/493
f 545/545/545 557/557/557 542/542/542
f 541/541/541 557/557/557 577/577/577
f 541/541/541 577/577/577 540/540/540
f 531/531/531 532/532/532 530/530/530
f 529/529/529 525/525/525 528/528/528
f 522/522/522 453/453/453 458/458/458
f 458/458/458 453/453/453 449/449/449
f 449/449/449 446/446/446 456/456/456
f 445/445/445 459/459/459 444/444/444
f 474/474/474 472/472/472 467/467/467
f 467/467/467 472/472/472 471/471/471
f 471/471/471 513/513/513 473/473/473
f 790/790/790 792/792/792 575/575/575
f 488/488/488 510/510/510 493/493/493
f 2995/2995/2995 3001/3001/3001 2996/2996/2996
f 3000/3000/3000 3019/3019/3019 2997/2997/2997
f 3026/3026/3026 3019/3019/3019 3036/3036/3036
f 3016/3016/3016 3006/3006/3006 3009/3009/3009
f 3031/3031/3031 3016/3016/3016 3009/3009/3009
f 3036/3036/3036 3019/3019/3019 3035/3035/3035
f 858/858/858 689/689/689 570/570/570
f 562/562/562 553/553/553 554/554/554
f 549/549/549 553/553/553 547/547/547
f 549/549/549 547/547/547 546/546/546
f 546/546/546 547/547/547 545/545/545
f 546/546/546 545/545/545 544/544/544
f 544/544/544 545/545/545 542/542/542
f 542/542/542 557/557/557 541/541/541
f 539/539/539 540/540/540 538/538/538
f 539/539/539 538/538/538 537/537/537
f 538/538/538 536/536/536 537/537/537
f 535/535/535 536/536/536 534/534/534
f 534/534/534 532/532/532 533/533/533
f 533/533/533 532/532/532 531/531/531
f 531/531/531 530/530/530 528/528/528
f 530/530/530 529/529/529 528/528/528
f 528/528/528 525/525/525 527/527/527
f 523/523/523 525/525/525 524/524/524
f 523/523/523 524/524/524 522/522/522
f 458/458/458 449/449/449 456/456/456
f 456/456/456 446/446/446 455/455/455
f 446/446/446 445/445/445 441/441/441
f 455/455/455 446/446/446 441/441/441
f 463/463/463 474/474/474 467/467/467
f 471/471/471 473/473/473 470/470/470
f 478/478/478 497/497/497 498/498/498
f 499/499/499 512/512/512 482/482/482
f 482/482/482 512/512/512 506/506/506
f 512/512/512 680/680/680 506/506/506
f 2399/2399/2399 2398/2398/2398 2400/2400/2400
f 506/506/506 680/680/680 578/578/578
f 578/578/578 680/680/680 790/790/790
f 578/578/578 790/790/790 575/575/575
f 575/575/575 510/510/510 487/487/487
f 487/487/487 510/510/510 488/488/488
f 491/491/491 488/488/488 493/493/493
f 495/495/495 515/515/515 503/503/503
f 515/515/515 729/729/729 674/674/674
f 2192/2192/2192 2190/2190/2190 2187/2187/2187
f 2187/2187/2187 2190/2190/2190 2178/2178/2178
f 3002/3002/3002 3001/3001/3001 2995/2995/2995
f 2995/2995/2995 2996/2996/2996 2997/2997/2997
f 2996/2996/2996 3000/3000/3000 2997/2997/2997
f 3002/3002/3002 3006/3006/3006 3001/3001/3001
f 2997/2997/2997 3019/3019/3019 3026/3026/3026
f 858/858/858 570/570/570 848/848/848
f 689/689/689 562/562/562 570/570/570
f 570/570/570 562/562/562 554/554/554
f 554/554/554 553/553/553 551/551/551
f 551/551/551 553/553/553 549/549/549
f 541/541/541 540/540/540 539/539/539
f 542/542/542 541/541/541 539/539/539
f 537/537/537 536/536/536 535/535/535
f 535/535/535 534/534/534 533/533/533
f 527/527/527 525/525/525 526/526/526
f 525/525/525 523/523/523 526/526/526
f 523/523/523 522/522/522 458/458/458
f 459/459/459 462/462/462 460/460/460
f 460/460/460 462/462/462 463/463/463
f 467/467/467 471/471/471 470/470/470
f 470/470/470 473/473/473 497/497/497
f 470/470/470 497/497/497 478/478/478
f 478/478/478 498/498/498 480/480/480
f 480/480/480 498/498/498 499/499/499
f 480/480/480 499/499/499 482/482/482
f 506/506/506 578/578/578 484/484/484
f 578/578/578 575/575/575 487/487/487
f 491/491/491 493/493/493 492/492/492
f 492/492/492 493/493/493 494/494/494
f 492/492/492 494/494/494 495/495/495
f 492/492/492 495/495/495 503/503/503
f 503/503/503 515/515/515 674/674/674
f 549/549/549 546/546/546 548/548/548
f 561/561/561 523/523/523 458/458/458
f 441/441/441 445/445/445 444/444/444
f 464/464/464 463/463/463 467/467/467
f 482/482/482 506/506/506 484/484/484
f 578/578/578 487/487/487 484/484/484
f 3025/3025/3025 2997/2997/2997 3026/3026/3026
f 3033/3033/3033 3031/3031/3031 3009/3009/3009
f 569/569/569 570/570/570 554/554/554
f 551/551/551 549/549/549 550/550/550
f 548/548/548 546/546/546 544/544/544
f 544/544/544 542/542/542 543/543/543
f 542/542/542 539/539/539 543/543/543
f 537/537/537 535/535/535 560/560/560
f 560/560/560 535/535/535 563/563/563
f 563/563/563 535/535/535 564/564/564
f 564/564/564 535/535/535 533/533/533
f 533/533/533 531/531/531 555/555/555
f 555/555/555 531/531/531 528/528/528
f 555/555/555 528/528/528 527/527/527
f 555/555/555 527/527/527 526/526/526
f 526/526/526 523/523/523 561/561/561
f 460/460/460 463/463/463 464/464/464
f 464/464/464 467/467/467 468/468/468
f 467/467/467 470/470/470 468/468/468
f 480/480/480 482/482/482 481/481/481
f 483/483/483 482/482/482 484/484/484
f 486/486/486 487/487/487 488/488/488
f 488/488/488 491/491/491 490/490/490
f 491/491/491 492/492/492 490/490/490
f 490/490/490 492/492/492 496/496/496
f 503/503/503 674/674/674 511/511/511
f 2603/2603/2603 2543/2543/2543 2615/2615/2615
f 2187/2187/2187 2180/2180/2180 2181/2181/2181
f 3005/3005/3005 3002/3002/3002 2995/2995/2995
f 2995/2995/2995 2997/2997/2997 2998/2998/2998
f 2998/2998/2998 2997/2997/2997 3025/3025/3025
f 3022/3022/3022 3009/3009/3009 3002/3002/3002
f 3022/3022/3022 3002/3002/3002 3005/3005/3005
f 3033/3033/3033 3009/3009/3009 3022/3022/3022
f 3025/3025/3025 3026/3026/3026 3037/3037/3037
f 3026/3026/3026 3036/3036/3036 3037/3037/3037
f 569/569/569 848/848/848 570/570/570
f 865/865/865 848/848/848 569/569/569
f 569/569/569 554/554/554 558/558/558
f 558/558/558 554/554/554 552/552/552
f 552/552/552 554/554/554 551/551/551
f 552/552/552 551/551/551 550/550/550
f 550/550/550 549/549/549 548/548/548
f 556/556/556 548/548/548 544/544/544
f 544/544/544 543/543/543 556/556/556
f 537/537/537 543/543/543 539/539/539
f 543/543/543 537/537/537 560/560/560
f 533/533/533 555/555/555 564/564/564
f 591/591/591 561/561/561 458/458/458
f 460/460/460 444/444/444 459/459/459
f 468/468/468 470/470/470 475/475/475
f 475/475/475 470/470/470 476/476/476
f 476/476/476 470/470/470 477/477/477
f 477/477/477 470/470/470 478/478/478
f 477/477/477 478/478/478 479/479/479
f 479/479/479 478/478/478 480/480/480
f 479/479/479 480/480/480 481/481/481
f 481/481/481 482/482/482 483/483/483
f 483/483/483 484/484/484 485/485/485
f 484/484/484 487/487/487 486/486/486
f 485/485/485 484/484/484 486/486/486
f 489/489/489 486/486/486 488/488/488
f 490/490/490 489/489/489 488/488/488
f 503/503/503 496/496/496 492/492/492
f 496/496/496 503/503/503 511/511/511
f 2603/2603/2603 2615/2615/2615 2921/2921/2921
f 2192/2192/2192 2187/2187/2187 2189/2189/2189
f 2189/2189/2189 2187/2187/2187 2181/2181/2181
f 3005/3005/3005 2995/2995/2995 2999/2999/2999
f 2999/2999/2999 2995/2995/2995 2998/2998/2998
f 2503/2503/2503 2486/2486/2486 2504/2504/2504
f 552/552/552 550/550/550 574/574/574
f 550/550/550 548/548/548 574/574/574
f 556/556/556 543/543/543 571/571/571
f 571/571/571 543/543/543 560/560/560
f 588/588/588 560/560/560 589/589/589
f 560/560/560 563/563/563 589/589/589
f 563/563/563 564/564/564 611/611/611
f 611/611/611 564/564/564 612/612/612
f 564/564/564 555/555/555 610/610/610
f 612/612/612 564/564/564 610/610/610
f 610/610/610 555/555/555 609/609/609
f 609/609/609 555/555/555 526/526/526
f 609/609/609 526/526/526 561/561/561
f 609/609/609 561/561/561 592/592/592
f 561/561/561 591/591/591 592/592/592
f 460/460/460 464/464/464 465/465/465
f 464/464/464 468/468/468 469/469/469
f 469/469/469 468/468/468 475/475/475
f 3029/3029/3029 3022/3022/3022 3005/3005/3005
f 3033/3033/3033 3022/3022/3022 3029/3029/3029
f 743/743/743 569/569/569 558/558/558
f 558/558/558 552/552/552 682/682/682
f 682/682/682 552/552/552 574/574/574
f 574/574/574 548/548/548 582/582/582
f 582/582/582 548/548/548 556/556/556
f 571/571/571 560/560/560 588/588/588
f 589/589/589 563/563/563 611/611/611
f 590/590/590 591/591/591 458/458/458
f 456/456/456 590/590/590 458/458/458
f 456/456/456 455/455/455 442/442/442
f 444/444/444 460/460/460 443/443/443
f 2478/2478/2478 2383/2383/2383 2348/2348/2348
f 465/465/465 464/464/464 466/466/466
f 466/466/466 464/464/464 469/469/469
f 597/597/597 475/475/475 476/476/476
f 583/583/583 477/477/477 479/479/479
f 479/479/479 481/481/481 508/508/508
f 508/508/508 481/481/481 483/483/483
f 483/483/483 485/485/485 502/502/502
f 486/486/486 489/489/489 517/517/517
f 518/518/518 489/489/489 490/490/490
f 490/490/490 496/496/496 586/586/586
f 586/586/586 496/496/496 511/511/511
f 3005/3005/3005 2999/2999/2999 3023/3023/3023
f 2999/2999/2999 2998/2998/2998 3024/3024/3024
f 3034/3034/3034 3033/3033/3033 3029/3029/3029
f 3025/3025/3025 3037/3037/3037 3038/3038/3038
f 3030/3030/3030 3025/3025/3025 3038/3038/3038
f 866/866/866 865/865/865 569/569/569
f 2503/2503/2503 2504/2504/2504 2526/2526/2526
f 682/682/682 574/574/574 763/763/763
f 763/763/763 574/574/574 582/582/582
f 582/582/582 556/556/556 691/691/691
f 691/691/691 556/556/556 571/571/571
f 2435/2435/2435 2437/2437/2437 2434/2434/2434
f 759/759/759 611/611/611 612/612/612
f 825/825/825 610/610/610 609/609/609
f 2482/2482/2482 2531/2531/2531 2598/2598/2598
f 592/592/592 591/591/591 774/774/774
f 719/719/719 591/591/591 590/590/590
f 590/590/590 456/456/456 442/442/442
f 442/442/442 455/455/455 441/441/441
f 469/469/469 475/475/475 597/597/597
f 476/476/476 477/477/477 587/587/587
f 477/477/477 583/583/583 587/587/587
f 508/508/508 583/583/583 479/479/479
f 508/508/508 483/483/483 507/507/507
f 507/507/507 483/483/483 502/502/502
f 502/502/502 485/485/485 501/501/501
f 501/501/501 485/485/485 500/500/500
f 485/485/485 486/486/486 500/500/500
f 500/500/500 486/486/486 516/516/516
f 516/516/516 486/486/486 517/517/517
f 518/518/518 517/517/517 489/489/489
f 517/517/517 518/518/518 820/820/820
f 518/518/518 490/490/490 586/586/586
f 764/764/764 511/511/511 675/675/675
f 2174/2174/2174 2182/2182/2182 2173/2173/2173
f 2166/2166/2166 2174/2174/2174 2173/2173/2173
f 2174/2174/2174 2166/2166/2166 2171/2171/2171
f 3023/3023/3023 2999/2999/2999 3024/3024/3024
f 3029/3029/3029 3005/3005/3005 3023/3023/3023
f 3024/3024/3024 2998/2998/2998 3025/3025/3025
f 3024/3024/3024 3025/3025/3025 3030/3030/3030
f 2586/2586/2586 2624/2624/2624 2945/2945/2945
f 743/743/743 866/866/866 569/569/569
f 743/743/743 558/558/558 720/720/720
f 720/720/720 558/558/558 682/682/682
f 720/720/720 682/682/682 767/767/767
f 767/767/767 682/682/682 763/763/763
f 786/786/786 763/763/763 582/582/582
f 762/762/762 588/588/588 760/760/760
f 588/588/588 589/589/589 760/760/760
f 589/589/589 611/611/611 760/760/760
f 760/760/760 611/611/611 759/759/759
f 826/826/826 612/612/612 610/610/610
f 825/825/825 609/609/609 810/810/810
f 609/609/609 592/592/592 775/775/775
f 441/441/441 444/444/444 443/443/443
f 465/465/465 466/466/466 593/593/593
f 466/466/466 469/469/469 726/726/726
f 469/469/469 597/597/597 751/751/751
f 587/587/587 597/597/597 476/476/476
f 516/516/516 517/517/517 819/819/819
f 819/819/819 517/517/517 820/820/820
f 518/518/518 586/586/586 844/844/844
f 586/586/586 511/511/511 764/764/764
f 764/764/764 675/675/675 811/811/811
f 3028/3028/3028 3023/3023/3023 3024/3024/3024
f 3034/3034/3034 3029/3029/3029 3044/3044/3044
f 3030/3030/3030 3038/3038/3038 3043/3043/3043
f 2526/2526/2526 2545/2545/2545 2557/2557/2557
f 786/786/786 582/582/582 691/691/691
f 762/762/762 691/691/691 571/571/571
f 762/762/762 571/571/571 588/588/588
f 864/864/864 762/762/762 760/760/760
f 759/759/759 612/612/612 826/826/826
f 810/810/810 609/609/609 775/775/775
f 774/774/774 775/775/775 592/592/592
f 774/774/774 591/591/591 719/719/719
f 442/442/442 441/441/441 358/358/358
f 358/358/358 441/441/441 424/424/424
f 424/424/424 441/441/441 443/443/443
f 443/443/443 460/460/460 465/465/465
f 593/593/593 466/466/466 726/726/726
f 2477/2477/2477 2516/2516/2516 2515/2515/2515
f 751/751/751 726/726/726 469/469/469
f 2477/2477/2477 2515/2515/2515 2484/2484/2484
f 910/910/910 597/597/597 587/587/587
f 910/910/910 587/587/587 808/808/808
f 587/587/587 583/583/583 808/808/808
f 808/808/808 583/583/583 807/807/807
f 583/583/583 508/508/508 721/721/721
f 508/508/508 507/507/507 721/721/721
f 507/507/507 502/502/502 696/696/696
f 502/502/502 501/501/501 594/594/594
f 501/501/501 500/500/500 594/594/594
f 818/818/818 516/516/516 819/819/819
f 820/820/820 518/518/518 934/934/934
f 586/586/586 764/764/764 844/844/844
f 2193/2193/2193 2182/2182/2182 2195/2195/2195
f 3032/3032/3032 3024/3024/3024 3030/3030/3030
f 3032/3032/3032 3030/3030/3030 3043/3043/3043
f 2935/2935/2935 2945/2945/2945 2988/2988/2988
f 863/863/863 866/866/866 743/743/743
f 985/985/985 866/866/866 863/863/863
f 2586/2586/2586 2935/2935/2935 2621/2621/2621
f 863/863/863 743/743/743 720/720/720
f 863/863/863 720/720/720 901/901/901
f 2513/2513/2513 2503/2503/2503 2557/2557/2557
f 928/928/928 767/767/767 763/763/763
f 915/915/915 763/763/763 786/786/786
f 759/759/759 826/826/826 917/917/917
f 826/826/826 610/610/610 825/825/825
f 876/876/876 810/810/810 775/775/775
f 876/876/876 775/775/775 868/868/868
f 590/590/590 442/442/442 357/357/357
f 2362/2362/2362 2360/2360/2360 2339/2339/2339
f 2361/2361/2361 2339/2339/2339 2347/2347/2347
f 751/751/751 597/597/597 910/910/910
f 807/807/807 583/583/583 721/721/721
f 721/721/721 507/507/507 696/696/696
f 696/696/696 502/502/502 594/594/594
f 2525/2525/2525 2559/2559/2559 2558/2558/2558
f 500/500/500 516/516/516 734/734/734
f 734/734/734 516/516/516 818/818/818
f 934/934/934 819/819/819 820/820/820
f 844/844/844 934/934/934 518/518/518
f 764/764/764 811/811/811 907/907/907
f 2186/2186/2186 2195/2195/2195 2182/2182/2182
f 3028/3028/3028 3024/3024/3024 3032/3032/3032
f 3044/3044/3044 3029/3029/3029 3040/3040/3040
f 3040/3040/3040 3029/3029/3029 3028/3028/3028
f 901/901/901 720/720/720 882/882/882
f 882/882/882 720/720/720 767/767/767
f 882/882/882 767/767/767 928/928/928
f 928/928/928 763/763/763 951/951/951
f 786/786/786 691/691/691 843/843/843
f 843/843/843 691/691/691 762/762/762
f 843/843/843 762/762/762 864/864/864
f 908/908/908 864/864/864 760/760/760
f 978/978/978 864/864/864 908/908/908
f 760/760/760 759/759/759 917/917/917
f 826/826/826 825/825/825 926/926/926
f 2530/2530/2530 2597/2597/2597 2596/2596/2596
f 825/825/825 810/810/810 876/876/876
f 868/868/868 775/775/775 774/774/774
f 719/719/719 590/590/590 364/364/364
f 780/780/780 593/593/593 726/726/726
f 726/726/726 751/751/751 942/942/942
f 976/976/976 751/751/751 910/910/910
f 1233/1233/1233 1264/1264/1264 1235/1235/1235
f 734/734/734 594/594/594 500/500/500
f 957/957/957 819/819/819 934/934/934
f 949/949/949 844/844/844 764/764/764
f 3040/3040/3040 3028/3028/3028 3041/3041/3041
f 3045/3045/3045 3032/3032/3032 3043/3043/3043
f 989/989/989 985/985/985 863/863/863
f 2621/2621/2621 2935/2935/2935 2933/2933/2933
f 951/951/951 763/763/763 952/952/952
f 952/952/952 763/763/763 915/915/915
f 952/952/952 915/915/915 786/786/786
f 952/952/952 786/786/786 932/932/932
f 2533/2533/2533 2906/2906/2906 2920/2920/2920
f 932/932/932 786/786/786 843/843/843
f 2527/2527/2527 2533/2533/2533 2920/2920/2920
f 933/933/933 932/932/932 843/843/843
f 843/843/843 864/864/864 927/927/927
f 2576/2576/2576 2571/2571/2571 2918/2918/2918
f 909/909/909 908/908/908 760/760/760
f 909/909/909 760/760/760 917/917/917
f 917/917/917 826/826/826 918/918/918
f 826/826/826 926/926/926 918/918/918
f 926/926/926 825/825/825 876/876/876
f 987/987/987 926/926/926 876/876/876
f 868/868/868 774/774/774 867/867/867
f 2594/2594/2594 2567/2567/2567 2891/2891/2891
f 774/774/774 719/719/719 371/371/371
f 2360/2360/2360 2534/2534/2534 2359/2359/2359
f 364/364/364 590/590/590 357/357/357
f 357/357/357 442/442/442 358/358/358
f 443/443/443 465/465/465 593/593/593
f 2516/2516/2516 2517/2517/2517 2887/2887/2887
f 2516/2516/2516 2901/2901/2901 2554/2554/2554
f 941/941/941 726/726/726 942/942/942
f 942/942/942 751/751/751 976/976/976
f 1236/1236/1236 1234/1234/1234 1202/1202/1202
f 1201/1201/1201 1202/1202/1202 1234/1234/1234
f 1201/1201/1201 1234/1234/1234 1233/1233/1233
f 1212/1212/1212 1201/1201/1201 1233/1233/1233
f 1235/1235/1235 1212/1212/1212 1233/1233/1233
f 1235/1235/1235 1264/1264/1264 1230/1230/1230
f 966/966/966 807/807/807 721/721/721
f 696/696/696 841/841/841 721/721/721
f 841/841/841 696/696/696 594/594/594
f 841/841/841 594/594/594 846/846/846
f 594/594/594 734/734/734 846/846/846
f 874/874/874 734/734/734 818/818/818
f 934/934/934 844/844/844 949/949/949
f 2585/2585/2585 2895/2895/2895 2875/2875/2875
f 949/949/949 764/764/764 961/961/961
f 764/764/764 907/907/907 961/961/961
f 1228/1228/1228 1281/1281/1281 1241/1241/1241
f 1241/1241/1241 1281/1281/1281 1285/1285/1285
f 2183/2183/2183 2194/2194/2194 2186/2186/2186
f 3042/3042/3042 3032/3032/3032 3045/3045/3045
f 1408/1408/1408 1419/1419/1419 1407/1407/1407
f 1418/1418/1418 1428/1428/1428 1423/1423/1423
f 1415/1415/1415 1419/1419/1419 1408/1408/1408
f 998/998/998 989/989/989 901/901/901
f 901/901/901 989/989/989 863/863/863
f 1394/1394/1394 1399/1399/1399 1381/1381/1381
f 1394/1394/1394 1381/1381/1381 1376/1376/1376
f 1394/1394/1394 1376/1376/1376 1388/1388/1388
f 1405/1405/1405 1394/1394/1394 1388/1388/1388
f 1392/1392/1392 1405/1405/1405 1388/1388/1388
f 977/977/977 933/933/933 843/843/843
f 927/927/927 977/977/977 843/843/843
f 969/969/969 927/927/927 864/864/864
f 969/969/969 864/864/864 978/978/978
f 909/909/909 978/978/978 908/908/908
f 909/909/909 917/917/917 918/918/918
f 1411/1411/1411 1404/1404/1404 1391/1391/1391
f 987/987/987 918/918/918 926/926/926
f 1411/1411/1411 1391/1391/1391 1386/1386/1386
f 1339/1339/1339 1425/1425/1425 1330/1330/1330
f 2596/2596/2596 2915/2915/2915 2940/2940/2940
f 2910/2910/2910 2596/2596/2596 2940/2940/2940
f 867/867/867 774/774/774 371/371/371
f 371/371/371 719/719/719 364/364/364
f 2346/2346/2346 2347/2347/2347 2337/2337/2337
f 424/424/424 443/443/443 520/520/520
f 2516/2516/2516 2887/2887/2887 2901/2901/2901
f 780/780/780 726/726/726 941/941/941
f 937/937/937 780/780/780 941/941/941
f 1190/1190/1190 1202/1202/1202 1201/1201/1201
f 1190/1190/1190 1201/1201/1201 1189/1189/1189
f 1193/1193/1193 1189/1189/1189 1201/1201/1201
f 1193/1193/1193 1201/1201/1201 1212/1212/1212
f 1194/1194/1194 1193/1193/1193 1203/1203/1203
f 1203/1203/1203 1193/1193/1193 1212/1212/1212
f 1203/1203/1203 1212/1212/1212 1235/1235/1235
f 1203/1203/1203 1235/1235/1235 1217/1217/1217
f 1217/1217/1217 1235/1235/1235 1230/1230/1230
f 2623/2623/2623 2959/2959/2959 2938/2938/2938
f 2622/2622/2622 2623/2623/2623 2938/2938/2938
f 966/966/966 721/721/721 841/841/841
f 2620/2620/2620 2938/2938/2938 2943/2943/2943
f 734/734/734 874/874/874 846/846/846
f 958/958/958 874/874/874 818/818/818
f 958/958/958 818/818/818 957/957/957
f 1239/1239/1239 1261/1261/1261 1216/1216/1216
f 1262/1262/1262 1241/1241/1241 1285/1285/1285
f 3041/3041/3041 3028/3028/3028 3032/3032/3032
f 3041/3041/3041 3032/3032/3032 3042/3042/3042
f 1379/1379/1379 1407/1407/1407 1395/1395/1395
f 1408/1408/1408 1407/1407/1407 1379/1379/1379
f 1418/1418/1418 1423/1423/1423 1342/1342/1342
f 1378/1378/1378 1415/1415/1415 1408/1408/1408
f 2948/2948/2948 2557/2557/2557 2933/2933/2933
f 981/981/981 901/901/901 882/882/882
f 928/928/928 981/981/981 882/882/882
f 2947/2947/2947 2605/2605/2605 2557/2557/2557
f 928/928/928 951/951/951 990/990/990
f 1388/1388/1388 1376/1376/1376 1375/1375/1375
f 1340/1340/1340 1422/1422/1422 1332/1332/1332
f 1332/1332/1332 1422/1422/1422 1346/1346/1346
f 1388/1388/1388 1375/1375/1375 1370/1370/1370
f 1392/1392/1392 1388/1388/1388 1370/1370/1370
f 1392/1392/1392 1370/1370/1370 1372/1372/1372
f 1334/1334/1334 1341/1341/1341 1424/1424/1424
f 1403/1403/1403 1392/1392/1392 1372/1372/1372
f 1403/1403/1403 1372/1372/1372 1389/1389/1389
f 1403/1403/1403 1389/1389/1389 1393/1393/1393
f 1344/1344/1344 1335/1335/1335 1345/1345/1345
f 1336/1336/1336 1344/1344/1344 1421/1421/1421
f 1404/1404/1404 1387/1387/1387 1383/1383/1383
f 1336/1336/1336 1421/1421/1421 1420/1420/1420
f 1333/1333/1333 1336/1336/1336 1420/1420/1420
f 1391/1391/1391 1404/1404/1404 1383/1383/1383
f 1391/1391/1391 1383/1383/1383 1384/1384/1384
f 1339/1339/1339 1333/1333/1333 1420/1420/1420
f 1391/1391/1391 1384/1384/1384 1385/1385/1385
f 1386/1386/1386 1391/1391/1391 1385/1385/1385
f 1409/1409/1409 1330/1330/1330 1425/1425/1425
f 979/979/979 876/876/876 868/868/868
f 979/979/979 868/868/868 867/867/867
f 367/367/367 371/371/371 364/364/364
f 520/520/520 443/443/443 593/593/593
f 593/593/593 780/780/780 779/779/779
f 1271/1271/1271 1248/1248/1248 1227/1227/1227
f 1213/1213/1213 1237/1237/1237 1236/1236/1236
f 1246/1246/1246 1271/1271/1271 1227/1227/1227
f 1195/1195/1195 1213/1213/1213 1202/1202/1202
f 1213/1213/1213 1236/1236/1236 1202/1202/1202
f 1179/1179/1179 1195/1195/1195 1188/1188/1188
f 1195/1195/1195 1202/1202/1202 1190/1190/1190
f 1188/1188/1188 1195/1195/1195 1190/1190/1190
f 1179/1179/1179 1188/1188/1188 1178/1178/1178
f 1178/1178/1178 1188/1188/1188 1190/1190/1190
f 1189/1189/1189 1178/1178/1178 1190/1190/1190
f 1175/1175/1175 1193/1193/1193 1194/1194/1194
f 1174/1174/1174 1194/1194/1194 1203/1203/1203
f 2959/2959/2959 2623/2623/2623 2958/2958/2958
f 1198/1198/1198 1203/1203/1203 1217/1217/1217
f 1273/1273/1273 1272/1272/1272 1258/1258/1258
f 1273/1273/1273 1258/1258/1258 1243/1243/1243
f 1211/1211/1211 1230/1230/1230 1259/1259/1259
f 1270/1270/1270 1273/1273/1273 1243/1243/1243
f 1242/1242/1242 1211/1211/1211 1259/1259/1259
f 1270/1270/1270 1243/1243/1243 1245/1245/1245
f 1204/1204/1204 1242/1242/1242 1219/1219/1219
f 1270/1270/1270 1245/1245/1245 1250/1250/1250
f 1219/1219/1219 1260/1260/1260 1214/1214/1214
f 2619/2619/2619 2943/2943/2943 2942/2942/2942
f 2619/2619/2619 2942/2942/2942 2618/2618/2618
f 1240/1240/1240 1216/1216/1216 1261/1261/1261
f 1240/1240/1240 1261/1261/1261 1231/1231/1231
f 1261/1261/1261 1265/1265/1265 1231/1231/1231
f 1231/1231/1231 1265/1265/1265 1228/1228/1228
f 1286/1286/1286 1276/1276/1276 1267/1267/1267
f 1365/1365/1365 1395/1395/1395 1380/1380/1380
f 1342/1342/1342 1380/1380/1380 1418/1418/1418
f 1379/1379/1379 1395/1395/1395 1365/1365/1365
f 1338/1338/1338 1342/1342/1342 1423/1423/1423
f 998/998/998 901/901/901 981/981/981
f 1414/1414/1414 1378/1378/1378 1390/1390/1390
f 990/990/990 981/981/981 928/928/928
f 1399/1399/1399 1401/1401/1401 1374/1374/1374
f 990/990/990 951/951/951 952/952/952
f 1381/1381/1381 1374/1374/1374 1369/1369/1369
f 1376/1376/1376 1381/1381/1381 1369/1369/1369
f 1315/1315/1315 1329/1329/1329 1340/1340/1340
f 1376/1376/1376 1369/1369/1369 1359/1359/1359
f 1375/1375/1375 1376/1376/1376 1359/1359/1359
f 1315/1315/1315 1340/1340/1340 1332/1332/1332
f 1375/1375/1375 1359/1359/1359 1360/1360/1360
f 1370/1370/1370 1375/1375/1375 1360/1360/1360
f 1317/1317/1317 1332/1332/1332 1341/1341/1341
f 1341/1341/1341 1332/1332/1332 1346/1346/1346
f 1317/1317/1317 1341/1341/1341 1334/1334/1334
f 1389/1389/1389 1372/1372/1372 1371/1371/1371
f 1335/1335/1335 1334/1334/1334 1345/1345/1345
f 1393/1393/1393 1389/1389/1389 1371/1371/1371
f 1393/1393/1393 1371/1371/1371 1377/1377/1377
f 1326/1326/1326 1335/1335/1335 1344/1344/1344
f 1387/1387/1387 1377/1377/1377 1367/1367/1367
f 1336/1336/1336 1326/1326/1326 1344/1344/1344
f 1387/1387/1387 1367/1367/1367 1368/1368/1368
f 1383/1383/1383 1387/1387/1387 1368/1368/1368
f 1325/1325/1325 1336/1336/1336 1333/1333/1333
f 1325/1325/1325 1333/1333/1333 1301/1301/1301
f 1383/1383/1383 1368/1368/1368 1352/1352/1352
f 1301/1301/1301 1333/1333/1333 1323/1323/1323
f 1384/1384/1384 1383/1383/1383 1352/1352/1352
f 1384/1384/1384 1352/1352/1352 1366/1366/1366
f 1323/1323/1323 1333/1333/1333 1339/1339/1339
f 1385/1385/1385 1384/1384/1384 1366/1366/1366
f 1324/1324/1324 1323/1323/1323 1339/1339/1339
f 1385/1385/1385 1366/1366/1366 1358/1358/1358
f 1324/1324/1324 1339/1339/1339 1330/1330/1330
f 1386/1386/1386 1385/1385/1385 1358/1358/1358
f 1386/1386/1386 1358/1358/1358 1373/1373/1373
f 1400/1400/1400 1386/1386/1386 1373/1373/1373
f 367/367/367 364/364/364 360/360/360
f 750/750/750 593/593/593 779/779/779
f 779/779/779 780/780/780 937/937/937
f 1275/1275/1275 1268/1268/1268 1248/1248/1248
f 1237/1237/1237 1213/1213/1213 1238/1238/1238
f 1248/1248/1248 1218/1218/1218 1227/1227/1227
f 1227/1227/1227 1218/1218/1218 1182/1182/1182
f 1209/1209/1209 1213/1213/1213 1195/1195/1195
f 1182/1182/1182 1206/1206/1206 1183/1183/1183
f 1183/1183/1183 1209/1209/1209 1195/1195/1195
f 1246/1246/1246 1227/1227/1227 1181/1181/1181
f 1181/1181/1181 1227/1227/1227 1182/1182/1182
f 1179/1179/1179 1183/1183/1183 1195/1195/1195
f 1181/1181/1181 1182/1182/1182 1179/1179/1179
f 1179/1179/1179 1182/1182/1182 1183/1183/1183
f 1177/1177/1177 1179/1179/1179 1178/1178/1178
f 1246/1246/1246 1181/1181/1181 1180/1180/1180
f 1180/1180/1180 1181/1181/1181 1179/1179/1179
f 1180/1180/1180 1179/1179/1179 1177/1177/1177
f 1176/1176/1176 1177/1177/1177 1178/1178/1178
f 1176/1176/1176 1178/1178/1178 1189/1189/1189
f 1255/1255/1255 1246/1246/1246 1180/1180/1180
f 1180/1180/1180 1177/1177/1177 1166/1166/1166
f 1175/1175/1175 1176/1176/1176 1189/1189/1189
f 1175/1175/1175 1189/1189/1189 1193/1193/1193
f 1255/1255/1255 1180/1180/1180 1222/1222/1222
f 1174/1174/1174 1203/1203/1203 1198/1198/1198
f 1258/1258/1258 1232/1232/1232 1244/1244/1244
f 1198/1198/1198 1217/1217/1217 1199/1199/1199
f 1199/1199/1199 1217/1217/1217 1230/1230/1230
f 1199/1199/1199 1230/1230/1230 1211/1211/1211
f 1243/1243/1243 1258/1258/1258 1244/1244/1244
f 1204/1204/1204 1211/1211/1211 1242/1242/1242
f 1204/1204/1204 1219/1219/1219 1196/1196/1196
f 1219/1219/1219 1214/1214/1214 1196/1196/1196
f 1197/1197/1197 1214/1214/1214 1239/1239/1239
f 1216/1216/1216 1197/1197/1197 1239/1239/1239
f 2909/2909/2909 2942/2942/2942 2944/2944/2944
f 1276/1276/1276 1282/1282/1282 1249/1249/1249
f 1276/1276/1276 1249/1249/1249 1229/1229/1229
f 1267/1267/1267 1276/1276/1276 1229/1229/1229
f 1267/1267/1267 1229/1229/1229 1251/1251/1251
f 1251/1251/1251 1221/1221/1221 1262/1262/1262
f 1343/1343/1343 1380/1380/1380 1342/1342/1342
f 1365/1365/1365 1380/1380/1380 1343/1343/1343
f 1378/1378/1378 1379/1379/1379 1365/1365/1365
f 1328/1328/1328 1343/1343/1343 1342/1342/1342
f 1328/1328/1328 1342/1342/1342 1338/1338/1338
f 1331/1331/1331 1328/1328/1328 1338/1338/1338
f 1331/1331/1331 1338/1338/1338 1337/1337/1337
f 1390/1390/1390 1378/1378/1378 1361/1361/1361
f 1382/1382/1382 1390/1390/1390 1361/1361/1361
f 1401/1401/1401 1382/1382/1382 1374/1374/1374
f 1369/1369/1369 1374/1374/1374 1357/1357/1357
f 1369/1369/1369 1357/1357/1357 1348/1348/1348
f 1369/1369/1369 1348/1348/1348 1359/1359/1359
f 1348/1348/1348 1310/1310/1310 1347/1347/1347
f 1359/1359/1359 1348/1348/1348 1347/1347/1347
f 1309/1309/1309 1313/1313/1313 1295/1295/1295
f 1295/1295/1295 1313/1313/1313 1315/1315/1315
f 1315/1315/1315 1313/1313/1313 1329/1329/1329
f 1347/1347/1347 1310/1310/1310 1294/1294/1294
f 1294/1294/1294 1295/1295/1295 1293/1293/1293
f 1293/1293/1293 1295/1295/1295 1315/1315/1315
f 1359/1359/1359 1347/1347/1347 1360/1360/1360
f 1360/1360/1360 1347/1347/1347 1292/1292/1292
f 1292/1292/1292 1347/1347/1347 1294/1294/1294
f 1316/1316/1316 1315/1315/1315 1332/1332/1332
f 1292/1292/1292 1294/1294/1294 1293/1293/1293
f 1293/1293/1293 1315/1315/1315 1316/1316/1316
f 1360/1360/1360 1292/1292/1292 1355/1355/1355
f 1299/1299/1299 1293/1293/1293 1316/1316/1316
f 1299/1299/1299 1316/1316/1316 1317/1317/1317
f 1317/1317/1317 1316/1316/1316 1332/1332/1332
f 1370/1370/1370 1355/1355/1355 1356/1356/1356
f 1355/1355/1355 1288/1288/1288 1356/1356/1356
f 1372/1372/1372 1370/1370/1370 1356/1356/1356
f 1372/1372/1372 1356/1356/1356 1371/1371/1371
f 1300/1300/1300 1299/1299/1299 1317/1317/1317
f 1300/1300/1300 1317/1317/1317 1314/1314/1314
f 1314/1314/1314 1317/1317/1317 1334/1334/1334
f 1314/1314/1314 1334/1334/1334 1335/1335/1335
f 1371/1371/1371 1356/1356/1356 1354/1354/1354
f 1326/1326/1326 1314/1314/1314 1335/1335/1335
f 1377/1377/1377 1371/1371/1371 1354/1354/1354
f 1377/1377/1377 1354/1354/1354 1367/1367/1367
f 1308/1308/1308 1314/1314/1314 1326/1326/1326
f 1367/1367/1367 1354/1354/1354 1349/1349/1349
f 1325/1325/1325 1308/1308/1308 1326/1326/1326
f 1325/1325/1325 1326/1326/1326 1336/1336/1336
f 1351/1351/1351 1367/1367/1367 1349/1349/1349
f 1368/1368/1368 1367/1367/1367 1351/1351/1351
f 1301/1301/1301 1308/1308/1308 1325/1325/1325
f 1368/1368/1368 1351/1351/1351 1352/1352/1352
f 1352/1352/1352 1351/1351/1351 1298/1298/1298
f 1352/1352/1352 1298/1298/1298 1303/1303/1303
f 1303/1303/1303 1298/1298/1298 1302/1302/1302
f 1305/1305/1305 1301/1301/1301 1323/1323/1323
f 1302/1302/1302 1301/1301/1301 1305/1305/1305
f 1350/1350/1350 1352/1352/1352 1303/1303/1303
f 1366/1366/1366 1352/1352/1352 1350/1350/1350
f 1303/1303/1303 1302/1302/1302 1304/1304/1304
f 1304/1304/1304 1302/1302/1302 1305/1305/1305
f 1350/1350/1350 1303/1303/1303 1304/1304/1304
f 1306/1306/1306 1305/1305/1305 1323/1323/1323
f 1304/1304/1304 1305/1305/1305 1306/1306/1306
f 1366/1366/1366 1350/1350/1350 1358/1358/1358
f 1306/1306/1306 1323/1323/1323 1324/1324/1324
f 1350/1350/1350 1304/1304/1304 1307/1307/1307
f 1358/1358/1358 1350/1350/1350 1307/1307/1307
f 1307/1307/1307 1304/1304/1304 1306/1306/1306
f 1312/1312/1312 1307/1307/1307 1311/1311/1311
f 1311/1311/1311 1307/1307/1307 1306/1306/1306
f 1311/1311/1311 1306/1306/1306 1324/1324/1324
f 1358/1358/1358 1307/1307/1307 1312/1312/1312
f 1311/1311/1311 1324/1324/1324 1330/1330/1330
f 1373/1373/1373 1358/1358/1358 1364/1364/1364
f 1358/1358/1358 1312/1312/1312 1364/1364/1364
f 1311/1311/1311 1330/1330/1330 1363/1363/1363
f 1363/1363/1363 1330/1330/1330 1409/1409/1409
f 1400/1400/1400 1373/1373/1373 1406/1406/1406
f 979/979/979 867/867/867 974/974/974
f 974/974/974 867/867/867 371/371/371
f 360/360/360 364/364/364 357/357/357
f 357/357/357 358/358/358 355/355/355
f 355/355/355 358/358/358 424/424/424
f 355/355/355 424/424/424 413/413/413
f 413/413/413 424/424/424 520/520/520
f 520/520/520 593/593/593 750/750/750
f 1252/1252/1252 1263/1263/1263 1238/1238/1238
f 1248/1248/1248 1268/1268/1268 1220/1220/1220
f 1225/1225/1225 1238/1238/1238 1213/1213/1213
f 1218/1218/1218 1220/1220/1220 1207/1207/1207
f 1182/1182/1182 1218/1218/1218 1207/1207/1207
f 1206/1206/1206 1207/1207/1207 1210/1210/1210
f 1206/1206/1206 1210/1210/1210 1183/1183/1183
f 1183/1183/1183 1210/1210/1210 1209/1209/1209
f 1182/1182/1182 1207/1207/1207 1206/1206/1206
f 1177/1177/1177 1176/1176/1176 1166/1166/1166
f 1166/1166/1166 1176/1176/1176 1175/1175/1175
f 1166/1166/1166 1175/1175/1175 1165/1165/1165
f 1165/1165/1165 1175/1175/1175 1194/1194/1194
f 1222/1222/1222 1180/1180/1180 1166/1166/1166
f 1222/1222/1222 1166/1166/1166 1164/1164/1164
f 1164/1164/1164 1166/1166/1166 1165/1165/1165
f 1165/1165/1165 1194/1194/1194 1174/1174/1174
f 1155/1155/1155 1164/1164/1164 1165/1165/1165
f 1155/1155/1155 1165/1165/1165 1174/1174/1174
f 1232/1232/1232 1222/1222/1222 1164/1164/1164
f 1155/1155/1155 1174/1174/1174 1153/1153/1153
f 1153/1153/1153 1174/1174/1174 1198/1198/1198
f 1232/1232/1232 1164/1164/1164 1169/1169/1169
f 1244/1244/1244 1232/1232/1232 1169/1169/1169
f 1164/1164/1164 1155/1155/1155 1152/1152/1152
f 1169/1169/1169 1164/1164/1164 1152/1152/1152
f 1152/1152/1152 1155/1155/1155 1153/1153/1153
f 1153/1153/1153 1198/1198/1198 1199/1199/1199
f 1192/1192/1192 1153/1153/1153 1199/1199/1199
f 1153/1153/1153 1192/1192/1192 1154/1154/1154
f 1169/1169/1169 1156/1156/1156 1158/1158/1158
f 1192/1192/1192 1199/1199/1199 1211/1211/1211
f 1243/1243/1243 1244/1244/1244 1169/1169/1169
f 1154/1154/1154 1192/1192/1192 1191/1191/1191
f 1243/1243/1243 1169/1169/1169 1168/1168/1168
f 1168/1168/1168 1169/1169/1169 1158/1158/1158
f 1191/1191/1191 1192/1192/1192 1204/1204/1204
f 1204/1204/1204 1192/1192/1192 1211/1211/1211
f 1191/1191/1191 1204/1204/1204 1196/1196/1196
f 1168/1168/1168 1158/1158/1158 1159/1159/1159
f 1245/1245/1245 1243/1243/1243 1168/1168/1168
f 1161/1161/1161 1160/1160/1160 1196/1196/1196
f 1160/1160/1160 1191/1191/1191 1196/1196/1196
f 1245/1245/1245 1168/1168/1168 1167/1167/1167
f 1250/1250/1250 1245/1245/1245 1167/1167/1167
f 1196/1196/1196 1214/1214/1214 1197/1197/1197
f 1161/1161/1161 1196/1196/1196 1197/1197/1197
f 1163/1163/1163 1161/1161/1161 1197/1197/1197
f 1250/1250/1250 1167/1167/1167 1171/1171/1171
f 1257/1257/1257 1250/1250/1250 1171/1171/1171
f 1257/1257/1257 1171/1171/1171 1184/1184/1184
f 1163/1163/1163 1197/1197/1197 1173/1173/1173
f 1173/1173/1173 1197/1197/1197 1216/1216/1216
f 1215/1215/1215 1173/1173/1173 1216/1216/1216
f 1269/1269/1269 1257/1257/1257 1184/1184/1184
f 1215/1215/1215 1216/1216/1216 1240/1240/1240
f 1215/1215/1215 1240/1240/1240 1231/1231/1231
f 1208/1208/1208 1215/1215/1215 1231/1231/1231
f 1274/1274/1274 1269/1269/1269 1226/1226/1226
f 1249/1249/1249 1274/1274/1274 1247/1247/1247
f 1228/1228/1228 1208/1208/1208 1231/1231/1231
f 1200/1200/1200 1208/1208/1208 1228/1228/1228
f 1249/1249/1249 1205/1205/1205 1229/1229/1229
f 1229/1229/1229 1205/1205/1205 1221/1221/1221
f 1221/1221/1221 1200/1200/1200 1241/1241/1241
f 1251/1251/1251 1229/1229/1229 1221/1221/1221
f 1327/1327/1327 1365/1365/1365 1343/1343/1343
f 1378/1378/1378 1365/1365/1365 1327/1327/1327
f 1327/1327/1327 1343/1343/1343 1328/1328/1328
f 1327/1327/1327 1328/1328/1328 1322/1322/1322
f 1361/1361/1361 1378/1378/1378 1327/1327/1327
f 1322/1322/1322 1328/1328/1328 1331/1331/1331
f 1322/1322/1322 1331/1331/1331 1320/1320/1320
f 1353/1353/1353 1361/1361/1361 1321/1321/1321
f 1320/1320/1320 1331/1331/1331 1337/1337/1337
f 1382/1382/1382 1361/1361/1361 1353/1353/1353
f 1374/1374/1374 1382/1382/1382 1353/1353/1353
f 1374/1374/1374 1353/1353/1353 1357/1357/1357
f 1320/1320/1320 1337/1337/1337 1329/1329/1329
f 1357/1357/1357 1353/1353/1353 1319/1319/1319
f 1318/1318/1318 1320/1320/1320 1329/1329/1329
f 1348/1348/1348 1357/1357/1357 1319/1319/1319
f 1309/1309/1309 1318/1318/1318 1313/1313/1313
f 1313/1313/1313 1318/1318/1318 1329/1329/1329
f 1319/1319/1319 1318/1318/1318 1309/1309/1309
f 1348/1348/1348 1319/1319/1319 1310/1310/1310
f 1310/1310/1310 1319/1319/1319 1309/1309/1309
f 1294/1294/1294 1310/1310/1310 1309/1309/1309
f 1294/1294/1294 1309/1309/1309 1295/1295/1295
f 1292/1292/1292 1293/1293/1293 1291/1291/1291
f 1355/1355/1355 1292/1292/1292 1288/1288/1288
f 1288/1288/1288 1292/1292/1292 1291/1291/1291
f 1291/1291/1291 1293/1293/1293 1299/1299/1299
f 1287/1287/1287 1356/1356/1356 1288/1288/1288
f 1287/1287/1287 1288/1288/1288 1289/1289/1289
f 1288/1288/1288 1291/1291/1291 1289/1289/1289
f 1289/1289/1289 1291/1291/1291 1299/1299/1299
f 1289/1289/1289 1299/1299/1299 1300/1300/1300
f 1354/1354/1354 1356/1356/1356 1287/1287/1287
f 1296/1296/1296 1289/1289/1289 1300/1300/1300
f 1296/1296/1296 1300/1300/1300 1314/1314/1314
f 1354/1354/1354 1287/1287/1287 1290/1290/1290
f 1290/1290/1290 1287/1287/1287 1289/1289/1289
f 1290/1290/1290 1289/1289/1289 1296/1296/1296
f 1349/1349/1349 1354/1354/1354 1290/1290/1290
f 1296/1296/1296 1314/1314/1314 1308/1308/1308
f 1290/1290/1290 1296/1296/1296 1297/1297/1297
f 1297/1297/1297 1296/1296/1296 1308/1308/1308
f 1349/1349/1349 1290/1290/1290 1298/1298/1298
f 1298/1298/1298 1290/1290/1290 1297/1297/1297
f 1351/1351/1351 1349/1349/1349 1298/1298/1298
f 1298/1298/1298 1297/1297/1297 1301/1301/1301
f 1301/1301/1301 1297/1297/1297 1308/1308/1308
f 1362/1362/1362 1312/1312/1312 1311/1311/1311
f 1364/1364/1364 1312/1312/1312 1362/1362/1362
f 1362/1362/1362 1311/1311/1311 1363/1363/1363
f 1363/1363/1363 1409/1409/1409 1426/1426/1426
f 1373/1373/1373 1364/1364/1364 1396/1396/1396
f 1426/1426/1426 1409/1409/1409 1427/1427/1427
f 1373/1373/1373 1396/1396/1396 1398/1398/1398
f 1406/1406/1406 1373/1373/1373 1398/1398/1398
f 1417/1417/1417 1406/1406/1406 1398/1398/1398
f 360/360/360 357/357/357 354/354/354
f 354/354/354 357/357/357 355/355/355
f 936/936/936 779/779/779 937/937/937
f 1268/1268/1268 1256/1256/1256 1220/1220/1220
f 1220/1220/1220 1256/1256/1256 1254/1254/1254
f 1225/1225/1225 1252/1252/1252 1238/1238/1238
f 1207/1207/1207 1220/1220/1220 1224/1224/1224
f 1223/1223/1223 1225/1225/1225 1213/1213/1213
f 1209/1209/1209 1223/1223/1223 1213/1213/1213
f 1210/1210/1210 1224/1224/1224 1223/1223/1223
f 1210/1210/1210 1223/1223/1223 1209/1209/1209
f 1152/1152/1152 1153/1153/1153 1154/1154/1154
f 1156/1156/1156 1152/1152/1152 1154/1154/1154
f 1156/1156/1156 1154/1154/1154 1157/1157/1157
f 1158/1158/1158 1156/1156/1156 1157/1157/1157
f 1157/1157/1157 1154/1154/1154 1191/1191/1191
f 1159/1159/1159 1158/1158/1158 1157/1157/1157
f 1160/1160/1160 1157/1157/1157 1191/1191/1191
f 1159/1159/1159 1157/1157/1157 1160/1160/1160
f 1159/1159/1159 1160/1160/1160 1161/1161/1161
f 1162/1162/1162 1159/1159/1159 1161/1161/1161
f 1167/1167/1167 1159/1159/1159 1162/1162/1162
f 1162/1162/1162 1161/1161/1161 1163/1163/1163
f 1167/1167/1167 1162/1162/1162 1170/1170/1170
f 1171/1171/1171 1167/1167/1167 1170/1170/1170
f 1162/1162/1162 1163/1163/1163 1170/1170/1170
f 1170/1170/1170 1163/1163/1163 1173/1173/1173
f 1170/1170/1170 1173/1173/1173 1186/1186/1186
f 1171/1171/1171 1170/1170/1170 1172/1172/1172
f 1171/1171/1171 1172/1172/1172 1184/1184/1184
f 1170/1170/1170 1186/1186/1186 1172/1172/1172
f 1186/1186/1186 1173/1173/1173 1215/1215/1215
f 1226/1226/1226 1184/1184/1184 1185/1185/1185
f 1186/1186/1186 1215/1215/1215 1208/1208/1208
f 1247/1247/1247 1226/1226/1226 1185/1185/1185
f 1187/1187/1187 1186/1186/1186 1208/1208/1208
f 1247/1247/1247 1185/1185/1185 1249/1249/1249
f 1249/1249/1249 1185/1185/1185 1205/1205/1205
f 1205/1205/1205 1185/1185/1185 1200/1200/1200
f 1200/1200/1200 1185/1185/1185 1187/1187/1187
f 1187/1187/1187 1208/1208/1208 1200/1200/1200
f 1205/1205/1205 1200/1200/1200 1221/1221/1221
f 1321/1321/1321 1327/1327/1327 1322/1322/1322
f 1321/1321/1321 1322/1322/1322 1320/1320/1320
f 1353/1353/1353 1321/1321/1321 1319/1319/1319
f 1319/1319/1319 1321/1321/1321 1320/1320/1320
f 1319/1319/1319 1320/1320/1320 1318/1318/1318
f 1396/1396/1396 1364/1364/1364 1397/1397/1397
f 1364/1364/1364 1362/1362/1362 1397/1397/1397
f 1397/1397/1397 1362/1362/1362 1402/1402/1402
f 1402/1402/1402 1362/1362/1362 1363/1363/1363
f 1402/1402/1402 1363/1363/1363 1426/1426/1426
f 1013/1013/1013 974/974/974 975/975/975
f 2868/2868/2868 2986/2986/2986 2985/2985/2985
f 750/750/750 779/779/779 936/936/936
f 1224/1224/1224 1253/1253/1253 1223/1223/1223
f 1223/1223/1223 1252/1252/1252 1225/1225/1225
f 1185/1185/1185 1184/1184/1184 1172/1172/1172
f 1185/1185/1185 1172/1172/1172 1186/1186/1186
f 1185/1185/1185 1186/1186/1186 1187/1187/1187
f 1413/1413/1413 1397/1397/1397 1402/1402/1402
f 1398/1398/1398 1396/1396/1396 1412/1412/1412
f 1524/1524/1524 1541/1541/1541 1523/1523/1523
f 975/975/975 974/974/974 371/371/371
f 1539/1539/1539 1541/1541/1541 1524/1524/1524
f 828/828/828 371/371/371 367/367/367
f 367/367/367 360/360/360 366/366/366
f 413/413/413 520/520/520 521/521/521
f 521/521/521 520/520/520 730/730/730
f 520/520/520 750/750/750 730/730/730
f 1256/1256/1256 1283/1283/1283 1279/1279/1279
f 1256/1256/1256 1279/1279/1279 1254/1254/1254
f 1252/1252/1252 1266/1266/1266 1263/1263/1263
f 1253/1253/1253 1266/1266/1266 1252/1252/1252
f 1254/1254/1254 1253/1253/1253 1224/1224/1224
f 1412/1412/1412 1397/1397/1397 1413/1413/1413
f 1529/1529/1529 1548/1548/1548 1526/1526/1526
f 975/975/975 371/371/371 828/828/828
f 366/366/366 360/360/360 359/359/359
f 359/359/359 360/360/360 354/354/354
f 750/750/750 936/936/936 938/938/938
f 1254/1254/1254 1277/1277/1277 1253/1253/1253
f 1506/1506/1506 1529/1529/1529 1526/1526/1526
f 730/730/730 750/750/750 938/938/938
f 1266/1266/1266 1280/1280/1280 1263/1263/1263
f 1277/1277/1277 1278/1278/1278 1253/1253/1253
f 1253/1253/1253 1278/1278/1278 1266/1266/1266
f 1505/1505/1505 1529/1529/1529 1506/1506/1506
f 1523/1523/1523 1530/1530/1530 1505/1505/1505
f 1530/1530/1530 1529/1529/1529 1505/1505/1505
f 1506/1506/1506 1526/1526/1526 1525/1525/1525
f 1507/1507/1507 1524/1524/1524 1504/1504/1504
f 1539/1539/1539 1524/1524/1524 1507/1507/1507
f 828/828/828 367/367/367 366/366/366
f 359/359/359 354/354/354 353/353/353
f 2851/2851/2851 2563/2563/2563 2888/2888/2888
f 1504/1504/1504 1523/1523/1523 1505/1505/1505
f 1525/1525/1525 1526/1526/1526 1545/1545/1545
f 1533/1533/1533 1539/1539/1539 1507/1507/1507
f 353/353/353 354/354/354 352/352/352
f 352/352/352 354/354/354 355/355/355
f 1809/1809/1809 1819/1819/1819 1832/1832/1832
f 1496/1496/1496 1507/1507/1507 1504/1504/1504
f 1509/1509/1509 1533/1533/1533 1507/1507/1507
f 1509/1509/1509 1507/1507/1507 1496/1496/1496
f 361/361/361 366/366/366 359/359/359
f 355/355/355 413/413/413 412/412/412
f 412/412/412 413/413/413 521/521/521
f 412/412/412 521/521/521 679/679/679
f 679/679/679 521/521/521 730/730/730
f 730/730/730 938/938/938 939/939/939
f 1809/1809/1809 1774/1774/1774 1819/1819/1819
f 1525/1525/1525 1545/1545/1545 1500/1500/1500
f 1496/1496/1496 1504/1504/1504 1495/1495/1495
f 1500/1500/1500 1545/1545/1545 1546/1546/1546
f 829/829/829 828/828/828 366/366/366
f 829/829/829 366/366/366 361/361/361
f 352/352/352 355/355/355 412/412/412
f 1504/1504/1504 1505/1505/1505 1494/1494/1494
f 1494/1494/1494 1505/1505/1505 1506/1506/1506
f 1506/1506/1506 1525/1525/1525 1500/1500/1500
f 359/359/359 353/353/353 361/361/361
f 939/939/939 679/679/679 730/730/730
f 1781/1781/1781 1758/1758/1758 1782/1782/1782
f 1495/1495/1495 1504/1504/1504 1494/1494/1494
f 1805/1805/1805 1774/1774/1774 1771/1771/1771
f 1494/1494/1494 1506/1506/1506 1500/1500/1500
f 1481/1481/1481 1495/1495/1495 1494/1494/1494
f 1500/1500/1500 1546/1546/1546 1522/1522/1522
f 1496/1496/1496 1495/1495/1495 1483/1483/1483
f 1483/1483/1483 1509/1509/1509 1496/1496/1496
f 678/678/678 412/412/412 679/679/679
f 678/678/678 679/679/679 886/886/886
f 886/886/886 679/679/679 939/939/939
f 1494/1494/1494 1500/1500/1500 1482/1482/1482
f 1482/1482/1482 1500/1500/1500 1497/1497/1497
f 361/361/361 353/353/353 351/351/351
f 1826/1826/1826 1805/1805/1805 1804/1804/1804
f 1481/1481/1481 1494/1494/1494 1482/1482/1482
f 1481/1481/1481 1483/1483/1483 1495/1495/1495
f 1497/1497/1497 1500/1500/1500 1522/1522/1522
f 872/872/872 829/829/829 361/361/361
f 351/351/351 353/353/353 352/352/352
f 1771/1771/1771 1773/1773/1773 1734/1734/1734
f 1513/1513/1513 1497/1497/1497 1522/1522/1522
f 872/872/872 361/361/361 368/368/368
f 368/368/368 361/361/361 351/351/351
f 351/351/351 352/352/352 348/348/348
f 1467/1467/1467 1481/1481/1481 1453/1453/1453
f 1482/1482/1482 1497/1497/1497 1455/1455/1455
f 1455/1455/1455 1497/1497/1497 1513/1513/1513
f 1467/1467/1467 1483/1483/1483 1481/1481/1481
f 1501/1501/1501 1483/1483/1483 1478/1478/1478
f 352/352/352 412/412/412 398/398/398
f 398/398/398 412/412/412 678/678/678
f 1816/1816/1816 1826/1826/1826 1804/1804/1804
f 1453/1453/1453 1481/1481/1481 1482/1482/1482
f 1453/1453/1453 1482/1482/1482 1455/1455/1455
f 1478/1478/1478 1483/1483/1483 1467/1467/1467
f 348/348/348 352/352/352 398/398/398
f 678/678/678 886/886/886 887/887/887
f 1513/1513/1513 1522/1522/1522 1517/1517/1517
f 1508/1508/1508 1501/1501/1501 1478/1478/1478
f 1453/1453/1453 1455/1455/1455 1451/1451/1451
f 1451/1451/1451 1455/1455/1455 1462/1462/1462
f 1452/1452/1452 1467/1467/1467 1453/1453/1453
f 1478/1478/1478 1467/1467/1467 1466/1466/1466
f 984/984/984 872/872/872 368/368/368
f 1452/1452/1452 1453/1453/1453 1451/1451/1451
f 1466/1466/1466 1467/1467/1467 1452/1452/1452
f 1477/1477/1477 1478/1478/1478 1466/1466/1466
f 368/368/368 351/351/351 365/365/365
f 576/576/576 678/678/678 887/887/887
f 1793/1793/1793 1797/1797/1797 1767/1767/1767
f 1462/1462/1462 1455/1455/1455 1513/1513/1513
f 337/337/337 348/348/348 398/398/398
f 398/398/398 678/678/678 576/576/576
f 1449/1449/1449 1452/1452/1452 1451/1451/1451
f 365/365/365 351/351/351 346/346/346
f 351/351/351 348/348/348 346/346/346
f 337/337/337 398/398/398 336/336/336
f 888/888/888 576/576/576 887/887/887
f 1451/1451/1451 1462/1462/1462 1450/1450/1450
f 1462/1462/1462 1513/1513/1513 1517/1517/1517
f 1528/1528/1528 1517/1517/1517 1544/1544/1544
f 1536/1536/1536 1508/1508/1508 1486/1486/1486
f 346/346/346 348/348/348 337/337/337
f 1449/1449/1449 1451/1451/1451 1450/1450/1450
f 1466/1466/1466 1452/1452/1452 1449/1449/1449
f 1477/1477/1477 1466/1466/1466 1465/1465/1465
f 1002/1002/1002 368/368/368 369/369/369
f 1486/1486/1486 1478/1478/1478 1477/1477/1477
f 369/369/369 368/368/368 365/365/365
f 1466/1466/1466 1449/1449/1449 1465/1465/1465
f 336/336/336 398/398/398 576/576/576
f 1477/1477/1477 1465/1465/1465 1475/1475/1475
f 1450/1450/1450 1462/1462/1462 1463/1463/1463
f 1475/1475/1475 1465/1465/1465 1448/1448/1448
f 1486/1486/1486 1477/1477/1477 1475/1475/1475
f 1448/1448/1448 1465/1465/1465 1449/1449/1449
f 1440/1440/1440 1449/1449/1449 1450/1450/1450
f 1463/1463/1463 1462/1462/1462 1510/1510/1510
f 1510/1510/1510 1462/1462/1462 1517/1517/1517
f 365/365/365 346/346/346 344/344/344
f 344/344/344 346/346/346 337/337/337
f 1510/1510/1510 1517/1517/1517 1528/1528/1528
f 854/854/854 576/576/576 888/888/888
f 1448/1448/1448 1449/1449/1449 1440/1440/1440
f 369/369/369 365/365/365 344/344/344
f 1491/1491/1491 1486/1486/1486 1468/1468/1468
f 1468/1468/1468 1486/1486/1486 1475/1475/1475
f 344/344/344 337/337/337 334/334/334
f 334/334/334 337/337/337 336/336/336
f 1441/1441/1441 1448/1448/1448 1440/1440/1440
f 1440/1440/1440 1450/1450/1450 1438/1438/1438
f 1438/1438/1438 1450/1450/1450 1463/1463/1463
f 1475/1475/1475 1448/1448/1448 1468/1468/1468
f 1468/1468/1468 1448/1448/1448 1441/1441/1441
f 334/334/334 336/336/336 333/333/333
f 436/436/436 336/336/336 576/576/576
f 333/333/333 336/336/336 436/436/436
f 436/436/436 576/576/576 854/854/854
f 1510/1510/1510 1528/1528/1528 1521/1521/1521
f 1002/1002/1002 369/369/369 991/991/991
f 436/436/436 854/854/854 853/853/853
f 1817/1817/1817 1824/1824/1824 1806/1806/1806
f 1442/1442/1442 1468/1468/1468 1441/1441/1441
f 1439/1439/1439 1441/1441/1441 1440/1440/1440
f 1439/1439/1439 1440/1440/1440 1438/1438/1438
f 369/369/369 344/344/344 345/345/345
f 1438/1438/1438 1463/1463/1463 1460/1460/1460
f 1460/1460/1460 1463/1463/1463 1510/1510/1510
f 991/991/991 369/369/369 372/372/372
f 344/344/344 334/334/334 330/330/330
f 1442/1442/1442 1441/1441/1441 1439/1439/1439
f 1491/1491/1491 1468/1468/1468 1472/1472/1472
f 330/330/330 334/334/334 333/333/333
f 1430/1430/1430 1438/1438/1438 1460/1460/1460
f 372/372/372 369/369/369 345/345/345
f 1787/1787/1787 1766/1766/1766 1754/1754/1754
f 1442/1442/1442 1439/1439/1439 1429/1429/1429
f 1429/1429/1429 1439/1439/1439 1438/1438/1438
f 1429/1429/1429 1438/1438/1438 1430/1430/1430
f 1468/1468/1468 1442/1442/1442 1472/1472/1472
f 1490/1490/1490 1491/1491/1491 1472/1472/1472
f 345/345/345 344/344/344 330/330/330
f 681/681/681 436/436/436 853/853/853
f 1490/1490/1490 1472/1472/1472 1471/1471/1471
f 681/681/681 853/853/853 893/893/893
f 1461/1461/1461 1430/1430/1430 1460/1460/1460
f 340/340/340 333/333/333 436/436/436
f 340/340/340 436/436/436 681/681/681
f 1471/1471/1471 1442/1442/1442 1432/1432/1432
f 1432/1432/1432 1442/1442/1442 1429/1429/1429
f 1461/1461/1461 1460/1460/1460 1498/1498/1498
f 1498/1498/1498 1460/1460/1460 1510/1510/1510
f 1472/1472/1472 1442/1442/1442 1471/1471/1471
f 1498/1498/1498 1510/1510/1510 1521/1521/1521
f 1489/1489/1489 1490/1490/1490 1471/1471/1471
f 1534/1534/1534 1531/1531/1531 1489/1489/1489
f 370/370/370 372/372/372 356/356/356
f 372/372/372 345/345/345 356/356/356
f 345/345/345 330/330/330 335/335/335
f 335/335/335 330/330/330 322/322/322
f 322/322/322 330/330/330 323/323/323
f 323/323/323 330/330/330 333/333/333
f 323/323/323 333/333/333 340/340/340
f 1429/1429/1429 1430/1430/1430 1431/1431/1431
f 356/356/356 345/345/345 335/335/335
f 1432/1432/1432 1429/1429/1429 1431/1431/1431
f 1433/1433/1433 1432/1432/1432 1431/1431/1431
f 1430/1430/1430 1461/1461/1461 1431/1431/1431
f 340/340/340 681/681/681 673/673/673
f 673/673/673 681/681/681 893/893/893
f 1458/1458/1458 1461/1461/1461 1498/1498/1498
f 1473/1473/1473 1471/1471/1471 1432/1432/1432
f 1431/1431/1431 1461/1461/1461 1458/1458/1458
f 993/993/993 991/991/991 372/372/372
f 673/673/673 893/893/893 965/965/965
f 1498/1498/1498 1521/1521/1521 1514/1514/1514
f 323/323/323 340/340/340 338/338/338
f 338/338/338 340/340/340 673/673/673
f 1433/1433/1433 1431/1431/1431 1434/1434/1434
f 1434/1434/1434 1431/1431/1431 1458/1458/1458
f 1432/1432/1432 1433/1433/1433 1435/1435/1435
f 1435/1435/1435 1433/1433/1433 1434/1434/1434
f 356/356/356 335/335/335 347/347/347
f 347/347/347 335/335/335 322/322/322
f 1443/1443/1443 1473/1473/1473 1432/1432/1432
f 1443/1443/1443 1432/1432/1432 1435/1435/1435
f 993/993/993 372/372/372 370/370/370
f 322/322/322 323/323/323 324/324/324
f 323/323/323 338/338/338 324/324/324
f 347/347/347 322/322/322 325/325/325
f 672/672/672 338/338/338 673/673/673
f 673/673/673 965/965/965 672/672/672
f 1436/1436/1436 1434/1434/1434 1458/1458/1458
f 325/325/325 322/322/322 324/324/324
f 1503/1503/1503 1488/1488/1488 1476/1476/1476
f 1458/1458/1458 1498/1498/1498 1514/1514/1514
f 1459/1459/1459 1458/1458/1458 1514/1514/1514
f 1476/1476/1476 1488/1488/1488 1473/1473/1473
f 1476/1476/1476 1473/1473/1473 1443/1443/1443
f 1435/1435/1435 1434/1434/1434 1436/1436/1436
f 1436/1436/1436 1458/1458/1458 1459/1459/1459
f 370/370/370 356/356/356 347/347/347
f 1437/1437/1437 1435/1435/1435 1436/1436/1436
f 1443/1443/1443 1435/1435/1435 1437/1437/1437
f 362/362/362 370/370/370 347/347/347
f 1476/1476/1476 1443/1443/1443 1444/1444/1444
f 1502/1502/1502 1503/1503/1503 1476/1476/1476
f 324/324/324 338/338/338 339/339/339
f 339/339/339 338/338/338 672/672/672
f 1454/1454/1454 1436/1436/1436 1459/1459/1459
f 1444/1444/1444 1443/1443/1443 1437/1437/1437
f 993/993/993 370/370/370 973/973/973
f 973/973/973 370/370/370 362/362/362
f 347/347/347 325/325/325 326/326/326
f 585/585/585 672/672/672 823/823/823
f 1437/1437/1437 1436/1436/1436 1454/1454/1454
f 343/343/343 347/347/347 326/326/326
f 326/326/326 325/325/325 324/324/324
f 324/324/324 339/339/339 327/327/327
f 327/327/327 326/326/326 324/324/324
f 1479/1479/1479 1476/1476/1476 1444/1444/1444
f 1479/1479/1479 1502/1502/1502 1476/1476/1476
f 1511/1511/1511 1502/1502/1502 1479/1479/1479
f 362/362/362 347/347/347 343/343/343
f 1444/1444/1444 1437/1437/1437 1445/1445/1445
f 1454/1454/1454 1459/1459/1459 1456/1456/1456
f 1456/1456/1456 1459/1459/1459 1514/1514/1514
f 1515/1515/1515 1514/1514/1514 1538/1538/1538
f 1445/1445/1445 1437/1437/1437 1454/1454/1454
f 1456/1456/1456 1514/1514/1514 1515/1515/1515
f 1446/1446/1446 1444/1444/1444 1445/1445/1445
f 1445/1445/1445 1454/1454/1454 1456/1456/1456
f 326/326/326 327/327/327 328/328/328
f 1447/1447/1447 1445/1445/1445 1456/1456/1456
f 1457/1457/1457 1456/1456/1456 1515/1515/1515
f 1474/1474/1474 1479/1479/1479 1444/1444/1444
f 1474/1474/1474 1444/1444/1444 1446/1446/1446
f 327/327/327 339/339/339 421/421/421
f 421/421/421 339/339/339 585/585/585
f 585/585/585 823/823/823 744/744/744
f 1752/1752/1752 1719/1719/1719 1720/1720/1720
f 1446/1446/1446 1445/1445/1445 1447/1447/1447
f 349/349/349 362/362/362 343/343/343
f 328/328/328 327/327/327 421/421/421
f 421/421/421 585/585/585 744/744/744
f 1447/1447/1447 1456/1456/1456 1457/1457/1457
f 1511/1511/1511 1479/1479/1479 1474/1474/1474
f 1464/1464/1464 1447/1447/1447 1457/1457/1457
f 1469/1469/1469 1446/1446/1446 1447/1447/1447
f 1470/1470/1470 1474/1474/1474 1446/1446/1446
f 837/837/837 362/362/362 349/349/349
f 349/349/349 343/343/343 329/329/329
f 343/343/343 326/326/326 329/329/329
f 326/326/326 328/328/328 329/329/329
f 1469/1469/1469 1447/1447/1447 1464/1464/1464
f 1470/1470/1470 1446/1446/1446 1469/1469/1469
f 1484/1484/1484 1474/1474/1474 1470/1470/1470
f 1511/1511/1511 1474/1474/1474 1512/1512/1512
f 837/837/837 973/973/973 362/362/362
f 1818/1818/1818 1812/1812/1812 1810/1810/1810
f 1464/1464/1464 1457/1457/1457 1485/1485/1485
f 1515/1515/1515 1538/1538/1538 1537/1537/1537
f 986/986/986 973/973/973 837/837/837
f 1480/1480/1480 1469/1469/1469 1464/1464/1464
f 1485/1485/1485 1457/1457/1457 1487/1487/1487
f 1484/1484/1484 1470/1470/1470 1480/1480/1480
f 422/422/422 421/421/421 744/744/744
f 1487/1487/1487 1457/1457/1457 1515/1515/1515
f 1487/1487/1487 1515/1515/1515 1537/1537/1537
f 328/328/328 421/421/421 422/422/422
f 1480/1480/1480 1464/1464/1464 1492/1492/1492
f 1464/1464/1464 1485/1485/1485 1492/1492/1492
f 1493/1493/1493 1484/1484/1484 1480/1480/1480
f 1527/1527/1527 1484/1484/1484 1493/1493/1493
f 860/860/860 986/986/986 837/837/837
f 1492/1492/1492 1485/1485/1485 1499/1499/1499
f 1499/1499/1499 1487/1487/1487 1516/1516/1516
f 1516/1516/1516 1487/1487/1487 1537/1537/1537
f 1516/1516/1516 1537/1537/1537 1543/1543/1543
f 860/860/860 837/837/837 350/350/350
f 350/350/350 349/349/349 331/331/331
f 331/331/331 349/349/349 329/329/329
f 422/422/422 744/744/744 745/745/745
f 350/350/350 837/837/837 349/349/349
f 331/331/331 329/329/329 328/328/328
f 331/331/331 328/328/328 332/332/332
f 1519/1519/1519 1492/1492/1492 1518/1518/1518
f 1492/1492/1492 1499/1499/1499 1518/1518/1518
f 1518/1518/1518 1499/1499/1499 1516/1516/1516
f 1520/1520/1520 1493/1493/1493 1480/1480/1480
f 1532/1532/1532 1493/1493/1493 1520/1520/1520
f 1516/1516/1516 1543/1543/1543 1549/1549/1549
f 332/332/332 422/422/422 423/423/423
f 423/423/423 422/422/422 745/745/745
f 1518/1518/1518 1516/1516/1516 1540/1540/1540
f 2555/2555/2555 2831/2831/2831 2858/2858/2858
f 331/331/331 332/332/332 341/341/341
f 341/341/341 332/332/332 423/423/423
f 423/423/423 745/745/745 746/746/746
f 1107/1107/1107 1142/1142/1142 1133/1133/1133
f 1532/1532/1532 1520/1520/1520 1542/1542/1542
f 1540/1540/1540 1516/1516/1516 1549/1549/1549
f 834/834/834 931/931/931 860/860/860
f 860/860/860 350/350/350 834/834/834
f 350/350/350 331/331/331 342/342/342
f 2590/2590/2590 2341/2341/2341 2591/2591/2591
f 342/342/342 331/331/331 341/341/341
f 1106/1106/1106 1118/1118/1118 1107/1107/1107
f 1110/1110/1110 1107/1107/1107 1133/1133/1133
f 834/834/834 350/350/350 363/363/363
f 437/437/437 341/341/341 423/423/423
f 2865/2865/2865 2971/2971/2971 2967/2967/2967
f 1004/1004/1004 931/931/931 897/897/897
f 350/350/350 342/342/342 363/363/363
f 1112/1112/1112 1119/1119/1119 1105/1105/1105
f 931/931/931 834/834/834 752/752/752
f 752/752/752 834/834/834 363/363/363
f 437/437/437 423/423/423 747/747/747
f 1820/1820/1820 1780/1780/1780 1785/1785/1785
f 897/897/897 931/931/931 752/752/752
f 430/430/430 342/342/342 341/341/341
f 430/430/430 341/341/341 431/431/431
f 437/437/437 747/747/747 781/781/781
f 781/781/781 747/747/747 809/809/809
f 809/809/809 747/747/747 970/970/970
f 1044/1044/1044 1091/1091/1091 1099/1099/1099
f 1099/1099/1099 1110/1110/1110 1127/1127/1127
f 929/929/929 983/983/983 897/897/897
f 752/752/752 363/363/363 373/373/373
f 2864/2864/2864 2967/2967/2967 2965/2965/2965
f 929/929/929 897/897/897 753/753/753
f 753/753/753 897/897/897 752/752/752
f 373/373/373 363/363/363 342/342/342
f 342/342/342 430/430/430 374/374/374
f 439/439/439 752/752/752 373/373/373
f 373/373/373 342/342/342 374/374/374
f 374/374/374 430/430/430 431/431/431
f 431/431/431 437/437/437 435/435/435
f 1121/1121/1121 1076/1076/1076 1124/1124/1124
f 862/862/862 929/929/929 753/753/753
f 753/753/753 752/752/752 439/439/439
f 1659/1659/1659 1624/1624/1624 1625/1625/1625
f 1086/1086/1086 1047/1047/1047 1046/1046/1046
f 1122/1122/1122 1074/1074/1074 1121/1121/1121
f 711/711/711 862/862/862 753/753/753
f 1622/1622/1622 1623/1623/1623 1653/1653/1653
f 1654/1654/1654 1623/1623/1623 1659/1659/1659
f 1659/1659/1659 1623/1623/1623 1624/1624/1624
f 1058/1058/1058 1054/1054/1054 1071/1071/1071
f 1122/1122/1122 1121/1121/1121 1134/1134/1134
f 1100/1100/1100 1101/1101/1101 1082/1082/1082
f 711/711/711 753/753/753 439/439/439
f 374/374/374 431/431/431 383/383/383
f 1660/1660/1660 1628/1628/1628 1667/1667/1667
f 1087/1087/1087 1094/1094/1094 1114/1114/1114
f 1095/1095/1095 1058/1058/1058 1092/1092/1092
f 1135/1135/1135 1094/1094/1094 1089/1089/1089
f 1089/1089/1089 1077/1077/1077 1129/1129/1129
f 1123/1123/1123 1086/1086/1086 1122/1122/1122
f 1122/1122/1122 1134/1134/1134 1140/1140/1140
f 724/724/724 890/890/890 728/728/728
f 890/890/890 945/945/945 728/728/728
f 728/728/728 862/862/862 711/711/711
f 416/416/416 711/711/711 439/439/439
f 376/376/376 374/374/374 383/383/383
f 778/778/778 809/809/809 955/955/955
f 778/778/778 955/955/955 735/735/735
f 735/735/735 955/955/955 906/906/906
f 1691/1691/1691 1672/1672/1672 1690/1690/1690
f 1618/1618/1618 1613/1613/1613 1671/1671/1671
f 1671/1671/1671 1613/1613/1613 1620/1620/1620
f 1679/1679/1679 1620/1620/1620 1621/1621/1621
f 1681/1681/1681 1653/1653/1653 1654/1654/1654
f 1677/1677/1677 1634/1634/1634 1683/1683/1683
f 1683/1683/1683 1634/1634/1634 1660/1660/1660
f 1135/1135/1135 1089/1089/1089 1141/1141/1141
f 1146/1146/1146 1095/1095/1095 1111/1111/1111
f 713/713/713 950/950/950 671/671/671
f 1113/1113/1113 1068/1068/1068 1103/1103/1103
f 1129/1129/1129 1125/1125/1125 1130/1130/1130
f 1125/1125/1125 1093/1093/1093 1130/1130/1130
f 1130/1130/1130 1093/1093/1093 1131/1131/1131
f 1132/1132/1132 1123/1123/1123 1138/1138/1138
f 1123/1123/1123 1122/1122/1122 1138/1138/1138
f 1138/1138/1138 1122/1122/1122 1139/1139/1139
f 1139/1139/1139 1122/1122/1122 1140/1140/1140
f 839/839/839 890/890/890 724/724/724
f 439/439/439 373/373/373 375/375/375
f 375/375/375 373/373/373 374/374/374
f 383/383/383 435/435/435 387/387/387
f 438/438/438 435/435/435 736/736/736
f 1603/1603/1603 1604/1604/1604 1639/1639/1639
f 2786/2786/2786 2930/2930/2930 2774/2774/2774
f 2758/2758/2758 2786/2786/2786 2774/2774/2774
f 1669/1669/1669 1618/1618/1618 1671/1671/1671
f 1679/1679/1679 1621/1621/1621 1682/1682/1682
f 1621/1621/1621 1680/1680/1680 1682/1682/1682
f 1680/1680/1680 1653/1653/1653 1681/1681/1681
f 1681/1681/1681 1654/1654/1654 1675/1675/1675
f 1678/1678/1678 1673/1673/1673 1689/1689/1689
f 1689/1689/1689 1673/1673/1673 1677/1677/1677
f 801/801/801 967/967/967 765/765/765
f 1109/1109/1109 1087/1087/1087 1128/1128/1128
f 1128/1128/1128 1087/1087/1087 1114/1114/1114
f 1111/1111/1111 1092/1092/1092 1108/1108/1108
f 2801/2801/2801 2883/2883/2883 2748/2748/2748
f 851/851/851 827/827/827 771/771/771
f 724/724/724 728/728/728 417/417/417
f 728/728/728 711/711/711 417/417/417
f 2838/2838/2838 2827/2827/2827 2771/2771/2771
f 417/417/417 711/711/711 416/416/416
f 416/416/416 439/439/439 375/375/375
f 375/375/375 374/374/374 376/376/376
f 740/740/740 906/906/906 905/905/905
f 2759/2759/2759 2758/2758/2758 2774/2774/2774
f 1682/1682/1682 1680/1680/1680 1681/1681/1681
f 718/718/718 898/898/898 946/946/946
f 1675/1675/1675 1674/1674/1674 1685/1685/1685
f 1676/1676/1676 1678/1678/1678 1687/1687/1687
f 766/766/766 940/940/940 801/801/801
f 1145/1145/1145 1109/1109/1109 1128/1128/1128
f 1149/1149/1149 1108/1108/1108 1148/1148/1148
f 741/741/741 713/713/713 433/433/433
f 433/433/433 713/713/713 671/671/671
f 434/434/434 671/671/671 755/755/755
f 755/755/755 850/850/850 709/709/709
f 827/827/827 773/773/773 772/772/772
f 773/773/773 839/839/839 704/704/704
f 704/704/704 839/839/839 724/724/724
f 724/724/724 417/417/417 427/427/427
f 778/778/778 735/735/735 616/616/616
f 754/754/754 905/905/905 904/904/904
f 904/904/904 902/902/902 700/700/700
f 700/700/700 902/902/902 831/831/831
f 902/902/902 903/903/903 831/831/831
f 831/831/831 903/903/903 856/856/856
f 701/701/701 856/856/856 840/840/840
f 840/840/840 898/898/898 769/769/769
f 1685/1685/1685 1674/1674/1674 1684/1684/1684
f 815/815/815 940/940/940 766/766/766
f 1120/1120/1120 1109/1109/1109 1145/1145/1145
f 1009/1009/1009 919/919/919 944/944/944
f 732/732/732 919/919/919 741/741/741
f 434/434/434 755/755/755 709/709/709
f 772/772/772 773/773/773 406/406/406
f 406/406/406 773/773/773 704/704/704
f 704/704/704 724/724/724 427/427/427
f 385/385/385 427/427/427 417/417/417
f 385/385/385 417/417/417 381/381/381
f 381/381/381 417/417/417 416/416/416
f 377/377/377 416/416/416 375/375/375
f 377/377/377 375/375/375 376/376/376
f 378/378/378 376/376/376 383/383/383
f 383/383/383 387/387/387 384/384/384
f 387/387/387 438/438/438 418/418/418
f 438/438/438 778/778/778 616/616/616
f 641/641/641 735/735/735 740/740/740
f 754/754/754 904/904/904 700/700/700
f 831/831/831 856/856/856 701/701/701
f 701/701/701 840/840/840 683/683/683
f 683/683/683 840/840/840 769/769/769
f 1685/1685/1685 1684/1684/1684 1686/1686/1686
f 2262/2262/2262 2265/2265/2265 2256/2256/2256
f 1128/1128/1128 1144/1144/1144 1151/1151/1151
f 1008/1008/1008 1009/1009/1009 944/944/944
f 2984/2984/2984 2873/2873/2873 2992/2992/2992
f 944/944/944 919/919/919 732/732/732
f 732/732/732 741/741/741 414/414/414
f 414/414/414 741/741/741 433/433/433
f 433/433/433 434/434/434 428/428/428
f 434/434/434 709/709/709 408/408/408
f 407/407/407 709/709/709 771/771/771
f 407/407/407 771/771/771 429/429/429
f 771/771/771 772/772/772 608/608/608
f 608/608/608 772/772/772 406/406/406
f 388/388/388 704/704/704 427/427/427
f 381/381/381 416/416/416 377/377/377
f 377/377/377 376/376/376 378/378/378
f 378/378/378 383/383/383 384/384/384
f 384/384/384 387/387/387 418/418/418
f 418/418/418 438/438/438 616/616/616
f 641/641/641 740/740/740 640/640/640
f 640/640/640 754/754/754 639/639/639
f 639/639/639 754/754/754 700/700/700
f 700/700/700 831/831/831 702/702/702
f 2754/2754/2754 2753/2753/2753 2759/2759/2759
f 831/831/831 701/701/701 702/702/702
f 683/683/683 769/769/769 684/684/684
f 769/769/769 718/718/718 684/684/684
f 815/815/815 766/766/766 657/657/657
f 766/766/766 801/801/801 656/656/656
f 742/742/742 900/900/900 832/832/832
f 2254/2254/2254 2260/2260/2260 2255/2255/2255
f 2256/2256/2256 2265/2265/2265 2260/2260/2260
f 2260/2260/2260 2264/2264/2264 2255/2255/2255
f 408/408/408 709/709/709 407/407/407
f 429/429/429 771/771/771 608/608/608
f 406/406/406 704/704/704 388/388/388
f 388/388/388 427/427/427 385/385/385
f 643/643/643 639/639/639 700/700/700
f 684/684/684 718/718/718 636/636/636
f 803/803/803 815/815/815 660/660/660
f 660/660/660 815/815/815 657/657/657
f 657/657/657 766/766/766 656/656/656
f 661/661/661 765/765/765 742/742/742
f 2256/2256/2256 2260/2260/2260 2254/2254/2254
f 2255/2255/2255 2264/2264/2264 2263/2263/2263
f 2261/2261/2261 2262/2262/2262 2256/2256/2256
f 414/414/414 433/433/433 409/409/409
f 409/409/409 433/433/433 428/428/428
f 404/404/404 429/429/429 608/608/608
f 404/404/404 608/608/608 405/405/405
f 405/405/405 608/608/608 406/406/406
f 382/382/382 385/385/385 381/381/381
f 381/381/381 377/377/377 380/380/380
f 377/377/377 378/378/378 379/379/379
f 378/378/378 384/384/384 410/410/410
f 410/410/410 384/384/384 418/418/418
f 419/419/419 418/418/418 573/573/573
f 418/418/418 616/616/616 573/573/573
f 643/643/643 700/700/700 646/646/646
f 646/646/646 702/702/702 701/701/701
f 646/646/646 701/701/701 642/642/642
f 642/642/642 701/701/701 638/638/638
f 701/701/701 683/683/683 638/638/638
f 638/638/638 683/683/683 635/635/635
f 635/635/635 683/683/683 684/684/684
f 635/635/635 684/684/684 636/636/636
f 636/636/636 718/718/718 659/659/659
f 659/659/659 803/803/803 660/660/660
f 661/661/661 742/742/742 662/662/662
f 662/662/662 742/742/742 832/832/832
f 770/770/770 832/832/832 921/921/921
f 2256/2256/2256 2254/2254/2254 2249/2249/2249
f 1008/1008/1008 944/944/944 884/884/884
f 944/944/944 732/732/732 884/884/884
f 884/884/884 732/732/732 425/425/425
f 428/428/428 408/408/408 420/420/420
f 407/407/407 429/429/429 404/404/404
f 406/406/406 388/388/388 389/389/389
f 388/388/388 385/385/385 386/386/386
f 379/379/379 378/378/378 411/411/411
f 411/411/411 378/378/378 410/410/410
f 410/410/410 418/418/418 419/419/419
f 573/573/573 616/616/616 617/617/617
f 641/641/641 640/640/640 617/617/617
f 659/659/659 660/660/660 649/649/649
f 649/649/649 660/660/660 657/657/657
f 652/652/652 657/657/657 656/656/656
f 2249/2249/2249 2254/2254/2254 2248/2248/2248
f 2248/2248/2248 2254/2254/2254 2250/2250/2250
f 2252/2252/2252 2256/2256/2256 2249/2249/2249
f 2250/2250/2250 2254/2254/2254 2255/2255/2255
f 2250/2250/2250 2255/2255/2255 2257/2257/2257
f 2257/2257/2257 2255/2255/2255 2263/2263/2263
f 2850/2850/2850 2908/2908/2908 2989/2989/2989
f 2261/2261/2261 2256/2256/2256 2252/2252/2252
f 732/732/732 414/414/414 425/425/425
f 403/403/403 414/414/414 409/409/409
f 403/403/403 409/409/409 401/401/401
f 401/401/401 428/428/428 420/420/420
f 408/408/408 407/407/407 397/397/397
f 397/397/397 407/407/407 393/393/393
f 393/393/393 407/407/407 404/404/404
f 393/393/393 404/404/404 392/392/392
f 392/392/392 404/404/404 405/405/405
f 405/405/405 406/406/406 389/389/389
f 392/392/392 405/405/405 389/389/389
f 389/389/389 388/388/388 386/386/386
f 386/386/386 385/385/385 382/382/382
f 380/380/380 382/382/382 381/381/381
f 380/380/380 377/377/377 379/379/379
f 617/617/617 640/640/640 620/620/620
f 639/639/639 643/643/643 622/622/622
f 620/620/620 639/639/639 622/622/622
f 624/624/624 646/646/646 642/642/642
f 642/642/642 638/638/638 625/625/625
f 638/638/638 635/635/635 627/627/627
f 627/627/627 635/635/635 630/630/630
f 630/630/630 635/635/635 636/636/636
f 630/630/630 636/636/636 633/633/633
f 633/633/633 636/636/636 648/648/648
f 648/648/648 636/636/636 659/659/659
f 648/648/648 659/659/659 649/649/649
f 649/649/649 657/657/657 652/652/652
f 656/656/656 661/661/661 654/654/654
f 654/654/654 661/661/661 662/662/662
f 425/425/425 414/414/414 403/403/403
f 401/401/401 420/420/420 397/397/397
f 397/397/397 420/420/420 408/408/408
f 379/379/379 411/411/411 670/670/670
f 670/670/670 411/411/411 602/602/602
f 602/602/602 411/411/411 410/410/410
f 410/410/410 419/419/419 605/605/605
f 573/573/573 617/617/617 618/618/618
f 622/622/622 646/646/646 624/624/624
f 624/624/624 642/642/642 625/625/625
f 625/625/625 638/638/638 627/627/627
f 654/654/654 652/652/652 656/656/656
f 2218/2218/2218 2248/2248/2248 2250/2250/2250
f 394/394/394 397/397/397 393/393/393
f 390/390/390 389/389/389 386/386/386
f 396/396/396 386/386/386 382/382/382
f 396/396/396 382/382/382 415/415/415
f 415/415/415 382/382/382 380/380/380
f 440/440/440 379/379/379 670/670/670
f 602/602/602 410/410/410 695/695/695
f 605/605/605 695/695/695 410/410/410
f 419/419/419 573/573/573 605/605/605
f 605/605/605 573/573/573 669/669/669
f 633/633/633 648/648/648 647/647/647
f 647/647/647 648/648/648 649/649/649
f 650/650/650 649/649/649 651/651/651
f 649/649/649 652/652/652 651/651/651
f 653/653/653 652/652/652 654/654/654
f 662/662/662 770/770/770 715/715/715
f 2218/2218/2218 2250/2250/2250 2219/2219/2219
f 2238/2238/2238 2252/2252/2252 2249/2249/2249
f 2250/2250/2250 2257/2257/2257 2224/2224/2224
f 1007/1007/1007 884/884/884 1006/1006/1006
f 1006/1006/1006 884/884/884 885/885/885
f 884/884/884 425/425/425 426/426/426
f 885/885/885 884/884/884 426/426/426
f 425/425/425 403/403/403 402/402/402
f 426/426/426 425/425/425 402/402/402
f 402/402/402 403/403/403 401/401/401
f 402/402/402 401/401/401 400/400/400
f 401/401/401 397/397/397 400/400/400
f 400/400/400 397/397/397 399/399/399
f 399/399/399 397/397/397 394/394/394
f 394/394/394 393/393/393 391/391/391
f 393/393/393 392/392/392 391/391/391
f 2713/2713/2713 2714/2714/2714 2712/2712/2712
f 391/391/391 392/392/392 389/389/389
f 2710/2710/2710 2713/2713/2713 2712/2712/2712
f 390/390/390 386/386/386 395/395/395
f 395/395/395 386/386/386 396/396/396
f 415/415/415 380/380/380 440/440/440
f 440/440/440 380/380/380 379/379/379
f 669/669/669 573/573/573 618/618/618
f 619/619/619 618/618/618 617/617/617
f 617/617/617 620/620/620 619/619/619
f 621/621/621 622/622/622 623/623/623
f 622/622/622 624/624/624 623/623/623
f 623/623/623 624/624/624 625/625/625
f 626/626/626 627/627/627 628/628/628
f 628/628/628 627/627/627 629/629/629
f 627/627/627 630/630/630 629/629/629
f 629/629/629 630/630/630 631/631/631
f 631/631/631 630/630/630 633/633/633
f 631/631/631 633/633/633 647/647/647
f 647/647/647 649/649/649 650/650/650
f 651/651/651 652/652/652 653/653/653
f 655/655/655 654/654/654 662/662/662
f 655/655/655 662/662/662 663/663/663
f 770/770/770 920/920/920 912/912/912
f 715/715/715 770/770/770 912/912/912
f 2238/2238/2238 2249/2249/2249 2248/2248/2248
f 2238/2238/2238 2248/2248/2248 2218/2218/2218
f 2219/2219/2219 2250/2250/2250 2224/2224/2224
f 2247/2247/2247 2252/2252/2252 2238/2238/2238
f 2785/2785/2785 2850/2850/2850 2907/2907/2907
f 391/391/391 389/389/389 390/390/390
f 415/415/415 440/440/440 749/749/749
f 605/605/605 669/669/669 695/695/695
f 695/695/695 669/669/669 869/869/869
f 645/645/645 618/618/618 619/619/619
f 619/619/619 620/620/620 621/621/621
f 620/620/620 622/622/622 621/621/621
f 623/623/623 625/625/625 626/626/626
f 626/626/626 625/625/625 627/627/627
f 653/653/653 654/654/654 655/655/655
f 663/663/663 662/662/662 715/715/715
f 2217/2217/2217 2218/2218/2218 2219/2219/2219
f 2226/2226/2226 2224/2224/2224 2259/2259/2259
f 432/432/432 402/402/402 400/400/400
f 391/391/391 390/390/390 395/395/395
f 584/584/584 396/396/396 415/415/415
f 749/749/749 440/440/440 806/806/806
f 670/670/670 806/806/806 440/440/440
f 1894/1894/1894 1900/1900/1900 1899/1899/1899
f 1894/1894/1894 1899/1899/1899 1896/1896/1896
f 1894/1894/1894 1896/1896/1896 1895/1895/1895
f 1895/1895/1895 1896/1896/1896 1897/1897/1897
f 669/669/669 618/618/618 686/686/686
f 686/686/686 618/618/618 645/645/645
f 665/665/665 628/628/628 666/666/666
f 666/666/666 629/629/629 631/631/631
f 666/666/666 631/631/631 690/690/690
f 668/668/668 631/631/631 647/647/647
f 647/647/647 650/650/650 668/668/668
f 651/651/651 653/653/653 658/658/658
f 716/716/716 715/715/715 912/912/912
f 716/716/716 912/912/912 954/954/954
f 1017/1017/1017 1012/1012/1012 1020/1020/1020
f 2217/2217/2217 2219/2219/2219 2220/2220/2220
f 2220/2220/2220 2219/2219/2219 2223/2223/2223
f 2219/2219/2219 2224/2224/2224 2223/2223/2223
f 2239/2239/2239 2247/2247/2247 2238/2238/2238
f 2223/2223/2223 2224/2224/2224 2226/2226/2226
f 960/960/960 885/885/885 710/710/710
f 885/885/885 426/426/426 710/710/710
f 572/572/572 426/426/426 402/402/402
f 710/710/710 426/426/426 572/572/572
f 572/572/572 402/402/402 432/432/432
f 400/400/400 712/712/712 708/708/708
f 712/712/712 400/400/400 399/399/399
f 712/712/712 399/399/399 714/714/714
f 2764/2764/2764 2716/2716/2716 2765/2765/2765
f 676/676/676 399/399/399 394/394/394
f 714/714/714 399/399/399 676/676/676
f 676/676/676 394/394/394 600/600/600
f 600/600/600 394/394/394 391/391/391
f 601/601/601 391/391/391 395/395/395
f 601/601/601 395/395/395 603/603/603
f 603/603/603 395/395/395 584/584/584
f 395/395/395 396/396/396 584/584/584
f 584/584/584 415/415/415 748/748/748
f 415/415/415 749/749/749 748/748/748
f 748/748/748 749/749/749 806/806/806
f 1891/1891/1891 1900/1900/1900 1894/1894/1894
f 686/686/686 869/869/869 669/669/669
f 686/686/686 645/645/645 783/783/783
f 644/644/644 621/621/621 637/637/637
f 621/621/621 623/623/623 637/637/637
f 632/632/632 623/623/623 626/626/626
f 666/666/666 628/628/628 629/629/629
f 706/706/706 631/631/631 668/668/668
f 668/668/668 650/650/650 667/667/667
f 667/667/667 650/650/650 651/651/651
f 667/667/667 651/651/651 658/658/658
f 658/658/658 653/653/653 655/655/655
f 655/655/655 663/663/663 664/664/664
f 663/663/663 715/715/715 703/703/703
f 703/703/703 715/715/715 716/716/716
f 2231/2231/2231 2238/2238/2238 2218/2218/2218
f 2231/2231/2231 2218/2218/2218 2217/2217/2217
f 2239/2239/2239 2238/2238/2238 2231/2231/2231
f 2245/2245/2245 2247/2247/2247 2239/2239/2239
f 432/432/432 400/400/400 708/708/708
f 2764/2764/2764 2862/2862/2862 2861/2861/2861
f 2741/2741/2741 2764/2764/2764 2861/2861/2861
f 600/600/600 391/391/391 601/601/601
f 1883/1883/1883 1890/1890/1890 1885/1885/1885
f 1890/1890/1890 1891/1891/1891 1885/1885/1885
f 1892/1892/1892 1885/1885/1885 1891/1891/1891
f 1893/1893/1893 1892/1892/1892 1891/1891/1891
f 1893/1893/1893 1891/1891/1891 1894/1894/1894
f 1895/1895/1895 1893/1893/1893 1894/1894/1894
f 1921/1921/1921 1893/1893/1893 1895/1895/1895
f 1921/1921/1921 1895/1895/1895 1897/1897/1897
f 2114/2114/2114 1921/1921/1921 1897/1897/1897
f 2114/2114/2114 1897/1897/1897 2125/2125/2125
f 783/783/783 645/645/645 644/644/644
f 645/645/645 619/619/619 644/644/644
f 619/619/619 621/621/621 644/644/644
f 637/637/637 623/623/623 632/632/632
f 632/632/632 626/626/626 634/634/634
f 634/634/634 626/626/626 628/628/628
f 634/634/634 628/628/628 665/665/665
f 706/706/706 690/690/690 631/631/631
f 706/706/706 668/668/668 805/805/805
f 658/658/658 655/655/655 664/664/664
f 664/664/664 663/663/663 703/703/703
f 2231/2231/2231 2217/2217/2217 2221/2221/2221
f 2217/2217/2217 2220/2220/2220 2221/2221/2221
f 2223/2223/2223 2226/2226/2226 2225/2225/2225
f 785/785/785 710/710/710 572/572/572
f 2093/2093/2093 2090/2090/2090 2089/2089/2089
f 2102/2102/2102 2093/2093/2093 2089/2089/2089
f 2102/2102/2102 2089/2089/2089 2082/2082/2082
f 714/714/714 676/676/676 889/889/889
f 889/889/889 676/676/676 836/836/836
f 676/676/676 600/600/600 836/836/836
f 836/836/836 600/600/600 601/601/601
f 603/603/603 584/584/584 787/787/787
f 787/787/787 584/584/584 748/748/748
f 1880/1880/1880 1890/1890/1890 1883/1883/1883
f 1885/1885/1885 1892/1892/1892 1933/1933/1933
f 1892/1892/1892 1917/1917/1917 1933/1933/1933
f 1916/1916/1916 1917/1917/1917 1892/1892/1892
f 1906/1906/1906 1903/1903/1903 1905/1905/1905
f 1917/1917/1917 1916/1916/1916 1905/1905/1905
f 1916/1916/1916 1892/1892/1892 1893/1893/1893
f 1907/1907/1907 1906/1906/1906 1905/1905/1905
f 1908/1908/1908 1906/1906/1906 1907/1907/1907
f 1913/1913/1913 1906/1906/1906 1915/1915/1915
f 1915/1915/1915 1906/1906/1906 1908/1908/1908
f 1907/1907/1907 1905/1905/1905 1910/1910/1910
f 1910/1910/1910 1905/1905/1905 1916/1916/1916
f 1915/1915/1915 1908/1908/1908 1914/1914/1914
f 1909/1909/1909 1908/1908/1908 1907/1907/1907
f 1914/1914/1914 1908/1908/1908 1909/1909/1909
f 1909/1909/1909 1907/1907/1907 1910/1910/1910
f 1921/1921/1921 1916/1916/1916 1893/1893/1893
f 1909/1909/1909 1910/1910/1910 1911/1911/1911
f 1910/1910/1910 1916/1916/1916 1921/1921/1921
f 1911/1911/1911 1910/1910/1910 1921/1921/1921
f 1936/1936/1936 1911/1911/1911 1921/1921/1921
f 1936/1936/1936 1921/1921/1921 2114/2114/2114
f 1936/1936/1936 2114/2114/2114 2125/2125/2125
f 1936/1936/1936 2125/2125/2125 2128/2128/2128
f 881/881/881 783/783/783 644/644/644
f 634/634/634 665/665/665 693/693/693
f 665/665/665 666/666/666 757/757/757
f 782/782/782 666/666/666 690/690/690
f 805/805/805 668/668/668 667/667/667
f 667/667/667 658/658/658 699/699/699
f 2237/2237/2237 2239/2239/2239 2231/2231/2231
f 2237/2237/2237 2231/2231/2231 2230/2230/2230
f 2220/2220/2220 2223/2223/2223 2222/2222/2222
f 2222/2222/2222 2223/2223/2223 2225/2225/2225
f 2237/2237/2237 2245/2245/2245 2239/2239/2239
f 1005/1005/1005 960/960/960 857/857/857
f 857/857/857 960/960/960 710/710/710
f 857/857/857 710/710/710 785/785/785
f 572/572/572 432/432/432 784/784/784
f 785/785/785 572/572/572 784/784/784
f 784/784/784 432/432/432 708/708/708
f 1860/1860/1860 1898/1898/1898 1888/1888/1888
f 1859/1859/1859 1888/1888/1888 1887/1887/1887
f 2103/2103/2103 2122/2122/2122 2092/2092/2092
f 1859/1859/1859 1887/1887/1887 1886/1886/1886
f 1859/1859/1859 1886/1886/1886 1861/1861/1861
f 2091/2091/2091 2103/2103/2103 2092/2092/2092
f 1861/1861/1861 1886/1886/1886 1864/1864/1864
f 2090/2090/2090 2091/2091/2091 2088/2088/2088
f 2089/2089/2089 2090/2090/2090 2088/2088/2088
f 2089/2089/2089 2088/2088/2088 2082/2082/2082
f 2102/2102/2102 2082/2082/2082 2099/2099/2099
f 2152/2152/2152 2102/2102/2102 2099/2099/2099
f 836/836/836 601/601/601 835/835/835
f 601/601/601 603/603/603 835/835/835
f 871/871/871 603/603/603 787/787/787
f 1880/1880/1880 1883/1883/1883 1879/1879/1879
f 1884/1884/1884 1883/1883/1883 1885/1885/1885
f 1933/1933/1933 1884/1884/1884 1885/1885/1885
f 2740/2740/2740 2849/2849/2849 2787/2787/2787
f 1919/1919/1919 1924/1924/1924 1917/1917/1917
f 1917/1917/1917 1924/1924/1924 1933/1933/1933
f 2798/2798/2798 2787/2787/2787 2954/2954/2954
f 1904/1904/1904 1919/1919/1919 1917/1917/1917
f 2798/2798/2798 2954/2954/2954 2955/2955/2955
f 1918/1918/1918 1919/1919/1919 1903/1903/1903
f 1919/1919/1919 1904/1904/1904 1903/1903/1903
f 1912/1912/1912 1918/1918/1918 1903/1903/1903
f 1903/1903/1903 1904/1904/1904 1905/1905/1905
f 1913/1913/1913 1920/1920/1920 1912/1912/1912
f 1906/1906/1906 1912/1912/1912 1903/1903/1903
f 1905/1905/1905 1904/1904/1904 1917/1917/1917
f 1913/1913/1913 1912/1912/1912 1906/1906/1906
f 1938/1938/1938 1913/1913/1913 1915/1915/1915
f 1934/1934/1934 1915/1915/1915 1914/1914/1914
f 1934/1934/1934 1914/1914/1914 1909/1909/1909
f 1934/1934/1934 1909/1909/1909 1923/1923/1923
f 1923/1923/1923 1909/1909/1909 1911/1911/1911
f 1937/1937/1937 1923/1923/1923 1911/1911/1911
f 1937/1937/1937 1911/1911/1911 1936/1936/1936
f 1937/1937/1937 1936/1936/1936 2113/2113/2113
f 2128/2128/2128 2113/2113/2113 1936/1936/1936
f 644/644/644 637/637/637 733/733/733
f 733/733/733 637/637/637 707/707/707
f 707/707/707 637/637/637 632/632/632
f 2659/2659/2659 2655/2655/2655 2812/2812/2812
f 632/632/632 634/634/634 692/692/692
f 693/693/693 665/665/665 757/757/757
f 757/757/757 666/666/666 782/782/782
f 2879/2879/2879 2878/2878/2878 2880/2880/2880
f 852/852/852 690/690/690 706/706/706
f 852/852/852 706/706/706 883/883/883
f 883/883/883 706/706/706 805/805/805
f 2134/2134/2134 2087/2087/2087 2105/2105/2105
f 2837/2837/2837 2836/2836/2836 2973/2973/2973
f 899/899/899 805/805/805 667/667/667
f 699/699/699 658/658/658 723/723/723
f 658/658/658 664/664/664 722/722/722
f 930/930/930 716/716/716 954/954/954
f 930/930/930 954/954/954 1014/1014/1014
f 1017/1017/1017 1014/1014/1014 954/954/954
f 2221/2221/2221 2220/2220/2220 2222/2222/2222
f 2227/2227/2227 2222/2222/2222 2225/2225/2225
f 2251/2251/2251 2245/2245/2245 2242/2242/2242
f 1867/1867/1867 1898/1898/1898 1860/1860/1860
f 1860/1860/1860 1888/1888/1888 1859/1859/1859
f 2122/2122/2122 2107/2107/2107 2092/2092/2092
f 2091/2091/2091 2059/2059/2059 2088/2088/2088
f 2088/2088/2088 2073/2073/2073 2082/2082/2082
f 2152/2152/2152 2099/2099/2099 2112/2112/2112
f 2156/2156/2156 2152/2152/2152 2112/2112/2112
f 835/835/835 603/603/603 871/871/871
f 2806/2806/2806 2729/2729/2729 2805/2805/2805
f 1933/1933/1933 1969/1969/1969 1884/1884/1884
f 1922/1922/1922 1925/1925/1925 1912/1912/1912
f 1912/1912/1912 1925/1925/1925 1918/1918/1918
f 1925/1925/1925 1919/1919/1919 1918/1918/1918
f 2118/2118/2118 2067/2067/2067 1929/1929/1929
f 1920/1920/1920 1922/1922/1922 1912/1912/1912
f 2118/2118/2118 1929/1929/1929 1930/1930/1930
f 1930/1930/1930 1929/1929/1929 1928/1928/1928
f 2127/2127/2127 2118/2118/2118 1930/1930/1930
f 1931/1931/1931 1928/1928/1928 1913/1913/1913
f 1913/1913/1913 1928/1928/1928 1920/1920/1920
f 1930/1930/1930 1928/1928/1928 1931/1931/1931
f 1974/1974/1974 1931/1931/1931 1913/1913/1913
f 1974/1974/1974 1913/1913/1913 1938/1938/1938
f 2127/2127/2127 1930/1930/1930 2058/2058/2058
f 2157/2157/2157 2127/2127/2127 2058/2058/2058
f 1974/1974/1974 1938/1938/1938 1915/1915/1915
f 1974/1974/1974 1915/1915/1915 1975/1975/1975
f 1975/1975/1975 1915/1915/1915 1934/1934/1934
f 1975/1975/1975 1934/1934/1934 2074/2074/2074
f 2074/2074/2074 1934/1934/1934 1923/1923/1923
f 2074/2074/2074 1923/1923/1923 1937/1937/1937
f 2113/2113/2113 2128/2128/2128 2126/2126/2126
f 881/881/881 644/644/644 733/733/733
f 881/881/881 733/733/733 880/880/880
f 2655/2655/2655 2800/2800/2800 2812/2812/2812
f 707/707/707 632/632/632 692/692/692
f 2660/2660/2660 2811/2811/2811 2814/2814/2814
f 692/692/692 634/634/634 693/693/693
f 935/935/935 757/757/757 782/782/782
f 2132/2132/2132 2104/2104/2104 2086/2086/2086
f 852/852/852 782/782/782 690/690/690
f 2132/2132/2132 2086/2086/2086 2087/2087/2087
f 883/883/883 805/805/805 899/899/899
f 2848/2848/2848 2837/2837/2837 2973/2973/2973
f 899/899/899 667/667/667 699/699/699
f 2751/2751/2751 2837/2837/2837 2848/2848/2848
f 722/722/722 723/723/723 658/658/658
f 2221/2221/2221 2222/2222/2222 2229/2229/2229
f 2227/2227/2227 2225/2225/2225 2228/2228/2228
f 1901/1901/1901 1902/1902/1902 1889/1889/1889
f 1867/1867/1867 1882/1882/1882 1898/1898/1898
f 1854/1854/1854 1860/1860/1860 1859/1859/1859
f 1849/1849/1849 1854/1854/1854 1859/1859/1859
f 2092/2092/2092 2107/2107/2107 1841/1841/1841
f 1862/1862/1862 1849/1849/1849 1861/1861/1861
f 1861/1861/1861 1849/1849/1849 1859/1859/1859
f 2092/2092/2092 2059/2059/2059 2091/2091/2091
f 2088/2088/2088 2059/2059/2059 2060/2060/2060
f 1862/1862/1862 1861/1861/1861 1864/1864/1864
f 2073/2073/2073 2060/2060/2060 1966/1966/1966
f 1868/1868/1868 1862/1862/1862 1864/1864/1864
f 2099/2099/2099 2082/2082/2082 2062/2062/2062
f 2082/2082/2082 2063/2063/2063 2062/2062/2062
f 1868/1868/1868 1864/1864/1864 1873/1873/1873
f 1868/1868/1868 1873/1873/1873 1872/1872/1872
f 1872/1872/1872 1873/1873/1873 1881/1881/1881
f 2156/2156/2156 2112/2112/2112 2101/2101/2101
f 2805/2805/2805 2859/2859/2859 2957/2957/2957
f 1877/1877/1877 1872/1872/1872 1881/1881/1881
f 1874/1874/1874 1872/1872/1872 1877/1877/1877
f 1874/1874/1874 1877/1877/1877 1878/1878/1878
f 1879/1879/1879 1877/1877/1877 1880/1880/1880
f 2849/2849/2849 2805/2805/2805 2951/2951/2951
f 2133/2133/2133 2094/2094/2094 2071/2071/2071
f 1879/1879/1879 1884/1884/1884 1969/1969/1969
f 2133/2133/2133 2071/2071/2071 2067/2067/2067
f 1949/1949/1949 1969/1969/1969 1933/1933/1933
f 1953/1953/1953 1949/1949/1949 1924/1924/1924
f 1924/1924/1924 1949/1949/1949 1933/1933/1933
f 1925/1925/1925 1953/1953/1953 1919/1919/1919
f 1919/1919/1919 1953/1953/1953 1924/1924/1924
f 1929/1929/1929 2067/2067/2067 1927/1927/1927
f 1922/1922/1922 1927/1927/1927 1926/1926/1926
f 1922/1922/1922 1926/1926/1926 1925/1925/1925
f 1929/1929/1929 1927/1927/1927 1928/1928/1928
f 1928/1928/1928 1927/1927/1927 1922/1922/1922
f 1930/1930/1930 1931/1931/1931 1935/1935/1935
f 1935/1935/1935 1931/1931/1931 1973/1973/1973
f 1973/1973/1973 1931/1931/1931 1974/1974/1974
f 1973/1973/1973 1974/1974/1974 1975/1975/1975
f 2058/2058/2058 1930/1930/1930 1935/1935/1935
f 2034/2034/2034 1975/1975/1975 2074/2074/2074
f 2035/2035/2035 2074/2074/2074 1937/1937/1937
f 2157/2157/2157 2058/2058/2058 2095/2095/2095
f 2816/2816/2816 2871/2871/2871 2912/2912/2912
f 2052/2052/2052 1937/1937/1937 2113/2113/2113
f 2800/2800/2800 2816/2816/2816 2912/2912/2912
f 2131/2131/2131 2119/2119/2119 2126/2126/2126
f 880/880/880 733/733/733 707/707/707
f 880/880/880 707/707/707 916/916/916
f 2814/2814/2814 2811/2811/2811 2964/2964/2964
f 924/924/924 692/692/692 879/879/879
f 692/692/692 693/693/693 879/879/879
f 2877/2877/2877 2814/2814/2814 2964/2964/2964
f 2117/2117/2117 2116/2116/2116 2070/2070/2070
f 895/895/895 693/693/693 757/757/757
f 2104/2104/2104 2117/2117/2117 2070/2070/2070
f 2104/2104/2104 2070/2070/2070 2045/2045/2045
f 2086/2086/2086 2104/2104/2104 2045/2045/2045
f 2086/2086/2086 2045/2045/2045 2046/2046/2046
f 2086/2086/2086 2046/2046/2046 2054/2054/2054
f 2087/2087/2087 2086/2086/2086 2054/2054/2054
f 2087/2087/2087 2054/2054/2054 2055/2055/2055
f 2087/2087/2087 2055/2055/2055 2068/2068/2068
f 2105/2105/2105 2087/2087/2087 2068/2068/2068
f 2105/2105/2105 2068/2068/2068 2106/2106/2106
f 2153/2153/2153 2105/2105/2105 2106/2106/2106
f 914/914/914 899/899/899 699/699/699
f 2306/2306/2306 2307/2307/2307 2286/2286/2286
f 703/703/703 930/930/930 956/956/956
f 923/923/923 703/703/703 956/956/956
f 2230/2230/2230 2221/2221/2221 2229/2229/2229
f 2229/2229/2229 2222/2222/2222 2227/2227/2227
f 1863/1863/1863 1889/1889/1889 1882/1882/1882
f 1854/1854/1854 1853/1853/1853 1860/1860/1860
f 2841/2841/2841 2779/2779/2779 2934/2934/2934
f 1/1/1 2/2/2 3/3/3
f 1862/1862/1862 1844/1844/1844 1849/1849/1849
f 1841/1841/1841 1840/1840/1840 2059/2059/2059
f 1840/1840/1840 1844/1844/1844 1965/1965/1965
f 1964/1964/1964 1844/1844/1844 1862/1862/1862
f 1967/1967/1967 1840/1840/1840 1965/1965/1965
f 2059/2059/2059 1840/1840/1840 1967/1967/1967
f 1963/1963/1963 1965/1965/1965 1964/1964/1964
f 1966/1966/1966 1967/1967/1967 1965/1965/1965
f 1966/1966/1966 1965/1965/1965 1963/1963/1963
f 1964/1964/1964 1862/1862/1862 1961/1961/1961
f 2060/2060/2060 1967/1967/1967 1966/1966/1966
f 1963/1963/1963 1964/1964/1964 1961/1961/1961
f 1961/1961/1961 1862/1862/1862 1869/1869/1869
f 1869/1869/1869 1862/1862/1862 1868/1868/1868
f 2073/2073/2073 1966/1966/1966 2036/2036/2036
f 2082/2082/2082 2073/2073/2073 2036/2036/2036
f 2063/2063/2063 2082/2082/2082 2036/2036/2036
f 2063/2063/2063 2036/2036/2036 1971/1971/1971
f 2099/2099/2099 2062/2062/2062 2072/2072/2072
f 2112/2112/2112 2099/2099/2099 2072/2072/2072
f 1869/1869/1869 1868/1868/1868 1870/1870/1870
f 1870/1870/1870 1868/1868/1868 1872/1872/1872
f 2112/2112/2112 2072/2072/2072 2101/2101/2101
f 1874/1874/1874 1870/1870/1870 1872/1872/1872
f 1968/1968/1968 1878/1878/1878 1879/1879/1879
f 1878/1878/1878 1877/1877/1877 1879/1879/1879
f 2071/2071/2071 2094/2094/2094 2038/2038/2038
f 1969/1969/1969 1968/1968/1968 1879/1879/1879
f 2071/2071/2071 2038/2038/2038 1932/1932/1932
f 1926/1926/1926 1932/1932/1932 1939/1939/1939
f 1926/1926/1926 1939/1939/1939 1940/1940/1940
f 1927/1927/1927 1932/1932/1932 1926/1926/1926
f 1926/1926/1926 1940/1940/1940 1947/1947/1947
f 1925/1925/1925 1947/1947/1947 1953/1953/1953
f 1926/1926/1926 1947/1947/1947 1925/1925/1925
f 1973/1973/1973 1975/1975/1975 1976/1976/1976
f 2058/2058/2058 1935/1935/1935 1973/1973/1973
f 1976/1976/1976 1975/1975/1975 2034/2034/2034
f 2058/2058/2058 1973/1973/1973 2024/2024/2024
f 1973/1973/1973 1976/1976/1976 1977/1977/1977
f 2024/2024/2024 1973/1973/1973 1977/1977/1977
f 2034/2034/2034 2074/2074/2074 2035/2035/2035
f 2095/2095/2095 2058/2058/2058 2024/2024/2024
f 2095/2095/2095 2024/2024/2024 2029/2029/2029
f 2035/2035/2035 1937/1937/1937 2052/2052/2052
f 2052/2052/2052 2113/2113/2113 2077/2077/2077
f 2077/2077/2077 2113/2113/2113 2126/2126/2126
f 2077/2077/2077 2126/2126/2126 2119/2119/2119
f 2095/2095/2095 2029/2029/2029 2110/2110/2110
f 2812/2812/2812 2912/2912/2912 2949/2949/2949
f 2064/2064/2064 2131/2131/2131 2139/2139/2139
f 916/916/916 707/707/707 692/692/692
f 916/916/916 692/692/692 924/924/924
f 2116/2116/2116 2111/2111/2111 2084/2084/2084
f 879/879/879 693/693/693 895/895/895
f 2116/2116/2116 2084/2084/2084 2070/2070/2070
f 2045/2045/2045 2070/2070/2070 2044/2044/2044
f 2045/2045/2045 2044/2044/2044 2030/2030/2030
f 895/895/895 757/757/757 935/935/935
f 2079/2079/2079 2142/2142/2142 2143/2143/2143
f 2078/2078/2078 2079/2079/2079 2143/2143/2143
f 2078/2078/2078 2143/2143/2143 2144/2144/2144
f 2045/2045/2045 2030/2030/2030 2046/2046/2046
f 2046/2046/2046 2030/2030/2030 2031/2031/2031
f 2078/2078/2078 2144/2144/2144 2145/2145/2145
f 2080/2080/2080 2078/2078/2078 2145/2145/2145
f 2054/2054/2054 2046/2046/2046 2031/2031/2031
f 2080/2080/2080 2145/2145/2145 2146/2146/2146
f 2054/2054/2054 2032/2032/2032 2055/2055/2055
f 2080/2080/2080 2146/2146/2146 2147/2147/2147
f 2106/2106/2106 2068/2068/2068 2096/2096/2096
f 2153/2153/2153 2106/2106/2106 2108/2108/2108
f 914/914/914 699/699/699 913/913/913
f 913/913/913 699/699/699 723/723/723
f 913/913/913 723/723/723 922/922/922
f 2848/2848/2848 2966/2966/2966 2847/2847/2847
f 922/922/922 723/723/723 722/722/722
f 2793/2793/2793 2847/2847/2847 2916/2916/2916
f 1016/1016/1016 956/956/956 930/930/930
f 2162/2162/2162 2159/2159/2159 2151/2151/2151
f 2151/2151/2151 2150/2150/2150 2161/2161/2161
f 2162/2162/2162 2151/2151/2151 2161/2161/2161
f 2161/2161/2161 2150/2150/2150 2160/2160/2160
f 2237/2237/2237 2230/2230/2230 2235/2235/2235
f 2240/2240/2240 2237/2237/2237 2235/2235/2235
f 2242/2242/2242 2237/2237/2237 2240/2240/2240
f 1875/1875/1875 1901/1901/1901 1889/1889/1889
f 2246/2246/2246 2242/2242/2242 2240/2240/2240
f 1863/1863/1863 1875/1875/1875 1889/1889/1889
f 1855/1855/1855 1867/1867/1867 1853/1853/1853
f 1853/1853/1853 1867/1867/1867 1860/1860/1860
f 2107/2107/2107 1843/1843/1843 1841/1841/1841
f 1845/1845/1845 1848/1848/1848 1849/1849/1849
f 1848/1848/1848 1854/1854/1854 1849/1849/1849
f 1843/1843/1843 1836/1836/1836 1841/1841/1841
f 1837/1837/1837 1845/1845/1845 1844/1844/1844
f 1845/1845/1845 1849/1849/1849 1844/1844/1844
f 1841/1841/1841 1836/1836/1836 1835/1835/1835
f 1835/1835/1835 1836/1836/1836 1837/1837/1837
f 1840/1840/1840 1837/1837/1837 1844/1844/1844
f 1835/1835/1835 1837/1837/1837 1840/1840/1840
f 1956/1956/1956 1963/1963/1963 1961/1961/1961
f 1966/1966/1966 1963/1963/1963 1956/1956/1956
f 1960/1960/1960 1966/1966/1966 1956/1956/1956
f 1956/1956/1956 1961/1961/1961 1955/1955/1955
f 1955/1955/1955 1961/1961/1961 1962/1962/1962
f 1962/1962/1962 1961/1961/1961 1869/1869/1869
f 1971/1971/1971 2036/2036/2036 1960/1960/1960
f 2062/2062/2062 2063/2063/2063 1971/1971/1971
f 2047/2047/2047 2062/2062/2062 1971/1971/1971
f 2072/2072/2072 2062/2062/2062 2047/2047/2047
f 1962/1962/1962 1869/1869/1869 1870/1870/1870
f 2072/2072/2072 2047/2047/2047 2042/2042/2042
f 1957/1957/1957 1870/1870/1870 1972/1972/1972
f 2101/2101/2101 2072/2072/2072 2042/2042/2042
f 1972/1972/1972 1870/1870/1870 1874/1874/1874
f 2094/2094/2094 2101/2101/2101 2042/2042/2042
f 1972/1972/1972 1874/1874/1874 1878/1878/1878
f 2094/2094/2094 2042/2042/2042 2033/2033/2033
f 1958/1958/1958 1972/1972/1972 1878/1878/1878
f 1958/1958/1958 1878/1878/1878 1968/1968/1968
f 1932/1932/1932 2038/2038/2038 1939/1939/1939
f 1947/1947/1947 1943/1943/1943 1949/1949/1949
f 1943/1943/1943 1969/1969/1969 1949/1949/1949
f 1947/1947/1947 1949/1949/1949 1953/1953/1953
f 1977/1977/1977 1976/1976/1976 1978/1978/1978
f 1976/1976/1976 2034/2034/2034 1978/1978/1978
f 1978/1978/1978 2034/2034/2034 2035/2035/2035
f 2029/2029/2029 2024/2024/2024 1977/1977/1977
f 2052/2052/2052 2077/2077/2077 2009/2009/2009
f 2077/2077/2077 2119/2119/2119 2065/2065/2065
f 2065/2065/2065 2119/2119/2119 2131/2131/2131
f 2065/2065/2065 2131/2131/2131 2064/2064/2064
f 2084/2084/2084 2111/2111/2111 2066/2066/2066
f 2081/2081/2081 2141/2141/2141 2129/2129/2129
f 2070/2070/2070 2084/2084/2084 2043/2043/2043
f 2079/2079/2079 2129/2129/2129 2142/2142/2142
f 2070/2070/2070 2043/2043/2043 2044/2044/2044
f 2030/2030/2030 2001/2001/2001 2005/2005/2005
f 1992/1992/1992 2079/2079/2079 2078/2078/2078
f 1993/1993/1993 1991/1991/1991 1992/1992/1992
f 2005/2005/2005 2003/2003/2003 1994/1994/1994
f 2005/2005/2005 1994/1994/1994 2004/2004/2004
f 2031/2031/2031 2030/2030/2030 2005/2005/2005
f 1993/1993/1993 1992/1992/1992 1995/1995/1995
f 1995/1995/1995 1992/1992/1992 2078/2078/2078
f 1995/1995/1995 2078/2078/2078 2080/2080/2080
f 2031/2031/2031 2005/2005/2005 2004/2004/2004
f 1995/1995/1995 2080/2080/2080 2011/2011/2011
f 2054/2054/2054 2031/2031/2031 2032/2032/2032
f 2031/2031/2031 2004/2004/2004 2032/2032/2032
f 2075/2075/2075 2011/2011/2011 2080/2080/2080
f 2055/2055/2055 2032/2032/2032 2041/2041/2041
f 2055/2055/2055 2041/2041/2041 2068/2068/2068
f 2076/2076/2076 2075/2075/2075 2080/2080/2080
f 2076/2076/2076 2080/2080/2080 2147/2147/2147
f 2076/2076/2076 2147/2147/2147 2124/2124/2124
f 2106/2106/2106 2096/2096/2096 2097/2097/2097
f 2108/2108/2108 2106/2106/2106 2097/2097/2097
f 959/959/959 722/722/722 923/923/923
f 2155/2155/2155 2115/2115/2115 2158/2158/2158
f 2159/2159/2159 2109/2109/2109 2151/2151/2151
f 2232/2232/2232 2229/2229/2229 2227/2227/2227
f 2230/2230/2230 2229/2229/2229 2232/2232/2232
f 2235/2235/2235 2230/2230/2230 2232/2232/2232
f 2232/2232/2232 2227/2227/2227 2233/2233/2233
f 2233/2233/2233 2227/2227/2227 2228/2228/2228
f 2233/2233/2233 2228/2228/2228 2234/2234/2234
f 2795/2795/2795 2976/2976/2976 2835/2835/2835
f 1863/1863/1863 1882/1882/1882 1867/1867/1867
f 1855/1855/1855 1863/1863/1863 1867/1867/1867
f 1848/1848/1848 1853/1853/1853 1854/1854/1854
f 1971/1971/1971 1960/1960/1960 1954/1954/1954
f 1954/1954/1954 1960/1960/1960 1956/1956/1956
f 1954/1954/1954 1956/1956/1956 1955/1955/1955
f 1952/1952/1952 1955/1955/1955 1962/1962/1962
f 1952/1952/1952 1962/1962/1962 1957/1957/1957
f 1957/1957/1957 1962/1962/1962 1870/1870/1870
f 2047/2047/2047 1971/1971/1971 1970/1970/1970
f 2042/2042/2042 2047/2047/2047 1970/1970/1970
f 1959/1959/1959 1957/1957/1957 1972/1972/1972
f 1958/1958/1958 1959/1959/1959 1972/1972/1972
f 2038/2038/2038 2033/2033/2033 1945/1945/1945
f 1943/1943/1943 1958/1958/1958 1968/1968/1968
f 2038/2038/2038 1945/1945/1945 1941/1941/1941
f 1943/1943/1943 1968/1968/1968 1969/1969/1969
f 2038/2038/2038 1941/1941/1941 1939/1939/1939
f 1939/1939/1939 1941/1941/1941 1940/1940/1940
f 1940/1940/1940 1943/1943/1943 1947/1947/1947
f 1977/1977/1977 1978/1978/1978 1979/1979/1979
f 1979/1979/1979 1978/1978/1978 1982/1982/1982
f 1978/1978/1978 2035/2035/2035 1982/1982/1982
f 2029/2029/2029 1977/1977/1977 1980/1980/1980
f 1980/1980/1980 1977/1977/1977 1979/1979/1979
f 1982/1982/1982 2035/2035/2035 2052/2052/2052
f 1982/1982/1982 2052/2052/2052 2009/2009/2009
f 2029/2029/2029 1980/1980/1980 2010/2010/2010
f 2066/2066/2066 2029/2029/2029 2010/2010/2010
f 2009/2009/2009 2077/2077/2077 2065/2065/2065
f 2056/2056/2056 2066/2066/2066 2010/2010/2010
f 2053/2053/2053 2064/2064/2064 2139/2139/2139
f 2053/2053/2053 2139/2139/2139 2141/2141/2141
f 2043/2043/2043 2066/2066/2066 2056/2056/2056
f 2081/2081/2081 2053/2053/2053 2141/2141/2141
f 2049/2049/2049 2081/2081/2081 2129/2129/2129
f 2044/2044/2044 2043/2043/2043 2027/2027/2027
f 2049/2049/2049 2129/2129/2129 2079/2079/2079
f 2002/2002/2002 2049/2049/2049 2079/2079/2079
f 2030/2030/2030 2044/2044/2044 2028/2028/2028
f 2030/2030/2030 2028/2028/2028 2001/2001/2001
f 2003/2003/2003 2001/2001/2001 1991/1991/1991
f 1992/1992/1992 2002/2002/2002 2079/2079/2079
f 1989/1989/1989 2002/2002/2002 1992/1992/1992
f 1991/1991/1991 1989/1989/1989 1992/1992/1992
f 2003/2003/2003 1991/1991/1991 1994/1994/1994
f 1994/1994/1994 1991/1991/1991 1993/1993/1993
f 1996/1996/1996 2004/2004/2004 1994/1994/1994
f 1996/1996/1996 1994/1994/1994 1995/1995/1995
f 1994/1994/1994 1993/1993/1993 1995/1995/1995
f 1996/1996/1996 1995/1995/1995 1999/1999/1999
f 2006/2006/2006 2004/2004/2004 1996/1996/1996
f 1999/1999/1999 1995/1995/1995 2011/2011/2011
f 2032/2032/2032 2004/2004/2004 2006/2006/2006
f 2041/2041/2041 2032/2032/2032 2006/2006/2006
f 2068/2068/2068 2041/2041/2041 2025/2025/2025
f 2096/2096/2096 2068/2068/2068 2069/2069/2069
f 2096/2096/2096 2069/2069/2069 2097/2097/2097
f 959/959/959 922/922/922 722/722/722
f 2149/2149/2149 2108/2108/2108 2098/2098/2098
f 2149/2149/2149 2098/2098/2098 2154/2154/2154
f 2154/2154/2154 2098/2098/2098 2123/2123/2123
f 2148/2148/2148 2123/2123/2123 2083/2083/2083
f 2100/2100/2100 2115/2115/2115 2155/2155/2155
f 2150/2150/2150 2100/2100/2100 2155/2155/2155
f 2150/2150/2150 2109/2109/2109 2100/2100/2100
f 2235/2235/2235 2232/2232/2232 2236/2236/2236
f 2236/2236/2236 2232/2232/2232 2233/2233/2233
f 2236/2236/2236 2233/2233/2233 2241/2241/2241
f 2241/2241/2241 2233/2233/2233 2234/2234/2234
f 2244/2244/2244 2240/2240/2240 2235/2235/2235
f 1866/1866/1866 1875/1875/1875 1858/1858/1858
f 1858/1858/1858 1875/1875/1875 1863/1863/1863
f 2246/2246/2246 2240/2240/2240 2244/2244/2244
f 1855/1855/1855 1858/1858/1858 1863/1863/1863
f 2137/2137/2137 2138/2138/2138 1857/1857/1857
f 1857/1857/1857 2138/2138/2138 1876/1876/1876
f 2136/2136/2136 2137/2137/2137 1857/1857/1857
f 2136/2136/2136 1852/1852/1852 2135/2135/2135
f 1843/1843/1843 2135/2135/2135 1852/1852/1852
f 1846/1846/1846 1853/1853/1853 1848/1848/1848
f 1838/1838/1838 1845/1845/1845 1837/1837/1837
f 1836/1836/1836 1838/1838/1838 1837/1837/1837
f 1970/1970/1970 1971/1971/1971 1954/1954/1954
f 1954/1954/1954 1955/1955/1955 1952/1952/1952
f 1970/1970/1970 1954/1954/1954 1950/1950/1950
f 1950/1950/1950 1954/1954/1954 1952/1952/1952
f 1951/1951/1951 1970/1970/1970 1950/1950/1950
f 1950/1950/1950 1952/1952/1952 1948/1948/1948
f 1948/1948/1948 1952/1952/1952 1957/1957/1957
f 1948/1948/1948 1957/1957/1957 1959/1959/1959
f 1944/1944/1944 1950/1950/1950 1948/1948/1948
f 1951/1951/1951 1950/1950/1950 1944/1944/1944
f 1945/1945/1945 1951/1951/1951 1944/1944/1944
f 1948/1948/1948 1959/1959/1959 1958/1958/1958
f 2033/2033/2033 2042/2042/2042 1951/1951/1951
f 1946/1946/1946 1948/1948/1948 1958/1958/1958
f 2033/2033/2033 1951/1951/1951 1945/1945/1945
f 1944/1944/1944 1948/1948/1948 1946/1946/1946
f 1944/1944/1944 1946/1946/1946 1943/1943/1943
f 1946/1946/1946 1958/1958/1958 1943/1943/1943
f 1945/1945/1945 1944/1944/1944 1942/1942/1942
f 1941/1941/1941 1945/1945/1945 1942/1942/1942
f 1942/1942/1942 1944/1944/1944 1943/1943/1943
f 1941/1941/1941 1942/1942/1942 1940/1940/1940
f 1980/1980/1980 1979/1979/1979 1981/1981/1981
f 1981/1981/1981 1979/1979/1979 1982/1982/1982
f 1983/1983/1983 1982/1982/1982 2009/2009/2009
f 2010/2010/2010 1980/1980/1980 1981/1981/1981
f 2007/2007/2007 2009/2009/2009 2065/2065/2065
f 1983/1983/1983 1981/1981/1981 1982/1982/1982
f 1983/1983/1983 2009/2009/2009 2007/2007/2007
f 2010/2010/2010 1981/1981/1981 1998/1998/1998
f 1985/1985/1985 1983/1983/1983 2007/2007/2007
f 2007/2007/2007 2065/2065/2065 2064/2064/2064
f 1985/1985/1985 2007/2007/2007 2064/2064/2064
f 2026/2026/2026 2010/2010/2010 1998/1998/1998
f 2056/2056/2056 2010/2010/2010 2026/2026/2026
f 1985/1985/1985 2064/2064/2064 2053/2053/2053
f 1998/1998/1998 1997/1997/1997 2026/2026/2026
f 1985/1985/1985 2053/2053/2053 1987/1987/1987
f 2056/2056/2056 2026/2026/2026 2043/2043/2043
f 1987/1987/1987 2053/2053/2053 2081/2081/2081
f 2043/2043/2043 2026/2026/2026 2027/2027/2027
f 2026/2026/2026 1997/1997/1997 2000/2000/2000
f 2027/2027/2027 2026/2026/2026 2000/2000/2000
f 2000/2000/2000 1997/1997/1997 1986/1986/1986
f 2049/2049/2049 1987/1987/1987 2081/2081/2081
f 2002/2002/2002 1988/1988/1988 1987/1987/1987
f 2000/2000/2000 1986/1986/1986 1990/1990/1990
f 2000/2000/2000 1990/1990/1990 2001/2001/2001
f 2002/2002/2002 1987/1987/1987 2049/2049/2049
f 2028/2028/2028 2027/2027/2027 2000/2000/2000
f 1986/1986/1986 1988/1988/1988 1989/1989/1989
f 1990/1990/1990 1986/1986/1986 1989/1989/1989
f 1989/1989/1989 1988/1988/1988 2002/2002/2002
f 2028/2028/2028 2000/2000/2000 2001/2001/2001
f 2001/2001/2001 1990/1990/1990 1991/1991/1991
f 1991/1991/1991 1990/1990/1990 1989/1989/1989
f 2006/2006/2006 1996/1996/1996 2008/2008/2008
f 1996/1996/1996 1999/1999/1999 2008/2008/2008
f 2008/2008/2008 1999/1999/1999 2011/2011/2011
f 2012/2012/2012 2011/2011/2011 2075/2075/2075
f 2008/2008/2008 2011/2011/2011 2012/2012/2012
f 2041/2041/2041 2006/2006/2006 2025/2025/2025
f 2012/2012/2012 2075/2075/2075 2076/2076/2076
f 2025/2025/2025 2006/2006/2006 2008/2008/2008
f 2012/2012/2012 2076/2076/2076 2039/2039/2039
f 2069/2069/2069 2025/2025/2025 2057/2057/2057
f 2097/2097/2097 2069/2069/2069 2057/2057/2057
f 2039/2039/2039 2076/2076/2076 2124/2124/2124
f 2097/2097/2097 2057/2057/2057 2085/2085/2085
f 2039/2039/2039 2124/2124/2124 2040/2040/2040
f 2040/2040/2040 2124/2124/2124 2130/2130/2130
f 2120/2120/2120 2040/2040/2040 2130/2130/2130
f 2108/2108/2108 2085/2085/2085 2050/2050/2050
f 2108/2108/2108 2050/2050/2050 2098/2098/2098
f 2061/2061/2061 2121/2121/2121 2140/2140/2140
f 2115/2115/2115 2061/2061/2061 2140/2140/2140
f 2244/2244/2244 2235/2235/2235 2243/2243/2243
f 2243/2243/2243 2235/2235/2235 2236/2236/2236
f 1857/1857/1857 1876/1876/1876 1850/1850/1850
f 1851/1851/1851 1858/1858/1858 1855/1855/1855
f 1846/1846/1846 1851/1851/1851 1853/1853/1853
f 1851/1851/1851 1855/1855/1855 1853/1853/1853
f 1852/1852/1852 1857/1857/1857 1842/1842/1842
f 1843/1843/1843 1852/1852/1852 1842/1842/1842
f 1843/1843/1843 1842/1842/1842 1836/1836/1836
f 1838/1838/1838 1846/1846/1846 1848/1848/1848
f 1836/1836/1836 1842/1842/1842 1839/1839/1839
f 1836/1836/1836 1839/1839/1839 1838/1838/1838
f 1845/1845/1845 1838/1838/1838 1848/1848/1848
f 1984/1984/1984 1983/1983/1983 1985/1985/1985
f 1998/1998/1998 1981/1981/1981 1984/1984/1984
f 1981/1981/1981 1983/1983/1983 1984/1984/1984
f 1997/1997/1997 1998/1998/1998 1984/1984/1984
f 1997/1997/1997 1984/1984/1984 1986/1986/1986
f 1986/1986/1986 1984/1984/1984 1985/1985/1985
f 1986/1986/1986 1985/1985/1985 1987/1987/1987
f 1986/1986/1986 1987/1987/1987 1988/1988/1988
f 2013/2013/2013 2008/2008/2008 2012/2012/2012
f 2025/2025/2025 2008/2008/2008 2013/2013/2013
f 2014/2014/2014 2012/2012/2012 2039/2039/2039
f 2021/2021/2021 2025/2025/2025 2013/2013/2013
f 2013/2013/2013 2012/2012/2012 2014/2014/2014
f 2057/2057/2057 2025/2025/2025 2021/2021/2021
f 2057/2057/2057 2021/2021/2021 2037/2037/2037
f 2085/2085/2085 2057/2057/2057 2037/2037/2037
f 2014/2014/2014 2039/2039/2039 2040/2040/2040
f 2050/2050/2050 2085/2085/2085 2037/2037/2037
f 2020/2020/2020 2040/2040/2040 2120/2120/2120
f 2048/2048/2048 2020/2020/2020 2121/2121/2121
f 2121/2121/2121 2020/2020/2020 2120/2120/2120
f 2098/2098/2098 2050/2050/2050 2051/2051/2051
f 2098/2098/2098 2051/2051/2051 2083/2083/2083
f 2061/2061/2061 2048/2048/2048 2121/2121/2121
f 2083/2083/2083 2051/2051/2051 2022/2022/2022
f 2083/2083/2083 2022/2022/2022 2109/2109/2109
f 2023/2023/2023 2061/2061/2061 2115/2115/2115
f 2109/2109/2109 2022/2022/2022 2100/2100/2100
f 2022/2022/2022 2023/2023/2023 2100/2100/2100
f 2100/2100/2100 2023/2023/2023 2115/2115/2115
f 1865/1865/1865 1871/1871/1871 1856/1856/1856
f 1856/1856/1856 1871/1871/1871 1866/1866/1866
f 1856/1856/1856 1866/1866/1866 1858/1858/1858
f 1865/1865/1865 1856/1856/1856 1850/1850/1850
f 1850/1850/1850 1856/1856/1856 1847/1847/1847
f 1847/1847/1847 1856/1856/1856 1851/1851/1851
f 1856/1856/1856 1858/1858/1858 1851/1851/1851
f 1842/1842/1842 1857/1857/1857 1850/1850/1850
f 1842/1842/1842 1850/1850/1850 1847/1847/1847
f 1847/1847/1847 1851/1851/1851 1846/1846/1846
f 1842/1842/1842 1847/1847/1847 1839/1839/1839
f 1839/1839/1839 1847/1847/1847 1846/1846/1846
f 1839/1839/1839 1846/1846/1846 1838/1838/1838
f 2037/2037/2037 2021/2021/2021 2016/2016/2016
f 2016/2016/2016 2021/2021/2021 2013/2013/2013
f 2020/2020/2020 2014/2014/2014 2040/2040/2040
f 2014/2014/2014 2020/2020/2020 2015/2015/2015
f 2050/2050/2050 2037/2037/2037 2017/2017/2017
f 2017/2017/2017 2037/2037/2037 2016/2016/2016
f 2019/2019/2019 2020/2020/2020 2048/2048/2048
f 2020/2020/2020 2019/2019/2019 2015/2015/2015
f 2050/2050/2050 2017/2017/2017 2018/2018/2018
f 2051/2051/2051 2050/2050/2050 2018/2018/2018
f 2051/2051/2051 2018/2018/2018 2022/2022/2022
f 2061/2061/2061 2019/2019/2019 2048/2048/2048
f 2023/2023/2023 2019/2019/2019 2061/2061/2061
f 2017/2017/2017 2016/2016/2016 2015/2015/2015
f 2015/2015/2015 2016/2016/2016 2013/2013/2013
f 2015/2015/2015 2013/2013/2013 2014/2014/2014
f 2017/2017/2017 2015/2015/2015 2018/2018/2018
f 2018/2018/2018 2015/2015/2015 2019/2019/2019
f 2018/2018/2018 2019/2019/2019 2022/2022/2022
f 2022/2022/2022 2019/2019/2019 2023/2023/2023

