# Blender 4.3.2
# www.blender.org
mtllib glass-b.mtl
o geometry_0
v -0.002807 -0.207582 0.185861
v -0.017990 -0.181434 0.188501
v -0.017824 -0.125684 0.189540
v -0.000902 -0.137102 0.186907
v -0.002014 -0.094625 0.187719
v -0.014242 -0.016050 0.190530
v -0.017036 -0.234519 0.186812
v -0.006390 -0.283293 0.183703
v -0.016950 -0.298558 0.184547
v -0.025498 -0.245353 0.187912
v -0.007518 -0.319924 0.182050
v -0.028819 -0.293012 0.187025
v -0.021491 -0.361323 0.181656
v -0.010024 -0.375115 0.179526
v -0.030382 -0.316324 0.186058
v -0.032550 -0.379116 0.182806
v -0.000068 -0.019847 0.187849
v -0.010978 0.052613 0.189894
v 0.002038 0.032604 0.188052
v 0.004463 0.076688 0.188162
v -0.009601 0.097676 0.189518
v 0.006189 0.096171 0.187615
v -0.020764 -0.381805 0.180091
v -0.023436 -0.181444 0.189701
v -0.021242 0.025046 0.192904
v -0.010337 -0.389848 0.177034
v -0.018939 -0.063205 0.191112
v -0.008931 0.112344 0.187553
v 0.006261 0.106990 0.186273
v -0.025093 -0.014073 0.194243
v -0.031694 -0.390144 0.180193
v -0.022318 0.081951 0.194826
v -0.021378 0.100312 0.194420
v -0.026958 -0.105631 0.193350
v -0.031252 -0.147654 0.194652
v -0.031979 -0.216742 0.191953
v -0.035056 -0.265565 0.190861
v -0.020897 0.118048 0.192863
v -0.040524 -0.355135 0.188494
v -0.044622 -0.383597 0.188180
v -0.039287 -0.291073 0.192404
v -0.045548 -0.392645 0.187180
v -0.028851 -0.078310 0.195481
v -0.036644 -0.240447 0.193558
v -0.035322 -0.200033 0.195022
v 0.007388 -0.113786 0.188807
v 0.010627 0.043131 0.189065
v 0.016373 0.079880 0.189896
v 0.013550 -0.001214 0.189732
v 0.010420 -0.160439 0.188953
v 0.007322 -0.232754 0.187811
v 0.007233 -0.285789 0.186696
v 0.002824 -0.332768 0.183971
v 0.002471 -0.376549 0.182311
v 0.018827 0.094281 0.190308
v 0.017047 0.109786 0.188064
v -0.002019 -0.388683 0.179494
v 0.004487 -0.395525 0.179485
v -0.043882 -0.353929 0.191118
v 0.012788 -0.112409 0.190630
v 0.015790 -0.080874 0.191992
v 0.026802 0.038935 0.195359
v 0.024057 -0.028944 0.195216
v 0.013419 -0.159455 0.190177
v 0.011127 -0.242750 0.189439
v 0.006035 -0.391683 0.182654
v 0.008197 -0.318150 0.186946
v 0.027463 0.111801 0.192964
v 0.027578 0.095366 0.194684
v 0.030963 0.080253 0.197291
v 0.021937 -0.128777 0.196579
v 0.010985 -0.379244 0.187762
v 0.024050 -0.083862 0.197437
v -0.044535 -0.396195 0.184419
v 0.015902 -0.278447 0.192754
v 0.020206 -0.170512 0.195221
v 0.017101 -0.241367 0.193669
v 0.014132 -0.299692 0.191800
v 0.013261 -0.328224 0.190767
v 0.007412 0.111353 0.183695
v -0.008200 0.115485 0.184653
v -0.021847 0.127687 0.190317
v 0.028692 0.031408 0.197071
v 0.009588 -0.402951 0.184319
v -0.035343 -0.170453 0.197325
v -0.040942 -0.286677 0.194592
v 0.023487 0.116543 0.182681
v 0.003988 0.015311 0.288608
v -0.009113 0.081268 0.286281
v -0.012501 -0.001115 0.286180
v 0.006705 0.102188 0.288003
v -0.007398 0.128401 0.286162
v 0.009493 0.142758 0.287625
v -0.005889 0.170834 0.285373
v -0.013891 -0.051234 0.285717
v -0.001464 -0.105843 0.287581
v -0.016426 -0.123949 0.284619
v -0.003045 -0.170895 0.286897
v -0.002886 0.212480 0.284034
v 0.010867 0.197528 0.285446
v 0.011812 0.228941 0.283737
v -0.002330 0.237034 0.281963
v 0.012465 0.249655 0.283956
v -0.002339 0.251029 0.281310
v 0.000321 0.261179 0.282297
v -0.016976 -0.141915 0.284080
v -0.014023 -0.200872 0.284053
v -0.008513 -0.247512 0.284717
v -0.005642 -0.216098 0.285732
v 0.013900 0.271068 0.286202
v 0.004523 0.281868 0.284273
v 0.001355 -0.099682 0.287577
v -0.019198 -0.185173 0.282642
v -0.019892 -0.233549 0.281385
v -0.017975 -0.302627 0.280792
v -0.010513 -0.302247 0.282827
v -0.019379 -0.355173 0.278080
v -0.013712 -0.371006 0.278739
v -0.022913 -0.404409 0.273861
v -0.015872 -0.422365 0.274575
v 0.014548 0.300350 0.289298
v -0.027318 -0.426529 0.270248
v -0.022831 -0.441471 0.270782
v -0.015717 -0.442452 0.271764
v -0.017315 0.201374 0.279213
v -0.019302 0.219304 0.276927
v -0.022809 -0.309936 0.278549
v -0.023855 0.085006 0.279814
v -0.022027 0.143168 0.279310
v -0.015166 0.240356 0.276268
v -0.025334 -0.363867 0.274886
v 0.006433 0.309804 0.285584
v 0.016590 0.327377 0.290738
v -0.025896 0.026201 0.279445
v 0.016758 0.350207 0.290961
v 0.021135 0.353141 0.292277
v 0.020997 0.379840 0.291424
v -0.030123 -0.038613 0.277436
v -0.025754 -0.078426 0.279366
v 0.019528 0.321651 0.290605
v 0.013606 0.376326 0.287967
v -0.009314 0.276266 0.276790
v -0.018642 0.248313 0.272924
v 0.021825 0.415468 0.287925
v 0.015256 0.420878 0.284439
v 0.025125 0.441911 0.283735
v 0.013351 0.450684 0.277036
v 0.026687 0.420585 0.287586
v -0.023386 -0.456616 0.267287
v 0.027162 0.386784 0.290858
v -0.016062 -0.457394 0.268224
v 0.026605 0.366066 0.291884
v -0.032260 -0.441813 0.265636
v -0.031157 -0.455531 0.263673
v -0.027980 -0.159099 0.277530
v -0.027714 -0.226773 0.276672
v 0.025237 0.453659 0.280272
v -0.013794 0.289924 0.273265
v -0.032252 -0.126158 0.274701
v -0.031601 -0.090477 0.275549
v 0.009948 0.441675 0.277192
v -0.033781 -0.371151 0.268586
v 0.007683 0.422019 0.279358
v -0.023993 0.165110 0.276596
v -0.004945 0.344331 0.276183
v -0.000517 0.376686 0.277198
v -0.035812 -0.306982 0.269217
v -0.035519 -0.269662 0.269775
v -0.037084 -0.220591 0.269623
v -0.028258 0.076420 0.276730
v -0.037202 -0.192797 0.269132
v -0.029425 0.021449 0.276834
v -0.028342 -0.468051 0.260686
v -0.040928 -0.413690 0.260703
v -0.017977 -0.468892 0.263499
v 0.025475 0.342539 0.291246
v 0.017386 0.468585 0.270997
v 0.025744 0.464600 0.275756
v -0.043450 -0.360604 0.261182
v -0.012507 0.361756 0.268549
v -0.015560 0.330251 0.268368
v -0.003120 0.424764 0.269703
v -0.000845 0.441872 0.268151
v -0.044448 -0.327829 0.261065
v -0.041501 -0.269329 0.264258
v 0.010999 0.465282 0.269079
v 0.000395 0.455465 0.265002
v -0.047567 -0.438656 0.251921
v -0.048836 -0.417117 0.252907
v -0.024243 0.248323 0.266914
v -0.026190 0.213244 0.269392
v -0.044288 -0.453398 0.252297
v -0.050779 -0.371324 0.253144
v -0.037573 -0.130643 0.268903
v -0.050671 -0.335416 0.254090
v -0.040259 -0.467515 0.250805
v -0.048986 -0.280531 0.255090
v -0.044228 -0.229071 0.260881
v -0.008460 0.422407 0.263992
v -0.022307 0.313717 0.261910
v -0.018838 0.357875 0.260617
v -0.035103 -0.043104 0.269770
v -0.034142 0.032655 0.269209
v 0.010473 0.473018 0.263889
v -0.042865 -0.179948 0.261255
v -0.030067 0.105964 0.272339
v -0.008583 0.453451 0.254243
v -0.038749 -0.100814 0.266362
v 0.000348 0.473146 0.253681
v -0.032400 -0.477578 0.250970
v -0.052669 -0.415280 0.247233
v -0.015808 0.422696 0.252867
v -0.005026 0.464816 0.252320
v -0.052795 -0.450941 0.239672
v -0.024043 -0.478456 0.255241
v 0.019247 0.283219 0.286810
v 0.022013 0.315641 0.289768
v 0.017046 0.478530 0.262967
v 0.025390 0.478674 0.266212
v -0.048369 -0.466565 0.238534
v 0.015453 0.072490 0.286323
v 0.012442 0.028543 0.287012
v 0.009738 -0.058253 0.286266
v 0.006304 -0.150080 0.285488
v 0.008190 0.480565 0.254478
v 0.004725 -0.201206 0.284118
v -0.000890 -0.287988 0.281439
v -0.000082 -0.306115 0.279942
v 0.018923 0.155550 0.285096
v 0.019668 0.135341 0.285360
v 0.034731 0.440654 0.281844
v -0.041370 -0.477342 0.239683
v 0.022697 0.252062 0.280985
v 0.021424 0.226362 0.281248
v -0.006895 -0.398061 0.274479
v -0.003803 -0.353388 0.277293
v 0.030857 0.422484 0.286189
v -0.018038 -0.479626 0.255205
v 0.013774 -0.100069 0.284279
v 0.015300 0.486121 0.253482
v 0.022791 0.036537 0.283684
v -0.007074 -0.423662 0.271529
v 0.010908 -0.174612 0.283015
v 0.007121 -0.211377 0.282699
v 0.025050 0.087395 0.282795
v 0.029072 0.182550 0.280157
v 0.032211 0.209030 0.277744
v 0.035526 0.246777 0.275528
v 0.026442 0.274102 0.280981
v 0.023458 0.284962 0.285238
v -0.035251 -0.484909 0.238541
v -0.029556 -0.487750 0.240733
v 0.028423 0.138392 0.281248
v 0.037221 0.286890 0.276566
v -0.019140 -0.485074 0.249074
v 0.026055 0.488083 0.255145
v 0.026460 0.323012 0.288393
v -0.006556 -0.446371 0.266386
v 0.006284 -0.260812 0.279019
v 0.017216 -0.083525 0.282805
v -0.009949 -0.470559 0.258177
v -0.006472 -0.456305 0.262761
v -0.020014 -0.490948 0.239380
v -0.030302 -0.493392 0.224771
v -0.019636 -0.496169 0.224039
v 0.031505 0.388382 -0.001065
v 0.021839 0.385476 0.001712
v 0.030200 0.385320 -0.005549
v 0.031996 0.377453 -0.028131
v 0.021063 0.375278 -0.025640
v 0.032376 0.371823 -0.047997
v 0.021250 0.368571 -0.049741
v 0.032763 0.367197 -0.062436
v 0.021750 0.358510 -0.077481
v 0.033394 0.360209 -0.079952
v 0.040434 0.377248 -0.043969
v 0.043091 0.385254 -0.024339
v 0.039436 0.387907 -0.013347
v 0.036353 0.391983 0.000794
v 0.038207 0.363895 -0.078121
v 0.042380 0.372476 -0.064208
v 0.041486 0.357386 -0.094214
v 0.046794 0.384005 -0.036093
v 0.049698 0.386709 -0.032817
v 0.028680 0.389011 0.015734
v 0.023222 0.388737 0.027536
v 0.045710 0.379953 -0.049504
v 0.033564 0.391859 0.040106
v 0.030951 0.393071 0.079944
v 0.039732 0.396315 0.058312
v 0.041447 0.396308 0.030126
v 0.049227 0.387422 -0.017643
v 0.030770 0.397080 0.135097
v 0.022373 0.394178 0.130274
v 0.022945 0.394935 0.156723
v 0.034219 0.399523 0.155520
v 0.034424 0.398741 0.131625
v 0.039671 0.400701 0.108256
v 0.023115 0.389937 0.054453
v 0.022781 0.391936 0.087714
v 0.022965 0.393269 0.169343
v 0.034893 0.398480 0.170956
v 0.049815 0.389782 -0.004464
v 0.040486 0.404698 0.141775
v 0.040074 0.403735 0.172422
v 0.041193 0.396089 0.011695
v 0.051493 0.387131 -0.053540
v 0.055589 0.393828 -0.013015
v 0.044644 0.368711 -0.081181
v 0.046245 0.403122 0.062432
v 0.048685 0.403469 0.029360
v 0.044387 0.399216 0.019828
v 0.055494 0.398145 0.004719
v 0.054313 0.402184 0.018437
v 0.050668 0.399786 0.019371
v 0.053876 0.405336 0.026440
v 0.050653 0.407492 0.046658
v 0.046552 0.376818 -0.066396
v 0.052241 0.410774 0.051583
v 0.055242 0.393753 -0.050626
v 0.045803 0.358467 -0.100280
v 0.034776 0.350015 -0.096379
v 0.044560 0.409099 0.131862
v 0.045303 0.412815 0.157291
v 0.044591 0.411572 0.174373
v 0.051071 0.380234 -0.078909
v 0.049689 0.411244 0.084750
v 0.059642 0.406159 0.007717
v 0.049934 0.367404 -0.099121
v 0.037361 0.340846 -0.109444
v 0.044848 0.343952 -0.114984
v 0.055437 0.411013 0.032004
v 0.048999 0.346903 -0.122288
v 0.045215 0.404818 0.193493
v 0.044537 0.330351 -0.127149
v 0.035948 0.320076 -0.126238
v 0.043520 0.311147 -0.140033
v 0.032593 0.297801 -0.138682
v 0.043449 0.299016 -0.148276
v 0.042866 0.285805 -0.154855
v 0.031412 0.277671 -0.148202
v 0.042156 0.270926 -0.159924
v 0.032044 0.263040 -0.151750
v 0.039721 0.263046 -0.159210
v 0.030617 0.250298 -0.150794
v 0.041858 0.250018 -0.162501
v 0.031220 0.325182 -0.119584
v 0.032711 0.341152 -0.105704
v 0.021334 0.349126 -0.091831
v 0.022563 0.258264 -0.147983
v 0.016198 0.263925 -0.146372
v 0.017675 0.298445 -0.133704
v 0.016616 0.278831 -0.143462
v 0.015383 0.250545 -0.145441
v 0.020904 0.341526 -0.101391
v 0.019985 0.326162 -0.115914
v 0.019419 0.316141 -0.122816
v -0.005197 0.117886 0.040343
v -0.007637 0.118640 0.074056
v -0.007560 0.119052 0.030300
v 0.007164 0.114511 0.072488
v 0.007009 0.114944 0.120830
v -0.007806 0.118870 0.121636
v 0.007768 0.114079 0.042415
v 0.008437 0.112866 0.017725
v -0.008142 0.120053 0.161242
v 0.006592 0.116430 0.156340
v 0.006440 0.115689 0.176046
v -0.008277 0.119391 0.178028
v -0.006244 0.117243 0.012424
v -0.003150 0.114080 0.001053
v 0.010762 0.108925 0.001979
v -0.007763 0.116912 0.001466
v -0.018370 0.126122 0.128075
v -0.016825 0.126170 0.168719
v -0.020090 0.127863 0.074342
v -0.019531 0.128095 0.043254
v -0.019063 0.128216 0.021473
v -0.021181 0.129075 0.182447
v -0.016766 0.125073 0.000567
v -0.020749 0.129941 0.169698
v -0.021847 0.127687 0.190317
v -0.021140 0.129356 0.122072
v -0.022142 0.131693 -0.001703
v -0.008200 0.115485 0.184653
v 0.007412 0.111353 0.183695
v -0.025335 0.139288 0.001554
v -0.027189 0.140825 0.040906
v -0.028106 0.141477 0.071467
v -0.028643 0.142849 0.137396
v 0.016154 0.115208 0.036905
v 0.015273 0.112791 0.011535
v 0.016144 0.116132 0.074732
v 0.017304 0.116885 0.123241
v 0.015631 0.117968 0.160080
v 0.017552 0.117948 0.176018
v 0.025076 0.120900 0.161114
v 0.025429 0.113316 0.002768
v 0.025035 0.115921 0.013437
v 0.025243 0.117668 0.025626
v 0.025773 0.119755 0.122242
v 0.025368 0.119310 0.074844
v 0.025697 0.118968 0.044590
v 0.025397 0.120769 0.175672
v 0.023487 0.116543 0.182681
v 0.010376 0.099304 -0.010677
v 0.026847 0.107796 -0.007027
v -0.023735 -0.498941 0.062991
v -0.027932 -0.497778 0.084186
v -0.031025 -0.495564 0.035251
v -0.031987 -0.496230 0.076089
v -0.031969 -0.496128 0.177009
v -0.027250 -0.498022 0.177153
v -0.029578 -0.496467 0.206437
v -0.019970 -0.499650 0.195134
v -0.020501 -0.499646 0.078381
v -0.021953 -0.497233 0.032291
v -0.024861 -0.495639 0.018226
v -0.031145 -0.492344 0.009951
v -0.024802 -0.492566 -0.002673
v -0.019636 -0.496169 0.224039
v -0.030302 -0.493392 0.224771
v -0.030691 -0.486055 -0.022305
v -0.023747 -0.486760 -0.033075
v -0.019519 -0.489788 -0.021894
v -0.019266 -0.482674 -0.059177
v -0.020494 -0.493409 0.003179
v -0.025350 -0.480012 -0.059866
v -0.020817 -0.477313 -0.081247
v -0.015727 -0.485237 -0.041036
v -0.015322 -0.475619 -0.083242
v -0.022474 -0.470802 -0.103090
v 0.016818 0.322246 0.179989
v 0.016067 0.271671 0.178423
v 0.008440 0.322731 0.180321
v 0.003114 0.250839 0.179074
v -0.000924 0.304469 0.181160
v 0.014667 0.242885 0.176986
v -0.001731 0.349362 0.181320
v 0.017476 0.358727 0.180464
v 0.013763 0.229150 0.176527
v -0.001476 0.373581 0.179577
v -0.002257 0.230864 0.180620
v -0.003367 0.247048 0.181017
v 0.001574 0.218438 0.178539
v -0.000171 0.378627 0.178600
v 0.020564 0.376006 0.179049
v -0.010465 0.387176 0.179959
v 0.013383 0.220123 0.175344
v -0.012102 0.373439 0.183417
v -0.014281 0.351132 0.186336
v -0.005584 0.301836 0.183260
v -0.003182 0.218312 0.180850
v 0.001247 0.389784 0.174397
v 0.021636 0.387930 0.174342
v 0.025795 0.354071 0.183377
v 0.020850 0.219606 0.177992
v -0.010286 0.396245 0.176474
v 0.025413 0.234117 0.181592
v 0.025252 0.276156 0.182378
v -0.012989 0.253329 0.187369
v -0.014162 0.325940 0.187686
v -0.010521 0.215170 0.186671
v -0.014178 0.381352 0.184390
v 0.002051 0.395146 0.170187
v -0.011360 0.400538 0.174970
v -0.013934 0.213087 0.190130
v -0.017203 0.393923 0.186575
v 0.014378 0.212108 0.168397
v -0.002105 0.212282 0.175159
v 0.022965 0.393269 0.169343
v 0.023801 0.210649 0.170563
v -0.004315 0.206273 0.168705
v 0.014403 0.205906 0.160380
v -0.011092 0.403597 0.170671
v 0.020996 0.206135 0.162069
v -0.003753 0.203127 0.161846
v -0.027715 -0.395620 0.025356
v -0.028942 -0.395092 0.000522
v -0.035376 -0.398092 0.002735
v -0.037868 -0.401324 0.024557
v -0.040113 -0.400598 -0.002751
v -0.029724 -0.396375 0.044513
v -0.036812 -0.400924 0.049068
v -0.037365 -0.400533 0.076415
v -0.030525 -0.395505 0.085627
v -0.026169 -0.393401 0.080418
v -0.038255 -0.400919 0.102860
v -0.038833 -0.401765 0.129419
v -0.029853 -0.396572 0.135249
v -0.038569 -0.400619 0.154915
v -0.027748 -0.395070 0.157800
v -0.026255 -0.394954 0.125328
v -0.032826 -0.392365 -0.028729
v -0.022865 -0.393146 0.101353
v -0.037079 -0.396297 0.175396
v -0.030482 -0.393209 0.175134
v -0.037059 -0.393820 -0.030975
v -0.021469 -0.392455 0.071451
v -0.016630 -0.392867 0.048773
v -0.022725 -0.390660 -0.022746
v -0.034679 -0.388550 -0.047843
v -0.014947 -0.391267 0.081309
v -0.020384 -0.385547 -0.045559
v -0.025202 -0.385173 -0.048528
v -0.014792 -0.380017 -0.061573
v -0.042414 -0.393205 -0.048140
v -0.018675 -0.393552 0.005278
v -0.016989 -0.394110 0.024557
v -0.014940 -0.393496 0.122871
v -0.014238 -0.393775 0.156656
v -0.012480 -0.392366 0.173574
v -0.037689 -0.383364 -0.065505
v -0.026568 -0.373989 -0.075489
v -0.037586 -0.377563 -0.078440
v -0.044795 -0.399458 -0.034609
v -0.044190 -0.401761 0.175464
v -0.043755 -0.383578 -0.075850
v -0.018913 -0.391464 -0.017963
v -0.011493 -0.390738 -0.031646
v -0.013946 -0.372070 -0.077769
v -0.044535 -0.396195 0.184419
v -0.009088 -0.386391 -0.049780
v -0.002539 -0.397394 0.025553
v -0.002399 -0.397343 0.004092
v -0.002979 -0.395905 0.047983
v -0.002033 -0.396610 0.124901
v -0.002151 -0.396813 0.155453
v -0.001461 -0.396210 0.173662
v -0.002891 -0.394453 0.080794
v -0.002112 -0.396185 -0.014860
v -0.001151 -0.394216 -0.029525
v -0.000715 -0.390027 -0.047487
v 0.000291 -0.383559 -0.065334
v 0.000960 -0.376734 -0.079638
v -0.031694 -0.390144 0.180193
v 0.000311 -0.396620 0.073544
v -0.010337 -0.389848 0.177034
v 0.005391 -0.401483 0.164622
v 0.005655 -0.401443 0.125847
v 0.006184 -0.400496 0.077762
v 0.005710 -0.400363 0.176010
v 0.005537 -0.403547 0.009594
v 0.005611 -0.401801 0.046421
v -0.012877 -0.361764 -0.094424
v 0.001863 -0.364025 -0.100323
v 0.006034 -0.402499 -0.013420
v 0.006561 -0.399854 -0.032289
v 0.006321 -0.395331 -0.047381
v 0.004487 -0.395525 0.179485
v 0.006582 -0.386471 -0.071668
v 0.009588 -0.402951 0.184319
v 0.013755 0.488113 0.052583
v 0.011205 0.482145 -0.001057
v 0.010493 0.488497 0.072980
v 0.024965 0.487230 0.006761
v 0.027632 0.492545 0.058104
v 0.016257 0.490938 0.074840
v 0.023874 0.483353 -0.019400
v 0.010706 0.478834 -0.023258
v 0.017394 0.495460 0.132459
v 0.011165 0.492496 0.121211
v 0.027434 0.496905 0.120768
v 0.013134 0.496185 0.168750
v 0.027325 0.499237 0.165108
v 0.012697 0.497016 0.197578
v 0.026943 0.499561 0.198239
v 0.010663 0.472078 -0.055457
v 0.023108 0.475636 -0.051865
v 0.026809 0.498231 0.225810
v 0.013644 0.495755 0.225336
v 0.010648 0.463911 -0.087305
v 0.022391 0.465450 -0.088986
v 0.022061 0.459322 -0.108449
v 0.009031 0.450978 -0.127442
v 0.009706 0.457093 -0.108905
v 0.000685 0.489536 0.165011
v 0.004313 0.492837 0.201784
v 0.000782 0.487345 0.134904
v 0.010369 0.494100 0.226140
v -0.001606 0.456125 -0.090475
v -0.002138 0.445592 -0.126387
v -0.000145 0.466031 -0.052220
v 0.001553 0.483205 0.082759
v -0.000111 0.473777 0.000296
v -0.000007 0.488578 0.224165
v 0.001791 0.472364 -0.024639
v -0.004340 0.486628 0.196657
v -0.002431 0.436104 -0.149461
v -0.007266 0.451727 -0.088503
v -0.009133 0.439414 -0.127923
v -0.007210 0.462570 -0.034731
v -0.006721 0.481287 0.145871
v -0.006736 0.474882 0.076057
v -0.009517 0.430854 -0.148991
v 0.007519 0.440219 -0.150406
v -0.007715 0.469768 0.039682
v -0.009603 0.422627 -0.164174
v -0.011572 0.446147 -0.090960
v 0.010422 0.489752 0.242544
v -0.006147 0.481932 0.223437
v -0.015972 0.430621 -0.128865
v -0.016216 0.420195 -0.154479
v -0.013214 0.473449 0.156021
v -0.014107 0.473828 0.195156
v -0.009750 0.473111 0.101433
v -0.015627 0.440833 -0.089729
v -0.010764 0.457473 -0.034302
v -0.012145 0.458469 0.000573
v -0.006969 0.420583 -0.170703
v -0.014938 0.458845 0.046121
v -0.015751 0.461056 0.087177
v 0.000368 0.482581 0.240977
v -0.014401 0.471323 0.211196
v -0.015295 0.448637 -0.043169
v 0.005973 0.425339 -0.174205
v -0.016530 0.407735 -0.171427
v -0.012988 0.470697 0.224659
v -0.008277 0.471489 0.239261
v -0.012983 0.405058 -0.180445
v -0.017676 0.383941 -0.190606
v -0.014450 0.455607 0.240397
v -0.008180 0.405522 -0.186486
v -0.010970 0.387500 -0.198194
v 0.000348 0.473146 0.253681
v -0.005026 0.464816 0.252320
v -0.008583 0.453451 0.254243
v 0.008190 0.480565 0.254478
v 0.015300 0.486121 0.253482
v 0.026445 0.494463 0.241375
v 0.026055 0.488083 0.255145
v 0.023597 0.190631 0.006773
v 0.024949 0.196225 -0.022792
v 0.014265 0.194133 0.001646
v 0.013712 0.198832 -0.021646
v 0.013595 0.191892 0.016301
v 0.013324 0.204350 -0.055438
v 0.027067 0.199636 -0.049807
v 0.014667 0.209616 -0.079914
v 0.029417 0.203981 -0.078203
v 0.030255 0.208690 -0.097339
v 0.014899 0.214889 -0.098734
v 0.028842 0.186466 0.014427
v 0.030838 0.191840 -0.013932
v 0.031273 0.193952 -0.027605
v 0.028859 0.216630 -0.118518
v 0.014510 0.224029 -0.122990
v 0.030338 0.198353 -0.053781
v 0.027921 0.189301 0.034550
v 0.013595 0.193492 0.033974
v 0.028490 0.224259 -0.131391
v 0.025346 0.195876 0.071669
v 0.013958 0.198720 0.071586
v 0.015626 0.201909 0.102065
v 0.024659 0.199592 0.101990
v 0.028768 0.199820 0.125319
v 0.017978 0.203062 0.128260
v 0.039194 0.181920 -0.020143
v 0.032500 0.182724 0.014162
v 0.038549 0.178973 -0.008541
v 0.036965 0.173735 0.011038
v 0.038024 0.178115 0.044080
v 0.034667 0.188326 0.070266
v 0.038113 0.182670 0.071881
v 0.035306 0.191693 0.102544
v 0.038371 0.189293 0.123116
v 0.034873 0.194391 0.125725
v 0.038509 0.189920 0.168882
v 0.034740 0.195679 0.156361
v 0.033590 0.199753 0.169184
v 0.039090 0.192475 0.180613
v 0.035184 0.203933 0.182784
v 0.030745 0.207587 0.175333
v 0.032084 0.216997 0.186614
v 0.036426 0.216597 0.196313
v 0.031309 0.199878 0.157024
v 0.039166 0.187456 -0.041752
v 0.030488 0.187043 0.029329
v 0.030954 0.192245 0.070116
v 0.031618 0.195640 0.102425
v 0.038802 0.193936 -0.080565
v 0.039388 0.196190 -0.093059
v 0.034966 0.193902 -0.053324
v 0.040563 0.203452 -0.119743
v 0.035756 0.210771 -0.121089
v 0.040247 0.216621 -0.140954
v 0.034952 0.220745 -0.136199
v 0.029696 0.233491 -0.142443
v 0.025684 0.205192 0.163554
v 0.041148 0.230703 -0.154089
v 0.035174 0.238792 -0.151143
v 0.030617 0.250298 -0.150794
v 0.041858 0.250018 -0.162501
v 0.025465 0.202497 0.140097
v 0.014592 0.230040 -0.131997
v 0.036600 0.488581 0.035507
v 0.024965 0.487230 0.006761
v 0.027632 0.492545 0.058104
v 0.036064 0.484577 0.004773
v 0.037442 0.492382 0.078041
v 0.023874 0.483353 -0.019400
v 0.037793 0.496011 0.134075
v 0.027434 0.496905 0.120768
v 0.027325 0.499237 0.165108
v 0.038764 0.497021 0.165290
v 0.037515 0.497984 0.202749
v 0.026943 0.499561 0.198239
v 0.026809 0.498231 0.225810
v 0.038230 0.495926 0.226731
v 0.008334 0.071417 -0.038544
v -0.005908 0.093989 -0.026923
v -0.006639 0.075487 -0.044755
v -0.007135 0.056385 -0.063389
v 0.001393 0.097347 -0.018231
v 0.007617 0.056848 -0.053893
v -0.006362 0.108288 -0.012231
v -0.009052 0.040651 -0.080056
v 0.009676 0.088603 -0.022040
v 0.010376 0.099304 -0.010677
v 0.005315 0.030007 -0.083519
v -0.010537 0.027023 -0.094102
v -0.011529 0.008737 -0.112133
v 0.002575 0.105158 -0.008170
v 0.010762 0.108925 0.001979
v -0.017138 0.024064 -0.102896
v -0.018348 0.003078 -0.123465
v -0.003150 0.114080 0.001053
v -0.011259 -0.012550 -0.130400
v -0.020877 -0.013877 -0.139687
v -0.011643 -0.028463 -0.142607
v -0.022727 -0.025709 -0.149944
v -0.018931 0.053246 -0.079024
v -0.018188 0.082795 -0.050286
v -0.016672 0.100416 -0.032039
v -0.016739 0.116499 -0.015466
v -0.021927 -0.046178 -0.161633
v -0.012240 -0.042022 -0.151842
v -0.012925 -0.056451 -0.160316
v -0.025934 0.010312 -0.126903
v -0.024086 0.072184 -0.068463
v -0.024251 0.048939 -0.089970
v -0.028978 -0.033696 -0.161480
v -0.027616 -0.010495 -0.145816
v -0.021975 0.111637 -0.029422
v -0.023740 0.087934 -0.053989
v -0.030482 -0.064734 -0.178109
v -0.013047 -0.075419 -0.169559
v -0.026217 -0.072539 -0.177476
v -0.022517 0.123931 -0.016381
v -0.016766 0.125073 0.000567
v -0.007763 0.116912 0.001466
v -0.033469 -0.060692 -0.180136
v -0.028938 0.032271 -0.114202
v -0.033054 0.028062 -0.127507
v -0.032216 0.046257 -0.109595
v -0.028871 0.118632 -0.038188
v -0.029727 0.106256 -0.051346
v -0.022142 0.131693 -0.001703
v -0.035179 -0.015208 -0.163267
v -0.033896 0.008177 -0.145466
v -0.036600 -0.054184 -0.183158
v -0.030754 0.076613 -0.080721
v -0.028379 0.136051 -0.020145
v -0.037547 -0.082399 -0.193698
v -0.034281 -0.096085 -0.192063
v -0.038947 -0.117121 -0.201795
v -0.026955 0.145242 0.001689
v -0.035098 -0.360957 -0.236086
v -0.025874 -0.363783 -0.240186
v -0.034383 -0.380984 -0.221766
v -0.025678 -0.382682 -0.225718
v -0.026485 -0.395326 -0.214795
v -0.035356 -0.398212 -0.206334
v -0.026711 -0.416094 -0.194695
v -0.035672 -0.411700 -0.193331
v -0.029098 -0.429726 -0.178808
v -0.038954 -0.424137 -0.176291
v -0.032921 -0.340794 -0.250150
v -0.041846 -0.373337 -0.220958
v -0.043408 -0.392959 -0.202816
v -0.045273 -0.416671 -0.176741
v -0.041838 -0.353501 -0.234571
v -0.040724 -0.335769 -0.246122
v -0.033620 -0.321630 -0.259321
v -0.022832 -0.321333 -0.265469
v -0.023189 -0.336422 -0.257383
v -0.031887 -0.302720 -0.268461
v -0.022173 -0.301647 -0.274155
v -0.040720 -0.314828 -0.255757
v -0.019829 -0.287776 -0.279545
v -0.030526 -0.277285 -0.276647
v -0.029323 -0.442745 -0.159349
v -0.037979 -0.437275 -0.158715
v -0.049471 -0.356597 -0.221130
v -0.049445 -0.342422 -0.229043
v -0.045543 -0.428722 -0.160400
v -0.050100 -0.375866 -0.205618
v -0.051056 -0.392284 -0.189799
v -0.047934 -0.312842 -0.246076
v -0.052165 -0.410588 -0.169078
v -0.039399 -0.293521 -0.264389
v -0.046731 -0.280711 -0.256678
v -0.054483 -0.352968 -0.210280
v -0.053022 -0.425448 -0.145319
v -0.055301 -0.377628 -0.189489
v -0.038720 -0.274031 -0.269524
v -0.053746 -0.330981 -0.223673
v -0.055847 -0.401496 -0.166275
v -0.045648 -0.437948 -0.144526
v -0.051913 -0.302063 -0.239676
v -0.044650 -0.240263 -0.264456
v -0.056691 -0.422487 -0.132909
v -0.037267 -0.248855 -0.274040
v -0.049955 -0.264033 -0.250860
v -0.053000 -0.435457 -0.126360
v -0.057484 -0.433063 -0.104949
v -0.047551 -0.215819 -0.257022
v -0.053601 -0.441218 -0.109052
v -0.042656 -0.192346 -0.265468
v -0.040996 -0.147637 -0.263009
v -0.058203 -0.445387 -0.062283
v -0.054144 -0.449965 -0.078085
v -0.054159 -0.457121 -0.046261
v -0.055580 -0.462362 -0.020352
v -0.058899 -0.450105 -0.034058
v -0.058453 -0.462056 0.007742
v -0.055408 -0.470599 0.020224
v -0.055817 -0.472259 0.047225
v -0.052881 -0.476656 0.044489
v -0.045972 -0.445759 -0.127017
v -0.046317 -0.452244 -0.108056
v -0.055420 -0.473188 0.128779
v -0.053083 -0.477510 0.099959
v -0.052619 -0.476015 0.171668
v -0.048630 -0.482870 0.139341
v -0.048142 -0.480859 0.024441
v -0.047171 -0.482529 0.195114
v -0.049581 -0.477738 0.207639
v -0.048339 -0.483518 0.080324
v -0.048337 -0.476864 0.003708
v -0.048530 -0.470470 -0.021371
v -0.045634 -0.459676 -0.080585
v -0.042527 -0.483882 0.224240
v -0.048029 -0.464238 -0.043837
v -0.044727 -0.463211 -0.061195
v -0.040140 -0.490127 0.178477
v -0.036415 -0.491831 0.207668
v -0.038732 -0.453419 -0.125719
v -0.038003 -0.458869 -0.112354
v -0.039369 -0.483494 -0.004546
v -0.041177 -0.489747 0.133107
v -0.037236 -0.465799 -0.088353
v -0.030783 -0.474151 -0.068609
v -0.039245 -0.490119 0.044276
v -0.040005 -0.487647 0.022138
v -0.040358 -0.490353 0.078098
v -0.034761 -0.479014 -0.033691
v -0.029338 -0.479655 -0.048224
v -0.030691 -0.486055 -0.022305
v -0.037717 -0.469019 -0.051451
v -0.028738 -0.473301 -0.083614
v -0.025350 -0.480012 -0.059866
v -0.031145 -0.492344 0.009951
v -0.030302 -0.493392 0.224771
v -0.031025 -0.495564 0.035251
v -0.035251 -0.484909 0.238541
v -0.031969 -0.496128 0.177009
v -0.031987 -0.496230 0.076089
v -0.023747 -0.486760 -0.033075
v -0.029578 -0.496467 0.206437
v -0.029556 -0.487750 0.240733
v 0.016616 0.278831 -0.143462
v 0.000959 0.279414 -0.146990
v 0.016198 0.263925 -0.146372
v -0.000052 0.263681 -0.149777
v 0.001661 0.288074 -0.143345
v 0.017675 0.298445 -0.133704
v 0.001849 0.299261 -0.138222
v 0.002994 0.313239 -0.129534
v 0.019419 0.316141 -0.122816
v 0.010669 0.327974 -0.117176
v 0.002795 0.327993 -0.120549
v 0.019985 0.326162 -0.115914
v -0.007105 0.281565 -0.151260
v 0.003370 0.343403 -0.107596
v 0.011470 0.343194 -0.103319
v 0.020904 0.341526 -0.101391
v -0.007310 0.305245 -0.141722
v -0.007244 0.333246 -0.125414
v -0.006303 0.347076 -0.113282
v -0.008138 0.265679 -0.154185
v 0.005619 0.354043 -0.092722
v 0.021334 0.349126 -0.091831
v -0.005112 0.360096 -0.096805
v 0.021750 0.358510 -0.077481
v -0.013690 0.303338 -0.148870
v -0.012742 0.327202 -0.135524
v -0.015442 0.281601 -0.158419
v -0.012366 0.343251 -0.124310
v -0.011661 0.358397 -0.108405
v -0.011383 0.367391 -0.096012
v -0.015460 0.265795 -0.160293
v 0.004305 0.363177 -0.079040
v -0.005295 0.371433 -0.076925
v -0.010746 0.375294 -0.079997
v 0.003357 0.369635 -0.063430
v 0.009460 0.367032 -0.064413
v -0.010198 0.382297 -0.059794
v 0.021250 0.368571 -0.049741
v -0.006692 0.381530 -0.048639
v 0.002668 0.374751 -0.048117
v -0.022387 0.267033 -0.170435
v -0.016736 0.252106 -0.160884
v -0.010141 0.393852 -0.014432
v -0.008589 0.251333 -0.153627
v -0.002972 0.388567 -0.010764
v -0.010338 0.398041 0.000602
v -0.016658 0.238705 -0.156435
v -0.008954 0.238099 -0.149044
v -0.002263 0.391967 0.002844
v -0.010411 0.400460 0.019517
v 0.002312 0.392185 0.022410
v 0.002411 0.388476 0.000461
v 0.003184 0.380613 -0.025187
v -0.036685 0.139837 -0.103045
v -0.037567 0.121735 -0.092845
v -0.035860 0.137512 -0.070549
v -0.034235 0.152815 -0.085634
v -0.035730 0.151616 -0.115433
v -0.035745 0.150975 -0.128191
v -0.037179 0.127083 -0.121491
v -0.037943 0.099911 -0.109232
v -0.037974 0.079279 -0.123379
v -0.034940 0.142634 -0.141199
v -0.034055 0.170626 -0.154758
v -0.032844 0.171688 -0.172331
v -0.032330 0.203893 -0.183644
v -0.032802 0.178916 -0.145502
v -0.031824 0.194836 -0.162772
v -0.030564 0.220833 -0.180826
v -0.032852 0.170702 -0.122356
v -0.036462 0.106749 -0.130350
v -0.036763 0.076097 -0.136693
v -0.037599 0.058595 -0.138826
v -0.031499 0.194209 -0.189938
v -0.031338 0.227345 -0.192939
v -0.037022 0.085816 -0.106033
v -0.035821 0.111689 -0.076851
v -0.036285 0.047261 -0.128292
v -0.037874 0.043612 -0.146106
v -0.036102 0.057090 -0.159518
v -0.038052 0.034359 -0.170317
v -0.038572 0.026173 -0.161716
v -0.039629 0.013555 -0.175922
v -0.038769 0.016679 -0.191435
v -0.041476 -0.011638 -0.196721
v -0.035322 0.073972 -0.147142
v -0.036427 0.044294 -0.175048
v -0.036753 0.031003 -0.190429
v -0.038180 0.006636 -0.208114
v -0.041107 -0.031125 -0.219397
v -0.042784 -0.040315 -0.209138
v -0.043594 -0.059202 -0.220068
v -0.042752 -0.073577 -0.208700
v -0.039509 -0.016172 -0.178179
v -0.040897 -0.034262 -0.192041
v -0.045145 -0.099293 -0.226290
v -0.044163 -0.099324 -0.238706
v -0.047740 -0.152299 -0.237923
v -0.046780 -0.152696 -0.225351
v -0.049478 -0.205221 -0.224037
v -0.041425 -0.062828 -0.237850
v -0.038402 -0.002190 -0.167243
v -0.028057 0.248765 -0.182184
v -0.032854 0.130665 -0.047014
v -0.051560 -0.218129 -0.234356
v -0.053751 -0.258885 -0.214589
v -0.054802 -0.266456 -0.223062
v -0.058438 -0.323626 -0.197427
v -0.053693 -0.259841 -0.234107
v -0.056047 -0.305484 -0.222492
v -0.055601 -0.295546 -0.193060
v -0.057110 -0.329628 -0.173636
v -0.059607 -0.359943 -0.169746
v -0.057962 -0.352590 -0.157118
v -0.058621 -0.373014 -0.140015
v -0.060254 -0.394396 -0.134096
v -0.059673 -0.395731 -0.120073
v -0.060247 -0.413839 -0.100319
v -0.060017 -0.399961 -0.137006
v -0.058891 -0.371524 -0.176818
v -0.057758 -0.340594 -0.203249
v -0.048848 -0.201942 -0.249966
v -0.059392 -0.424778 -0.102628
v -0.059437 -0.432689 -0.075217
v -0.059839 -0.426956 -0.069239
v -0.060169 -0.439134 -0.035768
v -0.058415 -0.409634 -0.084858
v -0.058306 -0.423348 -0.050592
v -0.057973 -0.438040 -0.000140
v -0.059915 -0.449674 -0.000525
v -0.056830 -0.442769 0.042236
v -0.043448 -0.108098 -0.213167
v -0.045313 -0.142773 -0.250986
v -0.030837 0.147072 -0.028111
v -0.030892 0.154530 -0.040419
v -0.029702 0.156007 -0.016233
v -0.037037 0.020790 -0.151844
v -0.035639 0.068088 -0.107352
v -0.026955 0.145242 0.001689
v -0.034094 0.104047 -0.143317
v -0.059189 -0.453867 0.042890
v -0.058280 -0.465443 0.058007
v -0.059058 -0.453970 0.086791
v -0.058426 -0.464301 0.129933
v -0.059135 -0.450748 0.169578
v -0.057964 -0.439484 0.166617
v -0.058749 -0.438499 0.197552
v -0.058727 -0.450681 0.206985
v -0.058695 -0.436079 0.213447
v -0.057450 -0.425988 0.197499
v -0.057243 -0.402299 0.215567
v -0.058176 -0.420514 0.227174
v -0.056738 -0.339637 0.231433
v -0.055878 -0.429560 0.169113
v -0.057332 -0.447317 0.225896
v -0.055917 -0.384712 0.241647
v -0.055217 -0.331494 0.242919
v -0.054391 -0.295078 0.232435
v -0.051641 -0.257217 0.244365
v -0.050677 -0.221988 0.235300
v -0.049088 -0.200482 0.243339
v -0.053885 -0.316213 0.217709
v -0.048719 -0.163181 0.237758
v -0.057394 -0.442135 0.112047
v -0.049837 -0.251920 0.216424
v -0.047729 -0.210192 0.218081
v -0.046905 -0.151781 0.228800
v -0.046327 -0.109178 0.240118
v -0.046073 -0.147638 0.254050
v -0.044625 -0.067169 0.242225
v -0.043530 -0.099197 0.257476
v -0.043117 -0.071575 0.228278
v -0.040804 -0.016082 0.227067
v -0.042729 -0.010850 0.242704
v -0.047422 -0.200137 0.253552
v -0.038911 0.028134 0.230388
v -0.035079 0.086936 0.220189
v -0.040597 0.031697 0.243821
v -0.037819 0.092917 0.242974
v -0.034444 0.135768 0.228691
v -0.035008 0.156617 0.240495
v -0.034022 0.155573 0.252319
v -0.031841 0.212495 0.247092
v -0.033017 0.192782 0.241858
v -0.030821 0.173090 0.207886
v -0.031976 0.158940 0.205698
v -0.031440 0.159873 0.190983
v -0.028765 0.179395 0.182700
v -0.028947 0.176730 0.159420
v -0.032607 0.147558 0.213832
v -0.031524 0.186132 0.261324
v -0.030328 0.262970 0.244861
v -0.029819 0.224057 0.261675
v -0.029295 0.294265 0.234198
v -0.028507 0.302623 0.245988
v -0.027983 0.334966 0.230428
v -0.030424 0.244029 0.235114
v -0.030822 0.208492 0.234189
v -0.025201 0.362084 0.242632
v -0.025787 0.379085 0.228649
v -0.026024 0.350511 0.216329
v -0.022369 0.429185 0.217000
v -0.023094 0.407399 0.211840
v -0.021978 0.427642 0.198362
v -0.021431 0.440892 0.196103
v -0.020145 0.455700 0.202157
v -0.022103 0.427885 0.227443
v -0.018495 0.460055 0.148203
v -0.019068 0.442069 0.104350
v -0.017221 0.454511 0.093028
v -0.018503 0.455226 0.224107
v -0.019191 0.438801 0.045338
v -0.017878 0.448048 0.039761
v -0.018968 0.434149 -0.006149
v -0.018570 0.424284 0.057384
v -0.018619 0.424569 -0.001666
v -0.018218 0.423493 0.107643
v -0.019652 0.427117 -0.021685
v -0.019396 0.435199 -0.055073
v -0.021975 0.420173 -0.076993
v -0.019181 0.434428 0.123672
v -0.019979 0.430978 0.170768
v -0.021025 0.420852 0.192443
v -0.021396 0.407949 0.197513
v -0.020063 0.413853 -0.045544
v -0.022473 0.403331 -0.096820
v -0.023825 0.405173 -0.119997
v -0.016826 0.445830 -0.025445
v -0.022380 0.378456 -0.119869
v -0.031657 0.160073 0.150431
v -0.021523 0.419190 -0.118932
v -0.019887 0.431641 -0.084275
v -0.035311 0.095213 0.262349
v -0.039569 0.012982 0.257878
v -0.041824 -0.065224 0.258837
v -0.022560 0.407201 -0.143982
v -0.025257 0.385436 -0.149601
v -0.024260 0.370414 -0.142318
v -0.025097 0.352190 -0.157265
v -0.026524 0.352375 -0.173329
v -0.025305 0.316051 -0.168973
v -0.023842 0.390451 -0.161392
v -0.025172 0.349438 -0.188112
v -0.028380 0.299120 -0.191918
v -0.026802 0.307696 -0.199583
v -0.026731 0.291361 0.215993
v -0.028487 0.173421 0.124889
v -0.032729 0.130034 0.216094
v -0.027290 0.287470 0.257348
v -0.020643 0.421942 0.239851
v -0.030165 0.188244 0.219562
v -0.015751 0.461056 0.087177
v -0.025989 0.329278 0.251462
v -0.029565 0.265175 -0.195958
v -0.026250 0.292123 -0.208863
v -0.028276 0.253420 -0.209000
v -0.019031 0.422309 0.169904
v -0.056516 -0.442984 0.073050
v -0.026924 0.272976 -0.181237
v -0.030744 0.157421 0.073935
v -0.029716 0.138012 0.204944
v -0.025863 0.298984 -0.175918
v -0.050557 -0.242367 -0.248917
v -0.054270 -0.295515 -0.232584
v -0.057909 -0.387803 -0.117161
v -0.028812 0.227141 -0.207926
v -0.028091 0.155334 0.000876
v -0.027389 0.159764 0.001845
v -0.025578 0.169076 0.025293
v -0.027189 0.140825 0.040906
v -0.020847 0.404566 -0.071809
v -0.021669 0.389737 -0.103245
v -0.022834 0.355325 -0.141485
v -0.058827 -0.410936 -0.135333
v -0.057729 -0.389828 -0.167808
v -0.030698 0.175940 -0.188541
v -0.026849 0.174064 0.069875
v -0.030113 0.156278 0.041764
v -0.027158 0.187415 0.198079
v -0.041749 -0.082845 -0.244875
v -0.042932 -0.113421 -0.250782
v -0.032049 0.152079 -0.167301
v -0.032854 0.129099 -0.149378
v -0.024044 0.332367 -0.158205
v -0.022723 0.361013 0.199567
v -0.034824 0.083845 -0.091121
v -0.028957 0.221624 -0.172583
v -0.029735 0.194801 -0.148190
v -0.030602 0.177894 -0.115620
v -0.031909 0.159419 -0.077404
v -0.043100 -0.119093 0.217552
v -0.056919 -0.464888 0.193632
v -0.039801 -0.045142 -0.189001
v -0.041227 -0.076602 -0.202000
v -0.055572 -0.406941 0.202014
v -0.053248 -0.370180 0.206117
v -0.038747 -0.014939 -0.220802
v -0.021999 0.382443 -0.178908
v -0.025739 0.170501 -0.008079
v -0.038419 0.021264 0.261920
v -0.056771 -0.424107 -0.027612
v -0.056171 -0.413768 -0.053835
v -0.026712 0.243749 0.216503
v -0.029542 0.201420 -0.201062
v -0.055440 -0.428328 0.239839
v -0.044953 -0.160688 -0.215902
v -0.048368 -0.212966 -0.214343
v -0.051782 -0.247879 -0.211414
v -0.028106 0.141477 0.071467
v -0.028643 0.142849 0.137396
v -0.016761 0.414111 0.001980
v -0.036214 0.026817 0.217421
v -0.025691 0.171138 -0.013876
v -0.022377 0.325461 0.200592
v -0.028379 0.136051 -0.020145
v -0.056231 -0.432027 0.002746
v -0.053567 -0.430315 0.026040
v -0.033314 0.110340 -0.062407
v -0.055799 -0.398562 -0.085435
v -0.024415 0.317488 -0.206511
v -0.023027 0.354279 -0.194718
v -0.039246 -0.044159 0.216803
v -0.027111 0.176556 0.110789
v -0.026509 0.167436 -0.023027
v -0.016571 0.414340 0.039865
v -0.053726 -0.429016 0.108601
v -0.052321 -0.430052 0.075109
v -0.016593 0.443431 0.242455
v -0.026175 0.172090 0.047403
v -0.028386 0.144047 0.174930
v -0.028502 0.142345 0.191847
v -0.017692 0.464331 0.198456
v -0.049973 -0.256826 -0.199180
v -0.020155 0.414904 -0.147498
v -0.019936 0.424191 -0.121017
v -0.014938 0.458845 0.046121
v -0.014842 0.453955 0.009268
v -0.015295 0.448637 -0.043169
v -0.020921 0.396730 -0.169899
v -0.053025 -0.415013 0.182605
v -0.053163 -0.409970 0.190920
v -0.027569 0.193191 0.211499
v -0.022492 0.361096 0.253557
v -0.055375 -0.465147 0.211951
v -0.051616 -0.417143 0.162948
v -0.055011 -0.438154 0.052016
v -0.017252 0.398195 -0.052435
v -0.024360 0.169404 0.001674
v -0.053243 -0.465711 0.224912
v -0.026206 0.209019 0.216127
v -0.028772 0.217276 0.226040
v -0.050270 -0.417269 0.128637
v -0.048595 -0.416582 0.092529
v -0.031295 0.078943 -0.160408
v -0.031469 0.056800 -0.182456
v -0.030032 0.107020 -0.156627
v -0.029490 0.122489 -0.159613
v -0.048089 -0.231626 0.254369
v -0.014401 0.471323 0.211196
v -0.015786 0.414169 0.073002
v -0.051419 -0.310413 0.211264
v -0.026062 0.182117 -0.088671
v -0.014450 0.455607 0.240397
v -0.033054 0.028062 -0.127507
v -0.032216 0.046257 -0.109595
v -0.033896 0.008177 -0.145466
v -0.035179 -0.015208 -0.163267
v -0.054776 -0.377742 -0.116153
v -0.048986 -0.280531 0.255090
v -0.053737 -0.355412 -0.138668
v -0.028011 0.162621 -0.044769
v -0.051290 -0.292533 -0.179444
v -0.028284 0.138902 -0.172944
v -0.028871 0.118632 -0.038188
v -0.051979 -0.417715 -0.004898
v -0.052717 -0.320738 -0.164733
v -0.026153 0.191778 -0.118844
v -0.025376 0.203288 -0.139729
v -0.025335 0.139288 0.001554
v -0.014107 0.473828 0.195156
v -0.013214 0.473449 0.156021
v -0.012988 0.470697 0.224659
v -0.021290 0.271561 0.199755
v -0.046051 -0.414290 0.068491
v -0.025048 0.217321 -0.156401
v -0.017509 0.389447 -0.078822
v -0.018070 0.379345 -0.099493
v -0.028096 0.166774 -0.069234
v -0.030754 0.076613 -0.080721
v -0.029727 0.106256 -0.051346
v -0.052110 -0.399950 0.195373
v -0.052151 -0.382696 0.200134
v -0.036600 -0.054184 -0.183158
v -0.037547 -0.082399 -0.193698
v -0.045621 -0.413886 0.044327
v -0.052795 -0.450941 0.239672
v -0.032562 0.031225 -0.205551
v -0.015510 0.414644 0.117063
v -0.023549 0.257184 -0.222117
v -0.026934 0.174224 -0.199962
v -0.026177 0.194706 -0.209420
v -0.035755 -0.033097 -0.239430
v -0.052073 -0.410810 -0.032686
v -0.016857 0.415123 0.171402
v -0.017618 0.409870 0.185602
v -0.017203 0.393923 0.186575
v -0.034197 0.000454 -0.224754
v -0.024751 0.223722 -0.219179
v -0.020560 0.325130 -0.214301
v -0.022168 0.289031 -0.220601
v -0.038947 -0.117121 -0.201795
v -0.032922 0.015820 -0.217660
v -0.015808 0.422696 0.252867
v -0.022010 0.287567 -0.167993
v -0.020957 0.314097 -0.157007
v -0.024467 0.229655 -0.164665
v -0.023756 0.249042 -0.171464
v -0.015627 0.440833 -0.089729
v -0.049381 -0.351218 0.200340
v -0.018475 0.363943 0.190900
v -0.019964 0.180456 -0.036738
v -0.022807 0.171886 -0.048882
v -0.023611 0.172899 -0.061704
v -0.019948 0.181879 -0.050030
v -0.021705 0.181893 -0.066890
v -0.019300 0.190244 -0.074045
v -0.018881 0.359248 -0.203699
v -0.017676 0.383941 -0.190606
v -0.046693 -0.414407 0.025723
v -0.039667 -0.123421 -0.261023
v -0.018593 0.367416 -0.115924
v -0.019291 0.351893 -0.131783
v -0.020227 0.334520 -0.145664
v -0.037429 -0.072648 -0.252384
v -0.042943 -0.203942 0.206823
v -0.040513 -0.158461 0.207519
v -0.046070 -0.276422 0.203355
v -0.022696 0.197095 0.194697
v -0.021892 0.207823 0.206372
v -0.022784 0.189327 0.168719
v -0.040536 -0.158591 -0.205604
v -0.051374 -0.404247 -0.048500
v -0.051332 -0.392323 -0.077340
v -0.016530 0.407735 -0.171427
v -0.050671 -0.335416 0.254090
v -0.015972 0.430621 -0.128865
v -0.048376 -0.405877 0.180559
v -0.018262 0.241739 0.196085
v -0.018017 0.210904 0.196974
v -0.012145 0.458469 0.000573
v -0.031243 0.077400 0.210884
v -0.027142 0.128756 0.202133
v -0.052669 -0.415280 0.247233
v -0.016216 0.420195 -0.154479
v -0.050654 -0.377623 -0.102089
v -0.037414 -0.108034 0.206292
v -0.034398 -0.044613 0.207075
v -0.032269 0.000065 0.206248
v -0.049846 -0.361679 -0.121564
v -0.044377 -0.222427 -0.201171
v -0.045390 -0.253201 -0.190532
v -0.042616 -0.194886 -0.204864
v -0.050779 -0.371324 0.253144
v -0.049043 -0.339465 -0.141433
v -0.022307 0.313717 0.261910
v -0.030067 0.105964 0.272339
v -0.013483 0.392372 -0.041625
v -0.034142 0.032655 0.269209
v -0.022142 0.131693 -0.001703
v -0.025643 0.089695 0.200516
v -0.026190 0.213244 0.269392
v -0.013577 0.407488 0.039258
v -0.048369 -0.466565 0.238534
v -0.018074 0.204950 0.190485
v -0.018655 0.196996 0.174764
v -0.008583 0.453451 0.254243
v -0.019063 0.128216 0.021473
v -0.021294 0.124205 0.192011
v -0.047641 -0.310617 -0.160839
v -0.046472 -0.283034 -0.174843
v -0.020016 0.188418 0.133810
v -0.019174 0.187631 0.102100
v -0.019525 0.197788 -0.102090
v -0.018659 0.206055 -0.121700
v -0.017384 0.214962 -0.135701
v -0.044861 -0.406636 0.157040
v -0.044512 -0.408934 0.105149
v -0.042865 -0.179948 0.261255
v -0.044228 -0.229071 0.260881
v -0.038749 -0.100814 0.266362
v -0.035103 -0.043104 0.269770
v -0.011360 0.400538 0.174970
v -0.011092 0.403597 0.170671
v -0.020897 0.118048 0.192863
v -0.021847 0.127687 0.190317
v -0.021181 0.129075 0.182447
v -0.018838 0.357875 0.260617
v -0.010599 0.404874 0.157297
v -0.045548 -0.392645 0.187180
v -0.044622 -0.383597 0.188180
v -0.043882 -0.353929 0.191118
v -0.020749 0.129941 0.169698
v -0.016110 0.187242 -0.046569
v -0.044503 -0.407257 0.004325
v -0.044483 -0.403431 -0.015248
v -0.047567 -0.438656 0.251921
v -0.015378 0.256229 0.190157
v -0.035343 -0.170453 0.197325
v -0.028851 -0.078310 0.195481
v -0.028127 -0.035873 0.196958
v -0.025171 0.060401 0.197953
v -0.010487 0.403602 0.063072
v -0.010757 0.406201 0.113718
v -0.037365 -0.400533 0.076415
v -0.036812 -0.400924 0.049068
v -0.024243 0.248323 0.266914
v -0.037868 -0.401324 0.024557
v -0.028258 0.076420 0.276730
v -0.037573 -0.130643 0.268903
v -0.047463 -0.476468 0.225292
v -0.013934 0.213087 0.190130
v -0.014029 0.205372 0.180967
v -0.012989 0.253329 0.187369
v -0.014162 0.325940 0.187686
v -0.018557 0.193875 0.160889
v -0.044795 -0.399458 -0.034609
v -0.040942 -0.286677 0.194592
v -0.035322 -0.200033 0.195022
v -0.016799 0.225493 -0.147846
v -0.022318 0.081951 0.194826
v -0.021378 0.100312 0.194420
v -0.019068 0.185145 0.073009
v -0.019214 0.180461 -0.022176
v -0.010591 0.193837 -0.051431
v -0.019683 0.175600 0.001967
v -0.018670 0.178531 0.028995
v -0.025093 -0.014073 0.194243
v -0.040113 -0.400598 -0.002751
v -0.038255 -0.400919 0.102860
v -0.038833 -0.401765 0.129419
v -0.018567 0.193195 -0.081555
v -0.044190 -0.401761 0.175464
v -0.044535 -0.396195 0.184419
v -0.042414 -0.393205 -0.048140
v -0.043755 -0.383578 -0.075850
v -0.041370 -0.477342 0.239683
v -0.014281 0.351132 0.186336
v -0.014178 0.381352 0.184390
v -0.013820 0.199681 0.168944
v -0.038569 -0.400619 0.154915
v -0.014539 0.191667 0.095881
v -0.039287 -0.291073 0.192404
v -0.011322 0.188432 -0.024344
v -0.010823 0.201240 -0.084096
v -0.011372 0.207587 -0.106893
v -0.011670 0.212864 -0.121498
v -0.016860 0.191477 0.136930
v -0.010327 0.223412 -0.137620
v -0.011952 0.182079 0.004676
v -0.013497 0.189645 0.070516
v -0.011538 0.184922 0.033283
v -0.002105 0.212282 0.175159
v -0.004315 0.206273 0.168705
v -0.001807 0.195477 -0.027361
v -0.000966 0.199807 -0.047993
v -0.001979 0.202325 -0.063334
v -0.002225 0.191319 -0.009560
v -0.002229 0.189084 0.003261
v -0.003497 0.187958 0.014590
v -0.002643 0.190284 0.034462
v -0.006494 0.402933 0.111963
v -0.004075 0.200980 0.152500
v -0.003753 0.203127 0.161846
v -0.001964 0.219438 -0.122166
v -0.002336 0.211548 -0.101431
v -0.001518 0.206386 -0.081169
v -0.006329 0.399008 0.040650
v 0.002383 0.396759 0.096277
v -0.003983 0.198676 0.133388
v -0.005483 0.197015 0.098942
v -0.001411 0.226592 -0.132894
v -0.001983 0.233061 -0.140534
v -0.001756 0.241681 -0.146097
v -0.002831 0.195607 0.071427
v 0.002137 0.397724 0.128037
v 0.001862 0.397593 0.157131
v -0.001781 0.251351 -0.149497
v 0.002051 0.395146 0.170187
v 0.003189 0.393526 0.043921
v 0.013712 0.198832 -0.021646
v 0.000786 0.199077 0.100231
v 0.000375 0.199207 0.124434
v 0.006251 0.214772 -0.103738
v 0.014265 0.194133 0.001646
v 0.013595 0.191892 0.016301
v -0.015680 -0.092382 -0.272435
v -0.026289 -0.115962 -0.271896
v -0.023403 -0.074400 -0.265075
v -0.030454 -0.091091 -0.264942
v -0.017329 -0.124080 -0.277222
v -0.014865 -0.074283 -0.268611
v -0.016935 -0.160750 -0.282749
v -0.026065 -0.193446 -0.282302
v -0.032143 -0.131671 -0.270740
v -0.018697 -0.200240 -0.287236
v -0.029611 -0.073451 -0.261247
v -0.019462 -0.221659 -0.288068
v -0.029372 -0.224798 -0.281922
v -0.027259 -0.045217 -0.253631
v -0.029069 -0.246838 -0.281672
v -0.020747 -0.242939 -0.286778
v -0.035093 -0.189022 -0.274728
v -0.013661 -0.048346 -0.260606
v -0.009032 -0.202582 -0.290248
v -0.013114 -0.026009 -0.252461
v -0.022133 -0.023064 -0.247571
v -0.007873 -0.215298 -0.290927
v -0.004710 -0.178412 -0.287765
v -0.013597 -0.243814 -0.289175
v -0.003774 -0.150197 -0.283018
v -0.003975 -0.122733 -0.278575
v -0.027555 -0.024027 -0.244874
v -0.012088 0.002440 -0.240348
v -0.019914 0.001771 -0.237083
v -0.026663 -0.000602 -0.234262
v -0.014644 -0.266111 -0.285688
v -0.023295 -0.265788 -0.282687
v -0.030526 -0.277285 -0.276647
v -0.023732 0.021531 -0.223459
v -0.011227 0.026043 -0.226772
v -0.019829 -0.287776 -0.279545
v -0.040996 -0.147637 -0.263009
v -0.042656 -0.192346 -0.265468
v -0.036639 -0.229335 -0.275291
v -0.037267 -0.248855 -0.274040
v -0.038720 -0.274031 -0.269524
v -0.039667 -0.123421 -0.261023
v -0.037429 -0.072648 -0.252384
v -0.035755 -0.033097 -0.239430
v -0.032922 0.015820 -0.217660
v -0.034197 0.000454 -0.224754
v -0.028445 0.035218 -0.208013
v -0.044650 -0.240263 -0.264456
v -0.032562 0.031225 -0.205551
v -0.031469 0.056800 -0.182456
v -0.027578 0.064131 -0.182499
v -0.024855 0.080942 -0.173130
v -0.031295 0.078943 -0.160408
v -0.018126 -0.200059 -0.186116
v -0.017234 -0.169964 -0.187427
v -0.027951 -0.196757 -0.191045
v -0.026102 -0.165777 -0.191840
v -0.016446 -0.156642 -0.187134
v -0.026410 -0.138249 -0.191365
v -0.015092 -0.142626 -0.186106
v -0.016068 -0.120473 -0.184530
v -0.030922 -0.122954 -0.193536
v -0.033478 -0.145348 -0.196478
v -0.034160 -0.168065 -0.197118
v -0.035855 -0.198728 -0.196139
v -0.024902 -0.096910 -0.184697
v -0.013656 -0.092880 -0.176540
v -0.034281 -0.096085 -0.192063
v -0.029452 -0.219525 -0.187546
v -0.036809 -0.219094 -0.192769
v -0.019725 -0.215021 -0.183917
v -0.009390 -0.124122 -0.182839
v -0.007299 -0.107545 -0.178820
v -0.038947 -0.117121 -0.201795
v -0.026217 -0.072539 -0.177476
v -0.013047 -0.075419 -0.169559
v -0.033469 -0.060692 -0.180136
v -0.001522 -0.156798 -0.184661
v -0.000252 -0.141720 -0.183426
v 0.001254 -0.121198 -0.180154
v -0.002343 -0.173509 -0.185129
v -0.005389 -0.205385 -0.183134
v -0.006278 -0.226438 -0.179014
v -0.020192 -0.227993 -0.180703
v -0.040536 -0.158591 -0.205604
v -0.042616 -0.194886 -0.204864
v -0.044377 -0.222427 -0.201171
v -0.045390 -0.253201 -0.190532
v -0.037605 -0.246863 -0.183875
v 0.011434 -0.152174 -0.186988
v 0.012976 -0.123541 -0.182635
v 0.009859 -0.172204 -0.187644
v 0.007981 -0.200547 -0.186070
v 0.047229 0.491993 0.165868
v 0.044126 0.492046 0.118786
v 0.038764 0.497021 0.165290
v 0.041953 0.495857 0.196748
v 0.037793 0.496011 0.134075
v 0.037515 0.497984 0.202749
v 0.037442 0.492382 0.078041
v 0.044259 0.487942 0.070939
v 0.036600 0.488581 0.035507
v 0.045612 0.484040 0.042437
v 0.036064 0.484577 0.004773
v 0.043636 0.480393 0.010633
v 0.048354 0.488778 0.117693
v 0.047265 0.491781 0.204115
v 0.038230 0.495926 0.226731
v 0.035014 0.480288 -0.018573
v 0.047204 0.489344 0.225789
v 0.043319 0.474330 -0.014581
v 0.036085 0.476964 -0.029802
v 0.042775 0.465329 -0.050136
v 0.035178 0.471771 -0.052310
v 0.051135 0.483649 0.098048
v 0.047641 0.480017 0.031016
v 0.042703 0.454669 -0.084722
v 0.033768 0.462279 -0.087454
v 0.046923 0.463317 -0.033574
v 0.047358 0.454257 -0.057540
v 0.048112 0.457966 -0.039906
v 0.049798 0.461860 -0.018759
v 0.046880 0.472748 -0.004016
v 0.051337 0.465608 0.002411
v 0.050292 0.478392 0.043247
v 0.054272 0.469008 0.044878
v 0.055016 0.472266 0.071944
v 0.054994 0.475960 0.100045
v 0.052191 0.484846 0.144766
v 0.046751 0.447157 -0.084760
v 0.042444 0.445649 -0.108927
v 0.046503 0.437048 -0.108479
v 0.055024 0.476864 0.156660
v 0.051387 0.486473 0.199186
v 0.053299 0.466082 0.024630
v 0.051819 0.480910 0.225346
v 0.041163 0.440180 -0.124101
v 0.044415 0.432148 -0.126790
v 0.041537 0.425330 -0.146172
v 0.046818 0.485445 0.238826
v 0.051560 0.475388 0.239601
v 0.037632 0.432791 -0.144271
v 0.047254 0.471939 0.256631
v 0.050702 0.456971 0.259787
v 0.037968 0.451107 -0.108289
v 0.044931 0.457305 0.269273
v 0.003159 -0.007887 -0.121412
v 0.003015 0.006689 -0.108285
v -0.009063 0.003227 -0.115966
v -0.011259 -0.012550 -0.130400
v -0.011529 0.008737 -0.112133
v 0.003307 -0.023758 -0.134093
v -0.011643 -0.028463 -0.142607
v 0.003266 -0.044578 -0.148495
v -0.012240 -0.042022 -0.151842
v 0.005315 0.030007 -0.083519
v -0.012925 -0.056451 -0.160316
v 0.002534 -0.058669 -0.156937
v 0.001854 -0.077711 -0.166380
v -0.013047 -0.075419 -0.169559
v -0.013656 -0.092880 -0.176540
v 0.001450 -0.095575 -0.173554
v -0.024902 -0.096910 -0.184697
v -0.007299 -0.107545 -0.178820
v 0.001254 -0.121198 -0.180154
v -0.016068 -0.120473 -0.184530
v -0.009390 -0.124122 -0.182839
v 0.014701 -0.076617 -0.168444
v 0.016383 -0.060913 -0.161319
v 0.015793 -0.044334 -0.151630
v 0.015596 -0.096124 -0.176306
v 0.014590 -0.108210 -0.179303
v 0.018461 -0.022438 -0.137941
v 0.018234 -0.008194 -0.126363
v 0.018473 0.004181 -0.115899
v 0.012976 -0.123541 -0.182635
v 0.019337 0.014747 -0.105423
v 0.020485 0.027814 -0.090460
v 0.018689 0.043432 -0.071232
v 0.007617 0.056848 -0.053893
v 0.014094 0.065904 -0.045457
v 0.008334 0.071417 -0.038544
v 0.009676 0.088603 -0.022040
v 0.016708 0.086178 -0.026197
v 0.010376 0.099304 -0.010677
v 0.023010 0.051019 -0.064234
v 0.025128 0.069954 -0.045169
v 0.025557 0.084213 -0.031411
v 0.025863 0.098845 -0.017065
v 0.026847 0.107796 -0.007027
v 0.010082 0.185836 -0.234257
v 0.009998 0.169560 -0.227172
v -0.004006 0.171071 -0.223930
v -0.002997 0.188616 -0.231630
v -0.001816 0.205508 -0.237011
v 0.010890 0.208499 -0.240462
v -0.002059 0.218501 -0.239588
v 0.008460 0.144543 -0.212381
v -0.004834 0.155185 -0.214484
v -0.005155 0.143641 -0.207090
v 0.008329 0.134719 -0.205182
v 0.006624 0.116318 -0.190641
v -0.007062 0.123475 -0.190514
v -0.007071 0.111729 -0.184335
v 0.006967 0.109052 -0.187753
v -0.013534 0.151078 -0.205316
v -0.013978 0.169532 -0.215564
v -0.013667 0.185018 -0.222779
v -0.014613 0.124811 -0.185123
v -0.014005 0.111787 -0.179294
v -0.011735 0.212127 -0.232508
v -0.019784 0.173063 -0.211756
v -0.017259 0.211630 -0.227774
v -0.010925 0.230298 -0.235985
v -0.018691 0.192967 -0.220864
v -0.001064 0.231066 -0.241706
v -0.021178 0.146746 -0.193727
v -0.022449 0.112866 -0.170896
v -0.021761 0.126863 -0.178258
v -0.017000 0.230848 -0.230854
v -0.001567 0.252892 -0.242529
v -0.012410 0.253120 -0.236184
v -0.008328 0.095097 -0.183638
v -0.017695 0.095986 -0.176648
v -0.017618 0.251966 -0.230862
v -0.009874 0.279507 -0.236179
v -0.000420 0.278785 -0.241507
v -0.016056 0.278701 -0.230863
v -0.026177 0.194706 -0.209420
v -0.026934 0.174224 -0.199962
v -0.023538 0.096917 -0.170420
v -0.024751 0.223722 -0.219179
v -0.014098 0.299570 -0.229894
v -0.029490 0.122489 -0.159613
v -0.028284 0.138902 -0.172944
v -0.030032 0.107020 -0.156627
v -0.023549 0.257184 -0.222117
v -0.022168 0.289031 -0.220601
v -0.031295 0.078943 -0.160408
v -0.020560 0.325130 -0.214301
v -0.024855 0.080942 -0.173130
v -0.013239 0.327259 -0.223796
v -0.018881 0.359248 -0.203699
v -0.012042 0.356665 -0.214402
v -0.012129 0.341299 -0.220123
v -0.017833 0.080933 -0.180531
v -0.011236 0.375257 -0.205488
v -0.017676 0.383941 -0.190606
v -0.010970 0.387500 -0.198194
v 0.027501 0.338054 -0.226278
v 0.024453 0.319683 -0.233242
v 0.023783 0.347183 -0.225360
v 0.027187 0.362123 -0.218116
v 0.015530 0.362612 -0.222244
v 0.013736 0.317192 -0.237101
v 0.014612 0.340310 -0.230642
v 0.016860 0.378396 -0.214433
v 0.027838 0.377864 -0.210285
v 0.013618 0.299819 -0.240351
v 0.024591 0.298501 -0.236868
v 0.013119 0.280455 -0.243040
v 0.023731 0.278793 -0.239701
v 0.023715 0.251672 -0.240997
v 0.011816 0.251465 -0.244697
v 0.012296 0.230239 -0.243602
v 0.024041 0.231599 -0.239593
v 0.021820 0.213717 -0.238358
v 0.032400 0.295078 -0.231083
v 0.033575 0.312398 -0.227059
v 0.010890 0.208499 -0.240462
v 0.028123 0.220551 -0.235561
v 0.032009 0.272695 -0.233514
v 0.031411 0.249651 -0.234813
v 0.027937 0.390374 -0.202801
v 0.016938 0.394716 -0.204657
v 0.035168 0.330294 -0.221104
v 0.035736 0.348466 -0.214872
v 0.029231 0.200241 -0.230471
v 0.021659 0.199252 -0.235053
v 0.027502 0.184818 -0.227033
v 0.033781 0.218316 -0.229776
v 0.036054 0.365784 -0.207361
v 0.044085 0.336293 -0.204850
v 0.020508 0.184604 -0.231218
v 0.038709 0.274683 -0.223681
v 0.043449 0.305460 -0.213084
v 0.037493 0.243084 -0.226514
v 0.037741 0.382512 -0.195809
v 0.040376 0.215391 -0.219946
v 0.038691 0.192794 -0.217175
v 0.032032 0.166889 -0.214993
v 0.038116 0.159993 -0.203845
v 0.029422 0.404161 -0.191092
v 0.037859 0.399263 -0.183285
v 0.037070 0.415970 -0.168460
v 0.040136 0.407230 -0.171336
v 0.041537 0.425330 -0.146172
v 0.030478 0.412655 -0.181828
v 0.037632 0.432791 -0.144271
v 0.031059 0.421587 -0.171738
v 0.031635 0.435284 -0.151988
v 0.008582 -0.099881 -0.271406
v 0.004244 -0.131016 -0.278365
v 0.003955 -0.094174 -0.271982
v -0.003975 -0.122733 -0.278575
v -0.003301 -0.092298 -0.273221
v -0.002954 -0.073217 -0.268956
v 0.008491 -0.072927 -0.265660
v -0.003774 -0.150197 -0.283018
v -0.004710 -0.178412 -0.287765
v 0.005382 -0.168201 -0.283877
v 0.002943 -0.187171 -0.287089
v -0.007873 -0.215298 -0.290927
v -0.009032 -0.202582 -0.290248
v 0.001859 -0.205853 -0.288399
v -0.000354 -0.046943 -0.260461
v 0.010523 -0.046139 -0.256544
v 0.011846 -0.020387 -0.246830
v 0.000139 -0.022441 -0.251670
v 0.001449 0.004185 -0.239895
v -0.014865 -0.074283 -0.268611
v 0.014060 0.001265 -0.236523
v -0.015680 -0.092382 -0.272435
v 0.013599 0.022375 -0.224974
v 0.002362 0.024191 -0.228229
v 0.002732 0.034330 -0.221066
v 0.014155 0.041690 -0.209784
v 0.023277 0.017704 -0.219571
v 0.003353 0.055356 -0.203926
v 0.023403 0.030680 -0.209996
v 0.014474 0.057932 -0.196331
v 0.023562 0.053883 -0.189892
v 0.016416 0.069663 -0.188583
v 0.027079 0.151891 -0.211476
v 0.019076 0.147781 -0.212751
v 0.020275 0.161229 -0.220309
v 0.025575 0.168041 -0.221416
v 0.021859 0.138290 -0.205473
v 0.009998 0.169560 -0.227172
v 0.010082 0.185836 -0.234257
v 0.008460 0.144543 -0.212381
v 0.008329 0.134719 -0.205182
v 0.020737 0.130700 -0.199608
v 0.020313 0.114929 -0.187138
v 0.006624 0.116318 -0.190641
v 0.017878 0.109117 -0.184492
v 0.006967 0.109052 -0.187753
v 0.028717 0.132955 -0.195824
v 0.029555 0.116688 -0.181817
v 0.028994 0.106730 -0.176005
v 0.017135 0.094518 -0.183159
v 0.027349 0.094350 -0.175732
v 0.033217 0.147394 -0.202153
v 0.005964 0.091692 -0.187341
v 0.036946 0.136379 -0.188475
v 0.036147 0.116631 -0.172273
v 0.026228 0.076267 -0.176938
v 0.015052 0.078377 -0.185889
v 0.005016 0.078506 -0.189416
v -0.019829 -0.287776 -0.279545
v -0.018037 -0.305342 -0.273174
v -0.022173 -0.301647 -0.274155
v -0.022832 -0.321333 -0.265469
v -0.014644 -0.266111 -0.285688
v -0.010824 -0.288186 -0.278808
v -0.012272 -0.311533 -0.269161
v -0.015336 -0.331920 -0.259746
v -0.023189 -0.336422 -0.257383
v -0.017854 -0.350611 -0.249129
v -0.006357 -0.296265 -0.273852
v -0.009411 -0.363631 -0.237204
v -0.017008 -0.362434 -0.241616
v -0.007224 -0.337845 -0.252696
v -0.007204 -0.317719 -0.263904
v -0.016876 -0.381696 -0.226750
v -0.008297 -0.379900 -0.224136
v -0.002256 -0.358475 -0.235016
v -0.008831 -0.393836 -0.212043
v 0.001178 -0.312171 -0.259657
v 0.002732 -0.293211 -0.267635
v 0.001245 -0.334366 -0.246566
v 0.000051 -0.376359 -0.218549
v -0.004966 -0.400402 -0.201799
v -0.010520 -0.414675 -0.192280
v -0.005696 -0.414136 -0.188223
v 0.008361 -0.359074 -0.221193
v -0.004352 -0.272034 -0.281453
v 0.003499 -0.269460 -0.275973
v 0.010136 -0.321016 -0.244022
v 0.010919 -0.287969 -0.260974
v 0.006546 -0.385399 -0.201305
v 0.018724 -0.294530 -0.246087
v 0.005134 -0.402136 -0.185688
v 0.017535 -0.325137 -0.228283
v -0.004718 -0.424663 -0.174472
v 0.015939 -0.353888 -0.210819
v 0.012831 -0.254720 -0.270356
v 0.015050 -0.272677 -0.261167
v 0.014924 -0.378613 -0.189915
v 0.006834 -0.414239 -0.166877
v 0.020823 -0.254788 -0.258082
v -0.002489 -0.431019 -0.161062
v 0.014297 -0.398573 -0.166368
v 0.020240 -0.338875 -0.211076
v 0.021737 -0.308585 -0.228930
v 0.004299 -0.432814 -0.143628
v 0.019890 -0.357613 -0.195101
v 0.002641 -0.248384 -0.282568
v 0.013493 -0.229514 -0.274357
v 0.007140 -0.225814 -0.281951
v 0.015888 -0.203971 -0.273592
v 0.009174 -0.203915 -0.281598
v 0.000241 -0.227211 -0.288017
v 0.008079 -0.149767 -0.279604
v 0.011626 -0.145732 -0.276525
v 0.013505 -0.117247 -0.271063
v 0.014648 -0.086820 -0.264945
v 0.020105 -0.069848 -0.256207
v 0.015699 -0.056131 -0.256210
v 0.017032 -0.023795 -0.244575
v 0.021958 -0.033048 -0.243623
v 0.018208 -0.108377 -0.265177
v 0.009551 -0.180887 -0.281325
v 0.024223 -0.001982 -0.229132
v 0.025512 -0.080404 -0.250454
v 0.021992 -0.122057 -0.260975
v 0.027987 -0.039190 -0.236813
v 0.030138 -0.019368 -0.226524
v 0.015394 -0.169673 -0.274235
v 0.019141 -0.178171 -0.269032
v 0.024327 -0.167388 -0.259904
v 0.025842 -0.122955 -0.254136
v 0.022725 -0.209009 -0.262259
v 0.032064 -0.070547 -0.235504
v 0.030037 -0.111394 -0.243392
v 0.027944 -0.156042 -0.250913
v 0.031387 0.010851 -0.210060
v 0.033293 -0.023522 -0.220380
v 0.026665 -0.198588 -0.252787
v 0.025028 -0.232339 -0.252851
v 0.036223 -0.037590 -0.215252
v 0.034254 -0.086821 -0.229726
v 0.035025 0.010582 -0.199878
v 0.037684 -0.008879 -0.200579
v 0.031442 -0.155943 -0.239127
v 0.023811 -0.260543 -0.248746
v 0.028631 -0.235406 -0.240103
v 0.026952 -0.262144 -0.238255
v 0.022709 -0.284173 -0.241543
v 0.038578 0.014687 -0.182910
v 0.025449 -0.294496 -0.226026
v 0.032319 0.031152 -0.191986
v 0.035655 0.031609 -0.178702
v 0.023972 -0.325129 -0.207326
v 0.039388 0.030876 -0.154594
v 0.037357 0.039186 -0.161051
v 0.041397 0.052114 -0.149498
v 0.038598 0.087253 -0.157384
v 0.042549 0.101250 -0.145594
v 0.039408 0.107137 -0.158756
v 0.043549 0.121705 -0.152225
v 0.040042 0.122909 -0.168363
v 0.035106 0.102581 -0.166713
v 0.034145 0.081865 -0.165969
v 0.032146 0.062031 -0.170140
v 0.031608 0.050726 -0.173093
v 0.029258 0.059727 -0.176278
v 0.028095 0.047944 -0.186349
v 0.044733 0.146437 -0.175244
v 0.041057 0.143880 -0.185465
v 0.046031 0.171888 -0.188255
v 0.041949 0.166231 -0.198190
v 0.042798 0.189834 -0.206312
v 0.043884 0.220135 -0.210893
v 0.041276 0.240975 -0.219447
v 0.046434 0.290379 -0.205754
v 0.042872 0.273810 -0.216342
v 0.048189 0.330911 -0.195170
v 0.046192 0.364577 -0.188633
v 0.049732 0.367532 -0.176138
v 0.046945 0.394969 -0.165089
v 0.051014 0.387801 -0.157418
v 0.048044 0.407847 -0.147866
v 0.051428 0.401035 -0.142656
v 0.048557 0.416540 -0.132774
v 0.051994 0.412519 -0.122644
v 0.039303 0.366351 -0.201359
v 0.049912 0.427113 -0.104079
v 0.040319 0.386018 -0.186357
v 0.041316 0.401822 -0.170896
v 0.042594 0.416402 -0.152203
v 0.027512 0.020259 -0.211591
v 0.025219 0.063420 -0.181795
v 0.044092 0.424551 -0.133953
v 0.047462 0.431662 -0.104456
v 0.004767 -0.295816 -0.155704
v -0.001203 -0.299552 -0.150621
v 0.002528 -0.318355 -0.142162
v -0.010024 -0.303941 -0.144649
v -0.011309 -0.323376 -0.132401
v -0.009122 -0.281393 -0.156063
v 0.001435 -0.266685 -0.167440
v 0.007379 -0.261172 -0.172999
v -0.005971 -0.244264 -0.173933
v -0.008660 -0.262586 -0.166030
v 0.002438 -0.333908 -0.131522
v 0.006981 -0.244949 -0.178040
v -0.012852 -0.337637 -0.120761
v 0.001254 -0.231027 -0.179606
v -0.006278 -0.226438 -0.179014
v 0.013116 -0.241454 -0.183714
v 0.007153 -0.218874 -0.183713
v -0.005389 -0.205385 -0.183134
v 0.016088 -0.210122 -0.190752
v 0.001730 -0.348845 -0.117686
v 0.007981 -0.200547 -0.186070
v 0.009431 -0.307660 -0.155081
v 0.012092 -0.332390 -0.143726
v -0.003206 -0.355750 -0.107257
v -0.012829 -0.349699 -0.109292
v 0.011551 -0.349079 -0.129811
v 0.016965 -0.274322 -0.178054
v 0.018690 -0.252653 -0.186748
v 0.020404 -0.230542 -0.192941
v 0.014184 -0.310904 -0.159263
v 0.010635 -0.360532 -0.117146
v 0.001863 -0.364025 -0.100323
v -0.012877 -0.361764 -0.094424
v 0.010014 -0.374638 -0.098118
v 0.000960 -0.376734 -0.079638
v 0.017142 -0.320057 -0.160789
v 0.016394 -0.340503 -0.147106
v 0.021610 -0.302234 -0.176768
v 0.020278 -0.333086 -0.162054
v 0.022882 -0.269281 -0.190581
v 0.015638 -0.363854 -0.125389
v 0.014919 -0.386186 -0.095196
v 0.010383 -0.391285 -0.071203
v 0.014233 -0.397551 -0.074054
v 0.006582 -0.386471 -0.071668
v 0.010146 -0.400048 -0.047277
v 0.006321 -0.395331 -0.047381
v 0.006561 -0.399854 -0.032289
v 0.009811 -0.407592 -0.018114
v 0.006034 -0.402499 -0.013420
v 0.005537 -0.403547 0.009594
v 0.009474 -0.410069 0.015927
v 0.005611 -0.401801 0.046421
v 0.009413 -0.406734 0.076205
v 0.006184 -0.400496 0.077762
v 0.009004 -0.407343 0.128213
v 0.005655 -0.401443 0.125847
v 0.005391 -0.401483 0.164622
v 0.038175 0.492262 0.240283
v 0.026809 0.498231 0.225810
v 0.026445 0.494463 0.241375
v 0.038230 0.495926 0.226731
v 0.037483 0.485643 0.254225
v 0.026055 0.488083 0.255145
v 0.036860 0.477696 0.263586
v 0.025390 0.478674 0.266212
v 0.037283 0.472470 0.268006
v 0.046818 0.485445 0.238826
v 0.042419 0.480960 0.254043
v 0.047254 0.471939 0.256631
v 0.025744 0.464600 0.275756
v 0.035627 0.458225 0.276556
v 0.044931 0.457305 0.269273
v 0.025237 0.453659 0.280272
v 0.025125 0.441911 0.283735
v 0.034731 0.440654 0.281844
v 0.043401 0.438486 0.275594
v 0.035965 0.420323 0.283176
v 0.049658 0.434505 0.268205
v 0.045224 0.418038 0.276098
v 0.043538 0.381267 0.278766
v 0.033929 0.370620 0.286882
v 0.044618 0.334253 0.275958
v 0.025475 0.342539 0.291246
v 0.026460 0.323012 0.288393
v 0.026605 0.366066 0.291884
v 0.041163 0.327774 0.278171
v 0.037221 0.286890 0.276566
v 0.029571 0.296005 0.282039
v 0.023458 0.284962 0.285238
v 0.026442 0.274102 0.280981
v 0.027162 0.386784 0.290858
v 0.030857 0.422484 0.286189
v -0.009120 -0.493756 0.213740
v -0.012460 -0.493445 0.225941
v -0.019636 -0.496169 0.224039
v -0.016512 -0.499282 0.196174
v -0.011232 -0.497045 0.195927
v -0.011690 -0.498290 0.163576
v -0.020014 -0.490948 0.239380
v -0.012722 -0.488277 0.239638
v -0.005538 -0.483755 0.237342
v 0.002036 -0.481101 0.225500
v 0.001195 -0.475404 0.238980
v -0.009796 -0.480308 0.248796
v 0.012096 -0.466476 0.226369
v 0.005219 -0.466339 0.242623
v -0.003411 -0.469030 0.252772
v 0.012644 -0.454652 0.238137
v -0.009949 -0.470559 0.258177
v -0.019140 -0.485074 0.249074
v 0.004646 -0.453974 0.251846
v 0.012687 -0.431651 0.248042
v 0.016096 -0.438517 0.239300
v 0.007988 -0.434275 0.254300
v -0.006472 -0.456305 0.262761
v 0.014040 -0.392493 0.254575
v 0.006139 -0.398028 0.263335
v 0.002174 -0.423387 0.263302
v -0.006556 -0.446371 0.266386
v 0.006309 -0.350602 0.269712
v 0.010298 -0.312726 0.270031
v 0.017501 -0.334777 0.257765
v 0.013340 -0.274829 0.270690
v 0.006284 -0.260812 0.279019
v 0.013670 -0.206082 0.277588
v -0.007074 -0.423662 0.271529
v -0.000082 -0.306115 0.279942
v -0.006895 -0.398061 0.274479
v -0.003803 -0.353388 0.277293
v -0.018038 -0.479626 0.255205
v 0.019112 -0.123918 -0.186072
v 0.014590 -0.108210 -0.179303
v 0.012976 -0.123541 -0.182635
v 0.025328 -0.108780 -0.186882
v 0.028813 -0.090269 -0.184205
v 0.015596 -0.096124 -0.176306
v 0.027752 -0.118147 -0.191842
v 0.025463 -0.148672 -0.196905
v 0.021370 -0.076231 -0.172574
v 0.028739 -0.072898 -0.177066
v 0.014701 -0.076617 -0.168444
v 0.019103 -0.150282 -0.191210
v 0.011434 -0.152174 -0.186988
v 0.024523 -0.167788 -0.198326
v 0.028647 -0.058149 -0.169322
v 0.016383 -0.060913 -0.161319
v 0.016775 -0.174876 -0.191631
v 0.009859 -0.172204 -0.187644
v 0.022372 -0.204416 -0.197549
v 0.031296 -0.057693 -0.173858
v 0.026845 -0.171132 -0.203217
v 0.028557 -0.135672 -0.198988
v 0.025366 -0.213397 -0.202891
v 0.030269 -0.041524 -0.161837
v 0.033700 -0.095659 -0.198439
v 0.023868 -0.241215 -0.197986
v 0.035331 -0.055313 -0.182729
v 0.036922 -0.018622 -0.163954
v 0.033508 -0.128475 -0.212300
v 0.030687 -0.175025 -0.214649
v 0.028845 -0.225280 -0.214269
v 0.031483 -0.017686 -0.147683
v 0.027113 -0.251563 -0.207442
v 0.033812 0.002190 -0.138599
v 0.038530 0.005031 -0.153803
v 0.035608 0.016376 -0.131641
v 0.026011 -0.287360 -0.196521
v 0.024302 -0.317618 -0.183095
v 0.030834 -0.006757 -0.138088
v 0.031242 0.008134 -0.126281
v 0.032471 0.018311 -0.120093
v 0.040058 0.029017 -0.132028
v 0.039938 0.037509 -0.113763
v 0.036288 0.042993 -0.093124
v 0.030547 0.017726 -0.116226
v 0.029859 -0.029734 -0.153924
v 0.020974 -0.043279 -0.154385
v 0.031990 0.039556 -0.088314
v 0.018473 0.004181 -0.115899
v 0.019337 0.014747 -0.105423
v 0.018461 -0.022438 -0.137941
v 0.018234 -0.008194 -0.126363
v 0.020485 0.027814 -0.090460
v 0.023010 0.051019 -0.064234
v 0.015793 -0.044334 -0.151630
v 0.034893 0.398480 0.170956
v 0.034258 0.394909 0.175740
v 0.022965 0.393269 0.169343
v 0.021636 0.387930 0.174342
v 0.033873 0.390274 0.179972
v 0.040074 0.403735 0.172422
v 0.040129 0.397308 0.183784
v 0.039534 0.387895 0.188236
v 0.035271 0.378640 0.185742
v 0.020564 0.376006 0.179049
v 0.039745 0.370809 0.191868
v 0.025795 0.354071 0.183377
v 0.035484 0.356785 0.187707
v 0.045602 0.343969 0.200405
v 0.042056 0.322869 0.197337
v 0.033394 0.327344 0.186896
v 0.025252 0.276156 0.182378
v 0.029638 0.274230 0.185076
v 0.025413 0.234117 0.181592
v 0.046417 0.360736 0.201370
v 0.044431 0.391584 0.196933
v 0.035303 0.282275 0.190717
v 0.032947 0.235803 0.189460
v 0.026303 0.219014 0.181428
v 0.045215 0.404818 0.193493
v 0.032084 0.216997 0.186614
v 0.020850 0.219606 0.177992
v 0.030745 0.207587 0.175333
v 0.023801 0.210649 0.170563
v 0.025684 0.205192 0.163554
v 0.020996 0.206135 0.162069
v 0.046800 0.077167 -0.107866
v 0.047846 0.111921 -0.100980
v 0.047890 0.109634 -0.081555
v 0.048383 0.132173 -0.085008
v 0.046471 0.077646 -0.122646
v 0.048280 0.147505 -0.104188
v 0.046210 0.121249 -0.123206
v 0.047317 0.139303 -0.122599
v 0.048649 0.159349 -0.117526
v 0.044819 0.054040 -0.129360
v 0.045122 0.070331 -0.133708
v 0.044792 0.124617 -0.142769
v 0.044197 0.106672 -0.137372
v 0.048887 0.155495 -0.141609
v 0.049019 0.170750 -0.124959
v 0.049629 0.172519 -0.155550
v 0.048169 0.156412 -0.162212
v 0.048447 0.172346 -0.172591
v 0.048325 0.189960 -0.179423
v 0.047483 0.133129 -0.064352
v 0.049120 0.185487 -0.153570
v 0.047654 0.210091 -0.185652
v 0.046917 0.125534 -0.060739
v 0.047485 0.150183 -0.085195
v 0.046842 0.170938 -0.100758
v 0.045946 0.099098 -0.070474
v 0.044816 0.072915 -0.089382
v 0.043530 0.048214 -0.120198
v 0.043647 0.055276 -0.105707
v 0.046451 0.202470 -0.195116
v 0.046411 0.260396 -0.201698
v 0.047648 0.254300 -0.188538
v 0.049581 0.311114 -0.188570
v 0.048934 0.282528 -0.184492
v 0.050586 0.312727 -0.166507
v 0.051383 0.345728 -0.173522
v 0.052779 0.347855 -0.155492
v 0.052951 0.353732 -0.135514
v 0.053295 0.369176 -0.153318
v 0.055074 0.379485 -0.123963
v 0.054512 0.395007 -0.126668
v 0.056008 0.405308 -0.087268
v 0.054461 0.381322 -0.099432
v 0.056025 0.401815 -0.081305
v 0.054698 0.389638 -0.079663
v 0.056586 0.399423 -0.060331
v 0.046713 0.266996 -0.175756
v 0.054662 0.418949 -0.080482
v 0.053101 0.418363 -0.101799
v 0.041905 0.038556 -0.140909
v 0.039150 0.022124 -0.144594
v 0.039618 0.021695 -0.152904
v 0.039923 0.005056 -0.174035
v 0.038330 -0.026518 -0.177716
v 0.039535 -0.016004 -0.187323
v 0.037378 -0.055180 -0.193366
v 0.037313 -0.062929 -0.208750
v 0.035603 -0.089442 -0.204367
v 0.036594 -0.069207 -0.196485
v 0.036422 -0.077413 -0.218533
v 0.037953 -0.029346 -0.203319
v 0.033840 -0.126947 -0.223915
v 0.031908 -0.163541 -0.227333
v 0.029757 -0.224080 -0.227904
v 0.028263 -0.262079 -0.225232
v 0.027454 -0.277080 -0.215698
v 0.026433 -0.302665 -0.207470
v 0.023862 -0.338275 -0.181713
v 0.023103 -0.348138 -0.183606
v 0.022110 -0.358867 -0.159292
v 0.020894 -0.380329 -0.153511
v 0.020596 -0.382348 -0.137764
v 0.018453 -0.405570 -0.114442
v 0.018689 -0.392058 -0.111563
v 0.017773 -0.406045 -0.094757
v 0.016818 -0.417263 -0.107402
v 0.015961 -0.424857 -0.074329
v 0.016730 -0.409245 -0.078104
v 0.015817 -0.426531 -0.058370
v 0.014705 -0.437970 -0.027814
v 0.015219 -0.422597 -0.039263
v 0.013440 -0.430883 0.012546
v 0.014280 -0.440612 -0.003732
v 0.013532 -0.446831 -0.014024
v 0.014455 -0.453280 0.028320
v 0.014236 -0.441626 0.020916
v 0.014820 -0.442098 0.056297
v 0.046579 0.233426 -0.177536
v 0.046741 0.212130 -0.165929
v 0.046955 0.202564 -0.155474
v 0.046917 0.184619 -0.122743
v 0.021369 -0.342935 -0.162388
v 0.019297 -0.359584 -0.140909
v 0.016614 -0.452890 0.082877
v 0.016095 -0.441895 0.090508
v 0.017504 -0.383652 -0.110444
v 0.017210 -0.406355 -0.135135
v 0.045315 0.261149 -0.171389
v 0.020705 -0.366406 -0.179691
v 0.011993 -0.444988 -0.064234
v 0.043113 0.125829 -0.035745
v 0.043118 0.138380 -0.028414
v 0.045285 0.152577 -0.060194
v 0.057921 0.405052 -0.055294
v 0.060389 0.406423 -0.014833
v 0.060583 0.419734 -0.024876
v 0.061527 0.420551 -0.005163
v 0.059642 0.406159 0.007717
v 0.061106 0.419778 0.009652
v 0.057498 0.417910 -0.056730
v 0.060081 0.432701 0.008805
v 0.059032 0.432387 0.023146
v 0.058842 0.418660 0.025073
v 0.056650 0.434670 0.042555
v 0.055642 0.420485 0.046230
v 0.054997 0.434237 0.074770
v 0.052411 0.421326 0.096194
v 0.051629 0.432364 0.142019
v 0.053861 0.446841 0.109799
v 0.053228 0.448308 0.143452
v 0.054994 0.475960 0.100045
v 0.054963 0.454313 0.072797
v 0.055325 0.446902 0.057996
v 0.055024 0.476864 0.156660
v 0.053263 0.450012 0.175850
v 0.054634 0.472869 0.192517
v 0.055016 0.472266 0.071944
v 0.051402 0.432913 0.181532
v 0.054318 0.452904 0.200812
v 0.054387 0.476064 0.201204
v 0.054983 0.454435 0.230165
v 0.054558 0.434854 0.231742
v 0.054272 0.469008 0.044878
v 0.054140 0.455024 0.037324
v 0.054181 0.457455 0.242785
v 0.054514 0.438998 0.244312
v 0.053607 0.412765 0.234687
v 0.053551 0.393468 0.238805
v 0.053256 0.392762 0.252164
v 0.053841 0.341472 0.235445
v 0.053020 0.331158 0.250621
v 0.053165 0.321895 0.234883
v 0.052021 0.305985 0.243739
v 0.050810 0.299871 0.254497
v 0.052480 0.390034 0.262169
v 0.044724 0.239694 0.257328
v 0.045243 0.237608 0.245224
v 0.043391 0.209373 0.256703
v 0.050946 0.299209 0.234322
v 0.052786 0.435851 0.202358
v 0.052084 0.418938 0.218044
v 0.047583 0.268840 0.233282
v 0.052021 0.340270 0.262135
v 0.053299 0.466082 0.024630
v 0.050597 0.312347 0.263534
v 0.048836 0.295069 0.264828
v 0.045135 0.257979 0.265539
v 0.054308 0.470543 0.224701
v 0.052764 0.430851 0.260913
v 0.045322 0.196230 0.236778
v 0.040976 0.142369 0.254646
v 0.042970 0.137020 0.236342
v 0.039632 0.094825 0.254746
v 0.041382 0.088473 0.238424
v 0.040307 0.039321 0.237163
v 0.037758 0.025288 0.254686
v 0.037834 -0.027811 0.236799
v 0.036028 -0.026124 0.253985
v 0.044316 0.175551 0.215270
v 0.042949 0.149419 0.215130
v 0.042851 0.157505 0.197056
v 0.041351 0.121033 0.227818
v 0.043226 0.177029 0.194826
v 0.042023 0.176007 0.170268
v 0.042718 0.157386 0.168097
v 0.042764 0.173527 0.130862
v 0.043501 0.156380 0.109718
v 0.044278 0.196963 0.220120
v 0.033925 -0.068360 0.254126
v 0.030065 -0.228148 0.232408
v 0.031610 -0.177969 0.233571
v 0.028565 -0.222449 0.246914
v 0.027566 -0.261182 0.243480
v 0.029023 -0.185358 0.252640
v 0.033432 -0.128460 0.235072
v 0.031441 -0.125377 0.253829
v 0.027367 -0.295065 0.231934
v 0.025838 -0.305118 0.242739
v 0.025698 -0.331660 0.230630
v 0.022251 -0.382951 0.239694
v 0.039558 0.050059 0.227034
v 0.039543 0.111279 0.217405
v 0.036804 -0.024276 0.227041
v 0.033192 -0.102316 0.225159
v 0.042942 0.185481 0.200182
v 0.050943 0.454356 0.008105
v 0.051337 0.465608 0.002411
v 0.049798 0.461860 -0.018759
v 0.048900 0.451922 -0.018057
v 0.048112 0.457966 -0.039906
v 0.048348 0.447680 -0.044306
v 0.047358 0.454257 -0.057540
v 0.040719 0.134725 0.212372
v 0.050464 0.393586 0.217234
v 0.041433 0.172278 0.074998
v 0.042780 0.154851 0.075577
v 0.040831 0.152404 0.015526
v 0.042175 0.177217 0.117810
v 0.055953 0.444913 0.037222
v 0.044650 0.242115 0.234233
v 0.044022 0.235563 0.232845
v 0.043113 0.210078 0.218822
v 0.040075 0.141725 0.193925
v 0.040214 0.146382 0.168821
v 0.024262 -0.372454 0.228747
v 0.022247 -0.409204 0.228675
v 0.021598 -0.405490 0.217521
v 0.021431 -0.426814 0.218317
v 0.020758 -0.436238 0.227061
v 0.021540 -0.441620 0.214208
v 0.020704 -0.451938 0.210642
v 0.020716 -0.441997 0.192606
v 0.021060 -0.453713 0.176511
v 0.022710 -0.372995 0.216736
v 0.023697 -0.332357 0.217126
v 0.026350 -0.265832 0.216886
v 0.030167 -0.149644 0.216229
v 0.028432 -0.202300 0.216544
v 0.050314 0.422266 0.134472
v 0.049387 0.423882 0.168289
v 0.049240 0.419631 0.188123
v 0.048458 0.409216 0.202730
v 0.042204 0.224331 0.265885
v 0.039703 0.166116 0.018952
v 0.040573 0.151937 -0.000557
v 0.039434 0.139353 0.001400
v 0.038760 0.138235 0.039195
v 0.042296 0.150188 -0.023008
v 0.039762 0.163991 0.001224
v 0.042923 0.158002 -0.040511
v 0.041999 0.179535 -0.055937
v 0.042861 0.165122 -0.053286
v 0.043449 0.174195 -0.078419
v 0.019254 -0.443162 0.158207
v 0.051163 0.359788 0.216516
v 0.050917 0.337048 0.216339
v 0.046256 0.288321 0.215972
v 0.043128 0.241695 0.219835
v 0.037868 0.046190 0.216774
v 0.035004 -0.025767 0.216765
v 0.031496 -0.104532 0.215692
v 0.019375 -0.453097 0.124111
v 0.020525 -0.429444 0.212385
v 0.056173 0.414702 -0.071230
v 0.040830 0.144308 0.120869
v 0.018084 -0.442361 0.123613
v 0.039194 0.181920 -0.020143
v 0.055242 0.393753 -0.050626
v 0.039962 0.172272 0.041961
v 0.048783 0.443433 -0.057423
v 0.042802 0.182341 -0.090823
v 0.042049 0.193866 0.201323
v 0.039090 0.192475 0.180613
v 0.046828 0.285129 -0.166309
v 0.039559 0.129387 -0.013839
v 0.046751 0.447157 -0.084760
v 0.012597 -0.426663 0.062163
v 0.011725 -0.418116 0.007122
v 0.013259 -0.413425 -0.032521
v 0.011921 -0.416913 0.072945
v 0.012535 -0.428799 0.098741
v 0.011660 -0.416070 0.126828
v 0.011961 -0.425380 0.137540
v 0.011313 -0.424196 0.167295
v 0.009228 -0.409789 0.170848
v 0.011738 -0.454193 -0.017352
v 0.048045 0.398818 0.206419
v 0.038393 0.136128 0.073742
v 0.038083 0.135150 0.088828
v 0.038719 0.136200 0.121561
v 0.013986 -0.434616 0.087399
v 0.049759 0.321672 -0.151257
v 0.046881 0.299532 -0.156661
v 0.051199 0.345653 -0.133917
v 0.052376 0.366976 -0.111673
v 0.049934 0.367404 -0.099121
v 0.011089 -0.411709 0.076830
v 0.038549 0.178973 -0.008541
v 0.058781 0.400091 -0.014076
v 0.011924 -0.421692 0.188166
v 0.009588 -0.402951 0.184319
v 0.044233 0.240034 -0.166937
v 0.017829 -0.386292 -0.168237
v 0.016843 -0.464204 0.132649
v 0.037946 0.138253 0.173448
v 0.019325 -0.430180 0.206216
v 0.059326 0.432117 -0.010554
v 0.011669 -0.467242 0.050724
v 0.011275 -0.461450 0.009575
v 0.018116 -0.452251 0.224907
v 0.041928 0.097405 -0.052032
v 0.041412 0.072310 -0.072621
v 0.019124 -0.412673 0.240948
v 0.043316 0.235947 0.234288
v 0.012955 -0.428158 -0.118621
v 0.036965 0.173735 0.011038
v 0.053951 0.452487 0.029032
v 0.050702 0.456971 0.259787
v 0.038851 0.104125 -0.036025
v 0.046770 0.378902 0.203699
v 0.041639 0.214422 0.213389
v 0.042413 0.237286 0.221557
v 0.041308 0.232225 0.213064
v 0.040909 0.249915 0.208091
v 0.039303 0.202051 0.195165
v 0.051560 0.475388 0.239601
v 0.049004 0.437382 -0.078498
v 0.046503 0.437048 -0.108479
v 0.044415 0.432148 -0.126790
v 0.018241 -0.414892 0.207847
v 0.043767 0.220995 -0.156436
v 0.025729 -0.241337 0.253500
v 0.047603 0.319777 -0.143563
v 0.052241 0.410774 0.051583
v 0.055437 0.411013 0.032004
v 0.040708 0.050480 -0.096296
v 0.053371 0.430213 -0.061546
v 0.037642 0.231435 0.199780
v 0.048999 0.346903 -0.122288
v 0.051819 0.480910 0.225346
v 0.043538 0.207501 -0.142216
v 0.022516 -0.294516 0.253593
v 0.036190 0.129140 0.003446
v 0.035498 0.130636 0.037985
v 0.039166 0.187456 -0.041752
v 0.036772 0.126627 0.202367
v 0.036325 0.132906 0.187407
v 0.038509 0.189920 0.168882
v 0.035818 0.111899 0.206622
v 0.049689 0.411244 0.084750
v 0.051071 0.380234 -0.078909
v 0.044923 0.307934 0.206708
v 0.036426 0.216597 0.196313
v 0.044591 0.411572 0.174373
v 0.037055 0.195294 0.271537
v 0.034134 0.137164 0.274814
v 0.031571 0.042962 0.273439
v 0.029781 -0.026456 0.271248
v 0.025065 -0.118760 0.271022
v 0.027308 -0.154199 0.261254
v 0.035272 0.116901 -0.012743
v 0.037968 0.261725 0.197982
v 0.045303 0.412815 0.157291
v 0.051387 0.486473 0.199186
v 0.024317 -0.231133 0.207147
v 0.026053 -0.183072 0.207457
v 0.051493 0.387131 -0.053540
v 0.049698 0.386709 -0.032817
v 0.033499 0.054250 0.204907
v 0.031133 0.003423 0.204166
v 0.025979 -0.101866 0.201637
v 0.024447 -0.150795 0.201219
v 0.038113 0.182670 0.071881
v 0.038802 0.193936 -0.080565
v 0.039388 0.196190 -0.093059
v 0.040563 0.203452 -0.119743
v 0.019567 -0.351437 0.251347
v 0.050417 0.431337 -0.085436
v 0.038371 0.189293 0.123116
v 0.018465 -0.396336 0.209004
v 0.017020 -0.432858 0.186103
v 0.022154 -0.300857 0.210350
v 0.011563 -0.404664 0.189425
v 0.012866 -0.414605 0.197286
v 0.013663 -0.395905 0.202982
v 0.013501 -0.377756 0.192196
v 0.015074 -0.341731 0.196913
v 0.016133 -0.339998 0.204782
v 0.016522 -0.309246 0.196850
v 0.019348 -0.283927 0.202843
v 0.018065 -0.272550 0.196195
v 0.020092 -0.230734 0.197229
v 0.013261 -0.328224 0.190767
v 0.044560 0.409099 0.131862
v 0.010985 -0.379244 0.187762
v 0.037505 0.073112 -0.061151
v 0.042866 0.285805 -0.154855
v 0.042156 0.270926 -0.159924
v 0.041858 0.250018 -0.162501
v 0.041148 0.230703 -0.154089
v 0.040247 0.216621 -0.140954
v 0.015596 -0.433680 0.166885
v 0.053876 0.405336 0.026440
v 0.035184 0.203933 0.182784
v 0.038024 0.178115 0.044080
v 0.020894 -0.248015 0.262636
v 0.021835 -0.174409 0.271243
v 0.049808 0.381572 0.268244
v 0.047248 0.355020 0.273100
v 0.022339 -0.186107 0.198684
v 0.055199 0.443632 -0.003939
v 0.043449 0.299016 -0.148276
v 0.030963 0.080253 0.197291
v 0.031881 0.113101 0.197522
v 0.031954 0.122559 0.188027
v 0.032457 0.128270 0.178282
v 0.055589 0.393828 -0.013015
v 0.020985 -0.335547 0.211342
v 0.028692 0.031408 0.197071
v 0.043520 0.311147 -0.140033
v 0.044537 0.330351 -0.127149
v 0.031225 0.094129 0.277684
v 0.034271 0.099607 -0.028518
v 0.032438 0.128275 0.157721
v 0.028851 0.013729 0.276341
v 0.014132 -0.299692 0.191800
v 0.019174 -0.213230 0.270798
v 0.025867 -0.041947 0.277047
v 0.023221 -0.088376 0.276271
v 0.019931 -0.155309 0.275578
v 0.015902 -0.278447 0.192754
v 0.032712 0.126133 0.037090
v 0.032218 0.122146 0.003758
v 0.032183 0.126391 0.074467
v 0.033036 0.052968 -0.073632
v 0.032421 0.126703 0.120009
v 0.017101 -0.241367 0.193669
v 0.033405 0.066343 -0.059552
v 0.035689 0.212056 0.274056
v 0.024050 -0.083862 0.197437
v 0.021937 -0.128777 0.196579
v 0.020206 -0.170512 0.195221
v 0.041877 0.293269 0.273019
v 0.026847 0.107796 -0.007027
v 0.025397 0.120769 0.175672
v 0.035526 0.246777 0.275528
v 0.032211 0.209030 0.277744
v 0.028423 0.138392 0.281248
v 0.025368 0.119310 0.074844
v 0.025773 0.119755 0.122242
v 0.025697 0.118968 0.044590
v 0.025243 0.117668 0.025626
v 0.025076 0.120900 0.161114
v 0.025035 0.115921 0.013437
v 0.025429 0.113316 0.002768
v 0.025557 0.084213 -0.031411
v 0.030191 0.099573 -0.022255
v 0.017216 -0.083525 0.282805
v 0.022791 0.036537 0.283684
v 0.025863 0.098845 -0.017065
v 0.010908 -0.174612 0.283015
v 0.027463 0.111801 0.192964
v 0.025128 0.069954 -0.045169
v 0.023487 0.116543 0.182681
v 0.007121 -0.211377 0.282699
v 0.015530 0.362612 -0.222244
v 0.002860 0.363457 -0.220747
v 0.003550 0.376404 -0.214590
v 0.016860 0.378396 -0.214433
v 0.004345 0.394049 -0.204149
v 0.016938 0.394716 -0.204657
v 0.002551 0.348455 -0.226738
v 0.014612 0.340310 -0.230642
v 0.001039 0.323423 -0.234126
v 0.013736 0.317192 -0.237101
v 0.000487 0.297451 -0.239393
v 0.013618 0.299819 -0.240351
v 0.013119 0.280455 -0.243040
v -0.000420 0.278785 -0.241507
v 0.011816 0.251465 -0.244697
v -0.001567 0.252892 -0.242529
v -0.001064 0.231066 -0.241706
v 0.012296 0.230239 -0.243602
v -0.006024 0.346275 -0.222919
v -0.002059 0.218501 -0.239588
v 0.010890 0.208499 -0.240462
v -0.008703 0.319109 -0.229799
v -0.008180 0.298373 -0.234497
v -0.009874 0.279507 -0.236179
v -0.005562 0.369289 -0.213439
v 0.004613 0.409685 -0.191526
v 0.017747 0.410885 -0.191168
v -0.003593 0.391417 -0.201417
v -0.012042 0.356665 -0.214402
v -0.012129 0.341299 -0.220123
v -0.013239 0.327259 -0.223796
v -0.014098 0.299570 -0.229894
v -0.011236 0.375257 -0.205488
v -0.010970 0.387500 -0.198194
v -0.008180 0.405522 -0.186486
v -0.006969 0.420583 -0.170703
v 0.005973 0.425339 -0.174205
v -0.016876 -0.381696 -0.226750
v -0.025678 -0.382682 -0.225718
v -0.017008 -0.362434 -0.241616
v -0.025874 -0.363783 -0.240186
v -0.026485 -0.395326 -0.214795
v -0.018059 -0.402113 -0.208421
v -0.026711 -0.416094 -0.194695
v -0.016929 -0.422222 -0.188009
v -0.029098 -0.429726 -0.178808
v -0.016577 -0.432019 -0.175980
v -0.017854 -0.350611 -0.249129
v -0.023189 -0.336422 -0.257383
v -0.017884 -0.442189 -0.161337
v -0.008831 -0.393836 -0.212043
v -0.010520 -0.414675 -0.192280
v -0.029323 -0.442745 -0.159349
v -0.022971 -0.451202 -0.144739
v -0.017750 -0.454293 -0.138262
v -0.020655 -0.461505 -0.125426
v -0.028174 -0.460217 -0.125865
v 0.003353 0.055356 -0.203926
v 0.002732 0.034330 -0.221066
v -0.010474 0.049203 -0.208969
v -0.011227 0.026043 -0.226772
v 0.002362 0.024191 -0.228229
v -0.010838 0.056107 -0.202713
v 0.004381 0.065777 -0.196088
v -0.009599 0.070172 -0.192548
v 0.001449 0.004185 -0.239895
v -0.012088 0.002440 -0.240348
v 0.005016 0.078506 -0.189416
v -0.008419 0.081138 -0.186617
v 0.000139 -0.022441 -0.251670
v -0.013114 -0.026009 -0.252461
v -0.013661 -0.048346 -0.260606
v -0.000354 -0.046943 -0.260461
v -0.002954 -0.073217 -0.268956
v -0.014865 -0.074283 -0.268611
v 0.005964 0.091692 -0.187341
v -0.008328 0.095097 -0.183638
v -0.022630 0.034071 -0.214685
v -0.023732 0.021531 -0.223459
v -0.022619 0.050604 -0.200591
v -0.022579 0.062844 -0.190060
v -0.022121 0.072846 -0.182819
v -0.017833 0.080933 -0.180531
v -0.028445 0.035218 -0.208013
v -0.017695 0.095986 -0.176648
v -0.024855 0.080942 -0.173130
v -0.027578 0.064131 -0.182499
v 0.006967 0.109052 -0.187753
v 0.016416 0.069663 -0.188583
v 0.015052 0.078377 -0.185889
v 0.014474 0.057932 -0.196331
v -0.013964 -0.460357 -0.123607
v -0.016948 -0.466825 -0.111496
v -0.020655 -0.461505 -0.125426
v -0.017750 -0.454293 -0.138262
v -0.013392 -0.446236 -0.150731
v -0.017884 -0.442189 -0.161337
v -0.009571 -0.438401 -0.160132
v -0.016577 -0.432019 -0.175980
v -0.009292 -0.465783 -0.103374
v -0.006288 -0.444810 -0.144378
v -0.005056 -0.455115 -0.121856
v -0.015322 -0.475619 -0.083242
v -0.010337 -0.473632 -0.081014
v -0.004718 -0.424663 -0.174472
v -0.003839 -0.463624 -0.096984
v -0.004229 -0.469152 -0.080259
v -0.002489 -0.431019 -0.161062
v -0.010520 -0.414675 -0.192280
v 0.004299 -0.432814 -0.143628
v -0.005696 -0.414136 -0.188223
v -0.016929 -0.422222 -0.188009
v -0.011111 -0.480004 -0.056291
v -0.019266 -0.482674 -0.059177
v -0.015727 -0.485237 -0.041036
v -0.022474 -0.470802 -0.103090
v -0.028174 -0.460217 -0.125865
v -0.029935 -0.465147 -0.110854
v -0.028738 -0.473301 -0.083614
v -0.020817 -0.477313 -0.081247
v -0.025350 -0.480012 -0.059866
v -0.038732 -0.453419 -0.125719
v -0.029323 -0.442745 -0.159349
v -0.037979 -0.437275 -0.158715
v -0.038003 -0.458869 -0.112354
v -0.037236 -0.465799 -0.088353
v -0.016209 -0.492149 0.003555
v -0.021953 -0.497233 0.032291
v -0.020494 -0.493409 0.003179
v -0.019519 -0.489788 -0.021894
v -0.016838 -0.497921 0.063700
v -0.010607 -0.493911 0.056853
v -0.010173 -0.484349 -0.025567
v -0.012002 -0.489919 0.008166
v -0.012007 -0.498014 0.119352
v -0.007143 -0.494546 0.122058
v -0.006490 -0.488910 0.039907
v -0.005032 -0.476005 -0.051691
v -0.005505 -0.482406 -0.010109
v -0.003477 -0.492385 0.165043
v -0.011690 -0.498290 0.163576
v -0.011232 -0.497045 0.195927
v 0.000607 -0.487191 0.119856
v -0.001799 -0.486716 0.076450
v 0.001611 -0.486520 0.193827
v 0.003533 -0.485157 0.150527
v 0.002379 -0.480331 0.043474
v -0.009120 -0.493756 0.213740
v 0.002290 -0.474254 -0.007669
v 0.010743 -0.476908 0.174853
v 0.002684 -0.468622 -0.042591
v 0.005582 -0.478440 0.084908
v 0.010620 -0.475237 0.129287
v 0.003334 -0.461162 -0.076940
v 0.009043 -0.477540 0.198421
v 0.007169 -0.478489 0.210949
v 0.002036 -0.481101 0.225500
v 0.011669 -0.467242 0.050724
v 0.007421 -0.465859 -0.010611
v 0.004239 -0.450581 -0.106048
v 0.007499 -0.459132 -0.049157
v 0.016989 -0.465600 0.197420
v 0.017731 -0.465509 0.179124
v 0.012885 -0.465229 0.084078
v 0.016843 -0.464204 0.132649
v 0.016053 -0.464382 0.211909
v 0.008567 -0.448283 -0.088901
v 0.011275 -0.461450 0.009575
v 0.005546 -0.441380 -0.122973
v 0.012096 -0.466476 0.226369
v 0.012955 -0.428158 -0.118621
v 0.012790 -0.418801 -0.139590
v 0.011993 -0.444988 -0.064234
v 0.011738 -0.454193 -0.017352
v 0.006834 -0.414239 -0.166877
v 0.014297 -0.398573 -0.166368
v 0.020704 -0.451938 0.210642
v 0.016614 -0.452890 0.082877
v 0.019375 -0.453097 0.124111
v 0.017210 -0.406355 -0.135135
v 0.017829 -0.386292 -0.168237
v 0.021060 -0.453713 0.176511
v 0.018116 -0.452251 0.224907
v 0.014924 -0.378613 -0.189915
v 0.019890 -0.357613 -0.195101
v 0.012644 -0.454652 0.238137
v 0.031635 0.435284 -0.151988
v 0.019019 0.425095 -0.175342
v 0.020231 0.441654 -0.149658
v 0.031059 0.421587 -0.171738
v 0.032527 0.448534 -0.126223
v 0.021435 0.452321 -0.128143
v 0.022061 0.459322 -0.108449
v 0.032788 0.455002 -0.110152
v 0.033768 0.462279 -0.087454
v 0.022391 0.465450 -0.088986
v 0.033688 0.468135 -0.066979
v 0.023108 0.475636 -0.051865
v 0.035178 0.471771 -0.052310
v 0.035014 0.480288 -0.018573
v 0.036085 0.476964 -0.029802
v 0.023874 0.483353 -0.019400
v 0.036064 0.484577 0.004773
v 0.037968 0.451107 -0.108289
v 0.007519 0.440219 -0.150406
v 0.005973 0.425339 -0.174205
v 0.009031 0.450978 -0.127442
v 0.004613 0.409685 -0.191526
v 0.017747 0.410885 -0.191168
v 0.030478 0.412655 -0.181828
v 0.029422 0.404161 -0.191092
v 0.016938 0.394716 -0.204657
v 0.027937 0.390374 -0.202801
v 0.042703 0.454669 -0.084722
v 0.041163 0.440180 -0.124101
v 0.037632 0.432791 -0.144271
v -0.033017 -0.317966 -0.141051
v -0.033946 -0.343791 -0.120950
v -0.024103 -0.324395 -0.132068
v -0.025488 -0.341016 -0.118746
v -0.023420 -0.309420 -0.142266
v -0.032680 -0.300035 -0.152186
v -0.023103 -0.296838 -0.149485
v -0.032546 -0.280275 -0.162403
v -0.022060 -0.279377 -0.158264
v -0.021584 -0.259147 -0.168877
v -0.032223 -0.263222 -0.171541
v -0.029354 -0.243533 -0.179562
v -0.020633 -0.245643 -0.174841
v -0.039897 -0.309891 -0.151673
v -0.040578 -0.331571 -0.135971
v -0.037605 -0.246863 -0.183875
v -0.039614 -0.279433 -0.168818
v -0.041887 -0.351170 -0.120159
v -0.020192 -0.227993 -0.180703
v -0.029452 -0.219525 -0.187546
v -0.036809 -0.219094 -0.192769
v -0.019725 -0.215021 -0.183917
v -0.025661 -0.350634 -0.109322
v -0.041301 -0.360985 -0.108021
v -0.025905 -0.361203 -0.096266
v -0.005971 -0.244264 -0.173933
v -0.008660 -0.262586 -0.166030
v -0.009122 -0.281393 -0.156063
v -0.010024 -0.303941 -0.144649
v -0.011309 -0.323376 -0.132401
v -0.012852 -0.337637 -0.120761
v -0.006278 -0.226438 -0.179014
v -0.012829 -0.349699 -0.109292
v -0.012877 -0.361764 -0.094424
v -0.037729 -0.368162 -0.094545
v -0.042067 -0.370415 -0.095889
v -0.037586 -0.377563 -0.078440
v -0.026568 -0.373989 -0.075489
v -0.013946 -0.372070 -0.077769
v -0.043755 -0.383578 -0.075850
v -0.047641 -0.310617 -0.160839
v -0.049043 -0.339465 -0.141433
v -0.046472 -0.283034 -0.174843
v -0.045390 -0.253201 -0.190532
v -0.049846 -0.361679 -0.121564
v -0.050654 -0.377623 -0.102089
v -0.051332 -0.392323 -0.077340
v -0.016838 -0.497921 0.063700
v -0.012007 -0.498014 0.119352
v -0.016858 -0.499847 0.121337
v -0.020501 -0.499646 0.078381
v -0.011690 -0.498290 0.163576
v -0.016512 -0.499282 0.196174
v -0.021953 -0.497233 0.032291
v -0.019970 -0.499650 0.195134
v -0.023735 -0.498941 0.062991
v -0.019636 -0.496169 0.224039
v 0.000241 -0.227211 -0.288017
v -0.005212 -0.251019 -0.286954
v -0.007300 -0.237930 -0.289579
v -0.007873 -0.215298 -0.290927
v 0.001859 -0.205853 -0.288399
v -0.014644 -0.266111 -0.285688
v -0.013597 -0.243814 -0.289175
v -0.004352 -0.272034 -0.281453
v -0.010824 -0.288186 -0.278808
v -0.006357 -0.296265 -0.273852
v 0.002641 -0.248384 -0.282568
v 0.044022 0.235563 0.232845
v 0.043316 0.235947 0.234288
v 0.045243 0.237608 0.245224
v 0.003189 0.393526 0.043921
v 0.014347 0.393034 0.077436
v 0.002383 0.396759 0.096277
v 0.023115 0.389937 0.054453
v 0.023222 0.388737 0.027536
v 0.022781 0.391936 0.087714
v 0.011780 0.390447 0.025142
v 0.002312 0.392185 0.022410
v 0.012103 0.395627 0.126924
v 0.002137 0.397724 0.128037
v 0.022373 0.394178 0.130274
v 0.011855 0.395954 0.157072
v 0.001862 0.397593 0.157131
v 0.021839 0.385476 0.001712
v 0.022945 0.394935 0.156723
v 0.007355 0.387196 0.000272
v 0.002411 0.388476 0.000461
v 0.022965 0.393269 0.169343
v 0.002051 0.395146 0.170187
v 0.003184 0.380613 -0.025187
v 0.021063 0.375278 -0.025640
v 0.012483 0.371466 -0.047902
v 0.021250 0.368571 -0.049741
v 0.002668 0.374751 -0.048117
v 0.009460 0.367032 -0.064413
v 0.000786 0.199077 0.100231
v 0.013958 0.198720 0.071586
v -0.002831 0.195607 0.071427
v 0.015626 0.201909 0.102065
v 0.013595 0.193492 0.033974
v -0.002643 0.190284 0.034462
v -0.003497 0.187958 0.014590
v 0.013595 0.191892 0.016301
v 0.000375 0.199207 0.124434
v 0.017978 0.203062 0.128260
v 0.017598 0.204360 0.148285
v -0.003983 0.198676 0.133388
v -0.004075 0.200980 0.152500
v -0.005483 0.197015 0.098942
v 0.014403 0.205906 0.160380
v -0.003753 0.203127 0.161846
v -0.002229 0.189084 0.003261
v 0.020996 0.206135 0.162069
v 0.025465 0.202497 0.140097
v 0.025684 0.205192 0.163554
v 0.028768 0.199820 0.125319
v 0.013324 0.204350 -0.055438
v -0.000966 0.199807 -0.047993
v 0.013712 0.198832 -0.021646
v -0.001979 0.202325 -0.063334
v -0.001518 0.206386 -0.081169
v 0.014667 0.209616 -0.079914
v 0.014899 0.214889 -0.098734
v 0.006251 0.214772 -0.103738
v 0.014510 0.224029 -0.122990
v -0.001964 0.219438 -0.122166
v -0.002336 0.211548 -0.101431
v -0.001411 0.226592 -0.132894
v 0.014592 0.230040 -0.131997
v 0.014565 0.235526 -0.137480
v -0.001983 0.233061 -0.140534
v 0.014760 0.240882 -0.141305
v -0.001756 0.241681 -0.146097
v 0.029696 0.233491 -0.142443
v 0.028490 0.224259 -0.131391
v -0.001781 0.251351 -0.149497
v 0.015383 0.250545 -0.145441
v 0.030617 0.250298 -0.150794
v 0.015383 0.250545 -0.145441
v 0.016198 0.263925 -0.146372
v -0.000052 0.263681 -0.149777
v -0.001781 0.251351 -0.149497
vn 0.3037 -0.9520 -0.0387
vn 0.1033 -0.9943 -0.0268
vn 0.1518 -0.9868 -0.0565
vn 0.0366 -0.9979 -0.0534
vn -0.2591 -0.9657 -0.0168
vn -0.3374 -0.9414 -0.0053
vn -0.2864 -0.9566 -0.0546
vn -0.3460 -0.9382 -0.0060
vn 0.1972 -0.9803 -0.0079
vn 0.3458 -0.9381 -0.0213
vn 0.2827 -0.9592 0.0008
vn -0.2197 -0.9756 0.0010
vn -0.2715 -0.9624 0.0045
vn -0.3668 -0.9303 0.0033
vn 0.5645 -0.8249 -0.0273
vn 0.6636 -0.7481 0.0050
vn 0.5833 -0.8123 0.0043
vn 0.0141 -0.9997 0.0182
vn -0.2251 -0.9739 0.0303
vn 0.1709 -0.9851 0.0218
vn 0.3912 -0.9198 0.0299
vn 0.3918 -0.9179 0.0629
vn 0.3726 -0.9223 0.1024
vn -0.2574 -0.9627 0.0838
vn 0.0699 -0.9905 0.1185
vn -0.2061 -0.9695 0.1328
vn 0.0249 -0.9901 -0.1382
vn -0.1891 -0.9748 -0.1187
vn -0.2613 -0.9499 -0.1716
vn -0.3528 -0.9236 -0.1500
vn 0.4475 -0.8887 -0.0997
vn 0.3645 -0.9267 -0.0911
vn 0.2897 -0.9499 -0.1175
vn -0.1477 -0.9858 -0.0795
vn 0.4626 -0.8839 -0.0684
vn 0.6100 -0.7905 -0.0550
vn -0.5800 -0.8124 -0.0601
vn -0.5738 -0.8189 -0.0074
vn -0.6310 -0.7749 -0.0378
vn -0.6153 -0.7882 -0.0101
vn 0.6516 -0.7579 -0.0322
vn -0.6167 -0.7872 0.0029
vn -0.5770 -0.8167 0.0100
vn -0.6569 -0.7537 0.0209
vn 0.6219 -0.7819 0.0439
vn 0.6971 -0.7151 0.0519
vn -0.5518 -0.8313 0.0669
vn -0.6308 -0.7727 0.0706
vn 0.4541 -0.8775 0.1545
vn -0.5826 -0.7885 0.1971
vn 0.3264 -0.9280 0.1796
vn 0.5155 -0.8197 0.2497
vn -0.2393 -0.9591 0.1514
vn 0.2876 -0.8838 0.3690
vn -0.2196 -0.9252 0.3095
vn -0.2306 -0.8992 0.3719
vn -0.2379 -0.9167 0.3209
vn -0.0481 -0.9825 -0.1798
vn -0.2980 -0.9349 -0.1926
vn -0.3865 -0.9038 -0.1838
vn 0.4279 -0.8944 -0.1305
vn -0.5829 -0.8011 -0.1362
vn -0.6173 -0.7800 -0.1027
vn 0.6038 -0.7921 -0.0892
vn 0.6797 -0.7302 -0.0688
vn 0.7711 -0.6339 -0.0594
vn 0.7265 -0.6858 -0.0438
vn 0.7288 -0.6837 -0.0381
vn -0.7092 -0.7049 -0.0145
vn 0.7551 -0.6554 -0.0166
vn -0.7466 -0.6637 0.0451
vn 0.6751 -0.7310 0.0991
vn -0.7072 -0.6861 0.1710
vn -0.5168 -0.7993 0.3067
vn -0.6204 -0.7301 0.2864
vn 0.6384 -0.6968 0.3269
vn 0.4448 -0.7949 0.4127
vn -0.3237 -0.7967 0.5103
vn 0.3623 -0.7694 0.5262
vn 0.2343 -0.9552 -0.1807
vn -0.1284 -0.9696 -0.2084
vn 0.4550 -0.8782 -0.1478
vn 0.5172 -0.8379 -0.1743
vn 0.5621 -0.8184 -0.1191
vn 0.7039 -0.7047 -0.0890
vn -0.5866 -0.7844 -0.2016
vn -0.6407 -0.7485 -0.1710
vn -0.7109 -0.6996 -0.0722
vn -0.7461 -0.6657 0.0138
vn 0.8384 -0.5436 -0.0409
vn 0.7951 -0.6064 0.0061
vn -0.8584 -0.5120 0.0312
vn 0.7703 -0.6263 0.1201
vn 0.7467 -0.6487 0.1470
vn 0.6951 -0.6727 0.2537
vn -0.5561 -0.5767 0.5986
vn -0.5954 -0.6249 0.5051
vn -0.2280 -0.7819 0.5803
vn 0.3688 -0.9070 -0.2031
vn 0.3787 -0.8887 -0.2586
vn -0.3735 -0.9057 -0.2004
vn -0.5050 -0.8380 -0.2066
vn -0.6455 -0.7392 -0.1920
vn -0.5889 -0.7926 -0.1580
vn -0.6496 -0.7228 -0.2356
vn 0.7094 -0.6942 -0.1219
vn -0.7475 -0.6499 -0.1376
vn -0.8188 -0.5736 -0.0241
vn -0.8255 -0.5643 0.0039
vn 0.8207 -0.5700 -0.0397
vn 0.8002 -0.5973 0.0531
vn 0.7355 -0.5598 0.3817
vn 0.5635 -0.6389 0.5237
vn -0.6984 -0.5139 0.4981
vn 0.4271 -0.6589 0.6192
vn 0.1116 -0.6351 0.7643
vn -0.2949 -0.6531 0.6975
vn 0.1933 -0.9435 -0.2692
vn -0.0109 -0.9677 -0.2519
vn 0.5437 -0.8078 -0.2279
vn -0.6546 -0.7487 -0.1050
vn 0.7966 -0.5966 -0.0969
vn 0.8014 -0.5931 -0.0771
vn -0.6914 -0.6961 -0.1934
vn 0.8643 -0.5007 -0.0469
vn -0.7180 -0.3530 0.5999
vn 0.6955 -0.4393 0.5687
vn 0.5719 -0.5123 0.6406
vn -0.4610 -0.4205 0.7814
vn -0.3888 -0.8955 -0.2167
vn -0.4570 -0.8611 -0.2227
vn -0.1842 -0.9308 -0.3156
vn 0.1828 -0.9383 -0.2936
vn -0.3955 -0.8971 -0.1971
vn -0.6191 -0.7748 -0.1283
vn 0.6804 -0.7119 -0.1739
vn -0.6537 -0.7362 -0.1750
vn -0.8379 -0.5391 -0.0853
vn 0.9179 -0.3937 -0.0501
vn -0.9501 -0.3097 0.0376
vn -0.9156 -0.4019 0.0100
vn 0.9017 -0.4291 0.0532
vn 0.8744 -0.4428 0.1986
vn 0.8110 -0.4848 0.3275
vn -0.8661 -0.3983 0.3022
vn -0.9310 -0.3102 0.1925
vn -0.8337 -0.5024 0.2291
vn 0.4446 -0.4410 0.7797
vn 0.0020 -0.4976 0.8674
vn 0.3132 -0.8902 -0.3310
vn -0.5091 -0.8210 -0.2584
vn 0.5139 -0.8058 -0.2942
vn -0.6592 -0.7363 -0.1525
vn -0.6349 -0.7395 -0.2236
vn 0.8631 -0.4993 -0.0754
vn 0.9226 -0.3828 -0.0480
vn 0.9041 -0.4272 -0.0132
vn 0.8833 -0.4487 0.1357
vn 0.7954 -0.4145 0.4421
vn 0.0792 -0.9116 -0.4035
vn -0.4162 -0.8304 -0.3704
vn -0.5774 -0.7890 -0.2102
vn 0.7033 -0.6722 -0.2313
vn -0.7011 -0.7004 -0.1339
vn 0.8111 -0.5683 -0.1384
vn -0.6347 -0.7656 -0.1051
vn -0.7745 -0.6153 -0.1466
vn 0.9047 -0.4183 -0.0808
vn 0.9115 -0.4047 -0.0736
vn 0.3121 -0.3235 0.8933
vn -0.2791 -0.2813 0.9181
vn 0.4495 -0.8079 -0.3811
vn -0.5147 -0.7762 -0.3641
vn -0.5685 -0.7875 -0.2381
vn 0.6822 -0.6649 -0.3043
vn 0.9655 -0.2573 -0.0403
vn 0.9638 -0.2621 -0.0493
vn 0.9908 -0.1304 -0.0362
vn 0.9607 -0.2775 0.0041
vn 0.7700 -0.2639 0.5809
vn -0.5795 -0.2313 0.7815
vn 0.2942 -0.8510 -0.4351
vn -0.8264 -0.5450 -0.1417
vn -0.7410 -0.6444 -0.1888
vn 0.7959 -0.5673 -0.2115
vn 0.9041 -0.4104 -0.1190
vn 0.9331 -0.3528 -0.0696
vn 0.9982 -0.0408 -0.0442
vn 0.9551 -0.2929 -0.0437
vn 0.9563 -0.2840 -0.0690
vn 0.9684 -0.2469 -0.0340
vn 0.9989 0.0196 -0.0432
vn 0.9994 -0.0223 -0.0271
vn 0.9422 -0.3209 0.0968
vn 0.9045 -0.3592 0.2297
vn 0.8880 -0.3445 0.3047
vn 0.8550 -0.2719 0.4416
vn -0.7304 -0.2004 0.6529
vn -0.8225 -0.2428 0.5143
vn 0.6864 -0.3134 0.6562
vn 0.4942 -0.3408 0.7998
vn -0.6495 -0.6964 -0.3052
vn -0.6731 -0.7097 -0.2082
vn 0.9314 -0.3557 -0.0773
vn 0.9720 -0.2302 -0.0477
vn 0.4468 -0.2226 0.8665
vn -0.0520 -0.8819 -0.4686
vn -0.1249 -0.8815 -0.4554
vn -0.0744 -0.8604 -0.5042
vn 0.4289 -0.7971 -0.4251
vn -0.5074 -0.7702 -0.3864
vn 0.6264 -0.6880 -0.3664
vn -0.7651 -0.5961 -0.2436
vn -0.8715 -0.4637 -0.1599
vn 0.9739 -0.2232 -0.0409
vn 0.9848 -0.1702 -0.0354
vn 0.9944 0.1038 -0.0189
vn 0.7642 -0.1530 0.6266
vn 0.7020 -0.1894 0.6866
vn 0.1843 -0.1892 0.9645
vn -0.3491 -0.1395 0.9266
vn 0.3806 -0.7940 -0.4741
vn -0.0257 -0.8481 -0.5293
vn 0.0606 -0.8810 -0.4692
vn -0.5127 -0.7665 -0.3867
vn -0.7329 -0.6031 -0.3149
vn 0.7906 -0.5397 -0.2895
vn 0.8425 -0.4911 -0.2214
vn 1.0000 -0.0042 -0.0011
vn 0.9992 0.0397 -0.0080
vn 0.9882 0.1438 -0.0521
vn 0.9785 0.2021 -0.0419
vn 0.9590 0.2822 -0.0270
vn 0.9846 0.1673 -0.0499
vn 0.9962 -0.0702 0.0517
vn 0.9994 0.0212 -0.0264
vn 0.9740 -0.1101 0.1982
vn 0.9403 -0.2003 0.2753
vn 0.9099 -0.1723 0.3773
vn 0.8488 -0.1576 0.5047
vn -0.7218 -0.1032 0.6843
vn -0.6254 -0.1032 0.7734
vn 0.5274 -0.7158 -0.4577
vn 0.9951 -0.0990 -0.0007
vn -0.8703 -0.0992 0.4824
vn -0.9461 -0.0599 0.3181
vn -0.9257 -0.1725 0.3367
vn -0.0284 -0.7990 -0.6007
vn 0.9159 -0.3759 -0.1407
vn 0.9890 -0.1477 -0.0090
vn 0.9659 0.2580 -0.0240
vn 0.9519 0.2297 -0.2030
vn -0.5256 -0.0557 0.8489
vn 0.3550 -0.1445 0.9237
vn -0.0112 -0.8003 -0.5995
vn -0.4898 -0.6733 -0.5539
vn -0.5069 -0.7089 -0.4904
vn -0.5687 -0.6522 -0.5012
vn 0.4726 -0.7067 -0.5265
vn -0.5946 -0.6869 -0.4179
vn 0.6733 -0.6363 -0.3766
vn 0.9946 0.1017 0.0228
vn 0.9924 0.1233 0.0020
vn 0.9194 0.3871 -0.0693
vn 0.9181 0.3803 -0.1117
vn 0.9703 0.0386 -0.2387
vn 0.9991 -0.0182 -0.0371
vn -0.9799 -0.1111 0.1655
vn -0.9971 0.0035 0.0765
vn 0.9179 -0.0966 0.3848
vn -0.9013 -0.0394 0.4314
vn -0.6547 -0.0486 0.7543
vn 0.7011 -0.1400 0.6992
vn -0.0244 -0.0962 0.9951
vn 0.5258 -0.6825 -0.5077
vn 0.8966 -0.3875 -0.2142
vn 0.9614 -0.2651 -0.0737
vn 0.9784 -0.2028 -0.0390
vn 0.9993 -0.0300 0.0231
vn 0.9971 0.0578 0.0497
vn 0.9804 0.1968 -0.0068
vn 0.9632 0.2689 -0.0009
vn 0.9656 0.2597 -0.0113
vn 0.6516 -0.1085 0.7508
vn 0.0807 -0.7334 -0.6749
vn -0.0012 -0.7205 -0.6935
vn 0.9820 0.1879 0.0196
vn 0.9632 0.2311 -0.1373
vn -0.7502 -0.0478 0.6595
vn -0.4163 -0.6378 -0.6480
vn -0.5557 -0.5947 -0.5810
vn 0.4852 -0.6797 -0.5501
vn 0.4317 -0.6932 -0.5772
vn 0.7545 -0.5456 -0.3648
vn 0.8019 -0.4783 -0.3580
vn 0.7609 -0.5449 -0.3523
vn 0.8665 -0.4259 -0.2603
vn 0.9753 -0.2065 -0.0785
vn 0.9653 0.2433 0.0946
vn 0.9917 0.1284 -0.0031
vn 0.9871 0.1593 0.0147
vn 0.9473 0.1019 -0.3038
vn -0.4119 -0.0576 0.9094
vn 0.5272 -0.6563 -0.5398
vn 0.7333 -0.5368 -0.4172
vn 0.9455 -0.2873 -0.1531
vn 0.9930 0.0875 0.0798
vn 0.9731 0.2297 -0.0151
vn 0.9071 0.0630 -0.4162
vn 0.9803 -0.0244 -0.1960
vn 0.9946 -0.0592 0.0858
vn 0.2757 -0.0903 0.9570
vn 0.1673 -0.6837 -0.7103
vn 0.6841 -0.5357 -0.4951
vn 0.7766 -0.4789 -0.4094
vn 0.9943 -0.1068 -0.0002
vn 0.9985 -0.0269 0.0478
vn 0.9021 0.4249 0.0755
vn 0.9318 0.3628 -0.0065
vn 0.9705 0.2410 -0.0061
vn 0.9590 -0.0150 -0.2829
vn 0.8166 -0.0933 0.5696
vn 0.3322 -0.6628 -0.6710
vn 0.9190 0.3941 -0.0054
vn 0.9167 0.3994 0.0136
vn 0.9716 0.1250 -0.2009
vn 0.9740 -0.0119 -0.2264
vn 0.7210 -0.1043 0.6850
vn 0.6467 -0.5386 -0.5401
vn 0.5444 -0.6017 -0.5844
vn -0.7401 -0.4903 -0.4603
vn -0.8624 -0.3895 -0.3234
vn -0.8612 -0.3444 -0.3737
vn 0.9228 -0.3277 -0.2029
vn 0.9505 0.2685 0.1564
vn 0.8522 0.4965 0.1652
vn 0.8307 0.5524 0.0690
vn 0.8459 0.5331 0.0162
vn 0.8693 0.4935 -0.0284
vn 0.8801 0.4748 0.0033
vn 0.8672 0.4978 0.0137
vn 0.9034 0.4281 -0.0250
vn 0.9709 -0.0597 0.2321
vn 0.0632 -0.0718 0.9954
vn 0.7727 -0.4427 -0.4550
vn 0.9354 -0.2893 -0.2033
vn 0.8508 0.4700 0.2348
vn 0.7879 0.5977 0.1480
vn 0.5975 0.7982 0.0767
vn 0.3824 0.9228 0.0469
vn 0.5770 0.8167 -0.0116
vn 0.5436 0.8391 -0.0200
vn 0.6650 0.7063 -0.2427
vn 0.7897 0.5845 -0.1864
vn 0.8577 -0.0137 -0.5140
vn 0.6798 -0.0911 0.7277
vn -0.5956 -0.0371 0.8024
vn 0.8571 -0.3805 -0.3473
vn 0.8605 -0.3997 -0.3159
vn 0.9666 -0.2204 -0.1305
vn 0.9887 -0.1410 -0.0516
vn 0.9946 0.0449 0.0940
vn 0.9689 0.1793 0.1703
vn 0.6055 0.7776 0.1694
vn 0.4482 0.8747 0.1843
vn 0.4081 0.9053 0.1173
vn 0.5852 0.6569 -0.4754
vn 0.9972 0.0083 0.0749
vn 0.7023 0.6367 0.3183
vn 0.7570 0.6186 0.2106
vn -0.5498 0.8173 0.1725
vn -0.4020 0.8785 0.2582
vn -0.5474 0.7942 0.2637
vn 0.0607 0.9629 -0.2629
vn 0.1667 0.8081 -0.5649
vn 0.3969 0.8984 -0.1880
vn 0.5020 0.2828 -0.8173
vn 0.5579 0.1325 -0.8193
vn 0.6729 0.1038 -0.7324
vn 0.9711 -0.0283 -0.2368
vn 0.9985 -0.0389 -0.0386
vn 0.0896 -0.6519 -0.7530
vn -0.0009 -0.6757 -0.7372
vn 0.6782 -0.4807 -0.5558
vn 0.9313 -0.2857 -0.2260
vn 0.8856 0.3819 0.2645
vn 0.6349 0.7103 0.3040
vn 0.4190 0.8310 0.3659
vn 0.5938 0.7571 0.2726
vn 0.4423 0.8578 0.2618
vn 0.2573 0.9134 0.3155
vn 0.2302 0.9505 0.2086
vn -0.0022 0.1804 -0.9836
vn 0.2990 0.1680 -0.9394
vn 0.8888 -0.0086 -0.4581
vn -0.6656 -0.0299 0.7457
vn 0.6161 -0.0928 0.7822
vn 0.3445 -0.5883 -0.7316
vn 0.5140 -0.5424 -0.6646
vn 0.5440 -0.5714 -0.6145
vn -0.4304 -0.5610 -0.7071
vn -0.4342 -0.5996 -0.6722
vn -0.5158 -0.5356 -0.6686
vn 0.9748 -0.1849 -0.1245
vn 0.7580 0.5393 0.3668
vn 0.9587 -0.0277 -0.2831
vn 0.3642 0.8021 0.4733
vn -0.5449 -0.0359 0.8377
vn 0.8855 0.3370 0.3199
vn 0.2775 -0.0775 0.9576
vn -0.3231 -0.0468 0.9452
vn 0.7777 -0.3710 -0.5074
vn 0.9348 -0.2762 -0.2231
vn 0.9704 0.1425 0.1948
vn 0.7353 0.5092 0.4473
vn 0.6571 0.6421 0.3948
vn 0.9089 -0.0694 0.4112
vn 0.9536 -0.2189 -0.2066
vn 0.9848 -0.0330 -0.1708
vn 0.9110 -0.0403 -0.4104
vn 0.6134 -0.0920 0.7844
vn 0.6531 -0.4345 -0.6203
vn 0.8654 -0.3250 -0.3813
vn 0.9966 0.0076 0.0815
vn 0.9912 -0.1165 -0.0631
vn 0.5940 0.6308 0.4993
vn 0.3379 0.7003 0.6288
vn 0.3422 0.7251 0.5976
vn 0.8676 -0.0243 -0.4967
vn 0.8351 -0.0703 0.5456
vn -0.7260 -0.0050 0.6877
vn -0.7337 -0.0309 0.6787
vn 0.7620 0.4240 0.4895
vn -0.2258 0.8054 0.5481
vn -0.2464 0.7091 0.6607
vn -0.5610 0.6445 0.5194
vn 0.9990 -0.0424 0.0136
vn 0.5355 0.5981 0.5963
vn -0.0464 0.8154 0.5770
vn -0.0553 0.7496 0.6595
vn 0.9764 -0.0342 -0.2133
vn -0.7465 0.0005 0.6654
vn -0.5583 -0.4600 -0.6904
vn -0.7213 -0.3705 -0.5852
vn -0.7371 -0.3142 -0.5983
vn -0.4858 -0.4271 -0.7626
vn 0.9301 -0.2305 -0.2861
vn 0.9848 0.0586 0.1632
vn -0.4222 0.6039 0.6760
vn 0.9197 -0.0156 -0.3923
vn 0.7371 -0.0786 0.6712
vn 0.0881 -0.5009 -0.8610
vn 0.2123 -0.4721 -0.8556
vn 0.3450 -0.5162 -0.7839
vn 0.9983 -0.0411 0.0407
vn 0.8908 0.2669 0.3678
vn 0.0819 0.0647 -0.9945
vn 0.2707 0.0320 -0.9621
vn 0.3971 0.0456 -0.9166
vn -0.9210 0.0072 0.3896
vn -0.9709 0.0295 0.2375
vn -0.9641 -0.0031 0.2657
vn 0.2792 -0.0688 0.9578
vn 0.5103 -0.4472 -0.7345
vn 0.6988 -0.3810 -0.6054
vn 0.8574 -0.2925 -0.4235
vn 0.9438 0.1420 0.2984
vn 0.7613 0.3525 0.5442
vn 0.5201 0.5262 0.6727
vn -0.0479 0.6581 0.7514
vn -0.1959 0.6489 0.7352
vn -0.6209 -0.0189 0.7837
vn 0.7742 -0.3305 -0.5398
vn -0.6149 0.4977 0.6117
vn -0.6681 0.5181 0.5341
vn -0.5400 -0.0206 0.8414
vn 0.9786 -0.1496 -0.1410
vn 0.3753 0.5180 0.7687
vn 0.3516 0.6283 0.6940
vn 0.5521 0.0155 -0.8336
vn 0.6213 0.0152 -0.7834
vn 0.5768 0.0332 -0.8162
vn 0.6469 -0.0820 0.7581
vn 0.0223 -0.0503 0.9985
vn 0.9871 0.0211 0.1590
vn 0.8810 0.1937 0.4316
vn -0.1919 0.6018 0.7752
vn 0.9205 -0.0570 0.3867
vn 0.9308 -0.2116 -0.2980
vn 0.5150 0.4362 0.7379
vn -0.0435 0.5748 0.8171
vn 0.9525 -0.0462 -0.3009
vn 0.9705 -0.0518 0.2354
vn 0.2695 -0.4094 -0.8717
vn 0.4881 -0.4061 -0.7726
vn 0.9983 -0.0582 -0.0010
vn -0.4289 0.5321 0.7300
vn -0.6468 0.4154 0.6396
vn 0.2990 -0.0518 0.9529
vn -0.3109 -0.0255 0.9501
vn 0.6702 -0.3533 -0.6527
vn 0.8036 0.2514 0.5394
vn 0.7038 0.3042 0.6420
vn -0.1878 0.5276 0.8285
vn 0.9013 -0.0480 -0.4305
vn 0.3674 0.4456 0.8164
vn -0.0701 0.4934 0.8670
vn 0.9313 -0.0544 -0.3603
vn 0.9301 0.1162 0.3485
vn 0.9980 -0.0411 -0.0473
vn 0.8548 -0.2435 -0.4583
vn 0.9800 -0.1218 -0.1573
vn 0.9856 0.0222 0.1677
vn 0.5447 0.3585 0.7582
vn 0.3776 0.4123 0.8291
vn -0.4286 0.4505 0.7832
vn 0.8819 -0.0280 -0.4705
vn 0.8862 -0.0605 0.4593
vn 0.7521 -0.2735 -0.5997
vn -0.2051 0.4590 0.8644
vn -0.7348 -0.0031 0.6783
vn -0.7692 0.0053 0.6389
vn 0.5382 -0.3473 -0.7679
vn 0.6493 -0.2964 -0.7004
vn 0.9744 -0.0380 -0.2217
vn 0.8024 0.2115 0.5580
vn -0.0801 0.4574 0.8856
vn 0.9804 -0.0442 0.1921
vn 0.7774 -0.0719 0.6248
vn 0.9301 -0.1668 -0.3271
vn -0.4680 0.4202 0.7775
vn -0.6809 0.3547 0.6408
vn 0.3382 0.4164 0.8439
vn -0.2107 0.4568 0.8642
vn -0.6197 -0.0145 0.7847
vn 0.8673 -0.0365 -0.4965
vn 0.9202 -0.0364 -0.3898
vn 0.6067 -0.2627 -0.7503
vn 0.6856 -0.2305 -0.6905
vn -0.5903 -0.2113 -0.7790
vn -0.7584 -0.1736 -0.6283
vn -0.8028 -0.0894 -0.5896
vn 0.8249 -0.2002 -0.5286
vn 0.9987 -0.0359 0.0350
vn 0.9242 0.0929 0.3705
vn 0.3669 0.3913 0.8440
vn 0.6773 -0.0733 0.7320
vn 0.8743 -0.1242 -0.4692
vn 0.9984 -0.0521 -0.0239
vn -0.9331 0.0283 0.3584
vn -0.9831 0.0410 0.1782
vn 0.9338 -0.0520 0.3540
vn 0.9412 -0.1054 -0.3209
vn 0.9816 -0.0891 -0.1686
vn 0.9754 0.0124 0.2202
vn 0.9985 -0.0351 -0.0411
vn -0.4018 -0.0167 0.9156
vn 0.6080 0.2845 0.7412
vn 0.7661 -0.1690 -0.6201
vn -0.2133 0.4266 0.8789
vn -0.4627 0.4079 0.7871
vn -0.2667 -0.0196 0.9636
vn 0.7873 0.1447 0.5994
vn 0.2829 0.3963 0.8734
vn -0.0797 0.4473 0.8908
vn 0.9886 -0.0273 0.1483
vn -0.6224 0.3346 0.7075
vn 0.9286 -0.0408 -0.3689
vn -0.6884 -0.0051 0.7253
vn -0.7817 0.0064 0.6236
vn 0.5311 -0.0650 0.8448
vn 0.6961 -0.1525 -0.7015
vn 0.3125 0.3081 0.8985
vn 0.5412 -0.0026 -0.8409
vn 0.5784 -0.0043 -0.8157
vn 0.5756 -0.0021 -0.8177
vn 0.8125 -0.0208 -0.5826
vn 0.8999 -0.0352 -0.4346
vn 0.7021 -0.0689 0.7087
vn -0.5824 -0.0127 0.8128
vn 0.0962 -0.0353 0.9947
vn 0.9155 0.0480 0.3994
vn 0.6477 0.1488 0.7472
vn 0.4081 0.2328 0.8827
vn -0.4556 0.3247 0.8289
vn -0.1056 0.3480 0.9315
vn 0.7990 -0.0710 0.5971
vn -0.2083 0.3552 0.9113
vn 0.9868 -0.0378 0.1573
vn 0.8082 -0.0921 -0.5817
vn 0.9410 -0.0661 -0.3320
vn 0.9813 -0.0472 -0.1865
vn 0.7958 0.0714 0.6014
vn 0.3754 -0.1851 -0.9082
vn 0.3674 -0.0920 -0.9255
vn 0.5243 -0.1758 -0.8332
vn 0.2534 0.2309 0.9394
vn -0.2661 0.2885 0.9198
vn 0.2498 -0.0406 0.9674
vn -0.2566 -0.0152 0.9664
vn 0.7165 -0.0778 -0.6932
vn 0.6677 -0.0889 -0.7391
vn 0.9992 -0.0388 -0.0083
vn -0.7329 0.2265 0.6415
vn -0.7275 0.2006 0.6562
vn -0.7514 0.2296 0.6186
vn 0.9772 -0.0320 -0.2097
vn 0.8849 -0.0473 -0.4635
vn -0.4556 0.2674 0.8490
vn -0.5381 0.2678 0.7992
vn 0.3824 0.1553 0.9108
vn -0.1456 0.2689 0.9521
vn 0.6482 -0.0699 0.7582
vn 0.4490 -0.0603 0.8915
vn 0.2300 0.2108 0.9501
vn 0.9301 -0.0093 0.3673
vn 0.2060 0.1501 0.9670
vn -0.1690 0.2141 0.9621
vn -0.2563 0.1889 0.9480
vn -0.1436 0.2429 0.9594
vn 0.5219 0.0011 -0.8530
vn 0.5870 -0.0061 -0.8096
vn 0.7829 -0.0028 0.6221
vn 0.6322 0.0617 0.7723
vn -0.4323 0.2315 0.8715
vn -0.0670 0.1083 0.9919
vn 0.8184 -0.0180 -0.5743
vn 0.9341 -0.0299 -0.3559
vn 0.6005 -0.0125 -0.7996
vn 0.9548 -0.0280 -0.2959
vn 0.8913 -0.0260 -0.4526
vn 0.9990 -0.0341 -0.0294
vn 0.7275 -0.0294 -0.6855
vn 0.8018 -0.0283 -0.5969
vn -0.2485 0.0859 0.9648
vn -0.4813 0.0917 0.8717
vn -0.5088 0.1631 0.8453
vn 0.4434 0.0519 0.8948
vn 0.9708 -0.0447 0.2358
vn -0.6992 0.1024 0.7075
vn 0.9845 -0.0240 -0.1737
vn 0.9854 -0.0461 0.1641
vn 0.9253 -0.0497 0.3760
vn -0.8724 0.0242 0.4882
vn -0.8778 0.0164 0.4787
vn -0.9607 0.0294 0.2762
vn -0.7175 -0.0021 0.6965
vn 0.6897 -0.0544 0.7221
vn 0.9218 -0.0607 0.3830
vn 0.8944 -0.0561 0.4436
vn -0.0494 -0.0179 0.9986
vn 0.9991 -0.0419 -0.0019
vn 0.6015 -0.0232 0.7985
vn 0.1988 0.0418 0.9792
vn 0.0033 0.0362 0.9993
vn 0.7411 -0.0511 0.6695
vn -0.4729 -0.0121 0.8810
vn 0.7118 0.0225 -0.7021
vn 0.7934 0.0364 -0.6076
vn 0.8497 0.0121 -0.5271
vn 0.4939 -0.0188 0.8693
vn 0.7458 -0.0550 0.6639
vn -0.2838 0.0283 0.9585
vn 0.1983 -0.0067 0.9801
vn 0.8969 0.0091 -0.4421
vn 0.9424 0.0021 -0.3345
vn -0.6544 0.0391 0.7551
vn -0.5785 -0.0086 0.8157
vn 0.3840 -0.0341 0.9227
vn -0.4956 0.0132 0.8684
vn -0.4313 -0.0086 0.9022
vn 0.2589 -0.0243 0.9656
vn 0.0032 0.0196 -0.9998
vn 0.0128 0.0152 -0.9998
vn 0.2357 0.0087 -0.9718
vn 0.6121 -0.1094 0.7832
vn 0.4904 -0.1167 0.8636
vn -0.3252 -0.0237 0.9453
vn -0.0092 -0.0480 0.9988
vn 0.9069 -0.0227 -0.4207
vn 0.9675 -0.0315 -0.2509
vn 0.9085 -0.0466 0.4154
vn 0.6487 0.0897 -0.7558
vn 0.7374 -0.1337 0.6621
vn -0.6884 -0.0175 0.7251
vn 0.1791 -0.1220 0.9762
vn 0.9855 -0.0764 0.1517
vn -0.6203 -0.0061 0.7843
vn 0.3493 -0.0215 0.9368
vn 0.8470 0.0433 -0.5298
vn 0.9980 -0.0452 -0.0453
vn 0.9288 -0.1117 0.3534
vn -0.4873 -0.0379 0.8724
vn -0.0446 -0.1219 0.9915
vn -0.2785 -0.0760 0.9574
vn 0.9859 -0.0442 0.1615
vn 0.9036 0.0329 -0.4272
vn 0.8425 -0.0227 -0.5383
vn 0.6979 -0.0409 0.7150
vn 0.1827 -0.0157 0.9830
vn -0.1496 -0.0051 0.9887
vn -0.2931 -0.0058 0.9561
vn 0.9980 -0.0421 0.0463
vn 0.5757 -0.1763 0.7984
vn 0.4717 -0.1846 0.8622
vn 0.5192 -0.0319 0.8541
vn 0.7807 0.0788 -0.6199
vn -0.6109 -0.0982 0.7856
vn 0.1743 -0.1572 0.9721
vn 0.0660 -0.1574 0.9853
vn -0.2302 -0.1286 0.9646
vn 0.8185 -0.1611 0.5514
vn -0.4667 -0.1318 0.8745
vn 0.9889 -0.0390 -0.1433
vn 0.6129 0.1220 -0.7807
vn 0.9372 0.0184 -0.3482
vn 0.9757 -0.0003 -0.2191
vn 0.9418 -0.1354 0.3076
vn 0.9117 -0.0332 -0.4095
vn 0.4667 0.1522 -0.8712
vn 0.7948 -0.0478 0.6049
vn -0.6689 -0.0019 0.7433
vn 0.9552 -0.0360 -0.2936
vn 0.5853 -0.2122 0.7826
vn 0.5486 -0.2191 0.8069
vn 0.1583 -0.2256 0.9613
vn 0.1730 -0.2422 0.9547
vn 0.0058 -0.2386 0.9711
vn -0.2257 -0.2382 0.9446
vn -0.1847 -0.2095 0.9602
vn -0.4943 -0.0057 0.8693
vn -0.5531 -0.2032 0.8080
vn -0.6596 -0.1860 0.7283
vn -0.3337 -0.1821 0.9249
vn 0.9920 -0.0782 0.0994
vn 0.0061 -0.3069 0.9517
vn 0.8450 -0.0340 -0.5337
vn 0.9582 -0.0458 0.2825
vn 0.2414 -0.0160 0.9703
vn 0.8718 0.0736 -0.4844
vn 0.7903 -0.2219 0.5711
vn -0.5299 -0.1928 0.8258
vn -0.2877 -0.3114 0.9057
vn -0.2414 -0.2504 0.9376
vn 0.6157 0.1585 -0.7719
vn 0.5654 -0.2879 0.7729
vn -0.2859 -0.0022 0.9583
vn 0.9962 -0.0282 -0.0821
vn 0.1689 -0.3209 0.9319
vn 0.4671 -0.0154 -0.8840
vn 0.5813 -0.0248 -0.8133
vn 0.5593 -0.0008 -0.8289
vn 0.9983 -0.0419 0.0414
vn 0.9282 0.0635 -0.3666
vn 0.9989 -0.0359 -0.0315
vn 0.7460 0.1540 -0.6479
vn 0.9875 -0.0928 0.1277
vn 0.1731 -0.3824 0.9076
vn -0.5965 -0.2512 0.7623
vn -0.6445 -0.2308 0.7289
vn -0.3162 -0.3702 0.8735
vn -0.4827 -0.3105 0.8189
vn -0.0824 -0.4088 0.9089
vn 0.2027 0.0010 -0.9792
vn 0.4655 0.0075 -0.8850
vn 0.5652 -0.3379 0.7526
vn -0.5387 -0.2659 0.7994
vn 0.5082 -0.3469 0.7883
vn 0.9529 -0.0384 -0.3008
vn -0.8256 0.0137 0.5640
vn -0.7830 0.0056 0.6220
vn 0.6672 -0.3103 0.6772
vn -0.6678 -0.3236 0.6703
vn -0.8378 -0.1927 0.5108
vn -0.5835 -0.3523 0.7317
vn 0.9236 -0.0427 0.3810
vn 0.7755 -0.0432 0.6298
vn 0.9446 -0.1631 0.2849
vn 0.8917 -0.2217 0.3945
vn 0.6311 -0.3696 0.6820
vn 0.5423 -0.4003 0.7386
vn 0.1926 -0.4525 0.8707
vn -0.2535 -0.4501 0.8563
vn 0.9733 0.0431 -0.2255
vn -0.5806 -0.3815 0.7193
vn -0.5351 -0.3685 0.7602
vn -0.5455 -0.3824 0.7458
vn 0.0058 -0.4781 0.8783
vn 0.4995 -0.0208 -0.8661
vn -0.8761 0.0182 0.4817
vn -0.8703 0.0187 0.4922
vn -0.9448 0.0282 0.3265
vn -0.5721 0.0023 0.8202
vn 0.8600 0.1355 -0.4919
vn 0.9938 -0.0783 0.0792
vn 0.5818 -0.4293 0.6908
vn 0.9894 -0.0390 -0.1396
vn 0.2215 -0.5268 0.8206
vn -0.1188 -0.5364 0.8356
vn 0.5839 0.2360 -0.7768
vn 0.7350 0.2105 -0.6446
vn 0.4869 -0.4727 0.7345
vn -0.0356 -0.0014 0.9994
vn 0.8265 -0.2982 0.4775
vn -0.5433 -0.4310 0.7205
vn 0.9328 0.1160 -0.3412
vn 0.9918 0.0124 -0.1272
vn 0.9993 -0.0134 -0.0360
vn 0.9726 -0.0412 0.2290
vn 0.9899 -0.0900 0.1098
vn 0.9353 -0.2017 0.2908
vn -0.5598 -0.4631 0.6871
vn 0.0198 -0.5930 0.8050
vn 0.3737 -0.0117 -0.9275
vn 0.8845 -0.0354 -0.4652
vn 0.9167 -0.0358 -0.3979
vn 0.3815 0.3311 -0.8631
vn 0.6010 0.2835 -0.7473
vn 0.8723 0.1831 -0.4534
vn 0.6277 -0.4432 0.6400
vn -0.6304 -0.4184 0.6538
vn 0.6010 -0.4693 0.6470
vn 0.2488 -0.5662 0.7858
vn -0.2662 -0.5556 0.7877
vn -0.2609 -0.5076 0.8211
vn -0.3397 0.0058 0.9405
vn 0.9740 0.0856 -0.2100
vn 0.9000 -0.2618 0.3484
vn 0.2599 -0.0103 0.9656
vn 0.6996 -0.4451 0.5590
vn -0.5650 -0.5213 0.6396
vn -0.6347 -0.4709 0.6127
vn -0.2605 -0.6085 0.7495
vn 0.7566 -0.0352 0.6529
vn 0.3527 -0.0136 0.9356
vn 0.7637 0.2616 -0.5902
vn -0.7748 -0.2871 0.5633
vn -0.8180 -0.3279 0.4726
vn -0.0574 -0.6465 0.7607
vn -0.4882 0.0079 0.8727
vn 0.9811 -0.1215 0.1509
vn 0.2411 -0.6229 0.7442
vn 0.6996 -0.0315 0.7139
vn 0.9999 -0.0131 0.0113
vn 0.6196 -0.5008 0.6044
vn 0.9715 -0.0325 0.2348
vn 0.5030 0.3800 -0.7763
vn 0.8922 0.2159 -0.3967
vn 0.9419 0.1791 -0.2842
vn 0.9294 -0.2279 0.2904
vn -0.2635 -0.6371 0.7243
vn 0.6308 -0.5249 0.5714
vn -0.2754 -0.6729 0.6865
vn 0.9344 -0.0310 0.3550
vn 0.7582 -0.4326 0.4877
vn 0.0589 -0.7064 0.7053
vn 0.9820 0.1193 -0.1465
vn -0.6207 -0.5119 0.5939
vn -0.7698 -0.4125 0.4870
vn 0.2429 -0.6603 0.7106
vn -0.7963 0.0159 0.6047
vn 0.6543 0.3881 -0.6491
vn 0.8317 0.3283 -0.4478
vn 0.9356 -0.2528 0.2466
vn -0.8622 -0.3200 0.3928
vn -0.4746 -0.5996 0.6444
vn -0.6473 -0.5114 0.5653
vn 0.9985 -0.0318 0.0446
vn 0.6883 -0.5647 0.4555
vn 0.9852 -0.1564 0.0695
vn 0.8782 -0.3970 0.2668
vn 0.6094 -0.6224 0.4911
vn 0.2416 -0.7204 0.6502
vn 0.9254 -0.0315 -0.3777
vn 0.9679 -0.0318 -0.2495
vn 0.9921 -0.0263 -0.1225
vn 0.9990 -0.0310 0.0329
vn 0.9914 0.0530 -0.1195
vn -0.4029 -0.6331 0.6610
vn 0.2147 -0.7367 0.6412
vn 0.0539 -0.7389 0.6717
vn 0.6838 0.4587 -0.5674
vn 0.9041 0.2859 -0.3175
vn 0.9539 0.2205 -0.2037
vn 0.9563 -0.2714 0.1091
vn -0.3387 -0.6679 0.6627
vn -0.2369 0.0109 0.9715
vn -0.4351 0.0162 0.9002
vn 0.9155 -0.3511 0.1962
vn 0.8547 0.3298 -0.4010
vn 0.9378 0.0613 -0.3416
vn 0.9892 -0.1193 -0.0854
vn 0.8492 -0.4220 0.3173
vn 0.6357 -0.6098 0.4733
vn 0.3147 0.4932 -0.8110
vn 0.3456 0.5716 -0.7442
vn 0.4439 0.4886 -0.7511
vn -0.7526 -0.4396 0.4902
vn -0.8547 -0.3429 0.3898
vn 0.5617 -0.6451 0.5180
vn -0.4629 -0.6186 0.6348
vn 0.1713 -0.7395 0.6510
vn -0.7184 0.0261 0.6952
vn 0.9326 0.2217 -0.2849
vn 0.9804 -0.1842 0.0706
vn 0.5870 -0.6211 0.5193
vn 0.2337 -0.7152 0.6587
vn 0.7169 0.4098 -0.5641
vn 0.9683 -0.0204 -0.2490
vn 0.9932 -0.1041 -0.0528
vn 0.9716 -0.2004 0.1262
vn -0.6504 -0.5140 0.5592
vn 0.1408 -0.7344 0.6640
vn 0.9207 -0.3136 0.2323
vn 0.7160 -0.5269 0.4579
vn -0.5261 -0.5901 0.6124
vn 0.9726 -0.0275 0.2310
vn 0.8897 0.1655 -0.4254
vn -0.3740 -0.6651 0.6463
vn 0.1947 -0.7058 0.6811
vn 0.7593 -0.0250 0.6502
vn 0.7744 0.2681 -0.5731
vn 0.8754 0.0385 -0.4818
vn 0.9856 -0.0092 -0.1686
vn 0.9958 -0.0840 0.0371
vn 0.9365 -0.2561 0.2397
vn 0.8726 -0.3484 0.3423
vn -0.8327 -0.3679 0.4139
vn -0.6587 -0.5134 0.5500
vn 0.6393 -0.5655 0.5210
vn 0.1565 -0.7045 0.6922
vn 0.9994 -0.0258 -0.0209
vn 0.5648 0.5056 -0.6522
vn 0.6725 0.3116 -0.6713
vn 0.7333 -0.4827 0.4788
vn -0.4248 -0.6284 0.6516
vn 0.7335 0.0918 -0.6735
vn 0.9796 -0.1546 0.1284
vn 0.2417 -0.6893 0.6830
vn 0.8917 -0.0277 -0.4519
vn 0.3805 -0.0037 0.9248
vn 0.2682 -0.0026 0.9634
vn -0.0015 0.0070 1.0000
vn 0.9976 -0.0148 -0.0670
vn 0.8343 -0.0149 -0.5511
vn 0.9245 -0.0110 -0.3811
vn 0.9710 -0.0324 -0.2370
vn 0.6996 -0.5035 0.5070
vn 0.2560 -0.6773 0.6897
vn 0.2298 -0.6870 0.6894
vn 0.1723 -0.6978 0.6953
vn 0.9760 -0.0334 -0.2152
vn 0.7157 -0.0111 0.6983
vn 0.4436 0.0071 0.8962
vn 0.9892 -0.0183 -0.1454
vn 0.9821 -0.1244 0.1416
vn 0.7968 -0.4266 0.4280
vn -0.5247 -0.5837 0.6196
vn -0.5456 -0.5861 0.5990
vn -0.2921 0.0217 0.9562
vn 0.7051 -0.0553 -0.7070
vn -0.4221 -0.6483 0.6337
vn -0.3704 -0.6429 0.6705
vn 0.9155 -0.0252 0.4016
vn 0.9479 -0.2063 0.2427
vn -0.6606 -0.5255 0.5361
vn 0.6990 -0.5322 0.4777
vn 0.8461 -0.1236 -0.5184
vn 0.9991 -0.0154 -0.0399
vn 0.9245 -0.2603 0.2784
vn 0.6801 -0.5446 0.4908
vn 0.2529 -0.6987 0.6692
vn 0.2334 -0.7096 0.6648
vn -0.3736 -0.7022 0.6061
vn 0.9922 -0.0650 -0.1067
vn 0.0318 0.0227 0.9992
vn 0.9375 -0.1445 -0.3166
vn 0.9958 -0.0163 -0.0902
vn 0.9979 -0.0486 0.0436
vn -0.5670 -0.6709 0.4779
vn 0.9326 -0.0581 -0.3562
vn 0.3373 0.0046 0.9414
vn -0.3984 -0.7366 0.5466
vn -0.3429 -0.7562 0.5573
vn 0.8786 -0.1362 -0.4577
vn -0.4755 0.0300 0.8792
vn 0.7530 -0.5162 0.4080
vn -0.6782 -0.5729 0.4603
vn 0.2393 -0.7362 0.6330
vn 0.9758 -0.1255 0.1792
vn 0.8634 -0.3908 0.3190
vn -0.3998 -0.7731 0.4924
vn 0.3065 -0.8096 0.5006
vn 0.2585 -0.8586 0.4427
vn 0.2515 -0.7970 0.5491
vn 0.0370 -0.9321 0.3602
vn -0.0364 -0.3106 -0.9498
vn 0.0872 -0.6110 -0.7868
vn 0.3025 -0.3423 -0.8896
vn 0.9983 -0.0403 0.0412
vn 0.6814 -0.2644 -0.6825
vn 0.8185 -0.3363 -0.4659
vn 0.9773 -0.1613 -0.1373
vn -0.5874 -0.7106 0.3873
vn 0.2497 -0.9555 0.1567
vn -0.2005 -0.9752 0.0939
vn -0.3663 -0.9159 0.1639
vn -0.4269 -0.4268 -0.7973
vn -0.3034 -0.1704 -0.9375
vn 0.9735 -0.0353 0.2260
vn -0.7464 0.0465 0.6639
vn 0.6417 -0.4715 -0.6049
vn 0.4496 -0.2596 -0.8547
vn 0.2922 -0.5877 -0.7545
vn 0.9197 -0.2672 -0.2876
vn 0.9926 -0.0949 -0.0755
vn 0.9999 0.0047 0.0158
vn 0.9896 -0.0676 0.1271
vn 0.7811 -0.5988 0.1773
vn -0.7046 -0.6249 0.3362
vn 0.7383 -0.6019 0.3043
vn 0.2678 -0.9461 0.1823
vn -0.5224 -0.8491 0.0787
vn -0.6267 -0.7714 0.1103
vn 0.3261 -0.9418 0.0823
vn 0.2495 -0.9671 0.0488
vn -0.5364 -0.8439 0.0071
vn -0.3006 -0.9537 0.0079
vn -0.0543 -0.9982 0.0265
vn -0.1193 -0.9928 0.0078
vn 0.2557 -0.9666 0.0155
vn -0.3696 -0.9291 0.0114
vn -0.4912 -0.8710 -0.0040
vn 0.2445 -0.9694 0.0217
vn -0.1135 -0.9933 0.0234
vn 0.2625 -0.9448 -0.1963
vn 0.0403 -0.8844 -0.4650
vn -0.0987 -0.9809 -0.1674
vn -0.4349 -0.7854 -0.4405
vn 0.2911 -0.7503 -0.5935
vn 0.4410 -0.2508 -0.8617
vn -0.4979 -0.1952 -0.8450
vn 0.9955 0.0335 0.0892
vn 0.9562 -0.2182 0.1953
vn 0.7440 -0.6552 0.1308
vn -0.6856 -0.7262 0.0506
vn -0.7001 -0.7140 0.0101
vn 0.7098 -0.7015 0.0639
vn 0.3368 -0.9412 0.0273
vn -0.7372 -0.6755 -0.0168
vn 0.3243 -0.9459 0.0084
vn 0.3229 -0.9462 0.0189
vn -0.0268 -0.9995 0.0182
vn 0.3104 -0.9504 0.0193
vn -0.3782 -0.9257 0.0102
vn -0.6118 -0.7910 0.0083
vn 0.2248 -0.9744 0.0087
vn -0.5132 -0.8438 -0.1568
vn 0.3274 -0.9306 -0.1639
vn 0.2666 -0.8673 -0.4203
vn 0.8306 -0.4658 -0.3051
vn 0.7301 -0.2781 -0.6242
vn 0.6849 -0.6101 -0.3982
vn 0.9391 -0.2592 -0.2258
vn 0.9746 -0.1414 -0.1737
vn 0.5488 -0.5209 -0.6538
vn 0.9171 -0.3837 0.1086
vn 0.7698 -0.6373 0.0349
vn 0.7254 -0.6881 0.0211
vn 0.7216 -0.6923 0.0070
vn 0.7962 -0.6050 0.0056
vn 0.7717 -0.6358 0.0118
vn 0.7249 -0.6887 0.0151
vn 0.7178 -0.6959 0.0223
vn 0.8032 -0.5954 0.0184
vn 0.7206 -0.6842 -0.1120
vn -0.6114 -0.7913 -0.0004
vn -0.6323 -0.7700 -0.0857
vn 0.8286 -0.5529 -0.0879
vn 0.8026 -0.3816 -0.4585
vn 0.9962 -0.0830 -0.0258
vn 0.9999 -0.0010 -0.0116
vn -0.8431 -0.4294 0.3239
vn -0.8810 -0.4095 0.2370
vn -0.7778 -0.6285 0.0090
vn 0.8985 -0.4388 0.0145
vn 0.9340 -0.3573 -0.0011
vn -0.8549 -0.5188 0.0048
vn -0.7593 -0.6506 -0.0099
vn -0.8160 -0.5780 0.0111
vn 0.9133 -0.3862 -0.1295
vn 0.9146 -0.2490 -0.3187
vn 0.9607 -0.1937 -0.1987
vn 0.9928 -0.0152 0.1192
vn 0.9827 -0.1747 0.0620
vn 0.9246 -0.3810 -0.0066
vn 0.8943 -0.4471 0.0180
vn 0.9240 -0.3824 0.0051
vn 0.9942 -0.0891 -0.0596
vn 0.3077 -0.5680 -0.7634
vn 0.2891 -0.6028 -0.7436
vn 0.1407 -0.6131 -0.7774
vn 0.6981 -0.4157 -0.5830
vn 0.9729 -0.2309 -0.0075
vn -0.8568 -0.5154 -0.0182
vn -0.8545 -0.5191 -0.0204
vn -0.8704 -0.4923 0.0074
vn 0.9721 -0.2219 -0.0754
vn -0.2585 -0.5025 -0.8250
vn -0.2720 -0.5759 -0.7709
vn -0.3676 -0.5472 -0.7520
vn -0.6411 -0.4102 -0.6487
vn -0.8258 -0.2971 -0.4794
vn -0.7975 -0.3378 -0.4999
vn 0.9955 -0.0930 -0.0196
vn 0.9958 0.0715 0.0564
vn 0.9880 0.1256 0.0896
vn 0.9929 -0.1170 -0.0193
vn 0.9728 -0.2317 0.0072
vn -0.9115 -0.2714 -0.3090
vn -0.9658 -0.1594 -0.2043
vn -0.9383 -0.3282 -0.1094
vn 0.2903 0.0360 0.9563
vn -0.2252 0.0367 0.9736
vn 0.2093 -0.5136 -0.8321
vn 0.1341 -0.5462 -0.8269
vn 0.5432 -0.4503 -0.7086
vn 0.9875 -0.1262 -0.0943
vn 0.9962 0.0087 0.0868
vn 0.9990 0.0227 0.0393
vn 0.9994 -0.0230 -0.0247
vn 0.9993 -0.0183 0.0336
vn 0.8446 -0.2583 -0.4690
vn 0.9938 0.0803 0.0764
vn -0.9904 -0.1297 0.0474
vn -0.9833 -0.1789 -0.0322
vn -0.9998 -0.0018 -0.0217
vn 0.9996 -0.0288 -0.0050
vn 0.9744 -0.2248 0.0002
vn 0.9993 -0.0202 0.0326
vn 0.9975 -0.0698 0.0118
vn 0.9967 -0.0745 -0.0330
vn 0.3897 0.0304 0.9205
vn 0.7151 -0.2978 -0.6325
vn 0.7678 -0.0223 0.6403
vn -0.4178 0.0443 0.9074
vn -0.4323 -0.4574 -0.7772
vn -0.3639 -0.4133 -0.8347
vn 0.2921 -0.4447 -0.8467
vn 0.5130 -0.3707 -0.7742
vn 0.9260 -0.1845 -0.3293
vn 0.9700 -0.1150 -0.2140
vn 0.9879 0.1251 0.0916
vn 0.9919 0.1112 0.0613
vn 0.9922 0.1081 0.0616
vn 0.9902 0.1341 -0.0389
vn 0.9299 -0.0430 0.3653
vn 0.9977 0.0473 0.0486
vn 0.9844 0.1547 0.0836
vn 0.9922 0.1198 -0.0350
vn 0.9984 0.0559 -0.0011
vn 0.9991 -0.0248 -0.0344
vn 0.9923 -0.0600 -0.1080
vn 0.9997 -0.0155 -0.0198
vn 0.9644 0.2636 -0.0193
vn 0.9931 0.1163 -0.0142
vn 0.9961 0.0604 -0.0645
vn 0.9904 0.1264 0.0562
vn 0.9866 0.1471 0.0704
vn 0.9824 0.1512 0.1099
vn -0.8990 0.4373 0.0230
vn -0.7263 0.6853 0.0540
vn -0.8940 0.4358 0.1047
vn 0.9657 0.2595 -0.0106
vn 0.9609 0.2705 -0.0583
vn 0.9620 0.2564 0.0937
vn 0.9394 0.3361 -0.0671
vn 0.1161 0.0434 0.9923
vn -0.6015 -0.2729 -0.7508
vn -0.4418 -0.2888 -0.8493
vn 0.8096 -0.1920 -0.5547
vn 0.9426 -0.1113 -0.3149
vn 0.9963 -0.0069 -0.0858
vn 0.9956 0.0884 0.0325
vn 0.9684 0.2175 0.1220
vn 0.8965 0.4086 0.1714
vn 0.8386 0.5443 0.0230
vn 0.8977 0.4403 0.0162
vn 0.8684 0.4884 -0.0856
vn 0.9509 0.3058 -0.0476
vn 0.9912 0.0791 -0.1063
vn 0.9791 -0.0451 0.1984
vn 0.7323 -0.0121 0.6808
vn 0.3820 0.0291 0.9237
vn 0.6480 -0.2615 -0.7154
vn 0.9608 0.2734 0.0457
vn 0.8042 0.5767 0.1438
vn 0.8127 0.5763 -0.0858
vn 0.8610 0.5033 -0.0737
vn 0.9500 0.3111 -0.0271
vn 0.9637 0.2667 -0.0099
vn 0.9701 0.2071 -0.1266
vn 0.9836 -0.0356 -0.1769
vn 0.9615 0.2539 0.1048
vn 0.9574 0.2838 0.0525
vn 0.7532 0.6461 0.1237
vn 0.6717 0.7292 0.1307
vn 0.6530 0.7393 0.1641
vn 0.4674 0.8825 0.0518
vn 0.8032 0.5913 -0.0726
vn 0.8371 0.5453 -0.0432
vn 0.9949 0.0510 -0.0871
vn 0.3214 0.0294 0.9465
vn -0.1755 0.0580 0.9828
vn 0.6632 -0.1909 -0.7237
vn 0.9994 0.0281 -0.0184
vn 0.9459 0.2875 0.1503
vn 0.3090 0.9511 -0.0032
vn 0.2685 0.9543 -0.1311
vn 0.3567 0.9261 -0.1224
vn 0.7663 0.6415 -0.0368
vn 0.8567 0.5140 -0.0439
vn 0.8334 0.5510 -0.0434
vn 0.8301 0.5234 -0.1922
vn 0.9006 0.3945 -0.1822
vn 0.9777 0.1376 -0.1584
vn 0.9817 0.1621 0.1003
vn -0.6947 0.6972 0.1769
vn -0.6031 0.7724 0.1992
vn -0.7891 0.5850 0.1875
vn 0.7373 0.6618 0.1354
vn 0.7152 0.6915 0.1015
vn 0.6712 0.7314 0.1204
vn 0.9520 0.2051 -0.2271
vn -0.5613 0.0842 0.8233
vn 0.4027 -0.2376 -0.8839
vn 0.8906 -0.0734 -0.4488
vn 0.9462 0.2676 0.1822
vn 0.5303 0.8279 0.1829
vn 0.2937 0.9415 0.1655
vn 0.2483 0.9538 0.1693
vn 0.2390 0.9565 0.1673
vn 0.3350 0.9341 -0.1239
vn 0.2412 0.9622 -0.1262
vn 0.2514 0.9637 -0.0900
vn 0.3653 0.9264 -0.0913
vn 0.4719 0.8794 -0.0624
vn 0.5683 0.8199 -0.0693
vn 0.6542 0.7534 -0.0666
vn 0.8813 0.3620 -0.3039
vn 0.9240 0.2750 -0.2656
vn 0.9879 0.0712 -0.1375
vn 0.7710 -0.0963 -0.6295
vn 0.9901 0.0816 0.1146
vn -0.6138 0.7138 0.3372
vn -0.8015 0.5474 0.2409
vn 0.7680 0.5930 0.2417
vn 0.5868 0.7737 0.2389
vn 0.7623 0.6202 0.1849
vn 0.3093 0.9261 0.2161
vn 0.3311 0.9284 0.1688
vn -0.2204 0.9616 0.1636
vn -0.2193 0.9586 0.1819
vn -0.2260 0.9548 0.1931
vn 0.8131 0.4619 -0.3543
vn 0.9675 -0.0325 -0.2506
vn 0.9331 0.2687 0.2391
vn 0.7244 0.6184 0.3049
vn -0.4516 0.8647 0.2199
vn -0.4728 0.8433 0.2555
vn 0.6518 0.7333 -0.1934
vn 0.9735 0.0593 -0.2207
vn 0.3898 -0.1605 -0.9068
vn 0.6308 -0.1033 -0.7690
vn 0.9571 0.1738 0.2318
vn 0.7305 0.5242 0.4377
vn 0.3418 0.8903 0.3008
vn 0.8727 0.3161 -0.3721
vn 0.8705 0.3170 -0.3766
vn 0.9414 0.0905 -0.3250
vn 0.9922 0.0279 0.1218
vn 0.7076 0.5749 0.4108
vn 0.4999 0.7265 0.4715
vn 0.4286 0.8366 0.3411
vn 0.6298 0.5878 -0.5078
vn 0.6924 0.1720 -0.7007
vn 0.8090 0.1676 -0.5634
vn 0.9928 0.0148 -0.1193
vn 0.9980 -0.0639 0.0017
vn 0.9308 -0.0727 0.3583
vn 0.0670 0.0335 0.9972
vn 0.8393 -0.0070 -0.5437
vn 0.9439 -0.0184 -0.3298
vn -0.7877 0.0664 0.6125
vn -0.6156 0.0795 0.7840
vn -0.7285 0.0710 0.6814
vn 0.3804 -0.0185 0.9246
vn -0.2552 0.0649 0.9647
vn -0.5564 -0.0798 -0.8271
vn -0.7291 -0.1463 -0.6686
vn -0.7518 -0.0557 -0.6570
vn 0.8340 -0.0109 -0.5517
vn -0.7726 0.4356 0.4619
vn -0.7612 0.2691 0.5900
vn -0.8785 0.2320 0.4176
vn 0.9416 0.1491 0.3020
vn 0.7112 0.4296 0.5564
vn 0.2909 0.5739 0.7655
vn 0.0588 0.7582 0.6494
vn 0.2733 0.7233 0.6341
vn 0.9753 -0.0251 -0.2193
vn 0.9910 -0.0229 -0.1321
vn 0.9917 -0.0841 0.0970
vn 0.7305 -0.0454 0.6814
vn 0.7105 -0.0255 -0.7032
vn 0.9257 -0.0107 -0.3781
vn 0.6959 0.3786 0.6102
vn -0.5684 0.6428 0.5136
vn -0.4839 0.5700 0.6640
vn -0.5836 0.4350 0.6857
vn -0.0252 0.6798 0.7330
vn -0.2074 0.7770 0.5943
vn -0.2238 0.6225 0.7499
vn 0.3298 0.3844 -0.8622
vn -0.0344 0.0555 -0.9979
vn 0.3921 0.0332 -0.9193
vn -0.4262 0.1037 0.8986
vn 0.9647 0.0779 0.2515
vn 0.0221 0.4505 0.8925
vn 0.1675 0.9699 -0.1768
vn 0.8870 -0.0725 0.4561
vn 0.3502 -0.0657 0.9344
vn 0.9902 -0.0202 -0.1384
vn 0.9998 -0.0212 0.0050
vn 0.9436 0.0200 0.3304
vn 0.6963 0.2617 0.6684
vn 0.7079 0.2707 0.6523
vn -0.2323 0.4301 0.8724
vn 0.1392 0.0365 -0.9896
vn 0.9545 -0.0655 -0.2910
vn 0.9834 -0.0819 -0.1620
vn 0.7136 0.2629 0.6494
vn 0.2877 0.3948 0.8726
vn 0.9136 -0.0546 -0.4029
vn 0.9867 -0.0997 -0.1288
vn 0.9754 -0.2116 -0.0612
vn -0.0243 -0.0412 0.9989
vn 0.9696 -0.0383 0.2417
vn -0.6031 0.1678 0.7798
vn -0.7804 0.1000 0.6172
vn -0.5032 0.3497 0.7902
vn -0.4939 0.1245 0.8605
vn 0.0495 0.3903 0.9194
vn -0.2210 0.3601 0.9064
vn -0.3794 0.0415 0.9243
vn 0.9685 -0.0031 -0.2490
vn 0.9732 -0.0894 -0.2118
vn 0.9852 -0.0981 0.1405
vn -0.7360 -0.0079 0.6769
vn 0.6930 -0.0701 0.7175
vn 0.5162 -0.1001 0.8506
vn 0.5712 -0.0194 0.8206
vn 0.6913 -0.0683 0.7193
vn 0.3274 0.0401 0.9440
vn 0.3122 0.0223 0.9497
vn -0.2164 0.0673 0.9740
vn -0.2164 0.0672 0.9740
vn -0.2272 0.0539 0.9723
vn 0.6727 -0.0077 -0.7399
vn 0.9868 -0.1058 -0.1225
vn 0.4418 -0.0600 0.8951
vn 0.2968 0.0058 -0.9549
vn 0.3065 0.0751 -0.9489
vn 0.4316 0.0055 -0.9021
vn 0.7371 0.0352 -0.6749
vn 0.8483 0.0325 -0.5284
vn -0.5665 -0.0460 0.8228
vn -0.3473 -0.0957 0.9329
vn 0.8044 -0.0340 -0.5931
vn 0.7581 -0.0723 0.6481
vn -0.0521 -0.1013 0.9935
vn 0.9155 0.0088 -0.4023
vn 0.9346 -0.1128 0.3373
vn 0.6543 -0.1931 0.7311
vn 0.2999 -0.1276 0.9454
vn -0.2056 0.0804 0.9753
vn 0.9957 -0.0909 0.0153
vn -0.6002 0.0503 0.7982
vn -0.3229 -0.0297 0.9460
vn -0.4913 0.0249 0.8706
vn 0.4202 -0.0412 0.9065
vn 0.4752 -0.1168 0.8721
vn 0.9980 -0.0585 0.0220
vn -0.3231 -0.1977 0.9255
vn -0.5803 -0.2554 0.7733
vn 0.4690 -0.2936 0.8330
vn -0.2373 -0.3321 0.9129
vn -0.2109 -0.1691 0.9628
vn 0.5854 -0.0859 0.8062
vn 0.9511 -0.1451 0.2727
vn -0.7650 -0.1285 0.6311
vn 0.2654 -0.3739 0.8887
vn 0.9904 -0.0851 0.1093
vn -0.3998 -0.0271 0.9162
vn 0.9338 -0.0764 -0.3495
vn 0.2405 -0.1203 0.9632
vn 0.7781 0.0790 -0.6232
vn 0.6377 -0.3366 0.6928
vn -0.7174 0.0670 0.6934
vn -0.2241 -0.0610 0.9726
vn 0.8838 0.0698 -0.4626
vn 0.9201 -0.1978 0.3381
vn -0.3051 -0.3886 0.8694
vn 0.9085 -0.0761 0.4110
vn 0.5636 -0.1083 0.8189
vn 0.5411 -0.1175 0.8327
vn 0.9940 -0.0194 -0.1078
vn 0.9962 -0.0793 0.0370
vn -0.7952 -0.2329 0.5599
vn 0.4459 -0.4578 0.7692
vn 0.2373 -0.5102 0.8267
vn -0.2590 -0.4537 0.8527
vn 0.8373 -0.0500 -0.5445
vn 0.9850 -0.0994 -0.1413
vn 0.6192 -0.1179 0.7763
vn 0.3395 -0.1048 0.9347
vn 0.9502 -0.1885 0.2481
vn -0.4069 -0.4056 0.8185
vn -0.6001 -0.3719 0.7082
vn 0.6218 -0.0140 -0.7831
vn -0.4944 0.0091 0.8692
vn 0.4694 0.1305 -0.8733
vn 0.6587 0.1523 -0.7368
vn 0.8982 -0.2494 0.3620
vn 0.6307 -0.4038 0.6626
vn 0.6229 -0.4512 0.6391
vn -0.3398 -0.4909 0.8022
vn 0.9220 -0.0585 0.3827
vn 0.0808 -0.0739 0.9940
vn 0.9663 0.0566 -0.2511
vn 0.9679 -0.1794 0.1760
vn -0.2397 -0.5217 0.8188
vn 0.5978 -0.1001 0.7954
vn 0.4528 -0.1082 0.8850
vn 0.4361 0.1980 -0.8779
vn 0.9224 -0.2510 0.2937
vn 0.8915 -0.2742 0.3607
vn 0.5845 -0.4918 0.6454
vn 0.9904 -0.0713 -0.1187
vn 0.5728 -0.0959 0.8141
vn -0.7956 -0.3064 0.5227
vn 0.2795 -0.5695 0.7730
vn 0.1906 -0.5414 0.8188
vn 0.7048 -0.0625 0.7067
vn 0.8113 0.1315 -0.5697
vn -0.5104 -0.4891 0.7073
vn -0.2823 -0.5813 0.7631
vn 0.9668 -0.0579 -0.2489
vn -0.5303 0.0333 0.8472
vn -0.5996 0.0507 0.7987
vn -0.3316 -0.0197 0.9432
vn 0.9939 0.0030 -0.1105
vn 0.6877 -0.4696 0.5537
vn -0.6375 -0.4238 0.6435
vn 0.2101 -0.6440 0.7356
vn -0.2375 -0.6296 0.7398
vn 0.9971 -0.0250 0.0718
vn 0.6302 0.2202 -0.7445
vn 0.8844 0.1422 -0.4444
vn 0.8748 -0.3162 0.3671
vn 0.8720 -0.0516 -0.4867
vn 0.9984 -0.0463 -0.0338
vn 0.9635 -0.0187 0.2672
vn 0.2997 0.2364 -0.9243
vn 0.3296 0.2909 -0.8982
vn 0.9896 -0.1262 0.0695
vn 0.9593 -0.2124 0.1861
vn 0.9312 -0.2690 0.2461
vn -0.7812 -0.3929 0.4850
vn 0.5657 -0.5832 0.5830
vn -0.4783 -0.6227 0.6193
vn 0.2637 -0.6924 0.6717
vn 0.9989 -0.0036 -0.0475
vn 0.8799 -0.0138 0.4750
vn 0.7784 0.2120 -0.5909
vn -0.6203 -0.5375 0.5713
vn -0.2891 -0.6780 0.6759
vn 0.2209 -0.7120 0.6665
vn -0.2632 -0.7136 0.6492
vn 0.6012 -0.0668 0.7963
vn 0.2036 -0.0668 0.9768
vn -0.0554 -0.0142 0.9984
vn 0.7468 -0.4893 0.4505
vn 0.6735 -0.0381 -0.7382
vn -0.8641 0.0754 0.4977
vn -0.8665 0.0924 0.4905
vn -0.9271 0.0918 0.3633
vn 0.9067 0.2017 -0.3705
vn 0.8526 -0.3925 0.3449
vn 0.2328 -0.7899 0.5674
vn -0.5483 0.0638 0.8338
vn 0.3834 -0.7380 0.5553
vn -0.2756 -0.7791 0.5631
vn -0.3654 -0.7554 0.5440
vn 0.9989 -0.0080 0.0469
vn -0.7117 0.0821 0.6977
vn -0.8087 0.0938 0.5808
vn -0.7785 0.0742 0.6233
vn 0.6132 -0.0119 0.7898
vn 0.5700 -0.0145 0.8215
vn 0.8689 0.2155 -0.4456
vn 0.9681 0.1115 -0.2244
vn 0.9934 0.0383 -0.1081
vn -0.7967 -0.4405 0.4138
vn -0.6076 -0.6527 0.4525
vn 0.8128 -0.4644 0.3518
vn 0.6192 -0.6375 0.4585
vn 0.7977 -0.0495 -0.6010
vn 0.9159 -0.0088 -0.4014
vn 0.9992 -0.0377 -0.0148
vn 0.9483 -0.2604 0.1816
vn 0.3351 -0.8214 0.4615
vn 0.2388 -0.8862 0.3969
vn -0.2770 -0.8628 0.4229
vn 0.9817 0.0127 -0.1898
vn 0.6893 0.0044 0.7245
vn 0.0558 0.0176 0.9983
vn 0.5259 0.3287 -0.7845
vn 0.7413 0.2888 -0.6058
vn 0.8338 -0.4615 0.3030
vn -0.4249 -0.8107 0.4028
vn 0.9827 -0.0074 0.1849
vn 0.9422 -0.2879 0.1713
vn 0.7749 -0.5660 0.2815
vn 0.5621 -0.7515 0.3456
vn -0.6154 -0.7295 0.2984
vn -0.2908 -0.9001 0.3245
vn 0.3555 -0.8781 0.3203
vn 0.9972 0.0005 -0.0750
vn -0.9673 0.0987 0.2336
vn -0.9852 0.0718 0.1555
vn -0.5211 -0.8093 0.2711
vn 0.2423 -0.9221 0.3018
vn -0.2834 -0.9032 0.3225
vn -0.2481 0.0682 0.9663
vn 0.3064 0.3599 -0.8813
vn 0.3299 0.4422 -0.8340
vn 0.5878 0.3817 -0.7133
vn 0.8063 0.3232 -0.4953
vn 0.9832 -0.1673 0.0729
vn -0.7931 -0.5483 0.2653
vn -0.8340 -0.4626 0.3006
vn 0.6101 -0.7507 0.2534
vn 0.3033 -0.9128 0.2733
vn -0.2497 -0.9292 0.2724
vn -0.2777 -0.9228 0.2669
vn -0.2781 -0.9137 0.2962
vn 0.9570 0.0086 -0.2898
vn -0.8004 0.1248 0.5864
vn 0.8947 0.0022 0.4467
vn 0.8742 0.2850 -0.3931
vn 0.8253 -0.5275 0.2017
vn 0.8053 -0.5698 0.1638
vn -0.6265 -0.7502 0.2116
vn 0.5100 -0.8224 0.2522
vn -0.3112 -0.9124 0.2660
vn -0.5465 -0.8072 0.2231
vn 0.2457 -0.9246 0.2911
vn -0.2337 -0.9274 0.2919
vn 0.9065 -0.0688 -0.4166
vn 0.9829 -0.0128 -0.1837
vn 0.9705 0.1482 -0.1900
vn 0.9358 -0.3322 0.1184
vn -0.8295 -0.5342 0.1631
vn 0.7348 -0.6577 0.1661
vn 0.3761 -0.8744 0.3067
vn -0.2731 -0.9239 0.2679
vn -0.5234 -0.8207 0.2291
vn -0.5899 -0.7792 0.2117
vn 0.2832 -0.9239 0.2574
vn 0.5322 -0.1729 -0.8288
vn 0.8454 -0.1772 -0.5039
vn 0.0557 0.0884 0.9945
vn 0.5562 0.4396 -0.7052
vn 0.8932 0.2911 -0.3428
vn 0.9910 0.0971 -0.0920
vn 0.9621 -0.2691 0.0445
vn 0.7905 -0.6003 0.1213
vn 0.6469 -0.7440 0.1674
vn 0.4208 -0.8697 0.2579
vn -0.2008 -0.9473 0.2494
vn 0.4135 -0.8416 0.3474
vn -0.1491 -0.9629 0.2251
vn -0.9091 0.1242 0.3976
vn 0.5555 0.0404 0.8305
vn 0.8915 -0.4477 0.0684
vn 0.2914 -0.9069 0.3045
vn 0.4407 -0.8680 0.2287
vn -0.2362 -0.9452 0.2255
vn -0.5211 -0.8286 0.2045
vn 0.4443 -0.4593 -0.7692
vn 0.6183 -0.3880 -0.6835
vn 0.9670 -0.0601 -0.2478
vn 0.7885 0.0243 0.6145
vn 0.8894 0.3043 -0.3411
vn 0.9985 0.0424 -0.0344
vn 0.6712 -0.7402 0.0400
vn -0.7368 -0.6537 0.1723
vn 0.3768 -0.9169 0.1317
vn -0.5789 -0.8010 0.1529
vn 0.2992 -0.9522 0.0612
vn -0.1735 -0.9768 0.1254
vn -0.2187 -0.9673 0.1286
vn -0.5464 -0.8322 0.0945
vn 0.2156 -0.9734 0.0771
vn -0.1846 -0.9798 0.0770
vn 0.7346 0.4270 -0.5273
vn 0.7734 0.4104 -0.4832
vn 0.9026 0.2972 -0.3115
vn 0.9607 0.2153 -0.1755
vn 0.9985 -0.0304 -0.0454
vn 0.9763 -0.2134 -0.0359
vn 0.9198 -0.3923 0.0099
vn 0.8562 -0.5127 0.0638
vn 0.7606 -0.6456 0.0688
vn 0.7784 -0.6277 -0.0059
vn 0.2850 -0.9142 0.2880
vn 0.3662 -0.9194 0.1432
vn 0.7717 -0.6062 0.1924
vn -0.8697 -0.4786 0.1209
vn 0.4491 -0.8926 0.0405
vn 0.1965 -0.9790 0.0546
vn -0.2010 -0.9779 0.0569
vn 0.3193 -0.9457 0.0602
vn -0.2009 -0.9783 0.0501
vn -0.1752 -0.9833 0.0493
vn -0.2096 -0.9765 0.0499
vn 0.1901 -0.9801 0.0567
vn -0.0898 -0.6687 -0.7381
vn -0.0570 -0.5178 -0.8536
vn -0.2457 -0.6159 -0.7485
vn 0.5761 -0.6435 -0.5040
vn 0.8517 -0.3837 -0.3570
vn 0.9951 -0.0426 -0.0890
vn 0.5938 0.0481 0.8032
vn -0.2779 0.1172 0.9534
vn 0.3490 0.5875 -0.7302
vn 0.3582 0.6063 -0.7100
vn 0.3536 0.5831 -0.7314
vn 0.9059 0.3255 -0.2710
vn 0.9419 -0.3357 -0.0070
vn 0.8925 -0.4501 0.0284
vn -0.8867 -0.4480 0.1147
vn 0.2290 -0.9328 0.2784
vn 0.7430 -0.6154 0.2631
vn 0.2574 -0.8940 0.3667
vn -0.7678 -0.6381 0.0570
vn 0.6341 -0.7726 0.0312
vn -0.5121 -0.8572 0.0536
vn -0.5473 -0.8352 0.0547
vn 0.5731 -0.8173 0.0601
vn -0.2210 -0.9743 0.0445
vn -0.5412 -0.8399 0.0409
vn 0.4289 -0.9015 0.0589
vn -0.1911 -0.9810 0.0330
vn 0.2620 -0.9635 0.0540
vn -0.1336 -0.9905 0.0327
vn -0.1905 -0.9816 0.0109
vn 0.3540 -0.9352 -0.0039
vn -0.1385 -0.9897 -0.0371
vn -0.1619 -0.9849 -0.0606
vn -0.0922 -0.9955 -0.0218
vn -0.1161 -0.9823 -0.1473
vn 0.5169 -0.8558 -0.0216
vn 0.3888 -0.9161 -0.0979
vn 0.5307 -0.8438 -0.0802
vn -0.0943 -0.9869 -0.1306
vn 0.5214 -0.7155 -0.4650
vn 0.4220 -0.7108 -0.5627
vn -0.5467 -0.3670 -0.7527
vn -0.5462 -0.5289 -0.6496
vn 0.9348 -0.2598 -0.2420
vn 0.9713 0.0288 0.2360
vn -0.6291 0.0729 0.7739
vn -0.6715 0.1043 0.7336
vn -0.4446 0.1421 0.8844
vn 0.9594 0.2446 -0.1406
vn 0.9963 -0.0494 -0.0706
vn 0.9778 -0.1906 0.0874
vn 0.8472 -0.4933 0.1973
vn 0.4952 -0.8561 0.1477
vn 0.6443 -0.7572 0.1079
vn -0.7204 -0.6925 0.0386
vn 0.7664 -0.6394 0.0620
vn 0.6395 -0.7658 0.0675
vn -0.5393 -0.8421 0.0095
vn -0.5264 -0.8502 0.0071
vn 0.5953 -0.8020 0.0487
vn -0.5046 -0.8627 -0.0329
vn -0.7202 -0.6928 -0.0367
vn 0.8039 -0.5926 -0.0504
vn -0.5217 -0.8439 -0.1249
vn -0.8088 -0.5685 -0.1505
vn 0.8306 -0.4822 -0.2784
vn 0.9748 -0.1657 -0.1494
vn 0.7636 0.4889 -0.4218
vn 0.8888 0.3566 -0.2879
vn 0.9913 -0.1278 -0.0304
vn 0.5909 -0.7690 0.2439
vn 0.7695 -0.6316 0.0946
vn -0.8992 -0.4372 0.0189
vn -0.8205 -0.5716 0.0082
vn 0.7464 -0.6640 0.0444
vn 0.8727 -0.4772 -0.1033
vn 0.8704 -0.4546 -0.1890
vn 0.9877 -0.0909 -0.1276
vn 0.9988 -0.0096 0.0485
vn 0.8730 0.0597 0.4841
vn -0.6075 0.0939 0.7888
vn 0.5279 0.0675 0.8466
vn 0.2647 0.1229 0.9565
vn 0.1215 0.1452 0.9819
vn 0.7428 0.4651 -0.4816
vn 0.8979 0.3826 -0.2178
vn 0.9759 0.1995 -0.0879
vn 0.9797 0.1678 -0.1096
vn 0.9807 0.1622 -0.1090
vn 0.8461 -0.4761 0.2397
vn 0.9460 -0.2739 0.1733
vn 0.9455 -0.3123 0.0922
vn 0.9092 -0.3907 0.1437
vn 0.8147 -0.5682 0.1160
vn -0.9264 -0.3761 0.0159
vn 0.8369 -0.5428 0.0704
vn -0.9153 -0.4028 -0.0093
vn 0.8202 -0.5680 0.0677
vn 0.8475 -0.5305 0.0163
vn 0.9758 0.2043 -0.0775
vn 0.9961 0.0465 -0.0752
vn 0.9998 0.0164 -0.0097
vn 0.9963 -0.0168 0.0844
vn 0.9259 -0.3705 0.0737
vn 0.9441 -0.3249 0.0558
vn 0.9097 -0.4103 0.0639
vn 0.9219 -0.3860 0.0326
vn 0.9331 -0.3522 -0.0729
vn 0.9666 -0.2432 -0.0809
vn 0.7304 0.5303 -0.4305
vn 0.8897 0.3515 -0.2914
vn 0.9200 0.3345 -0.2041
vn 0.9075 0.3866 -0.1644
vn 0.9831 -0.0971 0.1551
vn 0.9845 -0.1504 0.0905
vn 0.9778 -0.2005 0.0606
vn 0.9596 -0.2814 0.0048
vn 0.9893 -0.1280 -0.0700
vn 0.3792 0.6722 -0.6359
vn 0.1808 0.7754 -0.6050
vn 0.3823 0.7291 -0.5677
vn 0.9980 -0.0526 -0.0345
vn 0.9654 0.2288 -0.1249
vn 0.9403 0.3247 -0.1021
vn 0.9452 0.3066 -0.1123
vn 0.9474 0.3035 -0.1015
vn 0.9698 0.2440 -0.0052
vn 0.9918 0.0688 0.1073
vn 0.9978 -0.0482 0.0465
vn 0.9927 -0.1157 0.0344
vn 0.9909 -0.1340 -0.0140
vn 0.7354 0.5475 -0.3993
vn 0.7570 0.5280 -0.3848
vn 0.9842 0.0963 -0.1487
vn 0.9966 0.0140 0.0811
vn 0.5318 0.1781 0.8279
vn 0.2200 0.1859 0.9576
vn 0.8275 0.4722 -0.3037
vn 0.8016 0.5022 -0.3243
vn 0.8384 0.4748 -0.2676
vn 0.9899 0.1065 -0.0931
vn 0.9593 0.2680 -0.0889
vn -0.5913 0.1720 0.7879
vn -0.7111 0.1947 0.6756
vn 0.6805 0.1192 0.7230
vn -0.2142 0.2086 0.9543
vn 0.4285 0.7688 -0.4747
vn 0.5096 0.7746 -0.3746
vn 0.6980 0.6257 -0.3483
vn 0.8659 0.4338 -0.2490
vn 0.8869 0.4147 -0.2035
vn 0.9855 0.1563 -0.0663
vn 0.9355 0.3403 -0.0947
vn 0.9052 0.4151 -0.0910
vn 0.9974 0.0694 0.0209
vn 0.9989 -0.0374 0.0295
vn 0.9975 -0.0705 0.0081
vn -0.4635 0.2717 0.8434
vn 0.6968 0.6365 -0.3306
vn 0.8395 0.4982 -0.2167
vn 0.9841 0.1739 0.0361
vn 1.0000 -0.0010 0.0060
vn 0.9973 -0.0730 -0.0074
vn -0.9390 0.1723 0.2976
vn -0.9693 0.2083 0.1309
vn -0.9856 0.1126 0.1262
vn 0.9477 0.1243 0.2940
vn 0.7314 0.6303 -0.2605
vn 0.8772 0.4493 -0.1696
vn 0.9957 0.0866 -0.0338
vn 0.9675 0.2383 -0.0843
vn 0.9394 0.3392 -0.0487
vn 0.9982 -0.0507 -0.0321
vn 1.0000 0.0047 0.0025
vn 0.9891 0.0796 0.1237
vn 0.7091 0.2457 0.6609
vn 0.3804 0.3301 0.8639
vn 0.2178 0.2722 0.9373
vn 0.7877 0.5856 -0.1911
vn 0.9933 0.1070 -0.0439
vn 0.9884 0.1207 -0.0924
vn 0.9977 0.0513 -0.0452
vn -0.6721 0.3240 0.6658
vn 0.1906 0.3211 0.9277
vn 0.9990 -0.0065 -0.0453
vn 0.8898 0.4343 -0.1403
vn 0.8693 0.4714 -0.1488
vn 0.9944 -0.0843 -0.0640
vn -0.5499 0.3700 0.7489
vn -0.3380 0.4610 0.8205
vn 0.1935 0.4856 0.8525
vn 0.6706 0.7090 -0.2184
vn 0.6683 0.7126 -0.2136
vn 0.7398 0.6467 -0.1857
vn 0.9251 0.3573 -0.1283
vn 0.8994 0.4148 -0.1377
vn 0.9947 -0.0719 -0.0732
vn 0.9958 -0.0368 -0.0837
vn 0.9995 0.0033 -0.0304
vn 0.9999 -0.0036 -0.0127
vn 0.9991 -0.0404 0.0109
vn 0.9993 -0.0384 -0.0049
vn 0.9923 0.1228 0.0143
vn 0.9886 0.1351 0.0660
vn 0.8854 0.2819 0.3696
vn 0.8778 0.3275 0.3495
vn 0.8215 0.2925 0.4895
vn 0.4370 0.8558 -0.2769
vn 0.2886 0.9216 -0.2595
vn 0.2976 0.9239 -0.2405
vn 0.7118 0.4690 0.5229
vn 0.4923 0.4998 0.7126
vn 0.7223 0.6686 -0.1768
vn 0.8533 0.5026 -0.1388
vn 0.9057 0.4092 -0.1110
vn 0.9468 0.3090 -0.0902
vn 0.9245 0.3715 -0.0853
vn 0.9998 -0.0186 0.0044
vn -0.5536 0.5121 0.6567
vn -0.6566 0.4344 0.6166
vn 0.6595 0.7278 -0.1879
vn 0.8916 0.4451 -0.0830
vn 0.9711 0.1828 0.1537
vn 0.8929 0.3629 0.2667
vn 0.1945 0.6437 0.7401
vn -0.2533 0.4751 0.8427
vn -0.2460 0.6604 0.7095
vn 0.6551 0.7392 -0.1564
vn 0.7835 0.6128 -0.1031
vn 0.9113 0.4068 -0.0632
vn 0.9133 0.4057 -0.0355
vn 0.9659 0.2510 0.0633
vn 0.6764 0.5651 0.4723
vn 0.2401 0.7142 0.6575
vn -0.3495 0.6410 0.6834
vn 0.8173 0.5734 -0.0574
vn 0.8844 0.4666 -0.0136
vn 0.9429 0.3332 -0.0010
vn 0.8775 0.4606 0.1335
vn 0.8163 0.5271 0.2362
vn -0.3316 0.7063 0.6254
vn -0.5154 0.6033 0.6087
vn 0.4095 0.7794 0.4741
vn 0.5459 0.8266 -0.1367
vn 0.6252 0.7742 -0.0987
vn 0.8664 0.4989 0.0207
vn 0.9590 0.2819 0.0282
vn 0.7618 0.6357 0.1242
vn 0.5000 0.8602 -0.1001
vn 0.5831 0.8087 -0.0777
vn 0.5068 0.8605 -0.0527
vn 0.7206 0.6918 -0.0471
vn 0.6723 0.7401 -0.0174
vn 0.6545 0.7547 0.0455
vn 0.6707 0.6634 0.3319
vn 0.5694 0.8143 0.1130
vn 0.4071 0.8813 0.2399
vn 0.3654 0.8777 0.3100
vn 0.5249 0.8512 -0.0001
vn 0.4947 0.8681 0.0396
vn -0.8646 -0.4951 0.0858
vn -0.7717 -0.5552 0.3102
vn -0.9120 -0.4099 -0.0128
vn -0.8538 -0.5066 -0.1203
vn -0.9827 -0.1851 -0.0006
vn -0.9431 -0.3163 0.1025
vn -0.7954 -0.3440 0.4991
vn -0.9643 -0.2621 -0.0388
vn -0.9878 -0.1557 0.0090
vn -0.0511 -0.8837 -0.4653
vn -0.9998 0.0158 0.0134
vn -0.9950 0.0986 0.0131
vn -0.9985 0.0542 -0.0051
vn -0.9999 0.0109 -0.0009
vn -0.9929 -0.1103 0.0449
vn -0.9530 -0.2904 -0.0867
vn -0.9757 -0.2127 -0.0537
vn -0.9663 0.2571 -0.0081
vn -0.9692 0.2432 0.0384
vn -0.9709 0.2376 -0.0288
vn -0.9882 0.1522 -0.0171
vn -0.9961 0.0851 -0.0216
vn -0.8726 -0.4429 -0.2060
vn -0.9996 0.0273 0.0094
vn -0.9754 0.2119 0.0607
vn -0.9359 0.3518 0.0144
vn -0.9997 0.0223 0.0065
vn -0.9533 -0.2790 -0.1154
vn -0.9951 -0.0943 -0.0295
vn -0.9473 0.3183 -0.0362
vn -0.7579 -0.5396 -0.3667
vn -0.9896 -0.1320 -0.0565
vn -0.9959 0.0832 0.0346
vn -0.9800 0.1880 0.0653
vn -0.9323 0.3542 0.0730
vn -0.9654 0.2570 -0.0442
vn -0.8813 -0.3994 -0.2526
vn -0.9475 -0.2750 -0.1629
vn -0.9471 0.3069 0.0940
vn -0.9491 0.3014 0.0916
vn -0.9530 0.3007 -0.0377
vn -0.9861 0.1351 -0.0963
vn -0.9018 0.4314 0.0237
vn -0.8875 0.4599 -0.0291
vn -0.9784 -0.1712 -0.1160
vn -0.8994 0.4244 0.1048
vn -0.8671 0.4929 0.0725
vn -0.9186 0.3926 -0.0456
vn -0.9100 0.4077 -0.0760
vn -0.9458 0.3028 -0.1170
vn -0.9442 0.2247 -0.2410
vn -0.9914 0.0470 -0.1224
vn -0.8350 -0.0498 0.5480
vn -0.9997 0.0175 0.0177
vn -0.9364 0.3270 0.1276
vn -0.9104 0.4124 -0.0332
vn -0.9449 -0.2448 -0.2172
vn -0.9940 -0.0855 -0.0685
vn -0.9783 0.1840 0.0951
vn -0.8787 0.4595 0.1297
vn -0.8233 0.5592 0.0976
vn -0.9654 0.1164 -0.2334
vn -0.8228 0.5327 0.1981
vn -0.8229 0.5544 0.1243
vn -0.8192 0.5727 -0.0304
vn -0.8049 0.5901 -0.0622
vn -0.8677 0.4382 -0.2349
vn -0.4986 -0.5832 -0.6413
vn -0.7083 -0.4721 -0.5248
vn -0.9996 0.0285 0.0081
vn -0.9299 0.3245 0.1731
vn -0.8170 0.5728 0.0667
vn -0.8317 0.5552 0.0044
vn -0.8264 0.5621 -0.0325
vn -0.7625 0.6205 -0.1833
vn 0.3185 -0.6549 -0.6853
vn -0.9777 -0.1479 -0.1491
vn -0.9879 0.1299 0.0851
vn -0.8017 0.5781 0.1518
vn -0.7816 0.6144 0.1078
vn -0.7893 0.6139 -0.0077
vn -0.7354 0.6772 -0.0221
vn -0.8928 0.2146 -0.3960
vn -0.9619 0.2294 0.1486
vn -0.8718 0.4478 0.1987
vn -0.7031 0.7064 -0.0818
vn -0.7472 0.4798 -0.4599
vn -0.8323 0.2399 -0.4997
vn -0.7546 0.6072 0.2487
vn -0.7617 0.6109 0.2160
vn -0.6286 0.7619 0.1560
vn -0.5499 0.8271 0.1161
vn 0.3145 0.9489 -0.0247
vn -0.5085 0.8605 0.0311
vn -0.4725 0.8771 0.0860
vn -0.2985 0.9543 0.0170
vn -0.4247 0.9050 -0.0264
vn 0.3799 0.9237 -0.0500
vn 0.5630 0.8253 -0.0440
vn -0.5436 0.8393 -0.0075
vn 0.5520 0.8328 -0.0415
vn 0.5518 0.8339 0.0116
vn -0.5677 0.8230 -0.0211
vn -0.5198 0.8543 0.0030
vn 0.3817 0.9242 0.0091
vn -0.5687 0.8226 0.0034
vn 0.3780 0.9255 0.0245
vn 0.5310 0.8473 0.0145
vn -0.4435 0.8962 0.0083
vn -0.5146 0.8574 0.0075
vn -0.4839 0.8716 -0.0785
vn 0.3697 0.9291 -0.0119
vn -0.4884 0.8474 -0.2083
vn -0.5936 0.7695 -0.2355
vn -0.4935 0.7399 -0.4571
vn -0.8898 0.3896 0.2377
vn -0.3334 0.9271 0.1711
vn -0.2662 0.9592 0.0949
vn 0.2198 0.9703 0.1014
vn 0.0643 0.9965 0.0529
vn 0.0705 0.9973 -0.0190
vn 0.0172 0.9986 -0.0495
vn -0.2160 0.9752 -0.0486
vn 0.1243 0.9922 0.0076
vn -0.3152 0.9490 0.0034
vn -0.1814 0.9825 0.0415
vn 0.0599 0.9976 0.0346
vn -0.1541 0.9879 0.0146
vn 0.0721 0.9970 -0.0295
vn -0.2815 0.9572 -0.0678
vn -0.1953 0.9552 -0.2224
vn -0.2166 0.8075 -0.5486
vn -0.3266 0.2090 -0.9218
vn -0.4650 0.4573 -0.7580
vn -0.4716 0.2493 -0.8458
vn -0.8719 0.0969 -0.4800
vn -0.9437 -0.2059 -0.2591
vn -0.9886 -0.0871 -0.1229
vn -0.7332 0.5740 0.3645
vn -0.7409 0.5861 0.3278
vn -0.6814 0.6363 0.3618
vn -0.4302 0.8353 0.3424
vn -0.5556 0.7716 0.3098
vn -0.1059 0.9818 0.1576
vn -0.4675 0.1086 -0.8773
vn -0.9488 0.0613 -0.3099
vn -0.0262 -0.6207 -0.7836
vn -0.4395 -0.4992 -0.7468
vn -0.7122 -0.4228 -0.5604
vn -0.8592 -0.3146 -0.4035
vn -0.9992 0.0382 0.0117
vn -0.9184 0.3213 0.2309
vn -0.6808 0.6228 0.3854
vn 0.0221 0.9633 0.2675
vn -0.2159 0.9174 0.3344
vn -0.1567 0.1280 -0.9793
vn -0.3275 0.0806 -0.9414
vn -0.8396 0.0906 -0.5357
vn -0.9069 -0.0134 0.4211
vn -0.9760 0.1677 0.1390
vn -0.4603 0.8114 0.3602
vn 0.1322 0.9095 0.3942
vn -0.9995 0.0301 -0.0066
vn -0.9458 -0.1747 -0.2736
vn -0.1972 0.8968 0.3961
vn -0.0354 -0.5935 -0.8040
vn -0.0586 -0.5600 -0.8264
vn 0.4384 -0.5207 -0.7326
vn -0.8843 0.3524 0.3064
vn -0.4472 0.7591 0.4731
vn -0.4198 0.7804 0.4634
vn 0.2378 0.8554 0.4601
vn -0.1604 0.0578 -0.9854
vn -0.4738 0.0659 -0.8782
vn -0.8339 -0.2995 -0.4636
vn -0.9186 0.2754 0.2835
vn -0.7244 0.5129 0.4606
vn 0.3201 0.7989 0.5093
vn -0.2086 0.8359 0.5078
vn -0.5982 0.0709 -0.7982
vn -0.8640 0.0648 -0.4993
vn -0.9671 0.1743 0.1853
vn 0.3248 0.7994 0.5054
vn -0.0357 0.8514 0.5233
vn -0.8345 0.0700 -0.5465
vn -0.0727 -0.5295 -0.8452
vn -0.8736 -0.2199 -0.4341
vn -0.9880 -0.0585 -0.1430
vn -0.8764 0.3118 0.3670
vn -0.7259 0.4388 0.5297
vn 0.3054 0.7020 0.6434
vn -0.9833 0.0516 -0.1747
vn -0.2769 0.0597 -0.9590
vn -0.0836 -0.5244 -0.8474
vn -0.3940 -0.4493 -0.8018
vn -0.9499 -0.1171 -0.2897
vn -0.9986 0.0533 0.0052
vn -0.9783 0.1362 0.1561
vn 0.0425 0.0448 -0.9981
vn 0.0152 -0.4853 -0.8742
vn -0.9351 0.0575 -0.3498
vn -0.9151 0.2470 0.3186
vn -0.0051 -0.4448 -0.8956
vn -0.4415 -0.3791 -0.8132
vn -0.5527 -0.3491 -0.7568
vn -0.8643 -0.1772 -0.4707
vn -0.9912 -0.0066 -0.1320
vn -0.8293 0.0603 -0.5555
vn -0.7269 -0.2520 -0.6388
vn -0.8735 0.2714 0.4041
vn -0.1630 0.0453 -0.9856
vn -0.3516 0.0472 -0.9350
vn -0.5180 0.0529 -0.8537
vn -0.7264 0.0671 -0.6840
vn -0.9399 -0.0802 -0.3318
vn -0.9189 0.2162 0.3299
vn -0.7200 0.3676 0.5886
vn -0.8848 0.0591 -0.4622
vn 0.0708 -0.3986 -0.9144
vn -0.5471 -0.2756 -0.7904
vn -0.9732 -0.0236 -0.2286
vn -0.9762 0.1394 0.1660
vn -0.9987 0.0511 -0.0026
vn -0.1172 -0.3752 -0.9195
vn -0.4552 -0.3094 -0.8349
vn 0.3626 0.0195 -0.9317
vn 0.0491 0.0305 -0.9983
vn 0.6020 0.0040 -0.7984
vn 0.0393 -0.3151 -0.9483
vn 0.1443 -0.3429 -0.9282
vn -0.8780 0.2466 0.4102
vn -0.8755 -0.0845 -0.4758
vn -0.7150 0.3431 0.6091
vn -0.9626 0.0583 -0.2647
vn -0.4711 -0.2478 -0.8466
vn -0.9904 0.0328 -0.1345
vn -0.9982 0.0538 -0.0261
vn -0.9886 0.1054 0.1076
vn 0.0652 -0.2866 -0.9558
vn 0.3508 -0.2440 -0.9041
vn 0.4064 -0.3039 -0.8617
vn 0.3087 -0.2729 -0.9112
vn -0.9959 0.0487 -0.0766
vn -0.9428 -0.0211 -0.3327
vn -0.9388 0.1718 0.2985
vn -0.4425 0.0414 -0.8958
vn -0.4242 -0.1452 -0.8938
vn -0.3817 -0.1895 -0.9047
vn -0.5923 -0.1186 -0.7970
vn -0.7357 0.3283 0.5924
vn -0.2687 0.0364 -0.9625
vn -0.3291 -0.1494 -0.9324
vn -0.9751 0.0164 -0.2210
vn -0.8920 0.2203 0.3946
vn 0.1952 -0.2126 -0.9574
vn -0.9702 0.1126 0.2144
vn -0.6190 0.0509 -0.7837
vn -0.7182 0.0513 -0.6940
vn -0.9274 0.0252 0.3733
vn -0.8836 -0.0247 -0.4676
vn -0.8411 0.0561 -0.5380
vn -0.1398 0.0326 -0.9896
vn -0.5883 -0.0580 -0.8066
vn -0.7033 -0.0605 -0.7083
vn -0.6739 -0.0926 -0.7330
vn -0.8148 -0.0565 -0.5770
vn 0.2640 0.0117 -0.9645
vn 0.1758 -0.1114 -0.9781
vn 0.0365 -0.1073 -0.9936
vn -0.4035 -0.0859 -0.9109
vn -0.8932 0.0567 -0.4461
vn -0.2823 -0.0512 -0.9580
vn -0.9356 0.0377 -0.3511
vn -0.4454 0.0423 -0.8943
vn -0.6242 0.0458 -0.7799
vn -0.9660 0.0491 -0.2537
vn -0.7570 0.0156 -0.6533
vn -0.8097 0.0118 -0.5867
vn -0.9908 0.0399 0.1290
vn -0.9978 0.0643 -0.0143
vn -0.9870 0.0753 0.1418
vn -0.9442 0.0999 0.3139
vn -0.9095 0.1510 0.3872
vn -0.7625 0.1768 0.6224
vn -0.4131 0.0124 -0.9106
vn -0.6123 0.0277 -0.7901
vn 0.2016 -0.0490 -0.9782
vn -0.2403 0.0013 -0.9707
vn -0.9857 0.0488 -0.1613
vn -0.1570 0.0254 -0.9873
vn 0.2864 -0.0388 -0.9573
vn -0.3562 0.0360 -0.9337
vn -0.7092 0.0652 -0.7020
vn -0.7949 0.0402 -0.6054
vn -0.9110 0.0424 -0.4103
vn -0.2484 0.0994 -0.9635
vn -0.3780 0.0961 -0.9208
vn -0.5300 0.0925 -0.8429
vn -0.9140 0.0826 0.3971
vn -0.7676 0.0903 0.6346
vn -0.8069 0.0064 0.5906
vn 0.3400 0.0692 -0.9379
vn 0.1785 0.0659 -0.9817
vn 0.1998 0.1217 -0.9722
vn 0.1793 0.0687 -0.9814
vn -0.9978 0.0555 -0.0354
vn -0.8874 0.0478 -0.4585
vn -0.9981 0.0353 0.0510
vn -0.9286 0.0615 -0.3660
vn -0.8609 0.0496 -0.5064
vn -0.1791 0.1521 -0.9720
vn -0.3186 0.1337 -0.9384
vn -0.9655 0.0643 -0.2524
vn -0.9579 0.0437 0.2837
vn -0.9198 0.0334 0.3910
vn -0.9863 0.0447 -0.1590
vn -0.9607 0.0273 0.2762
vn -0.7756 0.0235 0.6308
vn 0.4152 0.1172 -0.9022
vn -0.7562 0.0790 -0.6496
vn -0.9892 0.0381 0.1419
vn -0.4813 0.0332 -0.8759
vn -0.6914 0.0395 -0.7214
vn -0.9460 0.0462 -0.3208
vn 0.2953 0.1541 -0.9429
vn 0.1859 0.1576 -0.9699
vn -0.1361 0.1565 -0.9783
vn 0.4967 0.1421 -0.8562
vn -0.6509 0.1042 -0.7520
vn -0.2158 0.0183 -0.9763
vn -0.4528 0.1386 -0.8808
vn -0.2238 0.1507 -0.9629
vn -0.8533 0.0108 0.5212
vn -0.8486 0.0435 -0.5272
vn -0.7485 0.1264 -0.6510
vn -0.9659 0.0031 0.2589
vn -0.8752 0.0451 -0.4816
vn -0.9990 0.0426 0.0137
vn -0.7530 -0.0539 0.6558
vn -0.6095 0.0270 -0.7923
vn -0.9696 0.0336 0.2422
vn 0.1104 0.1691 -0.9794
vn -0.1151 0.1561 -0.9810
vn -0.9203 0.0915 -0.3803
vn -0.9891 0.0688 -0.1301
vn -0.9333 -0.0303 0.3579
vn -0.4062 0.0167 -0.9136
vn -0.9449 0.0917 -0.3142
vn -0.9980 0.0358 0.0523
vn -0.9845 0.0436 -0.1700
vn -0.0855 0.0106 -0.9963
vn 0.2495 0.1865 -0.9502
vn 0.0242 0.1933 -0.9808
vn -0.0635 0.1873 -0.9802
vn -0.3195 0.1701 -0.9322
vn -0.6675 0.1517 -0.7290
vn -0.9188 0.1282 -0.3733
vn -0.7401 0.1959 -0.6433
vn -0.9916 -0.0004 0.1295
vn -0.9546 -0.0516 0.2934
vn -0.9301 -0.0822 0.3581
vn -0.8294 -0.1405 0.5407
vn -0.7793 -0.1123 0.6165
vn -0.8247 -0.1311 0.5501
vn -0.9983 0.0360 0.0454
vn -0.9557 0.0992 -0.2770
vn -0.3349 0.0179 -0.9421
vn -0.4177 0.2329 -0.8782
vn -0.9400 0.0418 -0.3387
vn 0.1816 0.2390 -0.9539
vn -0.0555 0.2140 -0.9753
vn -0.9972 0.0562 -0.0486
vn -0.8788 0.0407 -0.4755
vn 0.4104 0.2360 -0.8808
vn -0.3727 0.2566 -0.8917
vn -0.6379 0.2260 -0.7362
vn -0.9649 0.1196 -0.2338
vn -0.8147 0.0172 0.5796
vn -0.3907 0.0149 -0.9204
vn -0.8463 0.0319 -0.5317
vn -0.5583 0.2836 -0.7797
vn -0.9520 -0.0860 0.2937
vn -0.9434 -0.1092 0.3132
vn -0.8391 -0.2068 0.5031
vn -0.0313 0.0020 -0.9995
vn 0.2950 0.2993 -0.9074
vn -0.0373 0.3036 -0.9521
vn -0.0542 0.2968 -0.9534
vn -0.0341 0.3217 -0.9462
vn -0.3754 0.3035 -0.8758
vn -0.9989 0.0291 0.0370
vn -0.2167 0.0087 -0.9762
vn -0.9287 0.1672 -0.3311
vn -0.8010 0.0300 -0.5979
vn 0.3955 0.2874 -0.8723
vn -0.7288 0.2725 -0.6282
vn -0.9901 -0.0167 0.1394
vn -0.0238 0.3235 -0.9459
vn -0.9865 0.1029 -0.1277
vn -0.9030 0.0241 0.4290
vn -0.9872 0.0371 0.1551
vn -0.6141 0.3254 -0.7191
vn -0.0339 0.3727 -0.9273
vn -0.3606 0.3431 -0.8673
vn -0.9478 0.1624 -0.2745
vn -0.9793 -0.0597 0.1936
vn -0.9537 -0.1256 0.2732
vn -0.8453 -0.2536 0.4702
vn -0.9826 0.0430 -0.1809
vn -0.0446 0.3713 -0.9274
vn -0.3923 0.3629 -0.8452
vn -0.8876 0.0357 -0.4593
vn -0.9983 0.0577 -0.0063
vn -0.9989 0.0427 -0.0212
vn 0.3061 0.3459 -0.8869
vn 0.1382 -0.0016 -0.9904
vn -0.0362 0.4312 -0.9015
vn -0.9672 0.1669 -0.1915
vn 0.6501 -0.0270 -0.7594
vn -0.3699 0.4300 -0.8236
vn -0.6598 0.3533 -0.6632
vn -0.7269 0.3139 -0.6108
vn -0.9285 0.1990 -0.3135
vn -0.9815 -0.0670 0.1794
vn -0.4299 0.4130 -0.8029
vn -0.0362 0.0049 -0.9993
vn 0.3149 0.4178 -0.8522
vn -0.0270 0.4672 -0.8837
vn -0.9907 0.1147 -0.0727
vn -0.9985 0.0333 0.0442
vn -0.9446 0.0403 -0.3258
vn -0.9852 0.0452 -0.1654
vn -0.9990 0.0455 0.0032
vn -0.2194 0.0064 -0.9756
vn -0.9765 -0.1078 0.1866
vn -0.9674 -0.1314 0.2165
vn -0.8616 -0.2975 0.4112
vn -0.8802 0.0266 0.4739
vn -0.6824 0.4068 -0.6074
vn -0.9973 -0.0035 0.0740
vn -0.8393 0.0164 0.5434
vn -0.5153 0.4528 -0.7276
vn -0.9289 0.2303 -0.2900
vn -0.3809 0.4714 -0.7954
vn -0.3477 0.0124 -0.9375
vn 0.4546 -0.0174 -0.8905
vn -0.1419 0.5611 -0.8155
vn -0.9941 0.0991 -0.0443
vn -0.8423 0.0307 -0.5381
vn -0.0186 0.5303 -0.8476
vn -0.9319 0.2516 -0.2611
vn -0.9601 0.2100 -0.1846
vn -0.9677 -0.1501 0.2025
vn -0.7319 0.4441 -0.5168
vn -0.7385 0.4543 -0.4983
vn -0.9995 0.0148 0.0275
vn -0.0173 0.6129 -0.7900
vn -0.4444 0.5610 -0.6984
vn -0.4787 0.5311 -0.6991
vn -0.6257 0.5114 -0.5890
vn -0.8703 0.0206 -0.4920
vn 0.4443 0.5561 -0.7024
vn -0.9677 0.2025 -0.1505
vn -0.9847 -0.1042 0.1396
vn 0.2949 -0.0140 -0.9554
vn -0.9084 0.0233 -0.4174
vn -0.9466 0.2426 -0.2125
vn -0.8720 -0.3181 0.3721
vn 0.0593 0.6213 -0.7814
vn -0.1958 0.6192 -0.7604
vn -0.9801 0.1525 -0.1269
vn -0.9623 -0.1681 0.2140
vn -0.5231 0.5600 -0.6425
vn -0.8039 0.4113 -0.4297
vn -0.9706 0.0419 0.2368
vn 0.3502 0.5890 -0.7283
vn -0.7846 0.4138 -0.4617
vn -0.9991 0.0275 -0.0325
vn -0.3915 0.0139 -0.9201
vn -0.8330 0.0296 -0.5525
vn -0.2308 0.6079 -0.7598
vn -0.6812 0.4762 -0.5561
vn -0.9771 -0.1310 0.1674
vn -0.9801 0.0359 -0.1951
vn -0.5045 0.5411 -0.6728
vn -0.9534 -0.1907 0.2338
vn -0.8767 -0.3158 0.3628
vn 0.1430 0.5293 -0.8363
vn 0.3703 0.5006 -0.7825
vn -0.0176 -0.0054 -0.9998
vn -0.2602 0.5309 -0.8065
vn -0.9613 0.1618 -0.2232
vn -0.9752 0.0968 -0.1991
vn -0.9890 0.0498 -0.1393
vn -0.9998 -0.0177 -0.0009
vn 0.3720 -0.0470 -0.9271
vn 0.5467 -0.0304 -0.8368
vn 0.3565 0.4182 -0.8354
vn -0.5621 0.4792 -0.6741
vn -0.9730 -0.1430 0.1810
vn -0.2432 -0.0253 -0.9697
vn 0.0472 0.3888 -0.9201
vn -0.8348 0.3819 -0.3965
vn -0.8493 0.3759 -0.3708
vn -0.9921 -0.0734 0.1018
vn 0.4693 -0.0332 -0.8824
vn -0.9991 0.0425 -0.0086
vn 0.3173 0.3251 -0.8909
vn -0.3191 0.3234 -0.8908
vn 0.4976 0.1366 -0.8566
vn -0.6766 0.4598 -0.5751
vn -0.5632 0.3062 -0.7675
vn -0.8233 -0.3778 0.4237
vn -0.8291 -0.0053 -0.5591
vn -0.8928 0.0380 0.4488
vn -0.8532 0.0252 0.5210
vn 0.4820 -0.0061 -0.8761
vn -0.9753 0.0234 -0.2196
vn -0.8689 -0.3304 0.3686
vn 0.0320 -0.0728 -0.9968
vn 0.3399 0.0575 -0.9387
vn 0.3304 0.1235 -0.9357
vn -0.2134 0.1097 -0.9708
vn -0.3735 0.1353 -0.9177
vn -0.5719 0.2098 -0.7931
vn -0.7094 0.1782 -0.6819
vn -0.8277 0.1595 -0.5380
vn -0.8349 0.1106 -0.5392
vn -0.8774 0.1199 -0.4646
vn -0.9591 0.0379 -0.2804
vn -0.6801 0.0578 -0.7309
vn -0.8771 0.0440 -0.4783
vn -0.9901 0.0175 -0.1393
vn -0.9913 -0.0635 0.1154
vn -0.9643 -0.1616 0.2099
vn -0.9995 -0.0116 0.0307
vn -0.9517 -0.1963 0.2360
vn -0.7941 -0.4242 0.4352
vn -0.9915 0.0328 -0.1258
vn 0.3180 -0.1229 -0.9401
vn -0.2527 -0.0084 -0.9675
vn -0.4066 -0.0542 -0.9120
vn -0.9929 0.0447 0.1103
vn -0.2584 -0.1337 -0.9567
vn -0.4524 -0.0053 -0.8918
vn -0.3993 -0.2454 -0.8834
vn -0.6444 -0.1086 -0.7570
vn -0.8175 -0.0998 -0.5671
vn -0.8900 -0.0213 -0.4554
vn -0.9558 0.0038 -0.2939
vn -0.8626 -0.3491 0.3661
vn -0.9985 0.0294 -0.0463
vn -0.9987 0.0064 0.0508
vn -0.8634 -0.0490 -0.5021
vn -0.9980 0.0478 -0.0414
vn 0.1666 -0.5503 -0.8182
vn -0.2863 -0.5375 -0.7932
vn -0.8792 -0.1805 -0.4409
vn -0.9613 -0.0819 -0.2630
vn -0.9694 -0.0748 -0.2337
vn -0.9614 -0.1686 0.2176
vn -0.8195 0.0430 0.5714
vn -0.4504 -0.5091 -0.7335
vn -0.9925 -0.0157 -0.1212
vn -0.5607 -0.2627 -0.7852
vn -0.9086 -0.3730 -0.1878
vn -0.9859 -0.0742 0.1500
vn -0.9767 -0.1338 0.1680
vn -0.8974 -0.3543 0.2631
vn -0.6717 -0.6867 -0.2781
vn -0.8689 -0.2801 -0.4081
vn -0.9964 0.0835 0.0160
vn -0.9942 0.0771 0.0748
vn -0.6187 -0.4361 -0.6535
vn -0.9523 -0.1628 -0.2583
vn -0.9969 0.0776 -0.0135
vn -0.9177 -0.3964 0.0249
vn -0.9108 -0.4085 0.0597
vn -0.9449 -0.3273 -0.0064
vn -0.8662 -0.4997 -0.0029
vn -0.8822 -0.4708 -0.0130
vn -0.8985 -0.4286 -0.0947
vn -0.9569 -0.2903 0.0008
vn -0.9902 -0.0105 -0.1395
vn -0.9930 -0.0102 0.1177
vn -0.9016 -0.3745 0.2164
vn -0.9749 -0.2226 0.0023
vn -0.9548 0.0441 0.2939
vn -0.9764 -0.1115 -0.1848
vn -0.9811 0.1847 0.0580
vn -0.9896 0.1410 0.0290
vn -0.9898 0.1275 0.0644
vn -0.9858 -0.1672 -0.0118
vn -0.9998 0.0139 -0.0149
vn -0.9997 -0.0028 -0.0246
vn -0.9965 0.0073 -0.0836
vn -0.8864 0.0495 0.4604
vn -0.9702 0.2351 0.0592
vn -0.9980 0.0497 -0.0393
vn 0.1889 -0.4559 -0.8698
vn -0.9834 0.1750 0.0481
vn -0.9489 0.2999 0.0986
vn -1.0000 -0.0077 -0.0062
vn -0.5913 -0.3749 -0.7141
vn -0.7752 -0.2825 -0.5651
vn -0.8561 -0.2593 -0.4470
vn -0.9652 -0.1203 -0.2320
vn -0.9937 -0.0360 -0.1060
vn -0.9987 0.0476 -0.0176
vn -0.9698 0.2398 0.0450
vn -0.2473 -0.4460 -0.8602
vn -0.9066 0.4046 0.1198
vn -0.9015 0.4321 0.0248
vn -0.9315 0.3626 -0.0285
vn -0.9066 0.4220 -0.0056
vn -0.9154 0.3991 -0.0533
vn -0.9273 0.3722 -0.0398
vn -0.9465 -0.1383 -0.2916
vn -0.9849 0.1612 0.0625
vn -0.9054 0.4243 0.0142
vn -0.8733 0.4804 -0.0810
vn -0.9772 0.2108 -0.0246
vn -0.9447 0.3264 -0.0301
vn -0.9903 0.1083 -0.0876
vn -0.9575 0.2705 0.1003
vn -0.9153 0.3754 0.1462
vn -0.9255 0.3460 0.1541
vn -0.9685 0.2451 -0.0440
vn -0.2363 -0.3217 -0.9169
vn 0.3052 -0.3373 -0.8905
vn -0.8749 0.4844 0.0048
vn -0.8540 0.5190 -0.0354
vn -0.9915 0.0765 -0.1054
vn -0.9879 -0.0256 -0.1531
vn -0.9990 0.0434 -0.0083
vn -0.9296 0.3372 0.1491
vn -0.9237 0.3715 0.0935
vn -0.7423 0.6634 0.0943
vn -0.7108 0.6975 -0.0913
vn -0.5875 0.8088 0.0278
vn -0.9856 0.1357 0.1005
vn -0.8384 0.5234 0.1519
vn -0.7702 0.6202 0.1490
vn -0.6166 0.7731 0.1490
vn -0.7516 0.6541 -0.0852
vn -0.7966 0.6029 -0.0438
vn -0.8055 0.5903 -0.0530
vn -0.9490 0.2955 -0.1104
vn -0.9772 0.1380 -0.1611
vn 0.2303 -0.3191 -0.9193
vn -0.8010 -0.1756 -0.5723
vn -0.8402 -0.1701 -0.5148
vn -0.9529 0.2562 0.1621
vn -0.8994 0.4072 0.1590
vn -0.6456 0.7488 0.1502
vn -0.5639 0.8189 -0.1073
vn -0.8727 0.4786 -0.0963
vn -0.9521 0.0533 0.3012
vn -0.8729 0.4147 0.2569
vn -0.4335 0.8835 0.1776
vn -0.4438 0.8782 0.1783
vn -0.3589 0.9212 0.1501
vn -0.5388 0.8415 -0.0395
vn 0.6765 0.7296 -0.1004
vn -0.4937 0.8624 -0.1119
vn -0.5442 0.8310 -0.1155
vn -0.5682 0.8217 -0.0442
vn -0.6264 0.7659 -0.1451
vn -0.9453 0.2217 -0.2393
vn -0.5638 -0.1989 -0.8016
vn -0.9452 -0.0730 -0.3184
vn -0.9598 -0.0724 -0.2713
vn -0.2812 0.9403 0.1919
vn 0.3296 0.9236 0.1957
vn -0.2218 0.9747 -0.0256
vn -0.2305 0.9705 0.0707
vn -0.2118 0.9756 -0.0571
vn 0.6267 0.7727 -0.1003
vn -0.5287 0.8458 -0.0711
vn -0.4995 0.8653 -0.0416
vn -0.7946 0.5726 -0.2021
vn -0.9013 0.3912 -0.1860
vn -0.9985 0.0386 0.0386
vn 0.2548 -0.2235 -0.9408
vn -0.3219 -0.2359 -0.9169
vn -0.4374 0.8825 0.1728
vn -0.2728 0.9465 0.1723
vn 0.2508 0.9507 0.1825
vn -0.2782 0.9513 0.1327
vn -0.1935 0.9733 -0.1237
vn -0.1959 0.9722 -0.1285
vn -0.1856 0.9746 -0.1254
vn -0.4447 0.8894 -0.1058
vn -0.4426 0.8947 -0.0597
vn 0.5960 0.7985 -0.0851
vn -0.5015 0.8517 -0.1517
vn -0.5609 0.7774 -0.2847
vn -0.8473 0.4530 -0.2774
vn -0.9831 0.0540 -0.1751
vn -0.2040 -0.2311 -0.9513
vn -0.8303 -0.0807 -0.5515
vn -0.9871 0.1052 0.1211
vn -0.5916 0.7636 0.2586
vn -0.5417 0.8208 0.1811
vn -0.1788 0.9777 -0.1102
vn -0.1807 0.9810 -0.0704
vn -0.3034 0.9517 -0.0463
vn -0.1908 0.9806 -0.0442
vn -0.3105 0.9505 -0.0104
vn -0.2028 0.9786 -0.0360
vn -0.1986 0.9793 -0.0386
vn -0.1945 0.9775 -0.0819
vn -0.6602 0.6395 -0.3939
vn -0.9295 0.0677 -0.3625
vn -0.9491 0.0532 -0.3105
vn -0.7482 0.5623 0.3522
vn -0.2226 0.9618 0.1596
vn -0.0914 0.9942 -0.0566
vn 0.2704 0.9604 -0.0665
vn 0.1846 0.9769 -0.1080
vn 0.2565 0.9595 -0.1165
vn -0.1285 0.9863 -0.1033
vn -0.1761 0.9721 -0.1549
vn -0.1479 0.9725 -0.1801
vn -0.1647 0.9625 -0.2155
vn -0.4810 0.8312 -0.2787
vn -0.5587 0.7296 -0.3944
vn -0.8224 0.2741 -0.4985
vn -0.8928 0.0763 -0.4439
vn -0.4370 -0.1560 -0.8859
vn -0.9425 -0.0174 -0.3337
vn -0.9693 -0.0208 -0.2452
vn -0.9521 0.1889 0.2406
vn -0.8880 0.3293 0.3209
vn -0.2082 0.9498 0.2335
vn 0.2302 0.9665 -0.1132
vn 0.1104 0.9852 -0.1311
vn -0.2266 0.8000 -0.5555
vn -0.1607 0.8235 -0.5440
vn -0.1704 0.8903 -0.4223
vn -0.0854 0.7292 -0.6789
vn -0.6028 0.6414 -0.4746
vn -0.9687 -0.0114 -0.2479
vn -0.5103 0.7765 0.3697
vn -0.2816 0.9271 0.2475
vn -0.2075 0.9522 0.2242
vn 0.1960 0.8071 -0.5569
vn 0.4964 0.7445 -0.4464
vn 0.3245 0.7866 -0.5252
vn 0.5377 0.6540 -0.5321
vn 0.2575 0.7388 -0.6227
vn -0.4067 0.6079 -0.6820
vn -0.7169 0.0172 -0.6970
vn -0.6202 0.0301 -0.7838
vn -0.9986 0.0363 -0.0373
vn -0.2010 0.9343 0.2944
vn -0.2200 0.9187 0.3280
vn -0.3051 0.3323 -0.8924
vn -0.0516 0.4285 -0.9021
vn 0.5285 0.3311 -0.7817
vn -0.5848 0.2243 -0.7796
vn 0.3039 -0.0892 -0.9485
vn -0.2312 0.8883 0.3967
vn -0.2490 0.9067 0.3405
vn -0.1539 -0.1069 -0.9823
vn -0.1667 -0.1304 -0.9774
vn -0.1598 -0.1388 -0.9773
vn -0.1528 -0.0717 -0.9857
vn 0.4757 -0.0738 -0.8765
vn -0.4969 -0.0669 -0.8652
vn -0.5160 0.6878 0.5106
vn 0.3226 0.8509 0.4147
vn -0.2191 0.8787 0.4242
vn -0.8240 -0.0212 -0.5662
vn -0.9064 -0.0294 -0.4214
vn -0.9554 -0.0103 -0.2953
vn -0.8330 0.0730 0.5484
vn 0.3058 0.7906 0.5304
vn -0.3695 0.0166 -0.9291
vn 0.5033 0.0275 -0.8637
vn -0.5385 -0.0053 -0.8426
vn -0.9893 0.0128 -0.1456
vn -0.9712 0.0299 -0.2362
vn -0.9640 0.0834 0.2524
vn -0.9943 0.0407 0.0984
vn -0.1443 0.0098 -0.9895
vn -0.6064 0.0105 -0.7951
vn -0.7980 0.0034 -0.6027
vn -0.8725 0.1298 0.4711
vn -0.4742 0.0035 -0.8804
vn -0.8395 -0.0133 -0.5431
vn -0.1672 0.0240 -0.9856
vn -0.9086 -0.0151 -0.4173
vn -0.4995 0.0081 -0.8663
vn -0.8264 0.0292 -0.5623
vn -0.9990 0.0439 -0.0103
vn -0.1593 0.0062 -0.9872
vn -0.9418 0.0371 -0.3342
vn -0.9611 0.0594 0.2696
vn 0.1706 0.0252 -0.9850
vn -0.9775 0.0061 -0.2109
vn -0.9975 0.0264 -0.0660
vn -0.5602 0.0622 -0.8260
vn -0.9673 0.0065 0.2536
vn -0.8799 0.0013 0.4751
vn -0.2375 0.0145 -0.9713
vn 0.4985 0.0699 -0.8641
vn -0.4870 0.0560 -0.8716
vn -0.9988 0.0244 0.0423
vn 0.4790 0.0063 -0.8778
vn -0.1944 0.0800 -0.9777
vn -0.7675 0.0680 -0.6374
vn 0.3903 0.0126 -0.9206
vn -0.4622 -0.0027 -0.8868
vn -0.9620 0.0676 -0.2644
vn -0.9932 0.0509 0.1044
vn -0.1152 0.0997 -0.9883
vn -0.8194 0.1030 -0.5639
vn -0.9346 0.0810 -0.3463
vn -0.8979 -0.0992 0.4289
vn -0.0807 0.0203 -0.9965
vn -0.2815 0.1630 -0.9456
vn -0.5108 0.1222 -0.8510
vn -0.5241 0.1505 -0.8382
vn -0.6122 0.1597 -0.7744
vn -0.7914 0.1282 -0.5977
vn -0.9696 -0.0326 0.2424
vn -0.9822 0.0767 -0.1714
vn 0.3100 0.1522 -0.9385
vn -0.1006 0.1604 -0.9819
vn -0.9803 -0.0496 0.1910
vn -0.8359 -0.0180 -0.5485
vn -0.8061 0.1669 -0.5678
vn -0.9291 -0.0129 -0.3697
vn -0.9307 0.1258 -0.3436
vn -0.9018 -0.1592 0.4017
vn 0.1365 0.0210 -0.9904
vn -0.1097 0.2208 -0.9691
vn -0.5298 0.2129 -0.8210
vn -0.9555 0.1117 -0.2730
vn 0.3380 -0.0001 -0.9411
vn 0.4303 -0.0266 -0.9023
vn -0.4930 -0.0157 -0.8699
vn -0.9990 0.0371 -0.0256
vn -0.2813 0.2506 -0.9263
vn -0.6261 0.2057 -0.7522
vn -0.9538 0.0744 0.2909
vn -0.9882 0.0237 -0.1511
vn -0.7988 0.1956 -0.5688
vn -0.9840 0.1019 -0.1460
vn -0.9591 -0.1158 0.2582
vn -0.8944 -0.2140 0.3928
vn -0.2129 -0.0243 -0.9768
vn -0.5743 0.2628 -0.7753
vn -0.9994 0.0304 0.0143
vn -0.4256 -0.0363 -0.9042
vn -0.0904 0.3033 -0.9486
vn -0.4987 0.2967 -0.8144
vn -0.9925 -0.0391 0.1155
vn -0.9509 0.1423 -0.2749
vn 0.3093 0.2846 -0.9074
vn 0.0421 -0.0377 -0.9984
vn -0.8678 -0.0270 -0.4961
vn -0.9588 0.0008 -0.2842
vn -0.2102 0.3272 -0.9213
vn -0.7915 0.2541 -0.5558
vn -0.9267 0.1897 -0.3244
vn -0.9685 -0.1344 0.2097
vn -0.8936 -0.2791 0.3516
vn -0.9977 0.0618 0.0289
vn -0.5707 0.3316 -0.7512
vn -0.8158 0.2059 -0.5404
vn -0.7895 0.2458 -0.5624
vn -0.0691 0.3972 -0.9152
vn -0.5020 0.3935 -0.7701
vn -0.7852 -0.0369 -0.6182
vn -0.3013 0.3834 -0.8730
vn -0.9938 -0.0518 0.0989
vn -0.9990 0.0422 0.0141
vn -0.8968 -0.3251 0.3001
vn -0.1641 -0.1026 -0.9811
vn -0.4001 -0.0958 -0.9115
vn -0.5652 0.4141 -0.7135
vn -0.9516 0.1864 -0.2443
vn -0.0843 -0.2022 -0.9757
vn -0.6714 -0.0646 -0.7383
vn -0.7684 -0.0489 -0.6381
vn -0.9814 0.1459 -0.1248
vn -0.9805 -0.1311 0.1464
vn 0.0314 -0.2278 -0.9732
vn -0.2369 0.4690 -0.8509
vn -0.7798 0.3167 -0.5400
vn -0.9123 0.2578 -0.3182
vn -0.9172 -0.3272 0.2273
vn 0.4341 -0.1821 -0.8823
vn -0.9731 0.0049 -0.2305
vn -0.9955 0.0373 -0.0867
vn -0.0617 0.4916 -0.8686
vn -0.4831 0.5029 -0.7168
vn -0.7853 0.3228 -0.5283
vn -0.9137 -0.3680 0.1723
vn -0.9672 -0.2107 0.1416
vn -0.4892 -0.2124 -0.8459
vn -0.9061 -0.0348 -0.4216
vn -0.1823 0.5512 -0.8142
vn -0.5530 0.4823 -0.6794
vn -0.7785 0.3336 -0.5316
vn -0.9989 0.0339 0.0315
vn -0.1562 -0.4026 -0.9020
vn -0.9967 0.0802 0.0074
vn 0.3280 0.4843 -0.8111
vn -0.0542 0.5982 -0.7995
vn -0.9309 0.2728 -0.2428
vn -0.7559 -0.1924 -0.6257
vn -0.8263 0.1253 0.5491
vn -0.4792 0.5962 -0.6442
vn -0.9963 -0.0595 0.0620
vn -0.9396 -0.3253 0.1066
vn -0.7492 0.4264 -0.5068
vn -0.7892 0.3998 -0.4662
vn -0.7408 0.4737 -0.4762
vn -0.9040 0.3294 -0.2727
vn -0.9733 -0.2044 0.1046
vn -0.3196 0.6469 -0.6923
vn -0.6925 0.5087 -0.5114
vn -0.7650 0.4898 -0.4181
vn -0.9829 0.1726 -0.0643
vn -0.4722 -0.7041 -0.5304
vn -0.8988 -0.1237 -0.4205
vn -0.9393 -0.1817 -0.2909
vn -0.9346 0.3168 -0.1615
vn -0.9906 -0.1206 0.0647
vn -0.9533 -0.2958 0.0603
vn 0.2533 0.6832 -0.6849
vn -0.0377 0.6413 -0.7664
vn -0.9797 0.1973 -0.0367
vn -0.9972 0.0708 0.0229
vn -0.4323 0.6775 -0.5951
vn -0.5276 0.7039 -0.4756
vn -0.8944 0.3986 -0.2026
vn -0.9662 -0.2575 0.0089
vn -0.9168 -0.3940 -0.0655
vn -0.9879 -0.0982 -0.1203
vn -0.6757 0.6167 -0.4038
vn -0.9927 -0.1180 0.0238
vn -0.9974 0.0144 -0.0708
vn -0.4142 0.6912 -0.5922
vn -0.7495 0.5860 -0.3078
vn -0.8978 0.4208 -0.1300
vn -0.9244 0.3701 -0.0922
vn -0.9989 0.0317 0.0342
vn -0.9931 -0.1176 0.0038
vn -0.9916 -0.1291 -0.0052
vn -0.9733 -0.2270 -0.0338
vn -0.0470 0.7440 -0.6666
vn -0.0464 0.8174 -0.5742
vn -0.6944 0.6596 -0.2876
vn -0.9567 0.2887 -0.0384
vn -0.3966 0.7848 -0.4762
vn -0.4643 0.7928 -0.3949
vn -0.7736 0.6044 -0.1905
vn -0.9816 0.1911 0.0035
vn -0.9975 0.0710 -0.0013
vn -0.9995 0.0313 -0.0013
vn -0.9985 -0.0496 -0.0220
vn -0.9973 -0.0659 -0.0314
vn -0.3801 0.8213 -0.4254
vn -0.6918 0.6885 -0.2179
vn -0.9139 0.3984 -0.0772
vn -0.9987 0.0429 -0.0283
vn -0.9992 0.0346 -0.0181
vn -0.7928 0.2034 0.5745
vn 0.1483 0.8544 -0.4980
vn -0.0864 0.8817 -0.4638
vn -0.5315 0.8071 -0.2571
vn -0.7846 0.6055 -0.1334
vn -0.8218 0.5598 -0.1064
vn -0.9294 0.3671 -0.0382
vn -0.9703 0.2414 -0.0162
vn -0.8809 0.1991 0.4294
vn -0.6866 0.7077 -0.1666
vn -0.9777 0.2091 -0.0215
vn 0.0707 0.9127 -0.4025
vn -0.3626 0.8734 -0.3250
vn -0.5280 0.8216 -0.2151
vn -0.9886 0.1493 -0.0191
vn -0.9853 0.1692 0.0229
vn -0.9247 0.2595 0.2785
vn -0.1207 0.9186 -0.3764
vn 0.6685 0.6924 -0.2715
vn -0.3650 0.8915 -0.2684
vn -0.8343 0.5455 -0.0803
vn -0.8595 0.5069 -0.0659
vn -0.9307 0.3639 -0.0367
vn -0.9554 0.2937 -0.0321
vn -0.9779 0.2074 -0.0263
vn -0.3226 0.3394 0.8836
vn 0.2267 0.9182 -0.3249
vn 0.4383 0.8426 -0.3128
vn -0.7570 0.6467 -0.0935
vn -0.8484 0.5267 -0.0541
vn -0.8949 0.4438 -0.0471
vn -0.9483 0.3146 -0.0418
vn -0.1608 0.9416 -0.2960
vn -0.6031 0.7812 -0.1611
vn -0.9482 0.3177 0.0048
vn -0.9296 0.3252 0.1735
vn -0.8664 0.3554 0.3507
vn -0.8477 0.3349 0.4114
vn -0.8337 0.3728 0.4074
vn -0.2854 0.9235 -0.2563
vn 0.6709 0.7013 -0.2408
vn -0.8169 0.5737 -0.0600
vn -0.8466 0.5298 -0.0510
vn -0.9435 0.3214 0.0803
vn -0.8599 0.4626 0.2158
vn -0.8235 0.4647 0.3254
vn -0.7388 0.3515 0.5750
vn -0.1631 0.9488 -0.2706
vn 0.2888 0.9190 -0.2682
vn -0.3768 0.9021 -0.2104
vn -0.8604 0.5068 -0.0537
vn -0.8420 0.5365 -0.0561
vn -0.9235 0.3824 -0.0312
vn -0.1896 0.9517 -0.2416
vn 0.2833 0.9278 -0.2429
vn -0.4623 0.8740 -0.1496
vn -0.6271 0.7707 -0.1133
vn -0.6481 0.7575 -0.0786
vn -0.7140 0.6969 -0.0671
vn -0.8171 0.5750 -0.0418
vn -0.9311 0.3646 -0.0124
vn -0.7314 0.5344 0.4235
vn 0.2848 0.9331 -0.2197
vn -0.2575 0.9502 -0.1757
vn 0.4228 0.8792 -0.2199
vn -0.6264 0.7760 -0.0741
vn -0.7430 0.6673 -0.0509
vn -0.8015 0.5978 0.0192
vn -0.8335 0.5452 0.0895
vn -0.7952 0.5911 0.1352
vn -0.6865 0.6404 0.3444
vn -0.5764 0.6807 0.4522
vn 0.2738 0.9384 -0.2109
vn 0.6110 0.7712 -0.1786
vn -0.4446 0.8905 -0.0965
vn -0.5371 0.8402 -0.0750
vn -0.6111 0.7888 -0.0666
vn -0.7335 0.6797 -0.0025
vn 0.2735 0.9438 -0.1857
vn -0.5434 0.8384 -0.0430
vn -0.6039 0.7840 0.1436
vn -0.4255 0.8420 0.3317
vn -0.2956 0.8579 0.4202
vn 0.2157 0.7973 0.5637
vn 0.2065 0.9684 -0.1401
vn 0.2040 0.9671 -0.1518
vn 0.1845 0.9746 -0.1265
vn -0.2844 0.9538 -0.0965
vn 0.1853 0.9766 -0.1094
vn -0.3027 0.9491 -0.0874
vn -0.2325 0.7478 0.6218
vn 0.1679 0.9824 -0.0819
vn -0.2487 0.9655 -0.0773
vn -0.2946 0.9527 -0.0745
vn 0.4611 0.8843 -0.0734
vn 0.1710 0.9823 -0.0761
vn -0.4367 0.8975 -0.0614
vn -0.5068 0.8618 0.0198
vn -0.4701 0.8720 0.1365
vn 0.2097 0.9096 0.3588
vn -0.2274 0.9204 0.3180
vn -0.2242 0.8866 0.4045
vn -0.2477 0.9669 -0.0616
vn 0.1642 0.9847 -0.0579
vn -0.2121 0.9753 -0.0616
vn 0.1634 0.9847 -0.0611
vn 0.4322 0.9001 -0.0544
vn 0.4873 0.8728 -0.0281
vn -0.3498 0.9358 -0.0439
vn -0.2924 0.9563 0.0028
vn -0.2803 0.9492 0.1430
vn 0.1870 0.9512 0.2455
vn 0.1706 0.9849 -0.0301
vn -0.2038 0.9784 -0.0352
vn 0.1905 0.9813 -0.0273
vn 0.1668 0.9858 0.0184
vn -0.1765 0.9842 0.0148
vn 0.1401 0.9900 0.0176
vn 0.1584 0.9854 0.0630
vn -0.1837 0.9791 0.0877
vn 0.1912 0.9784 0.0783
vt 0.301260 0.638724
vt 0.305298 0.650755
vt 0.305388 0.612705
vt 0.308007 0.637989
vt 0.711785 0.847617
vt 0.692518 0.844049
vt 0.736963 0.840858
vt 0.699860 0.840401
vt 0.302871 0.686264
vt 0.297998 0.684730
vt 0.298843 0.721212
vt 0.697817 0.850429
vt 0.608079 0.844948
vt 0.608186 0.840703
vt 0.580640 0.669395
vt 0.541412 0.684096
vt 0.541085 0.675701
vt 0.307785 0.747061
vt 0.591772 0.851229
vt 0.304428 0.747994
vt 0.999545 0.094858
vt 0.984228 0.068635
vt 0.989342 0.066117
vt 0.581460 0.842825
vt 0.308007 0.770902
vt 0.565326 0.850891
vt 0.766390 0.848944
vt 0.752479 0.845752
vt 0.771587 0.845152
vt 0.760083 0.839962
vt 0.684505 0.653780
vt 0.657669 0.651282
vt 0.684338 0.650097
vt 0.739741 0.848531
vt 0.629961 0.658638
vt 0.637161 0.663760
vt 0.998635 0.753784
vt 0.997110 0.788014
vt 0.989259 0.761173
vt 0.987554 0.789316
vt 0.579135 0.674620
vt 0.983812 0.834869
vt 0.991725 0.871933
vt 0.982197 0.872544
vt 0.512374 0.681522
vt 0.517079 0.694573
vt 0.991419 0.896975
vt 0.983568 0.897256
vt 0.973247 0.055195
vt 0.987025 0.912425
vt 0.978272 0.042371
vt 0.970638 0.044083
vt 0.564604 0.841693
vt 0.969261 0.030122
vt 0.028662 0.979894
vt 0.041909 0.974273
vt 0.034314 0.987364
vt 0.789404 0.848809
vt 0.799674 0.844729
vt 0.789882 0.838934
vt 0.707369 0.649293
vt 0.996882 0.732298
vt 0.987693 0.742636
vt 0.681028 0.658223
vt 0.653306 0.666546
vt 0.652064 0.677023
vt 0.621407 0.675734
vt 0.582768 0.682964
vt 0.977782 0.790768
vt 0.555949 0.690143
vt 0.971520 0.885706
vt 0.497090 0.687392
vt 0.972710 0.910220
vt 0.982062 0.926244
vt 0.976495 0.923389
vt 0.955841 0.038261
vt 0.962498 0.033411
vt 0.047723 0.980701
vt 0.961044 0.022945
vt 0.807393 0.851229
vt 0.823812 0.847426
vt 0.725411 0.651593
vt 0.740085 0.655295
vt 0.712056 0.657672
vt 0.698892 0.663669
vt 0.992900 0.704832
vt 0.985542 0.720173
vt 0.977949 0.744460
vt 0.974182 0.839528
vt 0.576816 0.696936
vt 0.536049 0.702452
vt 0.965171 0.865846
vt 0.503455 0.704935
vt 0.489457 0.702881
vt 0.953259 0.050765
vt 0.060357 0.978720
vt 0.050185 0.985774
vt 0.050967 0.969952
vt 0.741981 0.648030
vt 0.764891 0.651384
vt 0.824596 0.841905
vt 0.998087 0.695074
vt 0.989186 0.682559
vt 0.991781 0.672463
vt 0.985402 0.695182
vt 0.736923 0.661749
vt 0.975350 0.727150
vt 0.971617 0.760880
vt 0.969827 0.806673
vt 0.615629 0.685962
vt 0.514893 0.704618
vt 0.945484 0.039813
vt 0.952158 0.027678
vt 0.057690 0.989847
vt 0.954268 0.018610
vt 0.057817 0.966758
vt 0.059931 0.971339
vt 0.846732 0.849540
vt 0.844297 0.844985
vt 0.763250 0.655961
vt 0.983993 0.665372
vt 0.730483 0.671657
vt 0.698505 0.673139
vt 0.970920 0.706076
vt 0.648289 0.691080
vt 0.069043 0.984492
vt 0.939042 0.027227
vt 0.941916 0.020065
vt 0.070237 0.972876
vt 0.763123 0.644871
vt 0.767448 0.638336
vt 0.783945 0.646619
vt 0.864877 0.842640
vt 0.744673 0.637526
vt 0.984296 0.652600
vt 0.763459 0.662208
vt 0.976629 0.679955
vt 0.966556 0.740691
vt 0.618899 0.698068
vt 0.953083 0.883378
vt 0.963922 0.830241
vt 0.518027 0.715999
vt 0.491483 0.717448
vt 0.936027 0.054219
vt 0.954865 0.921560
vt 0.953258 0.909390
vt 0.964453 0.910465
vt 0.064677 0.958552
vt 0.069335 0.964928
vt 0.791844 0.651942
vt 0.793269 0.641137
vt 0.784542 0.658288
vt 0.973501 0.649051
vt 0.966760 0.687022
vt 0.702820 0.680607
vt 0.575889 0.707675
vt 0.534349 0.713821
vt 0.505184 0.718504
vt 0.935356 0.038621
vt 0.805743 0.650453
vt 0.807374 0.644289
vt 0.774940 0.630738
vt 0.779247 0.663464
vt 0.964244 0.656057
vt 0.762181 0.671514
vt 0.967796 0.672237
vt 0.958004 0.685132
vt 0.738213 0.679141
vt 0.685861 0.688463
vt 0.079257 0.962370
vt 0.080249 0.967800
vt 0.803747 0.655967
vt 0.810814 0.634345
vt 0.797606 0.633536
vt 0.802861 0.664504
vt 0.928005 0.207482
vt 0.919692 0.241394
vt 0.913185 0.225181
vt 0.538595 0.723366
vt 0.923038 0.031040
vt 0.080881 0.974176
vt 0.818518 0.655032
vt 0.952372 0.658459
vt 0.957621 0.633022
vt 0.789821 0.674340
vt 0.775334 0.680521
vt 0.711116 0.689483
vt 0.916393 0.179622
vt 0.622218 0.708298
vt 0.585552 0.715452
vt 0.929628 0.137870
vt 0.918588 0.144745
vt 0.920696 0.100229
vt 0.508153 0.729167
vt 0.494925 0.729918
vt 0.481802 0.728135
vt 0.923002 0.045016
vt 0.081005 0.987487
vt 0.080637 0.999590
vt 0.926960 0.017688
vt 0.077425 0.953856
vt 0.962105 0.617279
vt 0.967211 0.628711
vt 0.754399 0.688403
vt 0.910862 0.263209
vt 0.087053 0.953319
vt 0.674959 0.585087
vt 0.694055 0.588867
vt 0.659866 0.590831
vt 0.830907 0.661033
vt 0.841950 0.645388
vt 0.825069 0.666906
vt 0.952156 0.616995
vt 0.945391 0.632515
vt 0.898479 0.301060
vt 0.904200 0.259883
vt 0.904705 0.201266
vt 0.903673 0.029781
vt 0.917206 0.014471
vt 0.092012 0.961079
vt 0.093009 0.966562
vt 0.841798 0.659111
vt 0.657688 0.581417
vt 0.681294 0.580561
vt 0.844313 0.637149
vt 0.945368 0.602198
vt 0.826816 0.679965
vt 0.806638 0.678280
vt 0.899232 0.250934
vt 0.901955 0.230597
vt 0.906535 0.172698
vt 0.908425 0.144820
vt 0.910232 0.115690
vt 0.909665 0.086156
vt 0.919408 0.070448
vt 0.909323 0.067291
vt 0.904231 0.055999
vt 0.920058 0.057628
vt 0.906890 0.044716
vt 0.900654 0.036368
vt 0.093458 0.990997
vt 0.092361 0.974740
vt 0.840735 0.666648
vt 0.894914 0.270574
vt 0.927644 0.933197
vt 0.917797 0.921008
vt 0.939288 0.921772
vt 0.638647 0.591393
vt 0.805768 0.691176
vt 0.878956 0.307637
vt 0.899403 0.175021
vt 0.898037 0.074378
vt 0.105675 0.970204
vt 0.107865 0.953149
vt 0.641489 0.580916
vt 0.945135 0.569105
vt 0.957274 0.585846
vt 0.935679 0.573970
vt 0.857239 0.663835
vt 0.948105 0.588804
vt 0.842948 0.674870
vt 0.891514 0.236853
vt 0.890716 0.195615
vt 0.900737 0.108259
vt 0.900380 0.091895
vt 0.897445 0.068824
vt 0.895027 0.063513
vt 0.935810 0.909521
vt 0.910813 0.909915
vt 0.882015 0.043444
vt 0.905377 0.927484
vt 0.115991 0.983994
vt 0.893976 0.019874
vt 0.109513 0.960574
vt 0.856615 0.675406
vt 0.826394 0.693834
vt 0.878246 0.344123
vt 0.868951 0.333930
vt 0.881890 0.294734
vt 0.880005 0.278846
vt 0.894254 0.165323
vt 0.892037 0.132807
vt 0.891087 0.107938
vt 0.895307 0.009174
vt 0.627449 0.581723
vt 0.619595 0.590120
vt 0.879366 0.240466
vt 0.888852 0.090543
vt 0.112297 0.992634
vt 0.934046 0.554121
vt 0.925848 0.558415
vt 0.875941 0.674954
vt 0.870826 0.667356
vt 0.880692 0.384100
vt 0.862792 0.384849
vt 0.882961 0.369097
vt 0.851677 0.689776
vt 0.856545 0.355589
vt 0.872153 0.272583
vt 0.882347 0.186274
vt 0.883294 0.141610
vt 0.882500 0.082750
vt 0.125222 0.966519
vt 0.871976 0.678744
vt 0.873923 0.394535
vt 0.825529 0.705271
vt 0.864505 0.309424
vt 0.877644 0.104946
vt 0.883297 0.072748
vt 0.874596 0.063733
vt 0.878338 0.054225
vt 0.130888 0.953141
vt 0.601565 0.583601
vt 0.863401 0.404805
vt 0.850329 0.398960
vt 0.857630 0.338655
vt 0.859982 0.322687
vt 0.867599 0.260259
vt 0.872375 0.232719
vt 0.877711 0.182854
vt 0.865250 0.077725
vt 0.863486 0.030282
vt 0.619636 0.576355
vt 0.872902 0.183159
vt 0.874958 0.140281
vt 0.871552 0.093747
vt 0.873189 0.089250
vt 0.869519 0.020534
vt 0.849737 0.414294
vt 0.865004 0.409703
vt 0.926720 0.574872
vt 0.919331 0.582132
vt 0.903621 0.564320
vt 0.854835 0.703773
vt 0.854215 0.304995
vt 0.858309 0.283185
vt 0.862451 0.255856
vt 0.865034 0.237370
vt 0.865780 0.207292
vt 0.866569 0.181612
vt 0.868694 0.142076
vt 0.869261 0.110109
vt 0.853685 0.044344
vt 0.155009 0.959100
vt 0.833723 0.409616
vt 0.859490 0.713536
vt 0.848176 0.301693
vt 0.858448 0.270736
vt 0.280956 0.198001
vt 0.271095 0.211861
vt 0.280098 0.216662
vt 0.276571 0.342139
vt 0.276749 0.351118
vt 0.281620 0.357064
vt 0.865799 0.071296
vt 0.824490 0.013947
vt 0.153979 0.977464
vt 0.827304 0.398439
vt 0.847690 0.381714
vt 0.835544 0.380835
vt 0.831129 0.368269
vt 0.845725 0.335131
vt 0.838206 0.333387
vt 0.281620 0.182647
vt 0.272672 0.183900
vt 0.271688 0.196146
vt 0.273493 0.354761
vt 0.834393 0.355641
vt 0.842770 0.300973
vt 0.852953 0.282382
vt 0.237902 0.182612
vt 0.240294 0.168017
vt 0.232123 0.168892
vt 0.258684 0.349599
vt 0.260183 0.353042
vt 0.269211 0.349558
vt 0.014249 0.804405
vt 0.011927 0.800772
vt 0.007191 0.809426
vt 0.848215 0.086545
vt 0.843515 0.053582
vt 0.576700 0.583345
vt 0.593402 0.590829
vt 0.825788 0.424390
vt 0.880554 0.713937
vt 0.841844 0.321043
vt 0.281348 0.149096
vt 0.273956 0.152983
vt 0.281035 0.170003
vt 0.273149 0.168653
vt 0.264949 0.165941
vt 0.262674 0.181563
vt 0.027649 0.800293
vt 0.019985 0.798888
vt 0.849613 0.090816
vt 0.162747 0.987756
vt 0.870937 0.005882
vt 0.835057 0.437901
vt 0.830589 0.431724
vt 0.844142 0.423255
vt 0.903781 0.526211
vt 0.915120 0.536309
vt 0.898731 0.533089
vt 0.816537 0.388485
vt 0.830269 0.321466
vt 0.843898 0.063847
vt 0.274178 0.139966
vt 0.160921 0.969251
vt 0.818499 0.343360
vt 0.170690 0.950996
vt 0.168895 0.964074
vt 0.808719 0.423294
vt 0.890355 0.729918
vt 0.813463 0.356160
vt 0.815562 0.335421
vt 0.831438 0.304942
vt 0.824214 0.033354
vt 0.807608 0.400392
vt 0.814537 0.082172
vt 0.812985 0.075443
vt 0.828082 0.003292
vt 0.809472 0.437158
vt 0.803650 0.413246
vt 0.811255 0.371325
vt 0.799694 0.390324
vt 0.818369 0.320146
vt 0.808282 0.322474
vt 0.811488 0.309278
vt 0.808704 0.068580
vt 0.808634 0.027125
vt 0.191891 0.989855
vt 0.152665 0.996026
vt 0.804006 0.344813
vt 0.187260 0.146678
vt 0.185299 0.160235
vt 0.170240 0.151877
vt 0.805031 0.051569
vt 0.802803 0.332108
vt 0.199209 0.145821
vt 0.196778 0.161273
vt 0.805653 0.063172
vt 0.184661 0.997114
vt 0.880184 0.520816
vt 0.871511 0.524108
vt 0.855817 0.513706
vt 0.862407 0.507737
vt 0.789911 0.412044
vt 0.796533 0.372603
vt 0.175642 0.170244
vt 0.801844 0.087567
vt 0.788287 0.014122
vt 0.806315 0.454970
vt 0.788408 0.461470
vt 0.816835 0.448838
vt 0.790945 0.388152
vt 0.795223 0.359180
vt 0.027960 0.788122
vt 0.017954 0.752755
vt 0.016185 0.788610
vt 0.829969 0.930814
vt 0.826917 0.920446
vt 0.876835 0.921173
vt 0.212995 0.948677
vt 0.791565 0.452085
vt 0.787065 0.444332
vt 0.777218 0.425483
vt 0.787575 0.371508
vt 0.787611 0.354911
vt 0.788124 0.342080
vt 0.195286 0.175124
vt 0.184196 0.171416
vt 0.211059 0.981067
vt 0.773906 0.439335
vt 0.167296 0.185669
vt 0.167697 0.164448
vt 0.209079 0.967931
vt 0.777663 0.407997
vt 0.774521 0.335579
vt 0.787358 0.326812
vt 0.013264 0.740486
vt 0.006877 0.748331
vt 0.006835 0.790092
vt 0.782802 0.001487
vt 0.216371 0.957541
vt 0.772353 0.388087
vt 0.775637 0.369081
vt 0.184124 0.189380
vt 0.770221 0.031133
vt 0.762210 0.424667
vt 0.773310 0.349611
vt 0.195476 0.190646
vt 0.783951 0.081809
vt 0.780044 0.040997
vt 0.769223 0.467104
vt 0.773472 0.460481
vt 0.757647 0.406956
vt 0.174628 0.197836
vt 0.166704 0.208279
vt 0.229359 0.949837
vt 0.215797 0.963833
vt 0.767054 0.453999
vt 0.767225 0.366701
vt 0.763969 0.361729
vt 0.184094 0.204700
vt 0.775958 0.069259
vt 0.757227 0.344619
vt 0.196079 0.210077
vt 0.760079 0.076234
vt 0.758874 0.381852
vt 0.770411 0.050206
vt 0.749489 0.438121
vt 0.749647 0.421402
vt 0.744587 0.397510
vt 0.752700 0.360039
vt 0.755122 0.353485
vt 0.174486 0.215659
vt 0.775003 0.086617
vt 0.726235 0.022476
vt 0.744265 0.451560
vt 0.184241 0.216929
vt 0.244507 0.988744
vt 0.233910 0.997963
vt 0.753999 0.467816
vt 0.749862 0.459428
vt 0.742786 0.063065
vt 0.733462 0.380475
vt 0.197086 0.231290
vt 0.738404 0.040171
vt 0.752110 0.013912
vt 0.740267 0.433656
vt 0.174725 0.234329
vt 0.166729 0.237714
vt 0.737127 0.352500
vt 0.185341 0.233338
vt 0.244573 0.982062
vt 0.754970 0.085386
vt 0.749361 0.082006
vt 0.731871 0.472881
vt 0.728592 0.465479
vt 0.804690 0.482115
vt 0.817972 0.496456
vt 0.800193 0.490882
vt 0.730426 0.450404
vt 0.734648 0.412515
vt 0.728634 0.391599
vt 0.725423 0.365717
vt 0.739232 0.004005
vt 0.714371 0.446416
vt 0.721071 0.419695
vt 0.778283 0.929002
vt 0.757129 0.918321
vt 0.719686 0.031234
vt 0.719390 0.438685
vt 0.720839 0.430052
vt 0.712243 0.405152
vt 0.707060 0.049650
vt 0.277834 0.967405
vt 0.721037 0.372527
vt 0.714721 0.457983
vt 0.185841 0.252535
vt 0.175021 0.250598
vt 0.265684 0.957238
vt 0.713706 0.387010
vt 0.719953 0.358616
vt 0.197538 0.249184
vt 0.688690 0.410244
vt 0.169228 0.267704
vt 0.710107 0.071777
vt 0.288675 0.985006
vt 0.280541 0.993953
vt 0.253915 0.943805
vt 0.709864 0.470933
vt 0.704168 0.364950
vt 0.014038 0.678775
vt 0.007465 0.677315
vt 0.006824 0.707608
vt 0.720005 0.084701
vt 0.709887 0.080950
vt 0.686704 0.007337
vt 0.283573 0.975147
vt 0.294079 0.955654
vt 0.703238 0.396861
vt 0.703429 0.382278
vt 0.706295 0.375476
vt 0.178310 0.268270
vt 0.200487 0.265835
vt 0.693236 0.015042
vt 0.187063 0.264841
vt 0.701681 0.037189
vt 0.692463 0.460907
vt 0.694595 0.441465
vt 0.697289 0.430974
vt 0.693753 0.391806
vt 0.900506 0.450712
vt 0.895842 0.470541
vt 0.892175 0.452590
vt 0.693350 0.372781
vt 0.188525 0.279994
vt 0.307760 0.947309
vt 0.307553 0.963144
vt 0.689474 0.468894
vt 0.691066 0.476225
vt 0.687441 0.421150
vt 0.214029 0.928127
vt 0.188066 0.931138
vt 0.220655 0.935786
vt 0.682742 0.063407
vt 0.674175 0.449205
vt 0.179679 0.288864
vt 0.171714 0.291393
vt 0.683034 0.378961
vt 0.201547 0.280721
vt 0.692105 0.000410
vt 0.298601 0.944912
vt 0.688643 0.367421
vt 0.678319 0.400548
vt 0.670451 0.370063
vt 0.192945 0.902385
vt 0.183022 0.915208
vt 0.195189 0.914108
vt 0.015848 0.610700
vt 0.007653 0.619355
vt 0.670419 0.395540
vt 0.675530 0.388197
vt 0.190048 0.290621
vt 0.173153 0.903795
vt 0.653191 0.083501
vt 0.664739 0.071679
vt 0.671866 0.476013
vt 0.664984 0.441167
vt 0.667782 0.079726
vt 0.659534 0.048893
vt 0.669995 0.468026
vt 0.669908 0.459722
vt 0.168881 0.915239
vt 0.166442 0.924664
vt 0.187908 0.923816
vt 0.667119 0.380891
vt 0.666470 0.032432
vt 0.168893 0.932274
vt 0.627469 0.429940
vt 0.644184 0.410439
vt 0.636915 0.024841
vt 0.729424 0.931921
vt 0.683203 0.929267
vt 0.702878 0.923168
vt 0.313804 0.986384
vt 0.656842 0.001485
vt 0.640878 0.400806
vt 0.656237 0.015291
vt 0.335045 0.954708
vt 0.634078 0.420567
vt 0.644605 0.388590
vt 0.168000 0.893822
vt 0.142946 0.903500
vt 0.638150 0.011023
vt 0.321582 0.968044
vt 0.649715 0.467765
vt 0.639843 0.460568
vt 0.647235 0.455461
vt 0.642591 0.382262
vt 0.638032 0.396455
vt 0.140445 0.916446
vt 0.141177 0.894192
vt 0.637719 0.447239
vt 0.627697 0.439667
vt 0.139866 0.932773
vt 0.344815 0.977305
vt 0.332005 0.942642
vt 0.137102 0.925010
vt 0.360853 0.967303
vt 0.354175 0.947403
vt 0.028876 0.650688
vt 0.030185 0.593044
vt 0.018724 0.611635
vt 0.623049 0.388752
vt 0.625336 0.382059
vt 0.127805 0.916445
vt 0.127097 0.903613
vt 0.634433 0.077725
vt 0.632989 0.064086
vt 0.603291 0.016277
vt 0.618885 0.463909
vt 0.621158 0.395404
vt 0.118342 0.933279
vt 0.122146 0.893819
vt 0.603111 0.408948
vt 0.374521 0.982644
vt 0.399823 0.942354
vt 0.598137 0.449197
vt 0.601907 0.418155
vt 0.609561 0.397766
vt 0.111087 0.926625
vt 0.112740 0.903081
vt 0.114454 0.915839
vt 0.609544 0.032005
vt 0.598857 0.443026
vt 0.613829 0.082747
vt 0.569987 0.003647
vt 0.399824 0.953012
vt 0.394134 0.955175
vt 0.377202 0.967270
vt 0.612630 0.048092
vt 0.600151 0.384453
vt 0.600590 0.378977
vt 0.414954 0.939581
vt 0.586221 0.453646
vt 0.096944 0.931672
vt 0.094854 0.893033
vt 0.093152 0.902153
vt 0.096559 0.911368
vt 0.594204 0.392102
vt 0.093514 0.917444
vt 0.588069 0.056947
vt 0.593909 0.459596
vt 0.588645 0.434125
vt 0.567030 0.423303
vt 0.574225 0.398383
vt 0.588258 0.078014
vt 0.578450 0.462451
vt 0.574466 0.011367
vt 0.407036 0.982932
vt 0.590358 0.065101
vt 0.586269 0.387363
vt 0.587201 0.377108
vt 0.486549 0.476518
vt 0.472302 0.476639
vt 0.484999 0.466489
vt 0.473585 0.458160
vt 0.489081 0.457858
vt 0.418235 0.977503
vt 0.071708 0.925986
vt 0.071674 0.935509
vt 0.080644 0.909566
vt 0.568813 0.403325
vt 0.461054 0.464488
vt 0.571449 0.082475
vt 0.555505 0.032556
vt 0.437741 0.947034
vt 0.561847 0.441001
vt 0.569643 0.386443
vt 0.067031 0.915004
vt 0.460993 0.451438
vt 0.486991 0.451975
vt 0.567312 0.455198
vt 0.576654 0.375162
vt 0.443402 0.967134
vt 0.558610 0.414628
vt 0.461084 0.476518
vt 0.016672 0.546474
vt 0.007572 0.548558
vt 0.007703 0.585235
vt 0.517352 0.048078
vt 0.553097 0.428418
vt 0.545790 0.407291
vt 0.552661 0.447081
vt 0.550923 0.397570
vt 0.442272 0.474127
vt 0.048489 0.926612
vt 0.037762 0.933836
vt 0.444042 0.450467
vt 0.468124 0.441393
vt 0.443496 0.463305
vt 0.023494 0.573671
vt 0.018353 0.572329
vt 0.558408 0.374711
vt 0.050249 0.913741
vt 0.559954 0.368735
vt 0.515921 0.065335
vt 0.449950 0.990059
vt 0.370142 0.989000
vt 0.554325 0.380974
vt 0.480587 0.245452
vt 0.481774 0.241079
vt 0.476093 0.251680
vt 0.515695 0.017758
vt 0.530394 0.011872
vt 0.538489 0.386982
vt 0.540650 0.379329
vt 0.541210 0.375208
vt 0.545871 0.364331
vt 0.426668 0.474334
vt 0.425050 0.448992
vt 0.524164 0.413193
vt 0.504091 0.248433
vt 0.480170 0.263525
vt 0.498726 0.258664
vt 0.424106 0.462303
vt 0.010705 0.503774
vt 0.608403 0.928479
vt 0.553838 0.927367
vt 0.575814 0.918549
vt 0.454315 0.982597
vt 0.526026 0.431076
vt 0.538599 0.395507
vt 0.529377 0.361240
vt 0.514249 0.056498
vt 0.409453 0.472489
vt 0.409070 0.461734
vt 0.540411 0.449169
vt 0.520587 0.438017
vt 0.531494 0.357008
vt 0.504506 0.953971
vt 0.526191 0.370227
vt 0.513806 0.255905
vt 0.512239 0.418020
vt 0.516601 0.404171
vt 0.504374 0.392217
vt 0.515502 0.033405
vt 0.513082 0.384268
vt 0.505615 0.373696
vt 0.528786 0.253833
vt 0.386021 0.460054
vt 0.022520 0.481564
vt 0.462754 0.084492
vt 0.488848 0.077322
vt 0.508497 0.444874
vt 0.512083 0.440862
vt 0.508820 0.423390
vt 0.515687 0.364225
vt 0.525144 0.243421
vt 0.511353 0.348326
vt 0.385993 0.473154
vt 0.395141 0.447729
vt 0.409949 0.448352
vt 0.489042 0.967332
vt 0.498919 0.402931
vt 0.504619 0.360150
vt 0.516814 0.947192
vt 0.494725 0.352895
vt 0.547219 0.251817
vt 0.539716 0.243271
vt 0.377028 0.446745
vt 0.477622 0.013676
vt 0.524410 0.938373
vt 0.493668 0.427409
vt 0.512006 0.238848
vt 0.537574 0.235426
vt 0.367509 0.458576
vt 0.513495 0.980502
vt 0.484228 0.366838
vt 0.369492 0.471706
vt 0.456034 0.005507
vt 0.485355 0.382879
vt 0.498693 0.339834
vt 0.466957 0.033773
vt 0.489754 0.436758
vt 0.482339 0.412047
vt 0.482104 0.403731
vt 0.486466 0.354066
vt 0.357588 0.447238
vt 0.487709 0.332169
vt 0.351816 0.444631
vt 0.449992 0.017191
vt 0.481088 0.344064
vt 0.349604 0.457158
vt 0.477544 0.390486
vt 0.561562 0.243645
vt 0.563646 0.234692
vt 0.354856 0.470898
vt 0.509042 0.984026
vt 0.476253 0.421466
vt 0.474063 0.414568
vt 0.473344 0.349220
vt 0.574584 0.222276
vt 0.573059 0.249528
vt 0.588777 0.243282
vt 0.469265 0.367036
vt 0.472469 0.336056
vt 0.468418 0.360257
vt 0.471673 0.339534
vt 0.478100 0.324634
vt 0.341378 0.470591
vt 0.440989 0.077476
vt 0.448138 0.066551
vt 0.444211 0.057873
vt 0.454061 0.049041
vt 0.461041 0.369004
vt 0.596839 0.249225
vt 0.323343 0.470068
vt 0.318550 0.456738
vt 0.464390 0.415124
vt 0.463458 0.399474
vt 0.462137 0.388692
vt 0.461380 0.350414
vt 0.606717 0.260910
vt 0.564212 0.966866
vt 0.567179 0.980345
vt 0.452965 0.336176
vt 0.447639 0.397326
vt 0.453874 0.375050
vt 0.453125 0.358090
vt 0.448006 0.319704
vt 0.451785 0.315151
vt 0.466248 0.437645
vt 0.456801 0.432520
vt 0.470777 0.429312
vt 0.613110 0.233334
vt 0.586183 0.228227
vt 0.466043 0.313486
vt 0.615002 0.249662
vt 0.301084 0.466640
vt 0.559225 0.984651
vt 0.444149 0.386438
vt 0.443409 0.341880
vt 0.444336 0.294184
vt 0.291432 0.469592
vt 0.442169 0.401725
vt 0.441398 0.365792
vt 0.438531 0.349398
vt 0.436656 0.330662
vt 0.623353 0.238877
vt 0.282154 0.455753
vt 0.440850 0.322937
vt 0.439618 0.304166
vt 0.636274 0.250469
vt 0.401299 0.035304
vt 0.436196 0.390085
vt 0.643700 0.262275
vt 0.270464 0.460339
vt 0.401524 0.014460
vt 0.433099 0.395752
vt 0.433681 0.384662
vt 0.424199 0.353480
vt 0.417363 0.332977
vt 0.421394 0.304861
vt 0.421154 0.295382
vt 0.642356 0.231750
vt 0.661462 0.237752
vt 0.426818 0.280131
vt 0.262896 0.454902
vt 0.407701 0.049161
vt 0.437607 0.410040
vt 0.427535 0.404312
vt 0.427783 0.293398
vt 0.663267 0.262417
vt 0.421248 0.392654
vt 0.420818 0.318261
vt 0.266899 0.469608
vt 0.416922 0.085045
vt 0.570945 0.937851
vt 0.556997 0.945912
vt 0.583762 0.954219
vt 0.417335 0.344754
vt 0.415358 0.381886
vt 0.409921 0.374136
vt 0.396710 0.364293
vt 0.414166 0.269541
vt 0.248867 0.468768
vt 0.244886 0.460815
vt 0.241156 0.454560
vt 0.386901 0.067802
vt 0.359594 0.010916
vt 0.617684 0.936293
vt 0.391679 0.357417
vt 0.397710 0.303680
vt 0.398549 0.269310
vt 0.660947 0.249775
vt 0.684724 0.249144
vt 0.607181 0.966749
vt 0.404754 0.392512
vt 0.693035 0.255234
vt 0.685363 0.262163
vt 0.360840 0.018272
vt 0.399423 0.288835
vt 0.684973 0.238136
vt 0.399614 0.263504
vt 0.396168 0.383134
vt 0.386618 0.327966
vt 0.393887 0.275870
vt 0.401436 0.258450
vt 0.230218 0.467762
vt 0.226924 0.454061
vt 0.699805 0.262399
vt 0.377257 0.059112
vt 0.620814 0.953142
vt 0.391551 0.375644
vt 0.378518 0.345892
vt 0.388485 0.312548
vt 0.703610 0.248499
vt 0.386908 0.077524
vt 0.614479 0.944224
vt 0.704754 0.256525
vt 0.714332 0.263525
vt 0.386439 0.085932
vt 0.620203 0.980462
vt 0.393294 0.250955
vt 0.706277 0.237669
vt 0.217925 0.467543
vt 0.374379 0.275985
vt 0.383256 0.256827
vt 0.716187 0.253212
vt 0.682498 0.321721
vt 0.672383 0.321050
vt 0.688353 0.307345
vt 0.674184 0.308730
vt 0.033813 0.393285
vt 0.033161 0.389280
vt 0.023902 0.390589
vt 0.361806 0.052172
vt 0.393093 0.392864
vt 0.382793 0.387356
vt 0.377934 0.369576
vt 0.718010 0.249576
vt 0.664866 0.312399
vt 0.659375 0.306465
vt 0.674465 0.296578
vt 0.046585 0.386480
vt 0.047822 0.389705
vt 0.356294 0.036556
vt 0.640143 0.983469
vt 0.383334 0.396967
vt 0.393049 0.404692
vt 0.386871 0.405189
vt 0.376708 0.383120
vt 0.375422 0.361738
vt 0.368712 0.315346
vt 0.374516 0.296068
vt 0.379313 0.243201
vt 0.722234 0.240512
vt 0.389142 0.243123
vt 0.662601 0.320712
vt 0.663917 0.293557
vt 0.673862 0.292268
vt 0.651581 0.320920
vt 0.641580 0.312917
vt 0.647451 0.292301
vt 0.638302 0.294637
vt 0.636574 0.305887
vt 0.609157 0.305577
vt 0.607149 0.313077
vt 0.564556 0.293191
vt 0.607569 0.292964
vt 0.563235 0.314285
vt 0.565419 0.305727
vt 0.515559 0.315090
vt 0.507111 0.306838
vt 0.514911 0.305669
vt 0.506413 0.294252
vt 0.020865 0.382421
vt 0.013559 0.389131
vt 0.059920 0.386099
vt 0.367861 0.298970
vt 0.371509 0.258132
vt 0.386960 0.234888
vt 0.674182 0.282345
vt 0.655113 0.279930
vt 0.385309 0.225316
vt 0.634468 0.321283
vt 0.635351 0.280096
vt 0.607052 0.321093
vt 0.564121 0.321601
vt 0.533145 0.305471
vt 0.529100 0.321147
vt 0.528560 0.292889
vt 0.558579 0.282782
vt 0.529875 0.313089
vt 0.513096 0.292895
vt 0.516377 0.321721
vt 0.509555 0.319744
vt 0.377856 0.094062
vt 0.388451 0.090839
vt 0.385983 0.099792
vt 0.373095 0.081529
vt 0.364772 0.072782
vt 0.368003 0.407016
vt 0.372103 0.243842
vt 0.374934 0.216521
vt 0.383673 0.210301
vt 0.383305 0.186017
vt 0.374535 0.186424
vt 0.373784 0.149625
vt 0.382380 0.147732
vt 0.381594 0.116261
vt 0.372288 0.118968
vt 0.381642 0.104778
vt 0.521826 0.284115
vt 0.509733 0.279538
vt 0.372615 0.102191
vt 0.363967 0.398887
vt 0.362447 0.345311
vt 0.355216 0.330599
vt 0.710235 0.230680
vt 0.724813 0.233538
vt 0.675888 0.275268
vt 0.370211 0.215903
vt 0.364212 0.187124
vt 0.563956 0.279242
vt 0.607125 0.280245
vt 0.521003 0.279667
vt 0.367378 0.094327
vt 0.357124 0.395501
vt 0.355049 0.387057
vt 0.363244 0.270109
vt 0.362452 0.245770
vt 0.364952 0.174921
vt 0.363552 0.148469
vt 0.362011 0.106012
vt 0.350635 0.070622
vt 0.364293 0.416437
vt 0.371749 0.413253
vt 0.372483 0.424235
vt 0.354262 0.409655
vt 0.362803 0.215063
vt 0.637312 0.267845
vt 0.673024 0.269244
vt 0.549902 0.266803
vt 0.358454 0.088673
vt 0.748897 0.110024
vt 0.759318 0.112873
vt 0.748774 0.121851
vt 0.769974 0.137630
vt 0.769194 0.146059
vt 0.747942 0.138837
vt 0.347867 0.360206
vt 0.352851 0.315485
vt 0.350664 0.295555
vt 0.346943 0.185872
vt 0.356060 0.149076
vt 0.405719 0.844758
vt 0.390990 0.855623
vt 0.387924 0.844277
vt 0.632887 0.945619
vt 0.645837 0.966931
vt 0.356778 0.422931
vt 0.363404 0.429055
vt 0.351173 0.418274
vt 0.346615 0.376406
vt 0.352715 0.265685
vt 0.351037 0.247520
vt 0.350376 0.234457
vt 0.305833 0.053378
vt 0.342910 0.409238
vt 0.345802 0.279732
vt 0.399143 0.690046
vt 0.400971 0.721959
vt 0.390096 0.688789
vt 0.345084 0.158252
vt 0.354209 0.109821
vt 0.344755 0.341138
vt 0.343791 0.110467
vt 0.343370 0.086149
vt 0.658126 0.937604
vt 0.337741 0.418986
vt 0.289899 0.020355
vt 0.673317 0.978373
vt 0.737149 0.118801
vt 0.721506 0.114718
vt 0.344752 0.427638
vt 0.337710 0.425861
vt 0.337566 0.404264
vt 0.332801 0.396163
vt 0.334574 0.327796
vt 0.339466 0.289945
vt 0.340165 0.246204
vt 0.337979 0.231912
vt 0.305807 0.022676
vt 0.334733 0.346948
vt 0.331457 0.309922
vt 0.331250 0.186656
vt 0.329397 0.141182
vt 0.325986 0.071065
vt 0.332666 0.384061
vt 0.332806 0.370863
vt 0.326231 0.151890
vt 0.326611 0.108860
vt 0.325159 0.088377
vt 0.326739 0.292062
vt 0.324379 0.263421
vt 0.326915 0.254180
vt 0.376805 0.688529
vt 0.369770 0.688314
vt 0.377091 0.680622
vt 0.331006 0.238448
vt 0.331953 0.213434
vt 0.324195 0.319705
vt 0.326363 0.211923
vt 0.670839 0.954024
vt 0.709055 0.122224
vt 0.705028 0.111332
vt 0.315432 0.418716
vt 0.317695 0.409947
vt 0.317602 0.389096
vt 0.321645 0.369187
vt 0.322542 0.345052
vt 0.627283 0.155032
vt 0.607103 0.162199
vt 0.609280 0.153689
vt 0.579573 0.157137
vt 0.321515 0.189466
vt 0.317125 0.084091
vt 0.292759 0.036697
vt 0.292746 0.016022
vt 0.682520 0.935749
vt 0.323299 0.429276
vt 0.319478 0.280692
vt 0.638097 0.155610
vt 0.555781 0.166161
vt 0.554201 0.160688
vt 0.314674 0.147770
vt 0.313532 0.110286
vt 0.310989 0.100723
vt 0.306976 0.401106
vt 0.311688 0.321282
vt 0.313581 0.311431
vt 0.658026 0.157662
vt 0.645970 0.166800
vt 0.633570 0.166664
vt 0.607154 0.166711
vt 0.526534 0.168920
vt 0.507738 0.166378
vt 0.305735 0.067561
vt 0.697858 0.945978
vt 0.683928 0.966045
vt 0.310166 0.431363
vt 0.300433 0.393872
vt 0.305351 0.342218
vt 0.606235 0.180292
vt 0.590378 0.181794
vt 0.588671 0.169497
vt 0.505547 0.171606
vt 0.465892 0.168025
vt 0.477533 0.173519
vt 0.465701 0.177272
vt 0.455115 0.169674
vt 0.309229 0.083414
vt 0.306787 0.370541
vt 0.359929 0.622197
vt 0.350426 0.620485
vt 0.357009 0.606212
vt 0.693438 0.159194
vt 0.669010 0.163167
vt 0.669836 0.168446
vt 0.301653 0.089057
vt 0.689614 0.981134
vt 0.312021 0.437935
vt 0.296549 0.420703
vt 0.302182 0.359982
vt 0.692463 0.170694
vt 0.641762 0.172352
vt 0.671371 0.183444
vt 0.640590 0.181791
vt 0.555091 0.176180
vt 0.556246 0.185840
vt 0.528449 0.187658
vt 0.527731 0.179954
vt 0.506273 0.178384
vt 0.492979 0.182559
vt 0.477140 0.178097
vt 0.452789 0.179705
vt 0.299871 0.099832
vt 0.293444 0.069177
vt 0.294643 0.429746
vt 0.298526 0.378662
vt 0.342110 0.591855
vt 0.350289 0.590981
vt 0.729751 0.160451
vt 0.710414 0.171476
vt 0.704860 0.159208
vt 0.694002 0.183766
vt 0.666329 0.171447
vt 0.759972 0.703951
vt 0.750435 0.714896
vt 0.746154 0.700931
vt 0.459815 0.184125
vt 0.292315 0.413496
vt 0.293856 0.358701
vt 0.732233 0.167395
vt 0.341773 0.623311
vt 0.338626 0.608059
vt 0.471623 0.184899
vt 0.289521 0.074045
vt 0.299731 0.440603
vt 0.293266 0.435996
vt 0.290637 0.371155
vt 0.751285 0.165932
vt 0.711574 0.185216
vt 0.448446 0.190574
vt 0.439035 0.188605
vt 0.288004 0.088970
vt 0.280374 0.387878
vt 0.747861 0.171900
vt 0.743985 0.178171
vt 0.730759 0.175161
vt 0.299476 0.104096
vt 0.286940 0.104170
vt 0.288238 0.097666
vt 0.268874 0.058136
vt 0.266395 0.047538
vt 0.278282 0.029255
vt 0.699797 0.954472
vt 0.270779 0.096289
vt 0.274189 0.086538
vt 0.684051 0.989619
vt 0.716319 0.983094
vt 0.716195 0.989966
vt 0.717174 0.933933
vt 0.706621 0.966922
vt 0.667239 0.116674
vt 0.684869 0.123664
vt 0.667358 0.123254
vt 0.273551 0.427081
vt 0.333979 0.570659
vt 0.323284 0.563516
vt 0.332567 0.556055
vt 0.282054 0.369156
vt 0.756380 0.181574
vt 0.668998 0.719836
vt 0.677210 0.706514
vt 0.681761 0.718126
vt 0.272846 0.074959
vt 0.267756 0.067870
vt 0.263975 0.037264
vt 0.257120 0.019147
vt 0.268423 0.435166
vt 0.275015 0.420915
vt 0.767118 0.172214
vt 0.333405 0.579832
vt 0.323092 0.579602
vt 0.321758 0.571262
vt 0.670138 0.706464
vt 0.679483 0.693157
vt 0.670511 0.692213
vt 0.007482 0.280257
vt 0.014406 0.273134
vt 0.003145 0.268777
vt 0.709121 0.978894
vt 0.274463 0.379605
vt 0.663966 0.706582
vt 0.845769 0.720082
vt 0.846679 0.721275
vt 0.845769 0.730738
vt 0.246427 0.030878
vt 0.721724 0.945749
vt 0.257937 0.407201
vt 0.262726 0.396832
vt 0.265775 0.376025
vt 0.782075 0.182764
vt 0.766708 0.180780
vt 0.661261 0.692309
vt 0.013696 0.261850
vt 0.256495 0.079889
vt 0.263618 0.069408
vt 0.770169 0.190411
vt 0.651956 0.720082
vt 0.246081 0.089362
vt 0.262643 0.057118
vt 0.268593 0.056838
vt 0.719206 0.954788
vt 0.256443 0.383581
vt 0.311645 0.567315
vt 0.312362 0.559354
vt 0.317164 0.575453
vt 0.310572 0.572585
vt 0.654333 0.706936
vt 0.652035 0.692488
vt 0.719699 0.967718
vt 0.232620 0.411284
vt 0.220083 0.074275
vt 0.251499 0.387233
vt 0.300827 0.559283
vt 0.958363 0.174068
vt 0.966706 0.178420
vt 0.973391 0.169979
vt 0.961027 0.163525
vt 0.976831 0.178719
vt 0.985896 0.175996
vt 0.429936 0.734016
vt 0.441736 0.720165
vt 0.429974 0.719262
vt 0.235512 0.103109
vt 0.237466 0.058790
vt 0.742100 0.942822
vt 0.267873 0.452568
vt 0.242329 0.451772
vt 0.267129 0.442821
vt 0.248752 0.434883
vt 0.246649 0.425818
vt 0.300417 0.566266
vt 0.301688 0.572573
vt 0.227484 0.096995
vt 0.213076 0.023942
vt 0.739354 0.954425
vt 0.247086 0.419320
vt 0.247898 0.374521
vt 0.953086 0.178578
vt 0.979791 0.185051
vt 0.442675 0.734016
vt 0.202092 0.051329
vt 0.755001 0.981451
vt 0.729318 0.965828
vt 0.742693 0.975983
vt 0.753847 0.933197
vt 0.752340 0.946605
vt 0.238438 0.394572
vt 0.289624 0.574856
vt 0.287424 0.568181
vt 0.962053 0.190072
vt 0.292159 0.585815
vt 0.303244 0.583672
vt 0.219111 0.018990
vt 0.235634 0.380464
vt 0.287369 0.559835
vt 0.974401 0.196160
vt 0.207355 0.042049
vt 0.748769 0.963048
vt 0.202399 0.083070
vt 0.750744 0.950336
vt 0.229562 0.433815
vt 0.948010 0.190297
vt 0.791930 0.986906
vt 0.766416 0.954770
vt 0.220140 0.417887
vt 0.234995 0.371091
vt 0.282399 0.577182
vt 0.211442 0.033057
vt 0.210598 0.010888
vt 0.231455 0.009320
vt 0.214222 0.398735
vt 0.211787 0.381817
vt 0.268254 0.566044
vt 0.955400 0.207333
vt 0.968157 0.212870
vt 0.276506 0.591281
vt 0.189186 0.092064
vt 0.208872 0.058963
vt 0.221084 0.005089
vt 0.780650 0.949022
vt 0.222914 0.373465
vt 0.272860 0.580073
vt 0.266808 0.573394
vt 0.186124 0.103669
vt 0.774553 0.962646
vt 0.226663 0.441363
vt 0.214676 0.431158
vt 0.223418 0.366446
vt 0.944019 0.201560
vt 0.941198 0.213024
vt 0.260948 0.585674
vt 0.195413 0.035018
vt 0.786111 0.951299
vt 0.197754 0.404783
vt 0.203441 0.370347
vt 0.262416 0.598389
vt 0.184905 0.005540
vt 0.787442 0.945155
vt 0.208264 0.439554
vt 0.204908 0.364100
vt 0.212692 0.360438
vt 0.946740 0.226761
vt 0.187788 0.059325
vt 0.180583 0.020719
vt 0.246968 0.574819
vt 0.949852 0.234071
vt 0.962253 0.228837
vt 0.174622 0.024177
vt 0.199222 0.427038
vt 0.248081 0.591187
vt 0.250170 0.597115
vt 0.174762 0.075511
vt 0.812180 0.954853
vt 0.805470 0.976497
vt 0.791240 0.953974
vt 0.183943 0.388787
vt 0.935595 0.230904
vt 0.241934 0.583704
vt 0.959464 0.238260
vt 0.254542 0.602546
vt 0.178546 0.046645
vt 0.192338 0.433964
vt 0.193638 0.413008
vt 0.195508 0.351252
vt 0.169364 0.089782
vt 0.181049 0.374981
vt 0.169615 0.037423
vt 0.209549 0.448630
vt 0.183986 0.435525
vt 0.174825 0.359822
vt 0.181825 0.358070
vt 0.180342 0.348881
vt 0.232312 0.582398
vt 0.940869 0.247973
vt 0.234571 0.599971
vt 0.945235 0.250942
vt 0.169728 0.059688
vt 0.155489 0.028002
vt 0.183466 0.423117
vt 0.229331 0.592291
vt 0.237257 0.606275
vt 0.955694 0.254974
vt 0.242064 0.611601
vt 0.166400 0.003714
vt 0.805560 0.947043
vt 0.815122 0.951194
vt 0.932402 0.245363
vt 0.158697 0.104133
vt 0.222217 0.891194
vt 0.181557 0.886541
vt 0.179702 0.879629
vt 0.168738 0.402004
vt 0.925442 0.241829
vt 0.954331 0.264709
vt 0.835875 0.959620
vt 0.941953 0.261326
vt 0.235663 0.617705
vt 0.224886 0.610805
vt 0.121501 0.047995
vt 0.821000 0.986143
vt 0.817154 0.994535
vt 0.776381 0.994167
vt 0.140310 0.012328
vt 0.144265 0.004698
vt 0.167591 0.413163
vt 0.165533 0.392183
vt 0.162636 0.374516
vt 0.217754 0.593603
vt 0.216767 0.604072
vt 0.928665 0.261944
vt 0.934025 0.265844
vt 0.145129 0.100147
vt 0.153783 0.089757
vt 0.151773 0.352361
vt 0.161980 0.341911
vt 0.942428 0.277420
vt 0.953336 0.278548
vt 0.227242 0.627124
vt 0.153787 0.076441
vt 0.130879 0.023286
vt 0.827348 0.947352
vt 0.171150 0.429231
vt 0.168261 0.418399
vt 0.921269 0.266443
vt 0.215217 0.619587
vt 0.123581 0.039496
vt 0.161177 0.331939
vt 0.929480 0.279806
vt 0.937421 0.280215
vt 0.204455 0.617869
vt 0.212152 0.630946
vt 0.943817 0.293040
vt 0.121450 0.059211
vt 0.125811 0.862427
vt 0.180104 0.870293
vt 0.207036 0.629795
vt 0.955399 0.302508
vt 0.213842 0.644282
vt 0.839577 0.953000
vt 0.168863 0.438753
vt 0.154538 0.433052
vt 0.157070 0.424043
vt 0.153204 0.410342
vt 0.148535 0.333277
vt 0.199823 0.613964
vt 0.208582 0.602398
vt 0.933664 0.293802
vt 0.945303 0.305450
vt 0.289809 0.799699
vt 0.281233 0.797992
vt 0.279092 0.811885
vt 0.136721 0.088658
vt 0.876774 0.988447
vt 0.131117 0.033610
vt 0.149623 0.402907
vt 0.919244 0.285661
vt 0.927817 0.293701
vt 0.191416 0.637536
vt 0.937633 0.310565
vt 0.271590 0.797939
vt 0.200636 0.640149
vt 0.957807 0.322760
vt 0.288675 0.779422
vt 0.125234 0.095291
vt 0.122375 0.077487
vt 0.146908 0.379036
vt 0.148709 0.316943
vt 0.191256 0.628591
vt 0.931166 0.307428
vt 0.947512 0.322184
vt 0.271250 0.778687
vt 0.193458 0.656908
vt 0.182677 0.666046
vt 0.959101 0.346504
vt 0.138311 0.107228
vt 0.129005 0.103699
vt 0.846542 0.948442
vt 0.145446 0.419242
vt 0.141010 0.385970
vt 0.138542 0.355490
vt 0.139978 0.318200
vt 0.922145 0.306724
vt 0.931616 0.318870
vt 0.936505 0.328038
vt 0.274152 0.757288
vt 0.950816 0.341439
vt 0.287782 0.756188
vt 0.123203 0.873657
vt 0.124823 0.006404
vt 0.141446 0.297326
vt 0.940880 0.336920
vt 0.949607 0.345852
vt 0.269373 0.757049
vt 0.184195 0.675337
vt 0.131752 0.122908
vt 0.127251 0.112396
vt 0.118034 0.087018
vt 0.096905 0.027427
vt 0.134771 0.392021
vt 0.126683 0.325200
vt 0.929008 0.322301
vt 0.175954 0.661853
vt 0.931734 0.334319
vt 0.178982 0.676239
vt 0.954783 0.359045
vt 0.277939 0.736649
vt 0.268881 0.738782
vt 0.179261 0.691634
vt 0.961618 0.367754
vt 0.288794 0.734781
vt 0.132558 0.410645
vt 0.137697 0.401932
vt 0.130053 0.392894
vt 0.134400 0.368527
vt 0.129317 0.320235
vt 0.130053 0.303452
vt 0.134637 0.295488
vt 0.141193 0.280966
vt 0.924720 0.339622
vt 0.917652 0.309746
vt 0.932556 0.344852
vt 0.944746 0.348502
vt 0.926706 0.354241
vt 0.170788 0.673096
vt 0.954123 0.379510
vt 0.966070 0.389469
vt 0.269744 0.721065
vt 0.962962 0.411301
vt 0.288866 0.712658
vt 0.288668 0.685278
vt 0.280570 0.693634
vt 0.971633 0.416351
vt 0.002672 0.136740
vt 0.004398 0.142527
vt 0.021410 0.134706
vt 0.122244 0.115117
vt 0.119822 0.106968
vt 0.103707 0.063427
vt 0.094026 0.017758
vt 0.872303 0.955753
vt 0.811192 0.622417
vt 0.795039 0.630594
vt 0.810112 0.632377
vt 0.128565 0.373457
vt 0.126682 0.266784
vt 0.132810 0.265581
vt 0.179713 0.640969
vt 0.941102 0.358207
vt 0.928887 0.365589
vt 0.932923 0.365424
vt 0.166747 0.687547
vt 0.944220 0.373004
vt 0.176677 0.708139
vt 0.167634 0.704421
vt 0.950741 0.395391
vt 0.269160 0.677961
vt 0.168840 0.748723
vt 0.971488 0.456113
vt 0.278750 0.652937
vt 0.978588 0.450797
vt 0.288495 0.650270
vt 0.269224 0.651895
vt 0.982770 0.472165
vt 0.278915 0.628242
vt 0.269438 0.628102
vt 0.289270 0.628563
vt 0.270294 0.617623
vt 0.971648 0.473348
vt 0.985896 0.482194
vt 0.974660 0.485837
vt 0.289809 0.618377
vt 0.117942 0.117881
vt 0.125811 0.125048
vt 0.033811 0.135112
vt 0.034347 0.131382
vt 0.113146 0.097997
vt 0.085858 0.042125
vt 0.835347 0.974438
vt 0.879125 0.982002
vt 0.876699 0.962267
vt 0.122873 0.353714
vt 0.124697 0.299741
vt 0.119965 0.249781
vt 0.920104 0.359058
vt 0.938628 0.365432
vt 0.934972 0.374122
vt 0.159814 0.721304
vt 0.943185 0.400363
vt 0.958005 0.436071
vt 0.157909 0.760144
vt 0.165538 0.773554
vt 0.967255 0.453988
vt 0.163492 0.796572
vt 0.150810 0.795970
vt 0.968373 0.488233
vt 0.164086 0.806901
vt 0.150556 0.806544
vt 0.112488 0.115151
vt 0.108507 0.090303
vt 0.121645 0.391956
vt 0.120595 0.378351
vt 0.121011 0.267711
vt 0.929543 0.372566
vt 0.934509 0.388830
vt 0.158013 0.702212
vt 0.153024 0.761111
vt 0.961654 0.463667
vt 0.960632 0.491333
vt 0.969321 0.506148
vt 0.098715 0.077669
vt 0.078958 0.056357
vt 0.082114 0.035699
vt 0.877215 0.969890
vt 0.091581 0.012875
vt 0.880079 0.949010
vt 0.877602 0.952348
vt 0.124435 0.403796
vt 0.119760 0.362286
vt 0.116186 0.337679
vt 0.117226 0.313048
vt 0.113466 0.301655
vt 0.926662 0.378628
vt 0.114419 0.230266
vt 0.113724 0.214292
vt 0.120166 0.234233
vt 0.932401 0.393490
vt 0.148521 0.728090
vt 0.940214 0.419902
vt 0.144170 0.763035
vt 0.954334 0.456770
vt 0.956168 0.477804
vt 0.114089 0.320772
vt 0.109951 0.276367
vt 0.108016 0.260827
vt 0.107753 0.249079
vt 0.111762 0.187178
vt 0.099004 0.146963
vt 0.112216 0.148296
vt 0.107411 0.127728
vt 0.108004 0.113794
vt 0.099349 0.102677
vt 0.115660 0.396454
vt 0.112093 0.374432
vt 0.111982 0.364429
vt 0.108260 0.340347
vt 0.107760 0.236597
vt 0.104888 0.219386
vt 0.101570 0.178425
vt 0.096218 0.119175
vt 0.083626 0.091321
vt 0.783987 0.629611
vt 0.775088 0.617510
vt 0.772118 0.628142
vt 0.083301 0.066710
vt 0.103782 0.341230
vt 0.103014 0.325830
vt 0.102472 0.306542
vt 0.098065 0.265798
vt 0.096405 0.250464
vt 0.095642 0.238943
vt 0.090808 0.196698
vt 0.089350 0.141185
vt 0.087219 0.108550
vt 0.101600 0.382044
vt 0.104454 0.374422
vt 0.104784 0.359199
vt 0.092234 0.223212
vt 0.074769 0.019025
vt 0.897816 0.948362
vt 0.109645 0.520082
vt 0.111930 0.513240
vt 0.131547 0.510673
vt 0.099275 0.344828
vt 0.096861 0.320828
vt 0.895274 0.970409
vt 0.894871 0.982017
vt 0.077786 0.027869
vt 0.897121 0.956679
vt 0.750289 0.625634
vt 0.723450 0.623479
vt 0.744015 0.631091
vt 0.128335 0.517595
vt 0.145617 0.516127
vt 0.088529 0.326608
vt 0.089716 0.304450
vt 0.086762 0.261439
vt 0.080155 0.211123
vt 0.077575 0.168391
vt 0.074627 0.140661
vt 0.903786 0.968689
vt 0.723801 0.632377
vt 0.146014 0.508260
vt 0.083187 0.228160
vt 0.072582 0.199267
vt 0.071619 0.113888
vt 0.105720 0.862709
vt 0.097315 0.846437
vt 0.121890 0.851633
vt 0.061424 0.043609
vt 0.146806 0.502444
vt 0.168234 0.510478
vt 0.084826 0.294310
vt 0.079081 0.273643
vt 0.076554 0.235319
vt 0.067849 0.093215
vt 0.065193 0.068740
vt 0.061859 0.058257
vt 0.060335 0.034142
vt 0.058467 0.024196
vt 0.071426 0.011098
vt 0.168887 0.503443
vt 0.080056 0.305381
vt 0.075548 0.252615
vt 0.073775 0.228610
vt 0.907452 0.983422
vt 0.060256 0.014184
vt 0.075339 0.291529
vt 0.193584 0.507369
vt 0.216177 0.502212
vt 0.070220 0.274735
vt 0.917365 0.974917
vt 0.921286 0.969901
vt 0.049746 0.017983
vt 0.166565 0.493699
vt 0.199413 0.489777
vt 0.201242 0.498041
vt 0.209926 0.506164
vt 0.229512 0.505378
vt 0.065666 0.257686
vt 0.064239 0.239489
vt 0.060620 0.222993
vt 0.056198 0.200812
vt 0.051364 0.177765
vt 0.049751 0.100928
vt 0.046387 0.093795
vt 0.050457 0.073916
vt 0.485637 0.520082
vt 0.481715 0.507578
vt 0.495450 0.517812
vt 0.685285 0.621505
vt 0.665699 0.620164
vt 0.651721 0.620594
vt 0.044919 0.043485
vt 0.044840 0.030707
vt 0.234268 0.494000
vt 0.243829 0.497291
vt 0.249092 0.504606
vt 0.269251 0.506361
vt 0.287830 0.505802
vt 0.047718 0.130938
vt 0.925000 0.978260
vt 0.925148 0.990304
vt 0.220327 0.487833
vt 0.287037 0.497327
vt 0.045044 0.061434
vt 0.465420 0.506830
vt 0.034821 0.023695
vt 0.919012 0.961410
vt 0.933636 0.967194
vt 0.257592 0.491308
vt 0.276071 0.494428
vt 0.312587 0.505033
vt 0.338224 0.503696
vt 0.040505 0.073699
vt 0.035069 0.041838
vt 0.039167 0.032897
vt 0.931807 0.974613
vt 0.336854 0.496521
vt 0.379106 0.498001
vt 0.389493 0.505435
vt 0.452135 0.503009
vt 0.464532 0.497624
vt 0.940779 0.981047
vt 0.933478 0.985079
vt 0.029872 0.038643
vt 0.252265 0.484178
vt 0.286612 0.491256
vt 0.428375 0.498496
vt 0.036426 0.095868
vt 0.452553 0.495110
vt 0.280388 0.482905
vt 0.312570 0.489109
vt 0.356015 0.488190
vt 0.354866 0.492543
vt 0.398520 0.491615
vt 0.433031 0.493096
vt 0.026535 0.053716
vt 0.454005 0.486031
vt 0.008998 0.055267
vt 0.018892 0.047092
vt 0.426667 0.487332
vt 0.432331 0.483528
vt 0.965746 0.895732
vt 0.967055 0.923534
vt 0.966670 0.762960
vt 0.961057 0.706918
vt 0.959562 0.771562
vt 0.952804 0.898524
vt 0.066950 0.995857
vt 0.958794 0.730096
vt 0.955277 0.830784
vt 0.694722 0.582570
vt 0.947812 0.722761
vt 0.949613 0.758650
vt 0.947782 0.794825
vt 0.941054 0.862903
vt 0.939398 0.893839
vt 0.946853 0.671610
vt 0.949898 0.695173
vt 0.938066 0.783077
vt 0.939247 0.757678
vt 0.935753 0.815133
vt 0.930798 0.859961
vt 0.928519 0.885610
vt 0.940680 0.618031
vt 0.939859 0.693325
vt 0.937043 0.722615
vt 0.934303 0.765559
vt 0.925723 0.898797
vt 0.937093 0.635900
vt 0.935574 0.660517
vt 0.925564 0.784242
vt 0.937280 0.588773
vt 0.929257 0.637634
vt 0.930070 0.665264
vt 0.925922 0.680541
vt 0.928111 0.743895
vt 0.921347 0.861534
vt 0.932016 0.602149
vt 0.928374 0.612563
vt 0.925472 0.699508
vt 0.931222 0.724767
vt 0.923527 0.811714
vt 0.916846 0.885100
vt 0.910858 0.758359
vt 0.910398 0.778176
vt 0.917706 0.610349
vt 0.917898 0.718029
vt 0.912315 0.743136
vt 0.912127 0.797980
vt 0.909676 0.855713
vt 0.906891 0.871953
vt 0.901823 0.878705
vt 0.894139 0.899614
vt 0.113397 0.998233
vt 0.919153 0.639219
vt 0.917034 0.677607
vt 0.911369 0.827557
vt 0.910435 0.584520
vt 0.907694 0.608682
vt 0.914679 0.651869
vt 0.912755 0.695052
vt 0.906162 0.725460
vt 0.898811 0.888220
vt 0.907255 0.681909
vt 0.903392 0.709411
vt 0.903627 0.807866
vt 0.898816 0.850014
vt 0.897767 0.869375
vt 0.913930 0.546925
vt 0.906383 0.552073
vt 0.902517 0.610896
vt 0.904315 0.651168
vt 0.898051 0.741868
vt 0.896503 0.761724
vt 0.895289 0.783939
vt 0.893389 0.864510
vt 0.593559 0.575820
vt 0.899725 0.582996
vt 0.903241 0.622464
vt 0.900541 0.693563
vt 0.899015 0.719666
vt 0.894582 0.805455
vt 0.893813 0.827076
vt 0.892223 0.881950
vt 0.895762 0.624693
vt 0.897530 0.657945
vt 0.891213 0.847626
vt 0.888015 0.871141
vt 0.885113 0.873635
vt 0.887152 0.659634
vt 0.894386 0.682653
vt 0.228844 0.180632
vt 0.234400 0.206273
vt 0.270579 0.229604
vt 0.236273 0.228408
vt 0.239476 0.210557
vt 0.246893 0.229107
vt 0.244561 0.244775
vt 0.269512 0.248025
vt 0.279014 0.246772
vt 0.236809 0.248292
vt 0.272403 0.268819
vt 0.278741 0.272340
vt 0.235733 0.270483
vt 0.243190 0.278089
vt 0.268887 0.274591
vt 0.234629 0.291940
vt 0.269095 0.310162
vt 0.277233 0.311103
vt 0.243114 0.318146
vt 0.233829 0.313355
vt 0.234117 0.333775
vt 0.268629 0.334831
vt 0.235850 0.350480
vt 0.227934 0.349710
vt 0.229478 0.357787
vt 0.884778 0.637416
vt 0.242206 0.184199
vt 0.245932 0.208572
vt 0.255555 0.192976
vt 0.255582 0.212491
vt 0.256905 0.228580
vt 0.256794 0.248529
vt 0.252032 0.266805
vt 0.257735 0.274821
vt 0.247572 0.273952
vt 0.250305 0.290847
vt 0.257148 0.308299
vt 0.246797 0.310164
vt 0.257315 0.335774
vt 0.244936 0.336515
vt 0.242407 0.350686
vt 0.241947 0.355429
vt 0.046935 0.801199
vt 0.058848 0.806513
vt 0.060859 0.803260
vt 0.876160 0.885624
vt 0.889703 0.564581
vt 0.883351 0.575034
vt 0.161097 0.137127
vt 0.165472 0.115164
vt 0.173985 0.120835
vt 0.237274 0.152914
vt 0.230636 0.145147
vt 0.251986 0.188876
vt 0.060562 0.795876
vt 0.864406 0.890427
vt 0.578237 0.590592
vt 0.885968 0.513626
vt 0.889317 0.536009
vt 0.889407 0.550574
vt 0.872496 0.580417
vt 0.886132 0.625454
vt 0.171649 0.139538
vt 0.254170 0.169128
vt 0.249585 0.166603
vt 0.037543 0.793932
vt 0.048624 0.792084
vt 0.876939 0.873944
vt 0.863782 0.931382
vt 0.883156 0.605352
vt 0.237564 0.141320
vt 0.259330 0.154859
vt 0.835072 0.911018
vt 0.868191 0.546556
vt 0.248370 0.142410
vt 0.554652 0.584104
vt 0.556672 0.591393
vt 0.815700 0.441764
vt 0.870764 0.621097
vt 0.176231 0.140620
vt 0.179619 0.126463
vt 0.259834 0.139947
vt 0.039123 0.777179
vt 0.057843 0.772585
vt 0.872497 0.537075
vt 0.866423 0.606276
vt 0.158591 0.157487
vt 0.259786 0.123897
vt 0.190780 0.127925
vt 0.061717 0.771627
vt 0.846884 0.884340
vt 0.865165 0.590545
vt 0.273801 0.120082
vt 0.201547 0.130733
vt 0.849551 0.875421
vt 0.541986 0.585224
vt 0.859911 0.530021
vt 0.856436 0.552118
vt 0.851196 0.604040
vt 0.156961 0.182434
vt 0.798941 0.319043
vt 0.813711 0.898510
vt 0.049416 0.740593
vt 0.527298 0.590159
vt 0.861544 0.496860
vt 0.848865 0.534606
vt 0.840719 0.556159
vt 0.844904 0.576021
vt 0.028190 0.742753
vt 0.795681 0.465166
vt 0.808502 0.892528
vt 0.835832 0.583393
vt 0.781747 0.471184
vt 0.847447 0.489554
vt 0.844744 0.499764
vt 0.833862 0.514615
vt 0.825511 0.534632
vt 0.786816 0.875494
vt 0.837007 0.504953
vt 0.825574 0.586946
vt 0.037817 0.725590
vt 0.049048 0.721461
vt 0.059798 0.720134
vt 0.790933 0.873232
vt 0.823447 0.519975
vt 0.810707 0.569901
vt 0.157050 0.211836
vt 0.777026 0.883793
vt 0.765541 0.473871
vt 0.827825 0.490831
vt 0.817008 0.525726
vt 0.814699 0.558385
vt 0.793289 0.910003
vt 0.764007 0.478212
vt 0.829164 0.481343
vt 0.016006 0.714127
vt 0.028798 0.712727
vt 0.007420 0.725020
vt 0.750862 0.481341
vt 0.748090 0.474435
vt 0.801044 0.573958
vt 0.805102 0.504018
vt 0.158326 0.237806
vt 0.753642 0.894343
vt 0.816729 0.475000
vt 0.784381 0.522539
vt 0.789811 0.532096
vt 0.782276 0.538707
vt 0.730415 0.484836
vt 0.898181 0.432817
vt 0.897750 0.411885
vt 0.903189 0.418983
vt 0.724651 0.908852
vt 0.789267 0.508479
vt 0.779070 0.551676
vt 0.056434 0.699197
vt 0.754429 0.814678
vt 0.774795 0.816430
vt 0.763489 0.823817
vt 0.159387 0.266144
vt 0.048025 0.682387
vt 0.756274 0.807272
vt 0.769159 0.509031
vt 0.774604 0.559358
vt 0.908553 0.437809
vt 0.771786 0.540796
vt 0.059583 0.678706
vt 0.062329 0.716568
vt 0.732392 0.925690
vt 0.768172 0.494975
vt 0.706193 0.871060
vt 0.040710 0.673231
vt 0.736567 0.816621
vt 0.736879 0.826024
vt 0.759157 0.832348
vt 0.777069 0.485418
vt 0.018301 0.670804
vt 0.903074 0.461682
vt 0.908553 0.456555
vt 0.734472 0.808168
vt 0.709321 0.882972
vt 0.736417 0.802132
vt 0.745070 0.500468
vt 0.055795 0.659211
vt 0.060286 0.645648
vt 0.714592 0.893528
vt 0.719588 0.822454
vt 0.727450 0.834836
vt 0.703940 0.914436
vt 0.745834 0.519864
vt 0.733093 0.527762
vt 0.739522 0.536431
vt 0.746969 0.548647
vt 0.191905 0.939206
vt 0.715720 0.804075
vt 0.716922 0.813912
vt 0.903828 0.480337
vt 0.711599 0.793561
vt 0.731794 0.505762
vt 0.043944 0.629882
vt 0.894369 0.488115
vt 0.049018 0.630086
vt 0.683722 0.816612
vt 0.684856 0.826793
vt 0.723716 0.491325
vt 0.699922 0.793197
vt 0.696625 0.801236
vt 0.689354 0.807608
vt 0.721759 0.544028
vt 0.165923 0.940146
vt 0.325053 0.994864
vt 0.655254 0.474691
vt 0.680068 0.484296
vt 0.647169 0.480525
vt 0.668671 0.484836
vt 0.684941 0.512893
vt 0.666861 0.880526
vt 0.669402 0.907341
vt 0.682007 0.490784
vt 0.678623 0.871500
vt 0.678262 0.787937
vt 0.660910 0.797025
vt 0.676878 0.501276
vt 0.691076 0.532029
vt 0.688200 0.541193
vt 0.659310 0.898993
vt 0.653570 0.920149
vt 0.131545 0.940574
vt 0.638594 0.471536
vt 0.644684 0.821022
vt 0.684410 0.523449
vt 0.058480 0.602724
vt 0.062329 0.621468
vt 0.629501 0.887161
vt 0.605621 0.469300
vt 0.622124 0.477427
vt 0.652397 0.785447
vt 0.622379 0.467628
vt 0.632237 0.809223
vt 0.046178 0.584321
vt 0.618808 0.802724
vt 0.627385 0.795149
vt 0.636137 0.933197
vt 0.592900 0.863011
vt 0.622824 0.817933
vt 0.642125 0.530982
vt 0.619914 0.875967
vt 0.618633 0.905711
vt 0.092140 0.940574
vt 0.059240 0.546016
vt 0.607830 0.919812
vt 0.597604 0.475140
vt 0.627177 0.784016
vt 0.659306 0.490955
vt 0.635730 0.508976
vt 0.649581 0.541753
vt 0.055872 0.568256
vt 0.649539 0.499574
vt 0.634917 0.519374
vt 0.584322 0.893010
vt 0.032915 0.558390
vt 0.573048 0.465618
vt 0.570652 0.471196
vt 0.568931 0.480972
vt 0.598468 0.792139
vt 0.595360 0.805532
vt 0.611519 0.495205
vt 0.576257 0.813864
vt 0.609868 0.532525
vt 0.612176 0.538427
vt 0.616958 0.546301
vt 0.458351 0.243238
vt 0.429936 0.255283
vt 0.450507 0.252113
vt 0.579121 0.904516
vt 0.620763 0.502712
vt 0.049870 0.533345
vt 0.580884 0.798564
vt 0.559591 0.881047
vt 0.553597 0.468320
vt 0.552732 0.477930
vt 0.597399 0.522147
vt 0.560720 0.871948
vt 0.554721 0.458905
vt 0.581654 0.790963
vt 0.579131 0.804424
vt 0.601809 0.507433
vt 0.397214 0.992250
vt 0.057865 0.493456
vt 0.553330 0.861459
vt 0.552636 0.802749
vt 0.582247 0.547249
vt 0.590218 0.553191
vt 0.483957 0.235044
vt 0.034164 0.497269
vt 0.530240 0.461188
vt 0.259116 0.637434
vt 0.248082 0.635656
vt 0.247574 0.657941
vt 0.556894 0.790449
vt 0.579230 0.530059
vt 0.047390 0.494680
vt 0.574049 0.503735
vt 0.533280 0.856877
vt 0.531129 0.452017
vt 0.538368 0.813647
vt 0.572455 0.543925
vt 0.259782 0.660300
vt 0.571374 0.520953
vt 0.494559 0.914349
vt 0.502708 0.911560
vt 0.531952 0.804240
vt 0.258431 0.681798
vt 0.535235 0.790952
vt 0.556429 0.518706
vt 0.554872 0.554266
vt 0.553018 0.567010
vt 0.522745 0.226074
vt 0.532603 0.887751
vt 0.246402 0.677603
vt 0.531685 0.799183
vt 0.519178 0.867758
vt 0.552036 0.538606
vt 0.526427 0.900582
vt 0.508204 0.455005
vt 0.027012 0.445484
vt 0.244817 0.703399
vt 0.535829 0.528017
vt 0.008465 0.454365
vt 0.507025 0.792233
vt 0.508657 0.805490
vt 0.505011 0.815011
vt 0.542077 0.514000
vt 0.541289 0.562407
vt 0.507106 0.799291
vt 0.034405 0.454405
vt 0.484423 0.446093
vt 0.257168 0.706156
vt 0.525649 0.541252
vt 0.527531 0.554214
vt 0.493376 0.875939
vt 0.491064 0.886974
vt 0.486589 0.898088
vt 0.047133 0.438572
vt 0.519264 0.573632
vt 0.530382 0.580004
vt 0.549796 0.223439
vt 0.483021 0.920343
vt 0.489508 0.815360
vt 0.515035 0.565122
vt 0.519060 0.991710
vt 0.486080 0.805646
vt 0.527387 0.518975
vt 0.482287 0.794783
vt 0.055705 0.461441
vt 0.011032 0.448304
vt 0.242709 0.726260
vt 0.508132 0.557581
vt 0.463776 0.854955
vt 0.255514 0.725618
vt 0.512528 0.528233
vt 0.512372 0.541195
vt 0.511136 0.593306
vt 0.469327 0.814432
vt 0.472058 0.818994
vt 0.498144 0.576844
vt 0.254307 0.735989
vt 0.229547 0.736005
vt 0.230430 0.723150
vt 0.222697 0.739043
vt 0.436358 0.855104
vt 0.452837 0.419116
vt 0.499293 0.553087
vt 0.493700 0.591183
vt 0.023215 0.415268
vt 0.446840 0.865799
vt 0.487776 0.545906
vt 0.598216 0.221881
vt 0.251149 0.758432
vt 0.239539 0.750540
vt 0.486682 0.565078
vt 0.493647 0.606699
vt 0.226486 0.753861
vt 0.441604 0.826540
vt 0.425412 0.908442
vt 0.437009 0.420792
vt 0.435225 0.822777
vt 0.484116 0.581948
vt 0.059573 0.415157
vt 0.444021 0.850130
vt 0.237838 0.758115
vt 0.217925 0.770710
vt 0.473791 0.606958
vt 0.437148 0.873481
vt 0.224227 0.767124
vt 0.464979 0.628307
vt 0.637001 0.220825
vt 0.250395 0.769351
vt 0.259664 0.764519
vt 0.034061 0.418306
vt 0.236778 0.772668
vt 0.466511 0.562846
vt 0.470593 0.574253
vt 0.468171 0.582732
vt 0.464623 0.593378
vt 0.021463 0.403406
vt 0.008339 0.414526
vt 0.259782 0.776441
vt 0.223081 0.777437
vt 0.458874 0.619190
vt 0.047906 0.401749
vt 0.249563 0.781428
vt 0.417421 0.823134
vt 0.414468 0.834836
vt 0.457875 0.607044
vt 0.012597 0.402367
vt 0.429507 0.892244
vt 0.257984 0.783761
vt 0.236601 0.783209
vt 0.420036 0.403875
vt 0.218431 0.787072
vt 0.226565 0.784675
vt 0.662125 0.230763
vt 0.427186 0.848168
vt 0.414111 0.916813
vt 0.441124 0.923795
vt 0.405957 0.402750
vt 0.443372 0.576022
vt 0.675600 0.220082
vt 0.033356 0.402234
vt 0.409716 0.411529
vt 0.420760 0.411768
vt 0.250066 0.791964
vt 0.236118 0.794598
vt 0.225928 0.797239
vt 0.810289 0.137939
vt 0.811638 0.145892
vt 0.797695 0.148746
vt 0.814832 0.156968
vt 0.441177 0.564735
vt 0.797540 0.141964
vt 0.790498 0.161885
vt 0.440452 0.586515
vt 0.433421 0.629055
vt 0.433861 0.640747
vt 0.445530 0.603784
vt 0.437047 0.650128
vt 0.693746 0.231141
vt 0.390815 0.876383
vt 0.395566 0.413169
vt 0.251218 0.804508
vt 0.059549 0.400334
vt 0.369999 0.894722
vt 0.785355 0.120358
vt 0.797600 0.132785
vt 0.782650 0.132098
vt 0.783080 0.139408
vt 0.783261 0.149485
vt 0.400095 0.853699
vt 0.397393 0.866133
vt 0.692316 0.220386
vt 0.422048 0.592849
vt 0.425437 0.615831
vt 0.411099 0.845568
vt 0.370190 0.884624
vt 0.390207 0.415787
vt 0.778801 0.119677
vt 0.776638 0.161486
vt 0.427532 0.561881
vt 0.421270 0.570251
vt 0.425329 0.659921
vt 0.586125 0.988798
vt 0.770608 0.129826
vt 0.409005 0.576557
vt 0.060545 0.378279
vt 0.402641 0.843418
vt 0.415061 0.651846
vt 0.408747 0.673172
vt 0.715491 0.220224
vt 0.502730 0.279428
vt 0.759645 0.154357
vt 0.410004 0.606978
vt 0.410420 0.632731
vt 0.741934 0.128490
vt 0.413414 0.550874
vt 0.401223 0.586658
vt 0.412188 0.687792
vt 0.415482 0.706699
vt 0.404689 0.690211
vt 0.609566 0.267246
vt 0.402482 0.826907
vt 0.402112 0.837150
vt 0.387613 0.830171
vt 0.381108 0.862715
vt 0.399459 0.666004
vt 0.735669 0.226048
vt 0.391550 0.799653
vt 0.340500 0.899794
vt 0.401432 0.555493
vt 0.397686 0.620169
vt 0.400173 0.596738
vt 0.390810 0.674981
vt 0.398256 0.746644
vt 0.383641 0.747556
vt 0.371476 0.842352
vt 0.371112 0.854871
vt 0.314187 0.905126
vt 0.393573 0.655852
vt 0.386839 0.721826
vt 0.340444 0.438491
vt 0.383555 0.590648
vt 0.391277 0.626400
vt 0.374783 0.808902
vt 0.723774 0.124961
vt 0.721167 0.130701
vt 0.722527 0.141799
vt 0.381060 0.538180
vt 0.384316 0.551149
vt 0.384746 0.565078
vt 0.385948 0.689271
vt 0.724014 0.103298
vt 0.383810 0.632613
vt 0.386206 0.652064
vt 0.380726 0.669020
vt 0.376949 0.676037
vt 0.375863 0.707702
vt 0.368819 0.743099
vt 0.383065 0.528801
vt 0.377114 0.572164
vt 0.377103 0.648446
vt 0.371965 0.725313
vt 0.364822 0.787194
vt 0.358692 0.814849
vt 0.357551 0.855520
vt 0.376814 0.595755
vt 0.371391 0.616776
vt 0.377111 0.638401
vt 0.353975 0.833782
vt 0.708276 0.100678
vt 0.324655 0.435361
vt 0.368670 0.657579
vt 0.363144 0.775574
vt 0.336103 0.882794
vt 0.365154 0.536692
vt 0.356512 0.541386
vt 0.369465 0.633925
vt 0.368160 0.647075
vt 0.367590 0.668946
vt 0.365125 0.709786
vt 0.360700 0.689891
vt 0.363681 0.558101
vt 0.362320 0.628056
vt 0.362354 0.649570
vt 0.357997 0.666850
vt 0.356644 0.744453
vt 0.352001 0.767374
vt 0.348358 0.792704
vt 0.344768 0.845837
vt 0.342172 0.864109
vt 0.325976 0.443782
vt 0.702283 0.126851
vt 0.702629 0.138056
vt 0.363006 0.569702
vt 0.364206 0.592999
vt 0.355058 0.645683
vt 0.356270 0.712319
vt 0.345012 0.821045
vt 0.305139 0.896977
vt 0.354709 0.576409
vt 0.347942 0.664337
vt 0.349773 0.678242
vt 0.350455 0.688135
vt 0.350962 0.696857
vt 0.593306 0.166453
vt 0.347106 0.712154
vt 0.350690 0.741767
vt 0.347337 0.761805
vt 0.340438 0.813943
vt 0.338018 0.856658
vt 0.683892 0.117811
vt 0.365483 0.520845
vt 0.359281 0.527636
vt 0.334722 0.669187
vt 0.614628 0.171930
vt 0.399633 0.126559
vt 0.387170 0.139483
vt 0.397317 0.141025
vt 0.556107 0.170600
vt 0.344047 0.794699
vt 0.331574 0.790053
vt 0.336358 0.824982
vt 0.335405 0.841771
vt 0.317180 0.885612
vt 0.305913 0.448475
vt 0.689485 0.108800
vt 0.345510 0.648438
vt 0.335873 0.687217
vt 0.619356 0.180060
vt 0.337250 0.698425
vt 0.415792 0.126973
vt 0.415552 0.140728
vt 0.449510 0.141537
vt 0.339920 0.741022
vt 0.337730 0.763019
vt 0.526847 0.173374
vt 0.327843 0.804880
vt 0.332631 0.819413
vt 0.327790 0.837114
vt 0.321950 0.875019
vt 0.687226 0.097951
vt 0.675231 0.134125
vt 0.341562 0.543076
vt 0.346060 0.603031
vt 0.344690 0.636772
vt 0.450342 0.127359
vt 0.476010 0.139135
vt 0.331774 0.763167
vt 0.478289 0.126650
vt 0.328552 0.782262
vt 0.497958 0.140262
vt 0.474510 0.144485
vt 0.505922 0.144211
vt 0.326983 0.828759
vt 0.324263 0.850435
vt 0.322706 0.859284
vt 0.342718 0.580162
vt 0.781165 0.720082
vt 0.502198 0.125454
vt 0.504486 0.187928
vt 0.513077 0.119730
vt 0.499538 0.116803
vt 0.520455 0.126292
vt 0.523441 0.144672
vt 0.531469 0.129162
vt 0.532103 0.144485
vt 0.325222 0.811878
vt 0.322906 0.817135
vt 0.320042 0.835611
vt 0.321858 0.841944
vt 0.677537 0.108263
vt 0.340677 0.512277
vt 0.337249 0.521462
vt 0.340400 0.549629
vt 0.342997 0.562959
vt 0.729633 0.698914
vt 0.534577 0.120038
vt 0.533188 0.123755
vt 0.028823 0.294815
vt 0.011529 0.297485
vt 0.026972 0.300410
vt 0.012678 0.289673
vt 0.316981 0.821428
vt 0.314384 0.867397
vt 0.332632 0.592873
vt 0.330882 0.607323
vt 0.727719 0.712632
vt 0.006302 0.295865
vt 0.304898 0.113549
vt 0.303072 0.117288
vt 0.297143 0.111101
vt 0.004411 0.288654
vt 0.028166 0.287856
vt 0.044131 0.285058
vt 0.039711 0.283731
vt 0.336478 0.533306
vt 0.710102 0.710400
vt 0.706982 0.702593
vt 0.026020 0.281909
vt 0.014493 0.280978
vt 0.286503 0.109531
vt 0.031040 0.281827
vt 0.286553 0.450616
vt 0.691091 0.693575
vt 0.710980 0.695674
vt 0.071912 0.696695
vt 0.074590 0.713525
vt 0.086615 0.705456
vt 0.084838 0.695798
vt 0.284260 0.441025
vt 0.665830 0.107270
vt 0.327415 0.585160
vt 0.734741 0.188616
vt 0.686931 0.707215
vt 0.284218 0.830607
vt 0.293962 0.839629
vt 0.290636 0.857676
vt 0.281948 0.900595
vt 0.744265 0.190574
vt 0.029678 0.271451
vt 0.272990 0.105447
vt 0.040594 0.252770
vt 0.289002 0.873374
vt 0.314644 0.519586
vt 0.317244 0.540917
vt 0.270792 0.880030
vt 0.071410 0.679820
vt 0.646532 0.119160
vt 0.648193 0.125252
vt 0.316135 0.549893
vt 0.030345 0.258173
vt 0.281303 0.833337
vt 0.024181 0.255179
vt 0.266481 0.841401
vt 0.645747 0.108682
vt 0.644298 0.134458
vt 0.303874 0.529255
vt 0.084388 0.678375
vt 0.311967 0.508643
vt 0.247093 0.888633
vt 0.012070 0.238385
vt 0.247075 0.854021
vt 0.242908 0.868923
vt 0.622042 0.119445
vt 0.296223 0.540440
vt 0.300575 0.549852
vt 0.027122 0.211269
vt 0.243769 0.443013
vt 0.621773 0.110294
vt 0.274400 0.530602
vt 0.234099 0.107524
vt 0.082580 0.657195
vt 0.623469 0.126261
vt 0.002979 0.234775
vt 0.031841 0.213334
vt 0.281362 0.517722
vt 0.234229 0.877986
vt 0.069463 0.655983
vt 0.614642 0.137021
vt 0.284530 0.508233
vt 0.282774 0.550614
vt 0.018201 0.196466
vt 0.081457 0.641594
vt 0.092463 0.655492
vt 0.090510 0.639821
vt 0.096906 0.637849
vt 0.603836 0.127222
vt 0.273441 0.543167
vt 0.267471 0.524102
vt 0.225081 0.450378
vt 0.068808 0.639687
vt 0.258228 0.547474
vt 0.218284 0.825833
vt 0.580534 0.142918
vt 0.217375 0.838362
vt 0.253212 0.511018
vt 0.259167 0.557465
vt 0.010526 0.197001
vt 0.068686 0.624872
vt 0.091144 0.621951
vt 0.259444 0.517986
vt 0.001365 0.171076
vt 0.162252 0.112662
vt 0.040231 0.193481
vt 0.206108 0.862546
vt 0.080996 0.619341
vt 0.096251 0.614004
vt 0.209248 0.880416
vt 0.193236 0.849660
vt 0.577671 0.132722
vt 0.230887 0.530310
vt 0.243385 0.554845
vt 0.240750 0.564947
vt 0.027078 0.174387
vt 0.095390 0.601762
vt 0.227315 0.541587
vt 0.039389 0.172862
vt 0.068243 0.604631
vt 0.088935 0.598310
vt 0.226190 0.554093
vt 0.227115 0.524711
vt 0.189014 0.444356
vt 0.009247 0.167022
vt 0.183430 0.826842
vt 0.185230 0.834896
vt 0.080058 0.597320
vt 0.547721 0.151666
vt 0.223221 0.516906
vt 0.222219 0.566290
vt 0.224591 0.574563
vt 0.166124 0.857198
vt 0.095828 0.587975
vt 0.564133 0.135595
vt 0.549436 0.140506
vt 0.068150 0.584585
vt 0.089447 0.577436
vt 0.195587 0.822906
vt 0.080350 0.583758
vt 0.209191 0.564324
vt 0.196938 0.557380
vt 0.209627 0.585722
vt 0.026316 0.154305
vt 0.036716 0.154603
vt 0.096067 0.570802
vt 0.201773 0.534818
vt 0.024913 0.150003
vt 0.039133 0.148325
vt 0.168483 0.819041
vt 0.193626 0.547847
vt 0.200076 0.581191
vt 0.005976 0.152892
vt 0.080386 0.571810
vt 0.531227 0.147531
vt 0.200996 0.525131
vt 0.197494 0.597460
vt 0.142953 0.120304
vt 0.143017 0.828972
vt 0.142090 0.840796
vt 0.067789 0.569936
vt 0.089042 0.556641
vt 0.523325 0.161885
vt 0.186280 0.612458
vt 0.188536 0.593119
vt 0.034686 0.143022
vt 0.156799 0.820877
vt 0.080953 0.555036
vt 0.096739 0.559156
vt 0.519108 0.153336
vt 0.176999 0.578496
vt 0.022919 0.140147
vt 0.121804 0.842995
vt 0.139059 0.426914
vt 0.068955 0.554404
vt 0.188757 0.540591
vt 0.044131 0.138927
vt 0.876958 0.999590
vt 0.095647 0.541740
vt 0.176025 0.596673
vt 0.175450 0.631781
vt 0.834850 0.794842
vt 0.828801 0.802049
vt 0.812817 0.788063
vt 0.178900 0.538000
vt 0.172045 0.615968
vt 0.082494 0.539370
vt 0.818526 0.784114
vt 0.803719 0.789926
vt 0.177602 0.559766
vt 0.032641 0.127459
vt 0.152685 0.809994
vt 0.142713 0.818565
vt 0.171122 0.556252
vt 0.160996 0.635345
vt 0.155711 0.672300
vt 0.793811 0.619560
vt 0.070129 0.538090
vt 0.164686 0.577930
vt 0.159232 0.610269
vt 0.096906 0.525762
vt 0.799886 0.776833
vt 0.166604 0.550015
vt 0.151474 0.701981
vt 0.139144 0.806622
vt 0.131805 0.823575
vt 0.793288 0.778197
vt 0.146876 0.668390
vt 0.125066 0.827908
vt 0.083877 0.522541
vt 0.785024 0.784888
vt 0.155019 0.568836
vt 0.160428 0.575778
vt 0.146852 0.652519
vt 0.140844 0.714815
vt 0.136777 0.754781
vt 0.132482 0.804976
vt 0.795791 0.609056
vt 0.775266 0.606764
vt 0.777743 0.775525
vt 0.150033 0.603454
vt 0.803021 0.765275
vt 0.777284 0.768223
vt 0.759713 0.782035
vt 0.143637 0.625721
vt 0.139006 0.663946
vt 0.129348 0.703948
vt 0.125605 0.766773
vt 0.124553 0.805062
vt 0.777975 0.759244
vt 0.757154 0.773015
vt 0.141996 0.598128
vt 0.113275 0.824881
vt 0.120578 0.750578
vt 0.905729 0.995144
vt 0.747105 0.614900
vt 0.749462 0.604792
vt 0.754716 0.765487
vt 0.722757 0.774808
vt 0.722578 0.780462
vt 0.130152 0.633506
vt 0.130836 0.647674
vt 0.094151 0.872637
vt 0.719598 0.769314
vt 0.121761 0.698642
vt 0.724791 0.613564
vt 0.755040 0.755138
vt 0.720640 0.763217
vt 0.110498 0.740399
vt 0.099270 0.828507
vt 0.094615 0.860034
vt 0.725848 0.603689
vt 0.706686 0.627379
vt 0.737218 0.753420
vt 0.670068 0.773769
vt 0.679407 0.780816
vt 0.119548 0.674011
vt 0.105126 0.735085
vt 0.100370 0.784474
vt 0.908287 0.958945
vt 0.705397 0.612553
vt 0.707379 0.622286
vt 0.669664 0.768657
vt 0.638560 0.777529
vt 0.116037 0.666618
vt 0.111238 0.702563
vt 0.736950 0.742961
vt 0.684761 0.760738
vt 0.091521 0.824759
vt 0.082348 0.845739
vt 0.419470 0.802049
vt 0.405692 0.800964
vt 0.408434 0.791305
vt 0.716623 0.751462
vt 0.684820 0.630486
vt 0.601862 0.771992
vt 0.597595 0.783389
vt 0.083383 0.834578
vt 0.435103 0.790841
vt 0.421537 0.788177
vt 0.916934 0.994330
vt 0.718266 0.741643
vt 0.686541 0.611489
vt 0.686714 0.750322
vt 0.560415 0.786550
vt 0.546001 0.777080
vt 0.086640 0.789449
vt 0.683099 0.739691
vt 0.651106 0.609859
vt 0.656838 0.749872
vt 0.659108 0.758775
vt 0.636590 0.761476
vt 0.568510 0.771881
vt 0.496998 0.783962
vt 0.082647 0.821202
vt 0.407410 0.783026
vt 0.619858 0.618605
vt 0.652607 0.738560
vt 0.630542 0.620207
vt 0.561264 0.762884
vt 0.505056 0.774702
vt 0.461866 0.787568
vt 0.447516 0.790446
vt 0.435895 0.780139
vt 0.419838 0.776902
vt 0.406124 0.774090
vt 0.620527 0.608807
vt 0.230717 0.485524
vt 0.636487 0.749823
vt 0.569151 0.753562
vt 0.513987 0.765847
vt 0.459223 0.774634
vt 0.598271 0.618531
vt 0.486861 0.767377
vt 0.434771 0.773012
vt 0.417456 0.767238
vt 0.406316 0.766430
vt 0.023186 0.030687
vt 0.118095 0.471304
vt 0.095996 0.481557
vt 0.119920 0.481117
vt 0.628416 0.738210
vt 0.146163 0.471370
vt 0.587423 0.749749
vt 0.945860 0.972781
vt 0.166754 0.479571
vt 0.581380 0.738115
vt 0.566982 0.748562
vt 0.319158 0.482516
vt 0.184915 0.471206
vt 0.525319 0.755289
vt 0.453777 0.766517
vt 0.431880 0.763959
vt 0.011802 0.039001
vt 0.415700 0.753762
vt 0.402639 0.757907
vt 0.514627 0.750460
vt 0.235884 0.471504
vt 0.524493 0.741401
vt 0.223764 0.480441
vt 0.370034 0.482377
vt 0.398323 0.483490
vt 0.482265 0.756203
vt 0.456594 0.758655
vt 0.432182 0.761000
vt 0.000455 0.048535
vt 0.264063 0.480956
vt 0.484342 0.744076
vt 0.264231 0.470902
vt 0.298210 0.472231
vt 0.454508 0.747008
vt 0.294095 0.481457
vt 0.319004 0.481557
vt 0.429826 0.750365
vt 0.319836 0.471515
s 1
usemtl Material.001
f 2897/1/1 2900/2/2 2903/3/3
f 2903/3/3 2900/2/2 2905/4/4
f 408/5/5 409/6/6 410/7/7
f 410/7/7 409/6/6 411/8/8
f 2897/1/1 2899/9/9 2900/2/2
f 2897/1/1 2898/10/10 2899/9/9
f 2898/10/10 2901/11/11 2899/9/9
f 416/12/12 413/13/13 408/5/5
f 408/5/5 413/13/13 409/6/6
f 409/6/6 412/14/14 411/8/8
f 2768/15/15 2773/16/16 2774/17/17
f 409/6/6 413/13/13 412/14/14
f 2899/9/9 2904/18/18 2900/2/2
f 416/12/12 415/19/19 413/13/13
f 2901/11/11 2902/20/20 2899/9/9
f 2899/9/9 2902/20/20 2904/18/18
f 2060/21/21 2059/22/22 2058/23/23
f 415/19/19 414/24/24 413/13/13
f 413/13/13 414/24/24 412/14/14
f 2902/20/20 2906/25/25 2904/18/18
f 415/19/19 421/26/26 414/24/24
f 427/27/27 418/28/28 420/29/29
f 420/29/29 418/28/28 419/30/30
f 2760/31/31 2761/32/32 2762/33/33
f 427/27/27 417/34/34 418/28/28
f 418/28/28 410/7/7 419/30/30
f 417/34/34 410/7/7 418/28/28
f 2760/31/31 2764/35/35 2761/32/32
f 2760/31/31 2765/36/36 2764/35/35
f 865/37/37 868/38/38 854/39/39
f 868/38/38 856/40/40 854/39/39
f 2765/36/36 2768/15/15 2764/35/35
f 2765/36/36 2769/41/41 2768/15/15
f 868/38/38 851/42/42 856/40/40
f 2769/41/41 2773/16/16 2768/15/15
f 868/38/38 867/43/43 851/42/42
f 867/43/43 846/44/44 851/42/42
f 2773/16/16 2775/45/45 2774/17/17
f 2773/16/16 2778/46/46 2775/45/45
f 867/43/43 870/47/47 847/48/48
f 867/43/43 847/48/48 846/44/44
f 2055/49/49 2058/23/23 2059/22/22
f 870/47/47 864/50/50 847/48/48
f 2055/49/49 2057/51/51 2058/23/23
f 2055/49/49 2056/52/52 2057/51/51
f 421/26/26 422/53/53 414/24/24
f 2056/52/52 2061/54/54 2057/51/51
f 265/55/55 263/56/56 264/57/57
f 425/58/58 420/29/29 424/59/59
f 424/59/59 420/29/29 423/60/60
f 2760/31/31 2762/33/33 2763/61/61
f 425/58/58 427/27/27 420/29/29
f 420/29/29 419/30/30 423/60/60
f 863/62/62 865/37/37 855/63/63
f 2767/64/64 2765/36/36 2760/31/31
f 2767/64/64 2770/65/65 2765/36/36
f 2770/65/65 2780/66/66 2777/67/67
f 2770/65/65 2777/67/67 2765/36/36
f 2765/36/36 2777/67/67 2776/68/68
f 856/40/40 851/42/42 839/69/69
f 2776/68/68 2769/41/41 2765/36/36
f 2776/68/68 2773/16/16 2769/41/41
f 2776/68/68 2779/70/70 2773/16/16
f 846/44/44 847/48/48 837/71/71
f 2778/46/46 2781/72/72 2775/45/45
f 847/48/48 864/50/50 843/73/73
f 864/50/50 871/74/74 866/75/75
f 864/50/50 866/75/75 843/73/73
f 2056/52/52 2063/76/76 2062/77/77
f 2056/52/52 2062/77/77 2061/54/54
f 263/56/56 252/78/78 264/57/57
f 2062/77/77 2072/79/79 2061/54/54
f 430/80/80 425/58/58 426/81/81
f 426/81/81 425/58/58 424/59/59
f 2748/82/82 2746/83/83 2766/84/84
f 2748/82/82 2766/84/84 2763/61/61
f 2766/84/84 2760/31/31 2763/61/61
f 2766/84/84 2767/64/64 2760/31/31
f 2766/84/84 2772/85/85 2767/64/64
f 859/86/86 863/62/62 850/87/87
f 855/63/63 836/88/88 850/87/87
f 2772/85/85 2770/65/65 2767/64/64
f 854/39/39 856/40/40 839/69/69
f 839/69/69 851/42/42 835/89/89
f 2776/68/68 2786/90/90 2779/70/70
f 851/42/42 846/44/44 835/89/89
f 2779/70/70 2783/91/91 2773/16/16
f 837/71/71 834/92/92 835/89/89
f 846/44/44 837/71/71 835/89/89
f 2773/16/16 2783/91/91 2778/46/46
f 2778/46/46 2789/93/93 2781/72/72
f 847/48/48 843/73/73 837/71/71
f 2781/72/72 2789/93/93 2790/94/94
f 2064/95/95 2056/52/52 2055/49/49
f 2064/95/95 2063/76/76 2056/52/52
f 252/78/78 210/96/96 251/97/97
f 263/56/56 255/98/98 252/78/78
f 2747/99/99 2736/100/100 2746/83/83
f 2747/99/99 2746/83/83 2748/82/82
f 426/81/81 424/59/59 428/101/101
f 869/102/102 858/103/103 862/104/104
f 858/103/103 859/86/86 857/105/105
f 2766/84/84 2771/106/106 2772/85/85
f 850/87/87 836/88/88 840/107/107
f 2772/85/85 2780/66/66 2770/65/65
f 836/88/88 839/69/69 829/108/108
f 839/69/69 833/109/109 829/108/108
f 2780/66/66 2785/110/110 2777/67/67
f 2785/110/110 2776/68/68 2777/67/67
f 839/69/69 835/89/89 833/109/109
f 835/89/89 834/92/92 833/109/109
f 2778/46/46 2783/91/91 2788/111/111
f 2778/46/46 2788/111/111 2789/93/93
f 2064/95/95 2065/112/112 2063/76/76
f 2063/76/76 2066/113/113 2062/77/77
f 251/97/97 210/96/96 232/114/114
f 2062/77/77 2066/113/113 2072/79/79
f 2066/113/113 2092/115/115 2072/79/79
f 238/116/116 215/117/117 255/98/98
f 255/98/98 215/117/117 252/78/78
f 252/78/78 215/117/117 210/96/96
f 431/118/118 426/81/81 429/119/119
f 429/119/119 426/81/81 428/101/101
f 2736/100/100 2737/120/120 2746/83/83
f 862/104/104 858/103/103 853/121/121
f 2771/106/106 2766/84/84 2746/83/83
f 2771/106/106 2784/122/122 2772/85/85
f 2772/85/85 2784/122/122 2782/123/123
f 850/87/87 840/107/107 841/124/124
f 2772/85/85 2782/123/123 2780/66/66
f 2791/125/125 2785/110/110 2780/66/66
f 2785/110/110 2786/90/90 2776/68/68
f 2779/70/70 2786/90/90 2783/91/91
f 2065/112/112 2066/113/113 2063/76/76
f 210/96/96 196/126/126 232/114/114
f 2065/112/112 2069/127/127 2066/113/113
f 2066/113/113 2071/128/128 2092/115/115
f 215/117/117 173/129/129 210/96/96
f 2753/130/130 2752/131/131 2749/132/132
f 431/118/118 429/119/119 432/133/133
f 2753/130/130 2754/134/134 2752/131/131
f 862/104/104 853/121/121 861/135/135
f 2737/120/120 2740/136/136 2746/83/83
f 2740/136/136 2771/106/106 2746/83/83
f 858/103/103 857/105/105 860/137/137
f 836/88/88 827/138/138 840/107/107
f 2782/123/123 2791/125/125 2780/66/66
f 2785/110/110 2797/139/139 2786/90/90
f 834/92/92 1163/140/140 832/141/141
f 2783/91/91 2795/142/142 2788/111/111
f 2788/111/111 2795/142/142 2789/93/93
f 2789/93/93 2803/143/143 2790/94/94
f 2064/95/95 2067/144/144 2065/112/112
f 1344/145/145 1220/146/146 1391/147/147
f 2066/113/113 2069/127/127 2071/128/128
f 261/148/148 175/149/149 238/116/116
f 238/116/116 175/149/149 215/117/117
f 175/149/149 173/129/129 215/117/117
f 2736/100/100 2749/132/132 2726/150/150
f 2749/132/132 2752/131/131 2751/151/151
f 2736/100/100 2733/152/152 2737/120/120
f 861/135/135 853/121/121 852/153/153
f 860/137/137 857/105/105 844/154/154
f 857/105/105 841/124/124 844/154/154
f 2784/122/122 2792/155/155 2782/123/123
f 2782/123/123 2792/155/155 2791/125/125
f 2791/125/125 2797/139/139 2785/110/110
f 2798/156/156 2786/90/90 2797/139/139
f 2796/157/157 2783/91/91 2786/90/90
f 2798/156/156 2796/157/157 2786/90/90
f 2796/157/157 2795/142/142 2783/91/91
f 2795/142/142 2799/158/158 2789/93/93
f 2789/93/93 2799/158/158 2803/143/143
f 2067/144/144 2068/159/159 2065/112/112
f 2065/112/112 2068/159/159 2069/127/127
f 2727/160/160 2726/150/150 2749/132/132
f 2727/160/160 2749/132/132 2750/161/161
f 2749/132/132 2751/151/151 2750/161/161
f 2733/152/152 2736/100/100 2726/150/150
f 2751/151/151 2752/131/131 2759/162/162
f 2733/152/152 2739/163/163 2737/120/120
f 2739/163/163 2740/136/136 2737/120/120
f 853/121/121 842/164/164 852/153/153
f 2740/136/136 2787/165/165 2771/106/106
f 853/121/121 845/166/166 842/164/164
f 853/121/121 860/137/137 845/166/166
f 2771/106/106 2787/165/165 2784/122/122
f 860/137/137 844/154/154 845/166/166
f 844/154/154 841/124/124 823/167/167
f 2784/122/122 2794/168/168 2792/155/155
f 2791/125/125 2792/155/155 2801/169/169
f 151/170/170 149/171/171 175/149/149
f 175/149/149 149/171/171 173/129/129
f 2725/172/172 2726/150/150 2727/160/160
f 2750/161/161 2751/151/151 2755/173/173
f 2755/173/173 2751/151/151 2758/174/174
f 2725/172/172 2733/152/152 2726/150/150
f 2725/172/172 2735/175/175 2733/152/152
f 2733/152/152 2735/175/175 2739/163/163
f 2739/163/163 2787/165/165 2740/136/136
f 842/164/164 845/166/166 823/167/167
f 2787/165/165 2794/168/168 2784/122/122
f 845/166/166 844/154/154 823/167/167
f 2794/168/168 2801/169/169 2792/155/155
f 2476/176/176 2477/177/177 2263/178/178
f 2798/156/156 2815/179/179 2796/157/157
f 2068/159/159 2073/180/180 2069/127/127
f 261/148/148 151/170/170 175/149/149
f 173/129/129 149/171/171 154/181/181
f 2728/182/182 2725/172/172 2727/160/160
f 842/164/164 822/183/183 831/184/184
f 2739/163/163 2793/185/185 2787/165/165
f 842/164/164 823/167/167 822/183/183
f 2787/165/165 2800/186/186 2794/168/168
f 2794/168/168 2807/187/187 2801/169/169
f 2263/178/178 2272/188/188 2476/176/176
f 2811/189/189 2797/139/139 2791/125/125
f 2797/139/139 2811/189/189 2812/190/190
f 2797/139/139 2812/190/190 2798/156/156
f 2472/191/191 2430/192/192 2401/193/193
f 2815/179/179 2810/194/194 2795/142/142
f 2796/157/157 2815/179/179 2795/142/142
f 2795/142/142 2810/194/194 2799/158/158
f 2799/158/158 2810/194/194 2803/143/143
f 2810/194/194 2816/195/195 2803/143/143
f 2816/195/195 2819/196/196 2803/143/143
f 2067/144/144 2070/197/197 2068/159/159
f 2070/197/197 2073/180/180 2068/159/159
f 196/126/126 192/198/198 214/199/199
f 2073/180/180 2077/200/200 2069/127/127
f 2069/127/127 2077/200/200 2071/128/128
f 262/201/201 151/170/170 261/148/148
f 848/202/202 849/203/203 831/184/184
f 2735/175/175 2793/185/185 2739/163/163
f 2793/185/185 2800/186/186 2787/165/165
f 2800/186/186 2806/204/204 2794/168/168
f 2794/168/168 2806/204/204 2807/187/187
f 2477/177/177 2454/205/205 2263/178/178
f 262/201/201 258/206/206 151/170/170
f 2687/207/207 2690/208/208 2686/209/209
f 2728/182/182 2729/210/210 2725/172/172
f 2756/211/211 2750/161/161 2755/173/173
f 2734/212/212 2735/175/175 2725/172/172
f 848/202/202 831/184/184 830/213/213
f 831/184/184 822/183/183 818/214/214
f 2278/215/215 2262/216/216 2454/205/205
f 2454/205/205 2262/216/216 2263/178/178
f 2263/178/178 2265/217/217 2272/188/188
f 2076/218/218 2081/219/219 2073/180/180
f 2073/180/180 2081/219/219 2077/200/200
f 151/170/170 258/206/206 124/220/220
f 124/220/220 123/221/221 149/171/171
f 151/170/170 124/220/220 149/171/171
f 149/171/171 123/221/221 154/181/181
f 2729/210/210 2728/182/182 2730/222/222
f 2683/223/223 2688/224/224 2687/207/207
f 2683/223/223 2687/207/207 2686/209/209
f 2756/211/211 2755/173/173 2757/225/225
f 848/202/202 830/213/213 809/226/226
f 2734/212/212 2743/227/227 2735/175/175
f 2735/175/175 2802/228/228 2793/185/185
f 2262/216/216 2261/229/229 2263/178/178
f 2263/178/178 2261/229/229 2264/230/230
f 2264/230/230 2265/217/217 2263/178/178
f 2265/217/217 2273/231/231 2272/188/188
f 2272/188/188 2273/231/231 2430/192/192
f 2430/192/192 2273/231/231 2434/232/232
f 2430/192/192 2434/232/232 2422/233/233
f 2430/192/192 2422/233/233 2401/193/193
f 2422/233/233 2400/234/234 2401/193/193
f 2399/235/235 2400/234/234 2398/236/236
f 2399/235/235 2398/236/236 2397/237/237
f 2399/235/235 2397/237/237 2478/238/238
f 2478/238/238 2397/237/237 2075/239/239
f 2478/238/238 2075/239/239 2070/197/197
f 2070/197/197 2075/239/239 2074/240/240
f 2070/197/197 2074/240/240 2073/180/180
f 2074/240/240 2076/218/218 2073/180/180
f 214/199/199 192/198/198 188/241/241
f 153/242/242 188/241/241 192/198/198
f 154/181/181 153/242/242 192/198/198
f 123/221/221 153/242/242 154/181/181
f 2730/222/222 2731/243/243 2729/210/210
f 2735/175/175 2743/227/227 2802/228/228
f 2793/185/185 2802/228/228 2800/186/186
f 2278/215/215 2258/244/244 2262/216/216
f 2258/244/244 2261/229/229 2262/216/216
f 1377/245/245 1176/246/246 1267/247/247
f 2683/223/223 2686/209/209 2679/248/248
f 2802/228/228 2804/249/249 2800/186/186
f 2800/186/186 2804/249/249 2806/204/204
f 2278/215/215 2255/250/250 2258/244/244
f 2265/217/217 2459/251/251 2273/231/231
f 2273/231/231 2459/251/251 2434/232/232
f 2400/234/234 2474/252/252 2398/236/236
f 123/221/221 122/253/253 153/242/242
f 258/206/206 242/254/254 124/220/220
f 2680/255/255 2683/223/223 2679/248/248
f 776/256/256 792/257/257 777/258/258
f 2731/243/243 2730/222/222 2732/259/259
f 792/257/257 793/260/260 777/258/258
f 2741/261/261 2743/227/227 2734/212/212
f 2741/261/261 2734/212/212 2731/243/243
f 2258/244/244 2260/262/262 2261/229/229
f 2260/262/262 2264/230/230 2261/229/229
f 2264/230/230 2260/262/262 2265/217/217
f 2265/217/217 2445/263/263 2459/251/251
f 2570/264/264 2549/265/265 2400/234/234
f 2400/234/234 2549/265/265 2474/252/252
f 2474/252/252 2431/266/266 2398/236/236
f 2398/236/236 2431/266/266 2396/267/267
f 1026/268/268 1176/246/246 1023/269/269
f 2397/237/237 2481/270/270 2075/239/239
f 1377/245/245 1324/271/271 1176/246/246
f 153/242/242 174/272/272 188/241/241
f 2076/218/218 2080/273/273 2081/219/219
f 122/253/253 174/272/272 153/242/242
f 124/220/220 242/254/254 120/274/274
f 124/220/220 120/274/274 123/221/221
f 2732/259/259 2738/275/275 2731/243/243
f 2738/275/275 2741/261/261 2731/243/243
f 2743/227/227 2805/276/276 2802/228/228
f 2483/277/277 2254/278/278 2278/215/215
f 2278/215/215 2254/278/278 2255/250/250
f 2255/250/250 2257/279/279 2258/244/244
f 2257/279/279 2259/280/280 2258/244/244
f 2258/244/244 2259/280/280 2260/262/262
f 2265/217/217 2260/262/262 2445/263/263
f 2459/251/251 2445/263/263 2449/281/281
f 2449/281/281 2451/282/282 2422/233/233
f 2459/251/251 2449/281/281 2422/233/233
f 2422/233/233 2451/282/282 2452/283/283
f 2422/233/233 2452/283/283 2570/264/264
f 2452/283/283 2549/265/265 2570/264/264
f 2398/236/236 2396/267/267 2397/237/237
f 2081/219/219 2080/273/273 2088/284/284
f 123/221/221 120/274/274 122/253/253
f 2678/285/285 2679/248/248 2677/286/286
f 2678/285/285 2680/255/255 2679/248/248
f 2260/262/262 2446/287/287 2445/263/263
f 2452/283/283 2468/288/288 2549/265/265
f 2549/265/265 2468/288/288 2474/252/252
f 2075/239/239 2481/270/270 2074/240/240
f 174/272/272 189/289/289 188/241/241
f 774/290/290 776/256/256 775/291/291
f 2742/292/292 2732/259/259 2745/293/293
f 2742/292/292 2738/275/275 2732/259/259
f 1868/294/294 1866/295/295 1872/296/296
f 2743/227/227 2808/297/297 2805/276/276
f 2802/228/228 2805/276/276 2804/249/249
f 2483/277/277 2275/298/298 2254/278/278
f 2260/262/262 2259/280/280 2447/299/299
f 2260/262/262 2447/299/299 2446/287/287
f 2445/263/263 2448/300/300 2449/281/281
f 2448/300/300 2450/301/301 2449/281/281
f 2449/281/281 2450/301/301 2451/282/282
f 2468/288/288 2552/302/302 2474/252/252
f 120/274/274 119/303/303 122/253/253
f 2744/304/304 2738/275/275 2742/292/292
f 1861/305/305 1866/295/295 1868/294/294
f 2805/276/276 2813/306/306 2804/249/249
f 2255/250/250 2256/307/307 2257/279/279
f 2256/307/307 2259/280/280 2257/279/279
f 2446/287/287 2448/300/300 2445/263/263
f 2450/301/301 2452/283/283 2451/282/282
f 2452/283/283 2453/308/308 2468/288/288
f 2552/302/302 2498/309/309 2474/252/252
f 2474/252/252 2498/309/309 2431/266/266
f 2498/309/309 2395/310/310 2431/266/266
f 2431/266/266 2395/310/310 2396/267/267
f 2396/267/267 2394/311/311 2397/237/237
f 242/254/254 235/312/312 120/274/274
f 2678/285/285 2677/286/286 2676/313/313
f 1851/314/314 1859/315/315 1861/305/305
f 2254/278/278 2251/316/316 2253/317/317
f 2254/278/278 2253/317/317 2255/250/250
f 2447/299/299 2010/318/318 2446/287/287
f 2446/287/287 2010/318/318 2013/319/319
f 2446/287/287 2013/319/319 2448/300/300
f 2013/319/319 2465/320/320 2448/300/300
f 2448/300/300 2465/320/320 2450/301/301
f 2450/301/301 2453/308/308 2452/283/283
f 2552/302/302 2553/321/321 2498/309/309
f 2074/240/240 2078/322/322 2076/218/218
f 2685/323/323 2678/285/285 2676/313/313
f 1859/315/315 1866/295/295 1861/305/305
f 2253/317/317 2256/307/307 2255/250/250
f 2259/280/280 2256/307/307 2447/299/299
f 2013/319/319 2015/324/324 2465/320/320
f 2015/324/324 2017/325/325 2450/301/301
f 2465/320/320 2015/324/324 2450/301/301
f 2450/301/301 2017/325/325 2453/308/308
f 2453/308/308 2469/326/326 2468/288/288
f 2468/288/288 2469/326/326 2551/327/327
f 2468/288/288 2551/327/327 2552/302/302
f 2397/237/237 2394/311/311 2481/270/270
f 2074/240/240 2481/270/270 2078/322/322
f 2080/273/273 2076/218/218 2079/328/328
f 2080/273/273 2079/328/328 2088/284/284
f 1849/329/329 1851/314/314 1850/330/330
f 781/331/331 800/332/332 798/333/333
f 2808/297/297 2809/334/334 2805/276/276
f 2805/276/276 2809/334/334 2813/306/306
f 2275/298/298 2251/316/316 2254/278/278
f 2256/307/307 2005/335/335 2447/299/299
f 2447/299/299 2007/336/336 2010/318/318
f 2010/318/318 2011/337/337 2012/338/338
f 2010/318/318 2012/338/338 2013/319/319
f 2013/319/319 2012/338/338 2014/339/339
f 2013/319/319 2014/339/339 2015/324/324
f 2015/324/324 2016/340/340 2017/325/325
f 2016/340/340 2018/341/341 2017/325/325
f 2017/325/325 2019/342/342 2453/308/308
f 2453/308/308 2019/342/342 2469/326/326
f 2551/327/327 2553/321/321 2552/302/302
f 2396/267/267 2395/310/310 2394/311/311
f 2481/270/270 2394/311/311 2368/343/343
f 2078/322/322 2079/328/328 2076/218/218
f 120/274/274 118/344/344 119/303/303
f 1849/329/329 1857/345/345 1851/314/314
f 1851/314/314 1857/345/345 1859/315/315
f 2809/334/334 2814/346/346 2813/306/306
f 2005/335/335 2004/347/347 2447/299/299
f 2447/299/299 2004/347/347 2007/336/336
f 2007/336/336 2009/348/348 2010/318/318
f 2010/318/318 2009/348/348 2011/337/337
f 547/349/349 525/350/350 543/351/351
f 2014/339/339 2016/340/340 2015/324/324
f 539/352/352 542/353/353 552/354/354
f 2498/309/309 2553/321/321 2548/355/355
f 2498/309/309 2548/355/355 2395/310/310
f 2079/328/328 2082/356/356 2088/284/284
f 122/253/253 162/357/357 174/272/272
f 1859/315/315 1865/358/358 1866/295/295
f 1866/295/295 1865/358/358 1869/359/359
f 2471/360/360 2249/361/361 2275/298/298
f 2252/362/362 2274/363/363 2253/317/317
f 2251/316/316 2252/362/362 2253/317/317
f 2253/317/317 2274/363/363 2256/307/307
f 548/364/364 532/365/365 531/366/366
f 548/364/364 531/366/366 547/349/349
f 542/353/353 550/367/367 552/354/354
f 2249/361/361 2250/368/368 2251/316/316
f 2275/298/298 2249/361/361 2251/316/316
f 2250/368/368 2252/362/362 2251/316/316
f 2274/363/363 2005/335/335 2256/307/307
f 2004/347/347 2006/369/369 2007/336/336
f 2007/336/336 2006/369/369 2008/370/370
f 498/371/371 502/372/372 507/373/373
f 512/374/374 538/375/375 529/376/376
f 58/377/377 66/378/378 84/379/379
f 2551/327/327 2554/380/380 2553/321/321
f 2395/310/310 2393/381/381 2394/311/311
f 119/303/303 162/357/357 122/253/253
f 235/312/312 118/344/344 120/274/274
f 2671/382/382 2676/313/313 2675/383/383
f 1849/329/329 1848/384/384 1857/345/345
f 1857/345/345 1865/358/358 1859/315/315
f 2809/334/334 2817/385/385 2814/346/346
f 2274/363/363 2003/386/386 2005/335/335
f 2005/335/335 2003/386/386 2004/347/347
f 551/387/387 534/388/388 549/389/389
f 533/390/390 523/391/391 520/392/392
f 26/393/393 57/394/394 58/377/377
f 2469/326/326 2563/395/395 2551/327/327
f 162/357/357 179/396/396 174/272/272
f 2088/284/284 2082/356/356 2090/397/397
f 1841/398/398 1842/399/399 1844/400/400
f 771/401/401 772/402/402 770/403/403
f 2471/360/360 2277/404/404 2249/361/361
f 2003/386/386 1995/405/405 2004/347/347
f 2551/327/327 2563/395/395 2554/380/380
f 2548/355/355 2402/406/406 2395/310/310
f 2395/310/310 2402/406/406 2393/381/381
f 2004/347/347 1995/405/405 2006/369/369
f 551/387/387 535/407/407 534/388/388
f 119/303/303 131/408/408 162/357/357
f 2274/363/363 2002/409/409 2003/386/386
f 2003/386/386 2002/409/409 1995/405/405
f 235/312/312 236/410/410 118/344/344
f 118/344/344 117/411/411 119/303/303
f 119/303/303 117/411/411 131/408/408
f 1848/384/384 1852/412/412 1857/345/345
f 2817/385/385 2818/413/413 2814/346/346
f 2250/368/368 2271/414/414 2252/362/362
f 2271/414/414 2274/363/363 2252/362/362
f 2002/409/409 1992/415/415 1995/405/405
f 1995/405/405 1996/416/416 2006/369/369
f 2394/311/311 2393/381/381 2368/343/343
f 2481/270/270 2545/417/417 2078/322/322
f 1873/418/418 2277/404/404 2471/360/360
f 2554/380/380 2555/419/419 2553/321/321
f 2553/321/321 2556/420/420 2548/355/355
f 2368/343/343 2545/417/417 2481/270/270
f 2082/356/356 2091/421/421 2090/397/397
f 1842/399/399 1843/422/422 1848/384/384
f 1852/412/412 1862/423/423 1857/345/345
f 1857/345/345 1862/423/423 1865/358/358
f 2249/361/361 2248/424/424 2250/368/368
f 2248/424/424 2271/414/414 2250/368/368
f 2274/363/363 2271/414/414 2002/409/409
f 1843/422/422 1852/412/412 1848/384/384
f 1865/358/358 1862/423/423 1873/418/418
f 2277/404/404 2247/425/425 2249/361/361
f 1993/426/426 1985/427/427 1994/428/428
f 2555/419/419 2556/420/420 2553/321/321
f 2548/355/355 2586/429/429 2402/406/406
f 2545/417/417 2084/430/430 2078/322/322
f 179/396/396 184/431/431 193/432/432
f 2247/425/425 2248/424/424 2249/361/361
f 2002/409/409 1987/433/433 1992/415/415
f 2874/434/434 2872/435/435 2873/436/436
f 2393/381/381 2367/437/437 2368/343/343
f 2078/322/322 2082/356/356 2079/328/328
f 1992/415/415 1981/438/438 1993/426/426
f 2883/439/439 2882/440/440 2874/434/434
f 2586/429/429 2403/441/441 2402/406/406
f 184/431/431 195/442/442 193/432/432
f 768/443/443 782/444/444 783/445/445
f 778/446/446 768/443/443 783/445/445
f 1862/423/423 1870/447/447 1873/418/418
f 2248/424/424 2270/448/448 2271/414/414
f 2872/435/435 2851/449/449 2873/436/436
f 2882/440/440 2872/435/435 2874/434/434
f 2563/395/395 2561/450/450 2554/380/380
f 2554/380/380 2561/450/450 2555/419/419
f 2556/420/420 2586/429/429 2548/355/355
f 2084/430/430 2083/451/451 2078/322/322
f 2078/322/322 2083/451/451 2082/356/356
f 1835/452/452 1833/453/453 1838/454/454
f 1873/418/418 2247/425/425 2277/404/404
f 2247/425/425 2246/455/455 2248/424/424
f 2271/414/414 1998/456/456 2002/409/409
f 2002/409/409 1998/456/456 1987/433/433
f 1987/433/433 1981/438/438 1992/415/415
f 14/457/457 53/458/458 54/459/459
f 1316/460/460 1028/461/461 1027/462/462
f 236/410/410 228/463/463 118/344/344
f 1839/464/464 1838/454/454 1833/453/453
f 1847/465/465 1852/412/412 1843/422/422
f 1852/412/412 1860/466/466 1862/423/423
f 2246/455/455 2270/448/448 2248/424/424
f 2270/448/448 2000/467/467 2271/414/414
f 2271/414/414 2000/467/467 1998/456/456
f 1987/433/433 1984/468/468 1972/469/469
f 1987/433/433 1972/469/469 1981/438/438
f 2882/440/440 2880/470/470 2872/435/435
f 2872/435/435 2880/470/470 2853/471/471
f 162/357/357 167/472/472 179/396/396
f 1847/465/465 1855/473/473 1852/412/412
f 1862/423/423 1860/466/466 1870/447/447
f 1998/456/456 1984/468/468 1987/433/433
f 2851/449/449 2864/474/474 2867/475/475
f 2402/406/406 2403/441/441 2393/381/381
f 127/476/476 167/472/472 131/408/408
f 131/408/408 167/472/472 162/357/357
f 1843/422/422 1839/464/464 1847/465/465
f 1855/473/473 1860/466/466 1852/412/412
f 1870/447/447 1920/477/477 1873/418/418
f 1873/418/418 1920/477/477 2247/425/425
f 1972/469/469 1966/478/478 1974/479/479
f 67/480/480 79/481/481 72/482/482
f 2082/356/356 2089/483/483 2091/421/421
f 228/463/463 116/484/484 118/344/344
f 118/344/344 116/484/484 117/411/411
f 2130/485/485 2000/467/467 2270/448/448
f 2246/455/455 2130/485/485 2270/448/448
f 2000/467/467 1997/486/486 1998/456/456
f 1998/456/456 1997/486/486 1984/468/468
f 2880/470/470 2852/487/487 2853/471/471
f 2853/471/471 2852/487/487 2851/449/449
f 2545/417/417 2510/488/488 2084/430/430
f 1860/466/466 1871/489/489 1870/447/447
f 1920/477/477 2246/455/455 2247/425/425
f 1984/468/468 1964/490/490 1972/469/469
f 1972/469/469 1964/490/490 1966/478/478
f 2880/470/470 2879/491/491 2852/487/487
f 2555/419/419 2557/492/492 2556/420/420
f 2368/343/343 2366/493/493 2545/417/417
f 1833/453/453 1832/494/494 1840/495/495
f 1920/477/477 2245/496/496 2246/455/455
f 2850/497/497 2863/498/498 2864/474/474
f 2561/450/450 2557/492/492 2555/419/419
f 2366/493/493 2510/488/488 2545/417/417
f 228/463/463 227/499/499 116/484/484
f 116/484/484 115/500/500 117/411/411
f 117/411/411 115/500/500 127/476/476
f 1847/465/465 1845/501/501 1855/473/473
f 2245/496/496 2130/485/485 2246/455/455
f 1997/486/486 1991/502/502 1984/468/468
f 1991/502/502 1983/503/503 1984/468/468
f 1984/468/468 1983/503/503 1964/490/490
f 2879/491/491 2854/504/504 2852/487/487
f 2556/420/420 2550/505/505 2586/429/429
f 1871/489/489 1920/477/477 1870/447/447
f 1964/490/490 1965/506/506 1966/478/478
f 2879/491/491 2878/507/507 2854/504/504
f 2852/487/487 2854/504/504 2850/497/497
f 2557/492/492 2558/508/508 2556/420/420
f 2556/420/420 2558/508/508 2550/505/505
f 2367/437/437 2366/493/493 2368/343/343
f 2000/467/467 1999/509/509 1997/486/486
f 2367/437/437 2365/510/510 2366/493/493
f 1855/473/473 1858/511/511 1860/466/466
f 1860/466/466 1858/511/511 1871/489/489
f 1871/489/489 1917/512/512 1920/477/477
f 2245/496/496 2129/513/513 2130/485/485
f 2130/485/485 1999/509/509 2000/467/467
f 1983/503/503 1962/514/514 1964/490/490
f 1962/514/514 1963/515/515 1964/490/490
f 2850/497/497 2855/516/516 2863/498/498
f 2854/504/504 2855/516/516 2850/497/497
f 2561/450/450 2594/517/517 2557/492/492
f 2084/430/430 2510/488/488 2574/518/518
f 1845/501/501 1856/519/519 1855/473/473
f 1917/512/512 2245/496/496 1920/477/477
f 2854/504/504 2856/520/520 2855/516/516
f 184/431/431 185/521/521 197/522/522
f 1845/501/501 1836/523/523 1846/524/524
f 1845/501/501 1846/524/524 1856/519/519
f 1856/519/519 1858/511/511 1855/473/473
f 2130/485/485 2129/513/513 1999/509/509
f 2550/505/505 2404/525/525 2403/441/441
f 1991/502/502 1988/526/526 1983/503/503
f 2878/507/507 2877/527/527 2856/520/520
f 2403/441/441 2404/525/525 2365/510/510
f 2365/510/510 2361/528/528 2366/493/493
f 2084/430/430 2085/529/529 2083/451/451
f 2082/356/356 2083/451/451 2089/483/483
f 1871/489/489 1915/530/530 1917/512/512
f 2863/498/498 2857/531/531 2866/532/532
f 2855/516/516 2857/531/531 2863/498/498
f 1963/515/515 1967/533/533 1965/506/506
f 2856/520/520 2857/531/531 2855/516/516
f 2877/527/527 2858/534/534 2856/520/520
f 127/476/476 168/535/535 167/472/472
f 1858/511/511 1915/530/530 1871/489/489
f 2856/520/520 2858/534/534 2857/531/531
f 2599/536/536 2559/537/537 2557/492/492
f 2594/517/517 2599/536/536 2557/492/492
f 2557/492/492 2559/537/537 2558/508/508
f 2084/430/430 2574/518/518 2085/529/529
f 1853/538/538 1846/524/524 1836/523/523
f 1853/538/538 1854/539/539 1846/524/524
f 791/540/540 801/541/541 806/542/542
f 1856/519/519 1864/543/543 1858/511/511
f 1917/512/512 2244/544/544 2245/496/496
f 2129/513/513 2001/545/545 1999/509/509
f 1999/509/509 2001/545/545 1988/526/526
f 1999/509/509 1988/526/526 1997/486/486
f 1962/514/514 1968/546/546 1963/515/515
f 1963/515/515 1968/546/546 1967/533/533
f 2083/451/451 2086/547/547 2089/483/483
f 1864/543/543 1867/548/548 1858/511/511
f 1858/511/511 1867/548/548 1915/530/530
f 1917/512/512 2243/549/549 2244/544/544
f 2245/496/496 2244/544/544 2129/513/513
f 2366/493/493 2361/528/528 2510/488/488
f 1240/550/550 1030/551/551 1028/461/461
f 2510/488/488 2500/552/552 2574/518/518
f 2085/529/529 2086/547/547 2083/451/451
f 1867/548/548 1912/553/553 1915/530/530
f 1915/530/530 1914/554/554 1917/512/512
f 2244/544/544 2125/555/555 2129/513/513
f 2404/525/525 2358/556/556 2365/510/510
f 115/500/500 114/557/557 127/476/476
f 1915/530/530 1912/553/553 1914/554/554
f 1917/512/512 1914/554/554 2243/549/549
f 1988/526/526 1969/558/558 1983/503/503
f 1983/503/503 1969/558/558 1962/514/514
f 1854/539/539 1863/559/559 1856/519/519
f 1856/519/519 1863/559/559 1864/543/543
f 2858/534/534 2859/560/560 2860/561/561
f 116/484/484 108/562/562 115/500/500
f 115/500/500 108/562/562 114/557/557
f 2125/555/555 2001/545/545 2129/513/513
f 2001/545/545 1989/563/563 1988/526/526
f 1968/546/546 1971/564/564 1967/533/533
f 2876/565/565 2859/560/560 2858/534/534
f 2361/528/528 2500/552/552 2510/488/488
f 2244/544/544 2123/566/566 2125/555/555
f 1988/526/526 1989/563/563 1969/558/558
f 2860/561/561 2865/567/567 2866/532/532
f 2558/508/508 2533/568/568 2550/505/505
f 2365/510/510 2358/556/556 2361/528/528
f 169/569/569 198/570/570 185/521/521
f 259/571/571 227/499/499 228/463/463
f 1874/572/572 1854/539/539 1853/538/538
f 1854/539/539 1874/572/572 1863/559/559
f 1864/543/543 1863/559/559 1867/548/548
f 1968/546/546 1969/558/558 1970/573/573
f 1968/546/546 1970/573/573 1971/564/564
f 65/574/574 77/575/575 75/576/576
f 2599/536/536 2605/577/577 2559/537/537
f 2558/508/508 2560/578/578 2533/568/568
f 2085/529/529 2087/579/579 2086/547/547
f 114/557/557 156/580/580 127/476/476
f 227/499/499 109/581/581 116/484/484
f 109/581/581 108/562/562 116/484/484
f 2001/545/545 2118/582/582 1989/563/563
f 1989/563/563 1977/583/583 1969/558/558
f 1969/558/558 1973/584/584 1970/573/573
f 2859/560/560 2861/585/585 2860/561/561
f 2876/565/565 2875/586/586 2859/560/560
f 2550/505/505 2533/568/568 2404/525/525
f 2574/518/518 2595/587/587 2085/529/529
f 2125/555/555 2118/582/582 2001/545/545
f 1977/583/583 1973/584/584 1969/558/558
f 2859/560/560 2862/588/588 2861/585/585
f 2605/577/577 2560/578/578 2559/537/537
f 2361/528/528 2360/589/589 2500/552/552
f 1874/572/572 1875/590/590 1863/559/559
f 1867/548/548 1906/591/591 1912/553/553
f 1912/553/553 1913/592/592 1914/554/554
f 2243/549/549 2123/566/566 2244/544/544
f 2118/582/582 1990/593/593 1989/563/563
f 2358/556/556 2360/589/589 2361/528/528
f 2908/594/594 2907/595/595 2917/596/596
f 1906/591/591 1913/592/592 1912/553/553
f 1990/593/593 1977/583/583 1989/563/563
f 1973/584/584 1975/597/597 1970/573/573
f 2862/588/588 2875/586/586 2868/598/598
f 227/499/499 226/599/599 109/581/581
f 108/562/562 107/600/600 114/557/557
f 1876/601/601 1874/572/572 1879/602/602
f 1863/559/559 1875/590/590 1867/548/548
f 1913/592/592 2242/603/603 1914/554/554
f 1914/554/554 2242/603/603 2243/549/549
f 1555/604/604 1536/605/605 1554/606/606
f 2862/588/588 2868/598/598 2861/585/585
f 2533/568/568 2406/607/607 2404/525/525
f 2404/525/525 2406/607/607 2358/556/556
f 2085/529/529 2595/587/587 2087/579/579
f 1867/548/548 1899/608/608 1906/591/591
f 2243/549/549 2242/603/603 2123/566/566
f 2861/585/585 2869/609/609 2870/610/610
f 2861/585/585 2870/610/610 2865/567/567
f 1977/583/583 1978/611/611 1973/584/584
f 1973/584/584 1978/611/611 1975/597/597
f 2861/585/585 2868/598/598 2869/609/609
f 2875/586/586 2881/612/612 2868/598/598
f 2087/579/579 2633/613/613 2086/547/547
f 259/571/571 244/614/614 227/499/499
f 227/499/499 244/614/614 226/599/599
f 1875/590/590 1899/608/608 1867/548/548
f 1975/597/597 1976/615/615 1970/573/573
f 2118/582/582 2115/616/616 1990/593/593
f 108/562/562 109/581/581 107/600/600
f 2125/555/555 2123/566/566 2115/616/616
f 2125/555/555 2115/616/616 2118/582/582
f 1978/611/611 1979/617/617 1976/615/615
f 1975/597/597 1978/611/611 1976/615/615
f 1549/618/618 1537/619/619 1550/620/620
f 65/574/574 64/621/621 76/622/622
f 1990/593/593 2111/623/623 1980/624/624
f 2868/598/598 2871/625/625 2869/609/609
f 1549/618/618 1548/626/626 1537/619/619
f 2605/577/577 2610/627/627 2560/578/578
f 2560/578/578 2534/628/628 2533/568/568
f 1879/602/602 1781/629/629 1876/601/601
f 1906/591/591 1905/630/630 1913/592/592
f 2115/616/616 2111/623/623 1990/593/593
f 2610/627/627 2578/631/631 2560/578/578
f 2358/556/556 2359/632/632 2360/589/589
f 1876/601/601 1878/633/633 1877/634/634
f 1876/601/601 1877/634/634 1875/590/590
f 1899/608/608 1905/630/630 1906/591/591
f 1537/619/619 1520/635/635 1522/636/636
f 1537/619/619 1522/636/636 1535/637/637
f 1978/611/611 1982/638/638 1979/617/617
f 1548/626/626 1520/635/635 1537/619/619
f 2578/631/631 2534/628/628 2560/578/578
f 2360/589/589 2362/639/639 2500/552/552
f 1535/637/637 1531/640/640 1536/605/605
f 2500/552/552 2362/639/639 2574/518/518
f 1913/592/592 1911/641/641 2242/603/603
f 2242/603/603 2122/642/642 2123/566/566
f 1535/637/637 1522/636/636 1531/640/640
f 1980/624/624 1982/638/638 1978/611/611
f 2358/556/556 2406/607/607 2359/632/632
f 2362/639/639 2528/643/643 2574/518/518
f 1360/644/644 1359/645/645 1046/646/646
f 156/580/580 171/647/647 169/569/569
f 2087/579/579 2629/648/648 2633/613/613
f 2123/566/566 2122/642/642 2115/616/616
f 2122/642/642 2113/649/649 2115/616/616
f 2533/568/568 2534/628/628 2406/607/607
f 2528/643/643 2575/650/650 2574/518/518
f 2574/518/518 2575/650/650 2595/587/587
f 226/599/599 98/651/651 109/581/581
f 2242/603/603 2241/652/652 2122/642/642
f 1980/624/624 2109/653/653 1982/638/638
f 1559/654/654 1547/655/655 1548/626/626
f 2595/587/587 2598/656/656 2087/579/579
f 107/600/600 113/657/657 114/557/557
f 1889/658/658 1895/659/659 1877/634/634
f 1878/633/633 1889/658/658 1877/634/634
f 1877/634/634 1895/659/659 1896/660/660
f 1877/634/634 1896/660/660 1899/608/608
f 2115/616/616 2113/649/649 2111/623/623
f 2111/623/623 2109/653/653 1980/624/624
f 2109/653/653 2110/661/661 1982/638/638
f 1548/626/626 1547/655/655 1520/635/635
f 2595/587/587 2575/650/650 2598/656/656
f 2111/623/623 2106/662/662 2109/653/653
f 1520/635/635 1521/663/663 1522/636/636
f 1558/664/664 1547/655/655 1559/654/654
f 109/581/581 98/651/651 107/600/600
f 1896/660/660 1897/665/665 1899/608/608
f 1905/630/630 1902/666/666 1911/641/641
f 2113/649/649 2106/662/662 2111/623/623
f 1522/636/636 1530/667/667 1531/640/640
f 2360/589/589 2359/632/632 2362/639/639
f 155/668/668 171/647/647 156/580/580
f 244/614/614 243/669/669 226/599/599
f 1897/665/665 1902/666/666 1905/630/630
f 1899/608/608 1897/665/665 1905/630/630
f 1522/636/636 1523/670/670 1530/667/667
f 1547/655/655 1521/663/663 1520/635/635
f 1521/663/663 1523/670/670 1522/636/636
f 107/600/600 106/671/671 113/657/657
f 226/599/599 224/672/672 98/651/651
f 98/651/651 106/671/671 107/600/600
f 1/673/673 4/674/674 50/675/675
f 2598/656/656 2629/648/648 2087/579/579
f 113/657/657 106/671/671 155/668/668
f 1911/641/641 2241/652/652 2242/603/603
f 2106/662/662 2104/676/676 2109/653/653
f 2109/653/653 2105/677/677 2110/661/661
f 1524/678/678 1523/670/670 1521/663/663
f 1558/664/664 1544/679/679 1547/655/655
f 1544/679/679 1524/678/678 1521/663/663
f 1547/655/655 1544/679/679 1521/663/663
f 2610/627/627 2540/680/680 2578/631/631
f 2578/631/631 2540/680/680 2534/628/628
f 2406/607/607 2405/681/681 2359/632/632
f 2528/643/643 2527/682/682 2575/650/650
f 243/669/669 224/672/672 226/599/599
f 1889/658/658 1881/683/683 1895/659/659
f 2113/649/649 2100/684/684 2106/662/662
f 1523/670/670 1529/685/685 1530/667/667
f 2109/653/653 2104/676/676 2105/677/677
f 1558/664/664 1556/686/686 1544/679/679
f 2122/642/642 2121/687/687 2113/649/649
f 171/647/647 155/668/668 159/688/688
f 243/669/669 239/689/689 224/672/672
f 1895/659/659 1892/690/690 1896/660/660
f 1896/660/660 1892/690/690 1897/665/665
f 2241/652/652 2240/691/691 2122/642/642
f 2113/649/649 2114/692/692 2100/684/684
f 2100/684/684 2104/676/676 2106/662/662
f 1523/670/670 1525/693/693 1529/685/685
f 1524/678/678 1525/693/693 1523/670/670
f 1544/679/679 1556/686/686 1545/694/694
f 1544/679/679 1526/695/695 1524/678/678
f 2362/639/639 2364/696/696 2528/643/643
f 1897/665/665 1898/697/697 1902/666/666
f 1524/678/678 1526/695/695 1525/693/693
f 1544/679/679 1545/694/694 1526/695/695
f 2610/627/627 2609/698/698 2540/680/680
f 2575/650/650 2527/682/682 2598/656/656
f 2598/656/656 2626/699/699 2629/648/648
f 98/651/651 112/700/700 96/701/701
f 98/651/651 96/701/701 97/702/702
f 98/651/651 97/702/702 106/671/671
f 2241/652/652 1911/641/641 2240/691/691
f 2121/687/687 2114/692/692 2113/649/649
f 2359/632/632 2363/703/703 2362/639/639
f 224/672/672 112/700/700 98/651/651
f 1892/690/690 1898/697/697 1897/665/665
f 2104/676/676 2100/684/684 2093/704/704
f 2104/676/676 2093/704/704 2105/677/677
f 2105/677/677 2093/704/704 2095/705/705
f 106/671/671 159/688/688 155/668/668
f 243/669/669 260/706/706 239/689/689
f 1881/683/683 1888/707/707 1895/659/659
f 2122/642/642 2240/691/691 2121/687/687
f 1525/693/693 1528/708/708 1529/685/685
f 1557/709/709 1546/710/710 1556/686/686
f 1556/686/686 1546/710/710 1545/694/694
f 1545/694/694 1538/711/711 1526/695/695
f 2100/684/684 2099/712/712 2093/704/704
f 1526/695/695 1527/713/713 1525/693/693
f 2405/681/681 2372/714/714 2359/632/632
f 2359/632/632 2372/714/714 2363/703/703
f 2363/703/703 2364/696/696 2362/639/639
f 1881/683/683 1882/715/715 1888/707/707
f 1895/659/659 1888/707/707 1892/690/690
f 1902/666/666 1901/716/716 1911/641/641
f 1911/641/641 1908/717/717 2240/691/691
f 2121/687/687 2117/718/718 2114/692/692
f 1538/711/711 1527/713/713 1526/695/695
f 1545/694/694 1546/710/710 1538/711/711
f 2609/698/698 2539/719/719 2540/680/680
f 2540/680/680 2539/719/719 2405/681/681
f 1768/720/720 1882/715/715 1881/683/683
f 1898/697/697 1901/716/716 1902/666/666
f 1901/716/716 1908/717/717 1911/641/641
f 2114/692/692 2099/712/712 2100/684/684
f 1527/713/713 1528/708/708 1525/693/693
f 2598/656/656 2597/721/721 2626/699/699
f 106/671/671 160/722/722 159/688/688
f 2405/681/681 2429/723/723 2372/714/714
f 2099/712/712 2096/724/724 2093/704/704
f 2096/724/724 2094/725/725 2093/704/704
f 2093/704/704 2094/725/725 2095/705/705
f 1642/726/726 1638/727/727 1631/728/728
f 1631/728/728 1630/729/729 1633/730/730
f 106/671/671 97/702/702 139/731/731
f 106/671/671 139/731/731 160/722/722
f 1532/732/732 1534/733/733 1528/708/708
f 1528/708/708 1527/713/713 1532/732/732
f 1538/711/711 1539/734/734 1527/713/713
f 2429/723/723 2405/681/681 2539/719/719
f 2121/687/687 2236/735/735 2117/718/718
f 1631/728/728 1638/727/727 1628/736/736
f 2609/698/698 2608/737/737 2539/719/719
f 2364/696/696 2357/738/738 2528/643/643
f 2528/643/643 2357/738/738 2527/682/682
f 239/689/689 223/739/739 224/672/672
f 1888/707/707 1891/740/740 1892/690/690
f 2114/692/692 2117/718/718 2099/712/712
f 2099/712/712 2097/741/741 2096/724/724
f 1533/742/742 1532/732/732 1527/713/713
f 1631/728/728 1628/736/736 1630/729/729
f 1630/729/729 1627/743/743 1632/744/744
f 2527/682/682 2597/721/721 2598/656/656
f 224/672/672 223/739/739 112/700/700
f 1882/715/715 1883/745/745 1888/707/707
f 1892/690/690 1891/740/740 1898/697/697
f 2097/741/741 2098/746/746 2094/725/725
f 2096/724/724 2097/741/741 2094/725/725
f 96/701/701 95/747/747 97/702/702
f 1898/697/697 1891/740/740 1901/716/716
f 2240/691/691 2238/748/748 2121/687/687
f 1638/727/727 1637/749/749 1628/736/736
f 1628/736/736 1627/743/743 1630/729/729
f 61/750/750 73/751/751 71/752/752
f 2363/703/703 2345/753/753 2364/696/696
f 1891/740/740 1900/754/754 1901/716/716
f 1908/717/717 2238/748/748 2240/691/691
f 2238/748/748 2235/755/755 2121/687/687
f 97/702/702 95/747/747 139/731/731
f 1883/745/745 1884/756/756 1888/707/707
f 1901/716/716 1900/754/754 1908/717/717
f 2121/687/687 2235/755/755 2236/735/735
f 2236/735/735 2237/757/757 2117/718/718
f 2099/712/712 2117/718/718 2097/741/741
f 1637/749/749 1634/758/758 1628/736/736
f 2364/696/696 2345/753/753 2357/738/738
f 1888/707/707 1884/756/756 1891/740/740
f 1541/759/759 1543/760/760 1534/733/733
f 1627/743/743 1626/761/761 1629/762/762
f 1628/736/736 1634/758/758 1625/763/763
f 1628/736/736 1625/763/763 1627/743/743
f 46/764/764 61/750/750 60/765/765
f 2097/741/741 2101/766/766 2098/746/746
f 1542/767/767 1541/759/759 1532/732/732
f 2101/766/766 2103/768/768 2098/746/746
f 1625/763/763 1626/761/761 1627/743/743
f 2539/719/719 2428/769/769 2429/723/723
f 160/722/722 202/770/770 194/771/771
f 2097/741/741 2102/772/772 2101/766/766
f 746/773/773 752/774/774 748/775/775
f 2527/682/682 2526/776/776 2597/721/721
f 2597/721/721 2596/777/777 2626/699/699
f 2235/755/755 2237/757/757 2236/735/735
f 2237/757/757 2119/778/778 2117/718/718
f 2117/718/718 2119/778/778 2097/741/741
f 2097/741/741 2112/779/779 2102/772/772
f 2102/772/772 2107/780/780 2101/766/766
f 2101/766/766 2108/781/781 2103/768/768
f 1634/758/758 1635/782/782 1625/763/763
f 1625/763/763 1623/783/783 1626/761/761
f 1900/754/754 1907/784/784 1908/717/717
f 1908/717/717 1907/784/784 2238/748/748
f 2097/741/741 2119/778/778 2112/779/779
f 748/775/775 736/785/785 746/773/773
f 2101/766/766 2107/780/780 2108/781/781
f 747/786/786 736/785/785 748/775/775
f 747/786/786 738/787/787 736/785/785
f 1625/763/763 1635/782/782 1624/788/788
f 1625/763/763 1624/788/788 1623/783/783
f 61/750/750 63/789/789 73/751/751
f 2357/738/738 2526/776/776 2527/682/682
f 1361/790/790 1362/791/791 1106/792/792
f 139/731/731 138/793/793 160/722/722
f 1884/756/756 1893/794/794 1891/740/740
f 1891/740/740 1893/794/794 1900/754/754
f 2235/755/755 2234/795/795 2237/757/757
f 2102/772/772 2112/779/779 2107/780/780
f 2429/723/723 2428/769/769 2372/714/714
f 2107/780/780 2139/796/796 2108/781/781
f 2428/769/769 2371/797/797 2372/714/714
f 2237/757/757 2234/795/795 2119/778/778
f 1635/782/782 1636/798/798 1624/788/788
f 1624/788/788 1636/798/798 1620/799/799
f 95/747/747 138/793/793 139/731/731
f 1885/800/800 1887/801/801 1884/756/756
f 2238/748/748 1907/784/784 2235/755/755
f 2108/781/781 2139/796/796 2147/802/802
f 1624/788/788 1620/799/799 1623/783/783
f 2526/776/776 2596/777/777 2597/721/721
f 112/700/700 88/803/803 96/701/701
f 96/701/701 88/803/803 95/747/747
f 2107/780/780 2112/779/779 2116/804/804
f 2107/780/780 2116/804/804 2139/796/796
f 738/787/787 737/805/805 736/785/785
f 1893/794/794 1904/806/806 1900/754/754
f 1900/754/754 1904/806/806 1907/784/784
f 1907/784/784 2239/807/807 2235/755/755
f 2235/755/755 2233/808/808 2234/795/795
f 2345/753/753 2346/809/809 2357/738/738
f 2233/808/808 2232/810/810 2234/795/795
f 2234/795/795 2232/810/810 2119/778/778
f 2119/778/778 2120/811/811 2112/779/779
f 737/805/805 730/812/812 736/785/785
f 1636/798/798 1618/813/813 1620/799/799
f 46/764/764 49/814/814 61/750/750
f 2608/737/737 2587/815/815 2539/719/719
f 2539/719/719 2587/815/815 2538/816/816
f 2346/809/809 2526/776/776 2357/738/738
f 1784/817/817 1886/818/818 1885/800/800
f 1893/794/794 1894/819/819 1904/806/806
f 2235/755/755 2239/807/807 2233/808/808
f 2119/778/778 2232/810/810 2120/811/811
f 2116/804/804 2138/820/820 2139/796/796
f 736/785/785 730/812/812 731/821/821
f 2139/796/796 2143/822/822 2147/802/802
f 1636/798/798 1639/823/823 1618/813/813
f 1620/799/799 1619/824/824 1621/825/825
f 2539/719/719 2538/816/816 2428/769/769
f 223/739/739 88/803/803 112/700/700
f 88/803/803 90/826/826 95/747/747
f 1907/784/784 1910/827/827 2239/807/807
f 2112/779/779 2120/811/811 2116/804/804
f 2120/811/811 2124/828/828 2116/804/804
f 2116/804/804 2124/828/828 2138/820/820
f 2138/820/820 2143/822/822 2139/796/796
f 239/689/689 222/829/829 223/739/739
f 2138/820/820 2131/830/830 2143/822/822
f 730/812/812 728/831/831 729/832/832
f 1618/813/813 1616/833/833 1619/824/824
f 2526/776/776 2593/834/834 2596/777/777
f 2596/777/777 2593/834/834 2626/699/699
f 260/706/706 241/835/835 239/689/689
f 1887/801/801 1890/836/836 1893/794/794
f 1893/794/794 1890/836/836 1894/819/819
f 1904/806/806 1910/827/827 1907/784/784
f 742/837/837 731/821/821 743/838/838
f 2124/828/828 2131/830/830 2138/820/820
f 1618/813/813 1613/839/839 1616/833/833
f 90/826/826 134/840/840 138/793/793
f 2232/810/810 2127/841/841 2120/811/811
f 729/832/832 743/838/838 731/821/821
f 1639/823/823 1640/842/842 1618/813/813
f 2593/834/834 2627/843/843 2626/699/699
f 2239/807/807 1910/827/827 2233/808/808
f 2232/810/810 2233/808/808 2231/844/844
f 2231/844/844 2127/841/841 2232/810/810
f 2131/830/830 2144/845/845 2143/822/822
f 1618/813/813 1640/842/842 1613/839/839
f 2345/753/753 2344/846/846 2346/809/809
f 2346/809/809 2344/846/846 2526/776/776
f 1886/818/818 1788/847/847 1890/836/836
f 1894/819/819 1903/848/848 1904/806/806
f 1904/806/806 1909/849/849 1910/827/827
f 2120/811/811 2126/850/850 2124/828/828
f 1613/839/839 1615/851/851 1616/833/833
f 223/739/739 222/829/829 88/803/803
f 1890/836/836 1903/848/848 1894/819/819
f 1903/848/848 1909/849/849 1904/806/806
f 2126/850/850 2131/830/830 2124/828/828
f 2131/830/830 2141/852/852 2144/845/845
f 1615/851/851 1617/853/853 1616/833/833
f 2526/776/776 2525/854/854 2593/834/834
f 239/689/689 241/835/835 222/829/829
f 2131/830/830 2132/855/855 2141/852/852
f 1613/839/839 1614/856/856 1615/851/851
f 1910/827/827 1916/857/857 2233/808/808
f 1916/857/857 2231/844/844 2233/808/808
f 2120/811/811 2127/841/841 2126/850/850
f 726/858/858 739/859/859 729/832/832
f 1640/842/842 1614/856/856 1613/839/839
f 1640/842/842 1641/860/860 1614/856/856
f 2526/776/776 2344/846/846 2525/854/854
f 138/793/793 134/840/840 172/861/861
f 1794/862/862 1958/863/863 1890/836/836
f 1890/836/836 1958/863/863 1903/848/848
f 1910/827/827 1909/849/849 1916/857/857
f 2127/841/841 2128/864/864 2126/850/850
f 2126/850/850 2128/864/864 2131/830/830
f 739/859/859 754/865/865 743/838/838
f 2131/830/830 2128/864/864 2132/855/855
f 722/866/866 725/867/867 726/858/858
f 2231/844/844 2230/868/868 2127/841/841
f 2132/855/855 2137/869/869 2141/852/852
f 1615/851/851 1614/856/856 1617/853/853
f 2127/841/841 2230/868/868 2229/870/870
f 2127/841/841 2229/870/870 2128/864/864
f 2128/864/864 2133/871/871 2132/855/855
f 2132/855/855 2133/871/871 2137/869/869
f 2141/852/852 2137/869/869 2142/872/872
f 1643/873/873 1614/856/856 1641/860/860
f 2538/816/816 2537/874/874 2428/769/769
f 2427/875/875 2369/876/876 2371/797/797
f 2428/769/769 2427/875/875 2371/797/797
f 2371/797/797 2369/876/876 2343/877/877
f 1916/857/857 1921/878/878 2231/844/844
f 2231/844/844 1921/878/878 2230/868/868
f 722/866/866 721/879/879 725/867/867
f 1643/873/873 1644/880/880 1614/856/856
f 1614/856/856 1644/880/880 1622/881/881
f 1614/856/856 1622/881/881 1617/853/853
f 2587/815/815 2537/874/874 2538/816/816
f 2537/874/874 2427/875/875 2428/769/769
f 2345/753/753 2343/877/877 2344/846/846
f 1794/862/862 1796/882/882 1958/863/863
f 1903/848/848 1918/883/883 1909/849/849
f 1909/849/849 1919/884/884 1916/857/857
f 2128/864/864 2229/870/870 2134/885/885
f 2128/864/864 2134/885/885 2133/871/871
f 720/886/886 721/879/879 722/866/866
f 89/887/887 128/888/888 90/826/826
f 1903/848/848 1958/863/863 1918/883/883
f 1918/883/883 1919/884/884 1909/849/849
f 2230/868/868 1921/878/878 2229/870/870
f 2134/885/885 2135/889/889 2133/871/871
f 1958/863/863 1934/890/890 1918/883/883
f 1916/857/857 1919/884/884 1921/878/878
f 1921/878/878 1919/884/884 1922/891/891
f 1921/878/878 2228/892/892 2229/870/870
f 2133/871/871 2136/893/893 2137/869/869
f 2137/869/869 2140/894/894 2142/872/872
f 1791/895/895 1792/896/896 1790/897/897
f 1958/863/863 1796/882/882 1934/890/890
f 2228/892/892 2134/885/885 2229/870/870
f 2133/871/871 2135/889/889 2136/893/893
f 739/859/859 741/898/898 753/899/899
f 2140/894/894 2145/900/900 2142/872/872
f 721/879/879 717/901/901 725/867/867
f 1644/880/880 1645/902/902 1622/881/881
f 134/840/840 170/903/903 172/861/861
f 88/803/803 89/887/887 90/826/826
f 1918/883/883 1934/890/890 1932/904/904
f 1918/883/883 1932/904/904 1919/884/884
f 1919/884/884 1932/904/904 1922/891/891
f 2134/885/885 2206/905/905 2135/889/889
f 2136/893/893 2140/894/894 2137/869/869
f 2140/894/894 2146/906/906 2145/900/900
f 1652/907/907 1645/902/902 1644/880/880
f 720/886/886 717/901/901 721/879/879
f 1796/882/882 1798/908/908 1934/890/890
f 1922/891/891 1923/909/909 1921/878/878
f 2228/892/892 2188/910/910 2134/885/885
f 2134/885/885 2188/910/910 2206/905/905
f 2206/905/905 2207/911/911 2135/889/889
f 725/867/867 717/901/901 732/912/912
f 1645/902/902 1646/913/913 1622/881/881
f 1921/878/878 1923/909/909 2228/892/892
f 2228/892/892 1923/909/909 2188/910/910
f 2207/911/911 2504/914/914 2135/889/889
f 2135/889/889 2504/914/914 2136/893/893
f 2136/893/893 2603/915/915 2140/894/894
f 725/867/867 732/912/912 741/898/898
f 2140/894/894 2603/915/915 2146/906/906
f 717/901/901 713/916/916 732/912/912
f 2343/877/877 2341/917/917 2344/846/846
f 1934/890/890 1933/918/918 1932/904/904
f 715/919/919 713/916/916 717/901/901
f 1645/902/902 1647/920/920 1646/913/913
f 2525/854/854 2590/921/921 2593/834/834
f 134/840/840 128/888/888 170/903/903
f 1798/908/908 1959/922/922 1934/890/890
f 1959/922/922 1933/918/918 1934/890/890
f 1932/904/904 1931/923/923 1922/891/891
f 1652/907/907 1647/920/920 1645/902/902
f 1933/918/918 1931/923/923 1932/904/904
f 1923/909/909 2189/924/924 2188/910/910
f 2188/910/910 2179/925/925 2206/905/905
f 2179/925/925 2207/911/911 2206/905/905
f 2207/911/911 2480/926/926 2504/914/914
f 2504/914/914 2480/926/926 2136/893/893
f 2480/926/926 2564/927/927 2136/893/893
f 2136/893/893 2564/927/927 2603/915/915
f 732/912/912 740/928/928 741/898/898
f 713/916/916 733/929/929 732/912/912
f 2603/915/915 2631/930/930 2146/906/906
f 1647/920/920 1648/931/931 1646/913/913
f 2369/876/876 2342/932/932 2343/877/877
f 2593/834/834 2590/921/921 2627/843/843
f 1797/933/933 1799/934/934 1798/908/908
f 1798/908/908 1799/934/934 1959/922/922
f 2603/915/915 2564/927/927 2606/935/935
f 2603/915/915 2606/935/935 2631/930/930
f 715/919/919 710/936/936 713/916/916
f 2343/877/877 2342/932/932 2341/917/917
f 1959/922/922 1823/937/937 1933/918/918
f 2207/911/911 2179/925/925 2205/938/938
f 2207/911/911 2205/938/938 2480/926/926
f 1652/907/907 1653/939/939 1647/920/920
f 2587/815/815 2581/940/940 2537/874/874
f 241/835/835 245/941/941 221/942/942
f 222/829/829 91/943/943 88/803/803
f 2189/924/924 2183/944/944 2188/910/910
f 2344/846/846 2341/917/917 2525/854/854
f 88/803/803 91/943/943 89/887/887
f 1823/937/937 1930/945/945 1931/923/923
f 1931/923/923 1930/945/945 1924/946/946
f 1931/923/923 1924/946/946 1922/891/891
f 1922/891/891 1924/946/946 1923/909/909
f 1923/909/909 1925/947/947 2189/924/924
f 2188/910/910 2183/944/944 2179/925/925
f 732/912/912 733/929/929 740/928/928
f 222/829/829 221/942/942 91/943/943
f 1924/946/946 1925/947/947 1923/909/909
f 2606/935/935 2624/948/948 2631/930/930
f 1653/939/939 1654/949/949 1650/950/950
f 1653/939/939 1650/950/950 1647/920/920
f 1650/950/950 1649/951/951 1647/920/920
f 1647/920/920 1649/951/951 1648/931/931
f 2427/875/875 2370/952/952 2369/876/876
f 2370/952/952 2342/932/932 2369/876/876
f 2590/921/921 2616/953/953 2627/843/843
f 241/835/835 253/954/954 245/941/941
f 1925/947/947 2191/955/955 2189/924/924
f 2205/938/938 2179/925/925 2204/956/956
f 2564/927/927 2591/957/957 2606/935/935
f 2606/935/935 2591/957/957 2624/948/948
f 712/958/958 711/959/959 733/929/929
f 710/936/936 711/959/959 712/958/958
f 91/943/943 92/960/960 89/887/887
f 1823/937/937 1818/961/961 1930/945/945
f 2205/938/938 2204/956/956 2480/926/926
f 710/936/936 714/962/962 711/959/959
f 718/963/963 714/962/962 710/936/936
f 2537/874/874 2370/952/952 2427/875/875
f 2525/854/854 2524/964/964 2590/921/921
f 2204/956/956 2479/965/965 2480/926/926
f 2480/926/926 2479/965/965 2564/927/927
f 711/959/959 734/966/966 733/929/929
f 2591/957/957 2625/967/967 2624/948/948
f 2341/917/917 2524/964/964 2525/854/854
f 1818/961/961 1929/968/968 1930/945/945
f 1930/945/945 1929/968/968 1924/946/946
f 2183/944/944 2180/969/969 2179/925/925
f 2479/965/965 2487/970/970 2564/927/927
f 2564/927/927 2487/970/970 2591/957/957
f 2624/948/948 2625/967/967 2628/971/971
f 1655/972/972 1650/950/950 1654/949/949
f 1650/950/950 1651/973/973 1649/951/951
f 718/963/963 719/974/974 714/962/962
f 2370/952/952 2350/975/975 2342/932/932
f 221/942/942 93/976/976 91/943/943
f 1929/968/968 1926/977/977 1924/946/946
f 1924/946/946 1926/977/977 1925/947/947
f 2191/955/955 2185/978/978 2189/924/924
f 2189/924/924 2185/978/978 2183/944/944
f 2179/925/925 2181/979/979 2204/956/956
f 714/962/962 716/980/980 711/959/959
f 1655/972/972 1651/973/973 1650/950/950
f 2581/940/940 2517/981/981 2537/874/874
f 245/941/941 230/982/982 221/942/942
f 2185/978/978 2180/969/969 2183/944/944
f 2179/925/925 2180/969/969 2181/979/979
f 719/974/974 723/983/983 714/962/962
f 719/974/974 724/984/984 723/983/983
f 2581/940/940 2582/985/985 2517/981/981
f 128/888/888 129/986/986 170/903/903
f 2591/957/957 2612/987/987 2625/967/967
f 711/959/959 716/980/980 735/988/988
f 711/959/959 735/988/988 734/966/966
f 2625/967/967 2612/987/987 2628/971/971
f 1655/972/972 1656/989/989 1651/973/973
f 714/962/962 723/983/983 716/980/980
f 221/942/942 230/982/982 93/976/976
f 2204/956/956 2279/990/990 2479/965/965
f 2591/957/957 2529/991/991 2612/987/987
f 723/983/983 727/992/992 716/980/980
f 407/993/993 398/994/994 406/995/995
f 406/995/995 398/994/994 372/996/996
f 724/984/984 727/992/992 723/983/983
f 29/997/997 80/998/998 56/999/999
f 2342/932/932 2340/1000/1000 2341/917/917
f 1816/1001/1001 1822/1002/1002 1929/968/968
f 1929/968/968 1822/1002/1002 1926/977/977
f 1926/977/977 1927/1003/1003 1925/947/947
f 2591/957/957 2487/970/970 2529/991/991
f 727/992/992 751/1004/1004 716/980/980
f 398/994/994 392/1005/1005 372/996/996
f 392/1005/1005 365/1006/1006 372/996/996
f 372/996/996 365/1006/1006 371/1007/1007
f 81/1008/1008 29/997/997 28/1009/1009
f 2350/975/975 2340/1000/1000 2342/932/932
f 2340/1000/1000 2339/1010/1010 2341/917/917
f 129/986/986 164/1011/1011 170/903/903
f 128/888/888 92/960/960 129/986/986
f 1815/1012/1012 1812/1013/1013 1810/1014/1014
f 1816/1001/1001 1815/1012/1012 1822/1002/1002
f 1822/1002/1002 1928/1015/1015 1926/977/977
f 1925/947/947 1927/1003/1003 2190/1016/1016
f 1925/947/947 2190/1016/1016 2191/955/955
f 2191/955/955 2190/1016/1016 2185/978/978
f 2180/969/969 2182/1017/1017 2181/979/979
f 2181/979/979 2201/1018/1018 2204/956/956
f 2479/965/965 2279/990/990 2487/970/970
f 2529/991/991 2601/1019/1019 2612/987/987
f 716/980/980 751/1004/1004 750/1020/1020
f 2612/987/987 2601/1019/1019 2623/1021/1021
f 398/994/994 399/1022/1022 392/1005/1005
f 371/1007/1007 370/1023/1023 373/1024/1024
f 399/1022/1022 400/1025/1025 392/1005/1005
f 392/1005/1005 391/1026/1026 365/1006/1006
f 370/1023/1023 365/1006/1006 360/1027/1027
f 365/1006/1006 358/1028/1028 360/1027/1027
f 365/1006/1006 364/1029/1029 358/1028/1028
f 391/1026/1026 364/1029/1029 365/1006/1006
f 364/1029/1029 361/1030/1030 358/1028/1028
f 364/1029/1029 393/1031/1031 361/1030/1030
f 364/1029/1029 391/1026/1026 393/1031/1031
f 361/1030/1030 363/1032/1032 359/1033/1033
f 393/1031/1031 394/1034/1034 361/1030/1030
f 361/1030/1030 394/1034/1034 362/1035/1035
f 361/1030/1030 362/1035/1035 363/1032/1032
f 396/1036/1036 386/1037/1037 368/1038/1038
f 386/1037/1037 385/1039/1039 368/1038/1038
f 87/1040/1040 56/999/999 80/998/998
f 87/1040/1040 68/1041/1041 56/999/999
f 28/1009/1009 38/1042/1042 81/1008/1008
f 1926/977/977 1928/1015/1015 1927/1003/1003
f 2181/979/979 2198/1043/1043 2201/1018/1018
f 2204/956/956 2201/1018/1018 2279/990/990
f 2279/990/990 2443/1044/1044 2487/970/970
f 2487/970/970 2443/1044/1044 2529/991/991
f 2601/1019/1019 2622/1045/1045 2623/1021/1021
f 380/1046/1046 370/1023/1023 378/1047/1047
f 2622/1045/1045 2601/1019/1019 2620/1048/1048
f 370/1023/1023 360/1027/1027 378/1047/1047
f 400/1025/1025 391/1026/1026 392/1005/1005
f 400/1025/1025 403/1049/1049 391/1026/1026
f 403/1049/1049 393/1031/1031 391/1026/1026
f 361/1030/1030 359/1033/1033 358/1028/1028
f 358/1028/1028 359/1033/1033 360/1027/1027
f 360/1027/1027 359/1033/1033 377/1050/1050
f 403/1049/1049 402/1051/1051 393/1031/1031
f 402/1051/1051 394/1034/1034 393/1031/1031
f 402/1051/1051 401/1052/1052 394/1034/1034
f 394/1034/1034 367/1053/1053 362/1035/1035
f 401/1052/1052 397/1054/1054 394/1034/1034
f 363/1032/1032 366/1055/1055 374/1056/1056
f 394/1034/1034 397/1054/1054 395/1057/1057
f 394/1034/1034 395/1057/1057 367/1053/1053
f 362/1035/1035 366/1055/1055 363/1032/1032
f 362/1035/1035 367/1053/1053 366/1055/1055
f 395/1057/1057 368/1038/1038 367/1053/1053
f 395/1057/1057 396/1036/1036 368/1038/1038
f 368/1038/1038 369/1058/1058 366/1055/1055
f 367/1053/1053 368/1038/1038 366/1055/1055
f 404/1059/1059 405/1060/1060 396/1036/1036
f 2583/1061/1061 2630/1062/1062 2632/1063/1063
f 2582/985/985 2514/1064/1064 2517/981/981
f 2514/1064/1064 2381/1065/1065 2517/981/981
f 1814/1066/1066 1815/1012/1012 1810/1014/1014
f 2181/979/979 2182/1017/1017 2198/1043/1043
f 2443/1044/1044 2511/1067/1067 2529/991/991
f 2529/991/991 2511/1067/1067 2601/1019/1019
f 2601/1019/1019 2600/1068/1068 2620/1048/1048
f 2600/1068/1068 2619/1069/1069 2620/1048/1048
f 378/1047/1047 360/1027/1027 377/1050/1050
f 2600/1068/1068 2617/1070/1070 2619/1069/1069
f 2617/1070/1070 2600/1068/1068 2602/1071/1071
f 2617/1070/1070 2602/1071/1071 2604/1072/1072
f 2617/1070/1070 2604/1072/1072 2618/1073/1073
f 359/1033/1033 363/1032/1032 374/1056/1056
f 2618/1073/1073 2604/1072/1072 2621/1074/1074
f 2621/1074/1074 2604/1072/1072 2592/1075/1075
f 2592/1075/1075 2613/1076/1076 2621/1074/1074
f 366/1055/1055 369/1058/1058 375/1077/1077
f 397/1054/1054 404/1059/1059 396/1036/1036
f 397/1054/1054 396/1036/1036 395/1057/1057
f 369/1058/1058 379/1078/1078 375/1077/1077
f 2613/1076/1076 2584/1079/1079 2583/1061/1061
f 2583/1061/1061 2514/1064/1064 2582/985/985
f 2370/952/952 2381/1065/1065 2350/975/975
f 2590/921/921 2524/964/964 2616/953/953
f 1815/1012/1012 1821/1080/1080 1822/1002/1002
f 1822/1002/1002 1821/1080/1080 1928/1015/1015
f 2190/1016/1016 2186/1081/1081 2185/978/978
f 2185/978/978 2184/1082/1082 2180/969/969
f 749/1083/1083 750/1020/1020 758/1084/1084
f 380/1046/1046 378/1047/1047 384/1085/1085
f 2601/1019/1019 2511/1067/1067 2600/1068/1068
f 2511/1067/1067 2512/1086/1086 2600/1068/1068
f 2600/1068/1068 2512/1086/1086 2602/1071/1071
f 2512/1086/1086 2456/1087/1087 2602/1071/1071
f 374/1056/1056 383/1088/1088 376/1089/1089
f 374/1056/1056 381/1090/1090 383/1088/1088
f 374/1056/1056 375/1077/1077 381/1090/1090
f 2592/1075/1075 2584/1079/1079 2613/1076/1076
f 2583/1061/1061 2515/1091/1091 2514/1064/1064
f 2339/1010/1010 2524/964/964 2341/917/917
f 245/941/941 253/954/954 230/982/982
f 1821/1080/1080 1936/1092/1092 1928/1015/1015
f 1928/1015/1015 1935/1093/1093 1927/1003/1003
f 2186/1081/1081 2184/1082/1082 2185/978/978
f 2201/1018/1018 2198/1043/1043 2279/990/990
f 2279/990/990 2198/1043/1043 2280/1094/1094
f 2279/990/990 2280/1094/1094 2443/1044/1044
f 2443/1044/1044 2414/1095/1095 2511/1067/1067
f 2456/1087/1087 2457/1096/1096 2602/1071/1071
f 2457/1096/1096 2604/1072/1072 2602/1071/1071
f 2457/1096/1096 2458/1097/1097 2604/1072/1072
f 2458/1097/1097 2592/1075/1075 2604/1072/1072
f 2592/1075/1075 2473/1098/1098 2584/1079/1079
f 2584/1079/1079 2473/1098/1098 2515/1091/1091
f 2584/1079/1079 2515/1091/1091 2583/1061/1061
f 2381/1065/1065 2348/1099/1099 2350/975/975
f 2350/975/975 2348/1099/1099 2340/1000/1000
f 1804/1100/1100 1809/1101/1101 1808/1102/1102
f 1819/1103/1103 1815/1012/1012 1814/1066/1066
f 1819/1103/1103 1821/1080/1080 1815/1012/1012
f 1928/1015/1015 1936/1092/1092 1935/1093/1093
f 2180/969/969 2184/1082/1082 2182/1017/1017
f 2280/1094/1094 2414/1095/1095 2443/1044/1044
f 2511/1067/1067 2414/1095/1095 2512/1086/1086
f 2414/1095/1095 2415/1104/1104 2512/1086/1086
f 377/1050/1050 388/1105/1105 387/1106/1106
f 2512/1086/1086 2415/1104/1104 2456/1087/1087
f 383/1088/1088 381/1090/1090 390/1107/1107
f 2458/1097/1097 2473/1098/1098 2592/1075/1075
f 2515/1091/1091 2473/1098/1098 2391/1108/1108
f 2515/1091/1091 2391/1108/1108 2514/1064/1064
f 2514/1064/1064 2391/1108/1108 2381/1065/1065
f 91/943/943 93/976/976 92/960/960
f 1664/1109/1109 1667/1110/1110 1666/1111/1111
f 1675/1112/1112 1685/1113/1113 1683/1114/1114
f 1927/1003/1003 2192/1115/1115 2190/1016/1016
f 2192/1115/1115 2186/1081/1081 2190/1016/1016
f 2182/1017/1017 2202/1116/1116 2198/1043/1043
f 2202/1116/1116 2281/1117/1117 2198/1043/1043
f 2456/1087/1087 2384/1118/1118 2457/1096/1096
f 2458/1097/1097 2457/1096/1096 2433/1119/1119
f 2458/1097/1097 2433/1119/1119 2473/1098/1098
f 1349/1120/1120 1132/1121/1121 1202/1122/1122
f 230/982/982 229/1123/1123 93/976/976
f 93/976/976 94/1124/1124 92/960/960
f 1801/1125/1125 1804/1100/1100 1807/1126/1126
f 1814/1066/1066 1800/1127/1127 1819/1103/1103
f 1935/1093/1093 2195/1128/1128 1927/1003/1003
f 2280/1094/1094 2416/1129/1129 2414/1095/1095
f 2413/1130/1130 2385/1131/1131 2414/1095/1095
f 2414/1095/1095 2385/1131/1131 2415/1104/1104
f 2381/1065/1065 2391/1108/1108 2348/1099/1099
f 2340/1000/1000 2338/1132/1132 2339/1010/1010
f 1819/1103/1103 1758/1133/1133 1821/1080/1080
f 1821/1080/1080 1758/1133/1133 1936/1092/1092
f 1927/1003/1003 2195/1128/1128 2192/1115/1115
f 2184/1082/1082 2202/1116/1116 2182/1017/1017
f 2281/1117/1117 2418/1134/1134 2198/1043/1043
f 2198/1043/1043 2418/1134/1134 2280/1094/1094
f 2418/1134/1134 2416/1129/1129 2280/1094/1094
f 2416/1129/1129 2413/1130/1130 2414/1095/1095
f 1010/1135/1135 1141/1136/1136 1138/1137/1137
f 2415/1104/1104 2384/1118/1118 2456/1087/1087
f 2384/1118/1118 2433/1119/1119 2457/1096/1096
f 2384/1118/1118 2355/1138/1138 2433/1119/1119
f 2392/1139/1139 2473/1098/1098 2433/1119/1119
f 2473/1098/1098 2392/1139/1139 2391/1108/1108
f 2192/1115/1115 2187/1140/1140 2186/1081/1081
f 2186/1081/1081 2187/1140/1140 2184/1082/1082
f 2385/1131/1131 2384/1118/1118 2415/1104/1104
f 2433/1119/1119 2355/1138/1138 2353/1141/1141
f 2433/1119/1119 2353/1141/1141 2392/1139/1139
f 2392/1139/1139 2353/1141/1141 2349/1142/1142
f 2392/1139/1139 2349/1142/1142 2391/1108/1108
f 2391/1108/1108 2349/1142/1142 2348/1099/1099
f 253/954/954 246/1143/1143 230/982/982
f 1800/1127/1127 1757/1144/1144 1819/1103/1103
f 2524/964/964 2607/1145/1145 2616/953/953
f 92/960/960 125/1146/1146 129/986/986
f 1664/1109/1109 1665/1147/1147 1659/1148/1148
f 1802/1149/1149 1803/1150/1150 1800/1127/1127
f 1819/1103/1103 1757/1144/1144 1758/1133/1133
f 1758/1133/1133 1938/1151/1151 1936/1092/1092
f 1936/1092/1092 1938/1151/1151 1937/1152/1152
f 1936/1092/1092 1937/1152/1152 1935/1093/1093
f 1935/1093/1093 1937/1152/1152 2195/1128/1128
f 2187/1140/1140 2203/1153/1153 2184/1082/1082
f 2184/1082/1082 2203/1153/1153 2202/1116/1116
f 2281/1117/1117 2420/1154/1154 2418/1134/1134
f 2416/1129/1129 2418/1134/1134 2413/1130/1130
f 2413/1130/1130 2417/1155/1155 2412/1156/1156
f 2339/1010/1010 2523/1157/1157 2524/964/964
f 230/982/982 246/1143/1143 229/1123/1123
f 92/960/960 94/1124/1124 125/1146/1146
f 2192/1115/1115 2193/1158/1158 2187/1140/1140
f 2202/1116/1116 2203/1153/1153 2281/1117/1117
f 2281/1117/1117 2421/1159/1159 2420/1154/1154
f 2418/1134/1134 2417/1155/1155 2413/1130/1130
f 2412/1156/1156 2383/1160/1160 2385/1131/1131
f 2385/1131/1131 2383/1160/1160 2384/1118/1118
f 2384/1118/1118 2383/1160/1160 2355/1138/1138
f 2355/1138/1138 2383/1160/1160 2354/1161/1161
f 2355/1138/1138 2354/1161/1161 2353/1141/1141
f 2349/1142/1142 2347/1162/1162 2348/1099/1099
f 1937/1152/1152 2196/1163/1163 2195/1128/1128
f 2195/1128/1128 2194/1164/1164 2192/1115/1115
f 2194/1164/1164 2193/1158/1158 2192/1115/1115
f 2187/1140/1140 2193/1158/1158 2203/1153/1153
f 2203/1153/1153 2421/1159/1159 2281/1117/1117
f 2383/1160/1160 2386/1165/1165 2354/1161/1161
f 2353/1141/1141 2354/1161/1161 2352/1166/1166
f 2353/1141/1141 2352/1166/1166 2349/1142/1142
f 2352/1166/1166 2351/1167/1167 2349/1142/1142
f 2349/1142/1142 2351/1167/1167 2347/1162/1162
f 2348/1099/1099 2347/1162/1162 2340/1000/1000
f 2523/1157/1157 2607/1145/1145 2524/964/964
f 2196/1163/1163 2194/1164/1164 2195/1128/1128
f 2421/1159/1159 2419/1168/1168 2420/1154/1154
f 2420/1154/1154 2419/1168/1168 2418/1134/1134
f 2418/1134/1134 2419/1168/1168 2417/1155/1155
f 2419/1168/1168 2435/1169/1169 2417/1155/1155
f 2417/1155/1155 2435/1169/1169 2466/1170/1170
f 1219/1171/1171 1406/1172/1172 1170/1173/1173
f 2412/1156/1156 2484/1174/1174 2437/1175/1175
f 129/986/986 125/1146/1146 164/1011/1011
f 2203/1153/1153 2439/1176/1176 2421/1159/1159
f 2417/1155/1155 2466/1170/1170 2484/1174/1174
f 2484/1174/1174 2573/1177/1177 2437/1175/1175
f 2347/1162/1162 2338/1132/1132 2340/1000/1000
f 229/1123/1123 100/1178/1178 93/976/976
f 1659/1148/1148 1674/1179/1179 1660/1180/1180
f 1757/1144/1144 1756/1181/1181 1758/1133/1133
f 1758/1133/1133 1756/1181/1181 1939/1182/1182
f 1758/1133/1133 1939/1182/1182 1938/1151/1151
f 1938/1151/1151 1939/1182/1182 1937/1152/1152
f 1937/1152/1152 2197/1183/1183 2196/1163/1163
f 2196/1163/1163 2197/1183/1183 2194/1164/1164
f 2194/1164/1164 2199/1184/1184 2193/1158/1158
f 2193/1158/1158 2269/1185/1185 2203/1153/1153
f 2203/1153/1153 2269/1185/1185 2439/1176/1176
f 2421/1159/1159 2439/1176/1176 2419/1168/1168
f 660/1186/1186 659/1187/1187 661/1188/1188
f 661/1188/1188 659/1187/1187 662/1189/1189
f 2573/1177/1177 2541/1190/1190 2437/1175/1175
f 2437/1175/1175 2541/1190/1190 2383/1160/1160
f 2383/1160/1160 2541/1190/1190 2386/1165/1165
f 2354/1161/1161 2386/1165/1165 2352/1166/1166
f 2351/1167/1167 2373/1191/1191 2347/1162/1162
f 2338/1132/1132 2326/1192/1192 2339/1010/1010
f 2607/1145/1145 2615/1193/1193 2616/953/953
f 253/954/954 247/1194/1194 246/1143/1143
f 1746/1195/1195 1756/1181/1181 1757/1144/1144
f 2197/1183/1183 2199/1184/1184 2194/1164/1164
f 2193/1158/1158 2199/1184/1184 2269/1185/1185
f 2419/1168/1168 2513/1196/1196 2435/1169/1169
f 660/1186/1186 658/1197/1197 659/1187/1187
f 659/1187/1187 663/1198/1198 662/1189/1189
f 662/1189/1189 663/1198/1198 664/1199/1199
f 2541/1190/1190 2547/1200/1200 2386/1165/1165
f 2386/1165/1165 2516/1201/1201 2352/1166/1166
f 2352/1166/1166 2441/1202/1202 2351/1167/1167
f 2339/1010/1010 2326/1192/1192 2523/1157/1157
f 1937/1152/1152 2208/1203/1203 2197/1183/1183
f 2543/1204/1204 2542/1205/1205 2439/1176/1176
f 2439/1176/1176 2542/1205/1205 2513/1196/1196
f 2439/1176/1176 2513/1196/1196 2419/1168/1168
f 677/1206/1206 645/1207/1207 658/1197/1197
f 658/1197/1197 644/1208/1208 659/1187/1187
f 659/1187/1187 644/1208/1208 643/1209/1209
f 663/1198/1198 665/1210/1210 664/1199/1199
f 664/1199/1199 665/1210/1210 666/1211/1211
f 2352/1166/1166 2516/1201/1201 2441/1202/1202
f 2441/1202/1202 2373/1191/1191 2351/1167/1167
f 2373/1191/1191 2356/1212/1212 2347/1162/1162
f 246/1143/1143 234/1213/1213 229/1123/1123
f 100/1178/1178 99/1214/1214 93/976/976
f 93/976/976 99/1214/1214 94/1124/1124
f 1746/1195/1195 1744/1215/1215 1756/1181/1181
f 1939/1182/1182 2208/1203/1203 1937/1152/1152
f 2197/1183/1183 2200/1216/1216 2199/1184/1184
f 2269/1185/1185 2544/1217/1217 2439/1176/1176
f 636/1218/1218 650/1219/1219 649/1220/1220
f 665/1210/1210 667/1221/1221 666/1211/1211
f 666/1211/1211 667/1221/1221 668/1222/1222
f 667/1221/1221 669/1223/1223 668/1222/1222
f 668/1222/1222 669/1223/1223 670/1224/1224
f 668/1222/1222 670/1224/1224 671/1225/1225
f 2441/1202/1202 2440/1226/1226 2373/1191/1191
f 2373/1191/1191 2440/1226/1226 2356/1212/1212
f 2347/1162/1162 2356/1212/1212 2338/1132/1132
f 229/1123/1123 234/1213/1213 100/1178/1178
f 2199/1184/1184 2268/1227/1227 2269/1185/1185
f 2439/1176/1176 2544/1217/1217 2543/1204/1204
f 1412/1228/1228 1425/1229/1229 1354/1230/1230
f 677/1206/1206 681/1231/1231 683/1232/1232
f 683/1232/1232 648/1233/1233 645/1207/1207
f 683/1232/1232 645/1207/1207 677/1206/1206
f 2441/1202/1202 2493/1234/1234 2440/1226/1226
f 125/1146/1146 126/1235/1235 164/1011/1011
f 1745/1236/1236 1744/1215/1215 1746/1195/1195
f 1756/1181/1181 1755/1237/1237 1939/1182/1182
f 2200/1216/1216 2268/1227/1227 2199/1184/1184
f 2269/1185/1185 2509/1238/1238 2544/1217/1217
f 681/1231/1231 640/1239/1239 648/1233/1233
f 633/1240/1240 637/1241/1241 635/1242/1242
f 652/1243/1243 653/1244/1244 654/1245/1245
f 652/1243/1243 654/1245/1245 655/1246/1246
f 656/1247/1247 694/1248/1248 676/1249/1249
f 669/1223/1223 676/1249/1249 670/1224/1224
f 670/1224/1224 672/1250/1250 671/1225/1225
f 2441/1202/1202 2572/1251/1251 2493/1234/1234
f 2440/1226/1226 2390/1252/1252 2356/1212/1212
f 94/1124/1124 99/1214/1214 125/1146/1146
f 1744/1215/1215 1747/1253/1253 1756/1181/1181
f 2200/1216/1216 2267/1254/1254 2268/1227/1227
f 2268/1227/1227 2509/1238/1238 2269/1185/1185
f 1354/1230/1230 1427/1255/1255 1355/1256/1256
f 684/1257/1257 641/1258/1258 682/1259/1259
f 682/1259/1259 641/1258/1258 681/1231/1231
f 681/1231/1231 641/1258/1258 640/1239/1239
f 640/1239/1239 639/1260/1260 638/1261/1261
f 2968/1262/1262 2967/1263/1263 2970/1264/1264
f 670/1224/1224 673/1265/1265 672/1250/1250
f 246/1143/1143 247/1194/1194 234/1213/1213
f 1755/1237/1237 1940/1266/1266 1939/1182/1182
f 2208/1203/1203 2200/1216/1216 2197/1183/1183
f 2509/1238/1238 2569/1267/1267 2544/1217/1217
f 684/1257/1257 685/1268/1268 641/1258/1258
f 1447/1269/1269 1446/1270/1270 1425/1229/1229
f 670/1224/1224 689/1271/1271 673/1265/1265
f 2493/1234/1234 2489/1272/1272 2390/1252/1252
f 2440/1226/1226 2493/1234/1234 2390/1252/1252
f 1733/1273/1273 1737/1274/1274 1744/1215/1215
f 1744/1215/1215 1737/1274/1274 1747/1253/1253
f 1756/1181/1181 1747/1253/1253 1755/1237/1237
f 1939/1182/1182 1940/1266/1266 2208/1203/1203
f 2267/1254/1254 2499/1275/1275 2268/1227/1227
f 686/1276/1276 685/1268/1268 684/1257/1257
f 641/1258/1258 642/1277/1277 639/1260/1260
f 673/1265/1265 674/1278/1278 672/1250/1250
f 672/1250/1250 674/1278/1278 675/1279/1279
f 2493/1234/1234 2521/1280/1280 2489/1272/1272
f 2356/1212/1212 2390/1252/1252 2338/1132/1132
f 99/1214/1214 126/1235/1235 125/1146/1146
f 2200/1216/1216 2266/1281/1281 2267/1254/1254
f 2268/1227/1227 2499/1275/1275 2509/1238/1238
f 685/1268/1268 687/1282/1282 651/1283/1283
f 685/1268/1268 651/1283/1283 646/1284/1284
f 2175/1285/1285 2171/1286/1286 2173/1287/1287
f 2390/1252/1252 2389/1288/1288 2338/1132/1132
f 2338/1132/1132 2389/1288/1288 2325/1289/1289
f 2338/1132/1132 2325/1289/1289 2326/1192/1192
f 2326/1192/1192 2411/1290/1290 2523/1157/1157
f 2523/1157/1157 2411/1290/1290 2607/1145/1145
f 100/1178/1178 101/1291/1291 99/1214/1214
f 2499/1275/1275 2569/1267/1267 2509/1238/1238
f 234/1213/1213 101/1291/1291 100/1178/1178
f 2171/1286/1286 2170/1292/1292 2173/1287/1287
f 2173/1287/1287 2170/1292/1292 2521/1280/1280
f 2521/1280/1280 2506/1293/1293 2489/1272/1272
f 2489/1272/1272 2389/1288/1288 2390/1252/1252
f 191/1294/1294 143/1295/1295 190/1296/1296
f 247/1194/1194 248/1297/1297 234/1213/1213
f 101/1291/1291 102/1298/1298 99/1214/1214
f 1680/1299/1299 1679/1300/1300 1686/1301/1301
f 1747/1253/1253 1753/1302/1302 1755/1237/1237
f 1400/1303/1303 918/1304/1304 1287/1305/1305
f 2499/1275/1275 2568/1306/1306 2569/1267/1267
f 686/1276/1276 688/1307/1307 687/1282/1282
f 2984/1308/1308 2979/1309/1309 2985/1310/1310
f 2506/1293/1293 2491/1311/1311 2489/1272/1272
f 2491/1311/1311 2490/1312/1312 2489/1272/1272
f 2489/1272/1272 2490/1312/1312 2389/1288/1288
f 2325/1289/1289 2324/1313/1313 2326/1192/1192
f 2607/1145/1145 2614/1314/1314 2615/1193/1193
f 1737/1274/1274 1739/1315/1315 1747/1253/1253
f 1755/1237/1237 1941/1316/1316 1940/1266/1266
f 690/1317/1317 688/1307/1307 686/1276/1276
f 1429/1318/1318 1453/1319/1319 919/1320/1320
f 2984/1308/1308 2980/1321/1321 2979/1309/1309
f 2978/1322/1322 2980/1321/1321 2981/1323/1323
f 457/1324/1324 441/1325/1325 459/1326/1326
f 126/1235/1235 130/1327/1327 143/1295/1295
f 126/1235/1235 102/1298/1298 130/1327/1327
f 99/1214/1214 102/1298/1298 126/1235/1235
f 2266/1281/1281 2470/1328/1328 2267/1254/1254
f 2267/1254/1254 2470/1328/1328 2499/1275/1275
f 2499/1275/1275 2470/1328/1328 2568/1306/1306
f 2980/1321/1321 2982/1329/1329 2981/1323/1323
f 2918/1330/1330 2919/1331/1330 2920/1332/1330
f 2326/1192/1192 2324/1313/1313 2411/1290/1290
f 2411/1290/1290 2335/1333/1331 2607/1145/1145
f 234/1213/1213 248/1297/1297 233/1334/1332
f 1940/1266/1266 2209/1335/1333 2208/1203/1203
f 2208/1203/1203 2209/1335/1333 2200/1216/1216
f 2209/1335/1333 2210/1336/1334 2200/1216/1216
f 2200/1216/1216 2210/1336/1334 2266/1281/1281
f 2470/1328/1328 2567/1337/1335 2568/1306/1306
f 690/1317/1317 693/1338/1336 691/1339/1337
f 2984/1308/1308 2982/1329/1329 2980/1321/1321
f 2982/1329/1329 2983/1340/1338 2981/1323/1323
f 441/1325/1325 438/1341/1339 459/1326/1326
f 2506/1293/1293 2492/1342/1340 2491/1311/1311
f 2491/1311/1311 2426/1343/1341 2490/1312/1312
f 2607/1145/1145 2335/1333/1331 2614/1314/1314
f 234/1213/1213 233/1334/1332 101/1291/1291
f 691/1339/1337 692/1344/1342 688/1307/1307
f 2988/1345/1343 2982/1329/1329 2984/1308/1308
f 2506/1293/1293 2530/1346/1344 2492/1342/1340
f 2491/1311/1311 2492/1342/1340 2426/1343/1341
f 2426/1343/1341 2388/1347/1345 2389/1288/1288
f 2490/1312/1312 2426/1343/1341 2389/1288/1288
f 2389/1288/1288 2388/1347/1345 2482/1348/1346
f 2482/1348/1346 2388/1347/1345 2325/1289/1289
f 233/1334/1332 103/1349/1347 101/1291/1291
f 101/1291/1291 103/1349/1347 102/1298/1298
f 2210/1336/1334 2276/1350/1348 2266/1281/1281
f 918/1304/1304 915/1351/1349 913/1352/1350
f 1454/1353/1351 1458/1354/1352 915/1351/1349
f 1454/1353/1351 915/1351/1349 919/1320/1320
f 2988/1345/1343 2987/1355/1353 2982/1329/1329
f 2983/1340/1338 2982/1329/1329 2986/1356/1354
f 2324/1313/1313 2335/1333/1331 2411/1290/1290
f 130/1327/1327 104/1357/1355 143/1295/1295
f 102/1298/1298 104/1357/1355 130/1327/1327
f 102/1298/1298 103/1349/1347 104/1357/1355
f 1940/1266/1266 1942/1358/1356 2209/1335/1333
f 2266/1281/1281 2276/1350/1348 2470/1328/1328
f 2470/1328/1328 2276/1350/1348 2567/1337/1335
f 691/1339/1337 693/1338/1336 692/1344/1342
f 2982/1329/1329 2987/1355/1353 2986/1356/1354
f 2170/1292/1292 2530/1346/1344 2506/1293/1293
f 2492/1342/1340 2425/1359/1357 2426/1343/1341
f 2210/1336/1334 2225/1360/1358 2276/1350/1348
f 915/1351/1349 902/1361/1359 913/1352/1350
f 344/1362/1360 343/1363/1361 345/1364/1362
f 346/1365/1363 344/1362/1360 345/1364/1362
f 345/1364/1362 343/1363/1361 350/1366/1364
f 345/1364/1362 350/1366/1364 354/1367/1365
f 2989/1368/1366 2991/1369/1367 2992/1370/1368
f 2171/1286/1286 2165/1371/1369 2170/1292/1292
f 2425/1359/1357 2330/1372/1370 2388/1347/1345
f 2426/1343/1341 2425/1359/1357 2388/1347/1345
f 2388/1347/1345 2330/1372/1370 2325/1289/1289
f 248/1297/1297 249/1373/1371 233/1334/1332
f 1730/1374/1372 1727/1375/1373 1729/1376/1374
f 1738/1377/1375 1751/1378/1376 1753/1302/1302
f 1739/1315/1315 1738/1377/1375 1753/1302/1302
f 1941/1316/1316 1942/1358/1356 1940/1266/1266
f 915/1351/1349 891/1379/1377 902/1361/1359
f 1458/1354/1352 875/1380/1378 891/1379/1377
f 1458/1354/1352 891/1379/1377 915/1351/1349
f 2170/1292/1292 2169/1381/1379 2530/1346/1344
f 2335/1333/1331 2611/1382/1380 2614/1314/1314
f 233/1334/1332 110/1383/1381 103/1349/1347
f 1751/1378/1376 1943/1384/1382 1941/1316/1316
f 1753/1302/1302 1751/1378/1376 1941/1316/1316
f 2276/1350/1348 2566/1385/1383 2567/1337/1335
f 346/1365/1363 342/1386/1384 344/1362/1360
f 343/1363/1361 351/1387/1385 350/1366/1364
f 350/1366/1364 351/1387/1385 354/1367/1365
f 2989/1368/1366 2990/1388/1386 2991/1369/1367
f 2321/1389/1387 2324/1313/1313 2325/1289/1289
f 143/1295/1295 158/1390/1388 190/1296/1296
f 105/1391/1389 142/1392/1390 104/1357/1355
f 103/1349/1347 110/1383/1381 105/1391/1389
f 103/1349/1347 105/1391/1389 104/1357/1355
f 1941/1316/1316 1943/1384/1382 1942/1358/1356
f 248/1297/1297 254/1393/1391 249/1373/1371
f 249/1373/1371 250/1394/1392 233/1334/1332
f 2210/1336/1334 2212/1395/1393 2225/1360/1358
f 344/1362/1360 342/1386/1384 343/1363/1361
f 873/1396/1394 884/1397/1395 891/1379/1377
f 875/1380/1378 873/1396/1394 891/1379/1377
f 343/1363/1361 341/1398/1396 351/1387/1385
f 872/1399/1397 873/1396/1394 874/1400/1398
f 874/1400/1398 873/1396/1394 875/1380/1378
f 2330/1372/1370 2321/1389/1387 2325/1289/1289
f 2611/1382/1380 2049/1401/1399 2614/1314/1314
f 2276/1350/1348 2442/1402/1400 2566/1385/1383
f 342/1386/1384 341/1398/1396 343/1363/1361
f 902/1361/1359 891/1379/1377 898/1403/1401
f 891/1379/1377 884/1397/1395 898/1403/1401
f 341/1398/1396 353/1404/1402 351/1387/1385
f 2321/1389/1387 2322/1405/1403 2324/1313/1313
f 105/1391/1389 111/1406/1404 142/1392/1390
f 110/1383/1381 111/1406/1404 105/1391/1389
f 2530/1346/1344 2520/1407/1405 2492/1342/1340
f 250/1394/1392 216/1408/1406 233/1334/1332
f 233/1334/1332 216/1408/1406 110/1383/1381
f 1738/1377/1375 1734/1409/1407 1751/1378/1376
f 2225/1360/1358 2442/1402/1400 2276/1350/1348
f 342/1386/1384 340/1410/1408 341/1398/1396
f 2492/1342/1340 2520/1407/1405 2425/1359/1357
f 2324/1313/1313 2322/1405/1403 2335/1333/1331
f 158/1390/1388 181/1411/1409 190/1296/1296
f 110/1383/1381 216/1408/1406 121/1412/1410
f 110/1383/1381 121/1412/1410 111/1406/1404
f 1751/1378/1376 1752/1413/1411 1943/1384/1382
f 2566/1385/1383 2442/1402/1400 2565/1414/1412
f 873/1396/1394 876/1415/1413 884/1397/1395
f 2322/1405/1403 2334/1416/1414 2335/1333/1331
f 2049/1401/1399 2050/1417/1415 2052/1418/1416
f 1942/1358/1356 2211/1419/1417 2209/1335/1333
f 2225/1360/1358 2213/1420/1418 2442/1402/1400
f 884/1397/1395 896/1421/1419 898/1403/1401
f 340/1410/1408 338/1422/1420 341/1398/1396
f 341/1398/1396 338/1422/1420 353/1404/1402
f 353/1404/1402 338/1422/1420 352/1423/1421
f 872/1399/1397 877/1424/1422 876/1415/1413
f 2169/1381/1379 2162/1425/1423 2530/1346/1344
f 2330/1372/1370 2327/1426/1424 2321/1389/1387
f 2052/1418/1416 2050/1417/1415 2051/1427/1425
f 250/1394/1392 217/1428/1426 216/1408/1406
f 2209/1335/1333 2211/1419/1417 2210/1336/1334
f 2210/1336/1334 2211/1419/1417 2212/1395/1393
f 2212/1395/1393 2213/1420/1418 2225/1360/1358
f 2461/1429/1427 2565/1414/1412 2442/1402/1400
f 878/1430/1428 888/1431/1429 884/1397/1395
f 876/1415/1413 878/1430/1428 884/1397/1395
f 877/1424/1422 878/1430/1428 876/1415/1413
f 2165/1371/1369 2163/1432/1430 2169/1381/1379
f 132/1433/1431 158/1390/1388 142/1392/1390
f 111/1406/1404 132/1433/1431 142/1392/1390
f 1726/1434/1432 1735/1435/1433 1734/1409/1407
f 1734/1409/1407 1752/1413/1411 1751/1378/1376
f 1943/1384/1382 1752/1413/1411 1942/1358/1356
f 2442/1402/1400 2213/1420/1418 2461/1429/1427
f 2565/1414/1412 2461/1429/1427 2580/1436/1434
f 339/1437/1435 338/1422/1420 340/1410/1408
f 884/1397/1395 888/1431/1429 896/1421/1419
f 2530/1346/1344 2162/1425/1423 2520/1407/1405
f 339/1437/1435 337/1438/1436 338/1422/1420
f 877/1424/1422 879/1439/1437 878/1430/1428
f 2322/1405/1403 2333/1440/1438 2334/1416/1414
f 2334/1416/1414 2611/1382/1380 2335/1333/1331
f 217/1428/1426 140/1441/1439 216/1408/1406
f 216/1408/1406 140/1441/1439 121/1412/1410
f 121/1412/1410 132/1433/1431 111/1406/1404
f 1942/1358/1356 1944/1442/1440 2211/1419/1417
f 2212/1395/1393 2211/1419/1417 2213/1420/1418
f 2213/1420/1418 2460/1443/1441 2461/1429/1427
f 880/1444/1442 879/1439/1437 877/1424/1422
f 2050/1417/1415 2046/1445/1443 2051/1427/1425
f 250/1394/1392 257/1446/1444 217/1428/1426
f 1726/1434/1432 1717/1447/1445 1735/1435/1433
f 1752/1413/1411 1944/1442/1440 1942/1358/1356
f 2461/1429/1427 2501/1448/1446 2580/1436/1434
f 2501/1448/1446 2588/1449/1447 2580/1436/1434
f 337/1438/1436 336/1450/1448 338/1422/1420
f 2327/1426/1424 2320/1451/1449 2321/1389/1387
f 2050/1417/1415 2048/1452/1450 2046/1445/1443
f 888/1431/1429 897/1453/1451 896/1421/1419
f 336/1450/1448 347/1454/1452 338/1422/1420
f 338/1422/1420 347/1454/1452 352/1423/1421
f 352/1423/1421 347/1454/1452 357/1455/1453
f 2425/1359/1357 2320/1451/1449 2327/1426/1424
f 2334/1416/1414 2333/1440/1438 2611/1382/1380
f 2044/1456/1454 2048/1452/1450 2049/1401/1399
f 2611/1382/1380 2044/1456/1454 2049/1401/1399
f 2049/1401/1399 2048/1452/1450 2050/1417/1415
f 1735/1435/1433 1742/1457/1455 1734/1409/1407
f 1734/1409/1407 1742/1457/1455 1752/1413/1411
f 2460/1443/1441 2501/1448/1446 2461/1429/1427
f 879/1439/1437 882/1458/1456 888/1431/1429
f 880/1444/1442 881/1459/1457 879/1439/1437
f 2163/1432/1430 2162/1425/1423 2169/1381/1379
f 2425/1359/1357 2520/1407/1405 2424/1460/1458
f 2424/1460/1458 2320/1451/1449 2425/1359/1357
f 2333/1440/1438 2044/1456/1454 2611/1382/1380
f 158/1390/1388 135/1461/1459 165/1462/1460
f 132/1433/1431 135/1461/1459 158/1390/1388
f 140/1441/1439 133/1463/1461 121/1412/1410
f 133/1463/1461 132/1433/1431 121/1412/1410
f 2211/1419/1417 2214/1464/1462 2213/1420/1418
f 337/1438/1436 335/1465/1463 336/1450/1448
f 882/1458/1456 889/1466/1464 888/1431/1429
f 881/1459/1457 882/1458/1456 879/1439/1437
f 347/1454/1452 356/1467/1465 357/1455/1453
f 880/1444/1442 883/1468/1466 881/1459/1457
f 2321/1389/1387 2320/1451/1449 2319/1469/1467
f 2321/1389/1387 2319/1469/1467 2322/1405/1403
f 2322/1405/1403 2319/1469/1467 2333/1440/1438
f 158/1390/1388 165/1462/1460 181/1411/1409
f 1716/1470/1468 1742/1457/1455 1735/1435/1433
f 1742/1457/1455 1749/1471/1469 1752/1413/1411
f 2588/1449/1447 2501/1448/1446 2589/1472/1470
f 2162/1425/1423 2161/1473/1471 2520/1407/1405
f 1752/1413/1411 1749/1471/1469 1944/1442/1440
f 2214/1464/1462 2215/1474/1472 2213/1420/1418
f 2520/1407/1405 2161/1473/1471 2424/1460/1458
f 2333/1440/1438 2319/1469/1467 2331/1475/1473
f 1721/1476/1474 1718/1477/1475 1717/1447/1445
f 2213/1420/1418 2216/1478/1476 2460/1443/1441
f 2460/1443/1441 2462/1479/1477 2501/1448/1446
f 2501/1448/1446 2507/1480/1478 2589/1472/1470
f 897/1453/1451 889/1466/1464 899/1481/1479
f 330/1482/1480 347/1454/1452 336/1450/1448
f 336/1450/1448 335/1465/1463 330/1482/1480
f 881/1459/1457 885/1483/1481 882/1458/1456
f 347/1454/1452 348/1484/1482 356/1467/1465
f 2320/1451/1449 2318/1485/1483 2319/1469/1467
f 2333/1440/1438 2577/1486/1484 2044/1456/1454
f 133/1463/1461 135/1461/1459 132/1433/1431
f 1716/1470/1468 1743/1487/1485 1742/1457/1455
f 1944/1442/1440 2214/1464/1462 2211/1419/1417
f 2213/1420/1418 2215/1474/1472 2216/1478/1476
f 2501/1448/1446 2462/1479/1477 2507/1480/1478
f 882/1458/1456 890/1488/1486 889/1466/1464
f 330/1482/1480 348/1484/1482 347/1454/1452
f 881/1459/1457 886/1489/1487 885/1483/1481
f 356/1467/1465 348/1484/1482 355/1490/1488
f 883/1468/1466 886/1489/1487 881/1459/1457
f 883/1468/1466 887/1491/1489 886/1489/1487
f 2331/1475/1473 2577/1486/1484 2333/1440/1438
f 2048/1452/1450 2044/1456/1454 2046/1445/1443
f 2046/1445/1443 2044/1456/1454 2045/1492/1490
f 257/1446/1444 176/1493/1491 217/1428/1426
f 217/1428/1426 176/1493/1491 140/1441/1439
f 140/1441/1439 176/1493/1491 136/1494/1492
f 140/1441/1439 136/1494/1492 133/1463/1461
f 1742/1457/1455 1743/1487/1485 1749/1471/1469
f 2460/1443/1441 2216/1478/1476 2462/1479/1477
f 889/1466/1464 890/1488/1486 899/1481/1479
f 335/1465/1463 331/1495/1493 330/1482/1480
f 2163/1432/1430 2160/1496/1494 2162/1425/1423
f 1336/1497/1495 1368/1498/1496 1214/1499/1497
f 1749/1471/1469 1945/1500/1498 1944/1442/1440
f 335/1465/1463 333/1501/1499 331/1495/1493
f 355/1490/1488 348/1484/1482 349/1502/1500
f 2162/1425/1423 2160/1496/1494 2161/1473/1471
f 2424/1460/1458 2318/1485/1483 2320/1451/1449
f 135/1461/1459 141/1503/1501 165/1462/1460
f 136/1494/1492 135/1461/1459 133/1463/1461
f 330/1482/1480 322/1504/1502 348/1484/1482
f 348/1484/1482 322/1504/1502 349/1502/1500
f 887/1491/1489 893/1505/1503 892/1506/1504
f 887/1491/1489 892/1506/1504 886/1489/1487
f 2318/1485/1483 2317/1507/1505 2319/1469/1467
f 181/1411/1409 180/1508/1506 201/1509/1507
f 181/1411/1409 201/1509/1507 200/1510/1508
f 2044/1456/1454 2043/1511/1509 2045/1492/1490
f 2045/1492/1490 2043/1511/1509 2047/1512/1510
f 1749/1471/1469 1953/1513/1511 1945/1500/1498
f 1944/1442/1440 1945/1500/1498 1946/1514/1512
f 1944/1442/1440 1946/1514/1512 2214/1464/1462
f 2214/1464/1462 2217/1515/1513 2215/1474/1472
f 890/1488/1486 900/1516/1514 899/1481/1479
f 894/1517/1515 900/1516/1514 890/1488/1486
f 321/1518/1516 282/1519/1517 331/1495/1493
f 331/1495/1493 282/1519/1517 330/1482/1480
f 330/1482/1480 282/1519/1517 322/1504/1502
f 892/1506/1504 894/1517/1515 885/1483/1481
f 886/1489/1487 892/1506/1504 885/1483/1481
f 2160/1496/1494 2158/1520/1518 2161/1473/1471
f 2158/1520/1518 2167/1521/1519 2161/1473/1471
f 2161/1473/1471 2167/1521/1519 2424/1460/1458
f 1743/1487/1485 1953/1513/1511 1749/1471/1469
f 2215/1474/1472 2218/1522/1520 2216/1478/1476
f 2462/1479/1477 2463/1523/1521 2507/1480/1478
f 331/1495/1493 333/1501/1499 321/1518/1516
f 322/1504/1502 275/1524/1522 349/1502/1500
f 275/1524/1522 274/1525/1523 349/1502/1500
f 893/1505/1503 895/1526/1524 892/1506/1504
f 2167/1521/1519 2423/1527/1525 2424/1460/1458
f 2424/1460/1458 2423/1527/1525 2318/1485/1483
f 2577/1486/1484 2042/1528/1526 2044/1456/1454
f 176/1493/1491 152/1529/1527 136/1494/1492
f 1719/1530/1528 1748/1531/1529 1743/1487/1485
f 1743/1487/1485 1748/1531/1529 1953/1513/1511
f 2462/1479/1477 2216/1478/1476 2463/1523/1521
f 333/1501/1499 329/1532/1530 321/1518/1516
f 282/1519/1517 275/1524/1522 322/1504/1502
f 892/1506/1504 903/1533/1531 894/1517/1515
f 892/1506/1504 895/1526/1524 903/1533/1531
f 2319/1469/1467 2323/1534/1532 2331/1475/1473
f 2331/1475/1473 2323/1534/1532 2577/1486/1484
f 2044/1456/1454 2042/1528/1526 2043/1511/1509
f 2214/1464/1462 1946/1514/1512 2217/1515/1513
f 2215/1474/1472 2217/1515/1513 2218/1522/1520
f 2507/1480/1478 2463/1523/1521 2464/1535/1533
f 321/1518/1516 309/1536/1534 282/1519/1517
f 282/1519/1517 280/1537/1535 275/1524/1522
f 903/1533/1531 904/1538/1536 894/1517/1515
f 895/1526/1524 907/1539/1537 903/1533/1531
f 275/1524/1522 273/1540/1538 274/1525/1523
f 2423/1527/1525 2316/1541/1539 2318/1485/1483
f 1214/1499/1497 1121/1542/1540 1070/1543/1541
f 309/1536/1534 280/1537/1535 282/1519/1517
f 903/1533/1531 906/1544/1542 904/1538/1536
f 280/1537/1535 273/1540/1538 275/1524/1522
f 907/1539/1537 906/1544/1542 903/1533/1531
f 273/1540/1538 272/1545/1543 274/1525/1523
f 895/1526/1524 909/1546/1544 907/1539/1537
f 2319/1469/1467 2317/1507/1505 2323/1534/1532
f 152/1529/1527 137/1547/1545 136/1494/1492
f 136/1494/1492 137/1547/1545 135/1461/1459
f 1720/1548/1546 1723/1549/1547 1719/1530/1528
f 1719/1530/1528 1724/1550/1548 1748/1531/1529
f 1748/1531/1529 1754/1551/1549 1953/1513/1511
f 2216/1478/1476 2218/1522/1520 2221/1552/1550
f 2216/1478/1476 2221/1552/1550 2463/1523/1521
f 321/1518/1516 329/1532/1530 309/1536/1534
f 894/1517/1515 905/1553/1551 901/1554/1552
f 894/1517/1515 904/1538/1536 905/1553/1551
f 309/1536/1534 281/1555/1553 280/1537/1535
f 280/1537/1535 281/1555/1553 273/1540/1538
f 273/1540/1538 271/1556/1554 272/1545/1543
f 2943/1557/1555 2942/1558/1556 2945/1559/1557
f 2167/1521/1519 2488/1560/1558 2423/1527/1525
f 180/1508/1506 199/1561/1559 201/1509/1507
f 2323/1534/1532 2576/1562/1560 2577/1486/1484
f 1724/1550/1548 1754/1551/1549 1748/1531/1529
f 1953/1513/1511 1754/1551/1549 1955/1563/1561
f 2463/1523/1521 2221/1552/1550 2464/1535/1533
f 329/1532/1530 326/1564/1562 309/1536/1534
f 309/1536/1534 318/1565/1563 281/1555/1553
f 904/1538/1536 906/1544/1542 910/1566/1564
f 281/1555/1553 276/1567/1565 273/1540/1538
f 276/1567/1565 271/1556/1554 273/1540/1538
f 2942/1558/1556 2944/1568/1566 2945/1559/1557
f 907/1539/1537 911/1569/1567 906/1544/1542
f 271/1556/1554 270/1570/1568 272/1545/1543
f 2943/1557/1555 2941/1571/1569 2942/1558/1556
f 2158/1520/1518 2168/1572/1570 2167/1521/1519
f 2488/1560/1558 2382/1573/1571 2423/1527/1525
f 1953/1513/1511 1955/1563/1561 1945/1500/1498
f 1946/1514/1512 1948/1574/1572 2217/1515/1513
f 2464/1535/1533 2221/1552/1550 2519/1575/1573
f 326/1564/1562 318/1565/1563 309/1536/1534
f 905/1553/1551 904/1538/1536 908/1576/1574
f 287/1577/1575 276/1567/1565 281/1555/1553
f 281/1555/1553 318/1565/1563 287/1577/1575
f 271/1556/1554 276/1567/1565 269/1578/1576
f 2944/1568/1566 2942/1558/1556 2940/1579/1577
f 911/1569/1567 924/1580/1578 916/1581/1579
f 269/1578/1576 270/1570/1568 271/1556/1554
f 2942/1558/1556 2941/1571/1569 2940/1579/1577
f 269/1578/1576 267/1582/1580 270/1570/1568
f 2156/1583/1581 2155/1584/1582 2158/1520/1518
f 2158/1520/1518 2155/1584/1582 2168/1572/1570
f 2167/1521/1519 2168/1572/1570 2488/1560/1558
f 152/1529/1527 150/1585/1583 137/1547/1545
f 1724/1550/1548 1740/1586/1584 1754/1551/1549
f 1945/1500/1498 1955/1563/1561 1947/1587/1585
f 1945/1500/1498 1947/1587/1585 1946/1514/1512
f 1946/1514/1512 1947/1587/1585 1948/1574/1572
f 2217/1515/1513 1948/1574/1572 2219/1588/1586
f 2221/1552/1550 2223/1589/1587 2519/1575/1573
f 326/1564/1562 307/1590/1588 318/1565/1563
f 318/1565/1563 307/1590/1588 287/1577/1575
f 287/1577/1575 283/1591/1589 276/1567/1565
f 276/1567/1565 277/1592/1590 269/1578/1576
f 2941/1571/1569 2936/1593/1591 2940/1579/1577
f 269/1578/1576 268/1594/1592 267/1582/1580
f 2941/1571/1569 2934/1595/1593 2936/1593/1591
f 2423/1527/1525 2382/1573/1571 2316/1541/1539
f 2318/1485/1483 2316/1541/1539 2317/1507/1505
f 1368/1498/1496 1284/1596/1594 1214/1499/1497
f 2043/1511/1509 2053/1597/1595 2047/1512/1510
f 2217/1515/1513 2219/1588/1586 2218/1522/1520
f 2519/1575/1573 2223/1589/1587 2535/1598/1596
f 287/1577/1575 307/1590/1588 283/1591/1589
f 276/1567/1565 283/1591/1589 277/1592/1590
f 277/1592/1590 278/1599/1597 269/1578/1576
f 278/1599/1597 268/1594/1592 269/1578/1576
f 278/1599/1597 266/1600/1598 268/1594/1592
f 2936/1593/1591 2937/1601/1599 2940/1579/1577
f 924/1580/1578 923/1602/1600 916/1581/1579
f 2151/1603/1601 2152/1604/1602 2156/1583/1581
f 2156/1583/1581 2152/1604/1602 2155/1584/1582
f 2168/1572/1570 2455/1605/1603 2488/1560/1558
f 2488/1560/1558 2455/1605/1603 2382/1573/1571
f 2576/1562/1560 2041/1606/1604 2577/1486/1484
f 2577/1486/1484 2041/1606/1604 2042/1528/1526
f 1754/1551/1549 1956/1607/1605 1955/1563/1561
f 2218/1522/1520 2220/1608/1606 2221/1552/1550
f 284/1609/1607 283/1591/1589 307/1590/1588
f 908/1576/1574 910/1566/1564 914/1610/1608
f 284/1609/1607 277/1592/1590 283/1591/1589
f 284/1609/1607 292/1611/1609 277/1592/1590
f 277/1592/1590 292/1611/1609 278/1599/1597
f 266/1600/1598 267/1582/1580 268/1594/1592
f 923/1602/1600 920/1612/1610 916/1581/1579
f 266/1600/1598 285/1613/1611 267/1582/1580
f 2934/1595/1593 2927/1614/1612 2936/1593/1591
f 2936/1593/1591 2928/1615/1613 2937/1601/1599
f 923/1602/1600 922/1616/1614 920/1612/1610
f 2936/1593/1591 2927/1614/1612 2928/1615/1613
f 285/1613/1611 286/1617/1615 267/1582/1580
f 2934/1595/1593 2925/1618/1616 2927/1614/1612
f 1740/1586/1584 1759/1619/1617 1754/1551/1549
f 1754/1551/1549 1760/1620/1618 1762/1621/1619
f 1754/1551/1549 1762/1621/1619 1956/1607/1605
f 1955/1563/1561 1956/1607/1605 1947/1587/1585
f 1950/1622/1620 2219/1588/1586 1948/1574/1572
f 2220/1608/1606 2222/1623/1621 2221/1552/1550
f 2221/1552/1550 2222/1623/1621 2223/1589/1587
f 2223/1589/1587 2222/1623/1621 2224/1624/1622
f 2223/1589/1587 2436/1625/1623 2535/1598/1596
f 2223/1589/1587 2224/1624/1622 2436/1625/1623
f 2535/1598/1596 2436/1625/1623 2536/1626/1624
f 284/1609/1607 308/1627/1625 292/1611/1609
f 284/1609/1607 320/1628/1626 308/1627/1625
f 308/1627/1625 303/1629/1627 292/1611/1609
f 292/1611/1609 303/1629/1627 278/1599/1597
f 303/1629/1627 279/1630/1628 278/1599/1597
f 278/1599/1597 279/1630/1628 266/1600/1598
f 308/1627/1625 313/1631/1629 303/1629/1627
f 916/1581/1579 920/1612/1610 917/1632/1630
f 279/1630/1628 285/1613/1611 266/1600/1598
f 279/1630/1628 288/1633/1631 285/1613/1611
f 285/1613/1611 299/1634/1632 286/1617/1615
f 2925/1618/1616 2921/1635/1633 2927/1614/1612
f 2927/1614/1612 2921/1635/1633 2928/1615/1613
f 288/1633/1631 289/1636/1634 285/1613/1611
f 2925/1618/1616 2924/1637/1635 2921/1635/1633
f 285/1613/1611 289/1636/1634 299/1634/1632
f 2924/1637/1635 2926/1638/1636 2922/1639/1637
f 2924/1637/1635 2922/1639/1637 2921/1635/1633
f 289/1636/1634 300/1640/1638 299/1634/1632
f 471/1641/1639 455/1642/1640 465/1643/1641
f 2149/1644/1642 2152/1604/1602 2151/1603/1601
f 2152/1604/1602 2154/1645/1643 2155/1584/1582
f 2382/1573/1571 2315/1646/1644 2316/1541/1539
f 2042/1528/1526 2039/1647/1645 2043/1511/1509
f 2043/1511/1509 2039/1647/1645 2053/1597/1595
f 150/1585/1583 144/1648/1646 137/1547/1545
f 137/1547/1545 144/1648/1646 141/1503/1501
f 2845/1649/1647 2844/1650/1648 2846/1651/1649
f 1947/1587/1585 1949/1652/1650 1948/1574/1572
f 1948/1574/1572 1949/1652/1650 1950/1622/1620
f 2218/1522/1520 2219/1588/1586 2220/1608/1606
f 2436/1625/1623 2224/1624/1622 2467/1653/1651
f 2436/1625/1623 2467/1653/1651 2585/1654/1652
f 1338/1655/1653 914/1610/1608 917/1632/1630
f 303/1629/1627 306/1656/1654 279/1630/1628
f 313/1631/1629 314/1657/1655 303/1629/1627
f 303/1629/1627 314/1657/1655 315/1658/1656
f 303/1629/1627 315/1658/1656 306/1656/1654
f 920/1612/1610 921/1659/1657 917/1632/1630
f 306/1656/1654 291/1660/1658 279/1630/1628
f 922/1616/1614 1460/1661/1659 1448/1662/1660
f 922/1616/1614 1448/1662/1660 921/1659/1657
f 291/1660/1658 288/1633/1631 279/1630/1628
f 288/1633/1631 291/1660/1658 290/1663/1661
f 290/1663/1661 289/1636/1634 288/1633/1631
f 2921/1635/1633 2922/1639/1637 2923/1664/1662
f 1460/1661/1659 1449/1665/1663 1448/1662/1660
f 290/1663/1661 293/1666/1664 289/1636/1634
f 2926/1638/1636 2929/1667/1665 2922/1639/1637
f 289/1636/1634 294/1668/1666 300/1640/1638
f 2922/1639/1637 2929/1667/1665 2923/1664/1662
f 2926/1638/1636 2931/1669/1667 2929/1667/1665
f 2929/1667/1665 2930/1670/1668 2923/1664/1662
f 289/1636/1634 293/1666/1664 294/1668/1666
f 293/1666/1664 295/1671/1669 294/1668/1666
f 2931/1669/1667 2932/1672/1670 2929/1667/1665
f 2932/1672/1670 2933/1673/1671 2930/1670/1668
f 2929/1667/1665 2932/1672/1670 2930/1670/1668
f 2931/1669/1667 2935/1674/1672 2932/1672/1670
f 2932/1672/1670 2939/1675/1673 2933/1673/1671
f 296/1676/1674 301/1677/1675 295/1671/1669
f 296/1676/1674 302/1678/1676 301/1677/1675
f 2938/1679/1677 2939/1675/1673 2932/1672/1670
f 2935/1674/1672 2938/1679/1677 2932/1672/1670
f 2148/1680/1678 2149/1644/1642 2150/1681/1679
f 465/1643/1641 458/1682/1680 466/1683/1681
f 2149/1644/1642 2154/1645/1643 2152/1604/1602
f 2155/1584/1582 2172/1684/1682 2168/1572/1570
f 2323/1534/1532 2337/1685/1683 2576/1562/1560
f 166/1686/1684 182/1687/1685 180/1508/1506
f 144/1648/1646 145/1688/1686 141/1503/1501
f 1950/1622/1620 1952/1689/1687 2219/1588/1586
f 2224/1624/1622 2222/1623/1621 2282/1690/1688
f 2585/1654/1652 2467/1653/1651 2286/1691/1689
f 308/1627/1625 328/1692/1690 313/1631/1629
f 315/1658/1656 312/1693/1691 306/1656/1654
f 312/1693/1691 291/1660/1658 306/1656/1654
f 291/1660/1658 312/1693/1691 311/1694/1692
f 1448/1662/1660 1383/1695/1693 921/1659/1657
f 291/1660/1658 311/1694/1692 310/1696/1694
f 291/1660/1658 310/1696/1694 290/1663/1661
f 290/1663/1661 310/1696/1694 298/1697/1695
f 1449/1665/1663 1442/1698/1696 1383/1695/1693
f 298/1697/1695 293/1666/1664 290/1663/1661
f 1449/1665/1663 1456/1699/1697 1442/1698/1696
f 298/1697/1695 297/1700/1698 293/1666/1664
f 297/1700/1698 296/1676/1674 293/1666/1664
f 1457/1701/1699 1369/1702/1700 1442/1698/1696
f 1456/1699/1697 1457/1701/1699 1442/1698/1696
f 293/1666/1664 296/1676/1674 295/1671/1669
f 296/1676/1674 305/1703/1701 302/1678/1676
f 1457/1701/1699 1459/1704/1702 1369/1702/1700
f 1369/1702/1700 1459/1704/1702 1364/1705/1703
f 2148/1680/1678 2153/1706/1704 2149/1644/1642
f 2149/1644/1642 2153/1706/1704 2154/1645/1643
f 2155/1584/1582 2154/1645/1643 2172/1684/1682
f 2172/1684/1682 2410/1707/1705 2168/1572/1570
f 2168/1572/1570 2410/1707/1705 2455/1605/1603
f 1759/1619/1617 1761/1708/1706 1760/1620/1618
f 1760/1620/1618 1761/1708/1706 1762/1621/1619
f 1956/1607/1605 1957/1709/1707 1947/1587/1585
f 2282/1690/1688 2283/1710/1708 2224/1624/1622
f 2224/1624/1622 2283/1710/1708 2467/1653/1651
f 2467/1653/1651 2283/1710/1708 2286/1691/1689
f 313/1631/1629 328/1692/1690 314/1657/1655
f 316/1711/1709 311/1694/1692 315/1658/1656
f 314/1657/1655 316/1711/1709 315/1658/1656
f 315/1658/1656 311/1694/1692 312/1693/1691
f 317/1712/1710 310/1696/1694 311/1694/1692
f 921/1659/1657 1383/1695/1693 1343/1713/1711
f 1383/1695/1693 1442/1698/1696 1384/1714/1712
f 298/1697/1695 310/1696/1694 304/1715/1713
f 304/1715/1713 297/1700/1698 298/1697/1695
f 1442/1698/1696 1369/1702/1700 1384/1714/1712
f 304/1715/1713 296/1676/1674 297/1700/1698
f 296/1676/1674 304/1715/1713 305/1703/1701
f 305/1703/1701 325/1716/1714 334/1717/1715
f 2153/1706/1704 2172/1684/1682 2154/1645/1643
f 2455/1605/1603 2329/1718/1716 2382/1573/1571
f 2382/1573/1571 2329/1718/1716 2315/1646/1644
f 2317/1507/1505 2314/1719/1717 2323/1534/1532
f 2576/1562/1560 2040/1720/1718 2041/1606/1604
f 141/1503/1501 163/1721/1719 166/1686/1684
f 2042/1528/1526 2041/1606/1604 2039/1647/1645
f 2039/1647/1645 2054/1722/1720 2053/1597/1595
f 237/1723/1721 148/1724/1722 150/1585/1583
f 150/1585/1583 148/1724/1722 144/1648/1646
f 1759/1619/1617 1764/1725/1723 1761/1708/1706
f 1762/1621/1619 1957/1709/1707 1956/1607/1605
f 1947/1587/1585 1957/1709/1707 1949/1652/1650
f 1949/1652/1650 1951/1726/1724 1950/1622/1620
f 2219/1588/1586 1952/1689/1687 2227/1727/1725
f 2219/1588/1586 2227/1727/1725 2220/1608/1606
f 2432/1728/1726 2288/1729/1727 2222/1623/1621
f 2222/1623/1621 2288/1729/1727 2282/1690/1688
f 332/1730/1728 316/1711/1709 314/1657/1655
f 314/1657/1655 328/1692/1690 332/1730/1728
f 316/1711/1709 317/1712/1710 311/1694/1692
f 2503/1731/1729 2502/1732/1730 2571/1733/1731
f 316/1711/1709 319/1734/1732 317/1712/1710
f 1343/1713/1711 1383/1695/1693 1231/1735/1733
f 1383/1695/1693 1384/1714/1712 1231/1735/1733
f 317/1712/1710 327/1736/1734 310/1696/1694
f 1384/1714/1712 1269/1737/1735 1231/1735/1733
f 327/1736/1734 323/1738/1736 310/1696/1694
f 310/1696/1694 323/1738/1736 304/1715/1713
f 323/1738/1736 324/1739/1737 304/1715/1713
f 1384/1714/1712 1369/1702/1700 1269/1737/1735
f 324/1739/1737 325/1716/1714 305/1703/1701
f 304/1715/1713 324/1739/1737 305/1703/1701
f 1949/1652/1650 1957/1709/1707 1951/1726/1724
f 1950/1622/1620 1951/1726/1724 1952/1689/1687
f 2227/1727/1725 2226/1740/1738 2220/1608/1606
f 2220/1608/1606 2226/1740/1738 2222/1623/1621
f 2222/1623/1621 2226/1740/1738 2432/1728/1726
f 2282/1690/1688 2288/1729/1727 2284/1741/1739
f 2282/1690/1688 2284/1741/1739 2283/1710/1708
f 2284/1741/1739 2285/1742/1740 2283/1710/1708
f 2283/1710/1708 2285/1742/1740 2286/1691/1689
f 2286/1691/1689 2285/1742/1740 2287/1743/1741
f 317/1712/1710 319/1734/1732 327/1736/1734
f 2518/1744/1742 2407/1745/1743 2562/1746/1744
f 2562/1746/1744 2407/1745/1743 2531/1747/1745
f 2522/1748/1746 2409/1749/1747 2172/1684/1682
f 2172/1684/1682 2409/1749/1747 2410/1707/1705
f 2410/1707/1705 2329/1718/1716 2455/1605/1603
f 2316/1541/1539 2314/1719/1717 2317/1507/1505
f 1764/1725/1723 1766/1750/1748 1761/1708/1706
f 1762/1621/1619 1761/1708/1706 1763/1751/1749
f 1762/1621/1619 1763/1751/1749 1957/1709/1707
f 1957/1709/1707 1763/1751/1749 1960/1752/1750
f 1957/1709/1707 1960/1752/1750 1951/1726/1724
f 1951/1726/1724 1954/1753/1751 1952/1689/1687
f 2286/1691/1689 2287/1743/1741 2291/1754/1752
f 2286/1691/1689 2291/1754/1752 2503/1731/1729
f 2291/1754/1752 2293/1755/1753 2503/1731/1729
f 2503/1731/1729 2293/1755/1753 2502/1732/1730
f 2293/1755/1753 2295/1756/1754 2502/1732/1730
f 2295/1756/1754 2518/1744/1742 2502/1732/1730
f 2295/1756/1754 2407/1745/1743 2518/1744/1742
f 2407/1745/1743 2408/1757/1755 2531/1747/1745
f 2531/1747/1745 2408/1757/1755 2522/1748/1746
f 2522/1748/1746 2408/1757/1755 2409/1749/1747
f 2410/1707/1705 2328/1758/1756 2329/1718/1716
f 2314/1719/1717 2337/1685/1683 2323/1534/1532
f 2843/1759/1757 2821/1760/1758 2823/1761/1759
f 1960/1752/1750 1954/1753/1751 1951/1726/1724
f 1952/1689/1687 1954/1753/1751 2227/1727/1725
f 2329/1718/1716 2310/1762/1760 2315/1646/1644
f 2315/1646/1644 2314/1719/1717 2316/1541/1539
f 2337/1685/1683 2040/1720/1718 2576/1562/1560
f 1960/1752/1750 1961/1763/1761 1954/1753/1751
f 2227/1727/1725 1954/1753/1751 2546/1764/1762
f 2227/1727/1725 2546/1764/1762 2226/1740/1738
f 2432/1728/1726 2505/1765/1763 2288/1729/1727
f 2288/1729/1727 2475/1766/1764 2284/1741/1739
f 2285/1742/1740 2289/1767/1765 2287/1743/1741
f 2287/1743/1741 2290/1768/1766 2291/1754/1752
f 2294/1769/1767 2295/1756/1754 2293/1755/1753
f 2407/1745/1743 2296/1770/1768 2408/1757/1755
f 2409/1749/1747 2408/1757/1755 2306/1771/1769
f 2409/1749/1747 2328/1758/1756 2410/1707/1705
f 1766/1750/1748 1767/1772/1770 1761/1708/1706
f 1761/1708/1706 1767/1772/1770 1765/1773/1771
f 1761/1708/1706 1765/1773/1771 1763/1751/1749
f 1763/1751/1749 2497/1774/1772 1960/1752/1750
f 2497/1774/1772 1961/1763/1761 1960/1752/1750
f 2226/1740/1738 2546/1764/1762 2505/1765/1763
f 2505/1765/1763 2475/1766/1764 2288/1729/1727
f 2284/1741/1739 2475/1766/1764 2285/1742/1740
f 2475/1766/1764 2289/1767/1765 2285/1742/1740
f 2289/1767/1765 2290/1768/1766 2287/1743/1741
f 2290/1768/1766 2292/1775/1773 2291/1754/1752
f 2291/1754/1752 2292/1775/1773 2293/1755/1753
f 2293/1755/1753 2292/1775/1773 2294/1769/1767
f 2295/1756/1754 2296/1770/1768 2407/1745/1743
f 2296/1770/1768 2306/1771/1769 2408/1757/1755
f 2306/1771/1769 2328/1758/1756 2409/1749/1747
f 2039/1647/1645 2037/1776/1774 2054/1722/1720
f 237/1723/1721 231/1777/1775 148/1724/1722
f 1605/1778/1776 1608/1779/1777 1603/1780/1778
f 2497/1774/1772 2496/1781/1779 1961/1763/1761
f 1961/1763/1761 2495/1782/1780 2546/1764/1762
f 2546/1764/1762 2495/1782/1780 2505/1765/1763
f 2295/1756/1754 2294/1769/1767 2296/1770/1768
f 2328/1758/1756 2310/1762/1760 2329/1718/1716
f 2315/1646/1644 2310/1762/1760 2314/1719/1717
f 182/1687/1685 161/1783/1781 183/1784/1782
f 2038/1785/1783 2037/1776/1774 2039/1647/1645
f 231/1777/1775 146/1786/1784 148/1724/1722
f 148/1724/1722 146/1786/1784 144/1648/1646
f 144/1648/1646 146/1786/1784 145/1688/1686
f 2820/1787/1785 2824/1788/1786 2849/1789/1787
f 1605/1778/1776 1603/1780/1778 1604/1790/1788
f 1604/1790/1788 1603/1780/1778 1598/1791/1789
f 1961/1763/1761 2496/1781/1779 2444/1792/1790
f 1961/1763/1761 2444/1792/1790 2495/1782/1780
f 2495/1782/1780 2438/1793/1791 2505/1765/1763
f 2505/1765/1763 2438/1793/1791 2475/1766/1764
f 2438/1793/1791 2579/1794/1792 2475/1766/1764
f 2292/1775/1773 2301/1795/1793 2294/1769/1767
f 2294/1769/1767 2297/1796/1794 2296/1770/1768
f 2296/1770/1768 2298/1797/1795 2306/1771/1769
f 2040/1720/1718 2038/1785/1783 2041/1606/1604
f 146/1786/1784 147/1798/1796 145/1688/1686
f 2849/1789/1787 2824/1788/1786 2848/1799/1797
f 1603/1780/1778 1597/1800/1798 1598/1791/1789
f 2495/1782/1780 2444/1792/1790 2438/1793/1791
f 2290/1768/1766 2387/1801/1799 2292/1775/1773
f 2294/1769/1767 2301/1795/1793 2300/1802/1800
f 2294/1769/1767 2300/1802/1800 2297/1796/1794
f 2306/1771/1769 2298/1797/1795 2303/1803/1801
f 1199/1804/1802 1082/1805/1803 1078/1806/1804
f 2337/1685/1683 2486/1807/1805 2040/1720/1718
f 1603/1780/1778 1611/1808/1806 1597/1800/1798
f 1598/1791/1789 1597/1800/1798 1596/1809/1807
f 2379/1810/1808 2377/1811/1809 2438/1793/1791
f 2475/1766/1764 2579/1794/1792 2289/1767/1765
f 2289/1767/1765 2579/1794/1792 2485/1812/1810
f 2289/1767/1765 2485/1812/1810 2387/1801/1799
f 2289/1767/1765 2387/1801/1799 2290/1768/1766
f 2387/1801/1799 2301/1795/1793 2292/1775/1773
f 2297/1796/1794 2298/1797/1795 2296/1770/1768
f 2303/1803/1801 2307/1813/1811 2306/1771/1769
f 2306/1771/1769 2307/1813/1811 2328/1758/1756
f 2328/1758/1756 2307/1813/1811 2310/1762/1760
f 2310/1762/1760 2307/1813/1811 2309/1814/1812
f 2310/1762/1760 2313/1815/1813 2314/1719/1717
f 2314/1719/1717 2313/1815/1813 2337/1685/1683
f 2040/1720/1718 2034/1816/1814 2038/1785/1783
f 2037/1776/1774 2033/1817/1815 2036/1818/1816
f 1597/1800/1798 1583/1819/1817 1596/1809/1807
f 2444/1792/1790 2380/1820/1818 2438/1793/1791
f 2438/1793/1791 2380/1820/1818 2379/1810/1808
f 2377/1811/1809 2374/1821/1819 2579/1794/1792
f 2579/1794/1792 2374/1821/1819 2485/1812/1810
f 2485/1812/1810 2312/1822/1820 2387/1801/1799
f 2387/1801/1799 2312/1822/1820 2301/1795/1793
f 2309/1814/1812 2313/1815/1813 2310/1762/1760
f 2337/1685/1683 2313/1815/1813 2486/1807/1805
f 2040/1720/1718 2486/1807/1805 2034/1816/1814
f 183/1784/1782 147/1798/1796 187/1823/1821
f 2038/1785/1783 2034/1816/1814 2037/1776/1774
f 2033/1817/1815 2035/1824/1822 2036/1818/1816
f 2379/1810/1808 2380/1820/1818 2378/1825/1823
f 2379/1810/1808 2378/1825/1823 2377/1811/1809
f 1596/1809/1807 1583/1819/1817 1586/1826/1824
f 1586/1826/1824 1583/1819/1817 1585/1827/1825
f 2378/1825/1823 2376/1828/1826 2377/1811/1809
f 2374/1821/1819 2312/1822/1820 2485/1812/1810
f 2301/1795/1793 2312/1822/1820 2300/1802/1800
f 147/1798/1796 186/1829/1827 187/1823/1821
f 147/1798/1796 177/1830/1828 186/1829/1827
f 2035/1824/1822 2033/1817/1815 2032/1831/1829
f 1584/1832/1830 1580/1833/1831 1583/1819/1817
f 1583/1819/1817 1580/1833/1831 1579/1834/1832
f 1583/1819/1817 1579/1834/1832 1585/1827/1825
f 1587/1835/1833 1585/1827/1825 1588/1836/1834
f 2376/1828/1826 2375/1837/1835 2374/1821/1819
f 2377/1811/1809 2376/1828/1826 2374/1821/1819
f 2374/1821/1819 2332/1838/1836 2312/1822/1820
f 2312/1822/1820 2311/1839/1837 2300/1802/1800
f 2300/1802/1800 2305/1840/1838 2299/1841/1839
f 2300/1802/1800 2299/1841/1839 2297/1796/1794
f 2297/1796/1794 2299/1841/1839 2298/1797/1795
f 2303/1803/1801 2304/1842/1840 2307/1813/1811
f 2307/1813/1811 2308/1843/1841 2309/1814/1812
f 2308/1843/1841 2336/1844/1842 2309/1814/1812
f 2309/1814/1812 2336/1844/1842 2313/1815/1813
f 1610/1845/1843 1609/1846/1844 1612/1847/1845
f 2828/1848/1846 2830/1849/1847 2832/1850/1848
f 2375/1837/1835 2332/1838/1836 2374/1821/1819
f 2332/1838/1836 2311/1839/1837 2312/1822/1820
f 2300/1802/1800 2311/1839/1837 2305/1840/1838
f 2304/1842/1840 2308/1843/1841 2307/1813/1811
f 2034/1816/1814 2031/1851/1849 2028/1852/1850
f 2034/1816/1814 2028/1852/1850 2033/1817/1815
f 1579/1834/1832 1577/1853/1851 1585/1827/1825
f 1585/1827/1825 1589/1854/1852 1588/1836/1834
f 1588/1836/1834 1589/1854/1852 1590/1855/1853
f 1601/1856/1854 1590/1855/1853 1592/1857/1855
f 2298/1797/1795 2302/1858/1856 2303/1803/1801
f 204/1859/1857 209/1860/1858 187/1823/1821
f 186/1829/1827 177/1830/1828 204/1859/1857
f 2033/1817/1815 2028/1852/1850 2032/1831/1829
f 1578/1861/1859 1577/1853/1851 1579/1834/1832
f 1590/1855/1853 1591/1862/1860 1592/1857/1855
f 2299/1841/1839 2302/1858/1856 2298/1797/1795
f 2303/1803/1801 2302/1858/1856 2304/1842/1840
f 2336/1844/1842 2494/1863/1861 2313/1815/1813
f 2313/1815/1813 2494/1863/1861 2486/1807/1805
f 1607/1864/1862 1609/1846/1844 1610/1845/1843
f 2028/1852/1850 2027/1865/1863 2032/1831/1829
f 178/1866/1864 219/1867/1865 177/1830/1828
f 1577/1853/1851 1571/1868/1866 1589/1854/1852
f 1589/1854/1852 1582/1869/1867 1591/1862/1860
f 1592/1857/1855 1591/1862/1860 1593/1870/1868
f 1591/1862/1860 1594/1871/1869 1593/1870/1868
f 2302/1858/1856 2308/1843/1841 2304/1842/1840
f 2308/1843/1841 2508/1872/1870 2336/1844/1842
f 2336/1844/1842 2508/1872/1870 2494/1863/1861
f 2031/1851/1849 2030/1873/1871 2028/1852/1850
f 2026/1874/1872 2027/1865/1863 2028/1852/1850
f 219/1867/1865 218/1875/1873 177/1830/1828
f 1582/1869/1867 1581/1876/1874 1591/1862/1860
f 1591/1862/1860 1581/1876/1874 1594/1871/1869
f 1581/1876/1874 1595/1877/1875 1594/1871/1869
f 1594/1871/1869 1595/1877/1875 1599/1878/1876
f 1607/1864/1862 1602/1879/1877 1606/1880/1878
f 1607/1864/1862 1606/1880/1878 1609/1846/1844
f 204/1859/1857 240/1881/1879 225/1882/1880
f 2030/1873/1871 2024/1883/1881 2028/1852/1850
f 2028/1852/1850 2024/1883/1881 2026/1874/1872
f 218/1875/1873 240/1881/1879 204/1859/1857
f 1571/1868/1866 1570/1884/1882 1569/1885/1883
f 1599/1878/1876 1595/1877/1875 1600/1886/1884
f 2302/1858/1856 2532/1887/1885 2308/1843/1841
f 2308/1843/1841 2532/1887/1885 2508/1872/1870
f 1602/1879/1877 1600/1886/1884 1576/1888/1886
f 1602/1879/1877 1576/1888/1886 1606/1880/1878
f 1569/1885/1883 1568/1889/1887 1567/1890/1888
f 1567/1890/1888 1561/1891/1889 1572/1892/1890
f 1572/1892/1890 1560/1893/1891 1595/1877/1875
f 1560/1893/1891 1573/1894/1892 1600/1886/1884
f 1595/1877/1875 1560/1893/1891 1600/1886/1884
f 2029/1895/1893 2024/1883/1881 2030/1873/1871
f 1572/1892/1890 1561/1891/1889 1560/1893/1891
f 1576/1888/1886 1574/1896/1894 1606/1880/1878
f 2029/1895/1893 2023/1897/1895 2020/1898/1896
f 1563/1899/1897 1565/1900/1898 1573/1894/1892
f 1573/1894/1892 1565/1900/1898 1574/1896/1894
f 417/34/34 408/5/5 410/7/7
f 855/63/63 865/37/37 854/39/39
f 850/87/87 863/62/62 855/63/63
f 836/88/88 855/63/63 854/39/39
f 869/102/102 859/86/86 858/103/103
f 836/88/88 854/39/39 839/69/69
f 838/1901/1899 837/71/71 843/73/73
f 843/73/73 866/75/75 1417/1902/1900
f 857/105/105 859/86/86 850/87/87
f 857/105/105 850/87/87 841/124/124
f 834/92/92 837/71/71 838/1901/1899
f 838/1901/1899 843/73/73 1391/147/147
f 1391/147/147 843/73/73 1417/1902/1900
f 836/88/88 829/108/108 827/138/138
f 827/138/138 829/108/108 828/1903/1901
f 829/108/108 833/109/109 832/141/141
f 828/1903/1901 829/108/108 832/141/141
f 832/141/141 833/109/109 834/92/92
f 838/1901/1899 1391/147/147 1220/146/146
f 853/121/121 858/103/103 860/137/137
f 824/1904/1902 840/107/107 827/138/138
f 1013/1905/1903 828/1903/1901 832/141/141
f 1163/140/140 834/92/92 838/1901/1899
f 1163/140/140 838/1901/1899 1215/1906/1904
f 1215/1906/1904 838/1901/1899 1220/146/146
f 1344/145/145 1391/147/147 1417/1902/1900
f 220/1907/1905 232/114/114 196/126/126
f 196/126/126 210/96/96 173/129/129
f 841/124/124 840/107/107 824/1904/1902
f 824/1904/1902 827/138/138 826/1908/1906
f 826/1908/1906 827/138/138 828/1903/1901
f 826/1908/1906 828/1903/1901 1013/1905/1903
f 1013/1905/1903 832/141/141 1015/1909/1907
f 1015/1909/1907 832/141/141 1163/140/140
f 2758/174/174 2751/151/151 2759/162/162
f 823/167/167 841/124/124 824/1904/1902
f 214/199/199 220/1907/1905 196/126/126
f 196/126/126 173/129/129 154/181/181
f 2689/1910/1908 2690/208/208 2687/207/207
f 849/203/203 852/153/153 831/184/184
f 831/184/184 852/153/153 842/164/164
f 1001/1911/1909 826/1908/1906 1013/1905/1903
f 1001/1911/1909 1013/1905/1903 1012/1912/1910
f 1012/1912/1910 1013/1905/1903 1014/1913/1911
f 1013/1905/1903 1015/1909/1907 1014/1913/1911
f 1014/1913/1911 1015/1909/1907 1016/1914/1912
f 1015/1909/1907 1163/140/140 1019/1915/1913
f 1163/140/140 1215/1906/1904 1019/1915/1913
f 1220/146/146 1344/145/145 1267/247/247
f 192/198/198 196/126/126 154/181/181
f 2688/224/224 2689/1910/1908 2687/207/207
f 823/167/167 824/1904/1902 821/1916/1914
f 821/1916/1914 824/1904/1902 825/1917/1915
f 825/1917/1915 824/1904/1902 826/1908/1906
f 825/1917/1915 826/1908/1906 1001/1911/1909
f 1016/1914/1912 1015/1909/1907 1019/1915/1913
f 1019/1915/1913 1215/1906/1904 1220/146/146
f 1019/1915/1913 1220/146/146 1026/268/268
f 1026/268/268 1220/146/146 1267/247/247
f 822/183/183 823/167/167 821/1916/1914
f 1012/1912/1910 1014/1913/1911 1129/1918/1916
f 2734/212/212 2725/172/172 2729/210/210
f 830/213/213 831/184/184 818/214/214
f 1001/1911/1909 1012/1912/1910 1002/1919/1917
f 1002/1919/1917 1012/1912/1910 1129/1918/1916
f 1129/1918/1916 1014/1913/1911 1035/1920/1918
f 1014/1913/1911 1016/1914/1912 1017/1921/1919
f 1018/1922/1920 1016/1914/1912 1019/1915/1913
f 793/260/260 848/202/202 809/226/226
f 815/1923/1921 830/213/213 818/214/214
f 818/214/214 822/183/183 821/1916/1914
f 821/1916/1914 825/1917/1915 997/1924/1922
f 825/1917/1915 1001/1911/1909 997/1924/1922
f 997/1924/1922 1001/1911/1909 1000/1925/1923
f 1000/1925/1923 1001/1911/1909 1002/1919/1917
f 1002/1919/1917 1129/1918/1916 1217/1926/1924
f 1035/1920/1918 1014/1913/1911 1017/1921/1919
f 1017/1921/1919 1016/1914/1912 1018/1922/1920
f 2399/235/235 2401/193/193 2400/234/234
f 1018/1922/1920 1019/1915/1913 1020/1927/1925
f 1020/1927/1925 1019/1915/1913 1026/268/268
f 1026/268/268 1267/247/247 1176/246/246
f 2734/212/212 2729/210/210 2731/243/243
f 809/226/226 830/213/213 815/1923/1921
f 816/1928/1926 818/214/214 821/1916/1914
f 995/1929/1927 821/1916/1914 997/1924/1922
f 1217/1926/1924 1129/1918/1916 1198/1930/1928
f 1198/1930/1928 1129/1918/1916 1035/1920/1918
f 793/260/260 809/226/226 796/1931/1929
f 815/1923/1921 818/214/214 816/1928/1926
f 816/1928/1926 821/1916/1914 994/1932/1930
f 994/1932/1930 821/1916/1914 995/1929/1927
f 996/1933/1931 995/1929/1927 997/1924/1922
f 999/1934/1932 997/1924/1922 1000/1925/1923
f 1000/1925/1923 1002/1919/1917 1188/1935/1933
f 1188/1935/1933 1002/1919/1917 1217/1926/1924
f 1035/1920/1918 1017/1921/1919 1025/1936/1934
f 1025/1936/1934 1017/1921/1919 1018/1922/1920
f 1020/1927/1925 1026/268/268 1023/269/269
f 804/1937/1935 809/226/226 815/1923/1921
f 804/1937/1935 815/1923/1921 812/1938/1936
f 812/1938/1936 815/1923/1921 816/1928/1926
f 996/1933/1931 997/1924/1922 999/1934/1932
f 999/1934/1932 1000/1925/1923 1172/1939/1937
f 1172/1939/1937 1000/1925/1923 1187/1940/1938
f 1187/1940/1938 1000/1925/1923 1188/1935/1933
f 1198/1930/1928 1035/1920/1918 1197/1941/1939
f 2434/232/232 2459/251/251 2422/233/233
f 1197/1941/1939 1035/1920/1918 1025/1936/1934
f 2400/234/234 2422/233/233 2570/264/264
f 1021/1942/1940 1018/1922/1920 1020/1927/1925
f 777/258/258 793/260/260 796/1931/1929
f 796/1931/1929 809/226/226 804/1937/1935
f 1188/1935/1933 1217/1926/1924 1266/1943/1941
f 1255/1944/1942 1217/1926/1924 1198/1930/1928
f 1021/1942/1940 1025/1936/1934 1018/1922/1920
f 812/1938/1936 816/1928/1926 1145/1945/1943
f 1145/1945/1943 816/1928/1926 994/1932/1930
f 1172/1939/1937 1187/1940/1938 1246/1946/1944
f 1246/1946/1944 1187/1940/1938 1188/1935/1933
f 1300/1947/1945 1188/1935/1933 1266/1943/1941
f 1255/1944/1942 1198/1930/1928 1224/1948/1946
f 1224/1948/1946 1198/1930/1928 1197/1941/1939
f 1216/1949/1947 1025/1936/1934 1211/1950/1948
f 1211/1950/1948 1025/1936/1934 1021/1942/1940
f 1211/1950/1948 1021/1942/1940 1212/1951/1949
f 1021/1942/1940 1020/1927/1925 1022/1952/1950
f 211/1953/1951 188/241/241 189/289/289
f 775/291/291 776/256/256 777/258/258
f 781/331/331 777/258/258 796/1931/1929
f 781/331/331 796/1931/1929 800/332/332
f 796/1931/1929 804/1937/1935 800/332/332
f 994/1932/1930 995/1929/1927 989/1954/1952
f 989/1954/1952 995/1929/1927 996/1933/1931
f 1173/1955/1953 999/1934/1932 1172/1939/1937
f 1246/1946/1944 1188/1935/1933 1300/1947/1945
f 1266/1943/1941 1217/1926/1924 1255/1944/1942
f 1224/1948/1946 1197/1941/1939 1223/1956/1954
f 1223/1956/1954 1197/1941/1939 1025/1936/1934
f 1216/1949/1947 1223/1956/1954 1025/1936/1934
f 800/332/332 804/1937/1935 808/1957/1955
f 808/1957/1955 804/1937/1935 812/1938/1936
f 990/1958/1956 994/1932/1930 989/1954/1952
f 989/1954/1952 996/1933/1931 998/1959/1957
f 998/1959/1957 996/1933/1931 999/1934/1932
f 998/1959/1957 999/1934/1932 1173/1955/1953
f 1172/1939/1937 1246/1946/1944 1274/1960/1958
f 1375/1961/1959 1246/1946/1944 1300/1947/1945
f 1212/1951/1949 1021/1942/1940 1166/1962/1960
f 1023/269/269 1176/246/246 1027/462/462
f 775/291/291 777/258/258 781/331/331
f 808/1957/1955 812/1938/1936 1145/1945/1943
f 990/1958/1956 1145/1945/1943 994/1932/1930
f 1173/1955/1953 1172/1939/1937 1274/1960/1958
f 1313/1963/1961 1173/1955/1953 1274/1960/1958
f 1274/1960/1958 1246/1946/1944 1376/1964/1962
f 1376/1964/1962 1246/1946/1944 1375/1961/1959
f 1358/1965/1963 1255/1944/1942 1224/1948/1946
f 1358/1965/1963 1224/1948/1946 1223/1956/1954
f 1357/1966/1964 1223/1956/1954 1216/1949/1947
f 1318/1967/1965 1216/1949/1947 1211/1950/1948
f 1166/1962/1960 1021/1942/1940 1022/1952/1950
f 1022/1952/1950 1020/1927/1925 1023/269/269
f 1027/462/462 1176/246/246 1324/271/271
f 774/290/290 775/291/291 773/1968/1966
f 780/1969/1967 775/291/291 781/331/331
f 987/1970/1968 990/1958/1956 989/1954/1952
f 1190/1971/1969 998/1959/1957 1173/1955/1953
f 1388/1972/1970 1300/1947/1945 1386/1973/1971
f 1300/1947/1945 1266/1943/1941 1386/1973/1971
f 1386/1973/1971 1266/1943/1941 1255/1944/1942
f 1386/1973/1971 1255/1944/1942 1385/1974/1972
f 1385/1974/1972 1255/1944/1942 1358/1965/1963
f 1358/1965/1963 1223/1956/1954 1357/1966/1964
f 1357/1966/1964 1216/1949/1947 1318/1967/1965
f 1357/1966/1964 1318/1967/1965 1413/1975/1973
f 1318/1967/1965 1211/1950/1948 1212/1951/1949
f 772/402/402 774/290/290 773/1968/1966
f 2684/1976/1974 2685/323/323 2676/313/313
f 780/1969/1967 781/331/331 798/333/333
f 1146/1977/1975 808/1957/1955 1145/1945/1943
f 987/1970/1968 989/1954/1952 988/1978/1976
f 988/1978/1976 989/1954/1952 998/1959/1957
f 1313/1963/1961 1274/1960/1958 1397/1979/1977
f 1397/1979/1977 1274/1960/1958 1376/1964/1962
f 1376/1964/1962 1375/1961/1959 1409/1980/1978
f 1375/1961/1959 1300/1947/1945 1388/1972/1970
f 1385/1974/1972 1358/1965/1963 1410/1981/1979
f 1410/1981/1979 1358/1965/1963 1411/1982/1980
f 1411/1982/1980 1358/1965/1963 1357/1966/1964
f 1318/1967/1965 1212/1951/1949 1262/1983/1981
f 1262/1983/1981 1212/1951/1949 1166/1962/1960
f 2676/313/313 2677/286/286 2675/383/383
f 1849/329/329 1850/330/330 1844/400/400
f 988/1978/1976 998/1959/1957 1136/1984/1982
f 1136/1984/1982 998/1959/1957 1190/1971/1969
f 1190/1971/1969 1173/1955/1953 1314/1985/1983
f 1314/1985/1983 1173/1955/1953 1313/1963/1961
f 1397/1979/1977 1376/1964/1962 1409/1980/1978
f 1409/1980/1978 1375/1961/1959 1388/1972/1970
f 2017/325/325 2018/341/341 2019/342/342
f 1421/1986/1984 1411/1982/1980 1357/1966/1964
f 1421/1986/1984 1357/1966/1964 1413/1975/1973
f 1413/1975/1973 1318/1967/1965 1414/1987/1985
f 1370/1988/1986 1318/1967/1965 1262/1983/1981
f 773/1968/1966 775/291/291 780/1969/1967
f 798/333/333 800/332/332 808/1957/1955
f 1314/1985/1983 1313/1963/1961 1416/1989/1987
f 1415/1990/1988 1313/1963/1961 1397/1979/1977
f 498/371/371 516/1991/1989 482/1992/1990
f 525/350/350 547/349/349 531/366/366
f 543/351/351 525/350/350 524/1993/1991
f 481/1994/1992 480/1995/1993 482/1992/1990
f 480/1995/1993 481/1994/1992 478/1996/1994
f 481/1994/1992 483/1997/1995 478/1996/1994
f 543/351/351 524/1993/1991 526/1998/1996
f 544/1999/1997 543/351/351 526/1998/1996
f 483/1997/1995 481/1994/1992 484/2000/1998
f 537/2001/1999 544/1999/1997 526/1998/1996
f 541/2002/2000 544/1999/1997 537/2001/1999
f 483/1997/1995 484/2000/1998 485/2003/2001
f 483/1997/1995 485/2003/2001 486/2004/2002
f 541/2002/2000 537/2001/1999 530/2005/2003
f 486/2004/2002 485/2003/2001 488/2006/2004
f 541/2002/2000 530/2005/2003 527/2007/2005
f 540/2008/2006 541/2002/2000 527/2007/2005
f 539/352/352 540/2008/2006 527/2007/2005
f 490/2009/2007 489/2010/2008 491/2011/2009
f 539/352/352 527/2007/2005 528/2012/2010
f 539/352/352 528/2012/2010 529/376/376
f 542/353/353 539/352/352 529/376/376
f 496/2013/2011 491/2011/2009 517/2014/2012
f 496/2013/2011 517/2014/2012 522/2015/2013
f 1370/1988/1986 1414/1987/1985 1318/1967/1965
f 193/432/432 211/1953/1951 189/289/289
f 193/432/432 189/289/289 174/272/272
f 772/402/402 773/1968/1966 770/403/403
f 1146/1977/1975 1145/1945/1943 990/1958/1956
f 1326/2016/2014 1190/1971/1969 1314/1985/1983
f 1416/1989/1987 1313/1963/1961 1415/1990/1988
f 2009/348/348 2007/336/336 2008/370/370
f 498/371/371 507/373/373 516/1991/1989
f 494/2017/2015 498/371/371 482/1992/1990
f 479/2018/2016 494/2017/2015 480/1995/1993
f 480/1995/1993 494/2017/2015 482/1992/1990
f 525/350/350 531/366/366 519/2019/2017
f 525/350/350 519/2019/2017 508/2020/2018
f 509/2021/2019 508/2020/2018 478/1996/1994
f 478/1996/1994 508/2020/2018 479/2018/2016
f 478/1996/1994 479/2018/2016 480/1995/1993
f 524/1993/1991 525/350/350 508/2020/2018
f 524/1993/1991 508/2020/2018 509/2021/2019
f 524/1993/1991 509/2021/2019 500/2022/2020
f 526/1998/1996 524/1993/1991 500/2022/2020
f 500/2022/2020 509/2021/2019 478/1996/1994
f 500/2022/2020 478/1996/1994 483/1997/1995
f 499/2023/2021 500/2022/2020 483/1997/1995
f 526/1998/1996 500/2022/2020 503/2024/2022
f 537/2001/1999 526/1998/1996 530/2005/2003
f 530/2005/2003 526/1998/1996 503/2024/2022
f 499/2023/2021 483/1997/1995 487/2025/2023
f 487/2025/2023 483/1997/1995 486/2004/2002
f 527/2007/2005 530/2005/2003 503/2024/2022
f 495/2026/2024 487/2025/2023 490/2009/2007
f 490/2009/2007 487/2025/2023 486/2004/2002
f 527/2007/2005 503/2024/2022 510/2027/2025
f 510/2027/2025 495/2026/2024 493/2028/2026
f 493/2028/2026 495/2026/2024 490/2009/2007
f 486/2004/2002 488/2006/2004 489/2010/2008
f 486/2004/2002 489/2010/2008 490/2009/2007
f 511/2029/2027 510/2027/2025 493/2028/2026
f 511/2029/2027 493/2028/2026 492/2030/2028
f 492/2030/2028 493/2028/2026 490/2009/2007
f 528/2012/2010 527/2007/2005 511/2029/2027
f 511/2029/2027 527/2007/2005 510/2027/2025
f 492/2030/2028 490/2009/2007 491/2011/2009
f 529/376/376 528/2012/2010 511/2029/2027
f 511/2029/2027 492/2030/2028 497/2031/2029
f 512/374/374 511/2029/2027 497/2031/2029
f 492/2030/2028 491/2011/2009 496/2013/2011
f 529/376/376 511/2029/2027 512/374/374
f 497/2031/2029 492/2030/2028 496/2013/2011
f 542/353/353 529/376/376 550/367/367
f 550/367/367 529/376/376 538/375/375
f 497/2031/2029 496/2013/2011 522/2015/2013
f 536/2032/2030 497/2031/2029 522/2015/2013
f 31/2033/2031 74/2034/2032 42/2035/2033
f 1370/1988/1986 1262/1983/1981 1263/2036/2034
f 1263/2036/2034 1262/1983/1981 1166/1962/1960
f 2684/1976/1974 2676/313/313 2671/382/382
f 770/403/403 773/1968/1966 780/1969/1967
f 1849/329/329 1844/400/400 1848/384/384
f 805/2037/2035 798/333/333 808/1957/1955
f 991/2038/2036 1146/1977/1975 990/1958/1956
f 991/2038/2036 990/1958/1956 987/1970/1968
f 2895/2039/2037 2896/2040/2038 2889/2041/2039
f 513/2042/2040 518/2043/2041 507/373/373
f 513/2042/2040 507/373/373 502/372/372
f 548/364/364 549/389/389 533/390/390
f 532/365/365 533/390/390 520/392/392
f 494/2017/2015 502/372/372 498/371/371
f 548/364/364 533/390/390 532/365/365
f 531/366/366 532/365/365 520/392/392
f 531/366/366 520/392/392 519/2019/2017
f 519/2019/2017 520/392/392 501/2044/2042
f 479/2018/2016 501/2044/2042 494/2017/2015
f 519/2019/2017 501/2044/2042 508/2020/2018
f 501/2044/2042 479/2018/2016 508/2020/2018
f 503/2024/2022 500/2022/2020 499/2023/2021
f 503/2024/2022 499/2023/2021 487/2025/2023
f 503/2024/2022 487/2025/2023 495/2026/2024
f 510/2027/2025 503/2024/2022 495/2026/2024
f 538/375/375 512/374/374 536/2032/2030
f 536/2032/2030 512/374/374 497/2031/2029
f 66/378/378 58/377/377 57/394/394
f 72/482/482 84/379/379 66/378/378
f 31/2033/2031 42/2035/2033 40/2045/2043
f 1263/2036/2034 1166/1962/1960 1167/2046/2044
f 1167/2046/2044 1166/1962/1960 1022/1952/1950
f 179/396/396 193/432/432 174/272/272
f 2671/382/382 2675/383/383 2672/2047/2045
f 769/2048/2046 771/401/401 770/403/403
f 779/2049/2047 770/403/403 780/1969/1967
f 780/1969/1967 798/333/333 797/2050/2048
f 805/2037/2035 808/1957/1955 1146/1977/1975
f 991/2038/2036 987/1970/1968 984/2051/2049
f 1239/2052/2050 1136/1984/1982 1190/1971/1969
f 2885/2053/2051 2895/2039/2037 2889/2041/2039
f 549/389/389 534/388/388 533/390/390
f 520/392/392 523/391/391 504/2054/2052
f 505/2055/2053 502/372/372 494/2017/2015
f 504/2054/2052 505/2055/2053 494/2017/2015
f 520/392/392 504/2054/2052 501/2044/2042
f 504/2054/2052 494/2017/2015 501/2044/2042
f 26/393/393 31/2033/2031 23/2056/2054
f 23/2056/2054 31/2033/2031 16/2057/2055
f 16/2057/2055 31/2033/2031 40/2045/2043
f 1371/2058/2056 1370/1988/1986 1263/2036/2034
f 1027/462/462 1324/271/271 1334/2059/2057
f 1848/384/384 1844/400/400 1842/399/399
f 779/2049/2047 780/1969/1967 797/2050/2048
f 797/2050/2048 798/333/333 805/2037/2035
f 984/2051/2049 987/1970/1968 986/2060/2058
f 987/1970/1968 988/1978/1976 986/2060/2058
f 988/1978/1976 1136/1984/1982 986/2060/2058
f 986/2060/2058 1136/1984/1982 1239/2052/2050
f 1239/2052/2050 1190/1971/1969 1326/2016/2014
f 513/2042/2040 515/2061/2059 518/2043/2041
f 533/390/390 534/388/388 523/391/391
f 505/2055/2053 513/2042/2040 502/372/372
f 523/391/391 506/2062/2060 504/2054/2052
f 504/2054/2052 506/2062/2060 505/2055/2053
f 14/457/457 57/394/394 26/393/393
f 14/457/457 26/393/393 23/2056/2054
f 54/459/459 66/378/378 57/394/394
f 54/459/459 57/394/394 14/457/457
f 72/482/482 66/378/378 54/459/459
f 1022/1952/1950 1023/269/269 1024/2063/2061
f 797/2050/2048 805/2037/2035 803/2064/2062
f 523/391/391 534/388/388 506/2062/2060
f 505/2055/2053 514/2065/2063 513/2042/2040
f 506/2062/2060 514/2065/2063 505/2055/2053
f 2671/382/382 2672/2047/2045 2673/2066/2064
f 2673/2066/2064 2672/2047/2045 2674/2067/2065
f 1837/2068/2066 1842/399/399 1841/398/398
f 768/443/443 769/2048/2046 770/403/403
f 768/443/443 770/403/403 779/2049/2047
f 805/2037/2035 1146/1977/1975 991/2038/2036
f 1330/2069/2067 1239/2052/2050 1326/2016/2014
f 2889/2041/2039 2884/2070/2068 2885/2053/2051
f 2884/2070/2068 2889/2041/2039 2886/2071/2069
f 534/388/388 535/407/407 521/2072/2070
f 514/2065/2063 515/2061/2059 513/2042/2040
f 506/2062/2060 534/388/388 521/2072/2070
f 506/2062/2060 521/2072/2070 514/2065/2063
f 23/2056/2054 16/2057/2055 13/2073/2071
f 39/2074/2072 16/2057/2055 40/2045/2043
f 1024/2063/2061 1023/269/269 1027/462/462
f 1837/2068/2066 1841/398/398 1838/454/454
f 779/2049/2047 797/2050/2048 794/2075/2073
f 794/2075/2073 797/2050/2048 803/2064/2062
f 986/2060/2058 1239/2052/2050 1241/2076/2074
f 2894/2077/2075 2895/2039/2037 2873/436/436
f 2873/436/436 2895/2039/2037 2885/2053/2051
f 1996/416/416 1995/405/405 1993/426/426
f 2884/2070/2068 2886/2071/2069 2874/434/434
f 535/407/407 545/2078/2076 521/2072/2070
f 2887/2079/2077 2874/434/434 2886/2071/2069
f 14/457/457 23/2056/2054 13/2073/2071
f 39/2074/2072 40/2045/2043 59/2080/2078
f 1290/2081/2079 1263/2036/2034 1167/2046/2044
f 1024/2063/2061 1027/462/462 1028/461/461
f 1842/399/399 1837/2068/2066 1843/422/422
f 985/2082/2080 984/2051/2049 986/2060/2058
f 1241/2076/2074 1239/2052/2050 1330/2069/2067
f 535/407/407 546/2083/2081 545/2078/2076
f 2888/2084/2082 2883/439/439 2874/434/434
f 2888/2084/2082 2874/434/434 2887/2079/2077
f 768/443/443 779/2049/2047 782/444/444
f 782/444/444 779/2049/2047 794/2075/2073
f 2884/2070/2068 2873/436/436 2885/2053/2051
f 1372/2085/2083 1371/2058/2056 1263/2036/2034
f 2681/2086/2084 2673/2066/2064 2674/2067/2065
f 803/2064/2062 805/2037/2035 991/2038/2036
f 985/2082/2080 986/2060/2058 1241/2076/2074
f 2894/2077/2075 2873/436/436 2867/475/475
f 1995/405/405 1992/415/415 1993/426/426
f 2874/434/434 2873/436/436 2884/2070/2068
f 1372/2085/2083 1263/2036/2034 1290/2081/2079
f 778/446/446 769/2048/2046 768/443/443
f 795/2087/2085 794/2075/2073 803/2064/2062
f 992/2088/2086 803/2064/2062 991/2038/2036
f 992/2088/2086 991/2038/2036 984/2051/2049
f 1241/2076/2074 1330/2069/2067 1335/2089/2087
f 2891/2090/2088 2894/2077/2075 2867/475/475
f 2873/436/436 2851/449/449 2867/475/475
f 1985/427/427 1986/2091/2089 1994/428/428
f 1167/2046/2044 1022/1952/1950 1033/2092/2090
f 1027/462/462 1334/2059/2057 1316/460/460
f 1843/422/422 1837/2068/2066 1839/464/464
f 1837/2068/2066 1838/454/454 1839/464/464
f 1993/426/426 1981/438/438 1985/427/427
f 16/2057/2055 39/2074/2072 15/2093/2091
f 2682/2094/2092 2681/2086/2084 2674/2067/2065
f 786/2095/2093 769/2048/2046 778/446/446
f 795/2087/2085 803/2064/2062 807/2096/2094
f 979/2097/2095 992/2088/2086 984/2051/2049
f 979/2097/2095 984/2051/2049 983/2098/2096
f 983/2098/2096 984/2051/2049 985/2082/2080
f 2891/2090/2088 2867/475/475 2864/474/474
f 1985/427/427 1981/438/438 1974/479/479
f 1985/427/427 1974/479/479 1986/2091/2089
f 2872/435/435 2853/471/471 2851/449/449
f 53/458/458 14/457/457 11/2099/2097
f 67/480/480 72/482/482 54/459/459
f 1833/453/453 1835/452/452 1834/2100/2098
f 782/444/444 794/2075/2073 783/445/445
f 11/2099/2097 14/457/457 13/2073/2071
f 1232/2101/2099 1167/2046/2044 1033/2092/2090
f 1033/2092/2090 1022/1952/1950 1024/2063/2061
f 783/445/445 794/2075/2073 795/2087/2085
f 1247/2102/2100 985/2082/2080 1241/2076/2074
f 1981/438/438 1972/469/469 1974/479/479
f 2367/437/437 2393/381/381 2403/441/441
f 807/2096/2094 803/2064/2062 992/2088/2086
f 983/2098/2096 985/2082/2080 1247/2102/2100
f 1247/2102/2100 1241/2076/2074 1335/2089/2087
f 67/480/480 54/459/459 53/458/458
f 1833/453/453 1834/2100/2098 1829/2103/2101
f 786/2095/2093 778/446/446 785/2104/2102
f 784/2105/2103 778/446/446 783/445/445
f 2851/449/449 2850/497/497 2864/474/474
f 13/2073/2071 16/2057/2055 15/2093/2091
f 127/476/476 131/408/408 117/411/411
f 785/2104/2102 778/446/446 784/2105/2103
f 799/2106/2104 783/445/445 795/2087/2085
f 799/2106/2104 795/2087/2085 807/2096/2094
f 807/2096/2094 992/2088/2086 981/2107/2105
f 2850/497/497 2851/449/449 2852/487/487
f 1398/2108/2106 1372/2085/2083 1290/2081/2079
f 1839/464/464 1833/453/453 1840/495/495
f 1845/501/501 1839/464/464 1840/495/495
f 1847/465/465 1839/464/464 1845/501/501
f 784/2105/2103 783/445/445 789/2109/2107
f 981/2107/2105 992/2088/2086 979/2097/2095
f 1247/2102/2100 1335/2089/2087 1350/2110/2108
f 2891/2090/2088 2864/474/474 2863/498/498
f 11/2099/2097 13/2073/2071 9/2111/2109
f 9/2111/2109 13/2073/2071 15/2093/2091
f 12/2112/2110 15/2093/2091 39/2074/2072
f 39/2074/2072 59/2080/2078 41/2113/2111
f 1423/2114/2112 1372/2085/2083 1398/2108/2106
f 783/445/445 799/2106/2104 789/2109/2107
f 799/2106/2104 807/2096/2094 810/2115/2113
f 1243/2116/2114 983/2098/2096 1247/2102/2100
f 2891/2090/2088 2863/498/498 2890/2117/2115
f 12/2112/2110 39/2074/2072 41/2113/2111
f 1290/2081/2079 1167/2046/2044 1308/2118/2116
f 1308/2118/2116 1167/2046/2044 1232/2101/2099
f 2403/441/441 2586/429/429 2550/505/505
f 1240/550/550 1028/461/461 1316/460/460
f 184/431/431 179/396/396 167/472/472
f 1832/494/494 1833/453/453 1827/2119/2117
f 1833/453/453 1829/2103/2101 1827/2119/2117
f 785/2104/2102 784/2105/2103 787/2120/2118
f 787/2120/2118 784/2105/2103 789/2109/2107
f 810/2115/2113 807/2096/2094 1135/2121/2119
f 1135/2121/2119 807/2096/2094 981/2107/2105
f 982/2122/2120 983/2098/2096 1243/2116/2114
f 1033/2092/2090 1024/2063/2061 1029/2123/2121
f 1029/2123/2121 1024/2063/2061 1028/461/461
f 1827/2119/2117 1829/2103/2101 1828/2124/2122
f 788/2125/2123 785/2104/2102 787/2120/2118
f 1845/501/501 1840/495/495 1836/523/523
f 982/2122/2120 979/2097/2095 983/2098/2096
f 1964/490/490 1963/515/515 1965/506/506
f 67/480/480 53/458/458 52/2126/2124
f 52/2126/2124 53/458/458 11/2099/2097
f 1836/523/523 1840/495/495 1832/494/494
f 801/541/541 787/2120/2118 789/2109/2107
f 1243/2116/2114 1247/2102/2100 1350/2110/2108
f 1398/2108/2106 1290/2081/2079 1308/2118/2116
f 197/522/522 195/442/442 184/431/431
f 801/541/541 789/2109/2107 799/2106/2104
f 2866/532/532 2890/2117/2115 2863/498/498
f 11/2099/2097 9/2111/2109 8/2127/2125
f 78/2128/2126 79/481/481 67/480/480
f 2365/510/510 2367/437/437 2403/441/441
f 1826/2129/2127 1827/2119/2117 1828/2124/2122
f 1836/523/523 1832/494/494 1831/2130/2128
f 1831/2130/2128 1832/494/494 1827/2119/2117
f 1351/2131/2129 1243/2116/2114 1350/2110/2108
f 1831/2130/2128 1827/2119/2117 1826/2129/2127
f 791/540/540 787/2120/2118 801/541/541
f 801/541/541 799/2106/2104 802/2132/2130
f 802/2132/2130 799/2106/2104 810/2115/2113
f 2892/2133/2131 2890/2117/2115 2866/532/532
f 2878/507/507 2856/520/520 2854/504/504
f 52/2126/2124 11/2099/2097 8/2127/2125
f 1036/2134/2132 1232/2101/2099 1033/2092/2090
f 788/2125/2123 787/2120/2118 790/2135/2133
f 790/2135/2133 787/2120/2118 791/540/540
f 1135/2121/2119 981/2107/2105 980/2136/2134
f 1991/502/502 1997/486/486 1988/526/526
f 9/2111/2109 15/2093/2091 12/2112/2110
f 78/2128/2126 67/480/480 52/2126/2124
f 806/542/542 801/541/541 802/2132/2130
f 978/2137/2135 981/2107/2105 979/2097/2095
f 977/2138/2136 979/2097/2095 982/2122/2120
f 185/521/521 184/431/431 167/472/472
f 1830/2139/2137 1831/2130/2128 1826/2129/2127
f 2914/2140/2138 2916/2141/2139 2915/2142/2140
f 980/2136/2134 981/2107/2105 978/2137/2135
f 1308/2118/2116 1232/2101/2099 1036/2134/2132
f 1033/2092/2090 1029/2123/2121 1031/2143/2141
f 185/521/521 167/472/472 168/535/535
f 1856/519/519 1846/524/524 1854/539/539
f 802/2132/2130 810/2115/2113 814/2144/2142
f 978/2137/2135 979/2097/2095 977/2138/2136
f 1204/2145/2143 982/2122/2120 1243/2116/2114
f 75/576/576 78/2128/2126 52/2126/2124
f 12/2112/2110 41/2113/2111 37/2146/2144
f 1498/2147/2145 1502/2148/2146 1499/2149/2147
f 814/2144/2142 810/2115/2113 1135/2121/2119
f 2893/2150/2148 2892/2133/2131 2866/532/532
f 2866/532/532 2857/531/531 2860/561/561
f 10/2151/2149 9/2111/2109 12/2112/2110
f 1029/2123/2121 1028/461/461 1030/551/551
f 1497/2152/2150 1502/2148/2146 1498/2147/2145
f 814/2144/2142 1135/2121/2119 1134/2153/2151
f 1204/2145/2143 1243/2116/2114 1332/2154/2152
f 1243/2116/2114 1351/2131/2129 1332/2154/2152
f 2860/561/561 2857/531/531 2858/534/534
f 2877/527/527 2876/565/565 2858/534/534
f 75/576/576 52/2126/2124 65/574/574
f 2914/2140/2138 2915/2142/2140 2912/2155/2153
f 1134/2153/2151 1135/2121/2119 980/2136/2134
f 977/2138/2136 982/2122/2120 1204/2145/2143
f 1179/2156/2154 977/2138/2136 1204/2145/2143
f 1962/514/514 1969/558/558 1968/546/546
f 10/2151/2149 12/2112/2110 37/2146/2144
f 37/2146/2144 41/2113/2111 44/2157/2155
f 44/2157/2155 41/2113/2111 86/2158/2156
f 1030/551/551 1240/550/550 1229/2159/2157
f 2908/594/594 2914/2140/2138 2912/2155/2153
f 811/2160/2158 806/542/542 802/2132/2130
f 1399/2161/2159 1398/2108/2106 1308/2118/2116
f 156/580/580 168/535/535 127/476/476
f 811/2160/2158 802/2132/2130 814/2144/2142
f 2893/2150/2148 2866/532/532 2865/567/567
f 8/2127/2125 9/2111/2109 7/2162/2160
f 1036/2134/2132 1033/2092/2090 1031/2143/2141
f 197/522/522 185/521/521 198/570/570
f 169/569/569 185/521/521 168/535/535
f 1481/2163/2161 1498/2147/2145 1499/2149/2147
f 1506/2164/2162 1499/2149/2147 1507/2165/2163
f 813/2166/2164 806/542/542 811/2160/2158
f 51/2167/2165 52/2126/2124 8/2127/2125
f 65/574/574 52/2126/2124 51/2167/2165
f 2560/578/578 2558/508/508 2559/537/537
f 1029/2123/2121 1030/551/551 1031/2143/2141
f 169/569/569 168/535/535 156/580/580
f 2908/594/594 2912/2155/2153 2909/2168/2166
f 2909/2168/2166 2912/2155/2153 2913/2169/2167
f 2917/596/596 2914/2140/2138 2908/594/594
f 1482/2170/2168 1497/2152/2150 1498/2147/2145
f 1482/2170/2168 1498/2147/2145 1481/2163/2161
f 2865/567/567 2860/561/561 2861/585/585
f 7/2162/2160 9/2111/2109 10/2151/2149
f 1306/2171/2169 1308/2118/2116 1036/2134/2132
f 1490/2172/2170 1497/2152/2150 1482/2170/2168
f 1481/2163/2161 1499/2149/2147 1506/2164/2162
f 811/2160/2158 814/2144/2142 817/2173/2171
f 2875/586/586 2862/588/588 2859/560/560
f 10/2151/2149 37/2146/2144 36/2174/2172
f 36/2174/2172 37/2146/2144 44/2157/2155
f 44/2157/2155 86/2158/2156 45/2175/2173
f 1037/2176/2174 1036/2134/2132 1031/2143/2141
f 1229/2159/2157 1240/550/550 1360/644/644
f 1505/2177/2175 1481/2163/2161 1506/2164/2162
f 1506/2164/2162 1514/2178/2176 1505/2177/2175
f 817/2173/2171 814/2144/2142 1134/2153/2151
f 1/673/673 8/2127/2125 7/2162/2160
f 1031/2143/2141 1030/551/551 1032/2179/2177
f 2907/595/595 2908/594/594 2909/2168/2166
f 1875/590/590 1874/572/572 1876/601/601
f 976/2180/2178 980/2136/2134 978/2137/2135
f 978/2137/2135 977/2138/2136 976/2180/2178
f 976/2180/2178 977/2138/2136 971/2181/2179
f 971/2181/2179 977/2138/2136 1179/2156/2154
f 1179/2156/2154 1204/2145/2143 1178/2182/2180
f 1178/2182/2180 1204/2145/2143 1331/2183/2181
f 1204/2145/2143 1332/2154/2152 1331/2183/2181
f 1553/2184/2182 1554/606/606 1536/605/605
f 1/673/673 51/2167/2165 8/2127/2125
f 1032/2179/2177 1030/551/551 1046/646/646
f 1046/646/646 1030/551/551 1229/2159/2157
f 1478/2185/2183 1482/2170/2168 1481/2163/2161
f 1478/2185/2183 1481/2163/2161 1479/2186/2184
f 1481/2163/2161 1505/2177/2175 1479/2186/2184
f 2910/2187/2185 2909/2168/2166 2913/2169/2167
f 971/2181/2179 1179/2156/2154 1178/2182/2180
f 76/622/622 77/575/575 65/574/574
f 1399/2161/2159 1308/2118/2116 1306/2171/2169
f 1488/2188/2186 1490/2172/2170 1478/2185/2183
f 1478/2185/2183 1490/2172/2170 1482/2170/2168
f 1306/2171/2169 1036/2134/2132 1037/2176/2174
f 2907/595/595 2909/2168/2166 2910/2187/2185
f 817/2173/2171 1134/2153/2151 993/2189/2187
f 993/2189/2187 1134/2153/2151 980/2136/2134
f 1977/583/583 1990/593/593 1980/624/624
f 1977/583/583 1980/624/624 1978/611/611
f 64/621/621 65/574/574 51/2167/2165
f 2/2190/2188 7/2162/2160 10/2151/2149
f 2911/2191/2189 2907/595/595 2910/2187/2185
f 2/2190/2188 10/2151/2149 24/2192/2190
f 24/2192/2190 10/2151/2149 36/2174/2172
f 36/2174/2172 44/2157/2155 45/2175/2173
f 198/570/570 169/569/569 171/647/647
f 1878/633/633 1876/601/601 1781/629/629
f 1479/2186/2184 1505/2177/2175 1483/2193/2191
f 1877/634/634 1899/608/608 1875/590/590
f 1505/2177/2175 1514/2178/2176 1504/2194/2192
f 819/2195/2193 811/2160/2158 817/2173/2171
f 64/621/621 51/2167/2165 50/675/675
f 1229/2159/2157 1360/644/644 1046/646/646
f 1488/2188/2186 1478/2185/2183 1485/2196/2194
f 1485/2196/2194 1478/2185/2183 1476/2197/2195
f 1476/2197/2195 1478/2185/2183 1474/2198/2196
f 1478/2185/2183 1479/2186/2184 1474/2198/2196
f 1474/2198/2196 1479/2186/2184 1483/2193/2191
f 1483/2193/2191 1505/2177/2175 1504/2194/2192
f 1178/2182/2180 1331/2183/2181 1333/2199/2197
f 1553/2184/2182 1536/605/605 1531/640/640
f 1552/2200/2198 1553/2184/2182 1531/640/640
f 993/2189/2187 980/2136/2134 976/2180/2178
f 113/657/657 156/580/580 114/557/557
f 1/673/673 7/2162/2160 2/2190/2188
f 205/2201/2199 198/570/570 171/647/647
f 1778/2202/2200 1781/629/629 1779/2203/2201
f 1778/2202/2200 1779/2203/2201 1776/2204/2202
f 1776/2204/2202 1779/2203/2201 1780/2205/2203
f 1889/658/658 1878/633/633 1781/629/629
f 993/2189/2187 976/2180/2178 969/2206/2204
f 1306/2171/2169 1037/2176/2174 1307/2207/2205
f 1034/2208/2206 1031/2143/2141 1032/2179/2177
f 1889/658/658 1781/629/629 1778/2202/2200
f 1911/641/641 1913/592/592 1905/630/630
f 969/2206/2204 976/2180/2178 971/2181/2179
f 819/2195/2193 817/2173/2171 820/2209/2207
f 1379/2210/2208 1399/2161/2159 1306/2171/2169
f 155/668/668 156/580/580 113/657/657
f 1489/2211/2209 1485/2196/2194 1473/2212/2210
f 817/2173/2171 993/2189/2187 1004/2213/2211
f 1177/2214/2212 971/2181/2179 1178/2182/2180
f 1177/2214/2212 1178/2182/2180 1312/2215/2213
f 1312/2215/2213 1178/2182/2180 1333/2199/2197
f 1037/2176/2174 1031/2143/2141 1038/2216/2214
f 1038/2216/2214 1031/2143/2141 1034/2208/2206
f 1040/2217/2215 1046/646/646 1359/645/645
f 205/2201/2199 171/647/647 194/771/771
f 1473/2212/2210 1485/2196/2194 1476/2197/2195
f 1473/2212/2210 1476/2197/2195 1474/2198/2196
f 1552/2200/2198 1531/640/640 1551/2218/2216
f 1551/2218/2216 1531/640/640 1530/667/667
f 50/675/675 51/2167/2165 1/673/673
f 1379/2210/2208 1306/2171/2169 1307/2207/2205
f 1889/658/658 1778/2202/2200 1777/2219/2217
f 1777/2219/2217 1778/2202/2200 1776/2204/2202
f 1483/2193/2191 1504/2194/2192 1503/2220/2218
f 970/2221/2219 971/2181/2179 1177/2214/2212
f 24/2192/2190 36/2174/2172 35/2222/2220
f 35/2222/2220 36/2174/2172 45/2175/2173
f 35/2222/2220 45/2175/2173 85/2223/2221
f 1034/2208/2206 1032/2179/2177 1046/646/646
f 1034/2208/2206 1046/646/646 1040/2217/2215
f 1889/658/658 1777/2219/2217 1881/683/683
f 969/2206/2204 971/2181/2179 970/2221/2219
f 2405/681/681 2406/607/607 2534/628/628
f 1162/2224/2222 1307/2207/2205 1037/2176/2174
f 1162/2224/2222 1037/2176/2174 1038/2216/2214
f 820/2209/2207 817/2173/2171 1004/2213/2211
f 1004/2213/2211 993/2189/2187 969/2206/2204
f 194/771/771 171/647/647 159/688/688
f 1769/2225/2223 1777/2219/2217 1776/2204/2202
f 1769/2225/2223 1776/2204/2202 1775/2226/2224
f 1491/2227/2225 1489/2211/2209 1473/2212/2210
f 1880/2228/2226 1881/683/683 1777/2219/2217
f 1475/2229/2227 1474/2198/2196 1483/2193/2191
f 1483/2193/2191 1503/2220/2218 1475/2229/2227
f 1/673/673 2/2190/2188 3/2230/2228
f 4/674/674 1/673/673 3/2230/2228
f 2405/681/681 2534/628/628 2540/680/680
f 1880/2228/2226 1777/2219/2217 1769/2225/2223
f 1473/2212/2210 1474/2198/2196 1468/2231/2229
f 3/2230/2228 24/2192/2190 35/2222/2220
f 1473/2212/2210 1468/2231/2229 1471/2232/2230
f 1468/2231/2229 1474/2198/2196 1475/2229/2227
f 2/2190/2188 24/2192/2190 3/2230/2228
f 1040/2217/2215 1359/645/645 1361/790/790
f 1361/790/790 1359/645/645 1390/2233/2231
f 1551/2218/2216 1530/667/667 1529/685/685
f 1379/2210/2208 1307/2207/2205 1380/2234/2232
f 1475/2229/2227 1503/2220/2218 1508/2235/2233
f 1003/2236/2234 970/2221/2219 1177/2214/2212
f 71/752/752 76/622/622 64/621/621
f 1327/2237/2235 1307/2207/2205 1162/2224/2222
f 1038/2216/2214 1034/2208/2206 1039/2238/2236
f 1039/2238/2236 1034/2208/2206 1040/2217/2215
f 1491/2227/2225 1473/2212/2210 1471/2232/2230
f 1881/683/683 1880/2228/2226 1769/2225/2223
f 1551/2218/2216 1529/685/685 1540/2239/2237
f 46/764/764 50/675/675 4/674/674
f 35/2222/2220 85/2223/2221 43/2240/2238
f 1042/2241/2239 1040/2217/2215 1361/790/790
f 1003/2236/2234 1177/2214/2212 1312/2215/2213
f 64/621/621 50/675/675 60/765/765
f 60/765/765 50/675/675 46/764/764
f 1769/2225/2223 1775/2226/2224 1771/2242/2240
f 1492/2243/2241 1491/2227/2225 1471/2232/2230
f 1881/683/683 1769/2225/2223 1768/720/720
f 1301/2244/2242 820/2209/2207 1004/2213/2211
f 1004/2213/2211 969/2206/2204 968/2245/2243
f 1003/2236/2234 1312/2215/2213 1282/2246/2244
f 34/2247/2245 3/2230/2228 35/2222/2220
f 1301/2244/2242 1004/2213/2211 1152/2248/2246
f 969/2206/2204 970/2221/2219 967/2249/2247
f 1540/2239/2237 1529/685/685 1528/708/708
f 1152/2248/2246 1004/2213/2211 968/2245/2243
f 1327/2237/2235 1380/2234/2232 1307/2207/2205
f 1162/2224/2222 1038/2216/2214 1043/2250/2248
f 194/771/771 159/688/688 160/722/722
f 967/2249/2247 970/2221/2219 1003/2236/2234
f 5/2251/2249 4/674/674 3/2230/2228
f 71/752/752 64/621/621 60/765/765
f 1038/2216/2214 1039/2238/2236 1043/2250/2248
f 1768/720/720 1769/2225/2223 1770/2252/2250
f 1770/2252/2250 1769/2225/2223 1771/2242/2240
f 968/2245/2243 969/2206/2204 967/2249/2247
f 1039/2238/2236 1040/2217/2215 1042/2241/2239
f 1772/2253/2251 1771/2242/2240 1789/2254/2252
f 1467/2255/2253 1492/2243/2241 1471/2232/2230
f 1470/2256/2254 1475/2229/2227 1508/2235/2233
f 1540/2239/2237 1528/708/708 1534/733/733
f 71/752/752 60/765/765 61/750/750
f 34/2247/2245 35/2222/2220 43/2240/2238
f 2345/753/753 2363/703/703 2372/714/714
f 1468/2231/2229 1475/2229/2227 1470/2256/2254
f 46/764/764 4/674/674 5/2251/2249
f 1772/2253/2251 1770/2252/2250 1771/2242/2240
f 1467/2255/2253 1471/2232/2230 1468/2231/2229
f 1305/2257/2255 1301/2244/2242 1152/2248/2246
f 1883/745/745 1882/715/715 1768/720/720
f 1470/2256/2254 1508/2235/2233 1509/2258/2256
f 967/2249/2247 1003/2236/2234 964/2259/2257
f 1003/2236/2234 1282/2246/2244 1165/2260/2258
f 1165/2260/2258 1282/2246/2244 1265/2261/2259
f 764/2262/2260 766/2263/2261 765/2264/2262
f 1041/2265/2263 1039/2238/2236 1042/2241/2239
f 1305/2257/2255 1152/2248/2246 1151/2266/2264
f 3/2230/2228 34/2247/2245 27/2267/2265
f 1152/2248/2246 968/2245/2243 1151/2266/2264
f 1043/2250/2248 1039/2238/2236 1041/2265/2263
f 1467/2255/2253 1468/2231/2229 1469/2268/2266
f 1469/2268/2266 1468/2231/2229 1470/2256/2254
f 1162/2224/2222 1043/2250/2248 1193/2269/2267
f 1770/2252/2250 1772/2253/2251 1773/2270/2268
f 1772/2253/2251 1789/2254/2252 1787/2271/2269
f 968/2245/2243 967/2249/2247 963/2272/2270
f 1541/759/759 1534/733/733 1532/732/732
f 1380/2234/2232 1327/2237/2235 1328/2273/2271
f 1328/2273/2271 1327/2237/2235 1162/2224/2222
f 1768/720/720 1770/2252/2250 1774/2274/2272
f 1774/2274/2272 1770/2252/2250 1773/2270/2268
f 1472/2275/2273 1467/2255/2253 1469/2268/2266
f 1469/2268/2266 1470/2256/2254 1477/2276/2274
f 1477/2276/2274 1470/2256/2254 1509/2258/2256
f 1151/2266/2264 968/2245/2243 972/2277/2275
f 963/2272/2270 967/2249/2247 964/2259/2257
f 964/2259/2257 1003/2236/2234 1165/2260/2258
f 764/2262/2260 765/2264/2262 752/774/774
f 1106/792/792 1042/2241/2239 1361/790/790
f 208/2278/2276 194/771/771 202/770/770
f 1773/2270/2268 1772/2253/2251 1787/2271/2269
f 1774/2274/2272 1883/745/745 1768/720/720
f 27/2267/2265 34/2247/2245 30/2279/2277
f 30/2279/2277 34/2247/2245 43/2240/2238
f 1884/756/756 1883/745/745 1774/2274/2272
f 972/2277/2275 968/2245/2243 963/2272/2270
f 1885/800/800 1884/756/756 1774/2274/2272
f 1305/2257/2255 1151/2266/2264 972/2277/2275
f 1381/2280/2278 1380/2234/2232 1328/2273/2271
f 1469/2268/2266 1477/2276/2274 1480/2281/2279
f 1165/2260/2258 1265/2261/2259 1164/2282/2280
f 1164/2282/2280 1265/2261/2259 1264/2283/2281
f 761/2284/2282 764/2262/2260 752/774/774
f 46/764/764 5/2251/2249 17/2285/2283
f 1041/2265/2263 1042/2241/2239 1106/792/792
f 1774/2274/2272 1773/2270/2268 1782/2286/2284
f 2707/2287/2285 2708/2288/2286 2705/2289/2287
f 1472/2275/2273 1469/2268/2266 1484/2290/2288
f 962/2291/2289 963/2272/2270 964/2259/2257
f 5/2251/2249 3/2230/2228 6/2292/2290
f 6/2292/2290 3/2230/2228 27/2267/2265
f 202/770/770 160/722/722 138/793/793
f 1477/2276/2274 1509/2258/2256 1480/2281/2279
f 1305/2257/2255 972/2277/2275 1273/2293/2291
f 1408/2294/2292 1380/2234/2232 1381/2280/2278
f 1783/2295/2293 1774/2274/2272 1782/2286/2284
f 1484/2290/2288 1469/2268/2266 1480/2281/2279
f 1885/800/800 1774/2274/2272 1783/2295/2293
f 1480/2281/2279 1509/2258/2256 1510/2296/2294
f 964/2259/2257 1165/2260/2258 966/2297/2295
f 966/2297/2295 1165/2260/2258 1164/2282/2280
f 746/773/773 736/785/785 742/837/837
f 17/2285/2283 5/2251/2249 6/2292/2290
f 2706/2298/2296 2707/2287/2285 2705/2289/2287
f 1887/801/801 1893/794/794 1884/756/756
f 972/2277/2275 963/2272/2270 961/2299/2297
f 962/2291/2289 964/2259/2257 966/2297/2295
f 752/774/774 746/773/773 742/837/837
f 1621/825/825 1623/783/783 1620/799/799
f 1328/2273/2271 1162/2224/2222 1193/2269/2267
f 1106/792/792 1362/791/791 1171/2300/2298
f 1041/2265/2263 1106/792/792 1105/2301/2299
f 1105/2301/2299 1106/792/792 1171/2300/2298
f 1480/2281/2279 1510/2296/2294 1493/2302/2300
f 761/2284/2282 752/774/774 742/837/837
f 2345/753/753 2372/714/714 2371/797/797
f 2703/2303/2301 2706/2298/2296 2705/2289/2287
f 1484/2290/2288 1480/2281/2279 1486/2304/2302
f 1784/817/817 1885/800/800 1783/2295/2293
f 1886/818/818 1887/801/801 1885/800/800
f 1273/2293/2291 972/2277/2275 1168/2305/2303
f 961/2299/2297 963/2272/2270 962/2291/2289
f 1164/2282/2280 1264/2283/2281 965/2306/2304
f 965/2306/2304 1264/2283/2281 1238/2307/2305
f 759/2308/2306 761/2284/2282 742/837/837
f 63/789/789 61/750/750 49/814/814
f 1044/2309/2307 1043/2250/2248 1041/2265/2263
f 2703/2303/2301 2705/2289/2287 2704/2310/2308
f 1784/817/817 1783/2295/2293 1782/2286/2284
f 1486/2304/2302 1480/2281/2279 1487/2311/2309
f 1168/2305/2303 972/2277/2275 961/2299/2297
f 742/837/837 736/785/785 731/821/821
f 6/2292/2290 27/2267/2265 30/2279/2277
f 1381/2280/2278 1328/2273/2271 1329/2312/2310
f 1193/2269/2267 1043/2250/2248 1044/2309/2307
f 1487/2311/2309 1480/2281/2279 1493/2302/2300
f 956/2313/2311 962/2291/2289 966/2297/2295
f 966/2297/2295 1164/2282/2280 965/2306/2304
f 1618/813/813 1619/824/824 1620/799/799
f 1044/2309/2307 1041/2265/2263 1045/2314/2312
f 1784/817/817 1782/2286/2284 1785/2315/2313
f 961/2299/2297 962/2291/2289 956/2313/2311
f 731/821/821 730/812/812 729/832/832
f 49/814/814 46/764/764 47/2316/2314
f 47/2316/2314 46/764/764 17/2285/2283
f 1329/2312/2310 1328/2273/2271 1193/2269/2267
f 202/770/770 138/793/793 172/861/861
f 138/793/793 95/747/747 90/826/826
f 2703/2303/2301 2704/2310/2308 2700/2317/2315
f 1168/2305/2303 961/2299/2297 960/2318/2316
f 956/2313/2311 966/2297/2295 965/2306/2304
f 83/2319/2317 73/751/751 63/789/789
f 1494/2320/2318 1486/2304/2302 1487/2311/2309
f 1493/2302/2300 1510/2296/2294 1496/2321/2319
f 960/2318/2316 961/2299/2297 956/2313/2311
f 1045/2314/2312 1041/2265/2263 1105/2301/2299
f 1890/836/836 1887/801/801 1886/818/818
f 1496/2321/2319 1510/2296/2294 1512/2322/2320
f 1278/2323/2321 1273/2293/2291 1168/2305/2303
f 965/2306/2304 1238/2307/2305 973/2324/2322
f 759/2308/2306 742/837/837 743/838/838
f 1495/2325/2323 1487/2311/2309 1493/2302/2300
f 47/2316/2314 17/2285/2283 19/2326/2324
f 1784/817/817 1785/2315/2313 1786/2327/2325
f 2699/2328/2326 2703/2303/2301 2700/2317/2315
f 1494/2320/2318 1487/2311/2309 1495/2325/2323
f 1788/847/847 1886/818/818 1784/817/817
f 1495/2325/2323 1493/2302/2300 1496/2321/2319
f 960/2318/2316 956/2313/2311 955/2329/2327
f 956/2313/2311 965/2306/2304 954/2330/2328
f 743/838/838 729/832/832 739/859/859
f 726/858/858 729/832/832 728/831/831
f 1329/2312/2310 1193/2269/2267 1183/2331/2329
f 1047/2332/2330 1044/2309/2307 1045/2314/2312
f 1049/2333/2331 1045/2314/2312 1105/2301/2299
f 1788/847/847 1784/817/817 1786/2327/2325
f 954/2330/2328 965/2306/2304 973/2324/2322
f 726/858/858 728/831/831 722/866/866
f 17/2285/2283 6/2292/2290 18/2334/2332
f 1183/2331/2329 1193/2269/2267 1044/2309/2307
f 1278/2323/2321 1168/2305/2303 960/2318/2316
f 973/2324/2322 1238/2307/2305 1008/2335/2333
f 1008/2335/2333 1238/2307/2305 1237/2336/2334
f 760/2337/2335 759/2308/2306 743/838/838
f 1171/2300/2298 1362/791/791 1339/2338/2336
f 1496/2321/2319 1512/2322/2320 1511/2339/2337
f 954/2330/2328 973/2324/2322 953/2340/2338
f 203/2341/2339 202/770/770 172/861/861
f 1788/847/847 1786/2327/2325 1790/897/897
f 1494/2320/2318 1495/2325/2323 1500/2342/2340
f 1500/2342/2340 1495/2325/2323 1496/2321/2319
f 1794/862/862 1890/836/836 1788/847/847
f 1500/2342/2340 1496/2321/2319 1511/2339/2337
f 1283/2343/2341 1278/2323/2321 960/2318/2316
f 955/2329/2327 956/2313/2311 954/2330/2328
f 760/2337/2335 743/838/838 754/865/865
f 739/859/859 726/858/858 725/867/867
f 1501/2344/2342 1494/2320/2318 1500/2342/2340
f 1794/862/862 1788/847/847 1790/897/897
f 953/2340/2338 973/2324/2322 1008/2335/2333
f 18/2334/2332 6/2292/2290 25/2345/2343
f 25/2345/2343 6/2292/2290 30/2279/2277
f 83/2319/2317 63/789/789 62/2346/2344
f 1183/2331/2329 1044/2309/2307 1047/2332/2330
f 2343/877/877 2345/753/753 2371/797/797
f 1047/2332/2330 1045/2314/2312 1049/2333/2331
f 1790/897/897 1786/2327/2325 1791/895/895
f 2699/2328/2326 2700/2317/2315 2694/2347/2345
f 955/2329/2327 954/2330/2328 952/2348/2346
f 754/865/865 739/859/859 753/899/899
f 62/2346/2344 63/789/789 49/814/814
f 1408/2294/2292 1381/2280/2278 1382/2349/2347
f 2695/2350/2348 2699/2328/2326 2694/2347/2345
f 1283/2343/2341 960/2318/2316 1268/2351/2349
f 960/2318/2316 955/2329/2327 959/2352/2350
f 1008/2335/2333 1237/2336/2334 1235/2353/2351
f 1382/2349/2347 1381/2280/2278 1329/2312/2310
f 1500/2342/2340 1511/2339/2337 1513/2354/2352
f 1513/2354/2352 1511/2339/2337 1515/2355/2353
f 953/2340/2338 1008/2335/2333 950/2356/2354
f 19/2326/2324 17/2285/2283 18/2334/2332
f 134/840/840 90/826/826 128/888/888
f 2695/2350/2348 2694/2347/2345 2692/2357/2355
f 1794/862/862 1790/897/897 1796/882/882
f 2711/2358/2356 2712/2359/2357 2717/2360/2358
f 1268/2351/2349 960/2318/2316 959/2352/2350
f 959/2352/2350 955/2329/2327 952/2348/2346
f 952/2348/2346 954/2330/2328 953/2340/2338
f 741/898/898 739/859/859 725/867/867
f 1382/2349/2347 1329/2312/2310 1341/2361/2359
f 2694/2347/2345 2712/2359/2357 2711/2358/2356
f 1796/882/882 1790/897/897 1793/2362/2360
f 959/2352/2350 952/2348/2346 958/2363/2361
f 1008/2335/2333 1235/2353/2351 949/2364/2362
f 62/2346/2344 49/814/814 48/2365/2363
f 1322/2366/2364 1329/2312/2310 1183/2331/2329
f 1793/2362/2360 1790/897/897 1792/896/896
f 1268/2351/2349 959/2352/2350 1226/2367/2365
f 950/2356/2354 1008/2335/2333 949/2364/2362
f 755/2368/2366 754/865/865 753/899/899
f 48/2365/2363 49/814/814 47/2316/2314
f 1341/2361/2359 1329/2312/2310 1322/2366/2364
f 241/835/835 221/942/942 222/829/829
f 2691/2369/2367 2692/2357/2355 2693/2370/2368
f 2693/2370/2368 2692/2357/2355 2694/2347/2345
f 2693/2370/2368 2694/2347/2345 2711/2358/2356
f 1226/2367/2365 959/2352/2350 958/2363/2361
f 958/2363/2361 952/2348/2346 951/2371/2369
f 952/2348/2346 953/2340/2338 950/2356/2354
f 949/2364/2362 1235/2353/2351 1236/2372/2370
f 203/2341/2339 172/861/861 170/903/903
f 2693/2370/2368 2711/2358/2356 2713/2373/2371
f 2713/2373/2371 2711/2358/2356 2717/2360/2358
f 1513/2354/2352 1515/2355/2353 1516/2374/2372
f 951/2371/2369 952/2348/2346 950/2356/2354
f 1105/2301/2299 1171/2300/2298 1104/2375/2373
f 1793/2362/2360 1792/896/896 1795/2376/2374
f 1796/882/882 1793/2362/2360 1797/933/933
f 1798/908/908 1796/882/882 1797/933/933
f 1513/2354/2352 1516/2374/2372 1517/2377/2375
f 944/2378/2376 950/2356/2354 949/2364/2362
f 717/901/901 720/886/886 715/919/919
f 25/2345/2343 30/2279/2277 32/2379/2377
f 1401/2380/2378 1408/2294/2292 1382/2349/2347
f 1797/933/933 1793/2362/2360 1795/2376/2374
f 2696/2381/2379 2693/2370/2368 2713/2373/2371
f 2713/2373/2371 2717/2360/2358 2720/2382/2380
f 1226/2367/2365 958/2363/2361 951/2371/2369
f 951/2371/2369 950/2356/2354 944/2378/2376
f 1009/2383/2381 949/2364/2362 1236/2372/2370
f 755/2368/2366 753/899/899 740/928/928
f 740/928/928 753/899/899 741/898/898
f 1048/2384/2382 1183/2331/2329 1047/2332/2330
f 1049/2333/2331 1105/2301/2299 1104/2375/2373
f 1104/2375/2373 1171/2300/2298 1339/2338/2336
f 2691/2369/2367 2693/2370/2368 2696/2381/2379
f 2713/2373/2371 2720/2382/2380 2714/2385/2383
f 1009/2383/2381 1236/2372/2370 1260/2386/2384
f 762/2387/2385 755/2368/2366 740/928/928
f 18/2334/2332 25/2345/2343 32/2379/2377
f 2697/2388/2386 2724/2389/2387 2691/2369/2367
f 2697/2388/2386 2691/2369/2367 2696/2381/2379
f 2696/2381/2379 2713/2373/2371 2714/2385/2383
f 20/2390/2388 19/2326/2324 18/2334/2332
f 1322/2366/2364 1183/2331/2329 1048/2384/2382
f 2697/2388/2386 2696/2381/2379 2698/2391/2389
f 2698/2391/2389 2696/2381/2379 2714/2385/2383
f 1226/2367/2365 951/2371/2369 1225/2392/2390
f 957/2393/2391 951/2371/2369 944/2378/2376
f 957/2393/2391 944/2378/2376 943/2394/2392
f 944/2378/2376 949/2364/2362 933/2395/2393
f 47/2316/2314 19/2326/2324 20/2390/2388
f 55/2396/2394 62/2346/2344 48/2365/2363
f 70/2397/2395 83/2319/2317 62/2346/2344
f 2722/2398/2396 2724/2389/2387 2697/2388/2386
f 2698/2391/2389 2714/2385/2383 2715/2399/2397
f 1931/923/923 1933/918/918 1823/937/937
f 1225/2392/2390 951/2371/2369 957/2393/2391
f 943/2394/2392 944/2378/2376 933/2395/2393
f 933/2395/2393 949/2364/2362 1009/2383/2381
f 1157/2400/2398 1009/2383/2381 1260/2386/2384
f 733/929/929 713/916/916 712/958/958
f 713/916/916 710/936/936 712/958/958
f 48/2365/2363 47/2316/2314 20/2390/2388
f 21/2401/2399 18/2334/2332 32/2379/2377
f 1048/2384/2382 1047/2332/2330 1049/2333/2331
f 2722/2398/2396 2697/2388/2386 2701/2402/2400
f 2701/2402/2400 2697/2388/2386 2698/2391/2389
f 1823/937/937 1959/922/922 1799/934/934
f 2715/2399/2397 2714/2385/2383 2720/2382/2380
f 1517/2377/2375 1516/2374/2372 1518/2403/2401
f 1518/2403/2401 1516/2374/2372 1519/2404/2402
f 933/2395/2393 1009/2383/2381 947/2405/2403
f 21/2401/2399 20/2390/2388 18/2334/2332
f 69/2406/2404 62/2346/2344 55/2396/2394
f 1050/2407/2405 1049/2333/2331 1104/2375/2373
f 2723/2408/2406 2722/2398/2396 2701/2402/2400
f 2702/2409/2407 2698/2391/2389 2715/2399/2397
f 1823/937/937 1799/934/934 1824/2410/2408
f 2715/2399/2397 2720/2382/2380 2719/2411/2409
f 70/2397/2395 62/2346/2344 69/2406/2404
f 1401/2380/2378 1382/2349/2347 1341/2361/2359
f 2701/2402/2400 2698/2391/2389 2702/2409/2407
f 2716/2412/2410 2702/2409/2407 2715/2399/2397
f 2716/2412/2410 2715/2399/2397 2719/2411/2409
f 740/928/928 733/929/929 745/2413/2411
f 1402/2414/2412 1401/2380/2378 1341/2361/2359
f 1104/2375/2373 1339/2338/2336 1337/2415/2413
f 1337/2415/2413 1339/2338/2336 1389/2416/2414
f 1817/2417/2415 1823/937/937 1824/2410/2408
f 957/2393/2391 943/2394/2392 1011/2418/2416
f 947/2405/2403 1009/2383/2381 1157/2400/2398
f 762/2387/2385 740/928/928 757/2419/2417
f 48/2365/2363 20/2390/2388 22/2420/2418
f 1048/2384/2382 1049/2333/2331 1050/2407/2405
f 1820/2421/2419 1824/2410/2408 1825/2422/2420
f 2709/2423/2421 2701/2402/2400 2702/2409/2407
f 1817/2417/2415 1824/2410/2408 1820/2421/2419
f 2710/2424/2422 2702/2409/2407 2716/2412/2410
f 2710/2424/2422 2716/2412/2410 2718/2425/2423
f 1712/2426/2424 1707/2427/2425 1697/2428/2426
f 1697/2428/2426 1707/2427/2425 1705/2429/2427
f 1225/2392/2390 957/2393/2391 1227/2430/2428
f 22/2420/2418 20/2390/2388 21/2401/2399
f 2709/2423/2421 2702/2409/2407 2710/2424/2422
f 1818/961/961 1823/937/937 1817/2417/2415
f 1690/2431/2429 1712/2426/2424 1697/2428/2426
f 1697/2428/2426 1705/2429/2427 1702/2432/2430
f 1227/2430/2428 957/2393/2391 1011/2418/2416
f 1011/2418/2416 943/2394/2392 942/2433/2431
f 947/2405/2403 1157/2400/2398 948/2434/2432
f 948/2434/2432 1157/2400/2398 1189/2435/2433
f 1157/2400/2398 1260/2386/2384 1189/2435/2433
f 757/2419/2417 740/928/928 745/2413/2411
f 942/2433/2431 943/2394/2392 933/2395/2393
f 933/2395/2393 947/2405/2403 932/2436/2434
f 1189/2435/2433 1260/2386/2384 1261/2437/2435
f 744/2438/2436 745/2413/2411 733/929/929
f 55/2396/2394 48/2365/2363 22/2420/2418
f 1051/2439/2437 1048/2384/2382 1050/2407/2405
f 1817/2417/2415 1820/2421/2419 1813/2440/2438
f 2721/2441/2439 2709/2423/2421 2710/2424/2422
f 932/2436/2434 947/2405/2403 948/2434/2432
f 744/2438/2436 733/929/929 734/966/966
f 21/2401/2399 32/2379/2377 33/2442/2440
f 1050/2407/2405 1104/2375/2373 1053/2443/2441
f 1671/2444/2442 1689/2445/2443 1670/2446/2444
f 1689/2445/2443 1690/2431/2429 1676/2447/2445
f 1816/1001/1001 1818/961/961 1812/1013/1013
f 1812/1013/1013 1818/961/961 1817/2417/2415
f 1929/968/968 1818/961/961 1816/1001/1001
f 1684/2448/2446 1697/2428/2426 1702/2432/2430
f 55/2396/2394 22/2420/2418 56/999/999
f 56/999/999 22/2420/2418 29/997/997
f 29/997/997 22/2420/2418 28/1009/1009
f 28/1009/1009 22/2420/2418 21/2401/2399
f 28/1009/1009 21/2401/2399 33/2442/2440
f 70/2397/2395 69/2406/2404 68/1041/1041
f 2582/985/985 2581/940/940 2630/1062/1062
f 2370/952/952 2537/874/874 2517/981/981
f 1323/2449/2447 1341/2361/2359 1322/2366/2364
f 1322/2366/2364 1048/2384/2382 1119/2450/2448
f 1812/1013/1013 1817/2417/2415 1813/2440/2438
f 1670/2446/2444 1689/2445/2443 1676/2447/2445
f 1676/2447/2445 1690/2431/2429 1684/2448/2446
f 1690/2431/2429 1697/2428/2426 1684/2448/2446
f 757/2419/2417 745/2413/2411 756/2451/2449
f 756/2451/2449 745/2413/2411 744/2438/2436
f 744/2438/2436 734/966/966 735/988/988
f 68/1041/1041 69/2406/2404 55/2396/2394
f 68/1041/1041 55/2396/2394 56/999/999
f 128/888/888 89/887/887 92/960/960
f 931/2452/2450 933/2395/2393 932/2436/2434
f 931/2452/2450 932/2436/2434 926/2453/2451
f 926/2453/2451 932/2436/2434 948/2434/2432
f 80/998/998 29/997/997 81/1008/1008
f 28/1009/1009 33/2442/2440 38/1042/1042
f 1402/2414/2412 1341/2361/2359 1323/2449/2447
f 1365/2454/2452 1402/2414/2412 1323/2449/2447
f 1323/2449/2447 1322/2366/2364 1119/2450/2448
f 1052/2455/2453 1050/2407/2405 1053/2443/2441
f 1812/1013/1013 1813/2440/2438 1811/2456/2454
f 1810/1014/1014 1812/1013/1013 1811/2456/2454
f 1668/2457/2455 1671/2444/2442 1670/2446/2444
f 1815/1012/1012 1816/1001/1001 1812/1013/1013
f 1684/2448/2446 1702/2432/2430 1700/2458/2456
f 1228/2459/2457 1227/2430/2428 1154/2460/2458
f 1227/2430/2428 1011/2418/2416 1154/2460/2458
f 942/2433/2431 933/2395/2393 931/2452/2450
f 1189/2435/2433 1261/2437/2435 1245/2461/2459
f 371/1007/1007 365/1006/1006 370/1023/1023
f 1119/2450/2448 1048/2384/2382 1051/2439/2437
f 206/2462/2460 170/903/903 164/1011/1011
f 1668/2457/2455 1670/2446/2444 1669/2463/2461
f 1670/2446/2444 1676/2447/2445 1675/1112/1112
f 1669/2463/2461 1670/2446/2444 1675/1112/1112
f 1675/1112/1112 1676/2447/2445 1684/2448/2446
f 1675/1112/1112 1684/2448/2446 1685/1113/1113
f 1154/2460/2458 1011/2418/2416 934/2464/2462
f 749/1083/1083 756/2451/2449 744/2438/2436
f 744/2438/2436 735/988/988 749/1083/1083
f 735/988/988 716/980/980 750/1020/1020
f 380/1046/1046 373/1024/1024 370/1023/1023
f 405/1060/1060 386/1037/1037 396/1036/1036
f 368/1038/1038 385/1039/1039 369/1058/1058
f 81/1008/1008 38/1042/1042 82/2465/2463
f 1366/2466/2464 1365/2454/2452 1349/1120/1120
f 1051/2439/2437 1050/2407/2405 1052/2455/2453
f 1685/1113/1113 1684/2448/2446 1700/2458/2456
f 1011/2418/2416 942/2433/2431 934/2464/2462
f 934/2464/2462 942/2433/2431 931/2452/2450
f 975/2467/2465 948/2434/2432 1189/2435/2433
f 975/2467/2465 1189/2435/2433 1245/2461/2459
f 975/2467/2465 1245/2461/2459 1186/2468/2466
f 763/2469/2467 756/2451/2449 749/1083/1083
f 377/1050/1050 359/1033/1033 376/1089/1089
f 374/1056/1056 366/1055/1055 375/1077/1077
f 2583/1061/1061 2632/1063/1063 2613/1076/1076
f 369/1058/1058 385/1039/1039 382/2470/2468
f 379/1078/1078 369/1058/1058 382/2470/2468
f 2582/985/985 2630/1062/1062 2583/1061/1061
f 1349/1120/1120 1365/2454/2452 1323/2449/2447
f 1810/1014/1014 1811/2456/2454 1808/1102/1102
f 1685/1113/1113 1700/2458/2456 1701/2471/2469
f 926/2453/2451 948/2434/2432 975/2467/2465
f 749/1083/1083 735/988/988 750/1020/1020
f 376/1089/1089 359/1033/1033 374/1056/1056
f 2370/952/952 2517/981/981 2381/1065/1065
f 1809/1101/1101 1810/1014/1014 1808/1102/1102
f 1667/1110/1110 1668/2457/2455 1666/1111/1111
f 1666/1111/1111 1668/2457/2455 1669/2463/2461
f 1814/1066/1066 1810/1014/1014 1809/1101/1101
f 931/2452/2450 926/2453/2451 925/2472/2470
f 925/2472/2470 926/2453/2451 927/2473/2471
f 926/2453/2451 975/2467/2465 927/2473/2471
f 763/2469/2467 749/1083/1083 758/1084/1084
f 377/1050/1050 376/1089/1089 388/1105/1105
f 381/1090/1090 375/1077/1077 379/1078/1078
f 1666/1111/1111 1669/2463/2461 1672/2474/2472
f 1669/2463/2461 1675/1112/1112 1672/2474/2472
f 1228/2459/2457 1154/2460/2458 1244/2475/2473
f 934/2464/2462 931/2452/2450 930/2476/2474
f 930/2476/2474 931/2452/2450 925/2472/2470
f 1340/2477/2475 1348/2478/2476 1250/2479/2477
f 387/1106/1106 378/1047/1047 377/1050/1050
f 388/1105/1105 376/1089/1089 389/2480/2478
f 1373/2481/2479 1367/2482/2480 1202/1122/1122
f 1201/2483/2481 1373/2481/2479 1202/1122/1122
f 1202/1122/1122 1367/2482/2480 1366/2466/2464
f 1132/1121/1121 1323/2449/2447 1119/2450/2448
f 1132/1121/1121 1119/2450/2448 1061/2484/2482
f 1814/1066/1066 1809/1101/1101 1804/1100/1100
f 1683/1114/1114 1685/1113/1113 1701/2471/2469
f 927/2473/2471 975/2467/2465 1005/2485/2483
f 1005/2485/2483 975/2467/2465 1186/2468/2466
f 767/2486/2484 763/2469/2467 758/1084/1084
f 1010/1135/1135 1340/2477/2475 1250/2479/2477
f 376/1089/1089 383/1088/1088 389/2480/2478
f 389/2480/2478 383/1088/1088 390/1107/1107
f 1181/2487/2485 1373/2481/2479 1201/2483/2481
f 1202/1122/1122 1366/2466/2464 1349/1120/1120
f 1349/1120/1120 1323/2449/2447 1132/1121/1121
f 1061/2484/2482 1119/2450/2448 1051/2439/2437
f 1062/2488/2486 1053/2443/2441 1104/2375/2373
f 1804/1100/1100 1808/1102/1102 1807/1126/1126
f 1672/2474/2472 1675/1112/1112 1683/1114/1114
f 1153/2489/2487 1154/2460/2458 934/2464/2462
f 925/2472/2470 927/2473/2471 928/2490/2488
f 1005/2485/2483 1186/2468/2466 1010/1135/1135
f 1010/1135/1135 1250/2479/2477 1141/1136/1136
f 1062/2488/2486 1104/2375/2373 1337/2415/2413
f 191/1294/1294 206/2462/2460 164/1011/1011
f 1814/1066/1066 1804/1100/1100 1800/1127/1127
f 1244/2475/2473 1154/2460/2458 1153/2489/2487
f 930/2476/2474 925/2472/2470 929/2491/2489
f 929/2491/2489 925/2472/2470 928/2490/2488
f 1005/2485/2483 1010/1135/1135 1007/2492/2490
f 1180/2493/2491 1181/2487/2485 1131/2494/2492
f 1201/2483/2481 1202/1122/1122 1058/2495/2493
f 1202/1122/1122 1132/1121/1121 1058/2495/2493
f 1058/2495/2493 1132/1121/1121 1057/2496/2494
f 1057/2496/2494 1132/1121/1121 1061/2484/2482
f 1062/2488/2486 1337/2415/2413 1342/2497/2495
f 1664/1109/1109 1666/1111/1111 1665/1147/1147
f 1800/1127/1127 1804/1100/1100 1801/1125/1125
f 1665/1147/1147 1666/1111/1111 1672/2474/2472
f 928/2490/2488 927/2473/2471 1006/2498/2496
f 1006/2498/2496 927/2473/2471 1005/2485/2483
f 1006/2498/2496 1005/2485/2483 1007/2492/2490
f 1007/2492/2490 1010/1135/1135 1138/1137/1137
f 1138/1137/1137 1141/1136/1136 1149/2499/2497
f 1141/1136/1136 1180/2493/2491 1149/2499/2497
f 1149/2499/2497 1180/2493/2491 1131/2494/2492
f 1061/2484/2482 1051/2439/2437 1052/2455/2453
f 1801/1125/1125 1807/1126/1126 1805/2500/2498
f 1800/1127/1127 1801/1125/1125 1802/1149/1149
f 941/2501/2499 929/2491/2489 928/2490/2488
f 1161/2502/2500 928/2490/2488 1006/2498/2496
f 1131/2494/2492 1181/2487/2485 1101/2503/2501
f 1181/2487/2485 1201/2483/2481 1101/2503/2501
f 1101/2503/2501 1201/2483/2481 1058/2495/2493
f 1057/2496/2494 1061/2484/2482 1052/2455/2453
f 1802/1149/1149 1801/1125/1125 1805/2500/2498
f 1673/2504/2502 1672/2474/2472 1678/2505/2503
f 1672/2474/2472 1683/1114/1114 1678/2505/2503
f 1696/2506/2504 1683/1114/1114 1701/2471/2469
f 1244/2475/2473 1153/2489/2487 1147/2507/2505
f 936/2508/2506 1153/2489/2487 934/2464/2462
f 935/2509/2507 934/2464/2462 930/2476/2474
f 1007/2492/2490 1138/1137/1137 1139/2510/2508
f 1658/2511/2509 1664/1109/1109 1659/1148/1148
f 1659/1148/1148 1665/1147/1147 1673/2504/2502
f 1665/1147/1147 1672/2474/2472 1673/2504/2502
f 1678/2505/2503 1683/1114/1114 1696/2506/2504
f 1147/2507/2505 1153/2489/2487 936/2508/2506
f 936/2508/2506 934/2464/2462 935/2509/2507
f 1259/2512/2510 1161/2502/2500 1006/2498/2496
f 1259/2512/2510 1006/2498/2496 1242/2513/2511
f 1242/2513/2511 1006/2498/2496 1195/2514/2512
f 1195/2514/2512 1006/2498/2496 1007/2492/2490
f 1184/2515/2513 1007/2492/2490 1170/1173/1173
f 1170/1173/1173 1007/2492/2490 1139/2510/2508
f 2413/1130/1130 2412/1156/1156 2385/1131/1131
f 1139/2510/2508 1138/1137/1137 1140/2516/2514
f 1140/2516/2514 1138/1137/1137 1149/2499/2497
f 1148/2517/2515 1149/2499/2497 1131/2494/2492
f 1757/1144/1144 1800/1127/1127 1803/1150/1150
f 1271/2518/2516 1244/2475/2473 1147/2507/2505
f 935/2509/2507 930/2476/2474 938/2519/2517
f 938/2519/2517 930/2476/2474 941/2501/2499
f 941/2501/2499 930/2476/2474 929/2491/2489
f 1259/2512/2510 1242/2513/2511 1293/2520/2518
f 1195/2514/2512 1007/2492/2490 1184/2515/2513
f 1170/1173/1173 1139/2510/2508 1219/1171/1171
f 1219/1171/1171 1139/2510/2508 1140/2516/2514
f 1140/2516/2514 1149/2499/2497 1200/2521/2519
f 1200/2521/2519 1149/2499/2497 1148/2517/2515
f 1131/2494/2492 1101/2503/2501 1118/2522/2520
f 1148/2517/2515 1131/2494/2492 1118/2522/2520
f 1118/2522/2520 1101/2503/2501 1060/2523/2521
f 1060/2523/2521 1101/2503/2501 1058/2495/2493
f 1056/2524/2522 1057/2496/2494 1052/2455/2453
f 941/2501/2499 928/2490/2488 1160/2525/2523
f 928/2490/2488 1161/2502/2500 1160/2525/2523
f 1160/2525/2523 1161/2502/2500 1233/2526/2524
f 1233/2526/2524 1161/2502/2500 1259/2512/2510
f 1294/2527/2525 1259/2512/2510 1293/2520/2518
f 1293/2520/2518 1242/2513/2511 1195/2514/2512
f 2383/1160/1160 2412/1156/1156 2437/1175/1175
f 1060/2523/2521 1058/2495/2493 1059/2528/2526
f 1058/2495/2493 1057/2496/2494 1056/2524/2522
f 1059/2528/2526 1058/2495/2493 1056/2524/2522
f 1657/2529/2527 1658/2511/2509 1659/1148/1148
f 1802/1149/1149 1805/2500/2498 1750/2530/2528
f 1803/1150/1150 1802/1149/1149 1750/2530/2528
f 1233/2526/2524 1259/2512/2510 1294/2527/2525
f 1293/2520/2518 1195/2514/2512 1292/2531/2529
f 2417/1155/1155 2484/1174/1174 2412/1156/1156
f 1140/2516/2514 1406/1172/1172 1219/1171/1171
f 1148/2517/2515 1118/2522/2520 1194/2532/2530
f 1056/2524/2522 1052/2455/2453 1055/2533/2531
f 1746/1195/1195 1757/1144/1144 1803/1150/1150
f 1674/1179/1179 1659/1148/1148 1673/2504/2502
f 1674/1179/1179 1673/2504/2502 1678/2505/2503
f 945/2534/2532 1147/2507/2505 936/2508/2506
f 937/2535/2533 936/2508/2506 935/2509/2507
f 1233/2526/2524 1294/2527/2525 1296/2536/2534
f 1296/2536/2534 1294/2527/2525 1295/2537/2535
f 1294/2527/2525 1293/2520/2518 1295/2537/2535
f 1295/2537/2535 1293/2520/2518 1292/2531/2529
f 1292/2531/2529 1195/2514/2512 1184/2515/2513
f 1292/2531/2529 1184/2515/2513 1404/2538/2536
f 1404/2538/2536 1184/2515/2513 1170/1173/1173
f 1407/2539/2537 1406/1172/1172 1140/2516/2514
f 1406/1172/1172 1407/2539/2537 1430/2540/2538
f 1407/2539/2537 1140/2516/2514 1200/2521/2519
f 1194/2532/2530 1118/2522/2520 1060/2523/2521
f 1657/2529/2527 1659/1148/1148 1660/1180/1180
f 1746/1195/1195 1803/1150/1150 1750/2530/2528
f 935/2509/2507 938/2519/2517 939/2541/2539
f 1160/2525/2523 938/2519/2517 941/2501/2499
f 1297/2542/2540 1233/2526/2524 1296/2536/2534
f 1295/2537/2535 1292/2531/2529 1374/2543/2541
f 1406/1172/1172 1404/2538/2536 1170/1173/1173
f 1424/2544/2542 1404/2538/2536 1406/1172/1172
f 1407/2539/2537 1200/2521/2519 1403/2545/2543
f 1403/2545/2543 1200/2521/2519 1148/2517/2515
f 1353/2546/2544 1148/2517/2515 1194/2532/2530
f 1194/2532/2530 1060/2523/2521 1352/2547/2545
f 1059/2528/2526 1056/2524/2522 1150/2548/2546
f 1150/2548/2546 1056/2524/2522 1122/2549/2547
f 1750/2530/2528 1805/2500/2498 1806/2550/2548
f 1681/2551/2549 1674/1179/1179 1678/2505/2503
f 1678/2505/2503 1696/2506/2504 1695/2552/2550
f 945/2534/2532 936/2508/2506 937/2535/2533
f 937/2535/2533 935/2509/2507 939/2541/2539
f 938/2519/2517 1160/2525/2523 1159/2553/2551
f 1248/2554/2552 1160/2525/2523 1233/2526/2524
f 1297/2542/2540 1296/2536/2534 1295/2537/2535
f 1297/2542/2540 1295/2537/2535 1374/2543/2541
f 1374/2543/2541 1292/2531/2529 1405/2555/2553
f 1292/2531/2529 1404/2538/2536 1405/2555/2553
f 1430/2540/2538 1424/2544/2542 1406/1172/1172
f 1432/2556/2554 1430/2540/2538 1407/2539/2537
f 1353/2546/2544 1403/2545/2543 1148/2517/2515
f 1353/2546/2544 1194/2532/2530 1352/2547/2545
f 1352/2547/2545 1060/2523/2521 1311/2557/2555
f 1311/2557/2555 1060/2523/2521 1059/2528/2526
f 1122/2549/2547 1056/2524/2522 1055/2533/2531
f 1064/2558/2556 1062/2488/2486 1342/2497/2495
f 1681/2551/2549 1678/2505/2503 1695/2552/2550
f 1159/2553/2551 1160/2525/2523 1248/2554/2552
f 1249/2559/2557 1159/2553/2551 1248/2554/2552
f 1248/2554/2552 1233/2526/2524 1354/1230/1230
f 1354/1230/1230 1233/2526/2524 1297/2542/2540
f 1424/2544/2542 1405/2555/2553 1404/2538/2536
f 1435/2560/2558 1424/2544/2542 1438/2561/2559
f 1438/2561/2559 1424/2544/2542 1430/2540/2538
f 1438/2561/2559 1430/2540/2538 1439/2562/2560
f 1440/2563/2561 1439/2562/2560 1430/2540/2538
f 659/1187/1187 643/1209/1209 678/2564/2562
f 1441/2565/2563 1440/2563/2561 1430/2540/2538
f 1441/2565/2563 1430/2540/2538 1432/2556/2554
f 663/1198/1198 659/1187/1187 678/2564/2562
f 1431/2566/2564 1432/2556/2554 1407/2539/2537
f 1431/2566/2564 1407/2539/2537 1403/2545/2543
f 1431/2566/2564 1403/2545/2543 1422/2567/2565
f 1422/2567/2565 1403/2545/2543 1353/2546/2544
f 1422/2567/2565 1353/2546/2544 1352/2547/2545
f 1352/2547/2545 1311/2557/2555 1396/2568/2566
f 1311/2557/2555 1059/2528/2526 1150/2548/2546
f 1213/2569/2567 1150/2548/2546 1122/2549/2547
f 1746/1195/1195 1750/2530/2528 1745/1236/1236
f 1677/2570/2568 1660/1180/1180 1674/1179/1179
f 1272/2571/2569 1271/2518/2516 1175/2572/2570
f 1271/2518/2516 1147/2507/2505 1175/2572/2570
f 1175/2572/2570 1147/2507/2505 945/2534/2532
f 939/2541/2539 938/2519/2517 1159/2553/2551
f 1354/1230/1230 1297/2542/2540 1412/1228/1228
f 1297/2542/2540 1374/2543/2541 1405/2555/2553
f 1405/2555/2553 1424/2544/2542 1435/2560/2558
f 644/1208/1208 658/1197/1197 645/1207/1207
f 1461/2573/2571 1438/2561/2559 1439/2562/2560
f 643/1209/1209 644/1208/1208 632/2574/2572
f 643/1209/1209 632/2574/2572 636/1218/1218
f 2953/2575/2573 2962/2576/2574 2952/2577/2575
f 678/2564/2562 643/1209/1209 649/1220/1220
f 643/1209/1209 636/1218/1218 649/1220/1220
f 678/2564/2562 649/1220/1220 679/2578/2576
f 663/1198/1198 678/2564/2562 679/2578/2576
f 1431/2566/2564 1441/2565/2563 1432/2556/2554
f 665/1210/1210 663/1198/1198 679/2578/2576
f 1428/2579/2577 1422/2567/2565 1352/2547/2545
f 1422/2567/2565 1428/2579/2577 1450/2580/2578
f 2386/1165/1165 2547/1200/1200 2516/1201/1201
f 1396/2568/2566 1428/2579/2577 1352/2547/2545
f 1396/2568/2566 1311/2557/2555 1346/2581/2579
f 1346/2581/2579 1311/2557/2555 1309/2582/2580
f 1309/2582/2580 1311/2557/2555 1150/2548/2546
f 1052/2455/2453 1053/2443/2441 1054/2583/2581
f 1054/2583/2581 1053/2443/2441 1062/2488/2486
f 1750/2530/2528 1806/2550/2548 1736/2584/2582
f 1745/1236/1236 1750/2530/2528 1736/2584/2582
f 1657/2529/2527 1660/1180/1180 1661/2585/2583
f 1677/2570/2568 1674/1179/1179 1679/1300/1300
f 1679/1300/1300 1674/1179/1179 1681/2551/2549
f 1248/2554/2552 1354/1230/1230 1355/1256/1256
f 1405/2555/2553 1412/1228/1228 1297/2542/2540
f 1436/2586/2584 1405/2555/2553 1435/2560/2558
f 1461/2573/2571 1435/2560/2558 1438/2561/2559
f 644/1208/1208 645/1207/1207 633/1240/1240
f 1465/2587/2585 1461/2573/2571 1439/2562/2560
f 632/2574/2572 644/1208/1208 633/1240/1240
f 632/2574/2572 633/1240/1240 634/2588/2586
f 636/1218/1218 632/2574/2572 634/2588/2586
f 1466/2589/2587 1465/2587/2585 1439/2562/2560
f 2950/2590/2588 2953/2575/2573 2952/2577/2575
f 2950/2590/2588 2952/2577/2575 2951/2591/2589
f 679/2578/2576 649/1220/1220 652/1243/1243
f 652/1243/1243 649/1220/1220 650/1219/1219
f 2950/2590/2588 2951/2591/2589 2948/2592/2590
f 1455/2593/2591 1441/2565/2563 1431/2566/2564
f 1451/2594/2592 1455/2593/2591 1431/2566/2564
f 679/2578/2576 652/1243/1243 680/2595/2593
f 1422/2567/2565 1451/2594/2592 1431/2566/2564
f 665/1210/1210 679/2578/2576 680/2595/2593
f 667/1221/1221 665/1210/1210 680/2595/2593
f 1451/2594/2592 1422/2567/2565 1450/2580/2578
f 1443/2596/2594 1450/2580/2578 1428/2579/2577
f 1443/2596/2594 1428/2579/2577 1396/2568/2566
f 1346/2581/2579 1420/2597/2595 1396/2568/2566
f 1346/2581/2579 1309/2582/2580 1345/2598/2596
f 1309/2582/2580 1150/2548/2546 1213/2569/2567
f 1213/2569/2567 1122/2549/2547 1069/2599/2597
f 1069/2599/2597 1122/2549/2547 1055/2533/2531
f 1069/2599/2597 1055/2533/2531 1054/2583/2581
f 1054/2583/2581 1055/2533/2531 1052/2455/2453
f 1662/2600/2598 1657/2529/2527 1661/2585/2583
f 1661/2585/2583 1660/1180/1180 1677/2570/2568
f 1681/2551/2549 1695/2552/2550 1698/2601/2599
f 940/2602/2600 937/2535/2533 939/2541/2539
f 1249/2559/2557 1248/2554/2552 1355/1256/1256
f 1426/2603/2601 1354/1230/1230 1425/1229/1229
f 1412/1228/1228 1405/2555/2553 1425/1229/1229
f 1425/1229/1229 1405/2555/2553 1437/2604/2602
f 683/1232/1232 681/1231/1231 648/1233/1233
f 1436/2586/2584 1437/2604/2602 1405/2555/2553
f 645/1207/1207 648/1233/1233 638/1261/1261
f 645/1207/1207 638/1261/1261 633/1240/1240
f 1461/2573/2571 1436/2586/2584 1435/2560/2558
f 634/2588/2586 633/1240/1240 635/1242/1242
f 2947/2605/2603 2950/2590/2588 2948/2592/2590
f 652/1243/1243 650/1219/1219 653/1244/1244
f 2946/2606/2604 2947/2605/2603 2948/2592/2590
f 1462/2607/2605 1455/2593/2591 1451/2594/2592
f 680/2595/2593 652/1243/1243 655/1246/1246
f 2949/2608/2606 2947/2605/2603 2946/2606/2604
f 656/1247/1247 680/2595/2593 655/1246/1246
f 1463/2609/2607 1462/2607/2605 1451/2594/2592
f 2954/2610/2608 2959/2611/2609 2957/2612/2610
f 667/1221/1221 680/2595/2593 656/1247/1247
f 669/1223/1223 667/1221/1221 676/1249/1249
f 667/1221/1221 656/1247/1247 676/1249/1249
f 1420/2597/2595 1443/2596/2594 1396/2568/2566
f 1420/2597/2595 1346/2581/2579 1393/2613/2611
f 1310/2614/2612 1309/2582/2580 1213/2569/2567
f 1310/2614/2612 1213/2569/2567 1221/2615/2613
f 1221/2615/2613 1213/2569/2567 1069/2599/2597
f 1733/1273/1273 1745/1236/1236 1736/2584/2582
f 1744/1215/1215 1745/1236/1236 1733/1273/1273
f 1356/2616/2614 1249/2559/2557 1355/1256/1256
f 1427/1255/1255 1354/1230/1230 1426/2603/2601
f 1447/1269/1269 1425/1229/1229 1437/2604/2602
f 638/1261/1261 648/1233/1233 640/1239/1239
f 633/1240/1240 638/1261/1261 637/1241/1241
f 2967/1263/1263 2968/1262/1262 2969/2617/2615
f 656/1247/1247 655/1246/1246 654/1245/1245
f 2954/2610/2608 2949/2608/2606 2946/2606/2604
f 2955/2618/2616 2949/2608/2606 2954/2610/2608
f 656/1247/1247 654/1245/1245 657/2619/2617
f 2964/2620/2618 2966/2621/2619 2955/2618/2616
f 2955/2618/2616 2954/2610/2608 2956/2622/2620
f 2956/2622/2620 2954/2610/2608 2957/2612/2610
f 2956/2622/2620 2957/2612/2610 2958/2623/2621
f 676/1249/1249 694/1248/1248 689/1271/1271
f 2960/2624/2622 2958/2623/2621 2961/2625/2623
f 1444/2626/2624 1443/2596/2594 1420/2597/2595
f 676/1249/1249 689/1271/1271 670/1224/1224
f 1444/2626/2624 1420/2597/2595 1434/2627/2625
f 1434/2627/2625 1420/2597/2595 1393/2613/2611
f 1345/2598/2596 1393/2613/2611 1346/2581/2579
f 1393/2613/2611 1345/2598/2596 1392/2628/2626
f 1320/2629/2627 1345/2598/2596 1309/2582/2580
f 1320/2629/2627 1309/2582/2580 1310/2614/2612
f 1663/2630/2628 1661/2585/2583 1677/2570/2568
f 1679/1300/1300 1681/2551/2549 1698/2601/2599
f 1279/2631/2629 1272/2571/2569 1137/2632/2630
f 1137/2632/2630 1272/2571/2569 1175/2572/2570
f 1158/2633/2631 939/2541/2539 1159/2553/2551
f 1256/2634/2632 1159/2553/2551 1249/2559/2557
f 1426/2603/2601 1425/1229/1229 1446/1270/1270
f 2967/1263/1263 2971/2635/2633 2970/1264/1264
f 639/1260/1260 637/1241/1241 638/1261/1261
f 2964/2620/2618 2955/2618/2616 2956/2622/2620
f 2965/2636/2634 2964/2620/2618 2963/2637/2635
f 2963/2637/2635 2964/2620/2618 2956/2622/2620
f 2963/2637/2635 2956/2622/2620 2960/2624/2622
f 2960/2624/2622 2956/2622/2620 2958/2623/2621
f 473/2638/2636 474/2639/2637 477/2640/2638
f 474/2639/2637 473/2638/2636 469/2641/2639
f 1433/2642/2640 1434/2627/2625 1393/2613/2611
f 1433/2642/2640 1393/2613/2611 1392/2628/2626
f 1392/2628/2626 1345/2598/2596 1320/2629/2627
f 1221/2615/2613 1069/2599/2597 1222/2643/2641
f 1662/2600/2598 1661/2585/2583 1663/2630/2628
f 1137/2632/2630 1175/2572/2570 945/2534/2532
f 940/2602/2600 939/2541/2539 1158/2633/2631
f 1158/2633/2631 1159/2553/2551 1256/2634/2632
f 1256/2634/2632 1249/2559/2557 1400/1303/1303
f 1400/1303/1303 1249/2559/2557 1356/2616/2614
f 1356/2616/2614 1355/1256/1256 1427/1255/1255
f 1445/2644/2642 1427/1255/1255 1426/2603/2601
f 1446/1270/1270 1447/1269/1269 1464/2645/2643
f 640/1239/1239 641/1258/1258 639/1260/1260
f 2972/2646/2644 2971/2635/2633 2967/1263/1263
f 476/2647/2645 474/2639/2637 469/2641/2639
f 2177/2648/2646 2178/2649/2647 2176/2650/2648
f 476/2647/2645 469/2641/2639 472/2651/2649
f 469/2641/2639 473/2638/2636 470/2652/2650
f 2175/1285/1285 2177/2648/2646 2176/2650/2648
f 470/2652/2650 467/2653/2651 463/2654/2652
f 2521/1280/1280 2493/1234/1234 2572/1251/1251
f 191/1294/1294 164/1011/1011 126/1235/1235
f 1137/2632/2630 945/2534/2532 946/2655/2653
f 945/2534/2532 937/2535/2533 946/2655/2653
f 946/2655/2653 937/2535/2533 940/2602/2600
f 641/1258/1258 685/1268/1268 646/1284/1284
f 1446/1270/1270 1445/2644/2642 1426/2603/2601
f 641/1258/1258 646/1284/1284 642/1277/1277
f 2973/2656/2654 2974/2657/2655 2971/2635/2633
f 2972/2646/2644 2973/2656/2654 2971/2635/2633
f 457/1324/1324 472/2651/2649 469/2641/2639
f 469/2641/2639 470/2652/2650 445/2658/2656
f 449/2659/2657 469/2641/2639 445/2658/2656
f 2175/1285/1285 2176/2650/2648 2171/1286/1286
f 2171/1286/1286 2176/2650/2648 2174/2660/2658
f 453/2661/2659 470/2652/2650 463/2654/2652
f 1054/2583/2581 1062/2488/2486 1064/2558/2556
f 1733/1273/1273 1736/2584/2582 1731/2662/2660
f 1400/1303/1303 1356/2616/2614 1429/1318/1318
f 685/1268/1268 686/1276/1276 687/1282/1282
f 1356/2616/2614 1427/1255/1255 1429/1318/1318
f 1429/1318/1318 1427/1255/1255 1445/2644/2642
f 2974/2657/2655 2976/2663/2661 2977/2664/2662
f 457/1324/1324 469/2641/2639 449/2659/2657
f 453/2661/2659 445/2658/2656 470/2652/2650
f 2651/2665/2663 2654/2666/2664 2653/2667/2665
f 2651/2665/2663 2653/2667/2665 2650/2668/2666
f 1737/1274/1274 1733/1273/1273 1732/2669/2667
f 1682/2670/2668 1663/2630/2628 1680/1299/1299
f 1680/1299/1299 1663/2630/2628 1677/2570/2568
f 1680/1299/1299 1677/2570/2568 1679/1300/1300
f 1686/1301/1301 1679/1300/1300 1698/2601/2599
f 1158/2633/2631 1256/2634/2632 1287/1305/1305
f 1452/2671/2669 1429/1318/1318 1445/2644/2642
f 646/1284/1284 651/1283/1283 647/2672/2670
f 642/1277/1277 646/1284/1284 647/2672/2670
f 2975/2673/2671 2976/2663/2661 2974/2657/2655
f 2973/2656/2654 2975/2673/2671 2974/2657/2655
f 449/2659/2657 445/2658/2656 441/1325/1325
f 1394/2674/2672 1392/2628/2626 1320/2629/2627
f 1320/2629/2627 1310/2614/2612 1319/2675/2673
f 1174/2676/2674 1221/2615/2613 1222/2643/2641
f 1064/2558/2556 1342/2497/2495 1387/2677/2675
f 191/1294/1294 126/1235/1235 143/1295/1295
f 1732/2669/2667 1733/1273/1273 1731/2662/2660
f 1256/2634/2632 1400/1303/1303 1287/1305/1305
f 647/2672/2670 651/1283/1283 695/2678/2676
f 2975/2673/2671 2978/1322/1322 2976/2663/2661
f 457/1324/1324 449/2659/2657 441/1325/1325
f 441/1325/1325 445/2658/2656 443/2679/2677
f 2166/2680/2678 2171/1286/1286 2174/2660/2658
f 443/2679/2677 445/2658/2656 453/2661/2659
f 443/2679/2677 453/2661/2659 463/2654/2652
f 463/2654/2652 467/2653/2651 461/2681/2679
f 2506/1293/1293 2521/1280/1280 2170/1292/1292
f 1319/2675/2673 1310/2614/2612 1174/2676/2674
f 1310/2614/2612 1221/2615/2613 1174/2676/2674
f 1222/2643/2641 1069/2599/2597 1174/2676/2674
f 1174/2676/2674 1069/2599/2597 1068/2682/2680
f 1068/2682/2680 1069/2599/2597 1054/2583/2581
f 1941/1316/1316 1755/1237/1237 1753/1302/1302
f 1127/2683/2681 1137/2632/2630 946/2655/2653
f 974/2684/2682 940/2602/2600 1158/2633/2631
f 974/2684/2682 1158/2633/2631 1287/1305/1305
f 1400/1303/1303 1429/1318/1318 919/1320/1320
f 651/1283/1283 687/1282/1282 688/1307/1307
f 1453/1319/1319 1429/1318/1318 1452/2671/2669
f 2980/1321/1321 2978/1322/1322 2979/1309/1309
f 2975/2673/2671 2979/1309/1309 2978/1322/1322
f 1394/2674/2672 1320/2629/2627 1319/2675/2673
f 1063/2685/2683 1054/2583/2581 1064/2558/2556
f 2648/2686/2684 2651/2665/2663 2650/2668/2666
f 1688/2687/2685 1680/1299/1299 1686/1301/1301
f 1691/2688/2686 1686/1301/1301 1698/2601/2599
f 974/2684/2682 1287/1305/1305 1288/2689/2687
f 1288/2689/2687 1287/1305/1305 918/1304/1304
f 918/1304/1304 1400/1303/1303 919/1320/1320
f 690/1317/1317 691/1339/1337 688/1307/1307
f 444/2690/2688 443/2679/2677 463/2654/2652
f 1394/2674/2672 1319/2675/2673 1378/2691/2689
f 1732/2669/2667 1731/2662/2660 1729/1376/1374
f 1739/1315/1315 1737/1274/1274 1732/2669/2667
f 1454/1353/1351 919/1320/1320 1453/1319/1319
f 441/1325/1325 443/2679/2677 436/2692/2690
f 438/1341/1339 441/1325/1325 436/2692/2690
f 444/2690/2688 463/2654/2652 461/2681/2679
f 1254/2693/2691 1319/2675/2673 1174/2676/2674
f 1687/2694/2692 1682/2670/2668 1680/1299/1299
f 1739/1315/1315 1732/2669/2667 1729/1376/1374
f 1688/2687/2685 1686/1301/1301 1691/2688/2686
f 1753/1302/1302 1747/1253/1253 1739/1315/1315
f 1691/2688/2686 1698/2601/2599 1703/2695/2693
f 1279/2631/2629 1137/2632/2630 1127/2683/2681
f 946/2655/2653 940/2602/2600 974/2684/2682
f 1125/2696/2694 946/2655/2653 974/2684/2682
f 1288/2689/2687 918/1304/1304 913/1352/1350
f 436/2692/2690 443/2679/2677 444/2690/2688
f 1729/1376/1374 1731/2662/2660 1730/1374/1372
f 2648/2686/2684 2650/2668/2666 2649/2697/2695
f 1687/2694/2692 1680/1299/1299 1688/2687/2685
f 1270/2698/2696 1279/2631/2629 1127/2683/2681
f 915/1351/1349 918/1304/1304 919/1320/1320
f 1127/2683/2681 946/2655/2653 1125/2696/2694
f 1378/2691/2689 1319/2675/2673 1254/2693/2691
f 1063/2685/2683 1064/2558/2556 1120/2699/2697
f 434/2700/2698 438/1341/1339 436/2692/2690
f 2165/1371/1369 2171/1286/1286 2166/2680/2678
f 1174/2676/2674 1068/2682/2680 1117/2701/2699
f 1117/2701/2699 1068/2682/2680 1065/2702/2700
f 1065/2702/2700 1068/2682/2680 1054/2583/2581
f 1687/2694/2692 1688/2687/2685 1692/2703/2701
f 1739/1315/1315 1729/1376/1374 1738/1377/1375
f 1130/2704/2702 1125/2696/2694 974/2684/2682
f 974/2684/2682 1288/2689/2687 912/2705/2703
f 912/2705/2703 1288/2689/2687 913/1352/1350
f 912/2705/2703 913/1352/1350 902/1361/1359
f 459/1326/1326 438/1341/1339 434/2700/2698
f 436/2692/2690 444/2690/2688 437/2706/2704
f 1254/2693/2691 1174/2676/2674 1117/2701/2699
f 1728/2707/2705 1729/1376/1374 1727/1375/1373
f 1693/2708/2706 1687/2694/2692 1692/2703/2701
f 1115/2709/2707 1125/2696/2694 1130/2704/2702
f 2165/1371/1369 2166/2680/2678 2164/2710/2708
f 1065/2702/2700 1054/2583/2581 1063/2685/2683
f 143/1295/1295 104/1357/1355 142/1392/1390
f 2648/2686/2684 2649/2697/2695 2647/2711/2709
f 1688/2687/2685 1691/2688/2686 1694/2712/2710
f 1694/2712/2710 1691/2688/2686 1703/2695/2693
f 1130/2704/2702 974/2684/2682 912/2705/2703
f 460/2713/2711 459/1326/1326 434/2700/2698
f 437/2706/2704 444/2690/2688 452/2714/2712
f 452/2714/2712 444/2690/2688 461/2681/2679
f 1064/2558/2556 1387/2677/2675 1336/1497/1495
f 1692/2703/2701 1688/2687/2685 1694/2712/2710
f 1270/2698/2696 1127/2683/2681 1126/2715/2713
f 912/2705/2703 902/1361/1359 898/1403/1401
f 2169/1381/1379 2170/1292/1292 2165/1371/1369
f 1066/2716/2714 1063/2685/2683 1120/2699/2697
f 142/1392/1390 158/1390/1388 143/1295/1295
f 2646/2717/2715 2648/2686/2684 2647/2711/2709
f 1738/1377/1375 1729/1376/1374 1728/2707/2705
f 1694/2712/2710 1703/2695/2693 1704/2718/2716
f 1281/2719/2717 1270/2698/2696 1126/2715/2713
f 1126/2715/2713 1127/2683/2681 1125/2696/2694
f 1285/2720/2718 912/2705/2703 898/1403/1401
f 2327/1426/1424 2330/1372/1370 2425/1359/1357
f 1120/2699/2697 1064/2558/2556 1336/1497/1495
f 1130/2704/2702 912/2705/2703 1285/2720/2718
f 434/2700/2698 436/2692/2690 435/2721/2719
f 2644/2722/2720 2647/2711/2709 2657/2723/2721
f 1734/1409/1407 1738/1377/1375 1728/2707/2705
f 1734/1409/1407 1728/2707/2705 1726/1434/1432
f 2656/2724/2722 2657/2723/2721 2665/2725/2723
f 1699/2726/2724 1692/2703/2701 1694/2712/2710
f 1133/2727/2725 1130/2704/2702 1285/2720/2718
f 876/1415/1413 873/1396/1394 872/1399/1397
f 435/2721/2719 436/2692/2690 437/2706/2704
f 1126/2715/2713 1125/2696/2694 1116/2728/2726
f 200/1510/1508 190/1296/1296 181/1411/1409
f 1728/2707/2705 1727/1375/1373 1726/1434/1432
f 1726/1434/1432 1727/1375/1373 1725/2729/2727
f 2645/2730/2728 2646/2717/2715 2644/2722/2720
f 2646/2717/2715 2647/2711/2709 2644/2722/2720
f 2644/2722/2720 2657/2723/2721 2656/2724/2722
f 1699/2726/2724 1694/2712/2710 1704/2718/2716
f 1116/2728/2726 1125/2696/2694 1115/2709/2707
f 1065/2702/2700 1063/2685/2683 1066/2716/2714
f 1115/2709/2707 1130/2704/2702 1133/2727/2725
f 1133/2727/2725 1285/2720/2718 1112/2731/2729
f 1395/2732/2730 1394/2674/2672 1378/2691/2689
f 1699/2726/2724 1704/2718/2716 1706/2733/2731
f 1285/2720/2718 898/1403/1401 896/1421/1419
f 2163/1432/1430 2165/1371/1369 2164/2710/2708
f 1185/2734/2732 1254/2693/2691 1117/2701/2699
f 1280/2735/2733 1281/2719/2717 1126/2715/2713
f 1286/2736/2734 1285/2720/2718 896/1421/1419
f 433/2737/2735 434/2700/2698 435/2721/2719
f 1395/2732/2730 1378/2691/2689 1254/2693/2691
f 2643/2738/2736 2645/2730/2728 2644/2722/2720
f 2644/2722/2720 2656/2724/2722 2655/2739/2737
f 2655/2739/2737 2656/2724/2722 2665/2725/2723
f 1280/2735/2733 1126/2715/2713 1191/2740/2738
f 888/1431/1429 878/1430/1428 879/1439/1437
f 460/2713/2711 434/2700/2698 456/2741/2739
f 2163/1432/1430 2164/2710/2708 2159/2742/2740
f 452/2714/2712 461/2681/2679 462/2743/2741
f 1117/2701/2699 1065/2702/2700 1067/2744/2742
f 1717/1447/1445 1726/1434/1432 1725/2729/2727
f 2643/2738/2736 2644/2722/2720 2642/2745/2743
f 2642/2745/2743 2644/2722/2720 2655/2739/2737
f 2655/2739/2737 2665/2725/2723 2664/2746/2744
f 1112/2731/2729 1285/2720/2718 1286/2736/2734
f 1395/2732/2730 1254/2693/2691 1185/2734/2732
f 1124/2747/2745 1066/2716/2714 1120/2699/2697
f 1717/1447/1445 1725/2729/2727 1721/1476/1474
f 1191/2740/2738 1126/2715/2713 1116/2728/2726
f 456/2741/2739 434/2700/2698 433/2737/2735
f 1185/2734/2732 1117/2701/2699 1072/2748/2746
f 1067/2744/2742 1065/2702/2700 1066/2716/2714
f 1708/2749/2747 1699/2726/2724 1706/2733/2731
f 1116/2728/2726 1115/2709/2707 1114/2750/2748
f 1115/2709/2707 1133/2727/2725 1112/2731/2729
f 1112/2731/2729 1286/2736/2734 1155/2751/2749
f 1124/2747/2745 1120/2699/2697 1336/1497/1495
f 1735/1435/1433 1717/1447/1445 1716/1470/1468
f 1304/2752/2750 1286/2736/2734 896/1421/1419
f 897/1453/1451 888/1431/1429 889/1466/1464
f 435/2721/2719 437/2706/2704 439/2753/2751
f 439/2753/2751 437/2706/2704 452/2714/2712
f 2655/2739/2737 2664/2746/2744 2663/2754/2752
f 1114/2750/2748 1115/2709/2707 1111/2755/2753
f 1304/2752/2750 896/1421/1419 897/1453/1451
f 451/2756/2754 452/2714/2712 462/2743/2741
f 1072/2748/2746 1117/2701/2699 1067/2744/2742
f 1067/2744/2742 1066/2716/2714 1070/1543/1541
f 1070/1543/1541 1066/2716/2714 1124/2747/2745
f 2641/2757/2755 2643/2738/2736 2642/2745/2743
f 2642/2745/2743 2655/2739/2737 2652/2758/2756
f 2652/2758/2756 2655/2739/2737 2663/2754/2752
f 1111/2755/2753 1115/2709/2707 1112/2731/2729
f 1112/2731/2729 1155/2751/2749 1110/2759/2757
f 1155/2751/2749 1286/2736/2734 1304/2752/2750
f 439/2753/2751 452/2714/2712 451/2756/2754
f 1280/2735/2733 1191/2740/2738 1192/2760/2758
f 1192/2760/2758 1191/2740/2738 1116/2728/2726
f 1192/2760/2758 1116/2728/2726 1114/2750/2748
f 1111/2755/2753 1112/2731/2729 1110/2759/2757
f 1716/1470/1468 1717/1447/1445 1718/1477/1475
f 1718/1477/1475 1721/1476/1474 1722/2761/2759
f 882/1458/1456 885/1483/1481 890/1488/1486
f 433/2737/2735 435/2721/2719 440/2762/2760
f 1395/2732/2730 1185/2734/2732 1291/2763/2761
f 1156/2764/2762 1185/2734/2732 1072/2748/2746
f 2641/2757/2755 2642/2745/2743 2640/2765/2763
f 2642/2745/2743 2652/2758/2756 2640/2765/2763
f 1708/2749/2747 1706/2733/2731 1709/2766/2764
f 1298/2767/2765 1280/2735/2733 1192/2760/2758
f 1110/2759/2757 1155/2751/2749 1144/2768/2766
f 1144/2768/2766 1155/2751/2749 1304/2752/2750
f 1303/2769/2767 1304/2752/2750 897/1453/1451
f 1303/2769/2767 897/1453/1451 899/1481/1479
f 1291/2763/2761 1185/2734/2732 1156/2764/2762
f 1124/2747/2745 1336/1497/1495 1214/1499/1497
f 440/2762/2760 435/2721/2719 439/2753/2751
f 1071/2770/2768 1067/2744/2742 1070/1543/1541
f 1070/1543/1541 1124/2747/2745 1214/1499/1497
f 2652/2758/2756 2663/2754/2752 2662/2771/2769
f 1711/2772/2770 1708/2749/2747 1710/2773/2771
f 1710/2773/2771 1708/2749/2747 1709/2766/2764
f 1144/2768/2766 1304/2752/2750 1303/2769/2767
f 456/2741/2739 433/2737/2735 440/2762/2760
f 2160/1496/1494 2163/1432/1430 2159/2742/2740
f 165/1462/1460 180/1508/1506 181/1411/1409
f 2641/2757/2755 2640/2765/2763 2634/2774/2772
f 1719/1530/1528 1743/1487/1485 1716/1470/1468
f 1719/1530/1528 1716/1470/1468 1718/1477/1475
f 2658/2775/2773 2652/2758/2756 2662/2771/2769
f 894/1517/1515 890/1488/1486 885/1483/1481
f 1418/2776/2774 1395/2732/2730 1291/2763/2761
f 1071/2770/2768 1072/2748/2746 1067/2744/2742
f 1718/1477/1475 1722/2761/2759 1720/1548/1546
f 2634/2774/2772 2640/2765/2763 2635/2777/2775
f 1110/2759/2757 1144/2768/2766 1109/2778/2776
f 1303/2769/2767 899/1481/1479 900/1516/1514
f 1719/1530/1528 1718/1477/1475 1720/1548/1546
f 2640/2765/2763 2652/2758/2756 2635/2777/2775
f 2635/2777/2775 2652/2758/2756 2658/2775/2773
f 1108/2779/2777 1110/2759/2757 1109/2778/2776
f 1302/2780/2778 1303/2769/2767 900/1516/1514
f 901/1554/1552 900/1516/1514 894/1517/1515
f 440/2762/2760 439/2753/2751 442/2781/2779
f 442/2781/2779 439/2753/2751 450/2782/2780
f 439/2753/2751 451/2756/2754 450/2782/2780
f 2658/2775/2773 2662/2771/2769 2666/2783/2781
f 1169/2784/2782 1192/2760/2758 1114/2750/2748
f 1111/2755/2753 1110/2759/2757 1108/2779/2777
f 446/2785/2783 440/2762/2760 442/2781/2779
f 450/2782/2780 451/2756/2754 464/2786/2784
f 1419/2787/2785 1418/2776/2774 1291/2763/2761
f 165/1462/1460 141/1503/1501 166/1686/1684
f 1298/2767/2765 1192/2760/2758 1169/2784/2782
f 1114/2750/2748 1111/2755/2753 1113/2788/2786
f 1144/2768/2766 1303/2769/2767 1100/2789/2787
f 1100/2789/2787 1303/2769/2767 1302/2780/2778
f 1302/2780/2778 900/1516/1514 901/1554/1552
f 447/2790/2788 456/2741/2739 440/2762/2760
f 447/2790/2788 440/2762/2760 446/2785/2783
f 2156/1583/1581 2160/1496/1494 2159/2742/2740
f 141/1503/1501 135/1461/1459 137/1547/1545
f 2634/2774/2772 2635/2777/2775 2636/2791/2789
f 1724/1550/1548 1719/1530/1528 1723/1549/1547
f 2636/2791/2789 2635/2777/2775 2658/2775/2773
f 1713/2792/2790 1710/2773/2771 1709/2766/2764
f 1298/2767/2765 1169/2784/2782 1299/2793/2791
f 1169/2784/2782 1114/2750/2748 1113/2788/2786
f 1113/2788/2786 1111/2755/2753 1108/2779/2777
f 1109/2778/2776 1144/2768/2766 1100/2789/2787
f 1100/2789/2787 1302/2780/2778 1258/2794/2792
f 1258/2794/2792 1302/2780/2778 901/1554/1552
f 2156/1583/1581 2159/2742/2740 2157/2795/2793
f 2158/1520/1518 2160/1496/1494 2156/1583/1581
f 1291/2763/2761 1156/2764/2762 1095/2796/2794
f 1095/2796/2794 1156/2764/2762 1072/2748/2746
f 1074/2797/2795 1072/2748/2746 1071/2770/2768
f 180/1508/1506 165/1462/1460 166/1686/1684
f 2637/2798/2796 2634/2774/2772 2636/2791/2789
f 2658/2775/2773 2666/2783/2781 2661/2799/2797
f 1713/2792/2790 1709/2766/2764 1714/2800/2798
f 901/1554/1552 905/1553/1551 1257/2801/2799
f 910/1566/1564 906/1544/1542 911/1569/1567
f 2636/2791/2789 2658/2775/2773 2661/2799/2797
f 1143/2802/2800 1100/2789/2787 1258/2794/2792
f 1258/2794/2792 901/1554/1552 1257/2801/2799
f 1257/2801/2799 905/1553/1551 908/1576/1574
f 908/1576/1574 904/1538/1536 910/1566/1564
f 446/2785/2783 442/2781/2779 448/2803/2801
f 442/2781/2779 450/2782/2780 448/2803/2801
f 448/2803/2801 450/2782/2780 464/2786/2784
f 1419/2787/2785 1291/2763/2761 1277/2804/2802
f 1740/1586/1584 1724/1550/1548 1723/1549/1547
f 2638/2805/2803 2637/2798/2796 2636/2791/2789
f 2638/2805/2803 2636/2791/2789 2661/2799/2797
f 2661/2799/2797 2666/2783/2781 2667/2806/2804
f 1715/2807/2805 1713/2792/2790 1714/2800/2798
f 1108/2779/2777 1109/2778/2776 1098/2808/2806
f 1109/2778/2776 1100/2789/2787 1098/2808/2806
f 910/1566/1564 911/1569/1567 916/1581/1579
f 455/1642/1640 447/2790/2788 454/2809/2807
f 447/2790/2788 446/2785/2783 454/2809/2807
f 2156/1583/1581 2157/2795/2793 2151/1603/1601
f 1277/2804/2802 1291/2763/2761 1095/2796/2794
f 1073/2810/2808 1074/2797/2795 1071/2770/2768
f 1740/1586/1584 1723/1549/1547 1741/2811/2809
f 2639/2812/2810 2637/2798/2796 2638/2805/2803
f 1299/2793/2791 1169/2784/2782 1210/2813/2811
f 1143/2802/2800 1258/2794/2792 1257/2801/2799
f 454/2809/2807 446/2785/2783 448/2803/2801
f 448/2803/2801 464/2786/2784 468/2814/2812
f 212/2815/2813 201/1509/1507 199/1561/1559
f 2661/2799/2797 2667/2806/2804 2668/2816/2814
f 1210/2813/2811 1169/2784/2782 1113/2788/2786
f 1098/2808/2806 1100/2789/2787 1097/2817/2815
f 1100/2789/2787 1143/2802/2800 1097/2817/2815
f 1257/2801/2799 908/1576/1574 1218/2818/2816
f 1218/2818/2816 908/1576/1574 1338/1655/1653
f 1338/1655/1653 908/1576/1574 914/1610/1608
f 914/1610/1608 910/1566/1564 916/1581/1579
f 455/1642/1640 454/2809/2807 465/1643/1641
f 454/2809/2807 448/2803/2801 458/1682/1680
f 458/1682/1680 448/2803/2801 468/2814/2812
f 1095/2796/2794 1072/2748/2746 1074/2797/2795
f 1121/1542/1540 1214/1499/1497 1284/1596/1594
f 624/2819/2817 621/2820/2818 620/2821/2819
f 1315/2822/2820 1299/2793/2791 1210/2813/2811
f 1097/2817/2815 1143/2802/2800 1142/2823/2821
f 1142/2823/2821 1143/2802/2800 1257/2801/2799
f 914/1610/1608 916/1581/1579 917/1632/1630
f 921/1659/1657 920/1612/1610 922/1616/1614
f 2149/1644/1642 2151/1603/1601 2150/1681/1679
f 465/1643/1641 454/2809/2807 458/1682/1680
f 1071/2770/2768 1070/1543/1541 1121/1542/1540
f 2638/2805/2803 2661/2799/2797 2659/2824/2822
f 2659/2824/2822 2661/2799/2797 2668/2816/2814
f 1754/1551/1549 1759/1619/1617 1760/1620/1618
f 623/2825/2823 624/2819/2817 620/2821/2819
f 620/2821/2819 621/2820/2818 617/2826/2824
f 1113/2788/2786 1108/2779/2777 1107/2827/2825
f 1107/2827/2825 1108/2779/2777 1098/2808/2806
f 1142/2823/2821 1257/2801/2799 1218/2818/2816
f 1218/2818/2816 1338/1655/1653 917/1632/1630
f 1383/1695/1693 1448/1662/1660 1449/1665/1663
f 475/2828/2826 465/1643/1641 466/1683/1681
f 458/1682/1680 468/2814/2812 466/1683/1681
f 1363/2829/2827 1277/2804/2802 1276/2830/2828
f 1276/2830/2828 1277/2804/2802 1095/2796/2794
f 199/1561/1559 180/1508/1506 182/1687/1685
f 163/1721/1719 141/1503/1501 145/1688/1686
f 2639/2812/2810 2638/2805/2803 2659/2824/2822
f 1210/2813/2811 1113/2788/2786 1205/2831/2829
f 1205/2831/2829 1113/2788/2786 1107/2827/2825
f 1142/2823/2821 1218/2818/2816 1096/2832/2830
f 1218/2818/2816 917/1632/1630 1182/2833/2831
f 1073/2810/2808 1071/2770/2768 1078/1806/1804
f 1078/1806/1804 1071/2770/2768 1121/1542/1540
f 2844/1650/1648 2845/1649/1647 2842/2834/2832
f 2660/2835/2833 2639/2812/2810 2659/2824/2822
f 1315/2822/2820 1210/2813/2811 1205/2831/2829
f 1107/2827/2825 1098/2808/2806 1102/2836/2834
f 1098/2808/2806 1097/2817/2815 1091/2837/2835
f 1096/2832/2830 1218/2818/2816 1182/2833/2831
f 1364/1705/1703 1363/2829/2827 1276/2830/2828
f 166/1686/1684 163/1721/1719 182/1687/1685
f 2843/1759/1757 2844/1650/1648 2842/2834/2832
f 2659/2824/2822 2668/2816/2814 2669/2838/2836
f 610/2839/2837 623/2825/2823 620/2821/2819
f 1315/2822/2820 1205/2831/2829 1325/2840/2838
f 1205/2831/2829 1107/2827/2825 1102/2836/2834
f 1097/2817/2815 1142/2823/2821 1096/2832/2830
f 917/1632/1630 921/1659/1657 1182/2833/2831
f 1182/2833/2831 921/1659/1657 1343/1713/1711
f 1182/2833/2831 1343/1713/1711 1196/2841/2839
f 1196/2841/2839 1343/1713/1711 1231/1735/1733
f 1269/1737/1735 1369/1702/1700 1275/2842/2840
f 1369/1702/1700 1364/1705/1703 1275/2842/2840
f 1275/2842/2840 1364/1705/1703 1276/2830/2828
f 1276/2830/2828 1095/2796/2794 1094/2843/2841
f 610/2839/2837 620/2821/2819 598/2844/2842
f 620/2821/2819 617/2826/2824 598/2844/2842
f 1102/2836/2834 1098/2808/2806 1091/2837/2835
f 1091/2837/2835 1097/2817/2815 1096/2832/2830
f 1096/2832/2830 1182/2833/2831 1087/2845/2843
f 1275/2842/2840 1276/2830/2828 1094/2843/2841
f 1094/2843/2841 1095/2796/2794 1075/2846/2844
f 1075/2846/2844 1095/2796/2794 1074/2797/2795
f 2670/2847/2845 2659/2824/2822 2669/2838/2836
f 598/2844/2842 617/2826/2824 603/2848/2846
f 1205/2831/2829 1317/2849/2847 1325/2840/2838
f 1205/2831/2829 1102/2836/2834 1206/2850/2848
f 1089/2851/2849 1096/2832/2830 1087/2845/2843
f 1087/2845/2843 1182/2833/2831 1196/2841/2839
f 1087/2845/2843 1196/2841/2839 1086/2852/2850
f 1196/2841/2839 1231/1735/1733 1086/2852/2850
f 1086/2852/2850 1231/1735/1733 1088/2853/2851
f 1088/2853/2851 1231/1735/1733 1269/1737/1735
f 1088/2853/2851 1269/1737/1735 1128/2854/2852
f 1269/1737/1735 1275/2842/2840 1128/2854/2852
f 1128/2854/2852 1275/2842/2840 1094/2843/2841
f 1075/2846/2844 1074/2797/2795 1073/2810/2808
f 2843/1759/1757 2842/2834/2832 2821/1760/1758
f 2842/2834/2832 2841/2855/2853 2821/1760/1758
f 2821/1760/1758 2841/2855/2853 2839/2856/2854
f 598/2844/2842 603/2848/2846 595/2857/2855
f 1317/2849/2847 1205/2831/2829 1206/2850/2848
f 1102/2836/2834 1091/2837/2835 1103/2858/2856
f 1091/2837/2835 1096/2832/2830 1089/2851/2849
f 616/2859/2857 610/2839/2837 589/2860/2858
f 595/2857/2855 603/2848/2846 602/2861/2859
f 1206/2850/2848 1102/2836/2834 1103/2858/2856
f 1103/2858/2856 1091/2837/2835 1090/2862/2860
f 1085/2863/2861 1087/2845/2843 1086/2852/2850
f 1086/2852/2850 1088/2853/2851 1083/2864/2862
f 1092/2865/2863 1088/2853/2851 1093/2866/2864
f 1088/2853/2851 1128/2854/2852 1093/2866/2864
f 1128/2854/2852 1094/2843/2841 1093/2866/2864
f 2820/1787/1785 2823/1761/1759 2821/1760/1758
f 596/2867/2865 616/2859/2857 589/2860/2858
f 589/2860/2858 610/2839/2837 598/2844/2842
f 598/2844/2842 595/2857/2855 589/2860/2858
f 591/2868/2866 595/2857/2855 602/2861/2859
f 1289/2869/2867 1206/2850/2848 1103/2858/2856
f 1317/2849/2847 1206/2850/2848 1289/2869/2867
f 2432/1728/1726 2226/1740/1738 2505/1765/1763
f 1091/2837/2835 1089/2851/2849 1090/2862/2860
f 1089/2851/2849 1087/2845/2843 1085/2863/2861
f 1085/2863/2861 1086/2852/2850 1083/2864/2862
f 1093/2866/2864 1094/2843/2841 1076/2870/2868
f 1094/2843/2841 1075/2846/2844 1076/2870/2868
f 1076/2870/2868 1075/2846/2844 1073/2810/2808
f 2041/1606/1604 2038/1785/1783 2039/1647/1645
f 161/1783/1781 182/1687/1685 163/1721/1719
f 161/1783/1781 163/1721/1719 145/1688/1686
f 1954/1753/1751 1961/1763/1761 2546/1764/1762
f 1085/2863/2861 1090/2862/2860 1089/2851/2849
f 1083/2864/2862 1088/2853/2851 1080/2871/2869
f 1080/2871/2869 1088/2853/2851 1092/2865/2863
f 1092/2865/2863 1093/2866/2864 1080/2871/2869
f 1080/2871/2869 1093/2866/2864 1076/2870/2868
f 1121/1542/1540 1284/1596/1594 1199/1804/1802
f 212/2815/2813 199/1561/1559 207/2872/2870
f 199/1561/1559 182/1687/1685 183/1784/1782
f 2820/1787/1785 2821/1760/1758 2822/2873/2871
f 2822/2873/2871 2821/1760/1758 2839/2856/2854
f 2822/2873/2871 2839/2856/2854 2838/2874/2872
f 589/2860/2858 595/2857/2855 591/2868/2866
f 589/2860/2858 591/2868/2866 582/2875/2873
f 591/2868/2866 602/2861/2859 599/2876/2874
f 599/2876/2874 602/2861/2859 607/2877/2875
f 1289/2869/2867 1103/2858/2856 1209/2878/2876
f 1209/2878/2876 1103/2858/2856 1090/2862/2860
f 1090/2862/2860 1085/2863/2861 1099/2879/2877
f 1199/1804/1802 1078/1806/1804 1121/1542/1540
f 1199/1804/1802 1284/1596/1594 1347/2880/2878
f 207/2872/2870 199/1561/1559 183/1784/1782
f 2824/1788/1786 2820/1787/1785 2822/2873/2871
f 590/2881/2879 591/2868/2866 599/2876/2874
f 1209/2878/2876 1090/2862/2860 1099/2879/2877
f 1099/2879/2877 1085/2863/2861 1084/2882/2880
f 1085/2863/2861 1083/2864/2862 1084/2882/2880
f 1082/1805/1803 1073/2810/2808 1078/1806/1804
f 147/1798/1796 161/1783/1781 145/1688/1686
f 2825/2883/2881 2822/2873/2871 2838/2874/2872
f 2824/1788/1786 2822/2873/2871 2825/2883/2881
f 575/2884/2882 596/2867/2865 589/2860/2858
f 575/2884/2882 589/2860/2858 582/2875/2873
f 582/2875/2873 591/2868/2866 590/2881/2879
f 582/2875/2873 590/2881/2879 581/2885/2883
f 1084/2882/2880 1083/2864/2862 1081/2886/2884
f 1083/2864/2862 1080/2871/2869 1081/2886/2884
f 1076/2870/2868 1073/2810/2808 1077/2887/2885
f 1082/1805/1803 1199/1804/1802 1234/2888/2886
f 1234/2888/2886 1199/1804/1802 1347/2880/2878
f 207/2872/2870 183/1784/1782 187/1823/1821
f 183/1784/1782 161/1783/1781 147/1798/1796
f 2825/2883/2881 2838/2874/2872 2840/2889/2887
f 2837/2890/2888 2848/1799/1797 2824/1788/1786
f 575/2884/2882 582/2875/2873 576/2891/2889
f 599/2876/2874 607/2877/2875 608/2892/2890
f 608/2892/2890 607/2877/2875 615/2893/2891
f 2579/1794/1792 2438/1793/1791 2377/1811/1809
f 1209/2878/2876 1099/2879/2877 1208/2894/2892
f 1208/2894/2892 1099/2879/2877 1084/2882/2880
f 1084/2882/2880 1081/2886/2884 1123/2895/2893
f 1081/2886/2884 1080/2871/2869 1079/2896/2894
f 1080/2871/2869 1076/2870/2868 1079/2896/2894
f 1079/2896/2894 1076/2870/2868 1077/2887/2885
f 1073/2810/2808 1082/1805/1803 1077/2887/2885
f 157/2897/2895 147/1798/1796 146/1786/1784
f 2824/1788/1786 2825/2883/2881 2826/2898/2896
f 2837/2890/2888 2824/1788/1786 2827/2899/2897
f 581/2885/2883 576/2891/2889 582/2875/2873
f 1597/1800/1798 1611/1808/1806 1583/1819/1817
f 590/2881/2879 599/2876/2874 592/2900/2898
f 592/2900/2898 599/2876/2874 608/2892/2890
f 608/2892/2890 615/2893/2891 609/2901/2899
f 1321/2902/2900 1209/2878/2876 1208/2894/2892
f 1207/2903/2901 1208/2894/2892 1084/2882/2880
f 1207/2903/2901 1084/2882/2880 1123/2895/2893
f 2037/1776/1774 2034/1816/1814 2033/1817/1815
f 2826/2898/2896 2825/2883/2881 2840/2889/2887
f 2827/2899/2897 2824/1788/1786 2826/2898/2896
f 574/2904/2902 575/2884/2882 576/2891/2889
f 581/2885/2883 590/2881/2879 583/2905/2903
f 583/2905/2903 590/2881/2879 592/2900/2898
f 1321/2902/2900 1208/2894/2892 1207/2903/2901
f 1123/2895/2893 1081/2886/2884 1079/2896/2894
f 1079/2896/2894 1077/2887/2885 1203/2906/2904
f 1082/1805/1803 1234/2888/2886 1253/2907/2905
f 622/2908/2906 627/2909/2907 626/2910/2908
f 177/1830/1828 147/1798/1796 157/2897/2895
f 2828/1848/1846 2827/2899/2897 2826/2898/2896
f 574/2904/2902 576/2891/2889 572/2911/2909
f 2837/2890/2888 2827/2899/2897 2828/1848/1846
f 576/2891/2889 581/2885/2883 572/2911/2909
f 2847/2912/2910 2837/2890/2888 2828/1848/1846
f 1587/1835/1833 1586/1826/1824 1585/1827/1825
f 609/2901/2899 592/2900/2898 608/2892/2890
f 592/2900/2898 609/2901/2899 597/2913/2911
f 597/2913/2911 609/2901/2899 611/2914/2912
f 1203/2906/2904 1077/2887/2885 1230/2915/2913
f 1077/2887/2885 1082/1805/1803 1230/2915/2913
f 618/2916/2914 622/2908/2906 619/2917/2915
f 213/2918/2916 207/2872/2870 187/1823/1821
f 178/1866/1864 177/1830/1828 157/2897/2895
f 573/2919/2917 574/2904/2902 572/2911/2909
f 2828/1848/1846 2826/2898/2896 2829/2920/2918
f 2828/1848/1846 2829/2920/2918 2830/1849/1847
f 568/2921/2919 572/2911/2909 581/2885/2883
f 568/2921/2919 581/2885/2883 583/2905/2903
f 597/2913/2911 611/2914/2912 612/2922/2920
f 597/2913/2911 612/2922/2920 606/2923/2921
f 1252/2924/2922 1123/2895/2893 1079/2896/2894
f 1230/2915/2913 1082/1805/1803 1253/2907/2905
f 619/2917/2915 622/2908/2906 626/2910/2908
f 573/2919/2917 572/2911/2909 569/2925/2923
f 2830/1849/1847 2829/2920/2918 2831/2926/2924
f 569/2925/2923 572/2911/2909 568/2921/2919
f 560/2927/2925 583/2905/2903 587/2928/2926
f 587/2928/2926 583/2905/2903 592/2900/2898
f 587/2928/2926 592/2900/2898 585/2929/2927
f 585/2929/2927 592/2900/2898 597/2913/2911
f 594/2930/2928 597/2913/2911 606/2923/2921
f 606/2923/2921 612/2922/2920 604/2931/2929
f 1251/2932/2930 1079/2896/2894 1203/2906/2904
f 1203/2906/2904 1230/2915/2913 1251/2932/2930
f 619/2917/2915 626/2910/2908 625/2933/2931
f 213/2918/2916 187/1823/1821 209/1860/1858
f 204/1859/1857 187/1823/1821 186/1829/1827
f 560/2927/2925 568/2921/2919 583/2905/2903
f 1579/1834/1832 1580/1833/1831 1578/1861/1859
f 1585/1827/1825 1577/1853/1851 1589/1854/1852
f 585/2929/2927 597/2913/2911 594/2930/2928
f 1251/2932/2930 1252/2924/2922 1079/2896/2894
f 2832/1850/1848 2830/1849/1847 2831/2926/2924
f 2833/2934/2932 2832/1850/1848 2831/2926/2924
f 559/2935/2933 569/2925/2923 568/2921/2919
f 2834/2936/2934 2832/1850/1848 2833/2934/2932
f 560/2927/2925 587/2928/2926 585/2929/2927
f 1590/1855/1853 1589/1854/1852 1591/1862/1860
f 585/2929/2927 594/2930/2928 584/2937/2935
f 594/2930/2928 606/2923/2921 593/2938/2936
f 593/2938/2936 606/2923/2921 604/2931/2929
f 605/2939/2937 614/2940/2938 601/2941/2939
f 601/2941/2939 614/2940/2938 618/2916/2914
f 618/2916/2914 619/2917/2915 601/2941/2939
f 601/2941/2939 619/2917/2915 613/2942/2940
f 619/2917/2915 625/2933/2931 613/2942/2940
f 613/2942/2940 625/2933/2931 628/2943/2941
f 209/1860/1858 204/1859/1857 225/1882/1880
f 177/1830/1828 218/1875/1873 204/1859/1857
f 2833/2934/2932 2831/2926/2924 2835/2944/2942
f 559/2935/2933 568/2921/2919 560/2927/2925
f 1577/1853/1851 1578/1861/1859 1575/2945/2943
f 1577/1853/1851 1575/2945/2943 1571/1868/1866
f 554/2946/2944 560/2927/2925 585/2929/2927
f 1582/1869/1867 1589/1854/1852 1571/1868/1866
f 554/2946/2944 585/2929/2927 555/2947/2945
f 555/2947/2945 585/2929/2927 584/2937/2935
f 579/2948/2946 584/2937/2935 594/2930/2928
f 579/2948/2946 594/2930/2928 593/2938/2936
f 593/2938/2936 604/2931/2929 588/2949/2947
f 588/2949/2947 604/2931/2929 605/2939/2937
f 588/2949/2947 605/2939/2937 601/2941/2939
f 554/2946/2944 559/2935/2933 560/2927/2925
f 2836/2950/2948 2833/2934/2932 2835/2944/2942
f 1571/1868/1866 1575/2945/2943 1570/1884/1882
f 1582/1869/1867 1571/1868/1866 1569/1885/1883
f 1581/1876/1874 1582/1869/1867 1569/1885/1883
f 579/2948/2946 593/2938/2936 577/2951/2949
f 577/2951/2949 593/2938/2936 588/2949/2947
f 588/2949/2947 601/2941/2939 586/2952/2950
f 586/2952/2950 601/2941/2939 613/2942/2940
f 2031/1851/1849 2029/1895/1893 2030/1873/1871
f 628/2943/2941 600/2953/2951 613/2942/2940
f 600/2953/2951 628/2943/2941 629/2954/2952
f 2026/1874/1872 2024/1883/1881 2025/2955/2953
f 2026/1874/1872 2025/2955/2953 2027/1865/1863
f 219/1867/1865 240/1881/1879 218/1875/1873
f 699/2956/2954 701/2957/2955 697/2958/2956
f 556/2959/2957 559/2935/2933 554/2946/2944
f 696/2960/2958 699/2956/2954 697/2958/2956
f 556/2959/2957 554/2946/2944 553/2961/2959
f 553/2961/2959 554/2946/2944 555/2947/2945
f 1569/1885/1883 1570/1884/1882 1568/1889/1887
f 1581/1876/1874 1569/1885/1883 1567/1890/1888
f 1581/1876/1874 1567/1890/1888 1572/1892/1890
f 555/2947/2945 584/2937/2935 579/2948/2946
f 1595/1877/1875 1581/1876/1874 1572/1892/1890
f 600/2953/2951 586/2952/2950 613/2942/2940
f 219/1867/1865 256/2962/2960 240/1881/1879
f 696/2960/2958 697/2958/2956 698/2963/2961
f 557/2964/2962 556/2959/2957 553/2961/2959
f 557/2964/2962 553/2961/2959 558/2965/2963
f 1567/1890/1888 1568/1889/1887 1566/2966/2964
f 700/2967/2965 696/2960/2958 698/2963/2961
f 558/2965/2963 553/2961/2959 555/2947/2945
f 1561/1891/1889 1567/1890/1888 1566/2966/2964
f 562/2968/2966 558/2965/2963 555/2947/2945
f 562/2968/2966 555/2947/2945 579/2948/2946
f 577/2951/2949 562/2968/2966 579/2948/2946
f 578/2969/2967 577/2951/2949 588/2949/2947
f 578/2969/2967 588/2949/2947 586/2952/2950
f 1576/1888/1886 1600/1886/1884 1573/1894/1892
f 580/2970/2968 578/2969/2967 586/2952/2950
f 600/2953/2951 580/2970/2968 586/2952/2950
f 2029/1895/1893 2020/1898/1896 2024/1883/1881
f 2024/1883/1881 2020/1898/1896 2022/2971/2969
f 630/2972/2970 600/2953/2951 629/2954/2952
f 2024/1883/1881 2022/2971/2969 2025/2955/2953
f 631/2973/2971 630/2972/2970 629/2954/2952
f 557/2964/2962 558/2965/2963 561/2974/2972
f 702/2975/2973 700/2967/2965 698/2963/2961
f 563/2976/2974 557/2964/2962 561/2974/2972
f 702/2975/2973 698/2963/2961 703/2977/2975
f 561/2974/2972 558/2965/2963 562/2968/2966
f 1561/1891/1889 1566/2966/2964 1564/2978/2976
f 1560/1893/1891 1561/1891/1889 1562/2979/2977
f 1562/2979/2977 1561/1891/1889 1564/2978/2976
f 564/2980/2978 561/2974/2972 562/2968/2966
f 564/2980/2978 562/2968/2966 577/2951/2949
f 566/2981/2979 564/2980/2978 577/2951/2949
f 1560/1893/1891 1562/2979/2977 1563/1899/1897
f 566/2981/2979 577/2951/2949 578/2969/2967
f 1573/1894/1892 1560/1893/1891 1563/1899/1897
f 571/2982/2980 566/2981/2979 578/2969/2967
f 580/2970/2968 571/2982/2980 578/2969/2967
f 1576/1888/1886 1573/1894/1892 1574/1896/1894
f 580/2970/2968 600/2953/2951 571/2982/2980
f 2020/1898/1896 2023/1897/1895 2021/2983/2981
f 2020/1898/1896 2021/2983/2981 2022/2971/2969
f 630/2972/2970 571/2982/2980 600/2953/2951
f 702/2975/2973 703/2977/2975 704/2984/2982
f 565/2985/2983 563/2976/2974 561/2974/2972
f 705/2986/2984 702/2975/2973 704/2984/2982
f 565/2985/2983 561/2974/2972 564/2980/2978
f 706/2987/2985 705/2986/2984 704/2984/2982
f 567/2988/2986 565/2985/2983 566/2981/2979
f 566/2981/2979 565/2985/2983 564/2980/2978
f 1563/1899/1897 1562/2979/2977 1565/1900/1898
f 706/2987/2985 704/2984/2982 707/2989/2987
f 706/2987/2985 707/2989/2987 708/2990/2988
f 570/2991/2989 567/2988/2986 566/2981/2979
f 570/2991/2989 566/2981/2979 571/2982/2980
f 709/2992/2990 706/2987/2985 708/2990/2988
f 630/2972/2970 570/2991/2989 571/2982/2980
