# Blender 4.3.2
# www.blender.org
o geometry_0
v -0.009796 0.106840 -0.266816
v -0.026249 0.111275 -0.266664
v -0.026183 0.069998 -0.266232
v -0.011248 0.159668 -0.267140
v -0.024718 0.157715 -0.267285
v -0.023123 0.194439 -0.268884
v -0.010742 0.213101 -0.268058
v -0.021706 0.235627 -0.269393
v -0.007932 0.270683 -0.268169
v -0.035609 0.102791 -0.267887
v -0.035658 0.058024 -0.267066
v -0.025697 0.035653 -0.265750
v -0.035526 0.027249 -0.266239
v -0.023857 -0.004736 -0.265303
v -0.036249 -0.015063 -0.264562
v -0.020261 0.274077 -0.270266
v -0.034346 0.155411 -0.269042
v -0.005991 0.307472 -0.267216
v -0.049366 -0.003252 -0.267610
v -0.049331 -0.086572 -0.263301
v -0.050048 -0.118194 -0.261870
v -0.038635 -0.122359 -0.260000
v -0.037865 -0.076717 -0.261941
v -0.049923 -0.043457 -0.265602
v -0.049829 -0.147966 -0.259343
v -0.037939 -0.145357 -0.258606
v -0.050406 -0.187349 -0.254612
v -0.033819 0.200401 -0.271798
v -0.049264 0.028894 -0.269841
v -0.048265 0.057624 -0.270618
v -0.017486 0.307722 -0.270335
v -0.003910 0.335728 -0.268693
v 0.007761 0.316919 -0.266276
v 0.008743 0.348409 -0.268407
v -0.033740 0.228458 -0.273046
v -0.047629 0.123030 -0.272797
v -0.003159 0.356500 -0.272637
v -0.016724 0.338447 -0.273757
v -0.063104 -0.178886 -0.260372
v 0.004538 0.286423 -0.268113
v -0.060446 -0.152299 -0.263180
v -0.058977 -0.013401 -0.270907
v -0.048333 0.161732 -0.275394
v -0.061041 -0.089924 -0.267919
v -0.061141 -0.197469 -0.255549
v -0.052057 -0.215947 -0.248525
v -0.062160 -0.048931 -0.270914
v -0.032949 0.262436 -0.275211
v -0.030090 0.290055 -0.275734
v -0.047680 0.193160 -0.277814
v -0.041098 0.234084 -0.277688
v -0.062762 -0.127576 -0.267475
v -0.061362 0.020908 -0.275724
v -0.055643 0.057001 -0.274549
v -0.025686 0.318521 -0.276107
v -0.015572 0.355475 -0.278149
v -0.067256 -0.193103 -0.259834
v -0.074131 -0.204100 -0.261320
v 0.009278 0.370361 -0.274561
v -0.064592 -0.225617 -0.247429
v -0.038382 -0.184976 -0.255135
v -0.053880 -0.238078 -0.241316
v -0.039358 -0.210670 -0.251437
v -0.041235 -0.231205 -0.246819
v -0.055583 0.129348 -0.278342
v -0.062702 0.067708 -0.280034
v -0.001529 0.370439 -0.277335
v -0.075333 -0.087083 -0.278517
v -0.048231 0.225414 -0.281947
v -0.069188 -0.166715 -0.268139
v -0.068646 -0.024510 -0.277355
v -0.073885 -0.123154 -0.277152
v -0.057158 0.162095 -0.282076
v -0.078105 -0.224463 -0.256037
v -0.043354 0.261136 -0.283201
v -0.076482 -0.065322 -0.281234
v -0.036472 0.300295 -0.282225
v -0.030533 0.331199 -0.282961
v -0.075701 -0.158181 -0.275596
v -0.063618 0.112866 -0.283994
v -0.075867 -0.181961 -0.270541
v -0.056518 0.190673 -0.285240
v -0.072560 0.003176 -0.283882
v -0.068175 0.040936 -0.283450
v -0.078077 -0.042775 -0.285138
v -0.004009 0.379307 -0.283422
v -0.025241 0.353849 -0.286342
v -0.085479 -0.088516 -0.289070
v -0.087031 -0.123274 -0.290406
v -0.084498 -0.141980 -0.286472
v -0.092767 -0.168893 -0.291682
v -0.092343 -0.186233 -0.286536
v -0.092985 -0.152038 -0.295273
v -0.063208 0.162541 -0.288715
v -0.092501 -0.209720 -0.277204
v -0.070936 0.067344 -0.289653
v -0.090948 -0.229796 -0.265360
v -0.076927 -0.238331 -0.246896
v -0.064764 -0.237791 -0.241462
v -0.053209 -0.247144 -0.236749
v -0.089625 -0.244634 -0.253384
v -0.093590 -0.135298 -0.298290
v -0.057895 0.216468 -0.292259
v -0.044749 0.297707 -0.292477
v -0.050150 0.254166 -0.290343
v -0.016959 0.371210 -0.288703
v -0.076807 0.032552 -0.294206
v -0.083270 -0.034541 -0.293654
v -0.088879 -0.063383 -0.297080
v -0.063546 0.190354 -0.295184
v -0.070908 0.110476 -0.293698
v -0.070898 0.136955 -0.297301
v -0.069670 0.163409 -0.300064
v -0.098945 -0.213947 -0.283865
v -0.099719 -0.189134 -0.296300
v -0.034762 0.337115 -0.291294
v -0.100568 -0.232881 -0.276387
v -0.093226 -0.096166 -0.300189
v -0.100320 -0.246195 -0.267729
v 0.008823 0.385593 -0.283280
v -0.005268 0.390490 -0.295078
v -0.024732 0.369379 -0.298522
v -0.066035 -0.247422 -0.233565
v 0.007389 0.395947 -0.293719
v 0.019552 0.374013 -0.276337
v -0.079750 -0.250599 -0.236001
v -0.090744 -0.255191 -0.244163
v 0.019409 0.386724 -0.284844
v -0.018532 0.382248 -0.303336
v 0.018295 0.395828 -0.293850
v -0.000579 0.400282 -0.305336
v 0.007325 0.404443 -0.307221
v 0.017017 0.404089 -0.306176
v -0.078926 -0.253559 -0.226482
v -0.066381 -0.250573 -0.226511
v -0.065446 0.061575 0.016817
v -0.074761 0.015850 -0.005338
v -0.068158 0.046311 0.014591
v -0.067882 0.039200 -0.019812
v -0.075564 0.004948 -0.027740
v -0.060506 0.078502 -0.001882
v -0.061801 0.079596 0.023160
v -0.054797 0.104270 0.005533
v -0.054695 0.116203 0.030366
v -0.080044 -0.014139 -0.022066
v -0.080258 -0.022291 -0.043531
v -0.074148 0.005012 -0.034962
v -0.086549 -0.047417 -0.036528
v -0.087132 -0.051517 -0.048014
v -0.089795 -0.066594 -0.059731
v -0.047995 0.136419 0.019497
v -0.095721 -0.096214 -0.061034
v -0.096393 -0.103185 -0.075490
v -0.091872 -0.076278 -0.049973
v -0.062951 0.073981 0.029180
v -0.058045 0.098150 0.040162
v -0.048883 0.146295 0.046387
v -0.046880 0.150115 0.032348
v -0.044086 0.171928 0.051091
v -0.101257 -0.134230 -0.079631
v -0.098896 -0.128063 -0.092234
v -0.102791 -0.150375 -0.098859
v -0.105051 -0.163692 -0.093295
v -0.106139 -0.173007 -0.106774
v -0.105421 -0.178608 -0.119780
v -0.110224 -0.202751 -0.125871
v -0.092969 -0.088757 -0.074353
v -0.087552 -0.061617 -0.063656
v -0.109742 -0.199726 -0.110542
v -0.113429 -0.225082 -0.122465
v -0.039381 0.183872 0.042647
v -0.038426 0.200619 0.061689
v -0.032373 0.227958 0.067477
v -0.037512 0.205007 0.073394
v -0.030613 0.242563 0.081373
v -0.114723 -0.230168 -0.135847
v -0.114936 -0.236384 -0.147878
v -0.119252 -0.266521 -0.156806
v -0.117815 -0.267423 -0.169793
v -0.121674 -0.291996 -0.172680
v -0.120797 -0.297875 -0.185457
v -0.117473 -0.304411 -0.207571
v -0.122862 -0.327052 -0.202021
v -0.119252 -0.320899 -0.219727
v -0.113663 -0.304158 -0.231828
v -0.107145 -0.199968 -0.136267
v -0.023320 0.259520 0.071772
v -0.027888 0.235431 0.060320
v -0.024045 0.267932 0.086976
v -0.100801 -0.158908 -0.115144
v -0.111447 -0.234153 -0.158737
v -0.044850 0.143246 0.017164
v -0.109123 -0.289876 -0.230318
v -0.110017 -0.285912 -0.214408
v -0.112536 -0.281767 -0.200559
v -0.112490 -0.262891 -0.181718
v -0.016811 0.283492 0.081192
v -0.015569 0.299563 0.097033
v -0.058593 0.076116 -0.009515
v -0.062880 0.052100 -0.020927
v -0.099055 -0.163553 -0.122653
v -0.096463 -0.122648 -0.094610
v -0.090827 -0.091264 -0.081533
v -0.124236 -0.343070 -0.211094
v -0.074971 -0.011985 -0.048142
v -0.083868 -0.054321 -0.065698
v -0.029260 0.209932 0.042012
v -0.010380 0.304113 0.086109
v -0.004750 0.343336 0.102430
v -0.009315 0.331811 0.114234
v -0.000852 0.375947 0.112962
v 0.002619 0.392569 0.112168
v -0.013603 0.313059 0.113025
v -0.022610 0.274605 0.098965
v 0.009929 0.389315 0.102897
v 0.012603 0.415524 0.122551
v 0.020185 0.416402 0.120817
v 0.007906 0.419576 0.129791
v -0.068881 0.015163 -0.038350
v -0.102235 -0.209463 -0.155117
v -0.103371 -0.272698 -0.214214
v -0.103678 -0.258795 -0.194606
v -0.063942 0.031500 -0.033656
v -0.102309 -0.275162 -0.228862
v -0.049656 0.111890 0.001623
v 0.023774 0.429618 0.138212
v 0.021098 0.404681 0.108628
v -0.091673 -0.125230 -0.105647
v 0.000250 0.346664 0.093791
v -0.015157 0.266707 0.063158
v -0.002698 0.396810 0.124306
v -0.103159 -0.238563 -0.177954
v -0.115670 -0.313360 -0.243465
v -0.122794 -0.350296 -0.245564
v -0.085057 -0.090923 -0.091134
v -0.123575 -0.322059 -0.187110
v 0.031370 0.423515 0.128582
v -0.032307 0.176704 0.022061
v 0.022583 0.437959 0.150232
v -0.093391 -0.164917 -0.132690
v -0.110174 -0.290101 -0.246740
v -0.114782 -0.309613 -0.253339
v -0.126181 -0.364568 -0.220294
v -0.126205 -0.355505 -0.202603
v -0.126448 -0.374397 -0.234335
v -0.117279 -0.324952 -0.270703
v -0.121505 -0.350905 -0.275029
v -0.118926 -0.342183 -0.301540
v -0.126079 -0.376057 -0.290994
v -0.125628 -0.370694 -0.250441
v -0.127811 -0.385352 -0.272307
v -0.122200 -0.357080 -0.323379
v -0.115667 -0.318378 -0.298925
v -0.114532 -0.306400 -0.272988
v -0.128434 -0.384023 -0.313377
v -0.127376 -0.387984 -0.326541
v -0.121191 -0.368718 -0.333561
v -0.119523 -0.351652 -0.329769
v -0.115748 -0.328916 -0.328021
v -0.115293 -0.315702 -0.317158
v -0.111619 -0.297113 -0.324437
v -0.113407 -0.292596 -0.310656
v -0.129967 -0.399509 -0.317420
v -0.131152 -0.397914 -0.301483
v -0.110734 -0.253462 -0.311033
v -0.109153 -0.257166 -0.322983
v -0.107243 -0.218393 -0.317552
v -0.133111 -0.414552 -0.251916
v -0.128467 -0.394380 -0.230808
v -0.133471 -0.414610 -0.269453
v -0.132635 -0.409506 -0.293925
v -0.105835 -0.228649 -0.329389
v -0.102055 -0.197147 -0.335796
v -0.112304 -0.284907 -0.270592
v 0.002558 0.426538 0.140320
v -0.112059 -0.268202 -0.297682
v -0.022467 0.272807 0.106687
v -0.030615 0.233358 0.095615
v -0.004885 0.351396 0.130600
v -0.011842 0.313929 0.126461
v -0.006323 0.395820 0.134564
v -0.109543 -0.243764 -0.298556
v -0.122146 -0.297695 -0.161137
v -0.106541 -0.215513 -0.305489
v -0.104164 -0.188672 -0.322480
v -0.127355 -0.388461 -0.212366
v -0.130175 -0.412310 -0.226295
v -0.125394 -0.346768 -0.183777
v -0.117571 -0.256317 -0.139442
v -0.046464 0.150068 0.063335
v -0.036678 0.202747 0.083345
v -0.016253 0.295389 0.119832
v -0.110512 -0.263655 -0.283437
v -0.102265 -0.188224 -0.302909
v -0.100314 -0.160906 -0.336852
v -0.101433 -0.152472 -0.322765
v -0.099039 -0.109902 -0.324687
v -0.097161 -0.114262 -0.339531
v -0.094129 -0.069564 -0.334890
v -0.096546 -0.080847 -0.321707
v -0.088845 0.002413 -0.321642
v -0.090401 -0.028857 -0.333906
v -0.092752 -0.041325 -0.320010
v -0.086959 0.012271 -0.336666
v -0.085041 0.051152 -0.321202
v -0.102774 -0.181433 -0.310686
v -0.097223 -0.102055 -0.310812
v -0.093654 -0.070171 -0.308102
v -0.099927 -0.153557 -0.309464
v -0.082870 0.057536 -0.337343
v -0.097837 -0.125873 -0.307953
v -0.080345 0.092802 -0.336425
v -0.082300 0.080115 -0.318811
v -0.078296 0.121911 -0.317821
v -0.077846 0.120898 -0.335532
v -0.073866 0.162391 -0.316116
v -0.074977 0.142020 -0.336864
v -0.070935 0.175950 -0.333650
v -0.065715 0.212849 -0.316436
v -0.062072 0.231757 -0.329682
v -0.059950 0.247510 -0.315312
v -0.053358 0.292587 -0.322475
v -0.051894 0.292642 -0.309234
v -0.046074 0.324474 -0.317222
v -0.045764 0.326615 -0.328296
v -0.107108 -0.245744 -0.283001
v -0.104011 -0.213970 -0.293295
v -0.109422 -0.279052 -0.261262
v -0.126920 -0.402307 -0.204828
v -0.051404 0.298717 -0.332884
v -0.055206 0.270822 -0.336596
v -0.088137 -0.007223 -0.312897
v -0.083741 0.044072 -0.312482
v -0.061762 0.220818 -0.302599
v -0.067855 0.184184 -0.303576
v -0.099090 -0.168105 -0.303059
v -0.039225 0.347530 -0.312908
v -0.038100 0.353599 -0.324199
v -0.088095 -0.033119 -0.303305
v -0.084528 0.009302 -0.304294
v -0.043622 0.323017 -0.302638
v -0.063547 0.064993 0.029604
v 0.002991 0.445362 0.159195
v -0.055325 0.255945 -0.300870
v -0.050494 0.285402 -0.300637
v -0.123383 -0.348300 -0.171138
v -0.078838 -0.024399 -0.013747
v -0.070634 0.029999 0.008628
v -0.073072 0.009193 0.002989
v 0.023975 0.448273 0.166182
v -0.059916 0.239583 -0.337299
v -0.065812 0.203148 -0.336409
v -0.075718 0.117674 -0.305784
v -0.069670 0.163409 -0.300064
v -0.120219 -0.308575 -0.151489
v -0.116696 -0.277346 -0.136331
v -0.038099 0.351279 -0.336906
v -0.123790 -0.373934 -0.180427
v -0.095950 -0.110267 -0.060612
v -0.015739 0.413112 0.149171
v -0.103271 -0.168611 -0.085942
v -0.106997 -0.203043 -0.100948
v -0.111227 -0.238144 -0.115430
v -0.097970 -0.141271 -0.068431
v -0.081595 0.043946 -0.304916
v -0.077704 0.070803 -0.301199
v -0.000773 0.351379 0.157726
v -0.088030 -0.077136 -0.037002
v -0.104205 -0.277052 -0.239883
v -0.105739 -0.270308 -0.257961
v -0.020590 0.266107 0.115047
v -0.044621 0.319907 -0.343923
v -0.004093 0.332515 0.146165
v -0.034733 0.349624 -0.299051
v -0.129253 -0.418233 -0.224575
v -0.129911 -0.407816 -0.315197
v -0.093226 -0.096166 -0.300189
v -0.088879 -0.063383 -0.297080
v -0.032346 0.366874 -0.321674
v -0.024174 0.429393 0.164218
v -0.065984 0.038373 0.021021
v 0.036551 0.453302 0.192535
v 0.037918 0.452318 0.190706
v 0.035043 0.453335 0.191452
v -0.090137 -0.102220 -0.044807
v -0.070898 0.136955 -0.297301
v -0.088901 -0.033615 -0.341777
v -0.028787 0.369726 -0.308811
v -0.029929 0.371288 -0.332080
v -0.132435 -0.420804 -0.271531
v -0.093590 -0.135298 -0.298290
v -0.131320 -0.424252 -0.251703
v -0.033338 0.191452 0.093513
v -0.025332 0.231508 0.109500
v -0.008119 0.312890 0.139677
v -0.130903 -0.414877 -0.302023
v -0.044749 0.297707 -0.292477
v -0.063546 0.190354 -0.295184
v -0.128025 -0.429832 -0.238153
v -0.036841 0.342102 -0.351580
v -0.052276 0.111082 0.053182
v -0.057724 0.077961 0.042693
v -0.120325 -0.352902 -0.162918
v 0.002862 0.320711 0.162628
v 0.039205 0.448644 0.178714
v 0.040792 0.451272 0.191990
v -0.080366 -0.050825 -0.017489
v -0.074685 -0.019346 -0.003085
v -0.099719 -0.189134 -0.296300
v -0.016692 0.269860 0.124041
v -0.092767 -0.168893 -0.291682
v -0.041735 0.145639 0.075039
v -0.057895 0.216468 -0.292259
v -0.121703 -0.399381 -0.186064
v 0.034261 0.441966 0.158853
v -0.034762 0.337115 -0.291294
v 0.011876 0.352558 0.190426
v -0.032076 0.359069 -0.349416
v -0.027056 0.372706 -0.343400
v -0.126428 -0.421862 -0.216761
v -0.122093 -0.419325 -0.201101
v -0.104372 -0.201985 -0.094522
v -0.107750 -0.225204 -0.105814
v -0.130347 -0.423177 -0.287738
v -0.100568 -0.232881 -0.276387
v -0.100320 -0.246195 -0.267729
v -0.022646 0.382595 -0.318271
v -0.113180 -0.278982 -0.128493
v -0.097903 -0.160190 -0.071966
v 0.011131 0.306660 0.175398
v -0.050150 0.254166 -0.290343
v -0.114406 -0.309234 -0.139049
v -0.083270 -0.034541 -0.293654
v -0.048837 0.283639 -0.348227
v -0.053151 0.252567 -0.349213
v -0.061998 0.204811 -0.345264
v -0.098797 -0.268266 -0.239647
v -0.099544 -0.260578 -0.253522
v 0.003477 0.302041 0.162908
v -0.126375 -0.404148 -0.327628
v -0.076807 0.032552 -0.294206
v -0.070908 0.110476 -0.293698
v -0.098945 -0.213947 -0.283865
v -0.089547 -0.080966 -0.349078
v -0.024732 0.369379 -0.298522
v -0.095376 -0.144810 -0.347931
v -0.043625 0.120543 0.069796
v -0.030738 0.169854 0.096592
v -0.105656 -0.270638 -0.333277
v -0.102634 -0.222277 -0.336595
v -0.020419 0.386337 -0.331693
v 0.007267 0.385919 0.196302
v 0.034680 0.452971 0.190884
v -0.098007 -0.184448 -0.079108
v -0.092985 -0.152038 -0.295273
v -0.108857 -0.301634 -0.332247
v 0.041490 0.450767 0.191098
v 0.043735 0.449781 0.191427
v -0.081882 0.022590 -0.346939
v -0.084237 -0.027984 -0.350503
v -0.074153 0.111024 -0.346765
v -0.009552 0.273562 0.137112
v 0.003175 0.280388 0.157870
v -0.020398 0.228426 0.118095
v 0.043214 0.447575 0.180931
v -0.115935 -0.378787 -0.164492
v -0.095653 -0.177446 -0.348402
v -0.070936 0.067344 -0.289653
v -0.069247 0.143325 -0.349120
v 0.045657 0.448922 0.191697
v -0.065218 0.021418 0.018167
v 0.025150 0.376641 0.202123
v -0.073907 0.085768 -0.351130
v -0.115310 -0.348306 -0.152034
v -0.018532 0.382248 -0.303336
v -0.089664 -0.135375 -0.052730
v -0.025241 0.353849 -0.286342
v -0.114446 -0.338502 -0.334201
v 0.037328 0.345873 0.202451
v 0.030284 0.327208 0.194062
v 0.031006 0.323586 0.196814
v 0.027931 0.314874 0.198175
v 0.022643 0.300638 0.197332
v 0.020919 0.304970 0.186507
v 0.019545 0.282581 0.193471
v 0.019123 0.282967 0.185267
v 0.021600 0.296330 0.198095
v 0.019554 0.281712 0.180016
v -0.036422 0.321369 -0.360126
v -0.128691 -0.430125 -0.272314
v -0.004794 0.265119 0.143873
v -0.081783 -0.088205 -0.027926
v -0.021774 0.375575 -0.353254
v -0.030700 0.347579 -0.360358
v -0.022268 0.189164 0.111507
v -0.011184 0.221552 0.130375
v -0.123330 -0.390729 -0.334764
v 0.037487 0.434410 0.146227
v -0.064509 0.170378 -0.350384
v -0.055415 0.224514 -0.352412
v -0.106222 -0.257412 -0.111689
v -0.057400 0.056617 0.038512
v -0.128354 -0.422196 -0.300465
v -0.013521 0.390667 -0.346104
v -0.127200 -0.433259 -0.252720
v 0.010433 0.285134 0.169625
v 0.041838 0.442904 0.165257
v -0.116651 -0.402635 -0.178504
v -0.011360 0.395799 -0.317722
v -0.010258 0.393472 -0.307336
v 0.048492 0.447547 0.191594
v 0.047522 0.449092 0.198530
v -0.124583 -0.415970 -0.323227
v -0.116624 -0.421126 -0.191236
v -0.098272 -0.212527 -0.088312
v -0.051220 0.080261 0.052385
v -0.012350 0.395476 -0.330424
v -0.089778 -0.259328 -0.234926
v -0.089761 -0.260805 -0.226476
v -0.090744 -0.255191 -0.244163
v -0.089625 -0.244634 -0.253384
v -0.096777 -0.265296 -0.216733
v -0.032010 0.149084 0.091135
v 0.007428 0.267070 0.159726
v -0.078989 0.004461 -0.354513
v -0.043587 0.284389 -0.356956
v -0.089025 -0.127456 -0.356214
v -0.090433 -0.169115 -0.063736
v -0.065312 -0.017731 0.010096
v -0.073498 -0.058530 -0.009710
v 0.000332 0.235547 0.144607
v -0.019761 0.364819 -0.366202
v -0.100256 -0.241783 -0.341143
v -0.094313 -0.198147 -0.350273
v -0.095916 -0.258546 -0.205879
v -0.108482 -0.307566 -0.131049
v -0.120593 -0.437367 -0.225126
v -0.118484 -0.433566 -0.212245
v -0.084156 -0.068818 -0.355798
v -0.016959 0.371210 -0.288703
v -0.026320 0.165708 0.101364
v -0.121407 -0.403778 -0.335840
v -0.042592 0.095548 0.066118
v 0.023106 0.394332 0.100322
v -0.082114 -0.135353 -0.043186
v -0.089948 -0.257678 -0.214609
v -0.015060 0.378005 -0.361595
v -0.108907 -0.379012 -0.155425
v -0.034206 0.110818 0.078581
v 0.003876 0.345620 0.088835
v -0.108031 -0.349131 -0.143447
v -0.061644 -0.021699 -0.073581
v -0.075978 -0.045350 -0.070440
v -0.002180 0.404284 -0.327770
v -0.085986 -0.119023 -0.109360
v -0.085557 -0.145485 -0.128603
v -0.005268 0.390490 -0.295078
v 0.029387 0.412926 0.115192
v -0.074034 -0.102447 -0.023213
v -0.003824 0.290734 0.067798
v -0.051060 0.019941 0.033502
v -0.047498 0.056666 0.049780
v -0.073814 -0.060942 -0.083488
v -0.002603 0.403031 -0.336109
v -0.001998 0.402787 -0.314980
v -0.097160 -0.246543 -0.191408
v -0.119478 -0.442776 -0.240363
v -0.049537 0.076260 -0.020979
v -0.045093 0.107790 -0.006770
v -0.035556 0.136236 -0.000256
v -0.110935 -0.410589 -0.175978
v -0.089394 -0.248066 -0.201309
v -0.063459 -0.062397 -0.097404
v -0.120140 -0.424050 -0.321956
v -0.095572 -0.200923 -0.156753
v -0.060291 0.013117 -0.050413
v -0.073118 -0.101645 -0.112180
v -0.000579 0.400282 -0.305336
v 0.040505 0.429362 0.138168
v -0.118261 -0.414281 -0.334318
v -0.029407 0.193309 0.030315
v -0.019678 0.224534 0.039738
v -0.012771 0.238754 0.042952
v -0.047038 0.052300 -0.038349
v -0.048993 0.018448 -0.060249
v -0.036795 0.057275 -0.045765
v -0.035344 0.084615 -0.030567
v -0.123056 -0.434636 -0.284626
v -0.085713 -0.172038 -0.146749
v -0.003892 0.391725 -0.358792
v -0.003132 0.398252 -0.349010
v -0.121542 -0.430124 -0.304941
v -0.079750 -0.250599 -0.236001
v -0.078926 -0.253559 -0.226482
v 0.025343 0.384855 0.093748
v -0.019879 0.200250 0.024417
v -0.112120 -0.428454 -0.192846
v -0.070270 -0.111979 -0.121228
v -0.052996 -0.022199 -0.082897
v -0.088474 -0.225602 -0.182662
v -0.087683 -0.196743 -0.161964
v -0.119864 -0.441401 -0.254243
v 0.039908 0.420303 0.124288
v 0.049480 0.443166 0.174561
v -0.005049 0.379293 -0.370135
v 0.006108 0.407565 -0.319272
v -0.111831 -0.441879 -0.214938
v -0.078594 -0.251540 -0.218055
v 0.007325 0.404443 -0.307221
v 0.006364 0.407096 -0.337875
v -0.105740 -0.451232 -0.226496
v 0.049831 0.437774 0.158542
v 0.049248 0.433157 0.147689
v -0.105649 -0.453926 -0.245655
v -0.106201 -0.452429 -0.260751
v -0.115954 -0.440967 -0.268866
v -0.107974 -0.446723 -0.285662
v -0.117284 -0.437791 -0.290680
v 0.005878 0.400803 -0.352611
v -0.108092 -0.441806 -0.302580
v -0.109171 -0.433978 -0.319936
v 0.015274 0.029543 0.335425
v 0.003143 -0.006992 0.336515
v 0.015842 -0.009740 0.337664
v 0.003219 0.032511 0.333974
v 0.003688 0.058456 0.332794
v 0.013607 0.057843 0.334125
v 0.003707 -0.049772 0.337940
v 0.016736 -0.044046 0.338977
v 0.017886 -0.091138 0.342051
v 0.004484 -0.094685 0.341137
v 0.013366 0.095554 0.331745
v 0.003201 0.122886 0.328396
v 0.020201 -0.137796 0.346395
v 0.012481 0.131183 0.329633
v 0.005417 -0.154856 0.346931
v 0.021582 -0.213088 0.353172
v 0.006037 -0.193983 0.350689
v 0.007273 -0.240971 0.354623
v 0.022122 -0.260509 0.356490
v 0.009004 -0.300079 0.358367
v 0.023041 -0.297476 0.358762
v 0.023329 -0.342342 0.360668
v 0.010331 -0.350270 0.360425
v 0.023551 -0.358633 0.362531
v 0.009419 -0.362765 0.362287
v 0.002584 0.171245 0.324155
v 0.012480 0.161457 0.326626
v 0.012107 0.183575 0.324855
v 0.010896 0.229623 0.320608
v 0.000471 0.233900 0.318377
v 0.010882 0.243744 0.318254
v -0.004775 -0.301418 0.355067
v -0.005909 -0.237639 0.351049
v -0.006310 -0.200678 0.347987
v -0.005332 -0.333244 0.355457
v -0.002473 -0.355625 0.356869
v -0.006172 -0.269022 0.352644
v -0.008343 -0.143090 0.342213
v -0.014086 -0.153587 0.341127
v -0.007366 -0.098752 0.338018
v -0.009620 -0.058559 0.334463
v -0.009912 -0.019040 0.332910
v -0.018113 0.032300 0.327241
v -0.018196 0.013312 0.328236
v -0.010332 0.191051 0.318009
v -0.011032 0.222087 0.315652
v -0.017791 0.055451 0.325137
v -0.011994 0.147327 0.320335
v -0.003145 -0.364457 0.358287
v -0.014818 -0.096278 0.334967
v -0.018058 -0.052145 0.330975
v -0.018189 -0.018321 0.329577
v -0.015470 -0.122477 0.336874
v -0.011875 0.239072 0.313051
v -0.011167 0.094264 0.324646
v -0.014847 -0.188723 0.343340
v -0.014296 -0.230945 0.346608
v 0.000569 0.250142 0.314719
v -0.015673 -0.214118 0.343994
v -0.011550 -0.261493 0.349387
v 0.020578 -0.371468 0.365649
v -0.017550 0.120892 0.319362
v -0.018093 0.087613 0.321648
v -0.019555 0.176809 0.313996
v -0.011497 -0.296803 0.350679
v -0.013245 0.264004 0.306866
v 0.009075 -0.377788 0.367391
v -0.008827 -0.358711 0.353088
v -0.020965 0.222470 0.309571
v -0.011436 -0.370327 0.354574
v -0.004174 -0.377379 0.363328
v -0.001188 0.264834 0.311411
v -0.017857 0.138606 0.316851
v -0.021182 0.246645 0.305294
v 0.029101 0.116147 0.329207
v 0.029726 0.080764 0.331125
v 0.029332 0.052868 0.333059
v 0.030697 -0.004879 0.335822
v 0.029034 0.140683 0.327120
v 0.028936 0.171902 0.323857
v 0.027516 0.190250 0.322372
v 0.032683 -0.094556 0.340943
v 0.031412 -0.041881 0.337337
v 0.034848 -0.233107 0.353057
v 0.034706 -0.193477 0.349656
v 0.034411 -0.141881 0.345143
v 0.035950 -0.286335 0.356118
v 0.035683 -0.331313 0.358321
v 0.035576 -0.355546 0.360424
v 0.026997 0.237193 0.317166
v 0.034036 -0.376141 0.364928
v 0.018905 -0.390120 0.373027
v 0.011975 0.263584 0.313608
v 0.006512 -0.412105 0.383669
v -0.005093 -0.404820 0.379057
v -0.005052 -0.419059 0.384725
v 0.004885 -0.430376 0.388096
v -0.007361 -0.432349 0.387129
v -0.007385 -0.455612 0.386603
v -0.017803 -0.439462 0.384364
v 0.003635 -0.457311 0.386779
v -0.016789 -0.419246 0.381411
v 0.017070 -0.413153 0.382931
v -0.017403 -0.458007 0.383246
v 0.019742 -0.442006 0.385417
v 0.018187 -0.429210 0.385731
v -0.023856 -0.448266 0.381322
v 0.025777 0.252210 0.313486
v 0.016361 -0.457129 0.384064
v -0.006715 -0.474465 0.381188
v 0.031046 -0.395151 0.372008
v -0.029231 -0.432342 0.377447
v 0.027920 -0.417305 0.380424
v 0.028950 0.265130 0.311426
v 0.004043 -0.475035 0.380959
v 0.046467 -0.103359 0.336530
v 0.047124 -0.152953 0.341234
v 0.048651 -0.355607 0.355483
v 0.047976 -0.331350 0.353560
v 0.036816 0.224587 0.314649
v 0.031127 -0.431904 0.380651
v 0.046348 -0.054275 0.332257
v 0.045578 -0.001089 0.329468
v 0.045398 0.042791 0.327062
v 0.047261 -0.200903 0.345046
v 0.046574 -0.238376 0.348400
v 0.047510 -0.266007 0.349830
v 0.047432 -0.300940 0.351918
v 0.044796 0.081574 0.324592
v 0.044165 0.122053 0.322322
v 0.043658 0.176920 0.316708
v 0.047384 -0.379717 0.359843
v -0.005240 0.289666 0.307361
v 0.016058 0.289663 0.312260
v 0.034873 0.290422 0.309059
v -0.005187 0.305971 0.306708
v 0.016114 0.307334 0.312697
v 0.035625 0.308039 0.309348
v 0.015739 0.325094 0.312332
v -0.003308 0.327062 0.306640
v 0.036842 0.324337 0.308744
v -0.017458 0.290017 0.299384
v 0.055680 0.307622 0.295096
v 0.052826 0.290980 0.298090
v 0.042007 -0.394763 0.366478
v 0.036409 0.259469 0.308575
v 0.045755 0.267129 0.303360
v 0.036185 0.241992 0.311898
v -0.018708 0.306295 0.296023
v -0.013296 0.315741 0.300619
v -0.015935 0.327984 0.295857
v -0.011328 0.329364 0.300847
v 0.056671 0.325114 0.293676
v 0.044009 0.238990 0.308176
v -0.021068 -0.473174 0.377367
v 0.016330 -0.473121 0.378425
v 0.036914 -0.417500 0.375349
v -0.017938 -0.402735 0.372686
v 0.031039 -0.456236 0.376903
v 0.036160 -0.440871 0.376574
v -0.025528 -0.416259 0.375441
v 0.026182 -0.469645 0.374916
v -0.016544 -0.483685 0.374049
v 0.014506 0.341093 0.311860
v 0.001266 0.348138 0.307679
v 0.014745 0.358753 0.310045
v 0.004853 0.363362 0.308011
v 0.013613 0.376294 0.310266
v 0.024570 0.370764 0.310241
v 0.023932 0.388844 0.311961
v 0.015268 0.396007 0.309727
v 0.025206 0.406490 0.306809
v 0.016885 0.407456 0.305124
v 0.035603 0.400522 0.308095
v 0.004296 0.390256 0.306925
v 0.034219 0.383947 0.310458
v 0.036842 0.412531 0.302957
v 0.004704 0.405502 0.302252
v 0.027414 0.420314 0.298816
v 0.001720 0.374943 0.307076
v 0.017431 0.419787 0.297155
v 0.005081 0.414503 0.296669
v 0.025958 0.360232 0.309884
v 0.038632 0.425810 0.294705
v 0.041279 0.371344 0.306877
v 0.043464 0.391062 0.307014
v -0.008087 0.387639 0.301221
v 0.041877 0.359416 0.305780
v 0.026658 0.430666 0.290722
v 0.047924 0.406348 0.302124
v -0.005592 0.358776 0.303751
v -0.008855 0.401370 0.297001
v 0.029170 0.350050 0.310336
v 0.038428 0.435138 0.285197
v 0.006716 0.426669 0.287053
v -0.030989 -0.456293 0.375623
v 0.048511 0.418294 0.296709
v 0.016718 0.432119 0.286289
v -0.024521 0.288761 0.291132
v -0.010681 0.364192 0.300996
v -0.019725 0.265620 0.301720
v -0.015859 -0.157017 0.340098
v -0.006828 -0.489276 0.372605
v 0.005643 -0.485985 0.374530
v -0.009693 0.411810 0.290663
v -0.016529 -0.383230 0.358453
v -0.002293 0.421989 0.286748
v -0.030153 -0.407487 0.367047
v 0.048241 0.430848 0.287015
v 0.044946 0.349897 0.304503
v 0.026260 0.439203 0.279012
v 0.017519 -0.485281 0.370438
v -0.028459 -0.480728 0.368315
v 0.015674 0.441909 0.270783
v 0.004880 0.438735 0.269963
v 0.003090 -0.495351 0.366459
v -0.007908 0.431964 0.270729
v -0.017138 -0.492908 0.365605
v 0.015600 -0.495411 0.360520
v 0.038337 -0.007250 -0.014026
v 0.036391 -0.020099 -0.006461
v 0.031660 -0.045586 -0.027024
v 0.044601 0.023688 0.002111
v 0.040779 0.004358 0.005885
v 0.045389 0.025748 0.016119
v 0.051242 0.049839 0.021450
v 0.032323 -0.039157 -0.009846
v 0.025133 -0.078086 -0.034036
v 0.026065 -0.073178 -0.045423
v 0.021765 -0.095033 -0.054431
v 0.016752 -0.117074 -0.048764
v 0.015372 -0.126907 -0.060899
v 0.015444 -0.125353 -0.072647
v 0.004814 -0.176281 -0.087652
v 0.048665 0.040784 0.026569
v 0.054027 0.062711 0.036406
v 0.057680 0.076931 0.028324
v 0.060162 0.086337 0.041547
v 0.064855 0.104990 0.046409
v 0.009190 -0.153339 -0.068298
v 0.009615 -0.148128 -0.090744
v 0.001631 -0.190715 -0.102306
v -0.004056 -0.220123 -0.108735
v -0.003665 -0.216446 -0.119480
v -0.008288 -0.246151 -0.127369
v -0.009741 -0.249923 -0.143848
v -0.013600 -0.275110 -0.150414
v -0.013404 -0.269384 -0.160485
v -0.014418 -0.277245 -0.142584
v -0.018519 -0.303964 -0.167123
v -0.017695 -0.299024 -0.175864
v -0.011201 -0.255647 -0.120856
v -0.021149 -0.321778 -0.185964
v -0.026219 -0.341408 -0.179070
v -0.019348 -0.303623 -0.159133
v -0.005035 -0.217994 -0.096954
v -0.000513 -0.191192 -0.079066
v -0.022657 -0.331962 -0.189991
v -0.028178 -0.360481 -0.198443
v -0.024537 -0.346053 -0.209802
v 0.057840 0.080999 0.047064
v 0.065390 0.113508 0.064493
v 0.069995 0.129674 0.063115
v 0.005452 -0.157607 -0.058795
v 0.025103 -0.067710 -0.016980
v -0.018969 -0.288345 -0.136744
v 0.071617 0.149510 0.082114
v 0.075872 0.163889 0.075761
v 0.076902 0.174897 0.088513
v 0.078918 0.188919 0.098865
v 0.082905 0.206248 0.102432
v 0.081401 0.201059 0.087093
v 0.080800 0.212843 0.122451
v 0.070776 0.133582 0.054162
v -0.033448 -0.370357 -0.186838
v 0.040573 0.014384 0.021646
v 0.036270 -0.009500 0.009047
v 0.016895 -0.106919 -0.035432
v 0.029416 -0.039150 0.000532
v 0.047954 0.047648 0.038675
v 0.019033 -0.090122 -0.024184
v -0.025321 -0.324697 -0.160859
v -0.027567 -0.378515 -0.221452
v -0.034770 -0.401202 -0.216214
v -0.030009 -0.399732 -0.238131
v -0.025065 -0.383365 -0.246332
v -0.027123 -0.394798 -0.263428
v 0.074183 0.177144 0.102766
v -0.012786 -0.251142 -0.108770
v -0.024613 -0.372309 -0.234920
v -0.038241 -0.391376 -0.192226
v -0.025011 -0.311098 -0.146611
v -0.037018 -0.369058 -0.174880
v 0.084466 0.219842 0.118924
v 0.087933 0.228195 0.107861
v 0.090885 0.244695 0.124344
v 0.091006 0.255785 0.138889
v 0.097774 0.276943 0.129509
v 0.098492 0.287192 0.140070
v 0.099570 0.301886 0.131090
v 0.099553 0.308351 0.141649
v 0.099027 0.320230 0.135726
v -0.031888 -0.408813 -0.256864
v -0.009406 -0.220972 -0.085400
v -0.004615 -0.195176 -0.071647
v 0.057329 0.088365 0.058464
v -0.037352 -0.415696 -0.235654
v 0.009752 -0.125709 -0.036016
v -0.017867 -0.264430 -0.109917
v 0.090437 0.262675 0.147564
v 0.063036 0.114186 0.072051
v -0.043052 -0.405797 -0.195984
v 0.030957 -0.019645 0.013648
v -0.034730 -0.348010 -0.159639
v 0.093003 0.277410 0.154341
v 0.098410 0.299292 0.151581
v 0.022502 -0.063591 -0.005634
v 0.099285 0.323524 0.144129
v 0.099462 0.329594 0.153192
v 0.099366 0.344150 0.143837
v -0.043428 -0.418001 -0.215420
v 0.093680 0.257439 0.112875
v 0.099152 0.310210 0.151856
v -0.022086 -0.355160 -0.241704
v -0.024407 -0.380428 -0.264954
v 0.098362 0.284129 0.117310
v -0.045299 -0.394590 -0.177609
v 0.067316 0.145256 0.088707
v -0.019892 -0.345282 -0.261530
v -0.031422 -0.406047 -0.272292
v 0.099746 0.344038 0.155223
v 0.099906 0.355785 0.149782
v 0.100200 0.355264 0.163698
v 0.099816 0.344967 0.170022
v 0.100126 0.357901 0.177521
v 0.100262 0.368975 0.179532
v -0.024706 -0.289593 -0.123338
v -0.039086 -0.422673 -0.257595
v 0.071444 0.173599 0.105828
v 0.076637 0.197444 0.116148
v 0.076577 0.215687 0.132238
v -0.042389 -0.365329 -0.159842
v 0.100360 0.365174 0.163422
v 0.000747 -0.157304 -0.048139
v 0.082892 0.243619 0.145254
v -0.032982 -0.318552 -0.136882
v 0.042785 0.036080 0.038328
v 0.035080 0.011309 0.030070
v -0.020447 -0.351042 -0.278496
v -0.014663 -0.309994 -0.279757
v -0.019592 -0.330284 -0.250718
v -0.015947 -0.302951 -0.265667
v -0.011823 -0.278413 -0.281555
v 0.098277 0.316869 0.122968
v -0.016597 -0.321716 -0.292249
v -0.013958 -0.303007 -0.288526
v -0.023328 -0.332339 -0.220440
v -0.026726 -0.384766 -0.284713
v -0.010639 -0.266023 -0.296758
v -0.009536 -0.253072 -0.285589
v -0.006757 -0.236562 -0.290735
v -0.006715 -0.235087 -0.309517
v -0.004619 -0.226053 -0.300609
v -0.001356 -0.208434 -0.299998
v 0.000103 -0.200654 -0.312278
v 0.002026 -0.186989 -0.300743
v 0.005821 -0.162978 -0.306241
v 0.001882 -0.186418 -0.323546
v -0.003204 -0.210613 -0.323922
v 0.008910 -0.135167 -0.319128
v 0.009157 -0.133107 -0.309042
v 0.075154 0.165803 0.061634
v 0.011780 -0.103917 -0.303949
v 0.013096 -0.099074 -0.314974
v 0.016822 -0.066925 -0.309174
v 0.016858 -0.067949 -0.327060
v 0.020829 -0.036637 -0.326407
v 0.020409 -0.036332 -0.305583
v 0.023131 -0.013526 -0.311034
v 0.011656 -0.100723 -0.330760
v 0.026491 0.018624 -0.309875
v -0.025188 -0.368072 -0.294833
v 0.063582 0.106767 0.032828
v 0.006411 -0.148287 -0.327497
v -0.013029 -0.282540 -0.303502
v -0.009997 -0.254293 -0.306344
v -0.009819 -0.235999 -0.325606
v 0.051477 0.059569 0.012050
v 0.088839 0.245319 0.095854
v 0.082210 0.207625 0.083484
v 0.078777 0.198381 0.070904
v 0.022977 -0.005155 -0.330890
v 0.025202 0.016627 -0.331544
v 0.031702 0.061747 -0.310499
v 0.032521 0.072176 -0.321845
v 0.036235 0.093385 -0.311337
v 0.039622 0.126724 -0.323563
v 0.041367 0.132671 -0.312467
v 0.045486 0.157109 -0.313598
v 0.048903 0.177558 -0.317583
v 0.031447 0.074082 -0.333301
v 0.028576 0.046860 -0.331022
v 0.036833 0.114897 -0.332852
v 0.042130 0.152503 -0.334436
v 0.048116 0.188321 -0.331076
v 0.049977 0.202923 -0.327112
v 0.050330 0.200429 -0.312555
v 0.052887 0.231584 -0.326425
v -0.022710 -0.314149 -0.203841
v -0.000457 -0.190655 -0.115336
v -0.018152 -0.321631 -0.301456
v -0.012400 -0.257694 -0.316627
v 0.004840 -0.140231 -0.338099
v 0.030194 -0.035973 -0.040883
v 0.033959 -0.015067 -0.030654
v 0.093646 0.269974 0.103453
v 0.096704 0.292273 0.106912
v 0.020531 -0.085963 -0.065827
v 0.025328 -0.059597 -0.054133
v 0.013904 -0.118601 -0.082798
v 0.053478 0.234073 -0.314592
v 0.099963 0.366126 0.151749
v -0.033327 -0.403706 -0.288897
v -0.005690 -0.211915 -0.131447
v 0.044460 0.039332 -0.005399
v 0.058657 0.250524 -0.323628
v 0.098665 0.356783 0.135173
v 0.098194 0.341743 0.128743
v 0.054166 0.241795 -0.331562
v -0.017873 -0.281299 -0.180467
v -0.021294 -0.301049 -0.196277
v 0.059795 0.255533 -0.333508
v -0.004213 -0.200597 -0.336103
v -0.017450 -0.287857 -0.317521
v -0.023841 -0.312720 -0.219267
v 0.069558 0.148080 0.044060
v 0.056019 0.085711 0.017599
v -0.000265 -0.167137 -0.342144
v 0.039065 0.018202 -0.017971
v 0.081564 0.225516 0.076412
v -0.031900 -0.387232 -0.302100
v -0.022906 -0.310654 -0.234818
v 0.008223 -0.124425 -0.298537
v 0.002517 -0.171877 -0.296115
v -0.010939 -0.235772 -0.149973
v -0.023967 -0.302094 -0.209364
v -0.024224 -0.340641 -0.309579
v -0.015786 -0.260434 -0.325983
v 0.022495 0.011485 -0.297397
v 0.027651 0.056991 -0.296272
v 0.031465 0.077483 -0.300343
v -0.020628 -0.305487 -0.246421
v -0.015847 -0.282463 -0.265297
v -0.024539 -0.290476 -0.240317
v -0.012436 -0.265223 -0.276252
v 0.013666 -0.069632 -0.296357
v -0.001966 -0.199026 -0.290728
v 0.010049 -0.081373 -0.343198
v 0.017647 -0.016336 -0.341909
v 0.014093 -0.045744 -0.342981
v 0.006037 -0.145373 -0.103023
v -0.016170 -0.259487 -0.170733
v -0.011989 -0.232726 -0.334533
v -0.006013 -0.217523 -0.286317
v 0.048032 0.189501 -0.307588
v 0.003367 -0.118607 -0.348058
v 0.014908 -0.046062 -0.292373
v 0.100087 0.379481 0.163195
v 0.089848 0.268436 0.094043
v 0.065719 0.265611 -0.325105
v 0.100328 0.374469 0.173563
v 0.098795 0.370202 0.142736
v 0.070658 0.166247 0.046713
v 0.077327 0.212502 0.065597
v 0.036220 0.114931 -0.300084
v 0.039982 0.144432 -0.301732
v 0.051509 0.079573 0.009075
v 0.049386 0.228509 -0.334417
v -0.038992 -0.420699 -0.274242
v -0.039915 -0.416684 -0.290700
v 0.099508 0.377788 0.153640
v -0.005240 -0.194879 -0.129921
v -0.011748 -0.224640 -0.149964
v -0.016925 -0.239754 -0.166389
v 0.000309 -0.166644 -0.116032
v -0.004977 -0.184332 -0.345922
v 0.097121 0.314927 0.113428
v -0.039291 -0.405480 -0.303985
v 0.054155 0.240038 -0.309128
v 0.060869 0.257091 -0.313381
v 0.016383 -0.086043 -0.077027
v -0.021653 -0.279014 -0.191796
v -0.025676 -0.289091 -0.207817
v 0.050541 0.229216 -0.303726
v 0.028644 -0.019396 -0.044575
v 0.021892 -0.050859 -0.062748
v -0.027593 -0.291783 -0.219654
v -0.025390 -0.298526 -0.231134
v -0.011542 -0.244981 -0.277658
v 0.022719 0.040877 -0.342831
v 0.093597 0.290019 0.098078
v 0.058884 0.108309 0.021418
v -0.025529 -0.325195 -0.319284
v -0.021099 -0.266233 -0.334246
v -0.003096 -0.152278 -0.351773
v -0.012039 -0.211762 -0.346497
v -0.028465 -0.353131 -0.312084
v -0.033099 -0.370901 -0.313247
v -0.025280 -0.300641 -0.327714
v 0.041625 0.052504 -0.011383
v 0.004525 -0.135260 -0.291391
v 0.006489 -0.103331 -0.288569
v 0.067127 0.269382 -0.333317
v 0.070235 0.274773 -0.321830
v -0.044540 -0.428437 -0.240479
v 0.078889 0.242502 0.071958
v 0.007182 -0.119868 -0.098943
v 0.034435 0.022759 -0.027589
v 0.048740 0.240445 -0.343317
v 0.097238 0.342822 0.121788
v 0.043978 0.223163 -0.342945
v 0.056891 0.256233 -0.342918
v 0.084028 0.256579 0.083404
v 0.032097 0.100896 -0.294475
v 0.087472 0.282950 0.088260
v 0.027855 0.117185 -0.349543
v 0.023316 0.069592 -0.347037
v 0.019032 0.034436 -0.348191
v 0.094995 0.320087 0.105550
v 0.063052 0.151077 0.031605
v 0.096768 0.374459 0.135230
v -0.042157 -0.391444 -0.317923
v 0.035465 0.131766 -0.293986
v 0.042052 0.183096 -0.297069
v 0.097221 0.384110 0.144994
v 0.039174 0.173839 -0.344406
v -0.001710 -0.170059 -0.285763
v 0.000273 -0.142698 -0.284319
v -0.046532 -0.417399 -0.304864
v -0.019305 -0.227844 -0.349365
v 0.013794 -0.074797 -0.080830
v 0.021522 0.021768 -0.292253
v 0.096723 0.359101 0.125160
v -0.006098 -0.182822 -0.130100
v -0.012655 -0.203427 -0.146051
v 0.006549 -0.098309 -0.096248
v -0.010065 -0.219635 -0.277869
v 0.001251 -0.134208 -0.110623
v 0.099899 0.395431 0.172339
v 0.015475 -0.000970 -0.285753
v 0.012178 -0.033281 -0.284949
v -0.029916 -0.285289 -0.229159
v -0.030545 -0.282532 -0.218484
v -0.027571 -0.278132 -0.205206
v -0.027123 -0.267230 -0.197352
v -0.032593 -0.336630 -0.324446
v 0.027295 0.083211 -0.290592
v 0.021744 -0.022396 -0.057950
v 0.031752 0.028854 -0.031125
v 0.072250 0.218196 0.057218
v 0.070856 0.190064 0.049965
v -0.003724 -0.148322 -0.120559
v 0.100370 0.391025 0.184423
v 0.006485 -0.077733 -0.283868
v -0.018886 -0.272536 -0.260676
v -0.018043 -0.241646 -0.266095
v 0.010331 -0.038251 -0.349586
v -0.012394 -0.181949 -0.357790
v -0.017832 -0.206943 -0.355347
v -0.051147 -0.421512 -0.200005
v 0.044267 0.080977 -0.003032
v 0.051196 0.111889 0.010741
v -0.021009 -0.248277 -0.178050
v 0.099693 0.365084 0.191834
v 0.066713 0.272211 -0.341722
v -0.019116 -0.219159 -0.161836
v 0.094987 0.402821 0.155124
v 0.095475 0.348520 0.115235
v 0.079979 0.297192 -0.331321
v 0.077195 0.292356 -0.340597
v 0.082300 0.305398 -0.335923
v 0.084148 0.312575 -0.328730
v 0.084438 0.314540 -0.333863
v 0.085572 0.324412 -0.326455
v 0.085599 0.326161 -0.332960
v 0.085465 0.336948 -0.330476
v 0.084639 0.320189 -0.320321
v 0.084942 0.324725 -0.338308
v 0.083020 0.310010 -0.320958
v 0.085132 0.337973 -0.322562
v 0.080260 0.299287 -0.322587
v 0.084972 0.335581 -0.336198
v 0.084800 0.331763 -0.317453
v 0.083222 0.313360 -0.341985
v -0.006886 -0.188793 -0.279433
v 0.097946 0.307627 0.160456
v -0.050931 -0.410611 -0.184157
v 0.099727 0.355763 0.186281
v 0.046331 0.057509 0.050989
v 0.096746 0.407060 0.167186
v 0.080088 0.272288 0.078920
v -0.046509 -0.408334 -0.312874
v -0.047310 -0.375550 -0.158809
v 0.098932 0.326556 0.166474
v 0.011729 -0.089861 -0.010424
v -0.003771 -0.129722 -0.356378
v 0.093811 0.398107 0.146889
v 0.100252 0.388987 0.189537
v 0.081112 0.303989 -0.341524
v -0.027312 -0.269526 -0.341349
v 0.099895 0.375009 0.191843
v 0.036041 0.184128 -0.349786
v -0.022066 -0.263944 -0.101718
v 0.090808 0.305431 0.092885
v -0.042837 -0.336631 -0.137648
v -0.053683 -0.396246 -0.164147
v 0.051281 0.084059 0.065473
v -0.002628 -0.085845 -0.359651
v 0.035708 0.058167 -0.019512
v -0.017722 -0.232046 -0.080638
v -0.006260 -0.182522 -0.057903
v 0.064702 0.267537 -0.308377
v 0.056369 0.254975 -0.301646
v -0.010708 -0.174107 -0.135197
v 0.074153 0.285968 -0.313718
v 0.010405 0.027163 -0.358690
v -0.028983 -0.278192 -0.239281
v 0.059727 0.117857 0.080387
v 0.028620 0.148483 -0.353524
v 0.085446 0.267114 0.160513
v 0.093510 0.388487 0.136509
v 0.018362 -0.064586 0.000332
v 0.068412 0.188033 0.121620
v 0.065281 0.170606 0.113237
v 0.061757 0.147500 0.099342
v 0.013008 -0.050548 -0.076852
v -0.040702 -0.369985 -0.323007
v 0.094752 0.416211 0.188017
v 0.005661 -0.009358 -0.359495
v -0.000124 -0.050271 -0.360592
v 0.063774 0.197404 0.041239
v -0.014208 -0.164545 -0.363213
v -0.055598 -0.423214 -0.312047
v -0.057022 -0.427989 -0.309165
v 0.097208 0.322383 0.176218
v -0.035898 -0.306780 -0.122351
v 0.094139 0.375444 0.127032
v -0.034664 -0.302513 -0.338035
v 0.088801 0.283267 0.167165
v 0.038548 0.092898 -0.008228
v -0.035530 -0.274537 -0.227628
v -0.036688 -0.269549 -0.217318
v -0.036569 -0.265190 -0.211265
v 0.028101 -0.013991 0.021839
v 0.015899 -0.058378 0.007248
v 0.095438 0.311211 0.173788
v 0.006580 -0.064556 -0.088036
v 0.001500 -0.131281 -0.028639
v 0.098787 0.343338 0.185890
v 0.073406 0.261928 0.069569
v -0.056480 -0.383174 -0.151294
v -0.027799 -0.250076 -0.189142
v 0.021594 0.000815 -0.052045
v 0.024301 0.059212 -0.032526
v -0.002368 -0.111617 -0.109952
v 0.054250 0.169432 0.024025
v 0.013215 -0.026886 -0.069970
v -0.058512 -0.412786 -0.323361
v -0.055198 -0.360140 -0.139294
v 0.012508 0.076023 -0.359453
v 0.020179 0.125616 -0.358743
v -0.027126 -0.240486 -0.352680
v 0.030478 0.016600 0.039223
v 0.093900 0.414593 0.203757
v 0.029659 0.216440 -0.357621
v -0.013622 -0.140621 -0.365101
v 0.083605 0.328801 -0.344821
v 0.098915 0.391219 0.206615
v -0.004709 -0.143806 -0.031262
v 0.048848 0.092542 0.074771
v 0.098575 0.372694 0.203838
v -0.013683 -0.194704 -0.058044
v -0.019063 -0.223039 -0.072435
v -0.032398 -0.276630 -0.100236
v 0.098164 0.351415 0.196639
v 0.097945 0.360908 0.202817
v 0.043237 0.066964 0.061415
v 0.035004 0.043092 0.053102
v -0.044062 -0.263183 -0.226656
v -0.045154 -0.258718 -0.217074
v 0.091760 0.408901 0.223855
v -0.055044 -0.011068 -0.372476
v -0.044274 -0.036800 -0.374723
v -0.053196 -0.069450 -0.373941
v -0.044448 0.007093 -0.374210
v -0.042043 0.029246 -0.374795
v -0.067276 -0.064983 -0.369729
v -0.067376 -0.128756 -0.371802
v -0.055351 -0.153486 -0.375064
v -0.068593 -0.153897 -0.372566
v -0.060391 0.034402 -0.368408
v -0.065818 -0.015673 -0.368558
v -0.040580 0.072038 -0.374764
v -0.058171 0.077104 -0.367746
v -0.053312 0.105525 -0.369147
v -0.037176 0.122175 -0.375331
v -0.079830 -0.155833 -0.367539
v -0.079166 -0.118053 -0.365642
v -0.052533 0.145818 -0.366796
v -0.076725 -0.087005 -0.365464
v -0.044231 0.173488 -0.369712
v -0.030183 0.165346 -0.375348
v -0.028237 0.198927 -0.375563
v -0.037433 0.210286 -0.370743
v -0.021637 0.232226 -0.376518
v -0.034989 0.249082 -0.370465
v -0.018399 0.254325 -0.378001
v -0.021904 0.272082 -0.377379
v -0.010780 0.279955 -0.381968
v -0.019501 0.293569 -0.379728
v -0.068078 -0.181936 -0.370106
v -0.080523 -0.181994 -0.364710
v -0.079693 -0.221198 -0.361062
v -0.054902 -0.177344 -0.373026
v -0.068588 -0.218472 -0.365597
v -0.006445 0.308280 -0.386830
v -0.041634 0.215153 -0.368050
v -0.007226 0.320565 -0.386912
v 0.003814 0.321068 -0.389778
v -0.005670 0.335960 -0.386320
v 0.005232 0.339481 -0.389397
v -0.031462 0.281906 -0.370827
v -0.074007 -0.046809 -0.364456
v -0.016780 0.334180 -0.379480
v -0.020761 0.315710 -0.378594
v -0.068499 0.006002 -0.365314
v -0.005765 0.351791 -0.382982
v -0.066767 0.053923 -0.362485
v -0.048535 0.199979 -0.364199
v -0.062153 0.110868 -0.362091
v -0.089697 -0.230806 -0.353006
v -0.080277 -0.244626 -0.356189
v -0.093009 -0.255772 -0.347625
v -0.093706 -0.276964 -0.344699
v -0.100236 -0.275080 -0.340092
v -0.103721 -0.297450 -0.338058
v -0.095883 -0.309088 -0.342948
v -0.106362 -0.315184 -0.338104
v -0.108095 -0.337748 -0.339588
v -0.102354 -0.347386 -0.342082
v -0.090078 -0.207869 -0.354773
v -0.017733 0.350824 -0.374656
v -0.077841 -0.028161 -0.359621
v -0.073100 0.023017 -0.359605
v -0.045727 0.248186 -0.360660
v -0.037909 0.278989 -0.364795
v -0.114446 -0.338502 -0.334201
v -0.087843 -0.157592 -0.360090
v -0.029528 0.316525 -0.369997
v -0.115616 -0.361579 -0.338051
v -0.113529 -0.387530 -0.341931
v -0.119631 -0.382862 -0.338030
v -0.121407 -0.403778 -0.335840
v -0.123330 -0.390729 -0.334764
v -0.058354 0.174073 -0.357871
v -0.100256 -0.241783 -0.341143
v -0.094313 -0.198147 -0.350273
v -0.112451 -0.411554 -0.338933
v -0.068235 0.114184 -0.355664
v -0.026603 0.338535 -0.368761
v -0.089025 -0.127456 -0.356214
v -0.084156 -0.068818 -0.355798
v -0.073907 0.085768 -0.351130
v -0.006269 0.365671 -0.377539
v -0.121191 -0.368718 -0.333561
v -0.080143 -0.270530 -0.351168
v -0.083717 -0.290287 -0.346985
v -0.118261 -0.414281 -0.334318
v 0.006239 0.361264 -0.384441
v -0.067478 -0.237244 -0.361894
v -0.108857 -0.301634 -0.332247
v -0.105656 -0.270638 -0.333277
v -0.043587 0.284389 -0.356956
v -0.078989 0.004461 -0.354513
v -0.036422 0.321369 -0.360126
v -0.055415 0.224514 -0.352412
v -0.019761 0.364819 -0.366202
v -0.064509 0.170378 -0.350384
v -0.069247 0.143325 -0.349120
v -0.030700 0.347579 -0.360358
v -0.084237 -0.027984 -0.350503
v -0.074153 0.111024 -0.346765
v -0.053151 0.252567 -0.349213
v -0.095653 -0.177446 -0.348402
v -0.095376 -0.144810 -0.347931
v 0.004825 0.302039 -0.387659
v -0.067129 -0.286058 -0.351092
v -0.080287 -0.303835 -0.346181
v -0.087752 -0.335008 -0.343255
v -0.103753 -0.397526 -0.342599
v -0.103311 -0.381306 -0.343305
v -0.055834 -0.221883 -0.367144
v -0.068224 -0.313574 -0.346791
v -0.074359 -0.332698 -0.343261
v -0.025755 0.118261 -0.376737
v -0.099088 -0.357005 -0.342752
v 0.015995 0.350279 -0.388558
v -0.010028 0.180049 -0.377018
v -0.031399 0.064078 -0.375448
v 0.001794 0.276732 -0.382144
v -0.001407 0.250117 -0.378095
v 0.016856 0.321610 -0.389798
v -0.015891 0.099119 -0.377087
v -0.013172 0.135517 -0.377107
v -0.042848 -0.081081 -0.374570
v 0.004773 0.380315 -0.374190
v -0.055971 -0.274493 -0.354340
v -0.002537 0.228762 -0.376369
v -0.056518 -0.312391 -0.347041
v -0.018715 0.045525 -0.375417
v -0.026717 0.015080 -0.374997
v -0.028468 -0.019134 -0.374500
v -0.102503 -0.412859 -0.339550
v -0.041275 -0.125099 -0.374898
v -0.041559 -0.157122 -0.374815
v -0.005049 0.379293 -0.370135
v -0.041978 -0.182179 -0.372069
v 0.016138 0.366886 -0.382820
v 0.017143 0.303549 -0.386322
v -0.071452 -0.350565 -0.340194
v -0.028394 -0.069882 -0.373722
v -0.029842 -0.107865 -0.373561
v -0.085431 -0.361354 -0.341442
v 0.014566 0.379161 -0.376025
v 0.028274 0.342368 -0.387969
v -0.066421 -0.337531 -0.341665
v -0.110766 -0.425239 -0.331321
v -0.043337 -0.224130 -0.365527
v -0.089107 -0.392350 -0.340962
v -0.043390 -0.243889 -0.360456
v -0.087533 -0.404026 -0.339457
v -0.027861 -0.143709 -0.372007
v -0.101069 -0.425777 -0.332660
v -0.069200 -0.379854 -0.336732
v -0.019069 0.004000 -0.372957
v 0.028744 0.359945 -0.383778
v -0.087673 -0.415094 -0.336647
v -0.084534 -0.423025 -0.332198
v 0.028859 0.320359 -0.386410
v -0.044757 -0.278920 -0.351224
v -0.026675 -0.163753 -0.370619
v 0.013795 0.279169 -0.380331
v 0.017684 0.272349 -0.377467
v 0.015613 0.252806 -0.373543
v -0.011528 -0.010679 -0.370239
v -0.008214 0.024456 -0.370760
v -0.074475 -0.404071 -0.335791
v -0.028020 -0.185608 -0.367901
v -0.054786 -0.342507 -0.337556
v -0.056686 -0.364038 -0.334042
v 0.002853 0.205880 -0.373571
v 0.003156 0.162932 -0.372529
v -0.005560 0.116340 -0.374102
v 0.028882 0.303970 -0.382421
v 0.016601 0.236434 -0.369990
v -0.044953 -0.298551 -0.346681
v -0.014364 -0.084661 -0.368501
v -0.013141 -0.051912 -0.369060
v -0.008147 0.073548 -0.372542
v -0.057799 -0.384871 -0.331904
v -0.003324 0.049199 -0.369731
v 0.028455 0.376589 -0.374555
v 0.039487 0.351966 -0.382356
v -0.044822 -0.311734 -0.342980
v 0.014707 0.208771 -0.368421
v -0.031851 -0.231823 -0.359143
v -0.029391 -0.208627 -0.363406
v -0.069053 -0.410877 -0.331448
v 0.009320 0.142062 -0.368857
v 0.007037 0.111499 -0.368018
v 0.028073 0.278628 -0.375203
v 0.046158 0.340128 -0.380955
v 0.043488 0.327324 -0.381462
v 0.016896 0.183100 -0.366587
v -0.014347 -0.111600 -0.367192
v -0.042276 -0.337229 -0.332936
v -0.013622 -0.140621 -0.365101
v -0.041339 -0.351595 -0.328147
v 0.003495 0.077762 -0.366851
v 0.016356 0.388640 -0.368503
v 0.046516 0.310874 -0.377084
v 0.031528 0.264094 -0.369287
v -0.085297 -0.432160 -0.325461
v 0.031856 0.253857 -0.365666
v 0.035590 0.296695 -0.377767
v -0.035389 -0.270819 -0.348128
v 0.005920 0.392031 -0.364470
v -0.014208 -0.164545 -0.363213
v -0.071721 -0.427152 -0.324284
v -0.052329 -0.392062 -0.326946
v -0.000124 -0.050271 -0.360592
v 0.005533 0.036485 -0.363087
v -0.019628 -0.189668 -0.361829
v 0.064405 0.327284 -0.370604
v 0.071122 0.313624 -0.363643
v 0.053506 0.275568 -0.360661
v -0.097875 -0.433306 -0.325332
v 0.062944 0.347683 -0.369785
v 0.078084 0.331174 -0.356914
v 0.081510 0.321575 -0.350448
v 0.078025 0.306522 -0.352384
v 0.065079 0.297607 -0.363249
v 0.077091 0.297754 -0.347949
v 0.063983 0.273885 -0.349068
v 0.053460 0.261250 -0.352330
v 0.032874 0.235873 -0.358899
v 0.029659 0.216440 -0.357621
v 0.083222 0.313360 -0.341985
v 0.042143 0.246017 -0.354598
v 0.005661 -0.009358 -0.359495
v -0.002628 -0.085845 -0.359651
v 0.010405 0.027163 -0.358690
v -0.034664 -0.302513 -0.338035
v -0.017832 -0.206943 -0.355347
v -0.058512 -0.412786 -0.323361
v 0.083605 0.328801 -0.344821
v -0.027126 -0.240486 -0.352680
v 0.025900 0.182575 -0.359333
v 0.020179 0.125616 -0.358743
v 0.012508 0.076023 -0.359453
v -0.012394 -0.181949 -0.357790
v 0.081112 0.303989 -0.341524
v -0.040702 -0.369985 -0.323007
v -0.032593 -0.336630 -0.324446
v -0.027312 -0.269526 -0.341349
v 0.048740 0.240445 -0.343317
v 0.028620 0.148483 -0.353524
v 0.036041 0.184128 -0.349786
v -0.042157 -0.391444 -0.317923
v 0.056891 0.256233 -0.342918
v 0.077195 0.292356 -0.340597
v 0.066713 0.272211 -0.341722
v -0.072452 -0.433393 -0.318662
v -0.109171 -0.433978 -0.319936
v -0.003892 0.391725 -0.358792
v -0.120140 -0.424050 -0.321956
v 0.005878 0.400803 -0.352611
v 0.002242 0.166765 -0.000063
v 0.001126 0.140128 -0.011285
v -0.013731 0.143073 -0.009552
v -0.015556 0.117107 -0.021843
v -0.010924 0.175711 0.005832
v 0.002130 0.198637 0.014605
v 0.015506 0.193060 0.012039
v 0.016991 0.236182 0.032443
v 0.004845 0.235017 0.032738
v 0.021677 0.294237 0.059737
v 0.007712 0.274679 0.052316
v -0.024603 0.103359 -0.026858
v -0.017004 0.084833 -0.036527
v -0.028754 0.063765 -0.045969
v -0.017208 0.045220 -0.055177
v -0.031058 0.022877 -0.066230
v -0.007182 0.215803 0.025363
v 0.011167 0.308592 0.068936
v -0.017541 -0.007637 -0.079986
v -0.031790 -0.026478 -0.090080
v -0.043867 -0.013607 -0.082828
v -0.044364 -0.043968 -0.097250
v -0.033270 -0.065905 -0.108103
v -0.047920 -0.073225 -0.111011
v -0.049192 -0.093761 -0.120582
v -0.034957 -0.098716 -0.122357
v -0.048339 -0.124840 -0.135217
v -0.059803 -0.131491 -0.137094
v -0.061535 -0.157880 -0.151319
v -0.049154 -0.146468 -0.145966
v -0.048738 -0.171389 -0.158232
v -0.064104 -0.188680 -0.168054
v -0.050741 -0.194503 -0.171302
v -0.059930 -0.106110 -0.124447
v -0.057431 -0.077199 -0.110618
v -0.051005 -0.046042 -0.096557
v -0.043582 0.009922 -0.070179
v -0.038802 0.035305 -0.057729
v -0.065425 -0.208272 -0.180330
v -0.076668 -0.194719 -0.167959
v -0.050305 -0.210351 -0.180955
v -0.005581 0.253475 0.046297
v 0.025413 0.331397 0.072370
v 0.035968 0.314258 0.066300
v 0.047512 0.343443 0.072834
v 0.037054 0.353833 0.076674
v 0.054746 0.377883 0.089880
v 0.041185 0.383079 0.091450
v 0.051386 0.398156 0.103628
v 0.060377 0.392059 0.101664
v 0.039930 0.399831 0.103209
v -0.077056 -0.215123 -0.181895
v 0.049178 0.407679 0.111490
v 0.058118 0.405066 0.111684
v -0.021253 0.151653 -0.002543
v -0.026264 0.121108 -0.016660
v -0.073327 -0.165873 -0.151813
v -0.071200 -0.126397 -0.128767
v 0.010717 0.333412 0.078590
v 0.039644 0.410881 0.113097
v -0.065831 -0.231219 -0.197204
v -0.077824 -0.233893 -0.196076
v -0.057689 -0.057725 -0.099785
v -0.052996 -0.022199 -0.082897
v 0.003722 0.305038 0.070924
v -0.003824 0.290734 0.067798
v 0.015148 0.350166 0.081748
v -0.036795 0.057275 -0.045765
v -0.035344 0.084615 -0.030567
v -0.022183 0.170664 0.008711
v -0.019879 0.200250 0.024417
v -0.088474 -0.225602 -0.182662
v 0.048795 0.418084 0.122920
v 0.025343 0.384855 0.093748
v -0.070270 -0.111979 -0.121228
v 0.056815 0.416223 0.123139
v 0.065760 0.357501 0.081573
v -0.012771 0.238754 0.042952
v -0.089394 -0.248066 -0.201309
v 0.034552 0.293726 0.059683
v 0.031935 0.266316 0.048072
v -0.066293 -0.243489 -0.208946
v -0.087683 -0.196743 -0.161964
v -0.085713 -0.172038 -0.146749
v 0.023106 0.394332 0.100322
v 0.039908 0.420303 0.124288
v -0.077672 -0.245555 -0.207856
v 0.056308 0.322416 0.069233
v -0.003053 0.105101 -0.025770
v -0.034825 -0.124311 -0.133617
v 0.015733 0.157344 -0.002652
v 0.072033 0.378801 0.098192
v -0.050513 -0.230593 -0.195072
v 0.026655 0.222947 0.027849
v -0.016329 -0.039383 -0.093514
v 0.001537 0.081505 -0.034998
v 0.071000 0.392478 0.107905
v -0.036465 -0.157666 -0.148766
v -0.018440 -0.068719 -0.106147
v 0.012427 0.119736 -0.017109
v 0.065820 0.407370 0.117689
v 0.063895 0.413758 0.123545
v -0.052717 -0.245184 -0.207788
v 0.073712 0.354981 0.084774
v -0.002480 0.033219 -0.057501
v 0.077297 0.366820 0.094215
v 0.030793 0.199255 0.018320
v 0.019163 0.107512 -0.019578
v -0.035986 -0.186484 -0.162188
v 0.047347 0.290120 0.061132
v -0.025307 -0.099922 -0.120423
v 0.039051 0.248075 0.042474
v -0.002829 -0.000284 -0.071948
v 0.014753 0.071385 -0.035080
v 0.030897 0.173605 0.008339
v 0.030002 0.130866 -0.007259
v 0.077079 0.336559 0.080690
v 0.062867 0.306703 0.069307
v -0.021126 -0.122570 -0.127782
v 0.080831 0.381970 0.108592
v -0.036777 -0.217903 -0.179833
v 0.074017 0.402871 0.119540
v 0.065125 0.418756 0.130835
v 0.008461 0.032817 -0.053338
v 0.047786 0.237430 0.041624
v 0.054709 0.271655 0.058284
v 0.085863 0.356353 0.097849
v 0.065560 0.298394 0.069759
v 0.044327 0.204722 0.027000
v 0.072158 0.412866 0.128492
v 0.023847 0.099510 -0.020145
v -0.009559 -0.060642 -0.098796
v -0.001672 -0.045450 -0.088911
v -0.028082 -0.164457 -0.147512
v -0.038486 -0.241912 -0.195955
v 0.056417 0.424526 0.134932
v 0.089118 0.366483 0.109275
v 0.044213 0.184922 0.019616
v -0.006124 -0.084740 -0.105110
v 0.078893 0.402307 0.124108
v 0.086406 0.386672 0.119992
v 0.087749 0.341125 0.094206
v 0.076127 0.307218 0.076693
v 0.072902 0.285428 0.073324
v 0.037595 0.144704 0.002724
v 0.006637 -0.004966 -0.067938
v 0.071205 0.420470 0.138359
v 0.063587 0.265411 0.061684
v -0.044187 -0.251392 -0.207620
v 0.063316 0.425953 0.141622
v 0.058029 0.226218 0.044159
v -0.027224 -0.188601 -0.157276
v -0.020538 -0.150383 -0.137452
v -0.010308 -0.122974 -0.120589
v 0.012639 0.025609 -0.053135
v 0.024301 0.059212 -0.032526
v 0.048232 0.427326 0.136488
v 0.092409 0.369091 0.117884
v 0.076438 0.415047 0.135639
v 0.056665 0.191348 0.032021
v 0.054250 0.169432 0.024025
v -0.015128 -0.167061 -0.138162
v 0.085850 0.397810 0.129423
v 0.013215 -0.026886 -0.069970
v 0.081746 0.297493 0.081202
v 0.088791 0.324925 0.091851
v -0.027450 -0.220017 -0.172867
v -0.036854 -0.253871 -0.202068
v 0.092952 0.339353 0.104152
v 0.095475 0.348520 0.115235
v 0.006580 -0.064556 -0.088036
v -0.045154 -0.258718 -0.217074
v 0.065570 0.233758 0.053187
v -0.002368 -0.111617 -0.109952
v 0.033530 0.089601 -0.014447
v 0.019540 0.032946 -0.044783
v -0.020772 -0.193214 -0.153062
v 0.073406 0.261928 0.069569
v -0.036569 -0.265190 -0.211265
v 0.021594 0.000815 -0.052045
v 0.063774 0.197404 0.041239
v 0.094139 0.375444 0.127032
v 0.057775 0.431175 0.148493
v 0.049248 0.433157 0.147690
v 0.080088 0.272288 0.078920
v -0.065927 -0.249212 -0.218895
v -0.054040 -0.253705 -0.220644
v 0.080332 0.416391 0.142678
v 0.045501 0.132759 0.007741
v 0.090808 0.305431 0.092885
v 0.086601 0.405868 0.139109
v 0.038548 0.092898 -0.008228
v -0.027799 -0.250076 -0.189142
v -0.027123 -0.267230 -0.197352
v 0.093510 0.388487 0.136509
v 0.013008 -0.050548 -0.076852
v -0.019116 -0.219159 -0.161836
v -0.010708 -0.174107 -0.135197
v -0.003724 -0.148322 -0.120559
v 0.096723 0.359101 0.125160
v 0.087472 0.282950 0.088260
v 0.072250 0.218196 0.057218
v -0.012655 -0.203427 -0.146051
v 0.051196 0.111889 0.010741
v 0.094995 0.320087 0.105550
v -0.036688 -0.269549 -0.217318
v -0.078594 -0.251540 -0.218055
v -0.063459 -0.062397 -0.097404
v -0.048993 0.018448 -0.060249
v -0.085557 -0.145485 -0.128603
v 0.040505 0.429362 0.138168
v 0.029387 0.412926 0.115192
v -0.035556 0.136236 -0.000256
v -0.019678 0.224534 0.039738
v 0.003876 0.345620 0.088835
v -0.015157 0.266707 0.063158
v -0.089948 -0.257678 -0.214609
v -0.032307 0.176704 0.022061
v -0.066381 -0.250573 -0.226511
v -0.052761 -0.255563 -0.226080
v -0.044062 -0.263183 -0.226656
v -0.078926 -0.253559 -0.226482
v 0.004669 0.034254 0.059503
v -0.008763 0.011165 0.048372
v 0.003482 0.006641 0.046092
v -0.007410 0.057005 0.069436
v 0.006638 0.083012 0.083105
v -0.006104 0.105034 0.091396
v 0.010040 0.138649 0.109413
v -0.021220 0.023703 0.051760
v -0.022579 -0.004449 0.039883
v -0.011878 -0.029877 0.030628
v -0.024134 -0.051710 0.020391
v -0.012467 -0.062493 0.016203
v -0.025747 -0.099518 -0.000102
v -0.037951 -0.094161 0.000948
v -0.040502 -0.140124 -0.020242
v -0.028628 -0.140973 -0.020235
v -0.041887 -0.180033 -0.040215
v 0.021354 0.104947 0.093036
v 0.020616 0.077552 0.079427
v 0.022937 0.142936 0.112169
v 0.024327 0.183873 0.131070
v 0.008957 0.162430 0.119647
v -0.002511 0.134179 0.104914
v 0.011334 0.190389 0.132426
v 0.025143 0.204850 0.141619
v 0.026384 0.231661 0.155053
v 0.039157 0.229164 0.154523
v 0.040378 0.262257 0.171400
v 0.026503 0.262286 0.169986
v 0.025665 0.280762 0.179792
v 0.053677 0.289529 0.185572
v 0.038795 0.189951 0.134052
v 0.038092 0.169827 0.123811
v 0.055343 0.256010 0.167713
v 0.054958 0.231707 0.154297
v 0.071200 0.301250 0.191794
v -0.029237 -0.172429 -0.036776
v -0.031069 -0.204862 -0.054438
v -0.012536 -0.086346 0.004976
v 0.001779 -0.024462 0.031749
v -0.052149 -0.154434 -0.029787
v -0.052906 -0.125873 -0.017188
v -0.053714 -0.184518 -0.044448
v -0.055366 -0.218199 -0.061220
v -0.043473 -0.216092 -0.058794
v -0.056969 -0.261795 -0.083039
v -0.046371 -0.260657 -0.082342
v -0.060319 -0.290119 -0.098918
v 0.001807 -0.046555 0.020991
v 0.037401 0.148313 0.113079
v -0.013177 -0.114674 -0.009462
v -0.014567 -0.136229 -0.020764
v 0.036204 0.114995 0.095180
v 0.054554 0.201499 0.137960
v 0.068304 0.308034 0.198904
v 0.077986 0.314223 0.201078
v 0.078397 0.318292 0.203813
v -0.070731 -0.279959 -0.095778
v -0.069247 -0.250936 -0.081069
v -0.073734 -0.309596 -0.111251
v -0.061610 -0.313955 -0.112954
v -0.074088 -0.331417 -0.122085
v -0.062444 -0.337654 -0.125783
v -0.076269 -0.371879 -0.136591
v -0.047678 -0.286150 -0.098306
v -0.036056 -0.042785 0.021427
v -0.018884 0.072263 0.073567
v -0.085563 -0.327523 -0.123126
v -0.088495 -0.358161 -0.134000
v -0.089558 -0.380776 -0.143216
v -0.077731 -0.394955 -0.148844
v -0.090088 -0.397073 -0.152410
v -0.090769 -0.411177 -0.162636
v 0.082663 0.332054 0.213157
v 0.085741 0.327404 0.206889
v 0.086045 0.343552 0.220214
v 0.085607 0.349711 0.224534
v 0.089106 0.354796 0.225879
v 0.087633 0.339018 0.215380
v 0.088523 0.376862 0.238640
v 0.086801 0.358729 0.229272
v 0.089310 0.367934 0.233208
v 0.091922 0.346670 0.214475
v 0.077449 0.338231 0.221027
v 0.091453 0.358514 0.223441
v 0.074581 0.325693 0.213547
v 0.065904 0.320097 0.211251
v 0.067886 0.311954 0.202593
v -0.064810 -0.372964 -0.139192
v 0.054945 0.183396 0.127321
v 0.020964 0.055860 0.067803
v 0.018609 0.025181 0.051852
v 0.043455 0.294446 0.190219
v -0.078289 -0.411602 -0.161755
v 0.085707 0.321767 0.201499
v 0.076035 0.279379 0.176245
v 0.070889 0.254662 0.163035
v 0.053293 0.163641 0.116602
v -0.064257 -0.395487 -0.152663
v 0.080883 0.298612 0.185906
v 0.017339 0.002191 0.039745
v 0.085185 0.310991 0.191294
v 0.002770 -0.071088 0.008233
v 0.043992 0.299840 0.196819
v -0.032278 -0.238250 -0.073649
v 0.036894 0.085230 0.078268
v 0.068389 0.221261 0.143899
v 0.046369 0.307120 0.205358
v -0.015040 -0.165565 -0.037881
v -0.048749 -0.316911 -0.119203
v -0.051730 -0.336705 -0.129838
v -0.020524 -0.197569 -0.054808
v -0.037717 -0.266223 -0.088955
v 0.090317 0.381534 0.237495
v 0.092539 0.372200 0.228729
v 0.081374 0.343813 0.223876
v 0.093564 0.346828 0.210689
v 0.012455 -0.041667 0.018742
v 0.030814 0.290643 0.188256
v 0.022756 0.281683 0.181014
v 0.089382 0.395392 0.241337
v 0.012424 0.228905 0.149616
v -0.065353 -0.408708 -0.163546
v -0.018846 0.096641 0.083903
v -0.092319 -0.433195 -0.183868
v -0.002961 0.166588 0.117610
v -0.036749 -0.009109 0.033814
v -0.034065 0.018532 0.044844
v 0.017972 0.274821 0.173797
v -0.051344 -0.087005 -0.000689
v -0.085915 -0.312076 -0.116815
v -0.016834 0.125089 0.095617
v -0.067622 -0.213896 -0.063713
v -0.000748 0.206549 0.134631
v 0.019554 0.281712 0.180016
v -0.033673 0.053144 0.059274
v 0.015777 0.264614 0.166612
v -0.078910 -0.427157 -0.177555
v -0.050643 -0.047405 0.013868
v -0.066554 -0.171045 -0.043656
v 0.077164 0.318640 0.203045
v 0.081229 0.330306 0.212165
v -0.084504 -0.278172 -0.101185
v 0.089237 0.403956 0.237514
v -0.055198 -0.360140 -0.139294
v 0.092381 0.393794 0.234609
v 0.065740 0.322391 0.213526
v 0.035281 0.065088 0.066793
v 0.028435 0.032657 0.051125
v 0.051203 0.122090 0.092034
v 0.052392 0.146039 0.106145
v 0.001430 -0.105341 -0.011279
v 0.060133 0.319274 0.212921
v 0.094722 0.334908 0.197385
v -0.079611 -0.439105 -0.191407
v -0.101749 -0.403850 -0.162739
v -0.100856 -0.386515 -0.151859
v 0.095905 0.364350 0.213691
v -0.103236 -0.420763 -0.176742
v -0.099993 -0.362770 -0.141089
v -0.031598 0.083442 0.071995
v -0.084434 -0.251149 -0.089276
v 0.084291 0.415872 0.236918
v -0.099301 -0.326599 -0.129278
v -0.094127 -0.312555 -0.121579
v -0.017412 0.143483 0.101968
v -0.065303 -0.129061 -0.025158
v 0.083511 0.274140 0.167461
v -0.014023 0.178588 0.115916
v -0.048062 -0.005439 0.029073
v -0.025061 0.126977 0.091173
v -0.091956 -0.445168 -0.200022
v -0.103763 -0.437366 -0.194658
v -0.032398 -0.276630 -0.100236
v -0.077981 -0.201579 -0.064708
v -0.082313 -0.224629 -0.077191
v -0.100967 -0.306574 -0.123630
v 0.000332 0.235547 0.144607
v 0.005996 0.250426 0.153213
v -0.044135 0.020090 0.039116
v -0.093587 -0.258529 -0.099024
v -0.057677 -0.054129 0.006910
v -0.065630 -0.090541 -0.011507
v 0.007428 0.267070 0.159726
v -0.041879 0.057284 0.055073
v -0.082294 -0.179194 -0.058829
v -0.074954 -0.150200 -0.041374
v -0.066328 -0.423483 -0.179313
v -0.010798 0.210901 0.128466
v -0.004709 -0.143806 -0.031262
v -0.030438 -0.257965 -0.087839
v 0.015899 -0.058378 0.007248
v 0.065281 0.170606 0.113237
v 0.068412 0.188033 0.121620
v 0.097945 0.360908 0.202817
v 0.096816 0.380695 0.219824
v 0.018899 -0.017762 0.027747
v 0.030478 0.016600 0.039223
v 0.035004 0.043092 0.053102
v -0.019063 -0.223039 -0.072435
v -0.013683 -0.194704 -0.058044
v 0.091687 0.311743 0.183002
v 0.048848 0.092542 0.074771
v 0.034079 0.296853 0.198428
v 0.043874 0.307207 0.207313
v 0.085446 0.267114 0.160513
v 0.077087 0.243254 0.150995
v 0.011729 -0.089861 -0.010424
v 0.098164 0.351415 0.196639
v 0.086597 0.416498 0.228777
v -0.056480 -0.383174 -0.151294
v -0.081546 -0.450426 -0.210794
v 0.001500 -0.131281 -0.028639
v -0.110935 -0.410589 -0.175978
v -0.051060 0.019941 0.033502
v -0.112120 -0.428454 -0.192846
v -0.116624 -0.421126 -0.191236
v -0.108907 -0.379012 -0.155425
v -0.099786 -0.272184 -0.109418
v -0.026320 0.165708 0.101364
v -0.064388 -0.055700 0.000899
v -0.058997 -0.017897 0.016503
v -0.034206 0.110818 0.078581
v -0.108031 -0.349131 -0.143447
v -0.108482 -0.307566 -0.131049
v -0.091052 -0.216787 -0.081865
v -0.074034 -0.102447 -0.023213
v 0.080040 0.425177 0.230760
v -0.103287 -0.447031 -0.210945
v -0.047498 0.056666 0.049780
v -0.022268 0.189164 0.111507
v -0.042592 0.095548 0.066118
v -0.098272 -0.212527 -0.088312
v -0.051220 0.080261 0.052385
v -0.082114 -0.135353 -0.043186
v -0.073498 -0.058530 -0.009710
v -0.092429 -0.452745 -0.215792
v -0.090433 -0.169115 -0.063736
v 0.010433 0.285134 0.169625
v -0.032010 0.149084 0.091135
v -0.011184 0.221552 0.130375
v -0.065312 -0.017731 0.010096
v -0.106222 -0.257412 -0.111689
v 0.074968 0.430913 0.230560
v 0.098575 0.372694 0.203838
v 0.043237 0.066964 0.061415
v 0.061757 0.147500 0.099342
v 0.091760 0.408901 0.223855
v 0.098787 0.343338 0.185890
v -0.042837 -0.336631 -0.137648
v -0.035898 -0.306780 -0.122351
v 0.028101 -0.013991 0.021839
v 0.088801 0.283267 0.167165
v 0.076577 0.215687 0.132238
v 0.097208 0.322383 0.176218
v 0.095438 0.311211 0.173788
v -0.017722 -0.232046 -0.080638
v 0.082892 0.243619 0.145254
v 0.059727 0.117857 0.080387
v -0.111831 -0.441879 -0.214938
v -0.105740 -0.451232 -0.226496
v -0.118484 -0.433566 -0.212245
v 0.098915 0.391219 0.206615
v 0.082059 0.425034 0.224857
v 0.019123 0.282967 0.185267
v 0.069770 0.437106 0.222010
v 0.074278 0.433574 0.222731
v -0.120593 -0.437367 -0.225126
v 0.019545 0.282581 0.193471
v 0.054502 0.208661 0.228664
v 0.055120 0.155685 0.234413
v 0.049030 0.179389 0.226036
v 0.047502 0.147026 0.227545
v 0.046270 0.244572 0.220153
v 0.045431 0.207960 0.220152
v 0.048178 0.108642 0.230105
v 0.055494 0.092957 0.239250
v 0.052627 0.279323 0.225756
v 0.049181 0.289257 0.218267
v 0.072617 0.327093 0.223424
v 0.064122 0.321150 0.215443
v 0.038394 0.277348 0.210422
v 0.078633 0.336750 0.227517
v 0.081374 0.343813 0.223876
v 0.086801 0.358729 0.229272
v 0.060155 0.122846 0.243933
v 0.058741 0.192520 0.236216
v 0.055664 0.261044 0.233354
v 0.060257 0.093876 0.246281
v 0.055137 0.066389 0.239199
v 0.061030 0.054700 0.247398
v 0.057924 0.029870 0.244655
v 0.062330 0.007939 0.251464
v 0.055773 -0.016311 0.243660
v 0.062905 -0.037951 0.252456
v 0.056381 -0.048583 0.245771
v 0.060589 -0.077574 0.252580
v 0.065191 -0.089028 0.258619
v 0.062191 -0.138043 0.257852
v 0.066382 -0.145633 0.262852
v 0.061429 -0.188835 0.260484
v 0.066659 -0.205841 0.267392
v 0.069837 -0.180591 0.269897
v 0.060721 -0.247790 0.265370
v 0.067724 -0.251876 0.272662
v 0.070011 -0.207393 0.272537
v 0.069194 -0.106795 0.265379
v 0.069683 -0.149679 0.268100
v 0.068584 -0.067378 0.262213
v 0.067934 -0.036873 0.260171
v 0.062809 -0.298767 0.273622
v 0.068053 -0.292098 0.278440
v 0.068447 -0.314385 0.281111
v 0.062161 -0.354651 0.277104
v 0.069506 -0.354941 0.287102
v 0.087022 0.365332 0.236063
v 0.070680 -0.271359 0.280589
v 0.060724 0.158343 0.243002
v 0.063350 -0.378346 0.285047
v 0.059980 -0.363117 0.276950
v 0.070126 -0.237666 0.275400
v 0.051324 -0.403125 0.279785
v 0.054154 -0.421907 0.288501
v 0.061401 -0.410609 0.293959
v 0.067821 -0.384157 0.294364
v 0.068142 0.002836 0.261711
v 0.068062 0.036875 0.261693
v 0.066888 0.069419 0.258503
v 0.062283 0.217845 0.242160
v 0.059642 0.296387 0.235633
v 0.066601 0.103388 0.258913
v 0.066041 0.132804 0.255963
v 0.073365 0.329758 0.235786
v 0.082733 0.350576 0.238894
v 0.086597 0.376176 0.242721
v 0.071645 -0.324848 0.289205
v 0.072382 -0.239481 0.282682
v 0.060914 0.253487 0.244845
v 0.065920 0.163442 0.255047
v 0.065005 0.197979 0.249917
v 0.088523 0.376862 0.238640
v 0.072510 -0.295864 0.290496
v 0.085046 0.413533 0.238380
v 0.072404 -0.202429 0.278601
v 0.071572 -0.146150 0.273394
v 0.067187 -0.405773 0.303952
v 0.062542 -0.425120 0.304210
v 0.071655 -0.363342 0.295910
v 0.073773 -0.351367 0.301077
v 0.054891 -0.441991 0.299317
v 0.065523 0.230123 0.255645
v 0.071152 -0.094201 0.272710
v 0.070041 -0.042741 0.268699
v 0.071347 -0.385563 0.306783
v 0.086010 0.392846 0.249873
v 0.086479 0.406142 0.243211
v 0.063587 0.292981 0.250399
v 0.068145 0.321213 0.249820
v 0.072916 0.335071 0.252487
v 0.079902 0.363264 0.254714
v 0.074968 0.430913 0.230560
v 0.069331 0.106557 0.273839
v 0.070430 0.051100 0.274632
v 0.068060 0.161656 0.269744
v 0.068817 0.127833 0.271586
v 0.073155 -0.241326 0.287303
v 0.064458 -0.427997 0.313055
v 0.073436 0.430563 0.237504
v 0.069938 -0.402996 0.316190
v 0.055147 -0.453581 0.310240
v 0.048513 -0.456024 0.298960
v 0.063043 -0.437824 0.324902
v 0.054250 -0.460710 0.320773
v 0.045295 -0.448483 0.289645
v 0.044548 -0.470328 0.307033
v 0.044303 -0.477205 0.319568
v 0.084291 0.415872 0.236918
v 0.089382 0.395392 0.241337
v 0.044440 -0.478647 0.330506
v 0.052482 -0.464882 0.332905
v 0.038580 -0.467205 0.295438
v 0.038091 -0.478988 0.309104
v 0.033339 -0.490463 0.329228
v 0.035372 -0.488343 0.339118
v 0.069586 -0.003392 0.291391
v 0.066411 -0.036850 0.304690
v 0.070052 -0.039147 0.293258
v 0.065530 0.030398 0.302662
v 0.069247 0.050344 0.290776
v 0.071059 -0.070894 0.295389
v 0.071639 -0.104647 0.299029
v 0.066938 -0.091566 0.310664
v 0.070043 -0.125988 0.306264
v 0.065092 0.090072 0.298988
v 0.068277 0.095441 0.288170
v 0.067742 0.136814 0.284431
v 0.063881 0.164269 0.292455
v 0.066392 0.173462 0.284179
v 0.072746 -0.151965 0.299528
v 0.068493 -0.158156 0.313813
v 0.072903 -0.197341 0.303958
v 0.072458 -0.217613 0.308356
v 0.068278 -0.204958 0.318993
v 0.072334 -0.253212 0.310850
v 0.068767 -0.253401 0.320620
v 0.072115 -0.290277 0.314503
v 0.070139 -0.308546 0.322723
v 0.073663 -0.325987 0.312441
v 0.060611 0.189958 0.296135
v 0.063630 0.224261 0.283023
v 0.066501 0.202266 0.277485
v 0.061547 0.117990 0.303587
v 0.072750 -0.342774 0.321150
v 0.070508 -0.349510 0.329740
v 0.070961 -0.378541 0.329426
v 0.067216 -0.382528 0.338707
v 0.065863 -0.409721 0.338831
v 0.058990 0.238598 0.290349
v 0.062882 0.263088 0.273306
v 0.063843 0.246956 0.271851
v 0.074114 -0.358849 0.314277
v 0.065767 0.232221 0.268243
v 0.070828 -0.392484 0.325329
v 0.073901 -0.310505 0.305191
v 0.074043 -0.252042 0.298325
v 0.073788 -0.276830 0.301936
v 0.067734 0.182798 0.271773
v 0.067051 0.212835 0.263963
v 0.074074 -0.194625 0.291711
v 0.071879 -0.059751 0.280413
v 0.063120 0.260678 0.257747
v 0.064976 0.284771 0.263585
v 0.072925 -0.104551 0.284920
v 0.073567 -0.148609 0.285001
v 0.070646 0.023195 0.277955
v 0.070861 -0.015975 0.276964
v 0.073215 -0.375099 0.313463
v 0.067607 -0.414938 0.327423
v 0.062890 -0.431399 0.338492
v 0.062998 0.277709 0.279561
v 0.066613 0.307548 0.261660
v 0.066397 0.307136 0.270465
v 0.067838 0.326305 0.265926
v 0.071592 0.368467 0.277946
v 0.076004 0.374838 0.271820
v 0.068540 0.389187 0.289503
v 0.077302 0.411206 0.271548
v 0.082458 0.393493 0.263608
v 0.079238 0.416971 0.252038
v 0.064968 0.435625 0.254781
v 0.068795 0.427562 0.268489
v 0.064641 0.438234 0.238923
v 0.069641 0.413543 0.284209
v 0.066966 0.438849 0.222877
v 0.069770 0.437106 0.222010
v 0.059382 -0.435554 0.347543
v 0.057872 -0.450322 0.338388
v 0.059477 0.435650 0.270586
v 0.064907 -0.275998 0.330692
v 0.064549 -0.243728 0.328346
v 0.062475 -0.039132 0.313168
v 0.062105 0.029676 0.309688
v 0.064540 0.362433 0.287013
v 0.065530 -0.306710 0.331849
v 0.063669 -0.131654 0.321005
v 0.064069 -0.190008 0.325808
v 0.060254 -0.406518 0.350435
v 0.066669 -0.351006 0.337470
v 0.054101 -0.435299 0.357779
v 0.060671 0.408804 0.294560
v 0.061957 -0.066078 0.317010
v 0.057459 -0.022878 0.320413
v 0.055848 0.215640 0.299971
v 0.050612 -0.453721 0.354906
v 0.057352 0.428390 0.283937
v 0.053256 0.249202 0.296892
v 0.051924 0.240875 0.300276
v 0.056627 0.106936 0.312389
v 0.058009 0.043353 0.315433
v 0.063583 -0.362762 0.343177
v 0.055385 0.157489 0.308499
v 0.065565 0.326798 0.277070
v 0.064234 0.309102 0.280484
v 0.058996 -0.077987 0.322815
v 0.054509 0.372258 0.300283
v 0.060002 -0.126916 0.326012
v 0.047298 -0.467236 0.349511
v 0.055935 0.010491 0.319436
v 0.061158 0.289325 0.287259
v 0.055613 -0.296112 0.344601
v 0.057020 -0.259674 0.340655
v 0.056189 -0.222870 0.338781
v 0.052145 0.388266 0.302903
v 0.056968 -0.193206 0.336113
v 0.055650 -0.148728 0.333574
v 0.055912 0.269301 0.293333
v 0.046975 -0.427073 0.367919
v 0.056524 -0.393079 0.354131
v 0.055085 -0.051525 0.324344
v 0.054760 0.360420 0.298058
v 0.044869 -0.448016 0.366641
v 0.056147 -0.320082 0.345906
v 0.053612 0.445018 0.243723
v 0.050331 0.445178 0.256946
v 0.055465 -0.106979 0.329297
v 0.052725 0.196716 0.306149
v 0.058488 -0.359204 0.348488
v 0.047924 0.406348 0.302124
v 0.038598 -0.469008 0.363136
v 0.048511 0.418294 0.296709
v 0.059524 0.442513 0.231228
v 0.042143 -0.479492 0.342818
v 0.051174 0.439630 0.271712
v 0.039230 -0.454087 0.370548
v 0.048095 -0.405089 0.364015
v 0.036160 -0.440871 0.376574
v 0.044009 0.238990 0.308176
v 0.045398 0.042791 0.327062
v 0.054842 0.073576 0.316149
v 0.044796 0.081574 0.324592
v 0.044165 0.122053 0.322322
v 0.045578 -0.001089 0.329468
v 0.046348 -0.054275 0.332257
v 0.047510 -0.266007 0.349830
v 0.046574 -0.238376 0.348400
v 0.047261 -0.200903 0.345046
v 0.047124 -0.152953 0.341234
v 0.046467 -0.103359 0.336530
v 0.043658 0.176920 0.316708
v 0.056671 0.325114 0.293676
v 0.047384 -0.379717 0.359843
v 0.060818 0.337305 0.288541
v 0.047432 -0.300940 0.351918
v 0.047976 -0.331350 0.353560
v 0.036914 -0.417500 0.375349
v 0.048241 0.430848 0.287015
v 0.047680 0.438417 0.276441
v 0.041279 0.371344 0.306877
v 0.031127 -0.431904 0.380651
v 0.043464 0.391062 0.307014
v 0.034214 -0.485254 0.351866
v 0.031039 -0.456236 0.376903
v 0.048651 -0.355607 0.355483
v 0.042007 -0.394763 0.366478
v 0.045755 0.267129 0.303360
v 0.026182 -0.469645 0.374916
v 0.041877 0.359416 0.305780
v 0.055680 0.307622 0.295096
v 0.052826 0.290980 0.298090
v 0.027969 -0.482460 0.364503
v 0.044946 0.349897 0.304503
v 0.064317 0.441304 0.212286
v 0.023837 -0.491818 0.357321
v 0.017519 -0.485281 0.370438
v 0.015600 -0.495411 0.360520
v 0.072617 0.327093 0.223424
v 0.064122 0.321150 0.215443
v 0.077449 0.338231 0.221027
v 0.081374 0.343813 0.223876
v 0.065740 0.322391 0.213526
v 0.060133 0.319274 0.212921
v -0.095994 -0.448464 -0.296202
v -0.083390 -0.451826 -0.287880
v -0.096872 -0.452899 -0.281240
v -0.094292 -0.456962 -0.262867
v -0.081310 -0.456735 -0.260596
v -0.094089 -0.457918 -0.247474
v -0.082952 -0.457294 -0.246773
v -0.084198 -0.442801 -0.310422
v -0.096639 -0.441438 -0.312355
v -0.099953 -0.455185 -0.264159
v -0.069903 -0.449650 -0.278965
v -0.070744 -0.446439 -0.293012
v -0.070327 -0.439585 -0.307629
v -0.093604 -0.456707 -0.233358
v -0.068893 -0.451372 -0.261004
v -0.081759 -0.454757 -0.226608
v -0.072238 -0.452138 -0.236630
v -0.092429 -0.452745 -0.215792
v -0.081546 -0.450426 -0.210794
v -0.070754 -0.447215 -0.216596
v -0.062483 -0.447125 -0.257916
v -0.060300 -0.443236 -0.278014
v -0.061201 -0.439727 -0.293661
v -0.054724 -0.440232 -0.243483
v -0.051142 -0.437616 -0.262536
v -0.049927 -0.434220 -0.277790
v -0.051665 -0.431655 -0.292721
v -0.072452 -0.433393 -0.318662
v -0.057022 -0.427989 -0.309165
v -0.053085 -0.434470 -0.223353
v -0.069549 -0.442134 -0.205156
v -0.059353 -0.433075 -0.204333
v -0.044540 -0.428437 -0.240479
v -0.039086 -0.422673 -0.257595
v -0.038992 -0.420699 -0.274242
v -0.039915 -0.416684 -0.290700
v -0.068275 -0.435841 -0.194892
v -0.046532 -0.417399 -0.304864
v -0.051147 -0.421512 -0.200005
v -0.043428 -0.418001 -0.215420
v -0.058426 -0.422478 -0.187887
v -0.079611 -0.439105 -0.191407
v -0.066328 -0.423483 -0.179313
v -0.050931 -0.410611 -0.184157
v -0.057840 -0.409504 -0.172321
v -0.065353 -0.408708 -0.163546
v -0.053683 -0.396246 -0.164147
v -0.064257 -0.395487 -0.152663
v -0.056480 -0.383174 -0.151294
v -0.091956 -0.445168 -0.200022
v -0.071721 -0.427152 -0.324284
v -0.085297 -0.432160 -0.325461
v -0.058512 -0.412786 -0.323361
v -0.055598 -0.423214 -0.312047
v -0.097875 -0.433306 -0.325332
v -0.105740 -0.451232 -0.226496
v -0.105649 -0.453926 -0.245655
v -0.109171 -0.433978 -0.319936
v -0.108092 -0.441806 -0.302580
v -0.107974 -0.446723 -0.285662
v -0.106201 -0.452429 -0.260751
v 0.040632 0.453178 0.219065
v 0.045538 0.449816 0.235279
v 0.048880 0.449297 0.215065
v 0.052973 0.446374 0.230350
v 0.034948 0.453585 0.236497
v 0.042769 0.449640 0.247204
v 0.033374 0.451336 0.249106
v 0.044110 0.451154 0.201554
v 0.058403 0.444197 0.218569
v 0.053612 0.445018 0.243723
v 0.054638 0.446115 0.205264
v 0.047525 0.449091 0.198533
v 0.042949 0.446187 0.261176
v 0.033642 0.448019 0.258892
v 0.050331 0.445178 0.256946
v 0.059524 0.442513 0.231228
v 0.026145 0.456654 0.226906
v 0.023172 0.454473 0.240234
v 0.030203 0.457181 0.214121
v 0.017111 0.450552 0.252131
v 0.024184 0.445801 0.264078
v 0.036338 0.443462 0.269469
v 0.010614 0.454339 0.240958
v 0.013288 0.446008 0.261250
v 0.013912 0.458425 0.224864
v 0.047680 0.438417 0.276441
v 0.026260 0.439203 0.279012
v 0.001137 0.447812 0.250626
v 0.015674 0.441909 0.270783
v -0.000936 0.453600 0.236245
v 0.052957 0.446300 0.197938
v 0.048493 0.447547 0.191598
v 0.056429 0.442354 0.183981
v 0.063434 0.437452 0.175521
v 0.067670 0.438070 0.187347
v 0.062095 0.442217 0.201820
v 0.070392 0.434802 0.176968
v 0.067850 0.432408 0.163706
v 0.058240 0.436336 0.163028
v 0.074141 0.430687 0.168028
v 0.077175 0.432701 0.182213
v 0.073186 0.436630 0.198400
v 0.065857 0.428949 0.150663
v 0.049482 0.443167 0.174566
v 0.072702 0.424075 0.147012
v 0.057775 0.431175 0.148493
v 0.049835 0.437774 0.158546
v 0.078163 0.423744 0.154056
v 0.079235 0.427037 0.165343
v 0.080966 0.431428 0.190212
v 0.063316 0.425953 0.141622
v 0.082632 0.428017 0.176256
v 0.071205 0.420470 0.138359
v 0.080697 0.431718 0.200230
v 0.070160 0.438055 0.212699
v 0.085373 0.420916 0.160701
v 0.080332 0.416391 0.142678
v 0.076110 0.434512 0.209110
v 0.051174 0.439630 0.271712
v 0.086471 0.413546 0.148623
v 0.088932 0.421180 0.170538
v 0.064317 0.441304 0.212286
v 0.088136 0.425147 0.186218
v 0.076438 0.415047 0.135639
v 0.094987 0.402821 0.155124
v 0.086601 0.405868 0.139109
v 0.093811 0.398107 0.146889
v 0.096746 0.407060 0.167186
v 0.084880 0.427512 0.204352
v 0.066966 0.438849 0.222877
v 0.079524 0.430188 0.217373
v 0.038428 0.435138 0.285197
v 0.094752 0.416211 0.188017
v 0.093510 0.388487 0.136509
v 0.074278 0.433574 0.222731
v 0.048241 0.430848 0.287015
v 0.093900 0.414593 0.203757
v 0.086347 0.423678 0.213251
v 0.069770 0.437106 0.222010
v 0.049249 0.433157 0.147690
v 0.082059 0.425034 0.224857
v 0.041012 0.451977 0.196383
v 0.091760 0.408901 0.223855
v 0.086597 0.416498 0.228777
v 0.002547 0.443285 0.259985
v 0.030399 0.457347 0.203567
v 0.013334 0.460476 0.212601
v 0.004880 0.438735 0.269963
v -0.001561 0.458661 0.220144
v 0.004136 -0.498151 0.314568
v 0.004233 -0.503782 0.332867
v -0.007153 -0.502955 0.331160
v -0.007333 -0.497480 0.315079
v -0.016960 -0.498181 0.322824
v -0.020106 -0.499939 0.333452
v -0.018918 -0.491398 0.310681
v -0.007209 -0.488680 0.301378
v 0.003394 -0.488580 0.299553
v 0.015008 -0.489085 0.302098
v 0.015707 -0.497736 0.318215
v -0.007336 -0.478720 0.291199
v -0.017177 -0.481497 0.297629
v 0.004357 -0.474907 0.286200
v 0.014368 -0.476790 0.288507
v 0.021852 -0.494563 0.316079
v 0.024905 -0.476909 0.293047
v 0.028930 -0.484008 0.304206
v 0.020997 -0.498884 0.329850
v -0.006677 -0.503984 0.344099
v -0.018017 -0.501164 0.343953
v 0.015552 -0.501586 0.339314
v -0.030557 -0.489887 0.321449
v -0.031454 -0.481625 0.309774
v 0.005160 -0.502669 0.351295
v -0.031815 -0.492320 0.334560
v -0.030133 -0.473645 0.300540
v 0.032412 -0.488985 0.318653
v -0.026667 -0.495947 0.347246
v -0.017424 -0.498681 0.356161
v -0.007009 -0.500178 0.358969
v 0.033339 -0.490463 0.329228
v 0.026579 -0.495690 0.340286
v 0.019617 -0.498405 0.348581
v 0.038091 -0.478988 0.309104
v 0.038580 -0.467205 0.295438
v 0.044548 -0.470328 0.307033
v 0.044303 -0.477205 0.319568
v 0.035372 -0.488343 0.339118
v 0.015600 -0.495411 0.360520
v 0.003090 -0.495351 0.366459
v 0.023837 -0.491818 0.357321
v 0.034214 -0.485254 0.351866
v -0.017138 -0.492908 0.365605
v -0.006828 -0.489276 0.372605
v 0.027530 0.405697 -0.330863
v 0.026694 0.404836 -0.338542
v 0.016172 0.409198 -0.328912
v 0.015808 0.405781 -0.344665
v 0.026257 0.401397 -0.348168
v 0.017905 0.399113 -0.356625
v 0.006364 0.407096 -0.337875
v 0.005878 0.400803 -0.352611
v 0.005920 0.392031 -0.364470
v 0.016356 0.388640 -0.368503
v 0.031148 0.392776 -0.357771
v 0.028784 0.386263 -0.366390
v 0.041654 0.394262 -0.343887
v 0.041921 0.384883 -0.358820
v 0.054511 0.382182 -0.348446
v 0.038410 0.399331 -0.331365
v 0.042118 0.375064 -0.368584
v 0.059830 0.370872 -0.357377
v 0.071229 0.365003 -0.347583
v 0.077589 0.359591 -0.339160
v 0.060373 0.382243 -0.334628
v 0.082974 0.343115 -0.341124
v 0.082181 0.350043 -0.335854
v 0.082344 0.352035 -0.328684
v 0.051121 0.389757 -0.322350
v 0.035447 0.400751 -0.320971
v 0.072012 0.355519 -0.356197
v 0.085465 0.336948 -0.330476
v 0.084972 0.335581 -0.336198
v 0.026392 0.405311 -0.318791
v 0.059564 0.363232 -0.364675
v 0.079148 0.343387 -0.351617
v 0.080740 0.354422 -0.320488
v 0.041977 0.393464 -0.312355
v 0.085132 0.337973 -0.322562
v 0.026727 0.402416 -0.310035
v 0.028455 0.376589 -0.374555
v 0.041471 0.365944 -0.375560
v 0.015540 0.408129 -0.316873
v 0.083605 0.328801 -0.344821
v 0.062944 0.347683 -0.369785
v 0.084942 0.324725 -0.338308
v 0.078084 0.331174 -0.356914
v 0.039487 0.351966 -0.382356
v 0.028744 0.359945 -0.383778
v 0.014566 0.379161 -0.376025
v 0.046158 0.340128 -0.380955
v 0.066933 0.369113 -0.307957
v 0.039588 0.389289 -0.301744
v 0.017017 0.404089 -0.306176
v 0.026552 0.395420 -0.297935
v 0.006108 0.407565 -0.319272
v 0.007325 0.404443 -0.307221
v -0.066381 -0.250573 -0.226511
v -0.053712 -0.253219 -0.230758
v -0.066035 -0.247422 -0.233565
v -0.052761 -0.255563 -0.226080
v -0.042666 -0.260320 -0.233766
v -0.044062 -0.263183 -0.226656
v -0.053209 -0.247144 -0.236749
v -0.042814 -0.254635 -0.238358
v -0.064764 -0.237791 -0.241462
v -0.036363 -0.266426 -0.236730
v -0.033336 -0.256452 -0.245959
v -0.035530 -0.274537 -0.227628
v -0.042516 -0.243997 -0.243162
v -0.053880 -0.238078 -0.241316
v -0.030249 -0.248551 -0.251004
v -0.025781 -0.269274 -0.249443
v -0.028983 -0.278192 -0.239281
v -0.020619 -0.259225 -0.260377
v -0.024539 -0.290476 -0.240317
v -0.030856 -0.237696 -0.252302
v -0.041235 -0.231205 -0.246819
v -0.028615 -0.213299 -0.256406
v -0.039358 -0.210670 -0.251437
v -0.028266 -0.202245 -0.257527
v -0.017268 -0.176989 -0.266364
v -0.028687 -0.186676 -0.258431
v -0.038382 -0.184976 -0.255135
v -0.025885 -0.151310 -0.261029
v -0.016380 -0.151156 -0.266614
v -0.014587 -0.122529 -0.267386
v -0.024952 -0.115544 -0.262411
v -0.009157 -0.088440 -0.269690
v -0.023483 -0.087880 -0.263256
v -0.008554 -0.041356 -0.268440
v 0.004226 -0.043947 -0.276806
v 0.003615 -0.024592 -0.274927
v 0.000719 -0.001989 -0.272851
v -0.010097 -0.002442 -0.268072
v 0.005022 0.038809 -0.274775
v 0.008051 0.019565 -0.277086
v -0.010223 0.031037 -0.268359
v 0.001336 0.068214 -0.271575
v 0.010128 0.075532 -0.275751
v 0.014588 0.041227 -0.281061
v 0.005392 0.115267 -0.270688
v 0.019370 0.098530 -0.280561
v 0.020218 0.135759 -0.278178
v 0.014766 0.141957 -0.274871
v 0.022548 0.181939 -0.277921
v 0.015275 0.192431 -0.273962
v 0.021163 0.239224 -0.275160
v 0.029301 0.211389 -0.281499
v 0.037090 0.241709 -0.284116
v 0.039451 0.264239 -0.281617
v 0.018375 0.271798 -0.272696
v 0.034884 0.196341 -0.287115
v 0.003319 0.140740 -0.269821
v 0.003397 0.175701 -0.269402
v 0.019979 0.074319 -0.283557
v -0.006837 -0.139738 -0.274733
v -0.000452 -0.084587 -0.276560
v -0.000570 -0.114969 -0.279618
v 0.048015 0.251638 -0.291430
v -0.011757 -0.163981 -0.271345
v -0.016766 -0.214744 -0.267823
v -0.021561 -0.224270 -0.262447
v 0.015475 -0.000970 -0.285753
v 0.029746 0.119537 -0.288296
v 0.053899 0.274934 -0.287134
v 0.037478 0.276268 -0.278046
v 0.047151 0.236207 -0.295429
v 0.036084 0.163253 -0.291402
v 0.057593 0.266439 -0.295258
v -0.018043 -0.241646 -0.266095
v 0.012178 -0.033281 -0.284949
v 0.027295 0.083211 -0.290592
v 0.056369 0.254975 -0.301646
v 0.021334 0.050717 -0.287241
v 0.063624 0.307228 -0.282945
v 0.067393 0.286191 -0.295402
v 0.042409 0.303174 -0.273342
v 0.039728 0.321963 -0.270536
v 0.070696 0.325952 -0.288074
v 0.080208 0.318281 -0.303824
v 0.081507 0.333516 -0.306386
v 0.077303 0.337506 -0.298979
v 0.051593 0.336740 -0.276153
v 0.083748 0.321373 -0.314517
v 0.055589 0.349252 -0.281916
v 0.074179 0.298975 -0.298977
v 0.020211 0.294927 -0.269504
v 0.084800 0.331763 -0.317453
v 0.037132 0.345007 -0.271673
v 0.004825 0.212273 -0.269717
v -0.009975 0.059876 -0.267613
v 0.004439 0.263883 -0.269215
v 0.004538 0.286423 -0.268113
v 0.033130 0.363966 -0.276134
v 0.080809 0.305879 -0.313568
v 0.021006 0.319399 -0.267027
v 0.021628 0.337334 -0.267266
v -0.009796 0.106840 -0.266816
v -0.023679 -0.051939 -0.263904
v -0.023857 -0.004736 -0.265303
v 0.061306 0.358698 -0.291388
v 0.006485 -0.077733 -0.283868
v -0.006886 -0.188793 -0.279433
v 0.070569 0.281653 -0.306326
v 0.035465 0.131766 -0.293986
v 0.064702 0.267537 -0.308377
v 0.021522 0.021768 -0.292253
v 0.076297 0.350891 -0.304431
v 0.034651 0.374336 -0.282790
v -0.037939 -0.145357 -0.258606
v 0.021292 0.354254 -0.269742
v -0.018886 -0.272536 -0.260676
v 0.082653 0.343615 -0.314268
v -0.011248 0.159668 -0.267140
v 0.000273 -0.142698 -0.284319
v -0.001710 -0.170059 -0.285763
v 0.042052 0.183096 -0.297069
v 0.032097 0.100896 -0.294475
v 0.084639 0.320189 -0.320321
v 0.007761 0.316919 -0.266276
v 0.083020 0.310010 -0.320958
v -0.010065 -0.219635 -0.277869
v 0.050541 0.229216 -0.303726
v -0.038635 -0.122359 -0.260000
v -0.037865 -0.076717 -0.261941
v -0.010742 0.213101 -0.268058
v -0.025697 0.035653 -0.265750
v 0.019552 0.374013 -0.276337
v -0.026183 0.069998 -0.266232
v -0.007932 0.270683 -0.268169
v 0.008743 0.348409 -0.268407
v -0.036249 -0.015063 -0.264562
v 0.048372 0.376236 -0.294887
v 0.074153 0.285968 -0.313718
v 0.080260 0.299287 -0.322587
v 0.006489 -0.103331 -0.288569
v 0.004525 -0.135260 -0.291391
v 0.054155 0.240038 -0.309128
v 0.060869 0.257091 -0.313381
v 0.027651 0.056991 -0.296272
v 0.029173 0.385830 -0.288677
v 0.019409 0.386724 -0.284844
v 0.085132 0.337973 -0.322562
v 0.009278 0.370361 -0.274561
v 0.078744 0.355101 -0.313972
v 0.066933 0.369113 -0.307957
v 0.039588 0.389289 -0.301744
v 0.026552 0.395420 -0.297935
v 0.018295 0.395828 -0.293850
v 0.080740 0.354422 -0.320488
v 0.017017 0.404089 -0.306176
v 0.028105 0.293411 0.199301
v 0.028424 0.290638 0.202373
v 0.021931 0.284174 0.199472
v 0.035830 0.298205 0.204919
v 0.035559 0.299276 0.202139
v 0.019545 0.282581 0.193471
v 0.043874 0.307207 0.207313
v 0.016027 0.276710 0.197575
v 0.034079 0.296853 0.198428
v 0.022756 0.281683 0.181014
v 0.030814 0.290643 0.188256
v 0.046369 0.307120 0.205358
v 0.060133 0.319274 0.212921
v 0.047543 0.308017 0.209339
v -0.021337 -0.186933 0.272433
v -0.021749 -0.189879 0.267889
v -0.018248 -0.193428 0.268693
v -0.023499 -0.185434 0.273896
v -0.024716 -0.181233 0.269191
v -0.026111 -0.176777 0.276281
v -0.026934 -0.177754 0.274801
v -0.026752 -0.183264 0.280260
v -0.017636 -0.174164 0.262332
v -0.025287 -0.192782 0.277443
v -0.021045 -0.207177 0.275421
v -0.014530 -0.211579 0.269609
v -0.014259 -0.242778 0.273535
v -0.020135 -0.229112 0.278393
v -0.012980 -0.290454 0.279219
v -0.019815 -0.274661 0.285745
v -0.017137 -0.304485 0.285186
v -0.014341 -0.326637 0.282791
v -0.020945 -0.305296 0.290662
v -0.021781 -0.349929 0.290633
v -0.014003 -0.358531 0.281675
v -0.027211 -0.200525 0.284486
v -0.024418 -0.229674 0.286221
v -0.024356 -0.313203 0.296930
v -0.026749 -0.336869 0.300574
v -0.029207 -0.349955 0.305340
v -0.024673 -0.271787 0.296180
v -0.030618 -0.187824 0.286542
v -0.025510 -0.246926 0.293195
v -0.025752 -0.297221 0.301624
v -0.032564 -0.375939 0.303668
v -0.029505 -0.380875 0.295942
v -0.023777 -0.379907 0.288951
v -0.027461 -0.316237 0.306930
v -0.028298 -0.213369 0.298453
v -0.029270 -0.198874 0.292759
v -0.038048 -0.399282 0.301795
v -0.037392 -0.418955 0.294669
v -0.046800 -0.422586 0.308641
v -0.041588 -0.433540 0.298250
v -0.047996 -0.439403 0.309376
v -0.039701 -0.448819 0.297710
v -0.051372 -0.433375 0.321354
v -0.041156 -0.461743 0.305186
v -0.046648 -0.459900 0.315498
v -0.050012 -0.449198 0.318940
v -0.045812 -0.409913 0.313710
v -0.031212 -0.436392 0.287576
v -0.036656 -0.382667 0.310824
v -0.032807 -0.365147 0.312053
v -0.026558 -0.280392 0.308952
v -0.048621 -0.413189 0.324307
v -0.026681 -0.254936 0.305569
v -0.027262 -0.234561 0.303199
v -0.029484 -0.345376 0.312236
v -0.052136 -0.442364 0.332191
v -0.049541 -0.459568 0.328210
v -0.051355 -0.426055 0.334100
v -0.017254 -0.385524 0.281843
v -0.029705 -0.417193 0.287294
v -0.041472 -0.471410 0.314021
v -0.030743 -0.452768 0.290110
v -0.005158 -0.290899 0.272368
v -0.005589 -0.266306 0.269250
v -0.030868 -0.462854 0.294366
v -0.006406 -0.240853 0.266792
v -0.007054 -0.213372 0.263989
v -0.003889 -0.320853 0.273952
v -0.004288 -0.342685 0.274813
v -0.005008 -0.376632 0.274534
v -0.019118 -0.420678 0.279215
v -0.013704 -0.185401 0.263998
v -0.030133 -0.473645 0.300540
v -0.042246 -0.477648 0.325903
v -0.031454 -0.481625 0.309774
v -0.030557 -0.489887 0.321449
v -0.031815 -0.492320 0.334560
v -0.040680 -0.482011 0.336867
v -0.029666 -0.179593 0.280941
v -0.018189 -0.018321 0.329577
v -0.026636 -0.019667 0.311958
v -0.018058 -0.052145 0.330975
v -0.022475 0.033663 0.319461
v -0.024849 -0.050468 0.316337
v -0.022675 -0.078422 0.322379
v -0.018196 0.013312 0.328236
v -0.027584 0.059567 0.307514
v -0.017536 -0.082856 0.332057
v -0.020170 -0.109113 0.325683
v -0.017051 -0.110951 0.332586
v -0.018900 -0.132690 0.329178
v -0.015470 -0.122477 0.336874
v -0.018113 0.032300 0.327241
v -0.023011 0.062750 0.315886
v -0.023034 0.101123 0.313581
v -0.027605 0.107062 0.304736
v -0.024267 0.131979 0.309588
v -0.014818 -0.096278 0.334967
v -0.017791 0.055451 0.325137
v -0.018093 0.087613 0.321648
v -0.028031 0.178438 0.302255
v -0.030291 0.131865 0.298346
v -0.029558 0.215975 0.297867
v -0.032620 0.180145 0.292292
v -0.023313 0.199922 0.308809
v -0.024378 0.233920 0.304760
v -0.029395 0.242602 0.293645
v -0.032799 0.222770 0.289661
v -0.031635 0.089490 0.293611
v -0.034007 0.139857 0.288479
v -0.015859 -0.157017 0.340098
v -0.031831 0.036297 0.296464
v -0.030029 0.006531 0.302080
v -0.035100 0.243997 0.279007
v -0.036733 0.209363 0.278240
v -0.037617 0.172068 0.275676
v -0.019092 -0.163926 0.330771
v -0.017348 -0.177360 0.337132
v -0.014847 -0.188723 0.343340
v -0.018631 -0.211839 0.335455
v -0.015673 -0.214118 0.343994
v -0.024406 -0.277586 0.322767
v -0.019096 -0.292077 0.337644
v -0.025458 -0.311527 0.321177
v -0.025297 -0.342609 0.325022
v -0.019545 -0.342947 0.336293
v -0.012664 -0.309731 0.349535
v -0.014690 -0.267581 0.345543
v -0.014296 -0.230945 0.346608
v -0.019710 -0.357148 0.338495
v -0.034044 0.263530 0.276872
v -0.023845 -0.093507 0.316315
v -0.021059 -0.130796 0.319174
v -0.026114 -0.066223 0.311119
v -0.029397 -0.014545 0.301600
v -0.027309 -0.041551 0.307833
v -0.032410 -0.042359 0.295789
v -0.032031 -0.091493 0.303400
v -0.027007 -0.117716 0.312687
v -0.031702 0.007286 0.293256
v -0.034109 -0.092091 0.296885
v -0.032126 -0.128725 0.303702
v -0.012078 -0.346319 0.348243
v -0.034971 -0.138112 0.292954
v -0.033129 -0.163988 0.295949
v -0.030445 -0.162285 0.304089
v -0.027354 -0.166995 0.309253
v -0.030103 -0.189415 0.297425
v -0.026228 -0.192869 0.308482
v -0.025998 -0.220239 0.307574
v -0.022141 -0.216640 0.317002
v -0.019720 -0.183442 0.321056
v -0.022257 -0.241403 0.325714
v -0.018996 -0.194592 0.330430
v -0.037880 0.255869 0.265141
v -0.039661 0.238651 0.260338
v -0.038633 0.138559 0.269888
v -0.034082 0.102668 0.284710
v -0.038910 0.109165 0.264112
v -0.035298 0.081887 0.277632
v -0.033642 0.066220 0.286092
v -0.041251 0.181570 0.256676
v -0.034494 -0.054329 0.288327
v -0.034276 -0.026633 0.283231
v -0.033260 0.009145 0.286099
v -0.032409 0.045514 0.288995
v -0.020262 -0.151491 0.318549
v -0.035357 -0.082060 0.288776
v -0.034904 0.285935 0.264076
v -0.027048 -0.311688 0.312818
v -0.031730 0.273952 0.280565
v -0.026539 0.261327 0.294710
v -0.032730 0.299095 0.266098
v -0.032268 0.314525 0.256774
v -0.028933 0.316779 0.271622
v -0.028054 0.332347 0.266634
v -0.030696 0.338049 0.256041
v -0.027574 0.349493 0.270384
v -0.029814 0.377020 0.281642
v -0.035222 0.386261 0.267576
v -0.028620 0.404804 0.275871
v -0.034781 0.405772 0.263225
v -0.020223 0.386107 0.293875
v -0.029172 0.420782 0.260749
v -0.024203 0.414616 0.274626
v -0.035711 0.415344 0.252513
v -0.017867 0.402065 0.290382
v -0.020787 0.366503 0.293309
v -0.030241 0.300414 0.275914
v -0.039625 0.388910 0.253099
v -0.032314 0.339278 0.244442
v -0.040459 0.133357 0.256514
v -0.041241 0.159060 0.249367
v -0.034077 0.058629 0.273710
v -0.030141 -0.363802 0.322533
v -0.041660 0.199364 0.248684
v -0.041629 0.184483 0.242803
v -0.020157 0.339734 0.287819
v -0.033637 0.424819 0.244868
v -0.020820 0.326612 0.287636
v -0.023649 0.428636 0.259005
v -0.017775 0.421660 0.275167
v -0.017550 0.120892 0.319362
v -0.024007 -0.364038 0.334597
v -0.020198 -0.372150 0.345050
v -0.008827 -0.358711 0.353088
v -0.010681 0.364192 0.300996
v -0.011550 -0.261493 0.349387
v -0.011497 -0.296803 0.350679
v -0.017857 0.138606 0.316851
v -0.025488 0.434539 0.245469
v -0.021182 0.246645 0.305294
v -0.037732 -0.383860 0.321774
v -0.035394 -0.384123 0.330308
v -0.030896 -0.381562 0.336843
v -0.005332 -0.333244 0.355457
v -0.019555 0.176809 0.313996
v -0.042038 -0.394917 0.322420
v -0.008087 0.387639 0.301221
v -0.009693 0.411810 0.290663
v -0.024769 0.302111 0.287928
v -0.008855 0.401370 0.297001
v -0.020965 0.222470 0.309571
v -0.015935 0.327984 0.295857
v -0.011436 -0.370327 0.354574
v -0.024521 0.288761 0.291132
v -0.019725 0.265620 0.301720
v -0.018708 0.306295 0.296023
v -0.029409 -0.180973 0.284289
v -0.045511 -0.407148 0.336812
v -0.049712 -0.427424 0.344859
v -0.051217 -0.446366 0.342110
v -0.046467 -0.432263 0.356010
v -0.047490 -0.450963 0.353255
v -0.042855 -0.453904 0.362001
v -0.041998 -0.437350 0.364831
v -0.046814 -0.464381 0.347573
v -0.043309 -0.411151 0.350121
v -0.040994 -0.417344 0.359594
v -0.040393 -0.470288 0.359552
v -0.037513 -0.445724 0.370500
v -0.046967 -0.469207 0.337848
v -0.035140 -0.425342 0.370904
v -0.035202 -0.465720 0.369121
v -0.040067 -0.478959 0.351264
v -0.030989 -0.456293 0.375623
v -0.034580 -0.403901 0.358047
v -0.029231 -0.432342 0.377447
v -0.017711 0.433889 0.257999
v -0.030153 -0.407487 0.367047
v -0.025160 -0.386153 0.351214
v -0.008970 0.424646 0.279565
v -0.028459 -0.480728 0.368315
v -0.007908 0.431964 0.270729
v -0.029133 -0.488376 0.360288
v -0.016529 -0.383230 0.358453
v -0.034510 -0.488602 0.348249
v -0.025528 -0.416259 0.375441
v -0.012631 0.441877 0.248902
v -0.002293 0.421989 0.286748
v -0.008236 0.438264 0.260007
v -0.015200 0.445744 0.237328
v -0.021068 -0.473174 0.377367
v -0.026667 -0.495947 0.347246
v 0.004880 0.438735 0.269963
v -0.017138 -0.492908 0.365605
v 0.001137 0.447812 0.250626
v 0.002547 0.443285 0.259985
v -0.017424 -0.498681 0.356161
v -0.000937 0.453599 0.236245
v -0.031395 -0.148728 0.279441
v -0.027765 -0.135984 0.271442
v -0.023429 -0.157448 0.268397
v -0.031882 -0.102959 0.275121
v -0.027506 -0.073743 0.266216
v -0.032383 -0.068878 0.274077
v -0.029143 -0.046274 0.265195
v -0.032774 -0.028379 0.271925
v -0.028232 -0.013941 0.259703
v -0.031491 0.001855 0.264279
v -0.028913 0.020826 0.254878
v -0.034149 -0.110324 0.281839
v -0.033299 -0.140434 0.283447
v -0.033990 -0.086191 0.279931
v -0.034042 -0.064712 0.278947
v -0.033555 0.027047 0.267189
v -0.031956 0.048165 0.255716
v -0.029317 0.051038 0.249391
v -0.032259 0.070132 0.250045
v -0.031815 0.080977 0.245061
v -0.033305 -0.157818 0.288970
v -0.035056 0.086995 0.254162
v -0.033320 0.096551 0.246867
v -0.033442 -0.007926 0.273073
v -0.034546 0.057857 0.262960
v -0.030543 -0.184106 0.291265
v -0.034175 0.010783 0.275716
v -0.034011 0.103968 0.253384
v -0.031134 0.106030 0.245656
v -0.038340 0.134864 0.249104
v -0.040423 0.172394 0.243093
v -0.039713 0.183393 0.237330
v -0.040811 0.217220 0.237490
v -0.035031 0.095204 0.262334
v -0.034581 0.079218 0.270662
v -0.039838 0.240616 0.237712
v -0.037553 0.259970 0.232696
v -0.037363 0.270350 0.248628
v -0.031998 0.317494 0.235493
v -0.030577 0.296637 0.223029
v -0.029396 0.325195 0.226394
v -0.030920 0.345115 0.231326
v -0.041642 0.405198 0.241573
v -0.032768 0.311870 0.242237
v -0.037260 0.420289 0.233562
v -0.041965 0.404178 0.230036
v -0.032685 0.429686 0.235455
v -0.029386 0.436002 0.222970
v -0.025776 0.438099 0.235962
v -0.035039 0.423233 0.219861
v -0.024723 0.441344 0.227483
v -0.034840 0.243267 0.225612
v -0.024830 0.338339 0.218921
v -0.035907 0.211083 0.229252
v -0.030239 0.277417 0.219844
v -0.034698 0.132947 0.242792
v -0.037050 0.176577 0.236229
v -0.030650 0.431773 0.212245
v -0.027834 0.094994 0.238112
v -0.025631 0.101750 0.238019
v -0.022939 0.307237 0.213466
v -0.031749 0.373938 0.212989
v -0.024516 0.015980 0.249277
v -0.021424 -0.027141 0.251953
v -0.017456 0.450415 0.215390
v -0.023872 -0.057228 0.259799
v -0.026315 0.079528 0.238050
v -0.022905 0.041182 0.243205
v -0.029035 0.254439 0.218328
v -0.020840 0.447268 0.208176
v -0.026251 0.135773 0.231480
v -0.030564 0.228868 0.221464
v -0.016187 -0.170126 0.262383
v -0.025406 0.278579 0.214201
v -0.022786 -0.116467 0.264105
v -0.027855 0.434344 0.200681
v -0.014926 0.449065 0.228892
v -0.001724 0.458609 0.220182
v -0.029409 -0.180973 0.284289
v -0.026111 -0.176777 0.276281
v -0.029666 -0.179593 0.280941
v 0.046369 0.307120 0.205358
v 0.047543 0.308017 0.209339
v 0.043874 0.307207 0.207313
v 0.048856 0.058370 0.233713
v 0.055137 0.066389 0.239199
v 0.057924 0.029870 0.244655
v 0.049146 0.026895 0.236830
v 0.039629 0.070078 0.226721
v 0.040561 0.020709 0.231907
v 0.047403 -0.002008 0.237252
v 0.042410 -0.033587 0.236792
v 0.030832 0.005949 0.230733
v 0.048168 -0.043628 0.240442
v 0.027195 -0.017175 0.232233
v 0.025938 0.040758 0.226484
v 0.015582 0.012933 0.230295
v 0.029320 -0.082179 0.239020
v 0.017618 -0.085570 0.239792
v 0.015667 -0.060085 0.237521
v 0.003535 -0.088818 0.243312
v 0.004396 -0.119331 0.245276
v 0.003595 -0.050145 0.239430
v -0.010257 -0.042299 0.244954
v -0.009102 -0.080106 0.248543
v 0.002999 -0.012432 0.235323
v -0.016477 -0.068581 0.253843
v -0.021424 -0.027141 0.251953
v -0.020472 -0.003533 0.247827
v -0.023872 -0.057228 0.259799
v -0.024516 0.015980 0.249277
v -0.027506 -0.073743 0.266216
v -0.008224 -0.118513 0.250240
v 0.029673 -0.137013 0.243894
v 0.042696 -0.122071 0.244474
v 0.043846 -0.173368 0.249335
v 0.029803 -0.185398 0.248566
v 0.042612 -0.218501 0.253826
v 0.017916 -0.187547 0.250153
v 0.053073 -0.237670 0.259712
v 0.042402 -0.265939 0.259593
v 0.053263 -0.185589 0.254399
v 0.054630 -0.124771 0.250250
v 0.017016 -0.137753 0.244759
v -0.011277 -0.005930 0.240936
v 0.030309 -0.230862 0.254394
v 0.015120 0.044357 0.226886
v 0.001416 0.015913 0.233417
v 0.001825 0.051414 0.228906
v 0.000819 0.089335 0.222963
v 0.014247 0.079623 0.221482
v -0.013694 0.067464 0.232249
v 0.013163 0.110891 0.217854
v -0.012466 0.090487 0.228584
v -0.027834 0.094994 0.238112
v -0.026315 0.079528 0.238050
v -0.002319 0.132617 0.218090
v -0.019784 0.096194 0.233288
v -0.026251 0.135773 0.231480
v 0.055354 -0.156180 0.253436
v 0.023409 0.071727 0.222269
v 0.055773 -0.016311 0.243660
v -0.025631 0.101750 0.238019
v 0.048186 0.086593 0.231926
v 0.043710 -0.086805 0.242084
v 0.014779 -0.016550 0.233064
v 0.053964 -0.287822 0.266412
v 0.060721 -0.247790 0.265370
v 0.062809 -0.298767 0.273622
v 0.057673 -0.310593 0.270832
v 0.062161 -0.354651 0.277104
v 0.054501 -0.357981 0.272476
v 0.049246 -0.324001 0.267924
v 0.042024 -0.294331 0.262982
v 0.059980 -0.363117 0.276950
v 0.040991 -0.404540 0.273071
v 0.051324 -0.403125 0.279785
v 0.036318 -0.429033 0.275952
v 0.026869 -0.435906 0.273158
v 0.026610 -0.451983 0.277914
v 0.028200 -0.412700 0.269466
v 0.015758 -0.445817 0.272918
v 0.039646 -0.444929 0.282714
v 0.041152 -0.384678 0.270017
v 0.026013 0.091436 0.220363
v 0.023850 0.125267 0.217235
v 0.038170 0.106986 0.222920
v 0.037691 0.135492 0.221372
v 0.047502 0.147026 0.227545
v 0.039917 0.164009 0.220801
v 0.049030 0.179389 0.226036
v 0.026136 0.157096 0.216616
v 0.045431 0.207960 0.220152
v 0.038572 0.190732 0.217206
v 0.038053 0.214727 0.214458
v 0.025227 0.196806 0.211682
v 0.020541 0.257770 0.203392
v 0.036396 0.248729 0.212012
v 0.030971 0.276106 0.205763
v 0.038394 0.277348 0.210422
v 0.016027 0.276710 0.197575
v 0.021931 0.284174 0.199472
v 0.028424 0.290638 0.202373
v 0.035830 0.298205 0.204919
v 0.047543 0.308017 0.209339
v 0.008890 0.237199 0.204965
v 0.013067 0.195529 0.211337
v 0.009903 0.165602 0.215085
v -0.000419 0.201147 0.212412
v -0.003748 0.169899 0.217171
v 0.046270 0.244572 0.220153
v 0.009092 0.216083 0.208284
v -0.009304 0.194139 0.216030
v -0.009734 0.202742 0.220042
v -0.021280 0.194282 0.224197
v -0.019920 0.222465 0.217901
v -0.031908 0.199633 0.226650
v -0.030564 0.228868 0.221464
v -0.017085 0.253590 0.211021
v -0.029035 0.254439 0.218328
v -0.017059 0.280469 0.208148
v -0.000725 0.280148 0.201421
v -0.001396 0.314656 0.200011
v -0.002940 0.251099 0.206122
v -0.014432 0.309097 0.206197
v -0.003652 0.338820 0.200469
v -0.014811 0.343702 0.207462
v -0.022939 0.307237 0.213466
v -0.031769 0.373926 0.213067
v -0.038207 0.403580 0.200866
v -0.033605 0.413911 0.181854
v -0.026334 0.410342 0.166893
v -0.012166 0.451898 0.171968
v 0.034399 0.453152 0.189709
v 0.029062 0.376084 0.191858
v 0.012145 0.339109 0.195483
v 0.021791 0.345757 0.196324
v 0.038096 0.345953 0.200837
v 0.024296 0.323384 0.197424
v 0.034491 0.453948 0.191404
v 0.013874 0.460605 0.188881
v 0.036506 0.452753 0.192943
v -0.004726 0.460615 0.188564
v -0.020141 0.446191 0.185909
v 0.035654 0.452724 0.191784
v -0.000205 0.354875 0.193513
v 0.010642 0.285897 0.198407
v -0.025406 0.278579 0.214201
v -0.030532 0.187281 0.228577
v -0.005818 0.232656 0.211455
v -0.023766 0.188703 0.221823
v -0.035907 0.211083 0.229252
v -0.039713 0.183393 0.237330
v 0.010098 0.261803 0.200465
v -0.015719 0.168232 0.221235
v -0.023684 0.190364 0.224493
v 0.055479 -0.086485 0.248438
v 0.060589 -0.077574 0.252580
v 0.042162 -0.323843 0.265699
v 0.064122 0.321150 0.215443
v 0.060133 0.319274 0.212921
v 0.057210 -0.209945 0.259116
v 0.062191 -0.138043 0.257852
v 0.043874 0.307207 0.207313
v 0.032720 0.046282 0.227064
v 0.054154 -0.421907 0.288501
v 0.045295 -0.448483 0.289645
v -0.016575 -0.102621 0.256105
v 0.030340 -0.385538 0.267217
v 0.017696 -0.402337 0.267486
v 0.019576 -0.378900 0.266976
v 0.019878 -0.343310 0.266110
v 0.007581 -0.377248 0.269358
v 0.004485 -0.412342 0.269693
v -0.006449 -0.413669 0.273259
v -0.005008 -0.376632 0.274534
v -0.019118 -0.420678 0.279215
v 0.005951 -0.432207 0.270993
v -0.007682 -0.434685 0.274530
v 0.008005 -0.337934 0.268945
v -0.004288 -0.342685 0.274813
v -0.003889 -0.320853 0.273952
v 0.007223 -0.298551 0.266971
v -0.005158 -0.290899 0.272368
v -0.005589 -0.266306 0.269250
v 0.006808 -0.263400 0.262978
v -0.006406 -0.240853 0.266792
v 0.006527 -0.225886 0.258996
v -0.007054 -0.213372 0.263989
v -0.004875 -0.184012 0.257944
v -0.013704 -0.185401 0.263998
v -0.012460 -0.174424 0.261548
v -0.006897 -0.161181 0.256511
v -0.016187 -0.170126 0.262383
v -0.015302 -0.157947 0.259708
v -0.009192 -0.156845 0.257586
v -0.004997 -0.151965 0.252832
v -0.011119 -0.153810 0.253663
v -0.017636 -0.174164 0.262332
v -0.023429 -0.157448 0.268397
v 0.018373 -0.286828 0.262631
v 0.005891 -0.186277 0.253402
v -0.016842 -0.153681 0.261716
v -0.016156 -0.145605 0.260286
v -0.015068 -0.138149 0.259605
v 0.055494 0.092957 0.239250
v 0.056381 -0.048583 0.245771
v 0.018706 -0.230110 0.255897
v 0.031151 0.323542 0.196487
v 0.027954 0.314863 0.198131
v 0.031092 -0.323085 0.264495
v 0.010060 0.139818 0.215204
v 0.016593 -0.421990 0.269126
v 0.048178 0.108642 0.230105
v 0.031287 0.171836 0.216920
v 0.002480 0.217543 0.210964
v 0.061429 -0.188835 0.260484
v 0.020826 0.459164 0.192877
v -0.011835 0.027804 0.237565
v 0.011977 0.306483 0.197535
v 0.033529 -0.462149 0.287068
v -0.022905 0.041182 0.243205
v -0.027828 0.434601 0.201421
v 0.003215 -0.146639 0.249036
v 0.037777 0.451739 0.190909
v 0.040715 0.451075 0.191919
v 0.041459 0.450782 0.191107
v 0.015632 0.461000 0.200447
v -0.002827 0.461388 0.204805
v 0.030528 0.456838 0.198031
v 0.030376 0.457350 0.203511
v 0.045642 0.448929 0.191697
v 0.040979 0.451978 0.196318
v 0.047522 0.449092 0.198530
v 0.013302 0.460483 0.212583
v -0.001631 0.458662 0.220076
v -0.017044 0.450863 0.214974
v -0.019711 0.448648 0.207883
v 0.043733 0.449791 0.191474
v -0.018869 -0.184840 0.264197
v -0.021749 -0.189879 0.267889
v -0.018248 -0.193428 0.268693
v -0.024716 -0.181233 0.269191
v -0.037050 0.176577 0.236229
v -0.031863 0.182051 0.228366
v -0.028995 0.161612 0.230185
v -0.029298 0.185754 0.225205
v 0.014585 -0.462876 0.279682
v 0.005277 -0.457233 0.276927
v 0.004357 -0.474907 0.286200
v -0.008109 -0.468673 0.284865
v -0.005944 -0.452051 0.277406
v -0.017565 -0.455428 0.282953
v -0.019803 -0.467151 0.289074
v -0.017177 -0.481497 0.297629
v -0.030133 -0.473645 0.300540
v -0.030868 -0.462854 0.294366
v 0.014368 -0.476790 0.288507
v -0.007336 -0.478720 0.291199
v -0.030743 -0.452768 0.290110
v 0.029909 -0.287800 0.261405
v 0.038580 -0.467205 0.295438
v 0.024905 -0.476909 0.293047
v -0.022786 -0.116467 0.264105
v 0.005911 -0.445637 0.273124
v 0.021600 0.296330 0.198095
v 0.017245 0.284493 0.197267
v 0.019545 0.282581 0.193471
v -0.009544 0.458640 0.197123
v 0.023619 -0.465903 0.283870
v 0.019346 -0.313277 0.264774
v -0.018759 -0.441228 0.280022
v -0.015367 -0.149439 0.256553
v -0.013762 0.138460 0.222197
v 0.022643 0.300638 0.197332
v -0.007001 0.210625 0.217981
v 0.041403 -0.358993 0.267553
v -0.031212 -0.436392 0.287576
v -0.011571 -0.141484 0.253076
v -0.010858 -0.132477 0.253381
v 0.038170 0.106986 0.222920
v 0.048178 0.108642 0.230105
v 0.039629 0.070078 0.226721
v 0.026013 0.091436 0.220363
v 0.032720 0.046282 0.227064
v 0.025227 0.196806 0.211682
v 0.031287 0.171836 0.216920
v 0.026136 0.157096 0.216616
v 0.009903 0.165602 0.215085
v 0.010060 0.139818 0.215204
v 0.023619 -0.465903 0.283870
v 0.024905 -0.476909 0.293047
v 0.014368 -0.476790 0.288507
v 0.015582 0.012933 0.230295
v 0.014779 -0.016550 0.233064
v 0.002999 -0.012432 0.235323
v 0.001416 0.015913 0.233417
v -0.011835 0.027804 0.237565
v 0.003215 -0.146639 0.249036
v 0.017916 -0.187547 0.250153
v 0.005891 -0.186277 0.253402
v 0.006527 -0.225886 0.258996
v 0.018706 -0.230110 0.255897
v -0.003748 0.169899 0.217171
v 0.010060 0.139818 0.215204
v -0.002319 0.132617 0.218090
v -0.013762 0.138460 0.222197
v 0.018706 -0.230110 0.255897
v 0.030309 -0.230862 0.254394
v 0.018373 -0.286828 0.262631
v 0.029909 -0.287800 0.261405
v 0.019346 -0.313277 0.264774
v 0.016593 -0.421990 0.269126
v 0.015758 -0.445817 0.272918
v 0.005951 -0.432207 0.270993
v 0.005911 -0.445637 0.273124
v -0.000725 0.280148 0.201421
v 0.016027 0.276710 0.197575
v 0.010098 0.261803 0.200465
v 0.010642 0.285897 0.198407
v 0.017245 0.284493 0.197267
v 0.019545 0.282581 0.193471
v 0.011976 0.339229 0.195477
v 0.011977 0.306483 0.197535
v -0.001395 0.314656 0.200011
v 0.000983 0.355465 0.192848
v -0.007682 -0.434685 0.274530
v 0.005911 -0.445637 0.273124
v -0.005944 -0.452051 0.277406
v -0.018759 -0.441228 0.280022
v -0.002940 0.251099 0.206122
v 0.010098 0.261803 0.200465
v 0.008890 0.237199 0.204965
v 0.002480 0.217543 0.210964
v -0.029298 0.185754 0.225205
v -0.015719 0.168232 0.221235
v -0.028995 0.161612 0.230185
v -0.013762 0.138460 0.222197
v -0.026251 0.135773 0.231480
v -0.037050 0.176577 0.236229
v -0.020343 0.447868 0.206204
v -0.010956 0.457572 0.195911
v -0.026162 0.437761 0.199698
v -0.023766 0.188703 0.221823
v -0.029298 0.185754 0.225205
v -0.030532 0.187281 0.228577
v -0.023684 0.190364 0.224493
vn 0.3162 -0.0923 0.9442
vn 0.0426 0.0630 0.9971
vn 0.0827 -0.1665 0.9826
vn 0.3268 -0.2556 0.9099
vn -0.1657 -0.1348 0.9769
vn -0.1348 -0.3660 0.9208
vn 0.1212 -0.3945 0.9109
vn 0.4532 -0.1955 0.8697
vn 0.2728 0.1018 0.9567
vn 0.4289 0.0273 0.9029
vn 0.3280 -0.4082 0.8519
vn 0.4301 -0.3422 0.8354
vn 0.1854 -0.5639 0.8047
vn -0.2062 0.0833 0.9750
vn -0.0682 -0.5591 0.8263
vn -0.3302 -0.5146 0.7913
vn -0.3657 0.0457 0.9296
vn -0.3940 -0.1649 0.9042
vn -0.3560 -0.3091 0.8819
vn -0.5134 -0.0429 0.8571
vn 0.4771 -0.1355 0.8684
vn 0.3985 0.2138 0.8919
vn 0.2025 0.2900 0.9354
vn 0.3335 -0.5906 0.7348
vn -0.0133 0.3727 0.9278
vn 0.2263 -0.6815 0.6959
vn -0.1636 0.2786 0.9464
vn -0.3760 0.2729 0.8855
vn -0.4718 -0.5189 0.7128
vn -0.5399 -0.1322 0.8313
vn 0.6673 -0.1087 0.7368
vn 0.6336 -0.2616 0.7281
vn 0.6681 -0.2904 0.6850
vn 0.6158 -0.4079 0.6741
vn 0.7328 -0.4141 0.5400
vn 0.4861 0.1837 0.8544
vn 0.6053 -0.5499 0.5756
vn 0.5168 -0.5695 0.6393
vn 0.5015 -0.6534 0.5671
vn 0.3056 -0.6950 0.6508
vn -0.2306 0.4430 0.8664
vn 0.0802 -0.8585 0.5064
vn -0.1198 -0.7746 0.6209
vn -0.0964 -0.8854 0.4548
vn -0.1914 -0.7937 0.5774
vn -0.3793 -0.6114 0.6945
vn -0.4798 0.3533 0.8031
vn -0.5108 0.1045 0.8533
vn -0.6626 -0.4239 0.6175
vn -0.6564 -0.6125 0.4405
vn -0.4968 -0.6748 0.5457
vn -0.6480 -0.1361 0.7494
vn -0.7094 -0.2405 0.6625
vn -0.5911 -0.2867 0.7539
vn 0.7239 0.0026 0.6899
vn 0.6271 0.1025 0.7722
vn 0.6223 0.0210 0.7825
vn 0.7618 -0.2094 0.6131
vn 0.3195 0.3052 0.8971
vn -0.4370 0.4816 0.7597
vn -0.5237 -0.7539 0.3967
vn -0.6470 0.0812 0.7582
vn -0.7138 0.2108 0.6679
vn -0.7313 -0.0312 0.6813
vn -0.8296 -0.3218 0.4563
vn 0.6448 0.1278 0.7536
vn 0.4346 0.2487 0.8656
vn 0.5823 -0.6409 0.5002
vn 0.7343 -0.5486 0.3997
vn 0.1123 0.3761 0.9197
vn -0.1324 0.4131 0.9010
vn -0.6158 0.2846 0.7347
vn -0.8519 -0.4490 0.2696
vn -0.8275 0.0826 0.5554
vn -0.8536 -0.1066 0.5098
vn 0.8343 -0.1166 0.5389
vn 0.8466 -0.3065 0.4352
vn 0.5916 0.1603 0.7901
vn 0.5618 -0.7680 0.3075
vn 0.3142 -0.8659 0.3893
vn 0.4748 -0.8406 0.2605
vn -0.5157 0.4988 0.6966
vn -0.6770 0.4502 0.5822
vn 0.2969 0.2378 0.9248
vn -0.2820 -0.9167 0.2830
vn -0.5126 -0.8571 0.0516
vn -0.3586 -0.9288 0.0938
vn -0.7461 -0.6425 0.1748
vn -0.6195 -0.7459 0.2448
vn -0.8026 0.2898 0.5213
vn -0.9148 0.0918 0.3932
vn -0.9240 -0.1101 0.3661
vn 0.7144 0.0778 0.6954
vn 0.3929 0.1862 0.9005
vn 0.0504 0.2899 0.9557
vn -0.3774 0.4678 0.7992
vn -0.5137 0.5087 0.6909
vn -0.7325 0.5023 0.4596
vn -0.9338 -0.2509 0.2552
vn 0.6213 0.1176 0.7747
vn 0.6204 -0.7407 0.2578
vn 0.5786 -0.8075 0.1146
vn 0.6456 -0.7493 0.1475
vn -0.6598 0.5049 0.5566
vn -0.6812 0.5263 0.5089
vn -0.8397 -0.5423 0.0298
vn 0.0006 0.1645 0.9864
vn 0.2159 0.1392 0.9664
vn -0.1723 0.2472 0.9535
vn -0.3688 0.2726 0.8886
vn -0.7435 -0.6647 -0.0735
vn -0.8470 0.4006 0.3494
vn -0.9432 -0.3269 0.0597
vn -0.9509 0.1806 0.2512
vn -0.9822 -0.0747 0.1721
vn 0.3630 0.1197 0.9241
vn 0.0299 0.0585 0.9978
vn -0.1861 0.0652 0.9804
vn -0.3992 0.0788 0.9135
vn -0.5380 0.3234 0.7784
vn 0.6498 0.0893 0.7549
vn 0.2463 0.0585 0.9674
vn -0.5344 0.0679 0.8425
vn -0.7362 0.3239 0.5943
vn -0.7382 0.3937 0.5478
vn -0.7652 0.4764 0.4329
vn -0.8514 -0.4869 -0.1949
vn -0.9864 0.1484 0.0709
vn 0.3738 0.0573 0.9257
vn 0.0746 0.0509 0.9959
vn -0.1332 0.0457 0.9900
vn -0.3208 0.0223 0.9469
vn -0.7825 0.1091 0.6130
vn -0.8241 0.1640 0.5421
vn -0.7421 -0.6008 -0.2973
vn -0.9178 0.3557 0.1764
vn -0.9671 -0.2419 -0.0792
vn -0.9981 -0.0553 -0.0264
vn 0.9650 -0.0249 0.2610
vn 0.8895 0.0019 0.4570
vn 0.9393 -0.0863 0.3319
vn 0.6910 0.0741 0.7190
vn 0.6182 0.0751 0.7824
vn 0.5999 0.0958 0.7943
vn 0.2796 0.0556 0.9585
vn -0.3110 0.0432 0.9494
vn -0.7074 -0.0073 0.7068
vn -0.8304 -0.0106 0.5570
vn -0.7982 0.0023 0.6024
vn -0.8546 0.4186 0.3072
vn 0.6474 0.0501 0.7605
vn 0.4040 0.0549 0.9131
vn -0.5180 0.0304 0.8548
vn -0.6994 -0.0001 0.7148
vn -0.8124 0.3456 0.4697
vn -0.9092 -0.2745 -0.3132
vn -0.9836 0.0641 -0.1685
vn -0.9722 -0.1216 -0.1999
vn 0.3952 0.0588 0.9167
vn 0.0416 0.0646 0.9970
vn -0.1504 0.0656 0.9864
vn -0.3605 0.0498 0.9314
vn -0.8750 0.0046 0.4841
vn -0.7845 -0.4886 -0.3820
vn -0.9645 0.2504 -0.0833
vn 0.7467 0.0589 0.6625
vn 0.8250 0.0739 0.5603
vn -0.4628 0.0405 0.8855
vn -0.9400 0.3204 0.1169
vn -0.9250 0.3743 0.0655
vn 0.2522 0.0696 0.9652
vn 0.0208 0.0842 0.9962
vn -0.7839 0.0090 0.6209
vn -0.8534 0.0020 0.5212
vn -0.9137 0.0084 0.4062
vn -0.9250 0.0678 0.3737
vn -0.8942 0.2686 0.3582
vn -0.9056 -0.0846 -0.4157
vn 0.3910 0.0733 0.9175
vn -0.3148 0.0647 0.9470
vn -0.5029 -0.6684 -0.5480
vn -0.5080 -0.6144 -0.6037
vn -0.4032 -0.6817 -0.6105
vn -0.7898 -0.3225 -0.5218
vn -0.7060 -0.4360 -0.5581
vn -0.7248 -0.5086 -0.4647
vn -0.9384 0.2778 -0.2053
vn -0.9266 0.2508 -0.2802
vn -0.9098 0.1358 -0.3921
vn 0.2565 0.0841 0.9629
vn -0.1623 0.0837 0.9832
vn -0.3301 0.0801 0.9405
vn -0.4486 0.0667 0.8912
vn -0.8253 -0.0075 0.5647
vn -0.7669 -0.1660 -0.6199
vn 0.6540 0.0569 0.7544
vn 0.6643 0.0558 0.7454
vn 0.7307 0.0478 0.6810
vn 0.3825 0.0750 0.9209
vn -0.9269 0.0129 0.3751
vn -0.9768 0.2117 0.0317
vn -0.8033 0.0084 -0.5956
vn -0.1632 0.0902 0.9825
vn -0.4381 0.0551 0.8972
vn -0.4658 0.0623 0.8827
vn -0.9631 0.0207 0.2684
vn -0.9564 0.0315 0.2904
vn -0.9829 0.0866 0.1625
vn -0.6825 -0.1900 -0.7058
vn -0.6966 -0.3239 -0.6402
vn -0.8662 0.2157 -0.4508
vn 0.3685 0.0836 0.9259
vn 0.2620 0.0908 0.9608
vn 0.0272 0.0915 0.9954
vn -0.9045 0.1775 -0.3878
vn -0.7710 0.1335 -0.6227
vn -0.2657 -0.4461 -0.8546
vn -0.0640 -0.4928 -0.8678
vn -0.2660 -0.5287 -0.8061
vn -0.3401 0.0844 0.9366
vn -0.9271 0.0222 0.3743
vn -0.9646 0.0346 0.2616
vn -0.9717 0.0517 0.2303
vn -0.9937 0.0438 0.1030
vn -0.5197 -0.2408 -0.8197
vn -0.4516 -0.4320 -0.7807
vn -0.5167 -0.3947 -0.7598
vn -0.9577 0.0968 -0.2709
vn -0.8150 0.1646 -0.5556
vn -0.6816 -0.0135 -0.7316
vn -0.3021 0.0905 0.9490
vn -0.6010 0.0720 0.7960
vn -0.9397 0.0274 0.3408
vn -0.9516 0.0143 0.3070
vn -0.9906 0.0399 -0.1306
vn -0.9873 0.0242 0.1570
vn -0.9611 0.0442 0.2725
vn -0.9902 0.0055 0.1394
vn -0.9998 0.0116 0.0158
vn -0.5414 -0.0878 -0.8362
vn -0.4845 -0.1223 -0.8662
vn -0.7233 0.1312 -0.6780
vn -0.6490 0.1000 -0.7542
vn 0.8464 0.0443 0.5307
vn 0.7412 0.0627 0.6684
vn 0.7424 0.0502 0.6681
vn 0.3628 0.0849 0.9280
vn 0.2031 0.0854 0.9754
vn -0.1867 0.0829 0.9789
vn 0.0077 0.0760 0.9971
vn -0.9847 0.0055 0.1743
vn -0.9598 0.0125 -0.2805
vn -0.9271 0.0280 -0.3739
vn -0.8165 0.0626 -0.5740
vn -0.3258 0.0815 0.9419
vn -0.4054 0.0929 0.9094
vn -0.9213 0.0396 0.3869
vn -0.9631 0.0088 0.2689
vn -0.9444 0.0058 0.3286
vn -0.9567 0.0104 0.2910
vn -0.8956 0.0252 -0.4442
vn -0.3518 0.0645 0.9338
vn -0.8613 -0.0130 -0.5079
vn -0.6223 0.0926 -0.7773
vn -0.9877 -0.0402 -0.1511
vn -0.9586 -0.0366 -0.2824
vn 0.2469 0.0617 0.9671
vn -0.7753 0.0235 0.6311
vn -0.8894 0.0121 0.4571
vn -0.9438 -0.0052 0.3304
vn 0.6540 0.0628 0.7539
vn 0.6428 0.0745 0.7624
vn 0.6753 0.0722 0.7340
vn 0.3708 0.0672 0.9263
vn 0.0064 0.0540 0.9985
vn -0.1790 0.0478 0.9827
vn -0.6420 0.0385 -0.7658
vn -0.5669 0.0597 -0.8216
vn -0.8637 -0.0066 0.5039
vn -0.9372 -0.0260 0.3479
vn -0.8743 -0.0358 0.4842
vn -0.7893 -0.0483 -0.6121
vn -0.6927 -0.0164 -0.7210
vn -0.9151 -0.0250 0.4025
vn -0.9689 -0.0632 -0.2392
vn -0.3090 0.0544 0.9495
vn -0.6297 -0.0472 -0.7754
vn -0.6101 0.0099 -0.7923
vn -0.8931 0.0120 0.4497
vn -0.8483 -0.0365 0.5283
vn -0.8634 -0.0760 -0.4988
vn -0.9967 -0.0647 -0.0498
vn 0.7925 0.0621 0.6067
vn 0.7962 0.0551 0.6025
vn 0.8692 0.0484 0.4920
vn 0.6928 0.0564 0.7189
vn 0.0154 0.0447 0.9989
vn -0.3193 0.0387 0.9469
vn -0.3565 0.0442 0.9332
vn -0.7262 -0.0845 -0.6823
vn -0.9246 -0.0110 0.3807
vn -0.9078 -0.0205 0.4188
vn -0.9707 -0.0663 0.2308
vn 0.9124 0.0469 0.4065
vn 0.9295 0.0371 0.3670
vn 0.3752 0.0517 0.9255
vn 0.2234 0.0507 0.9734
vn -0.2229 0.0506 0.9735
vn -0.4382 -0.0515 -0.8974
vn -0.3471 -0.0249 -0.9375
vn -0.4304 -0.0010 -0.9026
vn -0.6451 -0.0705 -0.7609
vn -0.8302 -0.0056 0.5574
vn -0.8995 -0.0567 0.4332
vn 0.8449 0.0519 0.5324
vn 0.7689 0.0437 0.6378
vn 0.6641 0.0479 0.7461
vn 0.0031 0.0531 0.9986
vn -0.3704 0.0382 0.9281
vn -0.9363 -0.0910 -0.3393
vn -0.9293 -0.0171 0.3689
vn -0.9834 -0.1222 -0.1341
vn -0.4445 -0.0907 -0.8912
vn -0.3676 -0.0840 -0.9262
vn -0.3282 0.0508 0.9432
vn -0.8223 -0.1004 -0.5601
vn -0.6823 -0.1011 -0.7241
vn -0.9334 0.0016 0.3589
vn -0.8977 0.0119 0.4404
vn -0.9078 -0.1366 -0.3965
vn -0.9810 -0.0725 0.1801
vn -0.9838 -0.1322 -0.1213
vn 0.2520 0.0573 0.9660
vn -0.2333 0.0571 0.9707
vn -0.3138 0.0628 0.9474
vn -0.6523 -0.1034 -0.7508
vn -0.8989 0.0127 0.4379
vn -0.9243 0.0055 0.3817
vn -0.8986 0.0315 0.4377
vn -0.9555 -0.0888 -0.2812
vn -0.9980 -0.0221 0.0598
vn -0.9643 -0.0961 -0.2470
vn 0.3808 0.0580 0.9228
vn 0.0018 0.0557 0.9984
vn -0.2575 0.0617 0.9643
vn -0.9786 -0.0928 -0.1834
vn -0.0030 0.0621 0.9981
vn -0.8759 0.0236 0.4818
vn -0.8928 0.0218 0.4499
vn -0.9285 0.0201 0.3709
vn -0.8404 -0.1128 -0.5300
vn -0.7841 -0.1302 -0.6069
vn -0.9717 0.0177 0.2355
vn -0.7899 -0.2699 -0.5506
vn 0.7138 0.0445 0.6990
vn 0.8687 0.0348 0.4942
vn 0.7444 0.0439 0.6663
vn 0.3921 0.0594 0.9180
vn 0.2467 0.0598 0.9672
vn -0.3638 0.0726 0.9287
vn -0.6605 -0.1260 -0.7401
vn -0.8680 0.0447 0.4946
vn -0.9078 -0.0796 -0.4118
vn -0.8478 -0.0740 -0.5251
vn -0.2057 0.8991 0.3864
vn -0.8590 -0.1477 -0.4903
vn -0.9745 -0.0501 -0.2185
vn -0.3087 0.0690 0.9487
vn -0.8566 0.0505 0.5135
vn -0.6979 -0.1618 -0.6976
vn -0.9390 0.0859 -0.3331
vn -0.9117 -0.2981 -0.2828
vn -0.9539 -0.0002 0.3001
vn -0.9562 0.0359 0.2905
vn -0.9998 0.0031 -0.0218
vn 0.2487 0.0646 0.9664
vn -0.0254 0.0799 0.9965
vn -0.4159 0.0729 0.9065
vn -0.4594 0.0798 0.8846
vn -0.8306 0.0446 0.5551
vn -0.8604 0.0391 0.5081
vn -0.9729 -0.0233 0.2299
vn -0.9800 0.0382 0.1952
vn -0.9759 -0.0263 -0.2167
vn 0.7558 0.0546 0.6525
vn 0.6678 0.0529 0.7425
vn 0.6644 0.0528 0.7455
vn 0.6652 0.0707 0.7433
vn 0.3997 0.0799 0.9132
vn -0.8509 0.0349 0.5241
vn -0.7897 -0.0999 -0.6053
vn -0.7987 -0.0596 -0.5988
vn -0.7991 0.4021 -0.4469
vn -0.9229 0.0183 0.3846
vn -0.8175 -0.0633 -0.5724
vn -0.8616 -0.2991 -0.4100
vn -0.8317 -0.5147 0.2082
vn -0.9521 -0.0528 -0.3013
vn 0.2720 0.0955 0.9576
vn -0.4170 0.0675 0.9064
vn -0.4874 0.0726 0.8701
vn -0.9634 0.0048 0.2679
vn -0.9791 0.0064 0.2032
vn -0.8870 -0.0391 -0.4601
vn -0.9696 -0.0145 -0.2444
vn 0.8724 0.0516 0.4861
vn 0.2798 0.0971 0.9551
vn 0.0314 0.0945 0.9950
vn -0.2676 0.0790 0.9603
vn -0.8169 -0.0296 -0.5760
vn -0.6191 -0.1721 -0.7662
vn -0.6835 -0.0554 -0.7278
vn -0.5327 -0.1297 -0.8363
vn -0.7983 0.0553 0.5997
vn -0.9994 0.0125 0.0334
vn -0.9851 -0.0015 -0.1720
vn 0.7500 0.0763 0.6570
vn 0.4317 0.1001 0.8964
vn 0.0206 0.0882 0.9959
vn -0.9075 0.0138 0.4197
vn -0.9091 -0.0344 -0.4152
vn 0.2065 0.1026 0.9731
vn -0.3739 0.0670 0.9251
vn -0.2769 -0.4800 -0.8324
vn -0.2569 -0.1575 -0.9535
vn -0.4622 -0.1337 -0.8767
vn -0.5724 0.0580 0.8179
vn -0.8343 0.0601 -0.5481
vn -0.8208 -0.0421 -0.5696
vn -0.7647 0.0344 0.6434
vn -0.8157 0.0250 0.5779
vn -0.7539 -0.0538 -0.6547
vn -0.9575 0.0037 0.2886
vn -0.9951 -0.0108 0.0986
vn -0.8183 -0.0498 -0.5726
vn -0.9911 0.0116 0.1325
vn -0.9561 -0.0269 -0.2918
vn 0.0058 0.1013 0.9948
vn -0.5043 0.0587 0.8615
vn -0.7233 -0.0543 -0.6884
vn -0.7048 -0.0716 -0.7058
vn -0.5660 -0.0764 -0.8209
vn -0.5800 0.0476 -0.8132
vn -0.3555 -0.3208 -0.8779
vn -0.7511 0.0227 0.6599
vn 0.4314 0.1115 0.8952
vn -0.2683 0.0985 0.9583
vn -0.3350 -0.1192 -0.9347
vn -0.5044 -0.0746 -0.8602
vn -0.8102 0.0287 0.5855
vn -0.9917 -0.0223 0.1270
vn -0.8566 -0.0623 -0.5123
vn -1.0000 -0.0040 0.0062
vn -0.9841 -0.0282 -0.1753
vn 0.6836 0.0982 0.7232
vn 0.6599 0.0901 0.7459
vn 0.2582 0.1441 0.9553
vn -0.8785 0.0145 0.4775
vn -0.9254 -0.0002 0.3789
vn 0.9305 0.0386 0.3642
vn 0.9312 0.0490 0.3611
vn 0.0213 0.2484 0.9684
vn -0.4370 0.0766 0.8962
vn -0.6878 -0.0841 -0.7211
vn -0.5420 -0.0689 -0.8376
vn -0.6984 -0.0551 -0.7136
vn -0.5322 0.0942 0.8414
vn -0.7912 -0.0822 -0.6060
vn -0.9598 -0.0100 0.2805
vn -0.9965 0.0030 0.0834
vn 0.6896 0.0937 0.7181
vn 0.4876 0.1316 0.8631
vn -0.2985 0.1842 0.9365
vn -0.4320 0.1791 0.8839
vn -0.6989 0.0709 0.7117
vn -0.8114 -0.0868 -0.5780
vn -0.9728 -0.0246 0.2302
vn -0.9991 -0.0346 0.0230
vn -0.9644 -0.0577 -0.2580
vn -0.9399 -0.0505 -0.3378
vn -0.8645 -0.0750 -0.4970
vn -0.9922 -0.0611 0.1091
vn -0.9952 -0.0376 -0.0903
vn 0.4050 0.1013 0.9087
vn 0.2490 0.1639 0.9545
vn 0.4515 0.1457 0.8803
vn -0.6658 -0.1102 -0.7380
vn -0.7234 -0.1140 -0.6810
vn -0.9023 0.0321 0.4299
vn -0.9396 0.0104 0.3422
vn 0.6992 0.1062 0.7070
vn 0.8152 0.0935 0.5715
vn 0.2773 0.0850 0.9570
vn -0.0422 0.1808 0.9826
vn -0.2446 0.1536 0.9574
vn -0.4484 0.1664 0.8782
vn -0.5144 -0.1032 -0.8513
vn -0.5669 0.1563 0.8088
vn -0.8304 0.0882 0.5502
vn -0.3146 -0.1011 -0.9438
vn -0.3403 -0.0826 -0.9367
vn -0.6244 0.1700 0.7624
vn -0.7129 0.1806 0.6776
vn -0.9846 -0.1102 -0.1357
vn -0.9030 -0.0828 -0.4216
vn -0.9821 -0.0175 0.1876
vn -0.9942 -0.1031 -0.0304
vn 0.7867 0.0757 0.6126
vn 0.4315 0.0748 0.8990
vn -0.6451 -0.1079 -0.7564
vn -0.8280 0.1485 0.5407
vn -0.9075 0.0921 0.4098
vn -0.8109 -0.0995 -0.5767
vn -0.9443 -0.0874 -0.3171
vn -0.9716 0.0011 0.2367
vn 0.7179 0.0348 0.6952
vn -0.5117 -0.1051 -0.8527
vn -0.9373 0.0470 0.3454
vn -0.9691 0.0202 0.2458
vn 0.8079 -0.0113 0.5893
vn 0.5268 0.1137 0.8423
vn 0.3791 0.0012 0.9254
vn -0.0285 0.0904 0.9955
vn -0.3788 0.1565 0.9121
vn -0.7545 0.1566 0.6374
vn -0.8300 -0.1256 -0.5435
vn -0.9927 -0.0280 -0.1175
vn -0.9988 -0.0483 -0.0055
vn -0.6504 0.1345 0.7476
vn -0.9307 0.1045 0.3507
vn -0.9533 0.0605 0.2960
vn -0.9489 -0.0987 -0.2996
vn -0.9741 -0.0212 -0.2252
vn 0.8832 -0.0038 0.4690
vn 0.2227 -0.0282 0.9745
vn 0.1113 -0.0667 0.9915
vn 0.2439 -0.0897 0.9657
vn 0.2713 0.0029 0.9625
vn -0.0007 0.0927 0.9957
vn 0.1479 0.0243 0.9887
vn 0.1891 0.0404 0.9811
vn -0.2182 0.2374 0.9466
vn -0.1723 -0.0033 0.9850
vn -0.0916 0.0247 0.9955
vn -0.3891 0.0338 0.9206
vn -0.2731 -0.0005 0.9620
vn -0.7636 0.1161 0.6351
vn -0.7843 -0.1294 -0.6067
vn -0.9525 0.0873 0.2918
vn -0.8939 -0.1108 -0.4343
vn 0.8049 -0.0515 0.5912
vn 0.3359 0.0856 0.9380
vn 0.1743 0.2511 0.9521
vn -0.0096 0.3946 0.9188
vn 0.4399 -0.0176 0.8979
vn -0.0794 0.0384 0.9961
vn -0.3648 0.1538 0.9183
vn -0.3595 0.0447 0.9321
vn -0.4510 0.1567 0.8787
vn -0.4563 -0.0164 0.8897
vn -0.7945 -0.1372 -0.5916
vn -0.9233 0.0362 -0.3824
vn -0.8742 -0.0951 -0.4762
vn -0.9066 -0.1470 -0.3955
vn 0.5529 0.0216 0.8330
vn 0.4399 0.0450 0.8969
vn 0.4611 -0.0752 0.8842
vn 0.6256 -0.1041 0.7731
vn 0.6425 -0.1641 0.7485
vn 0.1390 0.4579 0.8781
vn 0.4109 -0.0712 0.9089
vn -0.1885 0.4826 0.8553
vn -0.0306 0.0424 0.9986
vn 0.3784 -0.0357 0.9250
vn -0.0556 0.0695 0.9960
vn -0.3491 0.3904 0.8519
vn -0.4133 -0.0003 0.9106
vn -0.4028 0.0265 0.9149
vn -0.6589 0.0222 0.7519
vn -0.4937 0.0098 0.8696
vn -0.5858 -0.1255 -0.8007
vn -0.4552 -0.1334 -0.8804
vn -0.4443 -0.1179 -0.8881
vn -0.8770 0.1173 0.4659
vn -0.9886 0.0031 0.1504
vn -0.9993 -0.0352 -0.0085
vn 0.4510 0.2179 0.8655
vn 0.2982 0.3161 0.9007
vn 0.5778 -0.0945 0.8107
vn 0.7512 0.1262 0.6479
vn 0.8536 0.0273 0.5202
vn 0.8374 -0.0090 0.5465
vn 0.6087 -0.0795 0.7894
vn -0.0354 0.5708 0.8203
vn 0.5723 0.0187 0.8198
vn -0.2415 0.5877 0.7722
vn -0.3772 0.5457 0.7483
vn -0.4221 0.3785 0.8237
vn -0.6634 0.0385 0.7473
vn -0.7520 0.0144 0.6590
vn -0.6870 0.0845 0.7217
vn -0.5339 0.1504 0.8320
vn -0.6979 0.1307 0.7042
vn -0.6295 -0.0662 0.7742
vn -0.9002 -0.0115 0.4354
vn -0.8829 0.0137 0.4694
vn -0.8580 0.1165 0.5002
vn -0.8735 0.0885 0.4788
vn -0.5121 -0.1273 -0.8495
vn -0.8159 0.0328 -0.5773
vn -0.9848 0.0838 0.1520
vn -0.9942 0.0428 0.0990
vn 0.2578 0.5027 0.8252
vn 0.9104 -0.0258 0.4128
vn 0.1255 0.6103 0.7822
vn -0.5504 0.2981 0.7799
vn -0.6387 0.3487 0.6859
vn -0.7712 -0.1134 0.6264
vn -0.8957 0.1579 0.4157
vn -0.9188 0.1541 0.3634
vn -0.8016 -0.1113 -0.5874
vn -0.8171 -0.1390 -0.5595
vn 0.9653 -0.0776 0.2492
vn 0.9830 -0.0220 0.1825
vn 0.8628 -0.0574 0.5023
vn -0.3471 0.6844 0.6412
vn -0.4023 0.5036 0.7646
vn -0.5186 -0.0534 -0.8534
vn -0.4860 -0.1223 -0.8653
vn -0.9724 0.1288 0.1948
vn -0.9994 0.0255 0.0241
vn 0.9384 -0.0784 0.3364
vn 0.2428 0.6428 0.7265
vn 0.0421 0.7231 0.6895
vn -0.0669 0.6952 0.7157
vn -0.2616 0.7413 0.6181
vn -0.3872 0.6354 0.6681
vn -0.5339 0.5193 0.6672
vn -0.8945 -0.0459 0.4446
vn -0.9091 -0.1598 0.3848
vn -0.6779 -0.0923 -0.7293
vn -0.6108 -0.1312 -0.7809
vn -0.6347 -0.1000 -0.7663
vn -0.9877 0.0972 0.1228
vn -0.7779 -0.1334 -0.6141
vn -0.8242 -0.1338 -0.5503
vn -0.9898 -0.0217 -0.1406
vn -0.8951 -0.1272 -0.4273
vn -0.4163 0.6559 0.6297
vn -0.4698 0.6399 0.6081
vn -0.8161 0.2547 0.5187
vn -0.9470 0.0386 0.3188
vn -0.9465 0.1518 0.2849
vn -0.1318 0.8120 0.5685
vn -0.5688 0.5975 0.5651
vn -0.7199 -0.1108 -0.6851
vn -0.5679 -0.1114 -0.8155
vn -0.6345 -0.1058 -0.7657
vn -0.9957 0.0887 0.0254
vn -0.9952 0.0983 0.0005
vn -0.9001 -0.0554 -0.4322
vn 0.2444 0.7946 0.5557
vn 0.1565 0.8726 0.4627
vn 0.1318 0.8625 0.4887
vn -0.4585 -0.1112 -0.8817
vn -0.2996 -0.1258 -0.9457
vn -0.6900 0.4815 0.5404
vn -0.9894 0.0851 0.1174
vn -0.9978 0.0640 -0.0154
vn -0.9470 0.0043 -0.3212
vn 0.8958 -0.1534 0.4171
vn 0.8769 -0.2182 0.4283
vn 0.9232 -0.3094 0.2281
vn -0.3744 0.7296 0.5723
vn -0.4496 0.7392 0.5014
vn -0.9401 -0.0112 0.3408
vn -0.9738 -0.0700 0.2165
vn -0.6076 -0.0927 -0.7888
vn -0.7801 -0.0855 -0.6197
vn -0.7639 -0.1000 -0.6376
vn -0.7388 -0.1618 -0.6542
vn 0.0584 0.9005 0.4310
vn 0.0047 0.9020 0.4316
vn -0.2420 0.8123 0.5307
vn -0.3309 0.7646 0.5531
vn -0.7748 0.4601 0.4336
vn -0.5693 -0.1283 -0.8120
vn -0.8440 -0.0320 -0.5354
vn 0.2669 0.9005 0.3433
vn 0.2210 0.9307 0.2913
vn -0.0349 0.9238 0.3812
vn -0.1388 0.8920 0.4302
vn -0.6625 0.6128 0.4309
vn -0.9054 0.2261 0.3594
vn -0.5975 0.6566 -0.4603
vn -0.6252 0.5991 -0.5002
vn -0.5692 0.7060 -0.4215
vn -0.7199 -0.0951 -0.6875
vn -0.5019 -0.1526 -0.8513
vn -0.6829 -0.1355 -0.7178
vn -0.9659 0.0789 -0.2467
vn -0.5030 0.7367 0.4520
vn -0.3477 -0.0469 -0.9364
vn -0.3818 0.0184 -0.9241
vn -0.4138 -0.0114 -0.9103
vn -0.6926 0.3784 -0.6141
vn -0.9979 -0.0599 -0.0247
vn -0.9850 0.0706 -0.1577
vn -0.8533 -0.0004 -0.5215
vn 0.0808 0.9417 0.3265
vn -0.2018 0.8847 0.4203
vn -0.2760 0.8520 0.4450
vn -0.3886 0.8084 0.4421
vn -0.3843 0.7956 0.4684
vn -0.3709 0.8052 0.4627
vn -0.9799 -0.0538 0.1922
vn -0.7638 -0.0413 -0.6441
vn -0.4829 -0.1230 -0.8670
vn -0.2692 0.8515 0.4500
vn -0.3675 -0.0178 -0.9298
vn -0.2858 -0.0754 -0.9553
vn -0.9035 0.3093 0.2966
vn -0.4755 0.7865 0.3940
vn -0.9091 0.0807 -0.4087
vn -0.8400 0.0431 -0.5409
vn 0.2182 0.9631 0.1578
vn 0.4122 0.9052 0.1034
vn -0.0640 0.9283 0.3663
vn -0.2150 0.8911 0.3997
vn -0.4033 0.8203 0.4055
vn -0.6408 0.6961 0.3238
vn -0.8433 0.4743 0.2529
vn -0.9846 0.0928 0.1480
vn -0.9642 -0.0993 -0.2457
vn -0.7681 -0.0106 -0.6402
vn 0.3115 0.9329 0.1805
vn 0.0525 0.9535 0.2967
vn -0.9388 0.0514 -0.3405
vn -0.6135 -0.0017 -0.7897
vn -0.4589 -0.0552 -0.8868
vn -0.5379 -0.0744 -0.8397
vn -0.9321 0.3621 0.0105
vn -0.9523 0.0092 -0.3049
vn 0.4652 0.8816 0.0804
vn 0.3988 0.9160 0.0424
vn 0.0580 0.9666 0.2498
vn -0.0933 0.9473 0.3066
vn -0.4783 0.7972 0.3685
vn -0.6978 0.6891 0.1956
vn -0.8305 0.5409 0.1333
vn -0.9941 -0.0812 -0.0721
vn -0.8387 0.0464 -0.5427
vn -0.7621 0.0286 -0.6469
vn 0.2380 0.9623 0.1313
vn -0.1592 0.9437 0.2902
vn -0.4275 0.8362 0.3435
vn -0.6470 0.0269 -0.7620
vn -0.5378 0.0067 -0.8431
vn 0.9098 -0.1736 0.3770
vn 0.9679 -0.0277 0.2499
vn 0.9058 0.0863 0.4149
vn 0.8594 0.2910 0.4204
vn 0.4848 -0.2253 0.8451
vn 0.8920 -0.2167 0.3966
vn 0.6950 -0.3151 0.6462
vn 0.6146 -0.4267 0.6635
vn 0.9844 0.0444 0.1700
vn 0.9379 -0.1805 0.2961
vn -0.7044 0.7014 0.1088
vn -0.8469 0.5316 -0.0069
vn -0.9353 -0.1058 0.3377
vn -0.9344 0.1922 -0.3000
vn 0.9292 0.2392 0.2818
vn 0.9528 -0.1537 0.2616
vn 0.9158 -0.2647 0.3020
vn 0.8148 0.4333 0.3853
vn 0.8136 -0.3776 0.4422
vn 0.7319 0.5965 0.3294
vn 0.6469 -0.4943 0.5806
vn 0.9176 0.3957 0.0367
vn 0.3973 -0.5390 0.7427
vn 0.3896 -0.4425 0.8078
vn 0.2017 0.4739 -0.8572
vn 0.7620 -0.4740 0.4412
vn -0.5399 0.8068 0.2402
vn -0.8289 -0.3016 -0.4712
vn -0.5590 -0.1822 -0.8089
vn 0.9764 0.0642 0.2060
vn 0.9845 -0.0677 0.1616
vn 0.9622 -0.1458 0.2302
vn 0.7820 0.5770 0.2357
vn 0.8545 0.5067 0.1143
vn 0.8415 0.4927 0.2217
vn 0.7086 -0.5136 0.4838
vn 0.7349 0.6432 0.2150
vn 0.6050 -0.5354 0.5894
vn 0.7565 0.6411 0.1288
vn 0.4972 -0.5208 0.6939
vn 0.3773 -0.5911 0.7129
vn 0.3174 -0.4060 0.8570
vn 0.4180 -0.5258 0.7408
vn 0.3501 0.9353 0.0510
vn 0.2290 -0.6537 0.7213
vn 0.3663 -0.6434 0.6722
vn -0.1529 0.0321 -0.9877
vn -0.7345 0.3124 -0.6024
vn -0.3946 0.2188 -0.8924
vn -0.5039 0.0446 -0.8626
vn -0.8255 0.1073 -0.5542
vn -0.2728 -0.0528 -0.9606
vn -0.6695 -0.1360 -0.7303
vn -0.3589 -0.0421 -0.9324
vn -0.9847 -0.0120 0.1741
vn -0.9381 0.2764 -0.2089
vn 0.9924 -0.0459 0.1140
vn 0.9896 -0.0771 0.1218
vn 0.9976 -0.0300 0.0624
vn 0.9723 0.2259 0.0596
vn 0.9598 0.2263 0.1663
vn 0.9867 0.1280 0.1005
vn 0.9540 -0.2016 0.2217
vn 0.9030 -0.2933 0.3140
vn 0.6999 0.7018 0.1328
vn 0.7974 0.5663 0.2087
vn 0.6319 0.7570 0.1660
vn 0.5847 0.7287 0.3565
vn 0.6320 0.7316 0.2557
vn 0.3705 -0.6200 0.6916
vn -0.2425 -0.4097 0.8794
vn 0.0233 -0.4892 0.8719
vn 0.2546 -0.6844 0.6832
vn 0.2675 -0.5697 0.7771
vn 0.4448 0.8951 0.0312
vn 0.2857 -0.6764 0.6789
vn 0.1045 -0.7412 0.6631
vn 0.1648 -0.7513 0.6391
vn 0.2537 -0.7884 0.5604
vn 0.1686 0.9732 0.1566
vn 0.2373 -0.8247 0.5133
vn -0.9547 0.2162 0.2043
vn -0.8158 -0.0333 0.5774
vn -0.9902 0.1035 0.0941
vn -0.9966 0.0814 -0.0109
vn 0.0227 0.9753 0.2195
vn -0.4691 0.8537 0.2262
vn -0.9095 0.4138 0.0392
vn 0.9963 -0.0195 0.0832
vn 0.9915 -0.0954 0.0882
vn 0.9621 -0.1891 0.1966
vn 0.5261 0.8491 0.0471
vn 0.5619 0.8205 0.1047
vn 0.6241 -0.5488 0.5562
vn 0.5511 -0.4598 0.6963
vn 0.0417 -0.5487 0.8350
vn 0.1147 -0.7259 0.6782
vn -0.7751 0.2803 0.5662
vn -0.5553 -0.1648 0.8152
vn -0.7708 0.0449 0.6355
vn 0.4821 -0.8189 0.3115
vn 0.6806 -0.7283 0.0793
vn 0.6312 -0.7264 0.2719
vn -0.8442 0.3061 0.4400
vn -0.0627 0.9653 0.2534
vn -0.6568 0.7441 0.1219
vn -0.8123 0.5820 -0.0374
vn 0.7636 0.6401 0.0844
vn 0.8287 0.5448 0.1282
vn 0.8217 -0.3308 0.4640
vn 0.5877 0.8027 0.1015
vn -0.0466 -0.5197 0.8531
vn 0.1199 -0.7517 0.6485
vn 0.2676 0.9627 0.0396
vn -0.1107 -0.8353 0.5385
vn 0.8934 -0.3836 -0.2339
vn -0.5427 -0.0463 0.8387
vn -0.3250 -0.0284 0.9453
vn -0.8817 -0.0795 0.4651
vn 0.1212 0.9852 0.1211
vn -0.8129 0.5595 -0.1614
vn -0.9516 0.0536 -0.3026
vn 0.6311 0.7750 0.0339
vn 0.4669 0.8833 0.0427
vn 0.3170 -0.5078 0.8010
vn 0.1069 -0.4777 0.8720
vn 0.5012 0.8642 0.0442
vn 0.5347 0.8322 -0.1469
vn 0.7279 0.6811 -0.0793
vn 0.8933 -0.2110 0.3968
vn 0.9208 -0.2603 0.2904
vn 0.7430 -0.3781 0.5523
vn 0.5770 -0.4340 0.6919
vn 0.4727 0.8789 -0.0641
vn -0.0358 -0.4538 0.8904
vn -0.2351 -0.4310 0.8712
vn -0.5469 -0.3949 0.7382
vn 0.6214 -0.4467 -0.6437
vn -0.9162 0.4007 0.0066
vn -0.8557 -0.2132 0.4716
vn -0.6424 -0.4793 0.5980
vn -0.7972 -0.1403 0.5872
vn -0.8172 -0.1218 0.5634
vn -0.7235 -0.2726 0.6342
vn 0.4975 0.8665 -0.0399
vn 0.3645 -0.4868 0.7938
vn 0.0211 -0.4609 0.8872
vn 0.4283 0.9035 0.0139
vn 0.3649 0.9299 -0.0470
vn 0.3627 0.9316 0.0244
vn -0.2199 -0.9484 0.2284
vn 0.4000 0.7768 -0.4865
vn -0.3501 -0.8478 0.3983
vn -0.5068 -0.3399 0.7922
vn 0.1626 0.9190 -0.3591
vn -0.2480 0.9686 -0.0168
vn 0.1332 0.9858 -0.1026
vn 0.2220 0.8694 -0.4415
vn -0.4847 0.8745 -0.0175
vn 0.5779 0.8124 -0.0774
vn 0.9839 -0.1125 0.1387
vn 0.9602 -0.1260 0.2493
vn 0.9706 -0.1170 0.2103
vn 0.5456 0.8111 -0.2107
vn 0.3531 0.9343 0.0496
vn 0.1734 -0.4783 0.8609
vn -0.1496 -0.4306 0.8900
vn -0.3817 -0.3563 0.8529
vn -0.3164 0.8713 -0.3752
vn -0.9033 -0.0713 0.4231
vn -0.8110 -0.1202 0.5726
vn -0.6615 -0.2630 0.7023
vn 0.9952 -0.0738 0.0637
vn 0.9900 -0.1090 0.0900
vn 0.4394 -0.4741 0.7630
vn 0.5931 -0.4550 0.6643
vn 0.4274 0.8953 -0.1258
vn 0.3280 0.9059 -0.2679
vn 0.1253 0.9096 -0.3963
vn -0.9680 -0.1200 -0.2204
vn -0.5646 -0.2832 0.7753
vn -0.8413 -0.0709 0.5358
vn -0.7678 -0.1585 0.6208
vn 0.5849 0.7891 -0.1877
vn 0.4800 0.8614 -0.1661
vn 0.5890 -0.4824 0.6484
vn 0.6417 -0.4511 0.6202
vn 0.2198 -0.4756 0.8518
vn 0.0771 -0.4655 0.8817
vn 0.4438 0.8737 -0.1991
vn 0.4281 0.8930 -0.1391
vn 0.4955 0.8476 -0.1900
vn 0.4051 0.8950 -0.1867
vn 0.2771 0.9084 -0.3132
vn 0.4163 0.8800 -0.2288
vn -0.0582 -0.4502 0.8910
vn 0.4021 0.8882 -0.2224
vn 0.3853 0.8945 -0.2266
vn -0.7762 0.1222 -0.6185
vn -0.5487 -0.2501 0.7977
vn 0.9828 -0.1299 0.1312
vn 0.6267 -0.4387 0.6440
vn 0.3556 0.9064 -0.2281
vn 0.3660 0.8909 -0.2688
vn -0.0443 -0.4243 0.9044
vn -0.2424 -0.3940 0.8866
vn -0.7541 -0.1219 0.6454
vn 0.9983 -0.0400 0.0427
vn 0.9996 -0.0175 0.0211
vn 0.9058 -0.2689 0.3273
vn 0.8871 -0.3130 0.3393
vn 0.9816 -0.1489 0.1198
vn 0.4154 0.8852 -0.2093
vn 0.3392 -0.4782 0.8101
vn 0.3914 0.8998 -0.1925
vn -0.4539 -0.3119 0.8347
vn -0.9546 0.0623 0.2912
vn -0.8613 -0.0358 0.5068
vn -0.8001 -0.0759 0.5951
vn 0.5262 -0.4645 0.7123
vn 0.1258 -0.4468 0.8857
vn 0.3781 0.8946 -0.2382
vn 0.3548 0.8907 -0.2843
vn -0.0537 0.8530 -0.5191
vn -0.5998 0.6085 -0.5195
vn -0.3714 -0.3381 0.8648
vn -0.7881 -0.0728 0.6112
vn -0.7062 -0.1497 0.6920
vn -0.6326 -0.2150 0.7440
vn -0.5676 -0.2592 0.7814
vn 0.8230 0.4888 -0.2893
vn 0.6872 0.6660 -0.2902
vn 0.7580 0.6186 -0.2069
vn 0.5255 0.8151 -0.2437
vn 0.4416 0.8554 -0.2706
vn 0.3248 -0.4671 0.8224
vn 0.1868 -0.4598 0.8682
vn 0.2545 0.8992 -0.3559
vn 0.0809 0.9101 -0.4063
vn 0.0588 -0.4430 0.8946
vn -0.0840 -0.4187 0.9042
vn -0.1943 -0.3869 0.9014
vn -0.9523 0.0590 -0.2993
vn -0.9302 0.0593 0.3622
vn -0.8455 -0.0327 0.5330
vn 0.7882 -0.4056 0.4629
vn 0.7792 -0.3941 0.4873
vn 0.7930 -0.3939 0.4646
vn 0.4134 0.8667 -0.2792
vn 0.3691 0.8877 -0.2754
vn -0.9843 0.0539 0.1681
vn -0.9012 0.0272 0.4326
vn 0.7953 -0.3872 0.4665
vn 0.4998 -0.4645 0.7311
vn 0.4757 -0.4741 0.7409
vn 0.5955 -0.4562 0.6612
vn 0.2658 -0.4654 0.8443
vn 0.0757 -0.4428 0.8934
vn -0.2746 -0.3689 0.8880
vn -0.6702 -0.1968 0.7156
vn 0.5411 0.7774 -0.3208
vn 0.2178 0.8926 -0.3948
vn 0.0867 0.8665 -0.4915
vn -0.0859 0.8203 -0.5655
vn -0.3839 -0.3338 0.8609
vn -0.5349 -0.2657 0.8021
vn -0.8196 -0.0655 0.5692
vn 0.3792 0.8619 -0.3366
vn 0.5157 -0.4553 0.7258
vn -0.4511 0.6417 -0.6203
vn -0.0360 -0.4285 0.9028
vn -0.7847 0.2870 -0.5494
vn -0.2037 -0.3945 0.8960
vn -0.9679 0.1694 0.1857
vn -0.9134 0.0342 0.4056
vn -0.6395 -0.2157 0.7379
vn 0.4812 0.8055 -0.3459
vn 0.2984 0.8840 -0.3599
vn 0.3051 0.8908 -0.3367
vn 0.1478 0.8942 -0.4226
vn 0.1648 -0.4524 0.8764
vn -0.9565 0.1149 0.2681
vn -0.3978 -0.3327 0.8550
vn -0.9378 0.0852 0.3365
vn -0.8485 -0.0553 0.5263
vn -0.7792 -0.1229 0.6146
vn -0.5628 -0.2572 0.7856
vn 0.2432 0.8878 -0.3907
vn 0.3763 -0.4647 0.8015
vn 0.5569 -0.4553 0.6947
vn 0.0833 0.8393 -0.5372
vn -0.1348 -0.4113 0.9015
vn -0.3014 -0.3754 0.8765
vn -0.9054 0.0039 0.4246
vn -0.6433 -0.2224 0.7326
vn -0.7779 -0.1374 0.6132
vn 0.8277 -0.3608 0.4299
vn 0.7677 -0.3922 0.5068
vn 0.8412 -0.3619 0.4018
vn 0.3927 0.8337 -0.3883
vn 0.4611 -0.4677 0.7541
vn 0.2134 0.8637 -0.4567
vn 0.1439 0.8345 -0.5318
vn 0.1136 0.8520 -0.5110
vn 0.2845 -0.4647 0.8386
vn -0.0403 0.8229 -0.5668
vn -0.3526 0.6489 -0.6743
vn -0.9217 0.1986 -0.3333
vn -0.9805 0.1962 -0.0148
vn -0.9770 0.2081 0.0473
vn -0.9735 0.1678 0.1551
vn -0.5106 -0.2932 0.8083
vn -0.6975 -0.1870 0.6918
vn 0.8316 0.3713 -0.4130
vn 0.7653 0.4600 -0.4501
vn 0.7151 0.5055 -0.4828
vn 0.5242 0.7421 -0.4176
vn 0.5859 0.6978 -0.4120
vn 0.4352 0.8104 -0.3923
vn -0.2097 0.7334 -0.6467
vn 0.0587 -0.4414 0.8954
vn -0.8325 0.3452 -0.4334
vn -0.9678 0.1195 0.2216
vn -0.8982 -0.0082 0.4394
vn -0.8239 -0.0849 0.5604
vn -0.7529 -0.1506 0.6407
vn 0.5693 -0.4584 0.6825
vn 0.4375 -0.4587 0.7734
vn 0.2652 -0.4539 0.8507
vn -0.0755 -0.4050 0.9112
vn -0.2559 -0.3809 0.8885
vn -0.4295 -0.3390 0.8370
vn -0.9572 0.0748 0.2797
vn 0.7460 -0.4219 0.5153
vn 0.8526 -0.3758 0.3631
vn 0.2389 0.8270 -0.5089
vn 0.1703 0.7664 -0.6193
vn 0.5387 -0.4525 0.7106
vn 0.1371 -0.4281 0.8933
vn -0.9269 0.2425 -0.2865
vn -0.9697 0.2432 -0.0207
vn -0.7588 -0.1254 0.6392
vn -0.6867 -0.2134 0.6949
vn -0.6292 -0.2489 0.7363
vn 0.0104 0.8106 -0.5855
vn -0.0548 0.7388 -0.6717
vn -0.3061 0.6337 -0.7104
vn -0.5120 0.3967 -0.7619
vn -0.9415 0.2831 -0.1829
vn -0.9765 0.2151 -0.0127
vn -0.3943 -0.3255 0.8594
vn -0.9687 0.0993 0.2274
vn -0.6954 -0.2020 0.6897
vn 0.5346 0.5689 -0.6249
vn 0.4230 0.6338 -0.6476
vn 0.4822 0.6659 -0.5693
vn 0.3510 0.7042 -0.6171
vn 0.2545 0.7542 -0.6053
vn 0.0249 0.7058 -0.7080
vn 0.0685 0.8017 -0.5938
vn 0.5431 -0.4398 0.7153
vn 0.3722 -0.4400 0.8172
vn 0.2341 -0.4279 0.8730
vn 0.0043 -0.4025 0.9154
vn -0.1989 -0.3644 0.9097
vn -0.9410 0.2984 -0.1597
vn -0.9847 0.1645 0.0577
vn -0.5505 -0.2821 0.7857
vn -0.7848 -0.1310 0.6058
vn 0.7408 -0.4213 0.5232
vn 0.6997 -0.4200 0.5779
vn 0.7784 -0.4076 0.4775
vn 0.5536 -0.4152 0.7219
vn -0.3276 0.4626 -0.8238
vn -0.8345 0.3304 -0.4410
vn -0.1144 -0.3807 0.9176
vn -0.2756 -0.3437 0.8977
vn -0.3602 -0.3159 0.8778
vn -0.9086 0.0152 0.4173
vn 0.2950 0.6595 -0.6914
vn 0.7789 -0.3805 0.4986
vn 0.7454 -0.3835 0.5453
vn -0.0103 0.6894 -0.7243
vn -0.0661 0.6172 -0.7841
vn 0.6057 -0.4089 0.6826
vn 0.3992 -0.4268 0.8114
vn 0.2237 -0.4224 0.8784
vn 0.0552 -0.4080 0.9113
vn -0.5420 -0.2477 0.8031
vn -0.6413 -0.2220 0.7344
vn -0.8745 -0.0448 0.4830
vn -0.7671 -0.1801 0.6158
vn -0.7349 -0.2043 0.6466
vn -0.7323 -0.1846 0.6555
vn -0.6543 -0.2275 0.7212
vn 0.8944 -0.3330 0.2985
vn -0.1621 0.4649 -0.8704
vn -0.3897 0.3419 -0.8551
vn -0.5507 0.3752 -0.7456
vn 0.4083 -0.4481 0.7953
vn -0.8767 0.3525 -0.3272
vn -0.8943 0.3331 -0.2988
vn -0.9500 0.2611 -0.1713
vn -0.9676 0.2316 -0.1004
vn -0.4264 -0.2997 0.8534
vn 0.1722 0.5943 -0.7856
vn 0.2026 0.4924 -0.8465
vn -0.0055 0.4916 -0.8708
vn 0.1828 -0.4382 0.8801
vn -0.8220 0.2935 -0.4880
vn -0.7173 0.3026 -0.6277
vn -0.9807 0.1946 -0.0211
vn -0.9817 0.1891 0.0217
vn -0.9780 0.1346 0.1593
vn -0.7838 -0.1406 0.6049
vn -0.6511 -0.2017 0.7317
vn -0.8873 -0.0706 0.4557
vn 0.8121 -0.3556 0.4626
vn 0.7221 -0.3906 0.5709
vn 0.7461 -0.3895 0.5400
vn 0.5326 -0.4306 0.7286
vn -0.7422 0.3863 -0.5476
vn -0.0019 -0.4205 0.9073
vn -0.8640 0.3358 -0.3753
vn -0.2057 -0.3773 0.9029
vn -0.4189 -0.3211 0.8493
vn -0.5736 -0.2550 0.7784
vn -0.9370 0.0082 0.3493
vn -0.1268 0.3930 -0.9108
vn -0.4143 0.3340 -0.8466
vn -0.2983 0.3424 -0.8909
vn -0.5359 0.4265 -0.7287
vn 0.2491 -0.4556 0.8546
vn -0.7564 0.3953 -0.5212
vn -0.9736 0.2162 -0.0730
vn -0.9848 0.1532 0.0824
vn -0.7117 -0.1758 0.6801
vn -0.6843 -0.2057 0.6996
vn 0.9224 -0.2870 0.2583
vn 0.9637 -0.2397 0.1173
vn 0.9647 -0.2554 0.0641
vn 0.8308 -0.3710 0.4148
vn 0.8971 -0.3115 0.3133
vn -0.1957 0.3130 -0.9294
vn -0.3585 0.3838 -0.8509
vn 0.5620 -0.4458 0.6967
vn 0.4925 -0.4523 0.7435
vn 0.0755 -0.4524 0.8886
vn -0.9179 0.2933 -0.2672
vn -0.1369 -0.4214 0.8965
vn -0.3438 -0.3709 0.8627
vn -0.7806 -0.1263 0.6122
vn -0.0685 0.3925 -0.9172
vn 0.3340 -0.4674 0.8185
vn -0.7961 0.3709 -0.4782
vn -0.9564 0.2469 -0.1559
vn -0.9762 0.2109 -0.0508
vn -0.9750 0.2160 -0.0521
vn -0.9770 0.0801 0.1976
vn -0.8558 -0.0789 0.5113
vn -0.7059 -0.1993 0.6797
vn 0.5001 -0.4605 0.7334
vn -0.4411 0.4519 -0.7754
vn -0.6022 0.4253 -0.6757
vn -0.6816 0.4097 -0.6063
vn -0.2897 -0.4041 0.8676
vn -0.5433 -0.3043 0.7824
vn -0.6119 -0.2552 0.7486
vn -0.9572 0.0370 0.2871
vn -0.9258 -0.0171 0.3776
vn -0.8568 -0.0873 0.5082
vn 0.1823 -0.4751 0.8609
vn 0.4019 -0.4741 0.7834
vn -0.0533 -0.4525 0.8902
vn -0.9498 0.2631 -0.1694
vn -0.7824 -0.1483 0.6048
vn -0.6615 -0.2452 0.7087
vn 0.7796 -0.3990 0.4827
vn 0.7310 -0.4229 0.5355
vn 0.8357 -0.3723 0.4038
vn -0.8564 0.3395 -0.3890
vn -0.9478 0.2622 -0.1815
vn -0.9619 0.2427 -0.1257
vn -0.4710 -0.3530 0.8084
vn -0.7934 -0.1618 0.5867
vn -0.7452 -0.1944 0.6379
vn 0.9551 -0.2539 0.1524
vn 0.9185 -0.3106 0.2447
vn 0.9649 -0.2432 0.0994
vn 0.8686 -0.3497 0.3511
vn 0.9179 -0.3069 0.2514
vn 0.2158 -0.4782 0.8513
vn -0.7520 0.3780 -0.5400
vn -0.2475 -0.4182 0.8740
vn -0.9845 0.1735 0.0264
vn -0.6218 -0.2824 0.7305
vn -0.9568 0.0349 0.2887
vn 0.7802 -0.4031 0.4783
vn 0.6954 -0.4303 0.5755
vn -0.5421 0.4406 -0.7155
vn -0.3531 0.4513 -0.8195
vn -0.5112 0.4335 -0.7421
vn 0.4447 -0.4764 0.7584
vn 0.5291 -0.4650 0.7098
vn -0.6892 -0.2427 0.6827
vn -0.7627 -0.1918 0.6177
vn 0.7455 -0.4121 0.5239
vn -0.6967 0.4032 -0.5934
vn -0.6762 0.4058 -0.6149
vn 0.0036 -0.4603 0.8878
vn -0.2068 -0.4280 0.8798
vn -0.4074 -0.3747 0.8328
vn -0.9532 0.2570 -0.1594
vn -0.5383 -0.3286 0.7761
vn -0.9857 0.1648 0.0352
vn -0.8822 -0.0917 0.4619
vn -0.2809 0.4385 -0.8537
vn -0.5528 0.4237 -0.7176
vn -0.6285 0.4089 -0.6616
vn -0.7052 0.3746 -0.6020
vn -0.7593 0.3655 -0.5384
vn -0.9684 0.2295 -0.0974
vn -0.6574 -0.2673 0.7046
vn -0.9830 0.1291 0.1309
vn -0.9456 0.0111 0.3253
vn -0.8181 -0.1540 0.5541
vn 0.3850 -0.4879 0.7834
vn 0.1453 -0.4945 0.8569
vn -0.7940 0.3563 -0.4925
vn -0.7085 -0.2401 0.6637
vn 0.9009 -0.3298 0.2820
vn 0.8508 -0.3635 0.3795
vn 0.5173 -0.4769 0.7107
vn -0.6862 0.3753 -0.6231
vn -0.1363 -0.4520 0.8816
vn -0.8028 0.3599 -0.4754
vn -0.3459 -0.3967 0.8503
vn -0.9779 0.0853 0.1908
vn -0.7985 -0.1721 0.5769
vn 0.6912 -0.4277 0.5825
vn 0.6921 -0.4270 0.5819
vn 0.7418 -0.4252 0.5186
vn -0.6887 0.3862 -0.6136
vn -0.9072 0.2993 -0.2957
vn -0.5733 -0.3029 0.7613
vn -0.9504 0.2626 -0.1665
vn 0.8476 -0.3699 0.3804
vn -0.3519 0.4393 -0.8265
vn -0.4904 0.4248 -0.7610
vn 0.3754 -0.5205 0.7669
vn -0.7171 0.3902 -0.5775
vn -0.2887 -0.4193 0.8607
vn -0.7788 0.3711 -0.5058
vn -0.9768 0.2110 -0.0353
vn -0.6830 -0.2529 0.6852
vn -0.9518 -0.0027 0.3066
vn -0.9201 -0.0567 0.3876
vn -0.8575 -0.1294 0.4980
vn -0.8471 -0.1426 0.5120
vn 0.1901 0.3394 -0.9213
vn 0.1518 0.3757 -0.9142
vn 0.0768 0.3788 -0.9223
vn -0.6664 0.3813 -0.6408
vn 0.2853 -0.5346 0.7954
vn -0.0324 -0.4932 0.8693
vn -0.7992 0.3607 -0.4808
vn -0.4842 -0.3449 0.8041
vn -0.9883 0.1470 0.0400
vn -0.8159 -0.1602 0.5556
vn -0.7098 -0.2272 0.6667
vn 0.6204 -0.4773 0.6224
vn 0.5363 -0.4885 0.6883
vn 0.5039 -0.5231 0.6874
vn -0.4987 0.4248 -0.7555
vn -0.5927 0.4120 -0.6921
vn -0.6729 0.4117 -0.6146
vn -0.4495 -0.3606 0.8173
vn -0.9677 0.2297 -0.1036
vn -0.6005 -0.2864 0.7466
vn 0.6653 0.2088 -0.7168
vn 0.6185 0.2501 -0.7449
vn 0.6176 0.2404 -0.7488
vn -0.6591 0.4084 -0.6315
vn 0.1451 -0.5008 0.8533
vn -0.1849 -0.4405 0.8785
vn -0.8006 0.3676 -0.4732
vn -0.9021 0.3087 -0.3016
vn -0.9912 0.0904 0.0966
vn -0.9364 -0.0458 0.3479
vn 0.4482 -0.5150 0.7307
vn -0.3775 -0.3779 0.8454
vn -0.9771 0.1915 -0.0926
vn -0.8566 -0.1217 0.5014
vn 0.5599 -0.5063 0.6559
vn -0.6807 0.4200 -0.6002
vn -0.6994 0.4111 -0.5847
vn -0.7174 0.3902 -0.5771
vn -0.9220 0.2762 -0.2714
vn -0.4870 -0.3282 0.8094
vn -0.5910 -0.2886 0.7533
vn -0.8229 -0.1518 0.5475
vn -0.6909 -0.2360 0.6833
vn 0.4397 -0.4376 0.7843
vn 0.2384 -0.3919 0.8886
vn -0.0558 -0.3919 0.9183
vn -0.2882 -0.3315 0.8984
vn -0.8435 0.3332 -0.4212
vn -0.9899 0.0698 0.1231
vn -0.9520 -0.0201 0.3053
vn -0.8680 -0.1114 0.4839
vn -0.4520 0.4565 -0.7664
vn -0.1953 0.4481 -0.8724
vn -0.3777 0.4564 -0.8056
vn -0.7475 0.3771 -0.5468
vn -0.0342 -0.3718 0.9277
vn -0.3263 -0.3068 0.8941
vn -0.9422 0.2438 -0.2298
vn -0.9698 0.2029 -0.1354
vn -0.6728 -0.2381 0.7005
vn -0.5638 0.4419 -0.6977
vn -0.3973 0.4584 -0.7950
vn 0.4982 -0.3788 0.7799
vn 0.3374 -0.4199 0.8425
vn -0.7178 0.3912 -0.5760
vn -0.7345 0.3938 -0.5526
vn -0.5191 -0.2625 0.8134
vn -0.8601 0.3226 -0.3951
vn -0.9844 0.1661 -0.0585
vn -0.9869 0.0660 0.1470
vn -0.7258 -0.2158 0.6532
vn -0.9420 -0.0351 0.3339
vn -0.8542 -0.1364 0.5017
vn 0.7914 -0.4048 0.4581
vn 0.7286 -0.4614 0.5062
vn 0.7346 -0.4040 0.5450
vn 0.5788 -0.4404 0.6863
vn -0.2918 -0.4042 0.8669
vn 0.0259 -0.5322 0.8463
vn -0.5267 -0.2919 0.7984
vn -0.7777 -0.1863 0.6004
vn -0.4839 0.4338 -0.7600
vn -0.6580 0.4084 -0.6326
vn -0.6959 0.3902 -0.6029
vn 0.2924 -0.5420 0.7879
vn 0.5472 -0.4151 0.7268
vn -0.3002 -0.5030 0.8105
vn -0.5050 -0.3904 0.7698
vn -0.6300 -0.2411 0.7382
vn -0.8691 -0.1307 0.4771
vn 0.8130 -0.3687 0.4506
vn 0.7123 -0.3815 0.5892
vn 0.7638 -0.3706 0.5285
vn 0.0775 -0.6684 0.7398
vn -0.2155 -0.6239 0.7512
vn -0.9122 0.2805 -0.2986
vn -0.6466 -0.3335 0.6860
vn -0.8011 -0.1896 0.5677
vn -0.7560 -0.2073 0.6209
vn -0.9837 0.0512 0.1722
vn -0.9468 -0.0448 0.3188
vn -0.1965 0.4408 -0.8759
vn -0.3015 0.4362 -0.8478
vn 0.6341 -0.4689 0.6148
vn 0.6186 -0.5041 0.6027
vn 0.6433 -0.5166 0.5651
vn 0.5951 -0.5661 0.5705
vn -0.6866 0.4028 -0.6053
vn 0.2642 -0.6812 0.6828
vn -0.6947 0.4061 -0.5937
vn -0.7867 0.3690 -0.4949
vn -0.8381 0.3486 -0.4196
vn -0.5299 -0.4668 0.7080
vn -0.9358 0.2606 -0.2376
vn -0.9772 0.1942 -0.0861
vn -0.7600 -0.2613 0.5950
vn -0.9886 0.0424 0.1446
vn -0.4476 -0.6023 0.6610
vn -0.6299 -0.4563 0.6285
vn -0.9906 0.1366 0.0026
vn -0.8263 -0.2390 0.5100
vn -0.9556 -0.0477 0.2907
vn 0.9045 -0.3446 0.2513
vn 0.8756 -0.3579 0.3244
vn 0.9406 -0.2839 0.1861
vn 0.5335 -0.6713 0.5145
vn 0.6417 -0.5764 0.5060
vn 0.1755 -0.7254 0.6656
vn -0.1474 -0.7267 0.6709
vn -0.8975 0.3111 -0.3127
vn -0.9086 -0.1318 0.3963
vn -0.5731 0.4114 -0.7088
vn -0.3938 0.4307 -0.8120
vn -0.5215 0.4194 -0.7431
vn -0.6527 0.4166 -0.6328
vn -0.7015 0.4136 -0.5803
vn -0.7302 0.4091 -0.5472
vn -0.7457 -0.3385 0.5739
vn 0.3269 0.3454 -0.8797
vn 0.1221 0.3969 -0.9097
vn 0.0707 0.4057 -0.9113
vn 0.8877 -0.3248 0.3263
vn 0.8403 -0.3693 0.3968
vn -0.9580 0.2291 -0.1724
vn -0.8015 -0.3099 0.5113
vn -0.9915 0.1268 -0.0287
vn -0.9940 0.0336 0.1045
vn -0.9052 -0.2020 0.3738
vn -0.9773 -0.0366 0.2089
vn 0.2975 -0.7172 0.6302
vn 0.0969 -0.7986 0.5941
vn -0.7995 0.3859 -0.4602
vn -0.8123 -0.3929 0.4310
vn -0.9665 -0.0868 0.2414
vn -0.3475 0.4272 -0.8347
vn -0.2465 0.4436 -0.8617
vn -0.4707 0.4530 -0.7571
vn -0.4546 -0.7192 0.5254
vn -0.6151 -0.6039 0.5068
vn -0.8878 0.3170 -0.3337
vn -0.6252 -0.5135 0.5877
vn -0.6766 0.4274 -0.5996
vn -0.6578 0.4579 -0.5981
vn -0.1506 -0.8379 0.5247
vn -0.8865 -0.3296 0.3248
vn -0.9972 0.0187 0.0730
vn -0.4221 -0.8190 0.3888
vn -0.9451 0.2358 -0.2263
vn -0.9930 0.1051 -0.0532
vn 0.0777 -0.8643 0.4970
vn -0.9784 -0.0789 0.1913
vn -0.8471 0.3559 -0.3946
vn -0.7836 -0.5233 0.3350
vn -0.7449 -0.5431 0.3875
vn -0.9935 0.1000 -0.0540
vn -0.6551 -0.6494 0.3861
vn -0.6296 -0.6946 0.3480
vn -0.9727 0.1656 -0.1627
vn -0.9984 0.0452 0.0351
vn -0.9034 -0.3378 0.2641
vn -0.4823 0.5048 -0.7159
vn -0.3791 0.5050 -0.7754
vn -0.4459 0.5439 -0.7109
vn -0.7465 0.4261 -0.5111
vn -0.7952 -0.5567 0.2403
vn -0.9762 0.1652 -0.1407
vn -0.9975 0.0689 -0.0181
vn 0.5208 -0.7807 0.3453
vn 0.5538 -0.8075 0.2032
vn 0.7083 -0.6708 0.2199
vn -0.6357 0.5030 -0.5855
vn -0.5345 -0.7982 0.2779
vn -0.3035 -0.8822 0.3601
vn -0.9862 0.1444 -0.0815
vn -0.9934 0.0503 0.1034
vn -0.9667 -0.1968 0.1638
vn -0.6131 0.4924 -0.6177
vn -0.7806 0.4551 -0.4284
vn -0.8844 0.3477 -0.3112
vn -0.9492 0.2457 -0.1965
vn -0.9949 0.0890 -0.0466
vn 0.4656 0.4458 -0.7645
vn 0.2834 0.5601 -0.7784
vn 0.1925 0.5334 -0.8236
vn -0.9082 -0.3937 0.1424
vn -0.3421 0.6187 -0.7072
vn -0.4415 0.6422 -0.6266
vn -0.6757 0.5925 -0.4385
vn -0.8175 0.4994 -0.2868
vn -0.9743 0.2012 -0.1009
vn -0.9897 0.1402 0.0291
vn -0.6362 0.5571 -0.5338
vn -0.9075 0.3739 -0.1913
vn -0.6280 -0.7621 0.1575
vn -0.7079 -0.7008 0.0878
vn -0.6268 -0.7792 0.0083
vn -0.6208 0.7333 -0.2775
vn -0.9846 0.1663 -0.0546
vn -0.9947 0.1008 -0.0206
vn -0.3588 0.7517 -0.5534
vn -0.4799 0.7445 -0.4640
vn -0.7240 0.6476 -0.2376
vn -0.9934 0.1012 0.0533
vn -0.9524 -0.3029 0.0346
vn -0.3819 -0.9160 -0.1232
vn -0.0373 -0.9871 -0.1554
vn -0.1326 -0.9912 -0.0018
vn -0.3484 -0.9364 0.0432
vn -0.9321 0.3542 -0.0758
vn -0.9614 0.2648 -0.0745
vn -0.8317 -0.5552 0.0087
vn -0.6681 -0.7385 -0.0906
vn 0.6242 0.7330 -0.2704
vn 0.5179 0.8231 -0.2332
vn 0.6191 0.6553 -0.4328
vn 0.3949 0.8250 -0.4042
vn -0.6769 0.7305 -0.0902
vn -0.8471 0.5304 -0.0334
vn -0.9893 0.1449 -0.0174
vn -0.0016 0.9077 -0.4197
vn 0.1373 0.9709 -0.1962
vn -0.2088 0.9590 -0.1918
vn -0.3230 0.8625 -0.3895
vn -0.5688 0.8225 -0.0062
vn -0.5097 0.8410 -0.1814
vn -0.6389 -0.7596 -0.1217
vn -0.6824 -0.7217 -0.1163
vn -0.9754 0.2148 -0.0498
vn -0.9830 0.1830 0.0123
vn 0.8795 0.3478 0.3249
vn 0.8727 0.4882 -0.0072
vn 0.9234 0.3482 0.1613
vn 0.7810 0.5059 0.3661
vn 0.7478 0.4076 0.5241
vn 0.6446 0.5945 0.4806
vn 0.6998 0.6044 0.3807
vn -0.6829 0.6912 0.2364
vn -0.8391 -0.5404 -0.0626
vn -1.0000 0.0043 0.0002
vn 0.9803 0.1155 0.1600
vn 0.9363 0.1522 0.3165
vn 0.9690 0.2108 0.1290
vn 0.3117 0.8665 0.3898
vn 0.3825 0.7635 0.5204
vn 0.2149 0.7157 0.6646
vn -0.2887 0.7658 0.5747
vn -0.4690 0.6837 0.5591
vn -0.2443 0.9075 0.3416
vn -0.2124 0.8961 0.3898
vn -0.5985 0.7287 0.3328
vn -0.9578 0.2741 0.0860
vn -0.9671 -0.2491 -0.0525
vn 0.5674 0.4110 0.7135
vn 0.3482 0.5457 0.7622
vn -0.7987 0.5435 0.2581
vn -0.9023 0.3928 0.1779
vn 0.6655 0.3012 0.6829
vn -0.7198 0.5764 0.3868
vn -0.6782 -0.7247 -0.1217
vn -0.9847 0.1734 0.0161
vn -0.9835 0.1807 0.0060
vn 0.4902 0.2681 0.8294
vn 0.3148 0.3265 0.8912
vn 0.0329 0.3507 0.9359
vn -0.2143 0.4947 0.8422
vn -0.0001 0.4499 0.8931
vn 0.1785 0.6097 0.7723
vn -0.4529 0.5412 0.7086
vn -0.7903 0.4546 0.4108
vn -0.8758 0.3583 0.3235
vn -0.9475 0.2462 0.2040
vn -0.6237 -0.7654 -0.1583
vn -0.9864 0.1620 -0.0286
vn -0.9842 0.1744 -0.0314
vn 0.7113 0.1643 0.6834
vn -0.6479 0.4728 0.5972
vn -0.6344 0.5456 0.5476
vn -0.8934 -0.4292 -0.1331
vn 0.8040 0.2424 0.5430
vn 0.6447 0.0872 0.7595
vn 0.4595 0.1563 0.8743
vn -0.0126 0.2553 0.9668
vn 0.1972 0.2460 0.9490
vn -0.3108 0.3560 0.8813
vn -0.9948 0.1008 0.0124
vn -0.7027 -0.6963 -0.1463
vn 0.6069 0.0548 0.7929
vn 0.0979 0.1820 0.9784
vn -0.7470 0.4606 0.4794
vn -0.9859 0.1450 0.0840
vn -0.9963 -0.0370 -0.0780
vn 0.4104 0.1123 0.9050
vn -0.5833 0.3595 0.7284
vn -0.7099 0.3599 0.6054
vn -0.8310 0.3591 0.4248
vn -0.9782 0.2077 0.0031
vn -0.8360 -0.5009 -0.2239
vn -0.9506 -0.2640 -0.1634
vn 0.7679 0.0470 0.6389
vn 0.7177 0.0299 0.6957
vn 0.4858 0.0676 0.8715
vn -0.1180 0.1481 0.9819
vn -0.3761 0.2618 0.8888
vn 0.4480 0.0551 0.8924
vn 0.2905 0.0790 0.9536
vn 0.0218 0.1087 0.9938
vn -0.5721 0.2205 0.7900
vn -0.6481 0.2704 0.7119
vn -0.7600 0.3558 0.5438
vn -0.9851 0.1721 -0.0080
vn 0.7619 -0.0203 0.6474
vn -0.4725 0.1581 0.8671
vn -0.7617 0.3056 0.5713
vn -0.9362 0.2183 0.2754
vn -0.3285 -0.8867 -0.3253
vn -0.2510 -0.8644 -0.4357
vn -0.1727 -0.8836 -0.4352
vn -0.1381 -0.9266 -0.3497
vn -0.9792 0.1543 0.1314
vn -0.9948 0.1010 -0.0098
vn -0.9569 -0.1810 -0.2270
vn 0.6186 0.0035 0.7857
vn -0.0405 0.0934 0.9948
vn -0.2370 0.1025 0.9661
vn -0.9962 0.0853 0.0168
vn 0.3915 0.0301 0.9197
vn 0.2035 0.0600 0.9772
vn -0.4902 0.1084 0.8648
vn -0.6854 0.1914 0.7025
vn -0.7026 0.2950 0.6476
vn -0.8548 -0.3775 -0.3563
vn -0.9870 0.0433 -0.1548
vn -0.1326 0.0566 0.9896
vn -0.6487 0.1239 0.7509
vn -0.7871 0.2545 0.5618
vn -0.8720 0.2371 0.4283
vn -0.6734 -0.6932 -0.2569
vn -0.5999 -0.7397 -0.3049
vn -0.6074 -0.7533 -0.2523
vn -0.7424 -0.5895 -0.3185
vn -0.9804 0.1935 -0.0368
vn 0.7456 -0.0369 0.6654
vn 0.6019 -0.0171 0.7984
vn 0.5355 -0.0130 0.8444
vn 0.2719 0.0258 0.9620
vn 0.1502 0.0478 0.9875
vn -0.3309 0.0642 0.9415
vn -0.7325 0.2289 0.6412
vn -0.9894 0.1230 0.0777
vn -0.9790 0.1933 -0.0642
vn 0.1056 0.0327 0.9939
vn -0.2462 0.0476 0.9681
vn -0.1636 0.0470 0.9854
vn -0.5828 0.0679 0.8097
vn -0.6958 0.1004 0.7112
vn -0.8584 0.2263 0.4604
vn -0.9233 0.1915 0.3330
vn -0.9886 0.1423 -0.0500
vn -0.9550 0.1181 -0.2720
vn 0.7356 -0.0525 0.6754
vn 0.2780 0.0043 0.9606
vn 0.5463 -0.0352 0.8369
vn -0.5055 0.0376 0.8620
vn -0.7357 0.1357 0.6636
vn -0.9944 0.0789 -0.0696
vn -0.9062 -0.1306 -0.4022
vn 0.3818 -0.0076 0.9242
vn 0.1503 0.0290 0.9882
vn -0.6761 0.0306 0.7362
vn -0.8093 0.2064 0.5500
vn 0.6975 -0.0753 0.7126
vn 0.7758 -0.0725 0.6268
vn -0.2890 0.0483 0.9561
vn -0.5473 0.0486 0.8356
vn -0.6422 0.0290 0.7660
vn -0.7277 0.0719 0.6821
vn -0.8852 0.2088 0.4158
vn -0.9840 0.1354 0.1161
vn -0.9938 0.0778 -0.0794
vn -0.8807 0.0174 -0.4733
vn -0.8252 -0.2384 -0.5121
vn 0.9069 -0.0961 0.4103
vn 0.9064 -0.0829 0.4141
vn 0.9410 -0.0968 0.3243
vn 0.1732 0.0204 0.9847
vn 0.0538 0.0361 0.9979
vn -0.1364 0.0452 0.9896
vn -0.9419 0.1693 -0.2902
vn -0.9176 0.1752 -0.3568
vn -0.9147 0.1619 -0.3703
vn 0.6568 -0.0598 0.7517
vn 0.7797 -0.0834 0.6206
vn 0.6432 -0.0400 0.7646
vn -0.2596 0.0545 0.9642
vn -0.6768 0.0566 0.7340
vn -0.7408 0.0281 0.6712
vn -0.7779 0.0764 0.6237
vn -0.8747 0.1440 0.4627
vn -0.9604 0.1492 0.2353
vn -0.9916 0.0875 -0.0950
vn -0.9652 0.0951 -0.2437
vn -0.5106 -0.1116 -0.8526
vn -0.2623 -0.2892 -0.9206
vn -0.5379 -0.4841 -0.6902
vn -0.7391 0.1346 -0.6600
vn -0.6245 0.0560 -0.7790
vn -0.7181 0.0495 -0.6942
vn 0.4636 -0.0073 0.8860
vn 0.3146 0.0040 0.9492
vn -0.4812 0.0617 0.8744
vn -0.7742 0.0401 0.6317
vn -0.8572 0.0791 0.5089
vn -0.9069 0.1065 0.4077
vn -0.9672 0.0628 -0.2463
vn -0.8790 0.1713 -0.4451
vn -0.3275 0.0048 -0.9448
vn -0.0053 0.0273 0.9996
vn -0.1548 0.0355 0.9873
vn -0.6505 0.0633 0.7569
vn -0.8126 0.0346 0.5818
vn -0.9006 0.0575 0.4308
vn -0.9045 0.1333 -0.4051
vn -0.6970 0.1391 -0.7034
vn -0.6002 0.1233 -0.7903
vn 0.4497 -0.0233 0.8929
vn 0.2787 -0.0073 0.9604
vn 0.1478 0.0012 0.9890
vn -0.0801 0.0144 0.9967
vn -0.3676 0.0612 0.9280
vn -0.5822 0.0650 0.8105
vn -0.7798 0.0764 0.6214
vn -0.9860 0.0883 0.1417
vn -0.9953 0.0843 -0.0471
vn 0.7356 -0.0526 0.6754
vn 0.7480 -0.0643 0.6606
vn 0.8740 -0.0906 0.4774
vn 0.8819 -0.1004 0.4607
vn 0.9094 -0.0947 0.4051
vn 0.9398 -0.1088 0.3240
vn 0.6239 -0.0284 0.7810
vn 0.2131 -0.0238 0.9767
vn 0.0827 -0.0037 0.9966
vn -0.1819 0.0212 0.9831
vn -0.0731 0.0116 0.9973
vn -0.3529 0.0324 0.9351
vn -0.7406 0.0777 0.6674
vn -0.8091 0.0829 0.5818
vn -0.8341 0.0454 0.5498
vn -0.9320 0.0646 0.3565
vn -0.9569 0.0493 0.2863
vn -0.9634 0.0795 0.2560
vn -0.9124 0.0456 -0.4069
vn 0.4087 -0.0442 0.9116
vn -0.5281 0.0446 0.8480
vn -0.8176 0.0715 0.5713
vn -0.7753 0.0276 -0.6309
vn -0.6440 0.0434 -0.7638
vn -0.7612 0.1081 -0.6394
vn 0.6726 -0.0576 0.7377
vn 0.1813 -0.0069 0.9834
vn -0.2440 0.0250 0.9695
vn -0.7458 0.0673 0.6628
vn -0.9832 0.0697 0.1685
vn -0.9972 0.0658 0.0347
vn 0.5488 -0.0507 0.8344
vn 0.3998 -0.0365 0.9159
vn 0.0116 0.0086 0.9999
vn -0.0558 0.0143 0.9983
vn -0.4245 0.0399 0.9046
vn -0.6632 0.0515 0.7466
vn -0.8109 0.0789 0.5799
vn -0.2470 -0.1063 -0.9632
vn -0.1392 -0.1020 -0.9850
vn -0.2887 -0.0068 -0.9574
vn -0.7355 -0.0394 -0.6764
vn -0.7000 -0.0117 -0.7141
vn -0.9577 0.0502 -0.2833
vn -0.9575 0.0528 -0.2836
vn -0.8860 0.0187 -0.4634
vn 0.6749 -0.0620 0.7353
vn 0.7887 -0.0862 0.6087
vn 0.6180 -0.0652 0.7835
vn 0.2633 -0.0032 0.9647
vn 0.1656 0.0072 0.9862
vn -0.0233 0.0195 0.9995
vn -0.8816 0.0934 0.4627
vn -0.9450 0.0982 0.3119
vn -0.9194 0.1003 0.3803
vn -0.9663 0.0974 0.2385
vn -0.6027 -0.0777 -0.7942
vn -0.8591 0.0145 -0.5115
vn 0.6116 -0.0500 0.7896
vn 0.4287 -0.0190 0.9033
vn -0.0892 0.0306 0.9955
vn -0.2895 0.0437 0.9562
vn -0.5906 0.0505 0.8054
vn -0.8724 0.0798 0.4823
vn -0.9197 0.0859 0.3832
vn -0.9956 0.0689 -0.0641
vn -0.9717 0.0471 -0.2314
vn 0.2490 -0.0032 0.9685
vn -0.4723 0.0625 0.8792
vn -0.7565 0.0585 0.6514
vn -0.7820 0.0547 0.6208
vn -0.9934 0.0959 0.0631
vn -0.9953 0.0928 0.0292
vn -0.8567 0.0031 -0.5158
vn 0.1078 0.0020 0.9942
vn -0.0977 0.0132 0.9951
vn -0.1411 0.0333 0.9894
vn -0.3405 0.0523 0.9388
vn -0.7844 -0.0237 -0.6198
vn -0.7023 -0.0500 -0.7101
vn -0.6096 -0.0922 -0.7873
vn -0.9002 0.0186 -0.4350
vn 0.7174 -0.0730 0.6928
vn 0.7611 -0.0850 0.6431
vn 0.7999 -0.0955 0.5925
vn 0.5428 -0.0321 0.8392
vn 0.3927 -0.0206 0.9195
vn 0.2460 -0.0078 0.9692
vn -0.6624 0.0736 0.7455
vn -0.8055 0.0652 0.5890
vn -0.8530 0.0612 0.5183
vn -0.9021 0.0692 0.4258
vn -0.9138 0.0814 0.3979
vn -0.9729 0.0852 0.2152
vn 0.6648 -0.0597 0.7446
vn 0.7663 -0.0655 0.6392
vn 0.7881 -0.0741 0.6111
vn -0.1936 0.0228 0.9808
vn -0.5407 0.0765 0.8377
vn -0.8670 0.0549 0.4952
vn -0.9739 0.0903 -0.2084
vn -0.9537 0.0733 -0.2917
vn -0.8985 0.0537 -0.4357
vn 0.5613 -0.0512 0.8261
vn 0.4000 -0.0437 0.9155
vn 0.1873 -0.0204 0.9821
vn 0.0759 -0.0151 0.9970
vn -0.1058 -0.0003 0.9944
vn -0.4027 0.0541 0.9137
vn -0.5579 0.0904 0.8250
vn -0.7446 0.1070 0.6589
vn -0.8093 0.0855 0.5812
vn -0.8316 0.0734 0.5505
vn -0.9648 0.0802 0.2503
vn -0.9962 0.0822 0.0269
vn -0.3054 0.0327 0.9517
vn -0.7145 0.1140 0.6903
vn -0.9164 0.0707 0.3940
vn -0.9886 0.0841 -0.1247
vn 0.9176 -0.0977 0.3854
vn 0.9471 -0.1145 0.2999
vn 0.9392 -0.1151 0.3236
vn 0.6093 -0.1239 0.7832
vn 0.4652 -0.1581 0.8710
vn 0.2918 -0.0922 0.9520
vn 0.1537 -0.0815 0.9847
vn -0.0719 0.0253 0.9971
vn -0.1329 0.0052 0.9911
vn 0.0046 -0.0403 0.9992
vn -0.5120 0.0718 0.8559
vn -0.5328 0.0796 0.8425
vn -0.9554 0.0847 0.2828
vn -0.9964 0.0826 -0.0187
vn -0.8882 0.0768 -0.4530
vn -0.7456 0.0584 -0.6639
vn -0.7517 0.0029 -0.6595
vn -0.8374 0.0257 -0.5459
vn -0.8371 0.0073 -0.5470
vn 0.3420 -0.1651 0.9251
vn 0.1999 -0.1284 0.9714
vn 0.3633 -0.2246 0.9042
vn 0.1415 -0.0562 0.9883
vn 0.0527 -0.0274 0.9982
vn -0.3753 0.0718 0.9241
vn -0.7062 0.1142 0.6988
vn -0.7865 0.1237 0.6051
vn -0.8308 0.1135 0.5448
vn -0.8615 0.0986 0.4980
vn -0.9541 0.1068 0.2798
vn -0.9897 0.0900 0.1115
vn -0.9720 0.0795 -0.2210
vn -0.9328 0.0777 -0.3519
vn -0.8485 0.0710 -0.5245
vn 0.3334 -0.0296 0.9423
vn 0.1206 0.0734 0.9900
vn -0.0075 0.1879 0.9822
vn -0.1441 0.1660 0.9755
vn -0.2307 0.1062 0.9672
vn -0.6985 0.1195 0.7056
vn -0.7776 0.1275 0.6157
vn 0.6242 -0.1462 0.7675
vn 0.5820 -0.2782 0.7641
vn 0.6833 -0.2422 0.6888
vn 0.4785 0.0934 0.8731
vn 0.3175 0.1887 0.9293
vn 0.1441 0.2485 0.9579
vn -0.4631 0.1742 0.8690
vn -0.5727 0.1254 0.8101
vn -0.8935 0.1520 0.4226
vn -0.9531 0.1555 0.2596
vn -0.9140 0.1455 0.3788
vn -0.9500 0.1432 0.2774
vn -0.9877 0.1305 0.0862
vn -0.5015 -0.0082 -0.8651
vn -0.2716 -0.0383 -0.9617
vn -0.2859 -0.1046 -0.9525
vn -0.5488 -0.0768 -0.8324
vn -0.9934 0.0976 0.0601
vn -0.5986 0.0532 -0.7993
vn 0.7099 0.0382 0.7032
vn -0.2918 0.2545 0.9220
vn -0.7161 0.2028 0.6678
vn -0.8894 0.0759 -0.4508
vn -0.8371 0.0714 -0.5424
vn 0.7682 -0.3186 0.5553
vn 0.7614 -0.3684 0.5335
vn 0.8536 -0.3018 0.4246
vn 0.3575 0.3531 0.8646
vn 0.2051 0.4087 0.8893
vn 0.0710 0.2677 0.9609
vn -0.1493 0.3942 0.9068
vn -0.5553 0.3275 0.7645
vn -0.7919 0.1497 0.5920
vn -0.8784 0.1433 0.4559
vn -0.9218 0.1515 0.3568
vn -0.3321 0.0332 -0.9427
vn -0.9791 0.0867 -0.1842
vn -0.9547 0.0825 -0.2861
vn -0.7555 0.0628 -0.6521
vn -0.6237 0.0520 -0.7800
vn -0.8974 0.0781 -0.4343
vn 0.8931 -0.1133 0.4354
vn 0.5501 0.3015 0.7788
vn 0.8613 -0.2322 0.4519
vn -0.3256 0.4115 0.8513
vn -0.4496 0.5391 0.7122
vn -0.7013 0.3326 0.6306
vn -0.8917 0.1695 0.4198
vn -0.9849 0.1076 -0.1356
vn -0.8162 0.0677 -0.5738
vn -0.7403 0.0624 -0.6694
vn 0.8690 -0.3713 0.3270
vn 0.8070 0.1980 0.5564
vn 0.4668 0.4877 0.7378
vn 0.0102 0.5212 0.8533
vn -0.1108 0.5956 0.7956
vn -0.7998 0.2167 0.5598
vn -0.9391 0.1609 0.3038
vn -0.9863 0.1602 0.0399
vn -0.5928 0.0513 -0.8037
vn -0.8583 0.0751 -0.5077
vn -0.7867 0.0702 -0.6133
vn 0.9163 0.0543 0.3968
vn 0.9349 -0.2404 0.2609
vn 0.6388 0.4494 0.6245
vn 0.4241 0.6134 0.6663
vn 0.3390 0.6016 0.7233
vn 0.0510 0.6223 0.7811
vn -0.6375 0.4818 0.6012
vn -0.8671 0.2441 0.4342
vn -0.9265 0.2251 0.3016
vn -0.9803 0.1549 0.1224
vn -0.9852 0.1514 -0.0804
vn -0.9482 0.1283 -0.2905
vn 0.9193 -0.3258 0.2208
vn 0.8417 -0.3737 0.3896
vn 0.5786 0.5765 0.5769
vn -0.2083 0.7569 0.6194
vn -0.5151 0.6320 0.5790
vn -0.8015 0.3566 0.4800
vn -0.8721 0.3353 0.3564
vn -0.9855 0.1554 -0.0679
vn -0.6200 0.0614 -0.7822
vn -0.4572 0.0420 -0.8884
vn -0.3806 0.0309 -0.9242
vn -0.7287 0.0736 -0.6809
vn -0.8927 0.0778 -0.4440
vn 0.7823 0.3977 0.4795
vn 0.3945 0.7249 0.5647
vn 0.3216 0.7305 0.6024
vn 0.0241 0.7509 0.6600
vn -0.7465 0.4257 0.5115
vn -0.7961 0.4457 0.4094
vn -0.9661 0.1806 0.1844
vn -0.7694 0.0724 -0.6347
vn -0.9098 0.0915 -0.4048
vn 0.9641 0.0432 0.2620
vn 0.9591 -0.1017 0.2642
vn 0.9410 -0.2980 0.1606
vn 0.5409 0.6506 0.5331
vn -0.6597 0.5642 0.4965
vn -0.7145 0.5195 0.4687
vn -0.7486 0.5848 0.3124
vn -0.6787 0.0631 -0.7317
vn 0.9645 -0.1983 0.1743
vn 0.9810 -0.0961 0.1686
vn 0.9355 0.2022 0.2897
vn -0.8630 0.4486 0.2325
vn -0.9373 0.3119 0.1555
vn -0.9665 0.2314 0.1113
vn -0.9854 0.1705 -0.0043
vn -0.9448 0.1480 -0.2925
vn -0.9005 0.1249 -0.4165
vn -0.7705 0.0828 -0.6320
vn 0.5462 0.7255 0.4186
vn 0.4449 0.8157 0.3698
vn 0.4115 0.7862 0.4611
vn 0.2928 0.8080 0.5112
vn -0.0048 0.8386 0.5447
vn -0.1564 0.8356 0.5266
vn -0.3434 0.7777 0.5265
vn -0.6209 0.6652 0.4146
vn -0.6454 0.6907 0.3262
vn -0.9434 0.1466 -0.2975
vn -0.9047 0.1351 -0.4041
vn -0.8188 0.0986 -0.5656
vn -0.8435 0.0868 -0.5301
vn 0.6978 0.7163 0.0047
vn 0.6132 0.7134 0.3391
vn 0.2141 0.8937 0.3942
vn -0.8809 0.1318 -0.4546
vn -0.7922 0.1098 -0.6003
vn -0.5380 0.7704 0.3421
vn -0.7099 0.6922 0.1295
vn -0.8128 0.5709 0.1156
vn -0.8933 0.4405 0.0892
vn -0.9591 0.1518 -0.2387
vn 0.8269 0.5551 0.0900
vn 0.8922 0.4516 -0.0044
vn 0.6779 0.7094 0.1932
vn 0.5363 0.8298 0.1542
vn 0.3506 0.9260 0.1402
vn 0.1043 0.9675 0.2305
vn -0.0629 0.9492 0.3083
vn -0.3856 0.8806 0.2752
vn -0.5234 0.8262 0.2085
vn -0.9442 0.3292 -0.0055
vn -0.9679 0.2437 -0.0621
vn -0.9698 0.1874 -0.1559
vn -0.7353 0.0993 -0.6705
vn -0.5619 0.0685 -0.8244
vn -0.6602 0.0718 -0.7477
vn -0.4467 0.0393 -0.8938
vn -0.4861 0.0400 -0.8730
vn -0.1343 0.9871 0.0872
vn -0.3922 0.9149 0.0958
vn -0.9051 0.1378 -0.4022
vn -0.8792 0.1273 -0.4592
vn -0.7990 0.1162 -0.5900
vn 0.7279 0.6830 -0.0606
vn -0.5317 0.8469 0.0126
vn -0.7961 0.6002 -0.0773
vn -0.8860 0.4555 -0.0872
vn -0.9395 0.3007 -0.1641
vn -0.9338 0.1899 -0.3034
vn -0.8957 0.1427 -0.4212
vn -0.6495 0.0847 -0.7557
vn 0.9470 0.2806 -0.1566
vn 0.8385 0.5153 -0.1772
vn 0.5727 0.8161 -0.0777
vn 0.4137 0.9103 -0.0172
vn 0.0930 0.9939 -0.0586
vn -0.6947 0.7153 -0.0753
vn -0.8121 0.1172 -0.5716
vn -0.7396 0.0987 -0.6657
vn -0.1236 0.9725 -0.1973
vn -0.3982 0.8940 -0.2055
vn -0.8547 0.1286 -0.5030
vn -0.5784 0.7920 -0.1953
vn -0.8286 0.5142 -0.2215
vn -0.8647 0.3742 -0.3350
vn -0.5333 0.0375 -0.8451
vn -0.6045 0.0723 -0.7933
vn -0.7917 0.1018 -0.6024
vn 0.7667 0.5495 -0.3319
vn 0.6277 0.6913 -0.3579
vn 0.5397 0.7796 -0.3177
vn 0.3890 0.8907 -0.2350
vn -0.7087 0.6434 -0.2895
vn -0.9047 0.2286 -0.3597
vn -0.8752 0.1531 -0.4589
vn -0.4238 0.0498 -0.9044
vn 0.0691 0.9349 -0.3482
vn -0.1616 -0.0084 -0.9868
vn -0.2463 0.0149 -0.9691
vn 0.3793 0.8252 -0.4185
vn -0.5052 0.7876 -0.3528
vn -0.7858 0.4798 -0.3902
vn -0.8399 0.2801 -0.4648
vn -0.7450 0.1006 -0.6594
vn -0.7195 0.0722 -0.6907
vn -0.0921 0.8631 -0.4966
vn -0.3962 0.8223 -0.4086
vn 0.5064 0.6773 -0.5338
vn 0.4212 0.7411 -0.5229
vn 0.1320 0.7963 -0.5903
vn -0.6614 0.5476 -0.5125
vn -0.7640 0.4012 -0.5054
vn -0.7658 0.2243 -0.6027
vn -0.7472 0.1634 -0.6442
vn -0.7925 0.1318 -0.5954
vn -0.5869 0.6500 -0.4827
vn -0.3468 0.7535 -0.5586
vn -0.3025 0.6688 -0.6791
vn -0.3771 0.6933 -0.6141
vn -0.5922 0.5195 -0.6159
vn -0.6601 0.3402 -0.6697
vn -0.6629 0.2536 -0.7044
vn -0.4566 0.5305 -0.7142
vn -0.4882 0.3847 -0.7834
vn -0.6180 0.1339 -0.7747
vn -0.4496 0.0308 -0.8927
vn -0.6226 0.0497 -0.7809
vn 0.1607 -0.9536 0.2546
vn 0.8359 -0.4383 0.3304
vn -0.1230 -0.9888 0.0842
vn 0.8403 -0.0127 0.5419
vn 0.8123 -0.5464 0.2042
vn 0.7452 -0.6589 0.1030
vn 0.3123 -0.9489 0.0463
vn 0.9054 -0.1658 0.3908
vn 0.9209 -0.3259 0.2140
vn 0.1143 -0.9843 -0.1342
vn -0.4204 -0.8976 -0.1324
vn -0.5494 -0.8281 -0.1117
vn 0.8987 -0.4288 0.0920
vn 0.8133 -0.5818 -0.0041
vn 0.6188 -0.7797 -0.0954
vn 0.4213 -0.8945 -0.1494
vn -0.1325 -0.9646 -0.2279
vn 0.9618 -0.1971 0.1901
vn 0.7306 -0.6806 -0.0540
vn 0.7897 0.0603 0.6106
vn 0.5943 -0.7563 -0.2734
vn 0.4170 -0.8249 -0.3818
vn 0.2170 -0.9164 -0.3365
vn -0.3463 -0.8768 -0.3336
vn -0.5042 -0.7947 -0.3379
vn 0.9594 -0.2816 -0.0154
vn 0.8898 -0.4388 -0.1257
vn 0.8058 -0.5634 -0.1824
vn 0.6943 -0.6833 -0.2257
vn 0.0394 -0.9105 -0.4117
vn -0.1510 -0.8795 -0.4514
vn 0.9801 -0.1620 0.1148
vn 0.9863 -0.0941 0.1354
vn -0.3936 -0.7681 -0.5050
vn 0.9842 -0.1671 -0.0585
vn 0.8010 -0.4943 -0.3378
vn 0.8926 -0.3606 -0.2706
vn 0.6380 -0.6693 -0.3809
vn 0.5104 -0.6981 -0.5021
vn 0.2348 -0.7920 -0.5635
vn 0.9202 0.0515 0.3881
vn 0.9512 -0.2523 -0.1774
vn 0.6666 0.0528 0.7436
vn 0.7201 -0.6141 -0.3229
vn -0.0123 -0.7724 -0.6350
vn -0.2001 -0.7702 -0.6056
vn 0.9958 -0.0164 0.0895
vn 0.8465 0.0633 0.5287
vn 0.6202 -0.6049 -0.4994
vn 0.9735 0.0308 0.2266
vn 0.9943 -0.0920 -0.0539
vn 0.9331 0.0486 0.3563
vn 0.8676 0.0412 0.4955
vn 0.7609 0.0475 0.6472
vn 0.8938 -0.2651 -0.3618
vn 0.8246 -0.2943 -0.4832
vn 0.7709 -0.4164 -0.4819
vn 0.9375 -0.1946 -0.2885
vn 0.7056 -0.4559 -0.5425
vn 0.5842 -0.6130 -0.5319
vn 0.3989 -0.6834 -0.6115
vn 0.1411 -0.7178 -0.6817
vn -0.1368 -0.7007 -0.7002
vn 0.9922 0.0249 0.1221
vn 0.9696 -0.1387 -0.2015
vn -0.0268 -0.6975 -0.7161
vn 0.8457 0.0370 0.5324
vn 0.8386 -0.2244 -0.4963
vn 0.7502 -0.3351 -0.5700
vn 0.5799 -0.4935 -0.6482
vn 0.4781 -0.5550 -0.6807
vn 0.5251 -0.4537 -0.7200
vn -0.4019 -0.5202 -0.7536
vn -0.4929 -0.4880 -0.7204
vn 0.9216 0.0313 0.3868
vn 0.9680 0.0267 0.2494
vn 0.9916 -0.0239 -0.1268
vn 0.8986 -0.1746 -0.4025
vn 0.7627 -0.2357 -0.6023
vn 0.6489 -0.3475 -0.6769
vn 0.3351 -0.4863 -0.8070
vn 0.3150 -0.5858 -0.7467
vn 0.9718 0.0162 0.2352
vn 0.9999 0.0043 -0.0107
vn 0.9648 -0.1115 -0.2381
vn 0.6466 0.0712 0.7595
vn 0.5899 -0.2720 -0.7603
vn 0.3738 -0.3409 -0.8626
vn 0.1296 -0.4480 -0.8846
vn 0.1475 -0.5314 -0.8342
vn -0.0944 -0.3943 -0.9141
vn -0.4142 -0.2965 -0.8606
vn 0.8858 -0.0925 -0.4548
vn 0.9175 0.0292 0.3967
vn 0.7706 -0.1928 -0.6074
vn 0.6656 -0.2419 -0.7060
vn -0.2748 -0.3179 -0.9074
vn 0.9999 -0.0011 0.0111
vn 0.9708 -0.0188 -0.2393
vn 0.5886 -0.2072 -0.7814
vn 0.5035 -0.2233 -0.8347
vn 0.1523 -0.2635 -0.9526
vn -0.1569 -0.2415 -0.9576
vn -0.4543 -0.0057 -0.8908
vn -0.5773 0.0795 -0.8126
vn 0.9758 0.0194 0.2176
vn 0.9825 -0.0187 -0.1855
vn 0.7119 -0.2027 -0.6724
vn 0.4720 -0.1692 -0.8652
vn 0.3259 -0.2030 -0.9233
vn -0.2951 -0.1848 -0.9374
vn -0.2453 -0.1822 -0.9522
vn -0.3455 -0.1869 -0.9196
vn -0.3266 -0.0651 -0.9429
vn 0.9999 -0.0057 -0.0155
vn 0.7780 -0.0881 -0.6220
vn 0.7166 -0.1972 -0.6690
vn 0.2203 -0.1318 -0.9665
vn -0.0232 -0.1564 -0.9874
vn -0.0234 -0.1565 -0.9874
vn -0.0236 -0.1566 -0.9874
vn -0.1685 -0.0922 -0.9814
vn -0.1569 -0.2414 -0.9577
vn -0.3793 0.0193 -0.9251
vn 0.8547 -0.0501 -0.5167
vn 0.5427 -0.1681 -0.8229
vn 0.0656 -0.1145 -0.9913
vn -0.0231 -0.1563 -0.9874
vn -0.2262 -0.0263 -0.9737
vn 0.9779 0.0237 0.2079
vn 0.4419 -0.0965 -0.8919
vn 0.3348 -0.1133 -0.9355
vn -0.0638 -0.0444 -0.9970
vn -0.2764 0.0050 -0.9610
vn -0.4098 0.0263 -0.9118
vn 1.0000 0.0036 0.0012
vn 0.9596 -0.0347 -0.2791
vn 0.9921 -0.0223 -0.1238
vn 0.5543 -0.0673 -0.8296
vn 0.0812 -0.0554 -0.9952
vn 0.9853 0.0232 0.1690
vn 0.7913 -0.0729 -0.6071
vn 0.7232 -0.0736 -0.6867
vn 0.2395 -0.0658 -0.9687
vn -0.1006 -0.0195 -0.9947
vn 0.9473 0.0323 0.3187
vn 0.9545 -0.0366 -0.2961
vn 0.5081 -0.0672 -0.8587
vn 0.5601 -0.0854 -0.8240
vn 0.3671 -0.0712 -0.9275
vn -0.1324 -0.0317 -0.9907
vn 0.2171 -0.0737 -0.9734
vn 0.0294 -0.0613 -0.9977
vn 0.9786 0.0323 0.2034
vn 0.9319 -0.0450 -0.3600
vn 0.7984 -0.0659 -0.5985
vn 0.8826 0.0403 0.4684
vn 0.4159 -0.1030 -0.9035
vn -0.1876 -0.0646 -0.9801
vn 0.9993 0.0108 -0.0368
vn 0.9787 -0.0129 -0.2049
vn 0.5372 -0.0998 -0.8375
vn 0.1811 -0.0993 -0.9784
vn -0.2617 -0.1067 -0.9592
vn 0.9995 0.0171 -0.0281
vn 0.9360 0.0361 0.3501
vn 0.8833 -0.0392 -0.4672
vn 0.7014 -0.0734 -0.7090
vn 0.6725 0.0500 0.7384
vn 0.0361 -0.1066 -0.9937
vn -0.1226 -0.1120 -0.9861
vn -0.1141 -0.1092 -0.9874
vn -0.1123 -0.0843 -0.9901
vn -0.4377 -0.1087 -0.8925
vn 0.9759 0.0003 -0.2181
vn 0.9865 0.0380 0.1591
vn 0.1932 -0.1203 -0.9738
vn -0.3418 -0.1065 -0.9337
vn -0.6353 -0.0937 -0.7666
vn 0.8936 -0.0285 -0.4479
vn 0.7550 -0.0542 -0.6535
vn 0.3884 -0.1059 -0.9154
vn -0.4274 -0.1002 -0.8985
vn 0.9812 0.0327 0.1902
vn 0.7250 -0.0543 -0.6866
vn 0.5559 -0.0779 -0.8276
vn 0.1864 -0.1140 -0.9758
vn 0.0044 -0.1264 -0.9920
vn -0.1250 -0.1183 -0.9851
vn -0.6138 -0.1194 -0.7803
vn 0.9997 0.0216 -0.0062
vn 0.8967 -0.0193 -0.4423
vn 0.7827 -0.0366 -0.6214
vn 0.9361 0.0227 0.3509
vn 0.6135 -0.0608 -0.7874
vn -0.1349 -0.1161 -0.9840
vn -0.2271 -0.1169 -0.9668
vn -0.4007 -0.1172 -0.9087
vn 0.9829 0.0055 -0.1839
vn 0.9834 0.0165 0.1809
vn -0.4702 -0.1273 -0.8733
vn 0.9103 -0.0142 -0.4137
vn 0.4342 -0.0812 -0.8972
vn -0.4656 -0.1271 -0.8758
vn -0.5829 -0.1383 -0.8007
vn -0.3941 -0.3486 -0.8504
vn -0.4259 -0.1881 -0.8850
vn -0.2057 -0.4047 -0.8910
vn -0.4745 -0.1805 -0.8615
vn -0.6760 -0.0820 -0.7323
vn -0.3497 -0.1130 -0.9300
vn 0.9833 0.0205 0.1809
vn 0.7445 -0.0389 -0.6665
vn 0.5480 -0.0641 -0.8340
vn 0.2839 -0.0901 -0.9546
vn 0.0340 -0.1090 -0.9935
vn -0.1337 -0.1143 -0.9844
vn -0.2771 -0.1319 -0.9517
vn -0.2876 -0.1333 -0.9484
vn -0.2801 -0.1360 -0.9503
vn -0.4086 -0.1310 -0.9032
vn -0.4504 -0.1251 -0.8840
vn 0.9983 0.0148 -0.0571
vn 0.9834 0.0096 -0.1810
vn 0.6514 -0.0513 -0.7570
vn -0.2714 -0.1311 -0.9535
vn 0.9999 0.0055 -0.0107
vn 0.9370 -0.0084 -0.3493
vn 0.7940 -0.0325 -0.6070
vn 0.5234 -0.0644 -0.8496
vn 0.9821 0.0307 0.1857
vn 0.0276 -0.0944 -0.9952
vn -0.2710 -0.1234 -0.9546
vn 0.7542 -0.0424 -0.6553
vn -0.1456 -0.1038 -0.9839
vn -0.7372 -0.0575 -0.6732
vn 0.9667 0.0063 -0.2559
vn 0.9977 0.0114 -0.0669
vn 0.8897 -0.0042 -0.4566
vn 0.8873 0.0687 0.4561
vn 0.6763 -0.0525 -0.7347
vn 0.5511 -0.0616 -0.8321
vn 0.2562 -0.0814 -0.9632
vn 0.9817 0.0344 0.1872
vn 0.7885 -0.0237 -0.6145
vn -0.2599 -0.0921 -0.9612
vn 0.9979 0.0172 -0.0621
vn 0.3645 -0.0771 -0.9280
vn 0.1073 -0.0920 -0.9900
vn 0.9472 0.0026 -0.3206
vn 0.8414 -0.0077 -0.5403
vn 0.5344 -0.0702 -0.8423
vn -0.1096 -0.0933 -0.9896
vn 0.9693 0.0437 0.2421
vn 0.7450 -0.0384 -0.6660
vn 0.4983 -0.0659 -0.8645
vn 0.9388 0.0071 -0.3445
vn 0.9476 0.0785 0.3097
vn 0.8910 0.0913 0.4447
vn 0.7739 -0.0178 -0.6331
vn 0.2662 -0.0856 -0.9601
vn -0.1722 -0.1010 -0.9799
vn 0.9991 0.0191 -0.0368
vn 0.9979 0.0184 -0.0622
vn 0.9432 -0.0054 -0.3321
vn 0.8576 -0.0124 -0.5142
vn 0.5878 -0.0375 -0.8082
vn -0.7330 -0.1020 -0.6725
vn 0.9875 0.0514 0.1493
vn 0.9998 0.0154 -0.0105
vn 0.9616 -0.0058 -0.2743
vn 0.7949 -0.0284 -0.6061
vn 0.5149 -0.0536 -0.8556
vn 0.0281 -0.0991 -0.9947
vn -0.1553 -0.1027 -0.9825
vn -0.3710 -0.1061 -0.9226
vn 0.9939 -0.0255 0.1070
vn 0.8669 -0.0081 -0.4984
vn 0.5921 -0.0537 -0.8041
vn 0.6784 -0.0412 -0.7336
vn 0.2161 -0.0909 -0.9721
vn 0.9946 0.0728 0.0735
vn 0.9937 0.0824 0.0766
vn 0.9971 0.0248 -0.0714
vn 0.9773 -0.0036 -0.2120
vn 0.8727 -0.0315 -0.4873
vn 0.3811 -0.0788 -0.9212
vn -0.2961 -0.0806 -0.9518
vn -0.2713 -0.0821 -0.9590
vn -0.3646 -0.0827 -0.9275
vn 0.8090 -0.0131 -0.5877
vn 0.6342 -0.0556 -0.7712
vn -0.1219 -0.1023 -0.9873
vn -0.2237 -0.0815 -0.9712
vn -0.2164 -0.0855 -0.9726
vn 0.7924 -0.0391 -0.6088
vn 0.6593 -0.0387 -0.7509
vn 0.6959 -0.0329 -0.7173
vn 0.2242 -0.1041 -0.9690
vn 0.0086 -0.1098 -0.9939
vn 0.9614 -0.0068 -0.2752
vn 0.8994 -0.0305 -0.4360
vn 0.5750 0.2639 0.7744
vn 0.7207 -0.0304 -0.6926
vn 0.5021 -0.0737 -0.8616
vn -0.1714 -0.1352 -0.9759
vn -0.2820 -0.1141 -0.9526
vn -0.3115 -0.1381 -0.9402
vn 0.9974 0.0036 -0.0717
vn 0.9824 0.0596 -0.1769
vn 0.7877 -0.0314 0.6152
vn 0.7966 -0.1798 0.5771
vn 0.4474 0.4694 0.7612
vn 0.9978 -0.0646 -0.0163
vn 0.7727 -0.0490 -0.6329
vn 0.2996 -0.0917 -0.9497
vn 0.3957 -0.0825 -0.9146
vn 0.2906 -0.0981 -0.9518
vn 0.9110 0.0167 -0.4120
vn 0.7489 0.3490 0.5633
vn 0.9967 -0.0792 -0.0192
vn 0.8665 -0.0287 -0.4983
vn 0.3964 0.6751 0.6221
vn 0.5321 0.6096 0.5876
vn 0.6993 -0.0494 -0.7132
vn 0.7212 -0.0431 -0.6914
vn 0.6301 -0.0522 -0.7748
vn 0.4488 -0.0739 -0.8905
vn 0.5886 -0.0597 -0.8062
vn 0.0310 -0.1263 -0.9915
vn 0.1538 -0.0909 -0.9839
vn -0.1371 -0.1372 -0.9810
vn -0.2841 -0.1388 -0.9487
vn 0.9561 0.0334 -0.2912
vn 0.9718 -0.1493 0.1825
vn 0.9084 0.2383 0.3434
vn 0.9736 -0.0962 -0.2070
vn 0.4396 -0.0503 -0.8968
vn 0.5781 -0.0504 -0.8144
vn 0.5832 0.7283 0.3598
vn 0.4248 0.7864 0.4485
vn 0.7774 -0.0152 -0.6289
vn 0.4061 -0.0454 -0.9127
vn -0.0763 -0.1081 -0.9912
vn -0.5562 -0.0806 -0.8271
vn 0.9447 0.0189 0.3275
vn 0.9353 -0.1858 0.3012
vn 0.9636 -0.2667 0.0203
vn 0.9106 -0.0172 -0.4130
vn 0.4315 0.7442 0.5098
vn 0.6964 -0.0598 -0.7152
vn 0.4868 -0.0754 -0.8703
vn 0.1998 -0.0584 -0.9781
vn 0.7688 0.5718 0.2863
vn 0.9583 -0.2583 -0.1226
vn 0.5912 -0.0771 -0.8028
vn 0.2536 -0.0443 -0.9663
vn -0.0275 -0.0558 -0.9981
vn -0.5151 -0.1152 -0.8494
vn 0.6750 -0.0304 -0.7372
vn 0.4155 -0.1005 -0.9040
vn 0.5856 -0.0634 -0.8081
vn 0.3307 -0.1091 -0.9374
vn -0.2796 -0.0344 -0.9595
vn -0.2092 -0.0321 -0.9774
vn -0.2797 -0.0344 -0.9595
vn -0.3370 -0.0971 -0.9365
vn -0.2466 -0.0826 -0.9656
vn -0.3541 -0.0366 -0.9345
vn -0.4854 -0.1825 -0.8550
vn 0.9122 0.4024 0.0777
vn 0.9787 0.0461 0.2002
vn 0.6978 0.7005 0.1496
vn 0.8532 -0.1291 -0.5053
vn 0.8103 -0.0186 -0.5857
vn 0.0541 -0.0760 -0.9956
vn 0.1107 -0.0822 -0.9905
vn 0.0918 -0.0041 -0.9958
vn -0.1120 -0.0966 -0.9890
vn -0.5693 -0.1283 -0.8121
vn 0.9375 -0.2884 0.1946
vn 0.5304 0.8248 0.1957
vn 0.8995 -0.3869 0.2028
vn 0.1195 -0.1197 -0.9856
vn 0.3606 -0.1069 -0.9266
vn 0.4534 -0.0650 -0.8889
vn 0.2002 -0.1198 -0.9724
vn -0.0357 -0.1385 -0.9897
vn -0.4012 -0.1665 -0.9007
vn -0.3018 -0.1901 -0.9342
vn 0.8891 0.2731 0.3672
vn 0.9529 -0.0942 0.2881
vn 0.9083 -0.4176 0.0257
vn 0.7360 -0.3020 -0.6059
vn 0.6205 -0.0434 -0.7830
vn -0.4605 -0.1274 -0.8785
vn 0.7511 0.6181 0.2319
vn 0.5538 0.8234 0.1241
vn 0.5236 -0.0675 -0.8493
vn 0.3120 -0.1328 -0.9408
vn 0.0470 -0.1457 -0.9882
vn -0.2457 -0.1346 -0.9599
vn -0.3394 -0.2141 -0.9160
vn 0.6481 0.7489 0.1378
vn 0.8082 0.5567 0.1924
vn 0.9523 -0.1692 0.2541
vn 0.8106 -0.3951 -0.4322
vn 0.6751 -0.1329 -0.7256
vn -0.4023 -0.1321 -0.9059
vn 0.5676 -0.1481 -0.8099
vn 0.4808 -0.1364 -0.8662
vn -0.2951 -0.1729 -0.9397
vn -0.2939 -0.1720 -0.9402
vn -0.3080 -0.1844 -0.9333
vn -0.3457 -0.1553 -0.9254
vn 0.7276 0.6523 0.2123
vn -0.6776 -0.0862 0.7303
vn 0.9069 -0.3350 0.2557
vn 0.9370 -0.3493 0.0030
vn 0.7434 -0.4060 -0.5316
vn 0.5374 0.8365 0.1069
vn 0.5239 0.8502 0.0515
vn -0.2298 0.0646 0.9711
vn 0.8447 -0.4339 -0.3135
vn 0.7669 -0.4367 -0.4703
vn 0.8516 -0.4448 -0.2774
vn 0.6550 -0.6518 -0.3821
vn 0.4806 -0.2857 -0.8291
vn 0.4585 -0.1776 -0.8708
vn -0.0275 -0.1822 -0.9829
vn -0.2799 -0.1594 -0.9467
vn -0.3358 -0.0847 -0.9381
vn -0.0435 -0.1792 -0.9829
vn 0.5703 0.8040 0.1686
vn 0.5869 0.5201 0.6206
vn 0.4330 -0.1320 -0.8917
vn 0.4824 -0.1343 -0.8656
vn 0.4713 -0.1232 -0.8733
vn 0.3834 -0.1914 -0.9036
vn 0.5924 0.7842 0.1849
vn 0.7520 -0.6378 0.1665
vn 0.4925 -0.8589 -0.1403
vn 0.6184 -0.4981 -0.6079
vn 0.6712 -0.7407 -0.0312
vn 0.5092 -0.2347 -0.8280
vn 0.1121 -0.9760 0.1865
vn 0.1120 -0.9760 0.1865
vn 0.7062 -0.7057 -0.0563
vn 0.6985 -0.6060 -0.3805
vn 0.6345 -0.7729 0.0058
vn 0.7062 -0.4882 -0.5128
vn 0.7905 -0.5575 -0.2535
vn -0.2149 -0.0375 -0.9759
vn -0.2387 -0.0788 -0.9679
vn -0.2407 -0.0916 -0.9663
vn -0.1643 -0.0252 -0.9861
vn 0.2879 -0.7079 0.6450
vn 0.7697 -0.6353 0.0638
vn 0.7936 -0.5871 -0.1597
vn 0.0100 -0.0024 -0.9999
vn -0.0370 -0.0289 -0.9989
vn 0.9905 -0.0766 0.1143
vn 0.5021 0.8618 0.0719
vn -0.1321 0.1362 -0.9818
vn 0.0098 -0.0401 -0.9991
vn 0.1763 -0.0172 -0.9842
vn -0.9638 0.2025 -0.1737
vn -0.9450 0.2870 -0.1568
vn 0.9944 0.0644 0.0835
vn 0.9931 -0.0977 0.0648
vn 0.5400 0.8396 0.0595
vn 0.5979 -0.7551 0.2690
vn 0.0781 -0.0635 -0.9949
vn -0.3596 -0.9328 -0.0254
vn -0.2583 -0.9639 0.0651
vn 0.2651 -0.1519 -0.9522
vn 0.3022 -0.1618 -0.9394
vn 0.1082 -0.1508 -0.9826
vn -0.0182 -0.1718 -0.9850
vn -0.0351 -0.1602 -0.9865
vn -0.1913 -0.0786 -0.9784
vn -0.2177 -0.0612 -0.9741
vn -0.3674 -0.5271 -0.7663
vn 0.9998 -0.0204 0.0088
vn 0.9734 0.2285 -0.0157
vn 0.9921 0.1231 0.0234
vn 0.8127 0.5816 -0.0366
vn 0.2908 0.5956 -0.7488
vn -0.4310 -0.0948 -0.8974
vn 0.9991 -0.0311 0.0284
vn 0.2509 0.9673 0.0370
vn -0.3394 0.5680 -0.7498
vn -0.7965 0.5763 -0.1830
vn 0.9976 -0.0611 0.0327
vn 0.2476 0.9444 0.2162
vn -0.2048 0.9702 -0.1295
vn -0.2926 0.9362 0.1946
vn 0.0658 0.9929 0.0995
vn -0.5410 0.8349 0.1013
vn -0.5960 0.8018 0.0433
vn 0.9993 0.0319 -0.0177
vn 0.8826 -0.2693 0.3854
vn 0.2994 0.9534 -0.0369
vn 0.9869 0.1448 -0.0718
vn 0.9997 -0.0238 0.0113
vn 0.2523 0.9172 -0.3083
vn 0.5004 0.8535 -0.1455
vn -0.3261 -0.9301 -0.1689
vn 0.9999 -0.0017 -0.0123
vn 0.9723 0.2017 -0.1180
vn 0.8325 0.5230 -0.1828
vn 0.8237 -0.3635 0.4352
vn 0.3118 0.8941 -0.3215
vn 0.3561 0.9268 -0.1191
vn 0.4181 0.9001 -0.1225
vn 0.9928 0.0938 -0.0743
vn 0.8304 -0.3696 0.4169
vn 0.4393 0.8870 -0.1421
vn 0.9995 -0.0294 -0.0145
vn 0.9187 -0.2947 0.2630
vn 0.9971 0.0282 -0.0704
vn 0.9992 -0.0226 -0.0325
vn 0.9985 0.0075 -0.0545
vn 0.8799 -0.3409 0.3309
vn 0.9796 0.1544 -0.1289
vn 0.9976 -0.0170 -0.0677
vn 0.9699 0.1718 -0.1725
vn 0.9825 -0.1775 0.0568
vn 0.9699 -0.2320 0.0741
vn 0.9379 -0.2940 0.1844
vn 0.9988 0.0233 -0.0431
vn 0.9987 -0.0047 -0.0511
vn 0.9923 0.0415 -0.1168
vn 0.7783 -0.3957 0.4875
vn 0.9580 0.2059 -0.1996
vn 0.9851 0.0959 -0.1429
vn 0.9519 0.2169 -0.2166
vn 0.9968 0.0312 -0.0731
vn 0.7498 0.5729 -0.3310
vn 0.9925 -0.0861 -0.0869
vn 0.9803 -0.1942 -0.0365
vn 0.9675 -0.2398 0.0798
vn 0.8954 -0.3215 0.3079
vn 0.7795 -0.3934 0.4874
vn 0.9967 -0.0058 -0.0810
vn 0.8292 0.4108 -0.3789
vn 0.9832 -0.1624 -0.0839
vn 0.9396 -0.2719 0.2080
vn 0.9603 0.1510 -0.2347
vn 0.6451 -0.4330 0.6296
vn 0.9248 0.2469 -0.2893
vn 0.8059 0.4516 -0.3830
vn 0.8361 0.3901 -0.3858
vn 0.9312 -0.2755 0.2388
vn 0.9740 0.1125 -0.1965
vn 0.9836 0.0452 -0.1746
vn 0.9809 0.0262 -0.1925
vn 0.9681 0.0022 -0.2505
vn 0.9611 -0.1005 -0.2573
vn 0.9716 -0.1190 -0.2045
vn 0.9869 -0.1440 -0.0724
vn 0.9782 -0.1986 0.0614
vn 0.6866 -0.4386 0.5798
vn 0.9375 0.2122 -0.2759
vn 0.8703 0.3214 -0.3731
vn 0.9757 0.0564 -0.2116
vn 0.6769 0.5499 -0.4893
vn 0.9061 -0.0390 -0.4213
vn 0.6145 0.6117 -0.4983
vn 0.6477 0.5313 -0.5460
vn 0.9165 -0.0546 -0.3963
vn 0.9731 -0.0976 -0.2085
vn 0.9859 -0.1660 0.0211
vn 0.9350 -0.2962 0.1950
vn 0.2636 0.8540 -0.4485
vn 0.3178 0.8271 -0.4636
vn 0.6651 -0.4478 0.5975
vn 0.9350 0.1834 -0.3036
vn 0.8982 0.2405 -0.3681
vn 0.9244 0.1636 -0.3446
vn 0.9586 0.0573 -0.2791
vn 0.9704 -0.2232 0.0923
vn 0.4055 0.7746 -0.4854
vn 0.3369 0.7795 -0.5281
vn 0.6670 -0.4354 0.6047
vn 0.7805 0.3988 -0.4815
vn 0.9391 -0.0240 -0.3428
vn 0.9667 -0.0421 -0.2525
vn 0.9845 -0.0866 -0.1524
vn 0.8437 0.2754 -0.4608
vn 0.9207 0.0683 -0.3841
vn 0.9213 0.1327 -0.3654
vn 0.9220 0.0377 -0.3854
vn 0.8590 -0.0188 -0.5117
vn 0.8589 0.0382 -0.5107
vn 0.9841 -0.1286 -0.1227
vn 0.9316 -0.3101 0.1896
vn 0.8799 -0.3557 0.3149
vn 0.6712 0.4490 -0.5899
vn 0.8168 0.0362 -0.5758
vn 0.9743 -0.2251 -0.0012
vn 0.8151 0.1723 -0.5530
vn 0.8044 0.1055 -0.5847
vn 0.7687 -0.0085 -0.6395
vn 0.7167 0.0287 -0.6968
vn 0.7940 0.0675 -0.6041
vn 0.8473 0.0874 -0.5238
vn 0.9136 0.0283 -0.4056
vn 0.4893 0.5491 -0.6776
vn 0.9648 -0.2584 0.0479
vn 0.9553 -0.2776 0.1017
vn 0.1789 0.6754 -0.7154
vn 0.7509 0.2978 -0.5894
vn 0.7272 0.0565 -0.6841
vn 0.6347 0.4054 -0.6579
vn 0.9421 -0.0296 -0.3339
vn 0.0181 0.6202 -0.7842
vn -0.5410 0.3894 -0.7454
vn 0.6416 0.0917 -0.7616
vn 0.7035 0.1593 -0.6926
vn 0.7599 0.1362 -0.6356
vn 0.8469 0.0930 -0.5235
vn 0.9152 0.0255 -0.4022
vn 0.4644 0.4908 -0.7371
vn 0.9627 -0.1066 -0.2486
vn 0.3343 0.5567 -0.7605
vn 0.9404 -0.3006 0.1590
vn 0.5883 0.0892 -0.8037
vn 0.5892 0.1874 -0.7859
vn 0.8379 0.0906 -0.5382
vn 0.5569 0.3165 -0.7679
vn 0.9739 -0.1888 -0.1259
vn 0.9763 -0.2097 -0.0536
vn 0.7026 0.1983 -0.6834
vn 0.7591 0.1625 -0.6304
vn 0.4772 0.1266 -0.8697
vn 0.5870 0.2153 -0.7804
vn 0.2378 0.2006 -0.9504
vn 0.3030 0.3809 -0.8736
vn 0.0846 0.2940 -0.9521
vn 0.7163 0.1877 -0.6721
vn 0.7987 0.1108 -0.5914
vn 0.8763 0.0101 -0.4816
vn 0.3799 0.1356 -0.9151
vn 0.9372 -0.0937 -0.3359
vn 0.8224 0.0772 -0.5637
vn 0.4347 0.2750 -0.8576
vn 0.2735 0.2597 -0.9261
vn 0.9621 -0.1159 -0.2468
vn 0.9815 -0.1583 -0.1080
vn -0.0225 0.2864 -0.9578
vn 0.6081 -0.4404 0.6605
vn 0.5825 0.2593 -0.7704
vn 0.0921 0.3183 -0.9435
vn 0.9823 -0.1871 0.0038
vn 0.6387 0.2270 -0.7352
vn 0.6869 0.1657 -0.7076
vn 0.7707 0.1104 -0.6275
vn 0.4322 0.3302 -0.8392
vn 0.8847 0.0065 -0.4662
vn 0.3114 0.3615 -0.8788
vn 0.1513 0.3913 -0.9077
vn -0.2378 0.4439 -0.8639
vn -0.7175 0.4087 -0.5641
vn 0.8039 0.0725 -0.5903
vn 0.5002 0.2997 -0.8124
vn 0.9473 -0.0560 -0.3155
vn 0.9795 -0.1105 -0.1683
vn 0.5698 0.2478 -0.7836
vn 0.7585 0.1147 -0.6415
vn 0.7255 0.1385 -0.6742
vn 0.8758 0.0469 -0.4803
vn 0.3034 0.3657 -0.8799
vn 0.9858 -0.1476 -0.0797
vn 0.1960 0.4008 -0.8950
vn 0.0382 0.4260 -0.9039
vn 0.6237 0.2065 -0.7539
vn 0.8278 0.0818 -0.5550
vn -0.1643 0.4488 -0.8784
vn -0.5816 0.4375 -0.6858
vn 0.7499 0.1354 -0.6476
vn 0.7716 0.1288 -0.6229
vn 0.9356 -0.0122 -0.3529
vn 0.9651 -0.0581 -0.2553
vn 0.3998 0.3122 -0.8618
vn 0.9702 -0.0596 -0.2349
vn 0.9830 -0.1217 -0.1377
vn 0.9466 -0.2795 0.1604
vn -0.0871 0.4351 -0.8962
vn 0.6722 0.1844 -0.7171
vn 0.7862 0.1286 -0.6045
vn 0.8893 0.0493 -0.4546
vn 0.1092 0.4037 -0.9084
vn 0.8185 0.1238 -0.5610
vn 0.4586 0.2736 -0.8455
vn 0.9839 -0.1691 -0.0575
vn 0.2211 0.3499 -0.9103
vn 0.9701 -0.2344 0.0629
vn 0.9469 -0.2791 0.1597
vn -0.0150 0.4048 -0.9143
vn 0.9078 0.0409 -0.4174
vn 0.9501 -0.0266 -0.3108
vn 0.7639 0.1568 -0.6259
vn 0.5668 0.2421 -0.7875
vn 0.2830 0.3391 -0.8972
vn 0.9289 -0.3022 0.2143
vn -0.1588 0.4301 -0.8887
vn 0.7832 0.1614 -0.6004
vn 0.8367 0.1148 -0.5355
vn 0.9676 -0.0708 -0.2422
vn 0.9827 -0.1454 -0.1152
vn 0.7461 -0.4490 0.4918
vn 0.4080 0.3292 -0.8516
vn 0.2082 0.3925 -0.8959
vn 0.9747 -0.2213 0.0310
vn -0.0009 0.4096 -0.9123
vn -0.2752 0.4357 -0.8570
vn 0.6699 -0.4794 0.5670
vn 0.6880 0.2146 -0.6933
vn 0.9007 0.0463 -0.4320
vn 0.9133 0.0208 -0.4067
vn 0.9572 -0.0491 -0.2853
vn 0.9413 -0.2796 0.1891
vn 0.9049 -0.3264 0.2734
vn 0.8563 -0.3855 0.3438
vn 0.9765 -0.1191 -0.1794
vn 0.0510 0.4185 -0.9068
vn 0.7739 0.1658 -0.6112
vn 0.8399 0.0969 -0.5341
vn 0.4304 0.3271 -0.8413
vn 0.9838 -0.1551 -0.0897
vn 0.9762 -0.2105 0.0528
vn 0.1054 0.4221 -0.9004
vn 0.7970 0.1370 -0.5882
vn 0.6542 0.2367 -0.7183
vn 0.2605 0.3896 -0.8834
vn 0.9416 -0.2864 0.1772
vn 0.8079 -0.4274 0.4058
vn 0.5550 0.2796 -0.7834
vn 0.9289 -0.0123 -0.3702
vn 0.8124 0.1157 -0.5714
vn 0.8754 0.0595 -0.4797
vn 0.3865 0.3464 -0.8548
vn 0.9659 -0.0730 -0.2484
vn 0.9875 -0.1138 -0.1091
vn -0.0525 0.4421 -0.8954
vn 0.7354 0.1833 -0.6523
vn 0.6456 0.2273 -0.7291
vn 0.7751 0.1437 -0.6152
vn 0.5352 0.2863 -0.7947
vn 0.9835 -0.1806 0.0123
vn 0.1575 0.4103 -0.8982
vn 0.9039 0.0242 -0.4270
vn 0.7509 -0.3528 0.5583
vn 0.5544 0.2642 -0.7892
vn 0.6787 0.2019 -0.7061
vn 0.7643 0.1475 -0.6278
vn 0.8325 0.0905 -0.5466
vn 0.9251 0.0320 -0.3784
vn 0.9611 -0.2526 0.1120
vn 0.2689 0.3730 -0.8880
vn 0.9673 -0.0227 -0.2526
vn 0.4334 0.3135 -0.8449
vn 0.9872 -0.0796 -0.1382
vn 0.0261 0.4217 -0.9064
vn 0.8549 -0.3585 0.3749
vn 0.7858 -0.3963 0.4749
vn 0.8382 0.0929 -0.5375
vn 0.8602 0.0881 -0.5023
vn 0.9874 -0.1577 -0.0168
vn -0.1004 0.4266 -0.8989
vn -0.5018 0.4212 -0.7555
vn 0.5992 0.2456 -0.7620
vn 0.7376 0.1660 -0.6545
vn 0.6707 0.2238 -0.7071
vn 0.8289 0.1186 -0.5467
vn 0.9092 -0.3162 0.2710
vn 0.9050 0.1014 -0.4131
vn 0.9585 0.0292 -0.2835
vn 0.9842 -0.0413 -0.1723
vn -0.1257 0.4321 -0.8930
vn 0.8016 -0.4622 0.3794
vn 0.7084 -0.5550 0.4360
vn 0.7489 0.1850 -0.6363
vn 0.8693 0.1155 -0.4807
vn 0.4347 0.3204 -0.8416
vn 0.9770 -0.2050 0.0585
vn 0.2721 0.3606 -0.8921
vn 0.9462 -0.2685 0.1808
vn -0.0715 0.4240 -0.9029
vn 0.6538 -0.6256 0.4257
vn 0.5737 0.2586 -0.7772
vn 0.9333 -0.2694 0.2372
vn 0.8980 -0.3213 0.3005
vn -0.5918 0.4393 -0.6758
vn 0.7379 0.2420 -0.6301
vn 0.7757 0.2076 -0.5959
vn 0.9904 -0.0873 -0.1072
vn 0.2093 0.3946 -0.8947
vn 0.8471 -0.4345 0.3059
vn -0.0044 0.4353 -0.9003
vn 0.5192 -0.7239 0.4543
vn 0.3713 -0.7927 0.4835
vn 0.8540 0.1912 -0.4839
vn 0.9053 0.1440 -0.3997
vn 0.9524 0.0619 -0.2985
vn 0.5094 0.3204 -0.7987
vn 0.7365 -0.6007 0.3111
vn 0.6640 -0.6724 0.3271
vn -0.5397 0.4604 -0.7048
vn 0.9723 0.0107 -0.2336
vn 0.7658 0.2700 -0.5837
vn 0.9877 -0.1553 -0.0167
vn 0.5956 0.3380 -0.7287
vn 0.9911 -0.1312 0.0217
vn 0.9656 -0.2170 0.1435
vn 0.2836 0.3923 -0.8750
vn 0.0884 0.4320 -0.8976
vn 0.8098 -0.4969 0.3118
vn -0.1811 0.4781 -0.8595
vn -0.4243 0.4759 -0.7704
vn 0.2621 -0.8963 0.3576
vn 0.6833 0.3384 -0.6470
vn 0.9184 -0.3266 0.2234
vn 0.1155 0.4564 -0.8822
vn 0.8480 0.2157 -0.4841
vn 0.9735 0.0373 -0.2258
vn 0.3545 0.4316 -0.8295
vn 0.8483 -0.4735 0.2371
vn -0.0069 -0.9013 0.4332
vn -0.0600 -0.9566 0.2853
vn -0.6457 0.4479 -0.6184
vn 0.9213 0.1368 -0.3641
vn 0.9948 -0.0241 -0.0986
vn 0.7363 0.3154 -0.5987
vn 0.8039 0.2610 -0.5345
vn 0.1182 0.5025 -0.8565
vn 0.7887 -0.5716 0.2265
vn -0.0836 0.5006 -0.8616
vn 0.9889 -0.1184 0.0895
vn 0.9614 -0.2107 0.1767
vn 0.2420 -0.9526 0.1844
vn 0.8461 0.2482 -0.4717
vn 0.4971 -0.8629 0.0915
vn 0.8717 0.3081 -0.3812
vn 0.9793 0.1143 -0.1671
vn 0.9977 -0.0123 0.0663
vn -0.0934 0.5590 -0.8239
vn 0.6481 -0.7537 0.1091
vn -0.3095 0.5622 -0.7669
vn -0.1395 -0.9784 0.1528
vn -0.3192 -0.9308 0.1781
vn 0.9477 0.1721 -0.2688
vn 0.5108 0.4816 -0.7122
vn 0.6992 0.3798 -0.6056
vn 0.8786 -0.4551 0.1444
vn 0.7700 -0.6289 0.1079
vn -0.6505 -0.7205 0.2403
vn -0.6924 -0.6534 0.3061
vn 0.9949 0.1005 -0.0095
vn 0.7573 0.3591 -0.5455
vn 0.9457 -0.3001 0.1250
vn 0.8374 -0.5272 0.1446
vn -0.0335 0.6197 -0.7841
vn 0.2081 -0.9760 0.0634
vn 0.9846 -0.1291 0.1176
vn 0.9856 -0.1601 0.0542
vn 0.7221 0.4813 -0.4969
vn 0.9930 -0.0783 0.0881
vn 0.8991 0.3830 -0.2120
vn 0.9710 0.2260 -0.0774
vn 0.8305 0.3905 -0.3972
vn 0.5828 0.5433 -0.6043
vn 0.3063 0.6862 -0.6598
vn 0.5976 -0.8018 0.0024
vn 0.8800 -0.4744 0.0237
vn -0.0570 0.7557 -0.6525
vn 0.2428 -0.9656 -0.0933
vn 0.8254 0.5292 -0.1968
vn 0.9182 -0.3941 0.0404
vn 0.7102 0.5646 -0.4204
vn 0.4795 -0.8765 -0.0419
vn 0.9907 -0.0422 0.1290
vn 0.9659 -0.2585 -0.0139
vn 0.9727 0.0458 0.2274
vn 0.7726 0.6029 -0.1991
vn 0.7706 0.6068 -0.1949
vn 0.7806 -0.6248 -0.0149
vn 0.7282 -0.6848 -0.0290
vn -0.4593 -0.8785 -0.1315
vn 0.9859 -0.1631 -0.0367
vn 0.9923 -0.1139 0.0478
vn 0.8098 0.3566 0.4659
vn 0.5157 0.7791 0.3565
vn 0.6071 -0.7832 -0.1340
vn 0.4197 -0.8901 -0.1776
vn 0.9234 -0.3705 -0.1002
vn 0.8894 -0.4407 -0.1212
vn 0.7878 -0.6061 -0.1098
vn 0.7325 -0.6612 -0.1621
vn 0.9813 -0.0348 0.1893
vn 0.1171 -0.9574 -0.2639
vn -0.2454 -0.9389 -0.2413
vn 0.9881 -0.1493 -0.0375
vn 0.8483 0.2505 0.4665
vn -0.4249 -0.8815 -0.2060
vn 0.9932 -0.1048 0.0498
vn 0.8483 0.1762 0.4993
vn 0.3561 -0.8748 -0.3284
vn 0.9173 0.0753 0.3910
vn 0.9523 0.0408 0.3026
vn 0.9655 -0.2208 -0.1378
vn 0.9096 -0.3533 -0.2185
vn 0.8620 -0.4330 -0.2635
vn 0.7239 -0.6250 -0.2923
vn 0.5947 -0.7520 -0.2842
vn 0.7928 0.1360 0.5941
vn 0.7807 -0.5792 -0.2346
vn 0.1340 -0.8762 -0.4629
vn 0.9333 0.0082 0.3589
vn 0.9903 -0.0655 0.1221
vn 0.9834 -0.1516 -0.0997
vn 0.9622 -0.1863 -0.1986
vn 0.8995 -0.2520 -0.3570
vn 0.7486 -0.5650 -0.3470
vn 0.6148 -0.6263 -0.4795
vn 0.4568 -0.7788 -0.4300
vn 0.9175 -0.0502 0.3946
vn 0.8906 0.0045 0.4547
vn 0.8390 -0.3667 -0.4019
vn 0.7632 -0.4637 -0.4500
vn 0.8244 -0.0314 0.5651
vn 0.8890 -0.0627 0.4536
vn 0.6953 -0.4623 -0.5502
vn 0.7111 -0.5064 -0.4877
vn 0.9855 -0.0814 0.1486
vn 0.9920 -0.1110 -0.0600
vn 0.7195 -0.4064 -0.5631
vn 0.4015 -0.7357 -0.5454
vn 0.8076 -0.0501 0.5875
vn 0.9933 -0.1138 -0.0215
vn 0.9564 -0.1603 -0.2440
vn 0.9210 -0.1868 -0.3418
vn 0.7907 -0.2924 -0.5379
vn 0.9449 -0.1013 0.3112
vn 0.8517 -0.2084 -0.4807
vn 0.8169 -0.2159 -0.5348
vn 0.9842 -0.1304 0.1202
vn 0.9766 -0.1300 -0.1711
vn 0.6825 -0.4017 -0.6106
vn 0.5358 -0.5476 -0.6427
vn 0.5939 -0.5172 -0.6162
vn 0.5900 -0.5367 -0.6033
vn 0.1490 -0.8021 -0.5783
vn -0.0355 -0.8370 -0.5460
vn 0.9776 -0.1902 -0.0904
vn 0.3871 -0.4944 -0.7783
vn 0.3024 -0.6573 -0.6903
vn 0.1854 -0.6291 -0.7549
vn -0.1126 -0.7448 -0.6577
vn -0.3934 -0.7551 -0.5245
vn -0.3742 -0.6556 -0.6559
vn 0.8166 -0.0757 0.5722
vn 0.8211 -0.0674 0.5669
vn 0.8867 -0.0769 0.4558
vn 0.9265 -0.1004 0.3627
vn 0.9799 -0.1503 0.1314
vn 0.9810 -0.1936 -0.0103
vn 0.9745 -0.1602 -0.1569
vn 0.8509 -0.1940 -0.4882
vn 0.7752 -0.2094 -0.5961
vn 0.7625 -0.2060 -0.6133
vn 0.6377 -0.1990 -0.7441
vn 0.6490 -0.2642 -0.7135
vn 0.5819 -0.2335 -0.7790
vn 0.5705 -0.3380 -0.7485
vn 0.0018 -0.5610 -0.8278
vn -0.5838 -0.6370 -0.5035
vn 0.9223 -0.1658 -0.3491
vn 0.4422 -0.3203 -0.8378
vn 0.2292 -0.4796 -0.8470
vn -0.7728 -0.3907 -0.5000
vn 0.9583 -0.1631 -0.2346
vn 0.5552 -0.1809 -0.8118
vn 0.6309 -0.2283 -0.7415
vn 0.4341 -0.1538 -0.8876
vn 0.2422 -0.3203 -0.9158
vn 0.8397 -0.0986 0.5341
vn 0.8569 -0.0803 0.5092
vn 0.9223 -0.0965 0.3743
vn 0.9826 -0.1368 0.1256
vn 0.9838 -0.1753 -0.0369
vn 0.9146 -0.2047 -0.3488
vn 0.3322 -0.1715 -0.9275
vn 0.0576 -0.3335 -0.9410
vn 0.8038 -0.2030 -0.5593
vn 0.5262 -0.2351 -0.8172
vn 0.3698 -0.1493 -0.9170
vn 0.2678 -0.0871 -0.9595
vn 0.2076 -0.1485 -0.9669
vn 0.9554 -0.1028 0.2769
vn 0.9114 -0.0948 0.4004
vn 0.9907 -0.1247 0.0546
vn 0.1890 -0.1227 -0.9743
vn 0.1882 -0.0539 -0.9807
vn 0.0068 -0.1197 -0.9928
vn 0.9473 -0.2199 -0.2330
vn 0.8440 -0.2213 -0.4885
vn 0.7539 -0.2395 -0.6118
vn 0.7414 -0.2185 -0.6345
vn 0.6025 -0.2388 -0.7615
vn 0.5035 -0.2598 -0.8240
vn 0.3173 -0.2411 -0.9171
vn 0.1499 -0.0491 -0.9875
vn 0.0288 -0.0075 -0.9996
vn 0.9908 -0.1034 0.0869
vn 0.9773 -0.1520 -0.1472
vn 0.9610 -0.2146 -0.1743
vn 0.1616 -0.2351 -0.9584
vn 0.1393 -0.2194 -0.9656
vn 0.0303 -0.0091 -0.9995
vn -0.1831 0.0325 -0.9826
vn -0.4540 0.0885 -0.8866
vn 0.8900 -0.0855 0.4479
vn 0.9851 -0.1115 0.1312
vn 0.9904 -0.1185 -0.0707
vn -0.0034 -0.1532 -0.9882
vn -0.0186 -0.0580 -0.9981
vn -0.6159 0.1084 -0.7803
vn 0.9895 -0.1211 0.0784
vn 0.8751 -0.2418 -0.4192
vn 0.8079 -0.0746 0.5846
vn 0.9064 -0.1173 0.4057
vn 0.9431 -0.0982 0.3177
vn 0.9923 -0.1235 -0.0111
vn 0.9231 -0.2052 -0.3252
vn 0.6457 -0.2489 -0.7219
vn 0.5731 -0.2515 -0.7800
vn 0.4667 -0.2288 -0.8543
vn -0.0901 -0.1513 -0.9844
vn 0.9779 -0.1075 0.1792
vn 0.9696 -0.1279 -0.2088
vn -0.4377 -0.0819 -0.8954
vn 0.8279 -0.2304 -0.5114
vn 0.7823 -0.2521 -0.5696
vn 0.3224 -0.2385 -0.9161
vn 0.0230 -0.2233 -0.9745
vn -0.1428 -0.1818 -0.9729
vn 0.9888 -0.1008 0.1104
vn 0.9683 -0.1226 -0.2174
vn 0.9364 -0.1440 -0.3199
vn -0.2884 -0.1822 -0.9400
vn 0.8453 -0.0937 0.5261
vn 0.9528 -0.1121 0.2821
vn 0.9921 -0.1079 0.0640
vn 0.9785 -0.1218 -0.1664
vn 0.9469 -0.1179 -0.2992
vn 0.8565 -0.1758 -0.4852
vn 0.6969 -0.2554 -0.6701
vn 0.6104 -0.2612 -0.7478
vn 0.9871 -0.1085 -0.1174
vn 0.4804 -0.2425 -0.8429
vn 0.1995 -0.2464 -0.9484
vn -0.1874 -0.2128 -0.9589
vn -0.3971 -0.1631 -0.9032
vn 0.9035 -0.1205 0.4113
vn 0.8889 -0.1099 0.4447
vn 0.9420 -0.1221 0.3125
vn 0.9904 -0.1249 0.0587
vn 0.7339 -0.2324 -0.6383
vn 0.8792 -0.0991 -0.4660
vn 0.8750 -0.0952 -0.4747
vn 0.8406 -0.1206 -0.5280
vn 0.7974 -0.1686 -0.5795
vn 0.5993 -0.2204 -0.7696
vn -0.0348 -0.1794 -0.9832
vn -0.4403 -0.1182 -0.8901
vn 0.9877 -0.1288 0.0882
vn 0.5692 -0.1947 -0.7988
vn 0.6276 -0.1935 -0.7541
vn 0.4775 -0.2088 -0.8535
vn 0.2393 -0.1895 -0.9523
vn 0.9787 -0.1098 -0.1735
vn 0.9815 -0.0965 -0.1656
vn 0.9189 -0.1020 -0.3812
vn 0.7509 -0.0990 -0.6529
vn -0.2596 -0.1527 -0.9536
vn 0.8033 -0.1491 0.5766
vn 0.8411 -0.0937 0.5328
vn 0.8990 -0.0990 0.4267
vn 0.9884 -0.1265 -0.0843
vn 0.8994 -0.0947 -0.4267
vn 0.7560 -0.0800 -0.6496
vn 0.3743 -0.1632 -0.9129
vn 0.9337 -0.1026 0.3430
vn 0.9854 -0.1396 0.0970
vn 0.5278 -0.1315 -0.8391
vn 0.1444 -0.1374 -0.9799
vn 0.9771 -0.1481 0.1526
vn 0.9540 -0.1122 -0.2782
vn 0.7973 -0.0865 -0.5974
vn 0.7774 -0.0751 -0.6245
vn 0.7045 -0.0717 -0.7060
vn -0.0827 -0.1098 -0.9905
vn 0.8880 -0.1015 0.4484
vn 0.9523 -0.1106 0.2845
vn 0.9838 -0.1447 -0.1056
vn 0.9299 -0.1164 -0.3489
vn 0.5048 -0.0527 -0.8616
vn 0.3641 -0.0934 -0.9267
vn 0.9891 -0.1321 -0.0651
vn 0.9203 -0.1307 -0.3688
vn 0.8959 -0.0950 -0.4340
vn 0.4464 -0.0345 -0.8942
vn 0.6001 -0.0492 -0.7984
vn 0.5205 -0.0449 -0.8527
vn 0.3259 -0.0335 -0.9448
vn 0.1217 -0.0565 -0.9910
vn 0.8950 -0.2542 0.3666
vn 0.9924 -0.0866 0.0875
vn 0.8229 -0.0849 -0.5618
vn 0.7656 -0.0817 -0.6381
vn 0.0889 -0.0030 -0.9960
vn -0.0995 -0.0014 -0.9950
vn 0.9528 -0.2882 0.0957
vn 0.9814 -0.1743 0.0810
vn 0.7740 -0.0899 -0.6268
vn 0.5452 -0.0547 -0.8365
vn 0.2112 -0.0135 -0.9773
vn 0.8849 -0.4352 0.1661
vn 0.8631 -0.4375 0.2521
vn 0.8998 -0.4235 0.1053
vn 0.9112 -0.2844 0.2981
vn 0.9959 -0.0879 -0.0218
vn 0.9184 -0.0822 -0.3869
vn 0.9279 -0.1408 -0.3453
vn 0.8027 -0.0851 -0.5903
vn 0.4425 -0.0380 -0.8960
vn 0.9645 -0.1616 -0.2089
vn 0.7781 -0.0711 -0.6242
vn 0.2281 -0.0200 -0.9734
vn 0.0177 0.0010 -0.9998
vn -0.1899 0.0178 -0.9816
vn 0.9047 -0.4214 0.0627
vn 0.9418 -0.3359 -0.0170
vn 0.8119 -0.1139 -0.5726
vn 0.3757 -0.0388 -0.9259
vn 0.9060 -0.4230 -0.0128
vn 0.7284 -0.0813 -0.6803
vn 0.5661 -0.0546 -0.8225
vn 0.6159 -0.0490 -0.7863
vn 0.5946 -0.0612 -0.8017
vn 0.4427 -0.0538 -0.8951
vn 0.0982 -0.0111 -0.9951
vn -0.0669 0.0070 -0.9977
vn -0.2739 0.0269 -0.9614
vn 0.9393 -0.3275 0.1026
vn 0.9195 -0.3833 0.0877
vn 0.8192 0.4320 0.3772
vn 0.6558 0.3375 0.6753
vn 0.9013 -0.3190 -0.2930
vn 0.8319 -0.0911 -0.5474
vn 0.6296 -0.0682 -0.7739
vn 0.2524 -0.0469 -0.9665
vn 0.8715 -0.4675 -0.1482
vn 0.8806 -0.4212 -0.2168
vn 0.8936 -0.2227 -0.3897
vn 0.8327 -0.1196 -0.5407
vn 0.7613 -0.1034 -0.6401
vn 0.7156 -0.1026 -0.6909
vn 0.4867 -0.0429 -0.8725
vn -0.0637 -0.0020 -0.9980
vn -0.4023 0.0397 -0.9147
vn 0.9676 0.2135 0.1345
vn 0.9330 -0.3593 0.0183
vn 0.5493 -0.0561 -0.8337
vn 0.0226 -0.0202 -0.9995
vn -0.1897 0.0101 -0.9818
vn 0.9985 0.0179 0.0519
vn 0.9944 -0.0228 0.1032
vn 0.9981 -0.0251 0.0558
vn 0.9888 -0.1230 0.0852
vn 0.9683 -0.2358 0.0818
vn 0.9759 -0.2055 0.0736
vn 0.9062 0.3787 0.1880
vn 0.8416 -0.2989 -0.4499
vn 0.7468 -0.0443 -0.6636
vn 0.5360 -0.0740 -0.8410
vn 0.6334 -0.0767 -0.7700
vn 0.3962 -0.0484 -0.9169
vn 0.1796 -0.0384 -0.9830
vn -0.2703 0.0110 -0.9627
vn 0.9998 0.0123 0.0179
vn 0.9702 0.2272 0.0845
vn 0.8597 -0.4698 -0.2005
vn 0.8361 -0.4808 -0.2641
vn 0.6519 -0.0580 -0.7561
vn 0.6888 -0.0538 -0.7230
vn 0.6672 -0.0731 -0.7413
vn 0.5361 -0.0595 -0.8420
vn -0.0486 -0.0147 -0.9987
vn 0.9978 -0.0197 -0.0637
vn 0.9891 -0.1151 -0.0914
vn 0.9577 -0.2757 -0.0827
vn 0.9762 0.2026 -0.0775
vn 0.7311 -0.0788 -0.6777
vn 0.1251 -0.0295 -0.9917
vn 0.9141 -0.3944 -0.0940
vn 0.6333 -0.0875 -0.7689
vn 0.3729 -0.0447 -0.9268
vn -0.0837 0.0030 -0.9965
vn -0.3185 0.0320 -0.9474
vn 0.9912 0.0189 -0.1308
vn 0.9817 -0.0790 -0.1732
vn 0.9776 -0.1252 -0.1690
vn 0.9512 -0.2791 -0.1315
vn 0.6548 -0.4002 -0.6411
vn 0.7933 -0.4386 -0.4223
vn 0.7455 -0.4045 -0.5297
vn 0.6569 -0.3585 -0.6633
vn 0.7292 -0.2737 -0.6272
vn 0.6276 -0.2221 -0.7462
vn 0.5402 -0.0327 -0.8409
vn 0.9239 0.2646 -0.2764
vn 0.9702 0.0643 -0.2338
vn 0.9112 -0.2800 -0.3021
vn 0.8523 -0.4170 -0.3158
vn 0.8224 -0.3631 -0.4380
vn 0.7186 -0.4354 -0.5423
vn 0.3618 -0.0284 -0.9318
vn 0.1834 -0.0132 -0.9830
vn -0.4387 0.0506 -0.8972
vn 0.9446 0.0781 -0.3186
vn 0.9829 0.0325 -0.1814
vn 0.9680 -0.0684 -0.2415
vn 0.9295 -0.1779 -0.3231
vn 0.5343 -0.2547 -0.8060
vn 0.5000 -0.0469 -0.8648
vn 0.3577 -0.0366 -0.9331
vn -0.1905 0.0225 -0.9814
vn 0.8460 0.2228 -0.4844
vn 0.9376 0.0006 -0.3476
vn 0.8906 -0.1059 -0.4422
vn 0.8369 -0.2412 -0.4914
vn 0.5896 -0.3307 -0.7369
vn 0.5472 -0.3827 -0.7444
vn 0.4715 -0.1381 -0.8710
vn 0.0519 0.0003 -0.9987
vn 0.7911 -0.0003 -0.6117
vn 0.6719 -0.1540 -0.7244
vn 0.4679 -0.2793 -0.8385
vn 0.7610 0.3303 -0.5583
vn 0.8463 0.1482 -0.5117
vn 0.6162 0.5906 -0.5211
vn 0.3968 -0.2809 -0.8739
vn 0.3269 -0.1840 -0.9270
vn 0.1791 -0.0534 -0.9824
vn -0.6136 0.0327 -0.7889
vn 0.6358 0.2962 -0.7127
vn 0.4331 -0.2118 -0.8761
vn 0.4169 -0.2931 -0.8604
vn 0.0666 -0.1195 -0.9906
vn -0.2294 -0.0658 -0.9711
vn -0.4500 -0.0199 -0.8928
vn 0.6014 0.4146 -0.6830
vn 0.5981 0.0751 -0.7979
vn 0.5830 -0.0362 -0.8117
vn 0.3130 -0.2271 -0.9222
vn 0.1339 -0.2034 -0.9699
vn 0.2801 -0.2757 -0.9195
vn -0.1818 -0.1257 -0.9753
vn -0.4929 -0.0322 -0.8695
vn 0.4225 0.0003 -0.9064
vn 0.4703 0.5812 -0.6641
vn 0.3383 0.6630 -0.6678
vn 0.3303 -0.2668 -0.9054
vn -0.0486 0.7775 -0.6271
vn 0.4496 0.4136 -0.7917
vn 0.4227 -0.1176 -0.8986
vn 0.3039 0.5548 -0.7745
vn 0.1702 0.6752 -0.7177
vn 0.2212 -0.2326 -0.9471
vn -0.2766 -0.0960 -0.9562
vn 0.4666 0.2900 -0.8356
vn 0.4897 0.1748 -0.8542
vn 0.3366 -0.1287 -0.9328
vn -0.0795 0.6354 -0.7680
vn -0.2312 0.5308 -0.8153
vn -0.0191 -0.1697 -0.9853
vn 0.3431 0.4208 -0.8398
vn 0.3343 0.1541 -0.9298
vn 0.2522 0.0624 -0.9657
vn 0.1920 0.5875 -0.7861
vn 0.1087 -0.0505 -0.9928
vn -0.0204 0.5071 -0.8616
vn -0.1369 -0.0256 -0.9902
vn -0.4460 0.2341 -0.8639
vn -0.3973 0.1116 -0.9109
vn 0.1945 0.3160 -0.9286
vn 0.1922 0.4835 -0.8540
vn 0.0848 0.4210 -0.9031
vn 0.0401 0.1810 -0.9827
vn -0.2157 0.3504 -0.9114
vn -0.1549 0.1208 -0.9805
vt 0.861147 0.086294
vt 0.871376 0.093377
vt 0.871784 0.076503
vt 0.863133 0.076492
vt 0.879078 0.077409
vt 0.878493 0.064936
vt 0.871187 0.064701
vt 0.851763 0.076484
vt 0.862428 0.094459
vt 0.852642 0.093130
vt 0.862547 0.065531
vt 0.854955 0.067202
vt 0.869763 0.056495
vt 0.879442 0.091965
vt 0.878500 0.053620
vt 0.885407 0.057477
vt 0.886588 0.087324
vt 0.885987 0.075459
vt 0.888840 0.064775
vt 0.890971 0.081476
vt 0.848137 0.086852
vt 0.855511 0.102839
vt 0.863444 0.104932
vt 0.860856 0.055860
vt 0.870642 0.105246
vt 0.871025 0.048082
vt 0.878294 0.100546
vt 0.886604 0.100599
vt 0.894992 0.057334
vt 0.896937 0.075627
vt 0.841250 0.062393
vt 0.840909 0.051337
vt 0.834481 0.054840
vt 0.839045 0.041711
vt 0.827987 0.045845
vt 0.848212 0.103614
vt 0.830026 0.034717
vt 0.836713 0.029495
vt 0.829768 0.022460
vt 0.861230 0.046024
vt 0.878913 0.110432
vt 0.145221 0.058608
vt 0.141371 0.067159
vt 0.153415 0.063582
vt 0.149237 0.072464
vt 0.886547 0.049138
vt 0.893816 0.103251
vt 0.895901 0.092041
vt 0.754374 0.696379
vt 0.748625 0.699611
vt 0.753243 0.706269
vt 0.761045 0.682963
vt 0.755104 0.687024
vt 0.762609 0.694355
vt 0.834039 0.073312
vt 0.843746 0.077961
vt 0.847072 0.067394
vt 0.831179 0.059887
vt 0.853423 0.118872
vt 0.888706 0.112785
vt 0.746885 0.708763
vt 0.764885 0.669311
vt 0.759908 0.664898
vt 0.757423 0.676116
vt 0.748472 0.688000
vt 0.834327 0.087919
vt 0.844711 0.120323
vt 0.825557 0.027529
vt 0.819948 0.034868
vt 0.862447 0.121763
vt 0.869985 0.130887
vt 0.766179 0.659526
vt 0.743228 0.691936
vt 0.754043 0.671030
vt 0.750978 0.679453
vt 0.824790 0.069701
vt 0.821787 0.058035
vt 0.839738 0.094199
vt 0.146798 0.042183
vt 0.146845 0.049047
vt 0.154854 0.044568
vt 0.898690 0.110904
vt 0.760563 0.654022
vt 0.851306 0.132926
vt 0.157244 0.070183
vt 0.165968 0.074797
vt 0.165860 0.067447
vt 0.741187 0.697827
vt 0.740575 0.703920
vt 0.752946 0.659871
vt 0.748971 0.667692
vt 0.745951 0.677041
vt 0.826802 0.097038
vt 0.840628 0.131490
vt 0.861503 0.135774
vt 0.880158 0.131750
vt 0.890231 0.129011
vt 0.754538 0.651650
vt 0.741937 0.683465
vt 0.835316 0.104983
vt 0.147794 0.032633
vt 0.158967 0.038160
vt 0.157389 0.030342
vt 0.760689 0.636860
vt 0.753933 0.639345
vt 0.735079 0.692549
vt 0.859496 0.145266
vt 0.850440 0.147813
vt 0.870135 0.142188
vt 0.880020 0.141456
vt 0.732932 0.699941
vt 0.747839 0.655992
vt 0.736444 0.685240
vt 0.743039 0.664472
vt 0.740133 0.673835
vt 0.840139 0.148409
vt 0.859856 0.156975
vt 0.869585 0.151260
vt 0.879599 0.147701
vt 0.887008 0.138205
vt 0.825878 0.119704
vt 0.850653 0.165007
vt 0.885102 0.145928
vt 0.760474 0.628317
vt 0.752263 0.629737
vt 0.744265 0.636330
vt 0.729387 0.689422
vt 0.737313 0.663081
vt 0.840880 0.165328
vt 0.860438 0.188784
vt 0.870865 0.186845
vt 0.881696 0.163406
vt 0.760769 0.621084
vt 0.748866 0.619991
vt 0.725039 0.698149
vt 0.740439 0.652923
vt 0.731996 0.679643
vt 0.735208 0.671188
vt 0.808616 0.108824
vt 0.815007 0.105494
vt 0.813015 0.088104
vt 0.827921 0.145982
vt 0.835255 0.137881
vt 0.834508 0.121425
vt 0.850801 0.196852
vt 0.881426 0.185895
vt 0.764291 0.605296
vt 0.759084 0.589813
vt 0.757218 0.613261
vt 0.739256 0.638070
vt 0.836228 0.158383
vt 0.841386 0.186794
vt 0.887377 0.189223
vt 0.760829 0.581514
vt 0.745069 0.624491
vt 0.725010 0.679329
vt 0.730058 0.666010
vt 0.727730 0.673884
vt 0.841530 0.211587
vt 0.861433 0.214991
vt 0.872709 0.228779
vt 0.882879 0.208894
vt 0.747817 0.610803
vt 0.723018 0.685696
vt 0.732884 0.655602
vt 0.828703 0.162137
vt 0.816930 0.126008
vt 0.887503 0.214308
vt 0.733581 0.637661
vt 0.733090 0.644620
vt 0.852065 0.234642
vt 0.862227 0.248713
vt 0.761918 0.558419
vt 0.758182 0.562146
vt 0.750664 0.577766
vt 0.739139 0.610318
vt 0.735942 0.624299
vt 0.723014 0.668363
vt 0.842469 0.231245
vt 0.882912 0.231205
vt 0.195934 0.069828
vt 0.204545 0.067319
vt 0.200184 0.057382
vt 0.718540 0.680138
vt 0.712951 0.687881
vt 0.718444 0.692733
vt 0.726642 0.636150
vt 0.727018 0.652875
vt 0.723523 0.659497
vt 0.852456 0.262921
vt 0.874053 0.262270
vt 0.883576 0.257584
vt 0.889929 0.236095
vt 0.761014 0.538084
vt 0.714675 0.672885
vt 0.838157 0.226390
vt 0.838206 0.200797
vt 0.829339 0.211975
vt 0.842195 0.258037
vt 0.759924 0.526836
vt 0.728538 0.624853
vt 0.716211 0.664580
vt 0.874847 0.290234
vt 0.890629 0.266283
vt 0.891455 0.248184
vt 0.740519 0.567509
vt 0.737736 0.589786
vt 0.729755 0.611735
vt 0.707711 0.675090
vt 0.709868 0.681236
vt 0.719953 0.645417
vt 0.842816 0.292287
vt 0.853125 0.299762
vt 0.863874 0.302465
vt 0.722098 0.631131
vt 0.714235 0.656145
vt 0.732495 0.858269
vt 0.735943 0.849286
vt 0.740855 0.857189
vt 0.890099 0.291361
vt 0.761634 0.509932
vt 0.753809 0.524745
vt 0.744834 0.543732
vt 0.731861 0.589535
vt 0.725785 0.876544
vt 0.733654 0.866763
vt 0.733643 0.875656
vt 0.724684 0.614351
vt 0.716196 0.633385
vt 0.707266 0.665394
vt 0.885604 0.298774
vt 0.891743 0.288980
vt 0.761710 0.488277
vt 0.757795 0.501817
vt 0.727569 0.592252
vt 0.751601 0.512885
vt 0.740406 0.526735
vt 0.729100 0.537978
vt 0.730711 0.568700
vt 0.710974 0.881075
vt 0.712464 0.868998
vt 0.710526 0.631855
vt 0.708122 0.654178
vt 0.820455 0.235050
vt 0.830650 0.262494
vt 0.829150 0.232218
vt 0.843714 0.327694
vt 0.854796 0.333532
vt 0.876015 0.333224
vt 0.865957 0.335776
vt 0.754185 0.492284
vt 0.724777 0.579471
vt 0.722002 0.605410
vt 0.713543 0.613043
vt 0.885231 0.330446
vt 0.891652 0.313676
vt 0.761964 0.464344
vt 0.755245 0.470882
vt 0.745828 0.504741
vt 0.733055 0.528626
vt 0.720540 0.589722
vt 0.891210 0.332328
vt 0.716141 0.584202
vt 0.703819 0.634243
vt 0.729641 0.551659
vt 0.722172 0.562391
vt 0.856195 0.370945
vt 0.762586 0.446005
vt 0.759353 0.456047
vt 0.746402 0.483031
vt 0.838887 0.326632
vt 0.838841 0.293090
vt 0.830473 0.291063
vt 0.844126 0.362596
vt 0.867173 0.369236
vt 0.876906 0.365155
vt 0.704958 0.617444
vt 0.695879 0.627438
vt 0.760430 0.436429
vt 0.753924 0.454342
vt 0.747996 0.468987
vt 0.711608 0.583353
vt 0.707946 0.597405
vt 0.735197 0.510207
vt 0.721410 0.545762
vt 0.887229 0.359017
vt 0.699150 0.593073
vt 0.698488 0.606713
vt 0.761237 0.414887
vt 0.737071 0.492729
vt 0.714093 0.563838
vt 0.726767 0.523521
vt 0.826709 0.311120
vt 0.825633 0.277743
vt 0.820971 0.274841
vt 0.830606 0.328985
vt 0.868095 0.393374
vt 0.887540 0.386874
vt 0.893959 0.363637
vt 0.707265 0.573981
vt 0.752675 0.432767
vt 0.747419 0.442972
vt 0.727075 0.507205
vt 0.815672 0.302644
vt 0.813322 0.257346
vt 0.845326 0.400031
vt 0.857134 0.396974
vt 0.877497 0.395249
vt 0.624517 0.858522
vt 0.636466 0.849785
vt 0.639811 0.858985
vt 0.700218 0.574010
vt 0.742597 0.459472
vt 0.733192 0.489148
vt 0.822736 0.319554
vt 0.828771 0.348668
vt 0.840361 0.362849
vt 0.868851 0.420771
vt 0.894129 0.387459
vt 0.717204 0.534030
vt 0.734565 0.466371
vt 0.723364 0.513480
vt 0.603498 0.858871
vt 0.608849 0.849739
vt 0.894141 0.409590
vt 0.711005 0.533511
vt 0.705714 0.542496
vt 0.749429 0.412885
vt 0.744702 0.423677
vt 0.717299 0.514425
vt 0.727066 0.489799
vt 0.722923 0.503334
vt 0.858778 0.437128
vt 0.877752 0.422802
vt 0.894119 0.422820
vt 0.699203 0.557967
vt 0.762124 0.390932
vt 0.747536 0.390873
vt 0.736392 0.440842
vt 0.717959 0.501063
vt 0.726177 0.472164
vt 0.719405 0.505764
vt 0.845996 0.430604
vt 0.870294 0.440363
vt 0.877562 0.440768
vt 0.722428 0.485336
vt 0.870796 0.466246
vt 0.762994 0.368385
vt 0.756852 0.353405
vt 0.743316 0.406175
vt 0.712239 0.509287
vt 0.709701 0.518882
vt 0.731416 0.440915
vt 0.715778 0.500062
vt 0.830647 0.371349
vt 0.823484 0.384950
vt 0.829204 0.393831
vt 0.846918 0.457414
vt 0.858768 0.456359
vt 0.894125 0.438915
vt 0.703758 0.521917
vt 0.763425 0.354840
vt 0.715822 0.478860
vt 0.711591 0.498119
vt 0.578968 0.144698
vt 0.585901 0.144698
vt 0.581345 0.143225
vt 0.714145 0.502861
vt 0.719228 0.473338
vt 0.878413 0.484886
vt 0.763447 0.338260
vt 0.704739 0.509947
vt 0.710608 0.499028
vt 0.709177 0.504503
vt 0.739837 0.386691
vt 0.733594 0.406106
vt 0.726013 0.433573
vt 0.859721 0.480519
vt 0.871759 0.490466
vt 0.889369 0.465521
vt 0.894918 0.461098
vt 0.762886 0.315168
vt 0.755918 0.332507
vt 0.741195 0.371715
vt 0.727254 0.414109
vt 0.719565 0.452640
vt 0.831289 0.436840
vt 0.832560 0.414154
vt 0.842202 0.419028
vt 0.843117 0.446443
vt 0.848102 0.485106
vt 0.756583 0.305044
vt 0.706035 0.484653
vt 0.699395 0.493377
vt 0.699926 0.496213
vt 0.748614 0.334269
vt 0.709915 0.469903
vt 0.707842 0.505864
vt 0.704485 0.506758
vt 0.706431 0.501221
vt 0.860057 0.497127
vt 0.890184 0.501712
vt 0.894611 0.483845
vt 0.738460 0.350211
vt 0.734528 0.370732
vt 0.714789 0.447301
vt 0.719314 0.435971
vt 0.824773 0.444787
vt 0.860450 0.518156
vt 0.872007 0.510888
vt 0.879163 0.517509
vt 0.506837 0.863374
vt 0.509734 0.861525
vt 0.509817 0.869572
vt 0.518384 0.862825
vt 0.763571 0.291393
vt 0.724996 0.394334
vt 0.719690 0.420948
vt 0.832020 0.470963
vt 0.849216 0.522206
vt 0.872448 0.525616
vt 0.749501 0.300252
vt 0.715687 0.423653
vt 0.861762 0.530302
vt 0.888714 0.530854
vt 0.508987 0.857149
vt 0.505460 0.852948
vt 0.512038 0.855461
vt 0.895284 0.496020
vt 0.501122 0.862654
vt 0.503476 0.860553
vt 0.762940 0.278678
vt 0.755371 0.282880
vt 0.704002 0.456209
vt 0.739561 0.312089
vt 0.733383 0.343240
vt 0.708680 0.426706
vt 0.729161 0.369027
vt 0.716415 0.394963
vt 0.873587 0.555603
vt 0.896171 0.521689
vt 0.495856 0.862103
vt 0.481198 0.871087
vt 0.492249 0.858402
vt 0.497998 0.857111
vt 0.505289 0.857523
vt 0.762631 0.251405
vt 0.855411 0.553354
vt 0.880613 0.558515
vt 0.501765 0.848921
vt 0.482084 0.858874
vt 0.759106 0.234686
vt 0.732319 0.328270
vt 0.709869 0.407269
vt 0.721468 0.367311
vt 0.718435 0.380492
vt 0.833549 0.497314
vt 0.842681 0.483609
vt 0.862836 0.560888
vt 0.751958 0.249472
vt 0.745860 0.282226
vt 0.819185 0.426302
vt 0.819602 0.476431
vt 0.873670 0.564651
vt 0.888978 0.551328
vt 0.447481 0.866257
vt 0.455190 0.859696
vt 0.471336 0.865985
vt 0.897041 0.552184
vt 0.703910 0.414766
vt 0.738524 0.275933
vt 0.722605 0.333073
vt 0.840087 0.525626
vt 0.849984 0.563583
vt 0.880474 0.569319
vt 0.889286 0.562484
vt 0.761718 0.218753
vt 0.699297 0.393146
vt 0.733489 0.302147
vt 0.721398 0.318199
vt 0.715949 0.355282
vt 0.712218 0.373093
vt 0.707400 0.384112
vt 0.726788 0.316550
vt 0.714524 0.333072
vt 0.857111 0.578158
vt 0.863916 0.571288
vt 0.856216 0.564782
vt 0.418423 0.869587
vt 0.439957 0.873140
vt 0.750582 0.222764
vt 0.743935 0.247668
vt 0.832273 0.527048
vt 0.829546 0.510226
vt 0.862619 0.582446
vt 0.873008 0.580035
vt 0.881277 0.580725
vt 0.889576 0.580221
vt 0.428581 0.860192
vt 0.896674 0.568652
vt 0.757701 0.210446
vt 0.433774 0.849961
vt 0.460998 0.850273
vt 0.894596 0.582226
vt 0.759679 0.201229
vt 0.715805 0.306400
vt 0.705857 0.359162
vt 0.724229 0.275719
vt 0.718148 0.296234
vt 0.830001 0.532829
vt 0.851773 0.585620
vt 0.401683 0.868211
vt 0.750904 0.190334
vt 0.749054 0.203835
vt 0.700438 0.362438
vt 0.708345 0.339670
vt 0.730624 0.252378
vt 0.835580 0.547778
vt 0.402943 0.860413
vt 0.744442 0.217559
vt 0.734832 0.226314
vt 0.826465 0.548595
vt 0.852119 0.603493
vt 0.862838 0.602614
vt 0.871912 0.601232
vt 0.882822 0.599968
vt 0.757528 0.186520
vt 0.703309 0.337400
vt 0.709434 0.311962
vt 0.713915 0.278610
vt 0.890764 0.599942
vt 0.740175 0.180808
vt 0.737643 0.202157
vt 0.705290 0.323787
vt 0.709260 0.299814
vt 0.821372 0.563092
vt 0.863041 0.657995
vt 0.868196 0.650521
vt 0.858612 0.652163
vt 0.858225 0.644577
vt 0.869602 0.659154
vt 0.867323 0.644132
vt 0.865945 0.637165
vt 0.876275 0.662127
vt 0.875484 0.652485
vt 0.873925 0.642448
vt 0.883058 0.650699
vt 0.880476 0.644656
vt 0.896851 0.599895
vt 0.696591 0.344352
vt 0.737165 0.188296
vt 0.703028 0.298062
vt 0.829510 0.565443
vt 0.858240 0.662651
vt 0.863205 0.666173
vt 0.871173 0.668720
vt 0.857065 0.637594
vt 0.873688 0.630105
vt 0.882558 0.658757
vt 0.881116 0.634500
vt 0.890233 0.656547
vt 0.886707 0.641056
vt 0.695499 0.316787
vt 0.704234 0.304996
vt 0.702115 0.315891
vt 0.708266 0.277234
vt 0.840865 0.625018
vt 0.846755 0.625764
vt 0.847072 0.613694
vt 0.837861 0.616141
vt 0.835914 0.608485
vt 0.864203 0.672940
vt 0.863564 0.620207
vt 0.877345 0.669278
vt 0.872752 0.610709
vt 0.863934 0.611860
vt 0.873215 0.619830
vt 0.884719 0.668008
vt 0.882281 0.620353
vt 0.882918 0.609192
vt 0.887044 0.621381
vt 0.890552 0.643562
vt 0.370335 0.869277
vt 0.351250 0.861308
vt 0.379271 0.860525
vt 0.747469 0.169273
vt 0.716917 0.244542
vt 0.710134 0.260018
vt 0.843062 0.634952
vt 0.856893 0.671003
vt 0.844862 0.605226
vt 0.840793 0.598402
vt 0.826464 0.592760
vt 0.828506 0.583939
vt 0.851690 0.621108
vt 0.872342 0.678353
vt 0.852221 0.612299
vt 0.879264 0.678152
vt 0.886210 0.674326
vt 0.892795 0.665040
vt 0.887738 0.614029
vt 0.890199 0.620301
vt 0.891187 0.609316
vt 0.766179 0.103782
vt 0.755221 0.106267
vt 0.762632 0.119012
vt 0.748440 0.135541
vt 0.752158 0.144510
vt 0.750535 0.157477
vt 0.744983 0.160415
vt 0.343304 0.871102
vt 0.696559 0.305823
vt 0.728021 0.193124
vt 0.723343 0.204818
vt 0.857833 0.678084
vt 0.818248 0.575533
vt 0.865425 0.682982
vt 0.762999 0.093403
vt 0.754592 0.094281
vt 0.753522 0.117466
vt 0.746623 0.144881
vt 0.737150 0.161746
vt 0.695811 0.300894
vt 0.702834 0.278470
vt 0.816315 0.554387
vt 0.811688 0.574308
vt 0.827922 0.574602
vt 0.887533 0.684149
vt 0.895392 0.672607
vt 0.332527 0.872575
vt 0.334939 0.860192
vt 0.730791 0.162499
vt 0.712137 0.231547
vt 0.818009 0.586847
vt 0.859575 0.688497
vt 0.866746 0.692192
vt 0.874649 0.687216
vt 0.881764 0.688593
vt 0.892715 0.680414
vt 0.758135 0.084823
vt 0.743711 0.112395
vt 0.737366 0.127398
vt 0.327738 0.871592
vt 0.303559 0.870716
vt 0.331302 0.866289
vt 0.728860 0.171818
vt 0.692310 0.276366
vt 0.700492 0.247078
vt 0.706804 0.241661
vt 0.706097 0.250265
vt 0.758050 0.074635
vt 0.750749 0.074068
vt 0.741850 0.094668
vt 0.733785 0.139398
vt 0.735354 0.150554
vt 0.875640 0.696013
vt 0.745315 0.078715
vt 0.385856 0.245582
vt 0.397983 0.241716
vt 0.415979 0.245582
vt 0.715297 0.152307
vt 0.717034 0.181924
vt 0.702421 0.242098
vt 0.312625 0.607672
vt 0.321023 0.613027
vt 0.311546 0.616961
vt 0.301097 0.859748
vt 0.304811 0.852166
vt 0.742920 0.085924
vt 0.725532 0.151331
vt 0.706984 0.201960
vt 0.705143 0.218282
vt 0.817966 0.619133
vt 0.821430 0.615366
vt 0.804455 0.593784
vt 0.898690 0.690334
vt 0.745166 0.067424
vt 0.734200 0.107636
vt 0.726677 0.134597
vt 0.268206 0.872852
vt 0.272027 0.872694
vt 0.276736 0.878593
vt 0.286554 0.870706
vt 0.321755 0.623703
vt 0.310898 0.628137
vt 0.883971 0.699190
vt 0.891436 0.696046
vt 0.733558 0.082852
vt 0.269275 0.870468
vt 0.697618 0.221905
vt 0.325569 0.611541
vt 0.330163 0.621085
vt 0.320914 0.634620
vt 0.311294 0.638416
vt 0.733922 0.075609
vt 0.732837 0.095500
vt 0.348613 0.457135
vt 0.354002 0.456922
vt 0.355547 0.459867
vt 0.349075 0.459867
vt 0.251950 0.878168
vt 0.259476 0.873980
vt 0.272170 0.881075
vt 0.704709 0.188062
vt 0.734364 0.069687
vt 0.262691 0.866376
vt 0.262543 0.856576
vt 0.267263 0.866759
vt 0.265551 0.867803
vt 0.718267 0.133120
vt 0.710737 0.147939
vt 0.697679 0.199015
vt 0.328457 0.629224
vt 0.318057 0.643520
vt 0.305470 0.646030
vt 0.736996 0.062409
vt 0.746829 0.056434
vt 0.738050 0.053367
vt 0.724872 0.105980
vt 0.692101 0.208638
vt 0.238663 0.873602
vt 0.312880 0.651084
vt 0.256191 0.858492
vt 0.257289 0.850350
vt 0.727192 0.088900
vt 0.727998 0.061433
vt 0.700054 0.161461
vt 0.695823 0.174529
vt 0.335503 0.616184
vt 0.344428 0.619958
vt 0.327369 0.644256
vt 0.321012 0.655338
vt 0.729064 0.050428
vt 0.725380 0.071956
vt 0.723568 0.081951
vt 0.718547 0.097734
vt 0.709109 0.128431
vt 0.691945 0.190364
vt 0.339202 0.626944
vt 0.335210 0.633450
vt 0.704375 0.141914
vt 0.203188 0.872074
vt 0.201063 0.865438
vt 0.220589 0.873516
vt 0.715117 0.088329
vt 0.711248 0.099229
vt 0.351636 0.629414
vt 0.346674 0.631627
vt 0.337924 0.645210
vt 0.333525 0.652989
vt 0.718811 0.059827
vt 0.718564 0.070046
vt 0.717668 0.079440
vt 0.699073 0.132163
vt 0.692647 0.152880
vt 0.690678 0.172928
vt 0.343342 0.638688
vt 0.332201 0.661547
vt 0.716160 0.048969
vt 0.182866 0.872615
vt 0.180732 0.865586
vt 0.666498 0.048096
vt 0.673006 0.043843
vt 0.663859 0.037702
vt 0.656720 0.032780
vt 0.658225 0.043315
vt 0.666639 0.056389
vt 0.657417 0.049969
vt 0.659758 0.058472
vt 0.647052 0.036776
vt 0.645928 0.045214
vt 0.712376 0.068574
vt 0.709693 0.075928
vt 0.698764 0.110691
vt 0.707206 0.088317
vt 0.669288 0.031668
vt 0.674401 0.053585
vt 0.671798 0.065459
vt 0.662941 0.027380
vt 0.668889 0.065195
vt 0.653634 0.021725
vt 0.661278 0.070326
vt 0.648012 0.027393
vt 0.652975 0.066600
vt 0.645546 0.062002
vt 0.643320 0.056010
vt 0.641583 0.065365
vt 0.712211 0.058938
vt 0.139433 0.876699
vt 0.156796 0.867792
vt 0.679265 0.039429
vt 0.680967 0.048660
vt 0.680558 0.056891
vt 0.377719 0.603497
vt 0.378471 0.596839
vt 0.384926 0.591679
vt 0.662374 0.084413
vt 0.661085 0.021508
vt 0.660772 0.079660
vt 0.647528 0.017855
vt 0.652264 0.075338
vt 0.645406 0.078710
vt 0.650506 0.076851
vt 0.640268 0.069385
vt 0.354454 0.643579
vt 0.641351 0.082406
vt 0.639642 0.080327
vt 0.186359 0.841622
vt 0.196957 0.838606
vt 0.195491 0.841992
vt 0.376892 0.559523
vt 0.374807 0.562633
vt 0.380254 0.564107
vt 0.159055 0.859381
vt 0.175616 0.857024
vt 0.129903 0.871621
vt 0.703344 0.082200
vt 0.720977 0.804888
vt 0.712999 0.807676
vt 0.713406 0.799432
vt 0.739290 0.798134
vt 0.742296 0.805992
vt 0.730279 0.802257
vt 0.682374 0.064387
vt 0.674092 0.075755
vt 0.380081 0.610720
vt 0.386382 0.601161
vt 0.372644 0.615799
vt 0.652786 0.012416
vt 0.646116 0.009205
vt 0.657191 0.089393
vt 0.654972 0.086242
vt 0.652167 0.086260
vt 0.651878 0.093876
vt 0.657342 0.099864
vt 0.359317 0.640291
vt 0.648920 0.090316
vt 0.637928 0.092688
vt 0.641403 0.100000
vt 0.636003 0.092042
vt 0.346228 0.649535
vt 0.636095 0.101638
vt 0.516386 0.011832
vt 0.519870 0.019704
vt 0.501942 0.015384
vt 0.502361 0.021457
vt 0.344053 0.657600
vt 0.704616 0.050556
vt 0.111279 0.873169
vt 0.719571 0.797039
vt 0.706092 0.798494
vt 0.686424 0.071934
vt 0.374088 0.626938
vt 0.367850 0.622130
vt 0.664761 0.093497
vt 0.666120 0.102189
vt 0.651717 0.109280
vt 0.644001 0.105567
vt 0.535531 0.011587
vt 0.551826 0.006807
vt 0.538100 0.013334
vt 0.502499 0.344337
vt 0.505562 0.347098
vt 0.518875 0.338365
vt 0.528405 0.010812
vt 0.341948 0.667526
vt 0.703102 0.063410
vt 0.698986 0.070345
vt 0.388939 0.607714
vt 0.394254 0.594149
vt 0.672343 0.093998
vt 0.380913 0.620884
vt 0.637932 0.118451
vt 0.638214 0.109415
vt 0.353814 0.652660
vt 0.635873 0.117695
vt 0.578551 0.004251
vt 0.564320 0.008506
vt 0.563761 0.005352
vt 0.501416 0.025389
vt 0.349864 0.662999
vt 0.113434 0.864500
vt 0.129538 0.863012
vt 0.388241 0.617410
vt 0.368847 0.632491
vt 0.670195 0.115527
vt 0.662330 0.133007
vt 0.361092 0.633017
vt 0.367898 0.641200
vt 0.401209 0.609396
vt 0.679665 0.095311
vt 0.682839 0.087679
vt 0.680756 0.113680
vt 0.678464 0.119451
vt 0.374649 0.638041
vt 0.651278 0.130157
vt 0.641964 0.132141
vt 0.633790 0.124630
vt 0.589307 0.005374
vt 0.573306 0.016740
vt 0.554558 0.015815
vt 0.633944 0.118313
vt 0.505265 0.034791
vt 0.521664 0.029348
vt 0.625031 0.121444
vt 0.383706 0.629718
vt 0.673384 0.133014
vt 0.655760 0.154290
vt 0.365188 0.649164
vt 0.366986 0.653684
vt 0.359438 0.657508
vt 0.101251 0.847284
vt 0.099478 0.846373
vt 0.109913 0.847104
vt 0.633831 0.133194
vt 0.596723 0.005567
vt 0.088347 0.865727
vt 0.084967 0.857743
vt 0.094248 0.853301
vt 0.098929 0.865582
vt 0.394052 0.620788
vt 0.681117 0.805449
vt 0.673142 0.807960
vt 0.669021 0.799346
vt 0.372240 0.645285
vt 0.368378 0.648508
vt 0.666372 0.150677
vt 0.646574 0.154431
vt 0.637300 0.159628
vt 0.590845 0.021015
vt 0.533126 0.039131
vt 0.502595 0.045076
vt 0.626352 0.135161
vt 0.682616 0.796820
vt 0.669391 0.792035
vt 0.678142 0.157961
vt 0.681237 0.141826
vt 0.386281 0.639303
vt 0.608292 0.006826
vt 0.605192 0.019660
vt 0.555453 0.040027
vt 0.628409 0.146911
vt 0.518828 0.040083
vt 0.492048 0.043275
vt 0.405514 0.621670
vt 0.396806 0.629528
vt 0.682708 0.124622
vt 0.686988 0.142375
vt 0.671198 0.173272
vt 0.662028 0.183450
vt 0.372821 0.650908
vt 0.635406 0.000368
vt 0.637321 0.005095
vt 0.630253 0.005323
vt 0.623118 0.013636
vt 0.624002 0.005759
vt 0.650108 0.174355
vt 0.614087 0.005966
vt 0.616649 0.006297
vt 0.575024 0.027791
vt 0.626975 0.158946
vt 0.662168 0.794767
vt 0.687265 0.163433
vt 0.381478 0.648780
vt 0.630706 0.012372
vt 0.652995 0.189962
vt 0.642958 0.187536
vt 0.469268 0.057636
vt 0.682287 0.785527
vt 0.666187 0.784760
vt 0.648630 0.800394
vt 0.637941 0.799237
vt 0.652050 0.789316
vt 0.395198 0.639772
vt 0.674736 0.186993
vt 0.390989 0.646684
vt 0.631687 0.179058
vt 0.543297 0.051313
vt 0.499247 0.063375
vt 0.492173 0.057961
vt 0.685120 0.183987
vt 0.664904 0.198451
vt 0.382625 0.657073
vt 0.638290 0.016993
vt 0.609630 0.031056
vt 0.593270 0.036813
vt 0.636814 0.207957
vt 0.460149 0.072078
vt 0.620056 0.172946
vt 0.622839 0.179721
vt 0.626463 0.202905
vt 0.431013 0.610599
vt 0.419400 0.621430
vt 0.413664 0.613728
vt 0.411708 0.628961
vt 0.405324 0.636376
vt 0.677044 0.202031
vt 0.668005 0.214412
vt 0.630054 0.022594
vt 0.621004 0.026132
vt 0.658719 0.219920
vt 0.650532 0.225079
vt 0.645884 0.208160
vt 0.574856 0.044352
vt 0.529075 0.058516
vt 0.466610 0.082696
vt 0.603106 0.803644
vt 0.581659 0.805933
vt 0.586973 0.798281
vt 0.402815 0.645398
vt 0.395361 0.654808
vt 0.556429 0.058256
vt 0.497600 0.074613
vt 0.568286 0.798917
vt 0.685743 0.197153
vt 0.679774 0.215614
vt 0.688041 0.215354
vt 0.672939 0.239524
vt 0.663937 0.248220
vt 0.642587 0.230797
vt 0.617302 0.199103
vt 0.419735 0.632696
vt 0.637943 0.028824
vt 0.624279 0.036352
vt 0.611007 0.041171
vt 0.633907 0.240896
vt 0.630257 0.228230
vt 0.437339 0.090511
vt 0.410738 0.650766
vt 0.683470 0.234071
vt 0.596649 0.046811
vt 0.657258 0.266193
vt 0.579204 0.052007
vt 0.644877 0.252495
vt 0.531053 0.068579
vt 0.469706 0.089655
vt 0.618600 0.216488
vt 0.420507 0.642058
vt 0.405215 0.660105
vt 0.392587 0.662820
vt 0.636011 0.037525
vt 0.667944 0.268545
vt 0.517515 0.075629
vt 0.637335 0.261434
vt 0.495521 0.082083
vt 0.424101 0.104468
vt 0.420353 0.100134
vt 0.627291 0.242223
vt 0.399822 0.667526
vt 0.678740 0.261998
vt 0.687503 0.256932
vt 0.625748 0.044014
vt 0.651767 0.287592
vt 0.641308 0.278906
vt 0.440796 0.105652
vt 0.622801 0.256750
vt 0.408756 0.109975
vt 0.544697 0.796407
vt 0.523780 0.799738
vt 0.519411 0.794568
vt 0.415660 0.656189
vt 0.681332 0.277518
vt 0.999190 0.883681
vt 0.989560 0.884133
vt 0.990198 0.877290
vt 0.671889 0.284768
vt 0.615119 0.051022
vt 0.598711 0.053779
vt 0.571114 0.063637
vt 0.545057 0.074011
vt 0.531712 0.078440
vt 0.501362 0.087828
vt 0.630155 0.274518
vt 0.616909 0.230114
vt 0.970134 0.942323
vt 0.970510 0.932069
vt 0.978984 0.934811
vt 0.433617 0.639377
vt 0.430661 0.632220
vt 0.426267 0.646295
vt 0.603905 0.056399
vt 0.663844 0.302355
vt 0.581584 0.061797
vt 0.472272 0.100268
vt 0.407732 0.123917
vt 0.389161 0.129846
vt 0.380512 0.121500
vt 0.688246 0.276800
vt 0.681936 0.302320
vt 0.675464 0.307999
vt 0.658243 0.321278
vt 0.647521 0.314522
vt 0.633795 0.296501
vt 0.450223 0.112509
vt 0.496444 0.800344
vt 0.498067 0.793462
vt 0.988145 0.892673
vt 0.976538 0.886960
vt 0.685510 0.294586
vt 0.667557 0.322924
vt 0.554155 0.079430
vt 0.503579 0.093253
vt 0.370354 0.133671
vt 0.618527 0.270640
vt 0.626618 0.296428
vt 0.620383 0.057373
vt 0.607522 0.063576
vt 0.597535 0.067228
vt 0.583652 0.069879
vt 0.523491 0.091879
vt 0.480715 0.109580
vt 0.639153 0.321396
vt 0.412116 0.132737
vt 0.613636 0.284963
vt 0.967856 0.916150
vt 0.969296 0.905544
vt 0.977980 0.914649
vt 0.976118 0.903097
vt 0.976724 0.894639
vt 0.964897 0.881367
vt 0.976835 0.879247
vt 0.687138 0.314975
vt 0.678595 0.325397
vt 0.671413 0.345908
vt 0.662661 0.351401
vt 0.651153 0.335007
vt 0.499799 0.102695
vt 0.452935 0.119495
vt 0.631119 0.323514
vt 0.360216 0.146650
vt 0.474291 0.798524
vt 0.441882 0.804980
vt 0.456100 0.796374
vt 0.683576 0.340496
vt 0.592396 0.074765
vt 0.529333 0.099686
vt 0.657660 0.369047
vt 0.647951 0.365051
vt 0.641926 0.341488
vt 0.383539 0.144119
vt 0.964127 0.896559
vt 0.436331 0.798904
vt 0.416344 0.801538
vt 0.964837 0.874309
vt 0.947587 0.873716
vt 0.691522 0.338458
vt 0.682520 0.358321
vt 0.675068 0.362174
vt 0.667423 0.375053
vt 0.632860 0.342188
vt 0.625436 0.326180
vt 0.359555 0.155239
vt 0.343813 0.159580
vt 0.342166 0.148857
vt 0.315792 0.163376
vt 0.621926 0.299153
vt 0.436586 0.791505
vt 0.940519 0.876094
vt 0.916279 0.878132
vt 0.914149 0.870983
vt 0.679903 0.380271
vt 0.513402 0.105425
vt 0.495575 0.114753
vt 0.471297 0.121205
vt 0.450884 0.128413
vt 0.638255 0.371916
vt 0.955211 0.890247
vt 0.939486 0.892787
vt 0.940999 0.884512
vt 0.671191 0.392421
vt 0.558273 0.085264
vt 0.559204 0.089741
vt 0.430066 0.139227
vt 0.410971 0.145475
vt 0.374929 0.155393
vt 0.319309 0.178078
vt 0.626094 0.354669
vt 0.331909 0.175099
vt 0.410507 0.796882
vt 0.381214 0.806348
vt 0.375349 0.802577
vt 0.688520 0.371027
vt 0.524003 0.116312
vt 0.664086 0.403489
vt 0.478458 0.125720
vt 0.654875 0.401661
vt 0.644321 0.399686
vt 0.633925 0.378846
vt 0.351062 0.166550
vt 0.919400 0.887884
vt 0.905042 0.879335
vt 0.884318 0.879091
vt 0.873371 0.875357
vt 0.675363 0.413427
vt 0.503862 0.121081
vt 0.389803 0.160376
vt 0.357818 0.165961
vt 0.620308 0.357243
vt 0.628645 0.382404
vt 0.416483 0.790341
vt 0.425253 0.784001
vt 0.443074 0.784267
vt 0.374731 0.797472
vt 0.393519 0.793763
vt 0.903976 0.888094
vt 0.887042 0.883984
vt 0.691705 0.395429
vt 0.685208 0.406371
vt 0.668563 0.434148
vt 0.440619 0.144089
vt 0.660258 0.435213
vt 0.649436 0.427585
vt 0.290647 0.186692
vt 0.876854 0.893120
vt 0.677903 0.429640
vt 0.461829 0.142223
vt 0.415707 0.155168
vt 0.362760 0.169621
vt 0.349762 0.176116
vt 0.338444 0.179322
vt 0.291099 0.198318
vt 0.620722 0.388395
vt 0.687405 0.435856
vt 0.843427 0.880314
vt 0.855348 0.869293
vt 0.487127 0.140610
vt 0.654400 0.447970
vt 0.640808 0.433473
vt 0.633845 0.406833
vt 0.326786 0.185264
vt 0.311776 0.191374
vt 0.269229 0.211920
vt 0.673017 0.457622
vt 0.682527 0.452055
vt 0.665392 0.464757
vt 0.406959 0.166004
vt 0.262458 0.205420
vt 0.628763 0.418468
vt 0.354586 0.803694
vt 0.320449 0.804934
vt 0.323013 0.796571
vt 0.412831 0.167078
vt 0.383869 0.179504
vt 0.364971 0.187625
vt 0.646641 0.463766
vt 0.242635 0.222142
vt 0.231064 0.217795
vt 0.390736 0.786687
vt 0.368916 0.790829
vt 0.356909 0.782783
vt 0.351216 0.793206
vt 0.336483 0.790753
vt 0.676792 0.482215
vt 0.439462 0.160806
vt 0.657915 0.470192
vt 0.317497 0.196848
vt 0.636507 0.452057
vt 0.288376 0.206885
vt 0.297372 0.798831
vt 0.310545 0.808174
vt 0.832198 0.876758
vt 0.813387 0.885274
vt 0.801543 0.877765
vt 0.683756 0.476685
vt 0.689232 0.475081
vt 0.627485 0.444939
vt 0.209175 0.235922
vt 0.276903 0.800515
vt 0.451224 0.153027
vt 0.459645 0.158268
vt 0.669745 0.491687
vt 0.661871 0.495182
vt 0.652538 0.495034
vt 0.337155 0.204651
vt 0.642724 0.489551
vt 0.296777 0.211952
vt 0.234189 0.236537
vt 0.781977 0.888736
vt 0.778008 0.881066
vt 0.784156 0.870536
vt 0.412364 0.182335
vt 0.390977 0.181920
vt 0.311923 0.213926
vt 0.635520 0.475301
vt 0.273478 0.225738
vt 0.251769 0.228810
vt 0.210613 0.244342
vt 0.681269 0.507696
vt 0.674486 0.525172
vt 0.364516 0.193558
vt 0.626332 0.472102
vt 0.294595 0.791074
vt 0.264681 0.794429
vt 0.689663 0.496757
vt 0.390278 0.189407
vt 0.667391 0.527417
vt 0.347592 0.204276
vt 0.657232 0.522110
vt 0.253567 0.238170
vt 0.187079 0.254655
vt 0.267848 0.805549
vt 0.244243 0.804596
vt 0.236070 0.801032
vt 0.368370 0.203460
vt 0.313015 0.219097
vt 0.643229 0.507389
vt 0.293251 0.228000
vt 0.242979 0.793198
vt 0.762896 0.885059
vt 0.738795 0.886321
vt 0.681846 0.529338
vt 0.334116 0.216041
vt 0.660704 0.543720
vt 0.321776 0.220786
vt 0.271694 0.234199
vt 0.634540 0.505483
vt 0.229848 0.248904
vt 0.208169 0.257202
vt 0.194834 0.261196
vt 0.178009 0.267969
vt 0.743327 0.912701
vt 0.729331 0.904607
vt 0.756304 0.902122
vt 0.379471 0.212245
vt 0.677818 0.545081
vt 0.669508 0.549227
vt 0.302184 0.230475
vt 0.646128 0.526793
vt 0.240042 0.247926
vt 0.158714 0.276388
vt 0.627101 0.506032
vt 0.692989 0.504368
vt 0.686302 0.523289
vt 0.688410 0.538240
vt 0.710362 0.884966
vt 0.751689 0.875508
vt 0.354162 0.220031
vt 0.650486 0.546200
vt 0.261775 0.243941
vt 0.640202 0.535332
vt 0.681393 0.931645
vt 0.673280 0.927340
vt 0.702212 0.930836
vt 0.361469 0.226891
vt 0.672471 0.567795
vt 0.663293 0.566292
vt 0.272221 0.247134
vt 0.266099 0.246217
vt 0.214327 0.264640
vt 0.190223 0.272234
vt 0.682697 0.569773
vt 0.654982 0.571073
vt 0.236521 0.258599
vt 0.167173 0.281012
vt 0.692241 0.563199
vt 0.331925 0.239785
vt 0.323992 0.231283
vt 0.301586 0.252091
vt 0.247118 0.256362
vt 0.648903 0.573865
vt 0.642650 0.571849
vt 0.129714 0.297074
vt 0.637567 0.547315
vt 0.683805 0.585107
vt 0.675632 0.585974
vt 0.666399 0.582706
vt 0.657678 0.582172
vt 0.246527 0.261843
vt 0.194443 0.276992
vt 0.167097 0.285819
vt 0.151943 0.290998
vt 0.688476 0.888578
vt 0.693632 0.893561
vt 0.670832 0.890753
vt 0.280994 0.250581
vt 0.670639 0.611081
vt 0.660394 0.603844
vt 0.220313 0.272728
vt 0.204690 0.279477
vt 0.636351 0.575619
vt 0.658077 0.885055
vt 0.650542 0.891367
vt 0.684673 0.602153
vt 0.678675 0.611045
vt 0.272116 0.262285
vt 0.249061 0.269290
vt 0.647383 0.585148
vt 0.224788 0.273965
vt 0.189140 0.287125
vt 0.170356 0.292305
vt 0.628736 0.540371
vt 0.143831 0.298993
vt 0.116537 0.311193
vt 0.160823 0.791498
vt 0.172498 0.798433
vt 0.147712 0.798388
vt 0.692075 0.586014
vt 0.663033 0.619583
vt 0.672813 0.627820
vt 0.652897 0.609950
vt 0.096441 0.313978
vt 0.625303 0.889266
vt 0.304708 0.260644
vt 0.275280 0.274212
vt 0.682470 0.627955
vt 0.687441 0.619368
vt 0.664892 0.631485
vt 0.655853 0.626822
vt 0.643936 0.603625
vt 0.096514 0.320700
vt 0.122343 0.791679
vt 0.130681 0.806978
vt 0.115551 0.796169
vt 0.674643 0.641326
vt 0.666241 0.642611
vt 0.200663 0.291687
vt 0.648071 0.624832
vt 0.070786 0.332385
vt 0.068752 0.325186
vt 0.153594 0.302814
vt 0.118488 0.316730
vt 0.632009 0.894791
vt 0.606655 0.894590
vt 0.609784 0.490795
vt 0.599334 0.494269
vt 0.605905 0.503620
vt 0.593094 0.505097
vt 0.246943 0.287736
vt 0.683678 0.639427
vt 0.231183 0.285326
vt 0.225125 0.282538
vt 0.198509 0.297573
vt 0.657697 0.640047
vt 0.186626 0.296594
vt 0.169747 0.302967
vt 0.049299 0.335476
vt 0.133360 0.317087
vt 0.658782 0.654340
vt 0.651241 0.649813
vt 0.151265 0.312236
vt 0.050997 0.342855
vt 0.098312 0.329671
vt 0.182235 0.780535
vt 0.163610 0.781647
vt 0.165210 0.770791
vt 0.586747 0.519306
vt 0.597694 0.512126
vt 0.676208 0.655718
vt 0.667765 0.662391
vt 0.173147 0.309859
vt 0.068864 0.340641
vt 0.594318 0.887221
vt 0.582195 0.894921
vt 0.555608 0.890397
vt 0.241526 0.296110
vt 0.214787 0.301876
vt 0.199827 0.305474
vt 0.029197 0.351303
vt 0.594211 0.919624
vt 0.568468 0.913094
vt 0.593354 0.909444
vt 0.115785 0.782169
vt 0.097695 0.789077
vt 0.148110 0.320826
vt 0.035730 0.353626
vt 0.127885 0.329554
vt 0.106668 0.335263
vt 0.039032 0.359100
vt 0.072780 0.345972
vt 0.685187 0.653806
vt 0.677199 0.667811
vt 0.169430 0.324162
vt 0.023829 0.363117
vt 0.056070 0.353914
vt 0.559818 0.897558
vt 0.540265 0.901271
vt 0.544343 0.891970
vt 0.660294 0.670259
vt 0.652793 0.666258
vt 0.151179 0.328049
vt 0.648070 0.662477
vt 0.198294 0.317414
vt 0.177039 0.325548
vt 0.669217 0.675581
vt 0.026504 0.370186
vt 0.074855 0.354237
vt 0.661027 0.682697
vt 0.128659 0.338287
vt 0.111668 0.342395
vt 0.677318 0.682899
vt 0.038700 0.371948
vt 0.133667 0.346199
vt 0.016691 0.377883
vt 0.017815 0.363940
vt 0.092162 0.354484
vt 0.647230 0.679333
vt 0.653553 0.683571
vt 0.108864 0.351428
vt 0.048632 0.375867
vt 0.026280 0.380875
vt 0.489104 0.890365
vt 0.489587 0.898724
vt 0.465252 0.894088
vt 0.151684 0.342334
vt 0.015174 0.386769
vt 0.090006 0.364790
vt 0.070331 0.367193
vt 0.578587 0.540041
vt 0.576542 0.548259
vt 0.592194 0.551530
vt 0.149133 0.353276
vt 0.658527 0.693299
vt 0.668878 0.687329
vt 0.079596 0.371905
vt 0.033614 0.386561
vt 0.029501 0.385826
vt 0.164868 0.347142
vt 0.139479 0.355496
vt 0.122439 0.360650
vt 0.106647 0.366969
vt 0.065432 0.379362
vt 0.476542 0.928995
vt 0.461544 0.921305
vt 0.478833 0.918757
vt 0.022564 0.395052
vt 0.456463 0.903171
vt 0.445911 0.896204
vt 0.142661 0.364053
vt 0.131643 0.369870
vt 0.095886 0.376264
vt 0.045975 0.388193
vt 0.151130 0.361402
vt 0.121129 0.370573
vt 0.001074 0.388216
vt 0.012356 0.397018
vt 0.000385 0.401083
vt 0.145434 0.370218
vt 0.076990 0.395041
vt 0.059715 0.389138
vt 0.445189 0.904889
vt 0.435388 0.897798
vt 0.138615 0.371508
vt 0.033753 0.402899
vt 0.027349 0.403291
vt 0.556676 0.581209
vt 0.560671 0.579814
vt 0.559970 0.569754
vt 0.551236 0.569014
vt 0.119538 0.381731
vt 0.108952 0.383464
vt 0.020937 0.404393
vt 0.013746 0.405893
vt 0.431048 0.928829
vt 0.433413 0.922341
vt 0.437631 0.928357
vt 0.437110 0.921690
vt 0.144355 0.377842
vt 0.131105 0.380055
vt 0.063249 0.399336
vt 0.438812 0.913662
vt 0.433786 0.913799
vt 0.432082 0.906370
vt 0.437425 0.905746
vt 0.152820 0.377443
vt 0.153602 0.372252
vt 0.012926 0.415612
vt 0.002118 0.411130
vt 0.102876 0.391723
vt 0.054492 0.414161
vt 0.154688 0.711391
vt 0.162470 0.716702
vt 0.154447 0.719767
vt 0.175735 0.701134
vt 0.183805 0.698278
vt 0.187413 0.703629
vt 0.183309 0.707076
vt 0.145387 0.383269
vt 0.024312 0.416477
vt 0.034695 0.413844
vt 0.135481 0.724785
vt 0.146409 0.714930
vt 0.144797 0.723115
vt 0.194031 0.720535
vt 0.192099 0.711667
vt 0.198774 0.718322
vt 0.698437 0.988197
vt 0.703013 0.979926
vt 0.708398 0.983967
vt 0.703045 0.990680
vt 0.153976 0.383307
vt 0.119845 0.392985
vt 0.030763 0.415443
vt 0.192525 0.702432
vt 0.197651 0.709693
vt 0.136974 0.387095
vt 0.129735 0.387738
vt 0.192723 0.693889
vt 0.147428 0.389228
vt 0.007688 0.427442
vt 0.106007 0.398180
vt 0.047253 0.433220
vt 0.200858 0.701505
vt 0.204695 0.709514
vt 0.688759 0.992477
vt 0.690374 0.985599
vt 0.695288 0.994529
vt 0.206663 0.715155
vt 0.691914 0.976885
vt 0.141975 0.396333
vt 0.134387 0.399947
vt 0.127968 0.402529
vt 0.017043 0.429419
vt 0.095994 0.410337
vt 0.078218 0.414283
vt 0.199212 0.691021
vt 0.696757 0.967596
vt 0.705797 0.970816
vt 0.029847 0.425723
vt 0.184636 0.686762
vt 0.207013 0.692082
vt 0.210288 0.700678
vt 0.672700 0.990175
vt 0.681275 0.999632
vt 0.681271 0.983240
vt 0.108990 0.411160
vt 0.020658 0.424810
vt 0.224698 0.692148
vt 0.666915 0.997754
vt 0.154334 0.394834
vt 0.123839 0.408954
vt 0.039248 0.428899
vt 0.225177 0.700406
vt 0.681123 0.972293
vt 0.685030 0.961589
vt 0.151228 0.405676
vt 0.061697 0.425672
vt 0.030847 0.433799
vt 0.036037 0.434255
vt 0.206825 0.678924
vt 0.218235 0.684542
vt 0.232570 0.692879
vt 0.652194 0.987530
vt 0.660387 0.981212
vt 0.243490 0.694702
vt 0.243463 0.701797
vt 0.649185 0.995247
vt 0.657582 0.975916
vt 0.665887 0.971837
vt 0.696764 0.955688
vt 0.085458 0.431128
vt 0.225825 0.680889
vt 0.647124 0.977548
vt 0.686625 0.951715
vt 0.150876 0.416301
vt 0.555079 0.609198
vt 0.557013 0.622150
vt 0.564664 0.613735
vt 0.562892 0.602219
vt 0.138627 0.416936
vt 0.101665 0.428526
vt 0.041242 0.442308
vt 0.252061 0.686521
vt 0.621671 0.992144
vt 0.624383 0.984386
vt 0.135796 0.426251
vt 0.268723 0.696571
vt 0.271390 0.705567
vt 0.628041 0.977000
vt 0.649703 0.966476
vt 0.669993 0.955408
vt 0.035680 0.448450
vt 0.046821 0.443379
vt 0.605779 0.990235
vt 0.638587 0.970667
vt 0.672762 0.949145
vt 0.159967 0.411206
vt 0.024456 0.437712
vt 0.018766 0.449621
vt 0.012074 0.438572
vt 0.029219 0.448781
vt 0.057034 0.440300
vt 0.262122 0.683113
vt 0.270262 0.689155
vt 0.290570 0.691430
vt 0.293962 0.700073
vt 0.287439 0.708619
vt 0.603496 0.982285
vt 0.652871 0.950954
vt 0.152267 0.426327
vt 0.075991 0.445820
vt 0.319505 0.713543
vt 0.581315 0.981197
vt 0.573874 0.988477
vt 0.610647 0.973280
vt 0.632712 0.963819
vt 0.172619 0.415614
vt 0.172213 0.422346
vt 0.104148 0.440302
vt 0.054945 0.448928
vt 0.279860 0.682115
vt 0.313547 0.702424
vt 0.315216 0.691765
vt 0.584153 0.972890
vt 0.640577 0.948171
vt 0.119647 0.435341
vt 0.044091 0.450480
vt 0.348119 0.697720
vt 0.338654 0.706987
vt 0.607937 0.963204
vt 0.654658 0.942713
vt 0.319321 0.684749
vt 0.298220 0.679745
vt 0.551184 0.978585
vt 0.555535 0.969847
vt 0.582710 0.960886
vt 0.621517 0.954129
vt 0.188815 0.423568
vt 0.171229 0.430206
vt 0.146040 0.434483
vt 0.053643 0.455067
vt 0.044467 0.456824
vt 0.220926 0.639445
vt 0.204154 0.647416
vt 0.199544 0.641463
vt 0.371629 0.712825
vt 0.362841 0.719931
vt 0.530639 0.986428
vt 0.095678 0.447884
vt 0.080180 0.449869
vt 0.068772 0.453163
vt 0.348279 0.687126
vt 0.325319 0.678723
vt 0.361605 0.690568
vt 0.523019 0.976844
vt 0.567556 0.958504
vt 0.608485 0.950634
vt 0.628760 0.946084
vt 0.202312 0.419417
vt 0.189325 0.428003
vt 0.169547 0.437875
vt 0.117185 0.444477
vt 0.942360 0.290148
vt 0.950146 0.287026
vt 0.946224 0.283399
vt 0.936219 0.313116
vt 0.940707 0.304140
vt 0.938505 0.298318
vt 0.376929 0.695764
vt 0.375068 0.703668
vt 0.530563 0.970459
vt 0.584102 0.951127
vt 0.213201 0.421639
vt 0.202612 0.427526
vt 0.143973 0.442299
vt 0.089734 0.452635
vt 0.946169 0.302117
vt 0.522699 0.994192
vt 0.500923 0.984616
vt 0.538719 0.963022
vt 0.617100 0.943982
vt 0.224014 0.423595
vt 0.114684 0.450059
vt 0.937055 0.333637
vt 0.940487 0.318523
vt 0.406026 0.697723
vt 0.398429 0.707947
vt 0.399561 0.719181
vt 0.494520 0.990741
vt 0.500441 0.975019
vt 0.506577 0.966242
vt 0.551847 0.955306
vt 0.193877 0.432794
vt 0.189310 0.440355
vt 0.380101 0.682579
vt 0.357105 0.680673
vt 0.284826 0.603471
vt 0.259330 0.618653
vt 0.274817 0.602797
vt 0.259756 0.608034
vt 0.393075 0.692703
vt 0.418543 0.711720
vt 0.423397 0.723825
vt 0.479320 0.983036
vt 0.470469 0.988911
vt 0.480191 0.974281
vt 0.519446 0.957427
vt 0.546233 0.948480
vt 0.589739 0.942194
vt 0.249222 0.424636
vt 0.230063 0.430122
vt 0.212132 0.431474
vt 0.135513 0.449814
vt 0.425934 0.704669
vt 0.480955 0.968669
vt 0.566630 0.944943
vt 0.931455 0.379102
vt 0.939117 0.362206
vt 0.934346 0.358426
vt 0.409189 0.690154
vt 0.451192 0.717772
vt 0.447913 0.981013
vt 0.492771 0.958776
vt 0.245415 0.431578
vt 0.213022 0.439791
vt 0.432300 0.698918
vt 0.459112 0.708176
vt 0.443827 0.998185
vt 0.441521 0.986981
vt 0.434279 0.971486
vt 0.473738 0.962293
vt 0.498937 0.949646
vt 0.953480 0.370305
vt 0.957787 0.361601
vt 0.947385 0.355802
vt 0.932471 0.399640
vt 0.938240 0.377631
vt 0.184186 0.449081
vt 0.163158 0.445710
vt 0.167695 0.450419
vt 0.433010 0.690282
vt 0.416932 0.685031
vt 0.449620 0.694730
vt 0.476459 0.712900
vt 0.487659 0.725153
vt 0.406818 0.994770
vt 0.288864 0.419309
vt 0.289596 0.425870
vt 0.270320 0.422205
vt 0.265866 0.429465
vt 0.941820 0.392191
vt 0.155066 0.454516
vt 0.475418 0.699628
vt 0.478907 0.704641
vt 0.408901 0.985848
vt 0.410996 0.979415
vt 0.430193 0.964787
vt 0.331355 0.418716
vt 0.316487 0.425951
vt 0.240519 0.440226
vt 0.207922 0.448781
vt 0.500661 0.717238
vt 0.407216 0.968812
vt 0.442082 0.958703
vt 0.474318 0.953772
vt 0.284375 0.436404
vt 0.259113 0.437998
vt 0.184220 0.459448
vt 0.524691 0.731336
vt 0.369277 0.992291
vt 0.383040 0.984881
vt 0.379409 0.977124
vt 0.931699 0.430186
vt 0.937718 0.424867
vt 0.941262 0.409698
vt 0.197651 0.457142
vt 0.465803 0.688490
vt 0.440417 0.684409
vt 0.453457 0.682256
vt 0.507656 0.704002
vt 0.513872 0.710818
vt 0.526147 0.720807
vt 0.407318 0.961384
vt 0.444036 0.950581
vt 0.353243 0.415120
vt 0.355197 0.423150
vt 0.338352 0.425877
vt 0.306038 0.431522
vt 0.519529 0.695482
vt 0.496980 0.689080
vt 0.475242 0.684483
vt 0.354066 0.983732
vt 0.385148 0.967241
vt 0.380032 0.417792
vt 0.266624 0.445928
vt 0.238077 0.449484
vt 0.218772 0.455733
vt 0.529031 0.702592
vt 0.547081 0.712991
vt 0.561748 0.727625
vt 0.564737 0.736745
vt 0.328773 0.991223
vt 0.359711 0.975623
vt 0.356107 0.969562
vt 0.387222 0.959529
vt 0.407211 0.955353
vt 0.425408 0.948093
vt 0.338427 0.430589
vt 0.312187 0.436757
vt 0.327069 0.982664
vt 0.362497 0.964286
vt 0.396476 0.420000
vt 0.292612 0.444687
vt 0.376515 0.545234
vt 0.364945 0.546771
vt 0.381308 0.536764
vt 0.551395 0.702316
vt 0.567608 0.706456
vt 0.569258 0.719699
vt 0.577218 0.730656
vt 0.295661 0.998968
vt 0.303067 0.990678
vt 0.317138 0.998802
vt 0.316430 0.974462
vt 0.335847 0.974030
vt 0.384420 0.425554
vt 0.342885 0.435846
vt 0.259898 0.455427
vt 0.926260 0.478284
vt 0.932979 0.458678
vt 0.921189 0.465214
vt 0.926476 0.443450
vt 0.593800 0.712855
vt 0.585236 0.722629
vt 0.575494 0.710405
vt 0.601438 0.725941
vt 0.598377 0.733149
vt 0.303565 0.982791
vt 0.337175 0.965248
vt 0.369025 0.954911
vt 0.387580 0.951336
vt 0.406714 0.946536
vt 0.412822 0.421586
vt 0.360986 0.434027
vt 0.318697 0.445689
vt 0.289835 0.449677
vt 0.230376 0.461340
vt 0.605300 0.716286
vt 0.613156 0.727542
vt 0.619655 0.736049
vt 0.274199 0.996530
vt 0.283528 0.990016
vt 0.309528 0.968135
vt 0.342228 0.958720
vt 0.599528 0.701190
vt 0.577268 0.699940
vt 0.560255 0.696246
vt 0.616394 0.710521
vt 0.619828 0.718877
vt 0.624352 0.728821
vt 0.282435 0.980910
vt 0.296506 0.975779
vt 0.445988 0.416001
vt 0.448346 0.422548
vt 0.429703 0.418185
vt 0.425658 0.423539
vt 0.412076 0.431301
vt 0.940201 0.461362
vt 0.948283 0.464278
vt 0.952050 0.445966
vt 0.942767 0.444010
vt 0.387041 0.432846
vt 0.934663 0.486263
vt 0.612542 0.697461
vt 0.269512 0.987973
vt 0.287791 0.970163
vt 0.293819 0.455441
vt 0.268062 0.460094
vt 0.586381 0.691483
vt 0.571959 0.692861
vt 0.563753 0.687673
vt 0.632630 0.721206
vt 0.638810 0.730020
vt 0.635310 0.736745
vt 0.258635 0.993853
vt 0.270602 0.979463
vt 0.311420 0.959330
vt 0.469370 0.414249
vt 0.470031 0.421110
vt 0.945408 0.480925
vt 0.369244 0.444332
vt 0.347208 0.445467
vt 0.921306 0.518131
vt 0.932042 0.507280
vt 0.325599 0.452199
vt 0.609583 0.682079
vt 0.625350 0.707922
vt 0.595533 0.687360
vt 0.259704 0.986736
vt 0.253198 0.983102
vt 0.271482 0.971129
vt 0.495940 0.415496
vt 0.386722 0.443336
vt 0.913617 0.545179
vt 0.921502 0.546252
vt 0.583281 0.682205
vt 0.621859 0.689660
vt 0.641040 0.719428
vt 0.253553 0.999632
vt 0.246773 0.990416
vt 0.283380 0.964118
vt 0.488076 0.420692
vt 0.443333 0.430872
vt 0.928088 0.534430
vt 0.314550 0.457751
vt 0.914405 0.567722
vt 0.620556 0.681365
vt 0.601322 0.672253
vt 0.633406 0.703146
vt 0.650167 0.721879
vt 0.649836 0.728880
vt 0.242806 0.996857
vt 0.258834 0.974288
vt 0.520412 0.414566
vt 0.510954 0.421724
vt 0.464697 0.429807
vt 0.420781 0.441403
vt 0.399883 0.443813
vt 0.586161 0.675290
vt 0.573061 0.681764
vt 0.645337 0.709388
vt 0.237588 0.986336
vt 0.243220 0.978264
vt 0.531896 0.411132
vt 0.527517 0.419519
vt 0.455252 0.438373
vt 0.924856 0.570476
vt 0.930474 0.556424
vt 0.936435 0.523279
vt 0.917660 0.581067
vt 0.365509 0.454159
vt 0.631714 0.689284
vt 0.659489 0.721777
vt 0.658830 0.727963
vt 0.234469 0.993364
vt 0.258906 0.965962
vt 0.540447 0.418891
vt 0.492274 0.425804
vt 0.905394 0.622540
vt 0.381093 0.450721
vt 0.621375 0.669489
vt 0.613150 0.670886
vt 0.596122 0.664849
vt 0.656132 0.712887
vt 0.248135 0.967519
vt 0.543723 0.412391
vt 0.548726 0.421925
vt 0.918501 0.602623
vt 0.604825 0.664580
vt 0.612884 0.664983
vt 0.629126 0.677061
vt 0.539633 0.425103
vt 0.525560 0.427548
vt 0.511534 0.430115
vt 0.492220 0.433418
vt 0.437736 0.442720
vt 0.401359 0.451696
vt 0.907088 0.642388
vt 0.289859 0.070229
vt 0.298725 0.059454
vt 0.300233 0.068896
vt 0.669106 0.726564
vt 0.225347 0.988653
vt 0.227625 0.982058
vt 0.232781 0.977678
vt 0.557846 0.416704
vt 0.556839 0.424376
vt 0.460257 0.442721
vt 0.439229 0.448263
vt 0.899898 0.661413
vt 0.899901 0.639191
vt 0.267633 0.074006
vt 0.287412 0.062732
vt 0.306333 0.059467
vt 0.418227 0.452139
vt 0.899777 0.680013
vt 0.564227 0.422905
vt 0.557240 0.430244
vt 0.547493 0.430486
vt 0.537390 0.432309
vt 0.479362 0.441754
vt 0.248042 0.071323
vt 0.242424 0.066091
vt 0.279027 0.058204
vt 0.290697 0.054729
vt 0.297218 0.053483
vt 0.304631 0.051552
vt 0.313174 0.055791
vt 0.570191 0.423644
vt 0.564328 0.428649
vt 0.529178 0.433772
vt 0.512910 0.436326
vt 0.496144 0.439273
vt 0.906190 0.683458
vt 0.916721 0.665697
vt 0.913674 0.641156
vt 0.922246 0.638929
vt 0.922576 0.619365
vt 0.310583 0.047090
vt 0.570349 0.430952
vt 0.468930 0.449588
vt 0.451855 0.452537
vt 0.899013 0.717076
vt 0.268555 0.052415
vt 0.564520 0.435881
vt 0.549793 0.437743
vt 0.540201 0.437954
vt 0.528051 0.440811
vt 0.509468 0.445359
vt 0.487834 0.448371
vt 0.911199 0.702035
vt 0.239541 0.060913
vt 0.247844 0.055977
vt 0.285932 0.048855
vt 0.293398 0.046258
vt 0.300972 0.044235
vt 0.556531 0.437184
vt 0.894838 0.735742
vt 0.904439 0.734267
vt 0.304254 0.035140
vt 0.569714 0.442014
vt 0.489041 0.453843
vt 0.563660 0.440562
vt 0.541645 0.444122
vt 0.533609 0.447719
vt 0.914049 0.736658
vt 0.914630 0.713097
vt 0.899011 0.758005
vt 0.252422 0.047829
vt 0.267401 0.042121
vt 0.279073 0.041785
vt 0.291442 0.041360
vt 0.553989 0.445755
vt 0.523457 0.449435
vt 0.511693 0.455460
vt 0.918788 0.710477
vt 0.295798 0.034434
vt 0.927166 0.727344
vt 0.927597 0.704226
vt 0.287919 0.035341
vt 0.561274 0.447999
vt 0.544530 0.449713
vt 0.527872 0.454861
vt 0.907543 0.780921
vt 0.905780 0.755684
vt 0.298011 0.025204
vt 0.566584 0.451082
vt 0.271362 0.032675
vt 0.279782 0.030610
vt 0.289100 0.027646
vt 0.547801 0.454907
vt 0.539854 0.458088
vt 0.899747 0.800280
vt 0.906536 0.794993
vt 0.899600 0.782681
vt 0.558146 0.453942
vt 0.913823 0.842784
vt 0.918849 0.834246
vt 0.910737 0.833455
vt 0.551976 0.461340
vt 0.906335 0.812305
vt 0.912217 0.803470
vt 0.914887 0.823225
vt 0.918049 0.813869
vt 0.915944 0.793637
vt 0.924842 0.786904
vt 0.915283 0.781909
vt 0.156346 0.054451
vt 0.817633 0.049407
vt 0.163342 0.060296
vt 0.821904 0.088902
vt 0.813007 0.040863
vt 0.810655 0.033312
vt 0.161968 0.045854
vt 0.817288 0.070852
vt 0.810440 0.062099
vt 0.168178 0.051646
vt 0.173189 0.066466
vt 0.176494 0.075479
vt 0.806349 0.052455
vt 0.804442 0.042171
vt 0.165230 0.030522
vt 0.167075 0.040535
vt 0.171577 0.058039
vt 0.811396 0.074343
vt 0.803561 0.031248
vt 0.820563 0.117835
vt 0.173083 0.029419
vt 0.176150 0.037014
vt 0.175589 0.041602
vt 0.179487 0.062377
vt 0.185553 0.071485
vt 0.802113 0.071077
vt 0.798389 0.055715
vt 0.796725 0.043084
vt 0.171658 0.017682
vt 0.180117 0.047973
vt 0.182330 0.054923
vt 0.804969 0.085660
vt 0.804891 0.100180
vt 0.189072 0.061177
vt 0.798148 0.093961
vt 0.787889 0.047789
vt 0.791483 0.060601
vt 0.180154 0.021304
vt 0.184372 0.028401
vt 0.187494 0.038042
vt 0.811099 0.127577
vt 0.794710 0.077851
vt 0.836977 0.182045
vt 0.788494 0.040386
vt 0.191735 0.044794
vt 0.192997 0.051819
vt 0.799597 0.122582
vt 0.816697 0.155901
vt 0.182589 0.013623
vt 0.805485 0.132607
vt 0.797993 0.112135
vt 0.809374 0.155270
vt 0.818035 0.176655
vt 0.827944 0.186979
vt 0.788670 0.079745
vt 0.784053 0.068104
vt 0.782790 0.058034
vt 0.789616 0.092555
vt 0.778378 0.048622
vt 0.192567 0.015444
vt 0.194575 0.027555
vt 0.199975 0.033908
vt 0.202922 0.049181
vt 0.800589 0.144297
vt 0.792810 0.105695
vt 0.204545 0.039918
vt 0.818660 0.198572
vt 0.781755 0.089287
vt 0.775373 0.062424
vt 0.730324 0.822774
vt 0.737893 0.831797
vt 0.725448 0.828668
vt 0.745377 0.864362
vt 0.742392 0.874516
vt 0.811822 0.192546
vt 0.804586 0.168090
vt 0.791072 0.128259
vt 0.784065 0.107034
vt 0.776189 0.081271
vt 0.715837 0.820313
vt 0.728252 0.836173
vt 0.734592 0.007937
vt 0.744607 0.011414
vt 0.744607 0.003314
vt 0.804464 0.193306
vt 0.796533 0.155091
vt 0.786672 0.120698
vt 0.838633 0.259151
vt 0.712546 0.825998
vt 0.717129 0.835618
vt 0.725572 0.843253
vt 0.737205 0.842245
vt 0.721800 0.850018
vt 0.724172 0.866090
vt 0.780809 0.126618
vt 0.813913 0.225383
vt 0.776994 0.110976
vt 0.697141 0.814447
vt 0.719490 0.858181
vt 0.796492 0.177957
vt 0.784307 0.146506
vt 0.683075 0.818408
vt 0.700787 0.829552
vt 0.712544 0.843682
vt 0.712867 0.850888
vt 0.694451 0.869390
vt 0.699702 0.654904
vt 0.805039 0.217510
vt 0.787098 0.165848
vt 0.769534 0.093713
vt 0.683440 0.826787
vt 0.705408 0.836341
vt 0.414358 0.555596
vt 0.401772 0.555596
vt 0.405749 0.546793
vt 0.417951 0.546760
vt 0.704362 0.860911
vt 0.795593 0.194902
vt 0.772121 0.127084
vt 0.770953 0.121216
vt 0.688929 0.835902
vt 0.533513 0.253569
vt 0.541217 0.244246
vt 0.533836 0.244109
vt 0.702598 0.851214
vt 0.689577 0.859898
vt 0.778767 0.153964
vt 0.654968 0.812619
vt 0.695479 0.843786
vt 0.541217 0.261046
vt 0.688636 0.852117
vt 0.803261 0.231480
vt 0.650992 0.817115
vt 0.669365 0.826946
vt 0.681594 0.843074
vt 0.664028 0.850087
vt 0.663585 0.859296
vt 0.794738 0.234089
vt 0.781556 0.182990
vt 0.788488 0.202843
vt 0.649100 0.810923
vt 0.669810 0.834517
vt 0.803137 0.262428
vt 0.778159 0.169124
vt 0.772829 0.164882
vt 0.651538 0.826453
vt 0.665154 0.841804
vt 0.809886 0.279595
vt 0.785296 0.204382
vt 0.617899 0.813655
vt 0.609920 0.809155
vt 0.626921 0.820186
vt 0.640187 0.841603
vt 0.626604 0.825103
vt 0.625919 0.833296
vt 0.805977 0.294489
vt 0.780025 0.206072
vt 0.776722 0.196639
vt 0.821614 0.338082
vt 0.601673 0.816290
vt 0.619043 0.841417
vt 0.793043 0.265617
vt 0.784875 0.229653
vt 0.573768 0.810960
vt 0.605885 0.824857
vt 0.600751 0.841549
vt 0.795931 0.295454
vt 0.815079 0.340144
vt 0.779945 0.226692
vt 0.769718 0.199830
vt 0.841343 0.392695
vt 0.601069 0.833011
vt 0.267641 0.123343
vt 0.268169 0.115309
vt 0.286210 0.122491
vt 0.586149 0.858239
vt 0.784855 0.268037
vt 0.805705 0.317598
vt 0.585857 0.824549
vt 0.584092 0.848853
vt 0.698599 0.541273
vt 0.779889 0.244981
vt 0.775679 0.228075
vt 0.566233 0.816899
vt 0.568235 0.858039
vt 0.806389 0.339280
vt 0.770443 0.240048
vt 0.546905 0.813494
vt 0.552386 0.824328
vt 0.560988 0.832783
vt 0.228009 0.115243
vt 0.697409 0.523280
vt 0.795806 0.326112
vt 0.780627 0.266003
vt 0.776471 0.269119
vt 0.817987 0.385861
vt 0.532320 0.809682
vt 0.227658 0.123343
vt 0.560719 0.839857
vt 0.557695 0.847890
vt 0.787894 0.303282
vt 0.807400 0.363665
vt 0.548892 0.857637
vt 0.781620 0.295255
vt 0.529566 0.816453
vt 0.528091 0.854552
vt 0.700132 0.504925
vt 0.532690 0.867581
vt 0.529220 0.861767
vt 0.535366 0.865385
vt 0.528590 0.865204
vt 0.526650 0.870563
vt 0.521138 0.863830
vt 0.810397 0.400043
vt 0.772286 0.274645
vt 0.508993 0.814452
vt 0.520625 0.823239
vt 0.528871 0.832894
vt 0.530401 0.840998
vt 0.131356 0.481039
vt 0.132134 0.509941
vt 0.141371 0.507044
vt 0.529710 0.846661
vt 0.521444 0.860301
vt 0.796276 0.356031
vt 0.788572 0.338421
vt 0.496633 0.808174
vt 0.140525 0.480128
vt 0.799532 0.382494
vt 0.782125 0.322177
vt 0.777206 0.307805
vt 0.486860 0.814820
vt 0.811558 0.430565
vt 0.494823 0.832685
vt 0.141371 0.453240
vt 0.772550 0.316048
vt 0.495307 0.841241
vt 0.451912 0.877187
vt 0.786515 0.369769
vt 0.799023 0.401550
vt 0.782746 0.342973
vt 0.824326 0.493342
vt 0.454091 0.808803
vt 0.460039 0.813608
vt 0.484527 0.823686
vt 0.811718 0.458555
vt 0.776144 0.342845
vt 0.482416 0.849756
vt 0.802160 0.438945
vt 0.459797 0.822650
vt 0.456263 0.832546
vt 0.788770 0.392798
vt 0.778489 0.373994
vt 0.433455 0.812615
vt 0.458593 0.840487
vt 0.814125 0.483079
vt 0.768815 0.336224
vt 0.429624 0.818924
vt 0.788644 0.414959
vt 0.817054 0.516836
vt 0.823736 0.525914
vt 0.769595 0.358235
vt 0.422345 0.823160
vt 0.440659 0.841636
vt 0.803149 0.476155
vt 0.802053 0.453382
vt 0.791230 0.437839
vt 0.778746 0.405878
vt 0.410828 0.812452
vt 0.388162 0.871697
vt 0.811459 0.502620
vt 0.806063 0.490095
vt 0.791268 0.457821
vt 0.774216 0.389353
vt 0.400382 0.818928
vt 0.410470 0.833508
vt 0.410004 0.841895
vt 0.407200 0.849969
vt 0.812480 0.543533
vt 0.780558 0.432396
vt 0.380197 0.816993
vt 0.378683 0.808924
vt 0.394278 0.830818
vt 0.810806 0.532384
vt 0.807208 0.523004
vt 0.802875 0.510551
vt 0.792880 0.478407
vt 0.781133 0.452052
vt 0.384146 0.823903
vt 0.354527 0.036938
vt 0.373688 0.043078
vt 0.343220 0.043078
vt 0.772418 0.414436
vt 0.358042 0.817087
vt 0.389258 0.841157
vt 0.360128 0.028351
vt 0.379430 0.036387
vt 0.774487 0.432351
vt 0.338229 0.816967
vt 0.352844 0.811087
vt 0.365958 0.829215
vt 0.369685 0.833905
vt 0.791910 0.501734
vt 0.783297 0.475935
vt 0.834139 0.636572
vt 0.334260 0.809689
vt 0.349374 0.824430
vt 0.367116 0.841208
vt 0.387298 0.850989
vt 0.362239 0.850333
vt 0.801671 0.542220
vt 0.798262 0.522456
vt 0.828329 0.626208
vt 0.827309 0.611180
vt 0.840858 0.643064
vt 0.806052 0.559113
vt 0.775894 0.474860
vt 0.048151 0.028529
vt 0.062789 0.017079
vt 0.062625 0.000368
vt 0.787740 0.515457
vt 0.826899 0.640621
vt 0.806283 0.574708
vt 0.781043 0.499192
vt 0.836005 0.654692
vt 0.830417 0.650465
vt 0.768127 0.469667
vt 0.767269 0.443657
vt 0.322711 0.816548
vt 0.054062 0.040815
vt 0.062625 0.043814
vt 0.347783 0.835212
vt 0.333950 0.833217
vt 0.342118 0.841262
vt 0.335344 0.850416
vt 0.792002 0.538208
vt 0.811113 0.587266
vt 0.819648 0.640915
vt 0.798103 0.565016
vt 0.323407 0.824415
vt 0.295786 0.815964
vt 0.821718 0.656016
vt 0.824970 0.661312
vt 0.776270 0.510525
vt 0.303410 0.824211
vt 0.320061 0.841677
vt 0.417180 0.235009
vt 0.814423 0.629873
vt 0.808549 0.612417
vt 0.800627 0.584434
vt 0.783806 0.544098
vt 0.829544 0.661962
vt 0.770270 0.491378
vt 0.283490 0.822131
vt 0.310131 0.834265
vt 0.818878 0.650561
vt 0.788333 0.568199
vt 0.273122 0.814489
vt 0.287916 0.832019
vt 0.299783 0.843181
vt 0.396645 0.230118
vt 0.770918 0.534755
vt 0.264620 0.823272
vt 0.252814 0.817689
vt 0.277770 0.828320
vt 0.344761 0.131443
vt 0.344761 0.108707
vt 0.334123 0.107879
vt 0.281114 0.860644
vt 0.279444 0.852439
vt 0.327812 0.114985
vt 0.381741 0.235570
vt 0.809830 0.644285
vt 0.805175 0.629614
vt 0.811810 0.655868
vt 0.779352 0.557150
vt 0.767624 0.510864
vt 0.172958 0.244004
vt 0.159861 0.244425
vt 0.164913 0.259573
vt 0.282145 0.843016
vt 0.795933 0.604878
vt 0.815134 0.665703
vt 0.792203 0.590751
vt 0.172958 0.220545
vt 0.160875 0.233980
vt 0.247737 0.823701
vt 0.260041 0.832898
vt 0.260997 0.841115
vt 0.250877 0.856654
vt 0.242457 0.865670
vt 0.797183 0.637271
vt 0.795108 0.621760
vt 0.782240 0.598213
vt 0.773446 0.565062
vt 0.227647 0.815502
vt 0.245387 0.849029
vt 0.797381 0.652043
vt 0.805942 0.667587
vt 0.224102 0.824226
vt 0.216981 0.836580
vt 0.231516 0.844294
vt 0.246471 0.843932
vt 0.234383 0.855783
vt 0.800960 0.659354
vt 0.789613 0.640728
vt 0.786705 0.617115
vt 0.777833 0.592596
vt 0.763867 0.557937
vt 0.220083 0.864121
vt 0.203690 0.823547
vt 0.204143 0.829548
vt 0.036581 0.481959
vt 0.027273 0.490795
vt 0.012712 0.486542
vt 0.220863 0.853955
vt 0.786614 0.651257
vt 0.784143 0.624061
vt 0.778124 0.614256
vt 0.774277 0.605217
vt 0.767161 0.591610
vt 0.795895 0.667647
vt 0.354309 0.623525
vt 0.786502 0.632393
vt 0.218828 0.494477
vt 0.219183 0.508468
vt 0.214684 0.496768
vt 0.208053 0.507465
vt 0.168295 0.822093
vt 0.179119 0.825974
vt 0.213460 0.844447
vt 0.045069 0.490795
vt 0.199966 0.853972
vt 0.786459 0.663029
vt 0.788025 0.641790
vt 0.187338 0.829588
vt 0.197827 0.837083
vt 0.193151 0.833038
vt 0.203113 0.840972
vt 0.783967 0.659750
vt 0.206517 0.505829
vt 0.205316 0.508468
vt 0.169340 0.824609
vt 0.157550 0.582842
vt 0.157550 0.593888
vt 0.154468 0.584440
vt 0.179761 0.827966
vt 0.833975 0.014359
vt 0.837057 0.014359
vt 0.835509 0.012150
vt 0.491911 0.345681
vt 0.499308 0.348316
vt 0.499656 0.346085
vt 0.505948 0.350061
vt 0.512290 0.350372
vt 0.380454 0.556125
vt 0.389445 0.555596
vt 0.389445 0.571060
vt 0.195097 0.846790
vt 0.637884 0.082381
vt 0.515626 0.347117
vt 0.518875 0.351620
vt 0.183089 0.842264
vt 0.180063 0.849093
vt 0.705045 0.807188
vt 0.365484 0.623873
vt 0.166192 0.842015
vt 0.172723 0.843045
vt 0.166778 0.844913
vt 0.512868 0.011330
vt 0.696176 0.082857
vt 0.725216 0.793464
vt 0.697226 0.803511
vt 0.779246 0.668262
vt 0.509626 0.339373
vt 0.150636 0.842276
vt 0.633368 0.109813
vt 0.633319 0.114943
vt 0.152231 0.846442
vt 0.139837 0.843927
vt 0.157396 0.850433
vt 0.849384 0.853738
vt 0.839913 0.857511
vt 0.822215 0.848675
vt 0.817026 0.857511
vt 0.148151 0.854202
vt 0.713621 0.789951
vt 0.737385 0.788956
vt 0.724911 0.789791
vt 0.403743 0.598957
vt 0.126394 0.845236
vt 0.133985 0.854304
vt 0.705935 0.791656
vt 0.116683 0.846962
vt 0.123198 0.854096
vt 0.284669 0.961340
vt 0.275424 0.961340
vt 0.284027 0.948822
vt 0.695727 0.791465
vt 0.108979 0.853020
vt 0.106438 0.859916
vt 0.078433 0.869870
vt 0.076635 0.861428
vt 0.090071 0.875864
vt 0.098007 0.874893
vt 0.715715 0.784300
vt 0.654412 0.808174
vt 0.076448 0.850934
vt 0.724476 0.780630
vt 0.701454 0.782687
vt 0.082591 0.850085
vt 0.092234 0.844267
vt 0.094417 0.844951
vt 0.707846 0.779308
vt 0.729036 0.774771
vt 0.421540 0.604277
vt 0.643195 0.807115
vt 0.077587 0.843204
vt 0.081391 0.840048
vt 0.086220 0.842223
vt 0.716159 0.775695
vt 0.624893 0.803546
vt 0.075116 0.838831
vt 0.692162 0.781030
vt 0.631526 0.795317
vt 0.705705 0.770875
vt 0.698556 0.772964
vt 0.676513 0.780980
vt 0.599017 0.797399
vt 0.713104 0.769051
vt 0.689499 0.773065
vt 0.725445 0.765516
vt 0.642887 0.784507
vt 0.620598 0.789108
vt 0.602815 0.792915
vt 0.672382 0.775836
vt 0.659459 0.779023
vt 0.695177 0.763169
vt 0.567843 0.805740
vt 0.714215 0.761697
vt 0.705809 0.763762
vt 0.721736 0.759968
vt 0.666647 0.767813
vt 0.429987 0.623054
vt 0.644217 0.774836
vt 0.605258 0.783665
vt 0.589289 0.786599
vt 0.569954 0.795599
vt 0.548626 0.803836
vt 0.683668 0.763594
vt 0.437810 0.614042
vt 0.625661 0.778737
vt 0.576810 0.789439
vt 0.706136 0.757546
vt 0.692989 0.238667
vt 0.714284 0.754507
vt 0.438877 0.624639
vt 0.447997 0.616191
vt 0.545970 0.790428
vt 0.693191 0.755334
vt 0.681856 0.758323
vt 0.662276 0.761884
vt 0.646112 0.765598
vt 0.630778 0.769602
vt 0.612642 0.771574
vt 0.581351 0.778645
vt 0.564627 0.787010
vt 0.504268 0.805080
vt 0.704015 0.751265
vt 0.958946 0.941751
vt 0.682586 0.751544
vt 0.986380 0.927391
vt 0.641647 0.760475
vt 0.982547 0.921096
vt 0.969892 0.922943
vt 0.626659 0.763890
vt 0.584557 0.774570
vt 0.553743 0.782220
vt 0.517082 0.789630
vt 0.999615 0.892367
vt 0.993154 0.900593
vt 0.483005 0.804087
vt 0.948288 0.947349
vt 0.950835 0.937190
vt 0.937295 0.943234
vt 0.662390 0.754678
vt 0.527572 0.784056
vt 0.987730 0.913130
vt 0.983068 0.904385
vt 0.463858 0.806631
vt 0.960585 0.930307
vt 0.593732 0.765007
vt 0.574629 0.769385
vt 0.550760 0.772963
vt 0.945035 0.930325
vt 0.915979 0.944081
vt 0.927297 0.936747
vt 0.648797 0.751713
vt 0.633566 0.755784
vt 0.615529 0.760183
vt 0.527559 0.777412
vt 0.490075 0.788017
vt 0.464521 0.792651
vt 0.952219 0.920279
vt 0.902415 0.939656
vt 0.506310 0.780626
vt 0.924304 0.927753
vt 0.913945 0.932223
vt 0.886550 0.942694
vt 0.892957 0.932740
vt 0.623500 0.751974
vt 0.602826 0.756855
vt 0.581905 0.761848
vt 0.956511 0.909509
vt 0.492247 0.782876
vt 0.474544 0.786436
vt 0.964055 0.888506
vt 0.934218 0.923978
vt 0.876485 0.938711
vt 0.937892 0.913071
vt 0.533743 0.766954
vt 0.954000 0.882582
vt 0.587435 0.080886
vt 0.882147 0.929293
vt 0.866545 0.935053
vt 0.613675 0.748119
vt 0.582548 0.754224
vt 0.546218 0.763328
vt 0.945384 0.907981
vt 0.503365 0.771647
vt 0.952431 0.897554
vt 0.456548 0.786554
vt 0.896934 0.925123
vt 0.915841 0.917224
vt 0.562364 0.758125
vt 0.927362 0.910147
vt 0.481969 0.777181
vt 0.461328 0.780583
vt 0.843025 0.933285
vt 0.835521 0.942576
vt 0.888259 0.920315
vt 0.865068 0.926379
vt 0.901487 0.907017
vt 0.926663 0.903022
vt 0.913665 0.895676
vt 0.816520 0.938531
vt 0.563752 0.749104
vt 0.500422 0.763616
vt 0.892887 0.916020
vt 0.484289 0.767739
vt 0.531275 0.757483
vt 0.866786 0.918837
vt 0.878277 0.910503
vt 0.464933 0.771732
vt 0.437385 0.775861
vt 0.893269 0.897912
vt 0.690737 0.426778
vt 0.834543 0.928468
vt 0.878357 0.901527
vt 0.404822 0.783220
vt 0.808948 0.933410
vt 0.792486 0.935552
vt 0.539761 0.745107
vt 0.839364 0.919133
vt 0.477133 0.763672
vt 0.845087 0.911561
vt 0.857245 0.904089
vt 0.860388 0.886663
vt 0.475195 0.143534
vt 0.498573 0.754396
vt 0.814051 0.921653
vt 0.445412 0.766316
vt 0.411249 0.774590
vt 0.799479 0.924617
vt 0.751861 0.945394
vt 0.763386 0.935531
vt 0.451894 0.757987
vt 0.806175 0.913045
vt 0.381204 0.777580
vt 0.823262 0.906886
vt 0.831591 0.898589
vt 0.768362 0.926439
vt 0.473434 0.754416
vt 0.829273 0.890641
vt 0.821343 0.873360
vt 0.732624 0.937280
vt 0.478888 0.745986
vt 0.426946 0.764332
vt 0.400482 0.766148
vt 0.787222 0.916923
vt 0.383124 0.765822
vt 0.356776 0.774049
vt 0.325754 0.784979
vt 0.800748 0.894211
vt 0.728019 0.933409
vt 0.452396 0.749890
vt 0.426448 0.756150
vt 0.798345 0.903834
vt 0.429060 0.751449
vt 0.755682 0.922874
vt 0.339137 0.774761
vt 0.771721 0.909179
vt 0.315424 0.780111
vt 0.295010 0.783298
vt 0.776499 0.898928
vt 0.392735 0.758102
vt 0.362949 0.764362
vt 0.447724 0.738578
vt 0.731248 0.923706
vt 0.735817 0.919119
vt 0.265596 0.787900
vt 0.756539 0.891797
vt 0.402972 0.745446
vt 0.385853 0.749532
vt 0.341457 0.764722
vt 0.312870 0.772155
vt 0.208402 0.796736
vt 0.707757 0.921605
vt 0.712312 0.911153
vt 0.273472 0.777705
vt 0.736297 0.894527
vt 0.724849 0.890423
vt 0.199149 0.803954
vt 0.659425 0.939328
vt 0.365648 0.755790
vt 0.337463 0.757231
vt 0.313997 0.763592
vt 0.241970 0.784342
vt 0.215780 0.786965
vt 0.206161 0.790701
vt 0.291641 0.767379
vt 0.711367 0.898330
vt 0.378228 0.741495
vt 0.343379 0.750816
vt 0.677142 0.923067
vt 0.259091 0.772631
vt 0.237088 0.777315
vt 0.680801 0.903970
vt 0.360482 0.745145
vt 0.635477 0.936690
vt 0.674608 0.915510
vt 0.209327 0.780330
vt 0.184841 0.790430
vt 0.648843 0.927845
vt 0.289223 0.758470
vt 0.322286 0.747501
vt 0.307367 0.753024
vt 0.649234 0.920219
vt 0.254861 0.764251
vt 0.236233 0.769368
vt 0.661563 0.898036
vt 0.618630 0.940870
vt 0.605613 0.937630
vt 0.347038 0.741257
vt 0.616115 0.927839
vt 0.213830 0.773263
vt 0.640198 0.911377
vt 0.270521 0.756340
vt 0.111981 0.805297
vt 0.586224 0.930860
vt 0.568577 0.938471
vt 0.308207 0.741229
vt 0.293609 0.749303
vt 0.246992 0.755930
vt 0.188161 0.773139
vt 0.616514 0.916742
vt 0.235270 0.760306
vt 0.602635 0.924578
vt 0.206065 0.764017
vt 0.623466 0.904721
vt 0.134467 0.785448
vt 0.099913 0.799839
vt 0.280644 0.746797
vt 0.254758 0.751770
vt 0.187186 0.767513
vt 0.608687 0.898882
vt 0.597441 0.891534
vt 0.557275 0.933965
vt 0.542570 0.944455
vt 0.524140 0.937892
vt 0.258352 0.744766
vt 0.150259 0.776490
vt 0.220526 0.752058
vt 0.213296 0.755702
vt 0.187781 0.759431
vt 0.585903 0.900858
vt 0.084728 0.790843
vt 0.602079 0.520997
vt 0.521426 0.943133
vt 0.235577 0.747440
vt 0.553889 0.925862
vt 0.162562 0.765749
vt 0.569607 0.919667
vt 0.133514 0.769919
vt 0.570131 0.903033
vt 0.592402 0.525562
vt 0.533830 0.930718
vt 0.111521 0.774455
vt 0.095885 0.777847
vt 0.530703 0.882827
vt 0.502807 0.937851
vt 0.500342 0.947349
vt 0.163124 0.758697
vt 0.549170 0.916844
vt 0.085002 0.780534
vt 0.546520 0.908026
vt 0.581292 0.532211
vt 0.572785 0.529447
vt 0.219778 0.741596
vt 0.205025 0.746002
vt 0.190798 0.749708
vt 0.520979 0.927488
vt 0.597902 0.534040
vt 0.588205 0.538498
vt 0.508928 0.887808
vt 0.173308 0.750319
vt 0.484897 0.943784
vt 0.144625 0.759276
vt 0.503224 0.931849
vt 0.136507 0.759874
vt 0.114686 0.763647
vt 0.523612 0.920617
vt 0.529696 0.910624
vt 0.072611 0.784386
vt 0.519319 0.904064
vt 0.512718 0.896899
vt 0.568304 0.544575
vt 0.479175 0.936468
vt 0.082367 0.765474
vt 0.510480 0.914434
vt 0.195483 0.740883
vt 0.154999 0.746228
vt 0.501633 0.925108
vt 0.070885 0.772367
vt 0.560831 0.536068
vt 0.560237 0.548274
vt 0.182481 0.330227
vt 0.170985 0.742120
vt 0.143742 0.745488
vt 0.456149 0.941250
vt 0.190432 0.733155
vt 0.491737 0.916322
vt 0.604899 0.544236
vt 0.494719 0.906657
vt 0.120645 0.751837
vt 0.095714 0.754757
vt 0.567874 0.555655
vt 0.176707 0.734044
vt 0.575018 0.561803
vt 0.167155 0.732532
vt 0.149900 0.738058
vt 0.126164 0.740765
vt 0.478518 0.908458
vt 0.589870 0.565320
vt 0.472666 0.901320
vt 0.559830 0.560475
vt 0.550462 0.555636
vt 0.159057 0.734699
vt 0.456398 0.931320
vt 0.447654 0.934452
vt 0.066639 0.758353
vt 0.600718 0.562509
vt 0.645006 0.688562
vt 0.009236 0.379297
vt 0.139507 0.735201
vt 0.444002 0.944998
vt 0.076780 0.751163
vt 0.055780 0.760381
vt 0.458621 0.911181
vt 0.567483 0.568844
vt 0.095498 0.744396
vt 0.084831 0.740882
vt 0.437988 0.935901
vt 0.104319 0.734797
vt 0.159993 0.725304
vt 0.153343 0.727926
vt 0.173896 0.722913
vt 0.445607 0.928514
vt 0.447699 0.921728
vt 0.583343 0.575072
vt 0.054665 0.747367
vt 0.446656 0.912489
vt 0.569257 0.577520
vt 0.169162 0.720858
vt 0.064808 0.742809
vt 0.433154 0.935706
vt 0.578297 0.577271
vt 0.117243 0.721228
vt 0.071956 0.734253
vt 0.134595 0.715858
vt 0.171087 0.712104
vt 0.177225 0.715999
vt 0.606978 0.573990
vt 0.593528 0.577681
vt 0.551466 0.579701
vt 0.080604 0.728754
vt 0.104055 0.719513
vt 0.176387 0.691863
vt 0.188595 0.712661
vt 0.586562 0.587929
vt 0.578838 0.588724
vt 0.061521 0.732653
vt 0.050306 0.736492
vt 0.608298 0.585449
vt 0.595945 0.587693
vt 0.129402 0.703065
vt 0.570307 0.595159
vt 0.560577 0.592208
vt 0.094680 0.711176
vt 0.168336 0.687614
vt 0.552783 0.597350
vt 0.120176 0.696874
vt 0.184739 0.677510
vt 0.579720 0.597844
vt 0.150348 0.696566
vt 0.142317 0.696599
vt 0.071131 0.718399
vt 0.057130 0.721998
vt 0.047111 0.725096
vt 0.596195 0.597760
vt 0.587604 0.598243
vt 0.193708 0.680452
vt 0.609784 0.597070
vt 0.572801 0.610623
vt 0.149257 0.684204
vt 0.139216 0.685281
vt 0.108485 0.693329
vt 0.078151 0.706984
vt 0.062986 0.708789
vt 0.605822 0.607179
vt 0.594848 0.609659
vt 0.582389 0.607994
vt 0.161354 0.676779
vt 0.167745 0.683637
vt 0.049782 0.713397
vt 0.040234 0.716419
vt 0.223962 0.672165
vt 0.176884 0.668490
vt 0.031426 0.713137
vt 0.028891 0.716353
vt 0.153582 0.674454
vt 0.121506 0.689336
vt 0.043098 0.708493
vt 0.583171 0.616611
vt 0.245903 0.673804
vt 0.141665 0.672132
vt 0.105206 0.687819
vt 0.089965 0.689091
vt 0.052717 0.699987
vt 0.175244 0.662313
vt 0.080754 0.691484
vt 0.068740 0.696511
vt 0.162068 0.665841
vt 0.128981 0.673659
vt 0.032990 0.702359
vt 0.597713 0.612593
vt 0.600311 0.623198
vt 0.586126 0.621736
vt 0.574919 0.622845
vt 0.565872 0.624080
vt 0.156492 0.654325
vt 0.980719 0.280057
vt 0.982100 0.274528
vt 0.971800 0.275196
vt 0.963239 0.272507
vt 0.955455 0.268409
vt 0.953395 0.277643
vt 0.279222 0.673710
vt 0.260013 0.670487
vt 0.195096 0.657682
vt 0.184995 0.653470
vt 0.176250 0.651039
vt 0.165189 0.656530
vt 0.145546 0.662546
vt 0.095788 0.677994
vt 0.085551 0.677897
vt 0.064053 0.689310
vt 0.996972 0.320576
vt 0.999291 0.305971
vt 0.989834 0.305235
vt 0.988609 0.290741
vt 0.959712 0.278877
vt 0.945896 0.272668
vt 0.120357 0.667000
vt 0.979418 0.291798
vt 0.970278 0.282515
vt 0.036607 0.456972
vt 0.139656 0.657575
vt 0.993637 0.332927
vt 0.999615 0.343306
vt 0.984431 0.309683
vt 0.966825 0.287687
vt 0.307698 0.673325
vt 0.285354 0.668936
vt 0.222880 0.632454
vt 0.188961 0.643578
vt 0.176872 0.641456
vt 0.134301 0.652825
vt 0.974462 0.295911
vt 0.956759 0.287668
vt 0.107756 0.664613
vt 0.990560 0.342716
vt 0.982943 0.323564
vt 0.975542 0.312013
vt 0.965455 0.294778
vt 0.226872 0.624576
vt 0.242650 0.623858
vt 0.201492 0.632625
vt 0.970465 0.331160
vt 0.963074 0.301982
vt 0.953963 0.297141
vt 0.150086 0.645203
vt 0.127050 0.649483
vt 0.121290 0.645631
vt 0.100904 0.657691
vt 0.991998 0.366838
vt 0.984350 0.360284
vt 0.981489 0.338277
vt 0.961977 0.322403
vt 0.952202 0.307409
vt 0.218249 0.621350
vt 0.181652 0.630470
vt 0.166704 0.638023
vt 0.972287 0.340559
vt 0.975680 0.358962
vt 0.951960 0.323608
vt 0.948364 0.329463
vt 0.942727 0.334992
vt 0.303251 0.592617
vt 0.237127 0.614734
vt 0.213629 0.616355
vt 0.965982 0.342909
vt 0.956877 0.339622
vt 0.940201 0.350105
vt 0.257102 0.599763
vt 0.148676 0.638831
vt 0.397048 0.679109
vt 0.314071 0.581063
vt 0.306434 0.581279
vt 0.236296 0.606950
vt 0.168397 0.627776
vt 0.994365 0.389632
vt 0.986841 0.388808
vt 0.982437 0.369341
vt 0.967654 0.356716
vt 0.276079 0.591838
vt 0.202965 0.615929
vt 0.944160 0.377703
vt 0.157008 0.624947
vt 0.145031 0.627882
vt 0.980158 0.382863
vt 0.971476 0.384937
vt 0.964911 0.375599
vt 0.287480 0.581500
vt 0.229910 0.598677
vt 0.186354 0.613614
vt 0.953618 0.384381
vt 0.422522 0.678200
vt 0.332929 0.567157
vt 0.306452 0.571796
vt 0.250515 0.590159
vt 0.203899 0.607307
vt 0.174441 0.616810
vt 0.134498 0.629090
vt 0.989571 0.410288
vt 0.268981 0.580453
vt 0.983990 0.416288
vt 0.976742 0.407250
vt 0.958972 0.409146
vt 0.950459 0.402140
vt 0.358727 0.554546
vt 0.349944 0.562716
vt 0.343419 0.558363
vt 0.331124 0.557603
vt 0.155470 0.617426
vt 0.236616 0.585279
vt 0.212774 0.594441
vt 0.191227 0.602971
vt 0.170410 0.608374
vt 0.992917 0.434017
vt 0.965360 0.421104
vt 0.948326 0.418153
vt 0.349076 0.547136
vt 0.988309 0.445945
vt 0.993763 0.451733
vt 0.982886 0.432345
vt 0.974330 0.420821
vt 0.298008 0.560546
vt 0.285616 0.567875
vt 0.257489 0.573909
vt 0.178198 0.598991
vt 0.956095 0.421713
vt 0.549242 0.691556
vt 0.511710 0.685804
vt 0.404806 0.527904
vt 0.333372 0.548125
vt 0.274965 0.565105
vt 0.202405 0.592585
vt 0.980708 0.448068
vt 0.404964 0.519435
vt 0.371226 0.534243
vt 0.989144 0.463618
vt 0.970200 0.448987
vt 0.384830 0.526012
vt 0.315651 0.551158
vt 0.258903 0.567225
vt 0.226354 0.575769
vt 0.191260 0.589599
vt 0.960684 0.450701
vt 0.544924 0.684163
vt 0.428637 0.509977
vt 0.364156 0.530068
vt 0.330594 0.541273
vt 0.986189 0.479932
vt 0.978786 0.462845
vt 0.395185 0.517554
vt 0.354236 0.528702
vt 0.307608 0.546172
vt 0.977394 0.517215
vt 0.987893 0.518182
vt 0.981314 0.499252
vt 0.975391 0.476062
vt 0.967320 0.465562
vt 0.553040 0.681078
vt 0.409399 0.513290
vt 0.301678 0.544960
vt 0.246561 0.563476
vt 0.963370 0.486760
vt 0.957405 0.466257
vt 0.433036 0.503745
vt 0.427707 0.502394
vt 0.271049 0.551343
vt 0.984403 0.542247
vt 0.969057 0.499680
vt 0.449201 0.497032
vt 0.443283 0.504402
vt 0.441801 0.496621
vt 0.565724 0.678669
vt 0.405925 0.504673
vt 0.396621 0.507031
vt 0.375276 0.516221
vt 0.322345 0.534413
vt 0.973680 0.539265
vt 0.422130 0.496472
vt 0.292673 0.540350
vt 0.964886 0.525183
vt 0.956254 0.515798
vt 0.947367 0.522186
vt 0.449845 0.486572
vt 0.434651 0.492636
vt 0.348682 0.518004
vt 0.968957 0.567069
vt 0.443383 0.487455
vt 0.319750 0.523565
vt 0.975928 0.600960
vt 0.981673 0.595455
vt 0.983126 0.570387
vt 0.966353 0.591010
vt 0.957808 0.559136
vt 0.949154 0.545219
vt 0.937892 0.560990
vt 0.464584 0.477890
vt 0.458543 0.488629
vt 0.637013 0.683157
vt 0.644435 0.695303
vt 0.426508 0.490604
vt 0.383217 0.503657
vt 0.976555 0.628368
vt 0.961331 0.575888
vt 0.443011 0.481499
vt 0.434418 0.485632
vt 0.417419 0.492716
vt 0.410850 0.489085
vt 0.364573 0.505573
vt 0.348763 0.508860
vt 0.966589 0.608185
vt 0.942896 0.574561
vt 0.927123 0.590593
vt 0.627301 0.667158
vt 0.460797 0.473075
vt 0.968139 0.628194
vt 0.954243 0.582284
vt 0.941483 0.589701
vt 0.486961 0.466024
vt 0.485426 0.470867
vt 0.477606 0.467513
vt 0.477583 0.472531
vt 0.470527 0.469632
vt 0.471520 0.475344
vt 0.638594 0.677529
vt 0.421089 0.484059
vt 0.386451 0.496975
vt 0.965555 0.651075
vt 0.975069 0.662374
vt 0.959582 0.623791
vt 0.955556 0.603706
vt 0.936524 0.618456
vt 0.483460 0.461697
vt 0.231825 0.074006
vt 0.441252 0.475887
vt 0.431017 0.480075
vt 0.970873 0.700762
vt 0.980459 0.703345
vt 0.979105 0.678767
vt 0.962687 0.671604
vt 0.944071 0.614377
vt 0.476448 0.463430
vt 0.469943 0.466299
vt 0.464006 0.467835
vt 0.228264 0.067880
vt 0.399726 0.480549
vt 0.950034 0.639732
vt 0.453992 0.469519
vt 0.969436 0.723520
vt 0.955174 0.652537
vt 0.940539 0.651112
vt 0.932022 0.652191
vt 0.480830 0.458544
vt 0.473840 0.460514
vt 0.465995 0.461785
vt 0.460593 0.464992
vt 0.978275 0.756228
vt 0.991028 0.763776
vt 0.986399 0.752601
vt 0.973352 0.744856
vt 0.983730 0.741461
vt 0.967847 0.736897
vt 0.962714 0.699778
vt 0.233313 0.057780
vt 0.226661 0.062907
vt 0.998913 0.786889
vt 0.997336 0.778220
vt 0.991095 0.782432
vt 0.984273 0.765326
vt 0.954930 0.684547
vt 0.946890 0.664189
vt 0.919194 0.685161
vt 0.222145 0.054545
vt 0.217643 0.060732
vt 0.472997 0.454713
vt 0.999615 0.793805
vt 0.961494 0.749103
vt 0.957395 0.716407
vt 0.948700 0.712931
vt 0.930844 0.681696
vt 0.234944 0.047962
vt 0.995804 0.804566
vt 0.990411 0.799081
vt 0.987450 0.788506
vt 0.973260 0.781421
vt 0.971311 0.765994
vt 0.953975 0.735203
vt 0.942912 0.694090
vt 0.982560 0.804651
vt 0.975160 0.792199
vt 0.958519 0.756000
vt 0.245197 0.042643
vt 0.227061 0.041822
vt 0.258093 0.038264
vt 0.953311 0.765176
vt 0.949822 0.746258
vt 0.941196 0.727533
vt 0.911010 0.758729
vt 0.241807 0.030305
vt 0.959240 0.787617
vt 0.955179 0.777812
vt 0.938415 0.742200
vt 0.925836 0.742687
vt 0.920213 0.753987
vt 0.252934 0.033724
vt 0.966746 0.812622
vt 0.968202 0.799629
vt 0.947708 0.759710
vt 0.936527 0.760597
vt 0.944193 0.763745
vt 0.927366 0.760939
vt 0.919102 0.768304
vt 0.955312 0.805278
vt 0.264652 0.026713
vt 0.276032 0.024352
vt 0.950442 0.781523
vt 0.291397 0.017084
vt 0.258853 0.021956
vt 0.955417 0.796950
vt 0.269690 0.018508
vt 0.282861 0.018739
vt 0.942999 0.779851
vt 0.926905 0.779595
vt 0.249889 0.015432
vt 0.240189 0.016355
vt 0.947833 0.791252
vt 0.927072 0.833727
vt 0.922128 0.824963
vt 0.935246 0.777340
vt 0.258241 0.011414
vt 0.949557 0.812106
vt 0.943907 0.804168
vt 0.277374 0.012075
vt 0.940107 0.790571
vt 0.928970 0.825987
vt 0.932062 0.788645
vt 0.921266 0.805333
vt 0.923788 0.796086
vt 0.941603 0.815617
vt 0.938364 0.827369
vt 0.932576 0.817776
vt 0.935271 0.807213
vt 0.927494 0.812541
vt 0.930361 0.799464
s 1
f 726/1/1 718/2/2 722/3/3
f 726/1/1 722/3/3 730/4/4
f 718/2/2 720/5/5 722/3/3
f 722/3/3 731/6/6 736/7/7
f 722/3/3 720/5/5 731/6/6
f 726/1/1 730/4/4 780/8/8
f 727/9/9 726/1/1 742/10/10
f 730/4/4 777/11/11 783/12/12
f 727/9/9 718/2/2 726/1/1
f 736/7/7 825/13/13 777/11/11
f 719/14/14 720/5/5 718/2/2
f 736/7/7 731/6/6 824/15/15
f 736/7/7 824/15/15 825/13/13
f 731/6/6 784/16/16 824/15/15
f 719/14/14 721/17/17 720/5/5
f 720/5/5 721/17/17 725/18/18
f 720/5/5 725/18/18 776/19/19
f 720/5/5 776/19/19 731/6/6
f 731/6/6 776/19/19 784/16/16
f 721/17/17 728/20/20 725/18/18
f 781/21/21 742/10/10 726/1/1
f 781/21/21 726/1/1 780/8/8
f 742/10/10 734/22/22 727/9/9
f 734/22/22 724/23/23 727/9/9
f 783/12/12 777/11/11 833/24/24
f 777/11/11 825/13/13 833/24/24
f 715/25/25 718/2/2 724/23/23
f 724/23/23 718/2/2 727/9/9
f 825/13/13 837/26/26 833/24/24
f 715/25/25 717/27/27 718/2/2
f 717/27/27 719/14/14 718/2/2
f 825/13/13 824/15/15 837/26/26
f 717/27/27 723/28/28 719/14/14
f 719/14/14 723/28/28 721/17/17
f 776/19/19 834/29/29 784/16/16
f 728/20/20 817/30/30 725/18/18
f 725/18/18 817/30/30 776/19/19
f 2306/31/31 2332/32/32 2304/33/33
f 2304/33/33 2332/32/32 2336/34/34
f 2304/33/33 2336/34/34 2299/35/35
f 778/36/36 734/22/22 742/10/10
f 2299/35/35 2336/34/34 2340/37/37
f 2336/34/34 2344/38/38 2340/37/37
f 2344/38/38 2345/39/39 2340/37/37
f 833/24/24 837/26/26 840/40/40
f 716/41/41 717/27/27 715/25/25
f 2542/42/42 2546/43/43 2532/44/44
f 716/41/41 723/28/28 717/27/27
f 2546/43/43 2545/45/45 2532/44/44
f 824/15/15 784/16/16 839/46/46
f 723/28/28 782/47/47 733/48/48
f 733/48/48 721/17/17 723/28/28
f 3021/49/49 3023/50/50 3034/51/51
f 784/16/16 834/29/29 839/46/46
f 721/17/17 733/48/48 728/20/20
f 728/20/20 733/48/48 817/30/30
f 3014/52/52 3012/53/53 3031/54/54
f 3031/54/54 3012/53/53 3021/49/49
f 2287/55/55 2325/56/56 2329/57/57
f 2287/55/55 2329/57/57 2306/31/31
f 2291/58/58 2306/31/31 2304/33/33
f 732/59/59 724/23/23 734/22/22
f 716/41/41 779/60/60 723/28/28
f 3034/51/51 3023/50/50 3037/61/61
f 3016/62/62 3011/63/63 3009/64/64
f 3016/62/62 3009/64/64 3014/52/52
f 3009/64/64 3012/53/53 3014/52/52
f 3012/53/53 3008/65/65 3021/49/49
f 2305/66/66 2325/56/56 2287/55/55
f 766/67/67 732/59/59 734/22/22
f 766/67/67 734/22/22 778/36/36
f 2340/37/37 2343/68/68 2331/69/69
f 713/70/70 715/25/25 724/23/23
f 713/70/70 688/71/71 715/25/25
f 688/71/71 716/41/41 715/25/25
f 779/60/60 782/47/47 723/28/28
f 3026/72/72 3011/63/63 3016/62/62
f 3008/65/65 3013/73/73 3023/50/50
f 3021/49/49 3008/65/65 3023/50/50
f 3009/64/64 3004/74/74 3003/75/75
f 3009/64/64 3003/75/75 3012/53/53
f 3003/75/75 3008/65/65 3012/53/53
f 2259/76/76 2291/58/58 2264/77/77
f 2334/78/78 2325/56/56 2305/66/66
f 732/59/59 713/70/70 724/23/23
f 2543/79/79 2541/80/80 2535/81/81
f 779/60/60 829/82/82 782/47/47
f 3026/72/72 3018/83/83 3011/63/63
f 3011/63/63 3004/74/74 3009/64/64
f 712/84/84 713/70/70 732/59/59
f 2531/85/85 2530/86/86 2522/87/87
f 3023/50/50 3025/88/88 3032/89/89
f 3018/83/83 3007/90/90 3011/63/63
f 3013/73/73 3025/88/88 3023/50/50
f 3011/63/63 3007/90/90 3004/74/74
f 3004/74/74 3001/91/91 3003/75/75
f 3003/75/75 3002/92/92 3008/65/65
f 2288/93/93 2305/66/66 2287/55/55
f 753/94/94 712/84/84 766/67/67
f 712/84/84 732/59/59 766/67/67
f 712/84/84 682/95/95 713/70/70
f 682/95/95 688/71/71 713/70/70
f 688/71/71 692/96/96 716/41/41
f 692/96/96 779/60/60 716/41/41
f 779/60/60 827/97/97 829/82/82
f 3018/83/83 3015/98/98 3007/90/90
f 3007/90/90 3001/91/91 3004/74/74
f 3002/92/92 3005/99/99 3008/65/65
f 3008/65/65 3005/99/99 3013/73/73
f 3001/91/91 3002/92/92 3003/75/75
f 2321/100/100 2334/78/78 2305/66/66
f 2544/101/101 2534/102/102 2540/103/103
f 692/96/96 827/97/97 779/60/60
f 3018/83/83 3024/104/104 3019/105/105
f 3019/105/105 3015/98/98 3018/83/83
f 3013/73/73 2846/106/106 3025/88/88
f 645/107/107 682/95/95 710/108/108
f 710/108/108 682/95/95 712/84/84
f 645/107/107 646/109/109 682/95/95
f 646/109/109 688/71/71 682/95/95
f 646/109/109 670/110/110 688/71/71
f 670/110/110 692/96/96 688/71/71
f 3025/88/88 2846/106/106 2845/111/111
f 3015/98/98 3006/112/112 3007/90/90
f 3007/90/90 3006/112/112 3001/91/91
f 3005/99/99 3010/113/113 3013/73/73
f 3013/73/73 3010/113/113 2846/106/106
f 3001/91/91 2999/114/114 3000/115/115
f 3001/91/91 3000/115/115 3002/92/92
f 3002/92/92 3000/115/115 3005/99/99
f 739/116/116 712/84/84 753/94/94
f 739/116/116 710/108/108 712/84/84
f 710/108/108 643/117/117 645/107/107
f 643/117/117 644/118/118 645/107/107
f 645/107/107 644/118/118 646/109/109
f 644/118/118 670/110/110 646/109/109
f 644/118/118 657/119/119 670/110/110
f 670/110/110 691/120/120 692/96/96
f 692/96/96 691/120/120 827/97/97
f 3006/112/112 2999/114/114 3001/91/91
f 3005/99/99 3000/115/115 3010/113/113
f 2297/121/121 2321/100/100 2288/93/93
f 709/122/122 643/117/117 710/108/108
f 657/119/119 691/120/120 670/110/110
f 657/119/119 689/123/123 691/120/120
f 2993/124/124 2973/125/125 3024/104/104
f 3024/104/104 2973/125/125 3019/105/105
f 3019/105/105 2983/126/126 3015/98/98
f 2983/126/126 3006/112/112 3015/98/98
f 2846/106/106 2842/127/127 2845/111/111
f 2999/114/114 2826/128/128 3000/115/115
f 740/129/129 709/122/122 739/116/116
f 709/122/122 642/130/130 643/117/117
f 642/130/130 641/131/131 643/117/117
f 641/131/131 644/118/118 643/117/117
f 641/131/131 656/132/132 644/118/118
f 644/118/118 656/132/132 657/119/119
f 656/132/132 689/123/123 657/119/119
f 2974/133/133 2898/134/134 2993/124/124
f 2842/127/127 2844/135/135 2845/111/111
f 3010/113/113 2842/127/127 2846/106/106
f 3006/112/112 2998/136/136 2999/114/114
f 3000/115/115 2825/137/137 3010/113/113
f 2825/137/137 2842/127/127 3010/113/113
f 2826/128/128 2824/138/138 3000/115/115
f 2824/138/138 2825/137/137 3000/115/115
f 2205/139/139 2206/140/140 2207/141/141
f 2297/121/121 2292/142/142 2324/143/143
f 2297/121/121 2324/143/143 2333/144/144
f 708/145/145 709/122/122 740/129/129
f 708/145/145 642/130/130 709/122/122
f 653/146/146 656/132/132 641/131/131
f 2984/147/147 2895/148/148 2911/149/149
f 2984/147/147 2911/149/149 2974/133/133
f 2974/133/133 2911/149/149 2898/134/134
f 2898/134/134 2973/125/125 2993/124/124
f 3019/105/105 2973/125/125 2983/126/126
f 2983/126/126 2982/150/150 3006/112/112
f 3006/112/112 2982/150/150 2998/136/136
f 2998/136/136 2826/128/128 2999/114/114
f 2323/151/151 2324/143/143 2292/142/142
f 749/152/152 708/145/145 740/129/129
f 653/146/146 686/153/153 656/132/132
f 2984/147/147 2977/154/154 2895/148/148
f 2973/125/125 2898/134/134 2972/155/155
f 2973/125/125 2972/155/155 2983/126/126
f 2825/137/137 2813/156/156 2842/127/127
f 2826/128/128 2811/157/157 2824/138/138
f 2824/138/138 2814/158/158 2825/137/137
f 748/159/159 708/145/145 749/152/152
f 708/145/145 640/160/160 642/130/130
f 640/160/160 641/131/131 642/130/130
f 640/160/160 639/161/161 641/131/131
f 639/161/161 653/146/146 641/131/131
f 658/162/162 686/153/153 653/146/146
f 2911/149/149 2894/163/163 2898/134/134
f 2813/156/156 2829/164/164 2842/127/127
f 2998/136/136 2820/165/165 2826/128/128
f 2825/137/137 2814/158/158 2813/156/156
f 2824/138/138 2811/157/157 2814/158/158
f 2280/166/166 2292/142/142 2258/167/167
f 639/161/161 658/162/162 653/146/146
f 658/162/162 681/168/168 686/153/153
f 2895/148/148 2894/163/163 2911/149/149
f 2983/126/126 2972/155/155 2982/150/150
f 2982/150/150 2981/169/169 2986/170/170
f 2982/150/150 2986/170/170 2998/136/136
f 2998/136/136 2986/170/170 2820/165/165
f 2820/165/165 2811/157/157 2826/128/128
f 705/171/171 640/160/160 708/145/145
f 705/171/171 637/172/172 640/160/160
f 637/172/172 639/161/161 640/160/160
f 2976/173/173 2896/174/174 2895/148/148
f 2976/173/173 2895/148/148 2977/154/154
f 2895/148/148 2891/175/175 2894/163/163
f 2894/163/163 2893/176/176 2898/134/134
f 2972/155/155 2963/177/177 2982/150/150
f 2811/157/157 2809/178/178 2814/158/158
f 747/179/179 705/171/171 748/159/159
f 639/161/161 654/180/180 658/162/162
f 654/180/180 681/168/168 658/162/162
f 2896/174/174 2891/175/175 2895/148/148
f 2893/176/176 2963/177/177 2898/134/134
f 2898/134/134 2963/177/177 2972/155/155
f 2525/181/181 2528/182/182 2514/183/183
f 2963/177/177 2981/169/169 2982/150/150
f 2812/184/184 2841/185/185 2843/186/186
f 2986/170/170 2817/187/187 2820/165/165
f 2820/165/165 2817/187/187 2815/188/188
f 2813/156/156 2812/184/184 2829/164/164
f 2815/188/188 2807/189/189 2820/165/165
f 2820/165/165 2807/189/189 2811/157/157
f 2811/157/157 2807/189/189 2809/178/178
f 706/190/190 705/171/171 747/179/179
f 706/190/190 637/172/172 705/171/171
f 638/191/191 654/180/180 639/161/161
f 655/192/192 678/193/193 654/180/180
f 678/193/193 681/168/168 654/180/180
f 2897/194/194 2896/174/174 2976/173/173
f 2891/175/175 2893/176/176 2894/163/163
f 2809/178/178 2810/195/195 2812/184/184
f 2809/178/178 2812/184/184 2813/156/156
f 2316/196/196 2315/197/197 2282/198/198
f 746/199/199 706/190/190 747/179/179
f 638/191/191 639/161/161 637/172/172
f 655/192/192 654/180/180 638/191/191
f 2897/194/194 2889/200/200 2896/174/174
f 2896/174/174 2889/200/200 2891/175/175
f 2963/177/177 2818/201/201 2981/169/169
f 2981/169/169 2817/187/187 2986/170/170
f 2809/178/178 2808/202/202 2810/195/195
f 637/172/172 636/203/203 638/191/191
f 677/204/204 680/205/205 655/192/192
f 655/192/192 680/205/205 678/193/193
f 2891/175/175 2889/200/200 2890/206/206
f 2891/175/175 2890/206/206 2892/207/207
f 2891/175/175 2892/207/207 2893/176/176
f 2893/176/176 2892/207/207 2823/208/208
f 2893/176/176 2823/208/208 2818/201/201
f 2893/176/176 2818/201/201 2963/177/177
f 2981/169/169 2818/201/201 2817/187/187
f 2810/195/195 2830/209/209 2833/210/210
f 2810/195/195 2833/210/210 2812/184/184
f 2817/187/187 2805/211/211 2815/188/188
f 2815/188/188 2805/211/211 2807/189/189
f 2807/189/189 2808/202/202 2809/178/178
f 746/199/199 738/212/212 706/190/190
f 707/213/213 634/214/214 706/190/190
f 706/190/190 634/214/214 637/172/172
f 634/214/214 636/203/203 637/172/172
f 636/203/203 655/192/192 638/191/191
f 2817/187/187 2799/215/215 2805/211/211
f 2805/211/211 2806/216/216 2807/189/189
f 2807/189/189 2806/216/216 2808/202/202
f 707/213/213 706/190/190 738/212/212
f 3369/217/217 3368/218/218 3377/219/219
f 636/203/203 660/220/220 655/192/192
f 660/220/220 677/204/204 655/192/192
f 2887/221/221 2888/222/222 2889/200/200
f 2888/222/222 2921/223/223 2890/206/206
f 2888/222/222 2890/206/206 2889/200/200
f 2890/206/206 2938/224/224 2892/207/207
f 2892/207/207 2938/224/224 2823/208/208
f 3378/225/225 3372/226/226 3375/227/227
f 2823/208/208 2794/228/228 2818/201/201
f 2794/228/228 2799/215/215 2818/201/201
f 2818/201/201 2799/215/215 2817/187/187
f 2799/215/215 2800/229/229 2805/211/211
f 2808/202/202 2816/230/230 2810/195/195
f 659/231/231 660/220/220 636/203/203
f 660/220/220 823/232/232 677/204/204
f 2879/233/233 2886/234/234 2887/221/221
f 2887/221/221 2886/234/234 2888/222/222
f 2802/235/235 2794/228/228 2938/224/224
f 2938/224/224 2794/228/228 2823/208/208
f 2886/234/234 2922/236/236 2888/222/222
f 2922/236/236 2919/237/237 2888/222/222
f 2888/222/222 2919/237/237 2921/223/223
f 2921/223/223 2822/238/238 2890/206/206
f 2938/224/224 2890/206/206 2819/239/239
f 2819/239/239 2802/235/235 2938/224/224
f 3396/240/240 3390/241/241 3378/225/225
f 2800/229/229 2801/242/242 2806/216/216
f 2801/242/242 2828/243/243 2806/216/216
f 2256/244/244 2285/245/245 2284/246/246
f 707/213/213 737/247/247 703/248/248
f 703/248/248 634/214/214 707/213/213
f 631/249/249 636/203/203 634/214/214
f 630/250/250 631/249/249 634/214/214
f 631/249/249 659/231/231 636/203/203
f 2879/233/233 2885/251/251 2886/234/234
f 2886/234/234 2885/251/251 2922/236/236
f 2822/238/238 2819/239/239 2890/206/206
f 2819/239/239 2798/252/252 2802/235/235
f 2802/235/235 2793/253/253 2794/228/228
f 2794/228/228 2793/253/253 2788/254/254
f 2794/228/228 2788/254/254 2799/215/215
f 2799/215/215 2788/254/254 2800/229/229
f 703/248/248 630/250/250 634/214/214
f 631/249/249 661/255/255 659/231/231
f 674/256/256 660/220/220 659/231/231
f 674/256/256 823/232/232 660/220/220
f 2860/257/257 2859/258/258 2879/233/233
f 2879/233/233 2859/258/258 2885/251/251
f 2885/251/251 2920/259/259 2922/236/236
f 2922/236/236 2920/259/259 2919/237/237
f 2919/237/237 2918/260/260 2921/223/223
f 2802/235/235 2798/252/252 2793/253/253
f 2793/253/253 2792/261/261 2788/254/254
f 2788/254/254 2801/242/242 2800/229/229
f 661/255/255 671/262/262 674/256/256
f 661/255/255 674/256/256 659/231/231
f 2792/261/261 2787/263/263 2788/254/254
f 2801/242/242 2788/254/254 2827/264/264
f 2921/223/223 2918/260/260 2822/238/238
f 2822/238/238 2821/265/265 2819/239/239
f 2819/239/239 2795/266/266 2798/252/252
f 737/247/247 704/267/267 703/248/248
f 704/267/267 630/250/250 703/248/248
f 2866/268/268 2858/269/269 2860/257/257
f 2858/269/269 2859/258/258 2860/257/257
f 2859/258/258 2935/270/270 2885/251/251
f 2885/251/251 2935/270/270 2920/259/259
f 2821/265/265 2795/266/266 2819/239/239
f 2313/271/271 2318/272/272 2295/273/273
f 743/274/274 704/267/267 737/247/247
f 629/275/275 630/250/250 704/267/267
f 629/275/275 628/276/276 630/250/250
f 628/276/276 631/249/249 630/250/250
f 2789/277/277 2838/278/278 2827/264/264
f 2866/268/268 2856/279/279 2858/269/269
f 2858/269/269 2857/280/280 2859/258/258
f 2859/258/258 2901/281/281 2935/270/270
f 2787/263/263 2785/282/282 2786/283/283
f 2920/259/259 2917/284/284 2919/237/237
f 2919/237/237 2917/284/284 2918/260/260
f 2795/266/266 2787/263/263 2798/252/252
f 2798/252/252 2787/263/263 2792/261/261
f 2821/265/265 2797/285/285 2795/266/266
f 662/286/286 661/255/255 631/249/249
f 628/276/276 662/286/286 631/249/249
f 662/286/286 671/262/262 661/255/255
f 2786/283/283 2836/287/287 2837/288/288
f 2786/283/283 2837/288/288 2789/277/277
f 2850/289/289 2856/279/279 2866/268/268
f 2856/279/279 2857/280/280 2858/269/269
f 2857/280/280 2901/281/281 2859/258/258
f 2935/270/270 2915/290/290 2920/259/259
f 2915/290/290 2917/284/284 2920/259/259
f 2795/266/266 2784/291/291 2787/263/263
f 2918/260/260 2803/292/292 2822/238/238
f 2822/238/238 2797/285/285 2821/265/265
f 2274/293/293 2276/294/294 2255/295/295
f 2289/296/296 2295/273/273 2274/293/293
f 704/267/267 624/297/297 629/275/275
f 624/297/297 628/276/276 629/275/275
f 628/276/276 663/298/298 662/286/286
f 662/286/286 672/299/299 671/262/262
f 2785/282/282 2783/300/300 2786/283/283
f 2850/289/289 2853/301/301 2856/279/279
f 2856/279/279 2853/301/301 2857/280/280
f 2857/280/280 2900/302/302 2901/281/281
f 2787/263/263 2784/291/291 2785/282/282
f 2901/281/281 2915/290/290 2935/270/270
f 2795/266/266 2797/285/285 2784/291/291
f 2917/284/284 2916/303/303 2918/260/260
f 2918/260/260 2916/303/303 2803/292/292
f 2822/238/238 2803/292/292 2797/285/285
f 2182/304/304 2255/295/295 2190/305/305
f 744/306/306 704/267/267 743/274/274
f 699/307/307 624/297/297 704/267/267
f 624/297/297 623/308/308 628/276/276
f 3300/309/309 3298/310/310 3299/311/311
f 623/308/308 663/298/298 628/276/276
f 663/298/298 672/299/299 662/286/286
f 2783/300/300 2831/312/312 2786/283/283
f 2786/283/283 2831/312/312 2836/287/287
f 2784/291/291 2783/300/300 2785/282/282
f 2857/280/280 2853/301/301 2900/302/302
f 2901/281/281 2907/313/313 2915/290/290
f 2915/290/290 2914/314/314 2916/303/303
f 2915/290/290 2916/303/303 2917/284/284
f 2261/315/315 2289/296/296 2274/293/293
f 2289/296/296 2262/316/316 2312/317/317
f 699/307/307 622/318/318 624/297/297
f 622/318/318 623/308/308 624/297/297
f 663/298/298 673/319/319 672/299/299
f 2900/302/302 2907/313/313 2901/281/281
f 2797/285/285 2791/320/320 2784/291/291
f 2907/313/313 2910/321/321 2914/314/314
f 2907/313/313 2914/314/314 2915/290/290
f 2916/303/303 2804/322/322 2803/292/292
f 2803/292/292 2804/322/322 2791/320/320
f 2803/292/292 2791/320/320 2797/285/285
f 3302/323/323 3301/324/324 3300/309/309
f 623/308/308 665/325/325 663/298/298
f 665/325/325 673/319/319 663/298/298
f 2782/326/326 2781/327/327 2783/300/300
f 2791/320/320 2782/326/326 2784/291/291
f 2850/289/289 2852/328/328 2853/301/301
f 2853/301/301 2902/329/329 2900/302/302
f 2804/322/322 2790/330/330 2791/320/320
f 2914/314/314 2910/321/321 2913/331/331
f 2914/314/314 2913/331/331 2916/303/303
f 2916/303/303 2913/331/331 3064/332/332
f 698/333/333 699/307/307 744/306/306
f 698/333/333 622/318/318 699/307/307
f 625/334/334 623/308/308 622/318/318
f 625/334/334 664/335/335 623/308/308
f 664/335/335 665/325/325 623/308/308
f 2781/327/327 2832/336/336 2783/300/300
f 2848/337/337 2849/338/338 2850/289/289
f 2850/289/289 2849/338/338 2852/328/328
f 2852/328/328 2902/329/329 2853/301/301
f 2791/320/320 2790/330/330 2782/326/326
f 2900/302/302 2902/329/329 2907/313/313
f 2902/329/329 2906/339/339 2907/313/313
f 2907/313/313 2906/339/339 2910/321/321
f 3064/332/332 2997/340/340 2916/303/303
f 2910/321/321 2912/341/341 2913/331/331
f 2916/303/303 2997/340/340 2796/342/342
f 2796/342/342 2790/330/330 2804/322/322
f 2916/303/303 2796/342/342 2804/322/322
f 745/343/343 698/333/333 744/306/306
f 698/333/333 627/344/344 622/318/318
f 627/344/344 626/345/345 622/318/318
f 622/318/318 626/345/345 625/334/334
f 2912/341/341 3059/346/346 2913/331/331
f 2913/331/331 3059/346/346 3064/332/332
f 632/347/347 626/345/345 627/344/344
f 626/345/345 664/335/335 625/334/334
f 2854/348/348 2851/349/349 2848/337/337
f 2849/338/338 2904/350/350 2852/328/328
f 2852/328/328 2904/350/350 2902/329/329
f 2790/330/330 2778/351/351 2779/352/352
f 2790/330/330 2779/352/352 2782/326/326
f 2796/342/342 2778/351/351 2790/330/330
f 2906/339/339 2909/353/353 2910/321/321
f 2909/353/353 2912/341/341 2910/321/321
f 3059/346/346 2997/340/340 3064/332/332
f 2997/340/340 2847/354/354 2796/342/342
f 2278/355/355 2252/356/356 2269/357/357
f 750/358/358 697/359/359 698/333/333
f 750/358/358 698/333/333 745/343/343
f 697/359/359 632/347/347 698/333/333
f 632/347/347 627/344/344 698/333/333
f 668/360/360 664/335/335 626/345/345
f 2779/352/352 2780/361/361 2781/327/327
f 2861/362/362 2851/349/349 2854/348/348
f 2851/349/349 2849/338/338 2848/337/337
f 2902/329/329 2904/350/350 2906/339/339
f 2997/340/340 3039/363/363 2774/364/364
f 3117/365/365 3118/366/365 3119/367/365
f 2776/368/366 2778/351/351 2796/342/342
f 2912/341/341 3051/369/367 3059/346/346
f 3059/346/346 3051/369/367 3039/363/363
f 3059/346/346 3039/363/363 2997/340/340
f 633/370/368 626/345/345 632/347/347
f 633/370/368 668/360/360 626/345/345
f 2867/371/369 2851/349/349 2861/362/362
f 2778/351/351 2771/372/370 2779/352/352
f 2774/364/364 2775/373/371 2776/368/366
f 2776/368/366 2775/373/371 2772/374/372
f 2776/368/366 2772/374/372 2778/351/351
f 2849/338/338 2903/375/373 2904/350/350
f 2904/350/350 2905/376/374 2906/339/339
f 2906/339/339 2905/376/374 2909/353/353
f 2909/353/353 2936/377/375 2912/341/341
f 696/378/376 632/347/347 697/359/359
f 696/378/376 635/379/377 632/347/347
f 635/379/377 633/370/368 632/347/347
f 633/370/368 676/380/378 668/360/360
f 676/380/378 684/381/379 668/360/360
f 2771/372/370 2780/361/361 2779/352/352
f 2868/382/380 2862/383/381 2867/371/369
f 2867/371/369 2862/383/381 2851/349/349
f 2881/384/382 2903/375/373 2849/338/338
f 2903/375/373 2905/376/374 2904/350/350
f 2905/376/374 2931/385/383 2909/353/353
f 2909/353/353 2931/385/383 2936/377/375
f 2912/341/341 3050/386/384 3051/369/367
f 2269/357/357 2268/387/385 2309/388/386
f 2268/387/385 2310/389/387 2309/388/386
f 2311/390/388 2310/389/387 2268/387/385
f 751/391/389 696/378/376 750/358/358
f 2868/382/380 2863/392/390 2862/383/381
f 3041/393/391 3111/394/392 2774/364/364
f 3111/394/392 2777/395/393 2774/364/364
f 2862/383/381 2855/396/394 2851/349/349
f 2851/349/349 2855/396/394 2849/338/338
f 2774/364/364 3040/397/395 3041/393/391
f 2774/364/364 2777/395/393 2775/373/371
f 2769/398/396 2772/374/372 2770/399/397
f 2772/374/372 2773/400/398 2770/399/397
f 2769/398/396 2770/399/397 2771/372/370
f 3039/363/363 3040/397/395 2774/364/364
f 2775/373/371 2777/395/393 2773/400/398
f 3050/386/384 3039/363/363 3051/369/367
f 700/401/399 635/379/377 696/378/376
f 633/370/368 669/402/400 676/380/378
f 676/380/378 683/403/401 684/381/379
f 2855/396/394 2880/404/402 2849/338/338
f 2849/338/338 2880/404/402 2881/384/382
f 2881/384/382 2908/405/403 2903/375/373
f 2903/375/373 2908/405/403 2905/376/374
f 3039/363/363 3042/406/404 3040/397/395
f 3050/386/384 3052/407/405 3042/406/404
f 3050/386/384 3042/406/404 3039/363/363
f 2252/356/356 2202/408/406 2268/387/385
f 701/409/407 648/410/408 700/401/399
f 648/410/408 635/379/377 700/401/399
f 648/410/408 647/411/409 635/379/377
f 647/411/409 633/370/368 635/379/377
f 669/402/400 683/403/401 676/380/378
f 3321/412/410 3313/413/411 3318/414/412
f 3318/414/412 3313/413/411 3312/415/413
f 2971/416/414 2863/392/390 2868/382/380
f 2863/392/390 2855/396/394 2862/383/381
f 2905/376/374 2932/417/415 2931/385/383
f 2932/417/415 3053/418/416 2936/377/375
f 2931/385/383 2932/417/415 2936/377/375
f 2936/377/375 3053/418/416 3052/407/405
f 2271/419/417 2311/390/388 2268/387/385
f 752/420/418 701/409/407 700/401/399
f 752/420/418 700/401/399 751/391/389
f 701/409/407 649/421/419 648/410/408
f 649/421/419 647/411/409 648/410/408
f 647/411/409 669/402/400 633/370/368
f 2863/392/390 2864/422/420 2855/396/394
f 2880/404/402 2908/405/403 2881/384/382
f 2908/405/403 2932/417/415 2905/376/374
f 3053/418/416 3044/423/421 3052/407/405
f 3052/407/405 3044/423/421 3042/406/404
f 702/424/422 649/421/419 701/409/407
f 647/411/409 666/425/423 669/402/400
f 3314/426/424 3315/427/425 3311/428/426
f 669/402/400 694/429/427 683/403/401
f 3322/430/428 3391/431/429 3321/412/410
f 3321/412/410 3391/431/429 3313/413/411
f 2978/432/430 2865/433/431 2971/416/414
f 2971/416/414 2865/433/431 2863/392/390
f 3040/397/395 3113/434/432 3041/393/391
f 2864/422/420 2877/435/433 2855/396/394
f 2877/435/433 2880/404/402 2855/396/394
f 2880/404/402 2934/436/434 2908/405/403
f 3044/423/421 3043/437/435 3042/406/404
f 3042/406/404 3043/437/435 3040/397/395
f 2908/405/403 2933/438/436 2932/417/415
f 2932/417/415 3046/439/437 3053/418/416
f 650/440/438 647/411/409 649/421/419
f 666/425/423 685/441/439 669/402/400
f 3323/442/440 3382/443/441 3398/444/442
f 3323/442/440 3398/444/442 3397/445/443
f 3323/442/440 3397/445/443 3322/430/428
f 3391/431/429 3316/446/444 3313/413/411
f 685/441/439 694/429/427 669/402/400
f 3322/430/428 3397/445/443 3391/431/429
f 2985/447/445 2865/433/431 2978/432/430
f 2863/392/390 2865/433/431 2864/422/420
f 3043/437/435 3113/434/432 3040/397/395
f 2934/436/434 2933/438/436 2908/405/403
f 3053/418/416 3046/439/437 3044/423/421
f 701/409/407 741/448/446 702/424/422
f 702/424/422 650/440/438 649/421/419
f 651/449/447 647/411/409 650/440/438
f 651/449/447 666/425/423 647/411/409
f 3398/444/442 3342/450/448 3315/427/425
f 3151/451/449 3398/444/442 3382/443/441
f 2985/447/445 2873/452/450 2865/433/431
f 2877/435/433 2929/453/451 2880/404/402
f 2929/453/451 2934/436/434 2880/404/402
f 3046/439/437 3045/454/452 3044/423/421
f 3044/423/421 3045/454/452 3043/437/435
f 2933/438/436 3065/455/453 2932/417/415
f 2932/417/415 3062/456/454 3046/439/437
f 2296/457/455 2319/458/456 2271/419/417
f 741/448/446 711/459/457 702/424/422
f 711/459/457 650/440/438 702/424/422
f 2873/452/450 2869/460/458 2865/433/431
f 2865/433/431 2869/460/458 2864/422/420
f 2864/422/420 2870/461/459 2877/435/433
f 3065/455/453 3062/456/454 2932/417/415
f 2184/462/460 2187/463/461 2202/408/406
f 711/459/457 652/464/462 650/440/438
f 652/464/462 651/449/447 650/440/438
f 651/449/447 667/465/463 666/425/423
f 3145/466/464 3143/467/465 3286/468/466
f 667/465/463 690/469/467 685/441/439
f 666/425/423 667/465/463 685/441/439
f 3045/454/452 3104/470/468 3043/437/435
f 2878/471/469 2877/435/433 2870/461/459
f 2934/436/434 2962/472/470 2933/438/436
f 2962/472/470 3065/455/453 2933/438/436
f 2307/473/471 2319/458/456 2296/457/455
f 775/474/472 741/448/446 752/420/418
f 679/475/473 651/449/447 652/464/462
f 651/449/447 675/476/474 667/465/463
f 2991/477/475 2873/452/450 2985/447/445
f 3045/454/452 3102/478/476 3104/470/468
f 2869/460/458 2870/461/459 2864/422/420
f 2878/471/469 2926/479/477 2877/435/433
f 2929/453/451 3073/480/478 2934/436/434
f 3065/455/453 3054/481/479 3062/456/454
f 3062/456/454 3048/482/480 3046/439/437
f 3046/439/437 3048/482/480 3047/483/481
f 3046/439/437 3047/483/481 3045/454/452
f 2926/479/477 2928/484/482 2877/435/433
f 2877/435/433 2928/484/482 2929/453/451
f 2962/472/470 3063/485/483 3065/455/453
f 3063/485/483 3054/481/479 3065/455/453
f 767/486/484 729/487/485 711/459/457
f 767/486/484 711/459/457 769/488/486
f 729/487/485 652/464/462 711/459/457
f 679/475/473 675/476/474 651/449/447
f 675/476/474 690/469/467 667/465/463
f 3146/489/487 3145/466/464 3148/490/488
f 2873/452/450 2871/491/489 2869/460/458
f 3047/483/481 3102/478/476 3045/454/452
f 2869/460/458 2872/492/490 2870/461/459
f 2929/453/451 2928/484/482 3073/480/478
f 3073/480/478 2962/472/470 2934/436/434
f 3054/481/479 3048/482/480 3062/456/454
f 2267/493/491 2296/457/455 2263/494/492
f 735/495/493 714/496/494 652/464/462
f 735/495/493 652/464/462 729/487/485
f 693/497/495 679/475/473 652/464/462
f 714/496/494 693/497/495 652/464/462
f 679/475/473 693/497/495 687/498/496
f 687/498/496 675/476/474 679/475/473
f 3145/466/464 3146/489/487 3142/499/497
f 695/500/498 690/469/467 675/476/474
f 2991/477/475 2874/501/499 2873/452/450
f 2874/501/499 2871/491/489 2873/452/450
f 2869/460/458 2871/491/489 2872/492/490
f 2870/461/459 2872/492/490 2878/471/469
f 767/486/484 735/495/493 729/487/485
f 3142/499/497 3141/502/500 3139/503/501
f 687/498/496 695/500/498 675/476/474
f 687/498/496 822/504/502 695/500/498
f 2980/505/503 2874/501/499 2991/477/475
f 2928/484/482 3072/506/504 3073/480/478
f 3054/481/479 3049/507/505 3048/482/480
f 3048/482/480 3049/507/505 3047/483/481
f 2878/471/469 2925/508/506 2926/479/477
f 2926/479/477 2927/509/507 2928/484/482
f 2266/510/508 2307/473/471 2267/493/491
f 768/511/509 767/486/484 775/474/472
f 3147/512/510 3142/499/497 3146/489/487
f 2980/505/503 2940/513/511 2874/501/499
f 2874/501/499 2875/514/512 2871/491/489
f 3049/507/505 3101/515/513 3047/483/481
f 3063/485/483 3055/516/514 3054/481/479
f 3054/481/479 3055/516/514 3049/507/505
f 2872/492/490 2884/517/515 2878/471/469
f 2878/471/469 2884/517/515 2925/508/506
f 2925/508/506 2927/509/507 2926/479/477
f 2927/509/507 3072/506/504 2928/484/482
f 2962/472/470 3073/480/478 3063/485/483
f 2266/510/508 2335/518/516 2307/473/471
f 3147/512/510 3163/519/517 3142/499/497
f 2940/513/511 2875/514/512 2874/501/499
f 2875/514/512 2876/520/518 2871/491/489
f 2876/520/518 2883/521/519 2871/491/489
f 2871/491/489 2883/521/519 2872/492/490
f 2872/492/490 2883/521/519 2884/517/515
f 2286/522/520 2335/518/516 2266/510/508
f 768/511/509 735/495/493 767/486/484
f 735/495/493 765/523/521 756/524/522
f 735/495/493 755/525/523 714/496/494
f 735/495/493 756/524/522 755/525/523
f 755/525/523 754/526/524 714/496/494
f 754/526/524 693/497/495 714/496/494
f 754/526/524 687/498/496 693/497/495
f 2995/527/525 2940/513/511 2980/505/503
f 3056/528/526 3101/515/513 3049/507/505
f 3055/516/514 3056/528/526 3049/507/505
f 3073/480/478 3060/529/527 3063/485/483
f 2960/530/528 2927/509/507 2925/508/506
f 765/523/521 735/495/493 768/511/509
f 754/526/524 763/531/529 687/498/496
f 687/498/496 763/531/529 822/504/502
f 2940/513/511 2939/532/530 2875/514/512
f 2875/514/512 2882/533/531 2876/520/518
f 3060/529/527 3057/534/532 3063/485/483
f 3057/534/532 3056/528/526 3055/516/514
f 3063/485/483 3057/534/532 3055/516/514
f 2927/509/507 3066/535/533 3072/506/504
f 3072/506/504 3060/529/527 3073/480/478
f 2279/536/534 2335/518/516 2286/522/520
f 797/537/535 790/538/536 806/539/537
f 806/539/537 790/538/536 809/540/538
f 797/537/535 791/541/539 790/538/536
f 790/538/536 804/542/540 809/540/538
f 804/542/540 814/543/541 809/540/538
f 792/544/542 789/545/543 791/541/539
f 791/541/539 789/545/543 790/538/536
f 790/538/536 787/546/544 804/542/540
f 790/538/536 789/545/543 787/546/544
f 804/542/540 787/546/544 814/543/541
f 801/547/545 788/548/546 789/545/543
f 789/545/543 788/548/546 787/546/544
f 763/531/529 820/549/547 822/504/502
f 3056/528/526 3106/550/548 3101/515/513
f 2939/532/530 2899/551/549 2875/514/512
f 2899/551/549 2882/533/531 2875/514/512
f 3072/506/504 3066/535/533 3060/529/527
f 2876/520/518 2882/533/531 2883/521/519
f 2927/509/507 3067/552/550 3066/535/533
f 2279/536/534 2339/553/551 2335/518/516
f 807/554/552 795/555/553 797/537/535
f 807/554/552 797/537/535 806/539/537
f 795/555/553 793/556/554 791/541/539
f 795/555/553 791/541/539 797/537/535
f 809/540/538 814/543/541 831/557/555
f 793/556/554 792/544/542 791/541/539
f 814/543/541 787/546/544 785/558/556
f 792/544/542 796/559/557 789/545/543
f 787/546/544 786/560/558 785/558/556
f 789/545/543 796/559/557 801/547/545
f 788/548/546 786/560/558 787/546/544
f 796/559/557 808/561/559 801/547/545
f 788/548/546 801/547/545 812/562/560
f 788/548/546 812/562/560 786/560/558
f 3056/528/526 3105/563/561 3106/550/548
f 3066/535/533 3061/564/562 3060/529/527
f 3061/564/562 3058/565/563 3060/529/527
f 3060/529/527 3058/565/563 3057/534/532
f 3068/566/564 3067/552/550 2927/509/507
f 2960/530/528 3068/566/564 2927/509/507
f 2283/567/565 2330/568/566 2328/569/567
f 2283/567/565 2328/569/567 2275/570/568
f 2275/570/568 2328/569/567 2290/571/569
f 798/572/570 793/556/554 795/555/553
f 831/557/555 814/543/541 762/573/571
f 794/574/572 792/544/542 793/556/554
f 814/543/541 785/558/556 762/573/571
f 756/524/522 758/575/573 755/525/523
f 756/524/522 759/576/574 758/575/573
f 785/558/556 760/577/575 762/573/571
f 794/574/572 799/578/576 792/544/542
f 785/558/556 786/560/558 761/579/577
f 785/558/556 761/579/577 760/577/575
f 760/577/575 757/580/578 758/575/573
f 760/577/575 761/579/577 757/580/578
f 758/575/573 757/580/578 755/525/523
f 792/544/542 799/578/576 796/559/557
f 755/525/523 757/580/578 754/526/524
f 796/559/557 799/578/576 808/561/559
f 812/562/560 773/581/579 786/560/558
f 786/560/558 773/581/579 761/579/577
f 808/561/559 821/582/580 801/547/545
f 801/547/545 821/582/580 812/562/560
f 3340/583/581 3170/584/582 3337/585/583
f 2994/586/584 2940/513/511 2995/527/525
f 3067/552/550 3061/564/562 3066/535/533
f 2884/517/515 2883/521/519 2930/587/585
f 2884/517/515 2930/587/585 2925/508/506
f 2925/508/506 2961/588/586 2960/530/528
f 2298/589/587 2330/568/566 2283/567/565
f 811/590/588 795/555/553 807/554/552
f 2337/591/589 2341/592/590 2322/593/591
f 2341/592/590 2320/594/592 2322/593/591
f 798/572/570 795/555/553 811/590/588
f 774/595/593 831/557/555 762/573/571
f 798/572/570 800/596/594 793/556/554
f 764/597/595 759/576/574 756/524/522
f 800/596/594 802/598/596 794/574/572
f 800/596/594 794/574/572 793/556/554
f 760/577/575 758/575/573 759/576/574
f 762/573/571 760/577/575 759/576/574
f 802/598/596 799/578/576 794/574/572
f 802/598/596 803/599/597 799/578/576
f 799/578/576 813/600/598 808/561/559
f 773/581/579 771/601/599 761/579/577
f 761/579/577 771/601/599 757/580/578
f 812/562/560 772/602/600 773/581/579
f 771/601/599 770/603/601 757/580/578
f 757/580/578 763/531/529 754/526/524
f 2987/604/602 2951/605/603 2975/606/604
f 812/562/560 821/582/580 772/602/600
f 2975/606/604 2966/607/605 2992/608/606
f 757/580/578 770/603/601 763/531/529
f 770/603/601 820/549/547 763/531/529
f 2996/609/607 2989/610/608 2994/586/584
f 3174/611/609 3170/584/582 3340/583/581
f 3067/552/550 3097/612/610 3061/564/562
f 3061/564/562 3097/612/610 3058/565/563
f 2882/533/531 2923/613/611 2883/521/519
f 2883/521/519 2923/613/611 2924/614/612
f 2883/521/519 2924/614/612 2930/587/585
f 2925/508/506 2930/587/585 2961/588/586
f 818/615/613 798/572/570 811/590/588
f 2273/616/614 2339/553/551 2279/536/534
f 818/615/613 805/617/615 798/572/570
f 805/617/615 800/596/594 798/572/570
f 774/595/593 762/573/571 764/597/595
f 803/599/597 813/600/598 799/578/576
f 2990/618/616 2955/619/617 2987/604/602
f 2987/604/602 2955/619/617 2951/605/603
f 773/581/579 772/602/600 771/601/599
f 772/602/600 770/603/601 771/601/599
f 2951/605/603 2956/620/618 2975/606/604
f 2956/620/618 2966/607/605 2975/606/604
f 2992/608/606 2968/621/619 2996/609/607
f 2994/586/584 2957/622/620 2940/513/511
f 2940/513/511 2957/622/620 2939/532/530
f 3067/552/550 3098/623/621 3097/612/610
f 3094/624/622 3098/623/621 3067/552/550
f 2899/551/549 2923/613/611 2882/533/531
f 3068/566/564 3094/624/622 3067/552/550
f 2961/588/586 3068/566/564 2960/530/528
f 2230/625/623 2232/626/624 2279/536/534
f 2273/616/614 2320/594/592 2338/627/625
f 2273/616/614 2338/627/625 2339/553/551
f 802/598/596 816/628/626 803/599/597
f 803/599/597 826/629/627 813/600/598
f 2966/607/605 2968/621/619 2992/608/606
f 3173/630/628 3172/631/629 3170/584/582
f 2996/609/607 2968/621/619 2989/610/608
f 2989/610/608 2957/622/620 2994/586/584
f 2957/622/620 2941/632/630 2939/532/530
f 2924/614/612 2964/633/631 2930/587/585
f 2964/633/631 2961/588/586 2930/587/585
f 2322/593/591 2320/594/592 2272/634/632
f 2272/634/632 2320/594/592 2273/616/614
f 830/635/633 805/617/615 818/615/613
f 805/617/615 815/636/634 800/596/594
f 800/596/594 815/636/634 810/637/635
f 810/637/635 802/598/596 800/596/594
f 810/637/635 819/638/636 802/598/596
f 819/638/636 816/628/626 802/598/596
f 803/599/597 816/628/626 828/639/637
f 2988/640/638 2955/619/617 2990/618/616
f 2951/605/603 2947/641/639 2956/620/618
f 2947/641/639 2946/642/640 2956/620/618
f 2956/620/618 2946/642/640 2966/607/605
f 3181/643/641 3177/644/642 3176/645/643
f 2941/632/630 2937/646/644 2939/532/530
f 2939/532/530 2937/646/644 2899/551/549
f 3094/624/622 3109/647/645 3098/623/621
f 2899/551/549 2937/646/644 2923/613/611
f 3068/566/564 3095/648/646 3094/624/622
f 2964/633/631 2965/649/647 2961/588/586
f 2965/649/647 3069/650/648 2961/588/586
f 828/639/637 826/629/627 803/599/597
f 3028/651/649 3020/652/650 2988/640/638
f 2955/619/617 2949/653/651 2951/605/603
f 2946/642/640 2944/654/652 2966/607/605
f 2966/607/605 2944/654/652 2968/621/619
f 2968/621/619 2944/654/652 2943/655/653
f 3176/645/643 3177/644/642 3172/631/629
f 2968/621/619 2943/655/653 2957/622/620
f 2968/621/619 2957/622/620 2989/610/608
f 3095/648/646 3109/647/645 3094/624/622
f 3069/650/648 3095/648/646 3068/566/564
f 830/635/633 815/636/634 805/617/615
f 815/636/634 832/656/654 810/637/635
f 3020/652/650 2970/657/655 2988/640/638
f 2988/640/638 2970/657/655 2955/619/617
f 2957/622/620 2943/655/653 2941/632/630
f 3458/658/656 3455/659/657 3457/660/658
f 3082/661/659 3076/662/660 2923/613/611
f 2937/646/644 3082/661/659 2923/613/611
f 3076/662/660 2924/614/612 2923/613/611
f 2965/649/647 3070/663/661 3069/650/648
f 2488/664/662 2438/665/663 2484/666/664
f 810/637/635 832/656/654 819/638/636
f 3392/667/665 3175/668/666 3172/631/629
f 2970/657/655 2953/669/667 2955/619/617
f 2955/619/617 2953/669/667 2949/653/651
f 2951/605/603 2949/653/651 2947/641/639
f 2943/655/653 2942/670/668 2941/632/630
f 3074/671/669 3071/672/670 2964/633/631
f 2924/614/612 3074/671/669 2964/633/631
f 2964/633/631 3071/672/670 2965/649/647
f 3071/672/670 3070/663/661 2965/649/647
f 2235/673/671 2234/674/672 2149/675/673
f 816/628/626 838/676/674 828/639/637
f 3028/651/649 3022/677/675 3020/652/650
f 2949/653/651 2948/678/676 2947/641/639
f 2948/678/676 2945/679/677 2947/641/639
f 2947/641/639 2945/679/677 2946/642/640
f 2943/655/653 2944/654/652 2942/670/668
f 2941/632/630 2942/670/668 2937/646/644
f 2937/646/644 2942/670/668 3082/661/659
f 3267/680/678 3363/681/679 3362/682/680
f 3362/682/680 3363/681/679 3364/683/681
f 3076/662/660 3074/671/669 2924/614/612
f 2438/665/663 2434/684/682 2484/666/664
f 2484/666/664 2434/684/682 2439/685/683
f 832/656/654 835/686/684 819/638/636
f 835/686/684 836/687/685 819/638/636
f 819/638/636 836/687/685 816/628/626
f 816/628/626 836/687/685 838/676/674
f 2953/669/667 2952/688/686 2949/653/651
f 2946/642/640 2945/679/677 2944/654/652
f 2944/654/652 2945/679/677 2942/670/668
f 3365/689/687 3363/681/679 3267/680/678
f 3071/672/670 3092/690/688 3070/663/661
f 2438/665/663 2471/691/689 2425/692/690
f 2438/665/663 2425/692/690 2434/684/682
f 2434/684/682 2433/693/691 2439/685/683
f 2439/685/683 2433/693/691 2441/694/692
f 3022/677/675 2970/657/655 3020/652/650
f 2970/657/655 2969/695/693 2953/669/667
f 2949/653/651 2950/696/694 2948/678/676
f 3462/697/695 3463/698/696 3464/699/695
f 3465/700/697 3462/697/695 3464/699/695
f 3270/701/698 3235/702/699 3271/703/700
f 3076/662/660 3075/704/701 3074/671/669
f 3022/677/675 3017/705/702 2970/657/655
f 3233/706/703 3231/707/704 3269/708/705
f 3233/706/703 3269/708/705 3274/709/706
f 3017/705/702 2969/695/693 2970/657/655
f 2953/669/667 2969/695/693 2952/688/686
f 2952/688/686 2950/696/694 2949/653/651
f 2945/679/677 2959/710/707 2942/670/668
f 3077/711/708 3076/662/660 3082/661/659
f 3074/671/669 3075/704/701 3071/672/670
f 3071/672/670 3090/712/709 3092/690/688
f 2434/684/682 2426/713/710 2433/693/691
f 2441/694/692 2436/714/711 2500/715/712
f 3029/716/713 3022/677/675 3033/717/714
f 3033/717/714 3036/718/715 3029/716/713
f 3022/677/675 3029/716/713 3017/705/702
f 2950/696/694 2958/719/716 2948/678/676
f 2948/678/676 2958/719/716 2945/679/677
f 2958/719/716 2959/710/707 2945/679/677
f 2959/710/707 3082/661/659 2942/670/668
f 3077/711/708 3075/704/701 3076/662/660
f 3090/712/709 3110/720/717 3092/690/688
f 3270/701/698 3236/721/718 3235/702/699
f 3075/704/701 3090/712/709 3071/672/670
f 2425/692/690 2426/713/710 2434/684/682
f 2441/694/692 2433/693/691 2436/714/711
f 2436/714/711 2497/722/719 2500/715/712
f 3232/723/720 3227/724/721 3231/707/704
f 2952/688/686 2954/725/722 2950/696/694
f 2950/696/694 2954/725/722 2958/719/716
f 3029/716/713 3027/726/723 3017/705/702
f 3077/711/708 3078/727/724 3075/704/701
f 3075/704/701 3078/727/724 3093/728/725
f 3093/728/725 3090/712/709 3075/704/701
f 2427/729/726 2422/730/727 2425/692/690
f 2433/693/691 2432/731/728 2436/714/711
f 2436/714/711 2440/732/729 2497/722/719
f 3036/718/715 3035/733/730 3029/716/713
f 3029/716/713 3035/733/730 3027/726/723
f 3027/726/723 2979/734/731 3017/705/702
f 3017/705/702 2979/734/731 2969/695/693
f 2969/695/693 2979/734/731 2967/735/732
f 2969/695/693 2967/735/732 2952/688/686
f 2952/688/686 2967/735/732 2954/725/722
f 2954/725/722 3081/736/733 2958/719/716
f 2958/719/716 3081/736/733 2959/710/707
f 2959/710/707 3081/736/733 3080/737/734
f 3080/737/734 3077/711/708 2959/710/707
f 2959/710/707 3077/711/708 3082/661/659
f 3093/728/725 3107/738/735 3090/712/709
f 2422/730/727 2418/739/736 2425/692/690
f 2419/740/737 2432/731/728 2433/693/691
f 2426/713/710 2419/740/737 2433/693/691
f 2432/731/728 2440/732/729 2436/714/711
f 2967/735/732 3081/736/733 2954/725/722
f 3080/737/734 3079/741/738 3077/711/708
f 3077/711/708 3079/741/738 3078/727/724
f 3266/742/739 3239/743/740 3238/744/741
f 2967/735/732 3083/745/742 3081/736/733
f 3083/745/742 3084/746/743 3081/736/733
f 3081/736/733 3084/746/743 3080/737/734
f 2416/747/744 2414/748/745 2418/739/736
f 2422/730/727 2416/747/744 2418/739/736
f 2419/740/737 2430/749/746 2432/731/728
f 2432/731/728 2435/750/747 2440/732/729
f 3035/733/730 3030/751/748 3027/726/723
f 3027/726/723 3030/751/748 2979/734/731
f 3087/752/749 3085/753/750 2979/734/731
f 3080/737/734 3091/754/751 3079/741/738
f 3079/741/738 3091/754/751 3078/727/724
f 3078/727/724 3091/754/751 3099/755/752
f 3099/755/752 3112/756/753 3093/728/725
f 2967/735/732 3085/753/750 3083/745/742
f 2417/757/754 2430/749/746 2419/740/737
f 2430/749/746 2435/750/747 2432/731/728
f 2435/750/747 2442/758/755 2440/732/729
f 3035/733/730 3038/759/756 3030/751/748
f 3030/751/748 3087/752/749 2979/734/731
f 3246/760/757 3243/761/758 3266/742/739
f 3084/746/743 3091/754/751 3080/737/734
f 1905/762/759 1986/763/760 1936/764/761
f 1934/765/762 1904/766/763 1936/764/761
f 1936/764/761 1904/766/763 1905/762/759
f 1905/762/759 1904/766/763 1875/767/764
f 1904/766/763 1872/768/765 1875/767/764
f 1875/767/764 1872/768/765 1868/769/766
f 1934/765/762 1911/770/767 1904/766/763
f 1904/766/763 1911/770/767 1872/768/765
f 1870/771/768 1868/769/766 1872/768/765
f 1911/770/767 1870/771/768 1872/768/765
f 3089/772/769 3086/773/770 3087/752/749
f 3091/754/751 3100/774/771 3099/755/752
f 3087/752/749 3086/773/770 3085/753/750
f 3083/745/742 3088/775/772 3084/746/743
f 3084/746/743 3088/775/772 3091/754/751
f 2038/776/773 1936/764/761 1986/763/760
f 1986/763/760 1905/762/759 1948/777/774
f 1948/777/774 1875/767/764 1907/778/775
f 2000/779/776 1936/764/761 2038/776/773
f 1905/762/759 1875/767/764 1948/777/774
f 2000/779/776 1934/765/762 1936/764/761
f 1875/767/764 1868/769/766 1873/780/777
f 2000/779/776 2018/781/778 1934/765/762
f 1868/769/766 1869/782/779 1873/780/777
f 2018/781/778 1953/783/780 1934/765/762
f 1953/783/780 1911/770/767 1934/765/762
f 1868/769/766 1866/784/781 1869/782/779
f 1868/769/766 1867/785/782 1866/784/781
f 1870/771/768 1867/785/782 1868/769/766
f 1870/771/768 1871/786/783 1867/785/782
f 1871/786/783 1906/787/784 1867/785/782
f 3030/751/748 3115/788/785 3087/752/749
f 3247/789/786 3245/790/787 3246/760/757
f 3087/752/749 3115/788/785 3089/772/769
f 3085/753/750 3086/773/770 3083/745/742
f 3086/773/770 3088/775/772 3083/745/742
f 2053/791/788 1986/763/760 2035/792/789
f 1986/763/760 1948/777/774 2035/792/789
f 2035/792/789 1948/777/774 1985/793/790
f 2053/791/788 2038/776/773 1986/763/760
f 1948/777/774 1907/778/775 1985/793/790
f 2493/794/791 2496/795/792 2495/796/793
f 1907/778/775 1873/780/777 1885/797/794
f 2054/798/795 2018/781/778 2000/779/776
f 1869/782/779 1865/799/796 1873/780/777
f 1873/780/777 1865/799/796 1885/797/794
f 2034/800/797 1953/783/780 2018/781/778
f 1869/782/779 1866/784/781 1865/799/796
f 1866/784/781 1864/801/798 1865/799/796
f 1866/784/781 1867/785/782 1864/801/798
f 1864/801/798 1876/802/799 1932/803/800
f 1867/785/782 1874/804/801 1864/801/798
f 1864/801/798 1874/804/801 1876/802/799
f 2414/748/745 2413/805/802 2417/757/754
f 1874/804/801 1877/806/803 1876/802/799
f 1874/804/801 1937/807/804 1877/806/803
f 3384/808/805 3386/809/806 3385/810/807
f 3439/811/808 3440/812/809 3436/813/810
f 3038/759/756 3115/788/785 3030/751/748
f 3244/814/811 3241/815/812 3243/761/758
f 3247/789/786 3248/816/813 3245/790/787
f 3086/773/770 3096/817/814 3088/775/772
f 3088/775/772 3096/817/814 3100/774/771
f 1302/818/815 1307/819/816 1195/820/817
f 1295/821/818 1312/822/819 1299/823/820
f 1985/793/790 1907/778/775 1999/824/821
f 1999/824/821 1907/778/775 1944/825/822
f 2483/826/823 2493/794/791 2490/827/824
f 2483/826/823 2487/828/825 2493/794/791
f 2057/829/826 2018/781/778 2054/798/795
f 2018/781/778 2056/830/827 2034/800/797
f 2018/781/778 2057/829/826 2056/830/827
f 1865/799/796 1864/801/798 1846/831/828
f 1865/799/796 1846/831/828 1885/797/794
f 1864/801/798 1847/832/829 1846/831/828
f 1864/801/798 1932/803/800 1931/833/830
f 1864/801/798 1931/833/830 1847/832/829
f 1847/832/829 1845/834/831 1846/831/828
f 1847/832/829 1931/833/830 1845/834/831
f 1846/831/828 1845/834/831 1826/835/832
f 2416/747/744 2415/836/833 2414/748/745
f 1932/803/800 1876/802/799 1931/833/830
f 1876/802/799 1878/837/834 1931/833/830
f 1876/802/799 1877/806/803 1878/837/834
f 1877/806/803 1898/838/835 1878/837/834
f 1878/837/834 1898/838/835 1845/834/831
f 1898/838/835 1894/839/836 1845/834/831
f 1898/838/835 1995/840/837 1894/839/836
f 2413/805/802 2429/841/838 2417/757/754
f 1995/840/837 1994/842/839 1894/839/836
f 2417/757/754 2429/841/838 2430/749/746
f 483/843/840 484/844/841 485/845/842
f 485/845/842 484/844/841 486/846/843
f 2429/841/838 2437/847/844 2435/750/747
f 2435/750/747 2437/847/844 2442/758/755
f 3038/759/756 3116/848/845 3115/788/785
f 3247/789/786 3341/849/846 3248/816/813
f 1232/850/847 1302/818/815 1195/820/817
f 1195/820/817 1307/819/816 1219/851/848
f 1999/824/821 1944/825/822 2039/852/849
f 2487/828/825 2467/853/850 2491/854/851
f 1885/797/794 1846/831/828 1892/855/852
f 1846/831/828 1826/835/832 1892/855/852
f 1892/855/852 1826/835/832 1890/856/853
f 1931/833/830 1878/837/834 1845/834/831
f 1826/835/832 1845/834/831 1821/857/854
f 1845/834/831 1894/839/836 1821/857/854
f 1894/839/836 1883/858/855 1821/857/854
f 1894/839/836 1994/842/839 1883/858/855
f 481/859/856 479/860/857 480/861/858
f 2763/862/859 2755/863/860 2764/864/861
f 481/859/856 480/861/858 482/865/862
f 480/861/858 484/844/841 483/843/840
f 482/865/862 480/861/858 483/843/840
f 2442/758/755 2437/847/844 2501/866/863
f 3116/848/845 3103/867/864 3115/788/785
f 3103/867/864 3108/868/865 3086/773/770
f 2481/869/866 2490/827/824 2489/870/867
f 1944/825/822 1892/855/852 1992/871/868
f 2470/872/869 2487/828/825 2483/826/823
f 1892/855/852 1890/856/853 1992/871/868
f 1821/857/854 1883/858/855 1820/873/870
f 1883/858/855 1909/874/871 1820/873/870
f 2413/805/802 2431/875/872 2429/841/838
f 1909/874/871 1910/876/873 1820/873/870
f 453/877/874 452/878/875 472/879/876
f 472/879/876 452/878/875 479/860/857
f 452/878/875 480/861/858 479/860/857
f 2429/841/838 2431/875/872 2437/847/844
f 484/844/841 488/880/877 486/846/843
f 2437/847/844 2499/881/878 2501/866/863
f 3341/849/846 3262/882/879 3249/883/880
f 2481/869/866 2466/884/881 2483/826/823
f 2483/826/823 2466/884/881 2470/872/869
f 2467/853/850 2474/885/882 2491/854/851
f 1890/856/853 1826/835/832 1886/886/883
f 1886/886/883 1826/835/832 1824/887/884
f 1826/835/832 1821/857/854 1824/887/884
f 2421/888/885 2423/889/886 2415/836/833
f 480/861/858 452/878/875 484/844/841
f 2431/875/872 2499/881/878 2437/847/844
f 2481/869/866 2475/890/887 2466/884/881
f 1992/871/868 2046/891/888 2045/892/889
f 2046/891/888 1992/871/868 2043/893/890
f 1992/871/868 1890/856/853 1958/894/891
f 2043/893/890 1992/871/868 1958/894/891
f 1958/894/891 1890/856/853 1886/886/883
f 2467/853/850 2448/895/892 2474/885/882
f 2474/885/882 2448/895/892 2423/889/886
f 1821/857/854 1818/896/893 1824/887/884
f 1821/857/854 1820/873/870 1818/896/893
f 1818/896/893 1820/873/870 1819/897/894
f 1820/873/870 1910/876/873 1919/898/895
f 1820/873/870 1919/898/895 1819/897/894
f 384/899/896 452/878/875 453/877/874
f 384/899/896 380/900/897 452/878/875
f 452/878/875 380/900/897 417/901/898
f 1910/876/873 1925/902/899 1919/898/895
f 417/901/898 484/844/841 452/878/875
f 484/844/841 506/903/900 488/880/877
f 484/844/841 430/904/901 506/903/900
f 2029/905/902 1919/898/895 1925/902/899
f 2466/884/881 2454/906/903 2470/872/869
f 2470/872/869 2454/906/903 2467/853/850
f 2467/853/850 2454/906/903 2448/895/892
f 1886/886/883 1824/887/884 1887/907/904
f 1824/887/884 1818/896/893 1817/908/905
f 2415/836/833 2420/909/906 2413/805/802
f 2413/805/802 2420/909/906 2431/875/872
f 2420/909/906 2494/910/907 2431/875/872
f 2431/875/872 2494/910/907 2498/911/908
f 3263/912/909 3343/913/910 3260/914/911
f 1919/898/895 1927/915/912 1819/897/894
f 382/916/913 380/900/897 384/899/896
f 417/901/898 430/904/901 484/844/841
f 3347/917/914 3346/918/915 3336/919/916
f 3347/917/914 3336/919/916 3387/920/917
f 2462/921/918 2466/884/881 2475/890/887
f 1266/922/919 1277/923/920 1217/924/921
f 2466/884/881 2462/921/918 2454/906/903
f 2443/925/922 2424/926/923 2423/889/886
f 2448/895/892 2443/925/922 2423/889/886
f 1824/887/884 1817/908/905 1825/927/924
f 2423/889/886 2424/926/923 2420/909/906
f 1818/896/893 1819/897/894 1816/928/925
f 1818/896/893 1816/928/925 1817/908/905
f 1819/897/894 1912/929/926 1816/928/925
f 382/916/913 343/930/927 380/900/897
f 1819/897/894 1927/915/912 1912/929/926
f 417/901/898 380/900/897 404/931/928
f 417/901/898 404/931/928 430/904/901
f 430/904/901 463/932/929 506/903/900
f 1919/898/895 2029/905/902 1974/933/930
f 1919/898/895 1974/933/930 1927/915/912
f 1225/934/931 1266/922/919 944/935/932
f 1266/922/919 1217/924/921 944/935/932
f 1887/907/904 1897/936/933 1997/937/934
f 2454/906/903 2447/938/935 2448/895/892
f 1887/907/904 1825/927/924 1897/936/933
f 383/939/936 350/940/937 382/916/913
f 382/916/913 350/940/937 343/930/927
f 380/900/897 367/941/938 404/931/928
f 1927/915/912 1969/942/939 1912/929/926
f 404/931/928 439/943/940 430/904/901
f 430/904/901 439/943/940 463/932/929
f 506/903/900 463/932/929 524/944/941
f 2462/921/918 2464/945/942 2453/946/943
f 1996/947/944 1997/937/934 2048/948/945
f 2462/921/918 2453/946/943 2454/906/903
f 2454/906/903 2453/946/943 2447/938/935
f 2448/895/892 2447/938/935 2443/925/922
f 1825/927/924 1844/949/946 1897/936/933
f 1825/927/924 1822/950/947 1844/949/946
f 1825/927/924 1817/908/905 1822/950/947
f 2443/925/922 2444/951/948 2424/926/923
f 512/952/949 511/953/950 470/954/951
f 470/954/951 405/955/952 458/956/953
f 1817/908/905 1815/957/954 1822/950/947
f 405/955/952 406/958/955 457/959/956
f 458/956/953 405/955/952 457/959/956
f 1817/908/905 1816/928/925 1815/957/954
f 380/900/897 343/930/927 360/960/957
f 360/960/957 367/941/938 380/900/897
f 1912/929/926 1969/942/939 1968/961/958
f 944/935/932 1217/924/921 937/962/959
f 1997/937/934 1897/936/933 2044/963/960
f 2443/925/922 2445/964/961 2444/951/948
f 511/953/950 465/965/962 470/954/951
f 465/965/962 405/955/952 470/954/951
f 1815/957/954 1811/966/963 1822/950/947
f 406/958/955 405/955/952 383/939/936
f 383/939/936 405/955/952 350/940/937
f 1816/928/925 1814/967/964 1815/957/954
f 1816/928/925 1912/929/926 1814/967/964
f 524/944/941 463/932/929 531/968/965
f 1974/933/930 1968/961/958 1969/942/939
f 940/969/966 944/935/932 922/970/967
f 936/971/968 931/972/969 920/973/970
f 2453/946/943 2449/974/971 2447/938/935
f 1844/949/946 1880/975/972 1897/936/933
f 2447/938/935 2446/976/973 2443/925/922
f 2443/925/922 2446/976/973 2445/964/961
f 1844/949/946 1822/950/947 1880/975/972
f 1811/966/963 1815/957/954 1814/967/964
f 1814/967/964 1912/929/926 1924/977/974
f 367/941/938 373/978/975 404/931/928
f 1968/961/958 1924/977/974 1912/929/926
f 439/943/940 404/931/928 462/979/976
f 439/943/940 462/979/976 463/932/929
f 463/932/929 491/980/977 531/968/965
f 2044/963/960 1897/936/933 1984/981/978
f 1984/981/978 1897/936/933 1880/975/972
f 1822/950/947 1823/982/979 1880/975/972
f 2445/964/961 2456/983/980 2444/951/948
f 511/953/950 604/984/981 465/965/962
f 1822/950/947 1811/966/963 1823/982/979
f 405/955/952 239/985/982 350/940/937
f 350/940/937 275/986/983 343/930/927
f 1924/977/974 1916/987/984 1814/967/964
f 462/979/976 491/980/977 463/932/929
f 491/980/977 496/988/985 531/968/965
f 1968/961/958 2031/989/986 1979/990/987
f 1968/961/958 1979/990/987 1924/977/974
f 1979/990/987 1959/991/988 1924/977/974
f 2477/992/989 2468/993/990 2473/994/991
f 2464/945/942 2461/995/992 2453/946/943
f 2461/995/992 2452/996/993 2453/946/943
f 2449/974/971 2446/976/973 2447/938/935
f 1880/975/972 1823/982/979 1888/997/994
f 1823/982/979 1840/998/995 1888/997/994
f 604/984/981 507/999/996 465/965/962
f 405/955/952 465/965/962 415/1000/997
f 1811/966/963 1810/1001/998 1823/982/979
f 1811/966/963 1797/1002/999 1810/1001/998
f 1811/966/963 1814/967/964 1812/1003/1000
f 1811/966/963 1812/1003/1000 1797/1002/999
f 343/930/927 281/1004/1001 360/960/957
f 360/960/957 281/1004/1001 367/941/938
f 1814/967/964 1916/987/984 1812/1003/1000
f 373/978/975 395/1005/1002 404/931/928
f 1924/977/974 1959/991/988 1916/987/984
f 491/980/977 464/1006/1003 496/988/985
f 962/1007/1004 1254/1008/1005 961/1009/1006
f 2449/974/971 2450/1010/1007 2446/976/973
f 2446/976/973 2451/1011/1008 2445/964/961
f 2445/964/961 2451/1011/1008 2456/983/980
f 1823/982/979 1810/1001/998 1840/998/995
f 465/965/962 507/999/996 415/1000/997
f 405/955/952 415/1000/997 239/985/982
f 350/940/937 239/985/982 275/986/983
f 343/930/927 275/986/983 281/1004/1001
f 367/941/938 281/1004/1001 279/1012/1009
f 404/931/928 395/1005/1002 410/1013/1010
f 404/931/928 410/1013/1010 462/979/976
f 491/980/977 462/979/976 464/1006/1003
f 2452/996/993 2450/1010/1007 2449/974/971
f 961/1009/1006 1254/1008/1005 960/1014/1011
f 1983/1015/1012 1941/1016/1013 2037/1017/1014
f 1888/997/994 1843/1018/1015 1941/1016/1013
f 1888/997/994 1840/998/995 1843/1018/1015
f 1840/998/995 1810/1001/998 1843/1018/1015
f 1810/1001/998 1797/1002/999 1808/1019/1016
f 1797/1002/999 1812/1003/1000 1813/1020/1017
f 367/941/938 279/1012/1009 373/978/975
f 1812/1003/1000 1916/987/984 1813/1020/1017
f 2031/989/986 2021/1021/1018 1979/990/987
f 2460/1022/1019 2452/996/993 2461/995/992
f 2450/1010/1007 2451/1011/1008 2446/976/973
f 604/984/981 612/1023/1020 507/999/996
f 1810/1001/998 1808/1019/1016 1843/1018/1015
f 507/999/996 498/1024/1021 415/1000/997
f 415/1000/997 226/1025/1022 239/985/982
f 1813/1020/1017 1916/987/984 1922/1026/1023
f 1916/987/984 1956/1027/1024 1922/1026/1023
f 462/979/976 410/1013/1010 464/1006/1003
f 1916/987/984 1959/991/988 1956/1027/1024
f 496/988/985 464/1006/1003 495/1028/1025
f 1979/990/987 2021/1021/1018 1959/991/988
f 2450/1010/1007 2455/1029/1026 2451/1011/1008
f 2037/1017/1014 1941/1016/1013 1940/1030/1027
f 612/1023/1020 498/1024/1021 507/999/996
f 415/1000/997 498/1024/1021 226/1025/1022
f 239/985/982 226/1025/1022 218/1031/1028
f 1797/1002/999 1795/1032/1029 1808/1019/1016
f 239/985/982 218/1031/1028 275/986/983
f 275/986/983 218/1031/1028 231/1033/1030
f 275/986/983 231/1033/1030 281/1004/1001
f 1813/1020/1017 1796/1034/1031 1797/1002/999
f 1797/1002/999 1796/1034/1031 1795/1032/1029
f 279/1012/1009 280/1035/1032 373/978/975
f 373/978/975 280/1035/1032 395/1005/1002
f 1813/1020/1017 1922/1026/1023 1796/1034/1031
f 464/1006/1003 410/1013/1010 394/1036/1033
f 1959/991/988 2021/1021/1018 2010/1037/1034
f 1959/991/988 2010/1037/1034 1956/1027/1024
f 2452/996/993 2457/1038/1035 2450/1010/1007
f 2457/1038/1035 2455/1029/1026 2450/1010/1007
f 2451/1011/1008 2458/1039/1036 2459/1040/1037
f 612/1023/1020 613/1041/1038 498/1024/1021
f 1808/1019/1016 1809/1042/1039 1843/1018/1015
f 1808/1019/1016 1795/1032/1029 1809/1042/1039
f 281/1004/1001 231/1033/1030 279/1012/1009
f 280/1035/1032 292/1043/1040 395/1005/1002
f 395/1005/1002 292/1043/1040 410/1013/1010
f 1796/1034/1031 1922/1026/1023 1914/1044/1041
f 410/1013/1010 371/1045/1042 394/1036/1033
f 495/1028/1025 464/1006/1003 448/1046/1043
f 495/1028/1025 448/1046/1043 541/1047/1044
f 1956/1027/1024 2010/1037/1034 1961/1048/1045
f 2455/1029/1026 2458/1039/1036 2451/1011/1008
f 2458/1039/1036 2492/1049/1046 2459/1040/1037
f 1940/1030/1027 1896/1050/1047 1993/1051/1048
f 613/1041/1038 579/1052/1049 498/1024/1021
f 1843/1018/1015 1809/1042/1039 1896/1050/1047
f 1796/1034/1031 1794/1053/1050 1795/1032/1029
f 1796/1034/1031 1857/1054/1051 1794/1053/1050
f 1796/1034/1031 1914/1044/1041 1857/1054/1051
f 292/1043/1040 371/1045/1042 410/1013/1010
f 1922/1026/1023 1961/1048/1045 1914/1044/1041
f 394/1036/1033 393/1055/1052 464/1006/1003
f 464/1006/1003 393/1055/1052 448/1046/1043
f 2010/1037/1034 2013/1056/1053 1961/1048/1045
f 1956/1027/1024 1961/1048/1045 1922/1026/1023
f 448/1046/1043 523/1057/1054 541/1047/1044
f 949/1058/1055 1249/1059/1056 932/1060/1057
f 2455/1029/1026 2463/1061/1058 2458/1039/1036
f 1993/1051/1048 1896/1050/1047 1938/1062/1059
f 1752/1063/1060 1725/1064/1061 1779/1065/1062
f 1896/1050/1047 1881/1066/1063 1938/1062/1059
f 1896/1050/1047 1809/1042/1039 1881/1066/1063
f 579/1052/1049 237/1067/1064 498/1024/1021
f 226/1025/1022 216/1068/1065 218/1031/1028
f 231/1033/1030 218/1031/1028 211/1069/1066
f 231/1033/1030 211/1069/1066 210/1070/1067
f 231/1033/1030 210/1070/1067 279/1012/1009
f 210/1070/1067 213/1071/1068 280/1035/1032
f 279/1012/1009 210/1070/1067 280/1035/1032
f 213/1071/1068 292/1043/1040 280/1035/1032
f 292/1043/1040 277/1072/1069 371/1045/1042
f 1961/1048/1045 1951/1073/1070 1914/1044/1041
f 2010/1037/1034 2030/1074/1071 2013/1056/1053
f 1763/1075/1072 1731/1076/1073 1759/1077/1074
f 2476/1078/1075 2457/1038/1035 2469/1079/1076
f 2457/1038/1035 2465/1080/1077 2455/1029/1026
f 498/1024/1021 237/1067/1064 226/1025/1022
f 237/1067/1064 217/1081/1078 226/1025/1022
f 226/1025/1022 217/1081/1078 216/1068/1065
f 1809/1042/1039 1791/1082/1079 1881/1066/1063
f 1809/1042/1039 1795/1032/1029 1791/1082/1079
f 218/1031/1028 216/1068/1065 212/1083/1080
f 218/1031/1028 212/1083/1080 211/1069/1066
f 371/1045/1042 278/1084/1081 394/1036/1033
f 1961/1048/1045 2013/1056/1053 1951/1073/1070
f 448/1046/1043 393/1055/1052 412/1085/1082
f 448/1046/1043 447/1086/1083 523/1057/1054
f 523/1057/1054 447/1086/1083 549/1087/1084
f 1993/1051/1048 1938/1062/1059 2036/1088/1085
f 1881/1066/1063 1939/1089/1086 1938/1062/1059
f 1881/1066/1063 1882/1090/1087 1939/1089/1086
f 1881/1066/1063 1791/1082/1079 1882/1090/1087
f 1791/1082/1079 1794/1053/1050 1792/1091/1088
f 213/1071/1068 277/1072/1069 292/1043/1040
f 1857/1054/1051 1798/1092/1089 1794/1053/1050
f 1798/1092/1089 1857/1054/1051 1926/1093/1090
f 277/1072/1069 278/1084/1081 371/1045/1042
f 1914/1044/1041 1951/1073/1070 1857/1054/1051
f 1857/1054/1051 1951/1073/1070 1926/1093/1090
f 394/1036/1033 278/1084/1081 291/1094/1091
f 394/1036/1033 291/1094/1091 393/1055/1052
f 448/1046/1043 412/1085/1082 447/1086/1083
f 932/1060/1057 1238/1095/1092 927/1096/1093
f 1704/1097/1094 1641/1098/1095 1725/1064/1061
f 2036/1088/1085 1938/1062/1059 1989/1099/1096
f 1938/1062/1059 1939/1089/1086 1989/1099/1096
f 1882/1090/1087 1791/1082/1079 1793/1100/1097
f 1791/1082/1079 1792/1091/1088 1793/1100/1097
f 209/1101/1098 210/1070/1067 211/1069/1066
f 1794/1053/1050 1798/1092/1089 1792/1091/1088
f 213/1071/1068 214/1102/1099 277/1072/1069
f 549/1087/1084 447/1086/1083 543/1103/1100
f 2013/1056/1053 2022/1104/1101 1975/1105/1102
f 2013/1056/1053 1975/1105/1102 1951/1073/1070
f 1951/1073/1070 1975/1105/1102 1926/1093/1090
f 603/1106/1103 558/1107/1104 237/1067/1064
f 237/1067/1064 558/1107/1104 217/1081/1078
f 217/1081/1078 558/1107/1104 227/1108/1105
f 212/1083/1080 215/1109/1106 209/1101/1098
f 209/1101/1098 198/1110/1107 210/1070/1067
f 210/1070/1067 198/1110/1107 213/1071/1068
f 213/1071/1068 198/1110/1107 214/1102/1099
f 277/1072/1069 214/1102/1099 175/1111/1108
f 277/1072/1069 175/1111/1108 278/1084/1081
f 1798/1092/1089 1926/1093/1090 1918/1112/1109
f 291/1094/1091 290/1113/1110 393/1055/1052
f 393/1055/1052 290/1113/1110 412/1085/1082
f 2022/1104/1101 2024/1114/1111 1975/1105/1102
f 1690/1115/1112 1669/1116/1113 1698/1117/1114
f 1698/1117/1114 1669/1116/1113 1670/1118/1115
f 1704/1097/1094 1644/1119/1116 1641/1098/1095
f 1641/1098/1095 1628/1120/1117 1654/1121/1118
f 1989/1099/1096 1939/1089/1086 1988/1122/1119
f 1939/1089/1086 1891/1123/1120 1988/1122/1119
f 1882/1090/1087 1793/1100/1097 1891/1123/1120
f 1891/1123/1120 1793/1100/1097 1830/1124/1121
f 1793/1100/1097 1792/1091/1088 1800/1125/1122
f 1792/1091/1088 1799/1126/1123 1800/1125/1122
f 214/1102/1099 198/1110/1107 189/1127/1124
f 1792/1091/1088 1798/1092/1089 1799/1126/1123
f 1798/1092/1089 1918/1112/1109 1799/1126/1123
f 278/1084/1081 174/1128/1125 291/1094/1091
f 1926/1093/1090 1975/1105/1102 1970/1129/1126
f 1926/1093/1090 1970/1129/1126 1918/1112/1109
f 543/1103/1100 447/1086/1083 516/1130/1127
f 1220/1131/1128 1294/1132/1129 968/1133/1130
f 1891/1123/1120 1987/1134/1131 1988/1122/1119
f 227/1108/1105 544/1135/1132 215/1109/1106
f 1793/1100/1097 1800/1125/1122 1830/1124/1121
f 209/1101/1098 208/1136/1133 198/1110/1107
f 1799/1126/1123 1801/1137/1134 1800/1125/1122
f 214/1102/1099 189/1127/1124 175/1111/1108
f 1799/1126/1123 1856/1138/1135 1801/1137/1134
f 1799/1126/1123 1918/1112/1109 1917/1139/1136
f 278/1084/1081 175/1111/1108 174/1128/1125
f 412/1085/1082 290/1113/1110 401/1140/1137
f 412/1085/1082 401/1140/1137 447/1086/1083
f 1669/1116/1113 1622/1141/1138 1670/1118/1115
f 969/1142/1139 1294/1132/1129 1275/1143/1140
f 1780/1144/1141 1628/1120/1117 1653/1145/1142
f 1988/1122/1119 1987/1134/1131 2042/1146/1143
f 1891/1123/1120 1908/1147/1144 1987/1134/1131
f 1891/1123/1120 1830/1124/1121 1908/1147/1144
f 1908/1147/1144 1830/1124/1121 1839/1148/1145
f 1830/1124/1121 1800/1125/1122 1839/1148/1145
f 1800/1125/1122 1802/1149/1146 1839/1148/1145
f 1800/1125/1122 1801/1137/1134 1802/1149/1146
f 1799/1126/1123 1917/1139/1136 1856/1138/1135
f 291/1094/1091 174/1128/1125 290/1113/1110
f 1918/1112/1109 1960/1150/1147 1917/1139/1136
f 1918/1112/1109 1970/1129/1126 1960/1150/1147
f 1975/1105/1102 2005/1151/1148 1970/1129/1126
f 447/1086/1083 401/1140/1137 402/1152/1149
f 447/1086/1083 402/1152/1149 516/1130/1127
f 516/1130/1127 502/1153/1150 562/1154/1151
f 502/1153/1150 561/1155/1152 562/1154/1151
f 1975/1105/1102 2020/1156/1153 2005/1151/1148
f 968/1133/1130 969/1142/1139 897/1157/1154
f 1642/1158/1155 1635/1159/1156 1783/1160/1157
f 1839/1148/1145 1893/1161/1158 1908/1147/1144
f 198/1110/1107 197/1162/1159 189/1127/1124
f 189/1127/1124 197/1162/1159 187/1163/1160
f 189/1127/1124 187/1163/1160 175/1111/1108
f 175/1111/1108 173/1164/1161 174/1128/1125
f 174/1128/1125 173/1164/1161 172/1165/1162
f 1856/1138/1135 1917/1139/1136 1929/1166/1163
f 1970/1129/1126 2005/1151/1148 1960/1150/1147
f 402/1152/1149 502/1153/1150 516/1130/1127
f 1617/1167/1164 1615/1168/1165 1616/1169/1166
f 1839/1148/1145 1829/1170/1167 1893/1161/1158
f 229/1171/1168 550/1172/1169 208/1136/1133
f 1839/1148/1145 1802/1149/1146 1829/1170/1167
f 187/1163/1160 173/1164/1161 175/1111/1108
f 172/1165/1162 159/1173/1170 174/1128/1125
f 174/1128/1125 159/1173/1170 290/1113/1110
f 290/1113/1110 159/1173/1170 157/1174/1171
f 1960/1150/1147 1929/1166/1163 1917/1139/1136
f 157/1174/1171 156/1175/1172 290/1113/1110
f 290/1113/1110 156/1175/1172 401/1140/1137
f 401/1140/1137 156/1175/1172 402/1152/1149
f 502/1153/1150 471/1176/1173 561/1155/1152
f 2005/1151/1148 2012/1177/1174 1960/1150/1147
f 402/1152/1149 381/1178/1175 502/1153/1150
f 969/1142/1139 1275/1143/1140 934/1179/1176
f 934/1179/1176 1276/1180/1177 1253/1181/1178
f 1908/1147/1144 1893/1161/1158 1982/1182/1179
f 550/1172/1169 560/1183/1180 208/1136/1133
f 1802/1149/1146 1803/1184/1181 1829/1170/1167
f 1802/1149/1146 1801/1137/1134 1803/1184/1181
f 187/1163/1160 188/1185/1182 173/1164/1161
f 1801/1137/1134 1804/1186/1183 1803/1184/1181
f 1801/1137/1134 1856/1138/1135 1804/1186/1183
f 1856/1138/1135 1929/1166/1163 1920/1187/1184
f 1856/1138/1135 1920/1187/1184 1804/1186/1183
f 2012/1177/1174 1972/1188/1185 1960/1150/1147
f 1960/1150/1147 1972/1188/1185 1929/1166/1163
f 402/1152/1149 156/1175/1172 342/1189/1186
f 402/1152/1149 342/1189/1186 381/1178/1175
f 381/1178/1175 471/1176/1173 502/1153/1150
f 1615/1168/1165 1614/1190/1187 1616/1169/1166
f 1635/1159/1156 1614/1190/1187 1627/1191/1188
f 1627/1191/1188 1633/1192/1189 1634/1193/1190
f 1627/1191/1188 1634/1193/1190 1783/1160/1157
f 1893/1161/1158 1829/1170/1167 1841/1194/1191
f 197/1162/1159 230/1195/1192 187/1163/1160
f 1829/1170/1167 1803/1184/1181 1841/1194/1191
f 157/1174/1171 144/1196/1193 156/1175/1172
f 1929/1166/1163 1972/1188/1185 1920/1187/1184
f 156/1175/1172 155/1197/1194 342/1189/1186
f 2005/1151/1148 2032/1198/1195 2012/1177/1174
f 2012/1177/1174 2011/1199/1196 1972/1188/1185
f 897/1157/1154 898/1200/1197 845/1201/1198
f 846/1202/1199 897/1157/1154 845/1201/1198
f 934/1179/1176 938/1203/1200 900/1204/1201
f 1611/1205/1202 1586/1206/1203 1627/1191/1188
f 1998/1207/1204 1893/1161/1158 1942/1208/1205
f 1893/1161/1158 1841/1194/1191 1942/1208/1205
f 1803/1184/1181 1806/1209/1206 1841/1194/1191
f 188/1185/1182 171/1210/1207 173/1164/1161
f 1803/1184/1181 1804/1186/1183 1805/1211/1208
f 173/1164/1161 171/1210/1207 172/1165/1162
f 172/1165/1162 171/1210/1207 159/1173/1170
f 1804/1186/1183 1920/1187/1184 1832/1212/1209
f 561/1155/1152 471/1176/1173 529/1213/1210
f 2032/1198/1195 2011/1199/1196 2012/1177/1174
f 1611/1205/1202 1578/1214/1211 1586/1206/1203
f 1841/1194/1191 1842/1215/1212 1942/1208/1205
f 230/1195/1192 207/1216/1213 188/1185/1182
f 1841/1194/1191 1806/1209/1206 1842/1215/1212
f 1803/1184/1181 1805/1211/1208 1806/1209/1206
f 171/1210/1207 158/1217/1214 159/1173/1170
f 1804/1186/1183 1832/1212/1209 1805/1211/1208
f 159/1173/1170 158/1217/1214 157/1174/1171
f 158/1217/1214 144/1196/1193 157/1174/1171
f 144/1196/1193 142/1218/1215 156/1175/1172
f 156/1175/1172 142/1218/1215 155/1197/1194
f 142/1218/1215 136/1219/1216 155/1197/1194
f 342/1189/1186 155/1197/1194 138/1220/1217
f 342/1189/1186 138/1220/1217 381/1178/1175
f 471/1176/1173 408/1221/1218 529/1213/1210
f 2032/1198/1195 2026/1222/1219 2011/1199/1196
f 1942/1208/1205 1842/1215/1212 1980/1223/1220
f 1634/1193/1190 1610/1224/1221 1784/1225/1222
f 230/1195/1192 583/1226/1223 207/1216/1213
f 188/1185/1182 207/1216/1213 171/1210/1207
f 1805/1211/1208 1832/1212/1209 1831/1227/1224
f 1920/1187/1184 1957/1228/1225 1832/1212/1209
f 155/1197/1194 136/1219/1216 138/1220/1217
f 1972/1188/1185 1973/1229/1226 1920/1187/1184
f 1920/1187/1184 1973/1229/1226 1957/1228/1225
f 138/1220/1217 348/1230/1227 381/1178/1175
f 381/1178/1175 348/1230/1227 349/1231/1228
f 381/1178/1175 349/1231/1228 471/1176/1173
f 2011/1199/1196 2026/1222/1219 1973/1229/1226
f 2011/1199/1196 1973/1229/1226 1972/1188/1185
f 529/1213/1210 408/1221/1218 407/1232/1229
f 1842/1215/1212 1827/1233/1230 1899/1234/1231
f 1842/1215/1212 1806/1209/1206 1827/1233/1230
f 1806/1209/1206 1805/1211/1208 1807/1235/1232
f 1805/1211/1208 1831/1227/1224 1807/1235/1232
f 158/1217/1214 151/1236/1233 144/1196/1193
f 349/1231/1228 408/1221/1218 471/1176/1173
f 529/1213/1210 407/1232/1229 530/1237/1234
f 1973/1229/1226 2026/1222/1219 2017/1238/1235
f 1226/1239/1236 1279/1240/1237 929/1241/1238
f 1806/1209/1206 1807/1235/1232 1827/1233/1230
f 192/1242/1239 151/1236/1233 158/1217/1214
f 151/1236/1233 143/1243/1240 144/1196/1193
f 144/1196/1193 143/1243/1240 142/1218/1215
f 143/1243/1240 141/1244/1241 142/1218/1215
f 1831/1227/1224 1832/1212/1209 1930/1245/1242
f 142/1218/1215 141/1244/1241 136/1219/1216
f 1973/1229/1226 2017/1238/1235 1957/1228/1225
f 530/1237/1234 492/1246/1243 559/1247/1244
f 848/1248/1245 886/1249/1246 849/1250/1247
f 902/1251/1248 929/1241/1238 899/1252/1249
f 1827/1233/1230 1828/1253/1250 1899/1234/1231
f 207/1216/1213 238/1254/1251 192/1242/1239
f 1807/1235/1232 1831/1227/1224 1833/1255/1252
f 1832/1212/1209 1957/1228/1225 1930/1245/1242
f 136/1219/1216 137/1256/1253 138/1220/1217
f 138/1220/1217 137/1256/1253 348/1230/1227
f 348/1230/1227 137/1256/1253 349/1231/1228
f 2017/1238/1235 1977/1257/1254 1957/1228/1225
f 349/1231/1228 347/1258/1255 408/1221/1218
f 530/1237/1234 407/1232/1229 492/1246/1243
f 929/1241/1238 1279/1240/1237 965/1259/1256
f 1279/1240/1237 1300/1260/1257 965/1259/1256
f 1646/1261/1258 1585/1262/1259 1639/1263/1260
f 1899/1234/1231 1902/1264/1261 1991/1265/1262
f 1899/1234/1231 1828/1253/1250 1902/1264/1261
f 1827/1233/1230 1807/1235/1232 1828/1253/1250
f 151/1236/1233 192/1242/1239 143/1243/1240
f 349/1231/1228 137/1256/1253 347/1258/1255
f 2017/1238/1235 2025/1266/1263 1977/1257/1254
f 408/1221/1218 347/1258/1255 407/1232/1229
f 559/1247/1244 492/1246/1243 545/1267/1264
f 965/1259/1256 1300/1260/1257 1242/1268/1265
f 581/1269/1266 596/1270/1267 238/1254/1251
f 1807/1235/1232 1835/1271/1268 1828/1253/1250
f 1807/1235/1232 1834/1272/1269 1835/1271/1268
f 1807/1235/1232 1833/1255/1252 1834/1272/1269
f 1833/1255/1252 1831/1227/1224 1923/1273/1270
f 141/1244/1241 139/1274/1271 136/1219/1216
f 1831/1227/1224 1930/1245/1242 1923/1273/1270
f 136/1219/1216 139/1274/1271 137/1256/1253
f 1957/1228/1225 1977/1257/1254 1930/1245/1242
f 1977/1257/1254 1965/1275/1272 1930/1245/1242
f 137/1256/1253 145/1276/1273 347/1258/1255
f 492/1246/1243 407/1232/1229 385/1277/1274
f 1585/1262/1259 1573/1278/1275 1639/1263/1260
f 1639/1263/1260 1638/1279/1276 1786/1280/1277
f 238/1254/1251 570/1281/1278 225/1282/1279
f 192/1242/1239 225/1282/1279 143/1243/1240
f 137/1256/1253 139/1274/1271 140/1283/1280
f 1930/1245/1242 1965/1275/1272 1923/1273/1270
f 1977/1257/1254 1976/1284/1281 1965/1275/1272
f 347/1258/1255 145/1276/1273 148/1285/1282
f 347/1258/1255 368/1286/1283 407/1232/1229
f 407/1232/1229 368/1286/1283 385/1277/1274
f 385/1277/1274 476/1287/1284 492/1246/1243
f 492/1246/1243 476/1287/1284 545/1267/1264
f 1902/1264/1261 1828/1253/1250 1895/1288/1285
f 1835/1271/1268 1837/1289/1286 1828/1253/1250
f 143/1243/1240 225/1282/1279 199/1290/1287
f 143/1243/1240 199/1290/1287 141/1244/1241
f 137/1256/1253 140/1283/1280 145/1276/1273
f 347/1258/1255 148/1285/1282 368/1286/1283
f 1977/1257/1254 2025/1266/1263 1976/1284/1281
f 2025/1266/1263 2028/1291/1288 1976/1284/1281
f 885/1292/1289 965/1259/1256 926/1293/1290
f 965/1259/1256 1242/1268/1265 926/1293/1290
f 1991/1265/1262 1902/1264/1261 1990/1294/1291
f 225/1282/1279 570/1281/1278 569/1295/1292
f 1828/1253/1250 1837/1289/1286 1895/1288/1285
f 1835/1271/1268 1836/1296/1293 1837/1289/1286
f 1835/1271/1268 1834/1272/1269 1836/1296/1293
f 199/1290/1287 200/1297/1294 141/1244/1241
f 141/1244/1241 200/1297/1294 139/1274/1271
f 1834/1272/1269 1923/1273/1270 1849/1298/1295
f 148/1285/1282 154/1299/1296 368/1286/1283
f 476/1287/1284 528/1300/1297 545/1267/1264
f 1303/1301/1298 1304/1302/1299 1241/1303/1300
f 225/1282/1279 569/1295/1292 568/1304/1301
f 1834/1272/1269 1849/1298/1295 1836/1296/1293
f 139/1274/1271 147/1305/1302 140/1283/1280
f 1965/1275/1272 1966/1306/1303 1923/1273/1270
f 140/1283/1280 146/1307/1304 145/1276/1273
f 1965/1275/1272 1976/1284/1281 1966/1306/1303
f 145/1276/1273 146/1307/1304 148/1285/1282
f 1242/1268/1265 1241/1303/1300 925/1308/1305
f 926/1293/1290 1242/1268/1265 925/1308/1305
f 1638/1279/1276 1623/1309/1306 1624/1310/1307
f 1837/1289/1286 1903/1311/1308 1895/1288/1285
f 200/1297/1294 223/1312/1309 139/1274/1271
f 1836/1296/1293 1849/1298/1295 1848/1313/1310
f 139/1274/1271 219/1314/1311 147/1305/1302
f 140/1283/1280 147/1305/1302 146/1307/1304
f 146/1307/1304 149/1315/1312 148/1285/1282
f 1976/1284/1281 2016/1316/1313 1966/1306/1303
f 1976/1284/1281 2028/1291/1288 2016/1316/1313
f 368/1286/1283 154/1299/1296 359/1317/1314
f 368/1286/1283 359/1317/1314 385/1277/1274
f 385/1277/1274 364/1318/1315 476/1287/1284
f 364/1318/1315 429/1319/1316 476/1287/1284
f 476/1287/1284 429/1319/1316 528/1300/1297
f 429/1319/1316 454/1320/1317 528/1300/1297
f 1668/1321/1318 1657/1322/1319 1570/1323/1320
f 569/1295/1292 587/1324/1321 568/1304/1301
f 1837/1289/1286 1855/1325/1322 1903/1311/1308
f 1837/1289/1286 1838/1326/1323 1855/1325/1322
f 200/1297/1294 568/1304/1301 223/1312/1309
f 1837/1289/1286 1836/1296/1293 1838/1326/1323
f 219/1314/1311 205/1327/1324 147/1305/1302
f 1849/1298/1295 1923/1273/1270 1952/1328/1325
f 1923/1273/1270 1966/1306/1303 1952/1328/1325
f 148/1285/1282 149/1315/1312 154/1299/1296
f 154/1299/1296 152/1329/1326 359/1317/1314
f 385/1277/1274 359/1317/1314 364/1318/1315
f 454/1320/1317 515/1330/1327 528/1300/1297
f 2028/1291/1288 2023/1331/1328 2016/1316/1313
f 2047/1332/1329 1981/1333/1330 1964/1334/1331
f 1624/1310/1307 1637/1335/1332 1781/1336/1333
f 568/1304/1301 584/1337/1334 223/1312/1309
f 1836/1296/1293 1848/1313/1310 1838/1326/1323
f 147/1305/1302 205/1327/1324 146/1307/1304
f 1849/1298/1295 1933/1338/1335 1848/1313/1310
f 1849/1298/1295 1952/1328/1325 1933/1338/1335
f 146/1307/1304 150/1339/1336 149/1315/1312
f 149/1315/1312 152/1329/1326 154/1299/1296
f 2016/1316/1313 1971/1340/1337 1966/1306/1303
f 1966/1306/1303 1971/1340/1337 1952/1328/1325
f 1744/1341/1338 1723/1342/1339 1724/1343/1340
f 587/1324/1321 586/1344/1341 568/1304/1301
f 568/1304/1301 586/1344/1341 584/1337/1334
f 1838/1326/1323 1851/1345/1342 1855/1325/1322
f 1848/1313/1310 1850/1346/1343 1838/1326/1323
f 205/1327/1324 206/1347/1344 146/1307/1304
f 206/1347/1344 168/1348/1345 146/1307/1304
f 146/1307/1304 168/1348/1345 150/1339/1336
f 149/1315/1312 150/1339/1336 152/1329/1326
f 2016/1316/1313 2023/1331/1328 1971/1340/1337
f 359/1317/1314 152/1329/1326 160/1349/1346
f 359/1317/1314 160/1349/1346 364/1318/1315
f 364/1318/1315 361/1350/1347 429/1319/1316
f 1964/1334/1331 1855/1325/1322 1900/1351/1348
f 1838/1326/1323 1850/1346/1343 1851/1345/1342
f 1848/1313/1310 1921/1352/1349 1850/1346/1343
f 1848/1313/1310 1933/1338/1335 1921/1352/1349
f 1952/1328/1325 1971/1340/1337 1933/1338/1335
f 150/1339/1336 153/1353/1350 152/1329/1326
f 364/1318/1315 160/1349/1346 361/1350/1347
f 429/1319/1316 361/1350/1347 454/1320/1317
f 454/1320/1317 422/1354/1351 515/1330/1327
f 2041/1355/1352 1964/1334/1331 1900/1351/1348
f 584/1337/1334 586/1344/1341 585/1356/1353
f 584/1337/1334 585/1356/1353 576/1357/1354
f 1855/1325/1322 1851/1345/1342 1900/1351/1348
f 219/1314/1311 552/1358/1355 205/1327/1324
f 168/1348/1345 167/1359/1356 150/1339/1336
f 1933/1338/1335 1955/1360/1357 1921/1352/1349
f 150/1339/1336 167/1359/1356 153/1353/1350
f 1971/1340/1337 1955/1360/1357 1933/1338/1335
f 1971/1340/1337 1967/1361/1358 1955/1360/1357
f 152/1329/1326 153/1353/1350 160/1349/1346
f 361/1350/1347 422/1354/1351 454/1320/1317
f 422/1354/1351 501/1362/1359 515/1330/1327
f 1971/1340/1337 2023/1331/1328 2009/1363/1360
f 1851/1345/1342 1901/1364/1361 1900/1351/1348
f 1851/1345/1342 1853/1365/1362 1901/1364/1361
f 1851/1345/1342 1850/1346/1343 1852/1366/1363
f 1851/1345/1342 1852/1366/1363 1853/1365/1362
f 1850/1346/1343 1858/1367/1364 1852/1366/1363
f 1850/1346/1343 1921/1352/1349 1858/1367/1364
f 206/1347/1344 203/1368/1365 168/1348/1345
f 168/1348/1345 203/1368/1365 167/1359/1356
f 1971/1340/1337 2009/1363/1360 1967/1361/1358
f 160/1349/1346 163/1369/1366 361/1350/1347
f 361/1350/1347 362/1370/1367 422/1354/1351
f 362/1370/1367 423/1371/1368 422/1354/1351
f 1636/1372/1369 1582/1373/1370 1606/1374/1371
f 205/1327/1324 552/1358/1355 553/1375/1372
f 1852/1366/1363 1854/1376/1373 1853/1365/1362
f 1852/1366/1363 1858/1367/1364 1854/1376/1373
f 1858/1367/1364 1859/1377/1374 1854/1376/1373
f 1921/1352/1349 1955/1360/1357 1858/1367/1364
f 153/1353/1350 167/1359/1356 161/1378/1375
f 153/1353/1350 161/1378/1375 160/1349/1346
f 161/1378/1375 162/1379/1376 160/1349/1346
f 2009/1363/1360 2015/1380/1377 1967/1361/1358
f 361/1350/1347 163/1369/1366 362/1370/1367
f 422/1354/1351 423/1371/1368 501/1362/1359
f 1777/1381/1378 1606/1374/1371 1605/1382/1379
f 576/1357/1354 585/1356/1353 552/1358/1355
f 1901/1364/1361 1853/1365/1362 1935/1383/1380
f 1935/1383/1380 1853/1365/1362 1879/1384/1381
f 1853/1365/1362 1854/1376/1373 1879/1384/1381
f 553/1375/1372 563/1385/1382 206/1347/1344
f 206/1347/1344 235/1386/1383 203/1368/1365
f 167/1359/1356 203/1368/1365 161/1378/1375
f 1955/1360/1357 1954/1387/1384 1858/1367/1364
f 1858/1367/1364 1954/1387/1384 1859/1377/1374
f 161/1378/1375 203/1368/1365 202/1388/1385
f 1955/1360/1357 1967/1361/1358 1954/1387/1384
f 160/1349/1346 162/1379/1376 163/1369/1366
f 163/1369/1366 162/1379/1376 164/1389/1386
f 163/1369/1366 169/1390/1387 362/1370/1367
f 2009/1363/1360 2033/1391/1388 2015/1380/1377
f 423/1371/1368 362/1370/1367 363/1392/1389
f 423/1371/1368 428/1393/1390 501/1362/1359
f 967/1394/1391 1267/1395/1392 1236/1396/1393
f 1901/1364/1361 1935/1383/1380 2040/1397/1394
f 1854/1376/1373 1860/1398/1395 1861/1399/1396
f 1859/1377/1374 1860/1398/1395 1854/1376/1373
f 1859/1377/1374 1950/1400/1397 1860/1398/1395
f 1954/1387/1384 1950/1400/1397 1859/1377/1374
f 163/1369/1366 164/1389/1386 169/1390/1387
f 1967/1361/1358 2015/1380/1377 1954/1387/1384
f 362/1370/1367 169/1390/1387 363/1392/1389
f 423/1371/1368 363/1392/1389 428/1393/1390
f 501/1362/1359 428/1393/1390 536/1401/1398
f 1777/1381/1378 1605/1382/1379 1632/1402/1399
f 552/1358/1355 599/1403/1400 573/1404/1401
f 1879/1384/1381 1889/1405/1402 2001/1406/1403
f 552/1358/1355 573/1404/1401 563/1385/1382
f 1879/1384/1381 1861/1399/1396 1889/1405/1402
f 1861/1399/1396 1860/1398/1395 1862/1407/1404
f 1860/1398/1395 1950/1400/1397 1947/1408/1405
f 2015/1380/1377 2014/1409/1406 1954/1387/1384
f 1954/1387/1384 2014/1409/1406 1950/1400/1397
f 428/1393/1390 432/1410/1407 536/1401/1398
f 967/1394/1391 1236/1396/1393 963/1411/1408
f 1236/1396/1393 1290/1412/1409 1224/1413/1410
f 1861/1399/1396 1884/1414/1411 1889/1405/1402
f 1861/1399/1396 1862/1407/1404 1863/1415/1412
f 1860/1398/1395 1947/1408/1405 1862/1407/1404
f 161/1378/1375 190/1416/1413 162/1379/1376
f 1950/1400/1397 2014/1409/1406 2008/1417/1414
f 1950/1400/1397 2008/1417/1414 1947/1408/1405
f 432/1410/1407 474/1418/1415 536/1401/1398
f 536/1401/1398 474/1418/1415 551/1419/1416
f 169/1390/1387 170/1420/1417 363/1392/1389
f 170/1420/1417 356/1421/1418 363/1392/1389
f 363/1392/1389 356/1421/1418 428/1393/1390
f 1589/1422/1419 1604/1423/1420 1632/1402/1399
f 2400/1424/1421 2399/1425/1422 2398/1426/1423
f 2399/1425/1422 2397/1427/1424 2398/1426/1423
f 563/1385/1382 573/1404/1401 577/1428/1425
f 1889/1405/1402 1884/1414/1411 1913/1429/1426
f 563/1385/1382 577/1428/1425 235/1386/1383
f 235/1386/1383 577/1428/1425 555/1430/1427
f 235/1386/1383 555/1430/1427 228/1431/1428
f 1861/1399/1396 1863/1415/1412 1884/1414/1411
f 202/1388/1385 228/1431/1428 201/1432/1429
f 1862/1407/1404 1946/1433/1430 1863/1415/1412
f 202/1388/1385 201/1432/1429 161/1378/1375
f 161/1378/1375 201/1432/1429 190/1416/1413
f 1947/1408/1405 1946/1433/1430 1862/1407/1404
f 162/1379/1376 190/1416/1413 165/1434/1431
f 162/1379/1376 165/1434/1431 164/1389/1386
f 164/1389/1386 165/1434/1431 166/1435/1432
f 164/1389/1386 166/1435/1432 169/1390/1387
f 551/1419/1416 474/1418/1415 548/1436/1433
f 170/1420/1417 289/1437/1434 356/1421/1418
f 428/1393/1390 356/1421/1418 432/1410/1407
f 1946/1433/1430 1949/1438/1435 1863/1415/1412
f 1947/1408/1405 2008/1417/1414 1946/1433/1430
f 2008/1417/1414 2004/1439/1436 1946/1433/1430
f 166/1435/1432 176/1440/1437 170/1420/1417
f 169/1390/1387 166/1435/1432 170/1420/1417
f 474/1418/1415 466/1441/1438 548/1436/1433
f 356/1421/1418 355/1442/1439 432/1410/1407
f 887/1443/1440 913/1444/1441 876/1445/1442
f 2397/1427/1424 2394/1446/1443 2396/1447/1444
f 1884/1414/1411 1928/1448/1445 1913/1429/1426
f 1884/1414/1411 1915/1449/1446 1928/1448/1445
f 1884/1414/1411 1863/1415/1412 1915/1449/1446
f 165/1434/1431 186/1450/1447 166/1435/1432
f 170/1420/1417 176/1440/1437 289/1437/1434
f 432/1410/1407 403/1451/1448 474/1418/1415
f 474/1418/1415 403/1451/1448 466/1441/1438
f 1776/1452/1449 1603/1453/1450 1643/1454/1451
f 573/1404/1401 598/1455/1452 577/1428/1425
f 556/1456/1453 240/1457/1454 228/1431/1428
f 228/1431/1428 240/1457/1454 201/1432/1429
f 1915/1449/1446 1863/1415/1412 1949/1438/1435
f 190/1416/1413 201/1432/1429 165/1434/1431
f 201/1432/1429 186/1450/1447 165/1434/1431
f 548/1436/1433 466/1441/1438 571/1458/1455
f 289/1437/1434 355/1442/1439 356/1421/1418
f 355/1442/1439 403/1451/1448 432/1410/1407
f 1667/1459/1456 1594/1460/1457 1591/1461/1458
f 914/1462/1459 963/1411/1408 948/1463/1460
f 166/1435/1432 186/1450/1447 177/1464/1461
f 166/1435/1432 177/1464/1461 176/1440/1437
f 466/1441/1438 508/1465/1462 571/1458/1455
f 176/1440/1437 178/1466/1463 289/1437/1434
f 289/1437/1434 283/1467/1464 355/1442/1439
f 403/1451/1448 414/1468/1465 466/1441/1438
f 355/1442/1439 346/1469/1466 403/1451/1448
f 1978/1470/1467 1928/1448/1445 1945/1471/1468
f 1928/1448/1445 1915/1449/1446 1945/1471/1468
f 201/1432/1429 220/1472/1469 186/1450/1447
f 508/1465/1462 514/1473/1470 571/1458/1455
f 176/1440/1437 177/1464/1461 178/1466/1463
f 289/1437/1434 178/1466/1463 283/1467/1464
f 466/1441/1438 414/1468/1465 508/1465/1462
f 355/1442/1439 283/1467/1464 346/1469/1466
f 346/1469/1466 358/1474/1471 403/1451/1448
f 403/1451/1448 358/1474/1471 414/1468/1465
f 1602/1475/1472 1596/1476/1473 1626/1477/1474
f 1915/1449/1446 1949/1438/1435 1963/1478/1475
f 1949/1438/1435 2006/1479/1476 1963/1478/1475
f 186/1450/1447 191/1480/1477 177/1464/1461
f 2004/1439/1436 2007/1481/1478 2006/1479/1476
f 508/1465/1462 414/1468/1465 514/1473/1470
f 240/1457/1454 589/1482/1479 575/1483/1480
f 1915/1449/1446 1962/1484/1481 1945/1471/1468
f 1962/1484/1481 1915/1449/1446 1963/1478/1475
f 414/1468/1465 421/1485/1482 514/1473/1470
f 283/1467/1464 288/1486/1483 346/1469/1466
f 1962/1484/1481 1963/1478/1475 2019/1487/1484
f 186/1450/1447 220/1472/1469 191/1480/1477
f 177/1464/1461 191/1480/1477 179/1488/1485
f 178/1466/1463 179/1488/1485 180/1489/1486
f 178/1466/1463 180/1489/1486 283/1467/1464
f 180/1489/1486 288/1486/1483 283/1467/1464
f 346/1469/1466 288/1486/1483 358/1474/1471
f 1945/1471/1468 1962/1484/1481 2002/1490/1487
f 358/1474/1471 288/1486/1483 329/1491/1488
f 358/1474/1471 329/1491/1488 414/1468/1465
f 191/1480/1477 220/1472/1469 196/1492/1489
f 191/1480/1477 196/1492/1489 179/1488/1485
f 514/1473/1470 538/1493/1490 597/1494/1491
f 421/1485/1482 538/1493/1490 514/1473/1470
f 180/1489/1486 236/1495/1492 288/1486/1483
f 414/1468/1465 329/1491/1488 421/1485/1482
f 2006/1479/1476 2052/1496/1493 2050/1497/1494
f 179/1488/1485 181/1498/1495 180/1489/1486
f 180/1489/1486 181/1498/1495 236/1495/1492
f 288/1486/1483 286/1499/1496 329/1491/1488
f 329/1491/1488 420/1500/1497 421/1485/1482
f 1651/1501/1498 1608/1502/1499 1640/1503/1500
f 220/1472/1469 232/1504/1501 196/1492/1489
f 421/1485/1482 537/1505/1502 538/1493/1490
f 236/1495/1492 181/1498/1495 183/1506/1503
f 288/1486/1483 236/1495/1492 244/1507/1504
f 288/1486/1483 244/1507/1504 286/1499/1496
f 2382/1508/1505 2371/1509/1506 2381/1510/1507
f 575/1483/1480 566/1511/1508 232/1504/1501
f 2019/1487/1484 2051/1512/1509 2027/1513/1510
f 183/1506/1503 204/1514/1511 236/1495/1492
f 236/1495/1492 204/1514/1511 244/1507/1504
f 421/1485/1482 420/1500/1497 537/1505/1502
f 329/1491/1488 287/1515/1512 375/1516/1513
f 600/1517/1514 566/1511/1508 575/1483/1480
f 566/1511/1508 222/1518/1515 232/1504/1501
f 232/1504/1501 222/1518/1515 196/1492/1489
f 2050/1497/1494 2051/1512/1509 2019/1487/1484
f 196/1492/1489 195/1519/1516 179/1488/1485
f 179/1488/1485 182/1520/1517 181/1498/1495
f 244/1507/1504 243/1521/1518 286/1499/1496
f 286/1499/1496 287/1515/1512 329/1491/1488
f 196/1492/1489 222/1518/1515 195/1519/1516
f 179/1488/1485 195/1519/1516 182/1520/1517
f 181/1498/1495 182/1520/1517 183/1506/1503
f 1689/1522/1519 1661/1523/1520 1609/1524/1521
f 204/1514/1511 243/1521/1518 244/1507/1504
f 420/1500/1497 399/1525/1522 537/1505/1502
f 420/1500/1497 375/1516/1513 399/1525/1522
f 1640/1503/1500 1630/1526/1523 1647/1527/1524
f 566/1511/1508 535/1528/1525 222/1518/1515
f 222/1518/1515 221/1529/1526 195/1519/1516
f 182/1520/1517 184/1530/1527 183/1506/1503
f 286/1499/1496 269/1531/1528 287/1515/1512
f 566/1511/1508 572/1532/1529 535/1528/1525
f 535/1528/1525 221/1529/1526 222/1518/1515
f 221/1529/1526 194/1533/1530 195/1519/1516
f 611/1534/1531 567/1535/1532 614/1536/1533
f 183/1506/1503 184/1530/1527 204/1514/1511
f 399/1525/1522 567/1535/1532 537/1505/1502
f 572/1532/1529 546/1537/1534 535/1528/1525
f 194/1533/1530 182/1520/1517 195/1519/1516
f 204/1514/1511 234/1538/1535 243/1521/1518
f 243/1521/1518 234/1538/1535 245/1539/1536
f 243/1521/1518 245/1539/1536 286/1499/1496
f 1647/1527/1524 1655/1540/1537 1785/1541/1538
f 546/1537/1534 522/1542/1539 535/1528/1525
f 535/1528/1525 522/1542/1539 221/1529/1526
f 286/1499/1496 245/1539/1536 269/1531/1528
f 269/1531/1528 268/1543/1540 287/1515/1512
f 287/1515/1512 268/1543/1540 375/1516/1513
f 268/1543/1540 392/1544/1541 399/1525/1522
f 375/1516/1513 268/1543/1540 399/1525/1522
f 2361/1545/1542 2355/1546/1543 2357/1547/1544
f 2408/1548/1545 2361/1545/1542 2357/1547/1544
f 193/1549/1546 182/1520/1517 194/1533/1530
f 193/1549/1546 185/1550/1547 182/1520/1517
f 182/1520/1517 185/1550/1547 184/1530/1527
f 505/1551/1548 602/1552/1549 567/1535/1532
f 399/1525/1522 505/1551/1548 567/1535/1532
f 399/1525/1522 392/1544/1541 505/1551/1548
f 1789/1553/1550 1788/1554/1551 1740/1555/1552
f 1740/1555/1552 1788/1554/1551 1755/1556/1553
f 546/1537/1534 519/1557/1554 522/1542/1539
f 522/1542/1539 224/1558/1555 221/1529/1526
f 221/1529/1526 224/1558/1555 194/1533/1530
f 194/1533/1530 224/1558/1555 193/1549/1546
f 184/1530/1527 234/1538/1535 204/1514/1511
f 234/1538/1535 250/1559/1556 245/1539/1536
f 1754/1560/1557 1787/1561/1558 1790/1562/1559
f 1754/1560/1557 1790/1562/1559 1775/1563/1560
f 594/1564/1561 519/1557/1554 546/1537/1534
f 608/1565/1562 594/1564/1561 546/1537/1534
f 519/1557/1554 224/1558/1555 522/1542/1539
f 602/1552/1549 616/1566/1563 615/1567/1564
f 185/1550/1547 233/1568/1565 184/1530/1527
f 184/1530/1527 233/1568/1565 234/1538/1535
f 269/1531/1528 251/1569/1566 268/1543/1540
f 1248/1570/1567 1272/1571/1568 1173/1572/1569
f 2611/1573/1570 2609/1574/1571 2604/1575/1572
f 2611/1573/1570 2604/1575/1572 2605/1576/1573
f 594/1564/1561 518/1577/1574 519/1557/1554
f 245/1539/1536 250/1559/1556 269/1531/1528
f 392/1544/1541 490/1578/1575 505/1551/1548
f 268/1543/1540 270/1579/1576 392/1544/1541
f 1063/1580/1577 1075/1581/1578 1119/1582/1579
f 2600/1583/1580 2601/1584/1581 2602/1585/1582
f 123/1586/1583 126/1587/1584 134/1588/1585
f 135/1589/1586 123/1586/1583 134/1588/1585
f 594/1564/1561 593/1590/1587 518/1577/1574
f 519/1557/1554 518/1577/1574 224/1558/1555
f 224/1558/1555 241/1591/1588 193/1549/1546
f 193/1549/1546 241/1591/1588 185/1550/1547
f 250/1559/1556 251/1569/1566 269/1531/1528
f 270/1579/1576 390/1592/1589 392/1544/1541
f 2609/1574/1571 2607/1593/1590 2604/1575/1572
f 2601/1584/1581 2606/1594/1591 2602/1585/1582
f 518/1577/1574 437/1595/1592 224/1558/1555
f 224/1558/1555 437/1595/1592 369/1596/1593
f 224/1558/1555 369/1596/1593 241/1591/1588
f 185/1550/1547 241/1591/1588 233/1568/1565
f 392/1544/1541 390/1592/1589 490/1578/1575
f 2609/1574/1571 2610/1597/1594 2607/1593/1590
f 2607/1593/1590 2606/1594/1591 2604/1575/1572
f 518/1577/1574 593/1590/1587 520/1598/1595
f 518/1577/1574 520/1598/1595 437/1595/1592
f 616/1566/1563 617/1599/1596 615/1567/1564
f 233/1568/1565 242/1600/1597 234/1538/1535
f 251/1569/1566 264/1601/1598 268/1543/1540
f 268/1543/1540 264/1601/1598 270/1579/1576
f 2612/1602/1599 2607/1593/1590 2610/1597/1594
f 2612/1602/1599 2613/1603/1600 2606/1594/1591
f 2612/1602/1599 2606/1594/1591 2607/1593/1590
f 62/1604/1601 99/1605/1602 100/1606/1603
f 2608/1607/1604 2602/1585/1582 2606/1594/1591
f 123/1586/1583 98/1608/1605 126/1587/1584
f 520/1598/1595 438/1609/1606 437/1595/1592
f 437/1595/1592 370/1610/1607 369/1596/1593
f 369/1596/1593 370/1610/1607 328/1611/1608
f 369/1596/1593 328/1611/1608 241/1591/1588
f 241/1591/1588 242/1600/1597 233/1568/1565
f 616/1566/1563 618/1612/1609 617/1599/1596
f 234/1538/1535 246/1613/1610 247/1614/1611
f 234/1538/1535 247/1614/1611 250/1559/1556
f 2614/1615/1612 2612/1602/1599 2610/1597/1594
f 99/1605/1602 98/1608/1605 123/1586/1583
f 98/1608/1605 101/1616/1613 126/1587/1584
f 126/1587/1584 101/1616/1613 127/1617/1614
f 437/1595/1592 438/1609/1606 370/1610/1607
f 242/1600/1597 246/1613/1610 234/1538/1535
f 390/1592/1589 424/1618/1615 490/1578/1575
f 2614/1615/1612 2610/1597/1594 2615/1619/1616
f 2619/1620/1617 2612/1602/1599 2614/1615/1612
f 2620/1621/1618 2613/1603/1600 2612/1602/1599
f 46/1622/1619 62/1604/1601 64/1623/1620
f 46/1622/1619 60/1624/1621 62/1604/1601
f 60/1624/1621 99/1605/1602 62/1604/1601
f 60/1624/1621 98/1608/1605 99/1605/1602
f 242/1600/1597 254/1625/1622 246/1613/1610
f 250/1559/1556 247/1614/1611 251/1569/1566
f 490/1578/1575 424/1618/1615 588/1626/1623
f 2621/1627/1624 2620/1621/1618 2619/1620/1617
f 2619/1620/1617 2620/1621/1618 2612/1602/1599
f 63/1628/1625 46/1622/1619 64/1623/1620
f 520/1598/1595 521/1629/1626 438/1609/1606
f 274/1630/1627 254/1625/1622 242/1600/1597
f 241/1591/1588 274/1630/1627 242/1600/1597
f 270/1579/1576 271/1631/1628 390/1592/1589
f 2621/1627/1624 2622/1632/1629 2620/1621/1618
f 60/1624/1621 74/1633/1630 98/1608/1605
f 74/1633/1630 101/1616/1613 98/1608/1605
f 101/1616/1613 74/1633/1630 97/1634/1631
f 521/1629/1626 426/1635/1632 438/1609/1606
f 328/1611/1608 274/1630/1627 241/1591/1588
f 251/1569/1566 247/1614/1611 249/1636/1633
f 251/1569/1566 249/1636/1633 264/1601/1598
f 424/1618/1615 503/1637/1634 588/1626/1623
f 264/1601/1598 271/1631/1628 270/1579/1576
f 271/1631/1628 396/1638/1635 390/1592/1589
f 390/1592/1589 396/1638/1635 424/1618/1615
f 2673/1639/1636 2665/1640/1637 2619/1620/1617
f 2623/1641/1638 2622/1632/1629 2621/1627/1624
f 63/1628/1625 27/1642/1639 46/1622/1619
f 45/1643/1640 60/1624/1621 46/1622/1619
f 45/1643/1640 74/1633/1630 60/1624/1621
f 2625/1644/1641 2622/1632/1629 2623/1641/1638
f 2625/1644/1641 2626/1645/1642 2622/1632/1629
f 61/1646/1643 27/1642/1639 63/1628/1625
f 27/1642/1639 45/1643/1640 46/1622/1619
f 57/1647/1644 58/1648/1645 45/1643/1640
f 45/1643/1640 58/1648/1645 74/1633/1630
f 101/1616/1613 97/1634/1631 119/1649/1646
f 426/1635/1632 370/1610/1607 438/1609/1606
f 246/1613/1610 248/1650/1647 247/1614/1611
f 2665/1640/1637 2664/1651/1648 2621/1627/1624
f 27/1642/1639 39/1652/1649 45/1643/1640
f 97/1634/1631 117/1653/1650 119/1649/1646
f 426/1635/1632 326/1654/1651 370/1610/1607
f 2410/1655/1652 2409/1656/1653 2360/1657/1654
f 2410/1655/1652 2360/1657/1654 2352/1658/1655
f 326/1654/1651 293/1659/1656 328/1611/1608
f 370/1610/1607 326/1654/1651 328/1611/1608
f 254/1625/1622 253/1660/1657 246/1613/1610
f 246/1613/1610 253/1660/1657 248/1650/1647
f 271/1631/1628 376/1661/1658 396/1638/1635
f 2624/1662/1659 2623/1641/1638 2621/1627/1624
f 2624/1662/1659 2625/1644/1641 2623/1641/1638
f 26/1663/1660 27/1642/1639 61/1646/1643
f 25/1664/1661 39/1652/1649 27/1642/1639
f 39/1652/1649 57/1647/1644 45/1643/1640
f 328/1611/1608 293/1659/1656 274/1630/1627
f 274/1630/1627 276/1665/1662 254/1625/1622
f 247/1614/1611 248/1650/1647 249/1636/1633
f 2624/1662/1659 2627/1666/1663 2625/1644/1641
f 2627/1666/1663 2626/1645/1642 2625/1644/1641
f 2627/1666/1663 2713/1667/1664 2626/1645/1642
f 26/1663/1660 25/1664/1661 27/1642/1639
f 41/1668/1665 39/1652/1649 25/1664/1661
f 39/1652/1649 81/1669/1666 57/1647/1644
f 57/1647/1644 81/1669/1666 58/1648/1645
f 58/1648/1645 95/1670/1667 74/1633/1630
f 74/1633/1630 95/1670/1667 97/1634/1631
f 274/1630/1627 293/1659/1656 276/1665/1662
f 396/1638/1635 513/1671/1668 503/1637/1634
f 264/1601/1598 263/1672/1669 271/1631/1628
f 271/1631/1628 263/1672/1669 376/1661/1658
f 22/1673/1670 25/1664/1661 26/1663/1660
f 41/1668/1665 70/1674/1671 39/1652/1649
f 70/1674/1671 81/1669/1666 39/1652/1649
f 95/1670/1667 117/1653/1650 97/1634/1631
f 95/1670/1667 114/1675/1672 117/1653/1650
f 425/1676/1673 326/1654/1651 426/1635/1632
f 592/1677/1674 621/1678/1675 620/1679/1676
f 513/1671/1668 574/1680/1677 503/1637/1634
f 503/1637/1634 574/1680/1677 592/1677/1674
f 249/1636/1633 255/1681/1678 264/1601/1598
f 255/1681/1678 263/1672/1669 264/1601/1598
f 396/1638/1635 376/1661/1658 513/1671/1668
f 2663/1682/1679 2628/1683/1680 2624/1662/1659
f 2629/1684/1681 2630/1685/1682 2627/1666/1663
f 2629/1684/1681 2627/1666/1663 2628/1683/1680
f 2630/1685/1682 2713/1667/1664 2627/1666/1663
f 2630/1685/1682 2727/1686/1683 2713/1667/1664
f 21/1687/1684 25/1664/1661 22/1673/1670
f 21/1687/1684 41/1668/1665 25/1664/1661
f 81/1669/1666 92/1688/1685 58/1648/1645
f 326/1654/1651 282/1689/1686 293/1659/1656
f 254/1625/1622 276/1665/1662 253/1660/1657
f 252/1690/1687 255/1681/1678 249/1636/1633
f 248/1650/1647 252/1690/1687 249/1636/1633
f 2630/1685/1682 2728/1691/1688 2727/1686/1683
f 20/1692/1689 21/1687/1684 22/1673/1670
f 23/1693/1690 20/1692/1689 22/1673/1670
f 21/1687/1684 52/1694/1691 41/1668/1665
f 41/1668/1665 52/1694/1691 70/1674/1671
f 70/1674/1671 79/1695/1692 81/1669/1666
f 58/1648/1645 92/1688/1685 95/1670/1667
f 443/1696/1693 327/1697/1694 425/1676/1673
f 425/1676/1673 327/1697/1694 326/1654/1651
f 253/1660/1657 260/1698/1695 248/1650/1647
f 255/1681/1678 256/1699/1696 263/1672/1669
f 2659/1700/1697 2628/1683/1680 2663/1682/1679
f 2632/1701/1698 2630/1685/1682 2631/1702/1699
f 2631/1702/1699 2630/1685/1682 2629/1684/1681
f 2632/1701/1698 2728/1691/1688 2630/1685/1682
f 20/1692/1689 44/1703/1700 21/1687/1684
f 21/1687/1684 44/1703/1700 52/1694/1691
f 52/1694/1691 79/1695/1692 70/1674/1671
f 81/1669/1666 79/1695/1692 91/1704/1701
f 276/1665/1662 262/1705/1702 253/1660/1657
f 253/1660/1657 262/1705/1702 260/1698/1695
f 260/1698/1695 252/1690/1687 248/1650/1647
f 255/1681/1678 252/1690/1687 256/1699/1696
f 263/1672/1669 440/1706/1703 376/1661/1658
f 376/1661/1658 440/1706/1703 513/1671/1668
f 2631/1702/1699 2629/1684/1681 2659/1700/1697
f 2633/1707/1704 2702/1708/1705 2632/1701/1698
f 2702/1708/1705 2728/1691/1688 2632/1701/1698
f 44/1703/1700 72/1709/1706 52/1694/1691
f 72/1709/1706 79/1695/1692 52/1694/1691
f 81/1669/1666 91/1704/1701 92/1688/1685
f 92/1688/1685 114/1675/1672 95/1670/1667
f 92/1688/1685 115/1710/1707 114/1675/1672
f 282/1689/1686 276/1665/1662 293/1659/1656
f 263/1672/1669 256/1699/1696 440/1706/1703
f 2660/1711/1708 2631/1702/1699 2661/1712/1709
f 2631/1702/1699 2633/1707/1704 2632/1701/1698
f 23/1693/1690 24/1713/1710 20/1692/1689
f 24/1713/1710 44/1703/1700 20/1692/1689
f 24/1713/1710 47/1714/1711 44/1703/1700
f 44/1703/1700 68/1715/1712 72/1709/1706
f 79/1695/1692 90/1716/1713 91/1704/1701
f 443/1696/1693 409/1717/1714 327/1697/1694
f 327/1697/1694 284/1718/1715 326/1654/1651
f 326/1654/1651 284/1718/1715 282/1689/1686
f 265/1719/1716 262/1705/1702 276/1665/1662
f 497/1720/1717 542/1721/1718 440/1706/1703
f 256/1699/1696 497/1720/1717 440/1706/1703
f 440/1706/1703 542/1721/1718 513/1671/1668
f 1159/1722/1719 1158/1723/1720 1065/1724/1721
f 2703/1725/1722 2735/1726/1723 2702/1708/1705
f 2702/1708/1705 2735/1726/1723 2728/1691/1688
f 15/1727/1724 24/1713/1710 23/1693/1690
f 47/1714/1711 68/1715/1712 44/1703/1700
f 72/1709/1706 90/1716/1713 79/1695/1692
f 282/1689/1686 265/1719/1716 276/1665/1662
f 260/1698/1695 259/1728/1725 252/1690/1687
f 259/1728/1725 258/1729/1726 252/1690/1687
f 252/1690/1687 258/1729/1726 257/1730/1727
f 252/1690/1687 257/1730/1727 256/1699/1696
f 256/1699/1696 257/1730/1727 497/1720/1717
f 2634/1731/1728 2631/1702/1699 2660/1711/1708
f 2705/1732/1729 2660/1711/1708 2661/1712/1709
f 2634/1731/1728 2635/1733/1730 2633/1707/1704
f 15/1727/1724 19/1734/1731 24/1713/1710
f 47/1714/1711 76/1735/1732 68/1715/1712
f 89/1736/1733 90/1716/1713 72/1709/1706
f 90/1716/1713 93/1737/1734 91/1704/1701
f 92/1688/1685 91/1704/1701 115/1710/1707
f 409/1717/1714 411/1738/1735 294/1739/1736
f 409/1717/1714 294/1739/1736 327/1697/1694
f 284/1718/1715 267/1740/1737 282/1689/1686
f 265/1719/1716 261/1741/1738 262/1705/1702
f 262/1705/1702 261/1741/1738 260/1698/1695
f 260/1698/1695 261/1741/1738 259/1728/1725
f 1384/1742/1739 1389/1743/1740 1399/1744/1741
f 1396/1745/1742 1383/1746/1743 1385/1747/1744
f 2705/1732/1729 2634/1731/1728 2660/1711/1708
f 2636/1748/1745 2633/1707/1704 2635/1733/1730
f 2636/1748/1745 2637/1749/1746 2633/1707/1704
f 2637/1749/1746 2703/1725/1722 2633/1707/1704
f 19/1734/1731 42/1750/1747 24/1713/1710
f 42/1750/1747 47/1714/1711 24/1713/1710
f 88/1751/1748 89/1736/1733 72/1709/1706
f 68/1715/1712 88/1751/1748 72/1709/1706
f 455/1752/1749 336/1753/1750 411/1738/1735
f 411/1738/1735 336/1753/1750 294/1739/1736
f 327/1697/1694 294/1739/1736 284/1718/1715
f 282/1689/1686 267/1740/1737 265/1719/1716
f 265/1719/1716 266/1754/1751 261/1741/1738
f 259/1728/1725 478/1755/1752 258/1729/1726
f 478/1755/1752 257/1730/1727 258/1729/1726
f 1383/1746/1743 1382/1756/1753 1384/1742/1739
f 14/1757/1754 13/1758/1755 15/1727/1724
f 13/1758/1755 19/1734/1731 15/1727/1724
f 71/1759/1756 76/1735/1732 47/1714/1711
f 76/1735/1732 88/1751/1748 68/1715/1712
f 89/1736/1733 102/1760/1757 93/1737/1734
f 89/1736/1733 93/1737/1734 90/1716/1713
f 455/1752/1749 391/1761/1758 336/1753/1750
f 261/1741/1738 456/1762/1759 259/1728/1725
f 259/1728/1725 456/1762/1759 478/1755/1752
f 1378/1763/1760 1381/1764/1761 1396/1745/1742
f 2638/1765/1762 2637/1749/1746 2636/1748/1745
f 2640/1766/1763 2637/1749/1746 2638/1765/1762
f 2640/1766/1763 2703/1725/1722 2637/1749/1746
f 2640/1766/1763 2730/1767/1764 2703/1725/1722
f 12/1768/1765 13/1758/1755 14/1757/1754
f 13/1758/1755 29/1769/1766 19/1734/1731
f 29/1769/1766 53/1770/1767 42/1750/1747
f 29/1769/1766 42/1750/1747 19/1734/1731
f 53/1770/1767 71/1759/1756 42/1750/1747
f 42/1750/1747 71/1759/1756 47/1714/1711
f 71/1759/1756 85/1771/1768 76/1735/1732
f 85/1771/1768 88/1751/1748 76/1735/1732
f 88/1751/1748 102/1760/1757 89/1736/1733
f 336/1753/1750 306/1772/1769 294/1739/1736
f 294/1739/1736 306/1772/1769 285/1773/1770
f 294/1739/1736 285/1773/1770 284/1718/1715
f 267/1740/1737 266/1754/1751 265/1719/1716
f 2666/1774/1771 2635/1733/1730 2674/1775/1772
f 1172/1776/1773 1185/1777/1774 1088/1778/1775
f 1088/1778/1775 1185/1777/1774 1077/1779/1776
f 2638/1765/1762 2636/1748/1745 2639/1780/1777
f 2639/1780/1777 2636/1748/1745 2635/1733/1730
f 2694/1781/1778 2730/1767/1764 2640/1766/1763
f 2694/1781/1778 2732/1782/1779 2730/1767/1764
f 11/1783/1780 13/1758/1755 12/1768/1765
f 3/1784/1781 11/1783/1780 12/1768/1765
f 30/1785/1782 13/1758/1755 11/1783/1780
f 30/1785/1782 29/1769/1766 13/1758/1755
f 53/1770/1767 83/1786/1783 71/1759/1756
f 71/1759/1756 83/1786/1783 85/1771/1768
f 85/1771/1768 108/1787/1784 88/1751/1748
f 88/1751/1748 118/1788/1785 102/1760/1757
f 391/1761/1758 377/1789/1786 311/1790/1787
f 391/1761/1758 309/1791/1788 336/1753/1750
f 309/1791/1788 306/1772/1769 336/1753/1750
f 285/1773/1770 267/1740/1737 284/1718/1715
f 266/1754/1751 449/1792/1789 261/1741/1738
f 261/1741/1738 449/1792/1789 456/1762/1759
f 2641/1793/1790 2640/1766/1763 2638/1765/1762
f 30/1785/1782 54/1794/1791 53/1770/1767
f 30/1785/1782 53/1770/1767 29/1769/1766
f 88/1751/1748 108/1787/1784 109/1795/1792
f 88/1751/1748 109/1795/1792 118/1788/1785
f 311/1790/1787 309/1791/1788 391/1761/1758
f 1403/1796/1793 1367/1797/1794 1402/1798/1795
f 2643/1799/1796 2639/1780/1777 2666/1774/1771
f 2701/1800/1797 2732/1782/1779 2694/1781/1778
f 10/1801/1798 11/1783/1780 3/1784/1781
f 10/1801/1798 30/1785/1782 11/1783/1780
f 53/1770/1767 84/1802/1799 83/1786/1783
f 377/1789/1786 307/1803/1800 311/1790/1787
f 309/1791/1788 296/1804/1801 306/1772/1769
f 306/1772/1769 296/1804/1801 285/1773/1770
f 2642/1805/1802 2638/1765/1762 2643/1799/1796
f 2642/1805/1802 2641/1793/1790 2638/1765/1762
f 2644/1806/1803 2641/1793/1790 2642/1805/1802
f 2644/1806/1803 2694/1781/1778 2641/1793/1790
f 2644/1806/1803 2701/1800/1797 2694/1781/1778
f 1/1807/1804 2/1808/1805 3/1784/1781
f 2/1808/1805 10/1801/1798 3/1784/1781
f 10/1801/1798 36/1809/1806 30/1785/1782
f 66/1810/1807 53/1770/1767 54/1794/1791
f 83/1786/1783 107/1811/1808 85/1771/1768
f 85/1771/1768 107/1811/1808 108/1787/1784
f 1398/1812/1809 1419/1813/1810 1368/1814/1811
f 311/1790/1787 296/1804/1801 309/1791/1788
f 1403/1796/1793 1387/1815/1812 1366/1816/1813
f 285/1773/1770 273/1817/1814 267/1740/1737
f 267/1740/1737 273/1817/1814 272/1818/1815
f 272/1818/1815 450/1819/1816 449/1792/1789
f 2658/1820/1817 2643/1799/1796 2677/1821/1818
f 2645/1822/1819 2642/1805/1802 2658/1820/1817
f 2658/1820/1817 2642/1805/1802 2643/1799/1796
f 2645/1822/1819 2644/1806/1803 2642/1805/1802
f 2644/1806/1803 2656/1823/1820 2701/1800/1797
f 2656/1823/1820 2717/1824/1821 2701/1800/1797
f 4/1825/1822 2/1808/1805 1/1807/1804
f 36/1809/1806 54/1794/1791 30/1785/1782
f 66/1810/1807 84/1802/1799 53/1770/1767
f 84/1802/1799 107/1811/1808 83/1786/1783
f 433/1826/1823 339/1827/1824 378/1828/1825
f 378/1828/1825 308/1829/1826 377/1789/1786
f 308/1829/1826 307/1803/1800 377/1789/1786
f 307/1803/1800 296/1804/1801 311/1790/1787
f 1387/1815/1812 1364/1830/1827 1366/1816/1813
f 273/1817/1814 450/1819/1816 272/1818/1815
f 450/1819/1816 533/1831/1828 449/1792/1789
f 2646/1832/1829 2644/1806/1803 2645/1822/1819
f 2656/1823/1820 2644/1806/1803 2647/1833/1830
f 5/1834/1831 2/1808/1805 4/1825/1822
f 5/1834/1831 17/1835/1832 2/1808/1805
f 17/1835/1832 10/1801/1798 2/1808/1805
f 17/1835/1832 36/1809/1806 10/1801/1798
f 36/1809/1806 65/1836/1833 54/1794/1791
f 65/1836/1833 66/1810/1807 54/1794/1791
f 441/1837/1834 340/1838/1835 433/1826/1823
f 433/1826/1823 340/1838/1835 339/1827/1824
f 339/1827/1824 308/1829/1826 378/1828/1825
f 307/1803/1800 297/1839/1836 296/1804/1801
f 285/1773/1770 296/1804/1801 295/1840/1837
f 285/1773/1770 295/1840/1837 273/1817/1814
f 2646/1832/1829 2647/1833/1830 2644/1806/1803
f 2657/1841/1838 2656/1823/1820 2647/1833/1830
f 2657/1841/1838 2717/1824/1821 2656/1823/1820
f 17/1835/1832 43/1842/1839 36/1809/1806
f 65/1836/1833 80/1843/1840 66/1810/1807
f 66/1810/1807 96/1844/1841 84/1802/1799
f 96/1844/1841 107/1811/1808 84/1802/1799
f 339/1827/1824 303/1845/1842 308/1829/1826
f 308/1829/1826 300/1846/1843 307/1803/1800
f 307/1803/1800 300/1846/1843 297/1839/1836
f 450/1819/1816 534/1847/1844 533/1831/1828
f 2657/1841/1838 2729/1848/1845 2717/1824/1821
f 7/1849/1846 6/1850/1847 4/1825/1822
f 6/1850/1847 5/1834/1831 4/1825/1822
f 28/1851/1848 17/1835/1832 6/1850/1847
f 6/1850/1847 17/1835/1832 5/1834/1831
f 28/1851/1848 43/1842/1839 17/1835/1832
f 43/1842/1839 65/1836/1833 36/1809/1806
f 80/1843/1840 96/1844/1841 66/1810/1807
f 1388/1852/1849 1372/1853/1850 1387/1815/1812
f 1387/1815/1812 1372/1853/1850 1362/1854/1851
f 296/1804/1801 297/1839/1836 295/1840/1837
f 273/1817/1814 295/1840/1837 467/1855/1852
f 273/1817/1814 467/1855/1852 450/1819/1816
f 450/1819/1816 467/1855/1852 534/1847/1844
f 2667/1856/1853 2675/1857/1854 2721/1858/1855
f 2648/1859/1856 2649/1860/1857 2647/1833/1830
f 2648/1859/1856 2647/1833/1830 2646/1832/1829
f 2693/1861/1858 2657/1841/1838 2649/1860/1857
f 2693/1861/1858 2729/1848/1845 2657/1841/1838
f 43/1842/1839 73/1862/1859 65/1836/1833
f 73/1862/1859 80/1843/1840 65/1836/1833
f 80/1843/1840 111/1863/1860 96/1844/1841
f 468/1864/1861 366/1865/1862 441/1837/1834
f 441/1837/1834 366/1865/1862 365/1866/1863
f 441/1837/1834 365/1866/1863 340/1838/1835
f 340/1838/1835 332/1867/1864 339/1827/1824
f 339/1827/1824 332/1867/1864 303/1845/1842
f 303/1845/1842 300/1846/1843 308/1829/1826
f 2655/1868/1865 2646/1832/1829 2667/1856/1853
f 2671/1869/1866 2667/1856/1853 2708/1870/1867
f 2655/1868/1865 2648/1859/1856 2646/1832/1829
f 8/1871/1868 6/1850/1847 7/1849/1846
f 8/1871/1868 28/1851/1848 6/1850/1847
f 28/1851/1848 50/1872/1869 43/1842/1839
f 442/1873/1870 366/1865/1862 468/1864/1861
f 300/1846/1843 299/1874/1871 297/1839/1836
f 297/1839/1836 298/1875/1872 295/1840/1837
f 298/1875/1872 446/1876/1873 295/1840/1837
f 295/1840/1837 446/1876/1873 467/1855/1852
f 2651/1877/1874 2648/1859/1856 2655/1868/1865
f 2650/1878/1875 2649/1860/1857 2648/1859/1856
f 2695/1879/1876 2729/1848/1845 2693/1861/1858
f 2695/1879/1876 2733/1880/1877 2729/1848/1845
f 9/1881/1878 8/1871/1868 7/1849/1846
f 35/1882/1879 28/1851/1848 8/1871/1868
f 35/1882/1879 51/1883/1880 50/1872/1869
f 35/1882/1879 50/1872/1869 28/1851/1848
f 50/1872/1869 82/1884/1881 73/1862/1859
f 50/1872/1869 73/1862/1859 43/1842/1839
f 73/1862/1859 94/1885/1882 80/1843/1840
f 80/1843/1840 94/1885/1882 112/1886/1883
f 80/1843/1840 112/1886/1883 111/1863/1860
f 365/1866/1863 333/1887/1884 340/1838/1835
f 340/1838/1835 333/1887/1884 332/1867/1864
f 332/1867/1864 301/1888/1885 303/1845/1842
f 303/1845/1842 299/1874/1871 300/1846/1843
f 299/1874/1871 298/1875/1872 297/1839/1836
f 2651/1877/1874 2650/1878/1875 2648/1859/1856
f 2650/1878/1875 2695/1879/1876 2693/1861/1858
f 9/1881/1878 16/1889/1886 8/1871/1868
f 16/1889/1886 35/1882/1879 8/1871/1868
f 51/1883/1880 69/1890/1887 50/1872/1869
f 82/1884/1881 94/1885/1882 73/1862/1859
f 442/1873/1870 386/1891/1888 366/1865/1862
f 366/1865/1862 333/1887/1884 365/1866/1863
f 333/1887/1884 301/1888/1885 332/1867/1864
f 301/1888/1885 302/1892/1889 303/1845/1842
f 303/1845/1842 302/1892/1889 299/1874/1871
f 1154/1893/1890 1096/1894/1891 1097/1895/1892
f 2652/1896/1893 2650/1878/1875 2651/1877/1874
f 2653/1897/1894 2654/1898/1895 2650/1878/1875
f 2654/1898/1895 2695/1879/1876 2650/1878/1875
f 2654/1898/1895 2696/1899/1896 2695/1879/1876
f 33/1900/1897 18/1901/1898 40/1902/1899
f 18/1901/1898 9/1881/1878 40/1902/1899
f 2696/1899/1896 2733/1880/1877 2695/1879/1876
f 18/1901/1898 16/1889/1886 9/1881/1878
f 16/1889/1886 49/1903/1900 48/1904/1901
f 48/1904/1901 35/1882/1879 16/1889/1886
f 48/1904/1901 51/1883/1880 35/1882/1879
f 69/1890/1887 82/1884/1881 50/1872/1869
f 386/1891/1888 353/1905/1902 366/1865/1862
f 353/1905/1902 333/1887/1884 366/1865/1862
f 333/1887/1884 305/1906/1903 301/1888/1885
f 299/1874/1871 444/1907/1904 298/1875/1872
f 1392/1908/1905 1379/1909/1906 1416/1910/1907
f 1416/1910/1907 1379/1909/1906 1415/1911/1908
f 1415/1911/1908 1379/1909/1906 1388/1852/1849
f 2652/1896/1893 2651/1877/1874 2655/1868/1865
f 2680/1912/1909 2690/1913/1910 2669/1914/1911
f 2669/1914/1911 2654/1898/1895 2653/1897/1894
f 2690/1913/1910 2654/1898/1895 2669/1914/1911
f 2699/1915/1912 2723/1916/1913 2690/1913/1910
f 2690/1913/1910 2696/1899/1896 2654/1898/1895
f 2690/1913/1910 2723/1916/1913 2696/1899/1896
f 31/1917/1914 16/1889/1886 18/1901/1898
f 31/1917/1914 49/1903/1900 16/1889/1886
f 48/1904/1901 75/1918/1915 51/1883/1880
f 103/1919/1916 110/1920/1917 82/1884/1881
f 82/1884/1881 110/1920/1917 94/1885/1882
f 94/1885/1882 110/1920/1917 113/1921/1918
f 94/1885/1882 113/1921/1918 112/1886/1883
f 354/1922/1919 353/1905/1902 386/1891/1888
f 353/1905/1902 313/1923/1920 333/1887/1884
f 333/1887/1884 313/1923/1920 305/1906/1903
f 301/1888/1885 304/1924/1921 302/1892/1889
f 299/1874/1871 387/1925/1922 444/1907/1904
f 298/1875/1872 444/1907/1904 446/1876/1873
f 446/1876/1873 444/1907/1904 527/1926/1923
f 2681/1927/1924 2690/1913/1910 2680/1912/1909
f 2681/1927/1924 2699/1915/1912 2690/1913/1910
f 2700/1928/1925 2699/1915/1912 2681/1927/1924
f 2700/1928/1925 2723/1916/1913 2699/1915/1912
f 2700/1928/1925 2734/1929/1926 2723/1916/1913
f 34/1930/1927 32/1931/1928 33/1900/1897
f 33/1900/1897 32/1931/1928 18/1901/1898
f 32/1931/1928 31/1917/1914 18/1901/1898
f 49/1903/1900 77/1932/1929 48/1904/1901
f 48/1904/1901 77/1932/1929 75/1918/1915
f 75/1918/1915 69/1890/1887 51/1883/1880
f 75/1918/1915 105/1933/1930 69/1890/1887
f 69/1890/1887 103/1919/1916 82/1884/1881
f 304/1924/1921 387/1925/1922 302/1892/1889
f 302/1892/1889 387/1925/1922 299/1874/1871
f 2678/1934/1931 2681/1927/1924 2680/1912/1909
f 2678/1934/1931 2680/1912/1909 2669/1914/1911
f 2668/1935/1932 2653/1897/1894 2662/1936/1933
f 2686/1937/1934 2692/1938/1935 2681/1927/1924
f 2692/1938/1935 2700/1928/1925 2681/1927/1924
f 2700/1928/1925 2692/1938/1935 2714/1939/1936
f 2714/1939/1936 2734/1929/1926 2700/1928/1925
f 32/1931/1928 38/1940/1937 31/1917/1914
f 38/1940/1937 55/1941/1938 31/1917/1914
f 31/1917/1914 55/1941/1938 49/1903/1900
f 105/1933/1930 103/1919/1916 69/1890/1887
f 413/1942/1939 334/1943/1940 398/1944/1941
f 398/1944/1941 335/1945/1942 354/1922/1919
f 354/1922/1919 316/1946/1943 353/1905/1902
f 1328/1947/1944 1321/1948/1945 1342/1949/1946
f 1328/1947/1944 1342/1949/1946 1343/1950/1947
f 314/1951/1948 313/1923/1920 353/1905/1902
f 301/1888/1885 305/1906/1903 304/1924/1921
f 1392/1908/1905 1329/1952/1949 1379/1909/1906
f 1379/1909/1906 1329/1952/1949 1328/1947/1944
f 2678/1934/1931 2669/1914/1911 2668/1935/1932
f 2686/1937/1934 2681/1927/1924 2682/1953/1950
f 2682/1953/1950 2681/1927/1924 2678/1934/1931
f 34/1930/1927 37/1954/1951 32/1931/1928
f 37/1954/1951 38/1940/1937 32/1931/1928
f 38/1940/1937 78/1955/1952 55/1941/1938
f 55/1941/1938 77/1932/1929 49/1903/1900
f 398/1944/1941 334/1943/1940 335/1945/1942
f 316/1946/1943 314/1951/1948 353/1905/1902
f 304/1924/1921 460/1956/1953 387/1925/1922
f 460/1956/1953 539/1957/1954 444/1907/1904
f 387/1925/1922 460/1956/1953 444/1907/1904
f 444/1907/1904 539/1957/1954 527/1926/1923
f 2678/1934/1931 2668/1935/1932 2679/1958/1955
f 2679/1958/1955 2668/1935/1932 2672/1959/1956
f 2672/1959/1956 2662/1936/1933 2676/1960/1957
f 2697/1961/1958 2714/1939/1936 2692/1938/1935
f 2697/1961/1958 2731/1962/1959 2714/1939/1936
f 2731/1962/1959 2747/1963/1960 2734/1929/1926
f 2731/1962/1959 2734/1929/1926 2714/1939/1936
f 59/1964/1961 37/1954/1951 34/1930/1927
f 37/1954/1951 56/1965/1962 38/1940/1937
f 38/1940/1937 56/1965/1962 78/1955/1952
f 78/1955/1952 77/1932/1929 55/1941/1938
f 77/1932/1929 104/1966/1963 75/1918/1915
f 75/1918/1915 104/1966/1963 105/1933/1930
f 431/1967/1964 344/1968/1965 413/1942/1939
f 335/1945/1942 316/1946/1943 354/1922/1919
f 1329/1952/1949 1319/1969/1966 1328/1947/1944
f 314/1951/1948 312/1970/1967 313/1923/1920
f 313/1923/1920 312/1970/1967 305/1906/1903
f 305/1906/1903 312/1970/1967 310/1971/1968
f 1393/1972/1969 1331/1973/1970 1392/1908/1905
f 305/1906/1903 310/1971/1968 304/1924/1921
f 304/1924/1921 459/1974/1971 460/1956/1953
f 2683/1975/1972 2682/1953/1950 2678/1934/1931
f 2688/1976/1973 2686/1937/1934 2682/1953/1950
f 2689/1977/1974 2678/1934/1931 2679/1958/1955
f 2688/1976/1973 2697/1961/1958 2692/1938/1935
f 2688/1976/1973 2692/1938/1935 2686/1937/1934
f 67/1978/1975 37/1954/1951 59/1964/1961
f 67/1978/1975 56/1965/1962 37/1954/1951
f 67/1978/1975 86/1979/1976 56/1965/1962
f 56/1965/1962 87/1980/1977 78/1955/1952
f 78/1955/1952 104/1966/1963 77/1932/1929
f 397/1981/1978 344/1968/1965 431/1967/1964
f 344/1968/1965 334/1943/1940 413/1942/1939
f 335/1945/1942 334/1943/1940 316/1946/1943
f 316/1946/1943 315/1982/1979 314/1951/1948
f 314/1951/1948 315/1982/1979 312/1970/1967
f 1412/1983/1980 1374/1984/1981 1393/1972/1969
f 1393/1972/1969 1374/1984/1981 1331/1973/1970
f 2683/1975/1972 2678/1934/1931 2689/1977/1974
f 2689/1977/1974 2679/1958/1955 2707/1985/1982
f 2685/1986/1983 2688/1976/1973 2682/1953/1950
f 2679/1958/1955 2672/1959/1956 2707/1985/1982
f 2712/1987/1984 2697/1961/1958 2688/1976/1973
f 2712/1987/1984 2731/1962/1959 2697/1961/1958
f 125/1988/1985 120/1989/1986 59/1964/1961
f 120/1989/1986 67/1978/1975 59/1964/1961
f 120/1989/1986 86/1979/1976 67/1978/1975
f 78/1955/1952 87/1980/1977 116/1990/1987
f 78/1955/1952 116/1990/1987 104/1966/1963
f 397/1981/1978 345/1991/1988 344/1968/1965
f 334/1943/1940 319/1992/1989 316/1946/1943
f 1374/1984/1981 1354/1993/1990 1331/1973/1970
f 459/1974/1971 525/1994/1991 460/1956/1953
f 1412/1983/1980 1405/1995/1992 1374/1984/1981
f 2685/1986/1983 2682/1953/1950 2684/1996/1993
f 2684/1996/1993 2682/1953/1950 2683/1975/1972
f 2698/1997/1994 2689/1977/1974 2707/1985/1982
f 2685/1986/1983 2704/1998/1995 2688/1976/1973
f 2744/1999/1996 2745/2000/1997 2731/1962/1959
f 2744/1999/1996 2731/1962/1959 2712/1987/1984
f 128/2001/1998 120/1989/1986 125/1988/1985
f 86/1979/1976 106/2002/1999 56/1965/1962
f 56/1965/1962 106/2002/1999 87/1980/1977
f 416/2003/2000 341/2004/2001 397/1981/1978
f 344/1968/1965 345/1991/1988 321/2005/2002
f 344/1968/1965 321/2005/2002 334/1943/1940
f 318/2006/2003 317/2007/2004 316/1946/1943
f 316/1946/1943 317/2007/2004 315/1982/1979
f 2683/1975/1972 2689/1977/1974 2698/1997/1994
f 2698/1997/1994 2707/1985/1982 2737/2008/2005
f 2707/1985/1982 2709/2009/2006 2737/2008/2005
f 2704/1998/1995 2736/2010/2007 2712/1987/1984
f 2712/1987/1984 2736/2010/2007 2744/1999/1996
f 120/1989/1986 124/2011/2008 86/1979/1976
f 86/1979/1976 121/2012/2009 106/2002/1999
f 477/2013/2010 374/2014/2011 416/2003/2000
f 374/2014/2011 341/2004/2001 416/2003/2000
f 341/2004/2001 345/1991/1988 397/1981/1978
f 334/1943/1940 321/2005/2002 319/1992/1989
f 319/1992/1989 320/2015/2012 318/2006/2003
f 319/1992/1989 318/2006/2003 316/1946/1943
f 1357/2016/2013 1323/2017/2014 1354/1993/1990
f 1354/1993/1990 1323/2017/2014 1318/2018/2015
f 1405/1995/1992 1375/2019/2016 1374/1984/1981
f 312/1970/1967 473/2020/2017 310/1971/1968
f 310/1971/1968 473/2020/2017 459/1974/1971
f 2711/2021/2018 2685/1986/1983 2684/1996/1993
f 2711/2021/2018 2704/1998/1995 2685/1986/1983
f 2736/2010/2007 2704/1998/1995 2711/2021/2018
f 2744/1999/1996 2751/2022/2019 2752/2023/2020
f 2744/1999/1996 2752/2023/2020 2745/2000/1997
f 128/2001/1998 130/2024/2021 120/1989/1986
f 130/2024/2021 124/2011/2008 120/1989/1986
f 124/2011/2008 121/2012/2009 86/1979/1976
f 106/2002/1999 122/2025/2022 87/1980/1977
f 477/2013/2010 445/2026/2023 374/2014/2011
f 341/2004/2001 323/2027/2024 345/1991/1988
f 323/2027/2024 321/2005/2002 345/1991/1988
f 1394/2028/2025 1375/2019/2016 1405/1995/1992
f 315/1982/1979 461/2029/2026 312/1970/1967
f 2691/2030/2027 2684/1996/1993 2687/2031/2028
f 2684/1996/1993 2683/1975/1972 2687/2031/2028
f 2687/2031/2028 2683/1975/1972 2698/1997/1994
f 2698/1997/1994 2737/2008/2005 2738/2032/2029
f 2736/2010/2007 2750/2033/2030 2744/1999/1996
f 2744/1999/1996 2750/2033/2030 2751/2022/2019
f 121/2012/2009 129/2034/2031 106/2002/1999
f 540/2035/2032 475/2036/2033 445/2026/2023
f 321/2005/2002 320/2015/2012 319/1992/1989
f 1394/2028/2025 1359/2037/2034 1375/2019/2016
f 1375/2019/2016 1359/2037/2034 1357/2016/2013
f 2687/2031/2028 2724/2038/2035 2722/2039/2036
f 2716/2040/2037 2684/1996/1993 2691/2030/2027
f 445/2026/2023 388/2041/2038 374/2014/2011
f 374/2014/2011 337/2042/2039 341/2004/2001
f 341/2004/2001 324/2043/2040 323/2027/2024
f 323/2027/2024 322/2044/2041 321/2005/2002
f 320/2015/2012 352/2045/2042 318/2006/2003
f 317/2007/2004 469/2046/2043 461/2029/2026
f 1394/2028/2025 1390/2047/2044 1359/2037/2034
f 2595/2048/2045 2582/2049/2046 2597/2050/2047
f 2751/2022/2019 2754/2051/2048 2752/2023/2020
f 130/2024/2021 133/2052/2049 124/2011/2008
f 133/2052/2049 132/2053/2050 124/2011/2008
f 132/2053/2050 131/2054/2051 124/2011/2008
f 124/2011/2008 131/2054/2051 121/2012/2009
f 557/2055/2052 510/2056/2053 475/2036/2033
f 475/2036/2033 388/2041/2038 445/2026/2023
f 341/2004/2001 337/2042/2039 324/2043/2040
f 324/2043/2040 322/2044/2041 323/2027/2024
f 322/2044/2041 320/2015/2012 321/2005/2002
f 351/2057/2054 352/2045/2042 320/2015/2012
f 352/2045/2042 436/2058/2055 317/2007/2004
f 318/2006/2003 352/2045/2042 317/2007/2004
f 317/2007/2004 436/2058/2055 469/2046/2043
f 1410/2059/2056 1390/2047/2044 1413/2060/2057
f 1413/2060/2057 1390/2047/2044 1394/2028/2025
f 2594/2061/2058 2580/2062/2059 2595/2048/2045
f 2595/2048/2045 2580/2062/2059 2582/2049/2046
f 2597/2050/2047 2582/2049/2046 2596/2063/2060
f 374/2014/2011 388/2041/2038 337/2042/2039
f 436/2058/2055 499/2064/2061 469/2046/2043
f 1409/2065/2062 1390/2047/2044 1410/2059/2056
f 578/2066/2063 510/2056/2053 557/2055/2052
f 510/2056/2053 509/2067/2064 475/2036/2033
f 475/2036/2033 427/2068/2065 388/2041/2038
f 388/2041/2038 379/2069/2066 337/2042/2039
f 322/2044/2041 331/2070/2067 320/2015/2012
f 331/2070/2067 351/2057/2054 320/2015/2012
f 351/2057/2054 436/2058/2055 352/2045/2042
f 2579/2071/2068 2570/2072/2069 2571/2073/2070
f 2580/2062/2059 2572/2074/2071 2582/2049/2046
f 2582/2049/2046 2572/2074/2071 2576/2075/2072
f 2596/2063/2060 2585/2076/2073 2599/2077/2074
f 578/2066/2063 609/2078/2075 565/2079/2076
f 578/2066/2063 565/2079/2076 510/2056/2053
f 509/2067/2064 427/2068/2065 475/2036/2033
f 388/2041/2038 427/2068/2065 379/2069/2066
f 379/2069/2066 338/2080/2077 337/2042/2039
f 338/2080/2077 325/2081/2078 337/2042/2039
f 324/2043/2040 325/2081/2078 322/2044/2041
f 322/2044/2041 325/2081/2078 330/2082/2079
f 330/2082/2079 331/2070/2067 322/2044/2041
f 1386/2083/2080 1330/2084/2081 1361/2085/2082
f 1361/2085/2082 1326/2086/2083 1325/2087/2084
f 2571/2073/2070 2572/2074/2071 2580/2062/2059
f 2582/2049/2046 2576/2075/2072 2585/2076/2073
f 2582/2049/2046 2585/2076/2073 2596/2063/2060
f 2599/2077/2074 2585/2076/2073 2598/2088/2085
f 609/2078/2075 606/2089/2086 565/2079/2076
f 565/2079/2076 509/2067/2064 510/2056/2053
f 435/2090/2087 436/2058/2055 351/2057/2054
f 331/2070/2067 435/2090/2087 351/2057/2054
f 436/2058/2055 500/2091/2088 499/2064/2061
f 1407/2092/2089 1386/2083/2080 1409/2065/2062
f 2570/2072/2069 2567/2093/2090 2571/2073/2070
f 606/2089/2086 554/2094/2091 565/2079/2076
f 565/2079/2076 554/2094/2091 509/2067/2064
f 509/2067/2064 451/2095/2092 427/2068/2065
f 427/2068/2065 451/2095/2092 389/2096/2093
f 427/2068/2065 389/2096/2093 379/2069/2066
f 338/2080/2077 357/2097/2094 325/2081/2078
f 325/2081/2078 372/2098/2095 330/2082/2079
f 331/2070/2067 434/2099/2096 435/2090/2087
f 435/2090/2087 500/2091/2088 436/2058/2055
f 1386/2083/2080 1360/2100/2097 1330/2084/2081
f 2569/2101/2098 2566/2102/2099 2570/2072/2069
f 2571/2073/2070 2562/2103/2100 2572/2074/2071
f 2572/2074/2071 2547/2104/2101 2576/2075/2072
f 2576/2075/2072 2549/2105/2102 2585/2076/2073
f 2585/2076/2073 2549/2105/2102 2598/2088/2085
f 554/2094/2091 517/2106/2103 509/2067/2064
f 509/2067/2064 517/2106/2103 451/2095/2092
f 379/2069/2066 389/2096/2093 338/2080/2077
f 389/2096/2093 357/2097/2094 338/2080/2077
f 357/2097/2094 372/2098/2095 325/2081/2078
f 372/2098/2095 434/2099/2096 331/2070/2067
f 330/2082/2079 372/2098/2095 331/2070/2067
f 1414/2107/2104 1376/2108/2105 1407/2092/2089
f 1407/2092/2089 1376/2108/2105 1386/2083/2080
f 1386/2083/2080 1376/2108/2105 1360/2100/2097
f 2562/2103/2100 2547/2104/2101 2572/2074/2071
f 2576/2075/2072 2547/2104/2101 2549/2105/2102
f 2549/2105/2102 2553/2109/2106 2598/2088/2085
f 606/2089/2086 610/2110/2107 554/2094/2091
f 526/2111/2108 435/2090/2087 434/2099/2096
f 554/2094/2091 564/2112/2109 517/2106/2103
f 451/2095/2092 419/2113/2110 389/2096/2093
f 419/2113/2110 418/2114/2111 389/2096/2093
f 389/2096/2093 418/2114/2111 357/2097/2094
f 1376/2108/2105 1337/2115/2112 1348/2116/2113
f 1376/2108/2105 1348/2116/2113 1360/2100/2097
f 1404/2117/2114 1376/2108/2105 1414/2107/2104
f 2565/2118/2115 2561/2119/2116 2566/2102/2099
f 2566/2102/2099 2561/2119/2116 2567/2093/2090
f 2561/2119/2116 2559/2120/2117 2567/2093/2090
f 2562/2103/2100 2548/2121/2118 2547/2104/2101
f 2547/2104/2101 2548/2121/2118 2549/2105/2102
f 554/2094/2091 610/2110/2107 564/2112/2109
f 564/2112/2109 504/2122/2119 517/2106/2103
f 517/2106/2103 504/2122/2119 451/2095/2092
f 418/2114/2111 400/2123/2120 357/2097/2094
f 357/2097/2094 400/2123/2120 372/2098/2095
f 489/2124/2121 434/2099/2096 372/2098/2095
f 1348/2116/2113 1337/2115/2112 1335/2125/2122
f 2548/2121/2118 2550/2126/2123 2549/2105/2102
f 2549/2105/2102 2550/2126/2123 2553/2109/2106
f 451/2095/2092 504/2122/2119 419/2113/2110
f 1335/2125/2122 1336/2127/2124 1334/2128/2125
f 400/2123/2120 489/2124/2121 372/2098/2095
f 489/2124/2121 526/2111/2108 434/2099/2096
f 2548/2121/2118 2551/2129/2126 2550/2126/2123
f 564/2112/2109 610/2110/2107 591/2130/2127
f 564/2112/2109 591/2130/2127 504/2122/2119
f 504/2122/2119 493/2131/2128 419/2113/2110
f 493/2131/2128 418/2114/2111 419/2113/2110
f 418/2114/2111 494/2132/2129 400/2123/2120
f 1404/2117/2114 1380/2133/2130 1377/2134/2131
f 2550/2126/2123 2554/2135/2132 2553/2109/2106
f 610/2110/2107 619/2136/2133 591/2130/2127
f 2560/2137/2134 2557/2138/2135 2559/2120/2117
f 2559/2120/2117 2557/2138/2135 2551/2129/2126
f 2551/2129/2126 2552/2139/2136 2550/2126/2123
f 2550/2126/2123 2552/2139/2136 2554/2135/2132
f 504/2122/2119 547/2140/2137 493/2131/2128
f 493/2131/2128 532/2141/2138 418/2114/2111
f 532/2141/2138 494/2132/2129 418/2114/2111
f 1411/2142/2139 1391/2143/2140 1406/2144/2141
f 2551/2129/2126 2557/2138/2135 2552/2139/2136
f 619/2136/2133 590/2145/2142 591/2130/2127
f 547/2140/2137 532/2141/2138 493/2131/2128
f 1568/2146/2143 1518/2147/2144 1566/2148/2145
f 590/2145/2142 605/2149/2146 547/2140/2137
f 1408/2150/2147 1373/2151/2148 1411/2142/2139
f 1518/2147/2144 1447/2152/2149 1566/2148/2145
f 1447/2152/2149 1395/2153/2150 1408/2150/2147
f 547/2140/2137 605/2149/2146 532/2141/2138
f 1355/2154/2151 1349/2155/2152 1356/2156/2153
f 730/4/4 722/3/3 736/7/7
f 777/11/11 730/4/4 736/7/7
f 780/8/8 730/4/4 783/12/12
f 2343/68/68 2340/37/37 2345/39/39
f 2532/44/44 2545/45/45 2531/85/85
f 2287/55/55 2306/31/31 2291/58/58
f 2291/58/58 2304/33/33 2299/35/35
f 2541/80/80 2542/42/42 2526/2157/2154
f 2526/2157/2154 2542/42/42 2532/44/44
f 2264/77/77 2291/58/58 2299/35/35
f 2299/35/35 2340/37/37 2331/69/69
f 2535/81/81 2541/80/80 2526/2157/2154
f 2259/76/76 2287/55/55 2291/58/58
f 2264/77/77 2299/35/35 2277/2158/2155
f 2277/2158/2155 2299/35/35 2331/69/69
f 2544/101/101 2543/79/79 2535/81/81
f 2521/2159/2156 2526/2157/2154 2532/44/44
f 2521/2159/2156 2532/44/44 2531/85/85
f 3032/89/89 3037/61/61 3023/50/50
f 2257/2160/2157 2287/55/55 2259/76/76
f 2302/2161/2158 2277/2158/2155 2331/69/69
f 2302/2161/2158 2331/69/69 2174/2162/2159
f 2544/101/101 2535/81/81 2534/102/102
f 2523/2163/2160 2535/81/81 2526/2157/2154
f 2522/87/87 2521/2159/2156 2531/85/85
f 2288/93/93 2287/55/55 2257/2160/2157
f 2259/76/76 2264/77/77 2246/2164/2161
f 2264/77/77 2277/2158/2155 2247/2165/2162
f 2534/102/102 2535/81/81 2523/2163/2160
f 2523/2163/2160 2526/2157/2154 2503/2166/2163
f 2503/2166/2163 2526/2157/2154 2521/2159/2156
f 2257/2160/2157 2259/76/76 2246/2164/2161
f 2246/2164/2161 2264/77/77 2247/2165/2162
f 2521/2159/2156 2522/87/87 2507/2167/2164
f 2507/2167/2164 2522/87/87 2530/86/86
f 2507/2167/2164 2530/86/86 2527/2168/2165
f 2845/111/111 3032/89/89 3025/88/88
f 2321/100/100 2305/66/66 2288/93/93
f 2170/2169/2166 2247/2165/2162 2277/2158/2155
f 2170/2169/2166 2277/2158/2155 2302/2161/2158
f 2170/2169/2166 2302/2161/2158 2169/2170/2167
f 2169/2170/2167 2302/2161/2158 2174/2162/2159
f 2540/103/103 2534/102/102 2533/2171/2168
f 2533/2171/2168 2534/102/102 2520/2172/2169
f 2520/2172/2169 2534/102/102 2523/2163/2160
f 2520/2172/2169 2523/2163/2160 2503/2166/2163
f 2503/2166/2163 2521/2159/2156 2504/2173/2170
f 2504/2173/2170 2521/2159/2156 2507/2167/2164
f 2207/141/141 2257/2160/2157 2246/2164/2161
f 2207/141/141 2246/2164/2161 2229/2174/2171
f 2229/2174/2171 2246/2164/2161 2247/2165/2162
f 2169/2170/2167 2174/2162/2159 2173/2175/2172
f 2206/140/140 2257/2160/2157 2207/141/141
f 2297/121/121 2288/93/93 2270/2176/2173
f 2270/2176/2173 2288/93/93 2257/2160/2157
f 2297/121/121 2333/144/144 2321/100/100
f 709/122/122 710/108/108 739/116/116
f 2529/2177/2174 2533/2171/2168 2520/2172/2169
f 2517/2178/2175 2520/2172/2169 2512/2179/2176
f 2512/2179/2176 2520/2172/2169 2503/2166/2163
f 2504/2173/2170 2507/2167/2164 2506/2180/2177
f 2524/2181/2178 2507/2167/2164 2527/2168/2165
f 2270/2176/2173 2257/2160/2157 2206/140/140
f 2162/2182/2179 2229/2174/2171 2247/2165/2162
f 2162/2182/2179 2247/2165/2162 2170/2169/2166
f 2163/2183/2180 2170/2169/2166 2169/2170/2167
f 2163/2183/2180 2169/2170/2167 2166/2184/2181
f 2169/2170/2167 2173/2175/2172 2166/2184/2181
f 2539/2185/2182 2533/2171/2168 2529/2177/2174
f 2529/2177/2174 2520/2172/2169 2517/2178/2175
f 2512/2179/2176 2503/2166/2163 2502/2186/2183
f 2502/2186/2183 2503/2166/2163 2504/2173/2170
f 2502/2186/2183 2504/2173/2170 2505/2187/2184
f 2505/2187/2184 2504/2173/2170 2506/2180/2177
f 2506/2180/2177 2507/2167/2164 2524/2181/2178
f 2258/167/167 2270/2176/2173 2206/140/140
f 2228/2188/2185 2207/141/141 2229/2174/2171
f 2228/2188/2185 2229/2174/2171 2162/2182/2179
f 2162/2182/2179 2170/2169/2166 2163/2183/2180
f 2213/2189/2186 2205/139/139 2207/141/141
f 2213/2189/2186 2207/141/141 2228/2188/2185
f 2258/167/167 2292/142/142 2270/2176/2173
f 2292/142/142 2297/121/121 2270/2176/2173
f 2505/2187/2184 2506/2180/2177 2508/2190/2187
f 2506/2180/2177 2524/2181/2178 2508/2190/2187
f 2844/135/135 2842/127/127 2829/164/164
f 2228/2188/2185 2162/2182/2179 2159/2191/2188
f 2280/166/166 2323/151/151 2292/142/142
f 2163/2183/2180 2166/2184/2181 2165/2192/2189
f 2160/2193/2190 2163/2183/2180 2165/2192/2189
f 2539/2185/2182 2529/2177/2174 2536/2194/2191
f 2519/2195/2192 2529/2177/2174 2517/2178/2175
f 2517/2178/2175 2512/2179/2176 2511/2196/2193
f 2511/2196/2193 2512/2179/2176 2502/2186/2183
f 2843/186/186 2844/135/135 2829/164/164
f 2204/2197/2194 2258/167/167 2206/140/140
f 2204/2197/2194 2206/140/140 2205/139/139
f 2159/2191/2188 2162/2182/2179 2157/2198/2195
f 2157/2198/2195 2162/2182/2179 2160/2193/2190
f 2160/2193/2190 2162/2182/2179 2163/2183/2180
f 2314/2199/2196 2323/151/151 2280/166/166
f 2165/2192/2189 2166/2184/2181 2172/2200/2197
f 2536/2194/2191 2529/2177/2174 2519/2195/2192
f 2502/2186/2183 2505/2187/2184 2510/2201/2198
f 2510/2201/2198 2505/2187/2184 2509/2202/2199
f 2509/2202/2199 2505/2187/2184 2508/2190/2187
f 2525/181/181 2508/2190/2187 2524/2181/2178
f 2211/2203/2200 2205/139/139 2213/2189/2186
f 2254/2204/2201 2258/167/167 2204/2197/2194
f 2159/2191/2188 2213/2189/2186 2228/2188/2185
f 2280/166/166 2258/167/167 2254/2204/2201
f 705/171/171 708/145/145 748/159/159
f 2538/2205/2202 2536/2194/2191 2519/2195/2192
f 2511/2196/2193 2519/2195/2192 2517/2178/2175
f 2511/2196/2193 2502/2186/2183 2510/2201/2198
f 2509/2202/2199 2508/2190/2187 2514/183/183
f 2203/2206/2203 2204/2197/2194 2205/139/139
f 2203/2206/2203 2205/139/139 2211/2203/2200
f 2211/2203/2200 2213/2189/2186 2227/2207/2204
f 2227/2207/2204 2213/2189/2186 2159/2191/2188
f 2254/2204/2201 2204/2197/2194 2197/2208/2205
f 2249/2209/2206 2281/2210/2207 2254/2204/2201
f 2281/2210/2207 2280/166/166 2254/2204/2201
f 2137/2211/2208 2157/2198/2195 2160/2193/2190
f 2281/2210/2207 2314/2199/2196 2280/166/166
f 2140/2212/2209 2160/2193/2190 2161/2213/2210
f 2161/2213/2210 2160/2193/2190 2165/2192/2189
f 2508/2190/2187 2525/181/181 2514/183/183
f 2812/184/184 2843/186/186 2829/164/164
f 2813/156/156 2814/158/158 2809/178/178
f 2197/2208/2205 2204/2197/2194 2203/2206/2203
f 2159/2191/2188 2157/2198/2195 2136/2214/2211
f 2136/2214/2211 2157/2198/2195 2137/2211/2208
f 2137/2211/2208 2160/2193/2190 2140/2212/2209
f 2282/198/198 2315/197/197 2281/2210/2207
f 2315/197/197 2314/2199/2196 2281/2210/2207
f 2161/2213/2210 2165/2192/2189 2171/2215/2212
f 2538/2205/2202 2519/2195/2192 2537/2216/2213
f 2518/2217/2214 2519/2195/2192 2511/2196/2193
f 2518/2217/2214 2511/2196/2193 2516/2218/2215
f 2509/2202/2199 2514/183/183 2513/2219/2216
f 2198/2220/2217 2203/2206/2203 2211/2203/2200
f 2227/2207/2204 2159/2191/2188 2144/2221/2218
f 2249/2209/2206 2254/2204/2201 2197/2208/2205
f 2518/2217/2214 2537/2216/2213 2519/2195/2192
f 2510/2201/2198 2516/2218/2215 2511/2196/2193
f 2516/2218/2215 2510/2201/2198 2515/2222/2219
f 2510/2201/2198 2509/2202/2199 2513/2219/2216
f 2515/2222/2219 2510/2201/2198 2513/2219/2216
f 2812/184/184 2833/210/210 2841/185/185
f 2198/2220/2217 2197/2208/2205 2203/2206/2203
f 2144/2221/2218 2159/2191/2188 2136/2214/2211
f 2281/2210/2207 2249/2209/2206 2250/2223/2220
f 2136/2214/2211 2137/2211/2208 2114/2224/2221
f 2282/198/198 2281/2210/2207 2250/2223/2220
f 2114/2224/2221 2137/2211/2208 2140/2212/2209
f 2284/246/246 2316/196/196 2282/198/198
f 2140/2212/2209 2161/2213/2210 2164/2225/2222
f 2161/2213/2210 2171/2215/2212 2164/2225/2222
f 3380/2226/2223 3381/2227/2224 3339/2228/2225
f 3372/226/226 3373/2229/2226 3374/2230/2227
f 2195/2231/2228 2197/2208/2205 2196/2232/2229
f 2196/2232/2229 2197/2208/2205 2198/2220/2217
f 2139/2233/2230 2211/2203/2200 2227/2207/2204
f 2195/2231/2228 2249/2209/2206 2197/2208/2205
f 2115/2234/2231 2144/2221/2218 2136/2214/2211
f 2115/2234/2231 2136/2214/2211 2114/2224/2221
f 2114/2224/2221 2140/2212/2209 2113/2235/2232
f 3285/2236/2233 3380/2226/2223 3339/2228/2225
f 3339/2228/2225 3381/2227/2224 3388/2237/2234
f 3409/2238/2235 3410/2239/2235 3411/2240/2235
f 3369/217/217 3377/219/219 3373/2229/2226
f 3372/226/226 3369/217/217 3373/2229/2226
f 3375/227/227 3372/226/226 3374/2230/2227
f 2194/2241/2236 2195/2231/2228 2196/2232/2229
f 2214/2242/2237 2198/2220/2217 2139/2233/2230
f 2139/2233/2230 2198/2220/2217 2211/2203/2200
f 2139/2233/2230 2227/2207/2204 2138/2243/2238
f 2138/2243/2238 2227/2207/2204 2144/2221/2218
f 2138/2243/2238 2144/2221/2218 2115/2234/2231
f 2250/2223/2220 2249/2209/2206 2195/2231/2228
f 2284/246/246 2282/198/198 2250/2223/2220
f 2317/2244/2239 2316/196/196 2284/246/246
f 2164/2225/2222 2113/2235/2232 2140/2212/2209
f 2196/2232/2229 2198/2220/2217 2214/2242/2237
f 2256/244/244 2284/246/246 2250/2223/2220
f 2285/245/245 2317/2244/2239 2284/246/246
f 3201/2245/2240 3285/2236/2233 3339/2228/2225
f 3201/2245/2240 3339/2228/2225 3198/2246/2241
f 3198/2246/2241 3339/2228/2225 3388/2237/2234
f 3366/2247/2242 3388/2237/2234 3376/2248/2243
f 3366/2247/2242 3376/2248/2243 3368/218/218
f 3367/2249/2244 3368/218/218 3369/217/217
f 3371/2250/2245 3369/217/217 3372/226/226
f 3378/225/225 3371/2250/2245 3372/226/226
f 2810/195/195 2816/230/230 2830/209/209
f 2806/216/216 2816/230/230 2808/202/202
f 2194/2241/2236 2196/2232/2229 2214/2242/2237
f 2138/2243/2238 2115/2234/2231 2105/2251/2246
f 2256/244/244 2250/2223/2220 2193/2252/2247
f 2193/2252/2247 2250/2223/2220 2195/2231/2228
f 2115/2234/2231 2114/2224/2221 2109/2253/2248
f 3284/2254/2249 3285/2236/2233 3201/2245/2240
f 3198/2246/2241 3388/2237/2234 3366/2247/2242
f 3367/2249/2244 3366/2247/2242 3368/218/218
f 3370/2255/2250 3367/2249/2244 3369/217/217
f 3370/2255/2250 3369/217/217 3371/2250/2245
f 3390/241/241 3371/2250/2245 3378/225/225
f 2800/229/229 2806/216/216 2805/211/211
f 2806/216/216 2828/243/243 2816/230/230
f 2194/2241/2236 2193/2252/2247 2195/2231/2228
f 2194/2241/2236 2214/2242/2237 2216/2256/2251
f 2126/2257/2252 2139/2233/2230 2105/2251/2246
f 2105/2251/2246 2139/2233/2230 2138/2243/2238
f 2105/2251/2246 2115/2234/2231 2109/2253/2248
f 2276/294/294 2285/245/245 2256/244/244
f 2109/2253/2248 2114/2224/2221 2113/2235/2232
f 3195/2258/2253 3284/2254/2249 3201/2245/2240
f 737/247/247 707/213/213 738/212/212
f 3196/2259/2254 3201/2245/2240 3198/2246/2241
f 3200/2260/2255 3198/2246/2241 3366/2247/2242
f 3383/2261/2256 3200/2260/2255 3367/2249/2244
f 3367/2249/2244 3200/2260/2255 3366/2247/2242
f 3390/241/241 3370/2255/2250 3371/2250/2245
f 3295/2262/2257 3390/241/241 3396/240/240
f 2828/243/243 2839/2263/2258 2816/230/230
f 2193/2252/2247 2194/2241/2236 2192/2264/2259
f 2132/2265/2260 2214/2242/2237 2126/2257/2252
f 2126/2257/2252 2214/2242/2237 2139/2233/2230
f 2276/294/294 2256/244/244 2255/295/295
f 2112/2266/2261 2109/2253/2248 2113/2235/2232
f 2318/272/272 2317/2244/2239 2295/273/273
f 2295/273/273 2317/2244/2239 2285/245/245
f 3195/2258/2253 3196/2259/2254 3194/2267/2262
f 3196/2259/2254 3195/2258/2253 3201/2245/2240
f 3197/2268/2263 3196/2259/2254 3198/2246/2241
f 3200/2260/2255 3197/2268/2263 3198/2246/2241
f 3445/2269/2264 3446/2270/2265 3447/2271/2264
f 3370/2255/2250 3383/2261/2256 3367/2249/2244
f 3445/2269/2264 3447/2271/2264 3448/2272/2266
f 3295/2262/2257 3297/2273/2267 3390/241/241
f 2192/2264/2259 2194/2241/2236 2215/2274/2268
f 2215/2274/2268 2194/2241/2236 2216/2256/2251
f 2132/2265/2260 2216/2256/2251 2214/2242/2237
f 2255/295/295 2256/244/244 2190/305/305
f 2190/305/305 2256/244/244 2193/2252/2247
f 2105/2251/2246 2109/2253/2248 2104/2275/2269
f 2104/2275/2269 2109/2253/2248 2110/2276/2270
f 2110/2276/2270 2109/2253/2248 2112/2266/2261
f 3194/2267/2262 3196/2259/2254 3197/2268/2263
f 3199/2277/2271 3197/2268/2263 3200/2260/2255
f 3433/2278/2272 3432/2279/2273 3434/2280/2274
f 3296/2281/2275 3383/2261/2276 3297/2273/2267
f 3293/2282/2277 3297/2273/2267 3295/2262/2257
f 2801/242/242 2827/264/264 2828/243/243
f 2827/264/264 2839/2263/2258 2828/243/243
f 2798/252/252 2792/261/261 2793/253/253
f 2190/305/305 2193/2252/2247 2192/2264/2259
f 2215/2274/2268 2216/2256/2251 2132/2265/2260
f 2103/2283/2278 2126/2257/2252 2105/2251/2246
f 2103/2283/2278 2105/2251/2246 2104/2275/2269
f 2295/273/273 2285/245/245 2276/294/294
f 3193/2284/2279 3195/2258/2253 3194/2267/2262
f 3199/2277/2271 3194/2267/2262 3197/2268/2263
f 3331/2285/2280 3199/2277/2271 3200/2260/2255
f 3431/2286/2281 3432/2279/2273 3433/2278/2272
f 3292/2287/2282 3296/2281/2275 3297/2273/2267
f 3293/2282/2277 3292/2287/2282 3297/2273/2267
f 2788/254/254 2789/277/277 2827/264/264
f 2190/305/305 2192/2264/2259 2191/2288/2283
f 2132/2265/2260 2126/2257/2252 2103/2283/2278
f 3190/2289/2284 3193/2284/2279 3194/2267/2262
f 3190/2289/2284 3194/2267/2262 3202/2290/2285
f 3199/2277/2271 3202/2290/2285 3194/2267/2262
f 3288/2291/2286 3199/2277/2271 3331/2285/2280
f 3288/2291/2286 3331/2285/2280 3296/2281/2275
f 3288/2291/2286 3296/2281/2275 3292/2287/2282
f 3291/2292/2287 3292/2287/2282 3293/2282/2277
f 3294/2293/2288 3293/2282/2277 3295/2262/2257
f 2827/264/264 2838/278/278 2839/2263/2258
f 2787/263/263 2786/283/283 2788/254/254
f 2788/254/254 2786/283/283 2789/277/277
f 2191/2288/2283 2192/2264/2259 2219/2294/2289
f 2219/2294/2289 2192/2264/2259 2215/2274/2268
f 2215/2274/2268 2132/2265/2260 2107/2295/2290
f 2156/2296/2291 2215/2274/2268 2107/2295/2290
f 2107/2295/2290 2132/2265/2260 2103/2283/2278
f 2274/293/293 2295/273/273 2276/294/294
f 2313/271/271 2295/273/273 2289/296/296
f 3190/2289/2284 3189/2297/2292 3193/2284/2279
f 3287/2298/2293 3202/2290/2285 3199/2277/2271
f 3287/2298/2293 3199/2277/2271 3288/2291/2286
f 3291/2292/2287 3288/2291/2286 3292/2287/2282
f 3294/2293/2288 3291/2292/2287 3293/2282/2277
f 2837/288/288 2838/278/278 2789/277/277
f 2189/2299/2294 2190/305/305 2191/2288/2283
f 2107/2295/2290 2103/2283/2278 2102/2300/2295
f 2102/2300/2295 2103/2283/2278 2101/2301/2296
f 2261/315/315 2274/293/293 2255/295/295
f 2101/2301/2296 2103/2283/2278 2104/2275/2269
f 3190/2289/2284 3202/2290/2285 3395/2302/2297
f 3287/2298/2293 3395/2302/2297 3202/2290/2285
f 3289/2303/2298 3287/2298/2293 3288/2291/2286
f 3291/2292/2287 3289/2303/2298 3288/2291/2286
f 2219/2294/2289 2215/2274/2268 2156/2296/2291
f 2182/304/304 2190/305/305 2183/2304/2299
f 2183/2304/2299 2190/305/305 2189/2299/2294
f 2127/2305/2300 2156/2296/2291 2107/2295/2290
f 2261/315/315 2255/295/295 2182/304/304
f 3188/2306/2301 3187/2307/2302 3189/2297/2292
f 3188/2306/2301 3189/2297/2292 3190/2289/2284
f 2312/317/317 2313/271/271 2289/296/296
f 3191/2308/2303 3188/2306/2301 3190/2289/2284
f 3395/2302/2297 3191/2308/2303 3190/2289/2284
f 699/307/307 704/267/267 744/306/306
f 3290/2309/2304 3287/2298/2293 3289/2303/2298
f 3290/2309/2304 3289/2303/2298 3291/2292/2287
f 3298/310/310 3290/2309/2304 3291/2292/2287
f 3294/2293/2288 3298/310/310 3291/2292/2287
f 3299/311/311 3298/310/310 3294/2293/2288
f 2189/2299/2294 2191/2288/2283 2219/2294/2289
f 3277/2310/2305 3191/2308/2303 3395/2302/2297
f 3329/2311/2306 3277/2310/2305 3395/2302/2297
f 3329/2311/2306 3395/2302/2297 3287/2298/2293
f 3329/2311/2306 3287/2298/2293 3290/2309/2304
f 2182/304/304 2183/2304/2299 2181/2312/2307
f 2183/2304/2299 2189/2299/2294 2181/2312/2307
f 2111/2313/2308 2127/2305/2300 2095/2314/2309
f 2127/2305/2300 2107/2295/2290 2095/2314/2309
f 2095/2314/2309 2107/2295/2290 2102/2300/2295
f 2095/2314/2309 2102/2300/2295 2101/2301/2296
f 2262/316/316 2261/315/315 2251/2315/2310
f 2262/316/316 2289/296/296 2261/315/315
f 3191/2308/2303 3185/2316/2311 3188/2306/2301
f 3389/2317/2312 3329/2311/2306 3290/2309/2304
f 3389/2317/2312 3290/2309/2304 3298/310/310
f 3301/324/324 3389/2317/2312 3298/310/310
f 3301/324/324 3298/310/310 3300/309/309
f 2782/326/326 2783/300/300 2784/291/291
f 2224/2318/2313 2189/2299/2294 2219/2294/2289
f 2219/2294/2289 2156/2296/2291 2134/2319/2314
f 2134/2319/2314 2156/2296/2291 2127/2305/2300
f 2134/2319/2314 2127/2305/2300 2111/2313/2308
f 2251/2315/2310 2261/315/315 2182/304/304
f 3186/2320/2315 3187/2307/2302 3185/2316/2311
f 3185/2316/2311 3187/2307/2302 3188/2306/2301
f 2312/317/317 2262/316/316 2278/355/355
f 3277/2310/2305 3185/2316/2311 3191/2308/2303
f 3329/2311/2306 3192/2321/2316 3277/2310/2305
f 3319/2322/2317 3389/2317/2312 3301/324/324
f 2831/312/312 2783/300/300 2832/336/336
f 2223/2323/2318 2181/2312/2307 2224/2318/2313
f 2181/2312/2307 2189/2299/2294 2224/2318/2313
f 2224/2318/2313 2219/2294/2289 2134/2319/2314
f 2176/2324/2319 2182/304/304 2181/2312/2307
f 2096/2325/2320 2134/2319/2314 2111/2313/2308
f 2096/2325/2320 2111/2313/2308 2095/2314/2309
f 2176/2324/2319 2251/2315/2310 2182/304/304
f 2095/2314/2309 2101/2301/2296 2094/2326/2321
f 2308/2327/2322 2312/317/317 2278/355/355
f 3192/2321/2316 3185/2316/2311 3277/2310/2305
f 3379/2328/2323 3192/2321/2316 3329/2311/2306
f 3379/2328/2323 3329/2311/2306 3389/2317/2312
f 3428/2329/2324 3429/2330/2325 3430/2331/2326
f 3303/2332/2327 3301/324/324 3302/323/323
f 2224/2318/2313 2134/2319/2314 2135/2333/2328
f 2180/2334/2329 2176/2324/2319 2181/2312/2307
f 2278/355/355 2262/316/316 2252/356/356
f 2252/356/356 2262/316/316 2251/2315/2310
f 3159/2335/2330 3185/2316/2311 3192/2321/2316
f 3304/2336/2331 3319/2322/2317 3301/324/324
f 3303/2332/2327 3304/2336/2331 3301/324/324
f 2781/327/327 2834/2337/2332 2832/336/336
f 2180/2334/2329 2181/2312/2307 2223/2323/2318
f 2093/2338/2333 2135/2333/2328 2134/2319/2314
f 2093/2338/2333 2134/2319/2314 2096/2325/2320
f 2252/356/356 2251/2315/2310 2176/2324/2319
f 2092/2339/2334 2096/2325/2320 2095/2314/2309
f 2092/2339/2334 2095/2314/2309 2094/2326/2321
f 2269/357/357 2308/2327/2322 2278/355/355
f 3158/2340/2335 3186/2320/2315 3185/2316/2311
f 3379/2328/2323 3159/2335/2330 3192/2321/2316
f 3305/2341/2336 3304/2336/2331 3303/2332/2327
f 2779/352/352 2781/327/327 2782/326/326
f 2847/354/354 2776/368/366 2796/342/342
f 2176/2324/2319 2180/2334/2329 2177/2342/2337
f 2093/2338/2333 2096/2325/2320 2092/2339/2334
f 2091/2343/2338 2092/2339/2334 2094/2326/2321
f 3280/2344/2339 3186/2320/2315 3158/2340/2335
f 2309/388/386 2308/2327/2322 2269/357/357
f 2310/389/387 2308/2327/2322 2309/388/386
f 3156/2345/2340 3158/2340/2335 3159/2335/2330
f 3159/2335/2330 3158/2340/2335 3185/2316/2311
f 696/378/376 697/359/359 750/358/358
f 3164/2346/2341 3159/2335/2330 3379/2328/2323
f 3427/2347/2342 3429/2330/2325 3428/2329/2324
f 2835/2348/2343 2781/327/327 2780/361/361
f 2835/2348/2343 2834/2337/2332 2781/327/327
f 2847/354/354 2774/364/364 2776/368/366
f 2220/2349/2344 2180/2334/2329 2223/2323/2318
f 2223/2323/2318 2224/2318/2313 2135/2333/2328
f 2098/2350/2345 2135/2333/2328 2093/2338/2333
f 2090/2351/2346 2093/2338/2333 2092/2339/2334
f 2178/2352/2347 2252/356/356 2176/2324/2319
f 3335/2353/2348 3186/2320/2315 3280/2344/2339
f 3426/2354/2349 3427/2347/2342 3428/2329/2324
f 3304/2336/2331 3326/2355/2350 3319/2322/2317
f 3306/2356/2351 3326/2355/2350 3304/2336/2331
f 3305/2341/2336 3306/2356/2351 3304/2336/2331
f 2769/398/396 2771/372/370 2778/351/351
f 2772/374/372 2769/398/396 2778/351/351
f 2772/374/372 2775/373/371 2773/400/398
f 3050/386/384 2912/341/341 2936/377/375
f 2177/2342/2337 2180/2334/2329 2220/2349/2344
f 2142/2357/2352 2223/2323/2318 2135/2333/2328
f 2175/2358/2353 2176/2324/2319 2177/2342/2337
f 2098/2350/2345 2093/2338/2333 2090/2351/2346
f 2090/2351/2346 2092/2339/2334 2091/2343/2338
f 2268/387/385 2269/357/357 2252/356/356
f 700/401/399 696/378/376 751/391/389
f 3164/2346/2341 3156/2345/2340 3159/2335/2330
f 3307/2359/2354 3306/2356/2351 3305/2341/2336
f 2771/372/370 2835/2348/2343 2780/361/361
f 2220/2349/2344 2223/2323/2318 2142/2357/2352
f 2178/2352/2347 2176/2324/2319 2175/2358/2353
f 2142/2357/2352 2135/2333/2328 2097/2360/2355
f 2097/2360/2355 2135/2333/2328 2098/2350/2345
f 3160/2361/2356 3280/2344/2339 3158/2340/2335
f 3308/2362/2357 3306/2356/2351 3307/2359/2354
f 2840/2363/2358 2835/2348/2343 2771/372/370
f 3359/2364/2359 3309/2365/2360 3360/2366/2361
f 3358/2367/2362 3309/2365/2360 3359/2364/2359
f 3361/2368/2363 3358/2367/2362 3359/2364/2359
f 3358/2367/2362 3361/2368/2363 3317/2369/2364
f 3052/407/405 3050/386/384 2936/377/375
f 2175/2358/2353 2177/2342/2337 2220/2349/2344
f 2179/2370/2365 2178/2352/2347 2175/2358/2353
f 2097/2360/2355 2098/2350/2345 2090/2351/2346
f 2202/408/406 2252/356/356 2184/462/460
f 2184/462/460 2252/356/356 2178/2352/2347
f 2089/2371/2366 2090/2351/2346 2091/2343/2338
f 3178/2372/2367 3335/2353/2348 3280/2344/2339
f 3160/2361/2356 3158/2340/2335 3154/2373/2368
f 3154/2373/2368 3158/2340/2335 3156/2345/2340
f 3155/2374/2369 3156/2345/2340 3164/2346/2341
f 3155/2374/2369 3164/2346/2341 3157/2375/2370
f 3157/2375/2370 3164/2346/2341 3326/2355/2350
f 3418/2376/2371 3421/2377/2372 3420/2378/2373
f 3320/2379/2374 3306/2356/2351 3308/2362/2357
f 3310/2380/2375 3308/2362/2357 3309/2365/2360
f 3309/2365/2360 3308/2362/2357 3307/2359/2354
f 3312/415/413 3310/2380/2375 3317/2369/2364
f 3317/2369/2364 3310/2380/2375 3309/2365/2360
f 3317/2369/2364 3309/2365/2360 3358/2367/2362
f 2226/2381/2376 2175/2358/2353 2220/2349/2344
f 2143/2382/2377 2220/2349/2344 2142/2357/2352
f 2184/462/460 2178/2352/2347 2179/2370/2365
f 3281/2383/2378 3335/2353/2348 3178/2372/2367
f 3160/2361/2356 3178/2372/2367 3280/2344/2339
f 2271/419/417 2319/458/456 2311/390/388
f 3419/2384/2379 3418/2376/2371 3420/2378/2373
f 3311/428/426 3308/2362/2357 3310/2380/2375
f 3313/413/411 3311/428/426 3312/415/413
f 3311/428/426 3310/2380/2375 3312/415/413
f 3322/430/428 3318/414/412 3323/442/440
f 3318/414/412 3322/430/428 3321/412/410
f 2226/2381/2376 2220/2349/2344 2143/2382/2377
f 2225/2385/2380 2175/2358/2353 2226/2381/2376
f 2099/2386/2381 2142/2357/2352 2097/2360/2355
f 2088/2387/2382 2097/2360/2355 2090/2351/2346
f 3161/2388/2383 3281/2383/2378 3178/2372/2367
f 3155/2374/2369 3154/2373/2368 3156/2345/2340
f 3342/450/448 3320/2379/2374 3308/2362/2357
f 3311/428/426 3342/450/448 3308/2362/2357
f 3314/426/424 3311/428/426 3313/413/411
f 3382/443/441 3323/442/440 3318/414/412
f 2184/462/460 2179/2370/2365 2185/2389/2384
f 2179/2370/2365 2175/2358/2353 2225/2385/2380
f 2143/2382/2377 2142/2357/2352 2099/2386/2381
f 2099/2386/2381 2097/2360/2355 2088/2387/2382
f 2088/2387/2382 2090/2351/2346 2089/2371/2366
f 3154/2373/2368 3178/2372/2367 3160/2361/2356
f 3152/2390/2385 3154/2373/2368 3155/2374/2369
f 3417/2391/2386 3418/2376/2371 3419/2384/2379
f 3315/427/425 3342/450/448 3311/428/426
f 3315/427/425 3314/426/424 3316/446/444
f 3316/446/444 3314/426/424 3313/413/411
f 2087/2392/2387 2088/2387/2382 2089/2371/2366
f 2271/419/417 2268/387/385 2202/408/406
f 3161/2388/2383 3178/2372/2367 3154/2373/2368
f 741/448/446 701/409/407 752/420/418
f 3152/2390/2385 3155/2374/2369 3157/2375/2370
f 3162/2393/2388 3152/2390/2385 3157/2375/2370
f 3162/2393/2388 3157/2375/2370 3342/450/448
f 3398/444/442 3315/427/425 3397/445/443
f 3397/445/443 3315/427/425 3316/446/444
f 3151/451/449 3382/443/441 3286/468/466
f 3397/445/443 3316/446/444 3391/431/429
f 3150/2394/2389 3286/468/466 3382/443/441
f 2225/2385/2380 2226/2381/2376 2116/2395/2390
f 2116/2395/2390 2226/2381/2376 2143/2382/2377
f 2153/2396/2391 2179/2370/2365 2225/2385/2380
f 2100/2397/2392 2143/2382/2377 2099/2386/2381
f 2100/2397/2392 2099/2386/2381 2088/2387/2382
f 2271/419/417 2202/408/406 2199/2398/2393
f 3276/2399/2394 3281/2383/2378 3161/2388/2383
f 3275/2400/2395 3276/2399/2394 3161/2388/2383
f 3153/2401/2396 3161/2388/2383 3154/2373/2368
f 3151/451/449 3342/450/448 3398/444/442
f 3145/466/464 3286/468/466 3150/2394/2389
f 3145/466/464 3150/2394/2389 3148/490/488
f 2187/463/461 2184/462/460 2186/2402/2397
f 2184/462/460 2185/2389/2384 2186/2402/2397
f 2225/2385/2380 2116/2395/2390 2153/2396/2391
f 2116/2395/2390 2143/2382/2377 2100/2397/2392
f 2085/2403/2398 2100/2397/2392 2088/2387/2382
f 2199/2398/2393 2202/408/406 2187/463/461
f 2263/494/492 2296/457/455 2271/419/417
f 769/488/486 711/459/457 741/448/446
f 3152/2390/2385 3153/2401/2396 3154/2373/2368
f 3140/2404/2399 3162/2393/2388 3342/450/448
f 3140/2404/2399 3342/450/448 3151/451/449
f 3143/467/465 3151/451/449 3286/468/466
f 2185/2389/2384 2179/2370/2365 2152/2405/2400
f 2179/2370/2365 2153/2396/2391 2152/2405/2400
f 2085/2403/2398 2088/2387/2382 2087/2392/2387
f 2263/494/492 2271/419/417 2199/2398/2393
f 3183/2406/2401 3275/2400/2395 3161/2388/2383
f 3183/2406/2401 3161/2388/2383 3153/2401/2396
f 3136/2407/2402 3153/2401/2396 3152/2390/2385
f 3151/451/449 3139/503/501 3140/2404/2399
f 3143/467/465 3139/503/501 3151/451/449
f 2186/2402/2397 2185/2389/2384 2152/2405/2400
f 2117/2408/2403 2153/2396/2391 2116/2395/2390
f 2116/2395/2390 2100/2397/2392 2083/2409/2404
f 2083/2409/2404 2100/2397/2392 2085/2403/2398
f 3325/2410/2405 3276/2399/2394 3275/2400/2395
f 2267/493/491 2307/473/471 2296/457/455
f 769/488/486 741/448/446 775/474/472
f 3137/2411/2406 3136/2407/2402 3152/2390/2385
f 3137/2411/2406 3152/2390/2385 3162/2393/2388
f 3137/2411/2406 3162/2393/2388 3140/2404/2399
f 3139/503/501 3137/2411/2406 3140/2404/2399
f 2188/2412/2407 2187/463/461 2186/2402/2397
f 2152/2405/2400 2153/2396/2391 2117/2408/2403
f 2117/2408/2403 2116/2395/2390 2083/2409/2404
f 2086/2413/2408 2085/2403/2398 2087/2392/2387
f 3325/2410/2405 3275/2400/2395 3183/2406/2401
f 3132/2414/2409 3325/2410/2405 3183/2406/2401
f 767/486/484 769/488/486 775/474/472
f 3136/2407/2402 3183/2406/2401 3153/2401/2396
f 3145/466/464 3142/499/497 3143/467/465
f 2152/2405/2400 2117/2408/2403 2118/2415/2410
f 2200/2416/2411 2199/2398/2393 2188/2412/2407
f 2188/2412/2407 2199/2398/2393 2187/463/461
f 2208/2417/2412 2263/494/492 2199/2398/2393
f 2084/2418/2413 2085/2403/2398 2086/2413/2408
f 2266/510/508 2267/493/491 2263/494/492
f 3130/2419/2414 3132/2414/2409 3183/2406/2401
f 3130/2419/2414 3183/2406/2401 3136/2407/2402
f 3141/502/500 3138/2420/2415 3139/503/501
f 3138/2420/2415 3137/2411/2406 3139/503/501
f 3142/499/497 3139/503/501 3143/467/465
f 2154/2421/2416 2188/2412/2407 2186/2402/2397
f 2154/2421/2416 2186/2402/2397 2155/2422/2417
f 2186/2402/2397 2152/2405/2400 2155/2422/2417
f 2121/2423/2418 2152/2405/2400 2118/2415/2410
f 2081/2424/2419 2117/2408/2403 2083/2409/2404
f 2266/510/508 2263/494/492 2208/2417/2412
f 2083/2409/2404 2085/2403/2398 2084/2418/2413
f 3132/2414/2409 3180/2425/2420 3325/2410/2405
f 3047/483/481 3101/515/513 3102/478/476
f 3149/2426/2421 3147/512/510 3146/489/487
f 2201/2427/2422 2200/2416/2411 2188/2412/2407
f 2201/2427/2422 2188/2412/2407 2217/2428/2423
f 2217/2428/2423 2188/2412/2407 2154/2421/2416
f 2122/2429/2424 2155/2422/2417 2152/2405/2400
f 2122/2429/2424 2152/2405/2400 2121/2423/2418
f 2118/2415/2410 2117/2408/2403 2081/2424/2419
f 2208/2417/2412 2199/2398/2393 2200/2416/2411
f 2081/2424/2419 2083/2409/2404 2082/2430/2425
f 2082/2430/2425 2083/2409/2404 2084/2418/2413
f 3129/2431/2426 3180/2425/2420 3132/2414/2409
f 3133/2432/2427 3130/2419/2414 3136/2407/2402
f 3130/2419/2414 3129/2431/2426 3132/2414/2409
f 3133/2432/2427 3136/2407/2402 3137/2411/2406
f 3133/2432/2427 3137/2411/2406 3138/2420/2415
f 3184/2433/2428 3133/2432/2427 3138/2420/2415
f 3144/2434/2429 3184/2433/2428 3141/502/500
f 3141/502/500 3184/2433/2428 3138/2420/2415
f 3142/499/497 3144/2434/2429 3141/502/500
f 2154/2421/2416 2155/2422/2417 2122/2429/2424
f 2209/2435/2430 2208/2417/2412 2200/2416/2411
f 2118/2415/2410 2081/2424/2419 2079/2436/2431
f 3126/2437/2432 3125/2438/2433 3180/2425/2420
f 3126/2437/2432 3180/2425/2420 3129/2431/2426
f 3130/2419/2414 3133/2432/2427 3131/2439/2434
f 3163/519/517 3144/2434/2429 3142/499/497
f 3340/583/581 3163/519/517 3147/512/510
f 3149/2426/2421 3340/583/581 3147/512/510
f 2210/2440/2435 2200/2416/2411 2212/2441/2436
f 2200/2416/2411 2201/2427/2422 2212/2441/2436
f 2218/2442/2437 2201/2427/2422 2217/2428/2423
f 2129/2443/2438 2154/2421/2416 2122/2429/2424
f 2076/2444/2439 2121/2423/2418 2079/2436/2431
f 2209/2435/2430 2200/2416/2411 2210/2440/2435
f 2079/2436/2431 2121/2423/2418 2118/2415/2410
f 2286/522/520 2266/510/508 2230/625/623
f 2230/625/623 2266/510/508 2208/2417/2412
f 3128/2445/2440 3129/2431/2426 3130/2419/2414
f 3131/2439/2434 3128/2445/2440 3130/2419/2414
f 3337/585/583 3144/2434/2429 3163/519/517
f 3415/2446/2441 3414/2447/2442 3416/2448/2443
f 3340/583/581 3337/585/583 3163/519/517
f 2212/2441/2436 2201/2427/2422 2218/2442/2437
f 2218/2442/2437 2217/2428/2423 2129/2443/2438
f 2217/2428/2423 2154/2421/2416 2129/2443/2438
f 2122/2429/2424 2121/2423/2418 2076/2444/2439
f 2230/625/623 2208/2417/2412 2209/2435/2430
f 2079/2436/2431 2081/2424/2419 2080/2449/2444
f 2081/2424/2419 2082/2430/2425 2080/2449/2444
f 3123/2450/2445 3125/2438/2433 3126/2437/2432
f 2328/569/567 2337/591/589 2290/571/569
f 3126/2437/2432 3129/2431/2426 3128/2445/2440
f 3135/2451/2446 3133/2432/2427 3184/2433/2428
f 3415/2446/2441 3412/2452/2447 3414/2447/2442
f 3412/2452/2447 3413/2453/2448 3414/2447/2442
f 3056/528/526 3057/534/532 3058/565/563
f 3105/563/561 3056/528/526 3058/565/563
f 2067/2454/2449 2079/2436/2431 2080/2449/2444
f 3182/2455/2450 3124/2456/2451 3123/2450/2445
f 3123/2450/2445 3124/2456/2451 3125/2438/2433
f 764/597/595 756/524/522 765/523/521
f 3283/2457/2452 3128/2445/2440 3131/2439/2434
f 3134/2458/2453 3131/2439/2434 3133/2432/2427
f 3135/2451/2446 3134/2458/2453 3133/2432/2427
f 2218/2442/2437 2129/2443/2438 2130/2459/2454
f 2108/2460/2455 2129/2443/2438 2122/2429/2424
f 2108/2460/2455 2122/2429/2424 2076/2444/2439
f 2279/536/534 2286/522/520 2230/625/623
f 2076/2444/2439 2079/2436/2431 2067/2454/2449
f 2260/2461/2456 2298/589/587 2283/567/565
f 3324/2462/2457 3124/2456/2451 3182/2455/2450
f 2290/571/569 2337/591/589 2322/593/591
f 3123/2450/2445 3126/2437/2432 3127/2463/2458
f 3127/2463/2458 3126/2437/2432 3128/2445/2440
f 762/573/571 759/576/574 764/597/595
f 3134/2458/2453 3283/2457/2452 3131/2439/2434
f 3165/2464/2459 3135/2451/2446 3166/2465/2460
f 3167/2466/2461 3165/2464/2459 3166/2465/2460
f 3337/585/583 3167/2466/2461 3166/2465/2460
f 3105/563/561 3058/565/563 3097/612/610
f 2209/2435/2430 2210/2440/2435 2221/2467/2462
f 2221/2467/2462 2210/2440/2435 2212/2441/2436
f 2212/2441/2436 2218/2442/2437 2141/2468/2463
f 2218/2442/2437 2130/2459/2454 2141/2468/2463
f 2260/2461/2456 2283/567/565 2236/2469/2464
f 2283/567/565 2275/570/568 2236/2469/2464
f 2236/2469/2464 2275/570/568 2253/2470/2465
f 2253/2470/2465 2275/570/568 2290/571/569
f 2300/2471/2466 2298/589/587 2260/2461/2456
f 2290/571/569 2322/593/591 2272/634/632
f 3283/2457/2452 3127/2463/2458 3128/2445/2440
f 3134/2458/2453 3135/2451/2446 3165/2464/2459
f 3170/584/582 3167/2466/2461 3337/585/583
f 2221/2467/2462 2212/2441/2436 2141/2468/2463
f 2130/2459/2454 2129/2443/2438 2108/2460/2455
f 2236/2469/2464 2253/2470/2465 2234/674/672
f 2222/2472/2467 2230/625/623 2209/2435/2430
f 2253/2470/2465 2290/571/569 2272/634/632
f 2108/2460/2455 2076/2444/2439 2061/2473/2468
f 2061/2473/2468 2076/2444/2439 2067/2454/2449
f 3182/2455/2450 3123/2450/2445 3127/2463/2458
f 3402/2474/2469 3401/2475/2470 3403/2476/2471
f 3173/630/628 3170/584/582 3174/611/609
f 3181/643/641 3176/645/643 3173/630/628
f 2222/2472/2467 2209/2435/2430 2221/2467/2462
f 2130/2459/2454 2108/2460/2455 2119/2477/2472
f 2243/2478/2473 2260/2461/2456 2236/2469/2464
f 2232/626/624 2230/625/623 2231/2479/2474
f 2231/2479/2474 2230/625/623 2222/2472/2467
f 2119/2477/2472 2108/2460/2455 2077/2480/2475
f 2273/616/614 2279/536/534 2232/626/624
f 2326/2481/2476 2300/2471/2466 2265/2482/2477
f 2063/2483/2478 2061/2473/2468 2066/2484/2479
f 2061/2473/2468 2067/2454/2449 2066/2484/2479
f 3332/2485/2480 3324/2462/2457 3182/2455/2450
f 3399/2486/2481 3400/2487/2482 3401/2475/2470
f 3332/2485/2480 3182/2455/2450 3127/2463/2458
f 3179/2488/2483 3203/2489/2484 3283/2457/2452
f 3179/2488/2483 3283/2457/2452 3134/2458/2453
f 3169/2490/2485 3179/2488/2483 3165/2464/2459
f 3179/2488/2483 3134/2458/2453 3165/2464/2459
f 3168/2491/2486 3169/2490/2485 3165/2464/2459
f 3168/2491/2486 3165/2464/2459 3167/2466/2461
f 3170/584/582 3168/2491/2486 3167/2466/2461
f 3172/631/629 3168/2491/2486 3170/584/582
f 3176/645/643 3172/631/629 3173/630/628
f 2221/2467/2462 2141/2468/2463 2128/2492/2487
f 2234/674/672 2253/2470/2465 2233/2493/2488
f 2253/2470/2465 2272/634/632 2233/2493/2488
f 2265/2482/2477 2300/2471/2466 2260/2461/2456
f 2272/634/632 2273/616/614 2233/2493/2488
f 2233/2493/2488 2273/616/614 2232/626/624
f 3069/650/648 3068/566/564 2961/588/586
f 2237/2494/2489 2243/2478/2473 2236/2469/2464
f 2235/673/671 2236/2469/2464 2234/674/672
f 2222/2472/2467 2221/2467/2462 2147/2495/2490
f 2128/2492/2487 2141/2468/2463 2119/2477/2472
f 2141/2468/2463 2130/2459/2454 2119/2477/2472
f 2265/2482/2477 2260/2461/2456 2243/2478/2473
f 2233/2493/2488 2232/626/624 2231/2479/2474
f 2077/2480/2475 2108/2460/2455 2061/2473/2468
f 3205/2496/2491 3207/2497/2492 3332/2485/2480
f 3399/2486/2481 3401/2475/2470 3402/2474/2469
f 3095/648/646 3069/650/648 3070/663/661
f 2237/2494/2489 2236/2469/2464 2235/673/671
f 2147/2495/2490 2221/2467/2462 2128/2492/2487
f 2248/2498/2493 2265/2482/2477 2243/2478/2473
f 2231/2479/2474 2222/2472/2467 2147/2495/2490
f 2303/2499/2494 2326/2481/2476 2265/2482/2477
f 2060/2500/2495 2077/2480/2475 2061/2473/2468
f 3206/2501/2496 3207/2497/2492 3205/2496/2491
f 3171/2502/2497 3203/2489/2484 3179/2488/2483
f 3171/2502/2497 3179/2488/2483 3169/2490/2485
f 3171/2502/2497 3169/2490/2485 3168/2491/2486
f 3175/668/666 3168/2491/2486 3172/631/629
f 3177/644/642 3392/667/665 3172/631/629
f 3455/659/657 3456/2503/2498 3457/660/658
f 2238/2504/2499 2237/2494/2489 2235/673/671
f 2150/2505/2500 2235/673/671 2149/675/673
f 2303/2499/2494 2265/2482/2477 2248/2498/2493
f 2234/674/672 2233/2493/2488 2149/675/673
f 2149/675/673 2233/2493/2488 2148/2506/2501
f 2233/2493/2488 2231/2479/2474 2148/2506/2501
f 2148/2506/2501 2231/2479/2474 2147/2495/2490
f 2128/2492/2487 2119/2477/2472 2078/2507/2502
f 2327/2508/2503 2326/2481/2476 2303/2499/2494
f 2060/2500/2495 2061/2473/2468 2062/2509/2504
f 2062/2509/2504 2061/2473/2468 2063/2483/2478
f 3208/2510/2505 3207/2497/2492 3206/2501/2496
f 3204/2511/2506 3206/2501/2496 3205/2496/2491
f 3204/2511/2506 3205/2496/2491 3203/2489/2484
f 3171/2502/2497 3204/2511/2506 3203/2489/2484
f 3175/668/666 3171/2502/2497 3168/2491/2486
f 3271/703/700 3267/680/678 3362/682/680
f 2241/2512/2507 2248/2498/2493 2243/2478/2473
f 2241/2512/2507 2243/2478/2473 2237/2494/2489
f 2238/2504/2499 2235/673/671 2150/2505/2500
f 2147/2495/2490 2128/2492/2487 2120/2513/2508
f 2078/2507/2502 2119/2477/2472 2077/2480/2475
f 3209/2514/2509 3207/2497/2492 3208/2510/2505
f 3208/2510/2505 3206/2501/2496 3210/2515/2510
f 3210/2515/2510 3206/2501/2496 3204/2511/2506
f 3330/2516/2511 3204/2511/2506 3171/2502/2497
f 3175/668/666 3330/2516/2511 3171/2502/2497
f 3455/659/657 3454/2517/2512 3456/2503/2498
f 3235/702/699 3267/680/678 3271/703/700
f 2078/2507/2502 2077/2480/2475 2060/2500/2495
f 2064/2518/2513 2060/2500/2495 2062/2509/2504
f 3212/2519/2514 3211/2520/2515 3208/2510/2505
f 3211/2520/2515 3209/2514/2509 3208/2510/2505
f 3333/2521/2516 3208/2510/2505 3210/2515/2510
f 3210/2515/2510 3204/2511/2506 3330/2516/2511
f 3422/2522/2517 3423/2523/2518 3424/2524/2519
f 3273/2525/2520 3228/2526/2521 3392/667/665
f 3422/2522/2517 3424/2524/2519 3425/2527/2522
f 3267/680/678 3233/706/703 3274/709/706
f 3453/2528/2523 3454/2517/2512 3455/659/657
f 3235/702/699 3233/706/703 3267/680/678
f 3363/681/679 3365/689/687 3364/683/681
f 2237/2494/2489 2238/2504/2499 2239/2529/2524
f 2239/2529/2524 2238/2504/2499 2145/2530/2525
f 2248/2498/2493 2241/2512/2507 2240/2531/2526
f 2240/2531/2526 2241/2512/2507 2237/2494/2489
f 2145/2530/2525 2238/2504/2499 2150/2505/2500
f 2148/2506/2501 2147/2495/2490 2120/2513/2508
f 2120/2513/2508 2128/2492/2487 2078/2507/2502
f 2068/2532/2527 2078/2507/2502 2060/2500/2495
f 2064/2518/2513 2062/2509/2504 2065/2533/2528
f 3333/2521/2516 3212/2519/2514 3208/2510/2505
f 3407/2534/2529 3406/2535/2530 3408/2536/2531
f 3228/2526/2521 3226/2537/2532 3330/2516/2511
f 3269/708/705 3273/2525/2520 3365/689/2533
f 2240/2531/2526 2237/2494/2489 2239/2529/2524
f 2145/2530/2525 2150/2505/2500 2124/2538/2534
f 2150/2505/2500 2149/675/673 2124/2538/2534
f 2303/2499/2494 2248/2498/2493 2294/2539/2535
f 2124/2538/2534 2149/675/673 2123/2540/2536
f 2123/2540/2536 2149/675/673 2148/2506/2501
f 2123/2540/2536 2148/2506/2501 2120/2513/2508
f 2425/692/690 2471/691/689 2427/729/726
f 2068/2532/2527 2060/2500/2495 2064/2518/2513
f 3404/2541/2537 3405/2542/2538 3406/2535/2530
f 3407/2534/2529 3404/2541/2537 3406/2535/2530
f 3231/707/704 3228/2526/2521 3273/2525/2520
f 3232/723/720 3231/707/704 3233/706/703
f 3269/708/705 3231/707/704 3273/2525/2520
f 2294/2539/2535 2248/2498/2493 2240/2531/2526
f 3213/2543/2539 3211/2520/2515 3212/2519/2514
f 3213/2543/2539 3212/2519/2514 3214/2544/2540
f 3214/2544/2540 3212/2519/2514 3333/2521/2516
f 3225/2545/2541 3214/2544/2540 3226/2537/2532
f 3227/724/721 3225/2545/2541 3226/2537/2532
f 3227/724/721 3226/2537/2532 3228/2526/2521
f 3394/2546/2542 3227/724/721 3232/723/720
f 3227/724/721 3228/2526/2521 3231/707/704
f 3234/2547/2543 3394/2546/2542 3232/723/720
f 3234/2547/2543 3232/723/720 3233/706/703
f 3234/2547/2543 3235/702/699 3236/721/718
f 3234/2547/2543 3233/706/703 3235/702/699
f 2146/2548/2544 2145/2530/2525 2125/2549/2545
f 2125/2549/2545 2145/2530/2525 2124/2538/2534
f 2123/2540/2536 2120/2513/2508 2073/2550/2546
f 2073/2550/2546 2120/2513/2508 2068/2532/2527
f 2120/2513/2508 2078/2507/2502 2068/2532/2527
f 2069/2551/2547 2068/2532/2527 2064/2518/2513
f 3229/2552/2548 3211/2520/2515 3213/2543/2539
f 3394/2546/2542 3334/2553/2549 3227/724/721
f 2158/2554/2550 2239/2529/2524 2145/2530/2525
f 2293/2555/2551 2294/2539/2535 2240/2531/2526
f 2426/713/710 2425/692/690 2418/739/736
f 2419/740/737 2426/713/710 2418/739/736
f 3216/2556/2552 3229/2552/2548 3213/2543/2539
f 3215/2557/2553 3213/2543/2539 3214/2544/2540
f 3224/2558/2554 3214/2544/2540 3225/2545/2541
f 3230/2559/2555 3224/2558/2554 3225/2545/2541
f 3230/2559/2555 3225/2545/2541 3227/724/721
f 3334/2553/2549 3230/2559/2555 3227/724/721
f 3268/2560/2556 3334/2553/2549 3394/2546/2542
f 3268/2560/2556 3394/2546/2542 3234/2547/2543
f 3090/712/709 3107/738/735 3110/720/717
f 2242/2561/2557 2240/2531/2526 2239/2529/2524
f 2242/2561/2557 2239/2529/2524 2158/2554/2550
f 2158/2554/2550 2145/2530/2525 2146/2548/2544
f 2293/2555/2551 2240/2531/2526 2242/2561/2557
f 2146/2548/2544 2125/2549/2545 2133/2562/2558
f 2125/2549/2545 2124/2538/2534 2106/2563/2559
f 2106/2563/2559 2124/2538/2534 2073/2550/2546
f 2124/2538/2534 2123/2540/2536 2073/2550/2546
f 2070/2564/2560 2073/2550/2546 2068/2532/2527
f 2070/2564/2560 2068/2532/2527 2069/2551/2547
f 2069/2551/2547 2064/2518/2513 2072/2565/2561
f 3224/2558/2554 3215/2557/2553 3214/2544/2540
f 3237/2566/2562 3268/2560/2556 3234/2547/2543
f 3237/2566/2562 3234/2547/2543 3236/721/718
f 3237/2566/2562 3236/721/718 3238/744/741
f 2133/2562/2558 2125/2549/2545 2106/2563/2559
f 3218/2567/2563 3229/2552/2548 3216/2556/2552
f 3217/2568/2564 3216/2556/2552 3215/2557/2553
f 3215/2557/2553 3216/2556/2552 3213/2543/2539
f 3334/2553/2549 3224/2558/2554 3230/2559/2555
f 3449/2569/2565 3451/2570/2566 3452/2571/2567
f 3268/2560/2556 3242/2572/2568 3334/2553/2549
f 3237/2566/2562 3242/2572/2568 3268/2560/2556
f 3239/743/740 3237/2566/2562 3238/744/741
f 3093/728/725 3112/756/753 3107/738/735
f 2151/2573/2569 2158/2554/2550 2146/2548/2544
f 2133/2562/2558 2106/2563/2559 2131/2574/2570
f 2106/2563/2559 2073/2550/2546 2075/2575/2571
f 2074/2576/2572 2073/2550/2546 2070/2564/2560
f 2070/2564/2560 2069/2551/2547 2071/2577/2573
f 2071/2577/2573 2069/2551/2547 2072/2565/2561
f 3217/2568/2564 3218/2567/2563 3216/2556/2552
f 2967/735/732 2979/734/731 3085/753/750
f 3099/755/752 3093/728/725 3078/727/724
f 2301/2578/2574 2293/2555/2551 2242/2561/2557
f 2151/2573/2569 2146/2548/2544 2133/2562/2558
f 2416/747/744 2422/730/727 2428/2579/2575
f 2168/2580/2576 2133/2562/2558 2131/2574/2570
f 2131/2574/2570 2106/2563/2559 2075/2575/2571
f 2075/2575/2571 2073/2550/2546 2074/2576/2572
f 2417/757/754 2419/740/737 2418/739/736
f 2417/757/754 2418/739/736 2414/748/745
f 2349/2581/2577 2346/2582/2578 2348/2583/2579
f 2346/2582/2578 2347/2584/2580 2348/2583/2579
f 3278/2585/2581 3218/2567/2563 3223/2586/2582
f 3223/2586/2582 3218/2567/2563 3217/2568/2564
f 3272/2587/2583 3215/2557/2553 3224/2558/2554
f 3449/2569/2565 3450/2588/2584 3451/2570/2566
f 3240/2589/2585 3272/2587/2586 3242/2572/2568
f 3237/2566/2562 3240/2589/2585 3242/2572/2568
f 3239/743/740 3240/2589/2585 3237/2566/2562
f 3239/743/740 3266/742/739 3243/761/758
f 2301/2578/2574 2242/2561/2557 2244/2590/2587
f 2244/2590/2587 2242/2561/2557 2158/2554/2550
f 2167/2591/2588 2133/2562/2558 2168/2580/2576
f 3222/2592/2589 3223/2586/2582 3217/2568/2564
f 3220/2593/2590 3221/2594/2591 3217/2568/2564
f 3220/2593/2590 3217/2568/2564 3219/2595/2592
f 3219/2595/2592 3217/2568/2564 3215/2557/2553
f 3219/2595/2592 3215/2557/2553 3272/2587/2583
f 1875/767/764 1873/780/777 1907/778/775
f 2244/2590/2587 2158/2554/2550 2245/2596/2593
f 2245/2596/2593 2158/2554/2550 2151/2573/2569
f 2151/2573/2569 2133/2562/2558 2167/2591/2588
f 1867/785/782 1906/787/784 1874/804/801
f 2350/2597/2594 2348/2583/2579 2347/2584/2580
f 2350/2597/2594 2347/2584/2580 2351/2598/2595
f 3279/2599/2596 3278/2585/2581 3223/2586/2582
f 2766/2600/2597 2767/2601/2597 2768/2602/2597
f 3282/2603/2598 3223/2586/2582 3222/2592/2589
f 3120/2604/2599 3121/2605/2600 3122/2606/2599
f 2761/2607/2601 2758/2608/2602 2759/2609/2603
f 3222/2592/2589 3217/2568/2564 3221/2594/2591
f 2758/2608/2602 2756/2610/2604 2755/863/860
f 2759/2609/2603 2758/2608/2602 2755/863/860
f 2755/863/860 2756/2610/2604 2757/2611/2605
f 3438/2612/2606 3436/813/810 3435/2613/2607
f 3435/2613/2607 3436/813/810 3437/2614/2608
f 3241/815/812 3265/2615/2609 3240/2589/2585
f 3241/815/812 3240/2589/2585 3239/743/740
f 3241/815/812 3239/743/740 3243/761/758
f 3245/790/787 3243/761/758 3246/760/757
f 3088/775/772 3100/774/771 3091/754/751
f 2490/827/824 2493/794/791 2495/796/793
f 1907/778/775 1885/797/794 1944/825/822
f 2416/747/744 2428/2579/2575 2421/888/885
f 1937/807/804 1943/2616/2610 1877/806/803
f 1877/806/803 1943/2616/2610 1898/838/835
f 2761/2607/2601 2759/2609/2603 2763/862/859
f 2759/2609/2603 2755/863/860 2763/862/859
f 2755/863/860 2757/2611/2605 2760/2617/2611
f 2757/2611/2605 2762/2618/2612 2760/2617/2611
f 3393/2619/2613 3384/808/805 3338/2620/2614
f 3384/808/805 3385/810/807 3265/2615/2609
f 3438/2612/2606 3439/811/808 3436/813/810
f 3338/2620/2614 3384/808/805 3265/2615/2609
f 3241/815/812 3338/2620/2614 3265/2615/2609
f 1299/823/820 1302/818/815 1232/850/847
f 1219/851/848 1307/819/816 1306/2621/2615
f 2490/827/824 2495/796/793 2489/870/867
f 1944/825/822 1885/797/794 1892/855/852
f 2421/888/885 2428/2579/2575 2482/2622/2616
f 2413/805/802 2414/748/745 2415/836/833
f 2755/863/860 2760/2617/2611 2764/864/861
f 2435/750/747 2430/749/746 2429/841/838
f 3327/2623/2617 3328/2624/2618 3257/2625/2619
f 487/2626/2620 483/843/840 485/845/842
f 3257/2625/2619 3328/2624/2618 3338/2620/2614
f 3338/2620/2614 3328/2624/2618 3393/2619/2613
f 3245/790/787 3244/814/811 3243/761/758
f 3096/817/814 3114/2627/2621 3100/774/771
f 1295/821/818 1299/823/820 1229/2628/2622
f 1229/2628/2622 1299/823/820 1232/850/847
f 1219/851/848 1306/2621/2615 1280/2629/2623
f 2483/826/823 2490/827/824 2481/869/866
f 2421/888/885 2482/2622/2616 2474/885/882
f 2342/2630/2624 2244/2590/2587 2245/2596/2593
f 2415/836/833 2416/747/744 2421/888/885
f 1883/858/855 1994/842/839 1909/874/871
f 2765/2631/2625 2763/862/859 2764/864/861
f 3256/2632/2626 3327/2623/2617 3257/2625/2619
f 1910/876/873 2059/2633/2627 2055/2634/2628
f 3255/2635/2629 3253/2636/2630 3256/2632/2626
f 3255/2635/2629 3256/2632/2626 3257/2625/2619
f 3254/2637/2631 3255/2635/2629 3257/2625/2619
f 3254/2637/2631 3257/2625/2619 3338/2620/2614
f 3444/2638/2632 3441/2639/2633 3443/2640/2634
f 3441/2639/2633 3442/2641/2635 3443/2640/2634
f 3264/2642/2636 3241/815/812 3244/814/811
f 3248/816/813 3249/883/880 3245/790/787
f 3249/883/880 3244/814/811 3245/790/787
f 3089/772/769 3115/788/785 3103/867/864
f 3089/772/769 3103/867/864 3086/773/770
f 957/2643/2637 1232/850/847 1195/820/817
f 1259/2644/2638 1295/821/818 1184/2645/2639
f 1184/2645/2639 1295/821/818 1229/2628/2622
f 2481/869/866 2489/870/867 2485/2646/2640
f 2039/852/849 1944/825/822 2045/892/889
f 2045/892/889 1944/825/822 1992/871/868
f 2467/853/850 2487/828/825 2470/872/869
f 1910/876/873 2055/2634/2628 1925/902/899
f 3252/2647/2641 3253/2636/2630 3250/2648/2642
f 3250/2648/2642 3253/2636/2630 3254/2637/2631
f 3254/2637/2631 3253/2636/2630 3255/2635/2629
f 3250/2648/2642 3254/2637/2631 3264/2642/2636
f 3250/2648/2642 3264/2642/2636 3244/814/811
f 3249/883/880 3250/2648/2642 3244/814/811
f 3341/849/846 3249/883/880 3248/816/813
f 3086/773/770 3108/868/865 3096/817/814
f 3108/868/865 3114/2627/2621 3096/817/814
f 1229/2628/2622 1232/850/847 957/2643/2637
f 957/2643/2637 1195/820/817 956/2649/2643
f 956/2649/2643 1195/820/817 1219/851/848
f 2475/890/887 2481/869/866 2485/2646/2640
f 1225/934/931 1280/2629/2623 1266/922/919
f 2423/889/886 2421/888/885 2474/885/882
f 3258/2650/2644 3252/2647/2641 3251/2651/2645
f 3251/2651/2645 3252/2647/2641 3250/2648/2642
f 3262/882/879 3251/2651/2645 3249/883/880
f 3251/2651/2645 3250/2648/2642 3249/883/880
f 3459/2652/2646 3460/2653/2646 3461/2654/2646
f 3387/920/917 3262/882/879 3341/849/846
f 1184/2645/2639 1229/2628/2622 957/2643/2637
f 956/2649/2643 1219/851/848 955/2655/2647
f 955/2655/2647 1219/851/848 1280/2629/2623
f 955/2655/2647 1280/2629/2623 1225/934/931
f 3259/2656/2648 3260/914/911 3258/2650/2644
f 3259/2656/2648 3258/2650/2644 3251/2651/2645
f 3261/2657/2649 3259/2656/2648 3251/2651/2645
f 3354/2658/2650 3353/2659/2651 3347/917/914
f 3261/2657/2649 3251/2651/2645 3262/882/879
f 3354/2658/2650 3347/917/914 3355/2660/2652
f 3356/2661/2653 3347/917/914 3387/920/917
f 3387/920/917 3261/2657/2649 3262/882/879
f 3355/2660/2652 3347/917/914 3356/2661/2653
f 1184/2645/2639 957/2643/2637 1092/2662/2654
f 1217/924/921 1277/923/920 1270/2663/2655
f 1958/894/891 1886/886/883 1887/907/904
f 1887/907/904 1824/887/884 1825/927/924
f 2420/909/906 2415/836/833 2423/889/886
f 2499/881/878 2431/875/872 2498/911/908
f 3259/2656/2648 3263/912/909 3260/914/911
f 3353/2659/2651 3349/2664/2656 3346/918/915
f 3261/2657/2649 3263/912/909 3259/2656/2648
f 3353/2659/2651 3346/918/915 3347/917/914
f 3387/920/917 3336/919/916 3261/2657/2649
f 1170/2665/2657 1184/2645/2639 1092/2662/2654
f 957/2643/2637 956/2649/2643 954/2666/2658
f 1259/2644/2638 1184/2645/2639 1170/2665/2657
f 1217/924/921 1270/2663/2655 936/971/968
f 2043/893/890 1958/894/891 1996/947/944
f 1996/947/944 1958/894/891 1887/907/904
f 1996/947/944 1887/907/904 1997/937/934
f 3346/918/915 3349/2664/2656 3348/2667/2659
f 3345/2668/2660 3344/2669/2661 3336/919/916
f 3336/919/916 3344/2669/2661 3343/913/910
f 3336/919/916 3343/913/910 3263/912/909
f 3348/2667/2659 3345/2668/2660 3346/918/915
f 3346/918/915 3345/2668/2660 3336/919/916
f 3261/2657/2649 3336/919/916 3263/912/909
f 1092/2662/2654 957/2643/2637 964/2670/2662
f 957/2643/2637 954/2666/2658 964/2670/2662
f 954/2666/2658 956/2649/2643 955/2655/2647
f 1221/2671/2663 1259/2644/2638 1170/2665/2657
f 940/969/966 955/2655/2647 1225/934/931
f 2475/890/887 2485/2646/2640 2480/2672/2664
f 1217/924/921 936/971/968 937/962/959
f 936/971/968 1270/2663/2655 1251/2673/2665
f 936/971/968 1251/2673/2665 931/972/969
f 2420/909/906 2424/926/923 2494/910/907
f 3349/2664/2656 3351/2674/2666 3350/2675/2667
f 3349/2664/2656 3350/2675/2667 3348/2667/2659
f 3350/2675/2667 3357/2676/2668 3348/2667/2659
f 3348/2667/2659 3357/2676/2668 3345/2668/2660
f 1969/942/939 1927/915/912 1974/933/930
f 1089/2677/2669 1092/2662/2654 964/2670/2662
f 1170/2665/2657 1092/2662/2654 1089/2677/2669
f 2473/994/991 2475/890/887 2480/2672/2664
f 940/969/966 1225/934/931 944/935/932
f 2464/945/942 2462/921/918 2475/890/887
f 931/972/969 1251/2673/2665 966/2678/2670
f 3351/2674/2666 3352/2679/2671 3350/2675/2667
f 1221/2671/2663 1170/2665/2657 1089/2677/2669
f 954/2666/2658 955/2655/2647 952/2680/2672
f 952/2680/2672 955/2655/2647 940/969/966
f 2464/945/942 2475/890/887 2473/994/991
f 2048/948/945 1997/937/934 2044/963/960
f 922/970/967 944/935/932 937/962/959
f 922/970/967 937/962/959 920/973/970
f 920/973/970 937/962/959 936/971/968
f 920/973/970 931/972/969 918/2681/2673
f 931/972/969 966/2678/2670 918/2681/2673
f 1089/2677/2669 964/2670/2662 1043/2682/2674
f 964/2670/2662 954/2666/2658 953/2683/2675
f 953/2683/2675 954/2666/2658 952/2680/2672
f 952/2680/2672 940/969/966 939/2684/2676
f 2477/992/989 2473/994/991 2480/2672/2664
f 939/2684/2676 940/969/966 922/970/967
f 2468/993/990 2464/945/942 2473/994/991
f 918/2681/2673 966/2678/2670 894/2685/2677
f 966/2678/2670 962/1007/1004 894/2685/2677
f 1102/2686/2678 1089/2677/2669 1043/2682/2674
f 1043/2682/2674 964/2670/2662 953/2683/2675
f 953/2683/2675 952/2680/2672 941/2687/2679
f 1198/2688/2680 1221/2671/2663 1089/2677/2669
f 1198/2688/2680 1089/2677/2669 1102/2686/2678
f 2461/995/992 2464/945/942 2468/993/990
f 920/973/970 918/2681/2673 919/2689/2681
f 919/2689/2681 918/2681/2673 917/2690/2682
f 917/2690/2682 918/2681/2673 915/2691/2683
f 915/2691/2683 918/2681/2673 894/2685/2677
f 2452/996/993 2449/974/971 2453/946/943
f 1984/981/978 1880/975/972 1983/1015/1012
f 1983/1015/1012 1880/975/972 1888/997/994
f 941/2687/2679 952/2680/2672 939/2684/2676
f 941/2687/2679 939/2684/2676 923/2692/2684
f 923/2692/2684 939/2684/2676 922/970/967
f 922/970/967 920/973/970 921/2693/2685
f 921/2693/2685 920/973/970 919/2689/2681
f 894/2685/2677 962/1007/1004 961/1009/1006
f 1983/1015/1012 1888/997/994 1941/1016/1013
f 1043/2682/2674 953/2683/2675 1048/2694/2686
f 923/2692/2684 922/970/967 921/2693/2685
f 960/1014/1011 1254/1008/1005 1255/2695/2687
f 1156/2696/2688 1102/2686/2678 1093/2697/2689
f 1093/2697/2689 1102/2686/2678 1043/2682/2674
f 1093/2697/2689 1043/2682/2674 1048/2694/2686
f 1048/2694/2686 953/2683/2675 941/2687/2679
f 1228/2698/2690 1198/2688/2680 1102/2686/2678
f 1228/2698/2690 1102/2686/2678 1156/2696/2688
f 941/2687/2679 923/2692/2684 975/2699/2691
f 2472/2700/2692 2468/993/990 2477/992/989
f 2460/1022/1019 2468/993/990 2472/2700/2692
f 921/2693/2685 919/2689/2681 947/2701/2693
f 2460/1022/1019 2461/995/992 2468/993/990
f 947/2701/2693 919/2689/2681 917/2690/2682
f 916/2702/2694 917/2690/2682 915/2691/2683
f 915/2691/2683 894/2685/2677 892/2703/2695
f 894/2685/2677 961/1009/1006 909/2704/2696
f 909/2704/2696 961/1009/1006 960/1014/1011
f 960/1014/1011 1255/2695/2687 1256/2705/2697
f 2456/983/980 2451/1011/1008 2459/1040/1037
f 1941/1016/1013 1843/1018/1015 1940/1030/1027
f 1048/2694/2686 941/2687/2679 1049/2706/2698
f 2472/2700/2692 2477/992/989 2479/2707/2699
f 923/2692/2684 921/2693/2685 975/2699/2691
f 975/2699/2691 921/2693/2685 947/2701/2693
f 947/2701/2693 917/2690/2682 943/2708/2700
f 892/2703/2695 894/2685/2677 891/2709/2701
f 891/2709/2701 894/2685/2677 909/2704/2696
f 960/1014/1011 1256/2705/2697 949/1058/1055
f 1940/1030/1027 1843/1018/1015 1896/1050/1047
f 1152/2710/2702 1156/2696/2688 1093/2697/2689
f 1152/2710/2702 1093/2697/2689 1048/2694/2686
f 941/2687/2679 975/2699/2691 1049/2706/2698
f 2469/1079/1076 2460/1022/1019 2472/2700/2692
f 943/2708/2700 917/2690/2682 916/2702/2694
f 916/2702/2694 915/2691/2683 892/2703/2695
f 2452/996/993 2460/1022/1019 2457/1038/1035
f 909/2704/2696 960/1014/1011 949/1058/1055
f 949/1058/1055 1256/2705/2697 1249/1059/1056
f 2037/1017/1014 1940/1030/1027 2049/2711/2703
f 1252/2712/2704 1228/2698/2690 1156/2696/2688
f 1252/2712/2704 1156/2696/2688 1152/2710/2702
f 2478/2713/2705 2472/2700/2692 2479/2707/2699
f 2478/2713/2705 2479/2707/2699 2486/2714/2706
f 2469/1079/1076 2472/2700/2692 2478/2713/2705
f 2457/1038/1035 2460/1022/1019 2469/1079/1076
f 891/2709/2701 909/2704/2696 888/2715/2707
f 888/2715/2707 909/2704/2696 949/1058/1055
f 2049/2711/2703 1940/1030/1027 1993/1051/1048
f 1152/2710/2702 1048/2694/2686 1164/2716/2708
f 1048/2694/2686 1049/2706/2698 1141/2717/2709
f 1108/2718/2710 1049/2706/2698 975/2699/2691
f 975/2699/2691 947/2701/2693 1038/2719/2711
f 1037/2720/2712 947/2701/2693 943/2708/2700
f 1010/2721/2713 943/2708/2700 916/2702/2694
f 916/2702/2694 892/2703/2695 893/2722/2714
f 892/2703/2695 891/2709/2701 890/2723/2715
f 890/2723/2715 891/2709/2701 888/2715/2707
f 888/2715/2707 949/1058/1055 932/1060/1057
f 1249/1059/1056 1301/2724/2716 1238/1095/1092
f 1252/2712/2704 1152/2710/2702 1268/2725/2717
f 1268/2725/2717 1152/2710/2702 1164/2716/2708
f 1164/2716/2708 1048/2694/2686 1141/2717/2709
f 1141/2717/2709 1049/2706/2698 1108/2718/2710
f 1108/2718/2710 975/2699/2691 1038/2719/2711
f 1038/2719/2711 947/2701/2693 1037/2720/2712
f 1037/2720/2712 943/2708/2700 1010/2721/2713
f 916/2702/2694 893/2722/2714 1010/2721/2713
f 893/2722/2714 892/2703/2695 890/2723/2715
f 932/1060/1057 1249/1059/1056 1238/1095/1092
f 1791/1082/1079 1795/1032/1029 1794/1053/1050
f 1731/1076/1073 1763/1075/1072 1750/2726/2718
f 1164/2716/2708 1141/2717/2709 1199/2727/2719
f 1756/2728/2720 1759/1077/1074 1731/1076/1073
f 1108/2718/2710 1038/2719/2711 1122/2729/2721
f 1727/2730/2722 1756/2728/2720 1731/1076/1073
f 1727/2730/2722 1731/1076/1073 1708/2731/2723
f 1038/2719/2711 1037/2720/2712 1090/2732/2724
f 2465/1080/1077 2457/1038/1035 2476/1078/1075
f 1011/2733/2725 1010/2721/2713 893/2722/2714
f 893/2722/2714 890/2723/2715 889/2734/2726
f 889/2734/2726 890/2723/2715 888/2715/2707
f 2455/1029/1026 2465/1080/1077 2463/1061/1058
f 883/2735/2727 888/2715/2707 932/1060/1057
f 1751/2736/2728 1718/2737/2729 1704/1097/1094
f 1752/1063/1060 1751/2736/2728 1704/1097/1094
f 1238/1095/1092 1301/2724/2716 1308/2738/2730
f 1752/1063/1060 1704/1097/1094 1725/1064/1061
f 1750/2726/2718 1768/2739/2731 1726/2740/2732
f 1726/2740/2732 1768/2739/2731 1738/2741/2733
f 1199/2727/2719 1141/2717/2709 1150/2742/2734
f 1141/2717/2709 1108/2718/2710 1150/2742/2734
f 1038/2719/2711 1090/2732/2724 1122/2729/2721
f 1037/2720/2712 1010/2721/2713 1090/2732/2724
f 889/2734/2726 888/2715/2707 884/2743/2735
f 884/2743/2735 888/2715/2707 883/2735/2727
f 1718/2737/2729 1715/2744/2736 1691/2745/2737
f 883/2735/2727 932/1060/1057 927/1096/1093
f 1718/2737/2729 1691/2745/2737 1704/1097/1094
f 1238/1095/1092 1308/2738/2730 1220/1131/1128
f 1308/2738/2730 1309/2746/2738 1220/1131/1128
f 1731/1076/1073 1750/2726/2718 1709/2747/2739
f 1709/2747/2739 1750/2726/2718 1726/2740/2732
f 1150/2742/2734 1108/2718/2710 1122/2729/2721
f 1731/1076/1073 1709/2747/2739 1708/2731/2723
f 1698/1117/1114 1727/2730/2722 1708/2731/2723
f 1698/1117/1114 1708/2731/2723 1690/1115/1112
f 1090/2732/2724 1010/2721/2713 1061/2748/2740
f 1010/2721/2713 1011/2733/2725 1061/2748/2740
f 1715/2744/2736 1727/2730/2722 1698/1117/1114
f 1011/2733/2725 893/2722/2714 1012/2749/2741
f 893/2722/2714 889/2734/2726 993/2750/2742
f 1691/2745/2737 1715/2744/2736 1698/1117/1114
f 927/1096/1093 1238/1095/1092 1220/1131/1128
f 1779/1065/1062 1725/1064/1061 1654/1121/1118
f 237/1067/1064 579/1052/1049 603/1106/1103
f 1939/1089/1086 1882/1090/1087 1891/1123/1120
f 216/1068/1065 217/1081/1078 215/1109/1106
f 216/1068/1065 215/1109/1106 212/1083/1080
f 211/1069/1066 212/1083/1080 209/1101/1098
f 1705/2751/2743 1726/2740/2732 1738/2741/2733
f 1738/2741/2733 1773/2752/2744 1737/2753/2745
f 1150/2742/2734 1122/2729/2721 1235/2754/2746
f 1122/2729/2721 1090/2732/2724 1146/2755/2747
f 1146/2755/2747 1090/2732/2724 1144/2756/2748
f 1090/2732/2724 1061/2748/2740 1144/2756/2748
f 1061/2748/2740 1011/2733/2725 1012/2749/2741
f 1012/2749/2741 893/2722/2714 993/2750/2742
f 895/2757/2749 889/2734/2726 884/2743/2735
f 1691/2745/2737 1698/1117/1114 1670/1118/1115
f 883/2735/2727 927/1096/1093 882/2758/2750
f 1704/1097/1094 1691/2745/2737 1644/1119/1116
f 1691/2745/2737 1670/1118/1115 1644/1119/1116
f 927/1096/1093 1220/1131/1128 901/2759/2751
f 1220/1131/1128 1309/2746/2738 1294/1132/1129
f 1654/1121/1118 1725/1064/1061 1641/1098/1095
f 217/1081/1078 227/1108/1105 215/1109/1106
f 2020/1156/1153 1975/1105/1102 2024/1114/1111
f 1709/2747/2739 1726/2740/2732 1705/2751/2743
f 1705/2751/2743 1738/2741/2733 1737/2753/2745
f 1688/2760/2752 1709/2747/2739 1705/2751/2743
f 1737/2753/2745 1773/2752/2744 1758/2761/2753
f 1708/2731/2723 1709/2747/2739 1688/2760/2752
f 1235/2754/2746 1122/2729/2721 1146/2755/2747
f 1690/1115/1112 1708/2731/2723 1688/2760/2752
f 889/2734/2726 895/2757/2749 993/2750/2742
f 895/2757/2749 884/2743/2735 860/2762/2754
f 860/2762/2754 884/2743/2735 883/2735/2727
f 860/2762/2754 883/2735/2727 882/2758/2750
f 882/2758/2750 927/1096/1093 901/2759/2751
f 901/2759/2751 1220/1131/1128 968/1133/1130
f 968/1133/1130 1294/1132/1129 969/1142/1139
f 1780/1144/1141 1654/1121/1118 1628/1120/1117
f 209/1101/1098 215/1109/1106 229/1171/1168
f 1710/2763/2755 1705/2751/2743 1737/2753/2745
f 1734/2764/2756 1737/2753/2745 1758/2761/2753
f 1758/2761/2753 1769/2765/2757 1733/2766/2758
f 1222/2767/2759 1146/2755/2747 1144/2756/2748
f 1144/2756/2748 1061/2748/2740 1137/2768/2760
f 1137/2768/2760 1061/2748/2740 1095/2769/2761
f 1665/2770/2762 1690/1115/1112 1688/2760/2752
f 1095/2769/2761 1061/2748/2740 1012/2749/2741
f 1669/1116/1113 1690/1115/1112 1665/2770/2762
f 860/2762/2754 882/2758/2750 859/2771/2763
f 1644/1119/1116 1670/1118/1115 1622/1141/1138
f 882/2758/2750 901/2759/2751 857/2772/2764
f 1641/1098/1095 1644/1119/1116 1622/1141/1138
f 1641/1098/1095 1622/1141/1138 1621/2773/2765
f 1628/1120/1117 1641/1098/1095 1621/2773/2765
f 227/1108/1105 558/1107/1104 544/1135/1132
f 215/1109/1106 544/1135/1132 550/1172/1169
f 215/1109/1106 550/1172/1169 229/1171/1168
f 1695/2774/2766 1705/2751/2743 1710/2763/2755
f 1710/2763/2755 1737/2753/2745 1734/2764/2756
f 1734/2764/2756 1758/2761/2753 1733/2766/2758
f 1688/2760/2752 1705/2751/2743 1695/2774/2766
f 1733/2766/2758 1769/2765/2757 1753/2775/2767
f 1222/2767/2759 1144/2756/2748 1137/2768/2760
f 1665/2770/2762 1688/2760/2752 1674/2776/2768
f 1012/2749/2741 993/2750/2742 1057/2777/2769
f 993/2750/2742 895/2757/2749 1057/2777/2769
f 1669/1116/1113 1665/2770/2762 1622/1141/1138
f 857/2772/2764 859/2771/2763 882/2758/2750
f 901/2759/2751 968/1133/1130 897/1157/1154
f 1628/1120/1117 1621/2773/2765 1619/2778/2770
f 1628/1120/1117 1619/2778/2770 1653/1145/1142
f 2042/1146/1143 1987/1134/1131 1982/1182/1179
f 1653/1145/1142 1619/2778/2770 1642/1158/1155
f 544/1135/1132 595/2779/2771 550/1172/1169
f 209/1101/1098 229/1171/1168 208/1136/1133
f 1710/2763/2755 1734/2764/2756 1733/2766/2758
f 1688/2760/2752 1695/2774/2766 1674/2776/2768
f 1733/2766/2758 1753/2775/2767 1712/2780/2772
f 1712/2780/2772 1753/2775/2767 1746/2781/2773
f 1222/2767/2759 1137/2768/2760 1281/2782/2774
f 1137/2768/2760 1095/2769/2761 1181/2783/2775
f 1095/2769/2761 1012/2749/2741 1094/2784/2776
f 1094/2784/2776 1012/2749/2741 1057/2777/2769
f 1660/2785/2777 1665/2770/2762 1674/2776/2768
f 1057/2777/2769 895/2757/2749 1004/2786/2778
f 1622/1141/1138 1665/2770/2762 1618/2787/2779
f 1665/2770/2762 1660/2785/2777 1618/2787/2779
f 856/2788/2780 857/2772/2764 901/2759/2751
f 1621/2773/2765 1622/1141/1138 1618/2787/2779
f 856/2788/2780 901/2759/2751 897/1157/1154
f 1621/2773/2765 1618/2787/2779 1617/1167/1164
f 1619/2778/2770 1621/2773/2765 1617/1167/1164
f 1619/2778/2770 1617/1167/1164 1616/1169/1166
f 934/1179/1176 1275/1143/1140 1276/1180/1177
f 1619/2778/2770 1616/1169/1166 1642/1158/1155
f 1982/1182/1179 1987/1134/1131 1908/1147/1144
f 198/1110/1107 208/1136/1133 197/1162/1159
f 1710/2763/2755 1733/2766/2758 1711/2789/2781
f 1674/2776/2768 1695/2774/2766 1685/2790/2782
f 1685/2790/2782 1695/2774/2766 1710/2763/2755
f 1711/2789/2781 1733/2766/2758 1712/2780/2772
f 1281/2782/2774 1137/2768/2760 1181/2783/2775
f 1095/2769/2761 1094/2784/2776 1181/2783/2775
f 1181/2783/2775 1094/2784/2776 1182/2791/2783
f 1672/2792/2784 1674/2776/2768 1685/2790/2782
f 1004/2786/2778 895/2757/2749 860/2762/2754
f 860/2762/2754 859/2771/2763 858/2793/2785
f 1004/2786/2778 860/2762/2754 858/2793/2785
f 858/2793/2785 859/2771/2763 857/2772/2764
f 858/2793/2785 857/2772/2764 847/2794/2786
f 857/2772/2764 856/2788/2780 847/2794/2786
f 1617/1167/1164 1618/2787/2779 1615/1168/1165
f 897/1157/1154 969/1142/1139 934/1179/1176
f 1642/1158/1155 1616/1169/1166 1635/1159/1156
f 1783/1160/1157 1635/1159/1156 1627/1191/1188
f 1741/2795/2787 1746/2781/2773 1770/2796/2788
f 1710/2763/2755 1711/2789/2781 1685/2790/2782
f 1685/2790/2782 1711/2789/2781 1696/2797/2789
f 1696/2797/2789 1711/2789/2781 1712/2780/2772
f 1712/2780/2772 1746/2781/2773 1716/2798/2790
f 1660/2785/2777 1674/2776/2768 1672/2792/2784
f 1685/2790/2782 1656/2799/2791 1672/2792/2784
f 1660/2785/2777 1672/2792/2784 1645/2800/2792
f 1618/2787/2779 1660/2785/2777 1645/2800/2792
f 847/2794/2786 856/2788/2780 846/1202/1199
f 1618/2787/2779 1645/2800/2792 1615/1168/1165
f 846/1202/1199 856/2788/2780 897/1157/1154
f 1615/1168/1165 1645/2800/2792 1613/2801/2793
f 897/1157/1154 934/1179/1176 898/1200/1197
f 898/1200/1197 934/1179/1176 900/1204/1201
f 934/1179/1176 1253/1181/1178 938/1203/1200
f 1616/1169/1166 1614/1190/1187 1635/1159/1156
f 1253/1181/1178 1276/1180/1177 1226/1239/1236
f 1982/1182/1179 1893/1161/1158 1998/1207/1204
f 197/1162/1159 208/1136/1133 230/1195/1192
f 1716/2798/2790 1746/2781/2773 1741/2795/2787
f 1741/2795/2787 1770/2796/2788 1749/2802/2794
f 1181/2783/2775 1182/2791/2783 1262/2803/2795
f 1696/2797/2789 1712/2780/2772 1716/2798/2790
f 1057/2777/2769 1004/2786/2778 1123/2804/2796
f 1685/2790/2782 1696/2797/2789 1686/2805/2797
f 1004/2786/2778 858/2793/2785 1058/2806/2798
f 1685/2790/2782 1686/2805/2797 1656/2799/2791
f 1645/2800/2792 1672/2792/2784 1656/2799/2791
f 1615/1168/1165 1613/2801/2793 1614/1190/1187
f 1614/1190/1187 1613/2801/2793 1611/1205/1202
f 1614/1190/1187 1611/1205/1202 1627/1191/1188
f 208/1136/1133 560/1183/1180 230/1195/1192
f 1182/2791/2783 1094/2784/2776 1151/2807/2799
f 1094/2784/2776 1057/2777/2769 1151/2807/2799
f 1057/2777/2769 1123/2804/2796 1151/2807/2799
f 1004/2786/2778 1058/2806/2798 1123/2804/2796
f 1696/2797/2789 1716/2798/2790 1694/2808/2800
f 1678/2809/2801 1686/2805/2797 1696/2797/2789
f 1678/2809/2801 1696/2797/2789 1694/2808/2800
f 1058/2806/2798 858/2793/2785 1009/2810/2802
f 858/2793/2785 847/2794/2786 1009/2810/2802
f 1656/2799/2791 1686/2805/2797 1678/2809/2801
f 1009/2810/2802 847/2794/2786 844/2811/2803
f 844/2811/2803 847/2794/2786 846/1202/1199
f 844/2811/2803 846/1202/1199 845/1201/1198
f 1613/2801/2793 1645/2800/2792 1656/2799/2791
f 1613/2801/2793 1656/2799/2791 1612/2812/2804
f 845/1201/1198 898/1200/1197 848/1248/1245
f 848/1248/1245 898/1200/1197 900/1204/1201
f 1611/1205/1202 1613/2801/2793 1612/2812/2804
f 1633/1192/1189 1627/1191/1188 1586/1206/1203
f 1998/1207/1204 1942/1208/1205 2003/2813/2805
f 187/1163/1160 230/1195/1192 188/1185/1182
f 1262/2803/2795 1182/2791/2783 1151/2807/2799
f 1716/2798/2790 1741/2795/2787 1719/2814/2806
f 1719/2814/2806 1741/2795/2787 1749/2802/2794
f 1694/2808/2800 1716/2798/2790 1719/2814/2806
f 1656/2799/2791 1678/2809/2801 1648/2815/2807
f 1612/2812/2804 1656/2799/2791 1648/2815/2807
f 842/2816/2808 845/1201/1198 848/1248/1245
f 848/1248/1245 900/1204/1201 886/1249/1246
f 1611/1205/1202 1612/2812/2804 1578/1214/1211
f 1612/2812/2804 1648/2815/2807 1578/1214/1211
f 886/1249/1246 900/1204/1201 938/1203/1200
f 938/1203/1200 1253/1181/1178 1226/1239/1236
f 2003/2813/2805 1942/1208/1205 1980/1223/1220
f 1633/1192/1189 1586/1206/1203 1634/1193/1190
f 1728/2817/2809 1719/2814/2806 1749/2802/2794
f 1728/2817/2809 1749/2802/2794 1729/2818/2810
f 1262/2803/2795 1151/2807/2799 1287/2819/2811
f 1693/2820/2812 1694/2808/2800 1719/2814/2806
f 1058/2806/2798 1009/2810/2802 1098/2821/2813
f 1678/2809/2801 1694/2808/2800 1680/2822/2814
f 1694/2808/2800 1693/2820/2812 1680/2822/2814
f 1678/2809/2801 1680/2822/2814 1649/2823/2815
f 844/2811/2803 845/1201/1198 842/2816/2808
f 1648/2815/2807 1678/2809/2801 1649/2823/2815
f 886/1249/1246 938/1203/1200 902/1251/1248
f 902/1251/1248 938/1203/1200 1226/1239/1236
f 1586/1206/1203 1578/1214/1211 1579/2824/2816
f 1586/1206/1203 1579/2824/2816 1610/1224/1221
f 1634/1193/1190 1586/1206/1203 1610/1224/1221
f 1980/1223/1220 1842/1215/1212 1899/1234/1231
f 1784/1225/1222 1610/1224/1221 1646/1261/1258
f 207/1216/1213 583/1226/1223 582/2825/2817
f 1287/2819/2811 1151/2807/2799 1193/2826/2818
f 1193/2826/2818 1151/2807/2799 1123/2804/2796
f 1693/2820/2812 1719/2814/2806 1697/2827/2819
f 1123/2804/2796 1058/2806/2798 1098/2821/2813
f 1098/2821/2813 1009/2810/2802 1046/2828/2820
f 1046/2828/2820 1009/2810/2802 844/2811/2803
f 844/2811/2803 842/2816/2808 841/2829/2821
f 1648/2815/2807 1649/2823/2815 1578/1214/1211
f 902/1251/1248 1226/1239/1236 929/1241/1238
f 171/1210/1207 207/1216/1213 192/1242/1239
f 171/1210/1207 192/1242/1239 158/1217/1214
f 1719/2814/2806 1728/2817/2809 1697/2827/2819
f 1697/2827/2819 1728/2817/2809 1706/2830/2822
f 1706/2830/2822 1728/2817/2809 1729/2818/2810
f 1729/2818/2810 1772/2831/2823 1757/2832/2824
f 1193/2826/2818 1123/2804/2796 1098/2821/2813
f 1131/2833/2825 1098/2821/2813 1046/2828/2820
f 1680/2822/2814 1693/2820/2812 1675/2834/2826
f 1046/2828/2820 844/2811/2803 841/2829/2821
f 841/2829/2821 842/2816/2808 843/2835/2827
f 1649/2823/2815 1680/2822/2814 1662/2836/2828
f 843/2835/2827 842/2816/2808 848/1248/1245
f 1576/2837/2829 1649/2823/2815 1662/2836/2828
f 1649/2823/2815 1576/2837/2829 1578/1214/1211
f 207/1216/1213 582/2825/2817 581/1269/1266
f 207/1216/1213 581/1269/1266 238/1254/1251
f 1713/2838/2830 1729/2818/2810 1757/2832/2824
f 1193/2826/2818 1098/2821/2813 1192/2839/2831
f 1192/2839/2831 1098/2821/2813 1131/2833/2825
f 1693/2820/2812 1697/2827/2819 1675/2834/2826
f 1662/2836/2828 1680/2822/2814 1675/2834/2826
f 843/2835/2827 848/1248/1245 849/1250/1247
f 849/1250/1247 886/1249/1246 902/1251/1248
f 849/1250/1247 902/1251/1248 899/1252/1249
f 1579/2824/2816 1578/1214/1211 1577/2840/2832
f 1577/2840/2832 1578/1214/1211 1576/2837/2829
f 1610/1224/1221 1579/2824/2816 1577/2840/2832
f 1980/1223/1220 1899/1234/1231 1991/1265/1262
f 1782/2841/2833 1646/1261/1258 1639/1263/1260
f 582/2825/2817 596/1270/1267 581/1269/1266
f 1706/2830/2822 1729/2818/2810 1713/2838/2830
f 1757/2832/2824 1772/2831/2823 1760/2842/2834
f 1271/2843/2835 1193/2826/2818 1192/2839/2831
f 1046/2828/2820 841/2829/2821 1060/2844/2836
f 1060/2844/2836 841/2829/2821 1036/2845/2837
f 1610/1224/1221 1577/2840/2832 1585/1262/1259
f 1242/1268/1265 1300/1260/1257 1303/1301/1298
f 1610/1224/1221 1585/1262/1259 1646/1261/1258
f 1834/1272/1269 1833/1255/1252 1923/1273/1270
f 1046/2828/2820 1060/2844/2836 1131/2833/2825
f 1697/2827/2819 1706/2830/2822 1683/2846/2838
f 841/2829/2821 843/2835/2827 1036/2845/2837
f 1697/2827/2819 1683/2846/2838 1675/2834/2826
f 1036/2845/2837 843/2835/2827 1035/2847/2839
f 843/2835/2827 849/1250/1247 850/2848/2840
f 849/1250/1247 899/1252/1249 852/2849/2841
f 852/2849/2841 899/1252/1249 929/1241/1238
f 852/2849/2841 929/1241/1238 885/1292/1289
f 1577/2840/2832 1576/2837/2829 1574/2850/2842
f 192/1242/1239 238/1254/1251 225/1282/1279
f 1713/2838/2830 1757/2832/2824 1743/2851/2843
f 1757/2832/2824 1760/2842/2834 1743/2851/2843
f 1271/2843/2835 1192/2839/2831 1240/2852/2844
f 1192/2839/2831 1131/2833/2825 1240/2852/2844
f 1683/2846/2838 1706/2830/2822 1713/2838/2830
f 1131/2833/2825 1060/2844/2836 1139/2853/2845
f 1662/2836/2828 1675/2834/2826 1575/2854/2846
f 1576/2837/2829 1662/2836/2828 1575/2854/2846
f 1574/2850/2842 1576/2837/2829 1575/2854/2846
f 929/1241/1238 965/1259/1256 885/1292/1289
f 1577/2840/2832 1574/2850/2842 1585/1262/1259
f 1585/1262/1259 1574/2850/2842 1573/1278/1275
f 1639/1263/1260 1573/1278/1275 1638/1279/1276
f 1990/1294/1291 1902/1264/1261 1895/1288/1285
f 1786/1280/1277 1638/1279/1276 1781/1336/1333
f 1240/2852/2844 1131/2833/2825 1180/2855/2847
f 1180/2855/2847 1131/2833/2825 1139/2853/2845
f 1683/2846/2838 1713/2838/2830 1684/2856/2848
f 1035/2847/2839 843/2835/2827 850/2848/2840
f 850/2848/2840 849/1250/1247 851/2857/2849
f 1575/2854/2846 1675/2834/2826 1659/2858/2850
f 1675/2834/2826 1683/2846/2838 1659/2858/2850
f 851/2857/2849 849/1250/1247 852/2849/2841
f 851/2857/2849 852/2849/2841 853/2859/2851
f 853/2859/2851 852/2849/2841 885/1292/1289
f 853/2859/2851 885/1292/1289 861/2860/2852
f 1574/2850/2842 1575/2854/2846 1569/2861/2853
f 1242/1268/1265 1303/1301/1298 1241/1303/1300
f 1713/2838/2830 1743/2851/2843 1684/2856/2848
f 1139/2853/2845 1060/2844/2836 1116/2862/2854
f 1060/2844/2836 1036/2845/2837 1116/2862/2854
f 1116/2862/2854 1036/2845/2837 1035/2847/2839
f 1035/2847/2839 850/2848/2840 1040/2863/2855
f 1569/2861/2853 1575/2854/2846 1659/2858/2850
f 1573/1278/1275 1574/2850/2842 1569/2861/2853
f 1638/1279/1276 1573/1278/1275 1623/1309/1306
f 1981/1333/1330 1990/1294/1291 1895/1288/1285
f 225/1282/1279 568/1304/1301 199/1290/1287
f 1743/2851/2843 1760/2842/2834 1724/1343/1340
f 1285/2864/2856 1271/2843/2835 1240/2852/2844
f 1139/2853/2845 1116/2862/2854 1180/2855/2847
f 1684/2856/2848 1743/2851/2843 1699/2865/2857
f 1676/2866/2858 1684/2856/2848 1699/2865/2857
f 1683/2846/2838 1684/2856/2848 1659/2858/2850
f 1684/2856/2848 1676/2866/2858 1659/2858/2850
f 1659/2858/2850 1570/1323/1320 1569/2861/2853
f 861/2860/2852 885/1292/1289 878/2867/2859
f 878/2867/2859 885/1292/1289 926/1293/1290
f 1573/1278/1275 1569/2861/2853 1571/2868/2860
f 1623/1309/1306 1573/1278/1275 1571/2868/2860
f 2047/1332/1329 1990/1294/1291 1981/1333/1330
f 1638/1279/1276 1624/1310/1307 1781/1336/1333
f 1981/1333/1330 1895/1288/1285 1903/1311/1308
f 199/1290/1287 568/1304/1301 200/1297/1294
f 1699/2865/2857 1743/2851/2843 1724/1343/1340
f 1285/2864/2856 1240/2852/2844 1180/2855/2847
f 1284/2869/2861 1180/2855/2847 1179/2870/2862
f 1179/2870/2862 1180/2855/2847 1116/2862/2854
f 1040/2863/2855 850/2848/2840 1039/2871/2863
f 1039/2871/2863 850/2848/2840 851/2857/2849
f 851/2857/2849 853/2859/2851 854/2872/2864
f 1659/2858/2850 1676/2866/2858 1668/1321/1318
f 1570/1323/1320 1659/2858/2850 1668/1321/1318
f 1569/2861/2853 1570/1323/1320 1571/2868/2860
f 878/2867/2859 926/1293/1290 925/1308/1305
f 925/1308/1305 1241/1303/1300 1234/2873/2865
f 1623/1309/1306 1571/2868/2860 1624/1310/1307
f 1964/1334/1331 1981/1333/1330 1903/1311/1308
f 569/1295/1292 570/1281/1278 587/1324/1321
f 139/1274/1271 223/1312/1309 219/1314/1311
f 1285/2864/2856 1180/2855/2847 1284/2869/2861
f 1035/2847/2839 1040/2863/2855 1116/2862/2854
f 1039/2871/2863 851/2857/2849 854/2872/2864
f 1676/2866/2858 1699/2865/2857 1682/2874/2866
f 1676/2866/2858 1682/2874/2866 1664/2875/2867
f 854/2872/2864 853/2859/2851 855/2876/2868
f 855/2876/2868 853/2859/2851 861/2860/2852
f 1668/1321/1318 1676/2866/2858 1657/1322/1319
f 855/2876/2868 861/2860/2852 878/2867/2859
f 1571/2868/2860 1570/1323/1320 1572/2877/2869
f 1570/1323/1320 1657/1322/1319 1572/2877/2869
f 1624/1310/1307 1571/2868/2860 1580/2878/2870
f 1241/1303/1300 1305/2879/2871 1234/2873/2865
f 1724/1343/1340 1748/2880/2872 1744/1341/1338
f 1116/2862/2854 1117/2881/2873 1179/2870/2862
f 1116/2862/2854 1040/2863/2855 1117/2881/2873
f 1117/2881/2873 1040/2863/2855 1112/2882/2874
f 1040/2863/2855 1039/2871/2863 1112/2882/2874
f 1682/2874/2866 1699/2865/2857 1724/1343/1340
f 1041/2883/2875 1039/2871/2863 854/2872/2864
f 1657/1322/1319 1676/2866/2858 1664/2875/2867
f 855/2876/2868 878/2867/2859 877/2884/2876
f 877/2884/2876 878/2867/2859 925/1308/1305
f 877/2884/2876 925/1308/1305 910/2885/2877
f 910/2885/2877 925/1308/1305 930/2886/2878
f 930/2886/2878 925/1308/1305 1234/2873/2865
f 1580/2878/2870 1571/2868/2860 1572/2877/2869
f 1624/1310/1307 1580/2878/2870 1637/1335/1332
f 1964/1334/1331 1903/1311/1308 1855/1325/1322
f 1682/2874/2866 1724/1343/1340 1723/1342/1339
f 854/2872/2864 855/2876/2868 862/2887/2879
f 1572/2877/2869 1657/1322/1319 1581/2888/2880
f 1580/2878/2870 1572/2877/2869 1581/2888/2880
f 584/1337/1334 576/1357/1354 223/1312/1309
f 223/1312/1309 576/1357/1354 219/1314/1311
f 1284/2869/2861 1179/2870/2862 1288/2889/2881
f 1179/2870/2862 1117/2881/2873 1162/2890/2882
f 1117/2881/2873 1112/2882/2874 1162/2890/2882
f 1692/2891/2883 1682/2874/2866 1723/1342/1339
f 1041/2883/2875 854/2872/2864 862/2887/2879
f 862/2887/2879 855/2876/2868 863/2892/2884
f 855/2876/2868 877/2884/2876 864/2893/2885
f 863/2892/2884 855/2876/2868 864/2893/2885
f 1657/1322/1319 1664/2875/2867 1581/2888/2880
f 1581/2888/2880 1664/2875/2867 1583/2894/2886
f 1580/2878/2870 1581/2888/2880 1582/1373/1370
f 1234/2873/2865 1305/2879/2871 1267/1395/1392
f 1637/1335/1332 1580/2878/2870 1582/1373/1370
f 1637/1335/1332 1582/1373/1370 1636/1372/1369
f 2009/1363/1360 2023/1331/1328 2033/1391/1388
f 1288/2889/2881 1179/2870/2862 1257/2895/2887
f 1257/2895/2887 1179/2870/2862 1162/2890/2882
f 1744/1341/1338 1748/2880/2872 1723/1342/1339
f 1723/1342/1339 1748/2880/2872 1732/2896/2888
f 1039/2871/2863 1041/2883/2875 1112/2882/2874
f 1682/2874/2866 1692/2891/2883 1673/2897/2889
f 1664/2875/2867 1682/2874/2866 1673/2897/2889
f 1664/2875/2867 1673/2897/2889 1583/2894/2886
f 873/2898/2890 877/2884/2876 910/2885/2877
f 930/2886/2878 1234/2873/2865 958/2899/2891
f 1234/2873/2865 1267/1395/1392 958/2899/2891
f 219/1314/1311 576/1357/1354 552/1358/1355
f 205/1327/1324 553/1375/1372 206/1347/1344
f 1723/1342/1339 1732/2896/2888 1714/2900/2892
f 1112/2882/2874 1041/2883/2875 1082/2901/2893
f 1041/2883/2875 862/2887/2879 1082/2901/2893
f 1692/2891/2883 1723/1342/1339 1714/2900/2892
f 864/2893/2885 877/2884/2876 873/2898/2890
f 1581/2888/2880 1583/2894/2886 1582/1373/1370
f 958/2899/2891 1267/1395/1392 967/1394/1391
f 1636/1372/1369 1606/1374/1371 1777/1381/1378
f 2040/1397/1394 2041/1355/1352 1900/1351/1348
f 1162/2890/2882 1112/2882/2874 1167/2902/2894
f 1167/2902/2894 1112/2882/2874 1138/2903/2895
f 1112/2882/2874 1082/2901/2893 1138/2903/2895
f 1692/2891/2883 1714/2900/2892 1681/2904/2896
f 862/2887/2879 863/2892/2884 1031/2905/2897
f 1673/2897/2889 1692/2891/2883 1681/2904/2896
f 863/2892/2884 864/2893/2885 865/2906/2898
f 873/2898/2890 910/2885/2877 930/2886/2878
f 1582/1373/1370 1583/2894/2886 1584/2907/2899
f 1606/1374/1371 1582/1373/1370 1584/2907/2899
f 1900/1351/1348 1901/1364/1361 2040/1397/1394
f 1732/2896/2888 1764/2908/2900 1739/2909/2901
f 1257/2895/2887 1162/2890/2882 1278/2910/2902
f 1278/2910/2902 1162/2890/2882 1167/2902/2894
f 1714/2900/2892 1732/2896/2888 1701/2911/2903
f 1082/2901/2893 862/2887/2879 1031/2905/2897
f 1031/2905/2897 863/2892/2884 865/2906/2898
f 864/2893/2885 873/2898/2890 866/2912/2904
f 1673/2897/2889 1681/2904/2896 1587/2913/2905
f 1583/2894/2886 1673/2897/2889 1587/2913/2905
f 873/2898/2890 930/2886/2878 887/1443/1440
f 930/2886/2878 958/2899/2891 887/1443/1440
f 887/1443/1440 958/2899/2891 913/1444/1441
f 1583/2894/2886 1587/2913/2905 1584/2907/2899
f 1606/1374/1371 1584/2907/2899 1605/1382/1379
f 1935/1383/1380 1879/1384/1381 2001/1406/1403
f 1879/1384/1381 1854/1376/1373 1861/1399/1396
f 206/1347/1344 563/1385/1382 235/1386/1383
f 1701/2911/2903 1732/2896/2888 1739/2909/2901
f 1082/2901/2893 1031/2905/2897 1106/2914/2906
f 1714/2900/2892 1701/2911/2903 1681/2904/2896
f 864/2893/2885 866/2912/2904 865/2906/2898
f 958/2899/2891 967/1394/1391 913/1444/1441
f 1224/1413/1410 1290/1412/1409 1282/2915/2907
f 585/1356/1353 599/1403/1400 552/1358/1355
f 552/1358/1355 563/1385/1382 553/1375/1372
f 203/1368/1365 235/1386/1383 228/1431/1428
f 1701/2911/2903 1739/2909/2901 1707/2916/2908
f 1707/2916/2908 1739/2909/2901 1742/2917/2909
f 1278/2910/2902 1167/2902/2894 1286/2918/2910
f 1167/2902/2894 1138/2903/2895 1169/2919/2911
f 1138/2903/2895 1082/2901/2893 1169/2919/2911
f 1169/2919/2911 1082/2901/2893 1106/2914/2906
f 1106/2914/2906 1031/2905/2897 1103/2920/2912
f 866/2912/2904 873/2898/2890 870/2921/2913
f 1587/2913/2905 1681/2904/2896 1663/2922/2914
f 873/2898/2890 887/1443/1440 870/2921/2913
f 1605/1382/1379 1584/2907/2899 1589/1422/1419
f 1605/1382/1379 1589/1422/1419 1632/1402/1399
f 1286/2918/2910 1167/2902/2894 1169/2919/2911
f 1045/2923/2915 1031/2905/2897 865/2906/2898
f 1681/2904/2896 1701/2911/2903 1663/2922/2914
f 1663/2922/2914 1701/2911/2903 1700/2924/2916
f 865/2906/2898 866/2912/2904 867/2925/2917
f 1584/2907/2899 1587/2913/2905 1588/2926/2918
f 913/1444/1441 967/1394/1391 935/2927/2919
f 1589/1422/1419 1584/2907/2899 1588/2926/2918
f 967/1394/1391 963/1411/1408 935/2927/2919
f 963/1411/1408 1236/1396/1393 1224/1413/1410
f 1224/1413/1410 1282/2915/2907 1237/2928/2920
f 2398/1426/1423 2397/1427/1424 2396/1447/1444
f 203/1368/1365 228/1431/1428 202/1388/1385
f 1169/2919/2911 1106/2914/2906 1183/2929/2921
f 1183/2929/2921 1106/2914/2906 1165/2930/2922
f 1165/2930/2922 1106/2914/2906 1103/2920/2912
f 1701/2911/2903 1707/2916/2908 1700/2924/2916
f 1103/2920/2912 1031/2905/2897 1045/2923/2915
f 1045/2923/2915 865/2906/2898 867/2925/2917
f 866/2912/2904 870/2921/2913 868/2931/2923
f 867/2925/2917 866/2912/2904 868/2931/2923
f 870/2921/2913 887/1443/1440 876/1445/1442
f 1588/2926/2918 1587/2913/2905 1663/2922/2914
f 1590/2932/2924 1589/1422/1419 1588/2926/2918
f 1589/1422/1419 1590/2932/2924 1604/1423/1420
f 1632/1402/1399 1604/1423/1420 1631/2933/2925
f 1632/1402/1399 1631/2933/2925 1776/1452/1449
f 1707/2916/2908 1742/2917/2909 1722/2934/2926
f 1742/2917/2909 1767/2935/2927 1730/2936/2928
f 1286/2918/2910 1169/2919/2911 1183/2929/2921
f 1183/2929/2921 1165/2930/2922 1245/2937/2929
f 1663/2922/2914 1700/2924/2916 1667/1459/1456
f 876/1445/1442 913/1444/1441 903/2938/2930
f 1663/2922/2914 1667/1459/1456 1591/1461/1458
f 1588/2926/2918 1663/2922/2914 1591/1461/1458
f 903/2938/2930 913/1444/1441 935/2927/2919
f 1588/2926/2918 1591/1461/1458 1590/2932/2924
f 963/1411/1408 1224/1413/1410 948/1463/1460
f 948/1463/1460 1224/1413/1410 1237/2928/2920
f 1978/1470/1467 1913/1429/1426 1928/1448/1445
f 1949/1438/1435 1946/1433/1430 2004/1439/1436
f 1722/2934/2926 1742/2917/2909 1730/2936/2928
f 1103/2920/2912 1045/2923/2915 1104/2939/2931
f 1104/2939/2931 1045/2923/2915 1066/2940/2932
f 1066/2940/2932 1045/2923/2915 867/2925/2917
f 867/2925/2917 868/2931/2923 869/2941/2933
f 1700/2924/2916 1707/2916/2908 1667/1459/1456
f 903/2938/2930 935/2927/2919 914/1462/1459
f 935/2927/2919 963/1411/1408 914/1462/1459
f 1590/2932/2924 1591/1461/1458 1592/2942/2934
f 1604/1423/1420 1590/2932/2924 1592/2942/2934
f 1604/1423/1420 1592/2942/2934 1603/1453/1450
f 948/1463/1460 1237/2928/2920 1218/2943/2935
f 2395/2944/2936 2398/1426/1423 2396/1447/1444
f 1631/2933/2925 1604/1423/1420 1603/1453/1450
f 1631/2933/2925 1603/1453/1450 1776/1452/1449
f 555/1430/1427 577/1428/1425 598/1455/1452
f 555/1430/1427 556/1456/1453 228/1431/1428
f 1730/2936/2928 1767/2935/2927 1766/2945/2937
f 1166/2946/2938 1103/2920/2912 1104/2939/2931
f 1707/2916/2908 1722/2934/2926 1687/2947/2939
f 868/2931/2923 870/2921/2913 871/2948/2940
f 1667/1459/1456 1707/2916/2908 1687/2947/2939
f 871/2948/2940 870/2921/2913 876/1445/1442
f 1667/1459/1456 1687/2947/2939 1679/2949/2941
f 876/1445/1442 903/2938/2930 875/2950/2942
f 1594/1460/1457 1667/1459/1456 1679/2949/2941
f 1592/2942/2934 1591/1461/1458 1593/2951/2943
f 2392/2952/2944 2396/1447/1444 2394/1446/1443
f 555/1430/1427 598/1455/1452 556/1456/1453
f 1245/2937/2929 1165/2930/2922 1166/2946/2938
f 1166/2946/2938 1165/2930/2922 1103/2920/2912
f 1066/2940/2932 867/2925/2917 869/2941/2933
f 1722/2934/2926 1730/2936/2928 1721/2953/2945
f 1687/2947/2939 1722/2934/2926 1721/2953/2945
f 903/2938/2930 914/1462/1459 875/2950/2942
f 875/2950/2942 914/1462/1459 896/2954/2946
f 1591/1461/1458 1594/1460/1457 1593/2951/2943
f 914/1462/1459 948/1463/1460 912/2955/2947
f 2395/2944/2936 2396/1447/1444 2392/2952/2944
f 1603/1453/1450 1592/2942/2934 1593/2951/2943
f 1603/1453/1450 1593/2951/2943 1602/1475/1472
f 1643/1454/1451 1603/1453/1450 1602/1475/1472
f 1643/1454/1451 1602/1475/1472 1626/1477/1474
f 1643/1454/1451 1626/1477/1474 1778/2956/2948
f 2006/1479/1476 1949/1438/1435 2004/1439/1436
f 1730/2936/2928 1766/2945/2937 1745/2957/2949
f 1745/2957/2949 1766/2945/2937 1771/2958/2950
f 869/2941/2933 868/2931/2923 872/2959/2951
f 872/2959/2951 868/2931/2923 871/2948/2940
f 871/2948/2940 876/1445/1442 875/2950/2942
f 1679/2949/2941 1687/2947/2939 1658/2960/2952
f 1594/1460/1457 1679/2949/2941 1658/2960/2952
f 896/2954/2946 914/1462/1459 912/2955/2947
f 912/2955/2947 948/1463/1460 933/2961/2953
f 1593/2951/2943 1594/1460/1457 1595/2962/2954
f 933/2961/2953 948/1463/1460 1218/2943/2935
f 2392/2952/2944 2394/1446/1443 2388/2963/2955
f 2394/1446/1443 2393/2964/2956 2388/2963/2955
f 556/1456/1453 589/1482/1479 240/1457/1454
f 201/1432/1429 240/1457/1454 220/1472/1469
f 1166/2946/2938 1104/2939/2931 1197/2965/2957
f 1197/2965/2957 1104/2939/2931 1105/2966/2958
f 1104/2939/2931 1066/2940/2932 1105/2966/2958
f 1105/2966/2958 1066/2940/2932 1083/2967/2959
f 1083/2967/2959 1066/2940/2932 869/2941/2933
f 1687/2947/2939 1721/2953/2945 1702/2968/2960
f 1594/1460/1457 1658/2960/2952 1595/2962/2954
f 1593/2951/2943 1595/2962/2954 1596/1476/1473
f 2390/2969/2961 2395/2944/2936 2392/2952/2944
f 1602/1475/1472 1593/2951/2943 1596/1476/1473
f 2383/2970/2962 2392/2952/2944 2388/2963/2955
f 2382/1508/1505 2388/2963/2955 2393/2964/2956
f 1778/2956/2948 1626/1477/1474 1652/2971/2963
f 240/1457/1454 575/1483/1480 220/1472/1469
f 1083/2967/2959 869/2941/2933 1051/2972/2964
f 1051/2972/2964 869/2941/2933 872/2959/2951
f 1745/2957/2949 1771/2958/2950 1765/2973/2965
f 872/2959/2951 871/2948/2940 874/2974/2966
f 1730/2936/2928 1745/2957/2949 1720/2975/2967
f 871/2948/2940 875/2950/2942 874/2974/2966
f 874/2974/2966 875/2950/2942 879/2976/2968
f 1721/2953/2945 1730/2936/2928 1702/2968/2960
f 1702/2968/2960 1730/2936/2928 1720/2975/2967
f 880/2977/2969 875/2950/2942 896/2954/2946
f 1658/2960/2952 1687/2947/2939 1666/2978/2970
f 1687/2947/2939 1702/2968/2960 1666/2978/2970
f 1658/2960/2952 1666/2978/2970 1598/2979/2971
f 1595/2962/2954 1658/2960/2952 1598/2979/2971
f 933/2961/2953 1218/2943/2935 1191/2980/2972
f 2390/2969/2961 2392/2952/2944 2383/2970/2962
f 1596/1476/1473 1595/2962/2954 1597/2981/2973
f 1626/1477/1474 1625/2982/2974 1652/2971/2963
f 2382/1508/1505 2393/2964/2956 2370/2983/2975
f 177/1464/1461 179/1488/1485 178/1466/1463
f 1720/2975/2967 1745/2957/2949 1735/2984/2976
f 879/2976/2968 875/2950/2942 880/2977/2969
f 912/2955/2947 933/2961/2953 905/2985/2977
f 1666/2978/2970 1599/2986/2978 1598/2979/2971
f 1595/2962/2954 1598/2979/2971 1597/2981/2973
f 2383/2970/2962 2388/2963/2955 2382/1508/1505
f 1596/1476/1473 1597/2981/2973 1626/1477/1474
f 1626/1477/1474 1597/2981/2973 1625/2982/2974
f 1197/2965/2957 1105/2966/2958 1194/2987/2979
f 1052/2988/2980 1051/2972/2964 872/2959/2951
f 1735/2984/2976 1745/2957/2949 1765/2973/2965
f 1666/2978/2970 1702/2968/2960 1677/2989/2981
f 1702/2968/2960 1720/2975/2967 1677/2989/2981
f 1666/2978/2970 1677/2989/2981 1599/2986/2978
f 942/2990/2982 933/2961/2953 1191/2980/2972
f 1598/2979/2971 1599/2986/2978 1597/2981/2973
f 2382/1508/1505 2370/2983/2975 2371/1509/1506
f 2370/2983/2975 2401/2991/2983 2369/2992/2984
f 589/1482/1479 601/2993/2985 575/1483/1480
f 2027/1513/1510 1962/1484/1481 2019/1487/1484
f 2019/1487/1484 1963/1478/1475 2050/1497/1494
f 1963/1478/1475 2006/1479/1476 2050/1497/1494
f 1105/2966/2958 1083/2967/2959 1113/2994/2986
f 1194/2987/2979 1105/2966/2958 1113/2994/2986
f 1052/2988/2980 872/2959/2951 1030/2995/2987
f 1030/2995/2987 872/2959/2951 874/2974/2966
f 1735/2984/2976 1765/2973/2965 1761/2996/2988
f 1283/2997/2989 1197/2965/2957 1194/2987/2979
f 896/2954/2946 912/2955/2947 905/2985/2977
f 1599/2986/2978 1677/2989/2981 1601/2998/2990
f 2391/2999/2991 2390/2969/2961 2381/1510/1507
f 2390/2969/2961 2383/2970/2962 2381/1510/1507
f 1597/2981/2973 1599/2986/2978 1600/3000/2992
f 2383/2970/2962 2382/1508/1505 2381/1510/1507
f 1625/2982/2974 1608/1502/1499 1652/2971/2963
f 1652/2971/2963 1608/1502/1499 1651/1501/1498
f 1113/2994/2986 1083/2967/2959 1051/2972/2964
f 879/2976/2968 880/2977/2969 881/3001/2993
f 1689/1522/1519 1720/2975/2967 1735/2984/2976
f 880/2977/2969 896/2954/2946 904/3002/2994
f 904/3002/2994 896/2954/2946 905/2985/2977
f 1677/2989/2981 1720/2975/2967 1689/1522/1519
f 905/2985/2977 933/2961/2953 942/2990/2982
f 1600/3000/2992 1599/2986/2978 1601/2998/2990
f 1597/2981/2973 1600/3000/2992 1608/1502/1499
f 1597/2981/2973 1608/1502/1499 1625/2982/2974
f 2371/1509/1506 2370/2983/2975 2367/3003/2995
f 2367/3003/2995 2370/2983/2975 2369/2992/2984
f 575/1483/1480 232/1504/1501 220/1472/1469
f 420/1500/1497 329/1491/1488 375/1516/1513
f 1113/2994/2986 1051/2972/2964 1052/2988/2980
f 1283/2997/2989 1194/2987/2979 1176/3004/2996
f 1176/3004/2996 1194/2987/2979 1113/2994/2986
f 881/3001/2993 880/2977/2969 904/3002/2994
f 1609/1524/1521 1677/2989/2981 1689/1522/1519
f 1601/2998/2990 1677/2989/2981 1609/1524/1521
f 2371/1509/1506 2367/3003/2995 2368/3005/2997
f 601/2993/2985 600/1517/1514 575/1483/1480
f 1176/3004/2996 1113/2994/2986 1175/3006/2998
f 1052/2988/2980 1030/2995/2987 1067/3007/2999
f 874/2974/2966 879/2976/2968 1030/2995/2987
f 978/3008/3000 879/2976/2968 881/3001/2993
f 1601/2998/2990 1609/1524/1521 1607/3009/3001
f 1600/3000/2992 1601/2998/2990 1607/3009/3001
f 2381/1510/1507 2371/1509/1506 2375/3010/3002
f 1608/1502/1499 1600/3000/2992 1607/3009/3001
f 1608/1502/1499 1607/3009/3001 1620/3011/3003
f 1608/1502/1499 1620/3011/3003 1640/1503/1500
f 2367/3003/2995 2369/2992/2984 2365/3012/3004
f 2365/3012/3004 2369/2992/2984 2407/3013/3005
f 1175/3006/2998 1113/2994/2986 1114/3014/3006
f 1114/3014/3006 1113/2994/2986 1052/2988/2980
f 1030/2995/2987 879/2976/2968 978/3008/3000
f 1703/3015/3007 1735/2984/2976 1736/3016/3008
f 1736/3016/3008 1735/2984/2976 1761/2996/2988
f 1689/1522/1519 1735/2984/2976 1703/3015/3007
f 905/2985/2977 942/2990/2982 928/3017/3009
f 2384/3018/3010 2391/2999/2991 2381/1510/1507
f 2051/1512/1509 2050/1497/1494 2058/3019/3011
f 537/1505/1502 607/3020/3012 538/1493/1490
f 1114/3014/3006 1052/2988/2980 1067/3007/2999
f 1056/3021/3013 1030/2995/2987 978/3008/3000
f 1736/3016/3008 1761/2996/2988 1762/3022/3014
f 904/3002/2994 905/2985/2977 906/3023/3015
f 906/3023/3015 905/2985/2977 928/3017/3009
f 928/3017/3009 942/2990/2982 1136/3024/3016
f 1689/1522/1519 1703/3015/3007 1661/1523/1520
f 1607/3009/3001 1609/1524/1521 1629/3025/3017
f 2375/3010/3002 2371/1509/1506 2368/3005/2997
f 1620/3011/3003 1607/3009/3001 1629/3025/3017
f 1620/3011/3003 1629/3025/3017 1630/1526/1523
f 1620/3011/3003 1630/1526/1523 1640/1503/1500
f 2358/3026/3018 2367/3003/2995 2365/3012/3004
f 611/1534/1531 537/1505/1502 567/1535/1532
f 1067/3007/2999 1030/2995/2987 1056/3021/3013
f 881/3001/2993 904/3002/2994 911/3027/3019
f 904/3002/2994 906/3023/3015 907/3028/3020
f 1736/3016/3008 1762/3022/3014 1747/3029/3021
f 1609/1524/1521 1661/1523/1520 1629/3025/3017
f 2368/3005/2997 2367/3003/2995 2358/3026/3018
f 600/1517/1514 572/1532/1529 566/1511/1508
f 2408/1548/1545 2365/3012/3004 2407/3013/3005
f 945/3030/3022 978/3008/3000 881/3001/2993
f 945/3030/3022 881/3001/2993 911/3027/3019
f 1175/3006/2998 1114/3014/3006 1174/3031/3023
f 1118/3032/3024 1114/3014/3006 1067/3007/2999
f 1118/3032/3024 1067/3007/2999 1056/3021/3013
f 911/3027/3019 904/3002/2994 907/3028/3020
f 1274/3033/3025 1176/3004/2996 1175/3006/2998
f 1703/3015/3007 1736/3016/3008 1717/3034/3026
f 1661/1523/1520 1703/3015/3007 1671/3035/3027
f 2384/3018/3010 2381/1510/1507 2375/3010/3002
f 1629/3025/3017 1661/1523/1520 1671/3035/3027
f 2375/3010/3002 2368/3005/2997 2372/3036/3028
f 2358/3026/3018 2365/3012/3004 2357/1547/1544
f 2357/1547/1544 2365/3012/3004 2408/1548/1545
f 1174/3031/3023 1114/3014/3006 1118/3032/3024
f 1274/3033/3025 1175/3006/2998 1174/3031/3023
f 1717/3034/3026 1736/3016/3008 1747/3029/3021
f 928/3017/3009 1136/3024/3016 959/3037/3029
f 1671/3035/3027 1703/3015/3007 1717/3034/3026
f 1629/3025/3017 1671/3035/3027 1650/3038/3030
f 1630/1526/1523 1629/3025/3017 1650/3038/3030
f 1630/1526/1523 1650/3038/3030 1655/1540/1537
f 2368/3005/2997 2358/3026/3018 2356/3039/3031
f 1630/1526/1523 1655/1540/1537 1647/1527/1524
f 1119/1582/1579 1056/3021/3013 1063/1580/1577
f 1063/1580/1577 1056/3021/3013 978/3008/3000
f 1118/3032/3024 1056/3021/3013 1119/1582/1579
f 1273/3040/3032 1274/3033/3025 1174/3031/3023
f 924/3041/3033 906/3023/3015 928/3017/3009
f 924/3041/3033 928/3017/3009 959/3037/3029
f 1740/1555/1552 1747/3029/3021 1774/3042/3034
f 1717/3034/3026 1747/3029/3021 1740/1555/1552
f 1671/3035/3027 1717/3034/3026 1740/1555/1552
f 2372/3036/3028 2368/3005/2997 2366/3043/3035
f 2366/3043/3035 2368/3005/2997 2356/3039/3031
f 2356/3039/3031 2358/3026/3018 2357/1547/1544
f 614/1536/1533 567/1535/1532 602/1552/1549
f 978/3008/3000 945/3030/3022 972/3044/3036
f 1174/3031/3023 1118/3032/3024 1173/1572/1569
f 907/3028/3020 906/3023/3015 908/3045/3037
f 1273/3040/3032 1174/3031/3023 1272/1571/1568
f 1671/3035/3027 1740/1555/1552 1755/1556/1553
f 1671/3035/3027 1755/1556/1553 1754/1560/1557
f 1650/3038/3030 1671/3035/3027 1754/1560/1557
f 1655/1540/1537 1650/3038/3030 1754/1560/1557
f 1655/1540/1537 1754/1560/1557 1775/1563/1560
f 1655/1540/1537 1775/1563/1560 1785/1541/1538
f 615/1567/1564 614/1536/1533 602/1552/1549
f 1063/1580/1577 978/3008/3000 1073/3046/3038
f 1073/3046/3038 978/3008/3000 972/3044/3036
f 1173/1572/1569 1118/3032/3024 1119/1582/1579
f 1272/1571/1568 1174/3031/3023 1173/1572/1569
f 1310/3047/3039 1311/3048/3040 1273/3040/3032
f 1310/3047/3039 1273/3040/3032 1272/1571/1568
f 2385/3049/3041 2384/3018/3010 2376/3050/3042
f 2384/3018/3010 2375/3010/3002 2376/3050/3042
f 2376/3050/3042 2375/3010/3002 2372/3036/3028
f 2356/3039/3031 2357/1547/1544 2355/1546/1543
f 2361/1545/1542 2408/1548/1545 2412/3051/3043
f 945/3030/3022 911/3027/3019 907/3028/3020
f 1173/1572/1569 1119/1582/1579 1075/1581/1578
f 946/3052/3044 907/3028/3020 908/3045/3037
f 908/3045/3037 906/3023/3015 924/3041/3033
f 1787/1561/1558 1754/1560/1557 1755/1556/1553
f 1787/1561/1558 1755/1556/1553 1788/1554/1551
f 972/3044/3036 945/3030/3022 950/3053/3045
f 1248/1570/1567 1173/1572/1569 1075/1581/1578
f 2609/1574/1571 2611/1573/1570 2616/3054/3046
f 2603/3055/3047 2605/1576/1573 2604/1575/1572
f 2601/1584/1581 2603/3055/3047 2604/1575/1572
f 2600/1583/1580 2603/3055/3047 2601/1584/1581
f 2373/3056/3048 2372/3036/3028 2366/3043/3035
f 2362/3057/3049 2366/3043/3035 2356/3039/3031
f 616/1566/1563 602/1552/1549 588/1626/1623
f 602/1552/1549 505/1551/1548 490/1578/1575
f 950/3053/3045 945/3030/3022 907/3028/3020
f 951/3058/3050 924/3041/3033 959/3037/3029
f 951/3058/3050 959/3037/3029 1100/3059/3051
f 2386/3060/3052 2385/3049/3041 2376/3050/3042
f 2386/3060/3052 2376/3050/3042 2377/3061/3053
f 2376/3050/3042 2372/3036/3028 2373/3056/3048
f 2373/3056/3048 2366/3043/3035 2362/3057/3049
f 588/1626/1623 602/1552/1549 490/1578/1575
f 1073/3046/3038 972/3044/3036 973/3062/3054
f 1075/1581/1578 1063/1580/1577 1073/3046/3038
f 908/3045/3037 924/3041/3033 951/3058/3050
f 2615/1619/1616 2609/1574/1571 2616/3054/3046
f 2606/1594/1591 2601/1584/1581 2604/1575/1572
f 2377/3061/3053 2376/3050/3042 2373/3056/3048
f 2362/3057/3049 2356/3039/3031 2353/3063/3055
f 2353/3063/3055 2356/3039/3031 2355/1546/1543
f 2353/3063/3055 2355/1546/1543 2354/3064/3056
f 2354/3064/3056 2355/1546/1543 2361/1545/1542
f 970/3065/3057 950/3053/3045 907/3028/3020
f 970/3065/3057 907/3028/3020 946/3052/3044
f 2615/1619/1616 2616/3054/3046 2618/3066/3058
f 2361/1545/1542 2412/3051/3043 2411/3067/3059
f 2354/3064/3056 2361/1545/1542 2411/3067/3059
f 618/1612/1609 616/1566/1563 588/1626/1623
f 971/3068/3060 972/3044/3036 950/3053/3045
f 2615/1619/1616 2618/3066/3058 2715/3069/3061
f 2610/1597/1594 2609/1574/1571 2615/1619/1616
f 2363/3070/3062 2362/3057/3049 2353/3063/3055
f 1186/3071/3063 1075/1581/1578 1074/3072/3064
f 1074/3072/3064 1075/1581/1578 1073/3046/3038
f 1074/3072/3064 1073/3046/3038 973/3062/3054
f 970/3065/3057 946/3052/3044 979/3073/3065
f 979/3073/3065 946/3052/3044 908/3045/3037
f 1044/3074/3066 951/3058/3050 1100/3059/3051
f 1044/3074/3066 1100/3059/3051 1101/3075/3067
f 2378/3076/3068 2377/3061/3053 2374/3077/3069
f 2374/3077/3069 2377/3061/3053 2373/3056/3048
f 973/3062/3054 972/3044/3036 971/3068/3060
f 2617/3078/3070 2615/1619/1616 2715/3069/3061
f 2614/1615/1612 2615/1619/1616 2617/3078/3070
f 979/3073/3065 908/3045/3037 951/3058/3050
f 2386/3060/3052 2377/3061/3053 2387/3079/3071
f 2387/3079/3071 2377/3061/3053 2378/3076/3068
f 2374/3077/3069 2373/3056/3048 2362/3057/3049
f 2374/3077/3069 2362/3057/3049 2363/3070/3062
f 2352/1658/1655 2353/3063/3055 2354/3064/3056
f 979/3073/3065 951/3058/3050 1044/3074/3066
f 2352/1658/1655 2354/3064/3056 2410/1655/1652
f 2410/1655/1652 2354/3064/3056 2411/3067/3059
f 971/3068/3060 950/3053/3045 970/3065/3057
f 2619/1620/1617 2614/1615/1612 2673/1639/1636
f 2673/1639/1636 2614/1615/1612 2617/3078/3070
f 2665/1640/1637 2621/1627/1624 2619/1620/1617
f 2359/3080/3072 2363/3070/3062 2353/3063/3055
f 617/1599/1596 618/1612/1609 620/1679/1676
f 592/1677/1674 618/1612/1609 588/1626/1623
f 1186/3071/3063 1074/3072/3064 1076/3081/3073
f 974/3082/3074 1074/3072/3064 973/3062/3054
f 2673/1639/1636 2617/3078/3070 2715/3069/3061
f 971/3068/3060 970/3065/3057 976/3083/3075
f 970/3065/3057 979/3073/3065 1003/3084/3076
f 979/3073/3065 1044/3074/3066 1062/3085/3077
f 2389/3086/3078 2387/3079/3071 2378/3076/3068
f 2380/3087/3079 2378/3076/3068 2374/3077/3069
f 2374/3077/3069 2363/3070/3062 2364/3088/3080
f 2364/3088/3080 2363/3070/3062 2359/3080/3072
f 2359/3080/3072 2353/3063/3055 2352/1658/1655
f 620/1679/1676 618/1612/1609 592/1677/1674
f 592/1677/1674 588/1626/1623 503/1637/1634
f 1120/3089/3081 1187/3090/3082 1076/3081/3073
f 1076/3081/3073 1187/3090/3082 1186/3071/3063
f 1076/3081/3073 1074/3072/3064 974/3082/3074
f 974/3082/3074 973/3062/3054 971/3068/3060
f 2664/1651/1648 2665/1640/1637 2673/1639/1636
f 976/3083/3075 970/3065/3057 1003/3084/3076
f 1003/3084/3076 979/3073/3065 1062/3085/3077
f 1044/3074/3066 1101/3075/3067 1109/3091/3083
f 1109/3091/3083 1101/3075/3067 1160/3092/3084
f 2389/3086/3078 2378/3076/3068 2380/3087/3079
f 2380/3087/3079 2374/3077/3069 2364/3088/3080
f 2359/3080/3072 2352/1658/1655 2360/1657/1654
f 2664/1651/1648 2673/1639/1636 2725/3093/3085
f 1168/3094/3086 1187/3090/3082 1120/3089/3081
f 1062/3085/3077 1044/3074/3066 1109/3091/3083
f 1264/3095/3087 1160/3092/3084 1265/3096/3088
f 503/1637/1634 424/1618/1615 396/1638/1635
f 1120/3089/3081 1076/3081/3073 981/3097/3089
f 977/3098/3090 971/3068/3060 976/3083/3075
f 2624/1662/1659 2621/1627/1624 2664/1651/1648
f 1109/3091/3083 1160/3092/3084 1223/3099/3091
f 2379/3100/3092 2364/3088/3080 2359/3080/3072
f 2706/3101/3093 2664/1651/1648 2725/3093/3085
f 981/3097/3089 1076/3081/3073 974/3082/3074
f 980/3102/3094 974/3082/3074 971/3068/3060
f 980/3102/3094 971/3068/3060 977/3098/3090
f 2627/1666/1663 2624/1662/1659 2628/1683/1680
f 1032/3103/3095 976/3083/3075 1003/3084/3076
f 1032/3103/3095 1003/3084/3076 1068/3104/3096
f 1068/3104/3096 1003/3084/3076 1062/3085/3077
f 1062/3085/3077 1109/3091/3083 1153/3105/3097
f 1153/3105/3097 1109/3091/3083 1223/3099/3091
f 1223/3099/3091 1160/3092/3084 1264/3095/3087
f 2379/3100/3092 2380/3087/3079 2364/3088/3080
f 1085/3106/3098 1168/3094/3086 1120/3089/3081
f 2624/1662/1659 2664/1651/1648 2663/1682/1679
f 2663/1682/1679 2664/1651/1648 2706/3101/3093
f 1068/3104/3096 1062/3085/3077 1128/3107/3099
f 1128/3107/3099 1062/3085/3077 1129/3108/3100
f 1129/3108/3100 1062/3085/3077 1153/3105/3097
f 621/1678/1675 592/1677/1674 574/1680/1677
f 1085/3106/3098 1120/3089/3081 982/3109/3101
f 982/3109/3101 1120/3089/3081 981/3097/3089
f 982/3109/3101 981/3097/3089 980/3102/3094
f 980/3102/3094 981/3097/3089 974/3082/3074
f 1006/3110/3102 980/3102/3094 977/3098/3090
f 1006/3110/3102 977/3098/3090 976/3083/3075
f 1153/3105/3097 1223/3099/3091 1289/3111/3103
f 1223/3099/3091 1264/3095/3087 1289/3111/3103
f 2405/3112/3104 2380/3087/3079 2404/3113/3105
f 2404/3113/3105 2380/3087/3079 2402/3114/3106
f 2380/3087/3079 2379/3100/3092 2402/3114/3106
f 2379/3100/3092 2359/3080/3072 2403/3115/3107
f 2359/3080/3072 2360/1657/1654 2406/3116/3108
f 2403/3115/3107 2359/3080/3072 2406/3116/3108
f 2406/3116/3108 2360/1657/1654 2409/1656/1653
f 2659/1700/1697 2663/1682/1679 2706/3101/3093
f 982/3109/3101 980/3102/3094 983/3117/3109
f 2659/1700/1697 2629/1684/1681 2628/1683/1680
f 1006/3110/3102 976/3083/3075 1032/3103/3095
f 1520/3118/3110 1564/3119/3111 1514/3120/3112
f 1528/3121/3113 1565/3122/3114 1458/3123/3115
f 2718/3124/3116 2659/1700/1697 2719/3125/3117
f 2659/1700/1697 2706/3101/3093 2719/3125/3117
f 1158/1723/1720 1216/3126/3118 1078/3127/3119
f 1078/3127/3119 1216/3126/3118 1168/3094/3086
f 1078/3127/3119 1168/3094/3086 1085/3106/3098
f 985/3128/3120 1085/3106/3098 982/3109/3101
f 985/3128/3120 982/3109/3101 984/3129/3121
f 983/3117/3109 980/3102/3094 1007/3130/3122
f 1007/3130/3122 980/3102/3094 1006/3110/3102
f 1124/3131/3123 1068/3104/3096 1128/3107/3099
f 1128/3107/3099 1129/3108/3100 1177/3132/3124
f 1129/3108/3100 1153/3105/3097 1258/3133/3125
f 1554/3134/3126 1560/3135/3127 1521/3136/3128
f 1521/3136/3128 1560/3135/3127 1546/3137/3129
f 1514/3120/3112 1528/3121/3113 1464/3138/3130
f 1528/3121/3113 1458/3123/3115 1464/3138/3130
f 1565/3122/3114 1567/3139/3131 1458/3123/3115
f 2631/1702/1699 2659/1700/1697 2661/1712/1709
f 2661/1712/1709 2659/1700/1697 2718/3124/3116
f 1078/3127/3119 1085/3106/3098 985/3128/3120
f 984/3129/3121 982/3109/3101 983/3117/3109
f 1055/3140/3132 1032/3103/3095 1068/3104/3096
f 1177/3132/3124 1124/3131/3123 1128/3107/3099
f 1177/3132/3124 1129/3108/3100 1258/3133/3125
f 1521/3136/3128 1546/3137/3129 1499/3141/3133
f 1499/3141/3133 1546/3137/3129 1520/3118/3110
f 1469/3142/3134 1499/3141/3133 1520/3118/3110
f 1469/3142/3134 1520/3118/3110 1514/3120/3112
f 1469/3142/3134 1514/3120/3112 1464/3138/3130
f 1399/1744/1741 1458/3123/3115 1567/3139/3131
f 513/1671/1668 580/3143/3135 574/1680/1677
f 1158/1723/1720 1078/3127/3119 1065/1724/1721
f 1007/3130/3122 1006/3110/3102 1033/3144/3136
f 1033/3144/3136 1006/3110/3102 1055/3140/3132
f 1006/3110/3102 1032/3103/3095 1055/3140/3132
f 1055/3140/3132 1068/3104/3096 1124/3131/3123
f 1509/3145/3137 1555/3146/3138 1554/3134/3126
f 1509/3145/3137 1554/3134/3126 1521/3136/3128
f 1509/3145/3137 1521/3136/3128 1491/3147/3139
f 1499/3141/3133 1469/3142/3134 1468/3148/3140
f 542/1721/1718 580/3143/3135 513/1671/1668
f 2739/3149/3141 2661/1712/1709 2740/3150/3142
f 2661/1712/1709 2718/3124/3116 2740/3150/3142
f 1132/3151/3143 1159/1722/1719 1065/1724/1721
f 1065/1724/1721 1078/3127/3119 987/3152/3144
f 987/3152/3144 1078/3127/3119 985/3128/3120
f 2633/1707/1704 2631/1702/1699 2634/1731/1728
f 985/3128/3120 984/3129/3121 986/3153/3145
f 1033/3144/3136 1055/3140/3132 1069/3154/3146
f 1491/3147/3139 1521/3136/3128 1499/3141/3133
f 1478/3155/3147 1491/3147/3139 1499/3141/3133
f 1468/3148/3140 1478/3155/3147 1499/3141/3133
f 1444/3156/3148 1468/3148/3140 1469/3142/3134
f 1444/3156/3148 1469/3142/3134 1464/3138/3130
f 1389/1743/1740 1444/3156/3148 1464/3138/3130
f 1389/1743/1740 1464/3138/3130 1458/3123/3115
f 1399/1744/1741 1389/1743/1740 1458/3123/3115
f 2705/1732/1729 2661/1712/1709 2739/3149/3141
f 986/3153/3145 984/3129/3121 983/3117/3109
f 2703/1725/1722 2702/1708/1705 2633/1707/1704
f 1055/3140/3132 1124/3131/3123 1130/3157/3149
f 1130/3157/3149 1124/3131/3123 1177/3132/3124
f 1507/3158/3150 1555/3146/3138 1509/3145/3137
f 1481/3159/3151 1509/3145/3137 1491/3147/3139
f 1481/3159/3151 1491/3147/3139 1465/3160/3152
f 1478/3155/3147 1465/3160/3152 1491/3147/3139
f 1465/3160/3152 1478/3155/3147 1462/3161/3153
f 1462/3161/3153 1478/3155/3147 1468/3148/3140
f 1444/3156/3148 1462/3161/3153 1468/3148/3140
f 2634/1731/1728 2705/1732/1729 2674/1775/1772
f 1064/3162/3154 1133/3163/3155 1132/3151/3143
f 1064/3162/3154 1132/3151/3143 1065/1724/1721
f 988/3164/3156 1065/1724/1721 987/3152/3144
f 1481/3159/3151 1507/3158/3150 1509/3145/3137
f 1451/3165/3157 1481/3159/3151 1465/3160/3152
f 1460/3166/3158 1465/3160/3152 1462/3161/3153
f 1421/3167/3159 1460/3166/3158 1462/3161/3153
f 1421/3167/3159 1462/3161/3153 1444/3156/3148
f 1382/1756/1753 1421/3167/3159 1389/1743/1740
f 1421/3167/3159 1444/3156/3148 1389/1743/1740
f 1382/1756/1753 1389/1743/1740 1384/1742/1739
f 1385/1747/1744 1383/1746/1743 1384/1742/1739
f 1064/3162/3154 1065/1724/1721 988/3164/3156
f 988/3164/3156 987/3152/3144 986/3153/3145
f 986/3153/3145 987/3152/3144 985/3128/3120
f 983/3117/3109 1007/3130/3122 1008/3168/3160
f 1008/3168/3160 1007/3130/3122 1033/3144/3136
f 1069/3154/3146 1055/3140/3132 1125/3169/3161
f 1125/3169/3161 1055/3140/3132 1130/3157/3149
f 1231/3170/3162 1130/3157/3149 1269/3171/3163
f 1269/3171/3163 1130/3157/3149 1177/3132/3124
f 1544/3172/3164 1555/3146/3138 1495/3173/3165
f 1495/3173/3165 1555/3146/3138 1507/3158/3150
f 1480/3174/3166 1507/3158/3150 1481/3159/3151
f 1451/3165/3157 1480/3174/3166 1481/3159/3151
f 1454/3175/3167 1451/3165/3157 1465/3160/3152
f 1454/3175/3167 1465/3160/3152 1460/3166/3158
f 1454/3175/3167 1460/3166/3158 1422/3176/3168
f 1422/3176/3168 1460/3166/3158 1421/3167/3159
f 1422/3176/3168 1421/3167/3159 1382/1756/1753
f 1381/1764/1761 1382/1756/1753 1383/1746/1743
f 1396/1745/1742 1381/1764/1761 1383/1746/1743
f 2635/1733/1730 2634/1731/1728 2674/1775/1772
f 1077/1779/1776 1185/1777/1774 1133/3163/3155
f 1077/1779/1776 1133/3163/3155 1064/3162/3154
f 992/3177/3169 1064/3162/3154 988/3164/3156
f 989/3178/3170 986/3153/3145 990/3179/3171
f 990/3179/3171 986/3153/3145 983/3117/3109
f 1495/3173/3165 1507/3158/3150 1480/3174/3166
f 1457/3180/3172 1440/3181/3173 1480/3174/3166
f 1457/3180/3172 1480/3174/3166 1451/3165/3157
f 1427/3182/3174 1454/3175/3167 1422/3176/3168
f 1371/3183/3175 1427/3182/3174 1422/3176/3168
f 1370/3184/3176 1371/3183/3175 1382/1756/1753
f 1371/3183/3175 1422/3176/3168 1382/1756/1753
f 1378/1763/1760 1370/3184/3176 1381/1764/1761
f 1381/1764/1761 1370/3184/3176 1382/1756/1753
f 1171/3185/3177 1172/1776/1773 1088/1778/1775
f 2666/1774/1771 2639/1780/1777 2635/1733/1730
f 994/3186/3178 1077/1779/1776 1064/3162/3154
f 994/3186/3178 1064/3162/3154 992/3177/3169
f 991/3187/3179 992/3177/3169 988/3164/3156
f 988/3164/3156 986/3153/3145 989/3178/3170
f 2641/1793/1790 2694/1781/1778 2640/1766/1763
f 990/3179/3171 983/3117/3109 1008/3168/3160
f 1008/3168/3160 1033/3144/3136 1069/3154/3146
f 1125/3169/3161 1130/3157/3149 1231/3170/3162
f 1495/3173/3165 1480/3174/3166 1440/3181/3173
f 1425/3188/3180 1457/3180/3172 1451/3165/3157
f 1425/3188/3180 1451/3165/3157 1420/3189/3181
f 1420/3189/3181 1451/3165/3157 1454/3175/3167
f 1420/3189/3181 1454/3175/3167 1427/3182/3174
f 1371/3183/3175 1420/3189/3181 1427/3182/3174
f 1369/3190/3182 1370/3184/3176 1378/1763/1760
f 1402/1798/1795 1369/3190/3182 1378/1763/1760
f 996/3191/3183 1077/1779/1776 994/3186/3178
f 2638/1765/1762 2639/1780/1777 2643/1799/1796
f 991/3187/3179 988/3164/3156 989/3178/3170
f 1084/3192/3184 1008/3168/3160 1069/3154/3146
f 1084/3192/3184 1069/3154/3146 1125/3169/3161
f 1425/3188/3180 1440/3181/3173 1457/3180/3172
f 1368/1814/1811 1420/3189/3181 1371/3183/3175
f 1369/3190/3182 1368/1814/1811 1370/3184/3176
f 1370/3184/3176 1368/1814/1811 1371/3183/3175
f 267/1740/1737 272/1818/1815 266/1754/1751
f 266/1754/1751 272/1818/1815 449/1792/1789
f 1402/1798/1795 1367/1797/1794 1369/3190/3182
f 2643/1799/1796 2666/1774/1771 2710/3193/3185
f 1163/3194/3186 1171/3185/3177 1070/3195/3187
f 1070/3195/3187 1171/3185/3177 1088/1778/1775
f 996/3191/3183 994/3186/3178 995/3196/3188
f 994/3186/3178 992/3177/3169 991/3187/3179
f 995/3196/3188 994/3186/3178 991/3187/3179
f 989/3178/3170 990/3179/3171 1054/3197/3189
f 1054/3197/3189 990/3179/3171 1008/3168/3160
f 1054/3197/3189 1008/3168/3160 1084/3192/3184
f 1556/3198/3190 1544/3172/3164 1517/3199/3191
f 1487/3200/3192 1544/3172/3164 1495/3173/3165
f 1517/3199/3191 1544/3172/3164 1487/3200/3192
f 1440/3181/3173 1487/3200/3192 1495/3173/3165
f 1424/3201/3193 1440/3181/3173 1425/3188/3180
f 1419/1813/1810 1424/3201/3193 1425/3188/3180
f 1419/1813/1810 1425/3188/3180 1420/3189/3181
f 1368/1814/1811 1419/1813/1810 1420/3189/3181
f 1367/1797/1794 1368/1814/1811 1369/3190/3182
f 1403/1796/1793 1366/1816/1813 1367/1797/1794
f 2677/1821/1818 2643/1799/1796 2710/3193/3185
f 1070/3195/3187 1088/1778/1775 999/3202/3194
f 1088/1778/1775 1077/1779/1776 999/3202/3194
f 999/3202/3194 1077/1779/1776 996/3191/3183
f 991/3187/3179 989/3178/3170 1005/3203/3195
f 1365/3204/3196 1398/1812/1809 1368/1814/1811
f 1367/1797/1794 1365/3204/3196 1368/1814/1811
f 1366/1816/1813 1365/3204/3196 1367/1797/1794
f 1054/3197/3189 1084/3192/3184 1127/3205/3197
f 1127/3205/3197 1084/3192/3184 1161/3206/3198
f 1161/3206/3198 1084/3192/3184 1125/3169/3161
f 1471/3207/3199 1517/3199/3191 1487/3200/3192
f 1471/3207/3199 1487/3200/3192 1440/3181/3173
f 1438/3208/3200 1471/3207/3199 1440/3181/3173
f 1418/3209/3201 1438/3208/3200 1440/3181/3173
f 1418/3209/3201 1440/3181/3173 1424/3201/3193
f 1418/3209/3201 1424/3201/3193 1419/1813/1810
f 1398/1812/1809 1418/3209/3201 1419/1813/1810
f 1365/3204/3196 1366/1816/1813 1364/1830/1827
f 2658/1820/1817 2677/1821/1818 2675/1857/1854
f 1000/3210/3202 1070/3195/3187 999/3202/3194
f 1001/3211/3203 995/3196/3188 991/3187/3179
f 1005/3203/3195 989/3178/3170 1059/3212/3204
f 1161/3206/3198 1125/3169/3161 1231/3170/3162
f 1397/3213/3205 1418/3209/3201 1398/1812/1809
f 1397/3213/3205 1398/1812/1809 1365/3204/3196
f 2646/1832/1829 2645/1822/1819 2667/1856/1853
f 2667/1856/1853 2645/1822/1819 2675/1857/1854
f 2675/1857/1854 2645/1822/1819 2658/1820/1817
f 2675/1857/1854 2677/1821/1818 2743/3214/3206
f 2677/1821/1818 2710/3193/3185 2743/3214/3206
f 1071/3215/3207 1163/3194/3186 1070/3195/3187
f 1002/3216/3208 1070/3195/3187 1000/3210/3202
f 997/3217/3209 996/3191/3183 995/3196/3188
f 997/3217/3209 995/3196/3188 1001/3211/3203
f 2649/1860/1857 2657/1841/1838 2647/1833/1830
f 1001/3211/3203 991/3187/3179 1034/3218/3210
f 1034/3218/3210 1005/3203/3195 1059/3212/3204
f 1059/3212/3204 989/3178/3170 1054/3197/3189
f 1059/3212/3204 1054/3197/3189 1107/3219/3211
f 1107/3219/3211 1054/3197/3189 1127/3205/3197
f 1161/3206/3198 1231/3170/3162 1293/3220/3212
f 1548/3221/3213 1556/3198/3190 1517/3199/3191
f 1387/1815/1812 1362/1854/1851 1364/1830/1827
f 1071/3215/3207 1070/3195/3187 1002/3216/3208
f 998/3222/3214 999/3202/3194 996/3191/3183
f 991/3187/3179 1005/3203/3195 1034/3218/3210
f 1497/3223/3215 1548/3221/3213 1517/3199/3191
f 1497/3223/3215 1517/3199/3191 1471/3207/3199
f 1438/3208/3200 1461/3224/3216 1471/3207/3199
f 1401/3225/3217 1438/3208/3200 1418/3209/3201
f 1401/3225/3217 1418/3209/3201 1397/3213/3205
f 1365/3204/3196 1363/3226/3218 1397/3213/3205
f 1363/3226/3218 1365/3204/3196 1364/1830/1827
f 2708/1870/1867 2667/1856/1853 2721/1858/1855
f 1145/3227/3219 1178/3228/3220 1072/3229/3221
f 1178/3228/3220 1071/3215/3207 1072/3229/3221
f 1072/3229/3221 1071/3215/3207 1015/3230/3222
f 1015/3230/3222 1071/3215/3207 1002/3216/3208
f 1000/3210/3202 999/3202/3194 998/3222/3214
f 998/3222/3214 996/3191/3183 997/3217/3209
f 1127/3205/3197 1161/3206/3198 1190/3231/3223
f 1190/3231/3223 1161/3206/3198 1293/3220/3212
f 1461/3224/3216 1497/3223/3215 1471/3207/3199
f 1363/3226/3218 1401/3225/3217 1397/3213/3205
f 1362/1854/1851 1363/3226/3218 1364/1830/1827
f 2671/1869/1866 2655/1868/1865 2667/1856/1853
f 1096/1894/1891 1145/3227/3219 1072/3229/3221
f 1002/3216/3208 1000/3210/3202 998/3222/3214
f 2650/1878/1875 2693/1861/1858 2649/1860/1857
f 1079/3232/3224 997/3217/3209 1001/3211/3203
f 1087/3233/3225 1001/3211/3203 1034/3218/3210
f 1034/3218/3210 1059/3212/3204 1126/3234/3226
f 1126/3234/3226 1059/3212/3204 1107/3219/3211
f 1107/3219/3211 1127/3205/3197 1189/3235/3227
f 1189/3235/3227 1127/3205/3197 1190/3231/3223
f 1497/3223/3215 1545/3236/3228 1548/3221/3213
f 1423/3237/3229 1461/3224/3216 1438/3208/3200
f 1423/3237/3229 1438/3208/3200 1401/3225/3217
f 1344/3238/3230 1363/3226/3218 1362/1854/1851
f 1096/1894/1891 1154/1893/1890 1145/3227/3219
f 1017/3239/3231 1072/3229/3221 1015/3230/3222
f 1079/3232/3224 1001/3211/3203 1087/3233/3225
f 1087/3233/3225 1034/3218/3210 1126/3234/3226
f 1126/3234/3226 1107/3219/3211 1189/3235/3227
f 1524/3240/3232 1552/3241/3233 1545/3236/3228
f 1498/3242/3234 1545/3236/3228 1497/3223/3215
f 1459/3243/3235 1497/3223/3215 1461/3224/3216
f 1017/3239/3231 1096/1894/1891 1072/3229/3221
f 1015/3230/3222 1002/3216/3208 1014/3244/3236
f 1014/3244/3236 1002/3216/3208 1013/3245/3237
f 1013/3245/3237 1002/3216/3208 998/3222/3214
f 1081/3246/3238 998/3222/3214 997/3217/3209
f 1263/3247/3239 1126/3234/3226 1189/3235/3227
f 1524/3240/3232 1545/3236/3228 1498/3242/3234
f 1459/3243/3235 1498/3242/3234 1497/3223/3215
f 1423/3237/3229 1459/3243/3235 1461/3224/3216
f 1346/3248/3240 1401/3225/3217 1363/3226/3218
f 1346/3248/3240 1363/3226/3218 1344/3238/3230
f 1343/1950/1947 1344/3238/3230 1362/1854/1851
f 1372/1853/1850 1343/1950/1947 1362/1854/1851
f 1372/1853/1850 1388/1852/1849 1379/1909/1906
f 2655/1868/1865 2671/1869/1866 2670/3249/3241
f 2670/3249/3241 2671/1869/1866 2720/3250/3242
f 2720/3250/3242 2671/1869/1866 2708/1870/1867
f 1155/3251/3243 1154/1893/1890 1097/1895/1892
f 1097/1895/1892 1096/1894/1891 1017/3239/3231
f 1017/3239/3231 1015/3230/3222 1016/3252/3244
f 2653/1897/1894 2650/1878/1875 2652/1896/1893
f 1016/3252/3244 1015/3230/3222 1014/3244/3236
f 1013/3245/3237 998/3222/3214 1080/3253/3245
f 1080/3253/3245 998/3222/3214 1081/3246/3238
f 1081/3246/3238 997/3217/3209 1079/3232/3224
f 1227/3254/3246 1087/3233/3225 1126/3234/3226
f 1227/3254/3246 1126/3234/3226 1263/3247/3239
f 1479/3255/3247 1524/3240/3232 1498/3242/3234
f 1479/3255/3247 1498/3242/3234 1459/3243/3235
f 1346/3248/3240 1423/3237/3229 1401/3225/3217
f 1343/1950/1947 1342/1949/1946 1344/3238/3230
f 1342/1949/1946 1346/3248/3240 1344/3238/3230
f 1086/3256/3248 1155/3251/3243 1097/1895/1892
f 2652/1896/1893 2655/1868/1865 2670/3249/3241
f 1019/3257/3249 1097/1895/1892 1017/3239/3231
f 1519/3258/3250 1552/3241/3233 1524/3240/3232
f 1423/3237/3229 1448/3259/3251 1459/3243/3235
f 1342/1949/1946 1423/3237/3229 1346/3248/3240
f 1379/1909/1906 1343/1950/1947 1372/1853/1850
f 1086/3256/3248 1097/1895/1892 1020/3260/3252
f 1020/3260/3252 1097/1895/1892 1019/3257/3249
f 2669/1914/1911 2653/1897/1894 2668/1935/1932
f 2653/1897/1894 2652/1896/1893 2662/1936/1933
f 1023/3261/3253 1016/3252/3244 1014/3244/3236
f 1080/3253/3245 1014/3244/3236 1013/3245/3237
f 1081/3246/3238 1079/3232/3224 1188/3262/3254
f 1079/3232/3224 1087/3233/3225 1239/3263/3255
f 1087/3233/3225 1227/3254/3246 1239/3263/3255
f 1297/3264/3256 1227/3254/3246 1263/3247/3239
f 1479/3255/3247 1519/3258/3250 1524/3240/3232
f 1448/3259/3251 1479/3255/3247 1459/3243/3235
f 1345/3265/3257 1448/3259/3251 1423/3237/3229
f 1345/3265/3257 1423/3237/3229 1342/1949/1946
f 2670/3249/3241 2720/3250/3242 2726/3266/3258
f 1115/3267/3259 1155/3251/3243 1086/3256/3248
f 2668/1935/1932 2662/1936/1933 2672/1959/1956
f 2662/1936/1933 2652/1896/1893 2670/3249/3241
f 1017/3239/3231 1016/3252/3244 1018/3268/3260
f 1018/3268/3260 1016/3252/3244 1022/3269/3261
f 1022/3269/3261 1016/3252/3244 1023/3261/3253
f 1188/3262/3254 1080/3253/3245 1081/3246/3238
f 1188/3262/3254 1079/3232/3224 1239/3263/3255
f 1239/3263/3255 1227/3254/3246 1297/3264/3256
f 1508/3270/3262 1519/3258/3250 1472/3271/3263
f 1472/3271/3263 1519/3258/3250 1479/3255/3247
f 1472/3271/3263 1479/3255/3247 1448/3259/3251
f 1379/1909/1906 1328/1947/1944 1343/1950/1947
f 2676/1960/1957 2662/1936/1933 2670/3249/3241
f 1086/3256/3248 1020/3260/3252 1021/3272/3264
f 1020/3260/3252 1019/3257/3249 1018/3268/3260
f 1019/3257/3249 1017/3239/3231 1018/3268/3260
f 1018/3268/3260 1022/3269/3261 1024/3273/3265
f 1121/3274/3266 1023/3261/3253 1014/3244/3236
f 1121/3274/3266 1014/3244/3236 1080/3253/3245
f 1488/3275/3267 1542/3276/3268 1506/3277/3269
f 1506/3277/3269 1542/3276/3268 1508/3270/3262
f 1506/3277/3269 1508/3270/3262 1463/3278/3270
f 1463/3278/3270 1508/3270/3262 1472/3271/3263
f 1463/3278/3270 1472/3271/3263 1446/3279/3271
f 1448/3259/3251 1446/3279/3271 1472/3271/3263
f 1321/1948/1945 1345/3265/3257 1342/1949/1946
f 2676/1960/1957 2670/3249/3241 2741/3280/3272
f 2670/3249/3241 2726/3266/3258 2741/3280/3272
f 1115/3267/3259 1086/3256/3248 1028/3281/3273
f 1028/3281/3273 1086/3256/3248 1021/3272/3264
f 1022/3269/3261 1023/3261/3253 1121/3274/3266
f 1149/3282/3274 1121/3274/3266 1080/3253/3245
f 1149/3282/3274 1080/3253/3245 1188/3262/3254
f 1261/3283/3275 1188/3262/3254 1239/3263/3255
f 1488/3275/3267 1506/3277/3269 1463/3278/3270
f 1445/3284/3276 1463/3278/3270 1446/3279/3271
f 1446/3279/3271 1448/3259/3251 1345/3265/3257
f 1320/3285/3277 1446/3279/3271 1345/3265/3257
f 1320/3285/3277 1345/3265/3257 1321/1948/1945
f 1328/1947/1944 1319/1969/1966 1321/1948/1945
f 1392/1908/1905 1331/1973/1970 1329/1952/1949
f 2709/2009/2006 2672/1959/1956 2676/1960/1957
f 1110/3286/3278 1115/3267/3259 1042/3287/3279
f 1042/3287/3279 1115/3267/3259 1028/3281/3273
f 1021/3272/3264 1020/3260/3252 1018/3268/3260
f 1260/3288/3280 1188/3262/3254 1261/3283/3275
f 1522/3289/3281 1542/3276/3268 1488/3275/3267
f 1453/3290/3282 1488/3275/3267 1463/3278/3270
f 1453/3290/3282 1463/3278/3270 1445/3284/3276
f 1320/3285/3277 1445/3284/3276 1446/3279/3271
f 1319/1969/1966 1320/3285/3277 1321/1948/1945
f 1319/1969/1966 1329/1952/1949 1331/1973/1970
f 310/1971/1968 459/1974/1971 304/1924/1921
f 2707/1985/1982 2672/1959/1956 2709/2009/2006
f 1243/3291/3283 1244/3292/3284 1111/3293/3285
f 2742/3294/3286 2676/1960/1957 2741/3280/3272
f 1028/3281/3273 1021/3272/3264 1027/3295/3287
f 1027/3295/3287 1021/3272/3264 1026/3296/3288
f 2704/1998/1995 2712/1987/1984 2688/1976/1973
f 1026/3296/3288 1021/3272/3264 1025/3297/3289
f 1021/3272/3264 1018/3268/3260 1025/3297/3289
f 1025/3297/3289 1018/3268/3260 1024/3273/3265
f 1022/3269/3261 1121/3274/3266 1148/3298/3290
f 1489/3299/3291 1522/3289/3281 1488/3275/3267
f 1318/2018/2015 1319/1969/1966 1331/1973/1970
f 1029/3300/3292 1042/3287/3279 1028/3281/3273
f 1029/3300/3292 1028/3281/3273 1027/3295/3287
f 1148/3298/3290 1121/3274/3266 1149/3282/3274
f 1148/3298/3290 1149/3282/3274 1247/3301/3293
f 1247/3301/3293 1149/3282/3274 1188/3262/3254
f 1247/3301/3293 1188/3262/3254 1260/3288/3280
f 1489/3299/3291 1488/3275/3267 1452/3302/3294
f 1452/3302/3294 1488/3275/3267 1453/3290/3282
f 1452/3302/3294 1453/3290/3282 1436/3303/3295
f 1436/3303/3295 1453/3290/3282 1445/3284/3276
f 1436/3303/3295 1445/3284/3276 1320/3285/3277
f 1315/3304/3296 1436/3303/3295 1320/3285/3277
f 1315/3304/3296 1320/3285/3277 1319/1969/1966
f 1318/2018/2015 1315/3304/3296 1319/1969/1966
f 1354/1993/1990 1318/2018/2015 1331/1973/1970
f 1243/3291/3283 1111/3293/3285 1135/3305/3297
f 1047/3306/3298 1111/3293/3285 1110/3286/3278
f 1047/3306/3298 1110/3286/3278 1042/3287/3279
f 1147/3307/3299 1025/3297/3289 1024/3273/3265
f 1147/3307/3299 1024/3273/3265 1022/3269/3261
f 1147/3307/3299 1022/3269/3261 1148/3298/3290
f 1476/3308/3300 1522/3289/3281 1489/3299/3291
f 1374/1984/1981 1357/2016/2013 1354/1993/1990
f 2711/2021/2018 2684/1996/1993 2716/2040/2037
f 1135/3305/3297 1111/3293/3285 1091/3309/3301
f 1091/3309/3301 1111/3293/3285 1047/3306/3298
f 1047/3306/3298 1042/3287/3279 1029/3300/3292
f 1029/3300/3292 1027/3295/3287 1026/3296/3288
f 1147/3307/3299 1148/3298/3290 1291/3310/3302
f 1148/3298/3290 1247/3301/3293 1291/3310/3302
f 1523/3311/3303 1543/3312/3304 1541/3313/3305
f 1523/3311/3303 1541/3313/3305 1522/3289/3281
f 1477/3314/3306 1523/3311/3303 1522/3289/3281
f 1476/3308/3300 1489/3299/3291 1452/3302/3294
f 1443/3315/3307 1476/3308/3300 1452/3302/3294
f 1314/3316/3308 1443/3315/3307 1436/3303/3295
f 1436/3303/3295 1443/3315/3307 1452/3302/3294
f 1314/3316/3308 1436/3303/3295 1315/3304/3296
f 1313/3317/3309 1315/3304/3296 1318/2018/2015
f 1323/2017/2014 1313/3317/3309 1318/2018/2015
f 1375/2019/2016 1357/2016/2013 1374/1984/1981
f 473/2020/2017 525/1994/1991 459/1974/1971
f 2687/2031/2028 2698/1997/1994 2724/2038/2035
f 1212/3318/3310 1246/3319/3311 1135/3305/3297
f 1135/3305/3297 1246/3319/3311 1243/3291/3283
f 2736/2010/2007 2711/2021/2018 2748/3320/3312
f 2749/3321/3313 2736/2010/2007 2748/3320/3312
f 1047/3306/3298 1029/3300/3292 1050/3322/3314
f 2750/2033/2030 2736/2010/2007 2749/3321/3313
f 1157/3323/3315 1026/3296/3288 1025/3297/3289
f 1551/3324/3316 1543/3312/3304 1523/3311/3303
f 1476/3308/3300 1477/3314/3306 1522/3289/3281
f 1443/3315/3307 1466/3325/3317 1476/3308/3300
f 1313/3317/3309 1314/3316/3308 1315/3304/3296
f 315/1982/1979 317/2007/2004 461/2029/2026
f 312/1970/1967 461/2029/2026 473/2020/2017
f 2691/2030/2027 2687/2031/2028 2722/2039/2036
f 2724/2038/2035 2698/1997/1994 2738/2032/2029
f 2748/3320/3312 2711/2021/2018 2716/2040/2037
f 1134/3326/3318 1091/3309/3301 1053/3327/3319
f 1091/3309/3301 1047/3306/3298 1053/3327/3319
f 1050/3322/3314 1029/3300/3292 1099/3328/3320
f 1099/3328/3320 1029/3300/3292 1142/3329/3321
f 1029/3300/3292 1026/3296/3288 1142/3329/3321
f 1142/3329/3321 1026/3296/3288 1157/3323/3315
f 1025/3297/3289 1147/3307/3299 1157/3323/3315
f 1157/3323/3315 1147/3307/3299 1250/3330/3322
f 1292/3331/3323 1147/3307/3299 1291/3310/3302
f 1492/3332/3324 1523/3311/3303 1477/3314/3306
f 1466/3325/3317 1477/3314/3306 1476/3308/3300
f 1316/3333/3325 1443/3315/3307 1314/3316/3308
f 1313/3317/3309 1316/3333/3325 1314/3316/3308
f 1322/3334/3326 1313/3317/3309 1323/2017/2014
f 1322/3334/3326 1323/2017/2014 1357/2016/2013
f 2716/2040/2037 2691/2030/2027 2746/3335/3327
f 1212/3318/3310 1135/3305/3297 1200/3336/3328
f 1200/3336/3328 1135/3305/3297 1134/3326/3318
f 1134/3326/3318 1135/3305/3297 1091/3309/3301
f 1053/3327/3319 1047/3306/3298 1050/3322/3314
f 1292/3331/3323 1250/3330/3322 1147/3307/3299
f 1510/3337/3329 1551/3324/3316 1523/3311/3303
f 1492/3332/3324 1510/3337/3329 1523/3311/3303
f 1442/3338/3330 1466/3325/3317 1443/3315/3307
f 1442/3338/3330 1443/3315/3307 1316/3333/3325
f 1317/3339/3331 1316/3333/3325 1313/3317/3309
f 1317/3339/3331 1313/3317/3309 1322/3334/3326
f 1359/2037/2034 1322/3334/3326 1357/2016/2013
f 1211/3340/3332 1214/3341/3333 1205/3342/3334
f 1205/3342/3334 1214/3341/3333 1208/3343/3335
f 1205/3342/3334 1208/3343/3335 1203/3344/3336
f 1203/3344/3336 1208/3343/3335 1210/3345/3337
f 1203/3344/3336 1210/3345/3337 1212/3318/3310
f 1203/3344/3336 1212/3318/3310 1200/3336/3328
f 2753/3346/3338 2716/2040/2037 2746/3335/3327
f 2748/3320/3312 2716/2040/2037 2753/3346/3338
f 2580/2062/2059 2594/2061/2058 2579/2071/2068
f 2749/3321/3313 2748/3320/3312 2753/3346/3338
f 1053/3327/3319 1050/3322/3314 1140/3347/3339
f 1140/3347/3339 1050/3322/3314 1099/3328/3320
f 1142/3329/3321 1157/3323/3315 1233/3348/3340
f 1233/3348/3340 1157/3323/3315 1250/3330/3322
f 1501/3349/3341 1550/3350/3342 1551/3324/3316
f 1490/3351/3343 1492/3332/3324 1477/3314/3306
f 1441/3352/3344 1477/3314/3306 1466/3325/3317
f 1442/3338/3330 1441/3352/3344 1466/3325/3317
f 1317/3339/3331 1442/3338/3330 1316/3333/3325
f 1324/3353/3345 1317/3339/3331 1322/3334/3326
f 1325/2087/2084 1322/3334/3326 1359/2037/2034
f 1207/3354/3346 1211/3340/3332 1205/3342/3334
f 2579/2071/2068 2581/3355/3347 2570/2072/2069
f 1196/3356/3348 1134/3326/3318 1143/3357/3349
f 1134/3326/3318 1053/3327/3319 1143/3357/3349
f 1143/3357/3349 1053/3327/3319 1140/3347/3339
f 1140/3347/3339 1099/3328/3320 1142/3329/3321
f 1549/3358/3350 1559/3359/3351 1558/3360/3352
f 1500/3361/3353 1550/3350/3342 1501/3349/3341
f 1501/3349/3341 1551/3324/3316 1510/3337/3329
f 1490/3351/3343 1510/3337/3329 1492/3332/3324
f 1490/3351/3343 1477/3314/3306 1441/3352/3344
f 1430/3362/3354 1441/3352/3344 1442/3338/3330
f 1317/3339/3331 1430/3362/3354 1442/3338/3330
f 1325/2087/2084 1324/3353/3345 1322/3334/3326
f 1390/2047/2044 1361/2085/2082 1359/2037/2034
f 1361/2085/2082 1325/2087/2084 1359/2037/2034
f 1207/3354/3346 1205/3342/3334 1206/3363/3355
f 1205/3342/3334 1203/3344/3336 1204/3364/3356
f 1206/3363/3355 1205/3342/3334 1204/3364/3356
f 1204/3364/3356 1203/3344/3336 1202/3365/3357
f 2570/2072/2069 2581/3355/3347 2574/3366/3358
f 1202/3365/3357 1203/3344/3336 1200/3336/3328
f 2580/2062/2059 2579/2071/2068 2571/2073/2070
f 1142/3329/3321 1233/3348/3340 1296/3367/3359
f 1549/3358/3350 1558/3360/3352 1550/3350/3342
f 1501/3349/3341 1510/3337/3329 1490/3351/3343
f 1434/3368/3360 1490/3351/3343 1441/3352/3344
f 1434/3368/3360 1441/3352/3344 1430/3362/3354
f 1317/3339/3331 1324/3353/3345 1430/3362/3354
f 324/2043/2040 337/2042/2039 325/2081/2078
f 1326/2086/2083 1324/3353/3345 1325/2087/2084
f 1386/2083/2080 1361/2085/2082 1390/2047/2044
f 1409/2065/2062 1386/2083/2080 1390/2047/2044
f 1202/3365/3357 1200/3336/3328 1201/3369/3361
f 1200/3336/3328 1134/3326/3318 1201/3369/3361
f 1134/3326/3318 1196/3356/3348 1201/3369/3361
f 1140/3347/3339 1142/3329/3321 1296/3367/3359
f 1538/3370/3362 1559/3359/3351 1549/3358/3350
f 1500/3361/3353 1501/3349/3341 1484/3371/3363
f 1484/3371/3363 1501/3349/3341 1490/3351/3343
f 1434/3368/3360 1484/3371/3363 1490/3351/3343
f 1324/3353/3345 1426/3372/3364 1430/3362/3354
f 1327/3373/3365 1324/3353/3345 1326/2086/2083
f 1361/2085/2082 1330/2084/2081 1326/2086/2083
f 1213/3374/3366 1207/3354/3346 1206/3363/3355
f 1213/3374/3366 1206/3363/3355 1209/3375/3367
f 1206/3363/3355 1204/3364/3356 1209/3375/3367
f 1209/3375/3367 1204/3364/3356 1215/3376/3368
f 1204/3364/3356 1202/3365/3357 1215/3376/3368
f 2569/2101/2098 2570/2072/2069 2574/3366/3358
f 1215/3376/3368 1202/3365/3357 1230/3377/3369
f 1230/3377/3369 1202/3365/3357 1201/3369/3361
f 1536/3378/3370 1563/3379/3371 1561/3380/3372
f 1540/3381/3373 1561/3380/3372 1557/3382/3374
f 1540/3381/3373 1557/3382/3374 1537/3383/3375
f 1537/3383/3375 1557/3382/3374 1538/3370/3362
f 1505/3384/3376 1549/3358/3350 1500/3361/3353
f 1500/3361/3353 1549/3358/3350 1550/3350/3342
f 1426/3372/3364 1434/3368/3360 1430/3362/3354
f 1327/3373/3365 1426/3372/3364 1324/3353/3345
f 1330/2084/2081 1327/3373/3365 1326/2086/2083
f 2569/2101/2098 2574/3366/3358 2568/3385/3377
f 2568/3385/3377 2574/3366/3358 2575/3386/3378
f 1553/3387/3379 1562/3388/3380 1534/3389/3381
f 2567/2093/2090 2570/2072/2069 2566/2102/2099
f 1534/3389/3381 1562/3388/3380 1535/3390/3382
f 1535/3390/3382 1562/3388/3380 1563/3379/3371
f 1536/3378/3370 1535/3390/3382 1563/3379/3371
f 1536/3378/3370 1561/3380/3372 1540/3381/3373
f 1538/3370/3362 1549/3358/3350 1505/3384/3376
f 1483/3391/3383 1505/3384/3376 1500/3361/3353
f 1484/3371/3363 1483/3391/3383 1500/3361/3353
f 1435/3392/3384 1484/3371/3363 1434/3368/3360
f 1426/3372/3364 1435/3392/3384 1434/3368/3360
f 1332/3393/3385 1327/3373/3365 1330/2084/2081
f 2568/3385/3377 2575/3386/3378 2586/3394/3386
f 2586/3394/3386 2575/3386/3378 2588/3395/3387
f 1298/3396/3388 1209/3375/3367 1215/3376/3368
f 2566/2102/2099 2569/2101/2098 2568/3385/3377
f 1539/3397/3389 1553/3387/3379 1534/3389/3381
f 2562/2103/2100 2571/2073/2070 2567/2093/2090
f 1536/3378/3370 1540/3381/3373 1515/3398/3390
f 1496/3399/3391 1538/3370/3362 1505/3384/3376
f 1496/3399/3391 1505/3384/3376 1483/3391/3383
f 1482/3400/3392 1496/3399/3391 1483/3391/3383
f 1435/3392/3384 1483/3391/3383 1484/3371/3363
f 1333/3401/3393 1426/3372/3364 1327/3373/3365
f 1332/3393/3385 1330/2084/2081 1360/2100/2097
f 2578/3402/3394 2568/3385/3377 2586/3394/3386
f 1547/3403/3395 1539/3397/3389 1531/3404/3396
f 1531/3404/3396 1539/3397/3389 1532/3405/3397
f 1532/3405/3397 1539/3397/3389 1534/3389/3381
f 1533/3406/3398 1534/3389/3381 1535/3390/3382
f 1527/3407/3399 1533/3406/3398 1535/3390/3382
f 2559/2120/2117 2562/2103/2100 2567/2093/2090
f 1535/3390/3382 1536/3378/3370 1527/3407/3399
f 1540/3381/3373 1537/3383/3375 1515/3398/3390
f 1486/3408/3400 1537/3383/3375 1538/3370/3362
f 1486/3408/3400 1538/3370/3362 1496/3399/3391
f 1429/3409/3401 1482/3400/3392 1483/3391/3383
f 1429/3409/3401 1483/3391/3383 1435/3392/3384
f 1429/3409/3401 1435/3392/3384 1426/3372/3364
f 1333/3401/3393 1429/3409/3401 1426/3372/3364
f 1332/3393/3385 1333/3401/3393 1327/3373/3365
f 1348/2116/2113 1335/2125/2122 1332/3393/3385
f 1360/2100/2097 1348/2116/2113 1332/3393/3385
f 1530/3410/3402 1547/3403/3395 1531/3404/3396
f 1531/3404/3396 1532/3405/3397 1526/3411/3403
f 2565/2118/2115 2566/2102/2099 2568/3385/3377
f 1533/3406/3398 1532/3405/3397 1534/3389/3381
f 1527/3407/3399 1536/3378/3370 1513/3412/3404
f 1513/3412/3404 1536/3378/3370 1515/3398/3390
f 1515/3398/3390 1537/3383/3375 1486/3408/3400
f 1333/3401/3393 1334/2128/2125 1429/3409/3401
f 1332/3393/3385 1334/2128/2125 1333/3401/3393
f 1334/2128/2125 1332/3393/3385 1335/2125/2122
f 2573/3413/3405 2568/3385/3377 2578/3402/3394
f 2578/3402/3394 2586/3394/3386 2589/3414/3406
f 2573/3413/3405 2565/2118/2115 2568/3385/3377
f 2562/2103/2100 2559/2120/2117 2548/2121/2118
f 1482/3400/3392 1486/3408/3400 1496/3399/3391
f 1334/2128/2125 1336/2127/2124 1429/3409/3401
f 1404/2117/2114 1377/2134/2131 1376/2108/2105
f 1530/3410/3402 1531/3404/3396 1526/3411/3403
f 2564/3415/3407 2565/2118/2115 2573/3413/3405
f 1526/3411/3403 1532/3405/3397 1533/3406/3398
f 2561/2119/2116 2565/2118/2115 2564/3415/3407
f 1502/3416/3408 1527/3407/3399 1513/3412/3404
f 1513/3412/3404 1515/3398/3390 1475/3417/3409
f 1475/3417/3409 1515/3398/3390 1486/3408/3400
f 1475/3417/3409 1486/3408/3400 1439/3418/3410
f 1439/3418/3410 1486/3408/3400 1482/3400/3392
f 1439/3418/3410 1482/3400/3392 1429/3409/3401
f 1336/2127/2124 1439/3418/3410 1429/3409/3401
f 1336/2127/2124 1335/2125/2122 1337/2115/2112
f 1353/3419/3411 1337/2115/2112 1377/2134/2131
f 1377/2134/2131 1337/2115/2112 1376/2108/2105
f 2578/3402/3394 2589/3414/3406 2587/3420/3412
f 1526/3411/3403 1533/3406/3398 1512/3421/3413
f 1516/3422/3414 1533/3406/3398 1527/3407/3399
f 2548/2121/2118 2559/2120/2117 2551/2129/2126
f 1432/3423/3415 1475/3417/3409 1439/3418/3410
f 1432/3423/3415 1439/3418/3410 1336/2127/2124
f 1338/3424/3416 1432/3423/3415 1336/2127/2124
f 1339/3425/3417 1338/3424/3416 1337/2115/2112
f 1337/2115/2112 1338/3424/3416 1336/2127/2124
f 1353/3419/3411 1339/3425/3417 1337/2115/2112
f 400/2123/2120 494/2132/2129 489/2124/2121
f 1406/2144/2141 1380/2133/2130 1404/2117/2114
f 2577/3426/3418 2573/3413/3405 2578/3402/3394
f 1529/3427/3419 1530/3410/3402 1525/3428/3420
f 1525/3428/3420 1530/3410/3402 1526/3411/3403
f 2560/2137/2134 2561/2119/2116 2564/3415/3407
f 2560/2137/2134 2559/2120/2117 2561/2119/2116
f 1502/3416/3408 1516/3422/3414 1527/3407/3399
f 1474/3429/3421 1502/3416/3408 1513/3412/3404
f 1474/3429/3421 1513/3412/3404 1475/3417/3409
f 1432/3423/3415 1431/3430/3422 1475/3417/3409
f 1356/2156/2153 1353/3419/3411 1377/2134/2131
f 1380/2133/2130 1356/2156/2153 1377/2134/2131
f 2577/3426/3418 2578/3402/3394 2587/3420/3412
f 2564/3415/3407 2573/3413/3405 2577/3426/3418
f 1525/3428/3420 1526/3411/3403 1512/3421/3413
f 1512/3421/3413 1533/3406/3398 1516/3422/3414
f 1473/3431/3423 1474/3429/3421 1431/3430/3422
f 1431/3430/3422 1474/3429/3421 1475/3417/3409
f 1340/3432/3424 1431/3430/3422 1432/3423/3415
f 504/2122/2119 591/2130/2127 590/2145/2142
f 504/2122/2119 590/2145/2142 547/2140/2137
f 1340/3432/3424 1432/3423/3415 1338/3424/3416
f 1339/3425/3417 1340/3432/3424 1338/3424/3416
f 1353/3419/3411 1341/3433/3425 1339/3425/3417
f 1391/2143/2140 1380/2133/2130 1406/2144/2141
f 1356/2156/2153 1341/3433/3425 1353/3419/3411
f 1503/3434/3426 1529/3427/3419 1525/3428/3420
f 2563/3435/3427 2564/3415/3407 2577/3426/3418
f 2560/2137/2134 2564/3415/3407 2563/3435/3427
f 2557/2138/2135 2560/2137/2134 2558/3436/3428
f 1485/3437/3429 1516/3422/3414 1502/3416/3408
f 1473/3431/3423 1485/3437/3429 1502/3416/3408
f 1473/3431/3423 1502/3416/3408 1474/3429/3421
f 2554/2135/2132 2552/2139/2136 2555/3438/3430
f 1341/3433/3425 1340/3432/3424 1339/3425/3417
f 1411/2142/2139 1373/2151/2148 1391/2143/2140
f 2577/3426/3418 2587/3420/3412 2584/3439/3431
f 1503/3434/3426 1525/3428/3420 1504/3440/3432
f 2563/3435/3427 2577/3426/3418 2584/3439/3431
f 1504/3440/3432 1525/3428/3420 1512/3421/3413
f 2558/3436/3428 2560/2137/2134 2563/3435/3427
f 2558/3436/3428 2563/3435/3427 2583/3441/3433
f 1485/3437/3429 1512/3421/3413 1516/3422/3414
f 2552/2139/2136 2557/2138/2135 2558/3436/3428
f 2552/2139/2136 2558/3436/3428 2556/3442/3434
f 1450/3443/3435 1485/3437/3429 1473/3431/3423
f 2552/2139/2136 2556/3442/3434 2555/3438/3430
f 1431/3430/3422 1450/3443/3435 1473/3431/3423
f 1341/3433/3425 1347/3444/3436 1340/3432/3424
f 1356/2156/2153 1349/2155/2152 1341/3433/3425
f 1349/2155/2152 1347/3444/3436 1341/3433/3425
f 1373/2151/2148 1355/2154/2151 1391/2143/2140
f 1391/2143/2140 1355/2154/2151 1380/2133/2130
f 1355/2154/2151 1356/2156/2153 1380/2133/2130
f 2584/3439/3431 2587/3420/3412 2590/3445/3437
f 2587/3420/3412 2593/3446/3438 2590/3445/3437
f 2583/3441/3433 2563/3435/3427 2584/3439/3431
f 1470/3447/3439 1504/3440/3432 1512/3421/3413
f 1470/3447/3439 1512/3421/3413 1485/3437/3429
f 1450/3443/3435 1470/3447/3439 1485/3437/3429
f 2558/3436/3428 2583/3441/3433 2556/3442/3434
f 1518/2147/2144 1511/3448/3440 1437/3449/3441
f 1417/3450/3442 1450/3443/3435 1431/3430/3422
f 1518/2147/2144 1437/3449/3441 1447/2152/2149
f 1417/3450/3442 1431/3430/3422 1340/3432/3424
f 1417/3450/3442 1340/3432/3424 1347/3444/3436
f 1408/2150/2147 1395/2153/2150 1373/2151/2148
f 2591/3451/3443 2584/3439/3431 2590/3445/3437
f 1494/3452/3444 1503/3434/3426 1456/3453/3445
f 1503/3434/3426 1504/3440/3432 1470/3447/3439
f 1456/3453/3445 1503/3434/3426 1470/3447/3439
f 2583/3441/3433 2584/3439/3431 2591/3451/3443
f 2556/3442/3434 2583/3441/3433 2592/3454/3446
f 1470/3447/3439 1450/3443/3435 1433/3455/3447
f 1437/3449/3441 1511/3448/3440 1455/3456/3448
f 1417/3450/3442 1433/3455/3447 1450/3443/3435
f 1350/3457/3449 1433/3455/3447 1417/3450/3442
f 1350/3457/3449 1417/3450/3442 1347/3444/3436
f 1447/2152/2149 1437/3449/3441 1395/2153/2150
f 1349/2155/2152 1350/3457/3449 1347/3444/3436
f 1395/2153/2150 1358/3458/3450 1373/2151/2148
f 1358/3458/3450 1351/3459/3451 1355/2154/2151
f 1373/2151/2148 1358/3458/3450 1355/2154/2151
f 1355/2154/2151 1351/3459/3451 1349/2155/2152
f 1467/3460/3452 1494/3452/3444 1456/3453/3445
f 1456/3453/3445 1470/3447/3439 1433/3455/3447
f 1455/3456/3448 1493/3461/3453 1449/3462/3454
f 1449/3462/3454 1493/3461/3453 1467/3460/3452
f 1449/3462/3454 1467/3460/3452 1428/3463/3455
f 1400/3464/3456 1455/3456/3448 1449/3462/3454
f 1352/3465/3457 1433/3455/3447 1350/3457/3449
f 1455/3456/3448 1400/3464/3456 1437/3449/3441
f 1437/3449/3441 1400/3464/3456 1395/2153/2150
f 1358/3458/3450 1400/3464/3456 1352/3465/3457
f 1352/3465/3457 1350/3457/3449 1351/3459/3451
f 1395/2153/2150 1400/3464/3456 1358/3458/3450
f 1358/3458/3450 1352/3465/3457 1351/3459/3451
f 1351/3459/3451 1350/3457/3449 1349/2155/2152
f 1428/3463/3455 1467/3460/3452 1456/3453/3445
f 1428/3463/3455 1456/3453/3445 1433/3455/3447
f 1400/3464/3456 1449/3462/3454 1428/3463/3455
f 1352/3465/3457 1428/3463/3455 1433/3455/3447
f 1400/3464/3456 1428/3463/3455 1352/3465/3457
