# Blender 4.3.2
# www.blender.org
o geometry_0
v 0.045579 0.243775 0.119685
v 0.043463 0.269329 0.142078
v 0.042311 0.225170 0.124514
v 0.045340 0.225430 0.109019
v 0.042390 0.197071 0.111470
v 0.044660 0.189520 0.093223
v 0.041575 0.169634 0.098173
v 0.043902 0.161129 0.078586
v 0.040223 0.128520 0.074542
v 0.042190 0.127814 0.060502
v 0.039433 0.096719 0.053610
v 0.040100 0.085133 0.035696
v 0.045682 0.263700 0.124177
v 0.046245 0.286453 0.135359
v 0.044018 0.299035 0.154325
v 0.047148 0.335197 0.153892
v 0.045881 0.330207 0.160293
v 0.048302 0.376898 0.170429
v 0.038499 0.064153 0.035042
v 0.039588 0.049115 0.008387
v 0.039022 0.039748 0.019756
v 0.041477 0.031731 -0.000788
v 0.044148 0.345279 0.174445
v 0.048295 0.395766 0.182592
v 0.048904 0.412816 0.174283
v 0.050552 0.421952 0.186386
v 0.048964 0.420889 0.198477
v 0.053892 0.450723 0.195371
v 0.053720 0.445778 0.208107
v 0.054915 0.457101 0.206663
v 0.052034 0.457724 0.222828
v 0.051913 0.469284 0.218138
v 0.050248 0.444960 0.221370
v 0.047317 0.367179 0.159785
v 0.053883 0.465409 0.203729
v 0.044751 0.394096 0.193689
v 0.034836 0.048000 0.036481
v 0.035717 0.032503 0.030182
v 0.046076 0.336459 0.146646
v 0.044196 0.309009 0.131028
v 0.035808 0.100510 0.065627
v 0.039552 0.009809 0.027159
v 0.046688 0.444468 0.228887
v 0.050553 0.462937 0.188061
v 0.044217 0.354371 0.145439
v 0.044899 0.396125 0.158653
v 0.049586 0.439711 0.179701
v 0.046382 0.452934 0.175921
v 0.048949 0.478722 0.204164
v 0.046702 0.461070 0.233974
v 0.045121 0.422658 0.211248
v 0.043012 0.400277 0.199677
v 0.031046 0.027673 0.037924
v 0.039672 0.335823 0.178031
v 0.034165 -0.006758 0.041484
v 0.030944 0.044424 0.042180
v 0.030160 0.073302 0.057672
v 0.034931 0.141520 0.092296
v 0.038246 0.260309 0.146761
v 0.045780 0.476005 0.226887
v 0.034516 0.170640 0.110735
v 0.031355 0.113815 0.080728
v 0.037127 0.211736 0.126290
v 0.038252 0.420147 0.219872
v 0.034836 0.357007 0.193043
v 0.033103 0.396634 0.211326
v 0.037892 0.447941 0.241389
v 0.037558 0.458842 0.244493
v 0.032844 0.290014 0.166555
v 0.032131 0.247604 0.148603
v 0.030669 0.209254 0.132832
v 0.036779 0.438432 0.237092
v 0.037993 0.469575 0.242123
v 0.030209 -0.005562 0.045804
v 0.028064 0.147591 0.103429
v 0.043099 0.485309 0.216514
v 0.039990 0.481878 0.229299
v 0.031259 0.481311 0.238880
v 0.051951 0.452146 -0.192454
v 0.047613 0.430825 -0.175925
v 0.049639 0.425968 -0.188038
v 0.047399 0.399616 -0.176192
v 0.045624 0.391812 -0.164548
v 0.045861 0.345187 -0.158130
v 0.045161 0.317790 -0.149636
v 0.044610 0.348846 -0.151044
v 0.043406 0.403744 -0.160281
v 0.042747 0.360884 -0.147603
v 0.041594 0.325118 -0.133841
v 0.044917 0.293058 -0.136609
v 0.041501 0.284595 -0.120681
v 0.043699 0.257259 -0.119325
v 0.041503 0.232389 -0.100201
v 0.043596 0.221469 -0.108173
v 0.042816 0.191250 -0.091901
v 0.040311 0.180380 -0.075792
v 0.042406 0.172508 -0.085544
v 0.040161 0.125262 -0.057747
v 0.038762 0.116789 -0.047231
v 0.039376 0.085771 -0.037543
v 0.044120 0.260042 -0.125002
v 0.034816 0.097625 -0.024992
v 0.034801 0.085114 -0.014793
v 0.039560 0.057293 -0.017724
v 0.051944 0.441800 -0.200591
v 0.053435 0.458187 -0.205485
v 0.050087 0.467953 -0.194611
v 0.036241 0.068760 0.001104
v 0.039508 0.048554 0.000373
v 0.039733 0.033534 -0.018076
v 0.038582 0.075106 -0.038715
v 0.038504 0.048018 -0.026051
v 0.039161 0.131426 -0.072567
v 0.038534 0.106255 -0.057035
v 0.040022 0.166040 -0.094595
v 0.046256 0.397224 -0.183392
v 0.043363 0.357545 -0.177388
v 0.041726 0.260691 -0.138288
v 0.042225 0.330248 -0.169985
v 0.041400 0.288006 -0.152512
v 0.050236 0.443445 -0.212834
v 0.051939 0.458572 -0.216925
v 0.050114 0.469833 -0.220530
v 0.040327 0.207894 -0.116584
v 0.047154 0.417306 -0.195151
v 0.035926 0.073321 -0.048771
v 0.035738 0.047947 -0.035374
v 0.037388 0.088020 0.024218
v 0.039916 0.115876 0.044536
v 0.040611 0.149019 0.059725
v 0.041767 0.185869 0.077819
v 0.042143 0.225883 0.095982
v 0.042936 0.277913 0.117797
v 0.035978 0.101330 -0.063459
v 0.032385 0.023698 -0.036762
v 0.048163 0.477694 -0.206269
v 0.042934 0.395404 -0.193555
v 0.035966 0.129105 -0.044028
v 0.046451 0.458255 -0.231852
v 0.046569 0.454707 -0.178180
v 0.036003 0.109138 0.031673
v 0.032240 0.091995 0.014065
v 0.031267 0.085305 -0.000512
v 0.044382 0.468272 -0.233671
v 0.036461 0.171094 -0.062748
v 0.037086 0.202851 -0.077708
v 0.037587 0.235712 -0.092813
v 0.038083 0.281505 -0.112649
v 0.043167 0.429751 -0.166229
v 0.045918 0.469135 -0.185581
v 0.037063 0.170523 0.061706
v 0.036031 0.141271 0.047202
v 0.044687 0.480677 -0.221399
v 0.025895 0.102324 -0.011792
v 0.042773 0.480556 -0.193459
v 0.038742 0.373503 -0.145655
v 0.023462 0.099252 0.000008
v 0.026282 0.111974 -0.021188
v 0.028460 0.144951 -0.039818
v 0.029077 0.123866 -0.031139
v 0.029096 0.178141 -0.055664
v 0.035659 0.478822 -0.238071
v 0.036076 0.435541 -0.159711
v 0.037817 0.473733 -0.177701
v 0.031604 0.314614 -0.117806
v 0.031983 0.334714 -0.125503
v 0.028388 0.276784 -0.099887
v 0.032460 0.371371 -0.137970
v 0.033078 0.404654 -0.148424
v 0.035699 0.456300 -0.166176
v 0.027874 0.209896 -0.070021
v 0.028276 0.243642 -0.085535
v 0.036560 0.490197 -0.205514
v 0.036834 0.488515 -0.220966
v 0.034731 0.486352 -0.189097
v 0.015971 0.106380 -0.000732
v 0.031008 0.271646 -0.159648
v 0.022276 0.272773 -0.166367
v 0.031537 0.296663 -0.170474
v 0.017065 0.315358 -0.187864
v 0.032490 0.326956 -0.182688
v 0.024221 0.357473 -0.200346
v 0.016432 0.341899 -0.198935
v 0.018050 0.380417 -0.212974
v 0.031154 0.391503 -0.209149
v 0.019491 0.406549 -0.224302
v 0.033716 0.352486 -0.191201
v 0.029264 0.243345 -0.149145
v 0.015063 0.261123 -0.165781
v 0.015610 0.228860 -0.151230
v 0.028979 0.219667 -0.138346
v 0.016265 0.196244 -0.135925
v 0.029257 0.196156 -0.127173
v 0.030748 0.172580 -0.114758
v 0.017983 0.166964 -0.121544
v 0.015745 0.291526 -0.178015
v 0.031690 0.412078 -0.219563
v 0.017512 0.146974 -0.111556
v 0.029003 0.148277 -0.103579
v 0.028938 0.120246 -0.087239
v 0.028766 0.091832 -0.070613
v 0.015740 0.097009 -0.083902
v 0.015469 0.118493 -0.096510
v 0.016464 0.072588 -0.069755
v 0.028025 0.067886 -0.058313
v 0.016946 0.046701 -0.056706
v 0.024212 0.047998 -0.051634
v 0.015036 0.029291 -0.053653
v 0.029877 0.021206 -0.040079
v 0.028964 0.429856 -0.234616
v 0.036591 0.433217 -0.230603
v 0.035420 0.447749 -0.241834
v 0.021802 0.433711 -0.241384
v 0.021848 0.447098 -0.249250
v 0.035303 0.457975 -0.245012
v 0.031380 0.048264 -0.044532
v 0.020031 0.458621 -0.252780
v 0.042459 0.417095 -0.208281
v 0.039031 0.389215 -0.197623
v 0.046384 0.445272 -0.225569
v 0.037739 0.223692 -0.128417
v 0.043223 0.432073 -0.219576
v 0.037142 0.157402 -0.096140
v 0.017861 0.017510 -0.050562
v 0.035927 0.122342 -0.076497
v 0.035450 0.469452 -0.243864
v 0.020362 0.469188 -0.251466
v 0.022440 0.479184 -0.245736
v 0.026612 -0.202932 -0.130685
v 0.019771 -0.202240 -0.136180
v 0.025313 -0.170966 -0.121725
v 0.021050 -0.228698 -0.145679
v 0.031154 -0.227998 -0.134424
v 0.031987 -0.194825 -0.120963
v 0.033834 -0.138836 -0.101358
v 0.026399 -0.135889 -0.109421
v 0.028342 -0.119635 -0.100567
v 0.036695 -0.121092 -0.089654
v 0.026656 -0.094304 -0.089507
v 0.033959 -0.083132 -0.074576
v 0.026291 -0.074768 -0.080899
v 0.034397 -0.048716 -0.062138
v 0.026591 -0.042657 -0.068985
v 0.029916 -0.017650 -0.051336
v 0.034723 -0.019590 -0.045180
v 0.032476 -0.001991 -0.040737
v 0.037707 -0.093548 -0.071608
v 0.037191 -0.150405 -0.099001
v 0.038334 -0.053361 -0.056207
v 0.039355 -0.014775 -0.032752
v 0.032385 0.023698 -0.036762
v 0.039733 0.033534 -0.018076
v 0.035251 -0.203099 -0.116161
v 0.029969 -0.241229 -0.141989
v 0.034323 -0.240202 -0.131655
v 0.033599 -0.284270 -0.147873
v 0.030487 -0.287857 -0.156992
v 0.032817 -0.333230 -0.167021
v 0.028210 -0.319652 -0.174119
v 0.026237 -0.281576 -0.160981
v 0.029034 -0.324526 -0.173509
v 0.027988 -0.365357 -0.188996
v 0.032583 -0.391843 -0.186397
v 0.027601 -0.389590 -0.199213
v 0.033265 -0.413753 -0.198555
v 0.030445 -0.416919 -0.208172
v 0.023887 -0.413397 -0.216913
v 0.037219 -0.448078 -0.219665
v 0.032231 -0.450150 -0.231944
v 0.036677 -0.463198 -0.227376
v 0.028178 -0.464428 -0.240841
v 0.043576 -0.014601 -0.017297
v 0.041189 -0.038987 -0.036086
v 0.029560 -0.235665 -0.142182
v 0.039782 -0.449998 -0.209004
v 0.039548 -0.464151 -0.214773
v 0.025356 -0.443886 -0.236966
v 0.023834 -0.452857 -0.243284
v 0.038504 0.048018 -0.026051
v 0.019629 -0.386797 -0.207946
v 0.020363 -0.358040 -0.195643
v 0.029877 0.021206 -0.040079
v 0.021119 -0.319582 -0.180432
v 0.018389 -0.287597 -0.170249
v 0.031380 0.048264 -0.044532
v 0.035738 0.047947 -0.035374
v 0.031372 -0.474736 -0.232624
v 0.019980 -0.260015 -0.159064
v 0.024923 -0.002949 -0.048450
v 0.017861 0.017510 -0.050562
v 0.015892 -0.414165 -0.224681
v 0.016635 -0.015396 -0.061034
v 0.024559 -0.474791 -0.241438
v 0.017400 -0.463860 -0.248964
v 0.015781 -0.000825 -0.054381
v 0.008209 -0.384170 -0.215038
v 0.009106 -0.343495 -0.197862
v 0.009469 -0.307300 -0.183454
v 0.009529 -0.413783 -0.228933
v 0.015617 -0.041849 -0.075821
v 0.015239 -0.075721 -0.088054
v 0.010293 -0.440798 -0.245531
v 0.008801 -0.249282 -0.161378
v 0.010683 -0.209471 -0.144311
v 0.012445 -0.183442 -0.133742
v 0.024144 -0.148059 -0.114497
v 0.006625 -0.275783 -0.172412
v 0.015522 -0.098309 -0.097833
v 0.008505 -0.451851 -0.251115
v 0.013779 -0.142376 -0.117705
v 0.014470 -0.125726 -0.110086
v 0.001494 -0.463069 -0.254401
v 0.000403 0.017773 -0.055885
v -0.001631 -0.329315 -0.194908
v 0.000117 -0.017825 -0.067074
v -0.001278 -0.173650 -0.133629
v -0.001962 -0.205964 -0.146016
v -0.007450 -0.415264 -0.233882
v -0.001040 -0.000423 -0.058432
v -0.004605 -0.262893 -0.169899
v 0.000638 -0.040287 -0.078624
v 0.000216 -0.076792 -0.091649
v -0.001446 -0.136395 -0.118464
v -0.000407 -0.106025 -0.103994
v -0.006533 -0.441952 -0.249455
v -0.008549 -0.373395 -0.213915
v -0.008514 -0.396361 -0.224077
v -0.005582 -0.452642 -0.253689
v -0.010166 -0.336142 -0.198790
v -0.010634 -0.291626 -0.181589
v -0.009803 -0.234474 -0.158753
v -0.010099 -0.199438 -0.144083
v 0.008871 -0.474066 -0.250121
v -0.018062 -0.453133 -0.253106
v -0.018641 -0.462689 -0.254266
v -0.016667 -0.443266 -0.249003
v -0.016768 -0.170770 -0.130355
v -0.015846 -0.143167 -0.118279
v -0.014790 -0.083720 -0.091970
v -0.014494 -0.126572 -0.111028
v -0.014534 -0.040500 -0.075732
v -0.012779 -0.015744 -0.063245
v -0.014147 -0.000885 -0.055793
v -0.008654 -0.473481 -0.252813
v -0.018416 -0.419567 -0.233137
v -0.021598 -0.271530 -0.170542
v -0.019411 -0.204364 -0.143055
v -0.020294 -0.392887 -0.218740
v -0.023608 -0.358814 -0.203301
v -0.023374 -0.323195 -0.189696
v -0.033594 -0.452076 -0.246787
v -0.025541 -0.441835 -0.244713
v -0.025227 -0.134195 -0.110121
v -0.024684 -0.107182 -0.097749
v -0.022836 -0.080650 -0.087277
v -0.030987 -0.463519 -0.249985
v -0.027223 -0.206981 -0.140747
v -0.027015 -0.233911 -0.152378
v -0.028741 -0.254499 -0.160066
v -0.023026 -0.042366 -0.072108
v -0.026821 -0.158188 -0.119612
v -0.020933 -0.474404 -0.251064
v -0.026656 -0.019486 -0.057684
v -0.029904 -0.276503 -0.167988
v -0.030228 -0.314223 -0.182347
v -0.026685 -0.000814 -0.048771
v -0.034776 -0.442437 -0.239813
v -0.028940 -0.184576 -0.129407
v -0.032669 -0.422533 -0.225710
v -0.032125 -0.409329 -0.218866
v -0.031944 -0.386738 -0.208873
v -0.032812 -0.351915 -0.194477
v -0.033429 -0.071375 -0.076207
v -0.029268 -0.040653 -0.066833
v -0.035722 -0.473917 -0.244181
v 0.005663 0.302026 -0.101600
v 0.005333 0.264143 -0.085332
v 0.017811 0.294455 -0.101423
v 0.005431 0.347748 -0.120399
v 0.017236 0.259270 -0.086430
v 0.019255 0.341219 -0.120733
v 0.015747 0.224894 -0.070399
v 0.005104 0.212242 -0.061445
v 0.016659 0.200164 -0.058638
v 0.005261 0.174028 -0.042240
v 0.015999 0.177046 -0.046560
v 0.016370 0.144590 -0.031334
v 0.003981 0.146177 -0.029386
v 0.017201 0.135260 -0.027760
v 0.019752 0.382713 -0.134868
v 0.006604 0.387618 -0.133743
v 0.007085 0.428920 -0.146784
v 0.022015 0.431075 -0.150184
v 0.021708 0.457842 -0.159020
v 0.006253 0.457678 -0.156337
v 0.021320 0.471857 -0.165661
v 0.003583 0.137040 -0.026356
v 0.004564 0.474203 -0.164651
v 0.003512 0.123170 -0.018003
v 0.017831 0.121382 -0.020673
v -0.009466 0.178149 -0.044834
v -0.010215 0.155241 -0.034315
v -0.008781 0.242820 -0.076241
v -0.009031 0.275698 -0.091641
v -0.008248 0.201667 -0.057116
v -0.007692 0.346298 -0.120762
v -0.008196 0.306662 -0.104631
v -0.005575 0.474636 -0.165429
v -0.005876 0.457153 -0.157061
v -0.006209 0.425422 -0.146800
v -0.006663 0.380500 -0.132505
v -0.002064 0.147380 -0.030490
v 0.021758 0.483525 -0.175290
v -0.018214 0.151203 -0.034795
v 0.004024 0.485851 -0.174984
v -0.001049 0.136566 -0.027665
v -0.002904 0.123951 -0.021141
v 0.028388 0.276784 -0.099887
v 0.028276 0.243642 -0.085535
v 0.027874 0.209896 -0.070021
v 0.035699 0.456300 -0.166176
v 0.032460 0.371371 -0.137970
v 0.031983 0.334714 -0.125503
v 0.033078 0.404654 -0.148424
v 0.036076 0.435541 -0.159711
v 0.029096 0.178141 -0.055664
v 0.027958 0.164391 -0.048443
v 0.037817 0.473733 -0.177701
v 0.028460 0.144951 -0.039818
v 0.029077 0.123866 -0.031139
v 0.015718 0.111765 -0.009881
v 0.026282 0.111974 -0.021188
v 0.034731 0.486352 -0.189097
v 0.002929 0.117199 -0.009944
v -0.008316 0.489574 -0.181064
v -0.019362 0.460139 -0.163620
v 0.006981 0.491355 -0.182978
v 0.022479 0.488695 -0.182557
v -0.019223 0.470991 -0.169013
v 0.025895 0.102324 -0.011792
v -0.015093 0.385803 -0.138020
v -0.020484 0.436568 -0.156973
v -0.021380 0.348943 -0.128081
v -0.022301 0.321502 -0.117749
v -0.015052 0.234734 -0.075558
v -0.022623 0.185189 -0.056718
v -0.020048 0.479535 -0.176290
v -0.023085 0.301826 -0.110536
v -0.023303 0.270902 -0.097603
v -0.023979 0.230658 -0.079339
v -0.012200 0.118289 -0.016958
v -0.022808 0.369313 -0.136854
v -0.021702 0.407331 -0.148885
v -0.020104 0.485878 -0.183703
v -0.026149 0.137857 -0.034170
v -0.020271 0.111977 -0.009074
v -0.020020 0.117883 -0.014546
v -0.031641 0.471904 -0.180630
v -0.029690 0.458465 -0.171773
v -0.019328 0.142318 -0.030295
v -0.013928 0.151315 -0.035789
v -0.016419 0.138399 -0.031424
v -0.019705 0.128925 -0.022872
v -0.010512 0.147492 -0.038625
v -0.011850 0.138045 -0.037274
v -0.008890 0.134830 -0.035322
v -0.011896 0.125580 -0.034233
v -0.012174 0.122357 -0.030080
v 0.002425 0.113166 -0.000084
v 0.015971 0.106380 -0.000732
v -0.032787 0.481614 -0.194632
v -0.012192 0.119340 -0.022749
v -0.013165 0.110686 -0.000070
v -0.020717 0.107201 -0.000478
v 0.019501 0.317239 0.110522
v 0.019083 0.286195 0.097898
v 0.005298 0.295880 0.099002
v 0.006947 0.353309 0.122271
v 0.020321 0.347067 0.122079
v 0.004152 0.238903 0.074009
v 0.018270 0.253227 0.083232
v 0.018478 0.214165 0.066306
v 0.004273 0.205549 0.058690
v 0.003924 0.176594 0.043427
v 0.017743 0.177619 0.047395
v 0.003977 0.149374 0.030719
v 0.017528 0.141396 0.030352
v 0.003445 0.138056 0.026000
v 0.017034 0.120875 0.019061
v 0.020987 0.378308 0.132615
v 0.007266 0.394021 0.135552
v 0.021776 0.406967 0.142089
v 0.007661 0.452593 0.154121
v 0.022790 0.433624 0.150402
v 0.021655 0.457556 0.158372
v 0.006634 0.472329 0.163135
v 0.021696 0.469602 0.164007
v 0.003546 0.124117 0.017033
v 0.020725 0.480063 0.170873
v 0.030443 0.351460 0.128604
v 0.031338 0.381814 0.138864
v 0.037283 0.457062 0.166718
v 0.036206 0.469944 0.172223
v 0.029989 0.323081 0.118237
v 0.029466 0.273986 0.099142
v 0.035255 0.399420 0.147307
v 0.035757 0.429266 0.156452
v 0.028684 0.224431 0.077574
v 0.030181 0.191358 0.063227
v 0.029629 0.172566 0.052835
v 0.028006 0.140356 0.037033
v 0.027652 0.115661 0.024188
v 0.036446 0.479799 0.180156
v 0.039164 0.369219 0.142120
v 0.038459 0.326485 0.127381
v 0.033166 0.287410 0.107846
v 0.036493 0.238592 0.091628
v 0.036211 0.204314 0.076511
v 0.040803 0.421352 0.159402
v 0.016447 0.110571 0.008423
v 0.024446 0.104643 0.011659
v 0.023413 0.490005 0.182701
v 0.046050 0.469885 0.183993
v 0.046382 0.452934 0.175921
v 0.003244 0.118379 0.010249
v 0.038825 0.282471 0.112716
v 0.036031 0.141271 0.047202
v 0.037063 0.170523 0.061706
v 0.036003 0.109138 0.031673
v 0.032240 0.091995 0.014065
v 0.007122 0.487940 0.176316
v 0.044899 0.396125 0.158653
v 0.045537 0.480005 0.194690
v 0.044217 0.354371 0.145439
v 0.036854 0.488096 0.192462
v 0.050553 0.462937 0.188061
v 0.044196 0.309009 0.131028
v 0.042936 0.277913 0.117797
v 0.042143 0.225883 0.095982
v 0.041767 0.185869 0.077819
v 0.015971 0.106380 -0.000732
v 0.023462 0.099252 0.000008
v 0.002425 0.113166 -0.000084
v 0.048949 0.478722 0.204164
v 0.025770 0.494598 0.194515
v -0.006346 0.458899 0.158347
v -0.006509 0.470729 0.163951
v -0.007344 0.481435 0.171691
v -0.006735 0.358497 0.125655
v -0.005773 0.408990 0.142181
v -0.006981 0.330088 0.114656
v -0.007946 0.289714 0.098257
v -0.008135 0.251490 0.081204
v -0.008858 0.206939 0.061318
v -0.007061 0.438175 0.151433
v -0.009968 0.176260 0.045280
v -0.013382 0.159621 0.038088
v -0.006656 0.151782 0.033329
v -0.001010 0.144696 0.029739
v -0.007723 0.127577 0.022324
v -0.019049 0.117505 0.013836
v 0.004838 0.493109 0.183795
v -0.006890 0.490309 0.181480
v -0.004458 0.135755 0.028408
v -0.019240 0.470852 0.169636
v -0.019934 0.458001 0.163959
v -0.014223 0.397461 0.142214
v -0.020901 0.439824 0.158894
v -0.016243 0.345284 0.124988
v -0.011986 0.154036 0.036125
v -0.017779 0.147611 0.032553
v -0.015502 0.145436 0.033298
v -0.017707 0.133808 0.026026
v -0.020343 0.133021 0.024351
v -0.015771 0.124467 0.021385
v -0.020599 0.306783 0.111772
v -0.018703 0.255701 0.088545
v -0.023893 0.121523 0.018896
v -0.022569 0.114488 0.011148
v -0.022402 0.202925 0.066882
v -0.023090 0.178510 0.054479
v -0.020101 0.483302 0.180799
v -0.013165 0.110686 -0.000070
v -0.024145 0.155413 0.042698
v -0.021860 0.341833 0.127057
v -0.021476 0.378327 0.140009
v -0.020787 0.412620 0.150684
v -0.020717 0.107201 -0.000478
v -0.022812 0.270271 0.098028
v -0.014560 0.127031 0.028332
v -0.013970 0.132938 0.037896
v -0.011884 0.129688 0.034307
v -0.013479 0.143678 0.039433
v 0.038270 -0.181575 0.095971
v 0.037004 -0.195875 0.104655
v 0.035488 -0.218238 0.099923
v 0.036648 -0.226911 0.111748
v 0.035146 -0.257704 0.115562
v 0.036413 -0.258570 0.125659
v 0.036252 -0.290111 0.138418
v 0.034594 -0.300308 0.129913
v 0.035156 -0.328218 0.141955
v 0.035753 -0.196286 0.090563
v 0.037687 -0.172577 0.080054
v 0.039960 -0.162895 0.092082
v 0.040454 -0.150327 0.078066
v 0.039524 -0.150020 0.093073
v 0.041159 -0.131496 0.077946
v 0.040806 -0.115924 0.062809
v 0.037512 -0.123737 0.053281
v 0.037711 -0.100437 0.043450
v 0.041289 -0.081604 0.048680
v 0.036198 -0.155197 0.066361
v 0.038765 -0.076713 0.030751
v 0.043576 -0.048667 0.030917
v 0.042619 -0.038338 0.004155
v 0.045290 -0.020387 0.003097
v 0.045072 -0.024743 0.016699
v 0.042118 -0.034946 -0.019503
v 0.043576 -0.014601 -0.017297
v 0.041189 -0.038987 -0.036086
v 0.044598 0.006197 0.002074
v 0.041587 -0.053812 -0.039072
v 0.035309 -0.294127 0.148578
v 0.036098 -0.341032 0.155379
v 0.034317 -0.371932 0.154652
v 0.035255 -0.391473 0.172616
v 0.033574 -0.405744 0.162401
v 0.040598 -0.093271 0.060796
v 0.039806 -0.110988 0.074084
v 0.034953 -0.353567 0.170823
v 0.035583 -0.202773 0.115282
v 0.035320 -0.251405 0.133827
v 0.034012 -0.384654 0.183741
v 0.042522 -0.044440 0.040063
v 0.036593 -0.419085 0.184845
v 0.036020 -0.416662 0.174019
v 0.039843 -0.066676 0.055990
v 0.043410 0.002948 0.016506
v 0.038703 -0.444393 0.179599
v 0.034343 -0.324514 0.163524
v 0.037258 -0.155200 0.101891
v 0.039022 0.039748 0.019756
v 0.041477 0.031731 -0.000788
v 0.042922 0.013884 -0.007985
v 0.039733 0.033534 -0.018076
v 0.039508 0.048554 0.000373
v 0.038669 -0.057678 -0.022251
v 0.040897 -0.084860 -0.052700
v 0.037944 -0.090406 -0.039581
v 0.037685 -0.115790 -0.051685
v 0.040545 -0.126659 -0.073205
v 0.037268 -0.146577 -0.065244
v 0.039542 -0.159530 -0.087248
v 0.037191 -0.150405 -0.099001
v 0.037519 -0.193494 -0.102256
v 0.035251 -0.203099 -0.116161
v 0.036117 -0.179501 -0.081014
v 0.034947 -0.209180 -0.095620
v 0.036126 -0.239656 -0.120964
v 0.034204 -0.250452 -0.112939
v 0.033628 -0.280748 -0.125439
v 0.035069 -0.291088 -0.140401
v 0.033284 -0.316879 -0.138397
v 0.034287 -0.338764 -0.157749
v 0.032588 -0.353888 -0.150527
v 0.033576 -0.389689 -0.174695
v 0.032817 -0.333230 -0.167021
v 0.033599 -0.284270 -0.147873
v 0.034323 -0.240202 -0.131655
v 0.032583 -0.391843 -0.186397
v 0.035317 -0.416981 -0.187346
v 0.034687 -0.426948 -0.177833
v 0.031666 -0.392446 -0.163927
v 0.039061 -0.448466 -0.194716
v 0.039782 -0.449998 -0.209004
v 0.040512 -0.458211 -0.205764
v 0.039548 -0.464151 -0.214773
v 0.037624 -0.457200 -0.189384
v 0.033265 -0.413753 -0.198555
v 0.038334 -0.053361 -0.056207
v 0.037707 -0.093548 -0.071608
v 0.036695 -0.121092 -0.089654
v 0.035988 -0.476288 -0.206890
v 0.033781 -0.430275 0.166775
v 0.033127 -0.406433 0.195202
v 0.036741 -0.423041 0.196139
v 0.041912 -0.447434 0.193150
v 0.041157 -0.440198 0.204267
v 0.042906 -0.451441 0.204278
v 0.042057 -0.461495 0.201482
v 0.040366 -0.463405 0.215613
v 0.040156 -0.452282 0.219350
v 0.037632 -0.052547 -0.014931
v 0.037607 -0.124185 0.089397
v 0.037622 -0.087118 0.070017
v 0.036322 -0.473911 -0.220238
v 0.036677 -0.463198 -0.227376
v 0.036088 -0.464524 0.229660
v 0.036280 -0.454164 0.177083
v 0.039552 0.009809 0.027159
v 0.036228 -0.475394 0.218991
v 0.034099 -0.474002 -0.194926
v 0.038603 -0.438538 0.213092
v 0.038333 -0.051384 0.055116
v 0.030508 -0.365252 0.187955
v 0.029376 -0.404653 0.203625
v 0.031045 -0.328653 0.173966
v 0.036247 -0.476904 0.204001
v 0.031721 -0.429243 -0.169952
v 0.032049 -0.286940 0.155344
v 0.032521 -0.420950 0.209494
v 0.039388 -0.024319 0.040131
v 0.030808 -0.340378 0.135383
v 0.035953 -0.472646 0.191973
v 0.031881 -0.238862 0.138174
v 0.032175 -0.205313 0.124893
v 0.033168 -0.156131 0.109338
v 0.032439 -0.202113 0.085194
v 0.031604 -0.249432 0.103400
v 0.031882 -0.283926 0.118352
v 0.027593 -0.396462 -0.155278
v 0.030760 -0.376213 0.147613
v 0.030412 -0.405720 0.156327
v 0.029161 -0.344398 -0.138568
v 0.028891 -0.320713 -0.129810
v 0.030456 -0.270214 -0.112761
v 0.027128 -0.423803 -0.160948
v 0.037850 -0.049752 -0.001137
v 0.038415 -0.059459 0.014266
v 0.031129 -0.447285 -0.172696
v 0.031372 -0.474736 -0.232624
v 0.028141 -0.374484 -0.148905
v 0.031486 -0.218212 -0.092586
v 0.033144 -0.452698 0.234130
v 0.034419 -0.443101 0.226934
v 0.032567 -0.462654 -0.181704
v 0.033977 -0.080845 0.074500
v 0.031354 -0.482869 -0.218310
v 0.029085 -0.188437 0.072442
v 0.027157 -0.217837 0.083433
v 0.030248 -0.066893 -0.011763
v 0.030946 -0.058474 -0.003147
v 0.034165 -0.006758 0.041484
v 0.034335 -0.044107 0.059102
v 0.033586 -0.117241 0.093439
v 0.026807 -0.364594 0.193698
v 0.027736 -0.277085 0.158421
v 0.027980 -0.419093 0.216463
v 0.026494 -0.474541 0.239180
v 0.024492 -0.403135 0.210704
v 0.027459 -0.464491 0.242110
v 0.025753 -0.323272 0.179483
v 0.031549 -0.065899 0.007484
v 0.026895 -0.242334 0.146756
v 0.026791 -0.483944 0.227595
v 0.026462 -0.488037 0.216804
v 0.025162 -0.484459 -0.231110
v 0.025302 -0.488877 -0.205621
v 0.025013 -0.485126 -0.193474
v 0.016970 -0.076251 0.001344
v 0.026298 -0.488499 0.204305
v 0.026131 -0.484071 0.190831
v 0.024559 -0.474791 -0.241438
v 0.010405 -0.336798 0.195774
v 0.010794 -0.290505 0.176435
v -0.001581 -0.299951 0.183445
v -0.001616 -0.332518 0.197290
v 0.010233 -0.379109 0.212038
v -0.002965 -0.386499 0.218470
v 0.010191 -0.402828 0.221982
v 0.011237 -0.251775 0.161311
v -0.000278 -0.207873 0.146988
v -0.001003 -0.250930 0.164266
v 0.011599 -0.204268 0.142616
v 0.001129 -0.157553 0.127135
v 0.015210 -0.156450 0.123685
v 0.015924 -0.122941 0.108791
v 0.001147 -0.077938 0.092256
v 0.000880 -0.112865 0.107350
v 0.015801 -0.078181 0.088893
v 0.015687 -0.044961 0.075468
v 0.001081 -0.043301 0.078166
v -0.000394 -0.003105 0.059320
v 0.017029 -0.018905 0.062253
v 0.006958 -0.002553 0.057688
v 0.017299 -0.001541 0.054495
v -0.003223 -0.408704 0.228940
v 0.011628 -0.418849 0.230891
v -0.001694 -0.438988 0.248061
v 0.017849 0.019380 0.049894
v 0.000470 0.018630 0.055006
v 0.010087 -0.439586 0.245443
v 0.012854 -0.452347 0.250575
v -0.002599 -0.452932 0.253896
v 0.020016 -0.440034 0.240580
v -0.014205 -0.292074 0.179603
v -0.013772 -0.243713 0.160557
v -0.014893 -0.440931 0.248241
v -0.016111 -0.452082 0.252692
v -0.013178 -0.199587 0.142497
v -0.013628 -0.351798 0.203916
v -0.014758 -0.324384 0.192618
v -0.014799 -0.375603 0.212700
v -0.015721 -0.401701 0.223463
v -0.013132 -0.073006 0.088146
v -0.013551 -0.101472 0.100039
v -0.014958 -0.121377 0.108404
v -0.013599 -0.162953 0.126750
v -0.017941 -0.420366 0.233511
v -0.013414 -0.039557 0.074043
v -0.014836 -0.003701 0.056931
v -0.012526 0.017737 0.052753
v 0.013571 -0.463695 0.251738
v -0.001933 -0.462804 0.254806
v -0.017695 -0.462461 0.253629
v -0.021095 -0.082384 0.088552
v -0.028198 -0.443913 0.244142
v -0.028347 -0.452355 0.248041
v 0.017813 -0.202562 0.138693
v 0.026595 -0.147881 0.113749
v 0.027219 -0.114660 0.098854
v 0.017635 -0.324224 0.186486
v 0.019852 -0.248757 0.155120
v 0.020818 -0.288662 0.169703
v 0.026454 -0.451936 0.241990
v 0.020569 -0.370921 0.202555
v 0.017778 -0.406152 0.218405
v 0.026788 -0.080452 0.082846
v 0.026627 -0.170625 0.121235
v 0.027076 -0.044722 0.067695
v 0.028049 -0.438827 0.232654
v 0.030209 -0.005562 0.045804
v 0.026004 -0.199785 0.131443
v 0.026895 -0.242334 0.146756
v 0.025753 -0.323272 0.179483
v 0.031046 0.027673 0.037924
v 0.027459 -0.464491 0.242110
v 0.027736 -0.277085 0.158421
v 0.024492 -0.403135 0.210704
v 0.027980 -0.419093 0.216463
v 0.026807 -0.364594 0.193698
v 0.033586 -0.117241 0.093439
v 0.033168 -0.156131 0.109338
v 0.034335 -0.044107 0.059102
v 0.034165 -0.006758 0.041484
v 0.033977 -0.080845 0.074500
v 0.033144 -0.452698 0.234130
v 0.034419 -0.443101 0.226934
v 0.032175 -0.205313 0.124893
v -0.025219 -0.306992 0.180997
v -0.026517 -0.248940 0.157122
v -0.024979 -0.351286 0.198289
v -0.026009 -0.203557 0.138210
v -0.027033 -0.173349 0.124285
v -0.026753 -0.143035 0.111880
v -0.027055 -0.073203 0.081478
v -0.025751 -0.039642 0.067858
v -0.028451 -0.117993 0.099738
v -0.028598 -0.385422 0.209113
v -0.025385 -0.408779 0.221898
v -0.022851 0.018057 0.047622
v 0.011878 -0.473398 0.249395
v -0.002489 -0.473432 0.252439
v -0.026790 -0.005346 0.050479
v -0.018622 -0.472843 0.251109
v -0.033931 -0.462876 0.246046
v -0.030067 -0.303392 0.176359
v -0.030732 -0.420703 0.224510
v -0.032427 -0.403907 0.213783
v -0.031324 -0.360165 0.196940
v -0.040798 -0.452002 0.238250
v -0.037304 -0.322394 0.176855
v -0.042127 -0.443240 0.231082
v -0.036180 -0.241759 0.145813
v -0.037676 -0.291000 0.163980
v -0.036532 -0.161377 0.111131
v -0.035893 -0.119977 0.094112
v -0.035252 -0.074499 0.074740
v -0.034714 -0.039302 0.059471
v -0.036529 -0.198944 0.126959
v -0.030401 -0.474212 0.244753
v 0.026494 -0.474541 0.239180
v 0.007604 -0.306875 0.107768
v 0.009603 -0.355680 0.126466
v -0.002884 -0.329203 0.113926
v -0.004219 -0.373003 0.130249
v 0.010253 -0.381516 0.135165
v -0.003628 -0.438994 0.149183
v 0.008465 -0.427648 0.147775
v 0.011885 -0.453212 0.157342
v -0.003712 -0.457906 0.156230
v -0.002419 -0.294025 0.099516
v 0.011545 -0.275643 0.095870
v 0.018872 -0.426772 0.151117
v -0.001232 -0.252876 0.081477
v 0.010114 -0.251942 0.084718
v 0.009294 -0.221436 0.071888
v -0.001435 -0.231343 0.072665
v -0.000351 -0.182801 0.053067
v 0.012184 -0.201763 0.065037
v 0.014355 -0.162832 0.047877
v -0.000506 -0.144237 0.035352
v 0.016070 -0.134502 0.035909
v -0.000868 -0.124830 0.025586
v 0.015659 -0.113709 0.026724
v 0.013429 -0.473084 0.168801
v -0.004150 -0.474660 0.165610
v 0.018545 -0.404352 0.145200
v 0.019915 -0.377773 0.137985
v 0.020136 -0.340317 0.125167
v 0.017159 -0.304586 0.111045
v -0.003116 -0.103583 0.013004
v 0.026591 -0.444503 0.161579
v 0.017938 -0.228555 0.079548
v 0.026112 -0.458790 0.167631
v 0.021008 -0.251249 0.090952
v 0.027201 -0.424934 0.156595
v 0.022440 -0.196810 0.069734
v 0.022061 -0.275034 0.102570
v 0.027804 -0.161039 0.057241
v 0.026570 -0.321198 0.123553
v 0.026623 -0.283416 0.110451
v 0.026691 -0.373540 0.141674
v 0.029861 -0.107415 0.035235
v 0.030303 -0.130454 0.045407
v 0.028651 -0.472422 0.179355
v 0.029870 -0.094886 0.028410
v 0.018188 -0.090258 0.015515
v -0.003086 -0.097505 0.007870
v 0.030989 -0.080350 0.020118
v 0.027157 -0.217837 0.083433
v 0.029085 -0.188437 0.072442
v 0.027876 -0.248031 0.096569
v 0.016970 -0.076251 0.001344
v 0.012627 -0.485142 0.179802
v 0.036280 -0.454164 0.177083
v 0.033781 -0.430275 0.166775
v -0.002569 -0.486494 0.176111
v 0.031549 -0.065899 0.007484
v -0.015670 -0.451125 0.154109
v 0.001817 -0.086648 -0.000028
v -0.005648 -0.090896 0.000093
v 0.026131 -0.484071 0.190831
v 0.030808 -0.340378 0.135383
v 0.030760 -0.376213 0.147613
v 0.030412 -0.405720 0.156327
v -0.016617 -0.473543 0.165225
v 0.031882 -0.283926 0.118352
v 0.036198 -0.155197 0.066361
v 0.037711 -0.100437 0.043450
v 0.038765 -0.076713 0.030751
v 0.031604 -0.249432 0.103400
v 0.037512 -0.123737 0.053281
v 0.032439 -0.202113 0.085194
v 0.033574 -0.405744 0.162401
v 0.030946 -0.058474 -0.003147
v 0.035953 -0.472646 0.191973
v 0.038415 -0.059459 0.014266
v -0.015743 -0.325128 0.113150
v -0.014840 -0.279669 0.094371
v -0.015623 -0.373025 0.131462
v -0.016045 -0.416666 0.144139
v -0.015247 -0.246037 0.080176
v -0.016411 -0.481533 0.171555
v -0.013723 -0.205496 0.064290
v -0.014154 -0.172163 0.050892
v 0.011754 -0.492436 0.191505
v -0.014841 -0.134884 0.035347
v -0.016496 -0.489251 0.180363
v -0.002736 -0.115588 0.020815
v -0.003034 -0.495364 0.190258
v -0.028057 -0.459421 0.162442
v -0.024589 -0.444051 0.155128
v -0.031692 -0.471655 0.170666
v -0.023090 -0.219282 0.073970
v -0.008179 -0.101963 0.015012
v -0.023974 -0.290179 0.102984
v -0.023158 -0.354394 0.127955
v -0.030008 -0.379177 0.140464
v -0.025383 -0.408998 0.146227
v -0.019220 -0.105677 0.024704
v -0.032731 -0.480393 0.178983
v -0.033506 -0.443109 0.159742
v -0.029778 -0.245052 0.088231
v -0.029805 -0.269560 0.098517
v -0.031212 -0.314483 0.117046
v -0.030559 -0.349650 0.130626
v -0.028792 -0.167375 0.057528
v -0.028883 -0.197778 0.069598
v -0.028371 -0.135413 0.044079
v -0.028567 -0.109040 0.032301
v -0.027757 -0.083988 0.017791
v -0.014454 -0.092265 0.014214
v -0.032399 -0.409454 0.150962
v -0.041562 -0.459549 0.172550
v -0.031921 -0.489003 0.190337
v -0.018476 -0.076010 0.000574
v -0.016899 0.224724 0.146334
v -0.016124 0.182063 0.128200
v -0.005107 0.182271 0.134050
v -0.006288 0.220701 0.149932
v -0.016916 0.251043 0.158327
v -0.005845 0.259547 0.167082
v -0.018516 0.151186 0.111737
v -0.021673 0.202581 0.133511
v -0.023092 0.245507 0.151431
v -0.024929 0.175975 0.119141
v -0.019314 0.284562 0.170758
v -0.025566 0.151119 0.105586
v -0.020890 0.122366 0.094264
v -0.030160 0.264216 0.152472
v -0.020844 0.321100 0.184128
v -0.030359 0.296498 0.164933
v -0.029827 0.329120 0.177813
v -0.021719 0.352328 0.194345
v -0.029052 0.366217 0.191646
v -0.020425 0.399491 0.212604
v -0.031335 0.210652 0.126438
v -0.032206 0.185851 0.115147
v -0.028628 0.402930 0.204913
v -0.031141 0.238509 0.138858
v -0.028603 0.424505 0.215104
v -0.017525 0.420695 0.225171
v -0.032560 0.124441 0.082011
v -0.025995 0.087097 0.066869
v -0.032405 0.150132 0.096860
v -0.017955 0.108145 0.087322
v -0.032976 0.093729 0.060594
v -0.033395 0.071652 0.048529
v -0.026960 0.070235 0.057031
v -0.024664 0.048682 0.051104
v -0.034326 0.426319 0.206682
v -0.034842 0.265438 0.145096
v -0.033202 0.403378 0.197275
v -0.034111 0.351186 0.177560
v -0.035042 0.308730 0.161159
v -0.035555 0.212465 0.119044
v -0.035868 0.240829 0.130656
v -0.033615 0.039380 0.038482
v -0.022200 0.030458 0.048839
v -0.036022 0.185243 0.106649
v -0.019434 0.066236 0.062453
v -0.036289 0.140839 0.082117
v -0.031667 0.446371 0.231152
v -0.039660 0.448086 0.218434
v -0.038167 0.459940 0.226276
v -0.026421 0.460442 0.241651
v -0.023885 0.446699 0.239624
v -0.016550 0.086940 0.075627
v -0.037856 0.427509 0.196915
v -0.036350 0.406618 0.189677
v -0.036778 0.383642 0.180733
v -0.040784 0.443595 0.202952
v -0.036001 0.086887 0.044948
v -0.036963 0.037885 0.027161
v -0.042907 0.459227 0.210514
v -0.033476 0.016950 0.037245
v -0.022851 0.018057 0.047622
v -0.037947 0.013616 0.027719
v -0.030032 0.469015 0.235374
v -0.036127 0.470714 0.225039
v -0.026790 -0.005346 0.050479
v -0.034703 -0.003200 0.041558
v -0.038155 -0.006598 0.036406
v -0.034714 -0.039302 0.059471
v -0.039545 -0.047786 0.055797
v -0.039723 -0.075452 0.068684
v -0.035252 -0.074499 0.074740
v -0.035893 -0.119977 0.094112
v -0.040369 -0.128536 0.091801
v -0.036532 -0.161377 0.111131
v -0.041104 -0.180779 0.112975
v -0.036529 -0.198944 0.126959
v -0.040914 -0.223972 0.131634
v -0.036180 -0.241759 0.145813
v -0.042181 -0.014438 0.027817
v -0.043777 -0.027549 0.017340
v -0.044268 -0.033868 0.027794
v -0.042695 -0.005843 0.013898
v -0.043063 -0.046964 0.046549
v -0.044847 -0.062306 0.041260
v -0.045249 -0.091857 0.055637
v -0.043382 -0.096658 0.070828
v -0.045867 -0.122607 0.072022
v -0.038879 0.026655 0.015598
v -0.044412 -0.136692 0.086771
v -0.046381 -0.156007 0.084612
v -0.044508 -0.158184 0.095979
v -0.046884 -0.180400 0.095329
v -0.044936 -0.188770 0.108421
v -0.047058 -0.217716 0.110889
v -0.045094 -0.216084 0.119779
v -0.045087 -0.245991 0.131216
v -0.046800 -0.269539 0.131956
v -0.045600 -0.290807 0.147846
v -0.046987 -0.315942 0.149358
v -0.046314 -0.331359 0.160975
v -0.037790 0.048863 0.021851
v -0.046934 -0.348172 0.158190
v -0.037118 0.081613 0.034740
v -0.047072 -0.367321 0.168812
v -0.037231 0.098223 0.041438
v -0.038558 0.021431 0.000007
v -0.037856 0.129902 0.063612
v -0.043904 -0.057844 0.031614
v -0.041468 -0.006483 0.002434
v -0.041961 -0.004138 -0.006112
v -0.041003 -0.027728 0.001214
v -0.042714 -0.015329 -0.016748
v -0.043944 -0.046312 -0.032239
v -0.039367 0.022440 -0.017136
v -0.037211 0.059787 -0.024322
v -0.042635 -0.025451 -0.027660
v -0.037503 0.020591 -0.027008
v -0.042223 -0.041687 -0.042426
v -0.043014 -0.070020 -0.056147
v -0.045570 -0.099958 -0.055087
v -0.044687 -0.132756 -0.081047
v -0.036181 0.132639 0.053164
v -0.036112 0.201059 0.087269
v -0.036245 0.164962 0.069948
v -0.038306 0.163817 0.083104
v -0.044051 -0.099782 0.052438
v -0.045803 -0.298789 0.134689
v -0.046291 -0.141614 -0.075593
v -0.044275 -0.126593 -0.055663
v -0.044342 -0.152571 -0.068625
v -0.044510 -0.176891 -0.081971
v -0.046019 -0.188369 -0.097552
v -0.043122 -0.205494 -0.088697
v -0.038512 0.202536 0.102428
v -0.037052 0.264079 0.119275
v -0.035981 0.233111 0.100386
v -0.038414 0.228855 0.112756
v -0.038545 0.266314 0.129851
v -0.035877 0.373978 0.160790
v -0.036419 0.328768 0.144526
v -0.037869 0.346923 0.161907
v -0.038150 0.314812 0.148863
v -0.036853 0.294378 0.131319
v -0.044567 -0.149336 0.073150
v -0.045079 -0.194978 0.091338
v -0.045567 -0.326741 0.144586
v -0.036967 0.280543 0.144600
v -0.045220 -0.275294 0.124536
v -0.045323 -0.243367 0.111594
v -0.044371 -0.384174 0.160307
v -0.033209 0.077648 0.012617
v -0.034750 0.047355 0.000156
v -0.033251 0.081411 -0.015233
v -0.037653 0.375105 0.170518
v -0.036585 0.417453 0.176624
v -0.037942 0.417522 0.184858
v -0.039270 0.439158 0.188902
v -0.040991 0.458137 0.194326
v -0.040793 0.469681 0.203418
v -0.041080 -0.053013 0.017113
v -0.034263 0.047876 -0.038589
v -0.033888 0.067567 -0.045148
v -0.036515 0.083676 -0.035724
v -0.037094 0.116357 -0.051096
v -0.032632 0.118381 -0.032773
v -0.033608 0.088987 -0.055743
v -0.036047 0.113209 -0.060679
v -0.038232 0.151420 -0.076335
v -0.036267 0.162564 -0.069247
v -0.036141 0.208029 -0.088486
v -0.036300 0.142942 -0.081941
v -0.036175 0.190459 -0.109200
v -0.039069 0.204484 -0.102575
v -0.039169 0.234021 -0.113727
v -0.036143 0.237176 -0.130853
v -0.039320 0.254143 -0.122500
v -0.039256 0.290579 -0.139949
v -0.036150 0.261499 -0.142953
v -0.035734 0.291874 -0.157169
v -0.038627 0.345635 -0.160535
v -0.036901 0.322677 -0.163036
v -0.038106 0.309097 -0.139962
v -0.036700 0.372378 -0.179243
v -0.038653 0.405799 -0.179049
v -0.036979 0.403192 -0.189112
v -0.038364 0.426274 -0.197998
v -0.036975 0.342912 -0.149512
v -0.036152 0.377043 -0.160355
v -0.040696 0.435777 -0.190202
v -0.043183 -0.085127 -0.039428
v -0.042310 -0.056906 -0.026871
v -0.040949 -0.043521 -0.013139
v -0.046402 -0.225568 -0.112090
v -0.044327 -0.235544 -0.105367
v -0.045142 -0.266060 -0.120220
v -0.046788 -0.262247 -0.129096
v -0.043833 -0.291806 -0.124440
v -0.044095 -0.218360 -0.121595
v -0.042875 -0.187427 -0.111403
v -0.042145 -0.156750 -0.099216
v -0.035646 0.283808 -0.121056
v -0.037046 0.418234 -0.175032
v -0.043213 -0.250569 -0.139963
v -0.045238 -0.283428 -0.148138
v -0.047220 -0.317904 -0.149852
v -0.044863 -0.349881 -0.175967
v -0.046788 -0.395683 -0.184579
v -0.047395 -0.362170 -0.165814
v -0.045652 -0.318683 -0.159851
v -0.047620 -0.394858 -0.174819
v -0.048548 -0.418421 -0.176721
v -0.050798 -0.428191 -0.185791
v -0.044894 -0.350855 -0.148474
v -0.045036 -0.385225 -0.161073
v -0.044633 -0.318493 -0.136232
v -0.044886 -0.415024 -0.166449
v -0.047235 -0.421190 -0.200572
v -0.049742 -0.446414 -0.177637
v -0.035013 0.316456 -0.132378
v -0.035593 0.248981 -0.105170
v -0.043063 0.446540 -0.205084
v -0.044476 0.459721 -0.205555
v -0.042946 0.459309 -0.219020
v -0.042379 0.458103 -0.192721
v -0.040640 0.472029 -0.217969
v -0.042352 0.470333 -0.205164
v -0.032703 0.145849 -0.048349
v -0.047328 -0.401806 0.174542
v -0.047098 -0.400711 0.183524
v -0.047946 -0.424290 0.176986
v -0.050571 -0.435024 0.188364
v -0.052770 -0.450309 0.191629
v -0.050959 -0.437102 0.200306
v -0.047835 -0.421489 0.195380
v -0.054316 -0.451779 0.206297
v -0.052916 -0.462848 0.195518
v -0.054836 -0.462167 0.207377
v -0.053042 -0.451138 0.217419
v -0.053422 -0.461947 0.218789
v -0.044885 -0.347573 0.171588
v -0.033397 0.100992 0.026652
v -0.038969 0.472305 0.216519
v -0.044200 -0.389233 -0.191643
v -0.040715 0.448860 -0.220544
v -0.038021 -0.006707 -0.033575
v -0.036983 0.457581 0.182834
v -0.039829 -0.075299 -0.027098
v -0.043588 -0.305234 -0.161798
v -0.039763 0.469376 -0.192721
v -0.037340 0.457190 -0.181370
v -0.034869 0.277215 0.117715
v -0.052312 -0.471572 0.206188
v -0.043664 -0.347246 0.146602
v -0.040462 -0.072783 0.027786
v -0.043553 -0.396318 0.194124
v -0.042979 -0.366090 0.183503
v -0.043630 -0.412649 0.164978
v -0.050462 -0.472918 0.218166
v -0.030003 0.074903 0.000331
v -0.042341 -0.252307 -0.106419
v -0.034135 0.325240 0.136062
v -0.033144 0.380666 0.155723
v -0.034765 0.328490 -0.171709
v -0.047790 -0.438112 0.216146
v -0.042445 -0.129813 -0.086772
v -0.041925 -0.091077 -0.069434
v -0.034351 0.362944 -0.149734
v -0.033635 0.419262 -0.167012
v -0.054637 -0.450141 -0.191197
v -0.056423 -0.450468 -0.205405
v -0.056468 -0.462754 -0.205079
v -0.055235 -0.462003 -0.218456
v -0.054751 -0.451125 -0.218200
v -0.054095 -0.463297 -0.193378
v -0.052771 -0.472775 -0.217102
v -0.050084 -0.427943 -0.198486
v -0.036288 -0.048955 0.000735
v -0.034398 0.367077 -0.184496
v -0.034064 0.407410 -0.199461
v -0.042374 -0.311354 0.164840
v -0.051534 -0.477266 -0.205582
v -0.050836 -0.472861 -0.194080
v -0.048203 -0.447293 0.178610
v -0.049179 -0.461754 0.185187
v -0.032563 0.147516 0.050203
v -0.041045 -0.109795 -0.040946
v -0.024701 0.099213 -0.000030
v -0.022569 0.114488 0.011148
v -0.025916 0.107443 -0.014793
v -0.032202 0.180374 -0.067205
v -0.032619 0.436464 0.171211
v -0.042510 -0.314971 0.131257
v -0.041661 -0.265837 0.111380
v -0.042211 -0.265597 0.146700
v -0.040810 -0.176437 -0.071193
v -0.042115 -0.214963 -0.125671
v -0.036476 -0.055086 -0.008517
v -0.032991 0.129361 -0.083625
v -0.032593 0.165656 -0.105066
v -0.036220 0.470354 0.189114
v -0.027141 0.107988 0.020371
v -0.037165 -0.042785 -0.057295
v -0.023893 0.121523 0.018896
v -0.049761 -0.436786 -0.213705
v -0.041380 -0.129170 -0.048958
v -0.036164 -0.066919 -0.018049
v -0.038289 -0.154812 -0.055946
v -0.034256 0.023229 -0.035278
v -0.034554 -0.004968 -0.039994
v -0.042089 -0.422173 0.210656
v -0.049163 -0.452245 0.226894
v -0.049647 -0.459384 -0.181777
v -0.033337 0.426015 -0.211413
v -0.040378 -0.097339 0.041120
v -0.040849 -0.133215 0.057761
v -0.041227 -0.170624 0.073439
v -0.041301 -0.212330 0.089136
v -0.049002 -0.473280 0.194991
v -0.035773 0.470445 -0.230811
v -0.050533 -0.462895 -0.230970
v -0.047529 -0.451977 -0.233540
v -0.046041 -0.462742 0.234336
v -0.036585 -0.067115 0.016738
v -0.031768 0.222020 -0.085546
v -0.046681 -0.473685 -0.232343
v -0.040527 -0.401574 -0.157415
v -0.034625 0.460176 -0.235494
v -0.035350 0.479805 0.204689
v -0.028959 0.078421 -0.058181
v -0.039894 -0.335321 -0.180417
v -0.040070 -0.392686 -0.201681
v -0.042200 -0.421358 -0.211853
v -0.040037 -0.347483 -0.137599
v -0.039639 -0.307202 -0.122349
v -0.031232 0.279415 -0.110889
v -0.032208 0.226224 -0.133451
v -0.031248 0.253174 0.100094
v -0.030145 0.300966 0.119367
v -0.029629 0.345396 0.136681
v -0.031627 0.212597 0.082758
v -0.031990 0.182953 0.068842
v -0.036334 -0.134898 -0.100789
v -0.037214 -0.168763 -0.113662
v -0.037682 -0.219025 -0.135030
v -0.039013 -0.274142 -0.157554
v -0.033429 -0.071375 -0.076207
v -0.035478 -0.107910 -0.089246
v -0.029586 0.398678 -0.203426
v -0.038670 -0.272342 -0.108016
v -0.034535 0.482992 -0.204924
v -0.032787 0.481614 -0.194632
v -0.028626 0.404762 0.156660
v -0.038135 -0.227680 -0.088745
v -0.037285 -0.183923 -0.068518
v -0.042473 -0.444210 -0.166298
v -0.030811 0.348701 -0.184604
v -0.030346 0.346664 -0.136499
v -0.029929 0.399179 -0.155348
v -0.038408 -0.361908 0.189730
v -0.038665 -0.403273 0.206034
v -0.031321 0.275690 -0.157904
v -0.025915 0.133436 0.031609
v -0.020717 0.107201 -0.000478
v -0.042587 -0.445021 0.169013
v -0.038947 -0.359855 0.143529
v -0.039086 -0.410350 0.158063
v -0.030859 0.312136 -0.172575
v -0.029690 0.458465 -0.171773
v -0.029271 -0.062449 0.000281
v -0.041024 -0.472822 0.236271
v -0.037304 -0.322394 0.176855
v -0.037676 -0.291000 0.163980
v -0.045910 -0.481405 0.204883
v -0.043665 -0.471787 0.183014
v -0.031641 0.471904 -0.180630
v -0.041562 -0.459549 0.172550
v -0.026149 0.137857 -0.034170
v -0.024677 0.187809 -0.060303
v -0.029810 0.482017 0.192500
v -0.044430 -0.485070 -0.217567
v -0.037309 -0.246380 0.096889
v -0.038122 -0.302889 0.120107
v -0.028635 0.457732 0.171496
v -0.032306 0.483483 -0.217021
v -0.030226 0.471203 0.180310
v -0.044165 -0.462468 -0.239597
v -0.026500 -0.069441 -0.007316
v -0.042127 -0.443240 0.231082
v -0.029796 0.484749 0.215433
v -0.040798 -0.452002 0.238250
v -0.029357 0.446060 -0.236113
v -0.041092 -0.486047 0.216221
v -0.029772 0.478612 0.227662
v -0.036228 -0.137184 0.052918
v -0.035771 -0.097881 0.034610
v -0.031270 0.479222 -0.228118
v -0.043711 -0.440764 -0.228245
v -0.036859 -0.179092 0.070611
v -0.024145 0.155413 0.042698
v -0.040935 -0.481473 0.226868
v -0.025563 0.022849 -0.046311
v -0.026685 -0.000814 -0.048771
v -0.026656 -0.019486 -0.057684
v -0.023979 0.230658 -0.079339
v -0.043689 -0.482748 -0.194026
v -0.029268 -0.040653 -0.066833
v -0.042463 -0.481268 0.192983
v -0.020271 0.111977 -0.009074
v -0.020020 0.117883 -0.014546
v -0.023090 0.178510 0.054479
v -0.022402 0.202925 0.066882
v -0.030248 -0.073564 0.012489
v -0.027757 -0.083988 0.017791
v -0.023242 0.221960 0.076784
v -0.018476 -0.076010 0.000574
v -0.020487 -0.078394 -0.010245
v -0.031944 -0.386738 -0.208873
v -0.032125 -0.409329 -0.218866
v -0.032669 -0.422533 -0.225710
v -0.032427 -0.403907 0.213783
v -0.030732 -0.420703 0.224510
v -0.031324 -0.360165 0.196940
v -0.032812 -0.351915 -0.194477
v -0.040386 -0.481906 -0.232020
v -0.023303 0.270902 -0.097603
v -0.023085 0.301826 -0.110536
v -0.022812 0.270271 0.098028
v -0.022623 0.185189 -0.056718
v -0.021702 0.407331 -0.148885
v -0.022808 0.369313 -0.136854
v -0.021380 0.348943 -0.128081
v -0.022301 0.321502 -0.117749
v -0.031212 -0.314483 0.117046
v -0.029805 -0.269560 0.098517
v -0.022394 0.470179 -0.245097
v -0.028567 -0.109040 0.032301
v -0.028371 -0.135413 0.044079
v -0.029778 -0.245052 0.088231
v -0.035722 -0.473917 -0.244181
v -0.028741 -0.254499 -0.160066
v -0.030228 -0.314223 -0.182347
v -0.029904 -0.276503 -0.167988
v -0.028940 -0.184576 -0.129407
v -0.021860 0.341833 0.127057
v -0.020599 0.306783 0.111772
v -0.021476 0.378327 0.140009
v -0.020787 0.412620 0.150684
v -0.020901 0.439824 0.158894
v -0.033931 -0.462876 0.246046
v -0.038376 -0.490365 -0.205562
v -0.027223 -0.206981 -0.140747
v -0.027015 -0.233911 -0.152378
v -0.020343 0.133021 0.024351
v -0.017779 0.147611 0.032553
v -0.030559 -0.349650 0.130626
v -0.030008 -0.379177 0.140464
v -0.032399 -0.409454 0.150962
v -0.033506 -0.443109 0.159742
v -0.026821 -0.158188 -0.119612
v -0.028792 -0.167375 0.057528
v -0.028883 -0.197778 0.069598
v -0.033594 -0.452076 -0.246787
v -0.023020 0.479292 -0.238298
v -0.020101 0.483302 0.180799
v -0.034776 -0.442437 -0.239813
v -0.018703 0.255701 0.088545
v -0.019664 0.478709 0.238756
v -0.019240 0.470852 0.169636
v -0.019934 0.458001 0.163959
v -0.031692 -0.471655 0.170666
v -0.032731 -0.480393 0.178983
v -0.025227 -0.134195 -0.110121
v -0.024684 -0.107182 -0.097749
v -0.030401 -0.474212 0.244753
v -0.030987 -0.463519 -0.249985
v -0.031921 -0.489003 0.190337
v -0.009358 0.128545 0.103572
v -0.020890 0.122366 0.094264
v -0.017955 0.108145 0.087322
v -0.016550 0.086940 0.075627
v -0.018516 0.151186 0.111737
v -0.005107 0.182271 0.134050
v -0.000883 0.170873 0.129458
v -0.000617 0.071904 0.072277
v -0.000499 0.127558 0.105373
v -0.011135 0.067013 0.067084
v -0.019434 0.066236 0.062453
v -0.012704 0.047057 0.057948
v -0.000609 0.047892 0.060953
v -0.024664 0.048682 0.051104
v -0.000578 0.031689 0.056361
v -0.012777 0.031460 0.053890
v -0.022200 0.030458 0.048839
v 0.003847 0.220143 0.150883
v -0.006288 0.220701 0.149932
v -0.005845 0.259547 0.167082
v 0.006091 0.264638 0.169790
v -0.005317 0.296673 0.182197
v 0.007166 0.291566 0.180593
v 0.005471 0.325932 0.194824
v -0.005916 0.323337 0.192911
v 0.002567 0.361970 0.208570
v -0.004517 0.383067 0.215629
v 0.006658 0.389016 0.219746
v -0.005446 0.407487 0.225850
v 0.009992 0.411098 0.229773
v 0.006880 0.415936 0.232703
v -0.005736 0.419749 0.232305
v -0.003918 0.438547 0.245662
v 0.009107 0.437451 0.246603
v -0.001270 0.448327 0.251227
v 0.011699 0.448177 0.251685
v 0.009860 0.376428 0.214063
v 0.000470 0.018630 0.055006
v 0.000967 0.459685 0.253782
v 0.023892 0.437039 0.243779
v -0.012526 0.017737 0.052753
v 0.008201 0.181231 0.132724
v -0.022851 0.018057 0.047622
v 0.025346 0.447437 0.248677
v 0.022186 0.401736 0.221452
v 0.014240 0.332673 0.195756
v 0.010264 0.071731 0.069766
v 0.010518 0.046079 0.057660
v 0.009438 0.158236 0.120156
v 0.009097 0.117827 0.097151
v 0.022248 0.459197 0.252342
v 0.010820 0.226470 0.151743
v 0.023507 0.357470 0.202239
v 0.016817 0.030047 0.051533
v 0.021280 0.296451 0.178080
v 0.020451 0.211681 0.141805
v 0.020665 0.245004 0.156115
v 0.020635 0.181591 0.127986
v 0.020495 0.157549 0.115298
v 0.018790 0.108717 0.087670
v 0.018105 0.067412 0.064675
v 0.018454 0.045741 0.054370
v 0.017849 0.019380 0.049894
v 0.036779 0.438432 0.237092
v 0.029085 0.413286 0.223531
v 0.037892 0.447941 0.241389
v 0.033103 0.396634 0.211326
v 0.037558 0.458842 0.244493
v 0.031174 0.319274 0.180759
v 0.020582 0.468767 0.251518
v 0.032844 0.290014 0.166555
v 0.030669 0.209254 0.132832
v 0.032131 0.247604 0.148603
v 0.031355 0.113815 0.080728
v 0.028064 0.147591 0.103429
v 0.026121 0.083118 0.066904
v 0.038252 0.420147 0.219872
v 0.034516 0.170640 0.110735
v 0.034836 0.357007 0.193043
v 0.030160 0.073302 0.057672
v 0.030944 0.044424 0.042180
v 0.031046 0.027673 0.037924
v -0.003814 0.468885 0.251956
v 0.037993 0.469575 0.242123
v 0.007469 0.479299 0.247084
v -0.015081 0.363722 0.203439
v -0.014301 0.392468 0.214473
v -0.020844 0.321100 0.184128
v -0.019314 0.284562 0.170758
v -0.016916 0.251043 0.158327
v -0.020425 0.399491 0.212604
v -0.017525 0.420695 0.225171
v -0.021719 0.352328 0.194345
v -0.013901 0.436954 0.240304
v -0.015233 0.449159 0.246712
v -0.023885 0.446699 0.239624
v -0.010232 0.459369 0.251138
v -0.026421 0.460442 0.241651
v -0.019947 0.468518 0.244990
v -0.030032 0.469015 0.235374
v -0.006131 0.478673 0.246245
v -0.019664 0.478709 0.238756
v 0.005165 0.496507 -0.218490
v 0.007506 0.492445 -0.230032
v -0.009319 0.491317 -0.230128
v -0.008811 0.495514 -0.217568
v 0.003214 0.487574 -0.239052
v 0.022096 0.489895 -0.232897
v 0.024711 0.494742 -0.217610
v -0.005192 0.497369 -0.205273
v 0.021348 0.496293 -0.205353
v 0.036834 0.488515 -0.220966
v 0.005336 0.495716 -0.193925
v 0.036560 0.490197 -0.205514
v 0.023253 0.493571 -0.193253
v -0.007910 0.494851 -0.193572
v -0.022267 0.491091 -0.215707
v -0.021474 0.487319 -0.228058
v -0.022247 0.492012 -0.205084
v -0.020245 0.490754 -0.193731
v 0.006981 0.491355 -0.182978
v -0.008316 0.489574 -0.181064
v 0.022479 0.488695 -0.182557
v 0.034731 0.486352 -0.189097
v -0.020104 0.485878 -0.183703
v -0.009256 0.480713 -0.245186
v -0.023020 0.479292 -0.238298
v -0.034535 0.482992 -0.204924
v -0.032306 0.483483 -0.217021
v -0.032787 0.481614 -0.194632
v -0.031270 0.479222 -0.228118
v 0.004698 0.478923 -0.248341
v 0.022440 0.479184 -0.245736
v 0.035659 0.478822 -0.238071
v -0.006171 0.469925 -0.252517
v -0.022394 0.470179 -0.245097
v 0.020362 0.469188 -0.251466
v -0.001389 -0.496020 0.226838
v -0.018768 -0.489297 0.237479
v -0.016836 -0.497887 0.218318
v -0.002898 -0.490512 0.237654
v -0.027548 -0.491131 0.227790
v -0.002004 -0.498780 0.215945
v -0.029176 -0.493787 0.215886
v -0.001999 -0.483212 0.246071
v -0.017254 -0.481995 0.245650
v 0.013963 -0.485292 0.239064
v 0.014857 -0.491448 0.227140
v 0.012910 -0.495306 0.216366
v -0.017444 -0.498242 0.204226
v -0.001548 -0.498722 0.204284
v 0.013347 -0.495210 0.204300
v 0.026462 -0.488037 0.216804
v 0.026791 -0.483944 0.227595
v 0.026298 -0.488499 0.204305
v 0.011754 -0.492436 0.191505
v -0.003034 -0.495364 0.190258
v -0.017598 -0.494999 0.190972
v -0.034612 -0.491404 0.204315
v -0.031921 -0.489003 0.190337
v 0.026131 -0.484071 0.190831
v -0.016496 -0.489251 0.180363
v -0.041092 -0.486047 0.216221
v -0.031621 -0.481439 0.238096
v -0.040935 -0.481473 0.226868
v -0.045910 -0.481405 0.204883
v -0.042463 -0.481268 0.192983
v -0.030401 -0.474212 0.244753
v 0.011878 -0.473398 0.249395
v 0.026494 -0.474541 0.239180
v -0.041024 -0.472822 0.236271
v -0.018622 -0.472843 0.251109
v -0.002489 -0.473432 0.252439
v 0.006347 0.487859 0.238580
v 0.006830 0.493940 0.228519
v -0.008001 0.486704 0.237680
v -0.007575 0.492386 0.228224
v 0.019412 0.486860 0.238232
v 0.021419 0.492647 0.227836
v -0.006131 0.478673 0.246245
v 0.007469 0.479299 0.247084
v 0.021256 0.478107 0.246142
v 0.031259 0.481311 0.238880
v 0.032884 0.488612 0.226976
v 0.006858 0.497800 0.217648
v -0.006862 0.496611 0.216858
v 0.025305 0.495827 0.216289
v -0.020793 0.487509 0.225973
v -0.020010 0.491635 0.216569
v -0.006857 0.497872 0.205418
v 0.006739 0.498973 0.205143
v 0.023662 0.497163 0.205039
v -0.022760 0.491283 0.205238
v -0.019664 0.478709 0.238756
v -0.005818 0.496664 0.195270
v 0.006790 0.497240 0.193468
v 0.036537 0.491517 0.205469
v 0.043099 0.485309 0.216514
v 0.025770 0.494598 0.194515
v 0.039990 0.481878 0.229299
v -0.018985 0.491381 0.194638
v -0.029796 0.484749 0.215433
v -0.029772 0.478612 0.227662
v 0.004838 0.493109 0.183795
v 0.023413 0.490005 0.182701
v -0.006890 0.490309 0.181480
v 0.036854 0.488096 0.192462
v -0.035350 0.479805 0.204689
v -0.029810 0.482017 0.192500
v -0.020101 0.483302 0.180799
v -0.003814 0.468885 0.251956
v 0.020582 0.468767 0.251518
v 0.048949 0.478722 0.204164
v 0.045537 0.480005 0.194690
v 0.037993 0.469575 0.242123
v -0.024808 0.050684 -0.052536
v -0.013427 0.030424 -0.054488
v -0.025563 0.022849 -0.046311
v -0.013173 0.049049 -0.058968
v -0.015148 0.018736 -0.052595
v -0.023793 0.076826 -0.064592
v -0.013208 0.078151 -0.073200
v -0.025801 0.113261 -0.084543
v -0.012233 0.116446 -0.095754
v -0.022596 0.136068 -0.100358
v -0.011218 0.156762 -0.118214
v -0.023793 0.165338 -0.115025
v -0.010660 0.204183 -0.141355
v -0.024196 0.201971 -0.132259
v -0.024437 0.232703 -0.145901
v -0.010071 0.248017 -0.161405
v -0.024006 0.272348 -0.164455
v -0.009853 0.281754 -0.175835
v -0.023852 0.310990 -0.180052
v -0.008564 0.329501 -0.194822
v -0.023710 0.334742 -0.188320
v -0.022560 0.357440 -0.197066
v -0.007188 0.368997 -0.209471
v -0.021652 0.390588 -0.209503
v -0.016936 0.409750 -0.221016
v -0.021857 0.421083 -0.223093
v -0.007211 0.410293 -0.226470
v -0.012050 0.420620 -0.230222
v -0.007948 0.435901 -0.242993
v -0.020618 0.448272 -0.244491
v -0.029357 0.446060 -0.236113
v -0.006700 0.447975 -0.250333
v -0.020008 0.459653 -0.248241
v -0.004903 0.460028 -0.253872
v -0.000670 0.093589 -0.085650
v 0.000685 0.067517 -0.071081
v 0.000593 0.123439 -0.102688
v 0.000821 0.046312 -0.061077
v -0.000874 0.032301 -0.057508
v 0.003215 0.160036 -0.122233
v 0.002954 0.200860 -0.141628
v 0.005404 0.353559 -0.205502
v 0.005798 0.382728 -0.216614
v 0.005975 0.411811 -0.229886
v 0.007253 0.434900 -0.244745
v 0.004347 0.253952 -0.165540
v 0.004649 0.305963 -0.186850
v 0.009422 0.447495 -0.251156
v 0.000403 0.017773 -0.055885
v -0.034625 0.460176 -0.235494
v -0.032593 0.165656 -0.105066
v -0.031321 0.275690 -0.157904
v 0.020031 0.458621 -0.252780
v 0.021848 0.447098 -0.249250
v 0.015469 0.118493 -0.096510
v 0.017512 0.146974 -0.111556
v 0.016432 0.341899 -0.198935
v 0.021802 0.433711 -0.241384
v 0.019491 0.406549 -0.224302
v 0.018050 0.380417 -0.212974
v 0.015036 0.029291 -0.053653
v 0.017065 0.315358 -0.187864
v 0.015745 0.291526 -0.178015
v 0.015063 0.261123 -0.165781
v 0.015610 0.228860 -0.151230
v 0.016265 0.196244 -0.135925
v 0.017983 0.166964 -0.121544
v 0.016946 0.046701 -0.056706
v 0.016464 0.072588 -0.069755
v 0.015740 0.097009 -0.083902
v -0.006171 0.469925 -0.252517
v 0.017861 0.017510 -0.050562
v -0.014147 -0.000885 -0.055793
v -0.001040 -0.000423 -0.058432
v 0.020362 0.469188 -0.251466
v -0.026685 -0.000814 -0.048771
v -0.022394 0.470179 -0.245097
v -0.030859 0.312136 -0.172575
v -0.032208 0.226224 -0.133451
v -0.030811 0.348701 -0.184604
v -0.029586 0.398678 -0.203426
v -0.033337 0.426015 -0.211413
v -0.032991 0.129361 -0.083625
v -0.028959 0.078421 -0.058181
v -0.034263 0.047876 -0.038589
v 0.004698 0.478923 -0.248341
v 0.010903 -0.491376 -0.232012
v -0.010192 -0.494044 -0.231760
v -0.004974 -0.488519 -0.240337
v 0.010558 -0.484038 -0.242693
v -0.004381 -0.482024 -0.247256
v -0.019787 -0.484911 -0.243953
v -0.029248 -0.489882 -0.231163
v 0.009874 -0.495783 -0.218973
v -0.005237 -0.497852 -0.218978
v -0.020220 -0.497089 -0.218629
v -0.032018 -0.493013 -0.217941
v -0.004941 -0.498887 -0.206775
v -0.022471 -0.497544 -0.206529
v 0.011041 -0.496298 -0.206961
v 0.024040 -0.489747 -0.218675
v 0.025162 -0.484459 -0.231110
v -0.018951 -0.495747 -0.193044
v -0.003625 -0.496251 -0.193968
v 0.011723 -0.493088 -0.193835
v 0.025302 -0.488877 -0.205621
v -0.038376 -0.490365 -0.205562
v -0.033858 -0.490395 -0.193829
v -0.030263 -0.481621 -0.241565
v -0.044430 -0.485070 -0.217567
v -0.040386 -0.481906 -0.232020
v -0.006666 -0.488581 -0.178341
v 0.010385 -0.486750 -0.181190
v 0.025013 -0.485126 -0.193474
v -0.043689 -0.482748 -0.194026
v 0.031354 -0.482869 -0.218310
v 0.024559 -0.474791 -0.241438
v 0.008871 -0.474066 -0.250121
v -0.008654 -0.473481 -0.252813
v -0.020933 -0.474404 -0.251064
v -0.035722 -0.473917 -0.244181
v -0.008024 0.145271 0.039215
v -0.011986 0.154036 0.036125
v -0.006656 0.151782 0.033329
v -0.001010 0.144696 0.029739
v -0.004458 0.135755 0.028408
v -0.013970 0.132938 0.037896
v -0.011884 0.129688 0.034307
v -0.007723 0.127577 0.022324
v -0.013479 0.143678 0.039433
v -0.014560 0.127031 0.028332
v -0.015771 0.124467 0.021385
v -0.004838 -0.095552 -0.007328
v 0.001817 -0.086648 -0.000028
v -0.005648 -0.090896 0.000093
v 0.015138 -0.078219 -0.002488
v 0.016147 -0.090543 -0.015025
v 0.029008 -0.085222 -0.022858
v -0.003242 -0.101311 -0.012348
v 0.029300 -0.104058 -0.033584
v 0.005718 -0.124159 -0.027788
v 0.015755 -0.125356 -0.032745
v -0.002918 -0.134193 -0.029745
v 0.024104 -0.131573 -0.041942
v 0.016039 -0.163274 -0.049510
v 0.008221 -0.162478 -0.045958
v 0.014006 -0.203074 -0.067299
v 0.005252 -0.192003 -0.058325
v 0.002050 -0.243905 -0.079297
v 0.024914 -0.202423 -0.075669
v 0.028513 -0.161790 -0.059579
v 0.024147 -0.237056 -0.090033
v 0.013205 -0.252379 -0.087565
v 0.004508 -0.282171 -0.096455
v 0.023952 -0.260016 -0.098981
v 0.012760 -0.302803 -0.107929
v 0.023340 -0.291496 -0.111454
v 0.021584 -0.327803 -0.123866
v 0.012076 -0.347691 -0.124665
v 0.022196 -0.348925 -0.131962
v 0.011802 -0.380236 -0.136028
v 0.022318 -0.376391 -0.142447
v 0.019948 -0.401541 -0.148111
v 0.011872 -0.408067 -0.144509
v 0.020153 -0.418574 -0.152668
v 0.012012 -0.446309 -0.155163
v 0.024774 -0.451221 -0.165805
v 0.011457 -0.460254 -0.160583
v 0.025769 -0.473766 -0.179670
v 0.012513 -0.476919 -0.171424
v 0.029978 -0.131886 -0.047528
v -0.003127 -0.312104 -0.106114
v -0.002901 -0.115848 -0.020996
v 0.003247 -0.418439 -0.144635
v -0.005187 -0.280599 -0.093010
v -0.004337 -0.252633 -0.081028
v -0.003531 -0.358665 -0.124540
v -0.003206 -0.379659 -0.132025
v -0.004447 -0.217772 -0.066664
v -0.003941 -0.186640 -0.053266
v -0.003016 -0.161349 -0.042214
v -0.005124 -0.406365 -0.140036
v -0.004321 -0.445365 -0.151215
v -0.005448 -0.458873 -0.156657
v -0.003821 -0.474804 -0.165727
v 0.027128 -0.423803 -0.160948
v 0.030248 -0.066893 -0.011763
v 0.027593 -0.396462 -0.155278
v 0.017968 -0.483173 -0.182850
v 0.032567 -0.462654 -0.181704
v 0.028891 -0.320713 -0.129810
v 0.029161 -0.344398 -0.138568
v 0.028141 -0.374484 -0.148905
v 0.010385 -0.486750 -0.181190
v 0.030456 -0.270214 -0.112761
v 0.031129 -0.447285 -0.172696
v 0.033046 -0.173071 -0.071819
v 0.031486 -0.218212 -0.092586
v 0.037944 -0.090406 -0.039581
v 0.037685 -0.115790 -0.051685
v 0.037268 -0.146577 -0.065244
v 0.025013 -0.485126 -0.193474
v 0.034099 -0.474002 -0.194926
v 0.036117 -0.179501 -0.081014
v 0.038669 -0.057678 -0.022251
v -0.006666 -0.488581 -0.178341
v 0.011723 -0.493088 -0.193835
v 0.016970 -0.076251 0.001344
v -0.015624 -0.324026 -0.111119
v -0.016429 -0.363015 -0.126344
v -0.016290 -0.390103 -0.136042
v -0.017447 -0.299174 -0.101781
v -0.015801 -0.254240 -0.082619
v -0.016833 -0.224485 -0.070797
v -0.014105 -0.194819 -0.059589
v -0.015820 -0.408085 -0.141335
v -0.017136 -0.454890 -0.155215
v -0.018307 -0.474519 -0.165780
v -0.019720 -0.337007 -0.117365
v -0.027687 -0.189073 -0.061811
v -0.023236 -0.177801 -0.055378
v -0.016857 -0.170318 -0.052416
v -0.025237 -0.154911 -0.046013
v -0.016235 -0.146701 -0.043205
v -0.026663 -0.129682 -0.036018
v -0.016381 -0.127390 -0.035027
v -0.016311 -0.103275 -0.025154
v -0.026854 -0.101017 -0.025184
v -0.016827 -0.093309 -0.020277
v -0.028226 -0.078678 -0.015853
v -0.031802 -0.445659 -0.157723
v -0.023674 -0.375341 -0.134326
v -0.029472 -0.168174 -0.054006
v -0.031746 -0.473216 -0.170602
v -0.031929 -0.458312 -0.162830
v -0.011022 -0.162018 -0.045853
v -0.010496 -0.129687 -0.031461
v -0.025270 -0.406689 -0.145435
v -0.008225 -0.105409 -0.018363
v -0.028932 -0.238354 -0.083277
v -0.030312 -0.275992 -0.100205
v -0.017995 -0.276679 -0.092950
v -0.031009 -0.310455 -0.113782
v -0.031908 -0.351562 -0.129952
v -0.032718 -0.401297 -0.148674
v -0.033728 -0.430276 -0.155502
v -0.035582 -0.131703 -0.042323
v -0.016879 -0.087103 -0.016145
v -0.035396 -0.102179 -0.031060
v -0.042146 -0.459631 -0.171495
v -0.018874 -0.486798 -0.177079
v -0.042473 -0.444210 -0.166298
v -0.036164 -0.066919 -0.018049
v -0.031262 -0.486229 -0.183342
v -0.020487 -0.078394 -0.010245
v -0.026500 -0.069441 -0.007316
v -0.029265 -0.206466 -0.070421
v -0.037285 -0.183923 -0.068518
v -0.038289 -0.154812 -0.055946
v -0.043923 -0.474123 -0.182439
v -0.038135 -0.227680 -0.088745
v -0.038670 -0.272342 -0.108016
v -0.039639 -0.307202 -0.122349
v -0.040037 -0.347483 -0.137599
v -0.040527 -0.401574 -0.157415
v -0.041045 -0.109795 -0.040946
v -0.036476 -0.055086 -0.008517
v -0.039829 -0.075299 -0.027098
v -0.041380 -0.129170 -0.048958
v -0.049647 -0.459384 -0.181777
v -0.049742 -0.446414 -0.177637
v -0.043689 -0.482748 -0.194026
v -0.050836 -0.472861 -0.194080
v -0.033858 -0.490395 -0.193829
v -0.018951 -0.495747 -0.193044
v -0.018476 -0.076010 0.000574
vn 0.0445 0.2180 -0.9749
vn 0.1508 -0.0513 -0.9872
vn -0.1223 -0.0533 -0.9911
vn -0.2263 0.2717 -0.9354
vn 0.0136 -0.2173 -0.9760
vn 0.0452 0.2459 -0.9683
vn -0.0861 0.1930 -0.9774
vn 0.0471 0.3732 -0.9266
vn 0.0574 -0.0237 -0.9981
vn -0.1041 -0.0954 -0.9900
vn -0.4867 -0.0684 -0.8709
vn 0.0256 -0.3187 -0.9475
vn 0.1400 -0.4305 -0.8917
vn -0.2150 -0.3743 -0.9020
vn 0.0668 0.4583 -0.8863
vn -0.2344 0.4830 -0.8436
vn 0.3010 0.2693 -0.9148
vn -0.3617 0.3584 -0.8606
vn 0.4568 -0.0449 -0.8884
vn -0.3657 -0.0518 -0.9293
vn 0.3040 -0.2444 -0.9208
vn -0.2923 -0.2479 -0.9236
vn 0.2390 -0.5291 -0.8142
vn 0.0647 -0.6180 -0.7835
vn -0.0084 -0.5466 -0.8374
vn -0.1872 -0.7075 -0.6815
vn -0.2431 -0.5618 -0.7908
vn 0.4313 0.4232 -0.7968
vn 0.5445 0.2401 -0.8037
vn 0.4326 0.2463 -0.8673
vn 0.6687 0.4981 -0.5520
vn 0.0456 0.6733 -0.7379
vn -0.2582 0.4915 -0.8318
vn -0.2726 0.6773 -0.6833
vn -0.3923 0.4828 -0.7829
vn -0.5408 0.1258 -0.8317
vn 0.6149 -0.0804 -0.7845
vn 0.4505 -0.0107 -0.8927
vn 0.4531 -0.3181 -0.8328
vn 0.6262 -0.3667 -0.6881
vn -0.5017 -0.4013 -0.7663
vn 0.1442 -0.5304 -0.8354
vn -0.0206 -0.5187 -0.8547
vn -0.2740 -0.5165 -0.8113
vn 0.5822 0.2580 -0.7710
vn 0.3398 0.4749 -0.8118
vn -0.3730 0.5018 -0.7804
vn -0.4112 -0.2943 -0.8627
vn 0.3036 -0.6786 -0.6688
vn -0.4222 -0.5580 -0.7144
vn -0.4437 -0.6675 -0.5980
vn 0.2177 0.8413 -0.4947
vn 0.1876 0.6869 -0.7022
vn -0.4430 0.6725 -0.5929
vn -0.6557 -0.1154 -0.7462
vn -0.6153 -0.4676 -0.6347
vn 0.4441 -0.4790 -0.7572
vn 0.5004 -0.4939 -0.7111
vn 0.0691 0.4893 -0.8694
vn -0.4519 0.5277 -0.7193
vn 0.7632 -0.0196 -0.6458
vn -0.6466 0.2316 -0.7268
vn -0.7021 -0.0378 -0.7111
vn -0.7853 0.3117 -0.5350
vn -0.6203 -0.0331 -0.7836
vn -0.6669 -0.2989 -0.6826
vn 0.5865 -0.2359 -0.7748
vn 0.4405 -0.5733 -0.6909
vn -0.5227 -0.7164 -0.4621
vn 0.0633 -0.8048 -0.5901
vn 0.8063 0.2513 -0.5355
vn 0.8592 -0.0965 -0.5024
vn 0.6932 -0.4330 -0.5761
vn -0.4880 -0.4955 -0.7185
vn 0.0382 -0.4899 -0.8709
vn -0.2339 -0.4438 -0.8651
vn -0.3833 0.4749 -0.7922
vn 0.6551 0.4241 -0.6253
vn 0.8200 0.2827 -0.4977
vn -0.7850 -0.4147 -0.4602
vn -0.6967 -0.5513 -0.4590
vn 0.4835 -0.7463 -0.4574
vn 0.4117 0.7478 -0.5209
vn 0.8409 -0.2995 -0.4507
vn 0.3068 0.4600 -0.8332
vn 0.5545 0.4191 -0.7189
vn -0.6497 0.4623 -0.6034
vn -0.7108 0.4767 -0.5172
vn 0.9198 0.0574 -0.3882
vn 0.8147 -0.1855 -0.5494
vn 0.8086 -0.4616 -0.3648
vn 0.7407 -0.5362 -0.4049
vn 0.6796 -0.5153 -0.5221
vn 0.2588 -0.8727 -0.4141
vn -0.3642 -0.8379 -0.4066
vn -0.0331 -0.9143 -0.4036
vn 0.4222 0.8459 -0.3258
vn 0.7780 0.5727 -0.2581
vn 0.9455 0.2425 -0.2174
vn -0.6723 -0.3861 -0.6316
vn 0.1780 -0.4527 -0.8737
vn -0.0603 0.4358 -0.8980
vn -0.7043 0.4467 -0.5518
vn 0.9148 0.2530 -0.3150
vn 0.8002 -0.3953 -0.4510
vn -0.7345 -0.3829 -0.5603
vn 0.4945 -0.4397 -0.7497
vn -0.3933 0.3768 -0.8386
vn 0.7328 0.3493 -0.5840
vn 0.9295 -0.2254 -0.2919
vn 0.9145 -0.3533 -0.1969
vn -0.8998 -0.3825 -0.2096
vn -0.8942 -0.1101 -0.4340
vn 0.8119 -0.5667 -0.1401
vn -0.7777 -0.6049 -0.1709
vn 0.4894 -0.8573 -0.1597
vn -0.1703 -0.9634 -0.2069
vn 0.9604 -0.0855 -0.2651
vn 0.6464 -0.4290 -0.6309
vn -0.4830 -0.3615 -0.7975
vn 0.0177 -0.3885 -0.9213
vn 0.1934 -0.3622 -0.9118
vn 0.3370 0.3823 -0.8604
vn -0.7842 0.3453 -0.5156
vn 0.8353 0.3243 -0.4440
vn 0.6828 -0.7193 -0.1285
vn -0.5339 -0.8088 -0.2466
vn -0.4373 -0.8849 -0.1601
vn 0.2244 -0.9481 -0.2254
vn 0.0644 -0.9833 -0.1703
vn -0.4508 0.7832 -0.4282
vn -0.5877 0.7758 -0.2297
vn -0.4325 0.8865 -0.1643
vn 0.9316 -0.2538 -0.2604
vn 0.8330 -0.3143 -0.4554
vn 0.6386 -0.3169 -0.7013
vn -0.0391 0.3824 -0.9232
vn -0.5005 0.3807 -0.7776
vn -0.8552 0.4013 -0.3281
vn 0.9666 0.1563 -0.2031
vn 0.9737 0.0721 -0.2163
vn 0.9774 -0.1990 -0.0719
vn -0.6241 -0.2837 -0.7280
vn 0.5067 -0.3306 -0.7962
vn -0.3306 -0.3396 -0.8806
vn 0.6640 0.3110 -0.6800
vn -0.5093 0.3254 -0.7967
vn 0.8929 -0.4397 0.0965
vn 0.2981 -0.9536 0.0435
vn 0.0406 -0.9957 0.0832
vn 0.7138 0.6970 0.0684
vn 0.8813 0.4703 0.0460
vn 0.9965 0.0837 -0.0068
vn 0.8585 0.2288 -0.4589
vn 0.9888 0.1436 -0.0396
vn 0.9799 -0.1578 0.1223
vn -0.8410 -0.5340 0.0872
vn -0.9854 -0.1626 0.0506
vn 0.7646 -0.6225 0.1670
vn 0.5075 -0.8522 0.1271
vn -0.7026 -0.7056 0.0917
vn -0.4826 -0.8737 0.0608
vn -0.2691 -0.9606 0.0696
vn 0.9875 -0.1490 -0.0521
vn 0.8140 -0.2364 -0.5306
vn 0.5248 -0.3132 -0.7915
vn 0.0260 -0.3566 -0.9339
vn 0.1849 0.3605 -0.9142
vn -0.1627 0.3586 -0.9192
vn -0.3986 0.3353 -0.8536
vn 0.4405 0.3324 -0.8339
vn 0.6435 0.2762 -0.7138
vn 0.9457 -0.2256 -0.2341
vn 0.4927 -0.3198 -0.8093
vn 0.1823 -0.3586 -0.9155
vn -0.5321 0.3019 -0.7910
vn 0.9253 0.2410 -0.2927
vn 0.2924 -0.9171 0.2710
vn 0.7505 0.5821 0.3127
vn 0.9295 0.2745 0.2463
vn 0.9151 -0.1865 -0.3574
vn 0.7593 -0.2347 -0.6069
vn 0.8581 0.1729 -0.4835
vn 0.9402 -0.1285 0.3156
vn 0.8868 -0.3981 0.2347
vn -0.9352 -0.2259 0.2728
vn 0.7711 -0.6030 0.2045
vn -0.4326 -0.8801 0.1954
vn -0.6005 -0.7661 0.2293
vn -0.7359 -0.6494 0.1915
vn 0.4897 -0.8297 0.2678
vn 0.1066 -0.9237 0.3679
vn -0.1059 -0.9589 0.2634
vn 0.9759 0.0268 0.2164
vn 0.9949 -0.0924 0.0396
vn -0.2944 -0.3344 -0.8953
vn 0.0653 -0.3735 -0.9253
vn 0.9232 0.1439 -0.3565
vn 0.9767 0.1712 -0.1295
vn 0.9938 0.1112 -0.0082
vn 0.9898 0.0610 0.1286
vn 0.8045 0.3853 0.4520
vn 0.8380 0.1962 0.5092
vn 0.9698 -0.1317 -0.2053
vn 0.6403 -0.2925 -0.7102
vn -0.5435 -0.2785 -0.7919
vn -0.6168 -0.2546 -0.7448
vn 0.5045 -0.3329 -0.7967
vn 0.2118 -0.3773 -0.9015
vn -0.1272 0.3598 -0.9243
vn -0.3340 0.3381 -0.8798
vn -0.4834 0.3124 -0.8177
vn 0.9921 0.0666 -0.1067
vn 0.6064 -0.6551 0.4507
vn 0.4960 -0.7020 0.5110
vn 0.4553 -0.7741 0.4398
vn 0.1728 -0.8717 0.4586
vn 0.9390 -0.1331 -0.3170
vn -0.5483 -0.2980 -0.7814
vn 0.4106 0.3298 -0.8501
vn 0.5973 0.2837 -0.7502
vn 0.8015 0.1911 -0.5667
vn 0.9765 0.0078 0.2153
vn 0.8804 -0.2417 0.4081
vn 0.7665 -0.4807 0.4259
vn 0.6427 -0.4706 0.6045
vn -0.6330 -0.6395 0.4364
vn -0.6781 -0.4936 0.5445
vn -0.7970 -0.4271 0.4270
vn -0.4460 -0.7227 0.5280
vn 0.0892 -0.8872 0.4527
vn -0.2222 -0.8572 0.4647
vn -0.4346 -0.7949 0.4233
vn 0.9597 0.0294 0.2793
vn 0.9988 -0.0481 -0.0060
vn -0.2647 -0.3620 -0.8938
vn 0.9203 0.1234 -0.3712
vn 0.9996 0.0038 0.0262
vn 0.7678 -0.3398 0.5432
vn 0.0571 -0.7278 0.6834
vn -0.2227 -0.7502 0.6226
vn 0.8795 -0.1867 -0.4378
vn 0.2285 -0.3744 -0.8987
vn 0.1577 0.3647 -0.9177
vn 0.3310 0.3387 -0.8808
vn -0.3384 0.3511 -0.8730
vn 0.9913 0.0333 -0.1273
vn 0.8876 -0.1209 0.4445
vn -0.6925 -0.3124 0.6503
vn -0.7996 -0.2914 0.5251
vn 0.3291 -0.6065 0.7238
vn 0.7259 0.4181 0.5461
vn 0.7907 0.1582 0.5915
vn 0.6789 -0.2946 -0.6726
vn 0.5082 -0.3397 -0.7914
vn 0.4548 -0.3502 -0.8188
vn 0.5437 0.2989 -0.7843
vn 0.8228 0.1959 -0.5335
vn 0.9086 -0.0715 0.4115
vn 0.7756 -0.2096 0.5954
vn 0.6491 -0.2845 0.7055
vn 0.3246 -0.7298 0.6017
vn -0.4408 -0.5174 0.7334
vn 0.4912 -0.3467 -0.7991
vn 0.2354 -0.3765 -0.8960
vn 0.0541 -0.3964 -0.9165
vn -0.1457 0.3768 -0.9147
vn -0.4491 0.3221 -0.8334
vn 0.7050 0.2516 -0.6630
vn 0.9484 -0.0736 0.3083
vn 0.7323 0.2626 0.6283
vn 0.7408 0.1934 0.6432
vn 0.9091 0.0962 0.4054
vn 0.9756 0.0332 0.2170
vn 0.9991 -0.0344 -0.0229
vn 0.9877 -0.0732 -0.1379
vn 0.8706 -0.2058 -0.4468
vn 0.7384 -0.2763 -0.6151
vn -0.2900 -0.3895 -0.8742
vn 0.5736 0.2918 -0.7654
vn 0.9997 -0.0204 0.0146
vn 0.8848 -0.0906 0.4570
vn 0.3639 -0.4319 0.8252
vn -0.1363 -0.5640 0.8145
vn -0.5379 -0.3326 -0.7747
vn 0.3352 0.3520 -0.8739
vn 0.8925 0.1535 -0.4241
vn 0.9107 -0.1331 0.3911
vn 0.7228 -0.1714 0.6694
vn 0.2760 0.3358 0.9006
vn 0.3623 0.2788 0.8894
vn 0.4760 0.3400 0.8111
vn 0.4827 0.2626 0.8355
vn 0.9738 0.0547 0.2208
vn 0.6086 -0.3236 -0.7245
vn 0.1789 0.3675 -0.9127
vn 0.9174 0.1290 -0.3765
vn 0.9635 -0.1026 0.2473
vn 0.6170 -0.2052 0.7597
vn -0.4282 -0.2484 0.8689
vn -0.6385 -0.1517 0.7545
vn -0.6801 -0.1920 0.7075
vn 0.7597 0.1818 0.6244
vn 0.8982 0.1214 0.4225
vn 0.5022 -0.3564 -0.7879
vn 0.2326 -0.4039 -0.8848
vn 0.0481 -0.4183 -0.9070
vn 0.5764 0.3021 -0.7593
vn 0.7242 -0.1762 0.6667
vn 0.7255 0.1842 0.6631
vn -0.5917 -0.3349 -0.7333
vn -0.3305 -0.4004 -0.8547
vn 0.3730 0.3421 -0.8625
vn 0.8277 0.1859 -0.5295
vn 0.9862 0.0431 -0.1599
vn 0.9999 -0.0127 -0.0094
vn 0.9670 -0.0948 0.2367
vn 0.8951 -0.1605 0.4160
vn 0.0601 -0.3071 0.9498
vn 0.0604 -0.4485 0.8917
vn 0.9615 -0.1233 -0.2457
vn 0.8017 -0.2526 -0.5418
vn -0.1219 0.3823 -0.9160
vn -0.3257 0.3641 -0.8726
vn 0.7501 -0.2180 0.6244
vn 0.6478 -0.2164 0.7304
vn 0.7391 0.2006 0.6430
vn 0.9946 0.0198 0.1021
vn 0.2348 -0.4143 -0.8794
vn -0.3489 0.3625 -0.8642
vn -0.4165 0.3629 -0.8336
vn 0.6986 0.3070 -0.6463
vn 0.9103 -0.1473 0.3870
vn -0.4654 -0.2284 0.8551
vn -0.4415 -0.3024 0.8448
vn -0.6381 -0.2348 0.7333
vn 0.3515 -0.2582 0.8999
vn 0.0639 -0.2768 0.9588
vn 0.2167 -0.2631 0.9401
vn 0.4615 0.2554 0.8496
vn 0.2985 0.2881 0.9099
vn 0.4536 0.2754 0.8476
vn 0.8594 0.1613 0.4851
vn 0.6106 -0.3327 -0.7187
vn 0.5252 -0.3572 -0.7724
vn 0.0534 0.3761 -0.9250
vn 0.5346 0.2889 -0.7942
vn 0.7058 0.2349 -0.6683
vn 0.7995 0.2255 -0.5567
vn 0.9081 0.1362 -0.3961
vn 0.7480 -0.2320 0.6219
vn 0.6734 -0.2463 0.6971
vn 0.7556 0.2102 0.6204
vn 0.9857 -0.0808 -0.1477
vn 0.3583 0.3258 -0.8749
vn -0.3054 0.3801 -0.8731
vn 0.9847 0.0458 -0.1684
vn 0.9998 -0.0220 -0.0037
vn 0.9136 -0.1468 0.3793
vn 0.7550 -0.2304 0.6139
vn 0.6390 -0.2631 0.7229
vn 0.4056 -0.2910 0.8665
vn 0.1124 -0.3098 0.9441
vn 0.9121 -0.1835 -0.3666
vn 0.6948 -0.3056 -0.6510
vn 0.9621 -0.1099 0.2494
vn 0.7434 0.2364 0.6256
vn 0.9449 0.1097 0.3083
vn 0.0686 -0.4486 -0.8911
vn 0.2895 0.3531 -0.8897
vn 0.4482 0.2993 -0.8423
vn 0.6605 0.2350 -0.7131
vn 0.8279 0.1678 -0.5352
vn 0.9045 0.1281 -0.4067
vn 0.1263 -0.3518 0.9275
vn 0.7894 0.2269 0.5705
vn 0.9784 0.0663 0.1956
vn 0.6923 -0.3185 -0.6475
vn 0.2403 -0.4255 -0.8725
vn -0.3111 -0.4347 -0.8451
vn 0.0118 0.4030 -0.9151
vn -0.2541 0.3864 -0.8866
vn -0.4657 0.3549 -0.8106
vn -0.4215 0.3598 -0.8324
vn 0.9831 0.0368 -0.1793
vn 0.9650 -0.1159 0.2354
vn 0.9088 -0.1677 0.3820
vn 0.6238 -0.2765 0.7310
vn 0.3724 -0.3263 0.8688
vn 0.5561 -0.3571 -0.7505
vn 0.2259 -0.4563 -0.8607
vn 0.9973 -0.0470 -0.0570
vn 0.7936 -0.2282 0.5641
vn 0.6721 -0.2748 0.6876
vn 0.3722 0.3244 0.8696
vn 0.4538 0.3383 0.8244
vn 0.4693 0.3124 0.8260
vn 0.9506 0.1124 0.2892
vn 0.5533 -0.4040 -0.7285
vn -0.5733 -0.3940 -0.7184
vn -0.5586 -0.3690 -0.7428
vn -0.0231 -0.4830 -0.8753
vn 0.2733 0.3956 -0.8768
vn 0.0030 0.4076 -0.9132
vn -0.2538 0.4023 -0.8796
vn 0.5732 0.2974 -0.7635
vn -0.3665 0.3844 -0.8473
vn 0.7930 0.1935 -0.5777
vn 0.9991 -0.0387 -0.0193
vn 0.7262 -0.2613 0.6360
vn 0.9656 -0.1380 -0.2205
vn 0.8511 -0.2634 -0.4542
vn 0.6868 -0.3568 -0.6333
vn -0.3608 -0.4593 -0.8117
vn 0.8771 0.1325 -0.4616
vn 0.9604 -0.1307 0.2460
vn 0.7264 0.2547 0.6384
vn 0.1971 -0.4793 -0.8553
vn 0.5957 0.3362 -0.7295
vn 0.8124 0.2296 0.5359
vn 0.9979 0.0066 0.0647
vn 0.9989 -0.0448 -0.0099
vn 0.6929 -0.3671 -0.6206
vn -0.2480 0.3628 -0.8983
vn -0.4102 0.3701 -0.8335
vn 0.2984 0.3824 -0.8745
vn 0.8108 0.2558 -0.5265
vn 0.9827 0.0406 -0.1807
vn 0.8874 -0.2006 0.4150
vn 0.8033 -0.2479 0.5416
vn 0.4934 -0.3328 0.8036
vn -0.5647 -0.2935 0.7714
vn -0.4805 -0.3222 0.8157
vn -0.6046 -0.2945 0.7401
vn 0.3075 -0.3642 0.8791
vn 0.4438 -0.3287 0.8337
vn 0.7221 0.2737 0.6353
vn 0.5512 -0.4189 -0.7216
vn 0.9981 -0.0557 0.0261
vn 0.6665 -0.2905 0.6866
vn 0.0225 0.3855 0.9224
vn 0.0981 0.4062 0.9085
vn 0.2906 0.3649 0.8845
vn -0.6585 -0.3795 -0.6499
vn -0.7342 -0.3092 -0.6044
vn -0.0565 -0.4940 -0.8676
vn 0.0761 0.3599 -0.9299
vn 0.6464 0.3278 -0.6890
vn -0.9240 0.1518 -0.3511
vn -0.9316 0.1521 -0.3301
vn -0.9977 0.0264 -0.0624
vn 0.9529 0.1080 0.2834
vn 0.5618 -0.4124 -0.7171
vn 0.3548 0.3452 -0.8689
vn 0.9761 0.0869 -0.1991
vn 0.9994 0.0023 -0.0341
vn -0.9717 0.1015 -0.2134
vn -0.9989 -0.0174 0.0439
vn 0.9744 -0.1303 0.1832
vn 0.8057 0.2447 0.5394
vn 0.9652 -0.1557 -0.2103
vn 0.8738 -0.2583 -0.4120
vn -0.0270 0.3761 -0.9262
vn -0.4690 0.3352 -0.8171
vn -0.5405 0.3199 -0.7782
vn 0.8015 0.2386 -0.5484
vn 0.6856 -0.3129 0.6573
vn 0.7318 0.2854 0.6189
vn 0.7011 -0.3498 -0.6214
vn -0.3952 -0.4442 -0.8040
vn 0.2344 -0.4857 -0.8421
vn 0.0640 -0.4654 -0.8828
vn 0.3325 0.3680 -0.8683
vn -0.4787 0.3405 -0.8092
vn -0.2916 0.3987 -0.8695
vn 0.6311 0.2752 -0.7253
vn 0.8785 0.1807 -0.4422
vn 0.8561 -0.2431 0.4560
vn 0.8057 -0.2705 0.5269
vn 0.4826 -0.3549 0.8007
vn 0.9767 0.0811 -0.1988
vn 0.8359 0.2189 0.5033
vn 0.8835 -0.2370 -0.4041
vn -0.6138 -0.3627 -0.7012
vn -0.7843 -0.2878 -0.5497
vn 0.5715 -0.3831 -0.7257
vn 0.2201 -0.4598 -0.8603
vn 0.0459 0.4548 -0.8894
vn 0.8174 0.2315 -0.5275
vn 0.9806 -0.1014 0.1680
vn 0.7686 0.2704 0.5797
vn 0.9994 -0.0192 0.0278
vn 0.6212 0.3373 -0.7073
vn -0.5493 0.3436 -0.7617
vn 0.8113 -0.2543 0.5264
vn 0.9719 -0.1245 -0.1999
vn 0.6784 -0.3335 -0.6546
vn -0.3651 -0.3533 -0.8613
vn -0.3227 0.4280 -0.8442
vn 0.4476 0.4199 -0.7895
vn 0.9225 0.1609 -0.3507
vn 0.7016 -0.3056 0.6437
vn 0.5809 -0.3261 -0.7458
vn -0.6655 -0.2192 -0.7135
vn 0.2387 -0.3684 -0.8985
vn 0.0347 -0.3144 -0.9487
vn 0.6852 0.3452 -0.6413
vn 0.9804 0.0596 -0.1879
vn 0.9997 -0.0225 0.0058
vn -0.9997 0.0249 0.0002
vn -0.9710 0.1176 -0.2081
vn 0.9795 -0.0943 0.1782
vn 0.7644 -0.2721 0.5845
vn 0.5439 -0.3524 0.7615
vn 0.0186 -0.3788 0.9253
vn -0.2362 -0.3357 0.9119
vn -0.3143 -0.3474 0.8835
vn 0.4576 0.3800 0.8039
vn 0.3680 0.4133 0.8330
vn 0.4967 0.3780 0.7813
vn 0.8762 0.1978 0.4394
vn 0.9604 0.1023 0.2592
vn 0.8932 -0.2101 -0.3977
vn 0.6285 -0.2425 -0.7390
vn 0.1117 0.3360 -0.9352
vn 0.3305 0.2748 -0.9029
vn -0.3288 0.4040 -0.8536
vn -0.4487 0.4056 -0.7963
vn -0.0221 -0.1700 -0.9852
vn -0.3687 -0.1810 -0.9118
vn 0.2370 -0.1833 -0.9540
vn -0.0392 -0.0046 -0.9992
vn -0.3591 0.0397 -0.9324
vn 0.2638 0.1409 -0.9542
vn -0.2002 0.1514 -0.9680
vn -0.2975 0.1399 -0.9444
vn -0.4495 0.3842 -0.8064
vn 0.7990 0.2431 0.5500
vn 0.9812 -0.0945 -0.1681
vn 0.7772 -0.2393 -0.5820
vn 0.6125 -0.1650 -0.7731
vn 0.6434 -0.1555 -0.7496
vn -0.6193 -0.0755 -0.7816
vn 0.2845 -0.1788 -0.9419
vn 0.5423 0.1337 -0.8295
vn -0.4825 0.1150 -0.8683
vn 0.6171 0.2655 -0.7407
vn 0.8472 0.2496 -0.4690
vn 0.9244 0.1319 -0.3578
vn 0.9995 -0.0295 -0.0119
vn 0.9788 -0.1056 0.1757
vn 0.8039 -0.2538 0.5379
vn 0.3094 -0.3888 0.8678
vn -0.0048 -0.4091 0.9125
vn -0.0583 -0.3880 0.9198
vn 0.9858 0.0821 0.1468
vn 0.9401 -0.1532 -0.3044
vn 0.6634 -0.0369 -0.7473
vn 0.7529 0.1666 -0.6367
vn -0.2343 -0.3709 0.8986
vn -0.6119 -0.3011 0.7314
vn -0.5707 -0.3363 0.7492
vn 0.7876 0.2825 0.5476
vn 0.8787 -0.1109 -0.4643
vn 0.8940 0.0318 -0.4469
vn 0.7060 0.0496 -0.7065
vn 0.9662 0.1056 -0.2353
vn 0.9957 0.0046 -0.0930
vn -0.1847 0.2749 0.9436
vn 0.5733 0.0313 0.8188
vn -0.5432 -0.0308 0.8391
vn 0.5635 0.1296 0.8159
vn 0.7782 0.2046 0.5938
vn 0.8972 -0.0994 -0.4304
vn -0.7762 0.1529 -0.6117
vn -0.8162 0.2298 -0.5300
vn -0.8364 0.0348 -0.5470
vn 0.8143 -0.2884 0.5037
vn 0.6947 -0.3227 0.6429
vn -0.4287 -0.3580 0.8295
vn 0.0670 -0.4134 0.9081
vn -0.4898 -0.3607 0.7937
vn -0.2368 -0.3659 0.9000
vn -0.4669 0.4094 0.7839
vn -0.1792 0.4421 0.8789
vn -0.3478 0.4842 0.8028
vn 0.9961 0.0768 0.0445
vn 0.9733 -0.1415 0.1805
vn 0.4635 -0.3763 0.8022
vn 0.6073 -0.3273 0.7239
vn 0.3998 0.3803 0.8340
vn 0.3139 0.4188 0.8521
vn 0.5519 0.3766 0.7440
vn 0.5340 0.3450 0.7719
vn 0.3510 0.4853 0.8008
vn 0.5484 0.5999 0.5825
vn 0.9793 -0.0726 -0.1891
vn -0.9564 0.1566 -0.2465
vn -0.9993 0.0054 0.0378
vn -0.9753 0.1188 -0.1861
vn 0.9917 -0.1283 -0.0082
vn 0.6943 -0.4022 0.5969
vn 0.4352 0.5189 0.7357
vn 0.7935 0.3376 0.5064
vn 0.8965 0.2281 0.3798
vn 0.9425 -0.0962 -0.3200
vn 0.9380 0.0614 -0.3412
vn 0.9525 -0.1156 -0.2817
vn 0.9610 0.0847 -0.2634
vn 0.9947 0.0106 -0.1025
vn 0.8515 -0.2600 0.4553
vn 0.7816 -0.3717 0.5010
vn -0.1586 -0.4541 0.8767
vn -0.6018 -0.3842 0.7002
vn 0.2975 0.7083 0.6401
vn 0.8309 0.4421 0.3379
vn 0.4787 -0.4622 0.7465
vn 0.3302 -0.4351 0.8377
vn 0.4648 0.7012 0.5406
vn 0.5936 0.5071 0.6248
vn 0.9514 0.2291 0.2058
vn 0.9992 0.0078 -0.0381
vn 0.9877 0.1000 -0.1204
vn 0.9889 0.0876 -0.1200
vn 0.9266 -0.3533 0.1288
vn 0.8231 -0.4274 0.3740
vn -0.0994 -0.7311 0.6750
vn 0.2406 -0.4860 0.8402
vn 0.5754 -0.5993 0.5566
vn 0.6417 0.5935 0.4858
vn 0.9953 0.0943 0.0239
vn 0.9922 0.1217 -0.0252
vn -0.6658 -0.6142 0.4235
vn -0.6738 -0.4529 0.5838
vn -0.4918 -0.4052 0.7707
vn -0.0367 0.8687 0.4939
vn 0.0724 0.9226 0.3789
vn 0.5438 0.7297 0.4144
vn 0.9186 0.3920 0.0496
vn 0.9792 0.1891 -0.0738
vn 0.9887 0.1217 -0.0871
vn 0.9964 -0.0634 -0.0564
vn 0.9701 -0.2179 -0.1069
vn 0.8692 -0.4630 -0.1737
vn -0.7554 -0.5963 0.2718
vn -0.7633 -0.5835 -0.2772
vn -0.7765 -0.5788 0.2492
vn 0.5202 -0.7649 0.3799
vn 0.6378 0.7030 0.3145
vn 0.8333 0.5495 0.0605
vn 0.9970 0.0756 0.0133
vn 0.8322 -0.5262 0.1746
vn -0.8236 -0.5231 -0.2191
vn -0.9448 -0.3000 -0.1317
vn -0.8904 -0.3772 0.2548
vn 0.7620 -0.4930 0.4199
vn 0.5994 -0.7914 0.1199
vn 0.7847 -0.5010 -0.3649
vn 0.5600 0.7385 -0.3756
vn 0.4883 0.6856 -0.5399
vn 0.7437 0.4753 -0.4702
vn 0.7738 0.5474 -0.3186
vn 0.7983 0.4076 -0.4434
vn 0.9015 0.3163 -0.2953
vn 0.9920 -0.1144 -0.0529
vn 0.6342 -0.6165 -0.4666
vn 0.6805 -0.5270 -0.5092
vn 0.5582 -0.5874 -0.5860
vn 0.4540 -0.6491 -0.6104
vn 0.3765 -0.5765 -0.7252
vn -0.5311 -0.6314 -0.5650
vn 0.0682 0.8262 -0.5592
vn 0.2158 0.8711 -0.4412
vn -0.2783 0.7807 -0.5596
vn -0.1756 0.8579 -0.4829
vn -0.3288 0.7758 -0.5386
vn 0.9989 0.0425 -0.0184
vn 0.9786 -0.0157 0.2052
vn 0.9953 0.0766 0.0598
vn 0.9839 0.1112 0.1400
vn 0.9783 0.0891 0.1869
vn 0.9953 0.0293 0.0926
vn -0.9476 -0.1702 -0.2702
vn -0.9964 -0.0842 -0.0078
vn 0.8716 -0.3777 -0.3126
vn -0.7040 -0.4771 -0.5261
vn -0.5901 -0.5241 -0.6141
vn -0.6078 -0.5933 -0.5278
vn -0.5202 -0.5189 -0.6784
vn 0.9388 0.1868 -0.2893
vn -0.6942 -0.3901 -0.6050
vn -0.5000 -0.5006 -0.7067
vn 0.5227 -0.4866 -0.7000
vn 0.1708 -0.5281 -0.8318
vn 0.6612 0.4068 -0.6303
vn 0.9978 0.0184 -0.0642
vn 0.8014 -0.4075 -0.4379
vn 0.7043 -0.4569 -0.5434
vn -0.4080 -0.4308 -0.8050
vn -0.2071 0.6531 -0.7284
vn -0.0023 0.6616 -0.7498
vn -0.1142 0.7700 -0.6277
vn -0.3118 0.5758 -0.7558
vn 0.1634 0.5265 -0.8343
vn 0.7547 0.3273 -0.5686
vn 0.9277 0.1320 0.3491
vn 0.4593 -0.4148 -0.7855
vn 0.3899 0.5159 -0.7627
vn 0.0275 0.4891 -0.8718
vn 0.8524 0.2491 -0.4597
vn 0.4154 0.6163 -0.6690
vn 0.9008 0.1855 -0.3927
vn 0.9836 -0.0999 0.1501
vn 0.9124 0.0128 0.4090
vn 0.8798 0.1090 0.4627
vn 0.9683 -0.1826 -0.1705
vn 0.7984 -0.3534 -0.4875
vn 0.6962 -0.3670 -0.6170
vn -0.4692 -0.4058 -0.7843
vn 0.1464 -0.4473 -0.8823
vn 0.3780 0.4005 -0.8347
vn 0.6510 0.3297 -0.6838
vn -0.6937 0.4550 -0.5584
vn -0.8557 0.2681 -0.4425
vn -0.7937 0.3225 -0.5158
vn 0.8495 0.4200 -0.3192
vn -0.8819 0.2449 -0.4028
vn -0.9084 0.1991 -0.3676
vn 0.9716 0.0730 0.2251
vn -0.7991 -0.3460 -0.4916
vn -0.7249 -0.3219 -0.6090
vn -0.4932 -0.3784 -0.7833
vn 0.0559 0.4164 -0.9075
vn -0.2326 0.3341 -0.9134
vn -0.3814 0.4893 -0.7843
vn -0.0579 0.4711 -0.8802
vn 0.8988 0.0116 -0.4382
vn 0.9322 0.1606 -0.3242
vn 0.8949 -0.2042 0.3968
vn 0.8514 0.0561 0.5216
vn 0.8838 0.1797 0.4319
vn 0.7979 -0.2678 -0.5400
vn 0.6620 -0.3102 -0.6824
vn -0.4147 -0.3713 -0.8307
vn 0.4678 -0.3623 -0.8062
vn -0.1763 0.3697 -0.9123
vn 0.9329 -0.1164 -0.3409
vn -0.6475 0.4142 -0.6397
vn -0.7493 0.3300 -0.5742
vn 0.9619 0.0987 -0.2548
vn 0.8391 0.1306 0.5281
vn 0.8468 0.2145 0.4867
vn 0.0172 -0.4167 -0.9089
vn -0.3465 0.4344 -0.8314
vn 0.4867 0.0797 -0.8699
vn -0.4939 0.4451 -0.7469
vn -0.6395 0.0968 -0.7627
vn -0.2677 -0.4257 -0.8644
vn -0.6908 -0.3996 -0.6026
vn 0.7501 0.2733 -0.6022
vn 0.8619 -0.1872 0.4712
vn 0.9969 -0.0659 -0.0426
vn -0.9244 -0.1847 -0.3338
vn -0.9595 -0.1132 -0.2579
vn -0.9759 -0.0959 -0.1960
vn 0.9676 -0.1208 -0.2219
vn -0.5000 -0.3421 -0.7956
vn 0.3466 0.4093 -0.8440
vn 0.0497 0.4508 -0.8913
vn -0.2678 0.4380 -0.8582
vn -0.0159 -0.0821 -0.9965
vn -0.6110 0.3369 -0.7163
vn 0.6742 -0.1285 0.7273
vn 0.6551 -0.2653 0.7074
vn 0.4829 -0.1667 0.8597
vn 0.5046 -0.0832 0.8593
vn 0.4687 0.1833 0.8641
vn 0.6057 0.2670 0.7496
vn 0.6013 0.1700 0.7807
vn 0.7491 0.1349 0.6486
vn 0.7218 -0.2853 -0.6306
vn 0.3800 -0.3874 -0.8399
vn 0.0733 -0.3931 -0.9166
vn -0.3501 -0.3586 -0.8653
vn 0.6287 0.3342 -0.7022
vn 0.8728 0.2023 -0.4443
vn 0.9392 0.1285 -0.3184
vn 0.9992 -0.0367 -0.0181
vn 0.9618 -0.1601 0.2220
vn 0.8020 -0.2970 0.5182
vn 0.5436 -0.3298 0.7718
vn 0.8938 0.1753 0.4129
vn 0.9727 0.0619 0.2237
vn 0.9916 -0.0550 -0.1167
vn 0.8102 -0.2451 -0.5325
vn 0.6374 -0.3306 -0.6960
vn 0.7978 0.2553 -0.5462
vn 0.4658 0.2628 0.8450
vn 0.8547 0.2094 0.4749
vn 0.9583 -0.1293 -0.2549
vn -0.8604 -0.2272 -0.4562
vn -0.7376 -0.2652 -0.6210
vn -0.8842 -0.1782 -0.4318
vn -0.4855 -0.3337 -0.8080
vn 0.0473 0.4400 -0.8968
vn -0.3029 0.4159 -0.8575
vn -0.4683 0.4200 -0.7774
vn 0.8457 -0.2799 0.4545
vn 0.6088 -0.3682 0.7026
vn 0.7286 0.2918 0.6197
vn 0.6213 0.3270 0.7121
vn 0.7283 0.2726 0.6287
vn 0.9870 0.0563 0.1508
vn 0.7961 -0.2668 -0.5432
vn -0.6933 -0.2694 -0.6684
vn -0.6870 -0.2862 -0.6679
vn 0.4400 -0.3641 -0.8209
vn 0.3554 0.4042 -0.8428
vn 0.8810 0.1854 -0.4352
vn 0.9369 -0.1995 0.2871
vn 0.4918 -0.4093 0.7685
vn 0.2613 -0.3283 0.9077
vn 0.0444 -0.3812 0.9234
vn 0.0470 -0.2157 0.9753
vn 0.4308 0.3852 0.8161
vn 0.9840 -0.0982 -0.1485
vn -0.2186 -0.3582 -0.9077
vn 0.9618 0.1012 -0.2544
vn 0.7676 -0.3284 0.5505
vn 0.5811 -0.4093 0.7035
vn 0.2638 -0.4541 0.8510
vn -0.0772 -0.4870 0.8700
vn 0.8657 0.2058 0.4562
vn 0.9343 0.1433 0.3263
vn 0.9225 -0.1916 -0.3350
vn 0.7253 -0.2972 -0.6210
vn 0.5983 -0.3249 -0.7325
vn -0.4999 -0.3096 -0.8089
vn -0.4631 -0.3194 -0.8267
vn 0.0643 0.4049 -0.9121
vn 0.6059 0.3515 -0.7137
vn 0.9994 -0.0342 -0.0106
vn 0.5657 -0.4199 0.7097
vn 0.9803 0.0935 0.1742
vn 0.3269 -0.3582 -0.8746
vn 0.0100 -0.3725 -0.9280
vn 0.5962 0.3231 -0.7350
vn 0.7862 0.2585 -0.5614
vn 0.4654 -0.4447 0.7653
vn 0.6283 0.3145 0.7116
vn 0.7333 0.2827 0.6183
vn 0.9930 0.0440 0.1096
vn 0.9428 -0.1843 -0.2778
vn 0.8557 -0.2450 -0.4558
vn -0.3263 -0.3537 -0.8766
vn 0.3829 0.3671 -0.8477
vn -0.2323 0.3972 -0.8878
vn -0.4458 0.3825 -0.8093
vn -0.4397 0.3651 -0.8206
vn 0.8475 0.2210 -0.4826
vn 0.3341 0.3801 0.8625
vn 0.5392 -0.3213 -0.7785
vn 0.1074 -0.3921 -0.9136
vn 0.9251 0.1599 0.3445
vn 0.8911 -0.2002 -0.4073
vn 0.8499 -0.2325 -0.4729
vn 0.6908 -0.2769 -0.6679
vn 0.5518 0.3143 -0.7725
vn 0.7669 0.2441 -0.5935
vn 0.8415 0.2078 -0.4988
vn 0.9995 -0.0084 -0.0293
vn 0.9250 -0.2018 0.3218
vn 0.7926 -0.3170 0.5208
vn 0.9603 -0.1489 -0.2358
vn -0.6907 -0.2582 -0.6755
vn -0.7008 -0.2571 -0.6654
vn -0.7291 -0.2471 -0.6382
vn -0.4894 -0.3255 -0.8091
vn 0.3945 -0.3589 -0.8459
vn -0.5930 0.3350 -0.7322
vn -0.7045 0.2917 -0.6469
vn -0.6943 0.2904 -0.6585
vn 0.0416 -0.4990 0.8656
vn -0.3128 -0.4726 0.8239
vn 0.8509 0.2060 0.4833
vn 0.9823 0.0497 0.1808
vn 0.9967 -0.0611 0.0528
vn 0.9974 -0.0721 0.0058
vn 0.5795 -0.3190 -0.7500
vn 0.3802 -0.3688 -0.8482
vn -0.1862 -0.3808 -0.9057
vn 0.0174 0.3877 -0.9216
vn 0.2888 0.3738 -0.8814
vn -0.3100 0.3765 -0.8730
vn 0.6879 -0.3685 0.6253
vn 0.8290 -0.2107 -0.5180
vn 0.7642 -0.2510 -0.5942
vn -0.4929 -0.3243 -0.8074
vn -0.4462 -0.3326 -0.8309
vn 0.9999 -0.0156 -0.0056
vn 0.9705 0.0836 -0.2260
vn 0.5369 0.3483 0.7683
vn 0.7121 0.2900 0.6394
vn 0.9391 0.0790 0.3343
vn 0.9659 -0.1107 -0.2340
vn 0.9172 -0.1546 -0.3672
vn 0.8260 -0.2214 -0.5183
vn 0.0896 -0.3886 -0.9170
vn 0.5767 -0.4063 0.7088
vn 0.4781 -0.4347 0.7632
vn 0.9973 -0.0144 0.0716
vn 0.5951 -0.3175 -0.7383
vn 0.6983 0.2549 -0.6689
vn 0.8047 0.2070 -0.5564
vn 0.7824 -0.2919 0.5502
vn 0.5829 0.3030 0.7540
vn 0.8901 0.1252 0.4382
vn 0.2997 -0.3466 -0.8888
vn -0.2487 0.3631 -0.8979
vn -0.4375 0.3478 -0.8292
vn 0.3139 0.3438 -0.8850
vn 0.8395 0.1957 -0.5069
vn 0.9913 0.0372 -0.1266
vn 0.9268 -0.1698 0.3351
vn 0.2723 -0.4651 0.8424
vn 0.2770 -0.4838 0.8302
vn 0.9683 0.0628 0.2416
vn 0.9994 -0.0205 -0.0282
vn 0.9596 -0.1079 -0.2597
vn 0.7200 -0.2547 -0.6455
vn 0.5073 -0.3062 -0.8055
vn -0.2157 -0.3607 -0.9074
vn 0.0660 -0.3591 -0.9310
vn 0.0408 0.3468 -0.9371
vn -0.4329 0.3156 -0.8444
vn 0.5622 0.2874 -0.7755
vn 0.9671 0.0782 -0.2421
vn 0.5998 -0.3668 0.7111
vn 0.9024 -0.1494 -0.4043
vn 0.7971 -0.2048 -0.5680
vn -0.4968 -0.3194 -0.8070
vn 0.9822 -0.0845 0.1679
vn 0.6816 -0.2361 -0.6926
vn 0.4602 -0.2942 -0.8377
vn 0.2699 0.3218 -0.9075
vn 0.7566 0.2109 -0.6189
vn 0.9178 -0.1696 0.3589
vn 0.7776 -0.2618 0.5716
vn 0.6433 0.2415 0.7265
vn 0.7373 0.2164 0.6399
vn 0.9999 -0.0088 -0.0063
vn -0.4401 -0.3231 -0.8378
vn 0.2579 -0.3267 -0.9093
vn -0.2341 0.3187 -0.9185
vn 0.5352 0.2711 -0.8001
vn -0.4921 0.3144 -0.8118
vn 0.7392 -0.2781 0.6134
vn 0.4934 -0.3858 0.7795
vn 0.7760 0.1993 0.5984
vn -0.4901 -0.3047 -0.8167
vn -0.2566 -0.3084 -0.9160
vn 0.8415 0.1727 -0.5119
vn 0.2665 -0.4075 0.8735
vn 0.9650 0.0885 0.2468
vn 0.9605 -0.0962 -0.2610
vn 0.7687 -0.2039 -0.6062
vn 0.0354 -0.3022 -0.9526
vn 0.2662 0.2986 -0.9165
vn 0.0074 0.3072 -0.9516
vn 0.9769 0.0580 -0.2056
vn 0.9991 -0.0315 0.0277
vn 0.9503 -0.1320 0.2819
vn 0.7902 -0.2497 0.5596
vn 0.3699 0.3358 0.8663
vn 0.5294 0.2954 0.7952
vn 0.9076 0.1369 0.3969
vn 0.9143 -0.1336 -0.3823
vn 0.4603 -0.2677 -0.8464
vn -0.4274 0.2815 -0.8591
vn -0.4900 0.2854 -0.8237
vn 0.7460 0.1943 -0.6370
vn 0.8323 0.1640 -0.5296
vn 0.5912 -0.3390 0.7318
vn 0.4562 -0.3604 0.8137
vn 0.6959 0.2431 0.6758
vn 0.6631 0.2667 0.6995
vn 0.8068 0.2083 0.5529
vn 0.8687 0.1721 0.4644
vn 0.9999 -0.0103 0.0025
vn 0.6851 -0.2226 -0.6936
vn 0.2271 -0.2759 -0.9340
vn 0.5251 0.2590 -0.8107
vn -0.2007 0.2994 -0.9328
vn -0.9713 0.0948 -0.2181
vn -0.9983 -0.0237 0.0535
vn -0.9993 -0.0036 0.0385
vn -0.7628 -0.2573 0.5932
vn -0.6426 -0.3064 0.7023
vn -0.6536 -0.3052 0.6926
vn -0.8161 -0.2410 0.5252
vn 0.9844 -0.0603 -0.1652
vn -0.4554 -0.2686 -0.8488
vn 0.0591 -0.2906 -0.9550
vn -0.2133 -0.2687 -0.9393
vn 0.3011 0.2853 -0.9099
vn 0.9600 0.0765 -0.2693
vn 0.9750 0.0541 -0.2153
vn 0.9997 -0.0227 -0.0073
vn 0.9311 -0.1524 0.3314
vn 0.5714 -0.3286 0.7520
vn 0.2920 -0.3815 0.8770
vn 0.7635 -0.2013 -0.6136
vn 0.4167 -0.2469 -0.8749
vn -0.4534 -0.2334 -0.8602
vn 0.2555 -0.2769 -0.9263
vn 0.0172 0.3221 -0.9465
vn 0.5848 0.2374 -0.7757
vn 0.4519 -0.3544 0.8187
vn 0.9041 0.1505 0.3999
vn 0.9891 0.0471 0.1398
vn -0.9626 -0.0950 -0.2538
vn -1.0000 0.0003 -0.0087
vn -0.9640 -0.0899 -0.2503
vn 0.9648 -0.0883 -0.2478
vn 0.9144 -0.1285 -0.3839
vn -0.5364 -0.2166 -0.8157
vn 0.3526 0.2906 -0.8895
vn -0.3183 0.2880 -0.9032
vn 0.5397 0.2466 -0.8049
vn -0.4771 0.2621 -0.8388
vn 0.7643 0.1821 -0.6187
vn 0.8170 0.2068 0.5383
vn 1.0000 -0.0025 0.0026
vn 0.8243 -0.1612 -0.5428
vn 0.6845 -0.1911 -0.7035
vn 0.4314 -0.2647 -0.8624
vn -0.4442 0.2650 -0.8558
vn 0.8236 0.1526 -0.5463
vn 0.9502 0.0699 -0.3038
vn 0.9755 0.0449 -0.2152
vn -0.4070 -0.3668 0.8366
vn -0.4589 -0.3590 0.8127
vn -0.4608 -0.3571 0.8125
vn 0.8989 -0.1247 -0.4201
vn -0.3988 -0.2610 -0.8791
vn 0.3085 -0.3682 -0.8771
vn -0.1951 -0.3448 -0.9182
vn 0.2827 0.3604 -0.8889
vn 0.5798 0.2886 -0.7619
vn 0.9777 -0.0927 0.1882
vn 0.5833 -0.3248 0.7445
vn 0.9667 0.0860 0.2411
vn -0.5127 -0.2529 -0.8205
vn 0.6250 -0.2639 -0.7347
vn 0.0879 -0.4373 -0.8950
vn 0.0168 0.5190 -0.8546
vn -0.2407 0.3688 -0.8978
vn -0.3983 0.3122 -0.8625
vn -0.7174 0.2106 -0.6641
vn -0.7510 0.1993 -0.6295
vn -0.6856 0.2052 -0.6985
vn 0.9772 0.0170 -0.2115
vn 0.9392 -0.1415 0.3130
vn 0.8029 -0.2354 0.5476
vn 0.9748 -0.0435 -0.2190
vn 0.8350 -0.1144 -0.5382
vn 0.7924 -0.1501 -0.5912
vn -0.7069 -0.1685 -0.6870
vn -0.6936 -0.1677 -0.7005
vn -0.7560 -0.1568 -0.6355
vn -0.4360 -0.3656 -0.8223
vn 0.3185 -0.5432 -0.7769
vn -0.1962 -0.4843 -0.8526
vn 0.3301 0.4533 -0.8279
vn -0.2389 0.4869 -0.8401
vn -0.3781 0.4848 -0.7887
vn 0.7735 0.2234 -0.5931
vn 0.9266 0.0800 -0.3674
vn 0.9947 -0.0588 0.0841
vn -0.9680 0.0841 -0.2365
vn -0.9973 -0.0152 0.0722
vn -0.9999 -0.0092 0.0056
vn 0.5457 0.3007 0.7822
vn 0.3406 0.3400 0.8766
vn 0.5721 0.2997 0.7635
vn 0.8766 0.1684 0.4507
vn 0.9771 0.0612 0.2036
vn 0.9998 0.0012 -0.0197
vn 0.5549 -0.4070 -0.7256
vn 0.0978 -0.5717 -0.8146
vn -0.2225 0.6424 -0.7333
vn 0.2643 0.6288 -0.7312
vn 0.5853 0.4258 -0.6900
vn -0.7239 0.2271 -0.6515
vn -0.6329 0.2834 -0.7205
vn 0.7492 -0.2653 0.6069
vn 0.4223 -0.3552 0.8340
vn 0.1654 -0.3829 0.9089
vn 0.6392 0.2831 0.7151
vn 0.6732 0.2690 0.6888
vn 0.8013 0.2162 0.5578
vn 0.9852 0.0274 -0.1693
vn 0.9424 -0.0280 -0.3332
vn 0.7624 -0.3019 -0.5724
vn -0.7534 -0.2780 -0.5959
vn -0.7734 -0.1413 -0.6180
vn -0.5645 -0.3261 -0.7583
vn -0.4122 -0.4967 -0.7638
vn 0.1161 -0.7409 -0.6615
vn -0.1974 -0.6713 -0.7145
vn 0.5566 0.6045 -0.5698
vn 0.9333 0.0663 -0.3528
vn -0.9559 0.0642 -0.2867
vn 0.5827 -0.3155 0.7489
vn 0.9702 0.0276 -0.2409
vn -0.8956 -0.0681 -0.4396
vn -0.8968 -0.0851 -0.4342
vn 0.6217 -0.5267 -0.5797
vn 0.3533 -0.7348 -0.5790
vn -0.3550 -0.6998 -0.6199
vn 0.0239 0.7218 -0.6917
vn 0.3183 0.7568 -0.5708
vn -0.6191 0.4170 -0.6654
vn -0.6983 0.4363 -0.5675
vn 0.9819 -0.1068 0.1562
vn 0.7665 -0.2451 0.5936
vn 0.3670 0.3481 0.8626
vn 0.5338 0.3150 0.7848
vn 0.9702 0.0833 0.2273
vn 0.9319 -0.1835 -0.3128
vn -0.1949 0.7481 -0.6343
vn -0.3794 0.6447 -0.6636
vn 0.7663 0.3836 -0.5154
vn 0.9408 0.1598 -0.2990
vn 0.9923 -0.1228 0.0141
vn 0.8232 0.1927 0.5341
vn 0.9178 0.1268 0.3762
vn 0.9937 0.1106 0.0203
vn 0.5491 -0.6767 -0.4905
vn -0.1981 -0.7810 -0.5923
vn 0.8720 0.3356 -0.3563
vn 0.9864 -0.0081 -0.1639
vn 0.9076 -0.1783 0.3800
vn 0.2711 -0.3615 0.8921
vn 0.1521 -0.3776 0.9134
vn 0.9887 0.0650 -0.1347
vn 0.7625 -0.4654 -0.4495
vn -0.7119 -0.4606 -0.5302
vn -0.6231 -0.5885 -0.5153
vn -0.6858 -0.5987 -0.4138
vn 0.1389 -0.8426 -0.5203
vn -0.3651 -0.7542 -0.5459
vn -0.1897 -0.8549 -0.4829
vn -0.2022 -0.9138 -0.3523
vn -0.4154 -0.8632 -0.2870
vn 0.7928 0.4784 -0.3775
vn 0.9419 -0.2312 0.2436
vn 0.8087 -0.2634 0.5260
vn 0.6100 -0.3048 0.7314
vn 0.4602 -0.3385 0.8207
vn 0.9517 0.1748 0.2525
vn 0.9613 -0.2441 -0.1279
vn 0.8903 -0.3818 -0.2482
vn -0.8431 -0.4425 -0.3055
vn -0.8718 -0.2262 -0.4346
vn -0.5980 -0.6586 -0.4568
vn 0.3244 -0.8134 -0.4828
vn 0.0291 -0.9556 -0.2933
vn 0.9654 0.2341 -0.1147
vn 0.9787 -0.1718 0.1121
vn 0.9587 0.2575 0.1207
vn 0.8900 0.3668 -0.2709
vn 0.9148 0.4034 -0.0207
vn 0.8824 0.1947 0.4282
vn 0.9713 0.2201 0.0904
vn 0.4729 -0.8353 -0.2804
vn 0.4682 -0.8734 -0.1338
vn 0.3421 -0.9045 -0.2545
vn 0.3205 -0.9421 -0.0990
vn 0.1194 -0.9808 -0.1544
vn -0.2061 -0.9713 -0.1188
vn 0.2184 0.9731 -0.0736
vn 0.0800 0.9551 -0.2853
vn 0.0306 0.9995 -0.0107
vn 0.9967 0.0193 0.0791
vn 0.7724 -0.2833 0.5685
vn 0.8230 0.2339 0.5176
vn 0.8791 0.3337 0.3404
vn 0.9964 0.0208 0.0825
vn -0.8215 -0.5691 -0.0354
vn 0.8339 -0.5467 -0.0753
vn 0.7530 -0.6489 -0.1087
vn 0.7428 -0.6296 -0.2278
vn -0.5271 -0.8417 -0.1167
vn -0.6616 -0.7412 -0.1134
vn -0.6341 -0.7404 -0.2230
vn -0.9711 -0.1607 0.1763
vn -0.8672 -0.3191 0.3823
vn -0.9705 -0.2212 0.0961
vn 0.5667 -0.3418 0.7497
vn 0.1984 -0.3655 0.9094
vn 0.5869 0.2908 0.7556
vn 0.6731 0.2823 0.6836
vn 0.6977 0.2513 0.6709
vn 0.8442 -0.3515 0.4047
vn 0.5759 0.3879 0.7196
vn 0.9014 0.3233 0.2880
vn 0.8705 -0.4416 0.2171
vn 0.8329 0.5111 0.2122
vn 0.9288 0.3032 0.2133
vn 0.9517 -0.0479 0.3033
vn 0.7550 -0.3990 0.5205
vn 0.3492 0.3430 0.8720
vn 0.8159 0.3652 0.4483
vn 0.9458 0.1086 0.3060
vn 0.9698 -0.1604 0.1840
vn -0.8625 -0.4289 0.2686
vn -0.9140 -0.3999 -0.0679
vn 0.7707 -0.6308 0.0898
vn -0.5807 -0.7968 0.1671
vn 0.4786 -0.8606 0.1740
vn 0.3520 -0.9270 0.1293
vn -0.4231 -0.8990 0.1134
vn 0.0915 -0.9926 0.0794
vn -0.1720 -0.9534 0.2478
vn 0.9120 -0.2818 0.2982
vn -0.0713 -0.3602 0.9302
vn 0.0110 -0.3949 0.9187
vn -0.2897 -0.3465 0.8922
vn 0.8585 0.3256 0.3963
vn 0.8117 0.3988 0.4266
vn 0.7941 -0.3329 0.5085
vn 0.5342 -0.4756 0.6989
vn 0.3538 -0.4195 0.8360
vn 0.8887 -0.1668 0.4271
vn 0.7799 -0.5364 0.3224
vn 0.3749 -0.8575 0.3524
vn -0.4452 -0.8133 0.3747
vn 0.0889 -0.9210 0.3792
vn 0.6798 0.5202 0.5170
vn -0.3254 -0.4006 0.8565
vn -0.4799 -0.3139 0.8193
vn 0.0827 -0.4801 0.8733
vn 0.5125 -0.7382 0.4387
vn -0.5789 -0.6908 0.4332
vn 0.8403 0.0517 0.5396
vn -0.9060 -0.2844 0.3136
vn -0.7657 -0.3590 0.5337
vn -0.8833 0.0011 0.4688
vn 0.7167 -0.4210 0.5559
vn 0.6940 0.4334 0.5749
vn 0.6335 0.4485 0.6305
vn 0.7462 0.3960 0.5352
vn 0.2809 -0.5110 0.8124
vn 0.8747 0.0792 0.4782
vn 0.8086 -0.3846 0.4452
vn 0.3464 -0.7287 0.5908
vn 0.0746 -0.8289 0.5544
vn -0.1851 -0.8329 0.5216
vn 0.7262 0.3573 0.5874
vn 0.7598 -0.2222 0.6109
vn -0.4959 -0.4662 0.7326
vn -0.4483 -0.5087 0.7351
vn -0.5423 -0.4198 0.7278
vn 0.7526 0.2483 0.6099
vn 0.8160 -0.1176 0.5659
vn 0.5023 -0.5922 0.6301
vn -0.4941 -0.6459 0.5820
vn -0.6091 -0.5422 0.5788
vn 0.6169 0.5178 0.5927
vn 0.7571 -0.0257 0.6528
vn -0.6685 -0.4498 0.5923
vn -0.7738 -0.1034 0.6249
vn -0.0469 -0.5348 0.8437
vn 0.3720 0.5116 0.7746
vn 0.3049 0.4908 0.8162
vn 0.4947 0.4571 0.7392
vn 0.6125 0.2256 0.7576
vn 0.0578 -0.6470 0.7603
vn -0.2508 -0.6176 0.7454
vn -0.4344 -0.3121 0.8449
vn 0.4863 -0.3142 0.8153
vn 0.3807 -0.3156 0.8692
vn 0.4993 -0.4932 0.7124
vn 0.6194 -0.0590 0.7829
vn 0.4185 -0.0607 0.9062
vn 0.5345 -0.2846 0.7958
vn 0.3182 -0.2617 0.9112
vn 0.3091 -0.5675 0.7631
vn 0.2396 -0.0587 0.9691
vn 0.0890 -0.3073 0.9474
vn 0.0224 -0.5077 0.8612
vn -0.1727 -0.3296 0.9282
vn 0.0372 -0.5439 0.8383
vn -0.1598 -0.5336 0.8305
vn 0.0076 -0.2231 0.9748
vn 0.0845 -0.1069 0.9907
vn -0.2279 -0.0471 0.9725
vn -0.3176 -0.2158 0.9233
vn 0.1210 0.4746 -0.8719
vn -0.0183 0.8086 -0.5881
vn -0.7917 0.3161 -0.5228
vn -0.6880 0.3223 -0.6503
vn -0.8398 -0.0387 -0.5415
vn -0.2044 0.8853 -0.4176
vn -0.6644 0.4576 -0.5909
vn 0.0063 0.9169 -0.3990
vn -0.7448 0.5394 -0.3928
vn -0.4802 0.4961 -0.7234
vn 0.6749 0.6906 -0.2600
vn -0.5840 0.7094 -0.3946
vn -0.8660 -0.3269 -0.3784
vn -0.7782 -0.3811 -0.4991
vn 0.0265 0.9777 -0.2084
vn -0.9567 0.0119 -0.2908
vn -0.9675 -0.0330 -0.2508
vn -0.9176 0.2564 -0.3038
vn 0.2558 0.9480 -0.1892
vn -0.2092 0.9575 -0.1985
vn -0.7831 0.5869 -0.2056
vn -0.8891 0.4109 -0.2019
vn -0.8453 -0.3502 -0.4035
vn 0.1484 0.9879 0.0453
vn -0.9974 0.0513 0.0508
vn -0.7369 -0.2566 -0.6255
vn -0.7558 0.2912 -0.5865
vn -0.7417 0.2614 -0.6177
vn -0.9792 0.1964 -0.0502
vn 0.4121 0.9077 0.0788
vn -0.1306 0.9909 0.0338
vn -0.4389 0.8969 0.0542
vn -0.5932 0.8022 0.0670
vn -0.8392 0.5405 0.0597
vn -0.9179 0.3901 0.0729
vn -0.9765 -0.1970 -0.0873
vn -0.9308 0.2231 -0.2894
vn -0.9393 0.3166 -0.1324
vn -0.9499 -0.2266 -0.2154
vn -0.8495 -0.1903 -0.4920
vn -0.9028 -0.1746 -0.3931
vn -0.8121 0.2222 -0.5396
vn -0.9857 -0.0532 0.1596
vn -0.9155 0.1539 -0.3717
vn 0.2589 0.9202 0.2937
vn 0.0221 0.9657 0.2587
vn -0.1807 0.9428 0.2803
vn -0.4336 0.8627 0.2602
vn 0.4213 0.8508 0.3141
vn 0.6659 0.6548 0.3575
vn -0.5773 0.7638 0.2887
vn -0.8736 0.3643 0.3225
vn -0.7984 0.5061 0.3261
vn -0.9566 0.0481 0.2873
vn -0.7198 0.2484 -0.6482
vn -0.9694 0.0179 0.2447
vn -0.8572 -0.4195 0.2987
vn -0.9637 -0.1081 -0.2440
vn -0.8963 -0.1411 -0.4204
vn -0.8461 -0.1654 -0.5068
vn -0.7351 -0.2177 -0.6420
vn -0.7905 0.2196 -0.5717
vn -0.9857 0.0927 -0.1406
vn -0.9874 0.1481 0.0549
vn 0.0620 0.9211 0.3843
vn -0.1815 0.9039 0.3873
vn -0.4733 0.7895 0.3906
vn -0.9997 -0.0184 0.0172
vn 0.2494 0.8742 0.4166
vn -0.7926 0.3579 0.4937
vn -0.8869 0.1170 0.4470
vn -0.9723 -0.0713 -0.2227
vn -0.9032 -0.1717 0.3934
vn -0.5583 0.6417 0.5259
vn -0.6217 0.6189 0.4801
vn -0.6153 0.4977 0.6113
vn -0.9504 0.0600 0.3053
vn -0.7008 0.2603 -0.6642
vn -0.9515 0.1092 -0.2875
vn -0.9806 0.0496 0.1895
vn -0.9273 -0.0032 0.3743
vn 0.2758 0.6827 0.6767
vn 0.4689 0.6683 0.5775
vn 0.2663 0.7727 0.5762
vn -0.2073 0.7198 0.6625
vn -0.4162 0.6255 0.6599
vn -0.9025 -0.1326 -0.4097
vn -0.7329 -0.2269 -0.6415
vn -0.9915 -0.0088 0.1300
vn 0.0738 0.8106 0.5809
vn 0.0070 0.7274 0.6862
vn 0.4817 0.5412 0.6892
vn -0.8707 0.1307 0.4741
vn -0.9996 -0.0035 -0.0274
vn -0.8363 -0.1836 -0.5166
vn -0.6972 0.2627 -0.6670
vn -1.0000 0.0076 -0.0008
vn 0.0718 0.5726 0.8167
vn -0.2075 0.5543 0.8061
vn 0.3162 0.4905 0.8121
vn -0.4814 0.4674 0.7415
vn -0.4621 0.3232 0.8259
vn -0.6281 0.2648 0.7317
vn -0.7712 0.1781 0.6112
vn -0.9719 -0.0730 -0.2239
vn -0.8999 0.1616 -0.4049
vn -0.9077 -0.0416 0.4176
vn -0.8010 -0.1979 0.5650
vn -0.9596 0.0886 0.2672
vn -0.9444 -0.1148 -0.3080
vn -0.7216 -0.2754 -0.6352
vn -0.3899 0.3517 -0.8511
vn -0.7730 0.2432 -0.5859
vn -0.9780 0.0757 -0.1943
vn -0.9509 -0.0817 0.2984
vn 0.1122 -0.5767 0.8092
vn -0.5005 0.2607 0.8256
vn -0.8417 -0.2144 -0.4956
vn -0.8728 -0.1281 0.4709
vn -0.8435 -0.0670 0.5329
vn -0.4913 -0.3552 0.7952
vn 0.3970 -0.2771 0.8750
vn 0.0533 0.3850 0.9214
vn -0.1935 0.3401 0.9203
vn -0.5550 0.2515 0.7929
vn -0.7215 0.2034 0.6619
vn -0.7689 0.1987 0.6077
vn -0.8896 0.1584 0.4284
vn -0.6923 0.2884 -0.6615
vn -0.9993 -0.0072 0.0363
vn -0.2284 -0.3443 0.9107
vn -0.2580 0.2948 0.9201
vn -0.9644 0.1028 0.2435
vn -0.9736 0.0917 -0.2089
vn -0.9467 -0.1063 0.3040
vn -0.7172 -0.1710 0.6755
vn 0.0778 0.3048 0.9492
vn -0.9988 -0.0146 -0.0467
vn -0.9428 -0.1393 -0.3028
vn -0.6803 0.2946 -0.6711
vn -0.7582 0.2626 -0.5968
vn -0.9170 0.1636 -0.3637
vn -0.7118 0.2374 0.6610
vn -0.7675 0.2326 0.5974
vn -0.9735 0.0851 0.2121
vn -0.8820 -0.1578 0.4441
vn -0.2465 -0.2680 0.9313
vn -0.4334 0.2836 0.8554
vn -0.8662 -0.2108 -0.4531
vn -0.7442 -0.2807 -0.6061
vn -0.6901 0.2831 -0.6661
vn -0.9508 -0.1021 0.2925
vn -0.7244 -0.2336 0.6486
vn -0.6079 -0.2765 0.7443
vn 0.0159 0.3098 0.9507
vn -0.2577 0.3086 0.9156
vn -0.9026 0.1602 0.3995
vn -0.6431 -0.3229 -0.6943
vn -0.9998 0.0172 -0.0127
vn -0.4945 0.2893 0.8196
vn -0.9578 -0.1209 -0.2609
vn -0.8805 0.1993 -0.4301
vn -0.1481 -0.3062 0.9404
vn -0.6952 0.2603 0.6701
vn -0.9467 0.1255 0.2967
vn -0.9995 0.0113 0.0300
vn -0.6940 0.2888 -0.6595
vn -0.9288 -0.1279 0.3477
vn -0.4133 0.3138 0.8548
vn -0.6958 0.2726 0.6645
vn -0.9703 0.1060 -0.2173
vn -0.9726 -0.0833 0.2170
vn -0.8728 -0.1678 0.4583
vn -0.7251 -0.2399 0.6455
vn -0.1395 -0.3480 0.9271
vn 0.1122 0.3482 0.9307
vn -0.2161 0.3488 0.9119
vn -0.7938 0.2406 0.5586
vn -0.9972 0.0284 0.0688
vn -0.9460 -0.1462 -0.2892
vn -0.7772 0.2501 -0.5774
vn -0.9998 0.0046 0.0199
vn -0.7260 0.2588 0.6372
vn -0.9989 -0.0268 -0.0393
vn -0.9085 -0.1920 -0.3712
vn -0.6623 0.2986 -0.6871
vn -0.4333 -0.3230 0.8414
vn -0.4144 0.3385 0.8448
vn -0.8966 -0.1641 0.4113
vn -0.8558 -0.1872 0.4823
vn 0.1929 -0.3624 0.9119
vn -0.0631 -0.3674 0.9279
vn -0.2909 0.3663 0.8838
vn -0.9304 0.1501 0.3345
vn -0.6192 0.3312 -0.7120
vn -0.7361 0.2764 -0.6179
vn -0.9651 -0.0948 0.2440
vn -0.7127 -0.2631 0.6502
vn -0.7347 0.2801 0.6179
vn -0.2890 -0.3548 0.8892
vn -0.4473 0.3451 0.8251
vn -0.2894 0.3891 0.8746
vn -0.4712 0.3660 0.8025
vn -0.8188 0.2382 0.5223
vn -0.9570 0.1153 0.2661
vn -0.6062 0.3202 -0.7280
vn -0.8613 -0.1950 0.4693
vn -0.7517 0.2771 0.5984
vn -0.7336 0.2742 -0.6218
vn -0.8817 0.1991 -0.4276
vn -0.9367 -0.1337 0.3236
vn -0.6959 -0.2813 0.6607
vn -0.5832 -0.3141 0.7491
vn 0.0528 -0.3836 0.9220
vn 0.3658 0.3703 0.8539
vn -0.9998 -0.0175 0.0012
vn -0.9554 -0.1552 -0.2513
vn -0.9094 -0.2210 -0.3522
vn -0.7832 -0.3193 -0.5335
vn -0.9716 -0.1024 0.2135
vn -0.4518 0.3776 0.8083
vn -0.1295 0.4167 0.8998
vn 0.4394 0.3638 0.8213
vn -0.5004 0.3697 0.7829
vn -0.8042 0.2413 -0.5431
vn 0.3222 -0.3696 0.8716
vn -0.2643 -0.3710 0.8902
vn -0.8579 -0.2110 0.4686
vn 0.0526 -0.3867 0.9207
vn 0.3477 0.3934 0.8511
vn -0.8640 0.2238 0.4511
vn -0.9615 0.1191 0.2476
vn -0.8931 0.1895 -0.4080
vn -0.9454 -0.1424 0.2933
vn -0.9010 -0.1803 0.3947
vn -0.6792 -0.2874 0.6754
vn -0.7714 0.2900 0.5665
vn -0.9420 -0.1794 -0.2837
vn -0.8603 -0.2365 -0.4515
vn -0.6586 -0.3057 0.6876
vn 0.0660 0.4327 0.8991
vn -0.9858 -0.1137 -0.1234
vn -0.8679 0.2289 -0.4408
vn -0.4566 -0.3351 0.8241
vn -0.2825 0.4182 0.8633
vn -0.6968 0.3270 0.6384
vn -0.8937 0.2168 0.3929
vn -0.7534 0.3115 -0.5791
vn -0.9617 -0.1047 0.2534
vn -0.8965 -0.1969 0.3968
vn -0.4806 0.3990 0.7809
vn 0.3122 -0.3809 0.8703
vn -0.9964 0.0257 0.0805
vn -0.6808 -0.3075 0.6647
vn -0.2213 -0.3598 0.9064
vn 0.1203 0.4334 0.8932
vn -0.7424 0.3160 -0.5908
vn -0.9268 -0.1685 0.3355
vn -0.2236 -0.3412 0.9130
vn -0.2009 0.4439 0.8733
vn -0.7718 0.3220 0.5483
vn -0.9688 -0.0915 -0.2305
vn -0.7990 -0.1719 -0.5763
vn -0.7745 -0.2421 0.5844
vn 0.4080 0.3997 0.8208
vn 0.5190 0.3640 0.7734
vn -0.9372 -0.0420 -0.3462
vn -0.7853 0.0073 -0.6191
vn -0.9236 0.1755 -0.3410
vn -0.9631 -0.0780 0.2578
vn -0.9368 -0.1070 0.3330
vn -0.9382 0.1656 0.3039
vn -0.9994 0.0170 0.0316
vn -0.7663 -0.2235 0.6023
vn 0.0445 0.3990 0.9159
vn -0.5877 0.4091 0.6980
vn -0.5062 0.0750 0.8592
vn -0.6379 0.1899 0.7463
vn -0.9171 -0.1556 0.3671
vn -0.6694 -0.2708 0.6918
vn -0.3701 -0.3624 0.8554
vn -0.1940 -0.3651 0.9105
vn -0.6563 0.2726 0.7035
vn -0.9975 0.0657 0.0248
vn -0.7922 -0.2148 0.5711
vn -0.9654 0.0627 -0.2532
vn -0.9675 -0.0959 0.2339
vn -0.3345 -0.3558 0.8726
vn -0.2864 -0.3707 0.8835
vn -0.0413 0.4313 0.9013
vn -0.4621 0.6580 0.5945
vn -0.8462 0.3188 0.4271
vn -0.2192 0.9320 0.2885
vn -0.7174 -0.3214 0.6182
vn 0.1305 0.6114 0.7805
vn -0.7192 0.3926 0.5733
vn -0.1656 0.8484 0.5028
vn -0.9512 0.1709 0.2568
vn -0.9960 0.0766 -0.0457
vn -0.9984 0.0511 -0.0233
vn -0.9445 -0.1938 0.2651
vn -0.3432 -0.4284 0.8359
vn -0.9902 0.1384 0.0163
vn -0.8540 -0.2682 0.4459
vn -0.1714 0.8878 0.4271
vn -0.7772 0.5191 0.3556
vn -0.9968 0.0660 0.0458
vn -0.6364 -0.5023 0.5854
vn -0.9938 0.1112 0.0066
vn -0.7134 -0.4509 0.5364
vn -0.6079 -0.7093 0.3568
vn -0.2414 0.9155 0.3218
vn -0.3973 0.8108 0.4299
vn -0.8688 0.4896 0.0741
vn -0.9622 0.2717 0.0156
vn -0.9814 0.1903 0.0272
vn -0.9967 0.0419 -0.0690
vn -0.7241 -0.6329 0.2741
vn -0.9289 0.2686 -0.2550
vn -0.9579 0.1649 -0.2351
vn -0.9952 0.0714 -0.0669
vn -0.9936 -0.0212 -0.1106
vn -0.9950 0.0800 0.0600
vn -0.9945 0.1014 0.0266
vn -0.9766 0.1320 0.1695
vn -0.9936 0.0511 -0.1004
vn -0.9729 -0.0195 0.2304
vn -0.9649 0.1109 0.2379
vn -0.9976 0.0549 0.0423
vn -0.5427 0.7736 -0.3271
vn -0.3176 0.9062 -0.2792
vn -0.3129 0.9096 -0.2734
vn -0.9895 0.0586 -0.1319
vn -0.9999 0.0092 -0.0091
vn -0.7316 0.4197 -0.5373
vn -0.6603 0.6165 -0.4289
vn 0.3522 0.7864 -0.5074
vn -0.9755 -0.0958 0.1979
vn -0.8597 -0.1107 0.4987
vn -0.8166 0.0824 0.5712
vn -0.9032 0.1976 0.3811
vn -0.9627 0.1342 0.2348
vn -0.6914 -0.3117 -0.6518
vn -0.7995 0.0734 -0.5961
vn -0.8729 0.2348 -0.4276
vn -0.7638 0.2517 0.5944
vn -0.9658 0.1198 -0.2300
vn -0.8420 -0.2007 0.5008
vn -0.7927 0.2695 0.5468
vn -0.9968 0.0457 0.0654
vn -0.9999 -0.0152 -0.0007
vn -0.7292 -0.2160 0.6493
vn -0.7301 -0.2809 0.6229
vn -0.7090 -0.0893 0.6995
vn -0.7000 0.1220 0.7037
vn -0.6879 0.2537 0.6800
vn -0.8737 0.2226 0.4325
vn -0.4715 -0.1449 0.8699
vn -0.4457 -0.0642 0.8929
vn -0.3471 -0.0783 0.9345
vn -0.7590 0.3172 -0.5685
vn -0.7984 0.2836 -0.5311
vn -0.9723 0.1046 -0.2091
vn -0.8988 -0.2333 0.3712
vn -0.7031 -0.3608 0.6128
vn -0.3439 -0.3162 0.8842
vn -0.5055 -0.2724 0.8187
vn -0.2848 -0.1570 0.9456
vn 0.0724 -0.1008 0.9923
vn 0.1035 0.2012 0.9741
vn 0.2429 0.2536 0.9363
vn -0.3560 0.3321 0.8735
vn -0.2506 0.2082 0.9454
vn -0.4613 0.1999 0.8644
vn -0.5395 0.3200 0.7788
vn -0.4511 -0.3854 0.8050
vn 0.0097 0.3756 0.9267
vn -0.5326 0.3516 0.7699
vn -0.8487 0.2234 0.4795
vn -0.9501 0.1399 0.2789
vn -0.9998 0.0201 0.0057
vn -0.7367 0.3009 -0.6056
vn -0.9579 -0.1517 0.2436
vn -0.6512 -0.3223 0.6871
vn -0.3223 -0.4094 0.8535
vn -0.2823 0.3889 0.8769
vn -0.6400 0.3230 0.6972
vn -0.9538 -0.1043 -0.2819
vn -0.8619 -0.1829 -0.4730
vn -0.7819 -0.3244 0.5324
vn -0.6327 -0.3786 0.6755
vn -0.7977 0.2478 0.5499
vn -0.9457 0.1401 -0.2933
vn -1.0000 -0.0077 0.0032
vn -0.6329 0.3118 0.7087
vn -0.8048 0.2493 -0.5387
vn -0.3158 -0.4769 0.8203
vn 0.0012 0.4005 0.9163
vn -0.5015 0.3414 0.7950
vn -0.9532 0.1275 0.2743
vn -0.9997 0.0049 -0.0257
vn -0.5979 -0.4293 0.6769
vn -0.2453 0.3746 0.8941
vn -0.8501 -0.1903 -0.4911
vn -0.6705 -0.3795 0.6375
vn 0.3660 0.3720 0.8530
vn -0.5333 0.3361 0.7763
vn -0.7862 0.2510 0.5647
vn -0.8467 0.2152 0.4866
vn -0.9486 -0.1131 -0.2954
vn -0.8291 -0.2613 0.4943
vn 0.0703 0.3881 0.9189
vn -0.4144 0.3600 0.8359
vn -0.6253 0.3083 0.7169
vn -0.9988 0.0283 0.0408
vn -0.7490 -0.2423 -0.6167
vn -0.8022 0.2402 -0.5467
vn -1.0000 -0.0015 0.0048
vn -0.3942 -0.4652 0.7926
vn -0.9372 0.1435 0.3179
vn -0.9546 0.1184 -0.2732
vn -0.9502 -0.1371 0.2798
vn -0.2007 0.3870 0.9000
vn -0.6822 -0.3524 0.6407
vn -0.3977 -0.4566 0.7958
vn 0.2898 0.3856 0.8760
vn -0.9509 0.1250 0.2832
vn -0.8907 -0.1653 -0.4235
vn -0.5933 0.3148 -0.7408
vn -0.7967 -0.2451 0.5524
vn -0.0062 0.4008 0.9161
vn -0.2921 0.3817 0.8769
vn -0.7850 0.2428 0.5700
vn -0.8469 0.2089 0.4890
vn -0.9999 0.0058 0.0138
vn -0.9647 -0.1002 -0.2433
vn -0.6970 -0.2632 -0.6670
vn -0.9022 0.1722 -0.3954
vn -0.9997 -0.0113 0.0214
vn -0.6572 -0.3249 0.6801
vn -0.5313 -0.3809 0.7567
vn -0.3707 -0.4441 0.8157
vn -0.5149 0.3357 0.7888
vn -0.6222 0.3040 0.7215
vn -0.7533 -0.2385 -0.6129
vn -0.7623 0.2501 -0.5970
vn -0.6961 0.2778 -0.6621
vn -0.9765 0.0864 -0.1972
vn -0.7087 -0.2580 -0.6566
vn -0.9338 -0.1370 0.3306
vn -0.5154 0.3355 0.7885
vn -0.9272 0.1426 0.3465
vn -0.0026 -0.4563 0.8898
vn 0.0242 0.3860 0.9222
vn -0.3129 0.3724 0.8738
vn -0.7850 0.2426 0.5700
vn -0.9611 -0.0991 -0.2579
vn -0.7005 0.2595 -0.6648
vn -0.9494 -0.1305 0.2858
vn -0.4789 -0.3657 0.7981
vn -0.4256 -0.3706 0.8256
vn -0.2395 -0.4245 0.8732
vn -0.8479 0.2047 0.4891
vn -0.9510 0.1159 0.2866
vn -1.0000 0.0004 -0.0023
vn -0.8843 -0.1669 -0.4362
vn -0.6252 0.3076 0.7173
vn -0.7684 0.2258 -0.5989
vn -0.8925 0.1697 -0.4179
vn -0.7693 -0.2126 -0.6024
vn -0.7054 0.2353 -0.6686
vn -0.2514 0.3731 0.8931
vn -0.5067 0.3389 0.7927
vn -0.8013 0.2300 0.5524
vn -0.7081 -0.2519 -0.6596
vn -0.9677 0.0982 -0.2323
vn -0.9070 -0.1661 0.3871
vn -0.9721 -0.0819 0.2197
vn 0.7486 -0.2726 0.6044
vn 0.2765 0.3435 0.8975
vn -0.6348 0.2974 0.7131
vn -0.9592 0.1056 0.2624
vn -0.9122 -0.1407 -0.3847
vn -0.8957 0.1460 -0.4200
vn 0.0322 -0.3969 0.9173
vn 0.0761 0.3684 0.9265
vn -0.8711 0.1866 0.4543
vn -0.6972 -0.2060 -0.6866
vn -0.7131 -0.2696 0.6471
vn -0.4780 0.3326 0.8129
vn -0.1074 -0.3917 0.9138
vn -0.9874 -0.0538 -0.1486
vn -0.9264 -0.1016 -0.3626
vn -0.9342 -0.1172 0.3369
vn -0.2075 0.3668 0.9069
vn -0.8154 0.2171 0.5366
vn -0.9736 0.0805 0.2137
vn -0.7844 -0.2218 0.5793
vn -0.6723 0.2741 0.6876
vn -0.6235 0.2858 0.7277
vn -0.8860 0.1654 0.4332
vn -0.6333 -0.2930 0.7162
vn -0.3854 -0.3690 0.8458
vn -0.2094 -0.3744 0.9033
vn 0.0900 0.3655 0.9265
vn -0.9999 0.0111 0.0010
vn -0.8653 0.1268 -0.4850
vn -0.6787 -0.2641 0.6853
vn -0.9530 0.1050 0.2842
vn -0.9273 -0.1206 0.3542
vn -0.4129 -0.3384 0.8456
vn -0.4062 -0.3431 0.8469
vn -0.2309 0.3644 0.9021
vn -0.4166 0.3359 0.8447
vn -0.9832 -0.0207 -0.1816
vn -0.9719 0.0252 -0.2340
vn -0.8929 0.1242 -0.4327
vn -0.7812 -0.2098 0.5880
vn 0.1111 0.3707 0.9221
vn -0.6334 0.2783 0.7221
vn -0.7860 0.2142 0.5799
vn -0.6261 0.5464 -0.5563
vn -0.9665 -0.0889 0.2410
vn -0.1870 -0.3699 0.9101
vn -0.9092 0.1449 0.3903
vn -0.9842 0.0943 0.1499
vn -0.6348 -0.4605 -0.6205
vn 0.0310 0.8267 -0.5618
vn -0.9992 -0.0354 0.0179
vn -0.8063 0.2095 0.5532
vn -0.9784 0.0328 -0.2043
vn 0.5198 0.7229 -0.4552
vn -0.7327 0.5473 -0.4044
vn -0.8536 0.3893 -0.3460
vn -0.9879 -0.0452 -0.1480
vn -0.7804 -0.2060 0.5903
vn -0.6982 -0.2397 0.6746
vn -0.3185 -0.3414 0.8843
vn -0.4693 -0.3129 0.8258
vn 0.0313 -0.3703 0.9284
vn 0.3559 0.3471 0.8677
vn -0.9921 0.1234 -0.0204
vn 0.1384 0.9076 -0.3963
vn -0.0224 0.9151 -0.4026
vn -0.1915 0.9413 -0.2780
vn -0.3035 0.8604 -0.4093
vn -0.4456 0.8436 -0.2998
vn -0.4789 0.7744 -0.4135
vn -0.9705 0.0804 -0.2274
vn -0.9642 -0.1123 0.2402
vn -0.8992 -0.1595 0.4074
vn -0.2786 0.3568 0.8917
vn -0.5030 0.3107 0.8065
vn -0.5792 0.3054 0.7558
vn -0.7279 0.2497 0.6386
vn -0.9049 0.1804 0.3854
vn -0.9450 0.2211 0.2411
vn -0.9636 -0.1529 -0.2194
vn 0.2700 0.9284 -0.2553
vn 0.4073 0.8209 -0.4004
vn -0.6160 0.7448 -0.2566
vn -0.9422 0.3125 -0.1209
vn 0.0772 0.3709 0.9255
vn -0.8428 0.5294 -0.0973
vn -0.7842 -0.2337 0.5748
vn -0.4758 -0.3053 0.8249
vn -0.7812 0.2465 0.5736
vn -0.9662 0.2452 0.0800
vn -0.2428 0.9700 -0.0091
vn 0.6263 0.7581 -0.1814
vn 0.5602 0.8270 -0.0473
vn 0.7061 0.6990 -0.1132
vn 0.6945 0.7026 -0.1549
vn -0.5319 0.8459 -0.0392
vn -0.6690 0.7381 -0.0875
vn -0.9982 0.0028 0.0594
vn -0.7071 -0.2593 0.6578
vn -0.5784 -0.2758 0.7677
vn -0.2004 0.3587 0.9117
vn -0.8057 0.3505 0.4774
vn -0.9927 0.1158 -0.0348
vn -0.9937 -0.1075 0.0301
vn -0.5383 -0.3181 0.7804
vn -0.4937 0.3336 0.8031
vn -0.7450 0.2765 0.6070
vn -0.8607 0.3833 0.3352
vn 0.2995 0.9355 0.1874
vn -0.3318 0.3483 0.8767
vn -0.5808 0.3377 0.7407
vn 0.0237 0.9775 0.2098
vn 0.5776 0.7997 0.1639
vn -0.2386 0.9480 0.2106
vn -0.4401 0.8691 0.2257
vn -0.6265 0.7575 0.1836
vn -0.7761 0.5912 0.2193
vn -0.8881 0.4072 0.2130
vn -0.7184 -0.3895 0.5763
vn 0.0617 0.3794 0.9232
vn -0.9472 0.2374 0.2155
vn -0.7886 -0.5890 0.1767
vn -0.7234 0.4196 0.5484
vn -0.9444 -0.0887 0.3166
vn -0.4945 0.7536 0.4331
vn -0.7343 0.5180 0.4386
vn -0.6882 -0.3977 0.6068
vn 0.6028 -0.4564 0.6544
vn -0.2893 0.4143 0.8629
vn 0.3282 0.4119 0.8501
vn -0.5082 0.3963 0.7646
vn -0.7463 0.4492 0.4912
vn 0.1855 0.8992 0.3963
vn -0.0192 0.8988 0.4378
vn 0.4332 0.8073 0.4007
vn -0.2597 0.8803 0.3971
vn 0.5483 0.7233 0.4197
vn -0.5920 0.6796 0.4332
vn -0.8262 0.3381 0.4506
vn -0.5455 0.4785 0.6881
vn -0.8459 0.2488 0.4717
vn -0.7817 -0.5194 0.3452
vn -0.7614 0.3087 0.5700
vn 0.0378 0.5052 0.8622
vn -0.3507 0.5098 0.7856
vn -0.8249 -0.1048 0.5555
vn -0.7561 -0.3301 0.5651
vn 0.1866 0.7782 0.5997
vn 0.3980 0.6096 0.6856
vn -0.2604 0.7756 0.5750
vn -0.4630 0.6792 0.5696
vn -0.3346 -0.5162 0.7884
vn -0.7523 0.1850 0.6324
vn -0.0286 0.7726 0.6342
vn 0.1251 0.4932 0.8609
vn 0.2192 0.5867 0.7796
vn -0.6473 0.4881 0.5855
vn -0.5147 0.4578 0.7249
vn -0.6387 0.3453 0.6877
vn -0.4912 0.3110 0.8136
vn -0.2203 -0.5098 0.8316
vn -0.4901 0.4760 0.7302
vn -0.5892 0.4761 0.6529
vn 0.0257 0.6228 0.7820
vn -0.1583 0.6463 0.7465
vn -0.5632 -0.0378 0.8254
vn -0.1787 0.4929 0.8516
vn -0.5986 0.3298 0.7300
vn -0.6754 -0.1283 0.7262
vn -0.6214 -0.2771 0.7329
vn -0.4404 -0.5392 0.7178
vn 0.4071 0.4528 0.7933
vn 0.3313 0.4624 0.8225
vn -0.3971 0.4408 0.8049
vn 0.4712 -0.0074 0.8820
vn 0.3427 0.3036 0.8890
vn -0.4739 0.2109 0.8549
vn -0.4772 -0.0458 0.8776
vn 0.1864 0.2292 0.9554
vn 0.0184 0.4073 0.9131
vn -0.1602 0.2911 0.9432
vn -0.0761 0.4890 0.8690
vn 0.4614 0.1735 0.8700
vn -0.3869 -0.0434 0.9211
vn -0.2351 0.2885 0.9282
vn -0.4401 -0.2359 0.8664
vn -0.0246 -0.0092 0.9997
vn 0.0574 0.2396 0.9692
vt 0.474555 0.597399
vt 0.467572 0.604443
vt 0.466426 0.586791
vt 0.473556 0.586713
vt 0.458567 0.596657
vt 0.870094 0.806333
vt 0.869790 0.780659
vt 0.878019 0.790934
vt 0.861489 0.806384
vt 0.862075 0.782837
vt 0.860320 0.768320
vt 0.852424 0.796459
vt 0.851692 0.808416
vt 0.852482 0.781525
vt 0.482801 0.595834
vt 0.481532 0.587011
vt 0.476420 0.609371
vt 0.474681 0.571422
vt 0.469133 0.618892
vt 0.465374 0.574740
vt 0.460065 0.613364
vt 0.456977 0.584897
vt 0.896538 0.254437
vt 0.888242 0.241935
vt 0.896213 0.235811
vt 0.882055 0.228213
vt 0.892101 0.223548
vt 0.986035 0.557698
vt 0.978445 0.546620
vt 0.977502 0.561312
vt 0.986193 0.543624
vt 0.072346 0.335524
vt 0.061809 0.344582
vt 0.060597 0.331033
vt 0.047231 0.337520
vt 0.868140 0.763410
vt 0.970399 0.546438
vt 0.969186 0.561188
vt 0.960575 0.556630
vt 0.963406 0.543552
vt 0.851156 0.767812
vt 0.839068 0.808460
vt 0.841323 0.794343
vt 0.841598 0.779810
vt 0.478282 0.623800
vt 0.485303 0.610597
vt 0.483333 0.578364
vt 0.456119 0.569283
vt 0.886156 0.257067
vt 0.884570 0.209107
vt 0.880080 0.217538
vt 0.086406 0.316369
vt 0.087632 0.332729
vt 0.048170 0.325610
vt 0.857908 0.750322
vt 0.847106 0.757272
vt 0.949971 0.549945
vt 0.948834 0.540376
vt 0.506308 0.594091
vt 0.484076 0.568623
vt 0.471041 0.630445
vt 0.823718 0.004904
vt 0.832585 0.016065
vt 0.825007 0.022558
vt 0.832982 0.000475
vt 0.841750 0.007416
vt 0.462566 0.630161
vt 0.892161 0.272271
vt 0.871027 0.208341
vt 0.880540 0.243004
vt 0.978319 0.535710
vt 0.971850 0.532890
vt 0.953114 0.533905
vt 0.825937 0.774141
vt 0.819116 0.792510
vt 0.816871 0.779122
vt 0.503271 0.583555
vt 0.486090 0.625893
vt 0.483404 0.634638
vt 0.841362 0.022450
vt 0.849130 0.019580
vt 0.879924 0.274136
vt 0.099351 0.325661
vt 0.963320 0.527371
vt 0.509347 0.610385
vt 0.510597 0.617545
vt 0.815516 0.011401
vt 0.815460 0.025473
vt 0.475585 0.644001
vt 0.465013 0.640560
vt 0.672194 0.741657
vt 0.681562 0.734807
vt 0.679645 0.750475
vt 0.875894 0.259230
vt 0.869755 0.221923
vt 0.871865 0.240033
vt 0.099420 0.305875
vt 0.988067 0.527397
vt 0.980179 0.524605
vt 0.823742 0.762467
vt 0.813112 0.805975
vt 0.523407 0.592578
vt 0.798033 0.023571
vt 0.488868 0.644740
vt 0.953569 0.522595
vt 0.823084 0.745722
vt 0.928110 0.534632
vt 0.527477 0.580613
vt 0.513901 0.627383
vt 0.659289 0.742966
vt 0.664428 0.730160
vt 0.841029 0.037085
vt 0.833153 0.025378
vt 0.672193 0.723252
vt 0.852378 0.034122
vt 0.868343 0.275030
vt 0.860037 0.233130
vt 0.973088 0.520565
vt 0.935949 0.524952
vt 0.814524 0.768278
vt 0.792655 0.792396
vt 0.789891 0.804757
vt 0.535773 0.608717
vt 0.798787 0.040331
vt 0.514514 0.638196
vt 0.870997 0.284696
vt 0.857641 0.206749
vt 0.858480 0.221444
vt 0.864989 0.260701
vt 0.862327 0.246824
vt 0.050880 0.312755
vt 0.039999 0.302956
vt 0.050535 0.300178
vt 0.962958 0.516392
vt 0.942557 0.511748
vt 0.920094 0.513381
vt 0.543846 0.591854
vt 0.515211 0.567982
vt 0.813057 0.040492
vt 0.491360 0.654575
vt 0.479261 0.655418
vt 0.653575 0.730186
vt 0.796097 0.762969
vt 0.907681 0.521966
vt 0.779707 0.779671
vt 0.536401 0.622009
vt 0.534861 0.567508
vt 0.660700 0.716205
vt 0.855763 0.264376
vt 0.852851 0.249299
vt 0.999376 0.516188
vt 0.987098 0.514539
vt 0.973720 0.511498
vt 0.537372 0.633707
vt 0.639013 0.731009
vt 0.644859 0.724010
vt 0.845509 0.046859
vt 0.833953 0.048551
vt 0.673593 0.706365
vt 0.857976 0.280288
vt 0.860306 0.044684
vt 0.847528 0.215688
vt 0.850188 0.232814
vt 0.962746 0.505880
vt 0.920616 0.499700
vt 0.891670 0.503842
vt 0.766851 0.792631
vt 0.583296 0.597089
vt 0.576677 0.588984
vt 0.557710 0.576128
vt 0.571945 0.608300
vt 0.561982 0.621888
vt 0.944344 0.499006
vt 0.877151 0.504474
vt 0.756146 0.803993
vt 0.565243 0.565333
vt 0.520139 0.645407
vt 0.844950 0.268907
vt 0.992051 0.504294
vt 0.981692 0.503900
vt 0.926564 0.495586
vt 0.890517 0.490106
vt 0.558793 0.633413
vt 0.637863 0.707762
vt 0.654493 0.704889
vt 0.835308 0.059398
vt 0.665675 0.695758
vt 0.837759 0.221690
vt 0.835861 0.208993
vt 0.853919 0.057090
vt 0.847464 0.284696
vt 0.842619 0.253164
vt 0.839171 0.238023
vt 0.970874 0.500259
vt 0.951946 0.493208
vt 0.744856 0.779470
vt 0.724619 0.793146
vt 0.539993 0.646674
vt 0.603188 0.735835
vt 0.602190 0.722695
vt 0.632418 0.717077
vt 0.984310 0.496125
vt 0.974669 0.487803
vt 0.929381 0.485601
vt 0.870155 0.478942
vt 0.766807 0.763062
vt 0.746672 0.762530
vt 0.856374 0.490151
vt 0.732390 0.805480
vt 0.615774 0.586798
vt 0.588828 0.575045
vt 0.597607 0.567098
vt 0.579773 0.732393
vt 0.953982 0.900153
vt 0.948074 0.889709
vt 0.961203 0.887470
vt 0.832481 0.271263
vt 0.897379 0.474855
vt 0.725908 0.763310
vt 0.603861 0.607322
vt 0.595786 0.621014
vt 0.594398 0.632202
vt 0.607429 0.708606
vt 0.639733 0.696195
vt 0.946578 0.911122
vt 0.939854 0.896604
vt 0.955024 0.825362
vt 0.943544 0.827456
vt 0.948677 0.816024
vt 0.951535 0.840753
vt 0.827295 0.254197
vt 0.963366 0.851283
vt 0.960016 0.836182
vt 0.957004 0.482611
vt 0.932151 0.478906
vt 0.702423 0.779275
vt 0.589915 0.642019
vt 0.573684 0.721192
vt 0.932879 0.905999
vt 0.950801 0.864787
vt 0.948763 0.853231
vt 0.875572 0.464159
vt 0.710975 0.804808
vt 0.641451 0.591551
vt 0.631174 0.603225
vt 0.634128 0.574882
vt 0.521789 0.737830
vt 0.622968 0.693583
vt 0.929245 0.828948
vt 0.933642 0.817922
vt 0.939138 0.882033
vt 0.990745 0.488214
vt 0.957614 0.472625
vt 0.845952 0.463636
vt 0.824069 0.461096
vt 0.836943 0.478397
vt 0.623144 0.616633
vt 0.597898 0.629818
vt 0.606400 0.698958
vt 0.918290 0.903993
vt 0.919149 0.894441
vt 0.950276 0.881717
vt 0.937477 0.841220
vt 0.812461 0.462750
vt 0.683782 0.804697
vt 0.678100 0.793851
vt 0.666514 0.585390
vt 0.630801 0.565899
vt 0.630769 0.626322
vt 0.572130 0.708717
vt 0.979333 0.474082
vt 0.963907 0.465020
vt 0.937322 0.463604
vt 0.927091 0.466535
vt 0.889453 0.454237
vt 0.867507 0.442339
vt 0.841988 0.441923
vt 0.825857 0.450154
vt 0.672075 0.779566
vt 0.647687 0.617178
vt 0.523177 0.725848
vt 0.598088 0.690785
vt 0.924016 0.880038
vt 0.936121 0.853813
vt 0.691427 0.763886
vt 0.654879 0.604424
vt 0.627315 0.633651
vt 0.572344 0.697157
vt 0.897105 0.898792
vt 0.326944 0.936769
vt 0.302234 0.937053
vt 0.327892 0.920280
vt 0.308279 0.920015
vt 0.893320 0.447667
vt 0.802664 0.436747
vt 0.692615 0.592089
vt 0.632940 0.641163
vt 0.533669 0.711812
vt 0.891088 0.889728
vt 0.914135 0.839384
vt 0.902149 0.835764
vt 0.916178 0.826514
vt 0.914839 0.444170
vt 0.903737 0.445613
vt 0.786644 0.443964
vt 0.654336 0.805685
vt 0.629786 0.793025
vt 0.675892 0.617502
vt 0.874437 0.900696
vt 0.940632 0.448767
vt 0.655096 0.763474
vt 0.632131 0.779408
vt 0.690845 0.605075
vt 0.667635 0.629623
vt 0.472501 0.739315
vt 0.475629 0.728656
vt 0.497185 0.715417
vt 0.550928 0.700122
vt 0.911109 0.865209
vt 0.922226 0.864625
vt 0.820340 0.424390
vt 0.789370 0.411032
vt 0.697978 0.583699
vt 0.694190 0.574207
vt 0.855637 0.901278
vt 0.876761 0.889741
vt 0.914778 0.434209
vt 0.848043 0.426377
vt 0.624352 0.806665
vt 0.668392 0.567451
vt 0.692627 0.565939
vt 0.671831 0.627647
vt 0.521061 0.702846
vt 0.881158 0.842860
vt 0.853363 0.843559
vt 0.877995 0.834051
vt 0.881124 0.880401
vt 0.878994 0.863360
vt 0.889243 0.871790
vt 0.278933 0.924758
vt 0.257249 0.941420
vt 0.247952 0.926979
vt 0.875458 0.427248
vt 0.783510 0.423262
vt 0.760451 0.424276
vt 0.721562 0.591225
vt 0.699291 0.615022
vt 0.700681 0.623656
vt 0.680233 0.631603
vt 0.671768 0.639591
vt 0.829293 0.901840
vt 0.855509 0.892566
vt 0.885744 0.416987
vt 0.821249 0.410769
vt 0.714414 0.605697
vt 0.724277 0.575533
vt 0.428811 0.741745
vt 0.424433 0.731033
vt 0.497349 0.703930
vt 0.808278 0.901413
vt 0.831063 0.891609
vt 0.857012 0.879974
vt 0.855739 0.864665
vt 0.777417 0.396566
vt 0.764584 0.409065
vt 0.461308 0.717753
vt 0.869700 0.406669
vt 0.842696 0.409014
vt 0.592377 0.793281
vt 0.751283 0.605047
vt 0.748257 0.616654
vt 0.728297 0.619458
vt 0.710148 0.631475
vt 0.705287 0.639703
vt 0.837005 0.863895
vt 0.841227 0.399821
vt 0.819456 0.404708
vt 0.745957 0.393052
vt 0.597193 0.808416
vt 0.588525 0.778852
vt 0.755157 0.589461
vt 0.749557 0.575082
vt 0.713458 0.562467
vt 0.737121 0.563704
vt 0.391633 0.741991
vt 0.430780 0.718166
vt 0.447641 0.708690
vt 0.812172 0.890709
vt 0.828159 0.879696
vt 0.737245 0.405110
vt 0.578581 0.807698
vt 0.790024 0.389313
vt 0.763643 0.903678
vt 0.779967 0.892493
vt 0.218423 0.944052
vt 0.159305 0.937358
vt 0.213895 0.929407
vt 0.800213 0.382309
vt 0.720815 0.392776
vt 0.566631 0.765901
vt 0.593692 0.764785
vt 0.558118 0.790279
vt 0.766623 0.605237
vt 0.783578 0.589479
vt 0.764864 0.575759
vt 0.759335 0.618194
vt 0.758940 0.564484
vt 0.759870 0.629442
vt 0.378431 0.732025
vt 0.751515 0.892517
vt 0.743580 0.369664
vt 0.735668 0.370809
vt 0.725766 0.379602
vt 0.550437 0.777190
vt 0.751709 0.636938
vt 0.389361 0.718453
vt 0.840097 0.382986
vt 0.551883 0.805225
vt 0.774795 0.620253
vt 0.804131 0.374400
vt 0.765588 0.369509
vt 0.750091 0.360992
vt 0.702973 0.359912
vt 0.804743 0.573942
vt 0.784169 0.563891
vt 0.792050 0.605585
vt 0.777609 0.633732
vt 0.341167 0.747267
vt 0.395996 0.710670
vt 0.716923 0.904235
vt 0.742135 0.879222
vt 0.796472 0.833808
vt 0.763288 0.847504
vt 0.765296 0.833445
vt 0.768305 0.870604
vt 0.787888 0.879759
vt 0.813202 0.364636
vt 0.696907 0.375262
vt 0.344504 0.731655
vt 0.730841 0.892544
vt 0.181064 0.960583
vt 0.145919 0.963028
vt 0.174436 0.948313
vt 0.543825 0.761320
vt 0.590216 0.752250
vt 0.529562 0.788475
vt 0.810705 0.589198
vt 0.798233 0.618312
vt 0.565547 0.163363
vt 0.592886 0.150424
vt 0.593951 0.165436
vt 0.757791 0.351712
vt 0.679484 0.359971
vt 0.813109 0.604743
vt 0.313588 0.750475
vt 0.312334 0.731731
vt 0.544456 0.182956
vt 0.552359 0.188753
vt 0.359035 0.716735
vt 0.777282 0.355380
vt 0.715435 0.343703
vt 0.706857 0.347324
vt 0.843470 0.588251
vt 0.808449 0.564965
vt 0.818947 0.551806
vt 0.812309 0.629872
vt 0.699357 0.892578
vt 0.785620 0.345046
vt 0.679594 0.340032
vt 0.513442 0.775109
vt 0.531101 0.805063
vt 0.504535 0.789304
vt 0.843556 0.603437
vt 0.843432 0.563454
vt 0.843885 0.572868
vt 0.816513 0.617616
vt 0.805342 0.638013
vt 0.683343 0.910141
vt 0.675429 0.903530
vt 0.697305 0.879115
vt 0.284666 0.744288
vt 0.751142 0.336715
vt 0.689609 0.331754
vt 0.509296 0.762313
vt 0.508197 0.754157
vt 0.659747 0.342673
vt 0.507783 0.805404
vt 0.864798 0.587095
vt 0.843426 0.627853
vt 0.325961 0.715311
vt 0.758930 0.327831
vt 0.711366 0.327766
vt 0.845544 0.616079
vt 0.846390 0.555770
vt 0.653048 0.909309
vt 0.694687 0.325259
vt 0.659580 0.325223
vt 0.485903 0.774812
vt 0.867465 0.573593
vt 0.869385 0.604455
vt 0.842003 0.636285
vt 0.662816 0.895436
vt 0.638695 0.326304
vt 0.485063 0.761097
vt 0.483995 0.806255
vt 0.484628 0.789595
vt 0.871542 0.621478
vt 0.246851 0.745781
vt 0.271007 0.729359
vt 0.515719 0.209890
vt 0.489557 0.208601
vt 0.295848 0.715167
vt 0.636043 0.896842
vt 0.660769 0.879773
vt 0.708825 0.859892
vt 0.688897 0.849404
vt 0.715621 0.847713
vt 0.099074 0.943242
vt 0.089103 0.956120
vt 0.071870 0.944774
vt 0.716103 0.313382
vt 0.704882 0.315929
vt 0.666353 0.313699
vt 0.641964 0.317969
vt 0.881340 0.585260
vt 0.883458 0.602961
vt 0.881621 0.571686
vt 0.866263 0.557989
vt 0.472261 0.788450
vt 0.469574 0.775684
vt 0.469722 0.804544
vt 0.460329 0.790506
vt 0.459508 0.775006
vt 0.896971 0.583840
vt 0.445581 0.792106
vt 0.443719 0.779432
vt 0.883909 0.557355
vt 0.731304 0.308319
vt 0.668914 0.303133
vt 0.644309 0.307993
vt 0.623971 0.321044
vt 0.621759 0.298997
vt 0.461395 0.762699
vt 0.460133 0.808008
vt 0.899812 0.602030
vt 0.442432 0.765715
vt 0.884241 0.614726
vt 0.872421 0.629794
vt 0.880913 0.640350
vt 0.241339 0.729055
vt 0.270929 0.714243
vt 0.625362 0.909530
vt 0.659076 0.871518
vt 0.657114 0.860000
vt 0.680292 0.859647
vt 0.678427 0.302834
vt 0.645263 0.297670
vt 0.615046 0.313770
vt 0.888043 0.625282
vt 0.654061 0.836607
vt 0.635720 0.824331
vt 0.666890 0.832528
vt 0.713585 0.297613
vt 0.928507 0.604212
vt 0.910126 0.619454
vt 0.906918 0.616378
vt 0.860826 0.648415
vt 0.228583 0.732182
vt 0.051542 0.983047
vt 0.048901 0.987149
vt 0.046120 0.984810
vt 0.040768 0.985622
vt 0.040472 0.990467
vt 0.930983 0.614278
vt 0.428096 0.211675
vt 0.432447 0.223216
vt 0.408119 0.228196
vt 0.602391 0.909854
vt 0.610172 0.895840
vt 0.659005 0.851604
vt 0.631985 0.859491
vt 0.629375 0.851116
vt 0.646559 0.845015
vt 0.049398 0.990821
vt 0.042575 0.992897
vt 0.034998 0.986062
vt 0.654778 0.279838
vt 0.238679 0.711464
vt 0.625996 0.879052
vt 0.633913 0.889228
vt 0.042923 0.960769
vt 0.035840 0.960762
vt 0.028826 0.949650
vt 0.044785 0.948527
vt 0.033517 0.993463
vt 0.032936 0.986063
vt 0.646176 0.287774
vt 0.464921 0.222527
vt 0.468922 0.233064
vt 0.450780 0.237541
vt 0.219661 0.718366
vt 0.592144 0.895070
vt 0.024882 0.961644
vt 0.704574 0.285452
vt 0.690174 0.290386
vt 0.933575 0.621731
vt 0.924445 0.634831
vt 0.624011 0.297469
vt 0.886577 0.655418
vt 0.203004 0.724975
vt 0.572345 0.911122
vt 0.574643 0.895704
vt 0.614568 0.858864
vt 0.605796 0.852383
vt 0.025733 0.992820
vt 0.696877 0.275199
vt 0.592907 0.879209
vt 0.623356 0.868182
vt 0.015269 0.965907
vt 0.018800 0.954152
vt 0.679890 0.278508
vt 0.634082 0.278695
vt 0.166435 0.746648
vt 0.177843 0.728864
vt 0.232346 0.706271
vt 0.243661 0.696600
vt 0.593246 0.856354
vt 0.599882 0.858180
vt 0.578659 0.876157
vt 0.010002 0.956536
vt 0.648071 0.260728
vt 0.161545 0.730123
vt 0.584628 0.836308
vt 0.577373 0.830611
vt 0.587269 0.827931
vt 0.019659 0.976063
vt 0.012916 0.978570
vt 0.008454 0.968314
vt 0.681461 0.263066
vt 0.666068 0.260747
vt 0.148158 0.736469
vt 0.199942 0.703957
vt 0.213534 0.695027
vt 0.225201 0.694508
vt 0.497981 0.254728
vt 0.498590 0.265034
vt 0.489992 0.258732
vt 0.583681 0.862266
vt 0.704253 0.262452
vt 0.695460 0.262850
vt 0.180075 0.716433
vt 0.234515 0.691703
vt 0.484641 0.266700
vt 0.471683 0.267562
vt 0.476468 0.258192
vt 0.249238 0.677178
vt 0.574901 0.875985
vt 0.235229 0.679166
vt 0.469460 0.949716
vt 0.477058 0.952981
vt 0.474297 0.962869
vt 0.464976 0.957581
vt 0.466883 0.974391
vt 0.686819 0.247740
vt 0.210792 0.666489
vt 0.439211 0.893094
vt 0.429054 0.896938
vt 0.424187 0.879422
vt 0.416934 0.863635
vt 0.405635 0.859478
vt 0.413942 0.856793
vt 0.483996 0.939977
vt 0.474883 0.937317
vt 0.485260 0.914955
vt 0.475355 0.922743
vt 0.474397 0.915040
vt 0.648669 0.252620
vt 0.640546 0.240906
vt 0.633505 0.261974
vt 0.147746 0.715131
vt 0.177156 0.702079
vt 0.198128 0.689864
vt 0.473638 0.285115
vt 0.452622 0.267521
vt 0.225929 0.676305
vt 0.492757 0.279519
vt 0.405233 0.844936
vt 0.422089 0.841176
vt 0.398816 0.853568
vt 0.682740 0.236495
vt 0.501329 0.284452
vt 0.408300 0.830125
vt 0.407906 0.883298
vt 0.398771 0.859576
vt 0.487662 0.968307
vt 0.680108 0.224482
vt 0.430560 0.908030
vt 0.413297 0.898873
vt 0.386363 0.860184
vt 0.496991 0.930760
vt 0.491388 0.941360
vt 0.488031 0.918701
vt 0.493237 0.914718
vt 0.502331 0.919638
vt 0.486090 0.980859
vt 0.167632 0.695204
vt 0.385812 0.880512
vt 0.489410 0.955460
vt 0.505211 0.942234
vt 0.503238 0.922356
vt 0.495444 0.923006
vt 0.700946 0.229166
vt 0.661796 0.225080
vt 0.633890 0.229740
vt 0.613742 0.234932
vt 0.232044 0.653748
vt 0.411388 0.912072
vt 0.399303 0.898189
vt 0.391234 0.841339
vt 0.377518 0.862653
vt 0.509130 0.956496
vt 0.510833 0.968622
vt 0.309685 0.284873
vt 0.320663 0.281404
vt 0.310073 0.294262
vt 0.499272 0.927309
vt 0.332512 0.283729
vt 0.339252 0.291991
vt 0.204150 0.660247
vt 0.485966 0.284936
vt 0.509774 0.303961
vt 0.385363 0.831426
vt 0.515289 0.942950
vt 0.511543 0.938145
vt 0.504846 0.933982
vt 0.514547 0.922563
vt 0.513321 0.925220
vt 0.505794 0.932840
vt 0.647468 0.222938
vt 0.629443 0.220435
vt 0.188537 0.668575
vt 0.389460 0.911185
vt 0.387365 0.898306
vt 0.365738 0.848479
vt 0.366513 0.880763
vt 0.517934 0.932611
vt 0.513318 0.931175
vt 0.296038 0.291245
vt 0.290283 0.304270
vt 0.706438 0.215543
vt 0.598631 0.219389
vt 0.173784 0.673984
vt 0.359042 0.863624
vt 0.525257 0.925883
vt 0.520541 0.927234
vt 0.523609 0.914116
vt 0.961264 0.447214
vt 0.960547 0.456749
vt 0.965610 0.453846
vt 0.515231 0.980224
vt 0.643998 0.216090
vt 0.228414 0.635878
vt 0.489358 0.296817
vt 0.509299 0.322651
vt 0.476736 0.299951
vt 0.244429 0.632039
vt 0.361796 0.833273
vt 0.542069 0.956363
vt 0.539755 0.942586
vt 0.540010 0.928972
vt 0.956924 0.446169
vt 0.957624 0.434680
vt 0.022518 0.770065
vt 0.036657 0.769112
vt 0.028028 0.788430
vt 0.019056 0.788533
vt 0.181728 0.058522
vt 0.200456 0.075316
vt 0.171900 0.074093
vt 0.599754 0.213270
vt 0.366373 0.898267
vt 0.340743 0.879375
vt 0.323403 0.864848
vt 0.332012 0.850653
vt 0.540362 0.969907
vt 0.728326 0.213903
vt 0.734524 0.200376
vt 0.716591 0.199349
vt 0.689972 0.206223
vt 0.668565 0.199818
vt 0.041461 0.785591
vt 0.203351 0.643398
vt 0.214543 0.636104
vt 0.247919 0.608421
vt 0.368742 0.910359
vt 0.339151 0.895626
vt 0.542064 0.981242
vt 0.199914 0.059145
vt 0.195732 0.642287
vt 0.257352 0.613208
vt 0.508299 0.311279
vt 0.539387 0.324059
vt 0.535420 0.329489
vt 0.333158 0.834090
vt 0.566784 0.942544
vt 0.568573 0.929330
vt 0.544819 0.914284
vt 0.692804 0.193372
vt 0.063839 0.771330
vt 0.199868 0.081274
vt 0.238340 0.070422
vt 0.234896 0.080951
vt 0.232322 0.620181
vt 0.340596 0.909052
vt 0.563486 0.327992
vt 0.539822 0.313057
vt 0.305170 0.878407
vt 0.576166 0.956887
vt 0.752848 0.199260
vt 0.717055 0.185196
vt 0.061964 0.786218
vt 0.042825 0.794292
vt 0.045443 0.805959
vt 0.030959 0.806310
vt 0.216333 0.058722
vt 0.266554 0.580770
vt 0.302045 0.851962
vt 0.765294 0.182271
vt 0.703371 0.176854
vt 0.074624 0.776650
vt 0.067160 0.794572
vt 0.068252 0.805749
vt 0.217344 0.612914
vt 0.224161 0.614663
vt 0.274753 0.588571
vt 0.313268 0.898929
vt 0.307630 0.890309
vt 0.306048 0.834894
vt 0.288200 0.842261
vt 0.597413 0.941743
vt 0.558112 0.970779
vt 0.744604 0.181382
vt 0.102755 0.770942
vt 0.240159 0.601037
vt 0.287754 0.875764
vt 0.279689 0.864914
vt 0.588066 0.968437
vt 0.572633 0.979298
vt 0.101811 0.786036
vt 0.271314 0.070507
vt 0.268727 0.081154
vt 0.253406 0.589007
vt 0.281355 0.569619
vt 0.296555 0.569860
vt 0.265789 0.851552
vt 0.611772 0.955628
vt 0.609216 0.929135
vt 0.567334 0.914393
vt 0.614678 0.917415
vt 0.559374 0.990019
vt 0.241252 0.057110
vt 0.279997 0.885549
vt 0.260393 0.865583
vt 0.243834 0.582265
vt 0.300271 0.553065
vt 0.312488 0.548140
vt 0.287185 0.897284
vt 0.633251 0.967793
vt 0.603817 0.978541
vt 0.595775 0.989335
vt 0.768116 0.166933
vt 0.751538 0.161920
vt 0.727188 0.166151
vt 0.293894 0.550967
vt 0.585788 0.341262
vt 0.620025 0.361855
vt 0.570446 0.343487
vt 0.263746 0.835260
vt 0.260267 0.877249
vt 0.200021 0.347797
vt 0.230864 0.337929
vt 0.187845 0.359807
vt 0.122753 0.806343
vt 0.122642 0.815344
vt 0.236721 0.581097
vt 0.260926 0.568550
vt 0.270207 0.563981
vt 0.281698 0.552814
vt 0.259002 0.889569
vt 0.238513 0.879470
vt 0.235434 0.852694
vt 0.649480 0.941291
vt 0.641988 0.955588
vt 0.644168 0.928131
vt 0.730922 0.152573
vt 0.298864 0.906221
vt 0.259817 0.898846
vt 0.241610 0.835760
vt 0.224431 0.843057
vt 0.797303 0.151301
vt 0.797930 0.164148
vt 0.303401 0.070520
vt 0.303537 0.079289
vt 0.261279 0.558884
vt 0.305397 0.534115
vt 0.325556 0.518651
vt 0.256654 0.905708
vt 0.222937 0.865412
vt 0.136787 0.775535
vt 0.148867 0.784954
vt 0.288442 0.539696
vt 0.237030 0.891757
vt 0.646507 0.972052
vt 0.644416 0.980589
vt 0.751444 0.147786
vt 0.334163 0.069842
vt 0.258738 0.551586
vt 0.210497 0.876067
vt 0.680611 0.927745
vt 0.661319 0.913665
vt 0.670093 0.954925
vt 0.642661 0.988209
vt 0.827921 0.136392
vt 0.774087 0.149049
vt 0.151241 0.796603
vt 0.112319 0.796456
vt 0.289383 0.528132
vt 0.306974 0.521015
vt 0.326343 0.505236
vt 0.228151 0.898006
vt 0.211387 0.886377
vt 0.194331 0.852686
vt 0.191080 0.865601
vt 0.701477 0.940823
vt 0.695233 0.917115
vt 0.677332 0.966271
vt 0.839441 0.142534
vt 0.156845 0.767769
vt 0.343065 0.492664
vt 0.225435 0.906853
vt 0.201135 0.835340
vt 0.811976 0.140937
vt 0.194793 0.897612
vt 0.179292 0.889700
vt 0.696963 0.954587
vt 0.683019 0.977223
vt 0.796802 0.136206
vt 0.785344 0.133171
vt 0.354299 0.070890
vt 0.339196 0.079585
vt 0.323349 0.496930
vt 0.166993 0.845199
vt 0.166764 0.878615
vt 0.706067 0.926841
vt 0.702644 0.965485
vt 0.692963 0.910836
vt 0.782418 0.124721
vt 0.171574 0.785001
vt 0.382724 0.081274
vt 0.169793 0.836760
vt 0.151497 0.853480
vt 0.670750 0.988763
vt 0.173086 0.798010
vt 0.315709 0.493409
vt 0.349382 0.476656
vt 0.176514 0.904015
vt 0.151918 0.864860
vt 0.724537 0.953734
vt 0.737201 0.939306
vt 0.863876 0.129514
vt 0.845917 0.125590
vt 0.832156 0.119283
vt 0.824414 0.113642
vt 0.344090 0.057244
vt 0.384771 0.061189
vt 0.287455 0.518894
vt 0.373889 0.456646
vt 0.146363 0.889696
vt 0.740822 0.917050
vt 0.724968 0.909571
vt 0.720713 0.975729
vt 0.710234 0.985533
vt 0.194170 0.772397
vt 0.199253 0.784751
vt 0.380356 0.071141
vt 0.418311 0.072591
vt 0.303957 0.485514
vt 0.305461 0.494663
vt 0.339729 0.474162
vt 0.148776 0.897900
vt 0.144070 0.879420
vt 0.729370 0.964796
vt 0.750157 0.925712
vt 0.168192 0.399289
vt 0.193061 0.397759
vt 0.150235 0.417850
vt 0.242926 0.395683
vt 0.251490 0.406909
vt 0.213166 0.425005
vt 0.218240 0.408780
vt 0.363327 0.456059
vt 0.144246 0.837941
vt 0.095891 0.866096
vt 0.114190 0.853670
vt 0.749512 0.953123
vt 0.899385 0.115509
vt 0.885257 0.114394
vt 0.884173 0.107621
vt 0.855537 0.107538
vt 0.228915 0.770073
vt 0.214076 0.794555
vt 0.145209 0.904154
vt 0.123716 0.888241
vt 0.119542 0.843567
vt 0.104946 0.877704
vt 0.787223 0.937311
vt 0.745555 0.968452
vt 0.229614 0.783884
vt 0.331553 0.461909
vt 0.338888 0.464634
vt 0.675171 0.421191
vt 0.666980 0.424647
vt 0.655252 0.410695
vt 0.387085 0.428972
vt 0.392580 0.432988
vt 0.117958 0.835470
vt 0.772317 0.952696
vt 0.775219 0.923407
vt 0.771162 0.967040
vt 0.754688 0.909163
vt 0.766118 0.974470
vt 0.323295 0.462651
vt 0.367032 0.440690
vt 0.119949 0.904073
vt 0.104751 0.898011
vt 0.104755 0.888190
vt 0.778172 0.908270
vt 0.746480 0.983669
vt 0.931744 0.102832
vt 0.909153 0.101734
vt 0.238872 0.433292
vt 0.209394 0.435392
vt 0.232861 0.423018
vt 0.408330 0.414834
vt 0.090012 0.845798
vt 0.083454 0.880956
vt 0.085298 0.855083
vt 0.792399 0.950448
vt 0.795149 0.966872
vt 0.880127 0.101692
vt 0.267345 0.768542
vt 0.353561 0.440978
vt 0.089133 0.835971
vt 0.088565 0.896207
vt 0.080157 0.866452
vt 0.804242 0.936077
vt 0.792968 0.923831
vt 0.794002 0.909417
vt 0.062321 0.415871
vt 0.070169 0.425045
vt 0.038818 0.424770
vt 0.944549 0.087966
vt 0.891706 0.088176
vt 0.883837 0.083922
vt 0.405891 0.409819
vt 0.118434 0.910673
vt 0.097830 0.908112
vt 0.735434 0.429451
vt 0.758112 0.439265
vt 0.734989 0.437610
vt 0.076140 0.843210
vt 0.065903 0.883223
vt 0.065696 0.855369
vt 0.802746 0.950203
vt 0.803480 0.923649
vt 0.805978 0.910271
vt 0.795480 0.980140
vt 0.975380 0.087316
vt 0.916634 0.091799
vt 0.097911 0.430843
vt 0.121943 0.431806
vt 0.097113 0.441223
vt 0.425846 0.063816
vt 0.430090 0.054179
vt 0.461170 0.065111
vt 0.352438 0.430989
vt 0.369877 0.424019
vt 0.393447 0.407705
vt 0.076342 0.895769
vt 0.065400 0.866863
vt 0.814125 0.922843
vt 0.812519 0.949524
vt 0.806173 0.965190
vt 0.024498 0.441449
vt 0.022723 0.429885
vt 0.847033 0.093045
vt 0.276235 0.782258
vt 0.249429 0.798621
vt 0.490738 0.071092
vt 0.448808 0.074287
vt 0.346170 0.427840
vt 0.408900 0.396858
vt 0.419762 0.397421
vt 0.076249 0.909819
vt 0.767877 0.453500
vt 0.758031 0.449947
vt 0.071900 0.827471
vt 0.063974 0.839961
vt 0.053288 0.869484
vt 0.057717 0.856094
vt 0.816177 0.966233
vt 0.965136 0.083283
vt 0.059813 0.448161
vt 0.294329 0.770300
vt 0.424161 0.382343
vt 0.735856 0.444709
vt 0.758672 0.458980
vt 0.062517 0.899875
vt 0.053287 0.884174
vt 0.053811 0.839217
vt 0.820541 0.936846
vt 0.824821 0.953474
vt 0.011333 0.435784
vt 0.013564 0.451044
vt 0.931236 0.080398
vt 0.899655 0.068199
vt 0.464647 0.053862
vt 0.493551 0.061224
vt 0.385383 0.401995
vt 0.431153 0.380837
vt 0.825040 0.922882
vt 0.820071 0.908971
vt 0.811083 0.978753
vt 0.982803 0.075474
vt 0.951577 0.076841
vt 0.368456 0.401326
vt 0.371329 0.406049
vt 0.406934 0.387896
vt 0.049192 0.900190
vt 0.048163 0.856545
vt 0.808001 0.987153
vt 0.973379 0.068882
vt 0.929584 0.069723
vt 0.309694 0.788664
vt 0.273564 0.796833
vt 0.421852 0.371512
vt 0.056760 0.912072
vt 0.775070 0.463253
vt 0.783609 0.457678
vt 0.781397 0.471311
vt 0.039855 0.871155
vt 0.041817 0.839756
vt 0.281690 0.684886
vt 0.282459 0.672562
vt 0.268968 0.672716
vt 0.823302 0.980764
vt 0.950649 0.065763
vt 0.934134 0.063675
vt 0.327005 0.764779
vt 0.330525 0.778454
vt 0.395344 0.384849
vt 0.427448 0.361067
vt 0.437585 0.363610
vt 0.774621 0.473359
vt 0.767705 0.465272
vt 0.789727 0.466755
vt 0.042259 0.885969
vt 0.294994 0.674635
vt 0.983884 0.061330
vt 0.969731 0.057928
vt 0.405869 0.378096
vt 0.827156 0.990019
vt 0.994314 0.060327
vt 0.390998 0.378853
vt 0.414378 0.366238
vt 0.323269 0.675121
vt 0.321816 0.660288
vt 0.308415 0.673870
vt 0.309170 0.660481
vt 0.296565 0.660307
vt 0.283806 0.659534
vt 0.072826 0.180832
vt 0.082107 0.164452
vt 0.072587 0.164820
vt 0.977864 0.059117
vt 0.929925 0.050186
vt 0.386897 0.373410
vt 0.399932 0.368831
vt 0.420994 0.362556
vt 0.780161 0.481340
vt 0.436037 0.353846
vt 0.444801 0.348105
vt 0.447065 0.359071
vt 0.268714 0.658082
vt 0.255636 0.656334
vt 0.257362 0.669304
vt 0.051272 0.469506
vt 0.052672 0.480176
vt 0.037402 0.475127
vt 0.362944 0.766177
vt 0.349046 0.791784
vt 0.533742 0.064588
vt 0.560135 0.070115
vt 0.526360 0.072834
vt 0.951654 0.053691
vt 0.564833 0.061782
vt 0.410658 0.360500
vt 0.430764 0.344430
vt 0.999597 0.048378
vt 0.986242 0.049079
vt 0.978108 0.045517
vt 0.948784 0.044116
vt 0.542773 0.053284
vt 0.395807 0.363883
vt 0.417314 0.351909
vt 0.424688 0.350984
vt 0.772973 0.490518
vt 0.772513 0.481747
vt 0.440393 0.339593
vt 0.262634 0.645008
vt 0.321676 0.647085
vt 0.308615 0.648782
vt 0.274577 0.647511
vt 0.296427 0.649422
vt 0.284987 0.646612
vt 0.969032 0.046303
vt 0.336390 0.799364
vt 0.360571 0.794595
vt 0.354918 0.805847
vt 0.409026 0.348637
vt 0.991444 0.040429
vt 0.968520 0.039309
vt 0.379481 0.770814
vt 0.370491 0.778648
vt 0.421688 0.340602
vt 0.434506 0.333519
vt 0.310535 0.637900
vt 0.276431 0.636114
vt 0.297161 0.639191
vt 0.996835 0.036433
vt 0.376820 0.806212
vt 0.361935 0.816233
vt 0.380563 0.790820
vt 0.322328 0.634790
vt 0.262761 0.632762
vt 0.980396 0.035279
vt 0.033335 0.489753
vt 0.035215 0.504050
vt 0.023839 0.496977
vt 0.962778 0.029011
vt 0.573273 0.073564
vt 0.592862 0.070305
vt 0.593915 0.079006
vt 0.404070 0.777559
vt 0.413186 0.340175
vt 0.425447 0.328422
vt 0.310180 0.625107
vt 0.296274 0.628061
vt 0.283822 0.627366
vt 0.986991 0.025369
vt 0.970410 0.025949
vt 0.386571 0.819072
vt 0.403564 0.812815
vt 0.410690 0.822814
vt 0.603275 0.076307
vt 0.418361 0.329596
vt 0.323269 0.619375
vt 0.272147 0.622784
vt 0.261331 0.619474
vt 0.997555 0.024820
vt 0.978784 0.023289
vt 0.035844 0.515445
vt 0.023555 0.515942
vt 0.385300 0.793766
vt 0.578122 0.054114
vt 0.597221 0.051497
vt 0.596156 0.060997
vt 0.604798 0.067104
vt 0.297335 0.617625
vt 0.284794 0.616961
vt 0.414179 0.813057
vt 0.411225 0.763037
vt 0.412871 0.776370
vt 0.402659 0.763963
vt 0.614160 0.069797
vt 0.615194 0.054748
vt 0.622314 0.071507
vt 0.622844 0.054891
vt 0.310172 0.609358
vt 0.422284 0.778984
vt 0.414262 0.788702
vt 0.405424 0.791151
vt 0.414435 0.800061
vt 0.297452 0.605989
vt 0.283024 0.606329
vt 0.623591 0.041075
vt 0.615332 0.041183
vt 0.614973 0.027590
vt 0.622987 0.025845
vt 0.086539 0.344582
vt 0.071246 0.322870
vt 0.069012 0.022556
vt 0.068296 0.006251
vt 0.076360 0.018826
vt 0.061368 0.313388
vt 0.061309 0.011414
vt 0.074729 0.313145
vt 0.061758 0.022746
vt 0.503439 0.568113
vt 0.995839 0.529896
vt 0.040255 0.315570
vt 0.082980 0.032764
vt 0.087049 0.017703
vt 0.072911 0.301758
vt 0.076033 0.033679
vt 0.832861 0.036889
vt 0.824949 0.037383
vt 0.088438 0.301275
vt 0.061929 0.301079
vt 0.057928 0.031963
vt 0.067649 0.033362
vt 0.099649 0.039846
vt 0.085809 0.289595
vt 0.075073 0.043921
vt 0.800206 0.751321
vt 0.786865 0.030301
vt 0.767624 0.040980
vt 0.824691 0.048758
vt 0.099436 0.290010
vt 0.064715 0.289509
vt 0.050411 0.289904
vt 0.037440 0.290291
vt 0.057866 0.042590
vt 0.068095 0.043447
vt 0.083826 0.045249
vt 0.799579 0.052857
vt 0.805831 0.055306
vt 0.098140 0.051948
vt 0.119475 0.047743
vt 0.112356 0.051576
vt 0.774078 0.051177
vt 0.090673 0.058112
vt 0.771679 0.062669
vt 0.087807 0.277816
vt 0.072983 0.278470
vt 0.062084 0.278347
vt 0.051313 0.278650
vt 0.098983 0.272727
vt 0.999597 0.500561
vt 0.037928 0.279226
vt 0.067527 0.053441
vt 0.057648 0.051781
vt 0.075299 0.054122
vt 0.737344 0.056822
vt 0.824731 0.062036
vt 0.843688 0.058440
vt 0.114606 0.061381
vt 0.141460 0.067780
vt 0.155542 0.068116
vt 0.756251 0.751499
vt 0.723857 0.074645
vt 0.777686 0.070201
vt 0.806353 0.068105
vt 0.074383 0.266665
vt 0.060729 0.264734
vt 0.049615 0.267474
vt 0.111927 0.070152
vt 0.088097 0.266063
vt 0.063476 0.064792
vt 0.074780 0.064249
vt 0.137047 0.072368
vt 0.832900 0.071876
vt 0.360874 0.980908
vt 0.363952 0.999525
vt 0.348551 0.994902
vt 0.102398 0.072962
vt 0.703691 0.069058
vt 0.737247 0.080176
vt 0.797900 0.077822
vt 0.821954 0.076201
vt 0.353421 0.935308
vt 0.362334 0.917871
vt 0.361319 0.933267
vt 0.361962 0.967133
vt 0.352084 0.979823
vt 0.169743 0.081921
vt 0.724404 0.753248
vt 0.777190 0.080478
vt 0.364332 0.950273
vt 0.355631 0.953866
vt 0.346612 0.916825
vt 0.100946 0.080496
vt 0.155949 0.091129
vt 0.182540 0.081245
vt 0.670236 0.084766
vt 0.748418 0.090727
vt 0.342061 0.953819
vt 0.342920 0.963880
vt 0.340273 0.936895
vt 0.342191 0.978560
vt 0.331642 0.979208
vt 0.333686 0.992908
vt 0.072252 0.074305
vt 0.173547 0.090366
vt 0.697730 0.095749
vt 0.795119 0.089158
vt 0.922469 0.815365
vt 0.132197 0.089186
vt 0.196726 0.097592
vt 0.691744 0.753587
vt 0.650177 0.566436
vt 0.669639 0.099569
vt 0.709843 0.097829
vt 0.768994 0.095367
vt 0.936004 0.866688
vt 0.310363 0.982321
vt 0.209628 0.096836
vt 0.783757 0.099993
vt 0.820356 0.089870
vt 0.924715 0.840150
vt 0.912601 0.880411
vt 0.326294 0.952679
vt 0.326503 0.964904
vt 0.283538 0.985765
vt 0.107324 0.100962
vt 0.114751 0.093275
vt 0.141971 0.099944
vt 0.650475 0.093044
vt 0.709374 0.108491
vt 0.919453 0.854057
vt 0.297539 0.966902
vt 0.157283 0.101306
vt 0.678570 0.110802
vt 0.738784 0.109413
vt 0.880755 0.823063
vt 0.299955 0.952915
vt 0.196621 0.113580
vt 0.219350 0.112491
vt 0.631815 0.100630
vt 0.620419 0.123667
vt 0.649219 0.119631
vt 0.134977 0.114326
vt 0.153006 0.113929
vt 0.182463 0.112282
vt 0.736384 0.122095
vt 0.880931 0.852986
vt 0.262110 0.978922
vt 0.246783 0.122489
vt 0.645821 0.751968
vt 0.607928 0.113499
vt 0.710200 0.123076
vt 0.832844 0.822177
vt 0.833576 0.833898
vt 0.261588 0.955293
vt 0.255752 0.969583
vt 0.176210 0.118946
vt 0.627205 0.764205
vt 0.659951 0.131372
vt 0.248264 0.988754
vt 0.237661 0.125079
vt 0.617369 0.134878
vt 0.865333 0.851909
vt 0.149440 0.124349
vt 0.200517 0.131622
vt 0.223820 0.131980
vt 0.588306 0.126567
vt 0.686556 0.136139
vt 0.228641 0.987480
vt 0.169783 0.135512
vt 0.620590 0.139514
vt 0.663489 0.140846
vt 0.700748 0.139207
vt 0.796775 0.821313
vt 0.841190 0.851151
vt 0.224287 0.958399
vt 0.223698 0.972166
vt 0.202805 0.142199
vt 0.239070 0.141462
vt 0.273400 0.148403
vt 0.575614 0.146747
vt 0.627215 0.149723
vt 0.184450 0.143319
vt 0.261719 0.153934
vt 0.293314 0.153273
vt 0.564480 0.136249
vt 0.818127 0.847228
vt 0.203078 0.989609
vt 0.651437 0.156099
vt 0.669760 0.155243
vt 0.794859 0.863291
vt 0.805960 0.851119
vt 0.186306 0.974475
vt 0.226661 0.148738
vt 0.542917 0.145633
vt 0.545582 0.160463
vt 0.636276 0.156983
vt 0.765118 0.821502
vt 0.207421 0.157544
vt 0.783632 0.848675
vt 0.184974 0.991402
vt 0.157590 0.976757
vt 0.156437 0.992807
vt 0.246258 0.169758
vt 0.257954 0.167164
vt 0.519062 0.158395
vt 0.629827 0.176149
vt 0.237938 0.177221
vt 0.521762 0.172329
vt 0.541727 0.176634
vt 0.609450 0.174991
vt 0.724248 0.821519
vt 0.730583 0.834519
vt 0.766143 0.860546
vt 0.141971 0.951136
vt 0.302756 0.182337
vt 0.310028 0.177350
vt 0.321509 0.176097
vt 0.555245 0.750407
vt 0.583801 0.182084
vt 0.121284 0.984816
vt 0.127333 0.977921
vt 0.129129 0.940067
vt 0.119872 0.994746
vt 0.489682 0.185655
vt 0.733074 0.867132
vt 0.742481 0.849396
vt 0.590750 0.197953
vt 0.740522 0.860754
vt 0.110952 0.955044
vt 0.278442 0.190021
vt 0.293275 0.188559
vt 0.507800 0.194634
vt 0.562136 0.196190
vt 0.583678 0.194144
vt 0.701747 0.833468
vt 0.270941 0.198199
vt 0.353422 0.205859
vt 0.362908 0.202954
vt 0.683888 0.822631
vt 0.099202 0.966397
vt 0.333403 0.199793
vt 0.465478 0.206469
vt 0.685447 0.835133
vt 0.090798 0.979433
vt 0.272459 0.202509
vt 0.305557 0.210240
vt 0.462487 0.194171
vt 0.539110 0.209599
vt 0.564634 0.210817
vt 0.079585 0.994620
vt 0.685953 0.869287
vt 0.330216 0.208999
vt 0.657676 0.821143
vt 0.674546 0.839467
vt 0.066206 0.968672
vt 0.443818 0.202555
vt 0.541509 0.217154
vt 0.667622 0.845447
vt 0.070355 0.981511
vt 0.310245 0.226293
vt 0.370882 0.217694
vt 0.478958 0.745746
vt 0.636263 0.815504
vt 0.069108 0.958686
vt 0.060404 0.947274
vt 0.387139 0.225136
vt 0.408230 0.214063
vt 0.434234 0.230622
vt 0.502675 0.226128
vt 0.524381 0.225249
vt 0.327241 0.227318
vt 0.356793 0.226384
vt 0.619266 0.814691
vt 0.043985 0.971251
vt 0.041328 0.999525
vt 0.045318 0.976223
vt 0.038798 0.983569
vt 0.494073 0.239263
vt 0.610048 0.822010
vt 0.629154 0.843919
vt 0.631759 0.834014
vt 0.037686 0.975906
vt 0.376558 0.239303
vt 0.589489 0.812262
vt 0.410459 0.237355
vt 0.478069 0.238825
vt 0.606688 0.831286
vt 0.607554 0.841744
vt 0.037411 0.972024
vt 0.029173 0.978686
vt 0.334306 0.247501
vt 0.029102 0.986350
vt 0.580106 0.817230
vt 0.026498 0.973776
vt 0.324421 0.248769
vt 0.025851 0.986801
vt 0.357385 0.247589
vt 0.408812 0.247698
vt 0.441920 0.248719
vt 0.466397 0.252806
vt 0.598671 0.840152
vt 0.386337 0.265132
vt 0.487086 0.249474
vt 0.020841 0.994427
vt 0.329078 0.254027
vt 0.432014 0.259517
vt 0.592791 0.839631
vt 0.409318 0.265486
vt 0.568035 0.818365
vt 0.586206 0.855982
vt 0.014337 0.990341
vt 0.014830 0.996586
vt 0.332824 0.262156
vt 0.340331 0.262994
vt 0.361877 0.264420
vt 0.433945 0.268368
vt 0.577396 0.841715
vt 0.326715 0.273579
vt 0.359623 0.277619
vt 0.385019 0.287877
vt 0.451888 0.284270
vt 0.404657 0.281646
vt 0.433269 0.280216
vt 0.440432 0.294535
vt 0.356192 0.300897
vt 0.394602 0.293651
vt 0.415907 0.294511
vt 0.456897 0.294968
vt 0.970612 0.425482
vt 0.966727 0.417776
vt 0.962891 0.424084
vt 0.341648 0.307681
vt 0.479849 0.309563
vt 0.968954 0.436248
vt 0.960622 0.430822
vt 0.502074 0.932279
vt 0.351527 0.311497
vt 0.393161 0.305869
vt 0.412675 0.305239
vt 0.433318 0.303542
vt 0.467087 0.313888
vt 0.519966 0.300233
vt 0.970612 0.445886
vt 0.298229 0.314942
vt 0.430038 0.309434
vt 0.311399 0.318932
vt 0.364940 0.315714
vt 0.459489 0.327785
vt 0.502746 0.325184
vt 0.313645 0.329873
vt 0.385497 0.321767
vt 0.366806 0.326534
vt 0.400985 0.321262
vt 0.411063 0.319980
vt 0.430643 0.321264
vt 0.467088 0.323420
vt 0.028885 0.828978
vt 0.018921 0.829306
vt 0.019242 0.818391
vt 0.269567 0.315472
vt 0.266676 0.333321
vt 0.282843 0.335675
vt 0.345551 0.328000
vt 0.352282 0.336785
vt 0.044059 0.818581
vt 0.043665 0.832224
vt 0.030491 0.818748
vt 0.020035 0.805868
vt 0.183856 0.040778
vt 0.201786 0.048154
vt 0.202789 0.025270
vt 0.184255 0.027802
vt 0.182849 0.016598
vt 0.202357 0.011486
vt 0.060382 0.825565
vt 0.202837 0.040339
vt 0.234847 0.013887
vt 0.488566 0.337189
vt 0.505611 0.339863
vt 0.525983 0.342549
vt 0.247691 0.327478
vt 0.303883 0.348867
vt 0.371352 0.335205
vt 0.062572 0.816580
vt 0.236745 0.027498
vt 0.231827 0.002125
vt 0.546745 0.345419
vt 0.563302 0.346614
vt 0.318497 0.349609
vt 0.354238 0.349731
vt 0.486927 0.344050
vt 0.250861 0.353126
vt 0.283723 0.349450
vt 0.264395 0.002123
vt 0.240294 0.347318
vt 0.080552 0.822372
vt 0.240954 0.042192
vt 0.265568 0.012755
vt 0.536033 0.357217
vt 0.551120 0.356467
vt 0.335535 0.361000
vt 0.267525 0.028073
vt 0.593884 0.363781
vt 0.322337 0.366564
vt 0.271639 0.057680
vt 0.306597 0.011466
vt 0.521720 0.364890
vt 0.529090 0.362060
vt 0.580435 0.365152
vt 0.296005 0.364767
vt 0.272651 0.042597
vt 0.275048 0.019490
vt 0.306329 0.001917
vt 0.569091 0.367857
vt 0.619445 0.372090
vt 0.204225 0.365246
vt 0.249564 0.369140
vt 0.100873 0.824321
vt 0.552004 0.367067
vt 0.222450 0.366781
vt 0.264861 0.373832
vt 0.293722 0.027814
vt 0.296209 0.376282
vt 0.114150 0.827736
vt 0.313225 0.057850
vt 0.574602 0.380325
vt 0.632600 0.387337
vt 0.628818 0.911920
vt 0.264634 0.383482
vt 0.304985 0.042520
vt 0.312030 0.026554
vt 0.552722 0.382919
vt 0.567973 0.384623
vt 0.596343 0.384259
vt 0.615536 0.386517
vt 0.637654 0.372643
vt 0.183234 0.384629
vt 0.226282 0.379961
vt 0.274355 0.390319
vt 0.297544 0.385893
vt 0.142504 0.825344
vt 0.330083 0.013797
vt 0.344195 0.001426
vt 0.659816 0.396798
vt 0.161708 0.385202
vt 0.155089 0.373384
vt 0.194999 0.386582
vt 0.669431 0.392814
vt 0.240921 0.386873
vt 0.357713 0.013640
vt 0.594552 0.392193
vt 0.164150 0.807140
vt 0.346165 0.043059
vt 0.350336 0.028303
vt 0.580404 0.399551
vt 0.638577 0.400108
vt 0.124374 0.390415
vt 0.215748 0.398980
vt 0.270745 0.404274
vt 0.273132 0.417012
vt 0.174408 0.811410
vt 0.599492 0.404024
vt 0.616273 0.404283
vt 0.633828 0.406339
vt 0.667539 0.408428
vt 0.378572 0.001910
vt 0.122395 0.403674
vt 0.140708 0.404052
vt 0.699838 0.421330
vt 0.092317 0.404344
vt 0.383827 0.029303
vt 0.385660 0.015494
vt 0.611508 0.418897
vt 0.694304 0.406861
vt 0.137794 0.413308
vt 0.193982 0.414121
vt 0.180537 0.413307
vt 0.813464 0.110023
vt 0.387335 0.054315
vt 0.417768 0.003360
vt 0.648595 0.421714
vt 0.690075 0.424133
vt 0.091755 0.425124
vt 0.209043 0.801824
vt 0.391573 0.042242
vt 0.629814 0.419596
vt 0.714947 0.417241
vt 0.195523 0.423120
vt 0.426763 0.015667
vt 0.209317 0.811947
vt 0.689886 0.434500
vt 0.715800 0.438675
vt 0.155787 0.430984
vt 0.423703 0.029158
vt 0.647194 0.437385
vt 0.677543 0.435717
vt 0.167003 0.436120
vt 0.461392 0.001749
vt 0.474656 0.011939
vt 0.662555 0.438250
vt 0.179185 0.447041
vt 0.204496 0.451703
vt 0.244879 0.810580
vt 0.430373 0.041774
vt 0.703064 0.444926
vt 0.043129 0.442017
vt 0.146599 0.460185
vt 0.688585 0.446066
vt 0.118472 0.448707
vt 0.265716 0.824469
vt 0.235847 0.822869
vt 0.466867 0.028998
vt 0.478798 0.017520
vt 0.727463 0.452406
vt 0.743092 0.456125
vt 0.025727 0.455272
vt 0.138306 0.449897
vt 0.474055 0.041400
vt 0.489420 0.002625
vt 0.669438 0.450503
vt 0.000403 0.447372
vt 0.089729 0.452089
vt 0.278264 0.808996
vt 0.701115 0.457801
vt 0.726126 0.459913
vt 0.778255 0.450085
vt 0.828125 0.934859
vt 0.059887 0.456891
vt 0.697353 0.463797
vt 0.759842 0.469911
vt 0.828012 0.969831
vt 0.003664 0.462738
vt 0.015267 0.461201
vt 0.041252 0.461365
vt 0.105795 0.464980
vt 0.118970 0.470662
vt 0.302094 0.808778
vt 0.298106 0.825256
vt 0.304419 0.797542
vt 0.505915 0.053265
vt 0.749835 0.466310
vt 0.092995 0.181255
vt 0.091000 0.161891
vt 0.079999 0.152619
vt 0.092509 0.149301
vt 0.080047 0.139075
vt 0.092995 0.133953
vt 0.025580 0.466860
vt 0.069607 0.461918
vt 0.072770 0.470351
vt 0.495564 0.028583
vt 0.517780 0.017926
vt 0.524167 0.010528
vt 0.694814 0.471951
vt 0.722094 0.468880
vt 0.739991 0.471328
vt 0.767585 0.473521
vt 0.081882 0.183652
vt 0.834541 0.959309
vt 0.082101 0.124808
vt 0.016372 0.475433
vt 0.503141 0.041354
vt 0.006710 0.476497
vt 0.073734 0.479558
vt 0.336610 0.817655
vt 0.725760 0.480339
vt 0.750755 0.475903
vt 0.071922 0.152358
vt 0.083257 0.197194
vt 0.071899 0.194355
vt 0.072212 0.212452
vt 0.080825 0.209409
vt 0.071213 0.136356
vt 0.071101 0.119297
vt 0.024682 0.481931
vt 0.077950 0.490618
vt 0.325341 0.825837
vt 0.519779 0.029872
vt 0.739040 0.484763
vt 0.760279 0.480980
vt 0.766572 0.482134
vt 0.366810 0.823366
vt 0.546720 0.013979
vt 0.724912 0.488534
vt 0.750695 0.488623
vt 0.063716 0.182260
vt 0.540408 0.028772
vt 0.561841 0.009630
vt 0.062756 0.165155
vt 0.061803 0.202444
vt 0.062987 0.152635
vt 0.062229 0.139630
vt 0.061882 0.127662
vt 0.001185 0.488474
vt 0.014242 0.487820
vt 0.055056 0.490378
vt 0.550366 0.040270
vt 0.759666 0.489089
vt 0.783396 0.491026
vt 0.735584 0.498835
vt 0.766123 0.490208
vt 0.053959 0.138407
vt 0.006925 0.500943
vt 0.060247 0.504855
vt 0.382749 0.759981
vt 0.563313 0.028003
vt 0.563611 0.053310
vt 0.567936 0.017969
vt 0.753292 0.501589
vt 0.054106 0.178937
vt 0.053745 0.165281
vt 0.053828 0.190644
vt 0.053514 0.151885
vt 0.049979 0.199672
vt 0.049824 0.126629
vt 0.015046 0.496394
vt 0.577233 0.012420
vt 0.760031 0.496586
vt 0.779680 0.499132
vt 0.015873 0.508602
vt 0.570271 0.040058
vt 0.580097 0.026349
vt 0.766509 0.502661
vt 0.773347 0.505921
vt 0.044417 0.177485
vt 0.041787 0.190180
vt 0.044662 0.151097
vt 0.040772 0.137807
vt 0.388174 0.806002
vt 0.759381 0.507384
vt 0.044317 0.164899
vt 0.597582 0.041224
vt 0.034680 0.180190
vt 0.004685 0.516635
vt 0.437531 0.822755
vt 0.428950 0.832224
vt 0.428604 0.819212
vt 0.406152 0.802913
vt 0.599933 0.017809
vt 0.595154 0.001603
vt 0.034092 0.166073
vt 0.034642 0.151999
vt 0.421854 0.825479
vt 0.598996 0.029984
vt 0.603946 0.004110
vt 0.766726 0.515540
vt 0.774681 0.516635
vt 0.272161 0.612645
vt 0.032457 0.199501
vt 0.025319 0.180843
vt 0.438364 0.808063
vt 0.420430 0.763186
vt 0.607078 0.053544
vt 0.606764 0.018016
vt 0.614140 0.011476
vt 0.429856 0.779751
vt 0.439211 0.791972
vt 0.430178 0.802882
vt 0.024557 0.153745
vt 0.429085 0.760827
vt 0.422427 0.808213
vt 0.607532 0.029139
vt 0.623512 0.013245
vt 0.423073 0.798070
vt 0.608284 0.040446
s 1
f 328/1/1 312/2/2 335/3/3
f 328/1/1 335/3/3 334/4/4
f 312/2/2 344/5/5 335/3/3
f 1764/6/6 1760/7/7 1775/8/8
f 1742/9/9 1723/10/10 1760/7/7
f 1764/6/6 1742/9/9 1760/7/7
f 1723/10/10 1722/11/11 1760/7/7
f 1742/9/9 1737/12/12 1723/10/10
f 1743/13/13 1737/12/12 1742/9/9
f 1723/10/10 1721/14/14 1722/11/11
f 1737/12/12 1721/14/14 1723/10/10
f 325/15/15 328/1/1 334/4/4
f 325/15/15 334/4/4 336/16/16
f 309/17/17 328/1/1 325/15/15
f 336/16/16 334/4/4 351/18/18
f 294/19/19 312/2/2 309/17/17
f 309/17/17 312/2/2 328/1/1
f 334/4/4 335/3/3 356/20/20
f 334/4/4 356/20/20 351/18/18
f 294/19/19 333/21/21 312/2/2
f 312/2/2 333/21/21 344/5/5
f 344/5/5 362/22/22 335/3/3
f 335/3/3 362/22/22 356/20/20
f 1807/23/23 1780/24/24 1808/25/25
f 1780/24/24 1781/26/26 1808/25/25
f 1808/25/25 1781/26/26 1809/27/27
f 228/28/28 226/29/29 227/30/30
f 228/28/28 162/31/31 226/29/29
f 1606/32/32 1609/33/33 1600/34/34
f 1609/33/33 1610/35/35 1600/34/34
f 1760/7/7 1722/11/11 1766/36/36
f 226/29/29 215/37/37 217/38/38
f 226/29/29 217/38/38 227/30/30
f 215/37/37 214/39/39 217/38/38
f 215/37/37 212/40/40 214/39/39
f 1721/14/14 1719/41/41 1722/11/11
f 1743/13/13 1747/42/42 1734/43/43
f 1743/13/13 1734/43/43 1737/12/12
f 1721/14/14 1718/44/44 1719/41/41
f 1737/12/12 1734/43/43 1721/14/14
f 1721/14/14 1734/43/43 1718/44/44
f 278/45/45 309/17/17 302/46/46
f 302/46/46 309/17/17 325/15/15
f 336/16/16 351/18/18 352/47/47
f 278/45/45 294/19/19 309/17/17
f 356/20/20 362/22/22 375/48/48
f 1779/49/49 1780/24/24 1807/23/23
f 1809/27/27 1781/26/26 1810/50/50
f 1781/26/26 1798/51/51 1810/50/50
f 1606/32/32 1582/52/52 1607/53/53
f 1600/34/34 1610/35/35 1601/54/54
f 1722/11/11 1739/55/55 1766/36/36
f 1722/11/11 1719/41/41 1739/55/55
f 1719/41/41 1720/56/56 1739/55/55
f 212/40/40 213/57/57 214/39/39
f 212/40/40 210/58/58 213/57/57
f 318/59/59 325/15/15 336/16/16
f 352/47/47 351/18/18 367/60/60
f 278/45/45 271/61/61 294/19/19
f 1460/62/62 1384/63/63 1319/64/64
f 1460/62/62 1473/65/65 1384/63/63
f 1473/65/65 1437/66/66 1384/63/63
f 271/61/61 293/67/67 294/19/19
f 293/67/67 333/21/21 294/19/19
f 1806/68/68 1779/49/49 1807/23/23
f 1798/51/51 1800/69/69 1810/50/50
f 1779/49/49 1778/70/70 1780/24/24
f 1780/24/24 1778/70/70 1781/26/26
f 226/29/29 144/71/71 215/37/37
f 215/37/37 144/71/71 139/72/72
f 215/37/37 139/72/72 212/40/40
f 212/40/40 211/73/73 210/58/58
f 1718/44/44 1717/74/74 1719/41/41
f 1719/41/41 1717/74/74 1720/56/56
f 1747/42/42 1733/75/75 1734/43/43
f 1734/43/43 1733/75/75 1716/76/76
f 1734/43/43 1716/76/76 1718/44/44
f 302/46/46 325/15/15 318/59/59
f 318/59/59 336/16/16 345/77/77
f 336/16/16 352/47/47 345/77/77
f 277/78/78 278/45/45 302/46/46
f 278/45/45 269/79/79 271/61/61
f 1437/66/66 1323/80/80 1384/63/63
f 1437/66/66 1422/81/81 1323/80/80
f 1806/68/68 1791/82/82 1779/49/49
f 1608/83/83 1607/53/53 1582/52/52
f 162/31/31 144/71/71 226/29/29
f 139/72/72 220/84/84 212/40/40
f 220/84/84 211/73/73 212/40/40
f 299/85/85 302/46/46 318/59/59
f 299/85/85 291/86/86 302/46/46
f 1463/87/87 1319/64/64 1395/88/88
f 277/78/78 269/79/79 278/45/45
f 271/61/61 270/89/89 287/90/90
f 287/90/90 293/67/67 271/61/61
f 732/91/91 758/92/92 764/93/93
f 1779/49/49 1791/82/82 1776/94/94
f 1798/51/51 1782/95/95 1800/69/69
f 1776/94/94 1778/70/70 1779/49/49
f 1776/94/94 1777/96/96 1778/70/70
f 1777/96/96 1782/95/95 1781/26/26
f 1781/26/26 1782/95/95 1798/51/51
f 1778/70/70 1777/96/96 1781/26/26
f 1582/52/52 1586/97/97 1608/83/83
f 162/31/31 153/98/98 144/71/71
f 144/71/71 123/99/99 139/72/72
f 1720/56/56 1717/74/74 1715/100/100
f 1716/76/76 1717/74/74 1718/44/44
f 1747/42/42 1748/101/101 1733/75/75
f 327/102/102 318/59/59 345/77/77
f 1417/103/103 1463/87/87 1395/88/88
f 269/79/79 268/104/104 270/89/89
f 269/79/79 270/89/89 271/61/61
f 144/71/71 153/98/98 123/99/99
f 220/84/84 222/105/105 211/73/73
f 1720/56/56 1715/100/100 1771/106/106
f 210/58/58 186/107/107 213/57/57
f 327/102/102 345/77/77 348/108/108
f 267/109/109 277/78/78 291/86/86
f 698/110/110 697/111/111 732/91/91
f 1323/80/80 1273/112/112 1318/113/113
f 697/111/111 739/114/114 732/91/91
f 1422/81/81 1378/115/115 1323/80/80
f 732/91/91 739/114/114 758/92/92
f 1791/82/82 1790/116/116 1776/94/94
f 1777/96/96 1785/117/117 1782/95/95
f 123/99/99 122/118/118 139/72/72
f 139/72/72 122/118/118 220/84/84
f 211/73/73 222/105/105 197/119/119
f 211/73/73 197/119/119 210/58/58
f 210/58/58 197/119/119 186/107/107
f 1717/74/74 1714/120/120 1715/100/100
f 1748/101/101 1732/121/121 1733/75/75
f 1748/101/101 1749/122/122 1732/121/121
f 1733/75/75 1732/121/121 1716/76/76
f 296/123/123 318/59/59 327/102/102
f 296/123/123 299/85/85 318/59/59
f 1417/103/103 1395/88/88 1330/124/124
f 266/125/125 268/104/104 269/79/79
f 1805/126/126 1790/116/116 1791/82/82
f 1782/95/95 1799/127/127 1800/69/69
f 1782/95/95 1786/128/128 1799/127/127
f 1790/116/116 1783/129/129 1776/94/94
f 1776/94/94 1783/129/129 1777/96/96
f 1777/96/96 1783/129/129 1784/130/130
f 1785/117/117 1786/128/128 1782/95/95
f 1784/130/130 1785/117/117 1777/96/96
f 1592/131/131 1603/132/132 1591/133/133
f 122/118/118 121/134/134 220/84/84
f 222/105/105 218/135/135 197/119/119
f 197/119/119 185/136/136 186/107/107
f 296/123/123 327/102/102 326/137/137
f 296/123/123 291/86/86 299/85/85
f 348/108/108 345/77/77 370/138/138
f 267/109/109 266/125/125 277/78/78
f 277/78/78 266/125/125 269/79/79
f 1395/88/88 1302/139/139 1330/124/124
f 268/104/104 275/140/140 270/89/89
f 270/89/89 275/140/140 276/141/141
f 698/110/110 678/142/142 697/111/111
f 1378/115/115 1273/112/112 1323/80/80
f 220/84/84 121/134/134 222/105/105
f 218/135/135 185/136/136 197/119/119
f 1715/100/100 1714/120/120 1713/143/143
f 185/136/136 184/144/144 186/107/107
f 1716/76/76 1712/145/145 1714/120/120
f 1732/121/121 1712/145/145 1716/76/76
f 327/102/102 348/108/108 326/137/137
f 280/146/146 291/86/86 296/123/123
f 348/108/108 370/138/138 371/147/147
f 697/111/111 684/148/148 739/114/114
f 1790/116/116 1789/149/149 1783/129/129
f 1783/129/129 1789/149/149 1784/130/130
f 1784/130/130 1787/150/150 1785/117/117
f 153/98/98 173/151/151 136/152/152
f 153/98/98 136/152/152 123/99/99
f 123/99/99 136/152/152 106/153/153
f 123/99/99 106/153/153 122/118/118
f 122/118/118 106/153/153 121/134/134
f 121/134/134 218/135/135 222/105/105
f 280/146/146 267/109/109 291/86/86
f 267/109/109 280/146/146 264/154/154
f 676/155/155 677/156/156 678/142/142
f 678/142/142 684/148/148 697/111/111
f 1279/157/157 1269/158/158 1273/112/112
f 1378/115/115 1279/157/157 1273/112/112
f 684/148/148 759/159/159 739/114/114
f 1805/126/126 1795/160/160 1790/116/116
f 1448/161/161 1279/157/157 1378/115/115
f 1790/116/116 1795/160/160 1789/149/149
f 1786/128/128 1796/162/162 1799/127/127
f 1785/117/117 1788/163/163 1786/128/128
f 1786/128/128 1788/163/163 1796/162/162
f 1789/149/149 1787/150/150 1784/130/130
f 1787/150/150 1788/163/163 1785/117/117
f 106/153/153 105/164/164 121/134/134
f 218/135/135 219/165/165 185/136/136
f 185/136/136 182/166/166 184/144/144
f 1732/121/121 1731/167/167 1712/145/145
f 1749/122/122 1731/167/167 1732/121/121
f 314/168/168 326/137/137 329/169/169
f 329/169/169 326/137/137 349/170/170
f 297/171/171 296/123/123 314/168/168
f 314/168/168 296/123/123 326/137/137
f 296/123/123 281/172/172 280/146/146
f 678/142/142 677/156/156 684/148/148
f 105/164/164 125/173/173 121/134/134
f 121/134/134 125/173/173 218/135/135
f 182/166/166 183/174/174 184/144/144
f 1749/122/122 1746/175/175 1731/167/167
f 281/172/172 296/123/123 297/171/171
f 349/170/170 371/147/147 372/176/176
f 264/154/154 266/125/125 267/109/109
f 265/177/177 275/140/140 268/104/104
f 266/125/125 265/177/177 268/104/104
f 1795/160/160 1794/178/178 1789/149/149
f 173/151/151 155/179/179 136/152/152
f 136/152/152 155/179/179 107/180/180
f 136/152/152 107/180/180 106/153/153
f 218/135/135 137/181/181 219/165/165
f 185/136/136 187/182/182 182/166/166
f 281/172/172 262/183/183 280/146/146
f 280/146/146 262/183/183 264/154/154
f 266/125/125 264/154/154 265/177/177
f 677/156/156 679/184/184 703/185/185
f 677/156/156 703/185/185 684/148/148
f 1279/157/157 1272/186/186 1269/158/158
f 703/185/185 760/187/187 759/159/159
f 1796/162/162 1797/188/188 1804/189/189
f 1448/161/161 1403/190/190 1279/157/157
f 1795/160/160 1803/191/191 1794/178/178
f 1789/149/149 1794/178/178 1787/150/150
f 1787/150/150 1794/178/178 1793/192/192
f 1788/163/163 1792/193/193 1797/188/188
f 1788/163/163 1797/188/188 1796/162/162
f 1787/150/150 1793/192/192 1792/193/193
f 1787/150/150 1792/193/193 1788/163/163
f 106/153/153 107/180/180 79/194/194
f 106/153/153 79/194/194 105/164/164
f 105/164/164 81/195/195 125/173/173
f 125/173/173 137/181/181 218/135/135
f 185/136/136 219/165/165 187/182/182
f 1731/167/167 1709/196/196 1712/145/145
f 1746/175/175 1736/197/197 1731/167/167
f 264/154/154 263/198/198 265/177/177
f 680/199/199 672/200/200 676/155/155
f 672/200/200 675/201/201 676/155/155
f 676/155/155 675/201/201 677/156/156
f 677/156/156 675/201/201 679/184/184
f 107/180/180 155/179/179 150/202/202
f 150/202/202 140/203/203 107/180/180
f 107/180/180 140/203/203 79/194/194
f 105/164/164 79/194/194 81/195/195
f 125/173/173 116/204/204 137/181/181
f 187/182/182 181/205/205 182/166/166
f 1711/206/206 1709/196/196 1710/207/207
f 182/166/166 180/208/208 183/174/174
f 1746/175/175 1751/209/209 1736/197/197
f 1736/197/197 1709/196/196 1731/167/167
f 314/168/168 329/169/169 330/210/210
f 329/169/169 349/170/170 350/211/211
f 350/211/211 349/170/170 365/212/212
f 349/170/170 372/176/176 365/212/212
f 262/183/183 263/198/198 264/154/154
f 671/213/213 672/200/200 680/199/199
f 1891/214/214 1878/215/215 1896/216/216
f 1794/178/178 1802/217/217 1793/192/192
f 81/195/195 116/204/204 125/173/173
f 116/204/204 117/218/218 137/181/181
f 137/181/181 117/218/218 219/165/165
f 181/205/205 180/208/208 182/166/166
f 1709/196/196 1708/219/219 1710/207/207
f 330/210/210 329/169/169 350/211/211
f 298/220/220 297/171/171 314/168/168
f 283/221/221 297/171/171 298/220/220
f 281/172/172 261/222/222 262/183/183
f 672/200/200 673/223/223 675/201/201
f 675/201/201 673/223/223 679/184/184
f 679/184/184 737/224/224 703/185/185
f 1892/225/225 1858/226/226 1891/214/214
f 1961/227/227 1949/228/228 1962/229/229
f 1943/230/230 1949/228/228 1961/227/227
f 1802/217/217 1801/231/231 1793/192/192
f 1964/232/232 1943/230/230 1963/233/233
f 1793/192/192 1801/231/231 1792/193/193
f 79/194/194 80/234/234 81/195/195
f 81/195/195 82/235/235 116/204/204
f 219/165/165 117/218/218 187/182/182
f 1736/197/197 1707/236/236 1709/196/196
f 283/221/221 261/222/222 281/172/172
f 262/183/183 258/237/237 263/198/198
f 671/213/213 667/238/238 672/200/200
f 1879/239/239 1858/226/226 1892/225/225
f 1858/226/226 1878/215/215 1891/214/214
f 1895/240/240 1940/241/241 1964/232/232
f 1964/232/232 1940/241/241 1943/230/230
f 79/194/194 140/203/203 80/234/234
f 80/234/234 82/235/235 81/195/195
f 117/218/218 119/242/242 187/182/182
f 1751/209/209 1752/243/243 1736/197/197
f 314/168/168 330/210/210 320/244/244
f 298/220/220 314/168/168 307/245/245
f 330/210/210 350/211/211 346/246/246
f 346/246/246 350/211/211 365/212/212
f 261/222/222 258/237/237 262/183/183
f 668/247/247 667/238/238 671/213/213
f 667/238/238 673/223/223 672/200/200
f 679/184/184 731/248/248 737/224/224
f 1949/228/228 1939/249/249 1959/250/250
f 1858/226/226 1859/251/251 1878/215/215
f 150/202/202 164/252/252 140/203/203
f 140/203/203 149/253/253 80/234/234
f 116/204/204 82/235/235 117/218/218
f 187/182/182 119/242/242 181/205/205
f 181/205/205 179/254/254 180/208/208
f 178/255/255 196/256/256 180/208/208
f 180/208/208 179/254/254 178/255/255
f 307/245/245 314/168/168 320/244/244
f 284/257/257 283/221/221 298/220/220
f 259/258/258 261/222/222 283/221/221
f 673/223/223 710/259/259 679/184/184
f 679/184/184 710/259/259 731/248/248
f 1885/260/260 1856/261/261 1879/239/239
f 1879/239/239 1856/261/261 1858/226/226
f 1883/262/262 1859/251/251 1895/240/240
f 1940/241/241 1923/263/263 1943/230/230
f 181/205/205 119/242/242 179/254/254
f 178/255/255 189/264/264 196/256/256
f 1752/243/243 1753/265/265 1736/197/197
f 1753/265/265 1735/266/266 1736/197/197
f 1736/197/197 1735/266/266 1707/236/236
f 320/244/244 330/210/210 331/267/267
f 331/267/267 330/210/210 346/246/246
f 284/257/257 298/220/220 307/245/245
f 346/246/246 365/212/212 364/268/268
f 260/269/269 259/258/258 283/221/221
f 260/269/269 283/221/221 284/257/257
f 667/238/238 674/270/270 673/223/223
f 674/270/270 710/259/259 673/223/223
f 170/271/271 163/272/272 140/203/203
f 140/203/203 163/272/272 149/253/253
f 149/253/253 87/273/273 80/234/234
f 80/234/234 87/273/273 83/274/274
f 80/234/234 83/274/274 82/235/235
f 82/235/235 84/275/275 117/218/218
f 117/218/218 85/276/276 119/242/242
f 120/277/277 179/254/254 119/242/242
f 177/278/278 178/255/255 179/254/254
f 1735/266/266 1705/279/279 1707/236/236
f 307/245/245 288/280/280 284/257/257
f 259/258/258 258/237/237 261/222/222
f 668/247/247 665/281/281 667/238/238
f 710/259/259 728/282/282 731/248/248
f 1856/261/261 1857/283/283 1858/226/226
f 1940/241/241 1907/284/284 1923/263/263
f 83/274/274 84/275/275 82/235/235
f 117/218/218 84/275/275 85/276/276
f 179/254/254 120/277/277 177/278/278
f 1707/236/236 1705/279/279 1706/285/285
f 303/286/286 307/245/245 320/244/244
f 288/280/280 307/245/245 303/286/286
f 288/280/280 260/269/269 284/257/257
f 260/269/269 257/287/287 259/258/258
f 259/258/258 257/287/287 258/237/237
f 674/270/270 722/288/288 728/282/282
f 674/270/270 728/282/282 710/259/259
f 1885/260/260 1875/289/289 1856/261/261
f 394/290/290 393/291/291 421/292/292
f 421/292/292 393/291/291 425/293/293
f 83/274/274 87/273/273 86/294/294
f 83/274/274 86/294/294 84/275/275
f 119/242/242 85/276/276 120/277/277
f 177/278/278 188/295/295 178/255/255
f 317/296/296 320/244/244 331/267/267
f 257/287/287 256/297/297 258/237/237
f 667/238/238 666/298/298 674/270/270
f 1875/289/289 1854/299/299 1856/261/261
f 1920/300/300 1935/301/301 1941/302/302
f 149/253/253 156/303/303 87/273/273
f 87/273/273 88/304/304 86/294/294
f 188/295/295 189/264/264 178/255/255
f 188/295/295 190/305/305 189/264/264
f 1753/265/265 1754/306/306 1735/266/266
f 1735/266/266 1730/307/307 1705/279/279
f 303/286/286 232/308/308 288/280/280
f 665/281/281 666/298/298 667/238/238
f 666/298/298 722/288/288 674/270/270
f 1875/289/289 1877/309/309 1854/299/299
f 149/253/253 169/310/310 156/303/303
f 87/273/273 156/303/303 88/304/304
f 1705/279/279 1704/311/311 1706/285/285
f 1704/311/311 1705/279/279 1702/312/312
f 1754/306/306 1730/307/307 1735/266/266
f 1730/307/307 1702/312/312 1705/279/279
f 304/313/313 303/286/286 317/296/296
f 288/280/280 254/314/314 260/269/269
f 260/269/269 254/314/314 257/287/287
f 669/315/315 663/316/316 668/247/247
f 663/316/316 665/281/281 668/247/247
f 665/281/281 664/317/317 666/298/298
f 666/298/298 733/318/318 722/288/288
f 1857/283/283 1872/319/319 1873/320/320
f 85/276/276 118/321/321 120/277/277
f 120/277/277 221/322/322 177/278/278
f 177/278/278 221/322/322 188/295/295
f 317/296/296 331/267/267 332/323/323
f 331/267/267 347/324/324 332/323/323
f 232/308/308 303/286/286 304/313/313
f 254/314/314 256/297/297 257/287/287
f 1882/325/325 1852/326/326 1877/309/309
f 169/310/310 168/327/327 156/303/303
f 90/328/328 118/321/321 85/276/276
f 1754/306/306 1755/329/329 1730/307/307
f 347/324/324 358/330/330 357/331/331
f 232/308/308 254/314/314 288/280/280
f 232/308/308 274/332/332 254/314/314
f 665/281/281 663/316/316 664/317/317
f 666/298/298 725/333/333 733/318/318
f 1927/334/334 1921/335/335 1934/336/336
f 1852/326/326 1853/337/337 1854/299/299
f 1853/337/337 1871/338/338 1863/339/339
f 424/340/340 390/341/341 422/342/342
f 156/303/303 89/343/343 88/304/304
f 88/304/304 89/343/343 86/294/294
f 89/343/343 90/328/328 86/294/294
f 86/294/294 90/328/328 85/276/276
f 120/277/277 118/321/321 221/322/322
f 221/322/322 191/344/344 188/295/295
f 191/344/344 190/305/305 188/295/295
f 190/305/305 191/344/344 192/345/345
f 317/296/296 332/323/323 316/346/346
f 304/313/313 230/347/347 232/308/308
f 230/347/347 229/348/348 232/308/308
f 233/349/349 254/314/314 274/332/332
f 254/314/314 255/350/350 256/297/297
f 664/317/317 725/333/333 666/298/298
f 1881/351/351 1851/352/352 1882/325/325
f 168/327/327 166/353/353 89/343/343
f 156/303/303 168/327/327 89/343/343
f 90/328/328 101/354/354 118/321/321
f 316/346/346 305/355/355 317/296/296
f 332/323/323 347/324/324 337/356/356
f 305/355/355 304/313/313 317/296/296
f 305/355/355 230/347/347 304/313/313
f 669/315/315 670/357/357 660/358/358
f 669/315/315 660/358/358 663/316/316
f 664/317/317 726/359/359 725/333/333
f 1881/351/351 1880/360/360 1849/361/361
f 1850/362/362 1867/363/363 1853/337/337
f 118/321/321 124/364/364 221/322/322
f 191/344/344 193/365/365 192/345/345
f 337/356/356 316/346/346 332/323/323
f 663/316/316 662/366/366 664/317/317
f 166/353/353 165/367/367 89/343/343
f 89/343/343 91/368/368 90/328/328
f 118/321/321 101/354/354 124/364/364
f 191/344/344 221/322/322 193/365/365
f 1755/329/329 1729/369/369 1730/307/307
f 1730/307/307 1729/369/369 1702/312/312
f 310/370/370 305/355/355 316/346/346
f 305/355/355 306/371/371 231/372/372
f 230/347/347 305/355/355 231/372/372
f 229/348/348 230/347/347 231/372/372
f 229/348/348 234/373/373 233/349/349
f 253/374/374 255/350/350 254/314/314
f 233/349/349 253/374/374 254/314/314
f 663/316/316 660/358/358 662/366/366
f 1850/362/362 1866/375/375 1867/363/363
f 89/343/343 165/367/367 148/376/376
f 89/343/343 148/376/376 91/368/368
f 90/328/328 91/368/368 92/377/377
f 90/328/328 92/377/377 101/354/354
f 193/365/365 194/378/378 192/345/345
f 1755/329/329 1756/379/379 1729/369/369
f 1729/369/369 1700/380/380 1702/312/312
f 323/381/381 316/346/346 338/382/382
f 316/346/346 337/356/356 338/382/382
f 306/371/371 305/355/355 310/370/370
f 337/356/356 368/383/383 361/384/384
f 234/373/373 253/374/374 233/349/349
f 657/385/385 660/358/358 670/357/357
f 660/358/358 661/386/386 662/366/366
f 662/366/366 727/387/387 726/359/359
f 662/366/366 726/359/359 664/317/317
f 1847/388/388 1848/389/389 1849/361/361
f 221/322/322 124/364/364 193/365/365
f 193/365/365 124/364/364 194/378/378
f 194/378/378 195/390/390 192/345/345
f 1756/379/379 1745/391/391 1729/369/369
f 323/381/381 310/370/370 316/346/346
f 231/372/372 234/373/373 229/348/348
f 101/354/354 92/377/377 94/392/392
f 101/354/354 94/392/392 124/364/364
f 661/386/386 727/387/387 662/366/366
f 1884/393/393 1846/394/394 1880/360/360
f 381/395/395 418/396/396 423/397/397
f 91/368/368 93/398/398 92/377/377
f 195/390/390 194/378/378 198/399/399
f 1700/380/380 1699/400/400 1701/401/401
f 1729/369/369 1726/402/402 1700/380/380
f 311/403/403 323/381/381 324/404/404
f 324/404/404 323/381/381 340/405/405
f 236/406/406 310/370/370 311/403/403
f 311/403/403 310/370/370 323/381/381
f 323/381/381 338/382/382 340/405/405
f 340/405/405 338/382/382 353/407/407
f 236/406/406 306/371/371 310/370/370
f 338/382/382 361/384/384 353/407/407
f 231/372/372 235/408/408 234/373/373
f 657/385/385 656/409/409 660/358/358
f 1884/393/393 1844/410/410 1846/394/394
f 91/368/368 148/376/376 93/398/398
f 124/364/364 115/411/411 223/412/412
f 223/412/412 194/378/378 124/364/364
f 199/413/413 198/399/399 194/378/378
f 1726/402/402 1698/414/414 1700/380/380
f 236/406/406 231/372/372 306/371/371
f 236/406/406 235/408/408 231/372/372
f 234/373/373 248/415/415 253/374/374
f 660/358/358 659/416/416 661/386/386
f 165/367/367 167/417/417 148/376/376
f 92/377/377 93/398/398 94/392/392
f 94/392/392 115/411/411 124/364/364
f 1745/391/391 1744/418/418 1729/369/369
f 1744/418/418 1726/402/402 1729/369/369
f 311/403/403 237/419/419 236/406/406
f 235/408/408 248/415/415 234/373/373
f 659/416/416 727/387/387 661/386/386
f 148/376/376 147/420/420 93/398/398
f 94/392/392 95/421/421 115/411/411
f 95/421/421 97/422/422 115/411/411
f 194/378/378 223/412/412 199/413/413
f 199/413/413 200/423/423 198/399/399
f 324/404/404 340/405/405 339/424/424
f 340/405/405 354/425/425 339/424/424
f 308/426/426 311/403/403 324/404/404
f 308/426/426 237/419/419 311/403/403
f 237/419/419 238/427/427 235/408/408
f 237/419/419 235/408/408 236/406/406
f 655/428/428 656/409/409 657/385/385
f 656/409/409 659/416/416 660/358/358
f 659/416/416 734/429/429 727/387/387
f 1887/430/430 1844/410/410 1884/393/393
f 1844/410/410 1842/431/431 1846/394/394
f 1932/432/432 1931/433/433 1930/434/434
f 1842/431/431 1843/435/435 1845/436/436
f 148/376/376 172/437/437 147/420/420
f 94/392/392 93/398/398 95/421/421
f 223/412/412 200/423/423 199/413/413
f 200/423/423 203/438/438 198/399/399
f 655/428/428 654/439/439 656/409/409
f 1887/430/430 1841/440/440 1844/410/410
f 376/441/441 377/442/442 378/443/443
f 1699/400/400 1697/444/444 1740/445/445
f 1726/402/402 1724/446/446 1698/414/414
f 322/447/447 324/404/404 339/424/424
f 308/426/426 324/404/404 322/447/447
f 239/448/448 237/419/419 308/426/426
f 238/427/427 248/415/415 235/408/408
f 1198/449/449 1197/450/450 1130/451/451
f 93/398/398 96/452/452 95/421/421
f 200/423/423 202/453/453 203/438/438
f 1744/418/418 1724/446/446 1726/402/402
f 301/454/454 308/426/426 322/447/447
f 239/448/448 238/427/427 237/419/419
f 683/455/455 652/456/456 655/428/428
f 1119/457/457 1130/451/451 1126/458/458
f 656/409/409 658/459/459 659/416/416
f 658/459/459 734/429/429 659/416/416
f 147/420/420 146/460/460 96/452/452
f 93/398/398 147/420/420 96/452/452
f 115/411/411 113/461/461 223/412/412
f 223/412/412 225/462/462 200/423/423
f 1699/400/400 1698/414/414 1697/444/444
f 321/463/463 322/447/447 339/424/424
f 239/448/448 308/426/426 301/454/454
f 355/464/464 354/425/425 373/465/465
f 239/448/448 240/466/466 238/427/427
f 655/428/428 652/456/456 654/439/439
f 654/439/439 658/459/459 656/409/409
f 1887/430/430 1839/467/467 1841/440/440
f 172/437/437 171/468/468 147/420/420
f 115/411/411 97/422/422 113/461/461
f 201/469/469 202/453/453 200/423/423
f 1698/414/414 1696/470/470 1697/444/444
f 1759/471/471 1725/472/472 1744/418/418
f 1744/418/418 1725/472/472 1724/446/446
f 1724/446/446 1696/470/470 1698/414/414
f 300/473/473 322/447/447 321/463/463
f 300/473/473 301/454/454 322/447/447
f 339/424/424 360/474/474 341/475/475
f 339/424/424 355/464/464 360/474/474
f 355/464/464 373/465/465 360/474/474
f 239/448/448 241/476/476 240/466/466
f 240/466/466 247/477/477 238/427/427
f 1893/478/478 1886/479/479 1887/430/430
f 1887/430/430 1886/479/479 1839/467/467
f 1841/440/440 1836/480/480 1842/431/431
f 96/452/452 97/422/422 95/421/421
f 113/461/461 225/462/462 223/412/412
f 321/463/463 339/424/424 341/475/475
f 300/473/473 241/476/476 301/454/454
f 683/455/455 682/481/481 652/456/456
f 1839/467/467 1836/480/480 1841/440/440
f 146/460/460 145/482/482 96/452/452
f 225/462/462 134/483/483 200/423/423
f 1697/444/444 1695/484/484 1773/485/485
f 201/469/469 204/486/486 202/453/453
f 1759/471/471 1758/487/487 1725/472/472
f 1724/446/446 1725/472/472 1696/470/470
f 300/473/473 321/463/463 315/488/488
f 315/488/488 321/463/463 341/475/475
f 241/476/476 242/489/489 240/466/466
f 652/456/456 653/490/490 654/439/439
f 654/439/439 653/490/490 658/459/459
f 146/460/460 161/491/491 145/482/482
f 97/422/422 98/492/492 113/461/461
f 113/461/461 134/483/483 225/462/462
f 200/423/423 134/483/483 201/469/469
f 243/493/493 241/476/476 300/473/473
f 360/474/474 373/465/465 374/494/494
f 243/493/493 242/489/489 241/476/476
f 242/489/489 247/477/477 240/466/466
f 1890/495/495 1886/479/479 1893/478/478
f 97/422/422 96/452/452 98/492/492
f 98/492/492 114/496/496 113/461/461
f 113/461/461 114/496/496 134/483/483
f 201/469/469 205/497/497 204/486/486
f 1696/470/470 1693/498/498 1695/484/484
f 1725/472/472 1693/498/498 1696/470/470
f 315/488/488 341/475/475 342/499/499
f 292/500/500 300/473/473 315/488/488
f 292/500/500 243/493/493 300/473/473
f 242/489/489 249/501/501 247/477/477
f 1890/495/495 1840/502/502 1886/479/479
f 1886/479/479 1840/502/502 1839/467/467
f 204/486/486 205/497/497 206/503/503
f 1693/498/498 1690/504/504 1695/484/484
f 1758/487/487 1757/505/505 1725/472/472
f 1757/505/505 1727/506/506 1725/472/472
f 1725/472/472 1727/506/506 1693/498/498
f 292/500/500 244/507/507 243/493/493
f 243/493/493 244/507/507 242/489/489
f 681/508/508 649/509/509 682/481/481
f 682/481/481 649/509/509 652/456/456
f 1119/457/457 1118/510/510 1117/511/511
f 652/456/456 651/512/512 653/490/490
f 1890/495/495 1860/513/513 1840/502/502
f 1840/502/502 1834/514/514 1839/467/467
f 1834/514/514 1836/480/480 1839/467/467
f 1868/515/515 1904/516/516 1903/517/517
f 420/518/518 384/519/519 426/520/520
f 96/452/452 145/482/482 138/521/521
f 96/452/452 138/521/521 99/522/522
f 96/452/452 99/522/522 98/492/492
f 134/483/483 126/523/523 201/469/469
f 205/497/497 207/524/524 206/503/503
f 319/525/525 295/526/526 315/488/488
f 292/500/500 315/488/488 295/526/526
f 315/488/488 342/499/499 343/527/527
f 319/525/525 315/488/488 343/527/527
f 342/499/499 363/528/528 343/527/527
f 114/496/496 126/523/523 134/483/483
f 201/469/469 126/523/523 205/497/497
f 1727/506/506 1728/529/529 1691/530/530
f 1727/506/506 1691/530/530 1693/498/498
f 1693/498/498 1691/530/530 1690/504/504
f 1757/505/505 1750/531/531 1727/506/506
f 1727/506/506 1750/531/531 1728/529/529
f 1750/531/531 1738/532/532 1728/529/529
f 1728/529/529 1738/532/532 1694/533/533
f 1728/529/529 1694/533/533 1691/530/530
f 295/526/526 319/525/525 313/534/534
f 1763/535/535 1762/536/536 1738/532/532
f 1738/532/532 1762/536/536 1694/533/533
f 343/527/527 363/528/528 366/537/537
f 649/509/509 651/512/512 652/456/456
f 161/491/491 159/538/538 145/482/482
f 145/482/482 159/538/538 138/521/521
f 114/496/496 98/492/492 111/539/539
f 114/496/496 111/539/539 126/523/523
f 126/523/523 216/540/540 205/497/497
f 216/540/540 207/524/524 205/497/497
f 207/524/524 208/541/541 206/503/503
f 207/524/524 209/542/542 208/541/541
f 1690/504/504 1691/530/530 1692/543/543
f 1761/544/544 1738/532/532 1750/531/531
f 1691/530/530 1694/533/533 1692/543/543
f 290/545/545 295/526/526 313/534/534
f 1762/536/536 1765/546/546 1694/533/533
f 289/547/547 292/500/500 295/526/526
f 289/547/547 244/507/507 292/500/500
f 244/507/507 245/548/548 242/489/489
f 245/548/548 250/549/549 242/489/489
f 242/489/489 250/549/549 249/501/501
f 681/508/508 623/550/550 649/509/509
f 649/509/509 650/551/551 651/512/512
f 1889/552/552 1860/513/513 1890/495/495
f 1835/553/553 1870/554/554 1869/555/555
f 98/492/492 100/556/556 111/539/539
f 126/523/523 127/557/557 216/540/540
f 207/524/524 216/540/540 209/542/542
f 209/542/542 224/558/558 208/541/541
f 1694/533/533 1765/546/546 1692/543/543
f 290/545/545 289/547/547 295/526/526
f 244/507/507 289/547/547 246/559/559
f 244/507/507 246/559/559 245/548/548
f 1912/560/560 1936/561/561 1922/562/562
f 159/538/538 160/563/563 138/521/521
f 98/492/492 99/522/522 100/556/556
f 285/564/564 251/565/565 282/566/566
f 290/545/545 246/559/559 289/547/547
f 250/549/549 273/567/567 249/501/501
f 681/508/508 621/568/568 623/550/550
f 402/569/569 461/570/570 464/571/571
f 464/571/571 461/570/570 465/572/572
f 461/570/570 462/573/573 465/572/572
f 126/523/523 111/539/539 127/557/557
f 285/564/564 286/574/574 251/565/565
f 282/566/566 246/559/559 290/545/545
f 1400/575/575 1307/576/576 1306/577/577
f 246/559/559 250/549/549 245/548/548
f 1888/578/578 1829/579/579 1889/552/552
f 1889/552/552 1829/579/579 1860/513/513
f 1925/580/580 1832/581/581 1926/582/582
f 1925/580/580 1926/582/582 1913/583/583
f 414/584/584 460/585/585 461/570/570
f 461/570/570 460/585/585 462/573/573
f 465/572/572 462/573/573 467/586/586
f 100/556/556 104/587/587 111/539/539
f 282/566/566 251/565/565 246/559/559
f 649/509/509 648/588/588 650/551/551
f 1829/579/579 1831/589/589 1833/590/590
f 387/591/591 389/592/592 430/593/593
f 429/594/594 387/591/591 430/593/593
f 460/585/585 463/595/595 462/573/573
f 462/573/573 463/595/595 468/596/596
f 462/573/573 468/596/596 467/586/586
f 127/557/557 111/539/539 112/597/597
f 246/559/559 251/565/565 250/549/549
f 1116/598/598 1111/599/599 1114/600/600
f 621/568/568 619/601/601 623/550/550
f 623/550/550 648/588/588 649/509/509
f 1888/578/578 1827/602/602 1829/579/579
f 389/592/592 400/603/603 430/593/593
f 160/563/563 158/604/604 102/605/605
f 99/522/522 102/605/605 100/556/556
f 111/539/539 104/587/587 112/597/597
f 279/606/606 252/607/607 251/565/565
f 127/557/557 112/597/597 135/608/608
f 251/565/565 252/607/607 250/549/549
f 250/549/549 272/609/609 273/567/567
f 621/568/568 620/610/610 619/601/601
f 623/550/550 619/601/601 648/588/588
f 1894/611/611 1876/612/612 1888/578/578
f 1926/582/582 1862/613/613 1928/614/614
f 463/595/595 457/615/615 468/596/596
f 158/604/604 154/616/616 102/605/605
f 1876/612/612 1827/602/602 1888/578/578
f 1826/617/617 1830/618/618 1831/589/589
f 400/603/603 431/619/619 432/620/620
f 102/605/605 103/621/621 100/556/556
f 104/587/587 110/622/622 112/597/597
f 646/623/623 645/624/624 620/610/610
f 252/607/607 272/609/609 250/549/549
f 619/601/601 694/625/625 648/588/588
f 648/588/588 694/625/625 742/626/626
f 1826/617/617 1822/627/627 1828/628/628
f 102/605/605 154/616/616 103/621/621
f 100/556/556 103/621/621 104/587/587
f 1876/612/612 1825/629/629 1827/602/602
f 432/620/620 431/619/619 440/630/630
f 104/587/587 109/631/631 110/622/622
f 646/623/623 644/632/632 645/624/624
f 1944/633/633 1945/634/634 1919/635/635
f 1825/629/629 1826/617/617 1827/602/602
f 1828/628/628 1822/627/627 1928/614/614
f 434/636/636 469/637/637 431/619/619
f 431/619/619 470/638/638 440/630/630
f 143/639/639 108/640/640 103/621/621
f 103/621/621 108/640/640 104/587/587
f 104/587/587 108/640/640 109/631/631
f 647/641/641 644/632/632 646/623/623
f 620/610/610 617/642/642 619/601/601
f 616/643/643 729/644/644 694/625/625
f 619/601/601 616/643/643 694/625/625
f 1414/645/645 1413/646/646 1385/647/647
f 1825/629/629 1823/648/648 1822/627/627
f 1826/617/617 1825/629/629 1822/627/627
f 176/649/649 157/650/650 154/616/616
f 157/650/650 143/639/639 154/616/616
f 154/616/616 143/639/639 103/621/621
f 645/624/624 622/651/651 620/610/610
f 620/610/610 622/651/651 617/642/642
f 619/601/601 617/642/642 616/643/643
f 694/625/625 729/644/644 743/652/652
f 1367/653/653 1275/654/654 1295/655/655
f 743/652/652 761/656/656 742/626/626
f 1876/612/612 1897/657/657 1825/629/629
f 644/632/632 622/651/651 645/624/624
f 729/644/644 754/658/658 743/652/652
f 1825/629/629 1897/657/657 1823/648/648
f 541/659/659 520/660/660 521/661/661
f 541/659/659 521/661/661 542/662/662
f 542/662/662 521/661/661 530/663/663
f 157/650/650 142/664/664 143/639/639
f 143/639/639 142/664/664 108/640/640
f 617/642/642 615/665/665 616/643/643
f 957/666/666 940/667/667 935/668/668
f 942/669/669 930/670/670 943/671/671
f 525/672/672 520/660/660 543/673/673
f 579/674/674 583/675/675 588/676/676
f 108/640/640 20/677/677 109/631/631
f 20/677/677 21/678/678 22/679/679
f 644/632/632 643/680/680 622/651/651
f 643/680/680 639/681/681 622/651/651
f 622/651/651 639/681/681 618/682/682
f 622/651/651 618/682/682 617/642/642
f 1275/654/654 1158/683/683 1109/684/684
f 729/644/644 616/643/643 730/685/685
f 729/644/644 730/685/685 754/658/658
f 1367/653/653 1413/646/646 1410/686/686
f 935/668/668 930/670/670 942/669/669
f 994/687/687 998/688/688 943/671/671
f 930/670/670 977/689/689 943/671/671
f 142/664/664 128/690/690 108/640/640
f 617/642/642 618/682/682 615/665/665
f 1413/646/646 1411/691/691 1410/686/686
f 998/688/688 994/687/687 993/692/692
f 929/693/693 930/670/670 935/668/668
f 930/670/670 913/694/694 977/689/689
f 520/660/660 512/695/695 521/661/661
f 128/690/690 12/696/696 108/640/640
f 959/697/697 931/698/698 940/667/667
f 931/698/698 935/668/668 940/667/667
f 935/668/668 931/698/698 929/693/693
f 913/694/694 971/699/699 977/689/689
f 560/700/700 498/701/701 561/702/702
f 561/702/702 578/703/703 574/704/704
f 521/661/661 529/705/705 530/663/663
f 643/680/680 701/706/706 639/681/681
f 929/693/693 906/707/707 930/670/670
f 906/707/707 913/694/694 930/670/670
f 489/708/708 498/701/701 488/709/709
f 574/704/704 573/710/710 575/711/711
f 512/695/695 529/705/705 521/661/661
f 142/664/664 141/712/712 128/690/690
f 12/696/696 20/677/677 108/640/640
f 20/677/677 19/713/713 21/678/678
f 21/678/678 38/714/714 42/715/715
f 616/643/643 614/716/716 730/685/685
f 959/697/697 952/717/717 931/698/698
f 952/717/717 928/718/718 931/698/698
f 931/698/698 928/718/718 929/693/693
f 994/687/687 982/719/719 993/692/692
f 994/687/687 977/689/689 982/719/719
f 906/707/707 905/720/720 913/694/694
f 913/694/694 905/720/720 971/699/699
f 977/689/689 971/699/699 982/719/719
f 487/721/721 489/708/708 488/709/709
f 489/708/708 511/722/722 512/695/695
f 1451/723/723 1301/724/724 1360/725/725
f 573/710/710 590/726/726 575/711/711
f 1301/724/724 1299/727/727 1239/728/728
f 20/677/677 12/696/696 19/713/713
f 701/706/706 635/729/729 639/681/681
f 639/681/681 635/729/729 618/682/682
f 616/643/643 615/665/665 614/716/716
f 1321/730/730 1411/691/691 1393/731/731
f 993/692/692 982/719/719 992/732/732
f 928/718/718 906/707/707 929/693/693
f 487/721/721 488/709/709 486/733/733
f 486/733/733 488/709/709 559/734/734
f 559/734/734 488/709/709 564/735/735
f 571/736/736 573/710/710 574/704/704
f 571/736/736 572/737/737 573/710/710
f 572/737/737 591/738/738 573/710/710
f 573/710/710 591/738/738 590/726/726
f 511/722/722 529/705/705 512/695/695
f 19/713/713 37/739/739 21/678/678
f 21/678/678 37/739/739 38/714/714
f 38/714/714 53/740/740 42/715/715
f 701/706/706 713/741/741 635/729/729
f 618/682/682 635/729/729 615/665/665
f 952/717/717 951/742/742 928/718/718
f 928/718/718 925/743/743 906/707/707
f 971/699/699 969/744/744 982/719/719
f 906/707/707 904/745/745 905/720/720
f 971/699/699 905/720/720 969/744/744
f 486/733/733 559/734/734 558/746/746
f 593/747/747 591/738/738 572/737/737
f 1452/748/748 1360/725/725 1397/749/749
f 141/712/712 129/750/750 128/690/690
f 37/739/739 53/740/740 38/714/714
f 53/740/740 55/751/751 42/715/715
f 744/752/752 713/741/741 701/706/706
f 928/718/718 951/742/742 925/743/743
f 982/719/719 969/744/744 992/732/732
f 905/720/720 904/745/745 903/753/753
f 905/720/720 903/753/753 969/744/744
f 486/733/733 558/746/746 557/754/754
f 558/746/746 570/755/755 557/754/754
f 570/755/755 571/736/736 557/754/754
f 557/754/754 571/736/736 584/756/756
f 1811/757/757 1812/758/758 1813/759/759
f 570/755/755 593/747/747 572/737/737
f 570/755/755 572/737/737 571/736/736
f 527/760/760 529/705/705 511/722/722
f 129/750/750 12/696/696 128/690/690
f 37/739/739 56/761/761 53/740/740
f 615/665/665 612/762/762 614/716/716
f 1252/763/763 1124/764/764 1106/765/765
f 614/716/716 612/762/762 611/766/766
f 906/707/707 925/743/743 904/745/745
f 969/744/744 991/767/767 992/732/732
f 485/768/768 486/733/733 484/769/769
f 484/769/769 486/733/733 556/770/770
f 556/770/770 486/733/733 557/754/754
f 485/768/768 487/721/721 486/733/733
f 1812/758/758 1811/757/757 1819/771/771
f 1811/757/757 1816/772/772 1819/771/771
f 1556/773/773 1555/774/774 1528/775/775
f 1528/775/775 1537/776/776 1556/773/773
f 791/777/777 833/778/778 837/779/779
f 53/740/740 74/780/780 55/751/751
f 635/729/729 612/762/762 615/665/665
f 925/743/743 951/742/742 926/781/781
f 925/743/743 926/781/781 904/745/745
f 904/745/745 902/782/782 903/753/753
f 902/782/782 900/783/783 903/753/753
f 903/753/753 967/784/784 969/744/744
f 903/753/753 900/783/783 967/784/784
f 485/768/768 510/785/785 487/721/721
f 510/785/785 527/760/760 511/722/722
f 152/786/786 130/787/787 141/712/712
f 141/712/712 130/787/787 129/750/750
f 129/750/750 10/788/788 12/696/696
f 12/696/696 11/789/789 19/713/713
f 37/739/739 57/790/790 56/761/761
f 1555/774/774 1536/791/791 1528/775/775
f 713/741/741 744/752/752 705/792/792
f 713/741/741 705/792/792 635/729/729
f 705/792/792 638/793/793 635/729/729
f 612/762/762 609/794/794 611/766/766
f 951/742/742 954/795/795 926/781/781
f 926/781/781 921/796/796 904/745/745
f 510/785/785 528/797/797 527/760/760
f 11/789/789 37/739/739 19/713/713
f 791/777/777 787/798/798 833/778/778
f 744/752/752 745/799/799 705/792/792
f 635/729/729 638/793/793 612/762/762
f 609/794/794 610/800/800 611/766/766
f 1312/801/801 1392/802/802 1313/803/803
f 969/744/744 989/804/804 991/767/767
f 921/796/796 902/782/782 904/745/745
f 483/805/805 484/769/769 554/806/806
f 484/769/769 556/770/770 554/806/806
f 556/770/770 581/807/807 554/806/806
f 129/750/750 130/787/787 10/788/788
f 12/696/696 10/788/788 11/789/789
f 11/789/789 41/808/808 37/739/739
f 37/739/739 41/808/808 57/790/790
f 1555/774/774 1554/809/809 1536/791/791
f 846/810/810 831/811/811 845/812/812
f 638/793/793 629/813/813 612/762/762
f 612/762/762 629/813/813 609/794/794
f 926/781/781 950/814/814 921/796/796
f 1458/815/815 1392/802/802 1435/816/816
f 969/744/744 967/784/784 989/804/804
f 902/782/782 901/817/817 900/783/783
f 482/818/818 485/768/768 484/769/769
f 482/818/818 484/769/769 483/805/805
f 151/819/819 130/787/787 152/786/786
f 10/788/788 9/820/820 11/789/789
f 1554/809/809 1535/821/821 1536/791/791
f 1522/822/822 1487/823/823 1489/824/824
f 785/825/825 831/811/811 833/778/778
f 609/794/794 606/826/826 610/800/800
f 926/781/781 954/795/795 950/814/814
f 921/796/796 901/817/817 902/782/782
f 967/784/784 900/783/783 966/827/827
f 482/818/818 510/785/785 485/768/768
f 151/819/819 131/828/828 130/787/787
f 11/789/789 9/820/820 41/808/808
f 41/808/808 62/829/829 57/790/790
f 1550/830/830 1535/821/821 1554/809/809
f 1521/831/831 1482/832/832 1487/823/823
f 745/799/799 738/833/833 705/792/792
f 705/792/792 696/834/834 638/793/793
f 610/800/800 606/826/826 613/835/835
f 950/814/814 933/836/836 921/796/796
f 921/796/796 933/836/836 919/837/837
f 921/796/796 919/837/837 901/817/817
f 967/784/784 990/838/838 989/804/804
f 967/784/784 966/827/827 976/839/839
f 480/840/840 483/805/805 554/806/806
f 482/818/818 483/805/805 480/840/840
f 509/841/841 510/785/785 482/818/818
f 130/787/787 8/842/842 10/788/788
f 1548/843/843 1550/830/830 1554/809/809
f 638/793/793 696/834/834 629/813/813
f 629/813/813 630/844/844 609/794/794
f 901/817/817 898/845/845 900/783/783
f 898/845/845 899/846/846 900/783/783
f 900/783/783 899/846/846 966/827/827
f 482/818/818 508/847/847 509/841/841
f 518/848/848 528/797/797 510/785/785
f 131/828/828 8/842/842 130/787/787
f 10/788/788 8/842/842 9/820/820
f 1550/830/830 1534/849/849 1535/821/821
f 831/811/811 829/850/850 845/812/812
f 845/812/812 829/850/850 847/851/851
f 705/792/792 738/833/833 696/834/834
f 629/813/813 696/834/834 630/844/844
f 609/794/794 608/852/852 606/826/826
f 604/853/853 740/854/854 613/835/835
f 966/827/827 964/855/855 976/839/839
f 482/818/818 480/840/840 481/856/856
f 480/840/840 554/806/806 553/857/857
f 554/806/806 580/858/858 577/859/859
f 508/847/847 518/848/848 509/841/841
f 518/848/848 540/860/860 528/797/797
f 782/861/861 829/850/850 831/811/811
f 630/844/844 608/852/852 609/794/794
f 606/826/826 604/853/853 613/835/835
f 915/862/862 901/817/817 919/837/837
f 898/845/845 896/863/863 899/846/846
f 899/846/846 964/855/855 966/827/827
f 481/856/856 508/847/847 482/818/818
f 696/834/834 695/864/864 630/844/844
f 740/854/854 604/853/853 719/865/865
f 719/865/865 741/866/866 740/854/854
f 933/836/836 932/867/867 919/837/837
f 932/867/867 915/862/862 919/837/837
f 915/862/862 898/845/845 901/817/817
f 481/856/856 505/868/868 508/847/847
f 517/869/869 518/848/848 508/847/847
f 518/848/848 539/870/870 540/860/860
f 131/828/828 6/871/871 8/842/842
f 8/842/842 7/872/872 9/820/820
f 9/820/820 58/873/873 41/808/808
f 58/873/873 62/829/829 41/808/808
f 696/834/834 738/833/833 695/864/864
f 630/844/844 695/864/864 608/852/852
f 604/853/853 603/874/874 719/865/865
f 1459/875/875 1436/876/876 1396/877/877
f 990/838/838 976/839/839 985/878/878
f 915/862/862 897/879/879 898/845/845
f 898/845/845 897/879/879 896/863/863
f 899/846/846 896/863/863 964/855/855
f 1464/880/880 1412/881/881 1425/882/882
f 517/869/869 539/870/870 518/848/848
f 6/871/871 7/872/872 8/842/842
f 7/872/872 58/873/873 9/820/820
f 1482/832/832 1483/883/883 1475/884/884
f 738/833/833 746/885/885 695/864/864
f 608/852/852 695/864/864 607/886/886
f 608/852/852 607/886/886 606/826/826
f 606/826/826 607/886/886 605/887/887
f 606/826/826 605/887/887 604/853/853
f 604/853/853 594/888/888 603/874/874
f 932/867/867 917/889/889 915/862/862
f 976/839/839 964/855/855 985/878/878
f 897/879/879 894/890/890 896/863/863
f 896/863/863 961/891/891 964/855/855
f 477/892/892 480/840/840 553/857/857
f 477/892/892 476/893/893 480/840/840
f 476/893/893 481/856/856 480/840/840
f 553/857/857 577/859/859 552/894/894
f 505/868/868 517/869/869 508/847/847
f 58/873/873 75/895/895 62/829/829
f 604/853/853 605/887/887 594/888/888
f 932/867/867 955/896/896 934/897/897
f 932/867/867 934/897/897 917/889/889
f 917/889/889 897/879/879 915/862/862
f 964/855/855 986/898/898 985/878/878
f 917/889/889 894/890/890 897/879/879
f 961/891/891 978/899/899 964/855/855
f 477/892/892 553/857/857 552/894/894
f 505/868/868 481/856/856 476/893/893
f 4/900/900 6/871/871 132/901/901
f 132/901/901 6/871/871 131/828/828
f 829/850/850 822/902/902 843/903/903
f 695/864/864 642/904/904 607/886/886
f 594/888/888 596/905/905 603/874/874
f 603/874/874 596/905/905 719/865/865
f 719/865/865 596/905/905 720/906/906
f 955/896/896 953/907/907 934/897/897
f 894/890/890 893/908/908 896/863/863
f 1549/909/909 1533/910/910 1548/843/843
f 695/864/864 746/885/885 642/904/904
f 607/886/886 642/904/904 605/887/887
f 605/887/887 642/904/904 594/888/888
f 642/904/904 595/911/911 594/888/888
f 920/912/912 894/890/890 917/889/889
f 896/863/863 893/908/908 961/891/891
f 516/913/913 517/869/869 505/868/868
f 516/913/913 526/914/914 517/869/869
f 7/872/872 61/915/915 58/873/873
f 822/902/902 821/916/916 843/903/903
f 746/885/885 718/917/917 642/904/904
f 594/888/888 595/911/911 596/905/905
f 934/897/897 920/912/912 917/889/889
f 894/890/890 884/918/918 893/908/908
f 551/919/919 552/894/894 576/920/920
f 475/921/921 476/893/893 477/892/892
f 477/892/892 552/894/894 551/919/919
f 517/869/869 526/914/914 538/922/922
f 517/869/869 538/922/922 539/870/870
f 132/901/901 13/923/923 4/900/900
f 4/900/900 5/924/924 6/871/871
f 6/871/871 5/924/924 7/872/872
f 1533/910/910 1523/925/925 1524/926/926
f 1524/926/926 1523/925/925 1483/883/883
f 642/904/904 632/927/927 595/911/911
f 595/911/911 597/928/928 596/905/905
f 596/905/905 598/929/929 720/906/906
f 923/930/930 920/912/912 934/897/897
f 934/897/897 953/907/907 923/930/930
f 920/912/912 912/931/931 894/890/890
f 920/912/912 923/930/930 912/931/931
f 912/931/931 884/918/918 894/890/890
f 893/908/908 960/932/932 961/891/891
f 893/908/908 884/918/918 886/933/933
f 475/921/921 477/892/892 478/934/934
f 551/919/919 576/920/920 569/935/935
f 475/921/921 504/936/936 505/868/868
f 133/937/937 13/923/923 132/901/901
f 5/924/924 61/915/915 7/872/872
f 1549/909/909 1552/938/938 1533/910/910
f 597/928/928 598/929/929 596/905/905
f 598/929/929 721/939/939 720/906/906
f 953/907/907 949/940/940 923/930/930
f 986/898/898 978/899/899 987/941/941
f 893/908/908 886/933/933 960/932/932
f 478/934/934 477/892/892 551/919/919
f 516/913/913 505/868/868 504/936/936
f 13/923/923 1/942/942 4/900/900
f 642/904/904 718/917/917 632/927/927
f 923/930/930 922/943/943 912/931/931
f 912/931/931 911/944/944 884/918/918
f 479/945/945 475/921/921 478/934/934
f 504/936/936 515/946/946 516/913/913
f 515/946/946 526/914/914 516/913/913
f 1/942/942 3/947/947 4/900/900
f 4/900/900 3/947/947 5/924/924
f 3/947/947 63/948/948 5/924/924
f 5/924/924 63/948/948 61/915/915
f 821/916/916 830/949/949 844/950/950
f 595/911/911 632/927/927 597/928/928
f 597/928/928 599/951/951 598/929/929
f 978/899/899 979/952/952 987/941/941
f 911/944/944 885/953/953 884/918/918
f 884/918/918 885/953/953 886/933/933
f 478/934/934 551/919/919 549/954/954
f 500/955/955 475/921/921 479/945/945
f 500/955/955 504/936/936 475/921/921
f 576/920/920 585/956/956 569/935/935
f 63/948/948 71/957/957 61/915/915
f 1552/938/938 1532/958/958 1533/910/910
f 844/950/950 830/949/949 850/959/959
f 597/928/928 632/927/927 599/951/951
f 923/930/930 949/940/940 922/943/943
f 922/943/943 911/944/944 912/931/931
f 979/952/952 988/960/960 987/941/941
f 886/933/933 962/961/961 960/932/932
f 551/919/919 569/935/935 549/954/954
f 515/946/946 537/962/962 526/914/914
f 526/914/914 537/962/962 538/922/922
f 1532/958/958 1516/963/963 1523/925/925
f 632/927/927 633/964/964 599/951/951
f 601/965/965 721/939/939 598/929/929
f 598/929/929 599/951/951 601/965/965
f 949/940/940 945/966/966 922/943/943
f 885/953/953 887/967/967 886/933/933
f 960/932/932 962/961/961 979/952/952
f 490/968/968 479/945/945 478/934/934
f 490/968/968 478/934/934 491/969/969
f 490/968/968 500/955/955 479/945/945
f 515/946/946 504/936/936 500/955/955
f 40/970/970 14/971/971 13/923/923
f 133/937/937 40/970/970 13/923/923
f 13/923/923 2/972/972 1/942/942
f 1/942/942 2/972/972 3/947/947
f 3/947/947 59/973/973 63/948/948
f 777/974/974 820/975/975 830/949/949
f 717/976/976 633/964/964 632/927/927
f 721/939/939 601/965/965 714/977/977
f 911/944/944 910/978/978 885/953/953
f 886/933/933 887/967/967 962/961/961
f 491/969/969 478/934/934 549/954/954
f 549/954/954 569/935/935 567/979/979
f 569/935/935 585/956/956 586/980/980
f 514/981/981 515/946/946 500/955/955
f 515/946/946 534/982/982 537/962/962
f 13/923/923 14/971/971 2/972/972
f 1546/983/983 1530/984/984 1532/958/958
f 834/985/985 835/986/986 850/959/959
f 717/976/976 755/987/987 716/988/988
f 717/976/976 716/988/988 633/964/964
f 633/964/964 600/989/989 599/951/951
f 599/951/951 600/989/989 601/965/965
f 945/966/966 924/990/990 922/943/943
f 922/943/943 924/990/990 911/944/944
f 885/953/953 910/978/978 888/991/991
f 885/953/953 888/991/991 887/967/967
f 501/992/992 500/955/955 490/968/968
f 491/969/969 549/954/954 550/993/993
f 550/993/993 549/954/954 567/979/979
f 567/979/979 569/935/935 586/980/980
f 501/992/992 514/981/981 500/955/955
f 514/981/981 534/982/982 515/946/946
f 1141/994/994 1136/995/995 1140/996/996
f 1019/997/997 1006/998/998 1007/999/999
f 1019/997/997 1007/999/999 1022/1000/1000
f 1530/984/984 1516/963/963 1532/958/958
f 600/989/989 602/1001/1001 601/965/965
f 601/965/965 602/1001/1001 714/977/977
f 924/990/990 910/978/978 911/944/944
f 988/960/960 979/952/952 980/1002/1002
f 962/961/961 980/1002/1002 979/952/952
f 887/967/967 888/991/991 889/1003/1003
f 889/1003/1003 963/1004/1004 887/967/967
f 887/967/967 963/1004/1004 962/961/961
f 492/1005/1005 490/968/968 491/969/969
f 501/992/992 490/968/968 492/1005/1005
f 45/1006/1006 39/1007/1007 40/970/970
f 39/1007/1007 16/1008/1008 40/970/970
f 16/1008/1008 14/971/971 40/970/970
f 14/971/971 15/1009/1009 2/972/972
f 2/972/972 59/973/973 3/947/947
f 1547/1010/1010 1530/984/984 1546/983/983
f 1530/984/984 1526/1011/1011 1516/963/963
f 945/966/966 946/1012/1012 924/990/990
f 910/978/978 909/1013/1013 888/991/991
f 962/961/961 963/1004/1004 981/1014/1014
f 888/991/991 909/1013/1013 890/1015/1015
f 888/991/991 890/1015/1015 889/1003/1003
f 492/1005/1005 491/969/969 493/1016/1016
f 493/1016/1016 491/969/969 550/993/993
f 506/1017/1017 514/981/981 501/992/992
f 1547/1010/1010 1531/1018/1018 1530/984/984
f 716/988/988 711/1019/1019 633/964/964
f 633/964/964 711/1019/1019 624/1020/1020
f 1144/1021/1021 1097/1022/1022 1125/1023/1023
f 714/977/977 602/1001/1001 626/1024/1024
f 714/977/977 626/1024/1024 723/1025/1025
f 980/1002/1002 981/1014/1014 995/1026/1026
f 494/1027/1027 492/1005/1005 493/1016/1016
f 493/1016/1016 550/993/993 555/1028/1028
f 492/1005/1005 507/1029/1029 506/1017/1017
f 506/1017/1017 501/992/992 492/1005/1005
f 567/979/979 586/980/980 587/1030/1030
f 506/1017/1017 519/1031/1031 514/981/981
f 16/1008/1008 15/1009/1009 14/971/971
f 755/987/987 748/1032/1032 716/988/988
f 716/988/988 748/1032/1032 711/1019/1019
f 624/1020/1020 625/1033/1033 602/1001/1001
f 600/989/989 624/1020/1020 602/1001/1001
f 625/1033/1033 626/1024/1024 602/1001/1001
f 946/1012/1012 947/1034/1034 924/990/990
f 924/990/990 918/1035/1035 910/978/978
f 910/978/978 918/1035/1035 909/1013/1013
f 909/1013/1013 895/1036/1036 890/1015/1015
f 555/1028/1028 550/993/993 567/979/979
f 494/1027/1027 507/1029/1029 492/1005/1005
f 567/979/979 587/1030/1030 568/1037/1037
f 514/981/981 519/1031/1031 532/1038/1038
f 514/981/981 532/1038/1038 534/982/982
f 45/1006/1006 46/1039/1039 34/1040/1040
f 45/1006/1006 34/1040/1040 39/1007/1007
f 34/1040/1040 16/1008/1008 39/1007/1007
f 15/1009/1009 59/973/973 2/972/972
f 1002/1041/1041 1003/1042/1042 999/1043/1043
f 626/1024/1024 724/1044/1044 723/1025/1025
f 924/990/990 947/1034/1034 918/1035/1035
f 909/1013/1013 918/1035/1035 895/1036/1036
f 963/1004/1004 974/1045/1045 981/1014/1014
f 895/1036/1036 891/1046/1046 890/1015/1015
f 889/1003/1003 941/1047/1047 963/1004/1004
f 963/1004/1004 941/1047/1047 974/1045/1045
f 891/1046/1046 889/1003/1003 890/1015/1015
f 495/1048/1048 494/1027/1027 493/1016/1016
f 494/1027/1027 502/1049/1049 507/1029/1029
f 507/1029/1029 519/1031/1031 506/1017/1017
f 16/1008/1008 17/1050/1050 15/1009/1009
f 1545/1051/1051 1531/1018/1018 1547/1010/1010
f 624/1020/1020 641/1052/1052 625/1033/1033
f 981/1014/1014 974/1045/1045 984/1053/1053
f 914/1054/1054 891/1046/1046 895/1036/1036
f 891/1046/1046 892/1055/1055 889/1003/1003
f 889/1003/1003 892/1055/1055 941/1047/1047
f 495/1048/1048 493/1016/1016 496/1056/1056
f 496/1056/1056 493/1016/1016 546/1057/1057
f 495/1048/1048 502/1049/1049 494/1027/1027
f 546/1057/1057 555/1028/1028 566/1058/1058
f 566/1058/1058 555/1028/1028 568/1037/1037
f 1445/1059/1059 1350/1060/1060 1446/1061/1061
f 46/1039/1039 25/1062/1062 34/1040/1040
f 17/1050/1050 23/1063/1063 15/1009/1009
f 15/1009/1009 54/1064/1064 59/973/973
f 711/1019/1019 641/1052/1052 624/1020/1020
f 628/1065/1065 724/1044/1044 626/1024/1024
f 956/1066/1066 938/1067/1067 918/1035/1035
f 947/1034/1034 956/1066/1066 918/1035/1035
f 1455/1068/1068 1456/1069/1069 1364/1070/1070
f 918/1035/1035 914/1054/1054 895/1036/1036
f 974/1045/1045 973/1071/1071 984/1053/1053
f 941/1047/1047 973/1071/1071 974/1045/1045
f 891/1046/1046 907/1072/1072 892/1055/1055
f 892/1055/1055 948/1073/1073 941/1047/1047
f 497/1074/1074 495/1048/1048 496/1056/1056
f 496/1056/1056 546/1057/1057 547/1075/1075
f 546/1057/1057 566/1058/1058 565/1076/1076
f 547/1075/1075 546/1057/1057 565/1076/1076
f 507/1029/1029 502/1049/1049 519/1031/1031
f 519/1031/1031 524/1077/1077 532/1038/1038
f 48/1078/1078 25/1062/1062 46/1039/1039
f 25/1062/1062 18/1079/1079 34/1040/1040
f 34/1040/1040 18/1079/1079 16/1008/1008
f 1137/1080/1080 1139/1081/1081 1152/1082/1082
f 16/1008/1008 18/1079/1079 17/1050/1050
f 23/1063/1063 54/1064/1064 15/1009/1009
f 824/1083/1083 772/1084/1084 825/1085/1085
f 748/1032/1032 708/1086/1086 711/1019/1019
f 711/1019/1019 708/1086/1086 641/1052/1052
f 625/1033/1033 641/1052/1052 631/1087/1087
f 625/1033/1033 627/1088/1088 626/1024/1024
f 918/1035/1035 938/1067/1067 914/1054/1054
f 914/1054/1054 916/1089/1089 891/1046/1046
f 907/1072/1072 908/1090/1090 892/1055/1055
f 941/1047/1047 948/1073/1073 973/1071/1071
f 892/1055/1055 908/1090/1090 948/1073/1073
f 496/1056/1056 547/1075/1075 548/1091/1091
f 497/1074/1074 496/1056/1056 499/1092/1092
f 503/1093/1093 502/1049/1049 497/1074/1074
f 1446/1061/1061 1381/1094/1094 1467/1095/1095
f 502/1049/1049 524/1077/1077 519/1031/1031
f 18/1079/1079 23/1063/1063 17/1050/1050
f 54/1064/1064 69/1096/1096 59/973/973
f 1529/1097/1097 1495/1098/1098 1531/1018/1018
f 825/1085/1085 836/1099/1099 839/1100/1100
f 748/1032/1032 753/1101/1101 708/1086/1086
f 625/1033/1033 631/1087/1087 627/1088/1088
f 626/1024/1024 627/1088/1088 628/1065/1065
f 628/1065/1065 637/1102/1102 685/1103/1103
f 938/1067/1067 937/1104/1104 914/1054/1054
f 1456/1069/1069 1374/1105/1105 1362/1106/1106
f 973/1071/1071 996/1107/1107 984/1053/1053
f 916/1089/1089 907/1072/1072 891/1046/1046
f 973/1071/1071 975/1108/1108 996/1107/1107
f 948/1073/1073 975/1108/1108 973/1071/1071
f 908/1090/1090 907/1072/1072 939/1109/1109
f 908/1090/1090 939/1109/1109 965/1110/1110
f 908/1090/1090 965/1110/1110 948/1073/1073
f 499/1092/1092 503/1093/1093 497/1074/1074
f 499/1092/1092 513/1111/1111 503/1093/1093
f 48/1078/1078 47/1112/1112 25/1062/1062
f 1153/1113/1113 1137/1080/1080 1152/1082/1082
f 1543/1114/1114 1529/1097/1097 1545/1051/1051
f 641/1052/1052 708/1086/1086 631/1087/1087
f 628/1065/1065 627/1088/1088 637/1102/1102
f 685/1103/1103 637/1102/1102 640/1115/1115
f 1255/1116/1116 1362/1106/1106 1281/1117/1117
f 937/1104/1104 916/1089/1089 914/1054/1054
f 916/1089/1089 927/1118/1118 907/1072/1072
f 907/1072/1072 936/1119/1119 939/1109/1109
f 965/1110/1110 983/1120/1120 975/1108/1108
f 531/1121/1121 522/1122/1122 499/1092/1092
f 513/1111/1111 499/1092/1092 522/1122/1122
f 1466/1123/1123 1381/1094/1094 1383/1124/1124
f 503/1093/1093 524/1077/1077 502/1049/1049
f 18/1079/1079 24/1125/1125 23/1063/1063
f 54/1064/1064 65/1126/1126 69/1096/1096
f 766/1127/1127 823/1128/1128 825/1085/1085
f 825/1085/1085 823/1128/1128 836/1099/1099
f 631/1087/1087 634/1129/1129 627/1088/1088
f 685/1103/1103 640/1115/1115 700/1130/1130
f 916/1089/1089 937/1104/1104 927/1118/1118
f 563/1131/1131 548/1091/1091 582/1132/1132
f 503/1093/1093 513/1111/1111 523/1133/1133
f 503/1093/1093 523/1133/1133 524/1077/1077
f 48/1078/1078 44/1134/1134 47/1112/1112
f 26/1135/1135 24/1125/1125 25/1062/1062
f 25/1062/1062 24/1125/1125 18/1079/1079
f 753/1101/1101 747/1136/1136 708/1086/1086
f 708/1086/1086 706/1137/1137 631/1087/1087
f 627/1088/1088 634/1129/1129 636/1138/1138
f 627/1088/1088 636/1138/1138 637/1102/1102
f 637/1102/1102 636/1138/1138 640/1115/1115
f 927/1118/1118 944/1139/1139 936/1119/1119
f 907/1072/1072 927/1118/1118 936/1119/1119
f 965/1110/1110 939/1109/1109 970/1140/1140
f 965/1110/1110 970/1140/1140 983/1120/1120
f 523/1133/1133 536/1141/1141 524/1077/1077
f 47/1112/1112 28/1142/1142 25/1062/1062
f 25/1062/1062 28/1142/1142 26/1135/1135
f 23/1063/1063 24/1125/1125 36/1143/1143
f 23/1063/1063 36/1143/1143 54/1064/1064
f 1529/1097/1097 1520/1144/1144 1497/1145/1145
f 708/1086/1086 747/1136/1136 706/1137/1137
f 631/1087/1087 706/1137/1137 634/1129/1129
f 640/1115/1115 636/1138/1138 688/1146/1146
f 937/1104/1104 958/1147/1147 927/1118/1118
f 1372/1148/1148 1469/1149/1149 1405/1150/1150
f 936/1119/1119 972/1151/1151 939/1109/1109
f 970/1140/1140 997/1152/1152 983/1120/1120
f 1636/1153/1153 1632/1154/1154 1634/1155/1155
f 513/1111/1111 533/1156/1156 523/1133/1133
f 44/1134/1134 28/1142/1142 47/1112/1112
f 26/1135/1135 27/1157/1157 24/1125/1125
f 36/1143/1143 52/1158/1158 54/1064/1064
f 1553/1159/1159 1527/1160/1160 1543/1114/1114
f 634/1129/1129 686/1161/1161 636/1138/1138
f 640/1115/1115 688/1146/1146 700/1130/1130
f 700/1130/1130 691/1162/1162 715/1163/1163
f 1372/1148/1148 1316/1164/1164 1282/1165/1165
f 958/1147/1147 944/1139/1139 927/1118/1118
f 1474/1166/1166 1405/1150/1150 1469/1149/1149
f 944/1139/1139 968/1167/1167 936/1119/1119
f 936/1119/1119 968/1167/1167 972/1151/1151
f 939/1109/1109 972/1151/1151 970/1140/1140
f 1631/1168/1168 1632/1154/1154 1636/1153/1153
f 523/1133/1133 533/1156/1156 536/1141/1141
f 44/1134/1134 35/1169/1169 28/1142/1142
f 28/1142/1142 29/1170/1170 26/1135/1135
f 24/1125/1125 27/1157/1157 36/1143/1143
f 52/1158/1158 65/1126/1126 54/1064/1064
f 1527/1160/1160 1529/1097/1097 1543/1114/1114
f 686/1161/1161 687/1171/1171 636/1138/1138
f 700/1130/1130 688/1146/1146 691/1162/1162
f 533/1156/1156 544/1172/1172 536/1141/1141
f 44/1134/1134 49/1173/1173 35/1169/1169
f 29/1170/1170 27/1157/1157 26/1135/1135
f 706/1137/1137 747/1136/1136 707/1174/1174
f 634/1129/1129 707/1174/1174 686/1161/1161
f 687/1171/1171 689/1175/1175 688/1146/1146
f 636/1138/1138 687/1171/1171 688/1146/1146
f 1635/1176/1176 1629/1177/1177 1630/1178/1178
f 1630/1178/1178 1629/1177/1177 1626/1179/1179
f 1630/1178/1178 1625/1180/1180 1631/1168/1168
f 1624/1181/1181 1634/1155/1155 1632/1154/1154
f 1666/1182/1182 1670/1183/1183 1665/1184/1184
f 35/1169/1169 30/1185/1185 28/1142/1142
f 30/1185/1185 29/1170/1170 28/1142/1142
f 27/1157/1157 52/1158/1158 36/1143/1143
f 52/1158/1158 66/1186/1186 65/1126/1126
f 747/1136/1136 751/1187/1187 707/1174/1174
f 686/1161/1161 712/1188/1188 687/1171/1171
f 688/1146/1146 689/1175/1175 690/1189/1189
f 688/1146/1146 690/1189/1189 691/1162/1162
f 1405/1150/1150 1371/1190/1190 1316/1164/1164
f 709/1191/1191 762/1192/1192 763/1193/1193
f 715/1163/1163 709/1191/1191 763/1193/1193
f 1633/1194/1194 1640/1195/1195 1641/1196/1196
f 1630/1178/1178 1626/1179/1179 1625/1180/1180
f 1624/1181/1181 1633/1194/1194 1634/1155/1155
f 1631/1168/1168 1625/1180/1180 1624/1181/1181
f 1631/1168/1168 1624/1181/1181 1632/1154/1154
f 1051/1197/1197 1033/1198/1198 1054/1199/1199
f 1553/1159/1159 1541/1200/1200 1527/1160/1160
f 1527/1160/1160 1511/1201/1201 1520/1144/1144
f 827/1202/1202 840/1203/1203 842/1204/1204
f 686/1161/1161 707/1174/1174 712/1188/1188
f 691/1162/1162 709/1191/1191 715/1163/1163
f 27/1157/1157 51/1205/1205 52/1158/1158
f 827/1202/1202 828/1206/1206 840/1203/1203
f 687/1171/1171 712/1188/1188 704/1207/1207
f 687/1171/1171 704/1207/1207 689/1175/1175
f 691/1162/1162 702/1208/1208 709/1191/1191
f 76/1209/1209 32/1210/1210 49/1173/1173
f 49/1173/1173 32/1210/1210 35/1169/1169
f 35/1169/1169 32/1210/1210 30/1185/1185
f 30/1185/1185 31/1211/1211 29/1170/1170
f 51/1205/1205 64/1212/1212 52/1158/1158
f 827/1202/1202 769/1213/1213 828/1206/1206
f 751/1187/1187 749/1214/1214 707/1174/1174
f 704/1207/1207 693/1215/1215 689/1175/1175
f 689/1175/1175 693/1215/1215 690/1189/1189
f 690/1189/1189 693/1215/1215 692/1216/1216
f 690/1189/1189 692/1216/1216 691/1162/1162
f 691/1162/1162 692/1216/1216 702/1208/1208
f 1371/1190/1190 1256/1217/1217 1250/1218/1218
f 709/1191/1191 702/1208/1208 757/1219/1219
f 709/1191/1191 757/1219/1219 762/1192/1192
f 1633/1194/1194 1637/1220/1220 1640/1195/1195
f 1629/1177/1177 1627/1221/1221 1623/1222/1222
f 1629/1177/1177 1623/1222/1222 1626/1179/1179
f 1633/1194/1194 1618/1223/1223 1637/1220/1220
f 1626/1179/1179 1623/1222/1222 1617/1224/1224
f 1626/1179/1179 1617/1224/1224 1625/1180/1180
f 1624/1181/1181 1614/1225/1225 1618/1223/1223
f 1624/1181/1181 1618/1223/1223 1633/1194/1194
f 1625/1180/1180 1617/1224/1224 1624/1181/1181
f 1624/1181/1181 1617/1224/1224 1614/1225/1225
f 30/1185/1185 32/1210/1210 31/1211/1211
f 29/1170/1170 33/1226/1226 27/1157/1157
f 27/1157/1157 33/1226/1226 51/1205/1205
f 52/1158/1158 64/1212/1212 66/1186/1186
f 1500/1227/1227 1502/1228/1228 1501/1229/1229
f 712/1188/1188 736/1230/1230 704/1207/1207
f 76/1209/1209 60/1231/1231 32/1210/1210
f 31/1211/1211 33/1226/1226 29/1170/1170
f 33/1226/1226 43/1232/1232 51/1205/1205
f 51/1205/1205 43/1232/1232 64/1212/1212
f 1539/1233/1233 1519/1234/1234 1541/1200/1200
f 712/1188/1188 749/1214/1214 736/1230/1230
f 693/1215/1215 699/1235/1235 692/1216/1216
f 692/1216/1216 699/1235/1235 702/1208/1208
f 702/1208/1208 756/1236/1236 757/1219/1219
f 1627/1221/1221 1622/1237/1237 1623/1222/1222
f 1618/1223/1223 1616/1238/1238 1637/1220/1220
f 1614/1225/1225 1616/1238/1238 1618/1223/1223
f 1617/1224/1224 1612/1239/1239 1614/1225/1225
f 76/1209/1209 77/1240/1240 60/1231/1231
f 1501/1229/1229 1503/1241/1241 1561/1242/1242
f 1519/1234/1234 1504/1243/1243 1502/1228/1228
f 704/1207/1207 736/1230/1230 693/1215/1215
f 1627/1221/1221 1628/1244/1244 1622/1237/1237
f 1616/1238/1238 1639/1245/1245 1637/1220/1220
f 1623/1222/1222 1612/1239/1239 1617/1224/1224
f 32/1210/1210 60/1231/1231 50/1246/1246
f 32/1210/1210 50/1246/1246 31/1211/1211
f 31/1211/1211 43/1232/1232 33/1226/1226
f 1046/1247/1247 1045/1248/1248 1047/1249/1249
f 43/1232/1232 72/1250/1250 64/1212/1212
f 841/1251/1251 832/1252/1252 849/1253/1253
f 31/1211/1211 50/1246/1246 43/1232/1232
f 1514/1254/1254 1504/1243/1243 1519/1234/1234
f 736/1230/1230 735/1255/1255 693/1215/1215
f 735/1255/1255 699/1235/1235 693/1215/1215
f 699/1235/1235 750/1256/1256 702/1208/1208
f 702/1208/1208 750/1256/1256 756/1236/1236
f 1628/1244/1244 1621/1257/1257 1622/1237/1237
f 1622/1237/1237 1621/1257/1257 1612/1239/1239
f 1621/1257/1257 1615/1258/1258 1612/1239/1239
f 1612/1239/1239 1615/1258/1258 1613/1259/1259
f 1612/1239/1239 1613/1259/1259 1614/1225/1225
f 1614/1225/1225 1613/1259/1259 1616/1238/1238
f 60/1231/1231 73/1260/1260 50/1246/1246
f 50/1246/1246 67/1261/1261 43/1232/1232
f 43/1232/1232 67/1261/1261 72/1250/1250
f 1566/1262/1262 1568/1263/1263 1570/1264/1264
f 832/1252/1252 848/1265/1265 849/1253/1253
f 735/1255/1255 752/1266/1266 699/1235/1235
f 699/1235/1235 752/1266/1266 750/1256/1256
f 1644/1267/1267 1621/1257/1257 1628/1244/1244
f 1639/1245/1245 1638/1268/1268 1645/1269/1269
f 77/1240/1240 78/1270/1270 73/1260/1260
f 73/1260/1260 68/1271/1271 50/1246/1246
f 50/1246/1246 68/1271/1271 67/1261/1261
f 1049/1272/1272 1048/1273/1273 1045/1248/1248
f 1514/1254/1254 1505/1274/1274 1504/1243/1243
f 789/1275/1275 793/1276/1276 796/1277/1277
f 832/1252/1252 826/1278/1278 848/1265/1265
f 1621/1257/1257 1619/1279/1279 1615/1258/1258
f 1613/1259/1259 1620/1280/1280 1638/1268/1268
f 1568/1263/1263 1569/1281/1281 1570/1264/1264
f 1540/1282/1282 1518/1283/1283 1538/1284/1284
f 838/1285/1285 814/1286/1286 883/1287/1287
f 1615/1258/1258 1619/1279/1279 1613/1259/1259
f 814/1286/1286 863/1288/1288 883/1287/1287
f 1644/1267/1267 1643/1289/1289 1621/1257/1257
f 1525/1290/1290 1510/1291/1291 1518/1283/1283
f 1508/1292/1292 1510/1291/1291 1509/1293/1293
f 1619/1279/1279 1647/1294/1294 1646/1295/1295
f 1619/1279/1279 1646/1295/1295 1620/1280/1280
f 864/1296/1296 815/1297/1297 816/1298/1298
f 864/1296/1296 816/1298/1298 866/1299/1299
f 1607/53/53 1611/1300/1300 1606/32/32
f 1581/1301/1301 1606/32/32 1600/34/34
f 1582/52/52 1606/32/32 1581/1301/1301
f 1317/1302/1302 1433/1303/1303 1325/1304/1304
f 1463/87/87 1460/62/62 1319/64/64
f 1581/1301/1301 1600/34/34 1579/1305/1305
f 1579/1305/1305 1600/34/34 1592/131/131
f 1592/131/131 1600/34/34 1601/54/54
f 1461/1306/1306 1433/1303/1303 1317/1302/1302
f 277/78/78 302/46/46 291/86/86
f 1582/52/52 1581/1301/1301 1578/1307/1307
f 1578/1307/1307 1581/1301/1301 1579/1305/1305
f 1461/1306/1306 1317/1302/1302 1394/1308/1308
f 345/77/77 352/47/47 367/60/60
f 369/1309/1309 345/77/77 367/60/60
f 1319/64/64 1384/63/63 1318/113/113
f 1318/113/113 1384/63/63 1323/80/80
f 153/98/98 162/31/31 174/1310/1310
f 1592/131/131 1601/54/54 1605/1311/1311
f 1242/1312/1312 1325/1304/1304 1389/1313/1313
f 1582/52/52 1578/1307/1307 1577/1314/1314
f 1577/1314/1314 1578/1307/1307 1579/1305/1305
f 1592/131/131 1605/1311/1311 1603/132/132
f 1317/1302/1302 1325/1304/1304 1221/1315/1315
f 1714/120/120 1717/74/74 1716/76/76
f 370/138/138 345/77/77 369/1309/1309
f 1319/64/64 1318/113/113 1270/1316/1316
f 1271/1317/1317 1319/64/64 1270/1316/1316
f 1582/52/52 1577/1314/1314 1583/1318/1318
f 1577/1314/1314 1579/1305/1305 1580/1319/1319
f 1586/97/97 1582/52/52 1583/1318/1318
f 1579/1305/1305 1592/131/131 1591/133/133
f 1382/1320/1320 1394/1308/1308 1223/1321/1321
f 1223/1321/1321 1394/1308/1308 1317/1302/1302
f 1317/1302/1302 1221/1315/1315 1223/1321/1321
f 1221/1315/1315 1325/1304/1304 1242/1312/1312
f 1242/1312/1312 1389/1313/1313 1311/1322/1322
f 1395/88/88 1319/64/64 1302/139/139
f 1302/139/139 1319/64/64 1271/1317/1317
f 1270/1316/1316 1318/113/113 1273/112/112
f 1580/1319/1319 1579/1305/1305 1591/133/133
f 1585/1323/1323 1583/1318/1318 1577/1314/1314
f 1223/1321/1321 1221/1315/1315 1220/1324/1324
f 1771/106/106 1715/100/100 1770/1325/1325
f 1715/100/100 1713/143/143 1770/1325/1325
f 1713/143/143 1714/120/120 1712/145/145
f 349/170/170 326/137/137 348/108/108
f 1416/1326/1326 1417/103/103 1330/124/124
f 1415/1327/1327 1416/1326/1326 1330/124/124
f 1302/139/139 1271/1317/1317 1268/1328/1328
f 1270/1316/1316 1273/112/112 1269/158/158
f 1588/1329/1329 1583/1318/1318 1585/1323/1323
f 1585/1323/1323 1577/1314/1314 1584/1330/1330
f 1577/1314/1314 1580/1319/1319 1584/1330/1330
f 1584/1330/1330 1580/1319/1319 1591/133/133
f 1584/1330/1330 1591/133/133 1593/1331/1331
f 1586/97/97 1583/1318/1318 1588/1329/1329
f 153/98/98 174/1310/1310 173/151/151
f 1591/133/133 1603/132/132 1602/1332/1332
f 1593/1331/1331 1591/133/133 1602/1332/1332
f 1382/1320/1320 1223/1321/1321 1348/1333/1333
f 1224/1334/1334 1223/1321/1321 1220/1324/1324
f 1221/1315/1315 1242/1312/1312 1219/1335/1335
f 1713/143/143 1712/145/145 1711/206/206
f 1330/124/124 1302/139/139 1215/1336/1336
f 1215/1336/1336 1302/139/139 1274/1337/1337
f 1271/1317/1317 1270/1316/1316 1268/1328/1328
f 1268/1328/1328 1270/1316/1316 1269/158/158
f 1348/1333/1333 1223/1321/1321 1224/1334/1334
f 1220/1324/1324 1221/1315/1315 1219/1335/1335
f 1219/1335/1335 1242/1312/1312 1184/1338/1338
f 1184/1338/1338 1242/1312/1312 1311/1322/1322
f 1311/1322/1322 1346/1339/1339 1277/1340/1340
f 349/170/170 348/108/108 371/147/147
f 1415/1327/1327 1330/124/124 1329/1341/1341
f 1329/1341/1341 1330/124/124 1215/1336/1336
f 1274/1337/1337 1302/139/139 1268/1328/1328
f 1220/1324/1324 1219/1335/1335 1187/1342/1342
f 1184/1338/1338 1311/1322/1322 1277/1340/1340
f 1241/1343/1343 1329/1341/1341 1215/1336/1336
f 1589/1344/1344 1588/1329/1329 1585/1323/1323
f 1589/1344/1344 1585/1323/1323 1587/1345/1345
f 1587/1345/1345 1585/1323/1323 1584/1330/1330
f 1587/1345/1345 1584/1330/1330 1590/1346/1346
f 1584/1330/1330 1593/1331/1331 1594/1347/1347
f 1590/1346/1346 1584/1330/1330 1594/1347/1347
f 1598/1348/1348 1588/1329/1329 1589/1344/1344
f 1593/1331/1331 1602/1332/1332 1594/1347/1347
f 155/179/179 173/151/151 175/1349/1349
f 1594/1347/1347 1602/1332/1332 1604/1350/1350
f 1247/1351/1351 1348/1333/1333 1224/1334/1334
f 1349/1352/1352 1348/1333/1333 1247/1351/1351
f 1247/1351/1351 1224/1334/1334 1220/1324/1324
f 1247/1351/1351 1220/1324/1324 1222/1353/1353
f 1222/1353/1353 1220/1324/1324 1187/1342/1342
f 1219/1335/1335 1184/1338/1338 1187/1342/1342
f 1711/206/206 1712/145/145 1709/196/196
f 1329/1341/1341 1421/1354/1354 1415/1327/1327
f 1267/1355/1355 1268/1328/1328 1269/158/158
f 1272/186/186 1279/157/157 1280/1356/1356
f 684/148/148 703/185/185 759/159/159
f 1280/1356/1356 1279/157/157 1403/190/190
f 1183/1357/1357 1184/1338/1338 1277/1340/1340
f 1183/1357/1357 1277/1340/1340 1276/1358/1358
f 1276/1358/1358 1277/1340/1340 1346/1339/1339
f 1276/1358/1358 1346/1339/1339 1354/1359/1359
f 1770/1325/1325 1713/143/143 1769/1360/1360
f 1769/1360/1360 1713/143/143 1711/206/206
f 1421/1354/1354 1329/1341/1341 1328/1361/1361
f 1205/1362/1362 1241/1343/1343 1215/1336/1336
f 1215/1336/1336 1274/1337/1337 1210/1363/1363
f 1274/1337/1337 1268/1328/1328 1210/1363/1363
f 1210/1363/1363 1268/1328/1328 1267/1355/1355
f 1267/1355/1355 1269/158/158 1272/186/186
f 1589/1344/1344 1587/1345/1345 1595/1364/1364
f 1587/1345/1345 1590/1346/1346 1596/1365/1365
f 1595/1364/1364 1587/1345/1345 1596/1365/1365
f 1599/1366/1366 1594/1347/1347 1604/1350/1350
f 1182/1367/1367 1187/1342/1342 1184/1338/1338
f 1182/1367/1367 1184/1338/1338 1183/1357/1357
f 281/172/172 297/171/171 283/221/221
f 1328/1361/1361 1329/1341/1341 1241/1343/1343
f 1205/1362/1362 1215/1336/1336 1210/1363/1363
f 1598/1348/1348 1589/1344/1344 1597/1368/1368
f 1597/1368/1368 1589/1344/1344 1595/1364/1364
f 1590/1346/1346 1594/1347/1347 1596/1365/1365
f 1596/1365/1365 1594/1347/1347 1599/1366/1366
f 155/179/179 175/1349/1349 164/252/252
f 1373/1369/1369 1349/1352/1352 1247/1351/1351
f 1247/1351/1351 1222/1353/1353 1248/1370/1370
f 1248/1370/1370 1222/1353/1353 1187/1342/1342
f 1181/1371/1371 1183/1357/1357 1276/1358/1358
f 1769/1360/1360 1711/206/206 1710/207/207
f 1267/1355/1355 1272/186/186 1310/1372/1372
f 1280/1356/1356 1310/1372/1372 1272/186/186
f 1963/233/233 1943/230/230 1961/227/227
f 1896/216/216 1878/215/215 1883/262/262
f 454/1373/1373 471/1374/1374 458/1375/1375
f 150/202/202 155/179/179 164/252/252
f 1373/1369/1369 1247/1351/1351 1248/1370/1370
f 1248/1370/1370 1187/1342/1342 1200/1376/1376
f 1200/1376/1376 1187/1342/1342 1182/1367/1367
f 1182/1367/1367 1183/1357/1357 1181/1371/1371
f 1328/1361/1361 1439/1377/1377 1421/1354/1354
f 1204/1378/1378 1328/1361/1361 1241/1343/1343
f 1209/1379/1379 1205/1362/1362 1210/1363/1363
f 1210/1363/1363 1267/1355/1355 1216/1380/1380
f 1959/250/250 1962/229/229 1949/228/228
f 413/1381/1381 433/1382/1382 438/1383/1383
f 435/1384/1384 454/1373/1373 447/1385/1385
f 447/1385/1385 454/1373/1373 458/1375/1375
f 1276/1358/1358 1354/1359/1359 1261/1386/1386
f 1769/1360/1360 1710/207/207 1767/1387/1387
f 1767/1387/1387 1710/207/207 1708/219/219
f 1708/219/219 1709/196/196 1707/236/236
f 1204/1378/1378 1241/1343/1343 1205/1362/1362
f 1208/1388/1388 1205/1362/1362 1209/1379/1379
f 1216/1380/1380 1209/1379/1379 1210/1363/1363
f 1216/1380/1380 1267/1355/1355 1310/1372/1372
f 1923/263/263 1949/228/228 1943/230/230
f 413/1381/1381 438/1383/1383 437/1389/1389
f 413/1381/1381 437/1389/1389 415/1390/1390
f 415/1390/1390 437/1389/1389 435/1384/1384
f 428/1391/1391 433/1382/1382 413/1381/1381
f 1248/1370/1370 1200/1376/1376 1266/1392/1392
f 1182/1367/1367 1181/1371/1371 1178/1393/1393
f 1181/1371/1371 1276/1358/1358 1261/1386/1386
f 1261/1386/1386 1354/1359/1359 1365/1394/1394
f 1708/219/219 1707/236/236 1706/285/285
f 1440/1395/1395 1439/1377/1377 1328/1361/1361
f 1204/1378/1378 1205/1362/1362 1206/1396/1396
f 1206/1396/1396 1205/1362/1362 1208/1388/1388
f 1939/249/249 1949/228/228 1923/263/263
f 398/1397/1397 415/1390/1390 408/1398/1398
f 415/1390/1390 435/1384/1384 408/1398/1398
f 408/1398/1398 435/1384/1384 447/1385/1385
f 396/1399/1399 428/1391/1391 413/1381/1381
f 439/1400/1400 447/1385/1385 458/1375/1375
f 439/1400/1400 458/1375/1375 436/1401/1401
f 140/203/203 164/252/252 170/271/271
f 436/1401/1401 458/1375/1375 459/1402/1402
f 1366/1403/1403 1373/1369/1369 1248/1370/1370
f 1178/1393/1393 1181/1371/1371 1179/1404/1404
f 1181/1371/1371 1261/1386/1386 1179/1404/1404
f 1328/1361/1361 1204/1378/1378 1246/1405/1405
f 1208/1388/1388 1209/1379/1379 1214/1406/1406
f 1214/1406/1406 1209/1379/1379 1216/1380/1380
f 1939/249/249 1960/1407/1407 1959/250/250
f 1878/215/215 1859/251/251 1883/262/262
f 413/1381/1381 415/1390/1390 398/1397/1397
f 396/1399/1399 413/1381/1381 398/1397/1397
f 439/1400/1400 408/1398/1398 447/1385/1385
f 428/1391/1391 396/1399/1399 421/292/292
f 1366/1403/1403 1248/1370/1370 1266/1392/1392
f 1186/1408/1408 1200/1376/1376 1182/1367/1367
f 1261/1386/1386 1365/1394/1394 1177/1409/1409
f 1767/1387/1387 1708/219/219 1741/1410/1410
f 1741/1410/1410 1708/219/219 1706/285/285
f 331/267/267 346/246/246 347/324/324
f 359/1411/1411 346/246/246 364/268/268
f 1343/1412/1412 1440/1395/1395 1328/1361/1361
f 1343/1412/1412 1328/1361/1361 1246/1405/1405
f 1246/1405/1405 1204/1378/1378 1207/1413/1413
f 1206/1396/1396 1208/1388/1388 1212/1414/1414
f 1212/1414/1414 1208/1388/1388 1214/1406/1406
f 1960/1407/1407 1939/249/249 1941/302/302
f 1859/251/251 1858/226/226 1857/283/283
f 1895/240/240 1859/251/251 1874/1415/1415
f 1895/240/240 1874/1415/1415 1907/284/284
f 1895/240/240 1907/284/284 1940/241/241
f 442/1416/1416 436/1401/1401 459/1402/1402
f 1266/1392/1392 1200/1376/1376 1186/1408/1408
f 1186/1408/1408 1182/1367/1367 1178/1393/1393
f 1179/1404/1404 1261/1386/1386 1177/1409/1409
f 1177/1409/1409 1365/1394/1394 1359/1417/1417
f 1207/1413/1413 1204/1378/1378 1206/1396/1396
f 1324/1418/1418 1214/1406/1406 1353/1419/1419
f 1214/1406/1406 1216/1380/1380 1353/1419/1419
f 1924/1420/1420 1941/302/302 1939/249/249
f 1857/283/283 1856/261/261 1855/1421/1421
f 1923/263/263 1924/1420/1420 1939/249/249
f 1859/251/251 1857/283/283 1874/1415/1415
f 394/290/290 396/1399/1399 395/1422/1422
f 395/1422/1422 396/1399/1399 398/1397/1397
f 409/1423/1423 408/1398/1398 436/1401/1401
f 436/1401/1401 408/1398/1398 439/1400/1400
f 421/292/292 396/1399/1399 394/290/290
f 442/1416/1416 459/1402/1402 453/1424/1424
f 1427/1425/1425 1366/1403/1403 1356/1426/1426
f 1356/1426/1426 1366/1403/1403 1266/1392/1392
f 1356/1426/1426 1266/1392/1392 1265/1427/1427
f 1265/1427/1427 1266/1392/1392 1186/1408/1408
f 303/286/286 320/244/244 317/296/296
f 347/324/324 346/246/246 359/1411/1411
f 358/330/330 347/324/324 359/1411/1411
f 1438/1428/1428 1440/1395/1395 1343/1412/1412
f 1203/1429/1429 1207/1413/1413 1206/1396/1396
f 1212/1414/1414 1214/1406/1406 1324/1418/1418
f 1924/1420/1420 1920/300/300 1941/302/302
f 1874/1415/1415 1857/283/283 1873/320/320
f 1923/263/263 1906/1430/1430 1924/1420/1420
f 1873/320/320 1906/1430/1430 1907/284/284
f 1874/1415/1415 1873/320/320 1907/284/284
f 1906/1430/1430 1923/263/263 1907/284/284
f 395/1422/1422 398/1397/1397 408/1398/1398
f 395/1422/1422 408/1398/1398 409/1423/1423
f 409/1423/1423 436/1401/1401 410/1431/1431
f 149/253/253 163/272/272 169/310/310
f 1186/1408/1408 1178/1393/1393 1185/1432/1432
f 1178/1393/1393 1179/1404/1404 1177/1409/1409
f 1202/1433/1433 1246/1405/1405 1207/1413/1413
f 1206/1396/1396 1212/1414/1414 1211/1434/1434
f 1934/336/336 1954/1435/1435 1935/301/301
f 1935/301/301 1954/1435/1435 1941/302/302
f 1856/261/261 1854/299/299 1855/1421/1421
f 1906/1430/1430 1920/300/300 1924/1420/1420
f 394/290/290 395/1422/1422 392/1436/1436
f 392/1436/1436 395/1422/1422 409/1423/1423
f 393/291/291 394/290/290 392/1436/1436
f 410/1431/1431 436/1401/1401 442/1416/1416
f 425/293/293 393/291/291 424/340/340
f 1265/1427/1427 1186/1408/1408 1185/1432/1432
f 85/276/276 84/275/275 86/294/294
f 1175/1437/1437 1178/1393/1393 1177/1409/1409
f 1177/1409/1409 1359/1417/1417 1176/1438/1438
f 1741/1410/1410 1706/285/285 1704/311/311
f 1450/1439/1439 1438/1428/1428 1342/1440/1440
f 1201/1441/1441 1343/1412/1412 1246/1405/1405
f 1202/1433/1433 1207/1413/1413 1203/1429/1429
f 1203/1429/1429 1206/1396/1396 1211/1434/1434
f 1211/1434/1434 1212/1414/1414 1324/1418/1418
f 1877/309/309 1852/326/326 1854/299/299
f 1855/1421/1421 1854/299/299 1853/337/337
f 1920/300/300 1927/334/334 1935/301/301
f 1855/1421/1421 1872/319/319 1857/283/283
f 1872/319/319 1906/1430/1430 1873/320/320
f 410/1431/1431 392/1436/1436 409/1423/1423
f 1427/1425/1425 1356/1426/1426 1428/1442/1442
f 1356/1426/1426 1265/1427/1427 1355/1443/1443
f 1185/1432/1432 1178/1393/1393 1180/1444/1444
f 1178/1393/1393 1175/1437/1437 1180/1444/1444
f 1438/1428/1428 1343/1412/1412 1342/1440/1440
f 1342/1440/1440 1343/1412/1412 1201/1441/1441
f 1201/1441/1441 1246/1405/1405 1202/1433/1433
f 1331/1445/1445 1211/1434/1434 1324/1418/1418
f 1927/334/334 1934/336/336 1935/301/301
f 1855/1421/1421 1853/337/337 1863/339/339
f 1855/1421/1421 1863/339/339 1872/319/319
f 1872/319/319 1871/338/338 1905/1446/1446
f 1906/1430/1430 1905/1446/1446 1920/300/300
f 1872/319/319 1905/1446/1446 1906/1430/1430
f 390/341/341 393/291/291 392/1436/1436
f 410/1431/1431 442/1416/1416 441/1447/1447
f 424/340/340 393/291/291 390/341/341
f 441/1447/1447 442/1416/1416 453/1424/1424
f 1428/1442/1442 1356/1426/1426 1355/1443/1443
f 1175/1437/1437 1177/1409/1409 1176/1438/1438
f 1176/1438/1438 1359/1417/1417 1334/1448/1448
f 1741/1410/1410 1704/311/311 1768/1449/1449
f 1449/1450/1450 1450/1439/1439 1342/1440/1440
f 1213/1451/1451 1203/1429/1429 1211/1434/1434
f 1953/1452/1452 1954/1435/1435 1934/336/336
f 1933/1453/1453 1953/1452/1452 1934/336/336
f 1852/326/326 1882/325/325 1851/352/352
f 1905/1446/1446 1927/334/334 1920/300/300
f 1863/339/339 1871/338/338 1872/319/319
f 390/341/341 392/1436/1436 391/1454/1454
f 391/1454/1454 392/1436/1436 410/1431/1431
f 411/1455/1455 410/1431/1431 441/1447/1447
f 1265/1427/1427 1185/1432/1432 1217/1456/1456
f 1217/1456/1456 1185/1432/1432 1180/1444/1444
f 1704/311/311 1702/312/312 1703/1457/1457
f 233/349/349 274/332/332 232/308/308
f 1201/1441/1441 1202/1433/1433 1194/1458/1458
f 1202/1433/1433 1203/1429/1429 1194/1458/1458
f 1852/326/326 1851/352/352 1850/362/362
f 1852/326/326 1850/362/362 1853/337/337
f 1921/335/335 1927/334/334 1905/1446/1446
f 391/1454/1454 410/1431/1431 411/1455/1455
f 441/1447/1447 453/1424/1424 452/1459/1459
f 1355/1443/1443 1265/1427/1427 1217/1456/1456
f 1173/1460/1460 1176/1438/1438 1334/1448/1448
f 337/356/356 347/324/324 357/331/331
f 337/356/356 357/331/331 368/383/383
f 233/349/349 232/308/308 229/348/348
f 1294/1461/1461 1342/1440/1440 1201/1441/1441
f 1213/1451/1451 1194/1458/1458 1203/1429/1429
f 1213/1451/1451 1211/1434/1434 1331/1445/1445
f 1851/352/352 1881/351/351 1849/361/361
f 1921/335/335 1933/1453/1453 1934/336/336
f 1853/337/337 1867/363/363 1871/338/338
f 1900/1462/1462 1921/335/335 1905/1446/1446
f 1871/338/338 1900/1462/1462 1905/1446/1446
f 1428/1442/1442 1355/1443/1443 1429/1463/1463
f 1199/1464/1464 1180/1444/1444 1175/1437/1437
f 1174/1465/1465 1175/1437/1437 1176/1438/1438
f 1174/1465/1465 1176/1438/1438 1173/1460/1460
f 1768/1449/1449 1704/311/311 1703/1457/1457
f 1703/1457/1457 1702/312/312 1701/401/401
f 1701/401/401 1702/312/312 1700/380/380
f 1441/1466/1466 1449/1450/1450 1342/1440/1440
f 1194/1458/1458 1213/1451/1451 1195/1467/1467
f 1850/362/362 1851/352/352 1849/361/361
f 1871/338/338 1867/363/363 1900/1462/1462
f 411/1455/1455 441/1447/1447 443/1468/1468
f 422/342/342 390/341/341 381/395/395
f 443/1468/1468 441/1447/1447 452/1459/1459
f 423/397/397 422/342/342 381/395/395
f 1430/1469/1469 1429/1463/1463 1355/1443/1443
f 1217/1456/1456 1180/1444/1444 1199/1464/1464
f 1196/1470/1470 1294/1461/1461 1201/1441/1441
f 1196/1470/1470 1201/1441/1441 1194/1458/1458
f 1193/1471/1471 1194/1458/1458 1195/1467/1467
f 1332/1472/1472 1213/1451/1451 1331/1445/1445
f 1952/1473/1473 1953/1452/1452 1933/1453/1453
f 1849/361/361 1880/360/360 1847/388/388
f 1850/362/362 1849/361/361 1848/389/389
f 1867/363/363 1899/1474/1474 1900/1462/1462
f 1900/1462/1462 1899/1474/1474 1921/335/335
f 390/341/341 391/1454/1454 379/1475/1475
f 391/1454/1454 411/1455/1455 406/1476/1476
f 379/1475/1475 391/1454/1454 406/1476/1476
f 406/1476/1476 411/1455/1455 443/1468/1468
f 381/395/395 390/341/341 379/1475/1475
f 1333/1477/1477 1355/1443/1443 1217/1456/1456
f 1199/1464/1464 1175/1437/1437 1174/1465/1465
f 1174/1465/1465 1173/1460/1460 1172/1478/1478
f 1173/1460/1460 1334/1448/1448 1170/1479/1479
f 1341/1480/1480 1441/1466/1466 1342/1440/1440
f 1191/1481/1481 1196/1470/1470 1194/1458/1458
f 1195/1467/1467 1213/1451/1451 1332/1472/1472
f 1850/362/362 1848/389/389 1866/375/375
f 1867/363/363 1866/375/375 1899/1474/1474
f 1355/1443/1443 1333/1477/1477 1424/1482/1482
f 1333/1477/1477 1217/1456/1456 1199/1464/1464
f 1172/1478/1478 1173/1460/1460 1171/1483/1483
f 1171/1483/1483 1173/1460/1460 1170/1479/1479
f 1170/1479/1479 1334/1448/1448 1297/1484/1484
f 1768/1449/1449 1703/1457/1457 1740/445/445
f 338/382/382 337/356/356 361/384/384
f 1457/1485/1485 1441/1466/1466 1341/1480/1480
f 1341/1480/1480 1342/1440/1440 1197/450/450
f 1342/1440/1440 1294/1461/1461 1197/450/450
f 1191/1481/1481 1194/1458/1458 1193/1471/1471
f 1932/432/432 1952/1473/1473 1933/1453/1453
f 1908/1486/1486 1933/1453/1453 1921/335/335
f 1899/1474/1474 1908/1486/1486 1921/335/335
f 406/1476/1476 443/1468/1468 444/1487/1487
f 1430/1469/1469 1355/1443/1443 1424/1482/1482
f 1197/450/450 1294/1461/1461 1196/1470/1470
f 1258/1488/1488 1193/1471/1471 1195/1467/1467
f 1347/1489/1489 1195/1467/1467 1332/1472/1472
f 1847/388/388 1880/360/360 1846/394/394
f 1908/1486/1486 1932/432/432 1933/1453/1453
f 1848/389/389 1861/1490/1490 1866/375/375
f 1866/375/375 1898/1491/1491 1899/1474/1474
f 1899/1474/1474 1898/1491/1491 1908/1486/1486
f 407/1492/1492 406/1476/1476 444/1487/1487
f 378/443/443 381/395/395 379/1475/1475
f 1333/1477/1477 1199/1464/1464 1218/1493/1493
f 1218/1493/1493 1199/1464/1464 1174/1465/1465
f 1218/1493/1493 1174/1465/1465 1172/1478/1478
f 1740/445/445 1703/1457/1457 1701/401/401
f 1470/1494/1494 1457/1485/1485 1340/1495/1495
f 1340/1495/1495 1457/1485/1485 1341/1480/1480
f 1197/450/450 1196/1470/1470 1191/1481/1481
f 1192/1496/1496 1191/1481/1481 1193/1471/1471
f 1258/1488/1488 1195/1467/1467 1347/1489/1489
f 1951/1497/1497 1952/1473/1473 1930/434/434
f 1930/434/434 1952/1473/1473 1932/432/432
f 1848/389/389 1847/388/388 1845/436/436
f 1848/389/389 1845/436/436 1861/1490/1490
f 1866/375/375 1861/1490/1490 1898/1491/1491
f 378/443/443 379/1475/1475 376/441/441
f 379/1475/1475 406/1476/1476 376/441/441
f 376/441/441 406/1476/1476 407/1492/1492
f 418/396/396 381/395/395 378/443/443
f 165/367/367 166/353/353 167/417/417
f 1424/1482/1482 1333/1477/1477 1423/1498/1498
f 1198/449/449 1341/1480/1480 1197/450/450
f 1130/451/451 1197/450/450 1191/1481/1481
f 1192/1496/1496 1193/1471/1471 1258/1488/1488
f 1847/388/388 1846/394/394 1845/436/436
f 1901/1499/1499 1932/432/432 1908/1486/1486
f 1898/1491/1491 1901/1499/1499 1908/1486/1486
f 354/425/425 340/405/405 353/407/407
f 1340/1495/1495 1341/1480/1480 1198/449/449
f 1845/436/436 1843/435/435 1861/1490/1490
f 407/1492/1492 444/1487/1487 448/1500/1500
f 407/1492/1492 448/1500/1500 404/1501/1501
f 449/1502/1502 404/1501/1501 448/1500/1500
f 1333/1477/1477 1218/1493/1493 1322/1503/1503
f 1172/1478/1478 1171/1483/1483 1168/1504/1504
f 1740/445/445 1701/401/401 1699/400/400
f 1699/400/400 1700/380/380 1698/414/414
f 1471/1505/1505 1470/1494/1494 1340/1495/1495
f 1351/1506/1506 1258/1488/1488 1347/1489/1489
f 1845/436/436 1846/394/394 1842/431/431
f 1931/433/433 1932/432/432 1901/1499/1499
f 1423/1498/1498 1333/1477/1477 1402/1507/1507
f 1402/1507/1507 1333/1477/1477 1322/1503/1503
f 1218/1493/1493 1172/1478/1478 1168/1504/1504
f 1345/1508/1508 1471/1505/1505 1340/1495/1495
f 1263/1509/1509 1340/1495/1495 1198/449/449
f 1130/451/451 1191/1481/1481 1131/1510/1510
f 1191/1481/1481 1192/1496/1496 1131/1510/1510
f 1950/1511/1511 1951/1497/1497 1929/1512/1512
f 1929/1512/1512 1951/1497/1497 1930/434/434
f 1843/435/435 1864/1513/1513 1861/1490/1490
f 1864/1513/1513 1901/1499/1499 1898/1491/1491
f 1861/1490/1490 1864/1513/1513 1898/1491/1491
f 376/441/441 407/1492/1492 404/1501/1501
f 418/396/396 378/443/443 380/1514/1514
f 148/376/376 167/417/417 172/437/437
f 1322/1503/1503 1218/1493/1493 1168/1504/1504
f 1171/1483/1483 1170/1479/1479 1166/1515/1515
f 1166/1515/1515 1170/1479/1479 1169/1516/1516
f 1170/1479/1479 1297/1484/1484 1169/1516/1516
f 1169/1516/1516 1297/1484/1484 1296/1517/1517
f 1772/1518/1518 1740/445/445 1697/444/444
f 339/424/424 354/425/425 355/464/464
f 1345/1508/1508 1340/1495/1495 1263/1509/1509
f 1119/457/457 1198/449/449 1130/451/451
f 1129/1519/1519 1130/451/451 1131/1510/1510
f 1131/1510/1510 1192/1496/1496 1258/1488/1488
f 377/442/442 376/441/441 404/1501/1501
f 378/443/443 377/442/442 380/1514/1514
f 1263/1509/1509 1198/449/449 1119/457/457
f 1126/458/458 1130/451/451 1129/1519/1519
f 1131/1510/1510 1258/1488/1488 1351/1506/1506
f 1844/410/410 1841/440/440 1842/431/431
f 445/1520/1520 403/1521/1521 404/1501/1501
f 445/1520/1520 404/1501/1501 449/1502/1502
f 419/1522/1522 418/396/396 380/1514/1514
f 445/1520/1520 449/1502/1502 450/1523/1523
f 1168/1504/1504 1171/1483/1483 1166/1515/1515
f 239/448/448 301/454/454 241/476/476
f 1344/1524/1524 1471/1505/1505 1345/1508/1508
f 1843/435/435 1842/431/431 1838/1525/1525
f 1902/1526/1526 1930/434/434 1931/433/433
f 1843/435/435 1838/1525/1525 1864/1513/1513
f 1864/1513/1513 1902/1526/1526 1901/1499/1499
f 1901/1499/1499 1902/1526/1526 1931/433/433
f 377/442/442 404/1501/1501 403/1521/1521
f 1344/1524/1524 1345/1508/1508 1263/1509/1509
f 1352/1527/1527 1131/1510/1510 1351/1506/1506
f 1929/1512/1512 1930/434/434 1902/1526/1526
f 1838/1525/1525 1865/1528/1528 1864/1513/1513
f 1865/1528/1528 1902/1526/1526 1864/1513/1513
f 382/1529/1529 380/1514/1514 377/442/442
f 419/1522/1522 380/1514/1514 382/1529/1529
f 146/460/460 147/420/420 171/468/468
f 1322/1503/1503 1168/1504/1504 1288/1530/1530
f 1288/1530/1530 1168/1504/1504 1167/1531/1531
f 1167/1531/1531 1168/1504/1504 1166/1515/1515
f 1772/1518/1518 1697/444/444 1773/485/485
f 1695/484/484 1697/444/444 1696/470/470
f 1264/1532/1532 1344/1524/1524 1263/1509/1509
f 1264/1532/1532 1263/1509/1509 1119/457/457
f 1128/1533/1533 1126/458/458 1129/1519/1519
f 1129/1519/1519 1131/1510/1510 1293/1534/1534
f 1293/1534/1534 1131/1510/1510 1352/1527/1527
f 1929/1512/1512 1946/1535/1535 1950/1511/1511
f 420/518/518 419/1522/1522 382/1529/1529
f 1402/1507/1507 1322/1503/1503 1376/1536/1536
f 1169/1516/1516 1296/1517/1517 1164/1537/1537
f 1164/1537/1537 1296/1517/1517 1327/1538/1538
f 1128/1533/1533 1129/1519/1519 1293/1534/1534
f 1947/1539/1539 1950/1511/1511 1946/1535/1535
f 1842/431/431 1836/480/480 1838/1525/1525
f 1902/1526/1526 1903/517/517 1929/1512/1512
f 1868/515/515 1902/1526/1526 1865/1528/1528
f 382/1529/1529 377/442/442 383/1540/1540
f 383/1540/1540 377/442/442 403/1521/1521
f 161/491/491 146/460/460 171/468/468
f 1376/1536/1536 1322/1503/1503 1288/1530/1530
f 1169/1516/1516 1164/1537/1537 1165/1541/1541
f 341/475/475 360/474/474 363/528/528
f 363/528/528 360/474/474 374/494/494
f 1300/1542/1542 1344/1524/1524 1264/1532/1532
f 1909/1543/1543 1946/1535/1535 1929/1512/1512
f 1909/1543/1543 1929/1512/1512 1903/517/517
f 1838/1525/1525 1868/515/515 1865/1528/1528
f 1902/1526/1526 1868/515/515 1903/517/517
f 383/1540/1540 403/1521/1521 405/1544/1544
f 1402/1507/1507 1376/1536/1536 1426/1545/1545
f 1288/1530/1530 1167/1531/1531 1225/1546/1546
f 1166/1515/1515 1169/1516/1516 1165/1541/1541
f 342/499/499 341/475/475 363/528/528
f 1404/1547/1547 1344/1524/1524 1300/1542/1542
f 1117/511/511 1264/1532/1532 1119/457/457
f 1119/457/457 1126/458/458 1118/510/510
f 1127/1548/1548 1126/458/458 1128/1533/1533
f 1128/1533/1533 1293/1534/1534 1305/1549/1549
f 405/1544/1544 403/1521/1521 445/1520/1520
f 420/518/518 382/1529/1529 384/519/519
f 445/1520/1520 450/1523/1523 446/1550/1550
f 1300/1542/1542 1264/1532/1532 1117/511/511
f 1305/1549/1549 1293/1534/1534 1352/1527/1527
f 1909/1543/1543 1947/1539/1539 1946/1535/1535
f 1838/1525/1525 1836/480/480 1837/1551/1551
f 1838/1525/1525 1837/1551/1551 1868/515/515
f 384/519/519 382/1529/1529 383/1540/1540
f 405/1544/1544 445/1520/1520 446/1550/1550
f 1376/1536/1536 1288/1530/1530 1225/1546/1546
f 1167/1531/1531 1166/1515/1515 1162/1552/1552
f 1162/1552/1552 1166/1515/1515 1165/1541/1541
f 1404/1547/1547 1300/1542/1542 1307/576/576
f 1118/510/510 1126/458/458 1127/1548/1548
f 1127/1548/1548 1128/1533/1533 1305/1549/1549
f 1922/562/562 1948/1553/1553 1947/1539/1539
f 1922/562/562 1947/1539/1539 1909/1543/1543
f 1904/516/516 1910/1554/1554 1909/1543/1543
f 1903/517/517 1904/516/516 1909/1543/1543
f 1868/515/515 1869/555/555 1904/516/516
f 1837/1551/1551 1869/555/555 1868/515/515
f 384/519/519 383/1540/1540 385/1555/1555
f 1773/485/485 1695/484/484 1690/504/504
f 1401/1556/1556 1404/1547/1547 1307/576/576
f 1303/1557/1557 1127/1548/1548 1305/1549/1549
f 1910/1554/1554 1922/562/562 1909/1543/1543
f 1911/1558/1558 1910/1554/1554 1904/516/516
f 1869/555/555 1911/1558/1558 1904/516/516
f 385/1555/1555 383/1540/1540 401/1559/1559
f 383/1540/1540 405/1544/1544 401/1559/1559
f 405/1544/1544 446/1550/1550 401/1559/1559
f 1426/1545/1545 1376/1536/1536 1375/1560/1560
f 1376/1536/1536 1225/1546/1546 1375/1560/1560
f 1225/1546/1546 1167/1531/1531 1162/1552/1552
f 1164/1537/1537 1327/1538/1538 1160/1561/1561
f 1774/1562/1562 1773/485/485 1690/504/504
f 1116/598/598 1300/1542/1542 1117/511/511
f 1840/502/502 1860/513/513 1833/590/590
f 1958/1563/1563 1948/1553/1553 1936/561/561
f 1834/514/514 1840/502/502 1833/590/590
f 1936/561/561 1948/1553/1553 1922/562/562
f 1836/480/480 1834/514/514 1835/553/553
f 1910/1554/1554 1911/1558/1558 1912/560/560
f 1910/1554/1554 1912/560/560 1922/562/562
f 1837/1551/1551 1836/480/480 1835/553/553
f 1837/1551/1551 1835/553/553 1869/555/555
f 1869/555/555 1925/580/580 1911/1558/1558
f 386/1564/1564 384/519/519 385/1555/1555
f 426/520/520 384/519/519 386/1564/1564
f 427/1565/1565 426/520/520 386/1564/1564
f 426/520/520 427/1565/1565 429/594/594
f 1162/1552/1552 1165/1541/1541 1164/1537/1537
f 1162/1552/1552 1164/1537/1537 1160/1561/1561
f 1160/1561/1561 1327/1538/1538 1159/1566/1566
f 1774/1562/1562 1690/504/504 1692/543/543
f 1159/1566/1566 1399/1567/1567 1306/577/577
f 1400/575/575 1401/1556/1556 1307/576/576
f 1307/576/576 1300/1542/1542 1243/1568/1568
f 1243/1568/1568 1300/1542/1542 1116/598/598
f 1111/599/599 1117/511/511 1118/510/510
f 1188/1569/1569 1118/510/510 1127/1548/1548
f 1284/1570/1570 1188/1569/1569 1127/1548/1548
f 1127/1548/1548 1303/1557/1557 1284/1570/1570
f 1925/580/580 1913/583/583 1911/1558/1558
f 1911/1558/1558 1913/583/583 1912/560/560
f 1870/554/554 1925/580/580 1869/555/555
f 414/584/584 401/1559/1559 446/1550/1550
f 1225/1546/1546 1162/1552/1552 1163/1571/1571
f 1161/1572/1572 1162/1552/1552 1160/1561/1561
f 1306/577/577 1399/1567/1567 1400/575/575
f 1116/598/598 1117/511/511 1111/599/599
f 1111/599/599 1118/510/510 1188/1569/1569
f 1955/1573/1573 1958/1563/1563 1936/561/561
f 387/591/591 386/1564/1564 385/1555/1555
f 388/1574/1574 385/1555/1555 401/1559/1559
f 427/1565/1565 386/1564/1564 387/591/591
f 429/594/594 427/1565/1565 387/591/591
f 414/584/584 446/1550/1550 455/1575/1575
f 402/569/569 464/571/571 412/1576/1576
f 464/571/571 465/572/572 466/1577/1577
f 1375/1560/1560 1225/1546/1546 1163/1571/1571
f 1188/1569/1569 1284/1570/1570 1245/1578/1578
f 1938/1579/1579 1955/1573/1573 1936/561/561
f 1860/513/513 1829/579/579 1833/590/590
f 1834/514/514 1833/590/590 1831/589/589
f 1915/1580/1580 1913/583/583 1926/582/582
f 1913/583/583 1915/1580/1580 1914/1581/1581
f 1914/1581/1581 1936/561/561 1912/560/560
f 1912/560/560 1913/583/583 1914/1581/1581
f 1834/514/514 1831/589/589 1835/553/553
f 1832/581/581 1925/580/580 1870/554/554
f 388/1574/1574 401/1559/1559 402/569/569
f 402/569/569 401/1559/1559 414/584/584
f 461/570/570 402/569/569 414/584/584
f 414/584/584 455/1575/1575 460/585/585
f 412/1576/1576 464/571/571 416/1582/1582
f 416/1582/1582 464/571/571 466/1577/1577
f 467/586/586 466/1577/1577 465/572/572
f 1162/1552/1552 1161/1572/1572 1163/1571/1571
f 1113/1583/1583 1161/1572/1572 1160/1561/1561
f 1113/1583/1583 1160/1561/1561 1159/1566/1566
f 1114/600/600 1243/1568/1568 1116/598/598
f 1957/1584/1584 1955/1573/1573 1938/1579/1579
f 1835/553/553 1832/581/581 1870/554/554
f 387/591/591 385/1555/1555 388/1574/1574
f 412/1576/1576 388/1574/1574 402/569/569
f 416/1582/1582 466/1577/1577 467/586/586
f 138/521/521 160/563/563 102/605/605
f 99/522/522 138/521/521 102/605/605
f 1159/1566/1566 1306/577/577 1115/1585/1585
f 1306/577/577 1307/576/576 1115/1585/1585
f 1115/1585/1585 1307/576/576 1243/1568/1568
f 1189/1586/1586 1111/599/599 1188/1569/1569
f 1917/1587/1587 1938/1579/1579 1936/561/561
f 1915/1580/1580 1916/1588/1588 1914/1581/1581
f 1914/1581/1581 1917/1587/1587 1936/561/561
f 1831/589/589 1830/618/618 1832/581/581
f 1835/553/553 1831/589/589 1832/581/581
f 387/591/591 388/1574/1574 389/592/592
f 389/592/592 388/1574/1574 397/1589/1589
f 397/1589/1589 388/1574/1574 412/1576/1576
f 397/1589/1589 412/1576/1576 416/1582/1582
f 417/1590/1590 416/1582/1582 467/586/586
f 1375/1560/1560 1163/1571/1571 1287/1591/1591
f 417/1590/1590 467/586/586 468/596/596
f 417/1590/1590 468/596/596 472/1592/1592
f 1163/1571/1571 1161/1572/1572 1113/1583/1583
f 1113/1583/1583 1159/1566/1566 1115/1585/1585
f 1115/1585/1585 1243/1568/1568 1114/600/600
f 1189/1586/1586 1188/1569/1569 1245/1578/1578
f 1942/1593/1593 1957/1584/1584 1938/1579/1579
f 1916/1588/1588 1917/1587/1587 1914/1581/1581
f 1916/1588/1588 1915/1580/1580 1928/614/614
f 1915/1580/1580 1926/582/582 1928/614/614
f 1862/613/613 1926/582/582 1832/581/581
f 399/1594/1594 389/592/592 397/1589/1589
f 463/595/595 460/585/585 455/1575/1575
f 417/1590/1590 397/1589/1589 416/1582/1582
f 463/595/595 455/1575/1575 457/615/615
f 1407/1595/1595 1375/1560/1560 1287/1591/1591
f 432/620/620 430/593/593 400/603/603
f 417/1590/1590 472/1592/1592 451/1596/1596
f 472/1592/1592 468/596/596 457/615/615
f 1287/1591/1591 1163/1571/1571 1151/1597/1597
f 1151/1597/1597 1163/1571/1571 1113/1583/1583
f 1113/1583/1583 1115/1585/1585 1112/1598/1598
f 1112/1598/1598 1115/1585/1585 1110/1599/1599
f 1110/1599/1599 1115/1585/1585 1114/600/600
f 1110/1599/1599 1114/600/600 1111/599/599
f 1111/599/599 1189/1586/1586 1190/1600/1600
f 1919/635/635 1942/1593/1593 1938/1579/1579
f 1916/1588/1588 1918/1601/1601 1917/1587/1587
f 1829/579/579 1826/617/617 1831/589/589
f 1832/581/581 1830/618/618 1862/613/613
f 399/1594/1594 397/1589/1589 417/1590/1590
f 389/592/592 399/1594/1594 400/603/603
f 451/1596/1596 472/1592/1592 457/615/615
f 1151/1597/1597 1113/1583/1583 1150/1602/1602
f 1190/1600/1600 1189/1586/1586 1245/1578/1578
f 1190/1600/1600 1245/1578/1578 1304/1603/1603
f 1829/579/579 1827/602/602 1826/617/617
f 1917/1587/1587 1918/1601/1601 1919/635/635
f 1917/1587/1587 1919/635/635 1938/1579/1579
f 1918/1601/1601 1916/1588/1588 1928/614/614
f 1830/618/618 1826/617/617 1828/628/628
f 1830/618/618 1828/628/628 1862/613/613
f 431/619/619 400/603/603 399/1594/1594
f 431/619/619 399/1594/1594 434/636/636
f 399/1594/1594 417/1590/1590 434/636/636
f 434/636/636 417/1590/1590 451/1596/1596
f 451/1596/1596 457/615/615 456/1604/1604
f 1406/1605/1605 1407/1595/1595 1287/1591/1591
f 1112/1598/1598 1110/1599/1599 1108/1606/1606
f 1110/1599/1599 1111/599/599 1109/684/684
f 1109/684/684 1111/599/599 1190/1600/1600
f 1295/655/655 1190/1600/1600 1304/1603/1603
f 1945/634/634 1942/1593/1593 1919/635/635
f 1918/1601/1601 1937/1607/1607 1919/635/635
f 1937/1607/1607 1918/1601/1601 1928/614/614
f 1828/628/628 1928/614/614 1862/613/613
f 434/636/636 451/1596/1596 456/1604/1604
f 1104/1608/1608 1150/1602/1602 1113/1583/1583
f 1104/1608/1608 1113/1583/1583 1112/1598/1598
f 694/625/625 743/652/652 742/626/626
f 1956/1609/1609 1942/1593/1593 1945/634/634
f 1944/633/633 1919/635/635 1937/1607/1607
f 1944/633/633 1937/1607/1607 1822/627/627
f 1937/1607/1607 1928/614/614 1822/627/627
f 1104/1608/1608 1112/1598/1598 1108/1606/1606
f 1108/1606/1606 1110/1599/1599 1109/684/684
f 1824/1610/1610 1944/633/633 1822/627/627
f 469/637/637 434/636/636 456/1604/1604
f 469/637/637 456/1604/1604 473/1611/1611
f 470/638/638 431/619/619 469/637/637
f 473/1611/1611 456/1604/1604 474/1612/1612
f 1406/1605/1605 1287/1591/1591 1361/1613/1613
f 1285/1614/1614 1361/1613/1613 1287/1591/1591
f 1285/1614/1614 1287/1591/1591 1151/1597/1597
f 1285/1614/1614 1151/1597/1597 1257/1615/1615
f 1257/1615/1615 1151/1597/1597 1150/1602/1602
f 1107/1616/1616 1108/1606/1606 1109/684/684
f 1109/684/684 1190/1600/1600 1275/654/654
f 1190/1600/1600 1295/655/655 1275/654/654
f 1295/655/655 1385/647/647 1367/653/653
f 1367/653/653 1385/647/647 1413/646/646
f 1822/627/627 1823/648/648 1824/1610/1610
f 1965/1617/1617 1944/633/633 1824/1610/1610
f 1104/1608/1608 1108/1606/1606 1107/1616/1616
f 520/660/660 541/659/659 543/673/673
f 1286/1618/1618 1361/1613/1613 1285/1614/1614
f 1285/1614/1614 1257/1615/1615 1149/1619/1619
f 20/677/677 22/679/679 109/631/631
f 1099/1620/1620 1150/1602/1602 1104/1608/1608
f 1107/1616/1616 1109/684/684 1078/1621/1621
f 1275/654/654 1367/653/653 1321/730/730
f 525/672/672 543/673/673 583/675/675
f 525/672/672 583/675/675 561/702/702
f 561/702/702 583/675/675 579/674/674
f 1149/1619/1619 1257/1615/1615 1150/1602/1602
f 1086/1622/1622 1104/1608/1608 1080/1623/1623
f 1104/1608/1608 1107/1616/1616 1080/1623/1623
f 1080/1623/1623 1107/1616/1616 1078/1621/1621
f 1158/683/683 1275/654/654 1321/730/730
f 1321/730/730 1367/653/653 1410/686/686
f 498/701/701 525/672/672 561/702/702
f 489/708/708 520/660/660 525/672/672
f 1286/1618/1618 1285/1614/1614 1149/1619/1619
f 1149/1619/1619 1150/1602/1602 1099/1620/1620
f 1099/1620/1620 1104/1608/1608 1086/1622/1622
f 994/687/687 943/671/671 977/689/689
f 489/708/708 525/672/672 498/701/701
f 561/702/702 579/674/674 578/703/703
f 512/695/695 520/660/660 489/708/708
f 1301/724/724 1286/1618/1618 1299/727/727
f 1299/727/727 1286/1618/1618 1149/1619/1619
f 1078/1621/1621 1109/684/684 1158/683/683
f 1158/683/683 1321/730/730 1252/763/763
f 560/700/700 561/702/702 575/711/711
f 575/711/711 561/702/702 574/704/704
f 1299/727/727 1149/1619/1619 1239/728/728
f 1077/1624/1624 1080/1623/1623 1078/1621/1621
f 1078/1621/1621 1158/683/683 1106/765/765
f 1321/730/730 1410/686/686 1411/691/691
f 488/709/709 498/701/701 560/700/700
f 1101/1625/1625 1149/1619/1619 1099/1620/1620
f 1099/1620/1620 1086/1622/1622 1056/1626/1626
f 1056/1626/1626 1086/1622/1622 1060/1627/1627
f 1060/1627/1627 1086/1622/1622 1080/1623/1623
f 1060/1627/1627 1080/1623/1623 1077/1624/1624
f 1077/1624/1624 1078/1621/1621 1079/1628/1628
f 1079/1628/1628 1078/1621/1621 1106/765/765
f 488/709/709 560/700/700 564/735/735
f 511/722/722 489/708/708 487/721/721
f 1818/1629/1629 1821/1630/1630 1820/1631/1631
f 1360/725/725 1301/724/724 1239/728/728
f 1103/1632/1632 1239/728/728 1149/1619/1619
f 1103/1632/1632 1149/1619/1619 1101/1625/1625
f 1079/1628/1628 1106/765/765 1082/1633/1633
f 1106/765/765 1158/683/683 1252/763/763
f 1252/763/763 1321/730/730 1312/801/801
f 1312/801/801 1321/730/730 1393/731/731
f 1452/748/748 1451/723/723 1360/725/725
f 1815/1634/1634 1818/1629/1629 1817/1635/1635
f 1818/1629/1629 1820/1631/1631 1817/1635/1635
f 592/1636/1636 590/726/726 591/738/738
f 1055/1637/1637 1101/1625/1625 1099/1620/1620
f 1040/1638/1638 1056/1626/1626 1058/1639/1639
f 1056/1626/1626 1060/1627/1627 1058/1639/1639
f 1058/1639/1639 1060/1627/1627 1065/1640/1640
f 1065/1640/1640 1060/1627/1627 1077/1624/1624
f 1077/1624/1624 1079/1628/1628 1081/1641/1641
f 1393/731/731 1411/691/691 1434/1642/1642
f 1813/759/759 1814/1643/1643 1811/757/757
f 1811/757/757 1814/1643/1643 1815/1634/1634
f 1360/725/725 1239/728/728 1283/1644/1644
f 1056/1626/1626 1055/1637/1637 1099/1620/1620
f 1055/1637/1637 1056/1626/1626 1040/1638/1638
f 1058/1639/1639 1065/1640/1640 1064/1645/1645
f 1077/1624/1624 1081/1641/1641 1065/1640/1640
f 1252/763/763 1312/801/801 1124/764/764
f 1811/757/757 1815/1634/1634 1816/772/772
f 1815/1634/1634 1817/1635/1635 1816/772/772
f 1081/1641/1641 1079/1628/1628 1082/1633/1633
f 1082/1633/1633 1106/765/765 1124/764/764
f 556/770/770 557/754/754 581/807/807
f 581/807/807 557/754/754 584/756/756
f 511/722/722 487/721/721 510/785/785
f 1283/1644/1644 1239/728/728 1120/1646/1646
f 1120/1646/1646 1239/728/728 1103/1632/1632
f 1055/1637/1637 1040/1638/1638 1030/1647/1647
f 1064/1645/1645 1065/1640/1640 1066/1648/1648
f 1082/1633/1633 1124/764/764 1083/1649/1649
f 1393/731/731 1434/1642/1642 1392/802/802
f 1392/802/802 1434/1642/1642 1435/816/816
f 1397/749/749 1360/725/725 1283/1644/1644
f 1120/1646/1646 1103/1632/1632 1105/1650/1650
f 1055/1637/1637 1103/1632/1632 1101/1625/1625
f 1030/1647/1647 1040/1638/1638 1032/1651/1651
f 1031/1652/1652 1030/1647/1647 1032/1651/1651
f 1032/1651/1651 1040/1638/1638 1041/1653/1653
f 1041/1653/1653 1040/1638/1638 1058/1639/1639
f 1041/1653/1653 1058/1639/1639 1059/1654/1654
f 1063/1655/1655 1058/1639/1639 1064/1645/1645
f 1064/1645/1645 1066/1648/1648 1063/1655/1655
f 1065/1640/1640 1081/1641/1641 1067/1656/1656
f 1312/801/801 1393/731/731 1392/802/802
f 1105/1650/1650 1103/1632/1632 1055/1637/1637
f 1491/1657/1657 1517/1658/1658 1515/1659/1659
f 1059/1654/1654 1058/1639/1639 1063/1655/1655
f 1066/1648/1648 1065/1640/1640 1067/1656/1656
f 1408/1660/1660 1397/749/749 1339/1661/1661
f 1122/1662/1662 1283/1644/1644 1120/1646/1646
f 1029/1663/1663 1055/1637/1637 1030/1647/1647
f 1029/1663/1663 1030/1647/1647 1026/1664/1664
f 1026/1664/1664 1030/1647/1647 1031/1652/1652
f 1486/1665/1665 1488/1666/1666 1491/1657/1657
f 1490/1667/1667 1486/1665/1665 1491/1657/1657
f 1528/775/775 1536/791/791 1522/822/822
f 1537/776/776 1528/775/775 1512/1668/1668
f 1490/1667/1667 1515/1659/1659 1512/1668/1668
f 1490/1667/1667 1491/1657/1657 1515/1659/1659
f 791/777/777 792/1669/1669 786/1670/1670
f 791/777/777 786/1670/1670 787/798/798
f 812/1671/1671 813/1672/1672 862/1673/1673
f 812/1671/1671 862/1673/1673 865/1674/1674
f 831/811/811 846/810/810 833/778/778
f 1081/1641/1641 1082/1633/1633 1083/1649/1649
f 1124/764/764 1312/801/801 1313/803/803
f 580/858/858 554/806/806 581/807/807
f 1339/1661/1661 1397/749/749 1283/1644/1644
f 1485/1675/1675 1488/1666/1666 1486/1665/1665
f 1487/823/823 1486/1665/1665 1489/824/824
f 1528/775/775 1522/822/822 1489/824/824
f 1489/824/824 1486/1665/1665 1490/1667/1667
f 1512/1668/1668 1528/775/775 1489/824/824
f 1512/1668/1668 1489/824/824 1490/1667/1667
f 786/1670/1670 792/1669/1669 784/1676/1676
f 784/1676/1676 792/1669/1669 813/1672/1672
f 784/1676/1676 813/1672/1672 812/1671/1671
f 785/825/825 787/798/798 786/1670/1670
f 833/778/778 787/798/798 785/825/825
f 858/1677/1677 812/1671/1671 865/1674/1674
f 1068/1678/1678 1067/1656/1656 1081/1641/1641
f 1084/1679/1679 1081/1641/1641 1083/1649/1649
f 1083/1649/1649 1124/764/764 1085/1680/1680
f 1392/802/802 1458/815/815 1396/877/877
f 1409/1681/1681 1408/1660/1660 1339/1661/1661
f 1122/1662/1662 1120/1646/1646 1105/1650/1650
f 1105/1650/1650 1055/1637/1637 1044/1682/1682
f 1044/1682/1682 1055/1637/1637 1029/1663/1663
f 1043/1683/1683 1031/1652/1652 1032/1651/1651
f 1536/791/791 1535/821/821 1521/831/831
f 1536/791/791 1521/831/831 1522/822/822
f 1522/822/822 1521/831/831 1487/823/823
f 1484/1684/1684 1485/1675/1675 1486/1665/1665
f 784/1676/1676 812/1671/1671 811/1685/1685
f 811/1685/1685 812/1671/1671 858/1677/1677
f 858/1677/1677 865/1674/1674 880/1686/1686
f 1066/1648/1648 1067/1656/1656 1068/1678/1678
f 1068/1678/1678 1081/1641/1641 1084/1679/1679
f 1124/764/764 1313/803/803 1142/1687/1687
f 1313/803/803 1392/802/802 1314/1688/1688
f 1314/1688/1688 1392/802/802 1396/877/877
f 1396/877/877 1458/815/815 1459/875/875
f 990/838/838 967/784/784 976/839/839
f 510/785/785 509/841/841 518/848/848
f 1044/1682/1682 1029/1663/1663 1025/1689/1689
f 1043/1683/1683 1026/1664/1664 1031/1652/1652
f 1050/1690/1690 1026/1664/1664 1043/1683/1683
f 1487/823/823 1482/832/832 1486/1665/1665
f 1482/832/832 1484/1684/1684 1486/1665/1665
f 1066/1648/1648 1068/1678/1678 1069/1691/1691
f 1084/1679/1679 1083/1649/1649 1085/1680/1680
f 1085/1680/1680 1124/764/764 1142/1687/1687
f 1142/1687/1687 1313/803/803 1314/1688/1688
f 1339/1661/1661 1283/1644/1644 1121/1692/1692
f 1121/1692/1692 1283/1644/1644 1122/1662/1662
f 1122/1662/1662 1105/1650/1650 1123/1693/1693
f 1026/1664/1664 1025/1689/1689 1029/1663/1663
f 785/825/825 786/1670/1670 784/1676/1676
f 879/1694/1694 858/1677/1677 880/1686/1686
f 553/857/857 554/806/806 577/859/859
f 1464/880/880 1409/1681/1681 1412/881/881
f 1409/1681/1681 1339/1661/1661 1338/1695/1695
f 1123/1693/1693 1105/1650/1650 1044/1682/1682
f 1535/821/821 1534/849/849 1521/831/831
f 1484/1684/1684 1478/1696/1696 1485/1675/1675
f 782/861/861 785/825/825 784/1676/1676
f 783/1697/1697 784/1676/1676 811/1685/1685
f 831/811/811 785/825/825 782/861/861
f 857/1698/1698 858/1677/1677 879/1694/1694
f 1084/1679/1679 1085/1680/1680 1087/1699/1699
f 1085/1680/1680 1142/1687/1687 1088/1700/1700
f 1412/881/881 1409/1681/1681 1338/1695/1695
f 1338/1695/1695 1339/1661/1661 1121/1692/1692
f 1028/1701/1701 1026/1664/1664 1050/1690/1690
f 1482/832/832 1478/1696/1696 1484/1684/1684
f 782/861/861 784/1676/1676 783/1697/1697
f 811/1685/1685 858/1677/1677 857/1698/1698
f 806/1702/1702 811/1685/1685 857/1698/1698
f 1314/1688/1688 1396/877/877 1315/1703/1703
f 1121/1692/1692 1122/1662/1662 1123/1693/1693
f 1011/1704/1704 1025/1689/1689 1026/1664/1664
f 1521/831/831 1534/849/849 1524/926/926
f 783/1697/1697 811/1685/1685 806/1702/1702
f 829/850/850 782/861/861 781/1705/1705
f 857/1698/1698 879/1694/1694 859/1706/1706
f 1069/1691/1691 1068/1678/1678 1070/1707/1707
f 1071/1708/1708 1068/1678/1678 1084/1679/1679
f 1070/1707/1707 1068/1678/1678 1071/1708/1708
f 1071/1708/1708 1084/1679/1679 1087/1699/1699
f 1087/1699/1699 1085/1680/1680 1088/1700/1700
f 1088/1700/1700 1142/1687/1687 1143/1709/1709
f 1143/1709/1709 1142/1687/1687 1314/1688/1688
f 1143/1709/1709 1314/1688/1688 1315/1703/1703
f 1044/1682/1682 1025/1689/1689 1027/1710/1710
f 1550/830/830 1548/843/843 1534/849/849
f 1028/1701/1701 1011/1704/1704 1026/1664/1664
f 1521/831/831 1524/926/926 1482/832/832
f 1482/832/832 1475/884/884 1478/1696/1696
f 781/1705/1705 782/861/861 779/1711/1711
f 782/861/861 783/1697/1697 779/1711/1711
f 779/1711/1711 783/1697/1697 806/1702/1702
f 817/1712/1712 806/1702/1702 857/1698/1698
f 878/1713/1713 859/1706/1706 879/1694/1694
f 843/903/903 847/851/851 829/850/850
f 1088/1700/1700 1143/1709/1709 1090/1714/1714
f 1315/1703/1703 1396/877/877 1379/1715/1715
f 1396/877/877 1436/876/876 1379/1715/1715
f 1335/1716/1716 1412/881/881 1338/1695/1695
f 1132/1717/1717 1121/1692/1692 1123/1693/1693
f 1478/1696/1696 1475/884/884 1477/1718/1718
f 1524/926/926 1483/883/883 1482/832/832
f 1087/1699/1699 1088/1700/1700 1089/1719/1719
f 1089/1719/1719 1088/1700/1700 1090/1714/1714
f 986/898/898 964/855/855 978/899/899
f 1425/882/882 1412/881/881 1335/1716/1716
f 1335/1716/1716 1338/1695/1695 1121/1692/1692
f 1134/1720/1720 1335/1716/1716 1121/1692/1692
f 1042/1721/1721 1123/1693/1693 1044/1682/1682
f 806/1702/1702 817/1712/1712 807/1722/1722
f 822/902/902 829/850/850 781/1705/1705
f 859/1706/1706 817/1712/1712 857/1698/1698
f 1071/1708/1708 1087/1699/1699 1089/1719/1719
f 552/894/894 577/859/859 576/920/920
f 1134/1720/1720 1121/1692/1692 1132/1717/1717
f 1132/1717/1717 1123/1693/1693 1042/1721/1721
f 1042/1721/1721 1044/1682/1682 1027/1710/1710
f 1010/1723/1723 1027/1710/1710 1025/1689/1689
f 1011/1704/1704 1010/1723/1723 1025/1689/1689
f 1534/849/849 1548/843/843 1533/910/910
f 1475/884/884 1476/1724/1724 1477/1718/1718
f 807/1722/1722 779/1711/1711 806/1702/1702
f 781/1705/1705 779/1711/1711 778/1725/1725
f 1089/1719/1719 1090/1714/1714 1091/1726/1726
f 1143/1709/1709 1315/1703/1703 1291/1727/1727
f 1291/1727/1727 1315/1703/1703 1379/1715/1715
f 576/920/920 577/859/859 589/1728/1728
f 1020/1729/1729 1042/1721/1721 1027/1710/1710
f 58/873/873 61/915/915 75/895/895
f 1534/849/849 1533/910/910 1524/926/926
f 780/1730/1730 779/1711/1711 807/1722/1722
f 778/1725/1725 779/1711/1711 780/1730/1730
f 822/902/902 781/1705/1705 778/1725/1725
f 808/1731/1731 807/1722/1722 817/1712/1712
f 808/1731/1731 817/1712/1712 859/1706/1706
f 1070/1707/1707 1071/1708/1708 1072/1732/1732
f 1071/1708/1708 1089/1719/1719 1073/1733/1733
f 1073/1733/1733 1089/1719/1719 1091/1726/1726
f 1092/1734/1734 1090/1714/1714 1143/1709/1709
f 1092/1734/1734 1143/1709/1709 1147/1735/1735
f 1143/1709/1709 1291/1727/1727 1147/1735/1735
f 1379/1715/1715 1436/876/876 1432/1736/1736
f 505/868/868 476/893/893 475/921/921
f 1249/1737/1737 1335/1716/1716 1134/1720/1720
f 1134/1720/1720 1132/1717/1717 1135/1738/1738
f 1020/1729/1729 1027/1710/1710 1008/1739/1739
f 1008/1739/1739 1027/1710/1710 1010/1723/1723
f 1011/1704/1704 1005/1740/1740 1010/1723/1723
f 1475/884/884 1479/1741/1741 1476/1724/1724
f 856/1742/1742 859/1706/1706 878/1713/1713
f 843/903/903 821/916/916 844/950/950
f 856/1742/1742 878/1713/1713 877/1743/1743
f 1072/1732/1732 1071/1708/1708 1073/1733/1733
f 1091/1726/1726 1090/1714/1714 1092/1734/1734
f 1379/1715/1715 1432/1736/1736 1380/1744/1744
f 978/899/899 961/891/891 960/932/932
f 1336/1745/1745 1443/1746/1746 1425/882/882
f 1336/1745/1745 1425/882/882 1335/1716/1716
f 1133/1747/1747 1249/1737/1737 1134/1720/1720
f 1133/1747/1747 1134/1720/1720 1135/1738/1738
f 780/1730/1730 807/1722/1722 808/1731/1731
f 856/1742/1742 808/1731/1731 859/1706/1706
f 1291/1727/1727 1379/1715/1715 1380/1744/1744
f 1380/1744/1744 1432/1736/1736 1431/1748/1748
f 1336/1745/1745 1335/1716/1716 1249/1737/1737
f 1135/1738/1738 1132/1717/1717 1038/1749/1749
f 1038/1749/1749 1132/1717/1717 1042/1721/1721
f 1005/1740/1740 1008/1739/1739 1010/1723/1723
f 822/902/902 778/1725/1725 821/916/916
f 855/1750/1750 856/1742/1742 877/1743/1743
f 1091/1726/1726 1092/1734/1734 1093/1751/1751
f 978/899/899 960/932/932 979/952/952
f 1136/995/995 1133/1747/1747 1135/1738/1738
f 1038/1749/1749 1042/1721/1721 1020/1729/1729
f 1523/925/925 1481/1752/1752 1483/883/883
f 1483/883/883 1481/1752/1752 1475/884/884
f 778/1725/1725 780/1730/1730 776/1753/1753
f 776/1753/1753 780/1730/1730 808/1731/1731
f 777/974/974 778/1725/1725 776/1753/1753
f 777/974/974 821/916/916 778/1725/1725
f 809/1754/1754 808/1731/1731 856/1742/1742
f 1072/1732/1732 1073/1733/1733 1074/1755/1755
f 1073/1733/1733 1091/1726/1726 1093/1751/1751
f 1146/1756/1756 1147/1735/1735 1291/1727/1727
f 1442/1757/1757 1443/1746/1746 1336/1745/1745
f 1136/995/995 1135/1738/1738 1039/1758/1758
f 1039/1758/1758 1135/1738/1738 1038/1749/1749
f 1019/997/997 1038/1749/1749 1020/1729/1729
f 1000/1759/1759 1008/1739/1739 1005/1740/1740
f 1001/1760/1760 1000/1759/1759 1005/1740/1740
f 1481/1752/1752 1480/1761/1761 1475/884/884
f 1475/884/884 1480/1761/1761 1479/1741/1741
f 776/1753/1753 808/1731/1731 809/1754/1754
f 809/1754/1754 856/1742/1742 855/1750/1750
f 632/927/927 718/917/917 717/976/976
f 1075/1762/1762 1073/1733/1733 1093/1751/1751
f 1093/1751/1751 1092/1734/1734 1094/1763/1763
f 1092/1734/1734 1147/1735/1735 1095/1764/1764
f 1291/1727/1727 1380/1744/1744 1290/1765/1765
f 1141/994/994 1249/1737/1737 1133/1747/1747
f 1141/994/994 1133/1747/1747 1136/995/995
f 1019/997/997 1020/1729/1729 1006/998/998
f 1020/1729/1729 1008/1739/1739 1006/998/998
f 1552/938/938 1546/983/983 1532/958/958
f 1533/910/910 1532/958/958 1523/925/925
f 830/949/949 821/916/916 777/974/974
f 855/1750/1750 877/1743/1743 881/1766/1766
f 834/985/985 850/959/959 830/949/949
f 1074/1755/1755 1073/1733/1733 1075/1762/1762
f 1094/1763/1763 1092/1734/1734 1095/1764/1764
f 1095/1764/1764 1147/1735/1735 1146/1756/1756
f 1146/1756/1756 1291/1727/1727 1125/1023/1023
f 1125/1023/1023 1291/1727/1727 1290/1765/1765
f 1442/1757/1757 1336/1745/1745 1337/1767/1767
f 1337/1767/1767 1336/1745/1745 1259/1768/1768
f 1336/1745/1745 1249/1737/1737 1259/1768/1768
f 1259/1768/1768 1249/1737/1737 1141/994/994
f 1000/1759/1759 1006/998/998 1008/1739/1739
f 1523/925/925 1516/963/963 1481/1752/1752
f 1075/1762/1762 1093/1751/1751 1094/1763/1763
f 1290/1765/1765 1380/1744/1744 1363/1769/1769
f 1380/1744/1744 1431/1748/1748 1363/1769/1769
f 1444/1770/1770 1442/1757/1757 1337/1767/1767
f 1039/1758/1758 1038/1749/1749 1022/1000/1000
f 1022/1000/1000 1038/1749/1749 1019/997/997
f 801/1771/1771 809/1754/1754 855/1750/1750
f 854/1772/1772 801/1771/1771 855/1750/1750
f 834/985/985 830/949/949 820/975/975
f 854/1772/1772 855/1750/1750 881/1766/1766
f 1074/1755/1755 1075/1762/1762 1076/1773/1773
f 1095/1764/1764 1146/1756/1756 1125/1023/1023
f 1363/1769/1769 1431/1748/1748 1453/1774/1774
f 1259/1768/1768 1141/994/994 1138/1775/1775
f 1138/1775/1775 1141/994/994 1140/996/996
f 1136/995/995 1039/1758/1758 1034/1776/1776
f 1145/1777/1777 1136/995/995 1034/1776/1776
f 59/973/973 70/1778/1778 71/957/957
f 63/948/948 59/973/973 71/957/957
f 999/1043/1043 1006/998/998 1000/1759/1759
f 999/1043/1043 1000/1759/1759 1001/1760/1760
f 777/974/974 776/1753/1753 775/1779/1779
f 820/975/975 777/974/974 775/1779/1779
f 776/1753/1753 809/1754/1754 801/1771/1771
f 875/1780/1780 854/1772/1772 881/1766/1766
f 1094/1763/1763 1095/1764/1764 1096/1781/1781
f 1125/1023/1023 1290/1765/1765 1144/1021/1021
f 1144/1021/1021 1290/1765/1765 1251/1782/1782
f 980/1002/1002 962/961/961 981/1014/1014
f 1260/1783/1783 1337/1767/1767 1259/1768/1768
f 1034/1776/1776 1039/1758/1758 1022/1000/1000
f 1516/963/963 1492/1784/1784 1481/1752/1752
f 775/1779/1779 776/1753/1753 773/1785/1785
f 773/1785/1785 776/1753/1753 801/1771/1771
f 1075/1762/1762 1094/1763/1763 1292/1786/1786
f 1292/1786/1786 1094/1763/1763 1096/1781/1781
f 1096/1781/1781 1095/1764/1764 1097/1022/1022
f 1095/1764/1764 1125/1023/1023 1097/1022/1022
f 1251/1782/1782 1290/1765/1765 1363/1769/1769
f 1363/1769/1769 1453/1774/1774 1454/1787/1787
f 1444/1770/1770 1337/1767/1767 1350/1060/1060
f 1350/1060/1060 1337/1767/1767 1260/1783/1783
f 1260/1783/1783 1259/1768/1768 1138/1775/1775
f 1145/1777/1777 1140/996/996 1136/995/995
f 1012/1788/1788 1034/1776/1776 1022/1000/1000
f 999/1043/1043 1007/999/999 1006/998/998
f 1002/1041/1041 999/1043/1043 1001/1760/1760
f 1516/963/963 1526/1011/1011 1492/1784/1784
f 1481/1752/1752 1492/1784/1784 1480/1761/1761
f 834/985/985 820/975/975 835/986/986
f 854/1772/1772 875/1780/1780 852/1789/1789
f 1076/1773/1773 1075/1762/1762 1292/1786/1786
f 600/989/989 633/964/964 624/1020/1020
f 1445/1059/1059 1444/1770/1770 1350/1060/1060
f 1012/1788/1788 1022/1000/1000 1007/999/999
f 1530/984/984 1531/1018/1018 1526/1011/1011
f 1492/1784/1784 1493/1790/1790 1480/1761/1761
f 835/986/986 820/975/975 824/1083/1083
f 1097/1022/1022 1144/1021/1021 1100/1791/1791
f 1100/1791/1791 1144/1021/1021 1251/1782/1782
f 1251/1782/1782 1363/1769/1769 1148/1792/1792
f 1363/1769/1769 1454/1787/1787 1364/1070/1070
f 1364/1070/1070 1454/1787/1787 1455/1068/1068
f 555/1028/1028 567/979/979 568/1037/1037
f 1260/1783/1783 1138/1775/1775 1137/1080/1080
f 1137/1080/1080 1138/1775/1775 1139/1081/1081
f 1139/1081/1081 1138/1775/1775 1140/996/996
f 1037/1793/1793 1140/996/996 1145/1777/1777
f 1145/1777/1777 1034/1776/1776 1037/1793/1793
f 773/1785/1785 801/1771/1771 798/1794/1794
f 798/1794/1794 801/1771/1771 854/1772/1772
f 820/975/975 775/1779/1779 772/1084/1084
f 798/1794/1794 854/1772/1772 852/1789/1789
f 1076/1773/1773 1292/1786/1786 1370/1795/1795
f 1096/1781/1781 1097/1022/1022 1098/1796/1796
f 1100/1791/1791 1251/1782/1782 1148/1792/1792
f 1148/1792/1792 1363/1769/1769 1364/1070/1070
f 995/1026/1026 981/1014/1014 984/1053/1053
f 546/1057/1057 493/1016/1016 555/1028/1028
f 1037/1793/1793 1034/1776/1776 1014/1797/1797
f 1014/1797/1797 1034/1776/1776 1012/1788/1788
f 1003/1042/1042 1007/999/999 999/1043/1043
f 772/1084/1084 775/1779/1779 773/1785/1785
f 824/1083/1083 820/975/975 772/1084/1084
f 825/1085/1085 839/1100/1100 835/986/986
f 825/1085/1085 835/986/986 824/1083/1083
f 875/1780/1780 876/1798/1798 868/1799/1799
f 1370/1795/1795 1292/1786/1786 1278/1800/1800
f 1278/1800/1800 1292/1786/1786 1096/1781/1781
f 1278/1800/1800 1096/1781/1781 1098/1796/1796
f 1098/1796/1796 1097/1022/1022 1100/1791/1791
f 1148/1792/1792 1364/1070/1070 1255/1116/1116
f 1139/1081/1081 1140/996/996 1037/1793/1793
f 70/1778/1778 59/973/973 69/1096/1096
f 1009/1801/1801 1012/1788/1788 1007/999/999
f 1009/1801/1801 1007/999/999 1003/1042/1042
f 1004/1802/1802 1003/1042/1042 1002/1041/1041
f 1492/1784/1784 1494/1803/1803 1493/1790/1790
f 774/1804/1804 773/1785/1785 798/1794/1794
f 852/1789/1789 875/1780/1780 868/1799/1799
f 1102/1805/1805 1100/1791/1791 1148/1792/1792
f 1362/1106/1106 1364/1070/1070 1456/1069/1069
f 502/1049/1049 495/1048/1048 497/1074/1074
f 1381/1094/1094 1446/1061/1061 1350/1060/1060
f 1289/1806/1806 1350/1060/1060 1260/1783/1783
f 1013/1807/1807 1014/1797/1797 1012/1788/1788
f 1526/1011/1011 1531/1018/1018 1495/1098/1098
f 1526/1011/1011 1495/1098/1098 1492/1784/1784
f 772/1084/1084 773/1785/1785 774/1804/1804
f 1278/1800/1800 1098/1796/1796 1238/1808/1808
f 1098/1796/1796 1100/1791/1791 1102/1805/1805
f 1255/1116/1116 1364/1070/1070 1362/1106/1106
f 548/1091/1091 547/1075/1075 565/1076/1076
f 1381/1094/1094 1350/1060/1060 1289/1806/1806
f 1289/1806/1806 1260/1783/1783 1153/1113/1113
f 1260/1783/1783 1137/1080/1080 1153/1113/1113
f 1139/1081/1081 1037/1793/1793 1036/1809/1809
f 1009/1801/1801 1013/1807/1807 1012/1788/1788
f 1531/1018/1018 1545/1051/1051 1529/1097/1097
f 1494/1803/1803 1563/1810/1810 1564/1811/1811
f 1495/1098/1098 1494/1803/1803 1492/1784/1784
f 797/1812/1812 798/1794/1794 852/1789/1789
f 797/1812/1812 852/1789/1789 851/1813/1813
f 825/1085/1085 772/1084/1084 766/1127/1127
f 1098/1796/1796 1102/1805/1805 1238/1808/1808
f 1102/1805/1805 1148/1792/1792 1226/1814/1814
f 1226/1814/1814 1148/1792/1792 1255/1116/1116
f 1226/1814/1814 1255/1116/1116 1228/1815/1815
f 975/1108/1108 948/1073/1073 965/1110/1110
f 499/1092/1092 496/1056/1056 531/1121/1121
f 531/1121/1121 496/1056/1056 548/1091/1091
f 548/1091/1091 565/1076/1076 582/1132/1132
f 1466/1123/1123 1467/1095/1095 1381/1094/1094
f 1244/1816/1816 1381/1094/1094 1289/1806/1806
f 1036/1809/1809 1152/1082/1082 1139/1081/1081
f 1036/1809/1809 1037/1793/1793 1015/1817/1817
f 1015/1817/1817 1037/1793/1793 1014/1797/1797
f 767/1818/1818 774/1804/1804 798/1794/1794
f 772/1084/1084 774/1804/1804 767/1818/1818
f 868/1799/1799 851/1813/1813 852/1789/1789
f 868/1799/1799 876/1798/1798 873/1819/1819
f 1370/1795/1795 1278/1800/1800 1369/1820/1820
f 1228/1815/1815 1255/1116/1116 1281/1117/1117
f 531/1121/1121 548/1091/1091 563/1131/1131
f 1462/1821/1821 1466/1123/1123 1383/1124/1124
f 1383/1124/1124 1381/1094/1094 1244/1816/1816
f 1244/1816/1816 1289/1806/1806 1153/1113/1113
f 1053/1822/1822 1152/1082/1082 1036/1809/1809
f 1014/1797/1797 1013/1807/1807 1015/1817/1817
f 1494/1803/1803 1496/1823/1823 1563/1810/1810
f 1495/1098/1098 1529/1097/1097 1497/1145/1145
f 767/1818/1818 798/1794/1794 797/1812/1812
f 766/1127/1127 772/1084/1084 767/1818/1818
f 1278/1800/1800 1238/1808/1808 1254/1824/1824
f 1238/1808/1808 1102/1805/1805 1227/1825/1825
f 1102/1805/1805 1226/1814/1814 1227/1825/1825
f 1281/1117/1117 1362/1106/1106 1374/1105/1105
f 1374/1105/1105 1468/1826/1826 1372/1148/1148
f 1372/1148/1148 1468/1826/1826 1469/1149/1149
f 562/1827/1827 531/1121/1121 563/1131/1131
f 1154/1828/1828 1153/1113/1113 1152/1082/1082
f 1154/1828/1828 1152/1082/1082 1053/1822/1822
f 1545/1051/1051 1553/1159/1159 1543/1114/1114
f 1495/1098/1098 1497/1145/1145 1496/1823/1823
f 1495/1098/1098 1496/1823/1823 1494/1803/1803
f 1369/1820/1820 1278/1800/1800 1357/1829/1829
f 1357/1829/1829 1278/1800/1800 1254/1824/1824
f 1254/1824/1824 1238/1808/1808 1227/1825/1825
f 1227/1825/1825 1226/1814/1814 1228/1815/1815
f 1230/1830/1830 1228/1815/1815 1281/1117/1117
f 1281/1117/1117 1374/1105/1105 1282/1165/1165
f 1282/1165/1165 1374/1105/1105 1372/1148/1148
f 522/1122/1122 531/1121/1121 562/1827/1827
f 535/1831/1831 513/1111/1111 522/1122/1122
f 1377/1832/1832 1462/1821/1821 1383/1124/1124
f 1298/1833/1833 1383/1124/1124 1244/1816/1816
f 1244/1816/1816 1153/1113/1113 1155/1834/1834
f 1155/1834/1834 1153/1113/1113 1154/1828/1828
f 1036/1809/1809 1015/1817/1817 1017/1835/1835
f 1017/1835/1835 1015/1817/1817 1016/1836/1836
f 1499/1837/1837 1562/1838/1838 1563/1810/1810
f 1496/1823/1823 1499/1837/1837 1563/1810/1810
f 1497/1145/1145 1498/1839/1839 1496/1823/1823
f 823/1128/1128 766/1127/1127 765/1840/1840
f 1227/1825/1825 1228/1815/1815 1229/1841/1841
f 1229/1841/1841 1228/1815/1815 1230/1830/1830
f 1230/1830/1830 1281/1117/1117 1282/1165/1165
f 1679/1842/1842 1678/1843/1843 1670/1183/1183
f 1670/1183/1183 1678/1843/1843 1669/1844/1844
f 1669/1844/1844 1678/1843/1843 1680/1845/1845
f 1669/1844/1844 1680/1845/1845 1675/1846/1846
f 1675/1846/1846 1680/1845/1845 1684/1847/1847
f 533/1156/1156 513/1111/1111 535/1831/1831
f 1377/1832/1832 1383/1124/1124 1298/1833/1833
f 1298/1833/1833 1244/1816/1816 1156/1848/1848
f 1156/1848/1848 1244/1816/1816 1155/1834/1834
f 1052/1849/1849 1154/1828/1828 1053/1822/1822
f 1052/1849/1849 1053/1822/1822 1035/1850/1850
f 1035/1850/1850 1053/1822/1822 1036/1809/1809
f 1013/1807/1807 1016/1836/1836 1015/1817/1817
f 765/1840/1840 766/1127/1127 767/1818/1818
f 803/1851/1851 797/1812/1812 851/1813/1813
f 853/1852/1852 868/1799/1799 873/1819/1819
f 851/1813/1813 868/1799/1799 853/1852/1852
f 853/1852/1852 873/1819/1819 871/1853/1853
f 1369/1820/1820 1357/1829/1829 1420/1854/1854
f 1254/1824/1824 1227/1825/1825 1253/1855/1855
f 1232/1856/1856 1227/1825/1825 1229/1841/1841
f 1230/1830/1830 1282/1165/1165 1234/1857/1857
f 1673/1858/1858 1679/1842/1842 1670/1183/1183
f 545/1859/1859 535/1831/1831 522/1122/1122
f 1675/1846/1846 1684/1847/1847 1683/1860/1860
f 1157/1861/1861 1298/1833/1833 1156/1848/1848
f 1051/1197/1197 1155/1834/1834 1154/1828/1828
f 1051/1197/1197 1154/1828/1828 1052/1849/1849
f 1035/1850/1850 1036/1809/1809 1017/1835/1835
f 765/1840/1840 767/1818/1818 768/1862/1862
f 767/1818/1818 797/1812/1812 768/1862/1862
f 768/1862/1862 797/1812/1812 803/1851/1851
f 803/1851/1851 851/1813/1813 853/1852/1852
f 827/1202/1202 842/1204/1204 836/1099/1099
f 1357/1829/1829 1254/1824/1824 1253/1855/1855
f 1253/1855/1855 1227/1825/1825 1232/1856/1856
f 1234/1857/1857 1282/1165/1165 1316/1164/1164
f 1316/1164/1164 1372/1148/1148 1405/1150/1150
f 1665/1184/1184 1670/1183/1183 1669/1844/1844
f 1666/1182/1182 1673/1858/1858 1670/1183/1183
f 1377/1832/1832 1298/1833/1833 1326/1863/1863
f 1326/1863/1863 1298/1833/1833 1157/1861/1861
f 1051/1197/1197 1052/1849/1849 1035/1850/1850
f 1021/1864/1864 1035/1850/1850 1017/1835/1835
f 1529/1097/1097 1527/1160/1160 1520/1144/1144
f 1499/1837/1837 1560/1865/1865 1562/1838/1838
f 1520/1144/1144 1498/1839/1839 1497/1145/1145
f 1498/1839/1839 1499/1837/1837 1496/1823/1823
f 836/1099/1099 823/1128/1128 827/1202/1202
f 634/1129/1129 706/1137/1137 707/1174/1174
f 1357/1829/1829 1253/1855/1855 1358/1866/1866
f 1231/1867/1867 1232/1856/1856 1229/1841/1841
f 1231/1867/1867 1229/1841/1841 1230/1830/1830
f 1664/1868/1868 1669/1844/1844 1675/1846/1846
f 1681/1869/1869 1673/1858/1858 1671/1870/1870
f 1687/1871/1871 1688/1872/1872 1681/1869/1869
f 1667/1873/1873 1675/1846/1846 1683/1860/1860
f 1667/1873/1873 1683/1860/1860 1682/1874/1874
f 1157/1861/1861 1156/1848/1848 1057/1875/1875
f 1057/1875/1875 1156/1848/1848 1155/1834/1834
f 1057/1875/1875 1155/1834/1834 1054/1199/1199
f 1054/1199/1199 1155/1834/1834 1051/1197/1197
f 1018/1876/1876 1017/1835/1835 1016/1836/1836
f 1560/1865/1865 1567/1877/1877 1562/1838/1838
f 1498/1839/1839 1500/1227/1227 1499/1837/1837
f 802/1878/1878 803/1851/1851 853/1852/1852
f 827/1202/1202 823/1128/1128 765/1840/1840
f 1420/1854/1854 1357/1829/1829 1358/1866/1866
f 1308/1879/1879 1253/1855/1855 1232/1856/1856
f 1231/1867/1867 1230/1830/1830 1233/1880/1880
f 1233/1880/1880 1230/1830/1830 1234/1857/1857
f 1233/1880/1880 1234/1857/1857 1235/1881/1881
f 1250/1218/1218 1234/1857/1857 1316/1164/1164
f 1633/1194/1194 1641/1196/1196 1634/1155/1155
f 1665/1184/1184 1669/1844/1844 1664/1868/1868
f 1671/1870/1870 1673/1858/1858 1666/1182/1182
f 1664/1868/1868 1675/1846/1846 1667/1873/1873
f 1687/1871/1871 1681/1869/1869 1671/1870/1870
f 1033/1198/1198 1051/1197/1197 1035/1850/1850
f 1565/1882/1882 1567/1877/1877 1560/1865/1865
f 1499/1837/1837 1501/1229/1229 1560/1865/1865
f 802/1878/1878 768/1862/1862 803/1851/1851
f 853/1852/1852 871/1853/1853 860/1883/1883
f 1418/1884/1884 1420/1854/1854 1358/1866/1866
f 1358/1866/1866 1253/1855/1855 1308/1879/1879
f 1262/1885/1885 1232/1856/1856 1231/1867/1867
f 1235/1881/1881 1234/1857/1857 1250/1218/1218
f 1250/1218/1218 1316/1164/1164 1371/1190/1190
f 1661/1886/1886 1666/1182/1182 1665/1184/1184
f 1033/1198/1198 1035/1850/1850 1021/1864/1864
f 1018/1876/1876 1021/1864/1864 1017/1835/1835
f 1520/1144/1144 1511/1201/1201 1498/1839/1839
f 1498/1839/1839 1511/1201/1201 1500/1227/1227
f 1500/1227/1227 1501/1229/1229 1499/1837/1837
f 804/1887/1887 802/1878/1878 853/1852/1852
f 769/1213/1213 765/1840/1840 768/1862/1862
f 827/1202/1202 765/1840/1840 769/1213/1213
f 860/1883/1883 871/1853/1853 870/1888/1888
f 1308/1879/1879 1232/1856/1856 1262/1885/1885
f 1661/1886/1886 1665/1184/1184 1659/1889/1889
f 1659/1889/1889 1665/1184/1184 1664/1868/1868
f 1661/1886/1886 1671/1870/1870 1666/1182/1182
f 1672/1890/1890 1671/1870/1870 1661/1886/1886
f 1660/1891/1891 1664/1868/1868 1667/1873/1873
f 1660/1891/1891 1667/1873/1873 1663/1892/1892
f 1672/1890/1890 1687/1871/1871 1671/1870/1870
f 1663/1892/1892 1667/1873/1873 1676/1893/1893
f 1676/1893/1893 1667/1873/1873 1682/1874/1874
f 1387/1894/1894 1326/1863/1863 1240/1895/1895
f 1240/1895/1895 1326/1863/1863 1157/1861/1861
f 1240/1895/1895 1157/1861/1861 1057/1875/1875
f 1057/1875/1875 1054/1199/1199 1046/1247/1247
f 1054/1199/1199 1033/1198/1198 1046/1247/1247
f 1033/1198/1198 1021/1864/1864 1023/1896/1896
f 1561/1242/1242 1565/1882/1882 1560/1865/1865
f 1527/1160/1160 1541/1200/1200 1519/1234/1234
f 770/1897/1897 768/1862/1862 802/1878/1878
f 769/1213/1213 768/1862/1862 770/1897/1897
f 770/1897/1897 802/1878/1878 804/1887/1887
f 804/1887/1887 853/1852/1852 860/1883/1883
f 749/1214/1214 712/1188/1188 707/1174/1174
f 1262/1885/1885 1231/1867/1867 1236/1898/1898
f 1236/1898/1898 1231/1867/1867 1233/1880/1880
f 1256/1217/1217 1371/1190/1190 1390/1899/1899
f 1659/1889/1889 1664/1868/1868 1660/1891/1891
f 1527/1160/1160 1519/1234/1234 1511/1201/1201
f 1511/1201/1201 1502/1228/1228 1500/1227/1227
f 1308/1879/1879 1418/1884/1884 1358/1866/1866
f 1419/1900/1900 1418/1884/1884 1308/1879/1879
f 1236/1898/1898 1233/1880/1880 1235/1881/1881
f 1236/1898/1898 1235/1881/1881 1237/1901/1901
f 1237/1901/1901 1235/1881/1881 1256/1217/1217
f 1235/1881/1881 1250/1218/1218 1256/1217/1217
f 1662/1902/1902 1663/1892/1892 1676/1893/1893
f 1387/1894/1894 1240/1895/1895 1391/1903/1903
f 1240/1895/1895 1057/1875/1875 1047/1249/1249
f 1047/1249/1249 1057/1875/1875 1046/1247/1247
f 1018/1876/1876 1023/1896/1896 1021/1864/1864
f 1024/1904/1904 1023/1896/1896 1018/1876/1876
f 1541/1200/1200 1551/1905/1905 1539/1233/1233
f 1501/1229/1229 1561/1242/1242 1560/1865/1865
f 770/1897/1897 804/1887/1887 805/1906/1906
f 771/1907/1907 769/1213/1213 770/1897/1897
f 805/1906/1906 804/1887/1887 860/1883/1883
f 828/1206/1206 769/1213/1213 771/1907/1907
f 861/1908/1908 860/1883/1883 870/1888/1888
f 828/1206/1206 841/1251/1251 840/1203/1203
f 1419/1900/1900 1308/1879/1879 1386/1909/1909
f 1386/1909/1909 1308/1879/1879 1262/1885/1885
f 1653/1910/1910 1661/1886/1886 1659/1889/1889
f 1653/1910/1910 1659/1889/1889 1649/1911/1911
f 1649/1911/1911 1659/1889/1889 1660/1891/1891
f 1658/1912/1912 1672/1890/1890 1661/1886/1886
f 1651/1913/1913 1660/1891/1891 1663/1892/1892
f 1651/1913/1913 1663/1892/1892 1662/1902/1902
f 1674/1914/1914 1672/1890/1890 1658/1912/1912
f 1662/1902/1902 1676/1893/1893 1677/1915/1915
f 1391/1903/1903 1240/1895/1895 1062/1916/1916
f 1062/1916/1916 1240/1895/1895 1047/1249/1249
f 1046/1247/1247 1033/1198/1198 1045/1248/1248
f 1045/1248/1248 1033/1198/1198 1023/1896/1896
f 1503/1241/1241 1565/1882/1882 1561/1242/1242
f 1511/1201/1201 1519/1234/1234 1502/1228/1228
f 805/1906/1906 860/1883/1883 861/1908/1908
f 869/1917/1917 861/1908/1908 870/1888/1888
f 1262/1885/1885 1236/1898/1898 1309/1918/1918
f 1309/1918/1918 1236/1898/1898 1237/1901/1901
f 1256/1217/1217 1390/1899/1899 1398/1919/1919
f 1649/1911/1911 1660/1891/1891 1651/1913/1913
f 1658/1912/1912 1661/1886/1886 1653/1910/1910
f 1391/1903/1903 1062/1916/1916 1061/1920/1920
f 1565/1882/1882 1503/1241/1241 1566/1262/1262
f 1504/1243/1243 1503/1241/1241 1502/1228/1228
f 1502/1228/1228 1503/1241/1241 1501/1229/1229
f 771/1907/1907 770/1897/1897 788/1921/1921
f 788/1921/1921 770/1897/1897 805/1906/1906
f 810/1922/1922 861/1908/1908 869/1917/1917
f 841/1251/1251 828/1206/1206 832/1252/1252
f 1386/1909/1909 1262/1885/1885 1309/1918/1918
f 1309/1918/1918 1237/1901/1901 1320/1923/1923
f 1237/1901/1901 1256/1217/1217 1320/1923/1923
f 1320/1923/1923 1256/1217/1217 1368/1924/1924
f 1368/1924/1924 1256/1217/1217 1398/1919/1919
f 1623/1222/1222 1622/1237/1237 1612/1239/1239
f 1658/1912/1912 1653/1910/1910 1652/1925/1925
f 1657/1926/1926 1674/1914/1914 1658/1912/1912
f 1651/1913/1913 1662/1902/1902 1650/1927/1927
f 1662/1902/1902 1677/1915/1915 1668/1928/1928
f 1061/1920/1920 1062/1916/1916 1047/1249/1249
f 1048/1273/1273 1047/1249/1249 1045/1248/1248
f 1045/1248/1248 1023/1896/1896 1049/1272/1272
f 1551/1905/1905 1538/1284/1284 1539/1233/1233
f 1049/1272/1272 1023/1896/1896 1024/1904/1904
f 1539/1233/1233 1514/1254/1254 1519/1234/1234
f 1506/1929/1929 1566/1262/1262 1503/1241/1241
f 1504/1243/1243 1505/1274/1274 1503/1241/1241
f 789/1275/1275 771/1907/1907 788/1921/1921
f 788/1921/1921 805/1906/1906 810/1922/1922
f 810/1922/1922 805/1906/1906 861/1908/1908
f 828/1206/1206 771/1907/1907 789/1275/1275
f 832/1252/1252 828/1206/1206 789/1275/1275
f 1386/1909/1909 1309/1918/1918 1388/1930/1930
f 1639/1245/1245 1616/1238/1238 1638/1268/1268
f 1638/1268/1268 1616/1238/1238 1613/1259/1259
f 1652/1925/1925 1653/1910/1910 1649/1911/1911
f 1652/1925/1925 1649/1911/1911 1648/1931/1931
f 1648/1931/1931 1649/1911/1911 1650/1927/1927
f 1649/1911/1911 1651/1913/1913 1650/1927/1927
f 1657/1926/1926 1658/1912/1912 1652/1925/1925
f 1650/1927/1927 1662/1902/1902 1668/1928/1928
f 60/1231/1231 77/1240/1240 73/1260/1260
f 1061/1920/1920 1047/1249/1249 1048/1273/1273
f 1539/1233/1233 1538/1284/1284 1514/1254/1254
f 1503/1241/1241 1505/1274/1274 1506/1929/1929
f 789/1275/1275 788/1921/1921 790/1932/1932
f 796/1277/1277 832/1252/1252 789/1275/1275
f 1388/1930/1930 1309/1918/1918 1320/1923/1923
f 1656/1933/1933 1657/1926/1926 1652/1925/1925
f 1465/1934/1934 1391/1903/1903 1061/1920/1920
f 1576/1935/1935 1574/1936/1936 1573/1937/1937
f 1506/1929/1929 1568/1263/1263 1566/1262/1262
f 1505/1274/1274 1507/1938/1938 1506/1929/1929
f 1507/1938/1938 1568/1263/1263 1506/1929/1929
f 793/1276/1276 789/1275/1275 790/1932/1932
f 818/1939/1939 810/1922/1922 869/1917/1917
f 818/1939/1939 869/1917/1917 874/1940/1940
f 832/1252/1252 796/1277/1277 826/1278/1278
f 1656/1933/1933 1652/1925/1925 1655/1941/1941
f 1655/1941/1941 1652/1925/1925 1648/1931/1931
f 1655/1941/1941 1648/1931/1931 1654/1942/1942
f 1654/1942/1942 1648/1931/1931 1650/1927/1927
f 1654/1942/1942 1650/1927/1927 1668/1928/1928
f 1573/1937/1937 1574/1936/1936 1572/1943/1943
f 1514/1254/1254 1508/1292/1292 1505/1274/1274
f 790/1932/1932 788/1921/1921 799/1944/1944
f 799/1944/1944 788/1921/1921 810/1922/1922
f 818/1939/1939 874/1940/1940 872/1945/1945
f 838/1285/1285 848/1265/1265 826/1278/1278
f 1388/1930/1930 1320/1923/1923 1447/1946/1946
f 1447/1946/1946 1320/1923/1923 1368/1924/1924
f 1472/1947/1947 1447/1946/1946 1368/1924/1924
f 1642/1948/1948 1645/1269/1269 1638/1268/1268
f 1689/1949/1949 1657/1926/1926 1686/1950/1950
f 1686/1950/1950 1657/1926/1926 1656/1933/1933
f 1575/1951/1951 1576/1935/1935 1573/1937/1937
f 1540/1282/1282 1542/1952/1952 1518/1283/1283
f 1569/1281/1281 1572/1943/1943 1570/1264/1264
f 1538/1284/1284 1518/1283/1283 1514/1254/1254
f 1507/1938/1938 1569/1281/1281 1568/1263/1263
f 1505/1274/1274 1508/1292/1292 1507/1938/1938
f 799/1944/1944 810/1922/1922 818/1939/1939
f 826/1278/1278 796/1277/1277 794/1953/1953
f 819/1954/1954 818/1939/1939 872/1945/1945
f 826/1278/1278 794/1953/1953 814/1286/1286
f 867/1955/1955 819/1954/1954 872/1945/1945
f 838/1285/1285 826/1278/1278 814/1286/1286
f 1621/1257/1257 1643/1289/1289 1619/1279/1279
f 1620/1280/1280 1642/1948/1948 1638/1268/1268
f 1619/1279/1279 1620/1280/1280 1613/1259/1259
f 1686/1950/1950 1656/1933/1933 1655/1941/1941
f 1544/1956/1956 1559/1957/1957 1557/1958/1958
f 1655/1941/1941 1654/1942/1942 1685/1959/1959
f 1557/1958/1958 1575/1951/1951 1573/1937/1937
f 1542/1952/1952 1558/1960/1960 1544/1956/1956
f 1571/1961/1961 1557/1958/1958 1573/1937/1937
f 1542/1952/1952 1544/1956/1956 1525/1290/1290
f 1571/1961/1961 1573/1937/1937 1572/1943/1943
f 1571/1961/1961 1572/1943/1943 1569/1281/1281
f 1518/1283/1283 1542/1952/1952 1525/1290/1290
f 1509/1293/1293 1571/1961/1961 1569/1281/1281
f 1514/1254/1254 1518/1283/1283 1510/1291/1291
f 1507/1938/1938 1509/1293/1293 1569/1281/1281
f 1514/1254/1254 1510/1291/1291 1508/1292/1292
f 1508/1292/1292 1509/1293/1293 1507/1938/1938
f 796/1277/1277 793/1276/1276 794/1953/1953
f 794/1953/1953 793/1276/1276 790/1932/1932
f 799/1944/1944 818/1939/1939 800/1962/1962
f 800/1962/1962 818/1939/1939 819/1954/1954
f 819/1954/1954 867/1955/1955 816/1298/1298
f 867/1955/1955 866/1299/1299 816/1298/1298
f 866/1299/1299 867/1955/1955 882/1963/1963
f 1643/1289/1289 1647/1294/1294 1619/1279/1279
f 1620/1280/1280 1646/1295/1295 1642/1948/1948
f 1525/1290/1290 1544/1956/1956 1513/1964/1964
f 1544/1956/1956 1557/1958/1958 1513/1964/1964
f 1513/1964/1964 1557/1958/1958 1571/1961/1961
f 1525/1290/1290 1513/1964/1964 1510/1291/1291
f 1510/1291/1291 1513/1964/1964 1509/1293/1293
f 1509/1293/1293 1513/1964/1964 1571/1961/1961
f 790/1932/1932 799/1944/1944 795/1965/1965
f 795/1965/1965 799/1944/1944 800/1962/1962
f 794/1953/1953 790/1932/1932 795/1965/1965
f 794/1953/1953 795/1965/1965 814/1286/1286
f 814/1286/1286 795/1965/1965 815/1297/1297
f 795/1965/1965 800/1962/1962 816/1298/1298
f 815/1297/1297 795/1965/1965 816/1298/1298
f 816/1298/1298 800/1962/1962 819/1954/1954
f 863/1288/1288 814/1286/1286 815/1297/1297
f 863/1288/1288 815/1297/1297 864/1296/1296
