mtllib 4_6_2026.mtl
v -0.378119 -0.036745 0.101280
v -0.370962 -0.041464 0.098591
v -0.368244 -0.036495 0.114418
v -0.378561 -0.025650 0.125823
v -0.367916 -0.028704 0.130805
v -0.376460 -0.045893 0.074055
v -0.378957 -0.007577 0.154345
v -0.385853 -0.028946 0.104284
v -0.366928 -0.014260 0.155329
v -0.365061 -0.002768 0.173479
v -0.352099 -0.007133 0.176151
v -0.357115 -0.025599 0.142226
v -0.341602 -0.008927 0.178666
v -0.355189 -0.037247 0.120191
v -0.347352 -0.030704 0.135455
v -0.340513 0.007184 0.200561
v -0.352351 0.005405 0.191799
v -0.330040 0.001914 0.197628
v -0.358185 -0.045951 0.094863
v -0.324161 0.013286 0.213870
v -0.317092 0.016325 0.218656
v -0.359150 -0.050736 0.072000
v -0.328460 -0.008646 0.177398
v -0.330084 -0.018683 0.155049
v -0.375990 -0.050024 0.050224
v -0.343454 -0.038661 0.112329
v -0.330574 -0.027322 0.132899
v -0.314155 0.005251 0.199319
v -0.361272 -0.053321 0.049513
v -0.343323 -0.043027 0.096777
v -0.319273 0.038705 0.239738
v -0.309101 0.033414 0.237123
v -0.303556 0.054257 0.263130
v -0.298079 0.034320 0.238017
v -0.299950 0.025244 0.225365
v -0.303498 0.016490 0.212517
v -0.293315 0.053356 0.265162
v -0.290290 0.064897 0.281564
v -0.282747 0.050361 0.259838
v -0.280477 0.060922 0.277469
v -0.269945 0.062906 0.277019
v -0.268532 0.069300 0.290618
v -0.277216 0.075807 0.301909
v -0.264128 0.079333 0.310549
v -0.254678 0.079749 0.307184
v -0.249228 0.087969 0.326780
v -0.261388 0.088225 0.326130
v -0.245832 0.098430 0.345231
v -0.238068 0.095791 0.339841
v -0.224636 0.104746 0.354637
v -0.230502 0.106938 0.360628
v -0.215897 0.117231 0.377285
v -0.208802 0.114655 0.369562
v -0.193695 0.123758 0.383850
v -0.195528 0.129292 0.395791
v -0.184270 0.129791 0.395883
v -0.163900 0.143185 0.420518
v -0.285122 0.042777 0.246692
v -0.165894 0.138541 0.412823
v -0.146797 0.141612 0.417452
v -0.131393 0.146990 0.428877
v -0.116984 0.149041 0.430296
v -0.134138 0.154848 0.439468
v -0.107595 0.160782 0.449641
v -0.097835 0.154175 0.440856
v -0.071906 0.157064 0.445549
v -0.047954 0.161253 0.452719
v -0.048670 0.158103 0.446978
v -0.013394 0.155988 0.448524
v -0.019134 0.160091 0.455775
v -0.233742 0.110593 0.365170
v -0.040341 0.171419 0.465418
v 0.016446 0.155013 0.456209
v -0.212478 0.127367 0.390609
v -0.179206 0.145244 0.419543
v 0.022044 0.160115 0.463464
v 0.063402 0.150649 0.458345
v 0.067628 0.145086 0.447630
v 0.090850 0.144415 0.454477
v 0.092438 0.139581 0.445128
v 0.065073 0.158275 0.467739
v 0.123836 0.132315 0.443234
v 0.116984 0.139793 0.452541
v 0.142074 0.130290 0.440165
v 0.143588 0.122778 0.427617
v 0.165170 0.121620 0.425633
v 0.163413 0.115364 0.412444
v 0.181831 0.112314 0.408635
v 0.080334 0.161379 0.471949
v -0.259137 0.097502 0.339274
v 0.187024 0.107099 0.396552
v 0.201981 0.101685 0.385879
v -0.023343 0.171003 0.467008
v -0.080630 0.172191 0.463573
v 0.119609 0.126466 0.427101
v -0.129935 0.166794 0.452698
v -0.104296 0.174605 0.463400
v -0.225305 0.128619 0.387550
v 0.008140 0.169793 0.471056
v 0.037023 0.171175 0.476558
v -0.203757 0.144657 0.411335
v 0.132124 0.143374 0.454144
v -0.278599 0.089035 0.317990
v -0.036259 0.183984 0.477118
v 0.003565 0.184218 0.483105
v -0.076550 0.185081 0.474913
v 0.059574 0.176292 0.483168
v 0.038880 0.182507 0.485691
v -0.171078 0.165320 0.440475
v 0.101557 0.159934 0.470511
v -0.248436 0.116353 0.364929
v 0.160808 0.132008 0.438876
v -0.102408 0.183832 0.470984
v -0.132481 0.172559 0.457140
v -0.295158 0.075380 0.290772
v -0.334066 0.021884 0.217964
v -0.128621 0.184564 0.466725
v -0.271464 0.102912 0.337629
v -0.155063 0.181526 0.457395
v -0.312745 0.059491 0.263013
v 0.079872 0.176919 0.482928
v -0.197634 0.167626 0.432123
v -0.223706 0.153710 0.409932
v -0.233975 0.139055 0.392516
v -0.036831 0.193611 0.483603
v -0.330728 0.042633 0.236792
v -0.160779 0.136977 0.402756
v -0.286197 0.036650 0.233644
v -0.172475 0.183093 0.452477
v -0.349584 0.019569 0.206357
v 0.146741 0.148558 0.454519
v 0.174201 0.136297 0.438817
v -0.364644 0.010162 0.187847
v 0.116374 0.161025 0.468682
v -0.073968 0.200403 0.484042
v -0.254778 0.133997 0.375874
v -0.258175 0.122357 0.364272
v -0.271836 0.126139 0.357717
v -0.313942 -0.004408 0.173196
v -0.282360 0.104713 0.331000
v -0.258952 0.073072 0.290032
v -0.378606 0.009267 0.174532
v -0.146452 0.196410 0.468262
v -0.222046 0.171866 0.422890
v -0.298445 0.096233 0.308099
v -0.342381 -0.046541 0.074766
v -0.319585 0.060738 0.259303
v -0.313541 0.079196 0.279086
v -0.275001 0.051973 0.255076
v -0.206491 0.184826 0.438488
v -0.239044 0.092339 0.327573
v -0.359321 0.024630 0.203361
v -0.334408 0.054702 0.243137
v -0.240230 0.163691 0.406431
v -0.378004 -0.052560 0.006282
v -0.361928 -0.056027 0.007292
v -0.361720 -0.059411 -0.010383
v -0.375955 -0.057289 -0.012214
v -0.359373 -0.062155 -0.020712
v -0.329593 -0.035352 0.103127
v -0.343882 -0.050123 0.045954
v -0.344051 -0.051141 0.027281
v -0.352055 -0.054813 0.005181
v -0.293021 0.023274 0.211639
v -0.342400 -0.052438 0.005334
v -0.304734 0.006739 0.189583
v -0.313048 -0.009472 0.154676
v -0.223108 0.104254 0.346250
v -0.390843 -0.044894 0.006303
v -0.385936 -0.054959 -0.020851
v -0.375290 -0.064278 -0.031559
v -0.384396 -0.065106 -0.044888
v -0.374405 -0.077257 -0.056861
v -0.391267 -0.076522 -0.073056
v -0.376508 -0.092848 -0.083169
v -0.386924 -0.091627 -0.091799
v -0.364291 -0.123738 -0.111047
v -0.394856 -0.062848 -0.054433
v -0.397042 -0.055663 -0.043883
v -0.383272 -0.109160 -0.112036
v -0.374739 -0.128171 -0.126511
v -0.400082 -0.044521 -0.020711
v -0.328633 -0.038922 0.077043
v -0.383994 -0.044999 0.050854
v -0.315203 -0.017072 0.131472
v -0.248534 0.082795 0.301823
v -0.324737 -0.039628 0.024555
v -0.326316 -0.039929 0.041209
v -0.327432 -0.044769 -0.000635
v -0.301224 0.006397 0.175481
v -0.265816 0.062102 0.263876
v -0.259285 0.070587 0.276786
v -0.237500 0.092839 0.317859
v -0.315541 -0.024416 0.099115
v -0.277947 0.043874 0.230349
v -0.317892 -0.036016 0.003718
v -0.315006 -0.026690 0.076558
v -0.290795 0.022177 0.197538
v -0.251483 0.079502 0.285141
v -0.314268 -0.027713 0.037202
v -0.312843 -0.029798 0.004986
v 0.229615 0.112980 0.276776
v 0.230762 0.108459 0.282056
v 0.217801 0.112135 0.300203
v 0.222247 0.105836 0.302683
v 0.241402 0.106212 0.268447
v 0.239581 0.113502 0.254271
v 0.248424 0.107654 0.247263
v 0.245896 0.117508 0.231197
v 0.251375 0.111759 0.228548
v 0.260809 0.111688 0.200238
v 0.256872 0.106377 0.229901
v 0.264784 0.103562 0.210700
v 0.205643 0.105588 0.324653
v 0.197819 0.111162 0.327906
v 0.240295 0.101617 0.285271
v 0.222755 0.100631 0.314799
v 0.269680 0.097378 0.225926
v 0.203850 0.099733 0.340933
v 0.189131 0.106408 0.343207
v 0.197472 0.098955 0.355637
v 0.248585 0.103825 0.264935
v 0.179941 0.106805 0.356545
v 0.259363 0.102541 0.249509
v 0.267119 0.099333 0.241998
v 0.172004 0.108521 0.368781
v 0.159037 0.115634 0.370999
v 0.222773 0.097583 0.325780
v 0.234463 0.098274 0.310119
v 0.190812 0.100827 0.370278
v 0.216479 0.095655 0.346174
v 0.268871 0.098156 0.270680
v 0.278180 0.094369 0.260950
v 0.278477 0.091000 0.289491
v 0.263362 0.097007 0.289249
v 0.268813 0.092075 0.305006
v 0.249245 0.092709 0.325619
v 0.218999 0.093214 0.363767
v 0.203790 0.096581 0.371034
v 0.242875 0.093146 0.338733
v 0.238320 0.093224 0.349670
v 0.284546 0.090072 0.290347
v 0.165326 0.111948 0.379270
v 0.151121 0.117052 0.387191
v 0.139813 0.125681 0.375526
v 0.141251 0.122034 0.383665
v 0.127631 0.124945 0.394365
v 0.142914 0.118658 0.402725
v 0.121573 0.125249 0.402892
v 0.084056 0.140885 0.404690
v 0.081424 0.140202 0.416949
v 0.065914 0.147298 0.405185
v 0.061623 0.145739 0.416555
v 0.104064 0.131183 0.416124
v 0.040900 0.153588 0.405811
v 0.111549 0.135721 0.386873
v 0.078795 0.146835 0.395981
v 0.123876 0.124199 0.417626
v 0.289469 0.086607 0.266857
v 0.163418 0.113201 0.401108
v 0.030338 0.152083 0.416970
v 0.011402 0.158690 0.407320
v 0.081279 0.140557 0.434393
v 0.070504 0.143152 0.432755
v 0.040890 0.148910 0.432661
v 0.176534 0.108622 0.389637
v 0.010750 0.153201 0.433462
v 0.291533 0.086710 0.278497
v 0.299467 0.083154 0.267998
v 0.040535 0.149453 0.448063
v 0.146901 0.118593 0.415260
v -0.015556 0.156994 0.416573
v -0.024025 0.156614 0.437659
v -0.045462 0.157476 0.433440
v -0.042775 0.157901 0.412382
v -0.013821 0.159325 0.410386
v 0.295786 0.078077 0.241377
v 0.310361 0.077092 0.251370
v 0.314337 0.066896 0.205547
v 0.302023 0.071227 0.204096
v 0.294782 0.074532 0.197012
v 0.322311 0.058692 0.183019
v 0.301427 0.067380 0.181827
v 0.319798 0.072121 0.232777
v 0.322346 0.064262 0.201511
v -0.069603 0.155965 0.433326
v -0.064520 0.156258 0.410861
v 0.329950 0.066340 0.210866
v 0.292523 0.068876 0.163180
v 0.313851 0.058044 0.170522
v 0.301087 0.058969 0.151678
v 0.324583 0.050879 0.162344
v 0.319729 0.041385 0.126314
v 0.330161 0.039771 0.133848
v 0.340508 0.026791 0.104227
v 0.328288 0.025956 0.090008
v 0.344495 0.012460 0.070108
v 0.337870 -0.007947 0.009123
v 0.350488 -0.004117 0.032025
v 0.334857 0.006411 0.044730
v 0.353775 -0.017414 -0.001910
v 0.337956 -0.016752 -0.012713
v -0.087220 0.153073 0.417862
v 0.338485 -0.031269 -0.044869
v 0.354439 -0.035313 -0.043296
v 0.357286 -0.048110 -0.066914
v 0.336204 -0.045609 -0.074529
v 0.336500 -0.068451 -0.114260
v 0.356753 -0.066184 -0.098520
v 0.355573 -0.076572 -0.118416
v 0.335061 -0.082017 -0.137163
v 0.345983 -0.092786 -0.148243
v 0.322154 -0.098500 -0.165893
v 0.324523 0.001024 0.017048
v 0.323969 -0.008151 -0.007780
v 0.324837 -0.019914 -0.034773
v 0.314157 0.025967 0.071302
v 0.308678 0.038241 0.098071
v 0.319793 0.013115 0.042760
v 0.325643 -0.034730 -0.065279
v 0.304907 0.049917 0.130550
v -0.092240 0.153049 0.406216
v -0.120958 0.147191 0.401489
v -0.155560 0.138160 0.396403
v -0.177677 0.130259 0.386458
v 0.324421 -0.077423 -0.138605
v 0.331637 -0.053307 -0.093007
v -0.153857 0.139298 0.385638
v 0.330913 -0.104630 -0.168484
v 0.328440 -0.117554 -0.184299
v 0.316766 -0.121236 -0.190327
v 0.323246 -0.089447 -0.155084
v 0.309563 -0.101069 -0.175732
v 0.307936 -0.114088 -0.186845
v -0.172189 0.133178 0.375647
v 0.325298 -0.062951 -0.117489
v -0.186997 0.126759 0.368178
v -0.201735 0.117912 0.365537
v 0.322814 -0.045025 -0.091414
v 0.287333 0.082854 0.230205
v 0.284754 0.082740 0.201816
v 0.283570 0.081902 0.183403
v -0.130298 0.145658 0.394651
v 0.313771 0.013360 0.023081
v 0.311463 0.011667 0.008417
v 0.311120 0.006944 -0.004410
v 0.310943 -0.006467 -0.037493
v 0.314666 -0.024215 -0.067821
v -0.210496 0.113394 0.347501
v -0.224891 0.103573 0.331811
v -0.191182 0.126544 0.360096
v -0.118945 0.151143 0.393782
v 0.070081 0.152833 0.392411
v 0.261147 -0.210559 -0.371639
v 0.279661 -0.205244 -0.344807
v 0.260102 -0.221451 -0.351926
v 0.249606 -0.221286 -0.376596
v 0.235113 -0.238016 -0.373722
v 0.229790 -0.232218 -0.393630
v 0.211521 -0.249810 -0.393535
v 0.218872 -0.250989 -0.375971
v 0.206810 -0.244442 -0.408653
v 0.283863 -0.189848 -0.359738
v 0.242316 -0.215438 -0.395306
v 0.293698 -0.183209 -0.348876
v 0.272497 -0.191599 -0.376413
v 0.299278 -0.186889 -0.329853
v 0.286101 -0.203835 -0.331293
v 0.185617 -0.262340 -0.409353
v 0.312002 -0.183625 -0.297435
v 0.293602 -0.200880 -0.313387
v 0.269201 -0.219568 -0.329869
v 0.325561 -0.162098 -0.301619
v 0.331911 -0.160044 -0.284427
v 0.242088 -0.238329 -0.348119
v 0.321292 -0.175838 -0.280775
v 0.297583 -0.199123 -0.300440
v 0.323588 -0.151276 -0.323595
v 0.346253 -0.138584 -0.280562
v 0.345156 -0.129411 -0.300320
v 0.328020 -0.127333 -0.344844
v 0.334303 -0.127508 -0.330634
v 0.302813 -0.156819 -0.362141
v 0.288953 -0.166955 -0.375603
v 0.316716 -0.134595 -0.359095
v 0.348314 -0.105064 -0.323729
v 0.357327 -0.103832 -0.301758
v 0.361122 -0.109390 -0.282018
v 0.255062 -0.196686 -0.395473
v 0.270888 -0.175958 -0.392477
v 0.345684 -0.144619 -0.266894
v 0.340848 -0.152585 -0.262494
v 0.370973 -0.105778 -0.251352
v 0.361507 -0.123533 -0.248770
v 0.373745 -0.088862 -0.270959
v 0.388677 -0.074579 -0.239664
v 0.393184 -0.076128 -0.215671
v 0.377616 -0.101410 -0.226281
v 0.366591 -0.087194 -0.294346
v 0.383199 -0.071230 -0.262789
v 0.334989 -0.110361 -0.345382
v 0.390361 -0.084212 -0.202922
v 0.371089 -0.112564 -0.221493
v 0.324350 -0.173396 -0.268678
v 0.408178 -0.043916 -0.205187
v 0.397450 -0.058018 -0.229122
v 0.404627 -0.062139 -0.176723
v 0.413141 -0.043530 -0.175692
v 0.422448 -0.033293 -0.142834
v 0.413740 -0.050849 -0.129406
v 0.422215 -0.036576 -0.125116
v 0.391515 -0.084157 -0.176869
v 0.379341 -0.101323 -0.195301
v 0.305101 -0.192902 -0.284652
v 0.423248 -0.024382 -0.159891
v 0.421918 -0.037257 -0.108859
v 0.341617 -0.151515 -0.248591
v 0.363091 -0.122437 -0.215841
v 0.429511 -0.020340 -0.123494
v 0.417840 -0.026893 -0.182929
v 0.432451 -0.009823 -0.129600
v 0.390471 -0.056809 -0.253885
v 0.432976 -0.012587 -0.103412
v 0.395176 -0.077520 -0.154304
v 0.405279 -0.063607 -0.139043
v 0.385842 -0.090476 -0.168647
v 0.276995 -0.216025 -0.312220
v 0.428922 -0.019329 -0.083755
v 0.407017 -0.057890 -0.115612
v 0.308004 -0.189094 -0.271663
v 0.285241 -0.209820 -0.301628
v 0.427099 -0.012276 -0.158709
v 0.421617 -0.033522 -0.090482
v 0.219670 -0.252999 -0.363065
v 0.370637 -0.109692 -0.189694
v 0.401227 -0.042942 -0.230432
v 0.391670 -0.077513 -0.136430
v 0.354878 -0.132362 -0.221963
v 0.380379 -0.060038 -0.279046
v 0.437137 0.004235 -0.083060
v 0.435366 0.001597 -0.118200
v 0.422433 -0.025328 -0.071130
v 0.321220 -0.174400 -0.256847
v 0.430541 -0.010573 -0.070263
v 0.250780 -0.234555 -0.319426
v 0.228247 -0.248764 -0.345177
v 0.339784 -0.150471 -0.236092
v 0.188213 -0.267491 -0.393933
v 0.411197 -0.043381 -0.084223
v 0.198104 -0.265161 -0.376397
v 0.382279 -0.093077 -0.165521
v 0.371660 -0.105432 -0.177884
v 0.436758 0.013805 -0.054747
v 0.422634 -0.006252 -0.034076
v 0.270459 -0.220240 -0.303390
v 0.428681 0.003549 -0.036794
v 0.421321 0.007953 0.003530
v 0.426251 0.019303 0.010985
v 0.420745 0.014934 0.022591
v 0.433613 0.018163 -0.029671
v 0.411388 0.006170 0.027830
v 0.414326 -0.002412 -0.001629
v 0.411271 -0.017865 -0.031668
v 0.354984 -0.127608 -0.209236
v 0.287103 -0.206652 -0.288362
v 0.415425 0.021730 0.050800
v 0.410561 0.019594 0.058692
v 0.426596 0.041140 0.049231
v 0.419724 0.042658 0.075625
v 0.257850 -0.227575 -0.302813
v 0.202974 -0.263745 -0.356294
v 0.190264 -0.270332 -0.371656
v 0.232298 -0.245893 -0.329861
v 0.418628 0.046697 0.084323
v 0.428131 0.040800 0.041557
v 0.430273 0.023774 -0.001488
v 0.430422 0.040273 0.027992
v 0.214753 -0.255448 -0.332775
v 0.196497 -0.266419 -0.349403
v 0.182084 -0.273297 -0.351136
v 0.164299 -0.283742 -0.372930
v 0.151256 -0.289240 -0.392453
v 0.130721 -0.299082 -0.390006
v 0.135378 -0.296804 -0.376622
v 0.168079 -0.279801 -0.393548
v 0.093168 -0.313735 -0.394854
v 0.097653 -0.311483 -0.407794
v 0.126812 -0.298315 -0.408378
v 0.061302 -0.322788 -0.407747
v 0.153726 -0.284009 -0.408511
v 0.074074 -0.316512 -0.423115
v 0.044683 -0.325530 -0.424602
v 0.021841 -0.334099 -0.409467
v 0.007139 -0.337699 -0.422888
v -0.012285 -0.344189 -0.412110
v -0.027756 -0.348544 -0.423380
v -0.038213 -0.352930 -0.409547
v -0.053155 -0.354572 -0.425299
v -0.055879 -0.357204 -0.408303
v -0.042387 -0.349159 -0.439270
v -0.011315 -0.340090 -0.437564
v -0.075922 -0.357848 -0.426713
v -0.075096 -0.360198 -0.405026
v 0.090187 -0.310064 -0.424438
v 0.112129 -0.299853 -0.424598
v -0.076412 -0.354634 -0.445103
v 0.008529 -0.332676 -0.439662
v 0.030146 -0.325550 -0.440062
v -0.099360 -0.358423 -0.418384
v -0.084803 -0.359596 -0.402230
v -0.105568 -0.357071 -0.433979
v -0.102421 -0.358113 -0.398178
v -0.126515 -0.356547 -0.394307
v -0.124037 -0.356490 -0.426936
v -0.146086 -0.353523 -0.411056
v -0.153332 -0.352541 -0.389559
v -0.050598 -0.345530 -0.455875
v -0.100762 -0.352695 -0.454018
v -0.173363 -0.347751 -0.409250
v -0.189181 -0.344523 -0.383796
v -0.151137 -0.351335 -0.428260
v -0.164406 -0.350088 -0.387213
v -0.126352 -0.354188 -0.438438
v -0.078253 -0.350947 -0.456370
v -0.221757 -0.333986 -0.394689
v -0.204523 -0.339947 -0.378847
v -0.227703 -0.331775 -0.374562
v -0.125565 -0.349486 -0.453923
v -0.176237 -0.344387 -0.428025
v -0.208286 -0.336590 -0.409409
v -0.196393 -0.337610 -0.426460
v -0.150917 -0.347997 -0.440285
v 0.359656 0.029863 0.112458
v 0.385226 0.014466 0.075248
v 0.377205 0.028291 0.105268
v 0.366466 0.034459 0.120438
v 0.360697 0.015773 0.081486
v 0.375941 -0.004932 0.034126
v 0.388778 -0.003372 0.035870
v 0.348966 0.034161 0.122560
v 0.357152 0.046497 0.149662
v 0.339773 0.049072 0.157854
v 0.349111 0.054974 0.171719
v 0.340818 0.062237 0.192634
v 0.374471 -0.017813 0.000615
v 0.361488 -0.002006 0.040088
v 0.392244 -0.015656 0.001506
v 0.391867 -0.026807 -0.026964
v 0.375190 -0.031740 -0.033962
v 0.374246 -0.046662 -0.064591
v 0.390965 -0.039915 -0.055133
v 0.373904 -0.071353 -0.109940
v 0.387509 -0.066075 -0.104442
v 0.375068 -0.084091 -0.133957
v 0.359720 -0.096446 -0.153066
v 0.374753 -0.095168 -0.156722
v 0.360766 -0.106625 -0.171510
v 0.345357 -0.107232 -0.170153
v 0.392234 -0.050542 -0.076543
v 0.372686 0.046519 0.138564
v 0.345692 -0.117912 -0.185956
v 0.356012 -0.119650 -0.193076
v 0.400471 -0.027324 -0.037977
v 0.395811 0.024621 0.085964
v 0.361105 0.063847 0.179172
v 0.342628 -0.132857 -0.205794
v 0.329812 -0.130573 -0.198957
v 0.395896 0.000870 0.038279
v 0.390524 -0.074545 -0.127307
v 0.382311 0.047093 0.132180
v 0.328055 -0.149032 -0.219905
v 0.336091 -0.150050 -0.227794
v 0.322731 -0.165631 -0.240079
v 0.311011 -0.169587 -0.238551
v 0.306541 -0.184572 -0.257593
v 0.296457 -0.183425 -0.252073
v 0.292605 -0.197523 -0.270989
v 0.273836 -0.214428 -0.287922
v 0.285274 -0.197387 -0.268776
v 0.265804 -0.212336 -0.281416
v 0.252930 -0.225262 -0.293184
v 0.244270 -0.233957 -0.302677
v 0.228727 -0.246379 -0.319134
v 0.225223 -0.242842 -0.307702
v 0.204329 -0.256935 -0.323489
v 0.205938 -0.250686 -0.312135
v 0.190180 -0.259200 -0.321372
v 0.195821 -0.264228 -0.335502
v 0.173053 -0.272151 -0.337682
v 0.162143 -0.281719 -0.351972
v 0.143257 -0.288360 -0.353996
v 0.142397 -0.281962 -0.342057
v 0.131070 -0.296650 -0.368519
v 0.127257 -0.291649 -0.353616
v 0.118480 -0.299128 -0.365941
v 0.239496 -0.227634 -0.292500
v 0.098367 -0.310150 -0.383642
v 0.085834 -0.307017 -0.370099
v 0.076056 -0.315229 -0.383663
v 0.094103 -0.299185 -0.360002
v 0.167045 -0.265250 -0.326421
v 0.060628 -0.321719 -0.395999
v 0.035199 -0.323504 -0.384324
v 0.033167 -0.328732 -0.396979
v 0.000141 -0.338239 -0.396714
v 0.313439 -0.149205 -0.216954
v -0.017962 -0.343005 -0.398584
v -0.035979 -0.350052 -0.402752
v 0.122796 -0.285174 -0.344835
v 0.147674 -0.272270 -0.332916
v 0.297593 -0.170891 -0.238138
v 0.220919 -0.234898 -0.298756
v 0.187586 -0.256083 -0.317810
v 0.282793 -0.191167 -0.261539
v 0.268479 -0.203103 -0.273888
v 0.299559 -0.155968 -0.224021
v 0.283643 -0.172383 -0.242115
v -0.298057 -0.179276 -0.191267
v -0.308471 -0.179491 -0.184688
v -0.306978 -0.198389 -0.205194
v -0.293849 -0.199742 -0.214324
v -0.308545 -0.161778 -0.164145
v -0.301630 -0.218290 -0.225616
v -0.293308 -0.228182 -0.237332
v -0.328453 -0.145392 -0.135065
v -0.310253 -0.143822 -0.145811
v -0.325810 -0.129048 -0.119890
v -0.320817 -0.153298 -0.148498
v -0.294957 -0.154580 -0.167598
v -0.296629 -0.135075 -0.149068
v -0.289517 -0.177499 -0.196300
v -0.310207 -0.115216 -0.120788
v -0.322947 -0.103176 -0.100536
v -0.280121 -0.179166 -0.207194
v -0.279988 -0.194484 -0.220663
v -0.276711 -0.216074 -0.239820
v -0.280427 -0.153646 -0.182333
v -0.265298 -0.187064 -0.229139
v -0.281389 -0.142077 -0.170834
v -0.256753 -0.208828 -0.250600
v -0.275874 -0.233367 -0.251840
v -0.308999 -0.088198 -0.103133
v -0.300694 -0.104114 -0.123583
v -0.324197 -0.089853 -0.088265
v -0.313569 -0.080348 -0.091234
v -0.322429 -0.080631 -0.080905
v -0.320781 -0.073652 -0.074717
v -0.332714 -0.074308 -0.062284
v -0.272699 -0.172003 -0.209923
v -0.341782 -0.092310 -0.078721
v -0.341436 -0.102813 -0.089667
v -0.284409 -0.246407 -0.256984
v -0.260516 -0.245120 -0.269246
v -0.243001 -0.219764 -0.267058
v -0.267924 -0.262720 -0.276878
v -0.251529 -0.187708 -0.243046
v -0.256757 -0.178899 -0.233387
v -0.232737 -0.206267 -0.269741
v -0.249821 -0.256056 -0.282043
v -0.231424 -0.243359 -0.287189
v -0.339466 -0.124818 -0.109159
v -0.255098 -0.276712 -0.293383
v -0.225777 -0.232683 -0.286396
v -0.228369 -0.263941 -0.299433
v -0.241709 -0.278725 -0.300352
v -0.215592 -0.250735 -0.301778
v -0.338377 -0.138545 -0.123044
v -0.343383 -0.083766 -0.067021
v -0.324290 -0.061646 -0.051980
v -0.342065 -0.071003 -0.047272
v -0.223982 -0.283929 -0.311061
v -0.208306 -0.300137 -0.328014
v -0.204318 -0.282344 -0.320786
v -0.215307 -0.307926 -0.330775
v -0.191957 -0.302195 -0.335929
v -0.201014 -0.316370 -0.341071
v -0.179371 -0.293278 -0.337135
v -0.175330 -0.309061 -0.345060
v -0.178701 -0.323400 -0.352355
v -0.140497 -0.324587 -0.362177
v -0.155085 -0.312804 -0.352841
v -0.129003 -0.316914 -0.361056
v -0.342436 -0.059056 -0.019637
v -0.328299 -0.054810 -0.030470
v -0.312354 -0.049271 -0.049131
v -0.317149 -0.062253 -0.064468
v -0.313611 -0.040389 -0.023420
v -0.309120 -0.059890 -0.079950
v -0.199185 -0.337179 -0.368760
v -0.174977 -0.339903 -0.370363
v -0.196271 -0.330809 -0.357253
v -0.215019 -0.328978 -0.355533
v -0.148801 -0.347396 -0.382024
v -0.213952 -0.316359 -0.339197
v -0.148686 -0.338829 -0.370645
v -0.175221 -0.331955 -0.360373
v -0.244933 -0.303722 -0.322726
v -0.236130 -0.303794 -0.323015
v -0.127813 -0.343357 -0.379080
v -0.247029 -0.289659 -0.307378
v -0.256821 -0.293630 -0.312295
v -0.264950 -0.279106 -0.295806
v -0.286941 -0.261264 -0.274345
v -0.314048 -0.244977 -0.255902
v -0.312649 -0.226333 -0.233377
v -0.320520 -0.230391 -0.238432
v -0.317939 -0.205369 -0.211269
v -0.320190 -0.176914 -0.179752
v -0.337901 -0.175570 -0.177251
v -0.122712 -0.335134 -0.371900
v -0.086998 -0.332196 -0.375004
v -0.072823 -0.338592 -0.383125
v -0.068715 -0.329573 -0.373940
v -0.076212 -0.351684 -0.395818
v -0.047641 -0.330680 -0.376057
v -0.053310 -0.343053 -0.392046
v -0.054020 -0.353951 -0.403795
v -0.040085 -0.337521 -0.386070
v -0.334835 -0.205542 -0.211733
v 0.002525 -0.331223 -0.384838
v -0.042938 -0.323406 -0.370968
v -0.000137 -0.318542 -0.373535
v 0.028011 -0.318863 -0.377255
v 0.062747 -0.310263 -0.372508
v 0.045466 -0.312329 -0.372909
v 0.062753 -0.304167 -0.367474
v 0.069832 -0.298331 -0.363042
v -0.342934 -0.189692 -0.193907
v -0.351526 -0.176087 -0.177992
v 0.020033 -0.312908 -0.372182
v -0.327994 -0.221422 -0.229357
v -0.349551 -0.158750 -0.153342
v -0.281952 -0.282236 -0.301459
v -0.358708 -0.150511 -0.142520
v -0.359565 -0.140434 -0.129222
v -0.355976 -0.107027 -0.093329
v -0.368264 -0.100119 -0.086593
v -0.357594 -0.090284 -0.074729
v -0.371202 -0.085985 -0.068833
v -0.357983 -0.076004 -0.052694
v -0.306687 -0.258534 -0.274390
v -0.254626 -0.308680 -0.331804
v -0.230047 -0.325184 -0.352489
v -0.269824 -0.295623 -0.317896
v 0.046462 -0.301597 -0.367127
v -0.353402 -0.067371 -0.035905
v -0.363672 -0.069996 -0.041380
v 0.080172 -0.288064 -0.354811
v 0.095842 -0.286642 -0.349948
v 0.126062 -0.273408 -0.336228
v 0.153263 -0.261130 -0.325698
v 0.170920 -0.251681 -0.318513
v -0.358431 -0.166002 -0.166341
v 0.197080 -0.245101 -0.308731
v 0.212172 -0.230337 -0.297400
v 0.229732 -0.210257 -0.282952
v 0.246030 -0.214545 -0.282552
v 0.265714 -0.193406 -0.268675
v -0.352931 -0.188026 -0.199283
v -0.243845 -0.320149 -0.351755
v -0.363661 -0.166925 -0.173385
v -0.348565 -0.201458 -0.218504
v -0.297077 -0.271444 -0.294555
v -0.371260 -0.151501 -0.157795
v -0.253965 -0.316193 -0.353737
v -0.341392 -0.215796 -0.236056
v -0.239480 -0.326628 -0.374814
v -0.291828 -0.286372 -0.327467
v -0.267473 -0.306958 -0.348531
v 0.044609 -0.277241 -0.360377
v 0.022041 -0.292899 -0.365153
v 0.026061 -0.305354 -0.368505
v 0.013086 -0.297807 -0.365928
v 0.000342 -0.280838 -0.362065
v -0.021195 -0.291335 -0.362426
v -0.022492 -0.307581 -0.366093
v -0.045345 -0.304393 -0.364309
v -0.047840 -0.316862 -0.367730
v -0.080383 -0.304342 -0.364410
v -0.080724 -0.320238 -0.369044
v -0.103408 -0.304320 -0.362498
v -0.103781 -0.318501 -0.366325
v 0.017657 -0.248761 -0.358112
v -0.076040 -0.289437 -0.362551
v -0.048257 -0.287456 -0.362386
v -0.098452 -0.290667 -0.360633
v 0.031986 -0.276211 -0.361934
v 0.000680 -0.248390 -0.358320
v -0.012333 -0.263524 -0.359946
v 0.016484 -0.231399 -0.357014
v 0.029875 -0.251132 -0.357349
v -0.082379 -0.276130 -0.361520
v -0.064689 -0.267722 -0.362418
v -0.099364 -0.267814 -0.359278
v -0.048326 -0.269867 -0.361986
v -0.029669 -0.265183 -0.361009
v 0.032659 -0.231019 -0.355084
v -0.124656 -0.283065 -0.354195
v -0.121431 -0.264664 -0.354226
v -0.133972 -0.303505 -0.355498
v 0.022578 -0.219563 -0.356086
v 0.047709 -0.215356 -0.352663
v 0.042713 -0.261625 -0.356478
v 0.044728 -0.247791 -0.353280
v -0.003256 -0.307490 -0.367962
v -0.030493 -0.249521 -0.362385
v -0.082058 -0.251937 -0.363394
v -0.054418 -0.249605 -0.364419
v 0.011003 -0.217755 -0.358423
v -0.107690 -0.249053 -0.358959
v 0.047900 -0.233748 -0.351742
v 0.058415 -0.284033 -0.359302
v 0.033300 -0.199563 -0.356117
v 0.060495 -0.201990 -0.351336
v -0.010764 -0.233541 -0.361629
v 0.061802 -0.182935 -0.353304
v 0.066263 -0.193433 -0.351336
v -0.147038 -0.289328 -0.348091
v -0.146032 -0.266484 -0.345417
v -0.138185 -0.249271 -0.349679
v -0.171934 -0.282499 -0.337029
v -0.163134 -0.273391 -0.338671
v -0.176901 -0.266846 -0.331256
v -0.162360 -0.250554 -0.338111
v -0.193618 -0.274937 -0.323958
v -0.191353 -0.259292 -0.320967
v -0.175694 -0.251793 -0.330514
v -0.203283 -0.252986 -0.311191
v 0.074140 -0.257428 -0.345083
v 0.069057 -0.269848 -0.349870
v 0.086125 -0.272083 -0.345091
v 0.113339 -0.258999 -0.334601
v 0.107421 -0.272367 -0.339682
v 0.085574 -0.245927 -0.340124
v 0.128024 -0.250237 -0.329001
v 0.128088 -0.265127 -0.332144
v 0.151994 -0.253602 -0.323478
v 0.167658 -0.245498 -0.317219
v 0.155282 -0.229791 -0.318590
v 0.162805 -0.222559 -0.314951
v 0.107549 -0.230784 -0.332985
v 0.151736 -0.203721 -0.317303
v 0.187158 -0.239487 -0.308890
v 0.204647 -0.219249 -0.294923
v 0.179672 -0.227592 -0.308462
v 0.214950 -0.197441 -0.283556
v 0.234469 -0.190017 -0.274685
v 0.250736 -0.192279 -0.271618
v 0.246855 -0.174345 -0.266535
v 0.261090 -0.180156 -0.263559
v 0.234401 -0.161813 -0.267618
v 0.221391 -0.175519 -0.275659
v 0.252999 -0.169772 -0.261839
v 0.242001 -0.155037 -0.261131
v 0.271891 -0.185584 -0.261020
v 0.198019 -0.201994 -0.293698
v 0.081247 -0.232212 -0.340802
v 0.079285 -0.216057 -0.342302
v 0.174881 -0.207312 -0.307551
v 0.104499 -0.213108 -0.333549
v 0.146267 -0.193827 -0.318983
v 0.219663 -0.159750 -0.274038
v 0.230852 -0.140812 -0.263938
v 0.273056 -0.170840 -0.246527
v 0.165272 -0.185582 -0.311297
v 0.188986 -0.186370 -0.297601
v 0.116922 -0.186448 -0.330573
v 0.075692 -0.182127 -0.350221
v 0.276744 -0.159525 -0.234455
v 0.284977 -0.155293 -0.227072
v 0.301391 -0.136739 -0.207665
v 0.290436 -0.130706 -0.207781
v 0.273764 -0.146725 -0.227441
v 0.292905 -0.113744 -0.196144
v 0.267698 -0.141071 -0.228922
v 0.261919 -0.159975 -0.246135
v 0.250259 -0.146929 -0.249682
v 0.300689 -0.091235 -0.176968
v 0.309127 -0.083776 -0.162142
v -0.213787 -0.227734 -0.295158
v -0.197812 -0.234316 -0.311801
v -0.187234 -0.242131 -0.321929
v 0.345454 0.172739 0.028975
v 0.336775 0.153320 -0.002114
v 0.342671 0.187895 0.052547
v 0.324553 0.188234 0.052973
v 0.345128 0.154609 -0.000348
v 0.323638 0.152975 -0.000659
v 0.326163 0.199793 0.068630
v 0.343896 0.203587 0.076858
v 0.345413 0.139223 -0.027808
v 0.310014 0.198835 0.070516
v 0.323583 0.137624 -0.024645
v 0.334768 0.130677 -0.041902
v 0.346366 0.116477 -0.072600
v 0.359046 0.129858 -0.044974
v 0.360109 0.112721 -0.081502
v 0.346665 0.095453 -0.115034
v 0.359844 0.091748 -0.124770
v 0.346004 0.078570 -0.149498
v 0.357589 0.078222 -0.152706
v 0.359637 0.145039 -0.013539
v 0.359971 0.159718 0.013006
v 0.373434 0.092967 -0.119373
v 0.373926 0.078464 -0.149033
v 0.371136 0.064459 -0.183442
v 0.372860 0.108040 -0.087140
v 0.359900 0.069688 -0.175415
v 0.347694 0.068696 -0.178025
v 0.370871 0.121337 -0.057717
v 0.359578 0.178651 0.045630
v 0.358647 0.191621 0.066626
v 0.355451 0.058821 -0.208915
v 0.346021 0.058613 -0.211383
v 0.343113 0.052470 -0.231979
v 0.371694 0.127702 -0.041840
v 0.371763 0.138363 -0.018750
v 0.346313 0.046495 -0.243569
v 0.334333 0.047632 -0.249744
v 0.318306 0.032398 -0.290280
v 0.324031 0.040537 -0.269511
v 0.386970 0.084981 -0.124491
v 0.383719 0.070700 -0.157548
v 0.390437 0.076715 -0.138892
v 0.373831 0.151244 0.007925
v 0.366180 0.175740 0.046433
v 0.360556 0.199084 0.079927
v 0.387795 0.094375 -0.102379
v 0.362102 0.048779 -0.223509
v 0.329553 0.032015 -0.282256
v 0.380326 0.108291 -0.078711
v 0.382473 0.062972 -0.175203
v 0.316954 0.022558 -0.307260
v 0.308874 0.027308 -0.305349
v 0.306564 0.023668 -0.315298
v 0.295391 0.024362 -0.319546
v 0.305429 0.017472 -0.328038
v 0.289906 0.016283 -0.346006
v 0.283068 0.019942 -0.338720
v 0.393067 0.060926 -0.167234
v 0.275616 0.011707 -0.364376
v 0.292391 0.007838 -0.357663
v 0.388201 0.110214 -0.060107
v 0.393432 0.096942 -0.085344
v 0.397319 0.078455 -0.124850
v 0.392261 0.045616 -0.193811
v 0.380705 0.044661 -0.209131
v 0.375199 0.167118 0.041200
v 0.372310 0.182375 0.066413
v 0.386826 0.116515 -0.044544
v 0.362218 0.214465 0.099206
v 0.331147 0.219609 0.091655
v 0.409245 0.061053 -0.144661
v 0.345442 0.030089 -0.269068
v 0.365327 0.031751 -0.246151
v 0.375577 0.031457 -0.235208
v 0.386976 0.127384 -0.018889
v 0.387778 0.139404 0.004629
v 0.383950 0.157429 0.035404
v 0.374109 0.189149 0.080231
v 0.266637 0.013367 -0.361529
v 0.262966 0.009811 -0.370966
v 0.262392 0.001329 -0.381196
v 0.281210 -0.000889 -0.374951
v 0.408029 0.070100 -0.125427
v 0.343782 0.014714 -0.290557
v 0.324904 0.006875 -0.320485
v 0.297633 0.001869 -0.359399
v 0.411526 0.049541 -0.160444
v 0.404332 0.087351 -0.085161
v 0.326515 0.214322 0.085093
v 0.375945 0.207144 0.104198
v 0.387503 0.162731 0.056130
v 0.250191 0.004465 -0.379031
v 0.383733 0.178975 0.079274
v 0.359318 0.230169 0.112689
v 0.326356 0.241230 0.109755
v 0.390752 0.141448 0.014733
v 0.420796 0.058421 -0.126096
v 0.367452 0.219763 0.109094
v 0.361929 0.244560 0.128982
v 0.352180 0.246209 0.122697
v 0.394367 0.032665 -0.208581
v 0.383693 0.189625 0.094685
v 0.395204 0.107849 -0.048673
v 0.398569 0.110832 -0.030524
v 0.378610 0.218916 0.122381
v 0.374589 0.019247 -0.249459
v 0.422500 0.047214 -0.144499
v 0.410239 0.033623 -0.183353
v 0.340798 0.270225 0.135092
v 0.399557 0.121158 -0.002232
v 0.342460 0.006654 -0.300441
v 0.345091 0.273080 0.140426
v 0.337610 0.282340 0.144241
v 0.348870 0.274253 0.151990
v 0.336299 0.285169 0.149690
v 0.361311 0.253281 0.138389
v 0.358917 0.003001 -0.284155
v 0.423714 0.064069 -0.097283
v 0.408001 0.090133 -0.062369
v 0.407052 0.095818 -0.044701
v 0.390330 0.019056 -0.227662
v 0.327787 0.276257 0.136243
v 0.329525 0.286539 0.145920
v 0.390017 0.172129 0.081940
v 0.370946 0.247263 0.152919
v 0.355318 -0.012148 -0.301138
v 0.365630 0.258064 0.164379
v 0.389629 0.192491 0.112077
v 0.317719 0.217108 0.087532
v 0.396515 0.145129 0.042070
v 0.348661 0.275737 0.173586
v 0.408579 0.098694 -0.027743
v 0.363547 0.262868 0.183798
v 0.404941 0.019002 -0.205702
v 0.428642 0.048639 -0.123540
v 0.343870 0.253936 0.124829
v 0.324579 0.257526 0.122023
v 0.357073 0.268759 0.196030
v 0.422939 0.032231 -0.160630
v 0.420868 0.075011 -0.052095
v 0.429297 0.058979 -0.083941
v 0.432488 0.049020 -0.101830
v 0.404406 0.116633 0.004392
v 0.403439 0.131921 0.040490
v 0.399464 0.150754 0.070630
v 0.308298 0.243870 0.108900
v 0.383771 0.216640 0.136125
v 0.394725 0.165709 0.086510
v 0.373171 0.247129 0.168168
v 0.384554 0.223004 0.156286
v 0.413019 0.093755 -0.017900
v 0.425117 0.069118 -0.037346
v 0.374253 0.246240 0.181706
v 0.410598 0.107643 0.014552
v 0.389563 0.208232 0.146978
v 0.417778 0.085953 -0.006913
v 0.400270 0.153755 0.087046
v 0.396652 0.172218 0.108762
v 0.365007 0.258228 0.196769
v 0.406097 0.131118 0.058929
v 0.433806 0.050805 -0.053697
v 0.435703 0.045124 -0.078664
v 0.414201 0.102087 0.033552
v 0.383728 0.225908 0.179492
v 0.361238 0.259295 0.209688
v 0.427744 0.063131 -0.025688
v 0.349277 0.273438 0.209732
v 0.343328 0.279324 0.202679
v 0.331124 0.285485 0.222132
v 0.343875 0.272912 0.225967
v 0.324279 0.286986 0.239886
v 0.319939 0.292919 0.234052
v 0.311594 0.294600 0.255646
v 0.300343 0.306436 0.249142
v 0.297299 0.302850 0.268208
v 0.374373 0.242695 0.195432
v 0.404756 0.143182 0.096494
v 0.398913 0.173005 0.129907
v 0.389865 0.210233 0.177140
v 0.427053 0.063268 0.004728
v 0.420501 0.084254 0.038979
v 0.412955 0.112100 0.068960
v 0.396122 0.189856 0.157652
v 0.382930 0.223141 0.195247
v 0.326079 0.278818 0.252185
v 0.430777 0.050087 0.002013
v 0.375221 0.235492 0.207465
v 0.408928 0.128702 0.113466
v 0.404370 0.150825 0.138847
v 0.344113 0.266396 0.236577
v 0.360070 0.251844 0.223901
v 0.310601 0.286967 0.270273
v 0.287340 0.296310 0.297613
v 0.274863 0.309374 0.294207
v 0.271471 0.305563 0.310937
v 0.254664 0.312206 0.329275
v 0.266914 0.298753 0.331615
v 0.248733 0.301917 0.356183
v 0.233971 0.314270 0.358544
v 0.323762 0.275682 0.261000
v 0.290028 0.290541 0.301327
v 0.217749 0.314725 0.380303
v 0.397310 0.179647 0.177821
v 0.412433 0.110324 0.125418
v 0.402334 0.156869 0.161455
v 0.416956 0.095298 0.101826
v 0.391118 0.194946 0.194594
v 0.416763 0.086867 0.116004
v 0.422317 0.070814 0.074875
v 0.420526 0.071135 0.094632
v 0.424447 0.057549 0.070442
v 0.427254 0.057221 0.041744
v 0.420156 0.083723 0.064713
v 0.406618 0.125291 0.159866
v 0.411342 0.100911 0.142034
v 0.170872 -0.044829 -0.369896
v 0.147610 -0.065246 -0.374001
v 0.188225 -0.037125 -0.352496
v 0.147454 -0.059387 -0.387641
v 0.196219 -0.028176 -0.355605
v 0.221666 -0.014774 -0.334789
v 0.127583 -0.077071 -0.383647
v 0.188106 -0.030672 -0.368309
v 0.128572 -0.070937 -0.394922
v 0.209030 -0.017080 -0.362705
v 0.223660 -0.009156 -0.352141
v 0.179263 -0.035485 -0.381582
v 0.237152 -0.003548 -0.329646
v 0.242628 -0.002102 -0.315128
v 0.139910 -0.061436 -0.401902
v 0.165056 -0.044866 -0.393967
v 0.246263 0.003452 -0.333271
v 0.260027 0.009703 -0.302509
v 0.252052 0.001652 -0.297117
v 0.266391 0.010389 -0.275870
v 0.272949 0.016586 -0.292417
v 0.273898 0.015336 -0.261226
v 0.204799 -0.018821 -0.378438
v 0.279930 0.020029 -0.269769
v 0.259560 0.011501 -0.333388
v 0.245177 0.004333 -0.365153
v 0.282821 0.022243 -0.239373
v 0.294497 0.030589 -0.247958
v 0.258560 0.011366 -0.352695
v 0.291878 0.027050 -0.269526
v 0.198375 -0.023482 -0.393687
v 0.275014 0.018795 -0.322971
v 0.298323 0.036920 -0.209071
v 0.313821 0.046343 -0.216055
v 0.233978 -0.002841 -0.379772
v 0.291431 0.025477 -0.298184
v 0.159527 -0.049667 -0.406551
v 0.181566 -0.036147 -0.408917
v 0.310348 0.039938 -0.243992
v 0.269002 0.016118 -0.343132
v 0.290170 0.029616 -0.206897
v 0.223108 -0.010659 -0.390406
v 0.296972 0.038420 -0.179309
v 0.304224 0.032889 -0.272039
v 0.299908 0.028759 -0.294250
v 0.319957 0.043408 -0.251420
v 0.327511 0.049811 -0.233821
v 0.161299 -0.050884 -0.417490
v 0.144828 -0.062568 -0.421437
v 0.312626 0.048522 -0.202447
v 0.311926 0.053390 -0.177573
v 0.324943 0.060551 -0.181362
v 0.239629 -0.002896 -0.387886
v 0.329975 0.056356 -0.207243
v 0.301972 0.046335 -0.169083
v 0.126122 -0.068344 -0.406803
v 0.117504 -0.075977 -0.423629
v 0.203913 -0.024294 -0.407734
v 0.313702 0.034830 -0.281152
v 0.326307 0.070421 -0.153334
v 0.316609 0.063221 -0.155688
v 0.307877 0.058260 -0.150877
v 0.338924 0.064268 -0.186443
v 0.334596 0.067174 -0.171771
v 0.336987 0.075104 -0.152261
v 0.337266 0.054105 -0.225962
v 0.114368 -0.073178 -0.411820
v 0.095944 -0.080953 -0.417092
v 0.317075 0.077453 -0.126052
v 0.324746 0.084111 -0.122677
v 0.336642 0.087941 -0.124624
v 0.325697 0.105067 -0.082282
v 0.087976 -0.088363 -0.427168
v 0.311091 0.096648 -0.081339
v 0.229277 -0.010486 -0.394315
v 0.309736 0.072464 -0.124568
v 0.335995 0.113510 -0.073629
v 0.199554 -0.030112 -0.413462
v 0.308533 0.089229 -0.090832
v 0.318098 0.114547 -0.058371
v 0.326453 0.125925 -0.047231
v 0.308744 0.119202 -0.041176
v 0.308241 0.109236 -0.056095
v 0.308708 0.132375 -0.020400
v 0.112342 -0.087356 -0.437541
v 0.086959 -0.084390 -0.420019
v 0.064804 -0.092818 -0.424718
v 0.107594 -0.084546 -0.431534
v 0.145356 -0.069461 -0.431987
v 0.307982 0.146946 0.001086
v 0.313818 0.161968 0.018548
v 0.312308 0.182481 0.049641
v 0.304276 0.168068 0.034485
v 0.072310 -0.101485 -0.437677
v 0.303954 0.186267 0.059224
v 0.169162 -0.060498 -0.434091
v 0.192030 -0.040357 -0.421926
v 0.051854 -0.099160 -0.426837
v 0.147679 -0.076501 -0.441127
v 0.293824 0.197751 0.078068
v 0.300881 0.141329 0.002308
v 0.301550 0.128381 -0.015842
v 0.294143 0.164786 0.042841
v 0.293242 0.182537 0.063773
v 0.293455 0.209448 0.087994
v 0.308993 0.216694 0.086935
v 0.301259 0.092830 -0.069765
v 0.296878 0.222658 0.095609
v 0.300119 0.240827 0.109183
v 0.298534 0.252987 0.121564
v 0.314688 0.269030 0.131697
v 0.296511 0.265126 0.135618
v 0.318299 0.281171 0.143538
v 0.291009 0.235815 0.110703
v 0.285132 0.256515 0.137253
v 0.291652 0.266734 0.142309
v 0.277629 0.264013 0.153067
v 0.281570 0.268310 0.155496
v 0.270507 0.273191 0.170468
v 0.266502 0.253260 0.155488
v 0.277329 0.251020 0.141124
v 0.282763 0.184218 0.077678
v 0.285517 0.161369 0.051680
v 0.288381 0.146787 0.030797
v 0.285375 0.204176 0.091711
v 0.301921 0.057692 -0.135011
v 0.297135 0.100863 -0.047762
v 0.300478 0.075713 -0.098212
v 0.276581 0.244357 0.136114
v 0.278969 0.227325 0.117186
v 0.278439 0.252038 0.138657
v 0.294245 0.267498 0.139458
v 0.324955 0.119714 0.292336
v 0.301588 0.122561 0.324896
v 0.316799 0.114643 0.296868
v 0.326651 0.107794 0.276851
v 0.281179 0.111876 0.339212
v 0.281997 0.124610 0.351765
v 0.263568 0.113212 0.362542
v 0.265328 0.104170 0.349060
v 0.355478 0.117178 0.254666
v 0.353498 0.107187 0.247664
v 0.376489 0.100001 0.214485
v 0.265537 0.128927 0.374232
v 0.250444 0.115719 0.378648
v 0.372218 0.085117 0.202609
v 0.389610 0.089556 0.184290
v 0.388052 0.078340 0.172599
v 0.380096 0.115826 0.222508
v 0.244059 0.127243 0.393528
v 0.327822 0.133103 0.299064
v 0.308066 0.135708 0.326624
v 0.358136 0.128813 0.258468
v 0.398010 0.098121 0.179544
v 0.404365 0.082586 0.151289
v 0.411563 0.067940 0.121824
v 0.399144 0.060028 0.132217
v 0.388542 0.068652 0.158832
v 0.393671 0.052585 0.129660
v 0.403030 0.038797 0.100152
v 0.337565 0.099347 0.254793
v 0.415229 0.055205 0.101198
v 0.249777 0.103232 0.364823
v 0.375522 0.068342 0.173646
v 0.289792 0.105627 0.318582
v 0.418628 0.046697 0.084323
v 0.308999 0.103768 0.290016
v 0.405500 0.026447 0.078875
v 0.382311 0.047093 0.132180
v 0.395811 0.024621 0.085964
v 0.313885 0.092529 0.267401
v 0.324143 0.085758 0.248717
v 0.310361 0.077092 0.251370
v 0.319798 0.072121 0.232777
v 0.340448 0.086534 0.234095
v 0.361402 0.080125 0.206072
v 0.233504 0.103953 0.379220
v 0.299467 0.083154 0.267998
v 0.291533 0.086710 0.278497
v 0.297533 0.093662 0.282319
v 0.284546 0.090072 0.290347
v 0.329950 0.066340 0.210866
v 0.231806 0.116254 0.393708
v 0.361105 0.063847 0.179172
v 0.372686 0.046519 0.138564
v 0.252587 0.097769 0.350809
v 0.276924 0.095169 0.312014
v 0.395896 0.000870 0.038279
v 0.410561 0.019594 0.058692
v 0.411388 0.006170 0.027830
v 0.408395 -0.004948 0.004990
v 0.220424 0.108193 0.391878
v 0.392244 -0.015656 0.001506
v 0.411271 -0.017865 -0.031668
v 0.400471 -0.027324 -0.037977
v 0.409518 -0.036513 -0.067336
v 0.392234 -0.050542 -0.076543
v 0.397978 -0.059623 -0.102418
v 0.411197 -0.043381 -0.084223
v 0.387509 -0.066075 -0.104442
v 0.390524 -0.074545 -0.127307
v 0.234068 0.097807 0.366903
v 0.391670 -0.077513 -0.136430
v 0.407017 -0.057890 -0.115612
v 0.216731 0.099249 0.378821
v 0.238320 0.093224 0.349670
v 0.414326 -0.002412 -0.001629
v 0.204901 0.107815 0.397352
v 0.204185 0.115075 0.407658
v 0.219254 0.123521 0.408211
v 0.218999 0.093214 0.363767
v 0.202477 0.122656 0.416111
v 0.422433 -0.025328 -0.071130
v 0.181831 0.112314 0.408635
v 0.187476 0.114950 0.412111
v 0.185809 0.124013 0.424417
v 0.165170 0.121620 0.425633
v 0.201981 0.101685 0.385879
v 0.160808 0.132008 0.438876
v 0.142074 0.130290 0.440165
v 0.268813 0.092075 0.305006
v 0.265444 0.095324 0.323901
v 0.242875 0.093146 0.338733
v 0.249245 0.092709 0.325619
v 0.174201 0.136297 0.438817
v 0.202375 0.137816 0.428004
v 0.230677 0.137360 0.410204
v 0.175379 0.145195 0.443928
v 0.146741 0.148558 0.454519
v 0.219790 0.150847 0.424057
v 0.204755 0.150297 0.433010
v 0.252782 0.143509 0.394930
v 0.282732 0.143809 0.363250
v 0.390720 0.113814 0.204067
v 0.267778 0.145581 0.380997
v 0.299378 0.143923 0.342218
v 0.241008 0.157158 0.410185
v 0.347644 0.143643 0.278763
v 0.327299 0.145443 0.305754
v 0.310343 0.155837 0.332914
v 0.372274 0.139229 0.244521
v 0.266477 0.157884 0.386761
v 0.291260 0.157247 0.358228
v 0.386597 0.134991 0.221324
v 0.395530 0.123408 0.199750
v 0.333935 0.154103 0.298934
v 0.402869 0.106051 0.171820
v 0.412920 0.081111 0.126233
v 0.404239 0.118927 0.174829
v 0.411342 0.100911 0.142034
v 0.420526 0.071135 0.094632
v 0.416763 0.086867 0.116004
v 0.424447 0.057549 0.070442
v 0.426596 0.041140 0.049231
v 0.427254 0.057221 0.041744
v 0.428131 0.040800 0.041557
v 0.430422 0.040273 0.027992
v -0.289228 0.030601 -0.065734
v -0.289896 0.048164 -0.015605
v -0.292034 0.019034 -0.046572
v -0.293538 0.031008 -0.003712
v -0.290603 0.049193 0.006198
v -0.296458 -0.000862 -0.046297
v -0.291393 0.008833 -0.071709
v -0.289684 0.006502 -0.098413
v -0.292443 -0.019252 -0.098589
v -0.295579 -0.020003 -0.080676
v -0.297625 -0.042982 -0.095076
v -0.289578 -0.019009 -0.122221
v -0.292619 -0.046160 -0.116984
v -0.297980 -0.058071 -0.105027
v -0.289285 0.064607 -0.003864
v -0.292380 0.038437 0.024525
v -0.287688 0.066197 0.034920
v -0.288407 0.069734 0.020864
v -0.289224 0.052208 -0.043000
v -0.288716 0.001140 -0.124489
v -0.289240 0.036926 -0.087918
v -0.287268 -0.017515 -0.138635
v -0.289494 -0.052083 -0.128414
v -0.300938 0.001871 0.005741
v -0.300623 0.004748 0.028862
v -0.300389 -0.004153 -0.019273
v -0.303081 -0.029341 -0.050810
v -0.302558 -0.044382 -0.079176
v -0.305904 -0.021975 -0.018191
v -0.306335 -0.016033 0.004053
v -0.306733 -0.014256 0.026128
v -0.293898 0.029476 0.044283
v -0.288271 0.054364 0.048779
v -0.302133 -0.000611 0.047608
v -0.285112 0.056349 0.089369
v -0.290071 0.033340 0.088136
v -0.284183 0.073224 0.071948
v -0.280998 0.081226 0.097383
v -0.296383 0.014888 0.066273
v -0.284753 0.043281 0.125131
v -0.281476 0.058920 0.120001
v -0.276647 0.084992 0.123604
v -0.292483 0.018496 0.122616
v -0.299533 0.001482 0.101533
v -0.307312 -0.014733 0.050969
v -0.285900 0.033370 0.143341
v -0.270877 0.073636 0.169997
v -0.277704 0.051765 0.162455
v -0.268309 0.094886 0.160808
v -0.260690 0.096787 0.203481
v -0.261904 0.082373 0.213629
v -0.268473 0.066770 0.199044
v -0.264647 0.068434 0.224528
v -0.275545 0.099598 0.121943
v -0.284402 0.032858 0.168343
v -0.272956 0.052850 0.205881
v -0.267300 0.108975 0.157832
v -0.257758 0.121118 0.202599
v -0.286004 0.081942 0.049592
v -0.281648 0.094499 0.087587
v -0.288387 0.085649 0.026739
v -0.289697 0.055772 -0.053029
v -0.253791 0.097299 0.234236
v -0.252720 0.089663 0.248369
v -0.254502 0.081084 0.255251
v -0.252897 0.116758 0.223709
v -0.259176 0.142824 0.191283
v -0.251844 0.131315 0.222113
v -0.291395 0.018828 0.155308
v -0.255115 0.147149 0.207546
v -0.245013 0.112167 0.251801
v -0.245215 0.131083 0.240844
v -0.298970 0.003769 0.129031
v -0.268520 0.057540 0.238082
v -0.269128 0.129053 0.148928
v -0.235430 0.120420 0.272625
v -0.240269 0.132314 0.253110
v -0.308243 -0.017185 0.081778
v -0.279698 0.039605 0.196757
v -0.289208 0.022623 0.179172
v -0.312843 -0.029798 0.004986
v -0.277859 0.042526 0.214265
v -0.260814 0.068638 0.256541
v -0.237724 0.105812 0.281381
v -0.245930 0.089078 0.280235
v -0.249531 0.163965 0.223153
v -0.288160 -0.000239 -0.140633
v -0.290280 0.026698 -0.120178
v -0.314268 -0.027713 0.037202
v -0.313611 -0.040389 -0.023420
v -0.305493 -0.007278 0.125109
v -0.298680 0.006105 0.152692
v -0.312354 -0.049271 -0.049131
v -0.309120 -0.059890 -0.079950
v -0.304367 -0.064649 -0.094109
v -0.290157 0.073933 -0.015222
v -0.290936 0.091962 0.008884
v -0.287461 0.094937 0.045590
v -0.263385 0.157135 0.174083
v -0.258085 0.185639 0.201776
v -0.285189 0.107157 0.073327
v -0.280422 0.110654 0.100556
v -0.274822 0.119495 0.125762
v -0.256548 0.165687 0.202630
v -0.244988 0.151994 0.235757
v -0.241060 0.178081 0.240730
v -0.290979 0.059771 -0.070224
v -0.291836 0.051563 -0.094891
v -0.250244 0.190832 0.223211
v -0.236753 0.162919 0.251028
v -0.230961 0.143300 0.268938
v -0.230883 0.123332 0.281649
v -0.221894 0.144136 0.286393
v -0.223784 0.115444 0.308383
v -0.221991 0.131710 0.294908
v -0.229248 0.102981 0.315170
v -0.290633 0.019687 -0.136034
v -0.288326 0.004882 -0.154813
v -0.284534 -0.034409 -0.150631
v -0.282771 -0.020684 -0.163990
v -0.226250 0.164025 0.270174
v -0.292344 0.074201 -0.047390
v -0.292630 0.085827 -0.020545
v -0.270794 0.150584 0.150062
v -0.266011 0.172265 0.169994
v -0.282453 0.128200 0.103288
v -0.282691 -0.014506 -0.172757
v -0.277183 0.145414 0.129945
v -0.251248 0.210362 0.223716
v -0.287054 0.120667 0.077860
v -0.286737 -0.067948 -0.135630
v -0.270467 0.176847 0.160861
v -0.295791 0.047323 -0.124079
v -0.291696 0.110705 0.043717
v -0.265037 0.199523 0.188474
v -0.260358 0.209151 0.204299
v -0.257262 0.230550 0.217338
v -0.293405 -0.075241 -0.121943
v -0.281084 -0.051186 -0.153271
v -0.292770 0.098405 0.009599
v -0.284651 -0.045051 -0.146642
v -0.281835 -0.048529 -0.155802
v -0.276476 -0.067878 -0.160913
v -0.288325 0.003479 -0.169271
v -0.292491 0.019377 -0.151209
v -0.296887 0.041217 -0.135602
v -0.280404 -0.040398 -0.161212
v -0.283048 0.144560 0.112821
v -0.281320 0.169847 0.133601
v -0.268358 -0.050729 -0.194792
v -0.278404 -0.019356 -0.190605
v -0.289561 0.144699 0.095617
v -0.291575 0.123531 0.064476
v -0.266033 0.231173 0.201878
v -0.276083 -0.054737 -0.166346
v -0.268216 -0.076508 -0.183262
v -0.270892 -0.094092 -0.174780
v -0.258613 -0.119869 -0.215621
v -0.254709 -0.099624 -0.227280
v -0.258676 -0.078269 -0.217329
v -0.252397 -0.081499 -0.242147
v -0.259290 -0.061495 -0.225575
v -0.264637 -0.061536 -0.201588
v -0.260842 -0.048552 -0.243663
v -0.261515 -0.134516 -0.208777
v -0.247339 -0.118558 -0.245952
v -0.272640 -0.111010 -0.172488
v -0.247077 -0.095790 -0.254197
v -0.246153 -0.083282 -0.271454
v -0.262798 -0.044802 -0.237403
v -0.266784 -0.042913 -0.213451
v -0.252402 -0.145702 -0.232106
v -0.252908 -0.062697 -0.269477
v -0.241210 -0.107164 -0.266307
v -0.279382 -0.086925 -0.152919
v -0.249072 -0.060882 -0.294558
v -0.258265 -0.043764 -0.279755
v -0.273495 -0.130224 -0.176941
v -0.265395 -0.144008 -0.201410
v -0.238507 -0.138039 -0.263246
v -0.263045 -0.042220 -0.245009
v -0.256088 -0.161853 -0.227133
v -0.272927 -0.026188 -0.218199
v -0.282046 -0.010523 -0.198217
v -0.264195 -0.033418 -0.265253
v -0.234061 -0.118320 -0.279796
v -0.224411 -0.152098 -0.291780
v -0.223476 -0.177117 -0.286183
v -0.232802 -0.101849 -0.292581
v -0.238520 -0.080231 -0.303905
v -0.251252 -0.049990 -0.307538
v -0.244413 -0.155448 -0.247862
v -0.235776 -0.172297 -0.261775
v -0.223388 -0.124494 -0.301861
v -0.298264 0.030689 -0.155734
v -0.264695 -0.028913 -0.287895
v -0.258842 -0.034281 -0.311413
v -0.297703 0.107284 0.004936
v -0.297647 0.128284 0.052545
v -0.281996 -0.113390 -0.153638
v -0.272546 0.207930 0.176729
v -0.221391 -0.193815 -0.285098
v -0.217674 -0.177133 -0.298134
v -0.296983 0.081807 -0.051258
v -0.298240 0.067187 -0.086881
v -0.291135 0.162952 0.109337
v -0.290992 0.007309 -0.182323
v -0.284363 -0.005867 -0.211890
v -0.272217 -0.020127 -0.257384
v -0.299176 0.024647 -0.170050
v -0.236472 -0.069458 -0.329128
v -0.296569 0.144383 0.078142
v -0.297562 0.160211 0.095139
v -0.220764 -0.107022 -0.315653
v -0.247263 -0.049112 -0.330110
v -0.235008 -0.065512 -0.347374
v -0.249026 -0.163680 -0.239354
v -0.229010 -0.089271 -0.319413
v -0.287822 -0.098991 -0.139453
v -0.287062 0.171893 0.124097
v -0.281476 0.193105 0.149217
v -0.221529 -0.094325 -0.335096
v -0.220370 -0.086689 -0.354589
v -0.222938 -0.075959 -0.372236
v -0.299028 -0.088857 -0.116917
v -0.202522 -0.134406 -0.335652
v -0.207344 -0.117290 -0.337654
v -0.210861 -0.145478 -0.317845
v -0.242790 -0.181482 -0.251768
v -0.237201 -0.060170 -0.358709
v -0.207148 -0.210871 -0.302780
v -0.304094 0.026719 -0.188136
v -0.301367 0.019135 -0.213845
v -0.289285 0.001787 -0.224468
v -0.281553 -0.007660 -0.248303
v -0.277039 -0.011851 -0.295081
v -0.230331 -0.195687 -0.270943
v -0.302668 0.058349 -0.123544
v -0.250445 -0.043774 -0.338359
v -0.206653 -0.175558 -0.316026
v -0.303919 0.079136 -0.078916
v -0.303543 0.094087 -0.045353
v -0.304533 0.133140 0.040976
v -0.304156 0.116215 0.003864
v -0.305037 0.144207 0.060310
v -0.305804 0.160735 0.083170
v -0.295376 0.008789 -0.243791
v -0.289270 0.199826 0.142666
v -0.281791 0.216476 0.167158
v -0.194821 -0.130500 -0.351106
v -0.190805 -0.148747 -0.346620
v -0.197297 -0.117683 -0.361269
v -0.210634 -0.093120 -0.369631
v -0.222043 -0.205166 -0.282547
v -0.196249 -0.161105 -0.334704
v -0.313205 0.039503 -0.185204
v -0.313257 0.033682 -0.210696
v -0.314514 0.046291 -0.169545
v -0.261709 -0.030127 -0.334293
v -0.206965 -0.198719 -0.306539
v -0.210729 -0.087972 -0.384252
v -0.248522 -0.047172 -0.359639
v -0.307422 0.022781 -0.237798
v -0.299878 0.179057 0.110417
v -0.234056 -0.064172 -0.377527
v -0.312846 0.077816 -0.107774
v -0.313517 0.147377 0.047748
v -0.314912 0.158717 0.065444
v -0.178889 -0.143720 -0.364801
v -0.208037 -0.223969 -0.300458
v -0.193264 -0.186679 -0.330226
v -0.193335 -0.210359 -0.321000
v -0.280873 -0.008336 -0.305822
v -0.304144 0.016069 -0.254806
v -0.312385 0.111316 -0.028875
v -0.312346 0.126097 0.005157
v -0.223093 -0.076597 -0.395306
v -0.191217 -0.228346 -0.319240
v -0.323552 0.044655 -0.201316
v -0.311829 0.096968 -0.058430
v -0.312755 0.087196 -0.081669
v -0.264263 -0.031944 -0.360420
v -0.279094 -0.012988 -0.330848
v -0.253366 -0.045758 -0.375704
v -0.193215 -0.115177 -0.371324
v -0.195989 -0.102946 -0.384393
v -0.201506 -0.095263 -0.397614
v -0.181613 -0.131073 -0.372212
v -0.296438 0.008190 -0.268530
v -0.239043 -0.060548 -0.384106
v -0.175800 -0.123607 -0.389057
v -0.173271 -0.119327 -0.399770
v -0.270383 -0.154947 -0.199566
v -0.183403 -0.175210 -0.344797
v -0.289302 0.230554 0.169101
v -0.177114 -0.160875 -0.356790
v -0.292927 0.002239 -0.299014
v -0.211488 -0.086833 -0.396903
v -0.281389 -0.142077 -0.170834
v -0.264358 -0.165101 -0.216194
v -0.187151 -0.209784 -0.328432
v -0.232737 -0.206267 -0.269741
v -0.189281 -0.105614 -0.408701
v -0.256757 -0.178899 -0.233387
v -0.213787 -0.227734 -0.295158
v -0.165681 -0.135575 -0.387810
v -0.159691 -0.131009 -0.401198
v -0.313569 -0.080348 -0.091234
v -0.300694 -0.104114 -0.123583
v -0.197812 -0.234316 -0.311801
v -0.156057 -0.128325 -0.412560
v -0.290795 0.022177 0.197538
v -0.277947 0.043874 0.230349
v -0.251529 -0.187708 -0.243046
v -0.265816 0.062102 0.263876
v -0.187234 -0.242131 -0.321929
v -0.175912 -0.186944 -0.347568
v -0.259285 0.070587 0.276786
v -0.251483 0.079502 0.285141
v -0.241492 0.090831 0.299286
v -0.169670 -0.119628 -0.411871
v -0.308999 -0.088198 -0.103133
v -0.315006 -0.026690 0.076558
v -0.315541 -0.024416 0.099115
v -0.280427 -0.153646 -0.182333
v -0.272699 -0.172003 -0.209923
v -0.301224 0.006397 0.175481
v -0.175578 -0.230525 -0.332157
v -0.237500 0.092839 0.317859
v -0.248534 0.082795 0.301823
v -0.315203 -0.017072 0.131472
v -0.224891 0.103573 0.331811
v -0.258105 -0.044366 -0.241068
v -0.376221 -0.014782 -0.296189
v -0.393500 -0.020229 -0.255307
v -0.382600 0.002997 -0.256911
v -0.395057 -0.001946 -0.229892
v -0.387078 -0.029801 -0.282959
v -0.384418 0.010630 -0.241534
v -0.390643 0.020119 -0.213748
v -0.378058 -0.028121 -0.304300
v -0.385142 -0.045325 -0.299882
v -0.392732 -0.044205 -0.278144
v -0.375062 -0.045975 -0.321100
v -0.362487 -0.026790 -0.329609
v -0.360453 -0.016697 -0.324274
v -0.361469 -0.045872 -0.342252
v -0.363479 -0.001527 -0.300086
v -0.372327 0.002403 -0.275671
v -0.360189 -0.068716 -0.352185
v -0.349315 -0.026873 -0.345472
v -0.347464 -0.043907 -0.357611
v -0.347913 -0.073075 -0.369979
v -0.378106 -0.058777 -0.319287
v -0.366497 -0.079015 -0.344437
v -0.380510 -0.083039 -0.317607
v -0.353638 -0.101164 -0.366682
v -0.346291 -0.094282 -0.375963
v -0.360883 -0.107490 -0.353541
v -0.377931 -0.102974 -0.320323
v -0.387923 -0.100864 -0.296180
v -0.350299 -0.128958 -0.368802
v -0.365383 -0.123607 -0.340938
v -0.334832 -0.130366 -0.391077
v -0.378111 -0.124574 -0.311470
v -0.342463 -0.076522 -0.377042
v -0.331569 -0.113389 -0.394490
v -0.329441 -0.092868 -0.393582
v -0.345990 -0.141496 -0.372209
v -0.325683 -0.164456 -0.396740
v -0.319764 -0.157126 -0.405995
v -0.313658 -0.186879 -0.410610
v -0.315398 -0.200886 -0.404813
v -0.334737 -0.174473 -0.377963
v -0.328091 -0.205948 -0.376624
v -0.346884 -0.175027 -0.349589
v -0.365298 -0.134407 -0.334819
v -0.344114 -0.164026 -0.363128
v -0.358698 -0.160684 -0.330641
v -0.347964 -0.189677 -0.336205
v -0.331136 -0.221642 -0.355899
v -0.315877 -0.223117 -0.390632
v -0.377801 -0.141705 -0.297683
v -0.356839 -0.183021 -0.314061
v -0.344294 -0.207567 -0.329768
v -0.317236 -0.239196 -0.375127
v -0.300570 -0.234294 -0.411254
v -0.297254 -0.221512 -0.423697
v -0.298031 -0.201656 -0.427565
v -0.359175 -0.185767 -0.301244
v -0.334824 -0.228872 -0.333765
v -0.327037 -0.240737 -0.344481
v -0.299967 -0.255651 -0.394994
v -0.376669 -0.156772 -0.279437
v -0.315409 -0.254289 -0.360979
v -0.304833 -0.259647 -0.380653
v -0.349669 -0.207382 -0.303542
v -0.285087 -0.253471 -0.422878
v -0.284435 -0.273058 -0.407931
v -0.361166 -0.189473 -0.282151
v -0.280759 -0.235687 -0.438166
v -0.300977 -0.182417 -0.426421
v -0.285454 -0.221785 -0.437214
v -0.299767 -0.271231 -0.377067
v -0.271558 -0.277228 -0.423841
v -0.313798 -0.265167 -0.343439
v -0.284025 -0.286754 -0.390050
v -0.270157 -0.296803 -0.403247
v -0.303136 -0.276971 -0.352917
v -0.286933 -0.290670 -0.371444
v -0.254138 -0.301560 -0.421528
v -0.269005 -0.304395 -0.386971
v -0.252017 -0.314581 -0.403377
v -0.235516 -0.317319 -0.423021
v -0.218133 -0.329221 -0.422943
v -0.238878 -0.324296 -0.400022
v -0.222832 -0.330676 -0.410291
v 0.289404 0.053789 -0.054474
v 0.291270 0.038262 -0.054641
v 0.287959 0.070770 -0.020998
v 0.289209 0.058422 -0.020144
v 0.292927 0.029908 -0.094804
v 0.294441 0.017701 -0.082807
v 0.293770 0.020679 -0.120961
v 0.297167 -0.001666 -0.114894
v 0.284930 0.087469 0.007206
v 0.288772 0.065996 0.004783
v 0.294679 -0.000377 -0.143628
v 0.297326 -0.014294 -0.140426
v 0.293465 0.020618 -0.142886
v 0.285132 0.080492 0.018869
v 0.281377 0.104123 0.031051
v 0.295260 0.021551 -0.053268
v 0.289592 0.063956 0.018133
v 0.298904 0.000933 -0.084140
v 0.300998 -0.025080 -0.131740
v 0.294794 0.033620 -0.029410
v 0.292989 0.052924 0.004686
v 0.302357 -0.016917 -0.108540
v 0.302143 -0.042048 -0.147126
v 0.282395 0.086345 0.038458
v 0.290725 0.063375 0.043975
v 0.291899 -0.003255 -0.160917
v 0.292308 0.046025 -0.093194
v 0.275716 0.112833 0.066989
v 0.277658 0.099841 0.071137
v 0.283538 0.077749 0.085357
v 0.269068 0.126673 0.103438
v 0.269392 0.112469 0.125939
v 0.276210 0.094310 0.107472
v 0.262678 0.137609 0.135721
v 0.260264 0.134498 0.159882
v 0.266780 0.144878 0.103563
v 0.267562 0.110567 0.158257
v 0.259590 0.156887 0.134477
v 0.252396 0.162580 0.163811
v 0.260673 0.126069 0.173087
v 0.251758 0.175909 0.156769
v 0.276312 0.089757 0.132205
v 0.277411 0.126137 0.050536
v 0.282775 0.113497 0.019811
v 0.289378 0.066631 -0.051408
v 0.287587 0.096914 -0.015677
v 0.259446 0.172974 0.127698
v 0.268362 0.149004 0.094027
v 0.294399 0.040097 -0.125244
v 0.292617 0.018991 -0.156182
v 0.291804 0.066591 -0.075116
v 0.286017 0.072957 0.074174
v 0.265380 0.113239 0.176644
v 0.295102 0.036016 -0.153468
v 0.250290 0.147355 0.189559
v 0.255604 0.127621 0.191493
v 0.290289 0.082272 -0.046864
v 0.255032 0.185411 0.143447
v 0.295558 0.055639 -0.110668
v 0.274893 0.144602 0.064994
v 0.271859 0.160340 0.080645
v 0.265242 0.173520 0.106737
v 0.249386 0.192576 0.157802
v 0.276108 0.089960 0.154475
v 0.241585 0.180617 0.182133
v 0.295250 -0.028531 -0.157628
v 0.244122 0.145787 0.211421
v 0.259622 0.193928 0.131445
v 0.246790 0.121486 0.223772
v 0.296011 0.049822 -0.123972
v 0.283145 0.132108 0.031522
v 0.288486 0.011356 -0.178598
v 0.290233 0.023307 -0.176703
v 0.243547 0.188863 0.173396
v 0.289277 -0.019010 -0.173925
v 0.283860 0.073342 0.128781
v 0.293862 0.056475 0.072105
v 0.301592 0.005712 -0.051356
v 0.304943 -0.010237 -0.073400
v 0.272629 0.097262 0.178212
v 0.304425 0.031764 0.025989
v 0.268794 0.101438 0.196305
v 0.301807 0.029449 0.000925
v 0.310206 0.023637 0.041561
v 0.304453 -0.029336 -0.122474
v 0.311463 0.011667 0.008417
v 0.260809 0.111688 0.200238
v 0.241936 0.168044 0.191714
v 0.231857 0.181511 0.204003
v 0.280525 0.082579 0.163018
v 0.274417 0.093775 0.195655
v 0.291061 0.060889 0.103829
v 0.311120 0.006944 -0.004410
v 0.307906 -0.007656 -0.051786
v 0.302213 0.042511 0.077681
v 0.310009 -0.024102 -0.085622
v 0.308617 -0.035121 -0.116433
v 0.293310 -0.042404 -0.170721
v 0.235700 0.146434 0.234396
v 0.234276 0.122418 0.256118
v 0.313096 -0.057432 -0.133098
v 0.310943 -0.006467 -0.037493
v 0.233936 0.204834 0.189401
v 0.233207 0.168176 0.213508
v 0.228263 0.145247 0.252916
v 0.226359 0.155334 0.244728
v 0.242133 0.209824 0.171990
v 0.232087 0.221309 0.189962
v 0.245896 0.117508 0.231197
v 0.220272 0.214241 0.211853
v 0.239581 0.113502 0.254271
v 0.219152 0.134939 0.280557
v 0.221219 0.121476 0.285559
v 0.229615 0.112980 0.276776
v 0.252534 0.202455 0.150137
v 0.288152 0.116735 0.000879
v 0.278178 0.148237 0.056846
v 0.216891 0.144321 0.276937
v 0.294321 0.073141 -0.079814
v 0.219859 0.192247 0.221307
v 0.220809 0.176977 0.229681
v 0.220323 0.231001 0.208051
v 0.217801 0.112135 0.300203
v 0.221398 0.153322 0.258059
v 0.213127 0.125400 0.297153
v 0.269340 0.181634 0.100928
v 0.294088 0.093302 -0.048906
v 0.294908 0.113123 -0.024686
v 0.265111 0.203187 0.123318
v 0.244819 0.225466 0.170626
v 0.255541 0.212426 0.148036
v 0.206370 0.223978 0.229060
v 0.211159 0.197965 0.231977
v 0.214573 0.182981 0.235267
v 0.264784 0.103562 0.210700
v 0.207406 0.138566 0.296852
v 0.278091 0.172723 0.074198
v 0.229911 0.238238 0.195664
v 0.194993 0.211898 0.248146
v 0.202940 0.184197 0.252323
v 0.199826 0.175443 0.268558
v 0.186900 0.213995 0.258845
v 0.189123 0.189341 0.271315
v 0.182146 0.232498 0.256056
v 0.205773 0.234073 0.227346
v 0.315082 -0.038556 -0.099590
v 0.317097 -0.051778 -0.116070
v 0.292635 0.132855 0.005132
v 0.288381 0.146787 0.030797
v 0.297296 0.077517 -0.084782
v 0.204020 0.147690 0.293418
v 0.212929 0.248523 0.218593
v 0.198190 0.126737 0.315905
v 0.277069 0.190406 0.091247
v 0.285517 0.161369 0.051680
v 0.262237 0.227667 0.145272
v 0.192738 0.242019 0.241401
v 0.197819 0.111162 0.327906
v 0.297135 0.100863 -0.047762
v 0.270132 0.216422 0.123110
v 0.252437 0.230106 0.160959
v 0.242805 0.249741 0.182584
v 0.192423 0.140650 0.314089
v 0.176766 0.242454 0.259031
v 0.185625 0.176909 0.286923
v 0.198497 0.263309 0.236755
v 0.171339 0.213021 0.276880
v 0.172953 0.191729 0.288398
v 0.180441 0.263753 0.254484
v 0.295335 0.057334 0.119831
v 0.162710 0.228095 0.278338
v 0.314666 -0.024215 -0.067821
v 0.194691 0.168299 0.284235
v 0.223078 0.257149 0.208909
v 0.184317 0.134010 0.327079
v 0.163951 0.244935 0.271331
v 0.322814 -0.045025 -0.091414
v 0.187325 0.153422 0.308855
v 0.165104 0.266306 0.268421
v 0.278969 0.227325 0.117186
v 0.263241 0.242403 0.153040
v 0.276581 0.244357 0.136114
v 0.314157 0.025967 0.071302
v 0.308678 0.038241 0.098071
v 0.151933 0.206037 0.297769
v 0.148561 0.195401 0.307057
v 0.284754 0.082740 0.201816
v 0.269680 0.097378 0.225926
v 0.283570 0.081902 0.183403
v 0.292523 0.068876 0.163180
v 0.313771 0.013360 0.023081
v 0.173043 0.123203 0.344541
v 0.169756 0.174184 0.305498
v 0.189131 0.106408 0.343207
v 0.205643 0.105588 0.324653
v 0.149756 0.248251 0.282530
v 0.319793 0.013115 0.042760
v 0.141524 0.226453 0.296136
v 0.266502 0.253260 0.155488
v 0.269053 0.244949 0.146474
v 0.269154 0.237065 0.143853
v 0.277329 0.251020 0.141124
v 0.278439 0.252038 0.138657
v 0.252219 0.264093 0.179901
v 0.282763 0.184218 0.077678
v 0.227781 0.269190 0.209934
v 0.189697 0.278070 0.250602
v 0.209010 0.271908 0.229827
v 0.301259 0.092830 -0.069765
v 0.300478 0.075713 -0.098212
v 0.285375 0.204176 0.091711
v 0.294143 0.164786 0.042841
v 0.165476 0.277220 0.270611
v 0.145455 0.266300 0.283542
v 0.301550 0.128381 -0.015842
v 0.300881 0.141329 0.002308
v 0.166272 0.118944 0.354493
v 0.174377 0.145396 0.327251
v 0.132283 0.253176 0.293935
v 0.151593 0.177768 0.317267
v 0.150701 0.285180 0.283215
v 0.123956 0.218707 0.311951
v 0.137415 0.191153 0.318202
v 0.104418 0.250332 0.313120
v 0.121338 0.266555 0.298377
v 0.169075 0.289281 0.272721
v 0.179941 0.106805 0.356545
v 0.159037 0.115634 0.370999
v 0.097982 0.267721 0.313048
v 0.304907 0.049917 0.130550
v 0.155654 0.138316 0.345036
v 0.242110 0.278853 0.202153
v 0.220202 0.284963 0.228300
v 0.095417 0.234735 0.324345
v 0.106684 0.212851 0.326762
v 0.118660 0.191179 0.330929
v 0.100290 0.281097 0.312267
v 0.078736 0.255347 0.327074
v 0.084105 0.226072 0.335003
v 0.092691 0.203625 0.340675
v 0.111885 0.181326 0.342221
v 0.124055 0.161063 0.349185
v 0.142825 0.139673 0.354156
v 0.145487 0.129116 0.363411
v 0.128417 0.279575 0.295492
v 0.196749 0.295572 0.255445
v 0.074827 0.268409 0.325908
v 0.069799 0.280423 0.328579
v 0.125496 0.135886 0.372840
v 0.062801 0.252571 0.336417
v 0.061648 0.218689 0.350745
v 0.114552 0.148170 0.367252
v 0.074897 0.188138 0.360099
v 0.084598 0.189356 0.353967
v 0.080485 0.171563 0.369276
v 0.134011 0.301619 0.299295
v 0.101605 0.301191 0.316108
v 0.088219 0.291227 0.320364
v 0.058230 0.296531 0.335927
v 0.139813 0.125681 0.375526
v 0.073904 0.161799 0.381201
v 0.100667 0.147105 0.378590
v 0.092770 0.154058 0.376395
v 0.071170 0.301997 0.331472
v 0.070081 0.152833 0.392411
v 0.058866 0.183693 0.371987
v 0.057650 0.169829 0.382608
v 0.111549 0.135721 0.386873
v 0.078795 0.146835 0.395981
v 0.065914 0.147298 0.405185
v -0.175097 -0.315634 -0.469355
v -0.154628 -0.330423 -0.468155
v -0.176990 -0.326972 -0.459338
v -0.196173 -0.299533 -0.469100
v -0.223262 -0.296083 -0.455629
v -0.220203 -0.318290 -0.436590
v -0.236465 -0.304593 -0.436658
v -0.201352 -0.329251 -0.438811
v -0.249956 -0.287858 -0.439521
v -0.235516 -0.317319 -0.423021
v -0.175087 -0.333056 -0.453248
v -0.254138 -0.301560 -0.421528
v -0.240293 -0.277504 -0.454584
v -0.254436 -0.282101 -0.439415
v -0.218133 -0.329221 -0.422943
v -0.254514 -0.270621 -0.446446
v -0.224347 -0.281244 -0.462670
v -0.271558 -0.277228 -0.423841
v -0.176875 -0.299399 -0.477577
v -0.271474 -0.255289 -0.438072
v -0.258664 -0.250230 -0.451949
v -0.218776 -0.273263 -0.468912
v -0.198746 -0.274474 -0.477097
v -0.280759 -0.235687 -0.438166
v -0.240211 -0.259682 -0.461274
v -0.152169 -0.308900 -0.481013
v -0.285087 -0.253471 -0.422878
v -0.175704 -0.282276 -0.483522
v -0.129689 -0.322527 -0.479079
v -0.152228 -0.295311 -0.486374
v -0.222179 -0.254251 -0.471435
v -0.255006 -0.229813 -0.458354
v -0.242900 -0.242410 -0.463377
v -0.270682 -0.220331 -0.449394
v -0.285454 -0.221785 -0.437214
v -0.125102 -0.311756 -0.485313
v -0.128838 -0.337242 -0.469719
v -0.202397 -0.249650 -0.479721
v -0.128250 -0.296081 -0.490647
v -0.174328 -0.267884 -0.486514
v -0.156524 -0.279115 -0.489096
v -0.238010 -0.229130 -0.466947
v -0.219321 -0.236293 -0.474316
v -0.284946 -0.201980 -0.439964
v -0.260739 -0.204480 -0.456001
v -0.128951 -0.280022 -0.493881
v -0.183887 -0.250972 -0.485116
v -0.100797 -0.327577 -0.480342
v -0.099926 -0.310540 -0.488719
v -0.098581 -0.296940 -0.493572
v -0.152057 -0.262382 -0.491900
v -0.125674 -0.266659 -0.495902
v -0.104732 -0.282809 -0.496051
v -0.282974 -0.183434 -0.441583
v -0.228873 -0.210291 -0.470083
v -0.200623 -0.226435 -0.479933
v -0.152707 -0.249551 -0.492089
v -0.268349 -0.171460 -0.449023
v -0.175488 -0.235238 -0.486686
v -0.253077 -0.179203 -0.457050
v -0.298031 -0.201656 -0.427565
v -0.300977 -0.182417 -0.426421
v -0.301161 -0.160951 -0.425391
v -0.284165 -0.153187 -0.436563
v -0.313022 -0.139390 -0.412973
v -0.301110 -0.134446 -0.421427
v -0.321294 -0.121083 -0.404805
v -0.315313 -0.102541 -0.406621
v -0.300287 -0.101442 -0.415771
v -0.288193 -0.113329 -0.424625
v -0.329441 -0.092868 -0.393582
v -0.302711 -0.081351 -0.408844
v -0.324899 -0.075987 -0.392365
v -0.331569 -0.113389 -0.394490
v -0.334832 -0.130366 -0.391077
v -0.319764 -0.157126 -0.405995
v -0.315691 -0.061456 -0.392755
v -0.342463 -0.076522 -0.377042
v -0.333874 -0.053377 -0.374848
v -0.347464 -0.043907 -0.357611
v -0.321227 -0.039491 -0.375647
v -0.334906 -0.030891 -0.360378
v -0.349315 -0.026873 -0.345472
v 0.119984 -0.262615 -0.457150
v 0.159479 -0.256722 -0.438857
v 0.109579 -0.277779 -0.452992
v 0.144656 -0.246927 -0.452957
v 0.175523 -0.246931 -0.435510
v 0.160554 -0.233805 -0.450777
v 0.077840 -0.279748 -0.467387
v 0.093137 -0.262958 -0.469546
v 0.114927 -0.241985 -0.468987
v 0.188674 -0.232476 -0.435209
v 0.055005 -0.276216 -0.477834
v 0.029736 -0.294747 -0.477102
v 0.054678 -0.294927 -0.467751
v 0.131066 -0.232350 -0.464540
v 0.023847 -0.282163 -0.484634
v 0.088408 -0.246761 -0.477146
v 0.176414 -0.216528 -0.448510
v 0.199509 -0.217696 -0.434526
v 0.144383 -0.216521 -0.463339
v -0.010237 -0.299687 -0.485723
v 0.048029 -0.259836 -0.485275
v 0.068618 -0.240938 -0.484563
v 0.101132 -0.228606 -0.477483
v -0.004687 -0.309575 -0.478647
v 0.179181 -0.203153 -0.450295
v 0.112914 -0.215194 -0.475625
v 0.000403 -0.277636 -0.490967
v -0.018500 -0.293642 -0.489409
v 0.167882 -0.193691 -0.457114
v 0.210716 -0.199591 -0.432766
v 0.148681 -0.200824 -0.464025
v 0.130757 -0.196366 -0.470536
v 0.090917 -0.216054 -0.482294
v -0.048837 -0.307905 -0.488419
v -0.049300 -0.295234 -0.493166
v -0.048923 -0.319485 -0.482804
v -0.041988 -0.280796 -0.495944
v -0.077466 -0.310478 -0.489398
v -0.077900 -0.293616 -0.494977
v -0.078904 -0.326403 -0.481567
v 0.025871 -0.309099 -0.468705
v -0.032834 -0.324172 -0.475680
v 0.217610 -0.212844 -0.423567
v 0.239523 -0.173935 -0.420231
v 0.252308 -0.179254 -0.408862
v 0.256625 -0.158513 -0.412449
v 0.270001 -0.151408 -0.404802
v 0.205510 -0.233710 -0.421195
v -0.050567 -0.332384 -0.473511
v -0.079030 -0.338613 -0.472528
v 0.082808 -0.296723 -0.451935
v 0.058730 -0.307378 -0.454061
v 0.008350 -0.317097 -0.468157
v -0.022554 -0.327224 -0.469781
v 0.242216 -0.194378 -0.410575
v 0.191793 -0.247813 -0.421611
v 0.139635 -0.274765 -0.436484
v 0.114669 -0.289852 -0.437507
v 0.225761 -0.221343 -0.410462
v 0.168134 -0.265906 -0.424074
v -0.100906 -0.341429 -0.469811
v 0.255062 -0.196686 -0.395473
v 0.270888 -0.175958 -0.392477
v 0.040629 -0.315508 -0.453858
v -0.050277 -0.337250 -0.467919
v 0.242316 -0.215438 -0.395306
v 0.206810 -0.244442 -0.408653
v 0.142133 -0.283909 -0.422892
v 0.089841 -0.302342 -0.439606
v 0.004352 -0.324054 -0.460174
v 0.229790 -0.232218 -0.393630
v 0.185617 -0.262340 -0.409353
v -0.078253 -0.350947 -0.456370
v 0.112129 -0.299853 -0.424598
v -0.024717 -0.336544 -0.456761
v -0.050598 -0.345530 -0.455875
v 0.060871 -0.314991 -0.439376
v -0.100762 -0.352695 -0.454018
v 0.153726 -0.284009 -0.408511
v 0.090187 -0.310064 -0.424438
v 0.008529 -0.332676 -0.439662
v 0.030146 -0.325550 -0.440062
v -0.125565 -0.349486 -0.453923
v 0.126812 -0.298315 -0.408378
v -0.011315 -0.340090 -0.437564
v 0.074074 -0.316512 -0.423115
v -0.152332 -0.341536 -0.454516
v -0.174846 -0.340147 -0.440495
v -0.150917 -0.347997 -0.440285
v -0.054698 -0.247485 -0.500076
v -0.030748 -0.247541 -0.499132
v -0.051623 -0.267617 -0.498683
v -0.024319 -0.262575 -0.497212
v -0.006428 -0.241367 -0.497026
v 0.004030 -0.256948 -0.494251
v 0.026140 -0.240259 -0.492539
v 0.050389 -0.239872 -0.488555
v 0.066911 -0.216143 -0.487616
v 0.038430 -0.217322 -0.491712
v 0.081438 -0.198145 -0.484442
v 0.102960 -0.200158 -0.479484
v 0.059497 -0.201283 -0.487741
v -0.014602 -0.227112 -0.497306
v -0.044828 -0.233689 -0.499125
v 0.005612 -0.214279 -0.494535
v 0.023618 -0.199758 -0.491021
v -0.085567 -0.249534 -0.499736
v -0.078956 -0.271238 -0.498645
v 0.094947 -0.187066 -0.480486
v -0.101711 -0.266274 -0.498169
v -0.042066 -0.219934 -0.497505
v -0.074373 -0.225040 -0.498135
v 0.074896 -0.185590 -0.483482
v 0.042743 -0.186822 -0.487029
v 0.122434 -0.176660 -0.472292
v -0.017809 -0.203789 -0.493237
v -0.099620 -0.231338 -0.497315
v -0.125446 -0.249096 -0.496278
v 0.145016 -0.171848 -0.465925
v 0.133220 -0.161446 -0.468019
v 0.159976 -0.146070 -0.459557
v 0.109866 -0.155294 -0.470940
v 0.130684 -0.127625 -0.462880
v 0.144569 -0.130986 -0.461827
v 0.097500 -0.159204 -0.473148
v 0.156852 -0.108189 -0.454487
v 0.004591 -0.184373 -0.487593
v 0.094166 -0.143361 -0.468454
v -0.048741 -0.201694 -0.492935
v 0.064333 -0.173832 -0.481163
v -0.103200 -0.219428 -0.494659
v 0.174128 -0.111716 -0.449988
v 0.177201 -0.087260 -0.445076
v 0.083355 -0.158256 -0.473863
v 0.027033 -0.171794 -0.482969
v -0.083277 -0.203883 -0.492172
v 0.142401 -0.105723 -0.454928
v 0.121790 -0.112973 -0.458352
v -0.126430 -0.225778 -0.493162
v 0.166068 -0.078434 -0.443047
v -0.139977 -0.202095 -0.485835
v -0.160759 -0.208802 -0.485034
v -0.172545 -0.219597 -0.485625
v 0.066687 -0.158702 -0.473874
v -0.180261 -0.201237 -0.480314
v -0.048696 -0.184286 -0.485862
v -0.005890 -0.175399 -0.483634
v -0.082070 -0.187824 -0.485539
v 0.028664 -0.155324 -0.475915
v 0.194632 -0.069430 -0.435488
v 0.199311 -0.050929 -0.427747
v -0.167873 -0.179044 -0.474393
v -0.189368 -0.171732 -0.469381
v -0.209067 -0.178454 -0.468805
v -0.129838 -0.191648 -0.482669
v -0.134373 -0.176969 -0.475185
v -0.208275 -0.200121 -0.474521
v -0.224163 -0.185525 -0.467804
v 0.097573 -0.123221 -0.460081
v -0.205185 -0.155207 -0.460316
v -0.236165 -0.153926 -0.455427
v -0.177467 -0.159113 -0.464305
v -0.234848 -0.129927 -0.445514
v -0.266359 -0.091234 -0.424229
v -0.253766 -0.123402 -0.439929
v 0.076259 -0.138529 -0.463815
v 0.169162 -0.060498 -0.434091
v 0.147679 -0.076501 -0.441127
v -0.240559 -0.104091 -0.432135
v -0.212251 -0.135233 -0.449341
v -0.274538 -0.100793 -0.426794
v -0.282981 -0.088850 -0.420404
v -0.006700 -0.165877 -0.478672
v -0.035214 -0.171029 -0.479021
v 0.061196 -0.150376 -0.469101
v 0.105832 -0.108494 -0.453627
v 0.124440 -0.094957 -0.448679
v 0.192030 -0.040357 -0.421926
v -0.244697 -0.088502 -0.423001
v -0.269170 -0.070828 -0.411931
v -0.095487 -0.173176 -0.475383
v 0.005230 -0.148080 -0.469460
v 0.027822 -0.145254 -0.470252
v -0.180129 -0.141520 -0.453767
v -0.157535 -0.157226 -0.462769
v -0.128807 -0.160673 -0.464336
v -0.200730 -0.124805 -0.442586
v -0.293033 -0.062337 -0.403593
v -0.255035 -0.160780 -0.452141
v -0.271161 -0.128462 -0.436223
v -0.217841 -0.105664 -0.431050
v -0.027567 -0.158300 -0.470395
v 0.212404 -0.036203 -0.417243
v 0.073527 -0.122654 -0.453624
v 0.057516 -0.137421 -0.459458
v -0.262543 -0.066437 -0.408549
v 0.225554 -0.044663 -0.418097
v -0.299443 -0.048201 -0.392554
v -0.280320 -0.046891 -0.393189
v -0.301343 -0.069170 -0.404071
v 0.054376 -0.131619 -0.454562
v 0.238569 -0.027741 -0.405558
v 0.029912 -0.135248 -0.462714
v 0.199554 -0.030112 -0.413462
v -0.159429 -0.147600 -0.455805
v -0.128000 -0.148578 -0.452465
v -0.050527 -0.158295 -0.466485
v -0.078400 -0.162489 -0.467439
v 0.017530 -0.128737 -0.455473
v -0.006800 -0.144332 -0.463130
v 0.229248 -0.020969 -0.402897
v 0.259824 -0.008425 -0.389261
v 0.239629 -0.002896 -0.387886
v 0.229277 -0.010486 -0.394315
v 0.216865 -0.020250 -0.404062
v -0.107230 -0.157153 -0.461363
v 0.262392 0.001329 -0.381196
v -0.298780 -0.031754 -0.378373
v 0.035894 -0.118001 -0.438543
v 0.072310 -0.101485 -0.437677
v 0.097272 -0.101542 -0.445681
v -0.225188 -0.094107 -0.423193
v -0.244025 -0.073142 -0.409794
v -0.194112 -0.119085 -0.436080
v -0.310486 -0.032475 -0.375086
v -0.164353 -0.137004 -0.446563
v -0.074653 -0.155204 -0.460240
v 0.112342 -0.087356 -0.437541
v 0.028043 -0.126541 -0.453835
v 0.203913 -0.024294 -0.407734
v -0.037141 -0.146372 -0.456165
v -0.328455 -0.022735 -0.358849
v -0.005160 -0.135338 -0.454697
v -0.316798 -0.018205 -0.359660
v 0.250191 0.004465 -0.379031
v 0.281210 -0.000889 -0.374951
v 0.276937 -0.004573 -0.379460
v 0.051854 -0.099160 -0.426837
v -0.330293 -0.007261 -0.342313
v -0.080558 0.331175 0.475228
v -0.105763 0.328999 0.472618
v -0.096367 0.314862 0.483202
v -0.077347 0.314050 0.485699
v -0.045035 0.329711 0.478404
v -0.047984 0.314674 0.486426
v -0.021683 0.317531 0.484721
v -0.001551 0.327601 0.478427
v -0.039454 0.339141 0.471503
v 0.003329 0.311620 0.485986
v -0.053807 0.300168 0.491960
v -0.005159 0.299546 0.491309
v -0.080325 0.299523 0.490888
v 0.038502 0.316304 0.478935
v 0.025085 0.300616 0.488065
v 0.024269 0.330311 0.473295
v 0.047382 0.300543 0.484469
v -0.033681 0.283224 0.496416
v 0.011041 0.282781 0.494742
v -0.102130 0.297352 0.488769
v -0.074737 0.285613 0.494766
v 0.044221 0.281946 0.490996
v 0.062329 0.282445 0.487269
v 0.002513 0.266210 0.498389
v 0.035848 0.268212 0.494964
v -0.046887 0.267796 0.498771
v 0.056546 0.259845 0.493500
v -0.107366 0.277441 0.492234
v -0.071141 0.268182 0.497476
v -0.095015 0.266663 0.495195
v 0.044432 0.250097 0.496334
v -0.001452 0.252583 0.499539
v 0.080932 0.259627 0.487872
v 0.067370 0.300225 0.479450
v 0.085097 0.282117 0.480978
v 0.059411 0.231825 0.495374
v 0.078440 0.231266 0.492099
v 0.033756 0.231912 0.497933
v -0.053006 0.252867 0.499241
v -0.132007 0.283778 0.485740
v -0.124024 0.266790 0.490693
v -0.078241 0.251420 0.497047
v 0.052211 0.218914 0.495971
v -0.008363 0.238211 0.499223
v 0.073193 0.210353 0.492973
v -0.109297 0.250610 0.493402
v -0.128492 0.253988 0.490402
v 0.094075 0.237176 0.486765
v -0.131440 0.299512 0.481025
v -0.148313 0.266100 0.484489
v -0.045342 0.235623 0.497872
v -0.062156 0.233878 0.496220
v 0.026558 0.212594 0.495950
v -0.000810 0.218077 0.496205
v 0.097251 0.208099 0.487056
v 0.097067 0.266955 0.480847
v 0.100886 0.248156 0.482867
v 0.056627 0.199149 0.492816
v -0.151141 0.253047 0.484195
v 0.087620 0.191413 0.487609
v -0.165201 0.281024 0.475600
v -0.126575 0.237879 0.488517
v -0.089149 0.227620 0.491387
v -0.119723 0.314436 0.477702
v -0.154320 0.296637 0.474756
v -0.145694 0.240610 0.484585
v 0.107401 0.221100 0.482404
v -0.046644 0.217783 0.493159
v 0.105978 0.186844 0.481385
v 0.031663 0.195388 0.491378
v -0.000071 0.196130 0.489265
v -0.142057 0.232828 0.483766
v -0.183742 0.268500 0.469719
v -0.079591 0.211190 0.487526
v -0.181817 0.253489 0.471047
v 0.112235 0.282927 0.469954
v -0.176879 0.300418 0.464526
v -0.149851 0.315777 0.467891
v -0.185353 0.282124 0.466296
v -0.170015 0.241850 0.475478
v 0.055396 0.185812 0.488290
v -0.127001 0.217306 0.481485
v 0.101148 0.179181 0.480807
v 0.134431 0.180540 0.469264
v -0.073968 0.200403 0.484042
v -0.043747 0.202434 0.487541
v 0.079872 0.176919 0.482928
v -0.168728 0.227661 0.472812
v 0.134906 0.193106 0.469801
v 0.149088 0.193123 0.464165
v 0.176744 0.172891 0.453073
v 0.180581 0.188124 0.452773
v 0.174332 0.205080 0.455160
v 0.133038 0.233225 0.469120
v 0.159328 0.246809 0.458562
v 0.129353 0.248595 0.469582
v 0.127132 0.268667 0.466722
v 0.128856 0.280732 0.462780
v 0.158124 0.266123 0.455191
v 0.177624 0.236818 0.451153
v 0.157451 0.157027 0.455543
v 0.125250 0.173658 0.470637
v 0.175385 0.160620 0.450431
v 0.116374 0.161025 0.468682
v 0.101557 0.159934 0.470511
v 0.190784 0.196762 0.447327
v 0.203657 0.170847 0.439727
v 0.207087 0.185686 0.438249
v 0.172973 0.258858 0.449856
v 0.190592 0.153807 0.441758
v -0.122368 0.195817 0.473871
v -0.145936 0.212340 0.475203
v -0.165134 0.210739 0.468237
v 0.038880 0.182507 0.485691
v 0.146741 0.148558 0.454519
v 0.175379 0.145195 0.443928
v 0.059574 0.176292 0.483168
v -0.036831 0.193611 0.483603
v 0.003565 0.184218 0.483105
v -0.146452 0.196410 0.468262
v -0.102408 0.183832 0.470984
v 0.152647 0.283490 0.451883
v 0.204755 0.150297 0.433010
v -0.128621 0.184564 0.466725
v 0.198734 0.214070 0.440842
v 0.097162 0.299887 0.469410
v 0.188635 0.249970 0.442335
v 0.124440 0.300927 0.456712
v 0.221658 0.174750 0.428323
v 0.063626 0.316044 0.472667
v 0.219790 0.150847 0.424057
v 0.172829 0.279558 0.442961
v 0.079436 0.314469 0.468388
v 0.226505 0.162518 0.422680
v 0.202375 0.137816 0.428004
v -0.181284 0.199958 0.457504
v -0.197837 0.238877 0.461252
v -0.191912 0.221581 0.460367
v -0.172475 0.183093 0.452477
v -0.207588 0.228067 0.453580
v -0.214449 0.198394 0.440647
v -0.224536 0.211646 0.439548
v -0.206491 0.184826 0.438488
v 0.222293 0.193571 0.426794
v 0.241008 0.157158 0.410185
v 0.186239 0.266269 0.439363
v 0.230677 0.137360 0.410204
v 0.246993 0.174115 0.406776
v 0.207718 0.249180 0.427753
v 0.155606 0.300721 0.441779
v 0.215151 0.230183 0.424549
v 0.204965 0.266272 0.425503
v 0.246807 0.187762 0.405745
v 0.050600 0.329123 0.467899
v 0.266477 0.157884 0.386761
v 0.252782 0.143509 0.394930
v 0.271020 0.173820 0.383572
v 0.225257 0.255946 0.410724
v 0.106547 0.317474 0.454504
v 0.191147 0.284846 0.427539
v -0.128021 0.327396 0.467598
v 0.248090 0.206789 0.400522
v 0.249610 0.242510 0.390252
v 0.172886 0.299396 0.431999
v 0.134175 0.315798 0.442721
v 0.081340 0.328254 0.456199
v 0.219796 0.271337 0.410803
v 0.215699 0.282866 0.409402
v 0.273642 0.192368 0.378458
v 0.261489 0.242469 0.378563
v 0.235826 0.267963 0.396757
v 0.158646 0.315830 0.429772
v 0.170454 0.313225 0.424076
v -0.176223 0.316749 0.456227
v 0.205234 0.295939 0.409666
v 0.004580 0.338972 0.468489
v 0.291260 0.157247 0.358228
v 0.235641 0.281339 0.390521
v 0.291036 0.174890 0.360079
v 0.277957 0.224478 0.365082
v 0.284915 0.198338 0.363930
v 0.249512 0.274058 0.379452
v 0.186509 0.314967 0.410186
v 0.267176 0.255498 0.366732
v 0.220275 0.296097 0.396027
v 0.299005 0.187870 0.347878
v 0.205968 0.309601 0.398185
v 0.144644 0.327958 0.426042
v 0.295198 0.207506 0.348147
v 0.312143 0.171195 0.331423
v 0.310343 0.155837 0.332914
v 0.309359 0.194233 0.332276
v 0.282347 0.236133 0.354722
v 0.333935 0.154103 0.298934
v 0.235917 0.294600 0.380516
v 0.267686 0.267315 0.359782
v 0.325286 0.173191 0.311551
v 0.339034 0.162670 0.291682
v 0.366248 0.161524 0.254100
v 0.347644 0.143643 0.278763
v 0.372274 0.139229 0.244521
v 0.345514 0.171134 0.281646
v 0.360361 0.185403 0.258428
v 0.375993 0.175948 0.237604
v 0.343640 0.201535 0.276904
v 0.331166 0.200326 0.295764
v 0.360890 0.205216 0.252092
v 0.383755 0.156617 0.227507
v 0.374264 0.195112 0.235786
v 0.386597 0.134991 0.221324
v 0.336317 0.229256 0.276231
v 0.318256 0.247439 0.293478
v 0.319443 0.215497 0.308226
v 0.302239 0.230177 0.328426
v 0.348585 0.233590 0.256770
v 0.364678 0.222076 0.238765
v 0.284821 0.253781 0.342517
v 0.327173 0.259602 0.270906
v 0.383020 0.180466 0.224534
v 0.364693 0.235117 0.231014
v 0.393120 0.148548 0.208652
v 0.344775 0.253892 0.248788
v 0.261327 0.288218 0.352810
v 0.248753 0.296433 0.362647
v 0.374691 0.221535 0.221699
v 0.316230 0.262876 0.286022
v 0.283310 0.271981 0.332152
v 0.298639 0.267648 0.311000
v 0.169739 0.327637 0.410904
v 0.381004 0.197312 0.222016
v 0.395530 0.123408 0.199750
v 0.217749 0.314725 0.380303
v 0.116181 0.327348 0.439871
v 0.190978 0.322999 0.397670
v 0.390334 0.178144 0.208142
v 0.323762 0.275682 0.261000
v 0.298809 0.281181 0.298280
v 0.279064 0.285717 0.326102
v 0.360070 0.251844 0.223901
v 0.384878 0.204041 0.209216
v 0.344113 0.266396 0.236577
v 0.207223 0.319643 0.384921
v 0.248733 0.301917 0.356183
v 0.266914 0.298753 0.331615
v 0.404239 0.118927 0.174829
v 0.375221 0.235492 0.207465
v 0.310601 0.286967 0.270273
v 0.290028 0.290541 0.301327
v 0.047957 0.336784 0.459868
v 0.287340 0.296310 0.297613
v 0.400903 0.144045 0.184264
v 0.396796 0.163196 0.192775
v 0.391118 0.194946 0.194594
v -0.084542 0.344222 0.462289
v -0.045004 0.343956 0.466397
v -0.106792 0.337938 0.464459
v 0.382930 0.223141 0.195247
v 0.397310 0.179647 0.177821
v 0.406618 0.125291 0.159866
v 0.411342 0.100911 0.142034
v 0.402334 0.156869 0.161455
v -0.097886 0.219891 0.363553
v -0.094565 0.203332 0.370579
v -0.113208 0.205271 0.362201
v -0.110580 0.224339 0.357596
v -0.128282 0.221568 0.349927
v -0.134914 0.203925 0.351199
v -0.102978 0.236823 0.357987
v -0.120210 0.236176 0.351169
v -0.138837 0.234442 0.341676
v -0.116355 0.254918 0.350549
v -0.138254 0.253189 0.340364
v -0.099295 0.254099 0.356517
v -0.157954 0.223021 0.331076
v -0.160117 0.235961 0.327688
v -0.164616 0.205210 0.330374
v -0.168066 0.252701 0.321298
v -0.181918 0.237064 0.311369
v -0.188597 0.225788 0.306507
v -0.193302 0.252873 0.301480
v -0.145842 0.190154 0.349294
v -0.123128 0.191241 0.363162
v -0.168702 0.189115 0.332409
v -0.095801 0.189579 0.376524
v -0.186873 0.204382 0.311308
v -0.188544 0.189717 0.313252
v -0.199676 0.229289 0.295463
v -0.181773 0.174274 0.326108
v -0.158878 0.172948 0.348258
v -0.136377 0.175264 0.363258
v -0.116501 0.175088 0.375494
v -0.099446 0.172708 0.384685
v -0.201689 0.197681 0.297000
v -0.203980 0.174221 0.300176
v -0.194018 0.173063 0.313119
v -0.154805 0.267957 0.330750
v -0.180574 0.267447 0.313280
v -0.140088 0.278720 0.339875
v -0.121861 0.283457 0.348575
v -0.199151 0.267342 0.297668
v -0.212152 0.227745 0.281822
v -0.215262 0.255249 0.279101
v -0.210685 0.268682 0.286063
v -0.212148 0.194462 0.284570
v -0.198687 0.155701 0.316626
v -0.216792 0.170637 0.283202
v -0.177512 0.284689 0.318262
v -0.150890 0.282951 0.334682
v -0.198661 0.281626 0.301063
v -0.135465 0.298485 0.345596
v -0.221658 0.231789 0.270279
v -0.229640 0.198443 0.260058
v -0.227527 0.244282 0.263052
v -0.208780 0.161879 0.298672
v -0.210531 0.143959 0.306890
v -0.224856 0.182918 0.268713
v -0.232257 0.269213 0.260569
v -0.240621 0.247759 0.245711
v -0.216469 0.284093 0.283704
v -0.226250 0.164025 0.270174
v -0.238369 0.223785 0.246676
v -0.204736 0.294028 0.299988
v -0.253841 0.260256 0.229361
v -0.221894 0.144136 0.286393
v -0.240928 0.279146 0.252970
v -0.230961 0.143300 0.268938
v -0.236753 0.162919 0.251028
v -0.172937 0.298337 0.325327
v -0.154923 0.298912 0.336301
v -0.195829 0.301827 0.310769
v -0.215594 0.303887 0.295332
v -0.258676 0.246398 0.219319
v -0.270156 0.256957 0.207814
v -0.257262 0.230550 0.217338
v -0.251248 0.210362 0.223716
v -0.250244 0.190832 0.223211
v -0.241060 0.178081 0.240730
v -0.264374 0.271260 0.221004
v -0.266033 0.231173 0.201878
v -0.188107 0.158614 0.328477
v -0.172636 0.160367 0.343869
v -0.153985 0.158221 0.362345
v -0.260358 0.209151 0.204299
v -0.278740 0.269230 0.205005
v -0.221991 0.131710 0.294908
v -0.199600 0.141070 0.327322
v -0.186965 0.144705 0.341343
v -0.206985 0.129393 0.327486
v -0.130988 0.159973 0.377519
v -0.170442 0.145876 0.358718
v -0.117370 0.299754 0.352638
v -0.223784 0.115444 0.308383
v -0.095907 0.275479 0.356396
v -0.117817 0.159656 0.386115
v -0.099225 0.294277 0.356707
v -0.274461 0.234423 0.189794
v -0.080737 0.236636 0.363596
v -0.237484 0.293291 0.266150
v -0.070736 0.221768 0.369341
v -0.069807 0.206874 0.375211
v -0.281691 0.245786 0.187424
v -0.083083 0.173976 0.389536
v -0.162655 0.143025 0.369592
v -0.181695 0.136331 0.357082
v -0.197081 0.127518 0.346716
v -0.212196 0.115653 0.336912
v -0.141214 0.147354 0.383143
v -0.074912 0.189931 0.382106
v -0.076031 0.251350 0.361686
v -0.084628 0.276777 0.358664
v -0.093438 0.156973 0.399498
v -0.118945 0.151143 0.393782
v -0.075550 0.160757 0.401466
v -0.079015 0.304055 0.361883
v -0.050856 0.190324 0.386077
v -0.060554 0.175860 0.393424
v -0.101416 0.311772 0.360365
v -0.062948 0.238226 0.365202
v -0.164640 0.312347 0.336666
v -0.187293 0.314666 0.323927
v -0.204180 0.312865 0.310622
v -0.144420 0.315815 0.348226
v -0.126153 0.316312 0.355462
v -0.249271 0.283305 0.245816
v -0.263438 0.281109 0.228923
v -0.272546 0.207930 0.176729
v -0.281791 0.216476 0.167158
v -0.289302 0.230554 0.169101
v -0.290200 0.253766 0.185432
v -0.214923 0.116682 0.328316
v -0.229248 0.102981 0.315170
v -0.070191 0.266328 0.360866
v -0.068879 0.282929 0.360718
v -0.048688 0.215201 0.373661
v -0.045684 0.243503 0.363928
v -0.037388 0.174565 0.397412
v -0.043655 0.164211 0.405096
v -0.224187 0.309941 0.292669
v -0.051386 0.270632 0.360455
v -0.030203 0.192012 0.386393
v -0.052551 0.297185 0.362087
v -0.027212 0.222306 0.370932
v -0.023431 0.208206 0.377558
v -0.086996 0.321766 0.366829
v -0.172189 0.133178 0.375647
v -0.191182 0.126544 0.360096
v -0.210496 0.113394 0.347501
v -0.224891 0.103573 0.331811
v -0.006947 0.189423 0.386945
v -0.064520 0.156258 0.410861
v -0.028393 0.240117 0.363853
v -0.025351 0.249991 0.360694
v -0.031660 0.271434 0.358837
v -0.003966 0.176078 0.395026
v -0.065226 0.315030 0.366106
v -0.025234 0.284388 0.358095
v -0.011857 0.167875 0.402119
v -0.002572 0.237782 0.361465
v -0.002318 0.218841 0.369952
v -0.042775 0.157901 0.412382
v -0.045806 0.317171 0.367183
v -0.002311 0.253558 0.356268
v -0.002220 0.268876 0.353387
v -0.001874 0.285708 0.353755
v 0.017649 0.178280 0.389651
v -0.028480 0.300035 0.360512
v -0.092240 0.153049 0.406216
v -0.013821 0.159325 0.410386
v 0.015121 0.236065 0.358899
v 0.013166 0.255379 0.352017
v 0.024596 0.222726 0.362638
v 0.025667 0.201356 0.373889
v 0.032131 0.171098 0.390545
v 0.011514 0.167928 0.398454
v -0.130298 0.145658 0.394651
v -0.153857 0.139298 0.385638
v 0.043608 0.248495 0.345877
v 0.030255 0.257910 0.346240
v 0.028864 0.267914 0.343655
v 0.050497 0.269092 0.337047
v 0.045569 0.283322 0.338976
v 0.026538 0.282677 0.344805
v 0.011402 0.158690 0.407320
v 0.047621 0.211623 0.360516
v 0.001452 0.299813 0.355929
v 0.027398 0.161668 0.399953
v 0.044591 0.181286 0.379737
v 0.057650 0.169829 0.382608
v 0.056331 0.158272 0.392818
v 0.062801 0.252571 0.336417
v 0.061648 0.218689 0.350745
v 0.040900 0.153588 0.405811
v 0.074897 0.188138 0.360099
v 0.058866 0.183693 0.371987
v 0.074827 0.268409 0.325908
v 0.038785 0.299800 0.344290
v 0.069799 0.280423 0.328579
v 0.058230 0.296531 0.335927
v 0.073904 0.161799 0.381201
v 0.070081 0.152833 0.392411
v -0.110458 -0.147841 -0.411370
v -0.111474 -0.156072 -0.401993
v -0.096397 -0.156062 -0.406600
v -0.095173 -0.144442 -0.420167
v -0.128902 -0.149225 -0.402239
v -0.132269 -0.136239 -0.417852
v -0.102483 -0.140430 -0.424162
v -0.081216 -0.142278 -0.427053
v -0.080299 -0.155246 -0.409936
v -0.081018 -0.147469 -0.418644
v -0.124525 -0.169925 -0.384246
v -0.098838 -0.172521 -0.392234
v -0.079367 -0.170155 -0.397594
v -0.143817 -0.153598 -0.388677
v -0.143613 -0.141915 -0.402410
v -0.131919 -0.172213 -0.379098
v -0.142931 -0.133567 -0.415596
v -0.156057 -0.128325 -0.412560
v -0.153174 -0.151730 -0.383371
v -0.152681 -0.167663 -0.370871
v -0.159691 -0.131009 -0.401198
v -0.109796 -0.188750 -0.378712
v -0.094395 -0.187927 -0.383570
v -0.079295 -0.185294 -0.387601
v -0.129745 -0.184592 -0.373074
v -0.077544 -0.199316 -0.380650
v -0.095840 -0.211035 -0.372397
v -0.123072 -0.196787 -0.370309
v -0.146069 -0.186768 -0.365207
v -0.163242 -0.176243 -0.360452
v -0.165703 -0.154661 -0.369919
v -0.165681 -0.135575 -0.387810
v -0.081169 -0.217096 -0.372547
v -0.131485 -0.220198 -0.358819
v -0.156898 -0.213003 -0.349927
v -0.111951 -0.224980 -0.363290
v -0.098125 -0.232840 -0.364778
v -0.175912 -0.186944 -0.347568
v -0.175578 -0.230525 -0.332157
v -0.132905 -0.233109 -0.354631
v -0.156948 -0.233191 -0.343424
v -0.066576 -0.218487 -0.372816
v -0.079960 -0.233959 -0.367544
v -0.177114 -0.160875 -0.356790
v -0.178889 -0.143720 -0.364801
v -0.107690 -0.249053 -0.358959
v -0.138185 -0.249271 -0.349679
v -0.082058 -0.251937 -0.363394
v -0.065474 -0.186626 -0.387183
v -0.065609 -0.171245 -0.396772
v -0.068313 -0.155963 -0.408788
v -0.162360 -0.250554 -0.338111
v -0.054013 -0.235430 -0.367738
v -0.054418 -0.249605 -0.364419
v -0.048104 -0.188422 -0.385349
v -0.047195 -0.217713 -0.372541
v -0.045821 -0.168335 -0.396683
v -0.050985 -0.155512 -0.406469
v -0.060539 -0.147091 -0.417775
v -0.022887 -0.154870 -0.402071
v -0.030883 -0.234057 -0.365611
v -0.023997 -0.186927 -0.381868
v -0.030690 -0.200373 -0.377059
v -0.027963 -0.218051 -0.369373
v -0.022974 -0.171006 -0.390467
v -0.013282 -0.138728 -0.414475
v -0.030493 -0.249521 -0.362385
v -0.010764 -0.233541 -0.361629
v -0.008209 -0.169310 -0.386550
v -0.011773 -0.197642 -0.372319
v -0.006090 -0.215748 -0.363945
v -0.175694 -0.251793 -0.330514
v 0.011003 -0.217755 -0.358423
v 0.015348 -0.200805 -0.360745
v 0.033300 -0.199563 -0.356117
v 0.044360 -0.182030 -0.357510
v 0.061802 -0.182935 -0.353304
v 0.054154 -0.170727 -0.358288
v 0.015194 -0.184318 -0.367029
v 0.018720 -0.170474 -0.373163
v 0.046056 -0.155488 -0.370433
v 0.076150 -0.168431 -0.352341
v 0.078963 -0.155546 -0.355739
v 0.094076 -0.169091 -0.345565
v 0.075692 -0.182127 -0.350221
v 0.063140 -0.156693 -0.361832
v 0.081355 -0.140631 -0.363039
v 0.105177 -0.152953 -0.345524
v 0.105252 -0.129569 -0.356603
v 0.132582 -0.168913 -0.328577
v 0.139669 -0.135893 -0.335332
v 0.154067 -0.167029 -0.319253
v 0.116922 -0.186448 -0.330573
v 0.165272 -0.185582 -0.311297
v 0.124153 -0.130893 -0.345319
v 0.127009 -0.107435 -0.355520
v -0.187234 -0.242131 -0.321929
v 0.086959 -0.084390 -0.420019
v 0.078364 -0.094490 -0.409672
v 0.087627 -0.094035 -0.401212
v 0.064804 -0.092818 -0.424718
v 0.051854 -0.099160 -0.426837
v 0.111168 -0.078875 -0.399752
v 0.060254 -0.109003 -0.405803
v 0.029050 -0.121337 -0.417062
v 0.031504 -0.111110 -0.429160
v 0.022185 -0.116449 -0.430960
v 0.014915 -0.129057 -0.417195
v 0.111835 -0.092278 -0.381188
v 0.034683 -0.129934 -0.402298
v 0.013597 -0.141531 -0.402263
v 0.072188 -0.119641 -0.385373
v 0.127583 -0.077071 -0.383647
v 0.125208 -0.091735 -0.369037
v 0.050713 -0.138533 -0.382243
v 0.032040 -0.144162 -0.388659
v 0.011111 -0.158052 -0.386749
v 0.087398 -0.125734 -0.369886
v 0.110904 -0.106939 -0.368202
v 0.094684 -0.105103 -0.382866
v 0.046056 -0.155488 -0.370433
v 0.142046 -0.075789 -0.367625
v 0.147610 -0.065246 -0.374001
v 0.159187 -0.070422 -0.352908
v 0.145686 -0.090410 -0.351196
v 0.127009 -0.107435 -0.355520
v 0.128572 -0.070937 -0.394922
v 0.177653 -0.050208 -0.349966
v 0.188225 -0.037125 -0.352496
v 0.207364 -0.032069 -0.331668
v 0.221666 -0.014774 -0.334789
v 0.191212 -0.049166 -0.335019
v 0.215396 -0.036125 -0.316158
v 0.232504 -0.014425 -0.313061
v 0.242628 -0.002102 -0.315128
v 0.168477 -0.073142 -0.340843
v 0.126122 -0.068344 -0.406803
v 0.114368 -0.073178 -0.411820
v 0.095944 -0.080953 -0.417092
v 0.105252 -0.129569 -0.356603
v 0.004220 -0.122197 -0.431504
v -0.002315 -0.144949 -0.405150
v -0.008209 -0.169310 -0.386550
v 0.018720 -0.170474 -0.373163
v 0.179834 -0.075371 -0.328926
v 0.198694 -0.058770 -0.320192
v 0.215197 -0.044055 -0.309443
v 0.233574 -0.029643 -0.293227
v 0.081355 -0.140631 -0.363039
v 0.160086 -0.088446 -0.339433
v -0.013335 -0.127504 -0.429962
v -0.013282 -0.138728 -0.414475
v -0.022887 -0.154870 -0.402071
v -0.043612 -0.141627 -0.418198
v -0.044022 -0.136442 -0.427082
v -0.060539 -0.147091 -0.417775
v -0.062046 -0.141478 -0.427223
v -0.050985 -0.155512 -0.406469
v -0.081018 -0.147469 -0.418644
v -0.081216 -0.142278 -0.427053
v 0.276290 0.015691 -0.245967
v 0.265298 0.003898 -0.259641
v 0.271015 0.005678 -0.243772
v 0.276244 0.007303 -0.224627
v 0.273898 0.015336 -0.261226
v 0.266391 0.010389 -0.275870
v 0.282821 0.022243 -0.239373
v 0.252052 0.001652 -0.297117
v 0.250996 -0.009419 -0.279200
v 0.240326 -0.013680 -0.298270
v 0.284247 0.019269 -0.205649
v 0.290170 0.029616 -0.206897
v 0.292455 0.031802 -0.180691
v 0.296972 0.038420 -0.179309
v 0.295102 0.036016 -0.153468
v 0.265939 -0.006413 -0.245029
v 0.290233 0.023307 -0.176703
v 0.252398 -0.022170 -0.263664
v 0.298062 0.044283 -0.149435
v 0.301972 0.046335 -0.169083
v 0.294399 0.040097 -0.125244
v 0.301921 0.057692 -0.135011
v 0.296011 0.049822 -0.123972
v 0.295558 0.055639 -0.110668
v 0.300478 0.075713 -0.098212
v 0.297296 0.077517 -0.084782
v 0.271110 -0.015898 -0.224585
v 0.259687 -0.030542 -0.243938
v 0.281348 -0.004052 -0.201502
v 0.288486 0.011356 -0.178598
v 0.282746 -0.013335 -0.194408
v 0.270810 -0.032514 -0.220182
v 0.289277 -0.019010 -0.173925
v 0.283202 -0.034247 -0.192582
v 0.274981 -0.038825 -0.210458
v 0.255366 -0.045676 -0.246329
v 0.256815 -0.067747 -0.239322
v 0.277509 -0.060128 -0.205899
v 0.287815 -0.048325 -0.184777
v 0.293310 -0.042404 -0.170721
v 0.244598 -0.045136 -0.264809
v 0.245004 -0.032961 -0.270350
v 0.241853 -0.060564 -0.263508
v 0.271239 -0.078336 -0.215251
v 0.248304 -0.083861 -0.250146
v 0.251215 -0.114092 -0.241292
v 0.294932 -0.068308 -0.177706
v 0.286707 -0.084855 -0.192721
v 0.265234 -0.096400 -0.222961
v 0.229526 -0.064717 -0.279157
v 0.225029 -0.048484 -0.292562
v 0.234959 -0.105514 -0.263210
v 0.242597 -0.113786 -0.252368
v 0.219641 -0.079719 -0.286964
v 0.267974 -0.113672 -0.220285
v 0.247422 -0.124581 -0.246215
v 0.299886 -0.063076 -0.167187
v 0.301501 -0.078484 -0.170480
v 0.295250 -0.028531 -0.157628
v 0.302143 -0.042048 -0.147126
v 0.228725 -0.125272 -0.266354
v 0.216573 -0.059787 -0.298232
v 0.205980 -0.095045 -0.296853
v 0.244951 -0.137899 -0.250865
v 0.215163 -0.119975 -0.280940
v 0.230852 -0.140812 -0.263938
v 0.213903 -0.137209 -0.278783
v 0.216414 -0.152064 -0.275879
v 0.200969 -0.074839 -0.309548
v 0.195316 -0.134220 -0.296930
v 0.193687 -0.159098 -0.294286
v 0.193869 -0.093776 -0.309253
v 0.188371 -0.110554 -0.309306
v 0.285304 -0.102867 -0.198179
v 0.270862 -0.126033 -0.219736
v 0.300689 -0.091235 -0.176968
v 0.309127 -0.083776 -0.162142
v 0.309296 -0.059922 -0.144996
v 0.183389 -0.137066 -0.306276
v 0.171329 -0.090991 -0.329032
v 0.176574 -0.169048 -0.306261
v 0.161060 -0.116540 -0.328592
v 0.169171 -0.135192 -0.317658
v 0.168510 -0.156492 -0.313328
v 0.145494 -0.109420 -0.341622
v 0.219663 -0.159750 -0.274038
v 0.188986 -0.186370 -0.297601
v 0.313096 -0.057432 -0.133098
v 0.151828 -0.141545 -0.327124
v 0.267698 -0.141071 -0.228922
v 0.139669 -0.135893 -0.335332
v 0.124153 -0.130893 -0.345319
v 0.154067 -0.167029 -0.319253
v 0.165272 -0.185582 -0.311297
v 0.250259 -0.146929 -0.249682
v 0.242001 -0.155037 -0.261131
v 0.315354 -0.071384 -0.144089
v 0.292905 -0.113744 -0.196144
v 0.325298 -0.062951 -0.117489
v 0.324421 -0.077423 -0.138605
v 0.317097 -0.051778 -0.116070
v 0.322814 -0.045025 -0.091414
v 0.233971 0.314270 0.358544
v 0.231337 0.317853 0.351211
v 0.217749 0.314725 0.380303
v 0.248995 0.316927 0.323578
v 0.254664 0.312206 0.329275
v 0.274863 0.309374 0.294207
v 0.207223 0.319643 0.384921
v 0.250106 0.319848 0.304976
v 0.211691 0.322632 0.364840
v 0.197787 0.324855 0.383723
v 0.233450 0.323136 0.323615
v 0.190978 0.322999 0.397670
v 0.171977 0.330443 0.401830
v 0.231983 0.326789 0.304859
v 0.221458 0.322619 0.343914
v 0.187990 0.329495 0.376815
v 0.164461 0.336845 0.378620
v 0.153199 0.338146 0.393793
v 0.150389 0.342074 0.381579
v 0.153983 0.342290 0.370260
v 0.137457 0.342782 0.394478
v 0.220531 0.328806 0.310612
v 0.264265 0.315299 0.286121
v 0.275478 0.311941 0.280236
v 0.292938 0.308021 0.261933
v 0.284276 0.312539 0.255332
v 0.300343 0.306436 0.249142
v 0.262630 0.315807 0.277682
v 0.230978 0.327627 0.294008
v 0.196417 0.328183 0.351104
v 0.174848 0.334246 0.355390
v 0.159902 0.339835 0.354660
v 0.212143 0.325823 0.333002
v 0.152212 0.332605 0.412945
v 0.300935 0.305833 0.232831
v 0.137458 0.350371 0.377704
v 0.134634 0.353679 0.368752
v 0.123856 0.356091 0.368923
v 0.124590 0.354214 0.378226
v 0.138191 0.353013 0.356442
v 0.169739 0.327637 0.410904
v 0.126561 0.341941 0.404410
v 0.123017 0.356298 0.356892
v 0.311240 0.300109 0.231705
v 0.195377 0.329142 0.321825
v 0.169115 0.334090 0.326860
v 0.160958 0.338281 0.339901
v 0.149756 0.342956 0.338039
v 0.215002 0.329811 0.295802
v 0.138954 0.332436 0.421403
v 0.108757 0.334384 0.431130
v 0.297299 0.302850 0.268208
v 0.318592 0.293886 0.212651
v 0.326205 0.289552 0.212606
v 0.186709 0.329400 0.309066
v 0.206502 0.329797 0.306454
v 0.325210 0.288329 0.199171
v 0.339042 0.281686 0.194955
v 0.328622 0.285030 0.185355
v 0.338901 0.281645 0.177507
v 0.328524 0.285904 0.173460
v 0.336299 0.285169 0.149690
v 0.328555 0.287377 0.151602
v 0.329525 0.286539 0.145920
v 0.343328 0.279324 0.202679
v 0.348661 0.275737 0.173586
v 0.157142 0.336469 0.324614
v 0.175778 0.328405 0.304132
v 0.231633 0.324548 0.279333
v 0.218006 0.326995 0.283177
v 0.255657 0.315649 0.265239
v 0.236247 0.319094 0.266456
v 0.137676 0.350616 0.344086
v 0.314479 0.286000 0.183594
v 0.310359 0.298118 0.216010
v 0.313442 0.289645 0.195126
v 0.331124 0.285485 0.222132
v 0.283957 0.308672 0.236644
v 0.125064 0.352512 0.343617
v 0.319939 0.292919 0.234052
v 0.357073 0.268759 0.196030
v 0.261323 0.312192 0.251118
v 0.111079 0.343908 0.403612
v 0.094802 0.339676 0.426279
v 0.094518 0.344087 0.410654
v 0.065722 0.349571 0.413754
v 0.048155 0.349530 0.428102
v 0.078680 0.348910 0.398716
v 0.053098 0.352694 0.400944
v 0.036519 0.353742 0.414805
v 0.023609 0.352846 0.429493
v 0.077283 0.349619 0.386221
v 0.093994 0.347530 0.393826
v 0.083447 0.349104 0.376206
v 0.012556 0.354890 0.407510
v 0.009280 0.355699 0.416419
v -0.000954 0.354827 0.430550
v -0.026640 0.356590 0.418563
v -0.021621 0.355924 0.429155
v -0.067084 0.358450 0.418086
v -0.060874 0.357541 0.430008
v -0.090613 0.359540 0.427223
v -0.106226 0.361179 0.415284
v -0.091008 0.359754 0.405206
v -0.114810 0.360465 0.405895
v 0.199210 0.327964 0.293687
v 0.244256 0.312580 0.252643
v 0.150193 0.335999 0.320630
v 0.292657 0.301467 0.216507
v -0.131768 0.359096 0.411740
v 0.267298 0.302302 0.220317
v 0.300305 0.286311 0.185273
v 0.310835 0.284245 0.175644
v -0.153446 0.354799 0.390176
v -0.171819 0.352580 0.399740
v -0.183436 0.350522 0.388267
v -0.188314 0.348444 0.374680
v -0.207502 0.344977 0.372970
v -0.215719 0.341746 0.355962
v 0.218346 0.319652 0.268637
v 0.276266 0.294193 0.200891
v 0.135228 0.343488 0.327492
v 0.112068 0.354024 0.369627
v 0.296711 0.278731 0.168567
v 0.280486 0.281884 0.178481
v 0.113670 0.351042 0.347667
v 0.251753 0.299359 0.219856
v -0.107133 0.359439 0.427251
v 0.317225 0.284318 0.151964
v 0.207268 0.323216 0.279259
v 0.234134 0.308596 0.246493
v 0.103297 0.349168 0.386872
v 0.094575 0.349776 0.373360
v 0.092802 0.347352 0.360030
v 0.127478 0.345002 0.330291
v -0.045219 0.354702 0.442289
v 0.313157 0.283853 0.162884
v 0.267548 0.288827 0.193497
v 0.235793 0.303128 0.236908
v 0.181613 0.323747 0.293089
v 0.164005 0.329437 0.307697
v 0.147470 0.333074 0.315815
v -0.217603 0.342396 0.378613
v -0.238866 0.336569 0.351644
v -0.225545 0.337380 0.339947
v -0.256458 0.329404 0.323667
v -0.255714 0.331246 0.338911
v -0.274397 0.323491 0.319419
v -0.274714 0.320370 0.299043
v 0.281549 0.275856 0.167655
v 0.289719 0.271820 0.154985
v -0.290673 0.313637 0.288209
v -0.285529 0.312546 0.275877
v -0.307555 0.301138 0.255752
v 0.218685 0.311275 0.257000
v 0.189705 0.318095 0.281076
v 0.337610 0.282340 0.144241
v 0.318299 0.281171 0.143538
v -0.305220 0.307283 0.285669
v -0.263193 0.328713 0.348054
v -0.287112 0.318225 0.318743
v 0.164412 0.321252 0.297137
v 0.247840 0.294711 0.214674
v 0.270507 0.273191 0.170468
v 0.251921 0.287342 0.201974
v -0.228520 0.338549 0.381615
v -0.317293 0.298744 0.268215
v 0.281570 0.268310 0.155496
v 0.291652 0.266734 0.142309
v -0.206399 0.343216 0.397550
v 0.294245 0.267498 0.139458
v -0.067634 0.355026 0.442834
v -0.256951 0.329949 0.362269
v -0.001703 0.351587 0.444479
v -0.148089 0.354707 0.416036
v -0.125333 0.355720 0.428104
v -0.182241 0.347294 0.410578
v -0.092081 0.355586 0.440605
v 0.296511 0.265126 0.135618
v 0.043413 0.345833 0.442690
v -0.238442 0.334185 0.382771
v -0.042157 0.349485 0.457066
v 0.017886 0.343951 0.457883
v -0.256874 0.327092 0.376246
v -0.001544 0.344693 0.461578
v -0.234366 0.331724 0.397133
v -0.072680 0.349509 0.455848
v -0.104639 0.353140 0.443126
v 0.075069 0.336120 0.447265
v -0.213537 0.335303 0.411189
v -0.177600 0.343234 0.423068
v -0.195753 0.336017 0.423898
v 0.047957 0.336784 0.459868
v -0.157145 0.346911 0.426436
v -0.045004 0.343956 0.466397
v 0.144644 0.327958 0.426042
v -0.084542 0.344222 0.462289
v 0.116181 0.327348 0.439871
v 0.081340 0.328254 0.456199
v -0.170743 0.335507 0.439614
v -0.121234 0.342584 0.452522
v -0.114020 0.341531 0.458118
v -0.232030 0.327243 0.408172
v -0.140140 0.342206 0.439896
v -0.144973 0.335572 0.450829
v 0.004580 0.338972 0.468489
v -0.266106 0.321646 0.374867
v -0.252622 0.321486 0.394624
v -0.156387 0.327963 0.456309
v -0.212901 0.326607 0.425757
v -0.185268 0.328159 0.441621
v -0.106792 0.337938 0.464459
v -0.411100 0.072470 -0.125149
v -0.408115 0.061738 -0.141231
v -0.418955 0.056894 -0.120964
v -0.412012 0.051064 -0.142204
v -0.417293 0.071791 -0.110542
v -0.411281 0.088077 -0.104291
v -0.420042 0.087277 -0.082534
v -0.424839 0.072342 -0.085151
v -0.425102 0.088128 -0.056772
v -0.419687 0.102643 -0.051094
v -0.424171 0.106961 -0.009483
v -0.420174 0.117837 -0.003864
v -0.421589 0.124941 0.029313
v -0.416455 0.136337 0.027489
v -0.416525 0.147557 0.055426
v -0.427231 0.083361 -0.050127
v -0.409845 0.150861 0.038332
v -0.409995 0.164981 0.070793
v -0.411235 0.101739 -0.080468
v -0.413649 0.160989 0.089344
v -0.417824 0.147577 0.067844
v -0.409883 0.169741 0.095412
v -0.410103 0.135566 0.007249
v -0.417604 0.114193 -0.023516
v -0.401195 0.182555 0.097296
v -0.409689 0.113037 -0.053953
v -0.410381 0.124970 -0.016046
v -0.401449 0.185125 0.119830
v -0.401416 0.175910 0.075029
v -0.401292 0.163575 0.048240
v -0.421415 0.132285 0.063275
v -0.401348 0.048449 -0.159586
v -0.403940 0.028633 -0.170871
v -0.398176 0.037696 -0.173996
v -0.401689 0.092997 -0.109910
v -0.400768 0.079798 -0.128658
v -0.402438 0.108106 -0.081665
v -0.394567 0.182683 0.080473
v -0.393677 0.191532 0.105912
v -0.396147 0.144234 0.005189
v -0.395703 0.129082 -0.029109
v -0.386883 0.191314 0.091579
v -0.397563 0.121331 -0.051339
v -0.386069 0.200733 0.120452
v -0.395164 0.194814 0.130748
v -0.384270 0.212276 0.154976
v -0.379012 0.208951 0.133057
v -0.375193 0.220709 0.154966
v -0.369212 0.234463 0.175641
v -0.374646 0.232448 0.186234
v -0.357214 0.256793 0.203306
v -0.358436 0.241599 0.173515
v -0.345792 0.265768 0.201249
v -0.367146 0.223981 0.151043
v -0.392485 0.106925 -0.095566
v -0.346912 0.270346 0.216144
v -0.336864 0.275359 0.211542
v -0.388472 0.181343 0.070505
v -0.392000 0.098571 -0.110419
v -0.332043 0.283410 0.230022
v -0.344641 0.275087 0.231351
v -0.331019 0.288363 0.254545
v -0.390378 0.086324 -0.128660
v -0.395110 0.072780 -0.141300
v -0.392320 0.055875 -0.159897
v -0.383873 0.049139 -0.174706
v -0.394487 0.028180 -0.193021
v -0.380406 0.041768 -0.190258
v -0.361777 0.056665 -0.182397
v -0.358384 0.048900 -0.201756
v -0.377860 0.031593 -0.211894
v -0.378102 0.057543 -0.167867
v -0.380915 0.080519 -0.140627
v -0.390643 0.020119 -0.213748
v -0.384418 0.010630 -0.241534
v -0.373900 0.013868 -0.251245
v -0.359071 0.021590 -0.253887
v -0.364461 0.007954 -0.275047
v -0.372327 0.002403 -0.275671
v -0.363479 -0.001527 -0.300086
v -0.347575 0.007932 -0.303084
v -0.347441 0.002239 -0.314660
v -0.346964 -0.007757 -0.330520
v -0.331072 0.003346 -0.327200
v -0.330293 -0.007261 -0.342313
v -0.338307 -0.014550 -0.344535
v -0.382600 0.002997 -0.256911
v -0.328455 -0.022735 -0.358849
v -0.360453 -0.016697 -0.324274
v -0.349315 -0.026873 -0.345472
v -0.334906 -0.030891 -0.360378
v -0.321227 -0.039491 -0.375647
v -0.318092 0.298797 0.288444
v -0.300527 0.310713 0.310869
v -0.297284 0.311282 0.326945
v -0.277880 0.321433 0.348451
v -0.284381 0.313024 0.358356
v -0.355099 0.092423 -0.125192
v -0.343327 0.079456 -0.144327
v -0.364648 0.082046 -0.141929
v -0.381351 0.090959 -0.127079
v -0.359821 0.102142 -0.111782
v -0.380546 0.101226 -0.112120
v -0.376892 0.111357 -0.095682
v -0.360834 0.110789 -0.096627
v -0.361286 0.063480 -0.167568
v -0.339302 0.062021 -0.167625
v -0.347086 0.054796 -0.184665
v -0.361585 0.117731 -0.080500
v -0.375457 0.118190 -0.080729
v -0.328861 0.053370 -0.182802
v -0.341990 0.089588 -0.125987
v -0.342455 0.041737 -0.215232
v -0.355984 0.043494 -0.213715
v -0.352795 0.036701 -0.228548
v -0.323552 0.044655 -0.201316
v -0.340348 0.093194 -0.117012
v -0.359114 0.128062 -0.049756
v -0.372237 0.130059 -0.045287
v -0.359226 0.138438 -0.022994
v -0.372049 0.138819 -0.021880
v -0.375926 0.154527 0.012027
v -0.377462 0.170600 0.045925
v -0.360610 0.156950 0.016620
v -0.361283 0.171575 0.048162
v -0.361398 0.191923 0.084068
v -0.376554 0.187940 0.077333
v -0.347864 0.184328 0.076046
v -0.351248 0.196282 0.096013
v -0.360032 0.206493 0.114178
v -0.347172 0.207265 0.116543
v -0.359753 0.212372 0.125143
v -0.331465 0.200771 0.111055
v -0.344242 0.169662 0.052515
v -0.324466 0.037289 -0.222654
v -0.347626 0.150275 0.009378
v -0.342446 0.159170 0.032570
v -0.331200 0.192802 0.099896
v -0.341783 0.133183 -0.022943
v -0.350911 0.124466 -0.052353
v -0.353786 0.115518 -0.077396
v -0.349710 0.105405 -0.097546
v -0.335051 0.029804 -0.251815
v -0.373227 0.199552 0.102348
v -0.329259 0.216593 0.131723
v -0.344966 0.222136 0.137759
v -0.332143 0.236459 0.158794
v -0.343583 0.240205 0.163933
v -0.313228 0.221103 0.142256
v -0.311317 0.232987 0.157645
v -0.362157 0.219139 0.137752
v -0.390974 0.167249 0.044968
v -0.383899 0.145956 -0.001277
v -0.385765 0.131378 -0.032758
v -0.381982 0.126558 -0.050789
v -0.390743 0.115834 -0.078248
v -0.378307 0.204583 0.119963
v -0.331126 0.248908 0.173024
v -0.342605 0.250320 0.177022
v -0.344659 0.258945 0.188205
v -0.354740 0.237203 0.163983
v -0.310911 0.242959 0.167732
v -0.354283 0.016253 -0.267656
v -0.334958 0.021659 -0.266277
v -0.334426 0.015083 -0.280107
v -0.350520 0.011870 -0.283954
v -0.319936 0.022766 -0.254979
v -0.317843 0.014221 -0.273257
v -0.311455 0.200950 0.120789
v -0.332316 0.011419 -0.304364
v -0.321717 0.012174 -0.303925
v -0.318265 0.008340 -0.318528
v -0.317094 0.003592 -0.330548
v -0.311701 -0.006030 -0.347498
v -0.303276 -0.000106 -0.331110
v -0.288559 -0.012874 -0.348828
v -0.394363 0.135748 -0.014066
v -0.316798 -0.018205 -0.359660
v -0.304540 -0.016285 -0.361354
v -0.326856 0.268961 0.191995
v -0.329237 0.274519 0.201212
v -0.304728 0.281956 0.203177
v -0.320327 0.283406 0.214467
v -0.310251 0.287129 0.216698
v -0.298384 0.290751 0.221691
v -0.306165 0.296838 0.240903
v -0.292634 0.304329 0.254118
v -0.274028 0.307395 0.258946
v -0.277977 0.311112 0.268239
v -0.263679 0.321284 0.294771
v -0.254373 0.319949 0.290619
v -0.245040 0.329744 0.318621
v -0.230972 0.329237 0.317194
v -0.205029 0.338317 0.342242
v -0.286580 0.290430 0.222909
v -0.189706 0.344532 0.358705
v -0.171802 0.347443 0.368080
v -0.151543 0.351744 0.380072
v -0.121617 0.357512 0.394660
v -0.117389 0.352723 0.385542
v -0.098950 0.357910 0.397245
v -0.172469 0.344174 0.361247
v -0.190655 0.338049 0.345878
v -0.130359 0.349500 0.379732
v -0.061360 0.351700 0.393720
v -0.126553 0.346021 0.376520
v -0.285410 0.282339 0.210829
v -0.056174 0.355874 0.405644
v -0.040562 0.351831 0.396264
v -0.052616 0.345812 0.385792
v -0.008339 0.351465 0.397469
v -0.005526 0.345448 0.385639
v 0.036230 0.352035 0.392596
v 0.022703 0.348183 0.385957
v 0.023179 0.342440 0.376024
v -0.077076 0.345932 0.383720
v 0.045220 0.346120 0.373722
v -0.023385 0.354719 0.407330
v 0.059477 0.349557 0.377830
v 0.077851 0.345907 0.365615
v 0.077678 0.341807 0.356852
v -0.220841 0.326946 0.316235
v -0.228601 0.318759 0.299737
v -0.245614 0.316356 0.286680
v -0.196539 0.329918 0.331832
v -0.271852 0.300959 0.248018
v -0.255421 0.305618 0.264013
v -0.274400 -0.031617 -0.372040
v -0.287363 -0.032550 -0.378063
v -0.298780 -0.031754 -0.378373
v 0.095606 0.343861 0.349231
v -0.309506 0.273382 0.194290
v -0.280320 -0.046891 -0.393189
v 0.057016 0.351598 0.388554
v -0.266894 0.296766 0.243983
v -0.176956 0.334114 0.346129
v -0.155839 0.337820 0.359276
v -0.266355 -0.046203 -0.387803
v 0.047197 0.335729 0.361037
v 0.080122 0.334833 0.346978
v -0.008641 0.336627 0.376845
v -0.023091 0.344073 0.384554
v -0.054397 0.335478 0.377178
v -0.269682 0.289461 0.231898
v -0.208151 0.322175 0.316678
v -0.312815 0.259779 0.182426
v -0.238731 0.310654 0.282360
v -0.327067 0.059232 -0.163793
v -0.244025 -0.073142 -0.409794
v -0.262543 -0.066437 -0.408549
v -0.329869 0.178158 0.078697
v -0.280059 -0.020825 -0.356701
v -0.300425 0.271349 0.193921
v -0.289239 0.275101 0.201573
v -0.234593 -0.073721 -0.405771
v -0.308030 0.008810 -0.303282
v -0.293813 -0.000150 -0.319029
v -0.332013 0.143681 0.009777
v -0.258677 -0.047279 -0.384428
v -0.304144 0.016069 -0.254806
v -0.305527 0.010383 -0.277504
v -0.326958 0.075971 -0.137246
v 0.109472 0.344704 0.339141
v -0.310486 -0.032475 -0.375086
v -0.090398 0.334567 0.373004
v -0.126758 0.336863 0.367971
v -0.215004 -0.092804 -0.417305
v -0.299767 0.251113 0.178073
v 0.014394 0.329534 0.366550
v 0.036614 0.329790 0.360032
v -0.225188 -0.094107 -0.423193
v -0.194112 -0.119085 -0.436080
v -0.329824 0.165746 0.058207
v -0.326731 0.154647 0.039616
v -0.196754 -0.106719 -0.423278
v -0.181300 -0.120086 -0.431937
v -0.164353 -0.137004 -0.446563
v -0.165685 -0.127779 -0.434339
v -0.144664 -0.140990 -0.446044
v -0.151719 -0.132102 -0.434392
v -0.127827 -0.136655 -0.435498
v -0.124377 -0.142950 -0.445105
v -0.098812 -0.141032 -0.438761
v -0.095994 -0.146360 -0.447741
v -0.072745 -0.142195 -0.438531
v -0.070216 -0.145950 -0.446849
v -0.074653 -0.155204 -0.460240
v -0.053484 -0.140736 -0.439656
v -0.050462 -0.146703 -0.451900
v -0.107230 -0.157153 -0.461363
v -0.128000 -0.148578 -0.452465
v -0.050527 -0.158295 -0.466485
v -0.159429 -0.147600 -0.455805
v -0.160543 -0.125663 -0.423770
v -0.181248 -0.114733 -0.421957
v -0.024519 -0.132300 -0.439039
v -0.037141 -0.146372 -0.456165
v -0.139044 -0.133860 -0.427112
v -0.005160 -0.135338 -0.454697
v -0.002573 -0.130251 -0.447365
v 0.017530 -0.128737 -0.455473
v 0.022185 -0.116449 -0.430960
v 0.004220 -0.122197 -0.431504
v -0.298212 0.237124 0.167480
v -0.299495 0.221311 0.151433
v -0.307422 0.022781 -0.237798
v -0.321718 0.183312 0.093673
v -0.313447 0.181352 0.098052
v -0.322719 0.079181 -0.125599
v -0.224187 0.309941 0.292669
v -0.253465 0.294323 0.251648
v -0.253366 -0.045758 -0.375704
v -0.264263 -0.031944 -0.360420
v -0.279094 -0.012988 -0.330848
v 0.023441 -0.121328 -0.443422
v 0.028043 -0.126541 -0.453835
v 0.035894 -0.118001 -0.438543
v 0.042084 -0.122521 -0.444785
v 0.054376 -0.131619 -0.454562
v 0.031504 -0.111110 -0.429160
v -0.326912 0.122510 -0.026842
v -0.325066 0.105337 -0.060162
v -0.341479 0.108278 -0.074901
v -0.322518 0.096183 -0.078544
v -0.315899 0.167851 0.078140
v -0.327374 0.091866 -0.101889
v -0.206195 -0.093569 -0.407947
v -0.313361 0.031121 -0.223161
v -0.158597 0.329177 0.350568
v -0.130568 0.329431 0.361248
v -0.106923 0.328628 0.366569
v -0.189281 -0.105614 -0.408701
v -0.102483 -0.140430 -0.424162
v -0.173726 0.321237 0.336962
v -0.296438 0.008190 -0.268530
v -0.292927 0.002239 -0.299014
v -0.023106 0.330645 0.373100
v -0.001838 0.328219 0.369282
v -0.314912 0.158717 0.065444
v 0.051854 -0.099160 -0.426837
v 0.073465 0.329163 0.344443
v 0.104428 0.329179 0.327923
v 0.121647 0.337425 0.325684
v 0.139903 0.328333 0.312933
v 0.148872 0.318201 0.301280
v 0.174944 0.314330 0.285303
v -0.081216 -0.142278 -0.427053
v -0.223093 -0.076597 -0.395306
v -0.239043 -0.060548 -0.384106
v -0.290200 0.253766 0.185432
v -0.062046 -0.141478 -0.427223
v -0.044022 -0.136442 -0.427082
v -0.013335 -0.127504 -0.429962
v -0.311829 0.096968 -0.058430
v -0.312385 0.111316 -0.028875
v -0.204180 0.312865 0.310622
v -0.187293 0.314666 0.323927
v -0.322233 0.132881 0.002380
v -0.313257 0.033682 -0.210696
v -0.312346 0.126097 0.005157
v -0.316096 0.049938 -0.164671
v 0.179498 0.303825 0.273702
v -0.299050 0.197852 0.128619
v -0.263438 0.281109 0.228923
v -0.169670 -0.119628 -0.411871
v -0.312755 0.087196 -0.081669
v 0.208042 0.303980 0.255071
v 0.216369 0.298565 0.243676
v 0.230889 0.292563 0.226350
v -0.068589 0.328250 0.371901
v -0.045806 0.317171 0.367183
v -0.025710 0.316818 0.366047
v 0.139379 0.309534 0.300533
v 0.123329 0.315101 0.310879
v -0.086996 0.321766 0.366829
v 0.012874 0.317642 0.360019
v -0.000879 0.310995 0.360207
v -0.144420 0.315815 0.348226
v -0.126153 0.316312 0.355462
v -0.164640 0.312347 0.336666
v -0.289302 0.230554 0.169101
v 0.043136 0.315749 0.349447
v -0.278740 0.269230 0.205005
v -0.313517 0.147377 0.047748
v 0.196749 0.295572 0.255445
v 0.163712 0.304625 0.284386
v -0.314514 0.046291 -0.169545
v -0.302668 0.058349 -0.123544
v -0.065226 0.315030 0.366106
v -0.312846 0.077816 -0.107774
v 0.220202 0.284963 0.228300
v 0.073877 0.319935 0.338260
v -0.312628 0.068479 -0.127472
v 0.089312 0.315752 0.328059
v -0.101416 0.311772 0.360365
v -0.132269 -0.136239 -0.417852
v -0.142931 -0.133567 -0.415596
v -0.201506 -0.095263 -0.397614
v 0.242110 0.278853 0.202153
v 0.259464 0.272128 0.179295
v -0.289270 0.199826 0.142666
v -0.156057 -0.128325 -0.412560
v -0.305804 0.160735 0.083170
v -0.299878 0.179057 0.110417
v 0.015707 0.304616 0.353467
v -0.249271 0.283305 0.245816
v -0.237484 0.293291 0.266150
v 0.266502 0.253260 0.155488
v -0.211488 -0.086833 -0.396903
v 0.038785 0.299800 0.344290
v 0.001452 0.299813 0.355929
v -0.028480 0.300035 0.360512
v 0.058230 0.296531 0.335927
v 0.134011 0.301619 0.299295
v 0.150701 0.285180 0.283215
v 0.071170 0.301997 0.331472
v 0.252219 0.264093 0.179901
v 0.169075 0.289281 0.272721
v 0.101605 0.301191 0.316108
v 0.324717 -0.098542 -0.361610
v 0.317716 -0.119676 -0.366666
v 0.299899 -0.122431 -0.384342
v 0.304449 -0.100095 -0.380110
v 0.319209 -0.083114 -0.365384
v 0.329273 -0.075804 -0.355273
v 0.340694 -0.079675 -0.344516
v 0.285152 -0.121495 -0.395141
v 0.344581 -0.060132 -0.336767
v 0.280620 -0.103127 -0.396622
v 0.275719 -0.084896 -0.396755
v 0.287070 -0.079460 -0.387883
v 0.328053 -0.053841 -0.349531
v 0.310876 -0.063508 -0.365575
v 0.265233 -0.050393 -0.394752
v 0.284326 -0.052432 -0.382223
v 0.295184 -0.059223 -0.374531
v 0.304176 -0.043586 -0.363218
v 0.342610 -0.041513 -0.331881
v 0.277041 -0.045492 -0.386438
v 0.274246 -0.021954 -0.385782
v 0.288571 -0.032710 -0.376128
v 0.285024 -0.008069 -0.374991
v 0.276937 -0.004573 -0.379460
v 0.298083 -0.018542 -0.365269
v 0.297633 0.001869 -0.359399
v 0.281210 -0.000889 -0.374951
v 0.266142 -0.127800 -0.407512
v 0.252594 -0.047673 -0.401461
v 0.242075 -0.075898 -0.412624
v 0.250997 -0.090805 -0.411352
v 0.243262 -0.047042 -0.407807
v 0.257190 -0.017931 -0.394155
v 0.225554 -0.044663 -0.418097
v 0.219342 -0.059775 -0.423951
v 0.238569 -0.027741 -0.405558
v 0.226646 -0.086636 -0.422658
v 0.238709 -0.102893 -0.419549
v 0.242561 -0.129823 -0.420135
v 0.213153 -0.112120 -0.431876
v 0.228985 -0.115755 -0.425521
v 0.250723 -0.147075 -0.416460
v 0.194393 -0.088534 -0.438514
v 0.191606 -0.114449 -0.442715
v 0.270001 -0.151408 -0.404802
v 0.174128 -0.111716 -0.449988
v 0.175285 -0.134156 -0.452458
v 0.197003 -0.153872 -0.442782
v 0.178977 -0.171515 -0.452941
v 0.202482 -0.118337 -0.437041
v 0.211639 -0.156360 -0.435355
v 0.202521 -0.181400 -0.440003
v 0.227394 -0.170013 -0.427691
v 0.256625 -0.158513 -0.412449
v 0.159976 -0.146070 -0.459557
v 0.194632 -0.069430 -0.435488
v 0.177201 -0.087260 -0.445076
v 0.154645 -0.178653 -0.463089
v 0.167882 -0.193691 -0.457114
v 0.179181 -0.203153 -0.450295
v 0.292123 -0.135938 -0.388912
v 0.214049 -0.186940 -0.433019
v 0.239523 -0.173935 -0.420231
v 0.145016 -0.171848 -0.465925
v 0.210716 -0.199591 -0.432766
v 0.148681 -0.200824 -0.464025
v 0.130757 -0.196366 -0.470536
v 0.259824 -0.008425 -0.389261
v 0.314723 -0.028758 -0.349341
v 0.306830 -0.009655 -0.353009
v 0.343191 -0.022467 -0.321696
v 0.322219 -0.009587 -0.333937
v 0.356261 -0.034295 -0.313785
v 0.359158 -0.046397 -0.315213
v 0.354353 -0.067676 -0.326218
v 0.333699 -0.102845 -0.351172
v 0.344906 -0.089526 -0.338381
v 0.322363 0.002392 -0.326603
v 0.367182 -0.034318 -0.299297
v 0.282633 -0.156737 -0.390843
v 0.370962 -0.047756 -0.298663
v 0.355318 -0.012148 -0.301138
v 0.324904 0.006875 -0.320485
v 0.376074 -0.030948 -0.284280
v 0.303984 -0.139754 -0.374382
v 0.342460 0.006654 -0.300441
v 0.369955 -0.059562 -0.301097
v 0.358901 -0.080872 -0.316638
v 0.373238 -0.010736 -0.275694
v 0.252308 -0.179254 -0.408862
v 0.387561 -0.001549 -0.246925
v 0.380227 -0.047576 -0.281891
v 0.386541 -0.032673 -0.266170
v 0.358917 0.003001 -0.284155
v 0.374589 0.019247 -0.249459
v 0.390330 0.019056 -0.227662
v 0.404941 0.019002 -0.205702
v 0.404460 -0.000814 -0.218967
v 0.396501 -0.020075 -0.241443
v 0.406608 -0.014909 -0.220597
v 0.398879 -0.029143 -0.239578
v 0.414378 0.004666 -0.197538
v 0.421149 0.019876 -0.174916
v 0.392226 -0.045648 -0.254953
v 0.270888 -0.175958 -0.392477
v 0.410239 0.033623 -0.183353
v 0.422939 0.032231 -0.160630
v 0.347547 -0.096299 -0.331057
v 0.334989 -0.110361 -0.345382
v 0.416357 -0.009683 -0.196156
v 0.380379 -0.060038 -0.279046
v 0.425686 0.004916 -0.169255
v 0.411023 -0.026336 -0.209980
v 0.316716 -0.134595 -0.359095
v 0.401227 -0.042942 -0.230432
v 0.429556 0.023880 -0.147703
v 0.428355 0.035128 -0.142785
v 0.422500 0.047214 -0.144499
v 0.348314 -0.105064 -0.323729
v 0.420689 -0.013546 -0.183243
v 0.288953 -0.166955 -0.375603
v 0.366591 -0.087194 -0.294346
v 0.390471 -0.056809 -0.253885
v 0.427099 -0.012276 -0.158709
v 0.430566 0.000675 -0.148615
v 0.434057 0.017706 -0.131023
v 0.408178 -0.043916 -0.205187
v 0.417840 -0.026893 -0.182929
v 0.433486 0.036701 -0.120987
v 0.432451 -0.009823 -0.129600
v 0.435366 0.001597 -0.118200
v 0.437638 0.021650 -0.102232
v 0.428642 0.048639 -0.123540
v 0.437534 0.037739 -0.085442
v 0.437137 0.004235 -0.083060
v 0.432488 0.049020 -0.101830
v 0.438688 0.027263 -0.071867
v 0.437512 0.037840 -0.054940
v 0.435703 0.045124 -0.078664
v 0.436758 0.013805 -0.054747
v 0.437481 0.023972 -0.053577
v 0.434363 0.040247 -0.018490
v 0.433806 0.050805 -0.053697
v 0.433613 0.018163 -0.029671
v 0.433098 0.037683 0.000905
v 0.430273 0.023774 -0.001488
v 0.430422 0.040273 0.027992
v 0.429392 0.052563 0.019696
v 0.427254 0.057221 0.041744
v 0.430777 0.050087 0.002013
v 0.420501 0.084254 0.038979
v 0.420156 0.083723 0.064713
v 0.412955 0.112100 0.068960
v 0.408928 0.128702 0.113466
v 0.416956 0.095298 0.101826
v 0.422317 0.070814 0.074875
v -0.341818 0.278696 0.250265
v -0.355580 0.262935 0.230852
v -0.350449 0.266800 0.251189
v -0.336022 0.282947 0.267764
v -0.360973 0.252853 0.236741
v -0.376381 0.231469 0.199904
v -0.372939 0.234751 0.216399
v -0.358841 0.257762 0.216624
v -0.381861 0.217223 0.212892
v -0.392688 0.203587 0.188039
v -0.391614 0.207088 0.175784
v -0.365806 0.241047 0.238235
v -0.398929 0.191830 0.164995
v -0.399215 0.189103 0.177576
v -0.391979 0.200125 0.198444
v -0.349957 0.263373 0.258951
v -0.332277 0.283713 0.282120
v -0.393496 0.201300 0.153282
v -0.400519 0.187510 0.142711
v -0.395164 0.194814 0.130748
v -0.401449 0.185125 0.119830
v -0.374646 0.232448 0.186234
v -0.405436 0.175755 0.130141
v -0.409883 0.169741 0.095412
v -0.384270 0.212276 0.154976
v -0.344641 0.275087 0.231351
v -0.393677 0.191532 0.105912
v -0.357214 0.256793 0.203306
v -0.401195 0.182555 0.097296
v -0.346912 0.270346 0.216144
v -0.318092 0.298797 0.288444
v -0.316684 0.296615 0.307201
v -0.331019 0.288363 0.254545
v -0.326873 0.284652 0.297842
v -0.405317 0.173585 0.140031
v -0.412134 0.159716 0.110816
v -0.413649 0.160989 0.089344
v -0.297284 0.311282 0.326945
v -0.298687 0.307162 0.335456
v -0.300897 0.299920 0.343065
v -0.315728 0.286448 0.322901
v -0.384438 0.204859 0.218589
v -0.369136 0.228546 0.241697
v -0.331034 0.276071 0.294856
v -0.344606 0.261910 0.273217
v -0.417134 0.149057 0.084970
v -0.417824 0.147577 0.067844
v -0.403920 0.174297 0.156306
v -0.394323 0.188258 0.201471
v -0.284381 0.313024 0.358356
v -0.363833 0.230525 0.253596
v -0.421415 0.132285 0.063275
v -0.418303 0.138905 0.093559
v -0.410772 0.149740 0.131839
v -0.381714 0.199054 0.230001
v -0.399958 0.176461 0.184436
v -0.288197 0.301071 0.366158
v -0.303042 0.288143 0.348091
v -0.317551 0.274902 0.325157
v -0.343068 0.255441 0.280027
v -0.330456 0.257963 0.304598
v -0.363354 0.214153 0.262134
v -0.269040 0.314080 0.383180
v -0.393733 0.176135 0.207343
v -0.388326 0.175230 0.221391
v -0.341049 0.244138 0.288622
v -0.296143 0.283322 0.362863
v -0.305590 0.273404 0.349603
v -0.380234 0.186013 0.237462
v -0.318267 0.255087 0.330292
v -0.278716 0.301237 0.380630
v -0.282820 0.289468 0.380702
v -0.306719 0.246543 0.354812
v -0.330583 0.233247 0.310329
v -0.319032 0.226535 0.334951
v -0.338614 0.225650 0.297476
v -0.357616 0.206393 0.273277
v -0.364810 0.187987 0.264468
v -0.330803 0.204625 0.312521
v -0.338033 0.201979 0.300657
v -0.351899 0.191108 0.282639
v -0.289830 0.269007 0.376377
v -0.313875 0.211827 0.346173
v -0.303643 0.227058 0.362621
v -0.395855 0.161279 0.200996
v -0.379670 0.161755 0.239104
v -0.293097 0.241864 0.376547
v -0.386590 0.152773 0.223494
v -0.264330 0.299371 0.400219
v -0.272289 0.288366 0.394875
v -0.393061 0.130612 0.201587
v -0.400381 0.135069 0.181302
v -0.399543 0.121925 0.183126
v -0.407717 0.112390 0.159176
v -0.408552 0.083975 0.158954
v -0.401948 0.079363 0.175946
v -0.392663 0.109230 0.197563
v -0.408861 0.066133 0.155819
v -0.312776 0.190100 0.345407
v -0.329933 0.184075 0.311536
v -0.401094 0.059627 0.173273
v -0.371083 0.157223 0.252859
v -0.305940 0.203241 0.358393
v -0.294830 0.221252 0.375477
v -0.384063 0.127063 0.220039
v -0.360191 0.171602 0.270671
v -0.278256 0.265214 0.391802
v -0.404063 0.050404 0.162523
v -0.336939 0.174021 0.300484
v -0.393963 0.060809 0.186339
v -0.376095 0.137402 0.239760
v -0.382962 0.101069 0.212243
v -0.283655 0.229966 0.389133
v -0.324289 0.157956 0.314036
v -0.264699 0.251884 0.408685
v -0.258040 0.271500 0.413534
v -0.290374 0.207759 0.379690
v -0.357761 0.148787 0.269760
v -0.254331 0.287900 0.414342
v -0.365678 0.130988 0.253763
v -0.372420 0.104075 0.230329
v -0.300400 0.189719 0.362973
v -0.267573 0.226610 0.406895
v -0.379240 0.081939 0.211770
v -0.335590 0.157374 0.298707
v -0.394484 0.035998 0.174020
v -0.313200 0.155546 0.330804
v -0.307421 0.172607 0.347234
v -0.251266 0.241564 0.422995
v -0.400227 0.033896 0.160722
v -0.269676 0.209656 0.402505
v -0.256826 0.312499 0.400327
v -0.245050 0.302033 0.418461
v -0.288530 0.191055 0.377682
v -0.236958 0.285629 0.431003
v -0.375288 0.072472 0.213727
v -0.365674 0.093606 0.234929
v -0.360525 0.113657 0.252673
v -0.318531 0.136183 0.312193
v -0.235149 0.249872 0.436957
v -0.229666 0.268335 0.439782
v -0.252171 0.223265 0.421602
v -0.298122 0.169932 0.358430
v -0.331627 0.132900 0.293802
v -0.353225 0.129429 0.268441
v -0.340522 0.120046 0.278010
v -0.382765 0.044989 0.194250
v -0.232886 0.302165 0.429191
v -0.234119 0.233405 0.437687
v -0.361534 0.076355 0.231303
v -0.394421 0.013924 0.156137
v -0.298744 0.141621 0.342570
v -0.218548 0.283583 0.446165
v -0.262079 0.200003 0.407194
v -0.245699 0.213145 0.425297
v -0.352017 0.096110 0.252758
v -0.387169 0.025026 0.176841
v -0.269350 0.182640 0.393380
v -0.281955 0.163719 0.372466
v -0.208834 0.268164 0.455001
v -0.311821 0.109017 0.302957
v -0.378439 0.028350 0.189500
v -0.286632 0.148008 0.359570
v -0.207746 0.254239 0.456366
v -0.212874 0.300863 0.444775
v -0.236003 0.315608 0.418290
v -0.364349 0.047740 0.213921
v -0.201952 0.285201 0.456787
v -0.251877 0.182804 0.408849
v -0.237137 0.192166 0.424316
v -0.299208 0.119253 0.325823
v -0.323419 0.090583 0.277990
v -0.343885 0.079046 0.250492
v -0.348575 0.057081 0.233179
v -0.224536 0.211646 0.439548
v -0.197837 0.238877 0.461252
v -0.387536 0.003761 0.156825
v -0.378606 0.009267 0.174532
v -0.207588 0.228067 0.453580
v -0.183742 0.268500 0.469719
v -0.284888 0.123774 0.344673
v -0.259772 0.153222 0.385260
v -0.181817 0.253489 0.471047
v -0.298445 0.096233 0.308099
v -0.308226 0.091870 0.294215
v -0.313541 0.079196 0.279086
v -0.334408 0.054702 0.243137
v -0.209475 0.314267 0.439504
v -0.185353 0.282124 0.466296
v -0.359321 0.024630 0.203361
v -0.271836 0.126139 0.357717
v -0.214449 0.198394 0.440647
v -0.240230 0.163691 0.406431
v -0.191064 0.302927 0.456527
v -0.176879 0.300418 0.464526
v -0.364644 0.010162 0.187847
v -0.282360 0.104713 0.331000
v -0.222046 0.171866 0.422890
v -0.206491 0.184826 0.438488
v -0.254778 0.133997 0.375874
v -0.252622 0.321486 0.394624
v -0.176223 0.316749 0.456227
v -0.212901 0.326607 0.425757
v -0.266106 0.321646 0.374867
v -0.232030 0.327243 0.408172
v -0.198526 0.321772 0.440131
v -0.185268 0.328159 0.441621
v -0.156387 0.327963 0.456309
v -0.149851 0.315777 0.467891
v -0.128021 0.327396 0.467598
v -0.114020 0.341531 0.458118
v -0.106792 0.337938 0.464459
v -0.394487 0.028180 -0.193021
v -0.390643 0.020119 -0.213748
v -0.401128 0.012027 -0.192407
v -0.395057 -0.001946 -0.229892
v -0.403940 0.028633 -0.170871
v -0.398176 0.037696 -0.173996
v -0.406517 0.014147 -0.175910
v -0.404983 -0.004088 -0.193745
v -0.402489 -0.010620 -0.211043
v -0.393500 -0.020229 -0.255307
v -0.397041 -0.025164 -0.247287
v -0.399780 -0.046490 -0.253398
v -0.392732 -0.044205 -0.278144
v -0.403130 -0.043574 -0.231576
v -0.394256 -0.069701 -0.280666
v -0.387973 -0.064080 -0.298537
v -0.385142 -0.045325 -0.299882
v -0.378106 -0.058777 -0.319287
v -0.375062 -0.045975 -0.321100
v -0.410886 0.032807 -0.154867
v -0.412012 0.051064 -0.142204
v -0.418110 0.044201 -0.129191
v -0.418955 0.056894 -0.120964
v -0.412147 0.017653 -0.154550
v -0.407272 -0.009919 -0.182393
v -0.380510 -0.083039 -0.317607
v -0.391188 -0.082582 -0.290443
v -0.404681 -0.036230 -0.210124
v -0.403770 -0.061468 -0.233181
v -0.418830 0.031547 -0.127463
v -0.401173 -0.079939 -0.251455
v -0.425059 0.055770 -0.088631
v -0.424839 0.072342 -0.085151
v -0.428018 0.064114 -0.058315
v -0.427231 0.083361 -0.050127
v -0.392878 -0.096298 -0.280918
v -0.412912 0.002572 -0.148272
v -0.409294 -0.015683 -0.166849
v -0.405755 -0.044559 -0.198780
v -0.424791 0.046284 -0.088510
v -0.387923 -0.100864 -0.296180
v -0.428393 0.072959 -0.036524
v -0.427981 0.085806 -0.023859
v -0.424171 0.106961 -0.009483
v -0.425942 0.103069 0.004004
v -0.402425 -0.085515 -0.235909
v -0.404270 -0.070813 -0.222937
v -0.421589 0.124941 0.029313
v -0.424274 0.114010 0.044302
v -0.426057 0.098503 0.045390
v -0.405819 -0.055654 -0.184927
v -0.408755 -0.033288 -0.157760
v -0.412888 -0.011850 -0.134604
v -0.418129 0.016005 -0.120736
v -0.427049 0.049562 -0.056196
v -0.427669 0.073593 0.004537
v -0.426431 0.080049 0.053896
v -0.398226 -0.098896 -0.254066
v -0.402909 -0.088736 -0.215496
v -0.423022 0.026400 -0.079915
v -0.415650 -0.004525 -0.114969
v -0.427076 0.048463 -0.031718
v -0.423156 0.115389 0.071198
v -0.405815 -0.056734 -0.156026
v -0.402838 -0.080096 -0.177272
v -0.425848 0.065993 0.048300
v -0.408454 -0.043481 -0.126038
v -0.422280 0.014764 -0.051093
v -0.423200 0.020729 -0.021730
v -0.423954 0.039921 0.012367
v -0.423022 0.046784 0.053516
v -0.423548 0.101822 0.079493
v -0.412963 -0.022870 -0.090528
v -0.397023 -0.115238 -0.228759
v -0.403664 -0.068336 -0.144724
v -0.393963 -0.118841 -0.253511
v -0.424051 0.066568 0.069904
v -0.418972 -0.001556 -0.024195
v -0.399278 -0.106563 -0.211587
v -0.422312 0.084839 0.092803
v -0.415802 -0.015197 -0.047483
v -0.385472 -0.125754 -0.287220
v -0.402042 -0.073298 -0.136239
v -0.418616 0.001624 -0.002441
v -0.397796 -0.106178 -0.183271
v -0.415074 0.002600 0.037915
v -0.421005 0.102150 0.099477
v -0.420255 0.044441 0.074237
v -0.408234 -0.040859 -0.086688
v -0.418903 0.067514 0.105986
v -0.390449 -0.132684 -0.248173
v -0.414042 -0.016248 -0.004592
v -0.412190 -0.026250 -0.034890
v -0.414645 0.078387 0.135977
v -0.414353 0.092446 0.137066
v -0.413534 0.058637 0.132252
v -0.416620 0.047324 0.098479
v -0.413420 0.005587 0.056737
v -0.413211 0.035603 0.100859
v -0.399255 -0.080528 -0.127024
v -0.404070 -0.053508 -0.081811
v -0.408911 -0.036702 -0.052999
v -0.410639 0.039820 0.127810
v -0.392777 -0.127080 -0.204774
v -0.385030 -0.140686 -0.267550
v -0.387501 -0.142435 -0.232393
v -0.406794 -0.018496 0.054401
v -0.404489 0.020219 0.131927
v -0.407752 0.046602 0.149118
v -0.391647 -0.120445 -0.168520
v -0.404632 0.003672 0.091760
v -0.415441 0.110711 0.127094
v -0.391897 -0.108919 -0.142110
v -0.396670 -0.084865 -0.116941
v -0.382350 -0.152485 -0.252992
v -0.377801 -0.141705 -0.297683
v -0.399013 -0.005445 0.107880
v -0.396748 -0.019305 0.091305
v -0.376669 -0.156772 -0.279437
v -0.378111 -0.124574 -0.311470
v -0.407795 0.144361 0.151081
v -0.404741 0.145477 0.165019
v -0.400490 -0.060109 -0.075062
v -0.400765 0.021222 0.147185
v -0.379647 -0.159253 -0.224759
v -0.379801 -0.155936 -0.202504
v -0.369703 -0.178502 -0.248041
v -0.361166 -0.189473 -0.282151
v -0.394904 -0.003725 0.130184
v -0.408623 -0.027969 -0.007425
v -0.403770 -0.045580 -0.045826
v -0.362511 -0.189809 -0.266925
v -0.340677 -0.225487 -0.303625
v -0.349669 -0.207382 -0.303542
v -0.387139 -0.119190 -0.142506
v -0.334824 -0.228872 -0.333765
v -0.325095 -0.249657 -0.327931
v -0.379874 -0.144012 -0.167347
v -0.377890 -0.154332 -0.186267
v -0.393442 -0.014942 0.113206
v -0.391999 -0.092596 -0.112447
v -0.391267 -0.076522 -0.073056
v -0.327037 -0.240737 -0.344481
v -0.353050 -0.206529 -0.269085
v -0.368264 -0.179370 -0.225005
v -0.394856 -0.062848 -0.054433
v -0.358373 -0.197494 -0.245521
v -0.330897 -0.241623 -0.307079
v -0.313798 -0.265167 -0.343439
v -0.397042 -0.055663 -0.043883
v -0.383272 -0.109160 -0.112036
v -0.386924 -0.091627 -0.091799
v -0.370057 -0.169865 -0.196719
v -0.400082 -0.044521 -0.020711
v -0.400058 -0.037320 0.007011
v -0.340958 -0.224601 -0.264937
v -0.347695 -0.213202 -0.250213
v -0.399649 -0.029553 0.053398
v -0.378905 -0.132290 -0.140834
v -0.325801 -0.248276 -0.295215
v -0.314224 -0.264227 -0.316521
v -0.358769 -0.193657 -0.228442
v -0.385853 -0.028946 0.104284
v -0.371260 -0.151501 -0.157795
v -0.393890 -0.036847 0.051456
v -0.358287 -0.188816 -0.210783
v -0.386020 -0.016682 0.128844
v -0.328420 -0.241317 -0.275934
v -0.386831 -0.037146 0.076473
v -0.363353 -0.174504 -0.188060
v -0.299240 -0.281026 -0.336246
v -0.303136 -0.276971 -0.352917
v -0.341392 -0.215796 -0.236056
v -0.303125 -0.275786 -0.319087
v -0.316652 -0.255697 -0.288249
v -0.330202 -0.233038 -0.255550
v -0.374739 -0.128171 -0.126511
v -0.286847 -0.291954 -0.351201
v -0.286933 -0.290670 -0.371444
v -0.268897 -0.307078 -0.376131
v -0.269005 -0.304395 -0.386971
v -0.363661 -0.166925 -0.173385
v -0.378957 -0.007577 0.154345
v -0.378561 -0.025650 0.125823
v -0.348565 -0.201458 -0.218504
v -0.291828 -0.286372 -0.327467
v -0.378119 -0.036745 0.101280
v -0.390843 -0.044894 0.006303
v -0.383994 -0.044999 0.050854
v -0.376460 -0.045893 0.074055
v -0.267473 -0.306958 -0.348531
v -0.352931 -0.188026 -0.199283
v -0.253143 -0.317086 -0.389722
v -0.252017 -0.314581 -0.403377
v -0.253465 -0.318653 -0.375742
v -0.306687 -0.258534 -0.274390
v -0.314048 -0.244977 -0.255902
v -0.253965 -0.316193 -0.353737
v -0.297077 -0.271444 -0.294555
v -0.238878 -0.324296 -0.400022
v -0.239480 -0.326628 -0.374814
v -0.221757 -0.333986 -0.394689
v -0.222832 -0.330676 -0.410291
v -0.227703 -0.331775 -0.374562
v -0.208286 -0.336590 -0.409409
v -0.218133 -0.329221 -0.422943
v -0.196393 -0.337610 -0.426460
v -0.201352 -0.329251 -0.438811
v -0.174846 -0.340147 -0.440495
v -0.175087 -0.333056 -0.453248
v -0.176237 -0.344387 -0.428025
v -0.150917 -0.347997 -0.440285
v -0.263045 -0.042220 -0.245009
v -0.262798 -0.044802 -0.237403
v -0.258105 -0.044366 -0.241068
vt 0.302393 0.570442
vt 0.305789 0.566288
vt 0.296632 0.562461
vt 0.286296 0.567140
vt 0.286173 0.559838
vt 0.319492 0.572548
vt 0.266079 0.562868
vt 0.297574 0.575415
vt 0.269646 0.555290
vt 0.257288 0.551091
vt 0.259495 0.543030
vt 0.281072 0.551806
vt 0.260510 0.536588
vt 0.295583 0.554218
vt 0.287325 0.547425
vt 0.244829 0.531878
vt 0.247634 0.540406
vt 0.249728 0.526509
vt 0.310194 0.559467
vt 0.239203 0.519877
vt 0.237055 0.514854
vt 0.323174 0.562776
vt 0.263169 0.529195
vt 0.277013 0.533952
vt 0.333427 0.574789
vt 0.301649 0.548740
vt 0.290565 0.537848
vt 0.250498 0.516793
vt 0.335679 0.566401
vt 0.310662 0.550811
vt 0.218170 0.511113
vt 0.223399 0.505699
vt 0.203739 0.496163
vt 0.224654 0.498714
vt 0.233736 0.502730
vt 0.242379 0.507538
vt 0.205050 0.489489
vt 0.193084 0.483687
vt 0.210898 0.484151
vt 0.198595 0.478680
vt 0.200429 0.471958
vt 0.191355 0.468054
vt 0.181389 0.470738
vt 0.178388 0.460636
vt 0.182217 0.455299
vt 0.170112 0.447531
vt 0.167798 0.455148
vt 0.157630 0.440895
vt 0.163045 0.437347
vt 0.155106 0.425274
vt 0.149873 0.427622
vt 0.140637 0.414318
vt 0.147270 0.411485
vt 0.139749 0.398236
vt 0.130859 0.396696
vt 0.133000 0.389408
vt 0.119149 0.370655
vt 0.219836 0.488429
vt 0.124523 0.373742
vt 0.124783 0.360420
vt 0.119772 0.348096
vt 0.121285 0.338438
vt 0.110769 0.347258
vt 0.108498 0.327963
vt 0.117532 0.323849
vt 0.119095 0.306020
vt 0.118445 0.288836
vt 0.122635 0.290595
vt 0.129378 0.267556
vt 0.122816 0.269619
vt 0.145538 0.428439
vt 0.109220 0.280797
vt 0.131208 0.247016
vt 0.130696 0.408651
vt 0.115764 0.380457
vt 0.126542 0.241795
vt 0.140486 0.216969
vt 0.149045 0.216610
vt 0.149785 0.200542
vt 0.156824 0.201502
vt 0.132993 0.213753
vt 0.165763 0.182286
vt 0.157070 0.184630
vt 0.171390 0.171437
vt 0.180939 0.173339
vt 0.186823 0.160342
vt 0.195614 0.164490
vt 0.202514 0.154053
vt 0.132307 0.203084
vt 0.158191 0.450474
vt 0.211806 0.153681
vt 0.222383 0.147045
vt 0.111807 0.269529
vt 0.102022 0.307092
vt 0.175643 0.188169
vt 0.100077 0.341176
vt 0.096457 0.322140
vt 0.128983 0.417329
vt 0.116172 0.248667
vt 0.118151 0.229156
vt 0.115056 0.397770
vt 0.157382 0.174400
vt 0.167964 0.467624
vt 0.098743 0.274990
vt 0.103185 0.248378
vt 0.091600 0.301251
vt 0.116741 0.213243
vt 0.109045 0.225506
vt 0.098506 0.369868
vt 0.137184 0.189850
vt 0.140206 0.437414
vt 0.174480 0.159344
vt 0.089001 0.318729
vt 0.094899 0.341526
vt 0.183369 0.484464
vt 0.232280 0.524632
vt 0.085536 0.336340
vt 0.154182 0.458451
vt 0.086172 0.355318
vt 0.199802 0.501802
vt 0.119964 0.200172
vt 0.096006 0.388410
vt 0.107475 0.410353
vt 0.120155 0.421308
vt 0.091059 0.273331
vt 0.215676 0.518634
vt 0.132071 0.372312
vt 0.228562 0.491495
vt 0.084202 0.367382
vt 0.235715 0.536171
vt 0.157325 0.164172
vt 0.174890 0.150045
vt 0.245654 0.548634
vt 0.139961 0.180345
vt 0.080391 0.296410
vt 0.125717 0.438555
vt 0.135798 0.443582
vt 0.134244 0.453846
vt 0.266846 0.520559
vt 0.154235 0.466963
vt 0.192887 0.461507
vt 0.250203 0.559626
vt 0.075419 0.346753
vt 0.093068 0.405910
vt 0.165408 0.482725
vt 0.323229 0.552844
vt 0.199607 0.506896
vt 0.183420 0.498914
vt 0.214696 0.479569
vt 0.082760 0.392101
vt 0.170950 0.440317
vt 0.233190 0.542785
vt 0.206744 0.519692
vt 0.100626 0.421582
vt 0.358445 0.580991
vt 0.360057 0.571364
vt 0.370792 0.573368
vt 0.369835 0.582013
vt 0.377466 0.573277
vt 0.308139 0.541485
vt 0.339416 0.556780
vt 0.350167 0.558657
vt 0.362367 0.565694
vt 0.243008 0.499906
vt 0.363189 0.559778
vt 0.257001 0.511784
vt 0.278252 0.522511
vt 0.160767 0.425476
vt 0.356086 0.589283
vt 0.372976 0.589270
vt 0.382015 0.583971
vt 0.388014 0.591250
vt 0.398642 0.586814
vt 0.403863 0.599091
vt 0.415616 0.592026
vt 0.417473 0.599415
vt 0.439857 0.590049
vt 0.390841 0.598842
vt 0.383748 0.599118
vt 0.432417 0.601004
vt 0.446315 0.598469
vt 0.369230 0.598569
vt 0.323079 0.543826
vt 0.331713 0.579958
vt 0.292276 0.527077
vt 0.186373 0.451444
vt 0.353265 0.545869
vt 0.343618 0.545609
vt 0.367665 0.550264
vt 0.265795 0.510419
vt 0.209235 0.470765
vt 0.201354 0.463571
vt 0.177433 0.440297
vt 0.311382 0.531438
vt 0.230611 0.484581
vt 0.365620 0.542690
vt 0.324485 0.533432
vt 0.251857 0.499232
vt 0.196743 0.455536
vt 0.346963 0.536158
vt 0.365123 0.538176
vt 0.292207 0.165875
vt 0.289662 0.162447
vt 0.276156 0.165548
vt 0.275918 0.160574
vt 0.300126 0.160225
vt 0.307089 0.167037
vt 0.313559 0.162884
vt 0.320901 0.171673
vt 0.324201 0.167893
vt 0.341806 0.171404
vt 0.325347 0.163321
vt 0.337988 0.164081
vt 0.258979 0.163041
vt 0.255172 0.167993
vt 0.290673 0.155078
vt 0.269319 0.155685
vt 0.331707 0.155963
vt 0.249267 0.158178
vt 0.243885 0.166851
vt 0.239223 0.157483
vt 0.304156 0.157044
vt 0.233747 0.168248
vt 0.315681 0.155713
vt 0.322143 0.153293
vt 0.224520 0.169643
vt 0.219523 0.177691
vt 0.263209 0.152009
vt 0.275355 0.150442
vt 0.228990 0.157546
vt 0.249984 0.149276
vt 0.307186 0.144027
vt 0.315357 0.141391
vt 0.300112 0.132209
vt 0.295546 0.141204
vt 0.288637 0.132893
vt 0.271328 0.137233
vt 0.240755 0.142560
vt 0.232252 0.149517
vt 0.262080 0.136792
vt 0.254555 0.135994
vt 0.301425 0.128588
vt 0.216408 0.171356
vt 0.207851 0.178368
vt 0.211743 0.189575
vt 0.207281 0.185853
vt 0.197361 0.191403
vt 0.196383 0.179456
vt 0.190728 0.192755
vt 0.179769 0.216733
vt 0.171665 0.215118
vt 0.174929 0.228196
vt 0.166936 0.227766
vt 0.178200 0.200620
vt 0.168785 0.243706
vt 0.197729 0.204789
vt 0.183802 0.223215
vt 0.182508 0.187654
vt 0.316068 0.132258
vt 0.202737 0.167129
vt 0.159288 0.247321
vt 0.161427 0.261786
vt 0.160852 0.210964
vt 0.159137 0.218217
vt 0.152005 0.236925
vt 0.213250 0.161773
vt 0.144456 0.255707
vt 0.310173 0.127887
vt 0.318391 0.126121
vt 0.142258 0.233594
vt 0.189753 0.174003
vt 0.149111 0.275986
vt 0.133964 0.276715
vt 0.132114 0.291272
vt 0.146051 0.293775
vt 0.153599 0.276423
vt 0.332835 0.134398
vt 0.330972 0.123872
vt 0.358181 0.132925
vt 0.355321 0.140306
vt 0.356792 0.146532
vt 0.373444 0.133910
vt 0.367587 0.146155
vt 0.344027 0.123243
vt 0.362660 0.129469
vt 0.127519 0.306870
vt 0.142899 0.307719
vt 0.359099 0.123040
vt 0.374774 0.156018
vt 0.378144 0.141651
vt 0.384624 0.153391
vt 0.386260 0.137607
vt 0.405279 0.148910
vt 0.404252 0.141429
vt 0.424069 0.143189
vt 0.428388 0.153160
vt 0.444741 0.149458
vt 0.476797 0.167957
vt 0.468039 0.155736
vt 0.456042 0.160714
vt 0.487853 0.162529
vt 0.489075 0.173349
vt 0.134383 0.321093
vt 0.507562 0.181130
vt 0.511539 0.172657
vt 0.526143 0.177351
vt 0.524009 0.189751
vt 0.547333 0.199768
vt 0.544621 0.185894
vt 0.555658 0.191678
vt 0.560246 0.206434
vt 0.570366 0.204349
vt 0.573401 0.220471
vt 0.467920 0.172978
vt 0.481476 0.179419
vt 0.496923 0.185681
vt 0.434169 0.165325
vt 0.417252 0.161926
vt 0.451976 0.169224
vt 0.514582 0.192838
vt 0.397977 0.156103
vt 0.141087 0.326222
vt 0.139428 0.345888
vt 0.137037 0.369799
vt 0.140203 0.386503
vt 0.557008 0.211776
vt 0.533003 0.196734
vt 0.144333 0.370140
vt 0.578452 0.217256
vt 0.587971 0.223238
vt 0.588630 0.230574
vt 0.566634 0.216889
vt 0.574738 0.229034
vt 0.582860 0.233313
vt 0.148102 0.383922
vt 0.544449 0.206137
vt 0.151006 0.395293
vt 0.150801 0.406853
vt 0.527875 0.201030
vt 0.336018 0.142690
vt 0.350472 0.151815
vt 0.359744 0.157424
vt 0.142373 0.353050
vt 0.459468 0.178086
vt 0.465918 0.183430
vt 0.472820 0.186710
vt 0.491050 0.194889
vt 0.510003 0.200048
vt 0.161587 0.415208
vt 0.170030 0.428138
vt 0.156001 0.398654
vt 0.145338 0.345300
vt 0.184246 0.229756
vt 0.685456 0.288755
vt 0.671994 0.278489
vt 0.674220 0.291694
vt 0.686911 0.297157
vt 0.683620 0.308177
vt 0.694721 0.309746
vt 0.692434 0.322827
vt 0.683347 0.318904
vt 0.701117 0.324272
vt 0.681333 0.272331
vt 0.697734 0.299071
vt 0.676334 0.265755
vt 0.690130 0.278019
vt 0.666123 0.264058
vt 0.665283 0.274882
vt 0.698953 0.338736
vt 0.649956 0.256621
vt 0.656548 0.270136
vt 0.663266 0.286354
vt 0.653883 0.244144
vt 0.645240 0.240324
vt 0.670700 0.303889
vt 0.642221 0.249669
vt 0.650235 0.267366
vt 0.666333 0.241761
vt 0.644955 0.226931
vt 0.656089 0.224637
vt 0.680031 0.232002
vt 0.672373 0.229133
vt 0.686235 0.253193
vt 0.692535 0.262739
vt 0.687028 0.239478
vt 0.671001 0.214859
vt 0.659305 0.210142
vt 0.648246 0.210135
vt 0.700218 0.287417
vt 0.701085 0.273649
vt 0.637405 0.228816
vt 0.634600 0.233346
vt 0.632294 0.203721
vt 0.629504 0.214025
vt 0.644263 0.196697
vt 0.628801 0.183957
vt 0.615826 0.181733
vt 0.619346 0.198247
vt 0.657067 0.199548
vt 0.641587 0.185509
vt 0.682339 0.222649
vt 0.608320 0.185245
vt 0.615910 0.204808
vt 0.636351 0.247066
vt 0.613226 0.161983
vt 0.624737 0.173170
vt 0.596269 0.169217
vt 0.597434 0.158218
vt 0.580748 0.148439
vt 0.571938 0.157794
vt 0.571000 0.148610
vt 0.594342 0.182941
vt 0.602752 0.195580
vt 0.642847 0.261630
vt 0.590736 0.145348
vt 0.562281 0.147680
vt 0.627473 0.231930
vt 0.612076 0.211230
vt 0.571592 0.139019
vt 0.602925 0.149687
vt 0.575804 0.133706
vt 0.638303 0.176205
vt 0.561535 0.132925
vt 0.582735 0.177143
vt 0.575880 0.166723
vt 0.589243 0.186868
vt 0.654745 0.281285
vt 0.550402 0.135514
vt 0.563688 0.161786
vt 0.636589 0.258534
vt 0.649948 0.275585
vt 0.591277 0.138466
vt 0.552671 0.144525
vt 0.676656 0.318310
vt 0.598805 0.201651
vt 0.627057 0.165120
vt 0.572766 0.176885
vt 0.614609 0.218405
vt 0.651743 0.182144
vt 0.551927 0.122151
vt 0.570631 0.126450
vt 0.542760 0.138891
vt 0.630201 0.247887
vt 0.543794 0.129837
vt 0.656726 0.297653
vt 0.668165 0.312419
vt 0.620872 0.231538
vt 0.690345 0.337866
vt 0.547834 0.151460
vt 0.681855 0.331716
vt 0.587161 0.188948
vt 0.592572 0.198705
vt 0.537195 0.115280
vt 0.523780 0.126474
vt 0.649900 0.284704
vt 0.526335 0.120576
vt 0.504219 0.116623
vt 0.501324 0.109359
vt 0.494344 0.111712
vt 0.523696 0.111756
vt 0.489931 0.117777
vt 0.505590 0.123815
vt 0.520442 0.134732
vt 0.607730 0.215855
vt 0.643390 0.273183
vt 0.478950 0.107241
vt 0.473999 0.108755
vt 0.481879 0.095456
vt 0.467088 0.094035
vt 0.648853 0.291940
vt 0.671915 0.327886
vt 0.678760 0.336168
vt 0.660744 0.309030
vt 0.462446 0.091594
vt 0.486117 0.095915
vt 0.508578 0.107332
vt 0.493563 0.096766
vt 0.660939 0.319188
vt 0.667934 0.330950
vt 0.667682 0.339138
vt 0.677372 0.351101
vt 0.686362 0.359756
vt 0.683272 0.371229
vt 0.676829 0.367472
vt 0.688385 0.349966
vt 0.682097 0.392375
vt 0.689285 0.390984
vt 0.692611 0.374490
vt 0.685774 0.410812
vt 0.695271 0.358656
vt 0.695228 0.404849
vt 0.693274 0.421076
vt 0.683108 0.432526
vt 0.688893 0.441600
vt 0.681422 0.451283
vt 0.685860 0.460544
vt 0.677807 0.464984
vt 0.684358 0.473896
vt 0.675554 0.473825
vt 0.692787 0.469421
vt 0.695168 0.452530
vt 0.682738 0.485469
vt 0.672168 0.482873
vt 0.697621 0.395914
vt 0.700098 0.383359
vt 0.692168 0.487611
vt 0.698278 0.441644
vt 0.700522 0.429752
vt 0.676007 0.496111
vt 0.669805 0.487119
vt 0.683063 0.501076
vt 0.665632 0.495155
vt 0.660629 0.506438
vt 0.677181 0.509433
vt 0.666267 0.518460
vt 0.654501 0.519048
vt 0.701085 0.474931
vt 0.694176 0.501152
vt 0.661366 0.532172
vt 0.646096 0.536416
vt 0.674262 0.523514
vt 0.651634 0.524297
vt 0.682773 0.512202
vt 0.698169 0.489670
vt 0.646260 0.555328
vt 0.641134 0.543622
vt 0.634923 0.555300
vt 0.691177 0.514141
vt 0.670496 0.536777
vt 0.655911 0.550715
vt 0.666506 0.547406
vt 0.680634 0.525465
vt 0.423762 0.130924
vt 0.451223 0.126659
vt 0.431719 0.123215
vt 0.420410 0.125127
vt 0.442209 0.138189
vt 0.473107 0.142074
vt 0.474952 0.134838
vt 0.415374 0.134145
vt 0.401070 0.122892
vt 0.392384 0.130396
vt 0.386225 0.121831
vt 0.372005 0.121293
vt 0.491574 0.151239
vt 0.466252 0.148084
vt 0.494940 0.141577
vt 0.510805 0.148935
vt 0.511210 0.159586
vt 0.528678 0.168017
vt 0.526710 0.156708
vt 0.554962 0.180189
vt 0.554489 0.171561
vt 0.568876 0.185980
vt 0.576596 0.198938
vt 0.581461 0.191953
vt 0.587358 0.203310
vt 0.583296 0.210777
vt 0.539272 0.161668
vt 0.410341 0.116443
vt 0.592880 0.215117
vt 0.598850 0.211498
vt 0.518386 0.146498
vt 0.446387 0.117309
vt 0.383532 0.112306
vt 0.604366 0.222581
vt 0.597890 0.227266
vt 0.474715 0.129881
vt 0.567618 0.175404
vt 0.415666 0.112238
vt 0.610779 0.234857
vt 0.616180 0.232350
vt 0.621606 0.243430
vt 0.619313 0.249339
vt 0.629312 0.256821
vt 0.624703 0.260406
vt 0.634819 0.267259
vt 0.642239 0.280895
vt 0.632351 0.270371
vt 0.637568 0.283625
vt 0.643375 0.293010
vt 0.647863 0.299372
vt 0.655137 0.310058
vt 0.648867 0.310124
vt 0.655357 0.323551
vt 0.649421 0.320746
vt 0.652655 0.330368
vt 0.660829 0.329810
vt 0.659876 0.342108
vt 0.666534 0.350120
vt 0.665903 0.360336
vt 0.659192 0.358643
vt 0.672270 0.368789
vt 0.663956 0.368409
vt 0.669600 0.374987
vt 0.641390 0.299569
vt 0.676792 0.388221
vt 0.667911 0.392558
vt 0.674407 0.400046
vt 0.663023 0.386214
vt 0.652430 0.342860
vt 0.679492 0.409935
vt 0.670535 0.422075
vt 0.677428 0.424966
vt 0.674508 0.442914
vt 0.606263 0.241220
vt 0.673797 0.452703
vt 0.674501 0.462882
vt 0.657927 0.368735
vt 0.653698 0.353828
vt 0.616456 0.255556
vt 0.642466 0.309992
vt 0.649912 0.330791
vt 0.627261 0.269475
vt 0.632385 0.279969
vt 0.607541 0.249903
vt 0.615013 0.262808
vt 0.499557 0.565438
vt 0.495761 0.570997
vt 0.511000 0.573286
vt 0.516586 0.566485
vt 0.481252 0.568001
vt 0.526952 0.573651
vt 0.536082 0.570910
vt 0.461386 0.575041
vt 0.467518 0.565463
vt 0.450149 0.570666
vt 0.470475 0.572682
vt 0.481858 0.559535
vt 0.467589 0.556594
vt 0.501947 0.560525
vt 0.447776 0.559733
vt 0.433798 0.564016
vt 0.507966 0.555540
vt 0.518702 0.558003
vt 0.534348 0.559842
vt 0.489259 0.551218
vt 0.520888 0.548344
vt 0.480623 0.549556
vt 0.537884 0.547587
vt 0.545497 0.562462
vt 0.431643 0.553067
vt 0.446326 0.551866
vt 0.424015 0.561793
vt 0.423770 0.553956
vt 0.418146 0.558661
vt 0.413511 0.556028
vt 0.406019 0.562551
vt 0.507427 0.549886
vt 0.418105 0.571612
vt 0.426661 0.573632
vt 0.551392 0.569130
vt 0.558141 0.556271
vt 0.549552 0.542164
vt 0.566873 0.563152
vt 0.527810 0.540608
vt 0.520479 0.541724
vt 0.546441 0.533661
vt 0.568220 0.552499
vt 0.567109 0.540339
vt 0.442722 0.576783
vt 0.579732 0.558620
vt 0.563258 0.535242
vt 0.579837 0.542385
vt 0.584536 0.551961
vt 0.576722 0.533074
vt 0.453049 0.578673
vt 0.409609 0.570518
vt 0.398794 0.554809
vt 0.396141 0.566563
vt 0.592368 0.543628
vt 0.606384 0.538040
vt 0.597225 0.532995
vt 0.609598 0.542823
vt 0.611771 0.529942
vt 0.618102 0.536825
vt 0.609984 0.521941
vt 0.619598 0.522605
vt 0.627342 0.526621
vt 0.635879 0.507675
vt 0.626178 0.513005
vt 0.633947 0.500675
vt 0.378439 0.562913
vt 0.385480 0.554679
vt 0.396351 0.545402
vt 0.406127 0.551208
vt 0.381298 0.543025
vt 0.414062 0.545821
vt 0.636387 0.539644
vt 0.640410 0.527525
vt 0.629893 0.536733
vt 0.626621 0.546149
vt 0.650391 0.515753
vt 0.615970 0.543425
vt 0.643166 0.514080
vt 0.633809 0.526232
vt 0.601869 0.557369
vt 0.602923 0.552829
vt 0.650413 0.504628
vt 0.590686 0.556339
vt 0.593020 0.562146
vt 0.580510 0.564187
vt 0.563321 0.572924
vt 0.547231 0.584713
vt 0.531713 0.580757
vt 0.534309 0.585650
vt 0.514730 0.580230
vt 0.491510 0.576719
vt 0.487994 0.585913
vt 0.645579 0.500622
vt 0.650579 0.482751
vt 0.657803 0.477285
vt 0.652131 0.473335
vt 0.666123 0.481628
vt 0.656591 0.463479
vt 0.665543 0.469263
vt 0.673141 0.472111
vt 0.663680 0.461599
vt 0.513100 0.589365
vt 0.667880 0.439698
vt 0.653091 0.459767
vt 0.658935 0.438242
vt 0.664992 0.424429
vt 0.665999 0.404972
vt 0.663936 0.414151
vt 0.661911 0.403597
vt 0.659393 0.398692
vt 0.499262 0.591084
vt 0.486913 0.593352
vt 0.659614 0.427159
vt 0.526643 0.588264
vt 0.470965 0.588770
vt 0.582130 0.573869
vt 0.462614 0.592020
vt 0.453625 0.590521
vt 0.427704 0.582417
vt 0.420750 0.587972
vt 0.413451 0.579973
vt 0.407522 0.586771
vt 0.398234 0.576788
vt 0.560335 0.583309
vt 0.606232 0.563516
vt 0.622642 0.553505
vt 0.594660 0.569644
vt 0.657794 0.411544
vt 0.387737 0.571734
vt 0.390021 0.578498
vt 0.654585 0.391152
vt 0.655418 0.382599
vt 0.651441 0.364724
vt 0.648193 0.348934
vt 0.645361 0.338380
vt 0.477827 0.595360
vt 0.644773 0.323767
vt 0.638708 0.313312
vt 0.630273 0.300547
vt 0.634921 0.293404
vt 0.626458 0.279217
vt 0.499834 0.597365
vt 0.619531 0.560684
vt 0.480528 0.599385
vt 0.512977 0.598056
vt 0.574247 0.581172
vt 0.467844 0.601507
vt 0.618367 0.566512
vt 0.526041 0.596971
vt 0.632615 0.561831
vt 0.593968 0.583476
vt 0.611994 0.573309
vt 0.644495 0.408383
vt 0.649114 0.422515
vt 0.656376 0.422650
vt 0.650134 0.427872
vt 0.639320 0.431282
vt 0.640738 0.443562
vt 0.648648 0.447041
vt 0.642954 0.457486
vt 0.648763 0.460901
vt 0.636860 0.474489
vt 0.644966 0.477487
vt 0.632585 0.485777
vt 0.639837 0.488490
vt 0.626008 0.417639
vt 0.630264 0.469718
vt 0.634204 0.455961
vt 0.626664 0.480870
vt 0.642113 0.414752
vt 0.623283 0.425907
vt 0.628652 0.434588
vt 0.617268 0.415800
vt 0.628923 0.411876
vt 0.622612 0.470372
vt 0.621795 0.460398
vt 0.615392 0.477003
vt 0.625691 0.452960
vt 0.626628 0.443238
vt 0.619177 0.407735
vt 0.617584 0.492339
vt 0.609419 0.487094
vt 0.625838 0.500786
vt 0.612282 0.411292
vt 0.613114 0.398399
vt 0.636023 0.406811
vt 0.629145 0.403691
vt 0.652249 0.437680
vt 0.619004 0.441121
vt 0.611163 0.465704
vt 0.614946 0.452379
vt 0.609923 0.416700
vt 0.604935 0.477249
vt 0.622406 0.400285
vt 0.649922 0.402190
vt 0.603697 0.403902
vt 0.607757 0.390661
vt 0.614341 0.429371
vt 0.598386 0.388303
vt 0.604040 0.387021
vt 0.615681 0.504729
vt 0.604756 0.499734
vt 0.598628 0.491973
vt 0.606259 0.516121
vt 0.603877 0.509853
vt 0.597119 0.515559
vt 0.593433 0.504460
vt 0.596401 0.525963
vt 0.589116 0.521660
vt 0.590447 0.511596
vt 0.582065 0.526802
vt 0.637475 0.389292
vt 0.643357 0.393835
vt 0.646316 0.385044
vt 0.642574 0.369068
vt 0.648772 0.374033
vt 0.632931 0.381820
vt 0.639749 0.360320
vt 0.647284 0.362296
vt 0.644128 0.348409
vt 0.641730 0.339097
vt 0.632431 0.343635
vt 0.629570 0.338734
vt 0.627749 0.368664
vt 0.618959 0.342502
vt 0.640666 0.327861
vt 0.632056 0.315175
vt 0.633815 0.330116
vt 0.622052 0.306090
vt 0.620503 0.294677
vt 0.623782 0.286729
vt 0.613895 0.285723
vt 0.618572 0.278997
vt 0.606120 0.290567
vt 0.611710 0.299438
vt 0.612029 0.281430
vt 0.603261 0.285121
vt 0.622559 0.273864
vt 0.622693 0.316312
vt 0.625534 0.382518
vt 0.617154 0.381925
vt 0.623105 0.330268
vt 0.618556 0.368353
vt 0.613426 0.344394
vt 0.603640 0.298448
vt 0.595089 0.289576
vt 0.613248 0.268441
vt 0.611258 0.333445
vt 0.614008 0.319881
vt 0.606574 0.359296
vt 0.599346 0.381298
vt 0.606596 0.262844
vt 0.604875 0.257061
vt 0.596121 0.243327
vt 0.591349 0.247788
vt 0.599080 0.261415
vt 0.581967 0.242514
vt 0.595714 0.264137
vt 0.606326 0.272477
vt 0.598984 0.277982
vt 0.569128 0.233219
vt 0.563739 0.225253
vt 0.565513 0.527400
vt 0.575073 0.519515
vt 0.582495 0.515396
vt 0.445003 0.816153
vt 0.466757 0.814594
vt 0.429932 0.822635
vt 0.432954 0.832733
vt 0.464173 0.810386
vt 0.468348 0.821971
vt 0.421833 0.835542
vt 0.413445 0.827308
vt 0.481621 0.805167
vt 0.424515 0.844667
vt 0.484010 0.817589
vt 0.492408 0.808498
vt 0.509355 0.797036
vt 0.490402 0.794607
vt 0.512652 0.788073
vt 0.535437 0.789880
vt 0.539170 0.781087
vt 0.556827 0.784424
vt 0.556679 0.777496
vt 0.470785 0.799651
vt 0.453817 0.804478
vt 0.534121 0.774466
vt 0.552144 0.769061
vt 0.572947 0.764549
vt 0.514681 0.779992
vt 0.569727 0.772316
vt 0.573295 0.778546
vt 0.497061 0.785687
vt 0.432838 0.811043
vt 0.419109 0.815889
vt 0.589695 0.768843
vt 0.592633 0.773522
vt 0.604703 0.771314
vt 0.487349 0.787617
vt 0.473055 0.791394
vt 0.610978 0.767168
vt 0.616072 0.772708
vt 0.642137 0.773124
vt 0.629152 0.774264
vt 0.536321 0.765416
vt 0.556437 0.761624
vt 0.544751 0.760884
vt 0.456170 0.794932
vt 0.432045 0.806877
vt 0.410117 0.817498
vt 0.523055 0.768380
vt 0.597663 0.761760
vt 0.636048 0.768232
vt 0.509218 0.776662
vt 0.567104 0.759119
vt 0.652796 0.769499
vt 0.652598 0.775001
vt 0.658755 0.774076
vt 0.663074 0.779304
vt 0.666429 0.771655
vt 0.678665 0.776768
vt 0.675844 0.781863
vt 0.561671 0.753863
vt 0.691022 0.780517
vt 0.685325 0.772213
vt 0.497959 0.773859
vt 0.512914 0.766839
vt 0.536196 0.758564
vt 0.577988 0.748319
vt 0.587870 0.752611
vt 0.435265 0.799687
vt 0.419147 0.806170
vt 0.488698 0.776738
vt 0.396204 0.821701
vt 0.404075 0.838773
vt 0.547638 0.747159
vt 0.626847 0.761038
vt 0.611470 0.753699
vt 0.604209 0.749503
vt 0.472986 0.780539
vt 0.458202 0.784444
vt 0.439020 0.792308
vt 0.410081 0.807576
vt 0.691140 0.785607
vt 0.696971 0.785532
vt 0.703924 0.783022
vt 0.697724 0.773705
vt 0.536400 0.750981
vt 0.640705 0.755651
vt 0.660634 0.759873
vt 0.686296 0.767816
vt 0.557272 0.741962
vt 0.512923 0.758669
vt 0.409602 0.839623
vt 0.393274 0.812664
vt 0.426420 0.792241
vt 0.704508 0.790273
vt 0.411348 0.799429
vt 0.385887 0.827965
vt 0.390118 0.847346
vt 0.452067 0.783782
vt 0.536864 0.741390
vt 0.389035 0.820842
vt 0.373871 0.831031
vt 0.377869 0.836193
vt 0.587376 0.742476
vt 0.400975 0.802978
vt 0.491259 0.769871
vt 0.480479 0.769341
vt 0.381039 0.815054
vt 0.613770 0.745127
vt 0.547858 0.736542
vt 0.571848 0.736418
vt 0.367146 0.848454
vt 0.463355 0.772439
vt 0.647384 0.752967
vt 0.363300 0.847250
vt 0.360065 0.853345
vt 0.356941 0.845128
vt 0.356654 0.854421
vt 0.367280 0.833743
vt 0.636981 0.745011
vt 0.520424 0.742058
vt 0.499755 0.757873
vt 0.489393 0.760136
vt 0.600146 0.738706
vt 0.367278 0.856338
vt 0.359686 0.858498
vt 0.410395 0.793865
vt 0.360342 0.826332
vt 0.649012 0.740382
vt 0.352719 0.831291
vt 0.390501 0.800589
vt 0.409317 0.845116
vt 0.435949 0.781974
vt 0.345000 0.843567
vt 0.479484 0.760224
vt 0.341646 0.831748
vt 0.586633 0.732756
vt 0.535832 0.734372
vt 0.376105 0.842414
vt 0.379969 0.852770
vt 0.333865 0.834987
vt 0.558556 0.730506
vt 0.494627 0.746352
vt 0.513191 0.737539
vt 0.523629 0.732583
vt 0.459821 0.768377
vt 0.438002 0.773679
vt 0.419118 0.781625
vt 0.393180 0.857046
vt 0.373846 0.810840
vt 0.408476 0.788872
vt 0.352290 0.823773
vt 0.362086 0.811087
vt 0.474150 0.755989
vt 0.486657 0.741602
vt 0.345197 0.821417
vt 0.454718 0.761572
vt 0.369169 0.803996
vt 0.468430 0.750183
vt 0.409542 0.781357
vt 0.395081 0.789147
vt 0.335151 0.827654
vt 0.427696 0.771128
vt 0.496755 0.731110
vt 0.510917 0.728866
vt 0.444495 0.756541
vt 0.349224 0.809709
vt 0.327575 0.827565
vt 0.480458 0.737321
vt 0.324819 0.837683
vt 0.327310 0.843447
vt 0.314082 0.847365
vt 0.315014 0.836836
vt 0.302923 0.847586
vt 0.305025 0.852657
vt 0.291377 0.852850
vt 0.292153 0.863135
vt 0.281103 0.859515
vt 0.338147 0.817996
vt 0.405489 0.773941
vt 0.383319 0.786489
vt 0.352667 0.801026
vt 0.463420 0.735789
vt 0.442895 0.745675
vt 0.423996 0.759054
vt 0.365945 0.792102
vt 0.340917 0.806453
vt 0.296818 0.841395
vt 0.465744 0.728390
vt 0.332283 0.812753
vt 0.397848 0.763781
vt 0.381273 0.772944
vt 0.309511 0.832234
vt 0.320008 0.822482
vt 0.283302 0.847420
vt 0.262668 0.855252
vt 0.261300 0.866119
vt 0.251334 0.862772
vt 0.236978 0.868667
vt 0.238897 0.857804
vt 0.220671 0.861518
vt 0.215465 0.872013
vt 0.291551 0.839343
vt 0.261329 0.851097
vt 0.199122 0.874299
vt 0.356304 0.784023
vt 0.393649 0.752210
vt 0.368175 0.773536
vt 0.408419 0.746659
vt 0.345026 0.790679
vt 0.401677 0.740452
vt 0.426119 0.736380
vt 0.415267 0.734310
vt 0.430151 0.729648
vt 0.445911 0.732716
vt 0.430033 0.744690
vt 0.372900 0.756484
vt 0.385629 0.745223
vt 0.723261 0.839916
vt 0.732804 0.854829
vt 0.709439 0.835042
vt 0.739347 0.849454
vt 0.708354 0.828117
vt 0.690485 0.818848
vt 0.743667 0.864123
vt 0.716977 0.828951
vt 0.748720 0.858857
vt 0.707869 0.817774
vt 0.698325 0.812048
vt 0.726257 0.830689
vt 0.683269 0.810299
vt 0.674456 0.811031
vt 0.748732 0.849520
vt 0.736860 0.836205
vt 0.682415 0.803617
vt 0.663078 0.803106
vt 0.662773 0.810156
vt 0.647962 0.806360
vt 0.654452 0.797928
vt 0.638340 0.805178
vt 0.716970 0.816109
vt 0.640904 0.799250
vt 0.678808 0.795718
vt 0.698636 0.796098
vt 0.624485 0.804754
vt 0.625336 0.795375
vt 0.688716 0.791706
vt 0.637455 0.792188
vt 0.726683 0.816303
vt 0.669553 0.789456
vt 0.603741 0.801552
vt 0.602827 0.790613
vt 0.709328 0.799056
vt 0.652646 0.785976
vt 0.745153 0.836654
vt 0.739743 0.823008
vt 0.618816 0.786964
vt 0.681273 0.788212
vt 0.605455 0.807595
vt 0.718112 0.803036
vt 0.588799 0.809326
vt 0.635464 0.784557
vt 0.648440 0.782121
vt 0.620240 0.779991
vt 0.608856 0.779305
vt 0.750576 0.833369
vt 0.758006 0.842491
vt 0.595682 0.793930
vt 0.582229 0.799184
vt 0.580447 0.790620
vt 0.712348 0.794384
vt 0.593675 0.782959
vt 0.581204 0.807483
vt 0.755203 0.856149
vt 0.766786 0.857596
vt 0.732898 0.810455
vt 0.637983 0.777437
vt 0.563806 0.794831
vt 0.568272 0.800312
vt 0.568522 0.806636
vt 0.579965 0.781856
vt 0.572554 0.786901
vt 0.560460 0.788962
vt 0.602410 0.775525
vt 0.760787 0.861529
vt 0.768192 0.870689
vt 0.549988 0.804735
vt 0.545406 0.800727
vt 0.543576 0.793763
vt 0.520175 0.806780
vt 0.776230 0.873423
vt 0.524290 0.815394
vt 0.719005 0.799018
vt 0.551743 0.809528
vt 0.512186 0.802519
vt 0.737867 0.812163
vt 0.531277 0.815515
vt 0.507337 0.814987
vt 0.497528 0.812088
vt 0.499445 0.823149
vt 0.509349 0.821097
vt 0.486015 0.826587
vt 0.777466 0.858413
vt 0.771828 0.875111
vt 0.779514 0.886520
vt 0.774429 0.861907
vt 0.765038 0.840704
vt 0.472034 0.830764
vt 0.458596 0.831078
vt 0.438624 0.838488
vt 0.451372 0.839419
vt 0.787310 0.880461
vt 0.434892 0.845096
vt 0.760453 0.826972
vt 0.745871 0.815449
vt 0.784253 0.893339
vt 0.771299 0.838275
vt 0.425188 0.854864
vt 0.474584 0.835160
vt 0.486472 0.831777
vt 0.450949 0.846921
vt 0.436506 0.851828
vt 0.417045 0.857620
vt 0.411424 0.849704
vt 0.521666 0.823744
vt 0.408406 0.858230
vt 0.395999 0.860918
vt 0.387553 0.865468
vt 0.374472 0.861110
vt 0.378693 0.870716
vt 0.365037 0.863104
vt 0.399469 0.865494
vt 0.384156 0.876481
vt 0.377031 0.874999
vt 0.377693 0.884780
vt 0.374375 0.883739
vt 0.370038 0.893339
vt 0.383717 0.890913
vt 0.386827 0.881491
vt 0.432826 0.860716
vt 0.450551 0.853875
vt 0.463163 0.847813
vt 0.419690 0.862596
vt 0.562064 0.813632
vt 0.510048 0.830100
vt 0.539906 0.820115
vt 0.391522 0.880166
vt 0.403740 0.873185
vt 0.387004 0.879974
vt 0.376957 0.872859
vt 0.472204 0.389899
vt 0.493955 0.396899
vt 0.475354 0.395064
vt 0.462016 0.394565
vt 0.503626 0.408718
vt 0.511774 0.402862
vt 0.519059 0.414172
vt 0.510632 0.417565
vt 0.446351 0.380075
vt 0.441523 0.385128
vt 0.418920 0.379970
vt 0.527057 0.406728
vt 0.530131 0.417644
vt 0.411351 0.387889
vt 0.399435 0.379740
vt 0.391978 0.385132
vt 0.424960 0.371796
vt 0.540875 0.415037
vt 0.477360 0.382928
vt 0.495771 0.388794
vt 0.449860 0.373924
vt 0.396832 0.372970
vt 0.378671 0.377283
vt 0.359801 0.380919
vt 0.366194 0.388942
vt 0.383277 0.389132
vt 0.364716 0.394194
vt 0.345478 0.396595
vt 0.447166 0.394355
vt 0.346415 0.385026
vt 0.521525 0.423317
vt 0.393362 0.394096
vt 0.490479 0.408606
vt 0.335684 0.387378
vt 0.471756 0.402812
vt 0.332055 0.400965
vt 0.367375 0.401022
vt 0.337256 0.405571
vt 0.457470 0.406205
vt 0.444754 0.405419
vt 0.447575 0.414293
vt 0.435447 0.413223
vt 0.434065 0.399061
vt 0.414512 0.394075
vt 0.532234 0.428792
vt 0.459275 0.415748
vt 0.466833 0.417269
vt 0.468644 0.411980
vt 0.474757 0.418359
vt 0.421348 0.412395
vt 0.541732 0.424118
vt 0.398391 0.401722
vt 0.372501 0.405185
vt 0.513188 0.425162
vt 0.488140 0.418396
vt 0.308559 0.416271
vt 0.319539 0.402071
vt 0.301105 0.407986
vt 0.287857 0.414433
vt 0.542158 0.431905
vt 0.287219 0.425697
vt 0.265957 0.419604
vt 0.263079 0.428141
vt 0.244517 0.428711
vt 0.240537 0.441987
vt 0.224411 0.443855
vt 0.234216 0.431213
vt 0.224190 0.451020
vt 0.210219 0.453794
vt 0.525198 0.431841
vt 0.204709 0.454798
vt 0.216003 0.439853
vt 0.535355 0.437953
vt 0.514912 0.433436
vt 0.283625 0.411208
vt 0.548678 0.438428
vt 0.555032 0.435192
vt 0.553101 0.425731
vt 0.526469 0.440805
vt 0.560966 0.432587
vt 0.241834 0.419013
vt 0.561194 0.446364
vt 0.561695 0.442340
vt 0.569607 0.438648
vt 0.575645 0.448775
vt 0.542989 0.443431
vt 0.585107 0.445742
vt 0.590852 0.454798
vt 0.485528 0.424138
vt 0.496460 0.422711
vt 0.508120 0.432726
vt 0.499924 0.431358
vt 0.582245 0.438277
vt 0.569906 0.426306
vt 0.554198 0.415648
vt 0.586484 0.434200
vt 0.600559 0.444631
vt 0.566743 0.414222
vt 0.574670 0.420212
vt 0.542896 0.404884
vt 0.520779 0.394129
vt 0.413270 0.368721
vt 0.533096 0.398630
vt 0.506877 0.388158
vt 0.556210 0.403212
vt 0.465060 0.370942
vt 0.483153 0.377443
vt 0.502224 0.378722
vt 0.441972 0.363972
vt 0.538796 0.393452
vt 0.519128 0.384904
vt 0.426643 0.360505
vt 0.411849 0.362333
vt 0.480123 0.370839
vt 0.393259 0.367162
vt 0.363877 0.374106
vt 0.396646 0.360428
vt 0.375432 0.365406
vt 0.344432 0.374983
vt 0.358696 0.369339
vt 0.328940 0.379210
vt 0.314888 0.385528
vt 0.312799 0.375641
vt 0.310471 0.384711
vt 0.302721 0.383222
vt 0.866522 0.520110
vt 0.862960 0.490148
vt 0.855660 0.513260
vt 0.850909 0.488339
vt 0.858021 0.478653
vt 0.845082 0.518123
vt 0.856833 0.528626
vt 0.862558 0.542822
vt 0.849250 0.549464
vt 0.844066 0.540438
vt 0.835754 0.553517
vt 0.855607 0.561581
vt 0.840057 0.565754
vt 0.830494 0.562347
vt 0.868589 0.480039
vt 0.847730 0.471876
vt 0.859841 0.459436
vt 0.865173 0.465927
vt 0.871872 0.503164
vt 0.866645 0.557508
vt 0.875350 0.529728
vt 0.860753 0.569719
vt 0.840156 0.573325
vt 0.832966 0.490927
vt 0.828632 0.478338
vt 0.836259 0.505200
vt 0.831127 0.527522
vt 0.830556 0.545612
vt 0.826373 0.509173
vt 0.823739 0.496405
vt 0.819022 0.484736
vt 0.837996 0.463942
vt 0.850150 0.455151
vt 0.820995 0.470128
vt 0.841047 0.433380
vt 0.829096 0.440066
vt 0.854359 0.438208
vt 0.852216 0.422756
vt 0.824708 0.456346
vt 0.825040 0.418142
vt 0.834695 0.416595
vt 0.847604 0.407832
vt 0.812303 0.426266
vt 0.808442 0.441860
vt 0.812398 0.472232
vt 0.815075 0.411370
vt 0.829905 0.386191
vt 0.820158 0.396190
vt 0.843448 0.385373
vt 0.833670 0.362209
vt 0.823468 0.360744
vt 0.818879 0.372826
vt 0.813181 0.359052
vt 0.855747 0.404968
vt 0.808306 0.398631
vt 0.809543 0.373379
vt 0.851595 0.383321
vt 0.846708 0.356351
vt 0.864527 0.447848
vt 0.861716 0.424630
vt 0.872102 0.458994
vt 0.876179 0.507394
vt 0.826189 0.345517
vt 0.818546 0.340110
vt 0.812155 0.339054
vt 0.839106 0.346001
vt 0.860976 0.357020
vt 0.847182 0.343156
vt 0.803878 0.409463
vt 0.859185 0.347188
vt 0.829665 0.331687
vt 0.842352 0.332721
vt 0.802343 0.427276
vt 0.803490 0.355532
vt 0.864432 0.383152
vt 0.828907 0.317660
vt 0.839941 0.325448
vt 0.803096 0.457244
vt 0.804569 0.382083
vt 0.799606 0.396247
vt 0.815693 0.499572
vt 0.801427 0.372375
vt 0.804821 0.342495
vt 0.818937 0.317203
vt 0.810036 0.323310
vt 0.864070 0.334499
vt 0.870266 0.566167
vt 0.878585 0.548597
vt 0.808358 0.482925
vt 0.817295 0.516474
vt 0.796826 0.432639
vt 0.797106 0.414714
vt 0.819351 0.531559
vt 0.821988 0.549566
vt 0.823704 0.558033
vt 0.876249 0.483626
vt 0.879821 0.466832
vt 0.872455 0.446845
vt 0.872811 0.362815
vt 0.881000 0.341325
vt 0.872106 0.429207
vt 0.867094 0.413781
vt 0.865326 0.398007
vt 0.870190 0.345443
vt 0.854584 0.330298
vt 0.866873 0.321033
vt 0.882544 0.515102
vt 0.884621 0.529528
vt 0.878204 0.328273
vt 0.856376 0.318731
vt 0.841801 0.313342
vt 0.828279 0.311645
vt 0.838134 0.302735
vt 0.817668 0.298966
vt 0.829617 0.301418
vt 0.808944 0.299741
vt 0.879358 0.558456
vt 0.876776 0.572068
vt 0.855191 0.580418
vt 0.865799 0.583887
vt 0.852185 0.307000
vt 0.884342 0.500010
vt 0.883851 0.483485
vt 0.875631 0.377487
vt 0.881882 0.361540
vt 0.875942 0.408224
vt 0.871335 0.586755
vt 0.878251 0.389727
vt 0.888304 0.323505
vt 0.878371 0.423653
vt 0.834044 0.581260
vt 0.886823 0.365590
vt 0.890340 0.545133
vt 0.881648 0.444165
vt 0.891943 0.345608
vt 0.892948 0.334796
vt 0.900872 0.322812
vt 0.826414 0.575534
vt 0.847245 0.586438
vt 0.883186 0.464944
vt 0.848652 0.581130
vt 0.849314 0.586884
vt 0.840879 0.595007
vt 0.880076 0.579846
vt 0.883573 0.566167
vt 0.890646 0.552436
vt 0.854899 0.587760
vt 0.882431 0.399331
vt 0.890727 0.382390
vt 0.858086 0.608520
vt 0.873352 0.597443
vt 0.887315 0.408771
vt 0.883583 0.430199
vt 0.905595 0.331525
vt 0.848918 0.594499
vt 0.842202 0.609103
vt 0.831205 0.608787
vt 0.828069 0.636221
vt 0.841286 0.637804
vt 0.849694 0.627370
vt 0.854200 0.641144
vt 0.860208 0.627300
vt 0.854282 0.614933
vt 0.871702 0.632643
vt 0.818900 0.635796
vt 0.836159 0.652441
vt 0.822058 0.611394
vt 0.849856 0.651248
vt 0.860617 0.656882
vt 0.871681 0.628696
vt 0.866740 0.615994
vt 0.818824 0.651018
vt 0.870833 0.649913
vt 0.846962 0.660794
vt 0.829158 0.595372
vt 0.878131 0.662232
vt 0.883349 0.649634
vt 0.813266 0.617782
vt 0.812173 0.633766
vt 0.830391 0.666765
vt 0.875183 0.632007
vt 0.809186 0.651542
vt 0.876844 0.613461
vt 0.880258 0.598608
vt 0.884966 0.639403
vt 0.844460 0.671183
vt 0.829973 0.686151
vt 0.815950 0.689064
vt 0.856025 0.673904
vt 0.870254 0.673164
vt 0.887147 0.665474
vt 0.817757 0.662174
vt 0.812628 0.674110
vt 0.846485 0.685261
vt 0.891293 0.565220
vt 0.893418 0.649009
vt 0.896600 0.662333
vt 0.889566 0.465290
vt 0.889807 0.435563
vt 0.815804 0.601600
vt 0.899873 0.350472
vt 0.807287 0.692541
vt 0.818707 0.695837
vt 0.889818 0.500107
vt 0.891464 0.521609
vt 0.894087 0.397484
vt 0.885998 0.585265
vt 0.886596 0.603942
vt 0.890259 0.631255
vt 0.892525 0.574000
vt 0.882187 0.682957
vt 0.892270 0.418398
vt 0.896987 0.406018
vt 0.858709 0.688624
vt 0.893351 0.676597
vt 0.889090 0.690767
vt 0.811408 0.659058
vt 0.869185 0.684514
vt 0.819150 0.590566
vt 0.894831 0.387402
vt 0.899454 0.368972
vt 0.870379 0.694578
vt 0.879425 0.702058
vt 0.889873 0.707047
vt 0.817707 0.575702
vt 0.849226 0.708030
vt 0.858552 0.704192
vt 0.839450 0.700019
vt 0.805346 0.669882
vt 0.895222 0.694255
vt 0.802878 0.707491
vt 0.899384 0.582172
vt 0.902142 0.596890
vt 0.894568 0.607667
vt 0.895233 0.622548
vt 0.905446 0.646418
vt 0.802907 0.684386
vt 0.896841 0.542027
vt 0.898712 0.678563
vt 0.823703 0.706318
vt 0.896592 0.514658
vt 0.895881 0.494120
vt 0.896285 0.440649
vt 0.895693 0.463763
vt 0.897921 0.428108
vt 0.901709 0.412710
vt 0.904332 0.614507
vt 0.905846 0.371721
vt 0.907977 0.354499
vt 0.854721 0.716267
vt 0.844344 0.718959
vt 0.863903 0.717502
vt 0.879473 0.712625
vt 0.800921 0.693535
vt 0.835367 0.714571
vt 0.906550 0.576931
vt 0.910558 0.590636
vt 0.905928 0.567596
vt 0.905683 0.671468
vt 0.809861 0.706765
vt 0.886217 0.717909
vt 0.903390 0.689425
vt 0.911647 0.606775
vt 0.904033 0.394194
vt 0.898806 0.704277
vt 0.904884 0.529314
vt 0.904214 0.434136
vt 0.906712 0.422705
vt 0.850804 0.729324
vt 0.795664 0.708739
vt 0.821438 0.718434
vt 0.807448 0.719152
vt 0.910956 0.649976
vt 0.912761 0.616765
vt 0.902785 0.481612
vt 0.902398 0.460850
vt 0.897189 0.717323
vt 0.798012 0.722468
vt 0.915841 0.582597
vt 0.902490 0.499995
vt 0.903447 0.514001
vt 0.913652 0.683339
vt 0.916014 0.662869
vt 0.910292 0.695425
vt 0.867428 0.722614
vt 0.877159 0.725102
vt 0.885720 0.727545
vt 0.858950 0.729398
vt 0.911278 0.626176
vt 0.903588 0.705338
vt 0.866334 0.736980
vt 0.870995 0.741478
vt 0.805479 0.634453
vt 0.830598 0.725407
vt 0.916600 0.351318
vt 0.840455 0.729725
vt 0.916600 0.642364
vt 0.890989 0.722924
vt 0.804901 0.616283
vt 0.804244 0.645538
vt 0.809509 0.724045
vt 0.797022 0.685326
vt 0.882945 0.737730
vt 0.801499 0.657863
vt 0.792240 0.705500
vt 0.859205 0.741738
vt 0.864103 0.748432
vt 0.813579 0.559416
vt 0.811192 0.582181
vt 0.793159 0.718412
vt 0.868016 0.753767
vt 0.793937 0.387368
vt 0.797438 0.364074
vt 0.799466 0.665156
vt 0.798595 0.341323
vt 0.791627 0.727241
vt 0.825441 0.731175
vt 0.799939 0.331899
vt 0.803125 0.324306
vt 0.805871 0.312821
vt 0.874185 0.747567
vt 0.813175 0.567528
vt 0.798468 0.462861
vt 0.793431 0.450980
vt 0.801283 0.624400
vt 0.798114 0.642538
vt 0.790363 0.403487
vt 0.800224 0.733341
vt 0.801822 0.302646
vt 0.799947 0.315012
vt 0.788109 0.432874
vt 0.805055 0.290642
vt 0.873250 0.630324
vt 0.258465 0.827831
vt 0.268042 0.804391
vt 0.279025 0.814048
vt 0.284682 0.797892
vt 0.255051 0.815427
vt 0.287458 0.808997
vt 0.300479 0.797940
vt 0.249575 0.827382
vt 0.242452 0.819188
vt 0.249481 0.808087
vt 0.235966 0.830894
vt 0.243007 0.842874
vt 0.249566 0.843798
vt 0.230018 0.843844
vt 0.264350 0.836710
vt 0.273569 0.824920
vt 0.215891 0.843023
vt 0.238439 0.853660
vt 0.226528 0.855149
vt 0.208566 0.853138
vt 0.230023 0.826193
vt 0.212917 0.835506
vt 0.218088 0.819030
vt 0.195449 0.843410
vt 0.196189 0.851087
vt 0.195745 0.834254
vt 0.206904 0.816171
vt 0.214088 0.803157
vt 0.180297 0.838645
vt 0.190522 0.823661
vt 0.173003 0.852176
vt 0.197464 0.806861
vt 0.204701 0.856995
vt 0.180644 0.858690
vt 0.191173 0.863997
vt 0.172564 0.838265
vt 0.152901 0.848797
vt 0.153956 0.856226
vt 0.136851 0.852587
vt 0.131082 0.846200
vt 0.152660 0.835696
vt 0.135610 0.829150
vt 0.159363 0.819536
vt 0.186054 0.818254
vt 0.162222 0.829116
vt 0.172068 0.811397
vt 0.154277 0.809482
vt 0.131543 0.814952
vt 0.122245 0.834251
vt 0.190928 0.796211
vt 0.162983 0.798420
vt 0.145460 0.802894
vt 0.116837 0.822877
vt 0.110146 0.844442
vt 0.113892 0.853977
vt 0.123402 0.860466
vt 0.164077 0.790936
vt 0.132033 0.801613
vt 0.122703 0.805632
vt 0.101760 0.831820
vt 0.185890 0.783740
vt 0.110878 0.812802
vt 0.102959 0.823080
vt 0.150735 0.788649
vt 0.095193 0.848523
vt 0.087521 0.836852
vt 0.165547 0.779937
vt 0.100740 0.860901
vt 0.133985 0.863997
vt 0.108936 0.862870
vt 0.096428 0.819527
vt 0.079794 0.845834
vt 0.107313 0.801619
vt 0.082961 0.824980
vt 0.072556 0.831428
vt 0.097408 0.805368
vt 0.083910 0.814113
vt 0.063127 0.841857
vt 0.070094 0.821528
vt 0.058153 0.830094
vt 0.049153 0.841721
vt 0.037111 0.841345
vt 0.048868 0.827918
vt 0.039062 0.833872
vt 0.329360 0.950646
vt 0.332648 0.958834
vt 0.308082 0.948397
vt 0.310162 0.955172
vt 0.355678 0.955139
vt 0.351821 0.964082
vt 0.371518 0.954682
vt 0.372940 0.967937
vt 0.289514 0.945105
vt 0.295268 0.956267
vt 0.388031 0.961127
vt 0.389232 0.969335
vt 0.383201 0.950125
vt 0.284636 0.951169
vt 0.273290 0.940854
vt 0.335410 0.968152
vt 0.288540 0.960161
vt 0.356020 0.973005
vt 0.386820 0.977149
vt 0.320284 0.966753
vt 0.298118 0.963588
vt 0.372716 0.977816
vt 0.398501 0.982900
vt 0.272832 0.951805
vt 0.274891 0.965912
vt 0.397934 0.958840
vt 0.351523 0.946954
vt 0.252059 0.943056
vt 0.252475 0.950860
vt 0.249562 0.965854
vt 0.229534 0.942492
vt 0.220274 0.954447
vt 0.234096 0.960864
vt 0.209699 0.942635
vt 0.197155 0.948990
vt 0.225885 0.932750
vt 0.203348 0.961901
vt 0.206477 0.931918
vt 0.188832 0.934205
vt 0.191785 0.956199
vt 0.190117 0.925558
vt 0.221901 0.968238
vt 0.258428 0.932848
vt 0.277557 0.933673
vt 0.325145 0.944505
vt 0.300018 0.935511
vt 0.207218 0.921956
vt 0.230346 0.928805
vt 0.369761 0.943550
vt 0.390629 0.948151
vt 0.337778 0.939748
vt 0.256610 0.966400
vt 0.192911 0.964178
vt 0.385473 0.939747
vt 0.177687 0.947455
vt 0.181085 0.958662
vt 0.319641 0.937104
vt 0.196083 0.917943
vt 0.358911 0.938227
vt 0.247119 0.925748
vt 0.235739 0.920285
vt 0.218952 0.917934
vt 0.186304 0.916549
vt 0.210145 0.972783
vt 0.174040 0.927483
vt 0.401479 0.972959
vt 0.165629 0.952374
vt 0.201725 0.911117
vt 0.164134 0.967712
vt 0.367142 0.938588
vt 0.267851 0.925855
vt 0.404281 0.947326
vt 0.400603 0.941509
vt 0.177609 0.921354
vt 0.408364 0.964164
vt 0.227477 0.976959
vt 0.261439 0.975616
vt 0.337711 0.977541
vt 0.352654 0.981794
vt 0.195968 0.973697
vt 0.291452 0.980593
vt 0.185342 0.974880
vt 0.305142 0.976180
vt 0.285082 0.988902
vt 0.382732 0.981745
vt 0.305014 0.988344
vt 0.180327 0.969249
vt 0.171271 0.936239
vt 0.160441 0.930815
vt 0.207513 0.979068
vt 0.187788 0.979593
vt 0.243591 0.979353
vt 0.312705 0.988071
vt 0.340716 0.985311
vt 0.261779 0.985340
vt 0.361994 0.987368
vt 0.380651 0.986639
vt 0.411413 0.977306
vt 0.152253 0.956291
vt 0.145447 0.973142
vt 0.394028 0.995374
vt 0.332935 0.988187
vt 0.164616 0.915312
vt 0.158224 0.940064
vt 0.141702 0.960360
vt 0.143401 0.953139
vt 0.174614 0.909512
vt 0.161320 0.906281
vt 0.160975 0.971230
vt 0.148370 0.913958
vt 0.149112 0.977734
vt 0.128047 0.970986
vt 0.128439 0.979042
vt 0.136121 0.982073
vt 0.189293 0.909720
vt 0.287374 0.928002
vt 0.251071 0.922149
vt 0.127597 0.965280
vt 0.339042 0.935165
vt 0.146954 0.927816
vt 0.145502 0.937849
vt 0.147765 0.904010
vt 0.122297 0.986710
vt 0.136098 0.956777
vt 0.120242 0.978998
vt 0.221178 0.912285
vt 0.318716 0.930509
vt 0.302082 0.924402
vt 0.205357 0.904388
vt 0.173530 0.900426
vt 0.189412 0.903626
vt 0.134484 0.911448
vt 0.138347 0.926412
vt 0.140059 0.935366
vt 0.176984 0.976091
vt 0.116675 0.971850
vt 0.237720 0.912005
vt 0.155489 0.897727
vt 0.123572 0.921330
vt 0.128252 0.937537
vt 0.121159 0.945669
vt 0.115651 0.921977
vt 0.114250 0.938026
vt 0.112764 0.911129
vt 0.133695 0.905556
vt 0.372352 0.992970
vt 0.383754 0.996733
vt 0.282408 0.919638
vt 0.266015 0.917319
vt 0.340912 0.931530
vt 0.115727 0.966177
vt 0.138140 0.895983
vt 0.107029 0.981312
vt 0.225847 0.905206
vt 0.252282 0.913374
vt 0.189881 0.894106
vt 0.121825 0.903471
vt 0.103971 0.991799
vt 0.316777 0.926318
vt 0.204264 0.896551
vt 0.179468 0.895859
vt 0.163724 0.888602
vt 0.103961 0.973443
vt 0.108266 0.906033
vt 0.107881 0.947879
vt 0.123327 0.890679
vt 0.102124 0.925337
vt 0.100520 0.939314
vt 0.109145 0.893398
vt 0.236220 0.985422
vt 0.096353 0.917008
vt 0.352599 0.991893
vt 0.113519 0.952592
vt 0.144688 0.889272
vt 0.096502 0.979042
vt 0.097854 0.906540
vt 0.369262 0.999604
vt 0.102586 0.965339
vt 0.097255 0.894235
vt 0.207150 0.888671
vt 0.184100 0.886832
vt 0.194852 0.881960
vt 0.269149 0.994883
vt 0.252364 0.993261
vt 0.086513 0.932197
vt 0.082623 0.939582
vt 0.187956 0.988672
vt 0.171011 0.983453
vt 0.197374 0.984621
vt 0.211143 0.988598
vt 0.297024 0.991002
vt 0.086466 0.987511
vt 0.094406 0.952142
vt 0.095303 0.997065
vt 0.108914 0.994525
vt 0.087239 0.906330
vt 0.286978 0.996716
vt 0.080658 0.920350
vt 0.182200 0.880820
vt 0.188149 0.883952
vt 0.190704 0.887639
vt 0.191679 0.878852
vt 0.192952 0.877994
vt 0.165682 0.879211
vt 0.234693 0.905575
vt 0.144217 0.882017
vt 0.112688 0.884186
vt 0.128971 0.884204
vt 0.330175 0.925545
vt 0.348492 0.929482
vt 0.224854 0.896393
vt 0.256957 0.908655
vt 0.095551 0.888221
vt 0.083381 0.896476
vt 0.295071 0.916450
vt 0.283110 0.912880
vt 0.080445 0.991436
vt 0.091207 0.972450
vt 0.075007 0.905196
vt 0.081847 0.951346
vt 0.084287 0.885632
vt 0.067883 0.926664
vt 0.074056 0.943380
vt 0.056146 0.909164
vt 0.067482 0.898458
vt 0.095079 0.881245
vt 0.086661 0.999604
vt 0.071897 0.997089
vt 0.051988 0.899637
vt 0.232832 0.993828
vt 0.077316 0.978328
vt 0.150909 0.873975
vt 0.131992 0.875182
vt 0.049511 0.919089
vt 0.055482 0.931679
vt 0.061203 0.944677
vt 0.052455 0.892083
vt 0.039547 0.908004
vt 0.041482 0.925054
vt 0.045166 0.938397
vt 0.055094 0.951711
vt 0.059861 0.964737
vt 0.068399 0.978604
vt 0.067382 0.986554
vt 0.070738 0.890673
vt 0.111539 0.873513
vt 0.037269 0.900800
vt 0.033396 0.894610
vt 0.054751 0.983508
vt 0.029443 0.910407
vt 0.026608 0.930607
vt 0.050604 0.974697
vt 0.031833 0.949104
vt 0.038164 0.947945
vt 0.032606 0.960042
vt 0.070665 0.877920
vt 0.050676 0.880893
vt 0.043776 0.887403
vt 0.024876 0.886673
vt 0.061136 0.991087
vt 0.026460 0.967093
vt 0.040693 0.976688
vt 0.037232 0.971771
vt 0.031960 0.882696
vt 0.021787 0.973929
vt 0.020942 0.952466
vt 0.017887 0.961699
vt 0.043978 0.986055
vt 0.025207 0.979138
vt 0.016361 0.979978
vt 0.470426 0.217730
vt 0.459514 0.209307
vt 0.473007 0.209632
vt 0.481605 0.226899
vt 0.498269 0.227474
vt 0.500788 0.211403
vt 0.509432 0.219697
vt 0.490326 0.204821
vt 0.515854 0.229982
vt 0.512339 0.209528
vt 0.473061 0.204590
vt 0.522801 0.218958
vt 0.507490 0.237685
vt 0.518338 0.233201
vt 0.503120 0.201727
vt 0.516844 0.240551
vt 0.497615 0.236368
vt 0.531823 0.233680
vt 0.470281 0.227635
vt 0.528213 0.248179
vt 0.518081 0.252399
vt 0.493681 0.241220
vt 0.481986 0.241087
vt 0.533484 0.259428
vt 0.506368 0.247985
vt 0.456847 0.222629
vt 0.539945 0.247228
vt 0.469029 0.237263
vt 0.445079 0.214692
vt 0.456353 0.230391
vt 0.495302 0.251583
vt 0.515235 0.264062
vt 0.507685 0.257485
vt 0.525620 0.268855
vt 0.536519 0.267438
vt 0.442125 0.221163
vt 0.445435 0.205247
vt 0.483799 0.254483
vt 0.443355 0.230050
vt 0.468059 0.245067
vt 0.458394 0.239175
vt 0.504748 0.264878
vt 0.493643 0.261386
vt 0.535677 0.278898
vt 0.519200 0.277961
vt 0.443453 0.238748
vt 0.473387 0.254023
vt 0.429476 0.211622
vt 0.428489 0.221764
vt 0.427448 0.229409
vt 0.455835 0.248147
vt 0.441542 0.245887
vt 0.430496 0.237125
vt 0.534396 0.289444
vt 0.499783 0.275360
vt 0.483174 0.267029
vt 0.456219 0.254993
vt 0.525214 0.296320
vt 0.468923 0.262571
vt 0.515446 0.292170
vt 0.546088 0.278837
vt 0.547931 0.289987
vt 0.548247 0.302357
vt 0.536555 0.306720
vt 0.557839 0.315007
vt 0.549347 0.317704
vt 0.564252 0.325753
vt 0.560558 0.336375
vt 0.550426 0.336819
vt 0.541927 0.329929
vt 0.571438 0.342486
vt 0.553433 0.348600
vt 0.569164 0.352379
vt 0.572533 0.330531
vt 0.575628 0.320770
vt 0.563754 0.304926
vt 0.564219 0.360947
vt 0.582735 0.353255
vt 0.578486 0.367064
vt 0.590516 0.374252
vt 0.571610 0.375656
vt 0.583069 0.382027
vt 0.594972 0.385759
vt 0.303548 0.238571
vt 0.278607 0.237856
vt 0.309319 0.229630
vt 0.288554 0.246048
vt 0.268713 0.242343
vt 0.278696 0.252538
vt 0.328862 0.231682
vt 0.320053 0.240894
vt 0.307029 0.251799
vt 0.260510 0.249859
vt 0.342439 0.235610
vt 0.356867 0.225887
vt 0.342196 0.223817
vt 0.296935 0.256109
vt 0.360327 0.233874
vt 0.322847 0.250831
vt 0.268361 0.261198
vt 0.253273 0.257442
vt 0.288438 0.264376
vt 0.379564 0.225268
vt 0.346360 0.245530
vt 0.334265 0.255279
vt 0.315045 0.260521
vt 0.376334 0.218699
vt 0.266015 0.268773
vt 0.307586 0.267448
vt 0.373432 0.237485
vt 0.384082 0.229124
vt 0.272663 0.275437
vt 0.245071 0.266617
vt 0.285029 0.273124
vt 0.295759 0.277058
vt 0.320646 0.268198
vt 0.400911 0.222030
vt 0.400972 0.229327
vt 0.401098 0.215046
vt 0.396753 0.237104
vt 0.416432 0.221439
vt 0.416325 0.230920
vt 0.417578 0.211931
vt 0.358608 0.216605
vt 0.392060 0.210790
vt 0.240798 0.257459
vt 0.224017 0.277086
vt 0.215252 0.271531
vt 0.211384 0.283316
vt 0.201726 0.285199
vt 0.248569 0.245949
vt 0.402035 0.206341
vt 0.417967 0.203670
vt 0.324624 0.219234
vt 0.338567 0.213877
vt 0.368466 0.212239
vt 0.386061 0.207622
vt 0.222658 0.264013
vt 0.257073 0.238546
vt 0.289875 0.227503
vt 0.304364 0.219271
vt 0.234106 0.249861
vt 0.271512 0.229380
vt 0.430162 0.202163
vt 0.212193 0.259102
vt 0.200913 0.269302
vt 0.348764 0.209239
vt 0.401741 0.202202
vt 0.220693 0.249106
vt 0.245550 0.236908
vt 0.286200 0.218804
vt 0.318885 0.212759
vt 0.369960 0.206082
vt 0.228302 0.239602
vt 0.258373 0.227125
vt 0.417820 0.192213
vt 0.303636 0.209823
vt 0.386379 0.198545
vt 0.401491 0.193890
vt 0.335223 0.205047
vt 0.430993 0.191278
vt 0.276581 0.214222
vt 0.316126 0.203401
vt 0.365254 0.194061
vt 0.352802 0.198540
vt 0.445211 0.193920
vt 0.291786 0.205228
vt 0.376576 0.189136
vt 0.325012 0.198580
vt 0.460109 0.199497
vt 0.474976 0.196371
vt 0.461532 0.190699
vt 0.403029 0.255441
vt 0.389987 0.254942
vt 0.401720 0.244510
vt 0.386773 0.246604
vt 0.376466 0.257717
vt 0.371022 0.248854
vt 0.358247 0.257337
vt 0.344602 0.256658
vt 0.334482 0.269251
vt 0.350644 0.269655
vt 0.325317 0.278726
vt 0.312839 0.276546
vt 0.338024 0.277884
vt 0.380599 0.265732
vt 0.397405 0.262770
vt 0.368945 0.272361
vt 0.358304 0.280030
vt 0.419780 0.254754
vt 0.416508 0.243029
vt 0.316789 0.284419
vt 0.428659 0.245947
vt 0.395629 0.270293
vt 0.413450 0.267900
vt 0.328373 0.286218
vt 0.346880 0.286777
vt 0.299601 0.289009
vt 0.381717 0.278927
vt 0.427292 0.264731
vt 0.441345 0.255268
vt 0.285545 0.290499
vt 0.291994 0.297310
vt 0.274503 0.304830
vt 0.305506 0.302364
vt 0.290872 0.317553
vt 0.282865 0.314639
vt 0.313169 0.300828
vt 0.273484 0.327646
vt 0.368489 0.289617
vt 0.313822 0.310790
vt 0.399011 0.280797
vt 0.333717 0.293721
vt 0.429276 0.271345
vt 0.262972 0.324650
vt 0.259157 0.339280
vt 0.321440 0.302319
vt 0.355152 0.296290
vt 0.418278 0.280021
vt 0.281885 0.330228
vt 0.294819 0.327303
vt 0.442057 0.267954
vt 0.265043 0.345741
vt 0.449962 0.281331
vt 0.461384 0.277293
vt 0.467600 0.271136
vt 0.331310 0.303298
vt 0.472574 0.281269
vt 0.398709 0.291320
vt 0.374146 0.295524
vt 0.417679 0.289703
vt 0.353418 0.306454
vt 0.246429 0.349610
vt 0.241545 0.361337
vt 0.466616 0.294502
vt 0.479190 0.298235
vt 0.489956 0.293674
vt 0.444625 0.287628
vt 0.447721 0.296791
vt 0.488390 0.281365
vt 0.498127 0.289190
vt 0.310034 0.323369
vt 0.489380 0.307729
vt 0.507198 0.307146
vt 0.473234 0.306591
vt 0.508547 0.321827
vt 0.530592 0.343814
vt 0.520120 0.324768
vt 0.324059 0.315924
vt 0.261174 0.357543
vt 0.275880 0.348998
vt 0.514454 0.337802
vt 0.495113 0.320073
vt 0.534384 0.337507
vt 0.540420 0.344275
vt 0.374278 0.301677
vt 0.390854 0.299670
vt 0.333932 0.309303
vt 0.303844 0.332202
vt 0.291555 0.339171
vt 0.244658 0.369507
vt 0.518581 0.347685
vt 0.534786 0.356979
vt 0.425582 0.299593
vt 0.366688 0.312821
vt 0.353411 0.313112
vt 0.476131 0.318062
vt 0.461973 0.309088
vt 0.445216 0.308145
vt 0.489502 0.328100
vt 0.549770 0.360563
vt 0.517758 0.302634
vt 0.530119 0.321266
vt 0.501297 0.339451
vt 0.386233 0.308430
vt 0.231340 0.370757
vt 0.324445 0.327322
vt 0.335207 0.319077
vt 0.531639 0.360919
vt 0.223911 0.364348
vt 0.555860 0.369664
vt 0.545137 0.372735
vt 0.553945 0.356053
vt 0.336685 0.323778
vt 0.213119 0.375624
vt 0.351685 0.320258
vt 0.238362 0.376771
vt 0.463685 0.315850
vt 0.445360 0.317947
vt 0.399768 0.309949
vt 0.415942 0.307471
vt 0.358697 0.326377
vt 0.373715 0.317112
vt 0.218063 0.381277
vt 0.196268 0.388388
vt 0.208296 0.394468
vt 0.216181 0.389687
vt 0.225817 0.382859
vt 0.432862 0.311506
vt 0.192840 0.395956
vt 0.558895 0.381883
vt 0.347006 0.337082
vt 0.323683 0.343223
vt 0.308494 0.338863
vt 0.506752 0.346878
vt 0.520120 0.359378
vt 0.486219 0.333539
vt 0.566044 0.380801
vt 0.467387 0.323756
vt 0.413948 0.313449
vt 0.298390 0.347691
vt 0.352238 0.327641
vt 0.234587 0.381233
vt 0.391931 0.319207
vt 0.579814 0.387759
vt 0.372602 0.324321
vt 0.573392 0.391447
vt 0.199957 0.400079
vt 0.179968 0.394426
vt 0.183614 0.391500
vt 0.336227 0.349486
vt 0.585042 0.400079
vt 0.477870 0.969275
vt 0.463502 0.967919
vt 0.469711 0.958539
vt 0.480401 0.958202
vt 0.498043 0.968772
vt 0.496779 0.959154
vt 0.511443 0.961461
vt 0.522700 0.968323
vt 0.500949 0.975522
vt 0.525530 0.958439
vt 0.493879 0.950417
vt 0.520922 0.951042
vt 0.479189 0.949616
vt 0.545393 0.962447
vt 0.537775 0.952446
vt 0.537437 0.970979
vt 0.550300 0.953138
vt 0.505369 0.941131
vt 0.530150 0.941826
vt 0.467088 0.948204
vt 0.482615 0.941814
vt 0.548604 0.942273
vt 0.558755 0.943207
vt 0.525710 0.932341
vt 0.544150 0.934330
vt 0.498346 0.932298
vt 0.555783 0.930304
vt 0.464636 0.936974
vt 0.484924 0.932183
vt 0.471696 0.931110
vt 0.549286 0.924548
vt 0.523797 0.924723
vt 0.569515 0.931132
vt 0.561731 0.953880
vt 0.571765 0.944038
vt 0.558123 0.914993
vt 0.568756 0.915394
vt 0.543874 0.914220
vt 0.495191 0.923967
vt 0.450505 0.940491
vt 0.455490 0.930986
vt 0.481183 0.922873
vt 0.554584 0.907635
vt 0.520273 0.916622
vt 0.566653 0.903712
vt 0.463854 0.922177
vt 0.453109 0.923927
vt 0.577567 0.919337
vt 0.450182 0.949635
vt 0.441599 0.930505
vt 0.499653 0.914469
vt 0.490259 0.913233
vt 0.540493 0.903196
vt 0.524966 0.905454
vt 0.580443 0.903494
vt 0.578774 0.936040
vt 0.581289 0.925749
vt 0.557943 0.896710
vt 0.440122 0.923247
vt 0.575946 0.893777
vt 0.430967 0.939004
vt 0.454023 0.914989
vt 0.475018 0.909289
vt 0.456226 0.958628
vt 0.436736 0.948132
vt 0.443195 0.916392
vt 0.586026 0.911150
vt 0.499072 0.904117
vt 0.587035 0.892068
vt 0.544013 0.893351
vt 0.525877 0.892489
vt 0.445096 0.912014
vt 0.419810 0.931866
vt 0.480274 0.899694
vt 0.421152 0.923211
vt 0.587890 0.946112
vt 0.422600 0.950728
vt 0.438131 0.959944
vt 0.418260 0.939899
vt 0.428568 0.916729
vt 0.558032 0.888702
vt 0.453164 0.902903
vt 0.584891 0.887425
vt 0.604800 0.889953
vt 0.483348 0.893164
vt 0.500787 0.894879
vt 0.572851 0.884541
vt 0.428969 0.908513
vt 0.604295 0.897094
vt 0.612886 0.897944
vt 0.630930 0.888389
vt 0.631978 0.897151
vt 0.627189 0.906134
vt 0.601409 0.919343
vt 0.616385 0.928342
vt 0.598612 0.927698
vt 0.597001 0.938912
vt 0.598063 0.945972
vt 0.615443 0.939127
vt 0.627831 0.923977
vt 0.621252 0.877891
vt 0.600011 0.885399
vt 0.631627 0.881301
vt 0.596271 0.877268
vt 0.587765 0.875266
vt 0.637864 0.902692
vt 0.647980 0.889257
vt 0.649035 0.897791
vt 0.624500 0.935956
vt 0.642063 0.878503
vt 0.455103 0.889888
vt 0.441945 0.899757
vt 0.430333 0.898442
vt 0.548655 0.885545
vt 0.616218 0.871796
vt 0.634172 0.871989
vt 0.561118 0.882762
vt 0.504772 0.889375
vt 0.528187 0.884892
vt 0.440833 0.889869
vt 0.466203 0.882334
vt 0.612456 0.948909
vt 0.651901 0.877486
vt 0.450890 0.882573
vt 0.642329 0.912994
vt 0.579220 0.955322
vt 0.634600 0.932207
vt 0.595952 0.957843
vt 0.659716 0.892938
vt 0.559902 0.963534
vt 0.662030 0.879149
vt 0.624867 0.947967
vt 0.569206 0.963438
vt 0.664764 0.886501
vt 0.652857 0.869548
vt 0.419700 0.891420
vt 0.410686 0.914172
vt 0.414102 0.904184
vt 0.423806 0.880851
vt 0.404009 0.907337
vt 0.398296 0.889073
vt 0.392259 0.896617
vt 0.402442 0.880876
vt 0.659091 0.903569
vt 0.676216 0.884940
vt 0.633170 0.941319
vt 0.673071 0.872274
vt 0.678577 0.895233
vt 0.647875 0.933702
vt 0.615309 0.959796
vt 0.653780 0.923828
vt 0.645986 0.943211
vt 0.677697 0.902990
vt 0.552726 0.971603
vt 0.696042 0.888565
vt 0.688447 0.878678
vt 0.697568 0.898179
vt 0.660739 0.939676
vt 0.586073 0.967552
vt 0.637563 0.953047
vt 0.450370 0.967340
vt 0.678494 0.914181
vt 0.679695 0.935148
vt 0.626478 0.960491
vt 0.603224 0.968352
vt 0.571541 0.973718
vt 0.656991 0.948001
vt 0.654658 0.954489
vt 0.698837 0.909205
vt 0.689015 0.936772
vt 0.669136 0.948145
vt 0.618881 0.970205
vt 0.626484 0.969568
vt 0.421497 0.961223
vt 0.648773 0.961851
vt 0.526268 0.976912
vt 0.717788 0.892098
vt 0.670076 0.956401
vt 0.714961 0.901961
vt 0.702698 0.928769
vt 0.708556 0.914491
vt 0.680686 0.953975
vt 0.638278 0.972848
vt 0.694622 0.945631
vt 0.660114 0.963940
vt 0.721755 0.910906
vt 0.651746 0.971563
vt 0.611821 0.978479
vt 0.718099 0.921773
vt 0.735622 0.903875
vt 0.736130 0.894874
vt 0.731600 0.916660
vt 0.707430 0.936704
vt 0.760010 0.898866
vt 0.672648 0.965480
vt 0.696401 0.953220
vt 0.748958 0.907873
vt 0.764020 0.904836
vt 0.790604 0.909893
vt 0.775233 0.895892
vt 0.799906 0.898681
vt 0.769780 0.911129
vt 0.783693 0.922598
vt 0.799603 0.920466
vt 0.767625 0.928880
vt 0.754916 0.925397
vt 0.784356 0.934589
vt 0.809285 0.911218
vt 0.797487 0.931382
vt 0.816064 0.899888
vt 0.762111 0.944559
vt 0.745892 0.952264
vt 0.743436 0.932058
vt 0.726692 0.937259
vt 0.774646 0.949843
vt 0.789676 0.946002
vt 0.711586 0.948332
vt 0.757746 0.962680
vt 0.807358 0.924952
vt 0.791667 0.954525
vt 0.822272 0.909544
vt 0.774548 0.962659
vt 0.694590 0.966218
vt 0.684735 0.969464
vt 0.800906 0.948282
vt 0.746718 0.962230
vt 0.713459 0.960243
vt 0.728791 0.961069
vt 0.628823 0.980571
vt 0.805791 0.934696
vt 0.831066 0.896612
vt 0.662937 0.977739
vt 0.593693 0.976207
vt 0.643731 0.980022
vt 0.817774 0.926163
vt 0.759124 0.973741
vt 0.732941 0.970993
vt 0.712987 0.969233
vt 0.791415 0.965404
vt 0.812260 0.940458
vt 0.778386 0.972066
vt 0.655994 0.980235
vt 0.686779 0.973954
vt 0.704619 0.976141
vt 0.846769 0.897910
vt 0.806149 0.958619
vt 0.749013 0.979108
vt 0.727375 0.976278
vt 0.551873 0.978094
vt 0.727382 0.980571
vt 0.837407 0.910671
vt 0.829330 0.920146
vt 0.822625 0.937771
vt 0.474705 0.979497
vt 0.497600 0.979393
vt 0.462112 0.974743
vt 0.816161 0.953708
vt 0.835101 0.931786
vt 0.854451 0.903829
vt 0.868715 0.892729
vt 0.848296 0.921487
vt 0.088614 0.565023
vt 0.099419 0.566150
vt 0.095717 0.554668
vt 0.084277 0.557448
vt 0.083465 0.545955
vt 0.093268 0.540559
vt 0.077704 0.563149
vt 0.075854 0.552340
vt 0.074138 0.540105
vt 0.065300 0.556519
vt 0.063290 0.542499
vt 0.067828 0.566846
vt 0.077730 0.526073
vt 0.069733 0.525809
vt 0.087247 0.520167
vt 0.058750 0.522391
vt 0.065179 0.510594
vt 0.070363 0.504324
vt 0.054061 0.504449
vt 0.100064 0.532718
vt 0.103229 0.547894
vt 0.096399 0.516583
vt 0.108154 0.564880
vt 0.083202 0.503581
vt 0.091582 0.501316
vt 0.066029 0.496135
vt 0.102818 0.506394
vt 0.108861 0.523752
vt 0.111477 0.539115
vt 0.114936 0.552003
vt 0.118889 0.562353
vt 0.083691 0.491120
vt 0.096949 0.487744
vt 0.100463 0.496389
vt 0.052329 0.533599
vt 0.048319 0.516173
vt 0.048494 0.544697
vt 0.048275 0.556549
vt 0.044934 0.502702
vt 0.064087 0.485682
vt 0.048169 0.487426
vt 0.041855 0.493856
vt 0.082829 0.481714
vt 0.110411 0.493044
vt 0.095257 0.475750
vt 0.039374 0.521557
vt 0.044575 0.538571
vt 0.037275 0.506175
vt 0.038137 0.550782
vt 0.059587 0.478069
vt 0.075883 0.465999
vt 0.051329 0.474800
vt 0.103105 0.483347
vt 0.114228 0.482940
vt 0.085873 0.468915
vt 0.036865 0.475722
vt 0.046247 0.463480
vt 0.032430 0.492931
vt 0.096113 0.466179
vt 0.059667 0.461125
vt 0.029504 0.505109
vt 0.036347 0.453934
vt 0.109528 0.470951
vt 0.029748 0.471026
vt 0.106382 0.460680
vt 0.093330 0.454479
vt 0.032722 0.527669
vt 0.035200 0.539147
vt 0.026969 0.513646
vt 0.022184 0.500647
vt 0.042329 0.445980
vt 0.034054 0.438896
vt 0.050912 0.443263
vt 0.063127 0.444996
vt 0.073681 0.442158
vt 0.083490 0.450890
vt 0.028199 0.448608
vt 0.048211 0.433739
vt 0.111673 0.502114
vt 0.114426 0.514263
vt 0.120090 0.528094
vt 0.061045 0.433443
vt 0.025722 0.436846
vt 0.117632 0.472151
vt 0.120590 0.494272
vt 0.122100 0.504897
vt 0.126705 0.489620
vt 0.123057 0.543284
vt 0.125709 0.517805
vt 0.039739 0.561518
vt 0.129068 0.473923
vt 0.055787 0.570957
vt 0.125525 0.551648
vt 0.044832 0.571117
vt 0.044404 0.426201
vt 0.080205 0.576493
vt 0.023219 0.479739
vt 0.090276 0.581372
vt 0.099764 0.581023
vt 0.036847 0.424632
vt 0.119998 0.571935
vt 0.129935 0.524072
vt 0.130403 0.511084
vt 0.132503 0.500042
vt 0.136329 0.488947
vt 0.131081 0.538155
vt 0.110187 0.577185
vt 0.071814 0.580402
vt 0.056136 0.577637
vt 0.130869 0.565971
vt 0.131795 0.551592
vt 0.130056 0.575956
vt 0.041328 0.583467
vt 0.112149 0.591024
vt 0.120957 0.584811
vt 0.034921 0.572190
vt 0.080784 0.587059
vt 0.026425 0.536546
vt 0.021502 0.523305
vt 0.019568 0.511821
vt 0.027376 0.549188
vt 0.029480 0.559544
vt 0.025702 0.465890
vt 0.023406 0.453802
vt 0.058314 0.417058
vt 0.051667 0.411182
vt 0.042642 0.411884
vt 0.030595 0.422301
vt 0.133536 0.484899
vt 0.137211 0.472558
vt 0.063512 0.585035
vt 0.054075 0.587181
vt 0.096154 0.593777
vt 0.078814 0.597498
vt 0.123804 0.597706
vt 0.130692 0.593690
vt 0.017159 0.497400
vt 0.062472 0.596170
vt 0.112510 0.602837
vt 0.047345 0.597418
vt 0.093121 0.606682
vt 0.102360 0.607817
vt 0.030539 0.581229
vt 0.137164 0.520264
vt 0.136628 0.506767
vt 0.140498 0.493137
vt 0.141660 0.480688
vt 0.115388 0.615746
vt 0.135627 0.582065
vt 0.081929 0.607320
vt 0.076143 0.609785
vt 0.063386 0.607488
vt 0.124346 0.616388
vt 0.036336 0.592015
vt 0.056463 0.611821
vt 0.129820 0.611318
vt 0.084554 0.622081
vt 0.096455 0.620745
vt 0.135992 0.593857
vt 0.036530 0.602561
vt 0.075069 0.623357
vt 0.066201 0.624327
vt 0.056720 0.625029
vt 0.123286 0.628785
vt 0.047593 0.610746
vt 0.135026 0.566967
vt 0.136176 0.609480
vt 0.086202 0.632170
vt 0.074456 0.632491
vt 0.094646 0.636614
vt 0.108295 0.635397
vt 0.128036 0.636424
vt 0.130279 0.624318
vt 0.135143 0.545757
vt 0.136524 0.531959
vt 0.079093 0.649702
vt 0.073302 0.642642
vt 0.067480 0.642509
vt 0.067143 0.655059
vt 0.059165 0.652317
vt 0.059196 0.641381
vt 0.137223 0.623150
vt 0.101468 0.649265
vt 0.048895 0.627015
vt 0.134859 0.632581
vt 0.121093 0.644644
vt 0.128335 0.651130
vt 0.136587 0.648941
vt 0.076559 0.661426
vt 0.096673 0.658313
vt 0.141660 0.638808
vt 0.115007 0.663991
vt 0.118955 0.653430
vt 0.067532 0.669707
vt 0.049863 0.648162
vt 0.060996 0.666643
vt 0.052014 0.659503
vt 0.132813 0.660004
vt 0.140059 0.656257
vt 0.719679 0.639390
vt 0.726503 0.641388
vt 0.726305 0.632463
vt 0.716549 0.629903
vt 0.721593 0.650820
vt 0.710045 0.649878
vt 0.712685 0.633172
vt 0.714386 0.621620
vt 0.726204 0.623205
vt 0.719704 0.622618
vt 0.737623 0.651425
vt 0.738545 0.635871
vt 0.737260 0.624246
vt 0.726708 0.661385
vt 0.716775 0.658734
vt 0.739692 0.656391
vt 0.708541 0.655796
vt 0.705906 0.663248
vt 0.726696 0.667581
vt 0.738213 0.669385
vt 0.710854 0.667798
vt 0.749791 0.643949
vt 0.749125 0.634605
vt 0.747726 0.625530
vt 0.747801 0.656003
vt 0.756924 0.625544
vt 0.763942 0.637038
vt 0.755287 0.652571
vt 0.749935 0.666257
vt 0.744621 0.676784
vt 0.731111 0.677152
vt 0.716760 0.673867
vt 0.768017 0.628832
vt 0.769867 0.658714
vt 0.766627 0.674212
vt 0.772491 0.647280
vt 0.777145 0.639447
vt 0.752403 0.685706
vt 0.778506 0.687193
vt 0.777590 0.659953
vt 0.778717 0.674899
vt 0.769590 0.620561
vt 0.778189 0.629062
vt 0.736899 0.685716
vt 0.726316 0.685918
vt 0.786475 0.645498
vt 0.787071 0.663251
vt 0.788503 0.631105
vt 0.749463 0.617708
vt 0.739052 0.616545
vt 0.727858 0.616677
vt 0.788956 0.678090
vt 0.780453 0.614548
vt 0.788599 0.615675
vt 0.752018 0.607968
vt 0.770463 0.609508
vt 0.739020 0.605226
vt 0.729683 0.607166
vt 0.721379 0.611576
vt 0.732296 0.591599
vt 0.781639 0.601499
vt 0.753684 0.594170
vt 0.761381 0.598889
vt 0.772571 0.598598
vt 0.743459 0.592574
vt 0.721374 0.585344
vt 0.790503 0.602480
vt 0.783526 0.590189
vt 0.744562 0.584068
vt 0.762301 0.587737
vt 0.773982 0.585883
vt 0.790503 0.686534
vt 0.777445 0.576345
vt 0.768408 0.572177
vt 0.770115 0.561904
vt 0.761484 0.553955
vt 0.764232 0.544222
vt 0.756157 0.547382
vt 0.758494 0.570965
vt 0.750169 0.568141
vt 0.744861 0.551379
vt 0.757862 0.534538
vt 0.750550 0.531825
vt 0.760971 0.524085
vt 0.765595 0.536303
vt 0.748666 0.541265
vt 0.741190 0.529709
vt 0.753241 0.516000
vt 0.738473 0.514605
vt 0.767255 0.501011
vt 0.748892 0.493819
vt 0.769770 0.487911
vt 0.774966 0.512012
vt 0.782179 0.483347
vt 0.743011 0.502953
vt 0.728588 0.499991
vt 0.785957 0.695083
vt 0.907456 0.867824
vt 0.916401 0.871129
vt 0.919010 0.864540
vt 0.910590 0.880992
vt 0.913127 0.888772
vt 0.911950 0.850409
vt 0.924976 0.881305
vt 0.927386 0.901109
vt 0.918259 0.901067
vt 0.920181 0.906841
vt 0.931319 0.909353
vt 0.924701 0.847729
vt 0.936426 0.896261
vt 0.942481 0.908521
vt 0.936649 0.872301
vt 0.916574 0.838319
vt 0.928402 0.838208
vt 0.946903 0.884995
vt 0.947808 0.896562
vt 0.955541 0.908575
vt 0.944390 0.862137
vt 0.935890 0.847368
vt 0.930380 0.858457
vt 0.958799 0.887034
vt 0.921339 0.827171
vt 0.914194 0.824502
vt 0.923581 0.814294
vt 0.933568 0.823732
vt 0.940114 0.836630
vt 0.909411 0.839642
vt 0.914913 0.801407
vt 0.907694 0.795134
vt 0.911665 0.779528
vt 0.901839 0.771380
vt 0.919053 0.790788
vt 0.918434 0.771876
vt 0.908542 0.759573
vt 0.901437 0.754026
vt 0.928722 0.807192
vt 0.903457 0.843320
vt 0.904182 0.850925
vt 0.906566 0.862260
vt 0.950293 0.850853
vt 0.923515 0.916898
vt 0.943766 0.917808
vt 0.961477 0.919729
vt 0.965574 0.903309
vt 0.933582 0.799075
vt 0.928303 0.784828
vt 0.924408 0.771302
vt 0.922197 0.755213
vt 0.953670 0.865693
vt 0.936448 0.813527
vt 0.927497 0.926449
vt 0.938261 0.924784
vt 0.950279 0.929102
vt 0.940166 0.941962
vt 0.934430 0.943192
vt 0.943741 0.951347
vt 0.937693 0.953270
vt 0.950950 0.944891
vt 0.945478 0.962834
vt 0.939917 0.963918
vt 0.913419 0.711964
vt 0.915497 0.723550
vt 0.919265 0.714781
vt 0.924025 0.704594
vt 0.908789 0.719106
vt 0.906923 0.728350
vt 0.911594 0.705946
vt 0.905217 0.743274
vt 0.916356 0.739081
vt 0.912713 0.751104
vt 0.923514 0.691235
vt 0.917584 0.688040
vt 0.924295 0.675011
vt 0.920969 0.671935
vt 0.930268 0.660876
vt 0.924955 0.719679
vt 0.929646 0.675747
vt 0.927330 0.735392
vt 0.927431 0.656318
vt 0.919635 0.664384
vt 0.937501 0.646833
vt 0.925472 0.645375
vt 0.933419 0.643107
vt 0.935216 0.635278
vt 0.929702 0.623105
vt 0.933814 0.616574
vt 0.935585 0.711758
vt 0.937304 0.726991
vt 0.936211 0.695947
vt 0.934938 0.680048
vt 0.942843 0.694803
vt 0.945213 0.714130
vt 0.951278 0.685581
vt 0.953974 0.699222
vt 0.951239 0.710380
vt 0.944218 0.733056
vt 0.957506 0.735158
vt 0.963585 0.713122
vt 0.963497 0.698241
vt 0.964231 0.689232
vt 0.938449 0.743945
vt 0.930720 0.743104
vt 0.946591 0.748067
vt 0.970107 0.723444
vt 0.962500 0.746220
vt 0.980500 0.749044
vt 0.976228 0.698407
vt 0.980376 0.711189
vt 0.977018 0.732902
vt 0.943908 0.759456
vt 0.931740 0.762394
vt 0.969406 0.761046
vt 0.976947 0.756192
vt 0.949011 0.769524
vt 0.986867 0.735208
vt 0.984453 0.754731
vt 0.976446 0.691243
vt 0.983895 0.696162
vt 0.959919 0.679484
vt 0.969801 0.676398
vt 0.978323 0.769030
vt 0.935597 0.770268
vt 0.953506 0.781811
vt 0.990190 0.760481
vt 0.970975 0.778184
vt 0.987131 0.770895
vt 0.980267 0.781726
vt 0.988892 0.782953
vt 0.939502 0.783769
vt 0.972981 0.794629
vt 0.986387 0.799675
vt 0.948923 0.790665
vt 0.957219 0.796525
vt 0.988365 0.718318
vt 0.993843 0.737079
vt 0.989031 0.702302
vt 0.989518 0.692019
vt 0.980532 0.678287
vt 0.971295 0.803201
vt 0.941076 0.805987
vt 0.987339 0.812677
vt 0.953634 0.815493
vt 0.966496 0.812422
vt 0.978449 0.815729
vt 0.945708 0.824805
vt 0.993699 0.782672
vt 0.999601 0.808277
vt 0.981948 0.671346
vt 0.966130 0.824102
vt 0.999601 0.745321
vt 0.960343 0.830779
vt 0.954354 0.839675
vt 0.981164 0.825932
vt 0.993687 0.822393
vt 0.996151 0.760382
vt 0.997283 0.769301
vt 0.987793 0.679460
vt 0.995955 0.717878
vt 0.989942 0.663109
vt 0.994077 0.676711
vt 0.982372 0.661155
vt 0.983556 0.646667
vt 0.802698 0.270665
vt 0.799055 0.271105
vt 0.807263 0.259984
vt 0.793053 0.283612
vt 0.796834 0.284705
vt 0.788875 0.299734
vt 0.806040 0.254776
vt 0.786431 0.287937
vt 0.799316 0.260680
vt 0.802990 0.251260
vt 0.789139 0.277757
vt 0.806956 0.245822
vt 0.803552 0.237518
vt 0.781939 0.281255
vt 0.793840 0.268943
vt 0.797942 0.248995
vt 0.792897 0.239698
vt 0.795821 0.232149
vt 0.790435 0.233690
vt 0.787156 0.237505
vt 0.792175 0.226157
vt 0.781277 0.275946
vt 0.783176 0.297426
vt 0.783819 0.302893
vt 0.781609 0.313350
vt 0.777064 0.311561
vt 0.778834 0.318915
vt 0.779748 0.298774
vt 0.777957 0.283273
vt 0.790526 0.258000
vt 0.786917 0.248860
vt 0.783016 0.243249
vt 0.787596 0.267941
vt 0.803206 0.227681
vt 0.773267 0.322716
vt 0.785351 0.229599
vt 0.781539 0.230374
vt 0.779201 0.226824
vt 0.782438 0.225125
vt 0.778324 0.234091
vt 0.806812 0.234803
vt 0.793415 0.219920
vt 0.775307 0.229142
vt 0.775275 0.327096
vt 0.779507 0.264377
vt 0.775089 0.253373
vt 0.777964 0.247087
vt 0.774763 0.243041
vt 0.774904 0.277399
vt 0.803548 0.220831
vt 0.800412 0.207132
vt 0.785434 0.313921
vt 0.770324 0.334410
vt 0.772156 0.337551
vt 0.772722 0.264286
vt 0.776581 0.271984
vt 0.767197 0.340371
vt 0.769230 0.346707
vt 0.763260 0.345198
vt 0.763285 0.350841
vt 0.759087 0.348119
vt 0.753235 0.356705
vt 0.751890 0.353671
vt 0.750294 0.355385
vt 0.772985 0.346641
vt 0.764850 0.355541
vt 0.771456 0.249298
vt 0.768099 0.261591
vt 0.773090 0.287057
vt 0.771289 0.281454
vt 0.773692 0.299303
vt 0.769567 0.292067
vt 0.774299 0.236761
vt 0.758984 0.340733
vt 0.769609 0.330418
vt 0.762864 0.337220
vt 0.776897 0.337799
vt 0.770604 0.316024
vt 0.771495 0.232729
vt 0.778458 0.330616
vt 0.774849 0.353904
vt 0.770072 0.304810
vt 0.789471 0.214318
vt 0.794782 0.202835
vt 0.788295 0.206349
vt 0.782200 0.194370
vt 0.783668 0.184046
vt 0.779565 0.203077
vt 0.773955 0.192533
vt 0.775335 0.182562
vt 0.778191 0.173889
vt 0.774356 0.205635
vt 0.781502 0.210154
vt 0.772081 0.210545
vt 0.766468 0.174729
vt 0.769320 0.171206
vt 0.772723 0.163650
vt 0.761558 0.155801
vt 0.767255 0.155400
vt 0.751887 0.138638
vt 0.758480 0.138560
vt 0.750482 0.126487
vt 0.741872 0.122464
vt 0.740948 0.131187
vt 0.735961 0.120848
vt 0.770281 0.272525
vt 0.766349 0.298604
vt 0.768283 0.247714
vt 0.765667 0.324119
vt 0.734750 0.112194
vt 0.760669 0.314792
vt 0.755918 0.335396
vt 0.755188 0.341566
vt 0.720236 0.107202
vt 0.720531 0.096751
vt 0.712707 0.093799
vt 0.705237 0.094368
vt 0.700259 0.085557
vt 0.690229 0.085039
vt 0.765904 0.285476
vt 0.755872 0.322936
vt 0.767900 0.240189
vt 0.776796 0.222677
vt 0.748609 0.338660
vt 0.748238 0.330561
vt 0.769906 0.228290
vt 0.756234 0.309947
vt 0.746835 0.119446
vt 0.749085 0.349851
vt 0.766966 0.278989
vt 0.761305 0.296910
vt 0.781044 0.215361
vt 0.773878 0.215456
vt 0.768435 0.218198
vt 0.767167 0.236924
vt 0.767452 0.142408
vt 0.751535 0.345690
vt 0.750699 0.322196
vt 0.757878 0.300172
vt 0.765100 0.266671
vt 0.766409 0.256378
vt 0.765485 0.248125
vt 0.700742 0.079468
vt 0.683155 0.074517
vt 0.680133 0.083398
vt 0.665458 0.071156
vt 0.673266 0.068598
vt 0.659435 0.062666
vt 0.648834 0.066263
vt 0.744234 0.333853
vt 0.741651 0.339770
vt 0.639733 0.059797
vt 0.634232 0.064701
vt 0.618667 0.056386
vt 0.761002 0.288962
vt 0.762245 0.272780
vt 0.751820 0.358842
vt 0.746209 0.352204
vt 0.635102 0.052303
vt 0.676129 0.062890
vt 0.656251 0.055964
vt 0.761504 0.259720
vt 0.752928 0.310201
vt 0.741877 0.329659
vt 0.748882 0.315062
vt 0.699798 0.073351
vt 0.622982 0.048648
vt 0.739283 0.337007
vt 0.737331 0.343461
vt 0.712011 0.080670
vt 0.737206 0.345064
vt 0.762604 0.132720
vt 0.684355 0.063024
vt 0.778528 0.160090
vt 0.733109 0.103796
vt 0.743422 0.111150
vt 0.723235 0.089199
vt 0.756142 0.122756
vt 0.735985 0.346738
vt 0.788700 0.178769
vt 0.698194 0.067928
vt 0.774844 0.140232
vt 0.789232 0.164934
vt 0.691098 0.059654
vt 0.786327 0.156127
vt 0.705929 0.066384
vt 0.767581 0.127393
vt 0.754680 0.116624
vt 0.798868 0.190268
vt 0.717006 0.073366
vt 0.730148 0.087947
vt 0.726857 0.078642
vt 0.797706 0.176618
vt 0.736188 0.096578
vt 0.778890 0.136648
vt 0.807156 0.221989
vt 0.768448 0.120379
vt 0.806401 0.208024
vt 0.804999 0.190713
vt 0.739829 0.086136
vt 0.756257 0.106092
vt 0.760460 0.108026
vt 0.711874 0.064180
vt 0.746626 0.100214
vt 0.750906 0.094924
vt 0.791438 0.156904
vt 0.688456 0.054598
vt 0.700950 0.056527
vt 0.751535 0.087531
vt 0.724511 0.068891
vt 0.738096 0.078017
vt 0.765340 0.109397
vt 0.336535 0.026749
vt 0.324392 0.028196
vt 0.332974 0.016091
vt 0.319738 0.022726
vt 0.343777 0.020090
vt 0.352492 0.027330
vt 0.363605 0.018232
vt 0.357373 0.010517
vt 0.377872 0.010271
vt 0.385306 0.017431
vt 0.409872 0.007567
vt 0.416269 0.012619
vt 0.436903 0.006581
vt 0.439463 0.014101
vt 0.458288 0.011549
vt 0.380143 0.005474
vt 0.450153 0.019967
vt 0.472190 0.017376
vt 0.369153 0.027032
vt 0.481133 0.009343
vt 0.465103 0.007695
vt 0.487181 0.013041
vt 0.428125 0.021483
vt 0.404206 0.016809
vt 0.492337 0.021275
vt 0.386883 0.026417
vt 0.411765 0.022630
vt 0.505670 0.016458
vt 0.478181 0.024052
vt 0.459879 0.026145
vt 0.457870 0.000396
vt 0.309658 0.031310
vt 0.296001 0.025683
vt 0.297969 0.032484
vt 0.351236 0.034541
vt 0.337247 0.034787
vt 0.370527 0.033433
vt 0.483553 0.028263
vt 0.500100 0.025902
vt 0.430139 0.031866
vt 0.406100 0.034138
vt 0.492649 0.032278
vt 0.391080 0.034696
vt 0.511288 0.029185
vt 0.514473 0.020584
vt 0.533307 0.025151
vt 0.521193 0.032123
vt 0.536787 0.031787
vt 0.552349 0.032678
vt 0.556337 0.026639
vt 0.574589 0.035926
vt 0.554892 0.040188
vt 0.577856 0.043915
vt 0.536631 0.037628
vt 0.363066 0.040491
vt 0.586347 0.040506
vt 0.586804 0.047451
vt 0.478128 0.033150
vt 0.352831 0.041062
vt 0.598531 0.047023
vt 0.595510 0.038995
vt 0.612057 0.043018
vt 0.339459 0.041957
vt 0.328207 0.038152
vt 0.312058 0.038494
vt 0.301324 0.043889
vt 0.284251 0.034588
vt 0.289940 0.046105
vt 0.299064 0.060050
vt 0.285154 0.062422
vt 0.274188 0.047669
vt 0.308066 0.048523
vt 0.331206 0.047831
vt 0.269866 0.037265
vt 0.250701 0.041586
vt 0.245662 0.049760
vt 0.245974 0.060914
vt 0.229495 0.056193
vt 0.227927 0.050036
vt 0.211672 0.055913
vt 0.211522 0.068208
vt 0.203157 0.067524
vt 0.191005 0.066252
vt 0.195239 0.078185
vt 0.183149 0.077158
vt 0.180092 0.070446
vt 0.239441 0.042143
vt 0.168058 0.074872
vt 0.192647 0.055019
vt 0.176141 0.060197
vt 0.164837 0.068649
vt 0.151450 0.075128
vt 0.633185 0.043888
vt 0.649073 0.049920
vt 0.657875 0.048126
vt 0.673014 0.054763
vt 0.676267 0.047725
vt 0.343499 0.064040
vt 0.328915 0.071824
vt 0.330950 0.058169
vt 0.341824 0.047762
vt 0.353706 0.060781
vt 0.352909 0.048190
vt 0.364650 0.050051
vt 0.364396 0.059738
vt 0.310144 0.060280
vt 0.309780 0.075123
vt 0.297230 0.069914
vt 0.375111 0.058845
vt 0.374607 0.050400
vt 0.297948 0.082191
vt 0.342333 0.072404
vt 0.274908 0.072929
vt 0.276417 0.063932
vt 0.265468 0.065848
vt 0.284238 0.085665
vt 0.348456 0.073440
vt 0.395559 0.059151
vt 0.398033 0.050593
vt 0.414071 0.057713
vt 0.414152 0.049361
vt 0.438082 0.044893
vt 0.462017 0.041866
vt 0.442275 0.054422
vt 0.464612 0.051974
vt 0.490792 0.048830
vt 0.484667 0.040044
vt 0.485144 0.058355
vt 0.499648 0.054158
vt 0.511969 0.046609
vt 0.514834 0.054472
vt 0.519835 0.045482
vt 0.511345 0.065391
vt 0.467717 0.062921
vt 0.269098 0.084925
vt 0.436975 0.063497
vt 0.453301 0.065563
vt 0.502607 0.067111
vt 0.413691 0.069497
vt 0.393563 0.064764
vt 0.376645 0.063958
vt 0.362710 0.067128
vt 0.249188 0.077425
vt 0.502112 0.039670
vt 0.528041 0.063777
vt 0.531416 0.053075
vt 0.548677 0.058265
vt 0.551296 0.050539
vt 0.536892 0.072606
vt 0.549258 0.071520
vt 0.528567 0.042472
vt 0.459706 0.033331
vt 0.427544 0.040455
vt 0.405083 0.041041
vt 0.393476 0.044707
vt 0.374819 0.040956
vt 0.512827 0.034377
vt 0.560374 0.056697
vt 0.561427 0.049293
vt 0.569534 0.046588
vt 0.549035 0.043737
vt 0.558067 0.069887
vt 0.235982 0.063924
vt 0.238050 0.077386
vt 0.227475 0.077538
vt 0.224561 0.066419
vt 0.245213 0.087983
vt 0.231354 0.089295
vt 0.518734 0.077567
vt 0.210882 0.078370
vt 0.210862 0.085229
vt 0.201008 0.086790
vt 0.192697 0.086996
vt 0.179740 0.089549
vt 0.190746 0.096063
vt 0.175694 0.105147
vt 0.416736 0.034114
vt 0.168519 0.085129
vt 0.167962 0.093590
vt 0.577051 0.056180
vt 0.582707 0.053471
vt 0.589099 0.066200
vt 0.592592 0.056151
vt 0.596012 0.061221
vt 0.600967 0.066798
vt 0.610627 0.059561
vt 0.620775 0.064598
vt 0.626696 0.073688
vt 0.631403 0.069963
vt 0.648759 0.072724
vt 0.648100 0.078310
vt 0.665108 0.077846
vt 0.666937 0.085287
vt 0.685378 0.093051
vt 0.603216 0.073026
vt 0.697065 0.097011
vt 0.705473 0.103536
vt 0.715772 0.110311
vt 0.729382 0.120393
vt 0.725774 0.124577
vt 0.735637 0.129618
vt 0.701719 0.104841
vt 0.689895 0.099510
vt 0.719805 0.120373
vt 0.742257 0.147177
vt 0.718634 0.123193
vt 0.595436 0.075789
vt 0.748960 0.146309
vt 0.748427 0.155442
vt 0.740259 0.153366
vt 0.756845 0.168796
vt 0.751977 0.173296
vt 0.766358 0.188042
vt 0.759812 0.184544
vt 0.755239 0.187642
vt 0.733401 0.143329
vt 0.760888 0.196653
vt 0.757517 0.159921
vt 0.766553 0.200935
vt 0.766382 0.211248
vt 0.762575 0.213618
vt 0.667994 0.090842
vt 0.656953 0.090547
vt 0.647021 0.083856
vt 0.680651 0.100091
vt 0.620255 0.076957
vt 0.631923 0.083143
vt 0.154801 0.113934
vt 0.151539 0.104568
vt 0.152099 0.096703
vt 0.764967 0.221955
vt 0.581834 0.065294
vt 0.136800 0.108768
vt 0.770124 0.197185
vt 0.618095 0.080719
vt 0.692045 0.106746
vt 0.703091 0.114054
vt 0.139472 0.118963
vt 0.754769 0.201374
vt 0.758422 0.217427
vt 0.745928 0.175068
vt 0.746817 0.166330
vt 0.734106 0.156045
vt 0.609899 0.081660
vt 0.669709 0.098030
vt 0.571143 0.065804
vt 0.644944 0.088950
vt 0.311334 0.083896
vt 0.113970 0.133884
vt 0.118611 0.120682
vt 0.486268 0.070611
vt 0.167963 0.110830
vt 0.582177 0.070547
vt 0.588446 0.075640
vt 0.115346 0.141146
vt 0.210218 0.094482
vt 0.197786 0.103431
vt 0.436375 0.074418
vt 0.140568 0.124865
vt 0.243494 0.099452
vt 0.227481 0.097825
vt 0.332047 0.083078
vt 0.765443 0.229099
vt 0.153818 0.088539
vt 0.723294 0.141673
vt 0.713036 0.126235
vt 0.098563 0.154976
vt 0.567539 0.074896
vt 0.746459 0.187718
vt 0.750137 0.198059
vt 0.095419 0.146900
vt 0.073604 0.168689
vt 0.470907 0.072728
vt 0.457198 0.076375
vt 0.086976 0.168210
vt 0.074022 0.178728
vt 0.055394 0.188652
vt 0.066962 0.190045
vt 0.050412 0.202966
vt 0.062698 0.200437
vt 0.055384 0.217744
vt 0.046155 0.217925
vt 0.045284 0.238131
vt 0.036913 0.237876
vt 0.039066 0.257335
vt 0.031689 0.257081
vt 0.020789 0.250004
vt 0.034179 0.271609
vt 0.023350 0.270518
vt 0.026609 0.225842
vt 0.040090 0.213422
vt 0.009796 0.265743
vt 0.044289 0.190085
vt 0.073738 0.196220
vt 0.082413 0.180539
vt 0.029931 0.294453
vt 0.017442 0.279502
vt 0.064585 0.211652
vt 0.013949 0.305067
vt 0.019697 0.309242
vt 0.009891 0.322616
vt 0.028724 0.332517
vt 0.031061 0.318334
vt 0.557243 0.078573
vt 0.543177 0.080960
vt 0.255960 0.097490
vt 0.496993 0.074823
vt 0.499570 0.080413
vt 0.339744 0.086113
vt 0.652458 0.095617
vt 0.623535 0.087807
vt 0.146077 0.129854
vt 0.161193 0.122694
vt 0.186405 0.114092
vt 0.018671 0.330354
vt 0.009104 0.330870
vt 0.019952 0.340762
vt 0.012874 0.343363
vt 0.000399 0.349358
vt 0.029492 0.340784
vt 0.409447 0.080847
vt 0.385378 0.084381
vt 0.376783 0.073035
vt 0.372160 0.086836
vt 0.483986 0.081537
vt 0.357028 0.082838
vt 0.102955 0.163413
vt 0.267219 0.093211
vt 0.696737 0.115910
vt 0.707603 0.127150
vt 0.715160 0.136896
vt 0.095542 0.177037
vt 0.056838 0.239143
vt 0.685656 0.112483
vt 0.232793 0.104945
vt 0.211321 0.105905
vt 0.739358 0.170709
vt 0.742778 0.180665
vt 0.474165 0.083833
vt 0.030362 0.358842
vt 0.754541 0.215976
vt 0.757360 0.230905
vt 0.762934 0.236644
vt 0.761631 0.246609
vt 0.758012 0.253441
vt 0.758926 0.266815
vt 0.049471 0.253785
vt 0.119443 0.151918
vt 0.134066 0.140601
vt 0.573159 0.079913
vt 0.045158 0.267628
vt 0.042016 0.281444
vt 0.034987 0.304869
vt 0.384850 0.094574
vt 0.406139 0.092324
vt 0.665563 0.102976
vt 0.675456 0.109237
vt 0.429757 0.082670
vt 0.275749 0.093986
vt 0.430231 0.090609
vt 0.308263 0.093013
vt 0.754103 0.271952
vt 0.523015 0.086081
vt 0.607188 0.087354
vt 0.085463 0.192301
vt 0.368266 0.094807
vt 0.756195 0.286284
vt 0.753882 0.292212
vt 0.751389 0.301718
vt 0.726644 0.152423
vt 0.727611 0.164890
vt 0.732195 0.173363
vt 0.752976 0.251007
vt 0.753348 0.242535
vt 0.718312 0.146972
vt 0.740412 0.190105
vt 0.734808 0.185535
vt 0.695500 0.126088
vt 0.702796 0.133144
vt 0.685212 0.119191
vt 0.556531 0.085490
vt 0.744299 0.204533
vt 0.589526 0.082902
vt 0.460898 0.086784
vt 0.751344 0.282851
vt 0.753200 0.263782
vt 0.304360 0.094366
vt 0.335045 0.104427
vt 0.721575 0.157613
vt 0.350033 0.094567
vt 0.747275 0.297981
vt 0.750113 0.218319
vt 0.335657 0.094801
vt 0.749823 0.226617
vt 0.709289 0.144337
vt 0.069304 0.219287
vt 0.073907 0.212209
vt 0.108354 0.170038
vt 0.744378 0.312103
vt 0.741141 0.323854
vt 0.531934 0.092379
vt 0.080073 0.203221
vt 0.485412 0.089929
vt 0.506752 0.089823
vt 0.734925 0.194390
vt 0.618582 0.093519
vt 0.633137 0.095468
vt 0.731899 0.332870
vt 0.113210 0.161602
vt 0.736482 0.205855
vt 0.730349 0.189088
vt 0.724194 0.176321
vt 0.737755 0.215350
vt 0.748896 0.250117
vt 0.743487 0.260967
vt 0.741762 0.220576
vt 0.737274 0.321561
vt 0.746810 0.269534
vt 0.744956 0.235031
vt 0.923616 0.149193
vt 0.931861 0.139420
vt 0.926495 0.126401
vt 0.917129 0.135317
vt 0.914194 0.149962
vt 0.914284 0.158848
vt 0.920261 0.165564
vt 0.921167 0.117701
vt 0.912599 0.174619
vt 0.910839 0.120365
vt 0.900617 0.123260
vt 0.901756 0.131797
vt 0.903899 0.166146
vt 0.902402 0.152063
vt 0.880947 0.128971
vt 0.888218 0.139729
vt 0.895176 0.144534
vt 0.891023 0.155776
vt 0.903622 0.180588
vt 0.882448 0.137456
vt 0.870141 0.142887
vt 0.880183 0.148538
vt 0.867188 0.154107
vt 0.862837 0.150554
vt 0.876795 0.159411
vt 0.867232 0.166731
vt 0.862589 0.154677
vt 0.918190 0.104867
vt 0.875589 0.122693
vt 0.885712 0.107619
vt 0.895617 0.107580
vt 0.872188 0.117271
vt 0.862792 0.134722
vt 0.865344 0.107799
vt 0.870660 0.099541
vt 0.861526 0.121266
vt 0.886019 0.095600
vt 0.897577 0.097038
vt 0.911844 0.091186
vt 0.894212 0.080561
vt 0.900807 0.087911
vt 0.922893 0.090861
vt 0.876917 0.077385
vt 0.888647 0.068038
vt 0.931255 0.100827
vt 0.881960 0.059498
vt 0.893204 0.053253
vt 0.909631 0.059515
vt 0.912658 0.044470
vt 0.893991 0.073012
vt 0.915441 0.066916
vt 0.925055 0.054965
vt 0.927111 0.071788
vt 0.930569 0.091232
vt 0.894396 0.041642
vt 0.867748 0.083468
vt 0.871059 0.068728
vt 0.908851 0.029527
vt 0.920393 0.032518
vt 0.928801 0.036382
vt 0.930831 0.118444
vt 0.931587 0.060053
vt 0.933059 0.077704
vt 0.902658 0.026472
vt 0.937163 0.055131
vt 0.918252 0.020470
vt 0.910702 0.012292
vt 0.859138 0.139783
vt 0.887978 0.168327
vt 0.876043 0.169235
vt 0.895573 0.189613
vt 0.882184 0.181678
vt 0.905665 0.193635
vt 0.912103 0.190888
vt 0.919966 0.179823
vt 0.929417 0.154877
vt 0.927087 0.166757
vt 0.877055 0.187811
vt 0.910173 0.202694
vt 0.939191 0.108603
vt 0.917769 0.200710
vt 0.895943 0.204243
vt 0.876147 0.192238
vt 0.912641 0.212325
vt 0.937973 0.126484
vt 0.883037 0.205630
vt 0.923113 0.196576
vt 0.929246 0.181803
vt 0.903031 0.220375
vt 0.941686 0.085085
vt 0.905800 0.239074
vt 0.922274 0.210461
vt 0.918483 0.222621
vt 0.891365 0.216491
vt 0.891731 0.239947
vt 0.898725 0.253535
vt 0.905342 0.266992
vt 0.913307 0.256014
vt 0.917969 0.239284
vt 0.920663 0.252456
vt 0.923410 0.238590
vt 0.915927 0.269464
vt 0.913226 0.285111
vt 0.928175 0.226114
vt 0.946798 0.098306
vt 0.902466 0.282219
vt 0.909639 0.295282
vt 0.932562 0.168782
vt 0.934877 0.155505
vt 0.923928 0.267270
vt 0.929399 0.208824
vt 0.922697 0.285297
vt 0.929260 0.255833
vt 0.941236 0.137637
vt 0.932847 0.240294
vt 0.917471 0.300827
vt 0.912404 0.305690
vt 0.904711 0.306920
vt 0.939047 0.169816
vt 0.929054 0.273472
vt 0.949322 0.113014
vt 0.938661 0.191898
vt 0.934198 0.223658
vt 0.934140 0.286988
vt 0.929618 0.295415
vt 0.924548 0.308489
vt 0.939582 0.253621
vt 0.936120 0.270135
vt 0.916557 0.317735
vt 0.939431 0.303104
vt 0.935905 0.311783
vt 0.928704 0.324559
vt 0.909071 0.318688
vt 0.923686 0.336801
vt 0.942111 0.330944
vt 0.913784 0.330419
vt 0.932194 0.341760
vt 0.930142 0.352951
vt 0.921002 0.341975
vt 0.943095 0.347991
vt 0.937860 0.350752
vt 0.936589 0.372956
vt 0.923210 0.356539
vt 0.946185 0.362393
vt 0.942085 0.382806
vt 0.949322 0.378697
vt 0.946478 0.397906
vt 0.938030 0.396155
vt 0.940249 0.408999
vt 0.935560 0.386142
vt 0.924672 0.413690
vt 0.930653 0.427291
vt 0.915871 0.436037
vt 0.916643 0.463521
vt 0.932503 0.449712
vt 0.939956 0.429813
vt 0.214222 0.640624
vt 0.230379 0.640240
vt 0.220112 0.646470
vt 0.204744 0.645635
vt 0.232801 0.647022
vt 0.257856 0.642322
vt 0.249487 0.647156
vt 0.238405 0.636769
vt 0.258621 0.653476
vt 0.275203 0.650604
vt 0.278834 0.644542
vt 0.237326 0.652564
vt 0.289639 0.647515
vt 0.285348 0.653193
vt 0.272016 0.655720
vt 0.218210 0.650832
vt 0.198160 0.650866
vt 0.290517 0.638564
vt 0.300867 0.641282
vt 0.302746 0.632907
vt 0.311846 0.633990
vt 0.262652 0.636114
vt 0.311049 0.642217
vt 0.329012 0.632824
vt 0.284391 0.633005
vt 0.223301 0.634217
vt 0.314486 0.624480
vt 0.243599 0.631151
vt 0.322601 0.626576
vt 0.231413 0.629781
vt 0.186723 0.646262
vt 0.180398 0.654932
vt 0.206312 0.637168
vt 0.190597 0.656442
vt 0.307447 0.646701
vt 0.325840 0.642870
vt 0.335159 0.634859
vt 0.162610 0.655891
vt 0.161566 0.661235
vt 0.162057 0.667253
vt 0.177862 0.665095
vt 0.261000 0.660726
vt 0.240919 0.659068
vt 0.195655 0.658886
vt 0.211970 0.656741
vt 0.341513 0.638891
vt 0.349851 0.633662
vt 0.299994 0.652157
vt 0.275100 0.661771
vt 0.147262 0.667991
vt 0.234525 0.662560
vt 0.357414 0.639219
vt 0.341159 0.646449
vt 0.319757 0.654549
vt 0.257887 0.667178
vt 0.286831 0.660943
vt 0.150034 0.675869
vt 0.164830 0.673948
vt 0.181354 0.670732
vt 0.211165 0.662025
vt 0.197906 0.670179
vt 0.236568 0.672535
vt 0.133977 0.677997
vt 0.276600 0.668942
vt 0.270321 0.674222
vt 0.211168 0.670057
vt 0.159369 0.681622
vt 0.169870 0.680581
vt 0.258935 0.675340
vt 0.186224 0.681004
vt 0.142329 0.681692
vt 0.147471 0.686288
vt 0.177146 0.693784
vt 0.203988 0.682960
vt 0.194082 0.694937
vt 0.213342 0.681374
vt 0.233526 0.680064
vt 0.244569 0.684555
vt 0.212662 0.696420
vt 0.219811 0.693044
vt 0.233621 0.690436
vt 0.157687 0.692863
vt 0.193415 0.705451
vt 0.179919 0.705039
vt 0.284414 0.673219
vt 0.266080 0.686501
vt 0.167423 0.704226
vt 0.276512 0.684890
vt 0.132252 0.690686
vt 0.140069 0.692631
vt 0.293903 0.687263
vt 0.302030 0.678133
vt 0.305522 0.684655
vt 0.319978 0.680479
vt 0.329571 0.692918
vt 0.323055 0.700927
vt 0.302639 0.695637
vt 0.336747 0.699769
vt 0.200502 0.715061
vt 0.219628 0.705573
vt 0.330550 0.708867
vt 0.260459 0.693773
vt 0.189759 0.713935
vt 0.174966 0.712617
vt 0.285979 0.695650
vt 0.246528 0.694297
vt 0.150446 0.700846
vt 0.338452 0.709294
vt 0.228871 0.705764
vt 0.323720 0.713370
vt 0.273117 0.697982
vt 0.297666 0.705236
vt 0.164403 0.714529
vt 0.225971 0.719170
vt 0.145281 0.713753
vt 0.135286 0.707730
vt 0.176701 0.720478
vt 0.253849 0.704617
vt 0.128492 0.701469
vt 0.267634 0.706623
vt 0.287348 0.711029
vt 0.191120 0.722170
vt 0.154981 0.723779
vt 0.303632 0.714345
vt 0.234767 0.713085
vt 0.337153 0.720587
vt 0.217623 0.726819
vt 0.204291 0.724415
vt 0.139996 0.724684
vt 0.344188 0.716651
vt 0.162587 0.729710
vt 0.125231 0.686024
vt 0.119493 0.698100
vt 0.182381 0.727747
vt 0.118507 0.710278
vt 0.305327 0.719947
vt 0.287725 0.718455
vt 0.272820 0.715188
vt 0.232656 0.729976
vt 0.127810 0.727949
vt 0.119093 0.721661
vt 0.146717 0.732205
vt 0.198741 0.730380
vt 0.243962 0.723877
vt 0.259809 0.713898
vt 0.256456 0.723602
vt 0.323979 0.724908
vt 0.112165 0.703275
vt 0.132657 0.735688
vt 0.294258 0.726288
vt 0.352204 0.725302
vt 0.214344 0.739336
vt 0.108421 0.718841
vt 0.162033 0.736888
vt 0.146895 0.739103
vt 0.276988 0.725239
vt 0.338672 0.727897
vt 0.174570 0.739818
vt 0.191681 0.740439
vt 0.107457 0.730054
vt 0.244032 0.742103
vt 0.330912 0.732063
vt 0.202888 0.743410
vt 0.111219 0.736935
vt 0.101020 0.711921
vt 0.111645 0.693521
vt 0.311660 0.733804
vt 0.098837 0.724320
vt 0.164326 0.747717
vt 0.151660 0.750721
vt 0.228625 0.745831
vt 0.262808 0.741681
vt 0.282053 0.734685
vt 0.297529 0.739018
vt 0.136170 0.748555
vt 0.111274 0.747588
vt 0.354762 0.731725
vt 0.343993 0.736738
vt 0.120583 0.748475
vt 0.093834 0.739250
vt 0.216422 0.751857
vt 0.184921 0.754281
vt 0.097695 0.746993
vt 0.243436 0.752945
vt 0.252625 0.749119
vt 0.264197 0.750115
vt 0.291442 0.746868
vt 0.096452 0.705029
vt 0.090771 0.731754
vt 0.323070 0.743149
vt 0.207516 0.757498
vt 0.137248 0.757961
vt 0.168475 0.759626
vt 0.088682 0.718466
vt 0.081617 0.724631
vt 0.335652 0.744198
vt 0.227881 0.758707
vt 0.154670 0.764628
vt 0.140268 0.766455
vt 0.193759 0.762933
vt 0.121998 0.680381
vt 0.077687 0.714890
vt 0.096577 0.694409
vt 0.132639 0.671525
vt 0.108251 0.685186
vt 0.089068 0.703689
vt 0.080610 0.703415
vt 0.064637 0.713108
vt 0.063368 0.723435
vt 0.049140 0.721638
vt 0.038828 0.714106
vt 0.035515 0.719034
vt 0.514892 0.603936
vt 0.527603 0.601125
vt 0.519277 0.613025
vt 0.542155 0.607800
vt 0.503497 0.611827
vt 0.502549 0.605478
vt 0.510262 0.617743
vt 0.524802 0.620956
vt 0.535382 0.618587
vt 0.560337 0.608826
vt 0.557775 0.614066
vt 0.567207 0.622805
vt 0.578935 0.613637
vt 0.555615 0.628258
vt 0.587853 0.625445
vt 0.595348 0.616894
vt 0.590576 0.606993
vt 0.604923 0.607159
vt 0.602274 0.599921
vt 0.493892 0.615640
vt 0.482044 0.610722
vt 0.477445 0.618618
vt 0.469469 0.615097
vt 0.498443 0.623149
vt 0.521010 0.627484
vt 0.611276 0.619835
vt 0.596799 0.628574
vt 0.542887 0.631437
vt 0.561925 0.636362
vt 0.480564 0.625251
vt 0.576466 0.639528
vt 0.454013 0.626005
vt 0.447094 0.619171
vt 0.436831 0.631695
vt 0.426766 0.625163
vt 0.596293 0.638179
vt 0.500183 0.632451
vt 0.515223 0.635285
vt 0.540007 0.639049
vt 0.456978 0.630557
vt 0.605614 0.635589
vt 0.423673 0.634483
vt 0.413552 0.632514
vt 0.399813 0.627042
vt 0.394841 0.633402
vt 0.570743 0.646953
vt 0.559922 0.644004
vt 0.375659 0.631357
vt 0.372397 0.641445
vt 0.377034 0.648978
vt 0.536869 0.648791
vt 0.516499 0.646704
vt 0.498237 0.643780
vt 0.482348 0.634814
vt 0.440498 0.639246
vt 0.404192 0.647361
vt 0.379106 0.660212
vt 0.583766 0.647723
vt 0.562068 0.654850
vt 0.459295 0.642757
vt 0.486292 0.646523
vt 0.429270 0.647555
vt 0.359505 0.649661
vt 0.523324 0.658608
vt 0.541126 0.662991
vt 0.386202 0.664904
vt 0.504499 0.661858
vt 0.449306 0.657454
vt 0.433478 0.663901
vt 0.411337 0.665719
vt 0.389910 0.675541
vt 0.360218 0.658568
vt 0.480586 0.663256
vt 0.576962 0.663400
vt 0.521731 0.667926
vt 0.590026 0.657491
vt 0.376045 0.671580
vt 0.441823 0.673835
vt 0.566011 0.664649
vt 0.359651 0.670631
vt 0.457360 0.673139
vt 0.609187 0.650560
vt 0.519334 0.673181
vt 0.430527 0.679220
vt 0.552554 0.673675
vt 0.411276 0.691703
vt 0.350932 0.665001
vt 0.381056 0.683317
vt 0.484748 0.673409
vt 0.359121 0.682866
vt 0.592101 0.665905
vt 0.437316 0.687317
vt 0.455008 0.682655
vt 0.341950 0.687687
vt 0.336876 0.681789
vt 0.349863 0.695436
vt 0.368916 0.689906
vt 0.401521 0.696369
vt 0.371500 0.696350
vt 0.517390 0.679879
vt 0.486686 0.681384
vt 0.467191 0.682185
vt 0.357692 0.702848
vt 0.569659 0.676951
vt 0.604396 0.663956
vt 0.587932 0.675769
vt 0.410281 0.707456
vt 0.361740 0.713718
vt 0.345825 0.706506
vt 0.550438 0.685773
vt 0.385741 0.709320
vt 0.335342 0.670355
vt 0.534140 0.689038
vt 0.514080 0.685522
vt 0.601359 0.674397
vt 0.620176 0.655297
vt 0.380989 0.719173
vt 0.393258 0.720875
vt 0.616154 0.668516
vt 0.621578 0.642564
vt 0.312827 0.663545
vt 0.306070 0.667877
vt 0.485774 0.687159
vt 0.354302 0.718290
vt 0.590307 0.687006
vt 0.578681 0.692694
vt 0.608494 0.689749
vt 0.629486 0.684966
vt 0.369880 0.725664
vt 0.442635 0.692679
vt 0.466903 0.689387
vt 0.622000 0.689898
vt 0.653751 0.697923
vt 0.647011 0.688103
vt 0.537899 0.694403
vt 0.670535 0.690679
vt 0.675222 0.703851
vt 0.558164 0.698818
vt 0.570621 0.697622
vt 0.381463 0.726106
vt 0.514659 0.691343
vt 0.490626 0.696973
vt 0.680554 0.694033
vt 0.629424 0.698458
vt 0.597902 0.697953
vt 0.477122 0.696144
vt 0.614549 0.701183
vt 0.661717 0.705935
vt 0.689247 0.708039
vt 0.469644 0.695895
vt 0.520248 0.700642
vt 0.504706 0.698634
vt 0.581217 0.702713
vt 0.454802 0.697615
vt 0.439242 0.703137
vt 0.634641 0.710350
vt 0.623084 0.708833
vt 0.414502 0.713589
vt 0.541770 0.702514
vt 0.658718 0.713932
vt 0.675683 0.716478
vt 0.605099 0.705135
vt 0.390376 0.731680
vt 0.556593 0.707298
vt 0.418015 0.717641
vt 0.595156 0.709145
vt 0.374569 0.733309
vt 0.646905 0.716888
vt 0.406383 0.726952
vt 0.579172 0.709278
vt 0.692861 0.721030
vt 0.699266 0.712705
vt 0.617910 0.716487
vt 0.682225 0.723495
vt 0.659041 0.721979
vt 0.634274 0.720084
vt 0.533752 0.706580
vt 0.705832 0.724264
vt 0.715653 0.717020
vt 0.726193 0.727620
vt 0.731112 0.723009
vt 0.569660 0.710921
vt 0.359282 0.738680
vt 0.378967 0.738701
vt 0.604041 0.714580
vt 0.691458 0.728472
vt 0.394738 0.736594
vt 0.442904 0.708957
vt 0.421714 0.724000
vt 0.411067 0.733366
vt 0.712702 0.737401
vt 0.589948 0.714494
vt 0.739325 0.732308
vt 0.746152 0.727325
vt 0.732500 0.737363
vt 0.654785 0.731275
vt 0.640529 0.730164
vt 0.720816 0.743891
vt 0.670061 0.732633
vt 0.750019 0.736702
vt 0.737504 0.745736
vt 0.754177 0.748409
vt 0.761260 0.741657
vt 0.741866 0.752245
vt 0.766480 0.749780
vt 0.769137 0.738859
vt 0.779334 0.749211
vt 0.783322 0.740379
vt 0.794587 0.754074
vt 0.800650 0.747400
vt 0.788089 0.759079
vt 0.804070 0.766455
vt 0.262894 0.606265
vt 0.259777 0.610230
vt 0.263767 0.610230
vn -0.496369 -0.801604 0.319570
vn -0.325679 -0.896960 0.275121
vn -0.317824 -0.867137 0.362988
vn -0.478589 -0.776866 0.396601
vn -0.353701 -0.809144 0.454871
vn -0.315345 -0.919954 0.196982
vn -0.472552 -0.722286 0.500084
vn -0.609364 -0.726566 0.317455
vn -0.366814 -0.783455 0.494473
vn -0.452809 -0.690746 0.556560
vn -0.307814 -0.785084 0.532810
vn -0.225583 -0.848242 0.473714
vn -0.068931 -0.857382 0.477346
vn -0.094994 -0.906293 0.378990
vn 0.082844 -0.896687 0.403883
vn -0.308221 -0.706912 0.627321
vn -0.399014 -0.668152 0.622123
vn -0.006476 -0.833798 0.524650
vn -0.082787 -0.941561 0.263178
vn -0.236544 -0.697330 0.669535
vn 0.064346 -0.777823 0.592277
vn 0.018441 -0.963543 0.150025
vn 0.207744 -0.880533 0.399936
vn 0.273222 -0.876169 0.360705
vn -0.316433 -0.929885 0.105383
vn 0.236686 -0.916150 0.297894
vn 0.414068 -0.852515 0.281524
vn 0.285105 -0.851299 0.409169
vn -0.021194 -0.975388 0.073459
vn 0.265519 -0.934905 0.199863
vn -0.293822 -0.658348 0.685666
vn -0.049839 -0.749880 0.642220
vn -0.237867 -0.726804 0.627251
vn 0.075664 -0.811152 0.546867
vn 0.287718 -0.792787 0.497909
vn 0.397310 -0.808680 0.401750
vn -0.069892 -0.812469 0.568278
vn -0.225293 -0.764617 0.589580
vn 0.185033 -0.843183 0.474981
vn 0.019714 -0.849978 0.511195
vn 0.410857 -0.829301 0.316448
vn 0.148192 -0.879388 0.415390
vn -0.203183 -0.793803 0.548710
vn 0.026453 -0.885232 0.443495
vn 0.352101 -0.878688 0.265204
vn 0.123174 -0.885565 0.399177
vn -0.188640 -0.802864 0.548975
vn -0.062944 -0.839414 0.521333
vn 0.244077 -0.882232 0.325384
vn 0.193055 -0.888529 0.360128
vn 0.015014 -0.860624 0.490751
vn -0.009813 -0.824578 0.532177
vn 0.313694 -0.887872 0.251727
vn 0.306975 -0.897807 0.189687
vn -0.037186 -0.827897 0.541291
vn 0.149929 -0.916780 0.312255
vn -0.065697 -0.817140 0.559394
vn 0.353166 -0.843385 0.394939
vn 0.095279 -0.918017 0.337599
vn 0.175023 -0.962667 0.099665
vn -0.015766 -0.844837 0.517689
vn 0.150044 -0.973498 0.139579
vn -0.105274 -0.749810 0.648542
vn -0.048177 -0.760732 0.642524
vn 0.045583 -0.895549 0.380767
vn 0.017964 -0.894926 0.373367
vn -0.047405 -0.805492 0.582534
vn -0.012184 -0.968579 0.146033
vn -0.101234 -0.957881 0.173710
vn -0.109784 -0.780469 0.602874
vn -0.226104 -0.733793 0.634967
vn -0.055000 -0.713213 0.695242
vn -0.114892 -0.872727 0.446702
vn -0.173625 -0.739283 0.645760
vn -0.174028 -0.706918 0.681864
vn -0.107879 -0.733274 0.669778
vn -0.104055 -0.821617 0.546553
vn -0.153863 -0.934717 0.275682
vn -0.104831 -0.802673 0.570222
vn -0.213575 -0.916351 0.313548
vn -0.079155 -0.710501 0.696338
vn -0.123846 -0.873302 0.453367
vn -0.003419 -0.706667 0.698996
vn 0.049458 -0.766633 0.626229
vn -0.078179 -0.904892 0.400563
vn -0.020778 -0.886271 0.459879
vn -0.103306 -0.931323 0.323616
vn -0.068284 -0.914579 0.396892
vn -0.026653 -0.664539 0.740570
vn -0.309643 -0.715624 0.620902
vn -0.184934 -0.944702 0.244505
vn -0.084507 -0.940499 0.326947
vn -0.110346 -0.694090 0.709866
vn -0.060637 -0.675720 0.732668
vn -0.241308 -0.930378 0.233719
vn -0.151777 -0.684749 0.710919
vn -0.093693 -0.660519 0.743198
vn -0.285668 -0.664492 0.685383
vn -0.112888 -0.677896 0.725683
vn -0.093148 -0.662821 0.741485
vn -0.272357 -0.636439 0.718237
vn 0.127353 -0.612201 0.775582
vn -0.423942 -0.669388 0.599633
vn -0.085691 -0.631270 0.767432
vn -0.108885 -0.638591 0.760014
vn -0.070838 -0.590599 0.798627
vn -0.051175 -0.633033 0.769833
vn -0.088081 -0.616277 0.782587
vn -0.237988 -0.617584 0.746554
vn 0.051203 -0.613888 0.784199
vn -0.374784 -0.635039 0.669982
vn 0.164048 -0.617222 0.766583
vn -0.108101 -0.588374 0.798087
vn -0.181968 -0.602038 0.775578
vn -0.447658 -0.635185 0.619788
vn -0.365452 -0.615641 0.693901
vn -0.202662 -0.541172 0.813240
vn -0.436994 -0.619402 0.649035
vn -0.243499 -0.536260 0.805590
vn -0.439313 -0.604396 0.659735
vn 0.021627 -0.576472 0.816811
vn -0.331675 -0.541414 0.769842
vn -0.388274 -0.553784 0.732306
vn -0.387206 -0.592395 0.704518
vn -0.086429 -0.534625 0.839600
vn -0.456219 -0.554010 0.693421
vn 0.227813 -0.956098 0.153156
vn 0.519281 -0.771750 0.306275
vn -0.308626 -0.511017 0.800189
vn -0.449365 -0.571614 0.684742
vn 0.181509 -0.566780 0.802950
vn 0.190471 -0.583970 0.789113
vn -0.476193 -0.609602 0.630451
vn 0.156159 -0.541139 0.826155
vn -0.091597 -0.498223 0.862101
vn -0.445188 -0.545358 0.709076
vn -0.450464 -0.580218 0.674324
vn -0.467750 -0.582115 0.663742
vn 0.458481 -0.831699 0.285835
vn -0.500419 -0.603991 0.619102
vn 0.534475 -0.806728 0.177677
vn -0.524169 -0.639189 0.562385
vn -0.258894 -0.467245 0.845120
vn -0.401510 -0.498441 0.767369
vn -0.518579 -0.599715 0.609259
vn 0.355806 -0.916858 0.127697
vn -0.497577 -0.545468 0.673748
vn -0.511222 -0.567761 0.644297
vn 0.559122 -0.773974 0.249330
vn -0.365579 -0.482717 0.795659
vn 0.478175 -0.853846 0.154080
vn -0.490354 -0.525375 0.695235
vn -0.503537 -0.526582 0.684494
vn -0.460476 -0.506662 0.728681
vn -0.335418 -0.920968 0.100872
vn 0.000713 -0.974086 0.094412
vn -0.100783 -0.961679 0.210448
vn -0.307887 -0.900810 0.250209
vn 0.014400 -0.940315 0.307081
vn 0.516091 -0.825973 0.187319
vn 0.370263 -0.912336 0.073329
vn 0.337856 -0.922941 0.063645
vn 0.168876 -0.963441 0.188344
vn 0.623297 -0.731963 0.240231
vn 0.438022 -0.874530 0.149000
vn 0.551033 -0.784279 0.260239
vn 0.540269 -0.799354 0.242839
vn 0.528777 -0.835096 0.048303
vn -0.510889 -0.840729 0.154230
vn -0.501181 -0.819043 0.260747
vn -0.260046 -0.872410 0.365483
vn -0.506385 -0.777685 0.362266
vn -0.316716 -0.802778 0.459859
vn -0.485457 -0.746379 0.452618
vn -0.461801 -0.718234 0.513631
vn -0.520358 -0.690134 0.501449
vn -0.302646 -0.699639 0.604753
vn -0.538490 -0.732059 0.416833
vn -0.546469 -0.767123 0.332218
vn -0.539137 -0.667137 0.513093
vn -0.506793 -0.695150 0.507917
vn -0.569032 -0.780052 0.254693
vn 0.571432 -0.808477 0.088171
vn -0.517224 -0.851197 0.085671
vn 0.597663 -0.774505 0.197752
vn 0.586771 -0.799271 0.096381
vn 0.604055 -0.781433 0.083846
vn 0.609175 -0.782418 0.048199
vn 0.551211 -0.803070 0.200328
vn 0.652556 -0.732296 0.187973
vn 0.618538 -0.756962 0.203965
vn 0.609324 -0.771763 0.163321
vn 0.620573 -0.779923 0.016255
vn 0.642703 -0.753772 0.132353
vn 0.689792 -0.702325 0.171744
vn 0.670245 -0.715773 0.166774
vn 0.686604 -0.723650 0.057729
vn 0.710756 -0.683609 0.165408
vn 0.675177 -0.733005 0.067480
vn 0.714095 -0.697805 0.051826
vn 0.723433 -0.675698 0.123540
vn -0.650866 -0.674068 -0.340664
vn -0.583970 -0.727462 -0.329563
vn -0.653080 -0.618553 -0.432318
vn -0.533159 -0.754515 -0.356500
vn -0.554790 -0.770697 -0.276373
vn -0.656889 -0.695255 -0.289270
vn -0.545300 -0.786826 -0.212003
vn -0.726430 -0.629251 -0.271004
vn -0.712416 -0.657580 -0.234673
vn -0.732329 -0.635518 -0.242445
vn -0.563193 -0.805586 -0.128005
vn -0.663152 -0.719446 -0.184057
vn -0.503826 -0.754884 -0.391590
vn -0.632760 -0.609342 -0.477826
vn -0.290118 -0.918906 -0.206579
vn -0.384198 -0.868373 -0.289392
vn -0.608901 -0.785812 0.039356
vn -0.351834 -0.891225 -0.254731
vn -0.422951 -0.859435 -0.281779
vn -0.322744 -0.930809 -0.122802
vn -0.287930 -0.936678 -0.169806
vn -0.431131 -0.877056 -0.201210
vn -0.333839 -0.933105 -0.086996
vn -0.443509 -0.890646 -0.032288
vn -0.417277 -0.900159 -0.067786
vn -0.466657 -0.870542 -0.135585
vn -0.199486 -0.963217 -0.156346
vn -0.191000 -0.963255 -0.182994
vn -0.352705 -0.930833 0.052041
vn -0.165179 -0.975974 -0.121260
vn -0.299917 -0.940015 -0.106648
vn -0.554049 -0.820699 0.038052
vn -0.386898 -0.905234 -0.084488
vn -0.221353 -0.956874 -0.168630
vn -0.273255 -0.942042 -0.170220
vn -0.193332 -0.965288 -0.164501
vn -0.156312 -0.971172 -0.022616
vn -0.228897 -0.947349 0.150853
vn -0.140855 -0.984874 -0.086143
vn -0.096002 -0.990443 -0.088867
vn -0.158730 -0.980379 0.062360
vn -0.363449 -0.927493 0.029663
vn -0.357809 -0.920000 -0.099894
vn -0.441493 -0.858460 -0.244067
vn -0.405050 -0.863600 -0.295678
vn -0.376435 -0.883331 -0.255343
vn -0.278300 -0.956217 -0.021943
vn -0.350733 -0.925454 -0.110543
vn -0.376789 -0.879014 -0.268926
vn -0.331439 -0.935213 -0.074368
vn -0.268038 -0.907873 -0.292395
vn -0.218782 -0.959908 -0.131841
vn -0.348204 -0.935549 0.017543
vn -0.209616 -0.918022 -0.323702
vn -0.404649 -0.848636 -0.339320
vn -0.363688 -0.856008 -0.365154
vn -0.283177 -0.955349 0.038327
vn -0.460838 -0.865792 0.067589
vn -0.254982 -0.959478 0.074391
vn -0.144694 -0.959272 -0.186170
vn -0.117195 -0.916097 -0.375290
vn -0.298260 -0.944179 0.099840
vn -0.205332 -0.976247 0.021006
vn -0.172967 -0.982595 -0.032767
vn -0.303708 -0.941057 0.127271
vn -0.116684 -0.991462 -0.031524
vn -0.268739 -0.956665 0.084266
vn -0.277094 -0.937423 0.192400
vn -0.141605 -0.978786 0.088275
vn -0.194333 -0.961251 0.166992
vn -0.071139 -0.974742 -0.133531
vn -0.072634 -0.996088 -0.013980
vn 0.001831 -0.998306 -0.002257
vn 0.031506 -0.991818 -0.046789
vn -0.019772 -0.932754 -0.356945
vn -0.403825 -0.884438 0.142379
vn -0.177929 -0.961915 0.202783
vn -0.232818 -0.948230 0.191181
vn -0.400149 -0.901249 0.142777
vn -0.576988 -0.803406 0.111489
vn -0.182007 -0.920709 0.282576
vn -0.460170 -0.855949 0.212155
vn -0.109449 -0.966524 0.222185
vn -0.057657 -0.961116 0.251724
vn 0.099479 -0.989342 0.059783
vn 0.112648 -0.992754 -0.003069
vn 0.097439 -0.935661 0.283207
vn -0.603606 -0.769765 0.190286
vn -0.411321 -0.867996 0.275339
vn -0.503164 -0.823752 0.246383
vn -0.214849 -0.906528 0.315192
vn -0.370635 -0.883364 0.282147
vn -0.140013 -0.915852 0.342914
vn -0.184223 -0.908051 0.349885
vn -0.378282 -0.872447 0.303657
vn -0.204150 -0.902004 0.360069
vn -0.347806 -0.876199 0.330052
vn -0.195839 -0.909005 0.345792
vn -0.374042 -0.868865 0.320932
vn -0.162140 -0.905780 0.370699
vn -0.358326 -0.857018 0.365019
vn 0.163714 -0.982915 0.018290
vn -0.325850 -0.851833 0.401389
vn -0.108066 -0.893524 0.418212
vn -0.194567 -0.852122 0.469102
vn -0.333183 -0.823434 0.448827
vn -0.328102 -0.808982 0.475903
vn -0.084660 -0.861368 0.476890
vn -0.121851 -0.851010 0.492729
vn -0.296017 -0.786978 0.531576
vn -0.162498 -0.813349 0.545678
vn -0.283792 -0.705363 0.635535
vn -0.547319 -0.768337 0.276758
vn -0.536915 -0.763769 0.305361
vn -0.569178 -0.736370 0.320566
vn -0.413384 -0.856894 0.307923
vn -0.423249 -0.860636 0.281814
vn -0.491011 -0.811252 0.282393
vn -0.580962 -0.717599 0.351322
vn -0.443685 -0.854665 0.264711
vn 0.190334 -0.968125 -0.097783
vn 0.246538 -0.952500 -0.070692
vn 0.285047 -0.955514 0.003679
vn 0.327711 -0.936861 0.046097
vn -0.459840 -0.718438 0.516324
vn -0.521104 -0.742821 0.412286
vn 0.295955 -0.948002 -0.081346
vn -0.175078 -0.762346 0.608834
vn -0.071439 -0.753911 0.640750
vn -0.135155 -0.684004 0.710481
vn -0.475905 -0.640870 0.590494
vn -0.508692 -0.521489 0.673877
vn -0.356324 -0.574554 0.726152
vn 0.381947 -0.919390 -0.058501
vn -0.521433 -0.721116 0.452138
vn 0.468099 -0.871102 -0.052657
vn 0.530823 -0.837172 -0.019498
vn -0.632491 -0.680700 0.362554
vn -0.620255 -0.778986 0.081983
vn -0.628315 -0.775114 0.063371
vn -0.652667 -0.742917 0.135362
vn 0.368958 -0.875991 -0.307522
vn -0.689461 -0.697096 0.196615
vn -0.700064 -0.676315 0.225365
vn -0.702306 -0.660400 0.265661
vn -0.694886 -0.658256 0.289229
vn -0.693888 -0.649071 0.311380
vn 0.593944 -0.800652 -0.074167
vn 0.632741 -0.770998 -0.041777
vn 0.560440 -0.807691 -0.158947
vn 0.284985 -0.878882 -0.376180
vn -0.228465 -0.863894 -0.448877
vn 0.706981 -0.582380 -0.394228
vn 0.712572 -0.618915 -0.314611
vn 0.671243 -0.692501 -0.253612
vn 0.694638 -0.614001 -0.366792
vn 0.649367 -0.705406 -0.266546
vn 0.658639 -0.634959 -0.399329
vn 0.605007 -0.706400 -0.360568
vn 0.585225 -0.772282 -0.235047
vn 0.608075 -0.668845 -0.427024
vn 0.747837 -0.514734 -0.415385
vn 0.704523 -0.532341 -0.467407
vn 0.794507 -0.487375 -0.359814
vn 0.718278 -0.496272 -0.485012
vn 0.791510 -0.531689 -0.296742
vn 0.729657 -0.636575 -0.230118
vn 0.556799 -0.740902 -0.370384
vn 0.774624 -0.593874 -0.201732
vn 0.691437 -0.702960 -0.147575
vn 0.636666 -0.752148 -0.153759
vn 0.812963 -0.508740 -0.279854
vn 0.812683 -0.548398 -0.190027
vn 0.618423 -0.770797 -0.137510
vn 0.763776 -0.631820 -0.087853
vn 0.701865 -0.703291 -0.085597
vn 0.811193 -0.478964 -0.334605
vn 0.847327 -0.476662 -0.230023
vn 0.838013 -0.452940 -0.301702
vn 0.809736 -0.441908 -0.382236
vn 0.828357 -0.444209 -0.339552
vn 0.786087 -0.459800 -0.410970
vn 0.748712 -0.462875 -0.472314
vn 0.793464 -0.406240 -0.450002
vn 0.846270 -0.396897 -0.351498
vn 0.867119 -0.392188 -0.304067
vn 0.866750 -0.429970 -0.250420
vn 0.708592 -0.475439 -0.521297
vn 0.714299 -0.464282 -0.523640
vn 0.842392 -0.510436 -0.165087
vn 0.808473 -0.582113 -0.062622
vn 0.870002 -0.449609 -0.197434
vn 0.843750 -0.522156 -0.109750
vn 0.884093 -0.385775 -0.260670
vn 0.897871 -0.374198 -0.225074
vn 0.893936 -0.418103 -0.150570
vn 0.859623 -0.495450 -0.118344
vn 0.890762 -0.319309 -0.320213
vn 0.902225 -0.303358 -0.301880
vn 0.824404 -0.352520 -0.442227
vn 0.853747 -0.514647 -0.060603
vn 0.816125 -0.574043 -0.026486
vn 0.735249 -0.668627 0.033966
vn 0.918425 -0.346877 -0.181926
vn 0.920402 -0.289838 -0.257919
vn 0.878920 -0.467504 -0.074277
vn 0.914844 -0.375854 -0.143472
vn 0.903237 -0.410826 -0.098946
vn 0.846300 -0.525915 -0.015515
vn 0.888938 -0.451981 -0.038871
vn 0.832626 -0.549250 -0.010132
vn 0.787888 -0.607937 0.029617
vn 0.674454 -0.728589 0.005266
vn 0.932115 -0.325016 -0.154890
vn 0.862255 -0.490664 0.054412
vn 0.753959 -0.646963 0.072991
vn 0.734387 -0.663383 0.096161
vn 0.923344 -0.375992 -0.041584
vn 0.930981 -0.321399 -0.170749
vn 0.948401 -0.293100 -0.103377
vn 0.915967 -0.281698 -0.283240
vn 0.942175 -0.318186 0.007092
vn 0.765330 -0.631346 0.080321
vn 0.749706 -0.646487 0.098551
vn 0.723195 -0.675528 0.118275
vn 0.599774 -0.790327 -0.041382
vn 0.899435 -0.412564 0.104477
vn 0.761739 -0.631330 0.130109
vn 0.591164 -0.770692 0.164960
vn 0.618614 -0.778869 0.013015
vn 0.943854 -0.283876 -0.167737
vn 0.779400 -0.594911 0.176650
vn 0.573594 -0.806807 -0.118918
vn 0.632193 -0.736291 0.192407
vn 0.928270 -0.256005 -0.269737
vn 0.596644 -0.746777 0.221516
vn 0.655143 -0.716214 0.224527
vn 0.904293 -0.261827 -0.337101
vn 0.951170 -0.289663 0.063358
vn 0.978361 -0.203500 -0.037041
vn 0.784947 -0.554553 0.254879
vn 0.625256 -0.731425 0.238695
vn 0.892165 -0.398613 0.189117
vn 0.555573 -0.822935 0.003134
vn 0.546583 -0.833852 -0.036636
vn 0.657684 -0.713292 0.225009
vn 0.541553 -0.789498 -0.277599
vn 0.736082 -0.641688 0.214641
vn 0.508989 -0.849293 -0.121462
vn 0.582840 -0.771678 0.238382
vn 0.470833 -0.807406 0.312843
vn 0.919298 -0.352310 0.167976
vn 0.782461 -0.555215 0.258967
vn 0.526988 -0.834913 0.125705
vn 0.880376 -0.424775 0.201389
vn 0.793745 -0.554690 0.231672
vn 0.889066 -0.405891 0.196342
vn 0.812082 -0.513824 0.258872
vn 0.906804 -0.381955 0.177038
vn 0.735490 -0.620948 0.270492
vn 0.727967 -0.634417 0.259556
vn 0.712676 -0.636593 0.293033
vn 0.536895 -0.766437 0.325593
vn 0.532438 -0.819825 0.187584
vn 0.804573 -0.518561 0.276246
vn 0.753704 -0.572258 0.320338
vn 0.859218 -0.442902 0.250637
vn 0.820831 -0.486299 0.283747
vn 0.464088 -0.849870 0.207005
vn 0.483928 -0.871959 0.009279
vn 0.456157 -0.885624 0.004070
vn 0.482739 -0.872042 0.068213
vn 0.811931 -0.464614 0.318049
vn 0.923779 -0.336974 0.180149
vn 0.925672 -0.333269 0.179015
vn 0.928523 -0.327066 0.175576
vn 0.419304 -0.890407 0.152306
vn 0.420583 -0.897266 0.123876
vn 0.395799 -0.900530 0.137742
vn 0.430443 -0.897116 0.022834
vn 0.455867 -0.879683 -0.115232
vn 0.396643 -0.914244 -0.047133
vn 0.346731 -0.923635 0.131212
vn 0.492402 -0.849079 -0.182114
vn 0.296945 -0.944801 0.070327
vn 0.357974 -0.915453 -0.152905
vn 0.417014 -0.887303 -0.184407
vn 0.275731 -0.952744 -0.030471
vn 0.490547 -0.826319 -0.265867
vn 0.303205 -0.931577 -0.189858
vn 0.291097 -0.936951 -0.174979
vn 0.280038 -0.951305 0.026263
vn 0.296285 -0.935216 -0.168878
vn 0.289548 -0.947334 0.060920
vn 0.278296 -0.945306 -0.151072
vn 0.276374 -0.943349 0.031317
vn 0.196968 -0.964952 -0.164182
vn 0.174534 -0.952388 0.011003
vn 0.238808 -0.933137 -0.259189
vn 0.291426 -0.919495 -0.258404
vn 0.066062 -0.985872 -0.131015
vn 0.076802 -0.914088 0.133168
vn 0.380285 -0.890666 -0.246518
vn 0.397946 -0.878242 -0.265005
vn 0.113257 -0.958419 -0.239230
vn 0.307018 -0.918356 -0.249563
vn 0.292007 -0.918630 -0.265940
vn -0.052200 -0.996551 -0.037668
vn 0.056320 -0.780893 0.512577
vn -0.041874 -0.978377 -0.181397
vn 0.065663 -0.773170 0.540854
vn -0.061242 -0.921810 0.198491
vn -0.119829 -0.988268 -0.056130
vn -0.176382 -0.982988 -0.032412
vn -0.170157 -0.953115 0.081515
vn 0.228828 -0.917287 -0.322569
vn -0.040200 -0.965405 -0.244881
vn -0.264097 -0.959226 -0.076766
vn -0.243733 -0.955292 0.038029
vn -0.219526 -0.960868 -0.144123
vn -0.080841 -0.879575 0.453353
vn -0.159712 -0.952586 -0.244469
vn 0.121447 -0.934699 -0.325706
vn -0.301502 -0.951018 -0.054417
vn -0.252992 -0.932609 0.187930
vn -0.325074 -0.924662 0.164021
vn -0.138584 -0.950224 -0.271794
vn -0.283725 -0.942732 -0.161508
vn -0.301123 -0.944043 -0.132731
vn -0.309800 -0.940278 -0.139537
vn -0.228537 -0.933392 -0.275461
vn 0.066823 -0.904373 0.419759
vn 0.155961 -0.881309 0.422885
vn 0.260689 -0.834575 0.470426
vn 0.207131 -0.864247 0.448001
vn -0.008149 -0.913633 0.401666
vn 0.026982 -0.917070 0.394581
vn 0.156632 -0.902656 0.373802
vn -0.011525 -0.917143 0.395764
vn 0.135105 -0.891412 0.411990
vn 0.009003 -0.928372 0.369062
vn 0.241175 -0.865257 0.414479
vn 0.109867 -0.917387 0.344670
vn 0.011364 -0.929573 0.359698
vn -0.066224 -0.923171 0.376942
vn 0.189665 -0.907462 0.347782
vn 0.179416 -0.898736 0.375197
vn 0.021307 -0.911430 0.402927
vn 0.057978 -0.880873 0.465145
vn 0.166832 -0.877270 0.433170
vn 0.080347 -0.873394 0.477230
vn 0.171787 -0.871199 0.448087
vn 0.256683 -0.862036 0.417745
vn 0.057166 -0.865979 0.487730
vn 0.353766 -0.839639 0.377101
vn 0.197857 -0.852801 0.468770
vn -0.000936 -0.826980 0.555909
vn 0.289435 -0.849351 0.438739
vn 0.314199 -0.828648 0.459849
vn 0.125195 -0.806746 0.568484
vn 0.355603 -0.822233 0.418933
vn 0.377163 -0.843055 0.378643
vn 0.351547 -0.815114 0.458508
vn 0.337106 -0.836457 0.431204
vn 0.313497 -0.778538 0.523730
vn 0.078711 -0.740289 0.657370
vn 0.375547 -0.836977 0.396686
vn 0.375846 -0.855815 0.354918
vn 0.357158 -0.796107 0.488442
vn 0.249772 -0.751327 0.596944
vn 0.516356 -0.752512 0.387115
vn 0.428646 -0.766627 0.459786
vn 0.195837 -0.753019 0.616688
vn 0.382818 -0.792997 0.440629
vn 0.112973 -0.774627 0.610795
vn 0.349429 -0.815700 0.413800
vn 0.362376 -0.817749 0.397147
vn 0.114089 -0.757681 0.627329
vn 0.120803 -0.700504 0.682858
vn 0.267549 -0.802708 0.513359
vn 0.300357 -0.833974 0.433585
vn 0.398111 -0.878248 0.236411
vn 0.216236 -0.808709 0.516508
vn 0.290030 -0.882873 0.355352
vn 0.079998 -0.725813 0.643744
vn 0.162699 -0.840105 0.497786
vn 0.318804 -0.894690 0.287323
vn 0.230466 -0.857258 0.439143
vn 0.351713 -0.905810 0.211368
vn 0.229759 -0.882919 0.399719
vn 0.125062 -0.791382 0.580983
vn 0.271634 -0.917365 0.274178
vn 0.129647 -0.851646 0.490146
vn 0.193686 -0.897882 0.372225
vn 0.092065 -0.703805 0.688059
vn 0.239346 -0.923141 0.281397
vn 0.093114 -0.825205 0.518410
vn 0.176483 -0.901247 0.364563
vn -0.020331 -0.722779 0.656699
vn 0.016970 -0.664436 0.708576
vn 0.219304 -0.947910 0.210785
vn 0.186907 -0.858559 0.449706
vn 0.255152 -0.935680 0.222552
vn 0.241846 -0.916202 0.284028
vn 0.015021 -0.700329 0.704130
vn 0.191405 -0.857568 0.434319
vn 0.172606 -0.809722 0.539912
vn -0.044409 -0.662306 0.732372
vn -0.061561 -0.587004 0.799336
vn -0.024674 -0.713482 0.692953
vn -0.060987 -0.580779 0.797568
vn -0.100450 -0.575952 0.796605
vn -0.168908 -0.682354 0.692058
vn -0.087950 -0.588122 0.787151
vn -0.129356 -0.650272 0.745859
vn -0.233868 -0.658863 0.705262
vn 0.430043 -0.649823 0.624053
vn 0.257841 -0.707303 0.640683
vn 0.242649 -0.680448 0.671200
vn 0.469683 -0.576074 0.663088
vn 0.372456 -0.676629 0.616380
vn 0.184241 -0.668619 0.698666
vn 0.337065 -0.594389 0.702442
vn 0.176305 -0.767105 0.586933
vn 0.469297 -0.608003 0.637632
vn 0.458958 -0.590571 0.657155
vn 0.186198 -0.760479 0.599803
vn 0.556496 -0.570577 0.599181
vn 0.591070 -0.501445 0.623850
vn 0.519451 -0.611017 0.595454
vn 0.590693 -0.488398 0.635906
vn 0.488453 -0.542742 0.672669
vn 0.601436 -0.540778 0.583614
vn 0.562613 -0.516064 0.642579
vn 0.530595 -0.494249 0.686048
vn 0.634320 -0.530983 0.560397
vn 0.615097 -0.449468 0.643178
vn 0.648088 -0.466139 0.598981
vn 0.548070 -0.434417 0.712674
vn 0.468333 -0.489672 0.731725
vn 0.634578 -0.463275 0.616639
vn 0.674491 -0.416804 0.609317
vn 0.515759 -0.570280 0.625764
vn 0.676859 -0.502452 0.530606
vn 0.524810 -0.642521 0.547292
vn 0.662991 -0.575687 0.452220
vn 0.490663 -0.713403 0.495141
vn 0.677961 -0.459536 0.571235
vn 0.341320 -0.698581 0.597843
vn 0.236265 -0.650072 0.694545
vn 0.109783 -0.701976 0.675123
vn 0.489659 -0.448024 0.745813
vn 0.550548 -0.385064 0.737461
vn 0.287541 -0.593655 0.720178
vn 0.618741 -0.372534 0.689533
vn 0.679960 -0.389239 0.619130
vn 0.625788 -0.315804 0.712158
vn 0.451836 -0.447186 0.768422
vn 0.516299 -0.383545 0.764750
vn 0.147861 -0.649644 0.709504
vn 0.196765 -0.638255 0.714463
vn 0.602912 -0.306011 0.734958
vn 0.463218 -0.384310 0.795904
vn 0.330808 -0.517975 0.781534
vn 0.540668 -0.307401 0.779940
vn 0.013149 -0.760306 0.622239
vn 0.237548 -0.787006 0.535356
vn 0.554777 -0.729455 0.386878
vn 0.286974 -0.819032 0.445004
vn 0.403315 -0.417598 0.811962
vn 0.339405 -0.485509 0.802068
vn 0.444005 -0.347519 0.821534
vn 0.210304 -0.611745 0.755715
vn 0.330898 -0.431769 0.836643
vn 0.198208 -0.591034 0.764943
vn 0.367728 -0.326296 0.867052
vn 0.258004 -0.438720 0.857771
vn 0.197923 -0.547988 0.808156
vn 0.185558 -0.495722 0.844220
vn 0.273693 -0.333312 0.899340
vn 0.202999 -0.326262 0.920514
vn 0.356083 -0.863785 0.300172
vn 0.566695 -0.766351 0.287278
vn 0.641462 -0.693382 0.317907
vn 0.708349 -0.607936 0.346000
vn 0.625276 -0.738009 0.245169
vn 0.751071 -0.526370 0.378801
vn -0.107507 -0.893088 0.426456
vn -0.008113 -0.830347 0.550344
vn 0.013962 -0.791009 0.601884
vn -0.073496 -0.837497 0.527385
vn 0.020619 -0.803887 0.589875
vn 0.036417 -0.760434 0.643342
vn 0.111276 -0.676099 0.713841
vn 0.081717 -0.724080 0.678437
vn -0.060158 -0.792557 0.601710
vn 0.085830 -0.715403 0.689503
vn 0.083984 -0.739442 0.665125
vn 0.111501 -0.678815 0.712420
vn -0.080987 -0.774172 0.624795
vn -0.031963 -0.768185 0.637534
vn -0.038140 -0.779104 0.621657
vn -0.139992 -0.773110 0.577456
vn 0.005080 -0.742784 0.667163
vn -0.077314 -0.761274 0.634900
vn 0.030100 -0.734909 0.676091
vn 0.089333 -0.757896 0.641373
vn 0.023184 -0.784016 0.616501
vn 0.129606 -0.601610 0.775680
vn 0.097879 -0.624327 0.760760
vn 0.093700 -0.730489 0.672692
vn 0.026517 -0.557915 0.814601
vn 0.158458 -0.715571 0.680111
vn 0.086121 -0.729321 0.668180
vn 0.106142 -0.754206 0.642903
vn 0.136561 -0.753860 0.636442
vn 0.104798 -0.790103 0.600819
vn -0.172889 -0.752394 0.596210
vn 0.127910 -0.740619 0.642581
vn 0.096349 -0.526522 0.833833
vn 0.100589 -0.560494 0.812497
vn 0.102004 -0.681756 0.716355
vn 0.090956 -0.759947 0.624430
vn 0.022785 -0.535149 0.837768
vn -0.019210 -0.550482 0.828306
vn -0.110116 -0.529127 0.821337
vn -0.201031 -0.769083 0.571935
vn -0.194265 -0.796062 0.537049
vn 0.053444 -0.458890 0.879142
vn -0.383704 -0.752089 0.489890
vn 0.000342 -0.821431 0.568169
vn -0.155058 -0.799613 0.552254
vn -0.318478 -0.760518 0.521311
vn -0.267365 -0.742028 0.583802
vn -0.027612 -0.710929 0.699974
vn -0.138863 -0.736035 0.635513
vn 0.036231 -0.791506 0.603275
vn -0.121780 -0.801122 0.559795
vn 0.014048 -0.855681 0.507787
vn -0.181381 -0.812076 0.527027
vn -0.316268 -0.838498 0.387537
vn -0.240615 -0.902028 0.330850
vn -0.348462 -0.819199 0.401819
vn -0.066665 -0.340239 0.929300
vn 0.096637 -0.910509 0.396473
vn -0.049645 -0.904224 0.416764
vn -0.215276 -0.481369 0.844923
vn -0.172486 -0.524641 0.828362
vn -0.154969 -0.465409 0.862662
vn -0.140779 -0.427035 0.887856
vn -0.188046 -0.422639 0.880622
vn -0.403707 -0.774287 0.476527
vn -0.182148 -0.480551 0.848996
vn -0.217076 -0.438100 0.867080
vn -0.220359 -0.390176 0.887226
vn -0.097222 -0.502989 0.849565
vn -0.212907 -0.441501 0.863517
vn -0.414757 -0.779796 0.467707
vn -0.359492 -0.896860 0.245910
vn -0.469136 -0.751016 0.461351
vn -0.475908 -0.757058 0.445005
vn -0.464687 -0.828361 0.311568
vn -0.515737 -0.716148 0.470200
vn -0.423089 -0.868840 0.248803
vn -0.517883 -0.755531 0.401203
vn -0.393172 -0.901860 0.179001
vn -0.473519 -0.833552 0.284215
vn -0.470065 -0.838808 0.274662
vn -0.115530 -0.245192 0.957470
vn -0.001750 -0.193838 0.977917
vn 0.008259 -0.373856 0.920805
vn 0.056207 -0.255179 0.961237
vn 0.033036 -0.138589 0.988873
vn 0.026546 -0.146981 0.986520
vn 0.063697 -0.290774 0.951180
vn 0.007632 -0.176571 0.981551
vn 0.013435 -0.335513 0.937535
vn 0.022410 -0.219504 0.971896
vn 0.039050 -0.353927 0.928352
vn 0.151224 -0.220437 0.959972
vn 0.135139 -0.395379 0.902093
vn -0.011115 -0.134651 0.988633
vn 0.035400 -0.086813 0.992932
vn -0.019167 -0.059082 0.996836
vn 0.151768 -0.096095 0.979704
vn -0.116013 -0.178213 0.974186
vn -0.089993 -0.006998 0.989204
vn -0.031536 -0.051531 0.994794
vn -0.101852 -0.033010 0.991334
vn -0.164061 -0.135215 0.973126
vn 0.089278 0.010690 0.992694
vn 0.010550 0.039375 0.997060
vn 0.190694 0.010609 0.978734
vn -0.052463 0.054374 0.995026
vn -0.061522 0.028791 0.996369
vn -0.172971 -0.039370 0.981479
vn 0.253325 -0.116005 0.956729
vn 0.285044 0.019844 0.955112
vn 0.258043 -0.249453 0.928779
vn -0.150910 0.038587 0.986054
vn -0.238537 0.068026 0.963612
vn -0.269083 -0.239829 0.928241
vn -0.287241 -0.090864 0.951332
vn 0.089518 -0.396752 0.912640
vn -0.102629 0.076020 0.990586
vn 0.095998 0.076758 0.989475
vn -0.024099 0.099136 0.993485
vn -0.176321 0.064315 0.981626
vn 0.235158 0.059223 0.968670
vn -0.281251 0.007610 0.957457
vn -0.242995 -0.353736 0.898146
vn -0.162546 0.089369 0.982383
vn -0.220542 0.136124 0.961659
vn -0.164216 0.092130 0.981332
vn -0.174374 0.107744 0.978445
vn -0.282984 0.163626 0.942258
vn 0.342302 -0.151463 0.925570
vn 0.360661 -0.041299 0.927353
vn 0.348824 0.046963 0.933564
vn 0.363582 -0.248821 0.891421
vn 0.411473 -0.102106 0.902011
vn 0.479862 -0.124577 0.864053
vn 0.432076 -0.013041 0.899704
vn 0.453044 -0.264807 0.849749
vn 0.541221 -0.151459 0.822104
vn 0.510598 -0.069532 0.855413
vn 0.564212 -0.232570 0.786195
vn -0.286471 -0.181022 0.939449
vn -0.308350 -0.299163 0.900760
vn -0.256499 -0.333494 0.900821
vn -0.252059 -0.210893 0.942311
vn -0.211861 -0.365584 0.900029
vn -0.277995 -0.096210 0.954499
vn -0.262351 -0.133522 0.954470
vn -0.227341 -0.278173 0.928218
vn -0.243880 -0.207428 0.944645
vn -0.319475 -0.205030 0.921303
vn -0.285619 -0.114809 0.950559
vn -0.378928 -0.137764 0.914050
vn -0.287743 -0.066652 0.954662
vn -0.331315 -0.056668 0.940013
vn -0.301753 -0.321596 0.892803
vn -0.342881 -0.309130 0.881445
vn -0.406475 -0.196171 0.889612
vn -0.392366 -0.234419 0.882779
vn -0.286647 -0.269516 0.917311
vn -0.208690 -0.365148 0.904416
vn -0.321246 -0.307170 0.891219
vn -0.415424 -0.481008 0.749835
vn -0.384076 -0.229652 0.889952
vn -0.371263 -0.200907 0.902169
vn -0.540114 -0.436738 0.704278
vn -0.478457 -0.347313 0.797660
vn -0.343868 -0.569506 0.735792
vn -0.483754 -0.151307 0.859098
vn -0.305940 0.001542 0.950973
vn -0.351752 0.127997 0.923830
vn -0.449678 -0.092816 0.885302
vn -0.327376 0.017397 0.943721
vn -0.349344 0.014790 0.935804
vn -0.489622 -0.146230 0.856726
vn -0.450205 -0.227149 0.862120
vn -0.427965 -0.602600 0.667193
vn -0.418047 -0.037042 0.904819
vn -0.520454 -0.088498 0.848679
vn -0.375931 0.095635 0.918667
vn -0.380670 0.163124 0.908015
vn -0.445624 -0.551119 0.699115
vn -0.296667 -0.572480 0.756300
vn -0.207752 -0.618856 0.750881
vn -0.420865 -0.488978 0.756724
vn -0.486479 -0.469517 0.731019
vn -0.499510 -0.456241 0.733713
vn -0.563241 -0.415748 0.709336
vn -0.576184 -0.476145 0.658385
vn -0.622315 -0.415445 0.660939
vn -0.586910 -0.445139 0.672323
vn -0.559077 -0.567554 0.595693
vn 0.630135 -0.244881 0.733689
vn 0.638198 -0.148725 0.753033
vn 0.595121 -0.098254 0.795213
vn 0.155327 0.839491 -0.511342
vn -0.029110 0.846411 -0.529546
vn 0.108127 0.830207 -0.533589
vn -0.112853 0.818204 -0.551665
vn 0.100680 0.856624 -0.498988
vn -0.202427 0.816426 -0.527061
vn 0.007918 0.776156 -0.617845
vn 0.221817 0.774146 -0.582489
vn -0.029765 0.874255 -0.473048
vn -0.229144 0.700228 -0.658819
vn -0.271780 0.814150 -0.494221
vn -0.156201 0.873201 -0.459739
vn -0.101368 0.884183 -0.444584
vn 0.108845 0.891469 -0.426544
vn 0.051135 0.897582 -0.426097
vn -0.120262 0.887906 -0.435282
vn -0.005724 0.896437 -0.435238
vn -0.143644 0.904345 -0.387003
vn 0.051089 0.909096 -0.401999
vn 0.183260 0.869009 -0.450578
vn 0.262539 0.836030 -0.472809
vn 0.206604 0.875657 -0.415841
vn 0.228462 0.876439 -0.401224
vn 0.270245 0.874829 -0.377601
vn 0.280548 0.868867 -0.390154
vn 0.063008 0.936240 -0.326913
vn -0.099534 0.938835 -0.303090
vn 0.318700 0.862345 -0.364719
vn 0.277308 0.824130 -0.487865
vn 0.357772 0.789676 -0.484592
vn 0.203644 0.899162 -0.349472
vn -0.103069 0.950615 -0.264781
vn 0.131424 0.924867 -0.326559
vn 0.391812 0.831968 -0.368169
vn 0.435063 0.798546 -0.395030
vn 0.413759 0.782932 -0.450080
vn 0.057083 0.906215 -0.329088
vn 0.179885 0.864202 -0.402121
vn -0.203567 0.936335 -0.251672
vn 0.389804 0.833949 -0.383607
vn 0.382880 0.835397 -0.391465
vn 0.455064 0.799159 -0.381788
vn 0.478329 0.772481 -0.404518
vn 0.434896 0.787106 -0.429268
vn 0.420359 0.724638 -0.530869
vn 0.446903 0.817192 -0.351186
vn 0.456730 0.771507 -0.435150
vn 0.471387 0.721983 -0.498760
vn 0.471969 0.817708 -0.320561
vn 0.467808 0.774282 -0.422283
vn 0.489757 0.714160 -0.491869
vn 0.084553 0.915882 -0.297671
vn 0.307511 0.849417 -0.414962
vn 0.034323 0.933517 -0.239254
vn 0.486184 0.735861 -0.448306
vn 0.303200 0.856093 -0.387805
vn -0.113982 0.955098 -0.169455
vn 0.524890 0.742234 -0.409494
vn 0.248589 0.798400 -0.503944
vn 0.460742 0.706711 -0.523288
vn 0.563846 0.771730 -0.280167
vn 0.589586 0.753609 -0.283931
vn 0.567800 0.760506 -0.308274
vn 0.590302 0.668934 -0.443109
vn 0.514732 0.730785 -0.447263
vn 0.574685 0.730945 -0.359473
vn 0.575566 0.710524 -0.394906
vn 0.583877 0.748120 -0.303081
vn 0.378720 0.684474 -0.606527
vn 0.238035 0.686810 -0.679164
vn 0.590193 0.717642 -0.359057
vn 0.509902 0.698822 -0.500125
vn 0.539269 0.677014 -0.494882
vn 0.622827 0.602454 -0.488080
vn 0.617717 0.701724 -0.336965
vn 0.622736 0.685757 -0.358438
vn 0.598551 0.722102 -0.339420
vn 0.580177 0.643407 -0.488787
vn -0.189398 0.940126 -0.194443
vn 0.063739 0.821447 -0.516542
vn 0.226252 0.721190 -0.647720
vn 0.378815 0.670765 -0.632197
vn 0.614826 0.737631 -0.275250
vn 0.573398 0.624002 -0.524464
vn 0.551630 0.670090 -0.493563
vn 0.553256 0.665381 -0.496978
vn 0.638844 0.637978 -0.421970
vn 0.661826 0.709929 -0.233676
vn 0.112641 0.740252 -0.661487
vn 0.614624 0.599185 -0.505112
vn 0.725933 0.615984 -0.281800
vn -0.305695 0.894036 -0.224437
vn 0.673279 0.631805 -0.373322
vn 0.327684 0.630387 -0.694966
vn 0.212999 0.621119 -0.749197
vn 0.748260 0.600512 -0.269760
vn 0.695629 0.668596 -0.247045
vn 0.590577 0.586902 -0.547166
vn 0.578275 0.573853 -0.569331
vn 0.360532 0.575818 -0.721985
vn 0.686481 0.541767 -0.477154
vn 0.733454 0.538791 -0.403507
vn 0.688037 0.688875 -0.219975
vn 0.716598 0.647384 -0.248406
vn 0.759457 0.521221 -0.363025
vn 0.636706 0.559983 -0.528105
vn 0.730891 0.565242 -0.369160
vn 0.709829 0.542127 -0.442240
vn 0.328159 0.570570 -0.737762
vn 0.778726 0.568229 -0.249517
vn 0.651718 0.518452 -0.551752
vn 0.614751 0.602658 -0.467345
vn 0.417906 0.654070 -0.545929
vn 0.713728 0.670042 -0.164846
vn 0.660287 0.743260 -0.081398
vn 0.738289 0.575532 -0.334348
vn 0.652982 0.520754 -0.548941
vn 0.754404 0.627261 -0.169740
vn 0.755681 0.634612 -0.145323
vn 0.768958 0.611655 -0.178047
vn 0.706164 0.500789 -0.499474
vn 0.042160 0.632051 -0.752914
vn -0.014829 0.674746 -0.714200
vn 0.806535 0.509143 -0.289705
vn 0.814971 0.527425 -0.220406
vn 0.669019 0.478565 -0.568673
vn 0.771375 0.615746 -0.126328
vn 0.870062 0.416282 -0.238268
vn 0.044521 0.671888 -0.731871
vn 0.817454 0.531153 -0.213409
vn 0.663737 0.746947 -0.035525
vn 0.821715 0.541962 -0.153663
vn 0.750070 0.647654 -0.020118
vn 0.737852 0.468742 -0.485636
vn 0.804218 0.557491 -0.198976
vn 0.249904 0.562709 -0.786418
vn 0.129748 0.602337 -0.780168
vn 0.714582 0.679143 0.108459
vn 0.784807 0.464582 -0.410172
vn 0.818732 0.561727 -0.094321
vn 0.847229 0.516508 -0.064775
vn 0.860128 0.487966 -0.121690
vn 0.855574 0.485147 -0.167126
vn 0.889730 0.423294 -0.146200
vn 0.859837 0.467948 -0.179201
vn -0.051814 0.640553 -0.745587
vn 0.871006 0.444315 -0.202957
vn 0.889632 0.404613 -0.199472
vn 0.859885 0.500938 -0.073266
vn 0.900133 0.419066 -0.082282
vn 0.877720 0.463243 -0.110210
vn 0.881057 0.467594 -0.036638
vn 0.879644 0.466454 0.026347
vn 0.908411 0.400749 -0.104834
vn 0.934311 0.334150 -0.104415
vn 0.923233 0.378013 -0.038597
vn 0.925211 0.356864 -0.113951
vn 0.932510 0.330573 -0.137633
vn 0.827614 0.538453 0.143245
vn 0.937253 0.336194 -0.083026
vn 0.915708 0.397483 0.010532
vn 0.912523 0.406639 -0.040065
vn 0.938751 0.336437 -0.066424
vn 0.915521 0.393471 0.046201
vn 0.794430 0.538119 0.263620
vn 0.930714 0.360564 0.025545
vn 0.678668 0.698792 0.200376
vn 0.621264 0.773748 0.121777
vn 0.647131 0.735477 0.194030
vn 0.711289 0.630293 0.295260
vn 0.690788 0.671461 0.256657
vn 0.667575 0.716594 0.201054
vn 0.690264 0.654747 0.288985
vn 0.645825 0.732141 0.215200
vn 0.658722 0.663579 0.347199
vn 0.879416 0.443699 0.156372
vn 0.955269 0.285293 -0.059173
vn 0.961238 0.262702 -0.065126
vn 0.949466 0.294025 0.057416
vn 0.938897 0.338908 -0.005544
vn 0.943557 0.326737 -0.037776
vn 0.952699 0.298799 -0.045560
vn 0.966595 0.245831 -0.008139
vn 0.927041 0.339466 0.145158
vn 0.716040 0.604926 0.345050
vn 0.952205 0.300539 0.037086
vn 0.855711 0.449332 0.246569
vn 0.972372 0.230239 -0.008155
vn 0.978776 0.201320 0.009625
vn 0.737536 0.574829 0.352271
vn 0.787724 0.517973 0.328221
vn 0.701055 0.607302 0.372273
vn 0.666309 0.650543 0.360026
vn 0.627895 0.704740 0.327300
vn 0.651911 0.679751 0.331512
vn 0.635637 0.675745 0.369973
vn 0.658409 0.652949 0.373737
vn 0.629438 0.660382 0.408579
vn 0.621374 0.662886 0.416789
vn 0.730145 0.571216 0.374258
vn 0.705059 0.585795 0.399670
vn 0.615456 0.650380 0.445218
vn 0.974218 0.210902 0.065100
vn 0.982770 0.157415 0.076934
vn 0.983637 0.158761 0.071923
vn 0.982434 0.164072 0.074560
vn 0.954592 0.253969 0.153868
vn 0.986271 0.127211 0.102756
vn 0.984933 0.147219 0.080743
vn 0.988519 0.122968 0.087600
vn 0.987509 0.127872 0.091973
vn 0.980470 0.176838 0.073546
vn 0.975907 0.209984 0.059267
vn 0.986148 0.118897 0.114825
vn 0.985099 0.113084 0.128782
vn -0.637868 0.718200 0.263600
vn -0.637314 0.696104 0.327556
vn -0.645660 0.681740 0.343777
vn -0.604747 0.756568 0.229644
vn -0.607529 0.746304 0.258647
vn -0.600401 0.766820 0.213224
vn -0.587944 0.736261 0.334773
vn -0.584160 0.794306 0.137469
vn -0.557516 0.779186 0.273148
vn -0.542817 0.827513 0.114537
vn -0.543579 0.829059 0.101103
vn -0.592238 0.794912 0.104954
vn -0.593977 0.788796 0.154087
vn -0.611787 0.777501 0.140837
vn -0.521782 0.830637 0.008256
vn -0.551755 0.826892 -0.009727
vn -0.535587 0.839150 0.068888
vn -0.568872 0.811580 0.100801
vn -0.647873 0.745497 0.154950
vn -0.599909 0.790049 0.100258
vn -0.486035 0.869665 0.033080
vn -0.600486 0.798145 0.033599
vn -0.512715 0.854894 -0.018013
vn -0.555861 0.828719 -0.003504
vn -0.483206 0.873502 0.040101
vn -0.484440 0.870970 0.002645
vn -0.617317 0.784649 -0.028917
vn -0.542597 0.833589 -0.076397
vn -0.431597 0.896166 -0.028863
vn -0.454894 0.885799 -0.062870
vn -0.489741 0.858455 -0.120659
vn -0.381310 0.919633 -0.000967
vn -0.620588 0.771461 -0.094394
vn -0.486490 0.859643 -0.139413
vn -0.445002 0.879565 -0.141828
vn -0.353527 0.928890 -0.041311
vn -0.532265 0.833101 -0.143295
vn -0.483793 0.832247 -0.217429
vn -0.450031 0.882798 -0.129644
vn -0.292281 0.949670 -0.070201
vn -0.672481 0.738557 -0.040473
vn -0.413609 0.875814 -0.209851
vn -0.733673 0.669532 -0.067035
vn -0.401276 0.904383 -0.130350
vn -0.250349 0.943250 -0.145039
vn -0.365184 0.911775 -0.173586
vn -0.348705 0.912517 -0.186006
vn -0.386626 0.763523 -0.485296
vn -0.418547 0.825147 -0.326559
vn -0.509001 0.836886 -0.190584
vn -0.580585 0.784963 -0.197127
vn -0.427884 0.865972 -0.237724
vn -0.365648 0.870994 -0.315672
vn -0.342239 0.907462 -0.211085
vn -0.689629 0.698859 -0.157382
vn -0.405152 0.885526 -0.117404
vn -0.331150 0.851023 -0.375370
vn -0.399701 0.860393 -0.290074
vn -0.268794 0.931659 -0.213966
vn -0.428398 0.830847 -0.336197
vn -0.550634 0.772713 -0.305850
vn -0.648708 0.701376 -0.276045
vn -0.257771 0.929531 -0.255424
vn -0.292314 0.904086 -0.306916
vn -0.290295 0.877678 -0.373987
vn -0.159167 0.955475 -0.225948
vn -0.282347 0.913675 -0.291539
vn -0.291137 0.881010 -0.363241
vn -0.528192 0.757878 -0.378087
vn -0.407741 0.815296 -0.401055
vn -0.283951 0.858612 -0.422522
vn -0.405312 0.802124 -0.428822
vn -0.257513 0.799840 -0.533517
vn -0.538043 0.731217 -0.404719
vn -0.286594 0.862565 -0.414245
vn -0.663764 0.660048 -0.333179
vn -0.247805 0.853024 -0.454808
vn -0.362855 0.765083 -0.527336
vn -0.675764 0.645101 -0.348037
vn -0.471010 0.758846 -0.448864
vn -0.357615 0.799629 -0.468281
vn -0.578667 0.675136 -0.433342
vn -0.636806 0.649841 -0.395353
vn -0.479498 0.730863 -0.472390
vn -0.302485 0.769350 -0.559644
vn -0.199716 0.843875 -0.497438
vn -0.224619 0.766059 -0.597824
vn -0.266365 0.791797 -0.548782
vn -0.329933 0.742513 -0.579505
vn -0.453661 0.724332 -0.503145
vn -0.317478 0.783884 -0.529727
vn -0.284120 0.769427 -0.565236
vn -0.498181 0.694643 -0.500730
vn -0.248620 0.759387 -0.599485
vn -0.439293 0.680469 -0.571763
vn -0.331687 0.732218 -0.594453
vn -0.336852 0.735782 -0.587496
vn -0.253564 0.729786 -0.634915
vn -0.300725 0.716943 -0.628640
vn -0.498340 0.585546 -0.621042
vn -0.596701 0.646288 -0.475649
vn -0.656280 0.617276 -0.430339
vn -0.610526 0.610597 -0.494104
vn -0.593061 0.574250 -0.552988
vn -0.448915 0.551716 -0.687004
vn -0.190180 0.614587 -0.748712
vn -0.699053 0.617439 -0.359229
vn -0.333244 0.577051 -0.735360
vn -0.358842 0.614605 -0.695241
vn -0.387567 0.648352 -0.640247
vn -0.165926 0.680057 -0.699036
vn -0.384533 0.666117 -0.622207
vn -0.226851 0.706839 -0.666527
vn -0.592055 0.529237 -0.598885
vn -0.578071 0.571915 -0.569177
vn -0.543963 0.638259 -0.536549
vn -0.590089 0.584814 -0.546730
vn -0.465829 0.717978 -0.514429
vn -0.584790 0.585831 -0.548347
vn -0.637977 0.535724 -0.553088
vn -0.635185 0.540625 -0.532435
vn -0.627767 0.532739 -0.566287
vn -0.673456 0.538169 -0.504640
vn -0.697403 0.539197 -0.472119
vn -0.624626 0.487394 -0.609351
vn -0.721902 0.622042 -0.297501
vn -0.708058 0.591647 -0.384431
vn -0.716778 0.610753 -0.336200
vn -0.645729 0.507565 -0.563277
vn -0.654990 0.490717 -0.573757
vn -0.453165 0.492918 -0.587953
vn -0.747249 0.269484 -0.607452
vn 0.674009 -0.477580 0.553401
vn 0.684694 -0.489676 0.534331
vn 0.604299 -0.631003 0.479855
vn 0.557595 -0.641594 0.518434
vn 0.626912 -0.600400 0.492044
vn 0.687767 -0.453012 0.560428
vn 0.612272 -0.571089 0.541445
vn 0.537994 -0.712555 0.431575
vn 0.670108 -0.468530 0.565575
vn 0.586222 -0.594579 0.546726
vn 0.683623 -0.501253 0.521198
vn 0.655793 -0.424572 0.618812
vn 0.540906 -0.580065 0.600973
vn 0.557647 -0.651038 0.507218
vn 0.702301 -0.535022 0.464706
vn 0.666949 -0.585956 0.452874
vn 0.763504 -0.345579 0.537169
vn 0.560828 -0.467968 0.676630
vn 0.731624 -0.362411 0.571718
vn 0.740398 -0.344877 0.572569
vn 0.739694 -0.329439 0.582499
vn 0.810352 -0.362985 0.437538
vn 0.818200 -0.381332 0.386173
vn 0.804728 -0.398816 0.385530
vn 0.686557 -0.565769 0.453503
vn 0.551021 -0.686747 0.467132
vn 0.529756 -0.690771 0.482249
vn 0.599159 -0.638185 0.461736
vn 0.507237 -0.684862 0.520414
vn 0.787770 -0.425664 0.390562
vn 0.462783 -0.726140 0.488471
vn 0.476841 -0.741078 0.464003
vn 0.510822 -0.761893 0.385744
vn 0.827687 -0.385505 0.334452
vn 0.487583 -0.756116 0.425658
vn 0.573665 -0.692172 0.404075
vn 0.464481 -0.742024 0.479186
vn 0.462944 -0.757646 0.456455
vn 0.472601 -0.711211 0.516418
vn 0.497485 -0.705807 0.502964
vn 0.508180 -0.687286 0.516431
vn 0.499789 -0.734660 0.457119
vn 0.464184 -0.737247 0.488151
vn 0.431216 -0.762867 0.479660
vn 0.371073 -0.738988 0.540189
vn 0.466089 -0.680834 0.564876
vn 0.469485 -0.690734 0.548601
vn 0.433194 -0.762447 0.472245
vn 0.423070 -0.819974 0.360765
vn 0.432314 -0.771142 0.465423
vn 0.430876 -0.624133 0.645519
vn 0.417008 -0.781679 0.463712
vn 0.395895 -0.793295 0.461489
vn 0.367727 -0.865218 0.302264
vn 0.372143 -0.856288 0.309938
vn 0.478351 -0.801445 0.356682
vn 0.566246 -0.720053 0.372059
vn 0.521983 -0.783800 0.331466
vn 0.509842 -0.796133 0.317216
vn 0.282381 -0.754895 0.578305
vn 0.481100 -0.812713 0.328231
vn 0.544032 -0.761206 0.335051
vn 0.469162 -0.799491 0.373598
vn 0.525237 -0.758533 0.365342
vn 0.444523 -0.808381 0.385783
vn 0.494356 -0.795069 0.343149
vn 0.567962 -0.748888 0.325345
vn 0.433324 -0.820238 0.373258
vn 0.459108 -0.815011 0.351158
vn 0.264776 -0.884150 0.374702
vn 0.563850 -0.768924 0.299879
vn 0.569964 -0.768903 0.289506
vn 0.163085 -0.872511 0.449706
vn 0.253777 -0.926997 0.264078
vn 0.630751 -0.719716 0.289488
vn 0.127726 -0.843596 0.513197
vn 0.265029 -0.724475 0.622014
vn 0.430706 -0.556555 0.703598
vn 0.155734 -0.918225 0.352147
vn 0.303941 -0.644685 0.691724
vn 0.672009 -0.666488 0.322656
vn 0.086625 -0.852106 0.511227
vn 0.153534 -0.788530 0.587526
vn 0.230719 -0.677437 0.684417
vn 0.113886 -0.782419 0.610010
vn 0.050232 -0.898094 0.434593
vn 0.148144 -0.728234 0.664557
vn 0.113762 -0.763172 0.636102
vn 0.165822 -0.959959 0.221725
vn 0.189311 -0.964845 0.178292
vn 0.221321 -0.960605 0.158705
vn 0.174066 -0.970009 0.164659
vn 0.283586 -0.561083 0.773140
vn 0.398303 -0.506031 0.758372
vn 0.523879 -0.418040 0.735789
vn 0.289559 -0.504682 0.811997
vn 0.245983 -0.507010 0.826095
vn 0.480503 -0.406838 0.776912
vn 0.478931 -0.403994 0.779368
vn 0.626794 -0.346306 0.694986
vn 0.723992 -0.334014 0.600222
vn 0.832398 -0.277296 0.472098
vn 0.703581 -0.281865 0.648540
vn 0.762610 -0.267725 0.587978
vn 0.597322 -0.311008 0.739243
vn 0.764153 -0.250700 0.591739
vn 0.774736 -0.237087 0.582729
vn 0.777298 -0.241178 0.579517
vn 0.780763 -0.261360 0.566760
vn 0.712962 -0.233786 0.659954
vn 0.748149 -0.237208 0.618907
vn 0.824458 -0.237709 0.512294
vn 0.890389 -0.211898 0.398719
vn 0.797401 -0.151639 0.583416
vn 0.923909 -0.196395 0.325869
vn 0.934699 -0.184339 0.301213
vn 0.929788 -0.174383 0.322703
vn 0.943259 -0.159405 0.290982
vn 0.942852 -0.183369 0.277372
vn 0.950336 -0.145144 0.275307
vn 0.964482 -0.124899 0.200737
vn 0.972939 -0.078943 0.175528
vn 0.990028 0.024428 0.130857
vn 0.983166 0.050505 0.175015
vn 0.985088 0.050728 0.164405
vn 0.994966 -0.059261 0.031941
vn 0.991222 -0.106566 0.047476
vn 0.980227 -0.170651 0.089834
vn 0.974614 -0.207557 0.068152
vn 0.990142 -0.127399 -0.000610
vn 0.964370 -0.231914 0.123911
vn 0.984395 -0.140752 0.094169
vn 0.994534 -0.066527 0.056053
vn 0.977980 -0.136787 0.141456
vn 0.960795 -0.221021 0.158111
vn 0.941261 -0.216574 0.248765
vn 0.986801 -0.060072 0.130895
vn 0.953734 -0.102379 0.259622
vn 0.921143 -0.163467 0.340973
vn 0.995963 0.013823 -0.024639
vn 0.977054 -0.206677 -0.009024
vn 0.991448 -0.087231 -0.062786
vn 0.997129 -0.038355 -0.039493
vn 0.998458 0.012154 -0.001894
vn 0.996875 0.013747 0.025664
vn 0.995376 0.050930 -0.025143
vn 0.985760 0.015989 0.154333
vn 0.965704 0.015181 0.241422
vn 0.963671 -0.258747 0.048022
vn 0.963890 -0.263605 -0.000271
vn 0.961874 -0.249478 0.106577
vn 0.931565 -0.313228 0.163244
vn 0.911261 -0.323982 0.234715
vn 0.923165 -0.353229 0.131420
vn 0.929769 -0.351388 0.078600
vn 0.924635 -0.370767 0.030219
vn 0.970320 -0.233834 -0.050359
vn 0.982691 -0.168814 -0.062086
vn 0.949994 -0.308075 -0.026629
vn 0.980033 -0.172935 -0.087025
vn 0.971014 -0.225596 -0.074918
vn 0.991168 -0.088014 -0.085328
vn 0.985854 -0.094727 -0.130117
vn 0.954663 -0.291206 -0.051933
vn 0.958193 -0.268351 -0.089713
vn 0.971252 -0.194693 -0.128967
vn 0.977691 -0.130033 -0.158774
vn 0.939231 -0.336219 -0.040772
vn 0.920302 -0.383581 -0.010220
vn 0.912529 -0.404288 -0.009086
vn 0.936093 -0.340422 -0.072486
vn 0.963628 -0.221059 -0.145490
vn 0.943265 -0.310615 -0.105049
vn 0.972539 -0.157542 -0.167678
vn 0.968557 -0.158310 -0.185670
vn 0.951027 -0.253632 -0.168175
vn 0.945545 -0.297366 -0.123255
vn 0.920409 -0.362290 -0.128272
vn 0.977441 -0.024141 -0.199872
vn 0.915887 -0.393451 -0.061396
vn 0.916925 -0.387856 -0.077795
vn 0.976681 -0.066038 -0.197795
vn 0.972348 -0.081620 -0.212733
vn 0.991146 0.029449 -0.111157
vn 0.985895 0.018461 -0.146505
vn 0.993208 0.056319 -0.084478
vn 0.993104 0.092391 -0.033532
vn 0.946671 -0.204939 -0.241210
vn 0.926701 -0.300941 -0.215742
vn 0.898314 -0.391150 -0.179047
vn 0.955762 -0.142136 -0.252590
vn 0.973227 -0.005606 -0.225655
vn 0.947463 -0.071082 -0.307018
vn 0.901019 -0.429117 -0.017841
vn 0.957985 -0.022937 -0.280670
vn 0.922340 -0.220999 -0.310855
vn 0.929373 -0.143462 -0.334946
vn 0.886138 -0.458537 0.013574
vn 0.864587 -0.491010 -0.043978
vn 0.967883 0.020727 -0.245051
vn 0.900543 -0.275688 -0.324917
vn 0.901089 -0.172956 -0.392168
vn 0.854275 -0.509500 0.035350
vn 0.891576 -0.451017 -0.032092
vn 0.843667 -0.528439 0.025711
vn 0.899116 -0.425512 0.095665
vn 0.849073 -0.522061 0.014210
vn 0.836353 -0.536210 -0.051818
vn 0.882204 -0.364254 -0.289180
vn 0.844745 -0.494342 -0.167499
vn 0.924624 -0.024086 -0.372790
vn 0.987688 0.112521 0.057646
vn 0.982417 0.140303 -0.081426
vn 0.866193 -0.493568 0.026206
vn 0.895802 -0.412718 0.163180
vn 0.804985 -0.578857 0.084541
vn 0.829137 -0.551307 0.058368
vn 0.893284 -0.395661 0.212210
vn 0.858409 -0.389302 0.319643
vn 0.846069 -0.293647 0.424202
vn 0.990042 0.119992 -0.047765
vn 0.977582 0.167908 -0.092944
vn 0.972109 0.172909 -0.135099
vn 0.962987 0.050128 -0.258915
vn 0.941193 0.089375 -0.313952
vn 0.975856 0.126072 -0.167711
vn 0.972268 0.088404 -0.207286
vn 0.956292 0.091431 -0.269219
vn 0.949964 0.027307 -0.306827
vn 0.916018 -0.073262 -0.391756
vn 0.900923 -0.024645 -0.430430
vn 0.936076 0.278233 -0.126227
vn 0.941123 0.268881 -0.135972
vn 0.929339 0.030937 -0.362671
vn 0.895145 -0.109971 -0.428239
vn 0.886934 -0.221445 -0.403059
vn 0.874501 -0.312969 -0.368818
vn 0.871506 -0.265996 -0.409544
vn 0.862063 -0.417677 -0.277526
vn 0.871647 -0.338133 -0.351662
vn 0.799728 -0.568315 -0.165855
vn 0.963287 0.222528 -0.107075
vn 0.966715 0.236253 -0.004960
vn 0.967439 0.053087 0.235957
vn 0.962901 0.139312 0.209046
vn 0.880851 -0.148568 -0.447588
vn 0.953858 0.241977 -0.099080
vn 0.925980 0.324187 -0.137583
vn 0.940365 0.109335 -0.319681
vn 0.936845 0.137423 -0.316267
vn 0.943148 0.189481 -0.262648
vn 0.957651 0.247874 0.119416
vn 0.924618 0.168669 -0.335316
vn 0.906573 0.108067 -0.404674
vn 0.938974 0.255890 -0.221353
vn 0.925838 0.002057 0.369974
vn 0.896071 0.212937 -0.383842
vn 0.900993 0.356798 -0.193733
vn 0.922977 0.328118 -0.176751
vn 0.908800 0.195474 -0.364075
vn 0.903603 0.144824 -0.400887
vn 0.894279 0.131293 -0.427818
vn 0.895026 -0.124810 0.421602
vn 0.934500 0.095615 0.318162
vn 0.915680 0.364615 -0.154469
vn 0.942675 0.149317 0.282989
vn 0.925570 0.137851 0.316144
vn 0.931564 0.054631 0.349441
vn 0.912124 0.383346 -0.046951
vn 0.929989 0.327909 -0.140748
vn 0.888617 0.366928 -0.238052
vn 0.940145 0.152101 0.300755
vn 0.890276 0.264126 -0.363617
vn 0.872618 0.258773 -0.409743
vn 0.946553 0.208428 0.232668
vn 0.932814 0.327882 0.121713
vn 0.880067 0.335790 -0.319933
vn 0.879099 0.377297 -0.281043
vn 0.892837 0.198957 -0.403496
vn 0.939422 0.137378 0.308199
vn 0.953665 0.047644 0.290885
vn 0.944555 -0.020823 0.325238
vn 0.946452 -0.008813 0.320919
vn 0.955251 0.037630 0.288183
vn 0.963913 0.094683 0.245224
vn 0.957746 0.171669 0.210366
vn 0.956998 0.222480 0.169284
vn 0.958049 0.132845 0.249249
vn 0.940037 0.271751 0.130543
vn 0.934733 -0.065611 0.345971
vn 0.931601 0.062811 0.352005
vn 0.919095 -0.091558 0.378734
vn 0.946335 0.161198 0.266988
vn 0.927144 0.291346 0.219387
vn 0.920022 0.332929 0.127866
vn 0.936250 0.311793 0.149294
vn 0.914918 -0.017768 0.397484
vn 0.937478 0.316752 0.140055
vn 0.922632 0.174263 0.334985
vn 0.907420 -0.055304 0.411108
vn 0.914602 0.353529 0.188799
vn 0.912961 0.384936 0.121382
vn 0.873016 -0.209041 0.425493
vn 0.876848 -0.181866 0.425112
vn 0.909575 0.101991 0.400876
vn 0.910721 0.344609 0.063288
vn 0.837562 -0.168441 0.499892
vn 0.897711 0.427389 0.089974
vn 0.893975 0.444897 0.012017
vn 0.898554 0.425241 0.093843
vn 0.910867 0.144736 0.383583
vn 0.905592 0.121938 0.405667
vn 0.900145 0.116402 0.418778
vn 0.886874 0.302671 0.330742
vn 0.884561 0.392234 0.248747
vn 0.885156 0.424677 0.180767
vn 0.896291 0.050306 0.438395
vn 0.874020 0.049837 0.475431
vn 0.875545 0.163659 0.449632
vn 0.823225 0.480744 -0.284348
vn 0.841585 0.528521 0.064351
vn 0.826049 0.548415 0.074904
vn 0.846769 0.480779 -0.208679
vn 0.841317 0.465450 -0.253703
vn 0.827746 -0.214904 0.502267
vn 0.862702 0.274668 -0.420406
vn 0.856297 0.113489 0.494951
vn 0.853152 0.153717 0.495273
vn 0.846309 0.480033 -0.217085
vn 0.846276 0.484429 -0.211441
vn 0.803134 0.383978 -0.444389
vn 0.851234 0.515953 -0.067534
vn 0.847044 0.525071 0.018176
vn 0.842844 0.529966 0.057782
vn 0.825773 0.523697 -0.183662
vn 0.861886 0.454383 0.218902
vn 0.798846 0.474115 -0.357385
vn 0.771793 0.458685 -0.432300
vn 0.856073 0.315327 0.389998
vn 0.850580 0.504053 0.130612
vn 0.836186 0.521724 0.158849
vn 0.863208 -0.030771 0.501908
vn 0.846622 0.446573 0.286012
vn 0.844866 -0.178391 0.494667
vn 0.823849 0.335242 -0.452919
vn 0.808000 0.351579 -0.468635
vn 0.846952 0.472484 0.242722
vn 0.826577 0.507525 0.235485
vn 0.778424 0.600250 0.138940
vn 0.810909 -0.268803 0.508383
vn 0.841311 0.229052 0.483760
vn 0.823947 0.454604 0.319831
vn 0.840224 0.151007 0.519089
vn 0.796910 -0.127038 0.581830
vn 0.779508 0.619175 0.032429
vn 0.803227 0.132420 0.574801
vn 0.806223 0.575678 -0.119210
vn 0.798435 0.594552 -0.065955
vn 0.801387 0.596180 -0.002774
vn 0.789985 0.611555 0.020231
vn 0.753336 0.651889 0.001025
vn 0.820927 -0.035046 0.565276
vn 0.789568 0.538755 -0.286396
vn 0.781864 0.620739 0.008853
vn 0.810332 0.180676 0.555707
vn 0.752838 0.599493 -0.261487
vn 0.758050 0.592206 -0.263521
vn 0.778711 0.566389 -0.264347
vn 0.750822 0.601816 -0.266479
vn 0.740650 0.567188 -0.352664
vn 0.718403 0.544445 -0.427015
vn 0.742746 0.664281 -0.035304
vn 0.754074 0.415110 -0.506306
vn 0.765648 0.404825 -0.495865
vn 0.796508 0.368505 0.464473
vn 0.758933 0.275052 0.585085
vn 0.769089 0.498247 0.391936
vn 0.765903 0.559004 0.305581
vn 0.785975 -0.012788 0.609771
vn 0.787673 0.197481 0.580444
vn 0.748393 0.633188 -0.171674
vn 0.741919 0.653843 -0.124906
vn 0.776570 0.554893 -0.286123
vn 0.728886 0.677944 -0.053205
vn 0.798336 0.205262 0.565103
vn 0.708071 0.690908 0.078043
vn 0.715685 0.689135 -0.088886
vn 0.743176 0.661338 -0.097928
vn 0.743604 0.449602 -0.493050
vn 0.713579 0.696394 -0.044646
vn 0.733824 0.627822 -0.255736
vn 0.729459 0.614557 -0.298430
vn 0.695285 0.607867 -0.380628
vn 0.736898 0.410275 0.527895
vn 0.754534 0.000331 0.649574
vn 0.762222 0.217468 0.607230
vn 0.777079 0.190982 0.597833
vn 0.682174 0.725873 -0.062281
vn 0.697781 0.708713 -0.087071
vn 0.716160 0.637891 -0.282793
vn 0.718621 0.633166 -0.287365
vn 0.686773 0.723227 -0.050869
vn 0.716780 0.114641 0.678810
vn 0.666626 0.716127 -0.199070
vn 0.696829 0.651211 -0.300548
vn 0.693029 0.666524 -0.272975
vn 0.689733 0.713301 -0.123638
vn 0.673226 0.731479 -0.100909
vn 0.681021 0.718172 -0.142156
vn 0.724030 0.546822 0.417176
vn 0.695760 0.644245 0.285611
vn 0.660450 0.741465 0.090754
vn 0.703973 0.505417 0.493642
vn 0.677578 0.733262 -0.055066
vn 0.675223 0.726713 -0.125037
vn 0.678877 0.582880 0.440972
vn 0.633723 0.723757 0.215471
vn 0.803343 -0.352232 0.475730
vn 0.708548 0.242135 0.661149
vn 0.716626 0.455285 -0.528359
vn 0.711106 0.287367 0.638156
vn 0.655609 0.751068 -0.064131
vn 0.655510 0.754559 0.028583
vn 0.787676 -0.324297 0.519473
vn 0.780848 -0.320030 0.530641
vn 0.684266 0.237746 0.687308
vn 0.768104 -0.115109 0.628562
vn 0.623872 0.774090 0.070165
vn 0.760967 -0.263734 0.589695
vn 0.740391 -0.089968 0.664425
vn 0.656636 0.547184 0.514254
vn 0.629892 0.647102 0.424215
vn 0.794722 -0.380063 0.468220
vn 0.767352 -0.307296 0.561313
vn 0.724334 0.004220 0.686464
vn 0.586070 0.755292 0.257420
vn 0.813817 -0.578201 0.054633
vn 0.817410 -0.574387 0.038593
vn 0.754995 -0.175638 0.631071
vn 0.808874 -0.587515 0.013359
vn 0.668860 0.049017 0.739704
vn 0.672031 0.257577 0.694189
vn 0.807471 -0.585099 -0.035028
vn 0.797127 -0.587929 -0.101954
vn 0.770417 -0.626871 -0.093616
vn 0.569438 0.807669 0.149299
vn 0.756713 -0.350136 0.551658
vn 0.800847 -0.596355 0.048232
vn 0.777836 -0.618292 0.104241
vn 0.776092 -0.405441 0.482947
vn 0.752347 -0.385878 0.530384
vn 0.772864 -0.625766 0.096102
vn 0.656848 0.201383 0.721165
vn 0.746537 -0.653693 -0.116826
vn 0.743314 -0.665988 -0.046183
vn 0.744028 -0.656179 0.125269
vn 0.741521 -0.648765 -0.171026
vn 0.568276 -0.297465 -0.119397
vn -0.800972 0.450365 -0.367259
vn -0.877197 0.355856 -0.318408
vn -0.830592 0.431619 -0.331921
vn -0.855391 0.402093 -0.325856
vn -0.894944 0.296681 -0.329736
vn -0.848632 0.418024 -0.323947
vn -0.849016 0.411954 -0.330855
vn -0.837095 0.327149 -0.429559
vn -0.890508 0.258326 -0.371957
vn -0.914551 0.253920 -0.314458
vn -0.832161 0.236732 -0.494511
vn -0.773939 0.349326 -0.521577
vn -0.746673 0.458529 -0.472581
vn -0.764134 0.274170 -0.577142
vn -0.716008 0.570931 -0.399298
vn -0.701529 0.605681 -0.374144
vn -0.823020 0.136762 -0.548013
vn -0.709597 0.374816 -0.595341
vn -0.714518 0.304228 -0.628490
vn -0.754207 0.211881 -0.614949
vn -0.867407 0.102586 -0.484368
vn -0.868778 0.038556 -0.488119
vn -0.894294 -0.019685 -0.443223
vn -0.827859 0.004095 -0.555326
vn -0.770422 0.074116 -0.629372
vn -0.882279 -0.059900 -0.465092
vn -0.904537 -0.103856 -0.409958
vn -0.921214 -0.108150 -0.371821
vn -0.851132 -0.099227 -0.510146
vn -0.889379 -0.159761 -0.424181
vn -0.804435 -0.066907 -0.586189
vn -0.897734 -0.228299 -0.370348
vn -0.717621 0.167524 -0.670553
vn -0.747302 0.063402 -0.659205
vn -0.722709 0.109411 -0.682422
vn -0.856614 -0.195418 -0.469829
vn -0.831252 -0.136290 -0.535941
vn -0.788161 -0.080621 -0.609043
vn -0.791617 -0.092792 -0.601316
vn -0.841772 -0.200599 -0.493176
vn -0.874078 -0.196412 -0.439898
vn -0.888156 -0.250728 -0.381208
vn -0.898108 -0.236496 -0.369673
vn -0.884207 -0.257952 -0.388267
vn -0.885999 -0.251764 -0.388501
vn -0.892525 -0.286977 -0.345905
vn -0.906654 -0.272037 -0.320645
vn -0.895078 -0.314007 -0.312323
vn -0.850032 -0.295351 -0.433778
vn -0.894041 -0.331182 -0.296547
vn -0.903418 -0.316116 -0.285774
vn -0.908999 -0.336101 -0.239216
vn -0.856265 -0.353211 -0.370951
vn -0.819368 -0.331422 -0.464723
vn -0.780601 -0.240615 -0.569732
vn -0.774654 -0.133718 -0.616706
vn -0.903479 -0.371474 -0.209690
vn -0.903330 -0.358181 -0.232453
vn -0.875620 -0.394535 -0.272241
vn -0.819401 -0.378983 -0.428138
vn -0.898354 -0.382016 -0.212732
vn -0.843635 -0.453696 -0.278391
vn -0.822606 -0.434400 -0.364592
vn -0.908721 -0.376701 -0.179589
vn -0.779585 -0.350028 -0.515311
vn -0.781682 -0.446753 -0.427221
vn -0.900708 -0.398899 -0.171361
vn -0.755809 -0.276171 -0.591032
vn -0.768926 -0.067342 -0.635704
vn -0.743085 -0.176186 -0.645096
vn -0.797498 -0.524326 -0.289182
vn -0.723354 -0.498584 -0.473116
vn -0.827265 -0.509209 -0.234600
vn -0.752946 -0.574730 -0.306184
vn -0.701008 -0.590471 -0.384792
vn -0.788968 -0.563233 -0.243925
vn -0.756709 -0.604004 -0.246522
vn -0.653595 -0.617797 -0.430098
vn -0.700889 -0.664195 -0.258589
vn -0.595497 -0.717812 -0.346336
vn -0.571312 -0.724282 -0.378944
vn -0.520737 -0.794807 -0.310274
vn -0.513947 -0.806569 -0.291861
vn -0.504546 -0.816287 -0.281264
vn -0.995383 -0.055382 -0.037522
vn -0.985481 -0.156311 0.019948
vn -0.995593 -0.044497 -0.042784
vn -0.973019 -0.207744 0.055555
vn -0.994379 -0.089367 -0.023876
vn -0.979284 -0.188236 0.029668
vn -0.994105 -0.070713 0.005159
vn -0.972895 -0.205408 0.073450
vn -0.989910 -0.072678 -0.078373
vn -0.968998 -0.232599 0.019322
vn -0.986779 -0.111478 0.092555
vn -0.963526 -0.180747 0.173929
vn -0.994673 0.017916 0.037734
vn -0.979621 -0.173935 -0.063555
vn -0.988087 -0.074885 -0.125474
vn -0.953510 -0.277394 0.096451
vn -0.931281 -0.354937 0.031842
vn -0.941013 -0.317276 0.101499
vn -0.952090 -0.256661 0.155674
vn -0.934119 -0.322238 0.140436
vn -0.932029 -0.338121 0.110648
vn -0.919022 -0.357055 0.146869
vn -0.918505 -0.289173 0.251885
vn -0.960577 -0.249940 -0.051021
vn -0.912001 -0.405090 0.016514
vn -0.977088 -0.051416 0.190043
vn -0.993001 0.042058 -0.082265
vn -0.983426 -0.112701 -0.132185
vn -0.966282 -0.237568 -0.078177
vn -0.930672 -0.357089 -0.044292
vn -0.977359 -0.168661 -0.121459
vn -0.962240 -0.250987 -0.090275
vn -0.949712 -0.303846 -0.071106
vn -0.969211 -0.191271 -0.146542
vn -0.959333 -0.255029 -0.114259
vn -0.979684 -0.103972 -0.166721
vn -0.942028 -0.324035 -0.066297
vn -0.969143 -0.138374 -0.199586
vn -0.944371 -0.238993 -0.211520
vn -0.935378 -0.290830 -0.185997
vn -0.946467 -0.128419 -0.284662
vn -0.931168 -0.357978 -0.041514
vn -0.977343 -0.005548 -0.190415
vn -0.973416 0.070992 -0.181636
vn -0.994743 0.038683 -0.080251
vn -0.967649 0.121652 -0.157272
vn -0.966365 -0.030821 -0.243442
vn -0.972430 -0.001049 -0.227313
vn -0.994606 0.063988 -0.046017
vn -0.986468 0.067545 0.125478
vn -0.979762 0.126837 -0.132287
vn -0.921935 -0.384039 -0.026709
vn -0.896927 -0.414932 -0.112102
vn -0.990119 0.106435 0.041258
vn -0.918324 -0.291603 -0.263456
vn -0.900054 -0.330619 -0.267561
vn -0.961421 0.195434 -0.163681
vn -0.945576 -0.009915 -0.317140
vn -0.964060 0.184425 -0.155409
vn -0.961578 0.078801 -0.255590
vn -0.930404 0.146444 -0.310247
vn -0.948483 0.080598 -0.289540
vn -0.924533 -0.070766 -0.370252
vn -0.905825 -0.420009 -0.002644
vn -0.899644 -0.229782 -0.358197
vn -0.951257 -0.136664 0.266453
vn -0.905666 -0.294999 -0.300507
vn -0.926795 0.118901 -0.343185
vn -0.891256 -0.307579 -0.321611
vn -0.981397 0.164823 -0.097725
vn -0.925123 0.221716 -0.289841
vn -0.982220 0.024734 0.177893
vn -0.982735 0.121315 0.139698
vn -0.914065 -0.117952 -0.384540
vn -0.963086 -0.063881 0.250807
vn -0.873534 -0.474707 0.006309
vn -0.890036 -0.453140 -0.002889
vn -0.903115 -0.391408 0.169369
vn -0.897273 -0.412119 0.149864
vn -0.884099 -0.460753 -0.022115
vn -0.905436 -0.411252 0.094429
vn -0.845353 -0.509586 -0.119878
vn -0.906725 -0.386979 0.163128
vn -0.847463 -0.506982 0.088768
vn -0.898253 -0.358946 0.247154
vn -0.883043 -0.440812 0.142041
vn -0.840906 -0.474873 -0.237743
vn -0.873308 -0.354499 -0.329719
vn -0.867780 -0.270092 -0.409205
vn -0.796332 -0.590434 0.076622
vn -0.785582 -0.606191 -0.002035
vn -0.829347 -0.552588 0.035531
vn -0.884589 -0.426066 0.188407
vn -0.850761 -0.482730 0.197619
vn -0.807081 -0.577436 0.086323
vn -0.846217 -0.487268 0.199198
vn -0.871803 -0.421470 0.238661
vn -0.952977 -0.126587 0.275339
vn -0.873819 -0.336004 -0.340992
vn -0.872036 -0.315528 -0.365977
vn -0.873907 -0.387968 0.289860
vn -0.858699 -0.468344 0.201525
vn -0.879264 -0.111593 -0.459946
vn -0.830671 -0.417663 -0.364121
vn -0.853044 -0.341940 -0.386450
vn -0.787550 -0.478411 -0.384811
vn -0.889083 -0.012160 -0.445531
vn -0.847736 0.021966 -0.521347
vn -0.847918 -0.424393 -0.317217
vn -0.856441 -0.173672 -0.479162
vn -0.836507 -0.427096 -0.341236
vn -0.845429 -0.314272 -0.426876
vn -0.838225 -0.346289 -0.415517
vn -0.825071 -0.404080 -0.393579
vn -0.897007 0.087999 -0.422389
vn -0.922925 0.263905 -0.271105
vn -0.886728 0.271093 -0.365493
vn -0.757036 -0.474846 -0.441946
vn -0.933740 0.289910 -0.202072
vn -0.830665 -0.237060 -0.498964
vn -0.798064 -0.416677 -0.424006
vn -0.821795 -0.046683 -0.559307
vn -0.762984 -0.390325 -0.510610
vn -0.759148 -0.508102 -0.403969
vn -0.775558 -0.355830 -0.516913
vn -0.887779 0.248863 -0.382961
vn -0.918204 0.321175 -0.224859
vn -0.862098 0.377078 -0.299020
vn -0.864947 0.259783 -0.424429
vn -0.830011 0.157531 -0.529173
vn -0.843512 0.232439 -0.477952
vn -0.787171 -0.195176 -0.582465
vn -0.792594 -0.242847 -0.556509
vn -0.795492 -0.308902 -0.520962
vn -0.747730 -0.656935 -0.060034
vn -0.747145 -0.389089 -0.534094
vn -0.845130 0.321412 -0.413960
vn -0.790686 0.133318 -0.592250
vn -0.781127 -0.268468 -0.561083
vn -0.772500 -0.424882 -0.457821
vn -0.727879 -0.515237 -0.450160
vn -0.754361 -0.321858 -0.566312
vn -0.725648 -0.405670 -0.545420
vn -0.737099 -0.232973 -0.629380
vn -0.770651 -0.081441 -0.626822
vn -0.819485 -0.502569 0.266058
vn -0.833750 -0.456944 0.301914
vn -0.803118 0.441975 -0.368668
vn -0.854057 0.361138 -0.358937
vn -0.861695 0.420564 -0.266329
vn -0.699666 -0.509922 -0.497796
vn -0.762099 0.062184 -0.640310
vn -0.722966 -0.387046 -0.570782
vn -0.793752 0.365866 -0.474243
vn -0.830972 0.356838 -0.417554
vn -0.797600 0.348931 -0.481328
vn -0.737771 -0.021293 -0.668935
vn -0.671261 -0.450384 -0.580475
vn -0.816012 0.474423 -0.314711
vn -0.813015 0.348918 -0.463855
vn -0.787503 0.262733 -0.554709
vn -0.745504 0.282363 -0.597690
vn -0.681215 -0.437697 -0.581788
vn -0.709558 -0.104175 -0.690624
vn -0.642863 -0.523820 -0.553434
vn -0.707669 0.149987 -0.681427
vn -0.668892 -0.351870 -0.650713
vn -0.609257 -0.458179 -0.641414
vn -0.682822 0.084173 -0.715579
vn -0.752134 -0.646606 0.113924
vn -0.645063 -0.281040 -0.706284
vn -0.811715 -0.544533 0.211019
vn -0.675925 -0.537413 -0.503372
vn -0.721822 0.226795 -0.646672
vn -0.629433 -0.442484 -0.634510
vn -0.663580 -0.146989 -0.726497
vn -0.793308 -0.546200 0.263136
vn -0.608766 -0.538796 -0.577515
vn -0.636298 0.012909 -0.761645
vn -0.765322 0.402903 -0.498167
vn -0.743403 0.319300 -0.584253
vn -0.790890 0.421338 -0.435044
vn -0.766352 -0.626049 0.141055
vn -0.749414 -0.648040 0.127399
vn -0.584756 -0.376340 -0.715714
vn -0.561141 -0.452143 -0.692007
vn -0.733423 -0.677801 -0.004512
vn -0.730026 -0.682109 -0.042313
vn -0.747076 -0.659069 0.086336
vn -0.731184 -0.669887 0.123568
vn -0.746097 -0.632115 0.207611
vn -0.571881 -0.501138 -0.640694
vn -0.555556 -0.550783 -0.620461
vn -0.608142 -0.589583 -0.518381
vn -0.626700 -0.568899 -0.532543
vn -0.603164 -0.177725 -0.772312
vn -0.737149 -0.651488 0.176234
vn -0.563721 -0.291863 -0.770531
vn -0.724261 0.366317 -0.583351
vn -0.712972 0.321691 -0.610339
vn -0.729555 0.357512 -0.541395
vn -0.730805 0.362778 -0.549795
vn -0.907879 0.312252 -0.279740
vn -0.690288 0.388133 -0.607058
vn -0.738954 0.452969 -0.498272
vn -0.664281 0.392062 -0.632241
vn -0.612467 0.326013 -0.712646
vn -0.629982 0.376807 -0.673941
vn -0.802586 0.508405 -0.306617
vn -0.839822 0.475032 -0.262761
vn -0.705110 0.443852 -0.552001
vn -0.731087 0.534247 -0.423157
vn -0.602595 0.238059 -0.757912
vn -0.554246 0.013542 -0.821763
vn -0.730343 0.550816 -0.402287
vn -0.714059 0.550935 -0.431902
vn -0.550196 -0.645811 -0.510743
vn -0.512043 -0.538153 -0.666670
vn -0.545817 -0.203460 -0.809900
vn -0.500980 -0.526352 -0.685263
vn -0.541491 0.202292 -0.811773
vn -0.532659 -0.368792 -0.758807
vn -0.518982 -0.444968 -0.728727
vn -0.527000 -0.254257 -0.808792
vn -0.525920 -0.058622 -0.838800
vn -0.562584 0.360348 -0.740364
vn -0.578579 -0.717128 -0.388451
vn -0.537162 -0.738476 -0.405225
vn -0.499374 -0.096439 -0.853081
vn -0.705394 -0.692432 0.150777
vn -0.482453 -0.549184 -0.680912
vn -0.641289 0.452369 -0.619302
vn -0.613789 0.437509 -0.656493
vn -0.511823 -0.316794 -0.797727
vn -0.505941 -0.388041 -0.769410
vn -0.495759 -0.467555 -0.730018
vn -0.486716 0.117163 -0.862382
vn -0.483326 -0.264149 -0.832412
vn -0.473637 -0.343058 -0.809864
vn -0.471748 -0.425963 -0.770472
vn -0.465098 -0.500712 -0.729167
vn -0.475242 -0.545695 -0.688720
vn -0.496980 -0.611980 -0.612385
vn -0.510605 -0.702902 -0.483983
vn -0.492085 0.189068 -0.846006
vn -0.578391 0.425981 -0.695038
vn -0.477460 -0.146617 -0.860557
vn -0.466823 0.062830 -0.880437
vn -0.462987 -0.709199 -0.524646
vn -0.457677 -0.307002 -0.833311
vn -0.459269 -0.382811 -0.799947
vn -0.451956 -0.610201 -0.647426
vn -0.436246 -0.477995 -0.760016
vn -0.450110 -0.492087 -0.743725
vn -0.433751 -0.552908 -0.709491
vn -0.475049 0.265136 -0.838112
vn -0.457410 0.223415 -0.859704
vn -0.440434 0.166252 -0.879898
vn -0.433542 0.146235 -0.885219
vn -0.471881 -0.758823 -0.448371
vn -0.414967 -0.599301 -0.682180
vn -0.414913 -0.730516 -0.535042
vn -0.421727 -0.657338 -0.623598
vn -0.424657 0.230427 -0.875180
vn -0.393259 -0.715241 -0.565050
vn -0.396084 -0.539923 -0.742682
vn -0.381616 -0.568284 -0.727546
vn -0.431112 -0.760912 -0.483422
vn -0.382552 -0.780477 -0.492978
vn -0.363135 -0.805867 -0.467666
vn -0.341214 -0.496392 -0.792809
vn -0.270919 -0.594918 -0.734691
vn -0.433168 -0.607129 -0.661714
vn -0.412762 -0.451705 -0.782332
vn -0.479364 -0.543020 -0.681491
vn -0.477260 -0.640221 -0.597584
vn -0.547617 -0.592348 -0.588336
vn -0.451858 -0.686377 -0.566791
vn -0.593511 -0.520256 -0.608871
vn -0.532975 -0.654658 -0.532961
vn -0.348023 -0.759694 -0.542879
vn -0.610427 -0.563917 -0.553221
vn -0.545258 -0.376107 -0.742803
vn -0.649652 -0.415593 -0.633856
vn -0.482605 -0.717832 -0.501772
vn -0.621338 -0.355679 -0.694806
vn -0.462017 -0.360397 -0.808374
vn -0.676951 -0.441779 -0.584200
vn -0.331123 -0.350121 -0.872158
vn -0.676829 -0.359400 -0.639108
vn -0.582060 -0.239811 -0.771002
vn -0.405924 -0.281986 -0.865878
vn -0.348188 -0.206014 -0.911326
vn -0.642041 -0.244528 -0.717407
vn -0.490675 -0.230559 -0.836624
vn -0.233376 -0.422760 -0.872126
vn -0.714738 -0.364113 -0.596805
vn -0.289533 -0.237347 -0.924421
vn -0.172405 -0.493222 -0.850518
vn -0.217295 -0.272181 -0.933658
vn -0.394590 -0.141490 -0.906071
vn -0.503121 -0.102562 -0.853974
vn -0.448869 -0.131285 -0.881185
vn -0.573074 -0.087990 -0.810255
vn -0.646383 -0.105923 -0.754024
vn -0.137679 -0.400784 -0.903459
vn -0.165040 -0.676844 -0.695830
vn -0.318235 -0.081616 -0.941317
vn -0.136467 -0.285238 -0.945242
vn -0.273075 -0.120011 -0.952197
vn -0.202756 -0.164299 -0.963636
vn -0.406435 -0.021810 -0.911228
vn -0.340028 -0.011496 -0.937890
vn -0.641163 -0.047403 -0.762750
vn -0.453998 0.038292 -0.886630
vn -0.153156 -0.161197 -0.973451
vn -0.243239 -0.009230 -0.968741
vn -0.076392 -0.523063 -0.843447
vn -0.068366 -0.387696 -0.916685
vn -0.060536 -0.275970 -0.956456
vn -0.191504 -0.072022 -0.977629
vn -0.126701 -0.064186 -0.988263
vn -0.071146 -0.160639 -0.983062
vn -0.566280 0.049689 -0.818772
vn -0.335280 0.086296 -0.935561
vn -0.261884 0.073900 -0.960524
vn -0.174910 0.038854 -0.981564
vn -0.444594 0.160331 -0.876669
vn -0.216680 0.062543 -0.973090
vn -0.358775 0.135664 -0.920680
vn -0.686904 -0.072623 -0.723038
vn -0.674760 0.005664 -0.735786
vn -0.646959 0.064955 -0.753786
vn -0.511688 0.167206 -0.837094
vn -0.660810 0.047057 -0.742834
vn -0.545838 0.142411 -0.823174
vn -0.644505 0.071791 -0.756525
vn -0.559845 0.176722 -0.806848
vn -0.489713 0.186542 -0.849432
vn -0.433182 0.219796 -0.871380
vn -0.627742 0.169135 -0.757032
vn -0.470734 0.273691 -0.833913
vn -0.579664 0.273374 -0.763956
vn -0.687162 0.050546 -0.722219
vn -0.709983 -0.006506 -0.704188
vn -0.716332 0.006967 -0.697531
vn -0.475577 0.410228 -0.770664
vn -0.644462 0.284828 -0.708445
vn -0.589473 0.369312 -0.713995
vn -0.617850 0.373476 -0.688863
vn -0.436280 0.499424 -0.741290
vn -0.568467 0.428386 -0.701561
vn -0.591110 0.424515 -0.685840
vn 0.400164 -0.443036 -0.800079
vn 0.443879 -0.528222 -0.719455
vn 0.405978 -0.565310 -0.713472
vn 0.415396 -0.392885 -0.817087
vn 0.480762 -0.481938 -0.724351
vn 0.427420 -0.326786 -0.839443
vn 0.349001 -0.468339 -0.809069
vn 0.346691 -0.375189 -0.857114
vn 0.367473 -0.291829 -0.878657
vn 0.511073 -0.394884 -0.757259
vn 0.289327 -0.346361 -0.889177
vn 0.275174 -0.466177 -0.838210
vn 0.343824 -0.570745 -0.740852
vn 0.399112 -0.292917 -0.868423
vn 0.230846 -0.332384 -0.911512
vn 0.298989 -0.283555 -0.909733
vn 0.457225 -0.257048 -0.848896
vn 0.513728 -0.284422 -0.806459
vn 0.378245 -0.190341 -0.903189
vn 0.196732 -0.408809 -0.887282
vn 0.215109 -0.226006 -0.947632
vn 0.250044 -0.195326 -0.944632
vn 0.303865 -0.189569 -0.931827
vn 0.231490 -0.543316 -0.803727
vn 0.434525 -0.194689 -0.877856
vn 0.335446 -0.126737 -0.930559
vn 0.165825 -0.229653 -0.957130
vn 0.139689 -0.294094 -0.943922
vn 0.394972 -0.159913 -0.904525
vn 0.528430 -0.238160 -0.813561
vn 0.345199 -0.135085 -0.927910
vn 0.312147 -0.030529 -0.946867
vn 0.246281 -0.077411 -0.963714
vn 0.114266 -0.387210 -0.912964
vn 0.082405 -0.292424 -0.950327
vn 0.137375 -0.500421 -0.849845
vn 0.095818 -0.205475 -0.972434
vn 0.028460 -0.377383 -0.922571
vn 0.013176 -0.211859 -0.974663
vn 0.039438 -0.514036 -0.850311
vn 0.299150 -0.621738 -0.715949
vn 0.218090 -0.601289 -0.766757
vn 0.586082 -0.329160 -0.734406
vn 0.574360 -0.255519 -0.777636
vn 0.609668 -0.309250 -0.723820
vn 0.579908 -0.254544 -0.773893
vn 0.578297 -0.254424 -0.775139
vn 0.588629 -0.485783 -0.637934
vn 0.144691 -0.633014 -0.753884
vn 0.063802 -0.693059 -0.702907
vn 0.387263 -0.645856 -0.650888
vn 0.346380 -0.719132 -0.590814
vn 0.269012 -0.690484 -0.660103
vn 0.257851 -0.752684 -0.595023
vn 0.653811 -0.387734 -0.648589
vn 0.551369 -0.581084 -0.588791
vn 0.444219 -0.638124 -0.624012
vn 0.425402 -0.696208 -0.573086
vn 0.648017 -0.478106 -0.585335
vn 0.498725 -0.669493 -0.535994
vn -0.057047 -0.741066 -0.653070
vn 0.664909 -0.413457 -0.620284
vn 0.645394 -0.398558 -0.651627
vn 0.303199 -0.804493 -0.498259
vn 0.194646 -0.787566 -0.580013
vn 0.672673 -0.506307 -0.537520
vn 0.614971 -0.586634 -0.524301
vn 0.455661 -0.760478 -0.450544
vn 0.380512 -0.783178 -0.486483
vn 0.288427 -0.833893 -0.465637
vn 0.649741 -0.557954 -0.516033
vn 0.538474 -0.701101 -0.462114
vn 0.085735 -0.800129 -0.589196
vn 0.424930 -0.788581 -0.436591
vn 0.286853 -0.840943 -0.450874
vn 0.246862 -0.838457 -0.473159
vn 0.334060 -0.846979 -0.408310
vn -0.054980 -0.811888 -0.578632
vn 0.484986 -0.777223 -0.397710
vn 0.356362 -0.839385 -0.407566
vn 0.297366 -0.863533 -0.406001
vn 0.292383 -0.870531 -0.393908
vn -0.173637 -0.818554 -0.536298
vn 0.447742 -0.824493 -0.345707
vn 0.292662 -0.882834 -0.367358
vn 0.316856 -0.885366 -0.340104
vn -0.270828 -0.818127 -0.494931
vn -0.308752 -0.856016 -0.411014
vn -0.270307 -0.886353 -0.375579
vn 0.004096 0.011240 -0.997412
vn 0.063624 -0.022044 -0.995574
vn 0.030832 -0.108878 -0.991906
vn 0.111421 -0.138972 -0.982654
vn 0.112385 -0.019797 -0.991459
vn 0.161056 -0.150205 -0.974158
vn 0.147797 -0.064959 -0.986443
vn 0.182918 -0.136065 -0.972474
vn 0.175816 -0.038362 -0.981067
vn 0.115262 0.040292 -0.990111
vn 0.185409 0.060715 -0.978001
vn 0.274526 0.018032 -0.959516
vn 0.113319 0.121081 -0.985071
vn 0.061900 0.076568 -0.993770
vn 0.021886 0.079043 -0.995891
vn 0.068406 0.123377 -0.987467
vn 0.061365 0.186129 -0.978408
vn -0.040668 0.009559 -0.996518
vn -0.012680 -0.112175 -0.992027
vn 0.190526 0.172563 -0.962852
vn -0.071751 -0.056786 -0.994493
vn 0.016676 0.184576 -0.980889
vn -0.033997 0.164547 -0.982249
vn 0.123035 0.220884 -0.965502
vn 0.067669 0.246424 -0.964291
vn 0.242974 0.102525 -0.961564
vn 0.022797 0.234509 -0.971339
vn -0.091568 0.117024 -0.987405
vn -0.122840 0.068283 -0.987753
vn 0.257499 0.066188 -0.963457
vn 0.195090 0.130764 -0.970118
vn 0.265442 0.125813 -0.955343
vn 0.135060 0.204496 -0.966216
vn 0.083201 0.241179 -0.963190
vn 0.205747 0.153298 -0.962649
vn 0.107575 0.275782 -0.953840
vn 0.189903 0.227379 -0.947040
vn 0.001976 0.312754 -0.947572
vn -0.025139 0.350865 -0.929614
vn -0.020719 0.300026 -0.951340
vn 0.073476 0.352970 -0.930190
vn -0.097836 0.239391 -0.965160
vn 0.278059 0.152104 -0.948441
vn 0.169094 0.280681 -0.936313
vn 0.027797 0.360642 -0.929890
vn 0.027474 0.355395 -0.932434
vn -0.070097 0.325422 -0.940594
vn 0.057479 0.337137 -0.938697
vn -0.045478 0.404500 -0.908345
vn -0.128631 0.175311 -0.974860
vn 0.045409 0.395579 -0.913266
vn -0.101220 0.311711 -0.942002
vn -0.127521 0.225665 -0.965370
vn -0.171935 0.141970 -0.973382
vn 0.029127 0.442151 -0.891609
vn -0.144113 0.277359 -0.948295
vn -0.049396 0.436713 -0.894787
vn -0.043877 0.426719 -0.901396
vn -0.070734 0.451240 -0.886431
vn 0.015623 0.449489 -0.887976
vn 0.176560 0.344957 -0.919477
vn 0.127324 0.417011 -0.892462
vn -0.079915 0.373561 -0.921978
vn -0.110233 0.357480 -0.925258
vn -0.160162 0.305867 -0.936883
vn -0.093467 0.398168 -0.911979
vn -0.047069 0.482609 -0.870403
vn -0.223148 0.172797 -0.957283
vn -0.261850 0.215753 -0.937581
vn -0.158508 0.447957 -0.876786
vn -0.101688 0.405785 -0.906167
vn -0.188322 0.331786 -0.921158
vn -0.033871 0.474065 -0.877809
vn -0.090133 0.420242 -0.901078
vn -0.085179 0.449468 -0.885395
vn -0.219079 0.336766 -0.912215
vn -0.153481 0.489341 -0.855194
vn 0.016026 0.460930 -0.886022
vn -0.113009 0.504853 -0.844272
vn 0.010485 0.496110 -0.865353
vn -0.018810 0.492934 -0.868332
vn -0.276136 0.298987 -0.907179
vn -0.262860 0.382933 -0.869618
vn -0.095430 0.511306 -0.851617
vn -0.077893 0.577335 -0.807504
vn 0.032227 0.539068 -0.831893
vn -0.195049 0.523006 -0.825076
vn -0.196597 0.576699 -0.783243
vn 0.051438 0.531599 -0.843219
vn 0.079622 0.566077 -0.812655
vn -0.062600 0.547897 -0.830666
vn -0.055424 0.580336 -0.808732
vn -0.127472 0.570324 -0.805854
vn -0.006469 0.564128 -0.815266
vn 0.060109 0.587740 -0.798436
vn 0.041764 0.581579 -0.807864
vn -0.006717 0.622249 -0.777545
vn 0.071943 0.565941 -0.815652
vn -0.178796 0.501435 -0.837592
vn -0.305987 0.264352 -0.912161
vn -0.362347 0.255631 -0.893775
vn 0.129594 0.583854 -0.796988
vn -0.148438 0.627154 -0.758831
vn 0.146391 0.536184 -0.824102
vn -0.230333 0.553561 -0.798668
vn -0.033349 0.583192 -0.793405
vn 0.085936 0.610843 -0.781762
vn 0.241300 0.391372 -0.885332
vn -0.228458 0.564545 -0.776431
vn -0.055238 0.618374 -0.782841
vn -0.361319 0.426396 -0.826487
vn -0.080096 0.633411 -0.744633
vn 0.189353 0.514482 -0.834016
vn 0.088538 0.642505 -0.752799
vn 0.051186 0.630840 -0.772515
vn 0.109699 0.623027 -0.772375
vn 0.044801 0.667730 -0.739113
vn -0.099693 0.672027 -0.730810
vn -0.059425 0.668567 -0.740043
vn -0.144900 0.649915 -0.742538
vn -0.200843 0.671539 -0.712670
vn 0.123280 0.586009 -0.798817
vn 0.163974 0.575851 -0.796015
vn 0.092150 0.626819 -0.770649
vn 0.040644 0.656422 -0.748876
vn 0.066542 0.642617 -0.759672
vn -0.020875 0.670602 -0.740382
vn 0.174899 0.621747 -0.751416
vn -0.137388 0.647535 -0.744587
vn -0.253656 0.604785 -0.752335
vn -0.251405 0.609612 -0.749121
vn -0.241077 0.609855 -0.753278
vn 0.181562 0.633696 -0.751848
vn 0.177892 0.637083 -0.749983
vn 0.164112 0.653171 -0.738485
vn -0.310352 0.608320 -0.728833
vn 0.139407 0.672362 -0.726862
vn -0.048627 0.714156 -0.697383
vn -0.246797 0.649406 -0.718950
vn 0.073179 0.717774 -0.688517
vn -0.027902 0.719322 -0.693995
vn -0.179511 0.693640 -0.696018
vn -0.318322 0.631702 -0.705015
vn -0.213365 0.688639 -0.692941
vn -0.303432 0.657363 -0.689133
vn 0.065741 0.727390 -0.683068
vn 0.317492 0.556648 -0.767595
vn 0.305310 0.575000 -0.759053
vn -0.287207 0.669137 -0.685396
vn -0.309538 0.676883 -0.667844
vn -0.086163 0.601128 0.787779
vn -0.173524 0.569372 0.797485
vn -0.168391 0.432298 0.879906
vn -0.056185 0.438733 0.892855
vn -0.014212 0.521933 0.850172
vn -0.000920 0.397774 0.915207
vn 0.029123 0.430059 0.900191
vn 0.069913 0.530499 0.838913
vn -0.009086 0.654696 0.750469
vn 0.092044 0.414401 0.903893
vn -0.011656 0.298597 0.952289
vn 0.039774 0.309503 0.948161
vn -0.085612 0.302971 0.946866
vn 0.157968 0.458450 0.872080
vn 0.118881 0.332202 0.933282
vn 0.148749 0.618142 0.757608
vn 0.194256 0.366715 0.906988
vn 0.010054 0.208632 0.976543
vn 0.076791 0.227362 0.969387
vn -0.171205 0.270193 0.944052
vn -0.072184 0.187186 0.977979
vn 0.146519 0.248886 0.955888
vn 0.227612 0.263808 0.935267
vn 0.049769 0.129296 0.988638
vn 0.109656 0.162904 0.979677
vn -0.012978 0.105472 0.992621
vn 0.186043 0.147019 0.969421
vn -0.156368 0.176464 0.970139
vn -0.078175 0.072883 0.992371
vn -0.121407 0.065171 0.988388
vn 0.095635 0.073035 0.991661
vn 0.028441 0.028531 0.997798
vn 0.265601 0.173494 0.946236
vn 0.268628 0.381347 0.882844
vn 0.303473 0.300163 0.901741
vn 0.140815 0.031239 0.988084
vn 0.231562 0.062958 0.967870
vn 0.050388 -0.031925 0.995594
vn -0.035119 -0.022460 0.996854
vn -0.253663 0.230277 0.937348
vn -0.194746 0.096714 0.972987
vn -0.097485 -0.064019 0.990630
vn 0.068831 -0.096251 0.990620
vn -0.006175 -0.093353 0.993985
vn 0.165917 -0.080418 0.978661
vn -0.133107 -0.111308 0.980138
vn -0.221216 -0.039323 0.969766
vn 0.326032 0.082882 0.940038
vn -0.248810 0.350549 0.900959
vn -0.311996 0.120380 0.938510
vn -0.052504 -0.167476 0.982075
vn -0.106456 -0.202194 0.971650
vn 0.001344 -0.166828 0.983429
vn -0.050331 -0.246313 0.965671
vn 0.333571 -0.036848 0.937302
vn 0.368363 0.212947 0.903062
vn 0.398326 0.129031 0.906132
vn 0.050019 -0.226305 0.968505
vn -0.351185 -0.011520 0.932043
vn 0.156548 -0.239873 0.949240
vn -0.348334 0.221925 0.907746
vn -0.167083 -0.236594 0.953527
vn -0.133547 -0.266269 0.952880
vn -0.238880 0.443847 0.860964
vn -0.311625 0.322945 0.891432
vn -0.297061 -0.162801 0.937260
vn 0.421788 0.046435 0.904533
vn -0.080845 -0.303111 0.948433
vn 0.327171 -0.170414 0.925481
vn -0.047134 -0.326470 0.941001
vn -0.079418 -0.381166 0.917125
vn -0.256749 -0.303031 0.914959
vn -0.386287 0.090173 0.916355
vn -0.142129 -0.337725 0.929343
vn -0.409154 -0.037650 0.909358
vn 0.380680 0.301354 0.871830
vn -0.354038 0.351357 0.863448
vn -0.297736 0.418290 0.856196
vn -0.397147 0.229768 0.887381
vn -0.397510 -0.141124 0.903784
vn 0.026636 -0.376037 0.922208
vn -0.173688 -0.336478 0.924978
vn 0.203264 -0.379596 0.895063
vn 0.346472 -0.137140 0.922877
vn -0.117312 -0.398807 0.907528
vn -0.087375 -0.396123 0.912208
vn 0.100756 -0.406530 0.905052
vn -0.365869 -0.264712 0.889258
vn 0.412525 0.007411 0.909602
vn 0.343355 -0.007942 0.938442
vn 0.360250 -0.148847 0.915246
vn 0.407206 -0.034036 0.909190
vn 0.370381 0.038583 0.926345
vn 0.381321 0.045847 0.921702
vn 0.370903 0.106946 0.919997
vn 0.382591 0.125521 0.913000
vn 0.383968 0.193239 0.901964
vn 0.376410 0.296365 0.876142
vn 0.389062 0.242763 0.886186
vn 0.473726 0.099413 0.872869
vn 0.288014 -0.308838 0.902220
vn 0.295803 -0.292973 0.907731
vn 0.338298 -0.309071 0.885519
vn 0.241613 -0.376267 0.891248
vn 0.138886 -0.464801 0.874450
vn 0.486612 0.060113 0.870265
vn 0.483106 -0.154963 0.855733
vn 0.532219 0.032278 0.842979
vn 0.466680 0.210065 0.855899
vn 0.400140 -0.311813 0.855572
vn -0.172474 -0.398172 0.899457
vn -0.256333 -0.347108 0.900501
vn -0.316264 -0.353385 0.878853
vn -0.068919 -0.456327 0.886568
vn 0.251517 -0.423225 0.870154
vn 0.323827 -0.407163 0.852216
vn -0.005555 -0.475398 0.879073
vn -0.094174 -0.470832 0.876987
vn -0.094443 -0.479858 0.872218
vn -0.274225 -0.402376 0.872118
vn -0.146335 -0.455249 0.878189
vn 0.395522 0.352395 0.845573
vn 0.464643 -0.286359 0.834246
vn -0.183035 -0.452207 0.872280
vn 0.574479 0.119554 0.807293
vn 0.338713 0.410988 0.843008
vn 0.564689 0.164202 0.806156
vn 0.376469 0.423878 0.820390
vn 0.615427 -0.011214 0.782204
vn 0.236113 0.467108 0.849815
vn 0.549751 -0.253634 0.793716
vn 0.477596 0.355604 0.799405
vn 0.306019 0.523298 0.789232
vn 0.591638 -0.149846 0.787744
vn 0.379122 -0.426614 0.820771
vn -0.368680 -0.365815 0.851893
vn -0.435892 -0.176320 0.881612
vn -0.429722 -0.269765 0.859853
vn -0.334661 -0.425243 0.840290
vn -0.464363 -0.226827 0.855817
vn -0.426372 -0.319720 0.845130
vn -0.460792 -0.262841 0.847506
vn -0.381788 -0.406150 0.829311
vn 0.630937 0.130723 0.761413
vn 0.634589 -0.182693 0.743971
vn 0.543897 0.287621 0.785749
vn 0.582977 -0.303509 0.753671
vn 0.667604 -0.031045 0.740103
vn 0.627130 0.152568 0.762566
vn 0.417136 0.455570 0.783890
vn 0.652859 0.157766 0.739935
vn 0.599156 0.267201 0.751272
vn 0.677393 0.099219 0.726963
vn 0.237103 0.611336 0.743985
vn 0.697710 -0.110295 0.703452
vn 0.662934 -0.225938 0.713772
vn 0.727076 0.007156 0.681133
vn 0.669072 0.170962 0.721591
vn 0.337356 0.576931 0.736826
vn 0.548703 0.389502 0.737481
vn -0.225483 0.523673 0.818213
vn 0.675210 0.169338 0.717476
vn 0.676098 0.169765 0.716201
vn 0.508334 0.467592 0.720959
vn 0.367499 0.553744 0.742349
vn 0.301272 0.648532 0.695245
vn 0.648483 0.265221 0.711795
vn 0.610226 0.376151 0.692921
vn 0.719567 0.141293 0.677794
vn 0.712550 0.198829 0.670915
vn 0.688001 0.251243 0.678461
vn 0.412585 0.575062 0.700997
vn 0.487941 0.554608 0.669679
vn -0.350689 0.435444 0.829100
vn 0.549487 0.481257 0.681529
vn 0.091011 0.685111 0.716725
vn 0.777221 -0.058269 0.625374
vn 0.663753 0.389716 0.634866
vn 0.779279 0.030068 0.621599
vn 0.755959 0.197368 0.622595
vn 0.769254 0.140569 0.621892
vn 0.718067 0.349987 0.594347
vn 0.523270 0.547957 0.648538
vn 0.761683 0.263824 0.589970
vn 0.614688 0.498007 0.607574
vn 0.798129 0.101784 0.592404
vn 0.562471 0.572918 0.591234
vn 0.349678 0.654425 0.669121
vn 0.794648 0.199490 0.571681
vn 0.814445 0.010160 0.577240
vn 0.809936 -0.038134 0.584953
vn 0.822187 0.161718 0.542313
vn 0.790319 0.245387 0.560714
vn 0.819290 -0.020435 0.572204
vn 0.656107 0.500468 0.558924
vn 0.764125 0.362959 0.530264
vn 0.830042 0.095668 0.546728
vn 0.816300 0.029720 0.575969
vn 0.817675 0.023657 0.572062
vn 0.811529 -0.040425 0.582841
vn 0.827062 -0.028320 0.560553
vn 0.812594 0.110368 0.570689
vn 0.806835 0.129301 0.575620
vn 0.835021 0.095543 0.540148
vn 0.805910 0.192054 0.556684
vn 0.829755 0.156594 0.534347
vn 0.797752 0.216971 0.561000
vn 0.860943 0.022191 0.502525
vn 0.834700 0.189001 0.512931
vn 0.881341 -0.037762 0.466763
vn 0.786214 0.276515 0.549036
vn 0.806353 0.290611 0.512883
vn 0.818583 0.238916 0.521214
vn 0.809585 0.251338 0.529411
vn 0.783829 0.307378 0.537511
vn 0.815767 0.260196 0.514928
vn 0.795881 0.308865 0.519164
vn 0.771293 0.372244 0.512135
vn 0.894722 0.121518 0.424680
vn 0.810909 0.357701 0.457241
vn 0.929009 0.031673 0.359508
vn 0.771764 0.412961 0.479225
vn 0.739401 0.451228 0.494836
vn 0.676883 0.508272 0.525617
vn 0.862126 0.273695 0.418893
vn 0.787108 0.386477 0.477640
vn 0.775807 0.394581 0.490417
vn 0.784962 0.380731 0.486298
vn 0.453077 0.629638 0.628805
vn 0.880954 0.207782 0.421734
vn 0.928590 -0.040765 0.366444
vn 0.613672 0.577669 0.536284
vn 0.320245 0.673948 0.665617
vn 0.528333 0.629342 0.568992
vn 0.932575 0.138024 0.325758
vn 0.760043 0.464227 0.453178
vn 0.757290 0.472630 0.446877
vn 0.749553 0.485115 0.446605
vn 0.799813 0.421802 0.424033
vn 0.914656 0.237524 0.317754
vn 0.762222 0.472403 0.442405
vn 0.547008 0.641680 0.537557
vn 0.681653 0.557875 0.470904
vn 0.733351 0.521604 0.435044
vn 0.962275 0.021467 0.259124
vn 0.875837 0.335321 0.339964
vn 0.735670 0.531556 0.419555
vn 0.718257 0.552933 0.421628
vn 0.195336 0.740308 0.641736
vn 0.733033 0.538845 0.413293
vn 0.972975 0.091421 0.194680
vn 0.959173 0.124593 0.246871
vn 0.950004 0.190037 0.242035
vn -0.084639 0.687356 0.720958
vn -0.005226 0.722628 0.687124
vn -0.149464 0.664555 0.730962
vn 0.924488 0.281314 0.255672
vn 0.975717 0.136433 0.166956
vn 0.982210 0.089741 0.159749
vn 0.981815 0.058035 0.180750
vn 0.983373 0.124835 0.131864
vn 0.264668 -0.279991 -0.918804
vn 0.270745 -0.374450 -0.883375
vn 0.396946 -0.307781 -0.861596
vn 0.382027 -0.220519 -0.895438
vn 0.472460 -0.205161 -0.853700
vn 0.508531 -0.262362 -0.816474
vn 0.305104 -0.166815 -0.934393
vn 0.419036 -0.130346 -0.896759
vn 0.509407 -0.107338 -0.851927
vn 0.380416 -0.053659 -0.919543
vn 0.482666 -0.024026 -0.871501
vn 0.256323 -0.077453 -0.960046
vn 0.565328 -0.155851 -0.805876
vn 0.560288 -0.075060 -0.823519
vn 0.594397 -0.210995 -0.772035
vn 0.575597 0.004611 -0.814582
vn 0.626638 -0.041217 -0.776204
vn 0.653575 -0.112011 -0.744822
vn 0.676084 0.026188 -0.731790
vn 0.538144 -0.336373 -0.769904
vn 0.441093 -0.384194 -0.806911
vn 0.627679 -0.274251 -0.724095
vn 0.324476 -0.435054 -0.835443
vn 0.674885 -0.158557 -0.717111
vn 0.708003 -0.209300 -0.671227
vn 0.719657 -0.051148 -0.689338
vn 0.672839 -0.331024 -0.655998
vn 0.582411 -0.397409 -0.703277
vn 0.497812 -0.447421 -0.739512
vn 0.405122 -0.485655 -0.770395
vn 0.305956 -0.543095 -0.777435
vn 0.744554 -0.120354 -0.652812
vn 0.769160 -0.192716 -0.605717
vn 0.743392 -0.273127 -0.607088
vn 0.533698 0.069981 -0.841107
vn 0.599427 0.098915 -0.791820
vn 0.452650 0.076761 -0.884402
vn 0.349633 0.048020 -0.930471
vn 0.680511 0.113751 -0.721244
vn 0.765143 -0.024216 -0.639862
vn 0.752647 0.059801 -0.651864
vn 0.733238 0.136831 -0.663608
vn 0.784241 -0.081562 -0.612277
vn 0.749877 -0.376078 -0.537252
vn 0.820042 -0.178797 -0.538245
vn 0.564093 0.189441 -0.798272
vn 0.492021 0.169245 -0.850579
vn 0.652376 0.175882 -0.732531
vn 0.385848 0.237777 -0.885916
vn 0.779052 0.012915 -0.626712
vn 0.830603 -0.017296 -0.552143
vn 0.806547 0.011953 -0.589518
vn 0.796194 -0.274228 -0.535458
vn 0.811189 -0.371064 -0.446172
vn 0.826053 -0.066406 -0.556856
vn 0.773356 0.141134 -0.615373
vn 0.814426 0.087920 -0.570655
vn 0.702767 0.279153 -0.645718
vn 0.839569 -0.121557 -0.527124
vn 0.852152 0.026492 -0.519852
vn 0.622660 0.302591 -0.718008
vn 0.779901 0.179996 -0.594987
vn 0.837122 -0.257195 -0.478513
vn 0.726694 0.299435 -0.610036
vn 0.857149 -0.197670 -0.472623
vn 0.869254 -0.062701 -0.488377
vn 0.512819 0.304136 -0.798389
vn 0.446475 0.289285 -0.842771
vn 0.565678 0.347943 -0.742963
vn 0.619663 0.404844 -0.665388
vn 0.809080 0.168504 -0.559126
vn 0.755350 0.279250 -0.586598
vn 0.839840 0.121389 -0.526490
vn 0.848488 0.067044 -0.524632
vn 0.876980 0.024619 -0.478398
vn 0.874537 -0.004497 -0.482712
vn 0.710446 0.323938 -0.618142
vn 0.828278 0.229786 -0.506257
vn 0.695021 -0.425609 -0.575299
vn 0.620660 -0.465868 -0.626047
vn 0.527339 -0.539127 -0.650048
vn 0.860221 0.168743 -0.481193
vn 0.656145 0.389458 -0.641286
vn 0.829317 -0.371484 -0.413422
vn 0.716361 -0.444582 -0.537519
vn 0.671438 -0.515294 -0.525275
vn 0.763517 -0.475756 -0.425538
vn 0.455077 -0.567037 -0.681267
vn 0.590946 -0.559197 -0.577843
vn 0.287966 0.231167 -0.925513
vn 0.810074 -0.444743 -0.374988
vn 0.261548 0.004080 -0.962508
vn 0.361640 -0.583937 -0.722577
vn 0.236180 0.130887 -0.958324
vn 0.789439 0.311843 -0.524662
vn 0.192891 -0.204514 -0.956834
vn 0.664440 0.405606 -0.621830
vn 0.126493 -0.305083 -0.939460
vn 0.168961 -0.393705 -0.900625
vn 0.675722 0.399301 -0.612383
vn 0.227727 -0.523479 -0.818131
vn 0.520578 -0.656896 -0.531826
vn 0.595345 -0.649736 -0.457933
vn 0.685762 -0.600930 -0.397307
vn 0.721712 -0.603705 -0.324910
vn 0.448619 -0.688972 -0.552644
vn 0.196080 -0.460487 -0.863280
vn 0.119276 -0.120249 -0.979857
vn 0.168560 0.008652 -0.982030
vn 0.272694 -0.673413 -0.671655
vn 0.360562 -0.693068 -0.611800
vn 0.185548 -0.646963 -0.727164
vn 0.113764 0.181785 -0.968445
vn 0.104545 -0.478571 -0.869207
vn 0.149978 -0.554521 -0.815942
vn 0.206577 0.268432 -0.938115
vn 0.056190 -0.240026 -0.966539
vn 0.462600 0.351138 -0.813227
vn 0.517322 0.386362 -0.762407
vn 0.558542 0.432279 -0.706611
vn 0.393542 0.327972 -0.857757
vn 0.298447 0.305272 -0.902685
vn 0.703821 0.363236 -0.609556
vn 0.670670 0.411020 -0.615473
vn 0.812433 0.304017 -0.497420
vn 0.743620 0.364444 -0.552033
vn 0.624734 0.452342 -0.635553
vn 0.586430 0.458886 -0.666834
vn 0.776047 -0.557285 -0.283390
vn 0.776763 -0.570106 -0.252173
vn 0.044684 -0.073080 -0.994084
vn 0.047535 0.048891 -0.995563
vn 0.048807 -0.399898 -0.911770
vn -0.004479 -0.233559 -0.964571
vn 0.018498 -0.560150 -0.823872
vn 0.073606 -0.653771 -0.744000
vn 0.562110 0.513381 -0.646907
vn -0.058613 -0.043044 -0.991937
vn 0.008727 -0.491277 -0.869056
vn -0.028733 0.147056 -0.981308
vn -0.062297 -0.384886 -0.918417
vn -0.035406 -0.466054 -0.882634
vn 0.120409 0.316428 -0.938617
vn 0.508165 -0.748004 -0.418348
vn 0.626727 -0.684714 -0.367379
vn 0.691586 -0.659360 -0.290769
vn 0.737341 -0.632460 -0.230327
vn -0.076658 -0.500223 -0.860948
vn 0.167947 -0.811621 -0.553373
vn -0.098340 -0.338842 -0.934123
vn -0.129089 -0.187156 -0.970181
vn -0.143918 -0.073760 -0.982764
vn -0.085840 -0.567245 -0.815498
vn 0.055004 0.266759 -0.961678
vn -0.139325 0.060748 -0.986298
vn -0.052521 -0.647166 -0.756249
vn -0.138811 -0.353884 -0.922758
vn -0.140055 -0.460248 -0.874183
vn 0.083737 -0.773660 -0.619693
vn -0.040781 0.259237 -0.962810
vn -0.179702 -0.244671 -0.949630
vn -0.232715 -0.073934 -0.961772
vn -0.221937 0.110439 -0.963724
vn -0.168259 -0.512985 -0.840052
vn -0.126081 0.183059 -0.971915
vn 0.240102 -0.817280 -0.520347
vn -0.030407 -0.708663 -0.701590
vn -0.214492 -0.374068 -0.900923
vn -0.242137 -0.287046 -0.923774
vn -0.233061 -0.418345 -0.875651
vn -0.234000 -0.490055 -0.837839
vn -0.246421 -0.558932 -0.788002
vn -0.160366 -0.623158 -0.761517
vn 0.379964 -0.791817 -0.477146
vn 0.426628 -0.798332 -0.416162
vn -0.303726 -0.350868 -0.882100
vn -0.256868 -0.324522 -0.909608
vn -0.282758 -0.132365 -0.937301
vn -0.357212 -0.152397 -0.907624
vn -0.339422 0.087843 -0.932365
vn -0.291650 0.113919 -0.946146
vn -0.139144 -0.696229 -0.702099
vn -0.335011 -0.437641 -0.829973
vn -0.246556 0.189944 -0.948093
vn -0.213011 -0.694298 -0.679088
vn -0.299583 -0.503609 -0.809115
vn -0.297963 -0.575897 -0.758494
vn -0.278223 -0.669261 -0.680482
vn -0.375562 -0.304501 -0.873730
vn -0.371200 -0.380091 -0.846498
vn -0.230517 -0.757246 -0.606583
vn -0.400481 -0.451018 -0.795504
vn -0.383765 -0.494283 -0.777925
vn -0.410526 -0.146662 -0.887721
vn -0.311716 0.172166 -0.933672
vn -0.393930 0.058337 -0.914453
vn -0.372940 0.146012 -0.916289
vn -0.328915 -0.639548 -0.691656
vn -0.299363 -0.709073 -0.638035
vn 0.222895 0.755600 0.613440
vn 0.254807 0.661665 0.703096
vn 0.161320 0.676582 0.713029
vn 0.137271 0.774450 0.612254
vn 0.312307 0.703706 0.630900
vn 0.274998 0.770179 0.571923
vn 0.198079 0.789358 0.578716
vn 0.135348 0.832932 0.536005
vn 0.042824 0.701069 0.704489
vn 0.040531 0.770775 0.626666
vn 0.318164 0.596934 0.728597
vn 0.232403 0.572174 0.779443
vn 0.085423 0.593039 0.794922
vn 0.420275 0.651094 0.626465
vn 0.417428 0.732203 0.524505
vn 0.390981 0.535370 0.741873
vn 0.370938 0.774297 0.509411
vn 0.481933 0.759505 0.426097
vn 0.505633 0.590882 0.619137
vn 0.439183 0.458903 0.763065
vn 0.529364 0.666975 0.510937
vn 0.295333 0.453442 0.838021
vn 0.178710 0.473325 0.858929
vn 0.065573 0.508108 0.854779
vn 0.358721 0.411315 0.835993
vn 0.045818 0.412778 0.905788
vn 0.216412 0.366798 0.901068
vn 0.296910 0.350187 0.886361
vn 0.388253 0.342410 0.853682
vn 0.501680 0.340931 0.790776
vn 0.571383 0.470406 0.660657
vn 0.600754 0.566069 0.558417
vn 0.117931 0.335287 0.931950
vn 0.344474 0.311934 0.883425
vn 0.456121 0.298800 0.835162
vn 0.266698 0.281561 0.919885
vn 0.189629 0.256368 0.945778
vn 0.519273 0.301982 0.799072
vn 0.523920 0.195483 0.821099
vn 0.345328 0.223111 0.908158
vn 0.455747 0.190111 0.864129
vn 0.010518 0.325480 0.943477
vn 0.064705 0.253897 0.962171
vn 0.576992 0.350808 0.734879
vn 0.627335 0.468981 0.613735
vn 0.255268 0.213808 0.941713
vn 0.369558 0.160716 0.912270
vn 0.115903 0.220530 0.965149
vn -0.012112 0.501284 0.863874
vn -0.039918 0.551967 0.829985
vn -0.068477 0.639659 0.759680
vn 0.474890 0.105265 0.871707
vn -0.035801 0.268336 0.960351
vn -0.031267 0.220315 0.973274
vn -0.083773 0.446261 0.886438
vn -0.076576 0.351365 0.928856
vn -0.132604 0.537438 0.830389
vn -0.129009 0.627159 0.763204
vn -0.060822 0.740944 0.667554
vn -0.162252 0.596537 0.782953
vn -0.136031 0.240868 0.959208
vn -0.208383 0.462547 0.859267
vn -0.208584 0.378789 0.899054
vn -0.205577 0.287674 0.931208
vn -0.207731 0.524929 0.821528
vn -0.131772 0.652131 0.746566
vn -0.135084 0.198773 0.969064
vn -0.232504 0.209338 0.948643
vn -0.322243 0.473640 0.816447
vn -0.333620 0.399422 0.849241
vn -0.285488 0.269493 0.916396
vn 0.556825 0.060665 0.824305
vn -0.272763 0.197299 0.941565
vn -0.306877 0.281244 0.906413
vn -0.244245 0.215466 0.945118
vn -0.274410 0.283877 0.915712
vn -0.235034 0.209612 0.948249
vn -0.320250 0.385700 0.857833
vn -0.338239 0.383844 0.856220
vn -0.361799 0.457088 0.812187
vn -0.355771 0.466398 0.809585
vn -0.292001 0.230913 0.924666
vn -0.358945 0.373176 0.850355
vn -0.380334 0.249113 0.889701
vn -0.354960 0.207985 0.907741
vn -0.362153 0.455630 0.812841
vn -0.383530 0.462102 0.798818
vn -0.397051 0.315040 0.858980
vn -0.418310 0.405731 0.811188
vn -0.389307 0.242644 0.887663
vn -0.401674 0.284063 0.869544
vn -0.403754 0.220440 0.885837
vn -0.382587 0.237002 0.892763
vn -0.377888 0.195927 0.903906
vn -0.441797 0.380512 0.811940
vn -0.448488 0.401788 0.798389
vn 0.626047 0.056690 0.777722
vn -0.458277 0.786533 0.406123
vn -0.445691 0.751696 0.482722
vn -0.487041 0.692774 0.524395
vn -0.418281 0.780130 0.463656
vn -0.466857 0.718919 0.514651
vn -0.490433 0.759949 0.407306
vn -0.463545 0.682722 0.562348
vn -0.460328 0.709459 0.531214
vn -0.485907 0.713513 0.504613
vn -0.372489 0.758532 0.523224
vn -0.283287 0.756674 0.578813
vn -0.515326 0.639483 0.561082
vn -0.432558 0.667916 0.603283
vn -0.344451 0.695477 0.626333
vn -0.462700 0.629560 0.618765
vn -0.561943 0.655800 0.495764
vn -0.567914 0.556367 0.601017
vn -0.435246 0.613484 0.657804
vn -0.386291 0.648124 0.654802
vn -0.353394 0.623131 0.695148
vn -0.441335 0.558689 0.698511
vn -0.507784 0.536149 0.670307
vn -0.479120 0.571972 0.657141
vn -0.396122 0.581517 0.707764
vn -0.610605 0.567746 0.546588
vn -0.647246 0.590076 0.479558
vn -0.649984 0.516234 0.553825
vn -0.598763 0.455306 0.651866
vn -0.539330 0.450953 0.707148
vn -0.465725 0.816017 0.336921
vn -0.658987 0.560253 0.497308
vn -0.651933 0.614974 0.443558
vn -0.674095 0.573145 0.456737
vn -0.677981 0.627015 0.379165
vn -0.657174 0.464838 0.588678
vn -0.723542 0.474535 0.492922
vn -0.720625 0.579556 0.367673
vn -0.711733 0.634615 0.297367
vn -0.628279 0.438317 0.640825
vn -0.462521 0.842209 0.277043
vn -0.449922 0.847660 0.280841
vn -0.433706 0.856891 0.278129
vn -0.474609 0.497490 0.724445
vn -0.232456 0.797047 0.555829
vn -0.248996 0.666787 0.696398
vn -0.289107 0.614067 0.729811
vn -0.363978 0.576569 0.731034
vn -0.630799 0.357423 0.684443
vn -0.689912 0.379885 0.611841
vn -0.747570 0.379840 0.541004
vn -0.792178 0.404248 0.450267
vn -0.401298 0.511555 0.758955
vn -0.610643 0.363338 0.702514
vn -0.187384 0.808037 0.556703
vn -0.179061 0.738693 0.643778
vn -0.199018 0.642133 0.739362
vn -0.176406 0.760887 0.613821
vn -0.222968 0.832562 0.506285
vn -0.180248 0.791003 0.568487
vn -0.100815 0.842168 0.521083
vn -0.170826 0.686892 0.705851
vn -0.034531 0.853625 0.519695
vn -0.030825 0.850224 0.525517
vn -0.828952 0.522214 0.144818
vn -0.809384 0.517122 0.246862
vn -0.873784 0.419024 0.232427
vn -0.918485 0.269486 0.259960
vn -0.773801 0.616078 0.139839
vn -0.739414 0.639835 0.206117
vn -0.802481 0.582711 0.087463
vn -0.765408 0.575057 0.274862
vn -0.826056 0.440904 0.338759
vn -0.768055 0.509983 0.379798
vn -0.909752 0.323320 0.159108
vn -0.855167 0.514307 0.052337
vn -0.887750 0.434050 0.054612
vn -0.845232 0.518491 -0.028715
vn -0.915229 0.382733 -0.015518
vn -0.886664 0.297964 0.341056
vn -0.959040 0.224385 0.135077
vn -0.848250 0.324011 0.412052
vn -0.902733 0.391538 -0.108181
vn -0.854165 0.492036 -0.118618
vn -0.952382 0.270660 -0.097364
vn -0.902318 0.388409 -0.181520
vn -0.919800 0.336044 -0.158599
vn -0.902821 0.367213 -0.221601
vn -0.903935 0.361805 -0.226045
vn -0.887496 0.379613 -0.261237
vn -0.918554 0.175640 0.347976
vn -0.875358 0.216830 0.426092
vn -0.946903 0.152614 0.273904
vn -0.962972 0.087339 0.243058
vn -0.936218 0.049322 0.341302
vn -0.896103 0.106953 0.426177
vn -0.939930 -0.024383 0.333242
vn -0.915257 -0.036668 0.395351
vn -0.885832 0.027917 0.457977
vn -0.858400 0.138100 0.490338
vn -0.853466 0.069436 0.513578
vn -0.859554 -0.025809 0.505973
vn -0.883675 -0.107350 0.451018
vn -0.898287 -0.150765 0.406932
vn -0.824563 0.217428 0.519354
vn -0.826040 0.301290 0.471679
vn -0.811509 0.129277 0.567505
vn -0.833815 0.046172 0.548519
vn -0.817047 0.092193 0.567153
vn -0.809737 0.045722 0.581058
vn -0.854543 -0.120713 0.499944
vn -0.806379 -0.068968 0.580007
vn -0.803840 -0.010305 0.593589
vn -0.785922 0.175434 0.589564
vn -0.789067 0.289567 0.535825
vn -0.753627 0.140155 0.639702
vn -0.767306 0.091747 0.632790
vn -0.735565 0.195123 0.646275
vn -0.767250 -0.083678 0.632451
vn -0.741693 -0.026710 0.665062
vn -0.872866 -0.241599 0.414180
vn -0.798088 -0.195457 0.566170
vn -0.912680 -0.217934 0.344948
vn -0.891685 -0.264525 0.361950
vn -0.713506 0.061531 0.694152
vn -0.730868 0.281564 0.618579
vn -0.696206 0.209060 0.685268
vn -0.693277 -0.213904 0.679525
vn -0.706338 0.171699 0.686052
vn -0.659555 -0.069530 0.734386
vn -0.674595 0.093047 0.729993
vn -0.631839 0.001267 0.772994
vn -0.682357 0.283459 0.670565
vn -0.671284 0.162693 0.721751
vn -0.625715 0.057676 0.774025
vn -0.645059 0.256246 0.717674
vn -0.626146 0.211099 0.748962
vn -0.706066 -0.209252 0.667326
vn -0.678767 -0.232448 0.689588
vn -0.740386 -0.236056 0.620859
vn -0.791645 -0.323049 0.500060
vn -0.849827 -0.319041 0.412509
vn -0.602372 0.166792 0.779045
vn -0.595673 0.269589 0.754403
vn -0.543005 0.091122 0.830699
vn -0.559949 0.237962 0.791466
vn -0.558881 0.202420 0.802589
vn -0.530805 0.174979 0.827225
vn -0.537519 0.327497 0.772433
vn -0.613222 -0.015743 0.788872
vn -0.574157 0.023445 0.815876
vn -0.797875 -0.449391 0.383885
vn -0.501635 0.218112 0.836401
vn -0.658565 -0.295532 0.689935
vn -0.481382 0.269291 0.832241
vn -0.488235 0.348026 0.796756
vn -0.488509 0.167911 0.853841
vn -0.495220 0.074878 0.865531
vn -0.673876 -0.308164 0.671268
vn -0.623938 -0.319325 0.712359
vn -0.735274 -0.474701 0.468510
vn -0.627095 -0.316180 0.710618
vn -0.728119 -0.555116 0.393626
vn -0.666413 -0.549015 0.497387
vn -0.735103 -0.583352 0.345017
vn -0.739888 -0.585191 0.331838
vn 0.437270 0.859254 0.264339
vn 0.385414 0.888974 0.228562
vn 0.469246 0.824719 0.307846
vn 0.425150 0.879278 0.204613
vn 0.471348 0.849556 0.234937
vn 0.452943 0.868157 0.184378
vn 0.436632 0.854696 0.266545
vn 0.386833 0.912600 0.112468
vn 0.316528 0.936607 0.118274
vn 0.376718 0.894647 0.220848
vn 0.293110 0.936006 0.177606
vn 0.411377 0.849655 0.329031
vn 0.320907 0.914200 0.227495
vn 0.307210 0.940689 0.117055
vn 0.257076 0.954877 0.133199
vn 0.307395 0.944415 0.095172
vn 0.335328 0.932976 0.103227
vn 0.298153 0.923756 0.231333
vn 0.389520 0.882186 0.237121
vn 0.480008 0.868550 0.099826
vn 0.290854 0.891663 0.335746
vn 0.138797 0.977247 0.124176
vn 0.366274 0.925863 0.058043
vn 0.334558 0.928934 0.138478
vn 0.447927 0.864207 0.195081
vn 0.174076 0.961571 -0.061174
vn 0.472909 0.864765 0.065479
vn 0.228511 0.955629 -0.098528
vn 0.260761 0.952711 -0.055047
vn 0.227833 0.970723 0.033133
vn 0.303344 0.950671 0.000997
vn 0.438271 0.890726 -0.024252
vn 0.174044 0.973641 0.120407
vn 0.253000 0.908166 0.326989
vn 0.257950 0.927630 -0.183024
vn 0.379570 0.870048 0.275848
vn 0.363589 0.909666 0.099401
vn 0.072788 0.962720 0.125592
vn 0.071151 0.918782 0.331454
vn 0.434088 0.881488 -0.049553
vn 0.320365 0.850110 0.410463
vn 0.177232 0.910099 0.367222
vn -0.076638 0.954077 -0.133841
vn 0.546639 0.829145 -0.001257
vn 0.130605 0.985416 0.038517
vn 0.209799 0.967291 -0.078692
vn 0.347945 0.927167 -0.111119
vn 0.412924 0.876159 -0.204657
vn 0.029045 0.984302 -0.088138
vn 0.218610 0.873142 0.428042
vn 0.209721 0.881489 0.411419
vn 0.556049 0.788118 0.263024
vn 0.388470 0.890145 -0.188466
vn 0.527767 0.841858 -0.008529
vn 0.032549 0.986459 -0.108389
vn -0.009228 0.995242 -0.009670
vn 0.323396 0.920588 -0.167448
vn 0.440048 0.891659 -0.046154
vn 0.233330 0.950675 -0.084379
vn 0.425894 0.896763 0.044242
vn 0.123325 0.967370 0.044726
vn 0.402068 0.901727 0.038024
vn -0.072628 0.971901 -0.000734
vn -0.096816 0.900793 -0.276566
vn 0.558831 0.826272 0.018201
vn 0.556910 0.828022 0.018579
vn 0.218457 0.940491 -0.228543
vn 0.018113 0.938813 -0.284866
vn 0.161732 0.931573 -0.289110
vn -0.020871 0.932730 -0.318712
vn 0.082963 0.971192 -0.186172
vn 0.120031 0.927706 -0.317323
vn 0.263368 0.899981 -0.314073
vn 0.009645 0.970645 -0.179135
vn 0.220191 0.916126 -0.320267
vn 0.139956 0.925417 -0.333417
vn 0.561973 0.824332 0.061742
vn 0.014469 0.955493 -0.281397
vn -0.076705 0.881254 -0.409712
vn 0.610980 0.787894 0.069561
vn 0.613992 0.789165 0.015248
vn -0.008181 0.961514 -0.268426
vn 0.085244 0.935835 0.321664
vn 0.209570 0.925493 0.311025
vn 0.163957 0.961296 0.209758
vn 0.180995 0.963081 0.182595
vn 0.179713 0.948777 0.252572
vn 0.157304 0.980398 0.101215
vn 0.089488 0.990550 -0.008827
vn 0.105874 0.985202 0.092139
vn 0.114307 0.965170 0.221312
vn 0.095418 0.991547 -0.024083
vn 0.072694 0.979227 0.150648
vn -0.030976 0.982098 -0.070763
vn 0.011935 0.981155 -0.155626
vn 0.043391 0.991813 0.010217
vn 0.057631 0.983131 0.157288
vn 0.038344 0.992518 -0.039308
vn 0.043851 0.990561 0.113159
vn 0.066743 0.993280 -0.031867
vn 0.043874 0.988987 0.119055
vn 0.032940 0.980457 0.162093
vn 0.009015 0.993781 0.030296
vn 0.076717 0.980109 -0.142871
vn -0.043676 0.982166 -0.148730
vn -0.118217 0.941745 -0.265136
vn -0.066168 0.911737 -0.383004
vn 0.166068 0.882621 -0.402035
vn 0.053943 0.919845 -0.378687
vn -0.146471 0.974913 0.077943
vn -0.066552 0.926737 -0.361028
vn -0.009446 0.905447 -0.413454
vn -0.160949 0.962171 -0.113143
vn -0.094083 0.976334 -0.157889
vn -0.209197 0.964463 0.097864
vn -0.207016 0.972568 0.013561
vn -0.100927 0.973481 -0.183233
vn -0.208674 0.974049 -0.056069
vn -0.140444 0.968895 -0.161985
vn -0.136552 0.845527 -0.493745
vn -0.060869 0.889692 -0.445891
vn 0.018466 0.773554 -0.576470
vn -0.216435 0.963275 0.048442
vn -0.239006 0.904073 -0.296754
vn -0.119009 0.858443 -0.485984
vn -0.312903 0.879041 -0.340435
vn -0.201522 0.874381 -0.434912
vn -0.104480 0.949677 0.267869
vn -0.390760 0.869465 -0.268108
vn -0.221569 0.846184 -0.472571
vn -0.130063 0.843200 -0.510646
vn -0.093213 0.964342 0.218715
vn -0.167116 0.971531 -0.000374
vn -0.261031 0.928954 -0.223325
vn -0.230974 0.752719 -0.589260
vn 0.043237 0.966250 0.244262
vn -0.299573 0.950424 -0.077917
vn -0.258064 0.805775 -0.519039
vn -0.312966 0.785244 -0.513358
vn -0.216663 0.830439 -0.500742
vn -0.133886 0.817006 -0.547453
vn -0.153874 0.719831 -0.655182
vn -0.260336 0.961407 0.037629
vn -0.249204 0.962381 -0.041600
vn -0.092079 0.960399 -0.234921
vn -0.195465 0.962565 -0.170041
vn -0.299203 0.950151 -0.055714
vn -0.333697 0.936373 -0.087391
vn -0.237594 0.950413 -0.187274
vn -0.241312 0.843781 -0.464666
vn -0.367503 0.852506 -0.345371
vn -0.340480 0.927046 -0.143583
vn -0.209177 0.941482 -0.252291
vn -0.349631 0.905212 -0.223453
vn -0.321233 0.736785 -0.589288
vn -0.340412 0.704401 -0.613910
vn 0.371440 0.857555 -0.355854
vn -0.365015 0.809752 -0.437991
vn -0.450701 0.882943 -0.082921
vn -0.363091 0.928598 0.030542
vn -0.437390 0.894410 -0.012073
vn -0.269933 0.712272 -0.638146
vn -0.390717 0.752616 -0.523078
vn -0.399250 0.706733 -0.563163
vn -0.469894 0.665279 -0.571627
vn -0.335062 0.929711 0.120440
vn -0.490756 0.857776 -0.118977
vn -0.354868 0.808739 -0.465530
vn -0.423750 0.826665 -0.362798
vn -0.309078 0.920590 0.212692
vn -0.400866 0.804113 -0.404378
vn 0.008684 0.949187 0.304141
vn -0.406502 0.899672 0.140631
vn 0.089931 0.943235 0.313196
vn -0.232989 0.912619 0.317448
vn -0.243789 0.855163 0.436949
vn -0.288254 0.896745 0.322106
vn -0.036788 0.929806 0.356921
vn -0.303536 0.720129 -0.623923
vn 0.180325 0.917789 0.347857
vn -0.399888 0.889549 0.213754
vn 0.033245 0.913699 0.395315
vn 0.145862 0.885635 0.427508
vn -0.465122 0.847919 0.237840
vn 0.072351 0.875037 0.464394
vn -0.424601 0.839570 0.324802
vn -0.047435 0.878324 0.467633
vn -0.163229 0.857780 0.478924
vn 0.238162 0.869806 0.423622
vn -0.364002 0.838144 0.397123
vn -0.265549 0.853006 0.444326
vn -0.332699 0.808237 0.479891
vn 0.202215 0.854141 0.471103
vn -0.229945 0.830436 0.502228
vn 0.009952 0.831062 0.552060
vn 0.258827 0.833313 0.486851
vn -0.117308 0.824498 0.550455
vn 0.230970 0.840226 0.490098
vn 0.265014 0.822500 0.502132
vn -0.250640 0.811760 0.521676
vn -0.288244 0.829305 0.475333
vn -0.207376 0.812453 0.540066
vn -0.438314 0.781255 0.441819
vn -0.251735 0.824226 0.498707
vn -0.252010 0.831250 0.488647
vn 0.110825 0.802775 0.583552
vn -0.532141 0.788628 0.298766
vn -0.492124 0.786456 0.371336
vn -0.275350 0.776384 0.565586
vn -0.381726 0.771103 0.507889
vn -0.326480 0.761885 0.558168
vn -0.157651 0.771195 0.616769
vn -0.732987 0.496157 -0.422842
vn -0.659195 0.494380 -0.520203
vn -0.879774 0.326281 -0.341337
vn -0.790863 0.366329 -0.482820
vn -0.874542 0.367956 -0.307578
vn -0.741436 0.540739 -0.361997
vn -0.859079 0.431077 -0.254777
vn -0.920883 0.307095 -0.230175
vn -0.922839 0.346366 -0.152065
vn -0.830320 0.503849 -0.192060
vn -0.916294 0.376339 -0.127647
vn -0.844082 0.487882 -0.176432
vn -0.926923 0.352662 -0.107125
vn -0.836131 0.493411 -0.204708
vn -0.897824 0.399429 -0.132105
vn -0.956040 0.267888 -0.114128
vn -0.746941 0.595976 -0.269448
vn -0.787933 0.563030 -0.190948
vn -0.697792 0.631289 -0.303319
vn -0.900237 0.426250 -0.087962
vn -0.930441 0.340621 -0.097851
vn -0.834959 0.539407 -0.088605
vn -0.653716 0.671041 -0.314753
vn -0.739267 0.632282 -0.225901
vn -0.737294 0.642768 -0.153079
vn -0.605246 0.741500 -0.249253
vn -0.568452 0.755779 -0.297539
vn -0.820350 0.567063 -0.073932
vn -0.595641 0.729846 -0.298264
vn -0.538056 0.747820 -0.368581
vn -0.959463 0.272964 -0.066607
vn -0.651880 0.488797 -0.549687
vn -0.774525 0.385601 -0.499236
vn -0.608261 0.592315 -0.497671
vn -0.537263 0.704048 -0.454690
vn -0.532954 0.651466 -0.531752
vn -0.510252 0.786129 -0.337031
vn -0.534805 0.788960 -0.284437
vn -0.578121 0.781178 -0.219871
vn -0.451935 0.793261 -0.392625
vn -0.453158 0.828871 -0.304081
vn -0.365319 0.861711 -0.326416
vn -0.402363 0.866052 -0.276752
vn -0.566767 0.783094 -0.223542
vn -0.668916 0.720847 -0.176520
vn -0.649785 0.717584 -0.236949
vn -0.487277 0.802301 -0.320656
vn -0.576295 0.744018 -0.325459
vn -0.633601 0.709412 -0.296491
vn -0.700070 0.675768 -0.230549
vn -0.652981 0.703360 -0.274624
vn -0.458639 0.758621 -0.440033
vn -0.537717 0.754394 -0.361674
vn -0.421998 0.797258 -0.423422
vn -0.373751 0.812812 -0.429133
vn -0.556687 0.793619 -0.234805
vn -0.436510 0.843233 -0.300047
vn -0.368166 0.831698 -0.400396
vn -0.327580 0.795583 -0.497079
vn -0.451396 0.861829 -0.209978
vn -0.555858 0.816910 -0.153228
vn -0.545358 0.828149 -0.108072
vn -0.368269 0.737096 -0.559420
vn -0.428684 0.655510 -0.615908
vn -0.478085 0.626723 -0.611444
vn -0.499143 0.695587 -0.506476
vn -0.581393 0.695598 -0.420673
vn -0.500876 0.750377 -0.423668
vn -0.287457 0.826026 -0.425324
vn -0.247333 0.837124 -0.401481
vn -0.505044 0.759884 -0.401080
vn -0.302821 0.736251 -0.587139
vn -0.237609 0.733883 -0.625630
vn -0.586623 0.714950 -0.380385
vn -0.584016 0.714220 -0.385330
vn -0.531488 0.748785 -0.389740
vn -0.383378 0.821294 -0.409882
vn -0.473939 0.805757 -0.344016
vn -0.560636 0.742645 -0.358858
vn -0.562954 0.719746 -0.392341
vn -0.387902 0.851957 -0.316223
vn -0.481317 0.751194 -0.440288
vn -0.536972 0.645807 -0.525658
vn -0.261451 0.837493 -0.450402
vn -0.320003 0.727734 -0.594836
vn -0.497558 0.584767 -0.634276
vn -0.612872 0.690330 -0.383443
vn -0.490363 0.550791 -0.671290
vn -0.624360 0.579712 -0.518589
vn -0.567312 0.535246 -0.623515
vn -0.501344 0.525254 -0.686312
vn -0.476789 0.511219 -0.715071
vn -0.580817 0.811154 0.005792
vn -0.545704 0.832368 0.024261
vn -0.581480 0.797609 0.125064
vn -0.521641 0.830691 0.151786
vn -0.613602 0.752836 0.236408
vn 0.070685 0.840503 -0.526585
vn 0.178483 0.807912 -0.537504
vn -0.071398 0.799803 -0.583064
vn -0.077845 0.813496 -0.564360
vn 0.064303 0.835941 -0.528840
vn -0.143093 0.825797 -0.529223
vn -0.114098 0.874317 -0.452469
vn 0.220930 0.866485 -0.409861
vn -0.050295 0.829102 -0.527433
vn 0.150062 0.847946 -0.480829
vn 0.086475 0.914568 -0.393453
vn 0.155875 0.907004 -0.355025
vn -0.070470 0.933177 -0.331464
vn 0.299758 0.859366 -0.336278
vn 0.331238 0.826270 -0.435591
vn 0.084927 0.929855 -0.350465
vn -0.275248 0.819042 -0.430355
vn -0.277102 0.852380 -0.399932
vn 0.324130 0.860881 -0.306020
vn 0.372959 0.833505 -0.387000
vn 0.104155 0.929605 -0.332885
vn -0.071223 0.935227 -0.328786
vn 0.132929 0.900204 -0.391128
vn -0.122597 0.904900 -0.393595
vn -0.074840 0.896473 -0.425768
vn -0.078159 0.882723 -0.452198
vn 0.117451 0.892989 -0.416522
vn 0.122247 0.873569 -0.458984
vn 0.047559 0.877291 -0.464708
vn -0.144671 0.879804 -0.440930
vn 0.260581 0.832708 -0.482989
vn 0.177172 0.853492 -0.483123
vn 0.011173 0.887913 -0.451726
vn 0.070137 0.830337 -0.543982
vn -0.144838 0.861447 -0.466909
vn 0.218131 0.774413 -0.585766
vn 0.308906 0.838052 -0.439677
vn 0.310375 0.881833 -0.305750
vn 0.292492 0.866212 -0.399959
vn 0.342222 0.847117 -0.399234
vn 0.324732 0.770139 -0.538662
vn 0.368941 0.839891 -0.385009
vn 0.419825 0.824866 -0.363958
vn 0.459867 0.818916 -0.333125
vn 0.456505 0.837472 -0.294817
vn -0.011730 0.890163 -0.384060
vn -0.170342 0.898129 -0.389829
vn 0.113797 0.797337 -0.590405
vn -0.029504 0.820444 -0.563174
vn 0.069776 0.782016 -0.614180
vn -0.119766 0.807118 -0.569683
vn 0.246928 0.744321 -0.608335
vn 0.213869 0.715581 -0.650389
vn -0.259950 0.829674 -0.475440
vn -0.288491 0.845519 -0.436214
vn -0.258833 0.865953 -0.419410
vn -0.262589 0.896496 -0.344546
vn -0.230533 0.926658 -0.290505
vn -0.303351 0.885436 -0.328090
vn -0.329328 0.870546 -0.346586
vn -0.071854 0.715270 -0.684967
vn -0.217336 0.775261 -0.584906
vn -0.314774 0.745261 -0.568562
vn -0.298644 0.807290 -0.501644
vn 0.115291 0.680372 -0.713221
vn -0.254186 0.870791 -0.401783
vn 0.002056 0.861166 -0.448025
vn -0.003423 0.942536 -0.253367
vn -0.254303 0.925688 -0.239104
vn 0.336112 0.866000 -0.358029
vn 0.221213 0.940724 -0.196850
vn 0.400181 0.676003 -0.608480
vn -0.160328 0.949602 -0.247784
vn 0.109719 0.975398 -0.130555
vn 0.140656 0.928323 -0.277677
vn 0.049600 0.882683 -0.426606
vn 0.004748 0.816371 -0.528126
vn 0.284943 0.885594 -0.351411
vn 0.361143 0.834313 -0.379394
vn -0.329385 0.859032 -0.381120
vn -0.213691 0.715211 -0.664081
vn 0.072156 0.772914 -0.591015
vn -0.158138 0.720799 -0.661393
vn -0.316691 0.825077 -0.451961
vn -0.022454 0.811277 -0.533756
vn -0.318606 0.887469 -0.322073
vn -0.183931 0.909127 -0.365637
vn -0.021409 0.902593 -0.409749
vn -0.214756 0.917978 -0.325503
vn -0.134685 0.926958 -0.339586
vn 0.083105 0.890988 -0.429797
vn -0.061356 0.935534 -0.341639
vn -0.106402 0.951369 -0.277779
vn 0.052483 0.918048 -0.380222
vn -0.054457 0.951560 -0.291734
vn 0.090357 0.902416 -0.402285
vn 0.071685 0.901948 -0.396146
vn 0.197245 0.838127 -0.493154
vn -0.008030 0.937514 -0.322018
vn 0.031754 0.909955 -0.379837
vn 0.024120 0.904902 -0.405692
vn -0.001141 0.935360 -0.336300
vn 0.080925 0.827183 -0.548207
vn 0.077600 0.909212 -0.392337
vn 0.167357 0.806235 -0.551554
vn 0.170652 0.830495 -0.521927
vn 0.101238 0.785045 -0.602955
vn 0.086915 0.854267 -0.499234
vn 0.148961 0.699828 -0.684387
vn 0.362228 0.698840 -0.573796
vn 0.075787 0.959617 -0.245895
vn 0.038045 0.908057 -0.399226
vn 0.036901 0.754083 -0.630057
vn -0.013048 0.915423 -0.385560
vn -0.056026 0.834836 -0.525241
vn -0.047164 0.946984 -0.286497
vn -0.112271 0.891633 -0.427813
vn -0.174426 0.721869 -0.655609
vn 0.095431 0.707195 -0.690400
vn -0.155303 0.844198 -0.487658
vn 0.020538 0.970298 -0.222188
vn -0.033289 0.954798 -0.257285
vn -0.104868 0.922587 -0.352841
vn -0.225023 0.800453 -0.535553
vn 0.224419 0.820804 -0.517182
vn 0.307945 0.775066 -0.537589
vn 0.222978 0.844687 -0.480449
vn 0.233115 0.798989 -0.549330
vn 0.232051 0.840757 -0.486573
vn 0.312616 0.784256 -0.521523
vn 0.320421 0.797483 -0.492373
vn 0.165198 0.766316 -0.615849
vn -0.037052 0.721604 -0.674670
vn -0.346630 0.815871 -0.448662
vn -0.008755 0.680695 -0.724054
vn 0.191318 0.729874 -0.653764
vn 0.039025 0.988995 -0.123471
vn 0.357609 0.760172 -0.534401
vn 0.316435 0.681437 -0.646193
vn 0.244106 0.671961 -0.692556
vn 0.262607 0.747010 -0.606331
vn -0.247811 0.701457 -0.663400
vn -0.333360 0.693305 -0.628911
vn -0.083492 0.658547 -0.741539
vn -0.009547 0.673075 -0.737948
vn 0.014676 0.570024 -0.812648
vn 0.434480 0.695573 -0.556909
vn 0.395925 0.646188 -0.641862
vn 0.041779 0.657092 -0.745602
vn 0.398333 0.721476 -0.561473
vn 0.435036 0.773581 -0.433462
vn 0.261352 0.715796 -0.645464
vn 0.214924 0.716762 -0.663370
vn 0.427701 0.760945 -0.478732
vn 0.453819 0.805070 -0.373221
vn 0.199188 0.631985 -0.743192
vn 0.377276 0.588584 -0.701292
vn 0.450438 0.757105 -0.450078
vn 0.323326 0.931132 -0.135480
vn 0.428128 0.866976 -0.218994
vn 0.447492 0.804209 -0.381599
vn 0.414928 0.771882 -0.473823
vn 0.344629 0.887840 -0.286691
vn 0.340334 0.920847 -0.151333
vn 0.504323 0.734280 -0.435428
vn -0.356785 0.706867 -0.592925
vn -0.220568 0.676635 -0.702279
vn 0.110588 0.575603 -0.803553
vn 0.190969 0.612972 -0.761209
vn 0.366088 0.723839 -0.565296
vn 0.276991 0.598583 -0.744051
vn -0.190761 0.590795 -0.777313
vn -0.277642 0.549613 -0.780545
vn 0.291885 0.693777 -0.658357
vn 0.286814 0.721756 -0.628045
vn 0.473008 0.767167 -0.423565
vn 0.523777 0.759341 -0.371737
vn 0.423839 0.768809 -0.448202
vn 0.308259 0.772145 -0.544801
vn 0.219634 0.757901 -0.608055
vn 0.290756 0.823876 -0.469030
vn 0.142584 0.785611 -0.593706
vn 0.218277 0.882459 -0.371587
vn 0.136327 0.914266 -0.280639
vn 0.062938 0.809405 -0.578658
vn 0.079415 0.931351 -0.232606
vn 0.015056 0.822912 -0.560743
vn -0.012458 0.946175 -0.209540
vn -0.049893 0.860635 -0.498873
vn -0.043149 0.805248 -0.588952
vn -0.189261 0.918100 -0.273201
vn -0.147310 0.821978 -0.540729
vn 0.012561 0.781587 -0.622517
vn 0.083617 0.764601 -0.638551
vn -0.115727 0.775697 -0.615962
vn 0.121437 0.725677 -0.675130
vn 0.393445 0.886817 -0.136632
vn 0.448264 0.831992 -0.297437
vn -0.251857 0.879743 -0.364730
vn -0.233757 0.815518 -0.525778
vn 0.234443 0.957238 -0.024073
vn -0.263028 0.832495 -0.487608
vn -0.243306 0.880989 -0.400860
vn -0.228528 0.872534 -0.425659
vn -0.236169 0.874835 -0.405456
vn -0.255483 0.910851 -0.309751
vn 0.386557 0.599855 -0.688402
vn 0.499476 0.605533 -0.603794
vn 0.442066 0.844216 -0.289159
vn 0.459503 0.726190 -0.509680
vn 0.524448 0.627488 -0.561281
vn 0.542306 0.758490 -0.343008
vn 0.479351 0.627328 -0.604437
vn 0.511610 0.619430 -0.584613
vn 0.495162 0.774256 -0.389312
vn 0.493001 0.806565 -0.319787
vn 0.532345 0.812093 -0.227541
vn -0.127963 0.889309 -0.425095
vn 0.045030 0.843088 -0.523467
vn -0.136835 0.796479 -0.530875
vn 0.143443 0.819818 -0.531432
vn 0.169233 0.805243 -0.536534
vn -0.311496 0.690223 -0.652657
vn 0.512115 0.774225 -0.368328
vn 0.489076 0.791250 -0.364925
vn 0.489035 0.806502 -0.328590
vn 0.523989 0.796799 -0.289109
vn 0.555656 0.667382 -0.484419
vn 0.517664 0.800981 -0.286986
vn 0.536427 0.776631 -0.308852
vn 0.504625 0.826389 -0.223748
vn 0.337173 0.545308 -0.761779
vn 0.263403 0.527454 -0.801767
vn 0.191204 0.457430 -0.864170
vn 0.526450 0.805875 -0.255898
vn 0.147017 0.985556 0.004703
vn 0.418795 0.551410 -0.718177
vn 0.394937 0.897774 -0.180659
vn 0.453260 0.877409 -0.118965
vn -0.053535 0.501937 -0.859564
vn -0.136573 0.496596 -0.852083
vn 0.567642 0.710068 -0.410447
vn -0.326186 0.682613 -0.653943
vn -0.348689 0.537206 -0.759536
vn -0.383390 0.538252 -0.742362
vn -0.310421 0.562476 -0.759358
vn -0.248549 0.593463 -0.756233
vn -0.345604 0.577941 -0.730818
vn -0.374383 0.591612 -0.709974
vn 0.035805 0.997677 0.000980
vn 0.540198 0.771597 -0.323514
vn 0.547592 0.759647 -0.349421
vn 0.462462 0.528189 -0.709510
vn -0.130198 0.983414 -0.048348
vn -0.277828 0.951775 -0.129293
vn -0.292173 0.946060 -0.139867
vn 0.542132 0.763710 -0.349408
vn 0.541597 0.765817 -0.346420
vn 0.463142 0.613472 -0.639409
vn 0.449866 0.544943 -0.705006
vn 0.574150 0.736086 -0.357511
vn 0.551575 0.794314 -0.235312
vn 0.584976 0.733916 -0.343590
vn 0.636886 0.668178 -0.372628
vn -0.458133 0.544810 -0.693104
vn 0.596568 0.559058 -0.569854
vn 0.552686 0.574978 -0.601497
vn 0.510911 0.844037 -0.128265
vn 0.591020 0.747122 -0.302155
vn -0.413078 0.641785 -0.642911
vn -0.431726 0.652731 -0.615645
vn -0.483179 0.652711 -0.575725
vn 0.069375 0.451156 -0.888230
vn -0.015753 0.434521 -0.896923
vn -0.091770 0.405048 -0.905989
vn -0.388166 0.453559 -0.796565
vn -0.389796 0.422609 -0.814570
vn 0.124849 0.427681 -0.893928
vn -0.243615 0.452969 -0.855223
vn -0.161665 0.382318 -0.905742
vn 0.327577 0.487220 -0.808656
vn 0.253816 0.437896 -0.860782
vn 0.409011 0.498485 -0.762451
vn 0.551492 0.535462 -0.637079
vn -0.325244 0.408844 -0.847836
vn 0.529477 0.537418 -0.654910
vn 0.609041 0.707714 -0.357004
vn -0.492658 0.541451 -0.675681
vn -0.454363 0.441682 -0.767680
vn 0.595182 0.756723 -0.259089
vn 0.711902 0.613021 -0.333959
vn 0.053742 0.411869 -0.908377
vn 0.638573 0.713064 -0.280298
vn -0.509830 0.591807 -0.623199
vn -0.379432 0.423165 -0.819131
vn 0.676325 0.638826 -0.358124
vn -0.413576 0.399866 -0.815369
vn 0.204325 0.395679 -0.893655
vn 0.189031 0.974271 0.111960
vn 0.348395 0.932187 0.080951
vn 0.594361 0.790813 -0.140115
vn -0.551432 0.583651 -0.593762
vn -0.567253 0.563089 -0.597912
vn 0.634609 0.520864 -0.567985
vn 0.462624 0.881063 0.024067
vn 0.622533 0.606123 -0.491305
vn 0.623008 0.550744 -0.552127
vn -0.266498 0.366717 -0.890411
vn 0.596461 0.540831 -0.592818
vn 0.590816 0.523322 -0.613809
vn -0.581602 0.543909 -0.602985
vn 0.636496 0.755352 -0.155675
vn -0.290999 0.365840 -0.883807
vn -0.206985 0.330863 -0.917930
vn -0.112941 0.326819 -0.937301
vn -0.366200 0.324140 -0.869646
vn -0.416695 0.381068 -0.824969
vn -0.468458 0.378072 -0.796745
vn -0.402111 0.347195 -0.845737
vn -0.615451 0.509587 -0.601153
vn -0.524425 0.415629 -0.742242
vn -0.422718 0.347702 -0.836738
vn 0.706505 -0.006763 -0.703613
vn 0.748074 -0.208173 -0.615969
vn 0.660418 -0.043498 -0.743460
vn 0.597446 0.098452 -0.790738
vn 0.603062 0.184816 -0.771417
vn 0.665857 0.150253 -0.725740
vn 0.745512 0.040926 -0.657909
vn 0.568940 0.012051 -0.820077
vn 0.708898 0.197429 -0.671603
vn 0.513421 0.102925 -0.850466
vn 0.498509 0.175128 -0.847126
vn 0.567301 0.220165 -0.791611
vn 0.600796 0.274867 -0.748724
vn 0.562610 0.263536 -0.782822
vn 0.504511 0.172988 -0.843364
vn 0.610812 0.165077 -0.769518
vn 0.585073 0.248763 -0.767585
vn 0.636654 0.194296 -0.736471
vn 0.642774 0.312816 -0.695683
vn 0.575336 0.095500 -0.811628
vn 0.527038 0.139437 -0.833943
vn 0.640364 0.107810 -0.759076
vn 0.632717 0.187180 -0.745637
vn 0.481706 0.254961 -0.835623
vn 0.699460 0.152196 -0.694753
vn 0.717076 0.268236 -0.636834
vn 0.603652 0.324742 -0.727032
vn 0.492998 0.059752 -0.865955
vn 0.504414 0.131997 -0.851820
vn 0.482077 0.153475 -0.860978
vn 0.469053 0.122266 -0.873644
vn 0.510191 0.155899 -0.842787
vn 0.460088 0.200383 -0.859652
vn 0.480115 0.159149 -0.858460
vn 0.438171 0.109632 -0.889592
vn 0.447412 0.236702 -0.858559
vn 0.443484 0.112916 -0.887604
vn 0.443548 0.126937 -0.885677
vn 0.444984 0.049120 -0.892951
vn 0.424402 0.078572 -0.901156
vn 0.401936 0.076462 -0.911738
vn 0.473501 -0.008909 -0.879307
vn 0.407576 0.106520 -0.906157
vn 0.436886 0.082376 -0.894562
vn 0.589659 -0.119733 -0.783678
vn 0.373085 0.124495 -0.918996
vn 0.416697 0.073332 -0.904626
vn 0.450963 0.060899 -0.890056
vn 0.427873 0.013277 -0.901641
vn 0.442376 0.062057 -0.892707
vn 0.435967 0.027516 -0.898501
vn 0.469182 -0.062225 -0.879349
vn 0.455144 -0.032627 -0.887892
vn 0.491210 -0.070295 -0.867595
vn 0.362750 0.058298 -0.929194
vn 0.361753 0.155336 -0.918712
vn 0.364133 0.139214 -0.920884
vn 0.350174 -0.000571 -0.935106
vn 0.425197 -0.056862 -0.901740
vn 0.480502 -0.103719 -0.870445
vn 0.668805 -0.176341 -0.712299
vn 0.487065 -0.126427 -0.863789
vn 0.496890 -0.127178 -0.858248
vn 0.302898 0.031879 -0.952187
vn 0.491061 -0.131543 -0.860911
vn 0.342837 -0.052648 -0.937804
vn 0.312597 -0.022668 -0.948904
vn 0.381387 0.337090 -0.859940
vn 0.634036 0.293572 -0.708190
vn 0.740983 0.217090 -0.629328
vn 0.647216 0.374400 -0.660339
vn 0.676621 0.313817 -0.657301
vn 0.722545 0.307627 -0.615318
vn 0.779246 0.179941 -0.595787
vn 0.818508 0.028197 -0.564152
vn 0.778251 -0.142414 -0.596295
vn 0.815200 -0.105256 -0.558541
vn 0.686987 0.401804 -0.599857
vn 0.771396 0.307710 -0.552535
vn 0.688903 -0.323624 -0.642529
vn 0.835033 0.120112 -0.531087
vn 0.704090 0.409149 -0.576647
vn 0.719726 0.381304 -0.578181
vn 0.830171 0.254422 -0.490221
vn 0.741177 -0.329166 -0.577965
vn 0.663502 0.465352 -0.585501
vn 0.873963 -0.066818 -0.473381
vn 0.877036 -0.187719 -0.431446
vn 0.755269 0.386841 -0.526515
vn 0.648778 -0.322449 -0.688912
vn 0.795990 0.331300 -0.501476
vn 0.889627 0.033163 -0.443477
vn 0.885874 0.112874 -0.441429
vn 0.728148 0.430712 -0.533178
vn 0.743275 0.415589 -0.523788
vn 0.758204 0.387751 -0.523766
vn 0.813113 0.331963 -0.475204
vn 0.835438 0.256373 -0.482503
vn 0.849505 0.228264 -0.472339
vn 0.900790 0.095663 -0.414113
vn 0.914191 0.008767 -0.393955
vn 0.884714 0.186548 -0.414548
vn 0.871289 0.267321 -0.392996
vn 0.919138 -0.059585 -0.377425
vn 0.687905 -0.367504 -0.622025
vn 0.815656 0.379126 -0.436979
vn 0.873905 0.314760 -0.356842
vn 0.852500 -0.244854 -0.457990
vn 0.818968 -0.277685 -0.499798
vn 0.930892 0.037405 -0.358653
vn 0.901046 -0.165948 -0.394545
vn 0.949679 0.050152 -0.291253
vn 0.935730 -0.118247 -0.311477
vn 0.780980 -0.350615 -0.514867
vn 0.932678 -0.138149 -0.323896
vn 0.946572 0.161175 -0.268332
vn 0.905011 0.310355 -0.278111
vn 0.873686 0.380325 -0.302586
vn 0.871983 -0.277328 -0.402097
vn 0.951876 -0.111307 -0.270359
vn 0.742929 -0.391681 -0.541719
vn 0.888817 -0.256502 -0.379352
vn 0.925453 -0.177518 -0.334442
vn 0.964984 -0.117824 -0.225205
vn 0.978533 -0.056407 -0.186501
vn 0.980191 0.043520 -0.176718
vn 0.941291 -0.221674 -0.254295
vn 0.946883 -0.212560 -0.241229
vn 0.961717 0.194894 -0.163178
vn 0.980130 -0.114982 -0.160644
vn 0.990749 -0.056768 -0.109634
vn 0.992540 0.015086 -0.079178
vn 0.906411 0.348590 -0.231446
vn 0.978237 0.167346 -0.069601
vn 0.996510 -0.072992 -0.011573
vn 0.946143 0.294545 -0.124543
vn 0.996558 -0.017386 0.007373
vn 0.979916 0.148552 0.044978
vn 0.960659 0.273203 -0.017021
vn 0.993092 -0.085327 0.069185
vn 0.991529 -0.051703 0.103255
vn 0.981479 0.078162 0.081975
vn 0.964872 0.256749 0.048505
vn 0.983221 -0.116751 0.119816
vn 0.979704 -0.032025 0.095115
vn 0.965542 -0.219788 0.137710
vn 0.981100 0.007196 0.091278
vn 0.976227 0.202505 0.054305
vn 0.972823 0.223157 0.036654
vn 0.972767 0.222541 0.055315
vn 0.969069 0.244864 0.028427
vn 0.972146 0.232946 0.011593
vn 0.969355 0.245384 0.004180
vn 0.971079 0.238423 0.003674
vn 0.976371 0.214219 0.017394
vn 0.982272 0.185531 0.026851
vn -0.740027 0.662252 0.039221
vn -0.813435 0.571618 0.035100
vn -0.828526 0.529268 0.154459
vn -0.758447 0.623424 0.126608
vn -0.872780 0.458094 0.141916
vn -0.854329 0.509776 0.040650
vn -0.890865 0.429588 0.138453
vn -0.771640 0.625478 -0.085691
vn -0.897807 0.381092 0.200622
vn -0.896595 0.422329 0.106464
vn -0.831470 0.540563 -0.054619
vn -0.892775 0.357857 0.262200
vn -0.925846 0.363801 0.016346
vn -0.957853 0.229619 0.136228
vn -0.925573 0.295546 0.226238
vn -0.871045 0.374707 0.302911
vn -0.825240 0.485304 0.240480
vn -0.825490 0.547234 -0.077980
vn -0.895689 0.431131 -0.015725
vn -0.796474 0.590537 -0.095232
vn -0.835022 0.527657 -0.031629
vn -0.796655 0.593528 -0.103410
vn -0.930280 0.357840 0.050392
vn -0.927308 0.364673 0.060489
vn -0.775740 0.616887 -0.126781
vn -0.716449 0.692659 -0.058297
vn -0.740726 0.661844 -0.108993
vn -0.743736 0.653497 -0.138382
vn -0.721336 0.687161 -0.086511
vn -0.722664 0.680519 -0.119905
vn -0.711634 0.690265 0.110700
vn -0.772485 0.568091 0.239500
vn -0.675694 0.735794 0.017157
vn -0.852177 0.403697 0.318742
vn -0.964600 0.237001 0.085453
vn -0.963858 0.230772 0.110438
vn -0.954629 0.286315 0.063569
vn -0.687545 0.702102 0.177959
vn -0.736485 0.614352 0.268010
vn -0.808043 0.449828 0.363945
vn -0.859363 0.330370 0.376763
vn -0.912399 0.271768 0.301781
vn -0.903188 0.287715 0.314181
vn -0.885421 0.246255 0.385836
vn -0.873646 0.305889 0.372287
vn -0.972959 0.216262 0.063130
vn -0.968743 0.245953 0.017796
vn -0.979170 0.147035 0.118330
vn -0.939568 0.176284 0.280132
vn -0.720548 0.577923 0.366879
vn -0.878062 0.256667 0.397247
vn -0.982590 0.172642 0.020728
vn -0.982780 0.125021 0.126069
vn -0.979014 0.120457 0.158067
vn -0.904824 0.177205 0.382194
vn -0.974689 0.066286 0.198420
vn -0.788650 0.387516 0.462006
vn -0.855214 0.262292 0.441996
vn -0.885629 0.181586 0.425979
vn -0.866248 0.214208 0.450118
vn -0.884186 0.148732 0.440478
vn -0.859303 0.160134 0.481580
vn -0.684136 0.555097 0.456380
vn -0.940110 0.077829 0.323221
vn -0.916268 0.021930 0.392840
vn -0.852754 0.161747 0.493771
vn -0.835733 0.181020 0.513890
vn -0.872828 0.151733 0.462163
vn -0.881380 0.073146 0.461769
vn -0.887410 0.116971 0.445331
vn -0.744171 0.374648 0.545704
vn -0.794605 0.222103 0.560681
vn -0.859869 0.100621 0.498154
vn -0.883759 0.076402 0.459314
vn -0.890113 0.065205 0.449753
vn -0.839642 0.107984 0.528833
vn -0.820589 0.079281 0.563652
vn -0.850473 0.027250 0.521634
vn -0.884537 -0.013024 0.462536
vn -0.814278 0.006391 0.576240
vn -0.805568 0.015429 0.590111
vn -0.811599 0.122452 0.569183
vn -0.875508 0.002018 0.479283
vn -0.841143 0.032796 0.537041
vn -0.950494 -0.034468 0.301659
vn -0.875388 -0.035434 0.477713
vn -0.803229 0.077392 0.588078
vn -0.908548 -0.093149 0.402559
vn -0.713607 0.299181 0.626199
vn -0.753026 0.143229 0.639177
vn -0.924397 -0.087925 0.367469
vn -0.953568 -0.019662 0.295507
vn -0.931971 -0.013653 0.358761
vn -0.961283 0.034761 0.269798
vn -0.950181 0.000368 0.307533
vn -0.904076 -0.051987 0.417467
vn -0.880794 -0.089623 0.459384
vn -0.948015 -0.093514 0.294489
vn -0.857264 -0.128375 0.492642
vn -0.856375 -0.094381 0.502012
vn -0.885639 -0.154539 0.429585
vn -0.831554 -0.094513 0.543910
vn -0.820253 -0.068789 0.564580
vn -0.798789 -0.014978 0.598450
vn -0.886468 -0.147845 0.436922
vn -0.796622 -0.061651 0.599110
vn -0.759592 0.087888 0.643635
vn -0.902796 -0.202246 0.371518
vn -0.787397 -0.084911 0.608664
vn -0.817179 -0.161811 0.545238
vn -0.852031 -0.176203 0.488269
vn -0.839526 -0.165241 0.512605
vn -0.754647 0.025977 0.653409
vn -0.818341 -0.191183 0.535337
vn -0.733481 0.057254 0.676516
vn -0.701463 0.093592 0.704899
vn -0.755185 -0.100120 0.645257
vn -0.775984 -0.151437 0.609587
vn -0.693619 0.179583 0.694793
vn -0.799770 -0.212315 0.557305
vn -0.812378 -0.239216 0.530130
vn -0.781042 -0.176721 0.596544
vn -0.724077 -0.026892 0.686635
vn -0.792749 -0.195312 0.575379
vn -0.752966 -0.201969 0.623279
vn -0.813054 -0.291196 0.494077
vn -0.795562 -0.267050 0.540027
vn -0.799633 -0.222758 0.554801
vn -0.684517 0.028707 0.726557
vn -0.884763 -0.290415 0.357396
vn -0.701259 -0.147046 0.695210
vn -0.653786 0.465035 0.584698
vn -0.649529 0.319469 0.683555
vn -0.703752 -0.239113 0.666018
vn -0.653724 0.143911 0.739640
vn -0.751399 -0.238677 0.613495
vn -0.752975 -0.285642 0.589746
vn -0.739741 -0.303811 0.596796
vn -0.758459 -0.329577 0.558571
vn -0.636556 0.054696 0.766365
vn -0.613420 0.088190 0.783065
vn -0.669146 -0.080456 0.735926
vn -0.728893 -0.292908 0.615688
vn -0.726887 -0.291192 0.618414
vn -0.729688 -0.252947 0.633968
vn -0.678055 -0.359699 0.639366
vn -0.718403 -0.298294 0.623473
vn -0.588805 0.311060 0.738296
vn -0.573776 -0.089312 0.809415
vn -0.678294 -0.334229 0.651019
vn -0.813452 -0.410774 0.396373
vn -0.720746 -0.369112 0.582518
vn -0.581921 0.182590 0.788974
vn -0.643673 -0.256920 0.718198
vn -0.602626 -0.206876 0.766555
vn -0.683981 -0.356729 0.633867
vn -0.729516 -0.413551 0.539839
vn -0.634728 -0.334127 0.693617
vn -0.644075 -0.340759 0.681358
vn -0.551983 0.075671 0.828468
vn -0.696562 -0.395272 0.595458
vn -0.619391 -0.436316 0.647319
vn -0.623415 -0.405013 0.664379
vn -0.533774 -0.011211 0.843270
vn -0.525369 0.350601 0.768178
vn -0.544685 0.531682 0.635405
vn -0.622480 -0.385742 0.678525
vn -0.485983 0.217125 0.841939
vn -0.580456 -0.372721 0.720557
vn -0.523928 -0.348777 0.772299
vn -0.666681 -0.453010 0.590678
vn -0.643077 -0.420897 0.637997
vn -0.636063 -0.401920 0.657467
vn -0.598501 -0.411525 0.685107
vn -0.536144 -0.221768 0.811819
vn -0.521204 -0.078233 0.849067
vn -0.720235 -0.532389 0.433833
vn -0.650066 -0.500126 0.564050
vn -0.529752 -0.146263 0.835180
vn -0.495378 0.076363 0.863480
vn -0.616391 -0.475748 0.624734
vn -0.567812 -0.427327 0.701843
vn -0.492778 -0.014081 0.869596
vn -0.640013 -0.479894 0.598746
vn -0.640398 -0.456900 0.616922
vn -0.613008 -0.460409 0.641239
vn -0.592664 -0.444917 0.670497
vn -0.469812 0.499018 0.721205
vn -0.448645 0.236333 0.859670
vn -0.573360 -0.452991 0.682220
vn -0.560874 -0.469678 0.680399
vn -0.479590 -0.354340 0.801384
vn -0.520887 -0.435470 0.733192
vn -0.437861 0.387140 0.806560
vn -0.420578 0.324590 0.844050
vn -0.576086 -0.495962 0.649671
vn -0.576219 -0.525131 0.625502
vn -0.479250 -0.410734 0.775175
vn -0.461883 -0.398230 0.792513
vn -0.519298 -0.480038 0.706986
vn -0.573118 0.639747 0.507655
vn -0.377337 0.537630 0.749145
vn -0.467444 0.626429 0.620397
vn -0.626450 0.673098 0.391521
vn -0.516256 0.655323 0.550866
vn -0.405654 0.602791 0.683335
vn -0.368619 0.629120 0.682725
vn -0.300171 0.620109 0.720212
vn -0.305572 0.564689 0.766521
vn -0.265596 0.653921 0.704044
vn -0.250631 0.698063 0.670728
vn -0.245842 0.695968 0.674678
vn -0.865168 0.360265 -0.345721
vn -0.880695 0.373146 -0.291259
vn -0.900291 0.310862 -0.294780
vn -0.915853 0.300051 -0.259002
vn -0.861667 0.316729 -0.390259
vn -0.837295 0.406487 -0.365657
vn -0.933940 0.162307 -0.290237
vn -0.970826 0.117482 -0.176722
vn -0.953139 0.200426 -0.216211
vn -0.940429 0.221113 -0.256508
vn -0.942615 0.226936 -0.240671
vn -0.967489 0.105116 -0.214649
vn -0.948543 0.128087 -0.282685
vn -0.985002 0.081148 -0.138481
vn -0.963838 0.023121 -0.257684
vn -0.928146 0.065847 -0.361160
vn -0.914024 0.122938 -0.383634
vn -0.903729 0.098355 -0.414935
vn -0.891062 0.151246 -0.427940
vn -0.915426 0.161964 -0.347327
vn -0.904020 0.197575 -0.373334
vn -0.947727 0.095493 -0.291611
vn -0.974328 0.061184 -0.203937
vn -0.970716 0.021171 -0.225622
vn -0.984438 0.032844 -0.155685
vn -0.922522 0.004184 -0.382273
vn -0.941449 -0.028341 -0.330678
vn -0.993712 0.034649 -0.098962
vn -0.992482 0.012203 -0.108020
vn -0.982350 -0.030578 -0.169198
vn -0.977314 -0.031526 -0.194093
vn -0.986817 0.024204 -0.152005
vn -0.989123 0.057276 -0.127892
vn -0.995656 -0.004658 -0.055974
vn -0.989611 0.111771 -0.058958
vn -0.962261 -0.122075 -0.233360
vn -0.984009 -0.080849 -0.148471
vn -0.992312 -0.049150 -0.101051
vn -0.996421 -0.012658 -0.070648
vn -0.990843 -0.091144 -0.089531
vn -0.939870 -0.136683 -0.303040
vn -0.998507 -0.011885 0.001900
vn -0.992592 0.089380 -0.003883
vn -0.972490 0.225593 -0.053909
vn -0.982864 0.169401 -0.017780
vn -0.985400 -0.134571 -0.077758
vn -0.997277 -0.050841 -0.035409
vn -0.966617 0.251117 -0.050787
vn -0.991491 0.126779 0.017861
vn -0.996539 0.065096 0.029459
vn -0.995155 -0.086501 -0.016110
vn -0.992678 -0.098341 -0.053840
vn -0.988026 -0.127723 -0.075078
vn -0.986776 -0.122391 -0.102623
vn -0.992009 -0.116631 -0.031977
vn -0.998609 -0.018899 0.024023
vn -0.996272 -0.003878 0.065034
vn -0.967680 -0.184735 -0.158685
vn -0.988392 -0.139137 -0.000147
vn -0.987105 -0.145048 -0.059733
vn -0.982925 -0.173732 -0.052641
vn -0.993781 -0.100582 0.022268
vn -0.991300 0.107994 0.065807
vn -0.989349 -0.141517 -0.012575
vn -0.985343 -0.161655 0.033542
vn -0.993191 -0.100442 0.044720
vn -0.983174 -0.176908 -0.020475
vn -0.982788 -0.179644 -0.024618
vn -0.986647 -0.154147 0.035834
vn -0.985197 -0.157339 0.059772
vn -0.980795 -0.175460 0.073214
vn -0.992472 0.058162 0.099652
vn -0.976135 -0.213320 -0.015480
vn -0.963426 -0.254936 -0.040644
vn -0.979673 -0.194259 0.037688
vn -0.956058 -0.245508 -0.148528
vn -0.986303 -0.103746 0.120191
vn -0.971750 -0.230640 0.022481
vn -0.970876 -0.230757 0.037484
vn -0.988040 -0.023683 0.144128
vn -0.966863 -0.251160 -0.006015
vn -0.944407 -0.228031 -0.229298
vn -0.968625 -0.240510 0.047470
vn -0.976901 -0.194894 0.076736
vn -0.962373 -0.255556 0.075905
vn -0.969281 -0.222682 0.091845
vn -0.983498 0.072124 0.160708
vn -0.969688 -0.196340 0.136976
vn -0.959390 -0.277384 0.032656
vn -0.980090 -0.118033 0.154149
vn -0.941230 -0.324026 -0.077861
vn -0.940653 -0.318649 0.082918
vn -0.928725 -0.355407 0.055199
vn -0.977028 -0.048121 0.199732
vn -0.975048 0.033277 0.215348
vn -0.971521 -0.143626 0.180750
vn -0.963522 -0.211708 0.158676
vn -0.945286 -0.267463 0.179865
vn -0.944265 -0.282972 0.161179
vn -0.950676 -0.293377 0.096134
vn -0.938789 -0.330267 0.079739
vn -0.931112 -0.353621 0.047959
vn -0.958361 -0.230220 0.161868
vn -0.930128 -0.357075 0.059030
vn -0.931617 -0.315538 -0.172565
vn -0.920964 -0.385142 -0.006190
vn -0.905640 -0.371236 0.155909
vn -0.933860 -0.307987 0.169049
vn -0.940687 -0.220470 0.247785
vn -0.918224 -0.369038 0.125039
vn -0.932686 -0.305325 0.184902
vn -0.978845 0.078204 0.186594
vn -0.921716 -0.349433 0.151279
vn -0.899812 -0.395469 0.166851
vn -0.904562 -0.413921 -0.085979
vn -0.924315 -0.296561 -0.235401
vn -0.916179 -0.359307 0.170598
vn -0.856476 -0.447711 0.215547
vn -0.909981 -0.382225 -0.151252
vn -0.930113 -0.219724 -0.293027
vn -0.977111 0.073761 0.194344
vn -0.969651 0.013807 0.241539
vn -0.878402 -0.447474 0.153723
vn -0.898563 -0.333198 0.277301
vn -0.895065 -0.441104 0.036093
vn -0.885891 -0.446386 0.107416
vn -0.880520 -0.471086 -0.011239
vn -0.893914 -0.435118 -0.105176
vn -0.842387 -0.447300 0.276050
vn -0.854929 -0.502604 0.106242
vn -0.859161 -0.491631 0.126042
vn -0.884378 -0.460613 -0.069610
vn -0.878224 -0.468555 -0.081874
vn -0.889642 -0.441313 -0.117173
vn -0.864655 -0.446426 0.224261
vn -0.885891 -0.446426 -0.125793
vn -0.866833 -0.482055 -0.103633
vn -0.843984 -0.488666 0.201782
vn -0.837785 -0.514382 0.172747
vn -0.812437 -0.515909 0.248868
vn -0.863825 -0.447322 0.227009
vn -0.862584 -0.465021 0.195483
vn -0.872232 -0.465693 -0.148626
vn -0.849083 -0.526243 -0.000206
vn -0.846132 -0.523286 0.082691
vn -0.860979 -0.478411 0.171630
vn -0.838049 -0.540501 0.047508
vn -0.826740 -0.560785 0.006530
vn -0.791018 -0.601916 -0.022998
vn -0.838411 -0.521006 0.159243
vn -0.825260 -0.484839 0.274212
vn -0.844549 -0.481823 0.230199
vn -0.790779 -0.575605 0.195744
vn -0.742306 -0.629759 0.166728
vn -0.752261 -0.632676 0.127158
vn -0.783205 -0.604064 0.095446
vn -0.773508 -0.611525 0.133696
vn -0.791683 -0.585459 0.160002
vn -0.781763 -0.539442 0.298223
vn -0.750231 -0.645809 0.098021
vn -0.763191 -0.640718 0.032069
vn -0.788299 -0.594277 0.150427
vn -0.740526 -0.621314 0.243145
vn -0.752189 -0.591079 0.283566
vn -0.667966 -0.727906 0.122193
vn -0.709571 -0.657223 0.239117
vn -0.709853 -0.602951 0.354957
vn -0.699846 -0.686545 0.186090
vn -0.665672 -0.712154 0.201914
vn -0.684361 -0.659989 0.290880
vn -0.698889 -0.711599 0.023821
vn -0.692738 -0.719402 -0.021815
vn -0.678362 -0.686807 0.240705
vn -0.614790 -0.754601 0.198087
vn -0.628155 -0.740684 0.226070
vn -0.623117 -0.728224 0.269921
vn -0.699261 -0.606785 0.377915
vn -0.643972 -0.762832 0.007959
vn -0.678676 -0.728932 -0.071963
vn -0.632125 -0.768016 -0.038455
vn -0.652079 -0.735828 -0.179341
vn -0.610479 -0.706078 0.351899
vn -0.651301 -0.618583 0.435591
vn -0.647116 -0.663677 0.372434
vn -0.646033 -0.692298 0.320089
vn -0.601585 -0.783074 0.118792
vn -0.617995 -0.751374 0.229208
vn -0.625048 -0.770158 0.119158
vn -0.622532 -0.770185 0.133787
vn -0.604631 -0.771339 0.196705
vn -0.599592 -0.798025 0.048155
vn -0.597655 -0.722418 0.345611
vn -0.562657 -0.810191 -0.139107
vn -0.596700 -0.777521 -0.191812
vn -0.551702 -0.828374 0.014363
vn -0.566859 -0.773695 0.279322
vn -0.553007 -0.758399 0.344885
vn -0.519252 -0.850182 0.083256
vn -0.529883 -0.802894 0.272759
vn -0.486861 -0.863085 -0.121455
vn -0.474349 -0.875260 -0.046887
vn -0.430238 -0.893614 -0.106532
vn -0.394363 -0.898826 -0.182277
vn -0.400053 -0.916324 -0.017516
vn -0.368687 -0.906145 -0.205283
vn -0.376675 -0.874233 -0.290314
vn -0.366946 -0.859408 -0.343915
vn -0.371940 -0.825551 -0.423893
vn -0.340289 -0.852647 -0.390799
vn -0.364219 -0.816833 -0.447358
vn -0.305771 -0.890383 -0.336790
vn -0.290821 -0.895513 -0.336866
vn 0.157389 0.936700 0.312765
vn 0.157389 0.936700 0.312765
vn 0.157389 0.936700 0.312765
o geometry_0
usemtl Material
f 3848/3848/3848 3850/3850/3850 3853/3853/3853
f 3848/3848/3848 3853/3853/3853 3851/3851/3851
f 3850/3850/3850 3854/3854/3854 3853/3853/3853
f 3853/3853/3853 3856/3856/3856 3851/3851/3851
f 3853/3853/3853 3857/3857/3857 3856/3856/3856
f 3853/3853/3853 3854/3854/3854 3857/3857/3857
f 3842/3842/3842 3848/3848/3848 3847/3847/3847
f 3845/3845/3845 3848/3848/3848 3842/3842/3842
f 3850/3850/3850 3848/3848/3848 3845/3845/3845
f 441/441/441 423/423/423 421/421/421
f 441/441/441 440/440/440 423/423/423
f 3848/3848/3848 3851/3851/3851 3847/3847/3847
f 3852/3852/3852 3855/3855/3855 3850/3850/3850
f 3855/3855/3855 3854/3854/3854 3850/3850/3850
f 3859/3859/3859 3854/3854/3854 3855/3855/3855
f 3859/3859/3859 3858/3858/3858 3854/3854/3854
f 3857/3857/3857 3860/3860/3860 3856/3856/3856
f 3857/3857/3857 3858/3858/3858 3860/3860/3860
f 3854/3854/3854 3858/3858/3858 3857/3857/3857
f 3832/3832/3832 3842/3842/3842 3828/3828/3828
f 3828/3828/3828 3842/3842/3842 3841/3841/3841
f 3841/3841/3841 3846/3846/3846 3840/3840/3840
f 3833/3833/3833 3845/3845/3845 3832/3832/3832
f 3833/3833/3833 3849/3849/3849 3845/3845/3845
f 3832/3832/3832 3845/3845/3845 3842/3842/3842
f 3842/3842/3842 3847/3847/3847 3841/3841/3841
f 3841/3841/3841 3847/3847/3847 3846/3846/3846
f 421/421/421 423/423/423 419/419/419
f 3849/3849/3849 3852/3852/3852 3845/3845/3845
f 3852/3852/3852 3850/3850/3850 3845/3845/3845
f 1023/1023/1023 1044/1044/1044 1024/1024/1024
f 423/423/423 440/440/440 428/428/428
f 440/440/440 444/444/444 428/428/428
f 440/440/440 453/453/453 444/444/444
f 1023/1023/1023 1043/1043/1043 1044/1044/1044
f 1034/1034/1034 1043/1043/1043 1023/1023/1023
f 453/453/453 456/456/456 444/444/444
f 453/453/453 460/460/460 456/456/456
f 3859/3859/3859 3866/3866/3866 3858/3858/3858
f 1048/1048/1048 1068/1068/1068 1043/1043/1043
f 3858/3858/3858 3861/3861/3861 3860/3860/3860
f 3861/3861/3861 3862/3862/3862 3860/3860/3860
f 1048/1048/1048 1062/1062/1062 1068/1068/1068
f 3866/3866/3866 3861/3861/3861 3858/3858/3858
f 3861/3861/3861 3863/3863/3863 3862/3862/3862
f 3866/3866/3866 3864/3864/3864 3861/3861/3861
f 3864/3864/3864 3863/3863/3863 3861/3861/3861
f 3828/3828/3828 3841/3841/3841 3840/3840/3840
f 3823/3823/3823 3832/3832/3832 3819/3819/3819
f 3819/3819/3819 3832/3832/3832 3828/3828/3828
f 3823/3823/3823 3833/3833/3833 3832/3832/3832
f 432/432/432 421/421/421 415/415/415
f 415/415/415 421/421/421 409/409/409
f 3834/3834/3834 3849/3849/3849 3833/3833/3833
f 421/421/421 419/419/419 409/409/409
f 419/419/419 416/416/416 411/411/411
f 419/419/419 423/423/423 416/416/416
f 1000/1000/1000 1024/1024/1024 1017/1017/1017
f 1000/1000/1000 1023/1023/1023 1024/1024/1024
f 423/423/423 428/428/428 416/416/416
f 444/444/444 442/442/442 428/428/428
f 1023/1023/1023 1022/1022/1022 1034/1034/1034
f 444/444/444 456/456/456 454/454/454
f 444/444/444 454/454/454 442/442/442
f 1034/1034/1034 1048/1048/1048 1043/1043/1043
f 1038/1038/1038 1062/1062/1062 1048/1048/1048
f 460/460/460 458/458/458 456/456/456
f 460/460/460 476/476/476 458/458/458
f 477/477/477 458/458/458 476/476/476
f 1062/1062/1062 1063/1063/1063 1068/1068/1068
f 3867/3867/3867 3864/3864/3864 3866/3866/3866
f 477/477/477 475/475/475 458/458/458
f 3867/3867/3867 3865/3865/3865 3864/3864/3864
f 3864/3864/3864 3865/3865/3865 3863/3863/3863
f 1352/1352/1352 1353/1353/1353 1354/1354/1354
f 1352/1352/1352 1351/1351/1351 1353/1353/1353
f 1091/1091/1091 1093/1093/1093 1094/1094/1094
f 1352/1352/1352 1350/1350/1350 1351/1351/1351
f 3826/3826/3826 3828/3828/3828 3836/3836/3836
f 3828/3828/3828 3840/3840/3840 3836/3836/3836
f 3836/3836/3836 3840/3840/3840 3844/3844/3844
f 420/420/420 432/432/432 415/415/415
f 3819/3819/3819 3822/3822/3822 3823/3823/3823
f 3823/3823/3823 3834/3834/3834 3833/3833/3833
f 979/979/979 1017/1017/1017 989/989/989
f 979/979/979 1000/1000/1000 1017/1017/1017
f 416/416/416 428/428/428 433/433/433
f 428/428/428 442/442/442 433/433/433
f 1034/1034/1034 1038/1038/1038 1048/1048/1048
f 456/456/456 457/457/457 454/454/454
f 456/456/456 458/458/458 457/457/457
f 1038/1038/1038 1063/1063/1063 1062/1062/1062
f 458/458/458 459/459/459 457/457/457
f 458/458/458 475/475/475 468/468/468
f 458/458/458 468/468/468 459/459/459
f 1095/1095/1095 1091/1091/1091 1094/1094/1094
f 1350/1350/1350 1263/1263/1263 1351/1351/1351
f 468/468/468 474/474/474 469/469/469
f 1091/1091/1091 1092/1092/1092 1093/1093/1093
f 1348/1348/1348 1263/1263/1263 1350/1350/1350
f 3818/3818/3818 3819/3819/3819 3828/3828/3828
f 989/989/989 1021/1021/1021 990/990/990
f 415/415/415 409/409/409 408/408/408
f 953/953/953 979/979/979 989/989/989
f 411/411/411 416/416/416 410/410/410
f 1001/1001/1001 1022/1022/1022 1023/1023/1023
f 454/454/454 463/463/463 442/442/442
f 1014/1014/1014 1034/1034/1034 1022/1022/1022
f 1034/1034/1034 1033/1033/1033 1038/1038/1038
f 454/454/454 457/457/457 462/462/462
f 459/459/459 461/461/461 457/457/457
f 1038/1038/1038 1045/1045/1045 1063/1063/1063
f 468/468/468 466/466/466 459/459/459
f 3867/3867/3867 3868/3868/3868 3865/3865/3865
f 468/468/468 469/469/469 466/466/466
f 3868/3868/3868 3871/3871/3871 3872/3872/3872
f 1091/1091/1091 1090/1090/1090 1092/1092/1092
f 1349/1349/1349 1345/1345/1345 1348/1348/1348
f 3826/3826/3826 3836/3836/3836 3829/3829/3829
f 3818/3818/3818 3828/3828/3828 3826/3826/3826
f 3836/3836/3836 3844/3844/3844 3829/3829/3829
f 420/420/420 415/415/415 408/408/408
f 990/990/990 969/969/969 989/989/989
f 410/410/410 416/416/416 429/429/429
f 979/979/979 970/970/970 1000/1000/1000
f 416/416/416 433/433/433 429/429/429
f 433/433/433 449/449/449 429/429/429
f 970/970/970 1001/1001/1001 1000/1000/1000
f 433/433/433 442/442/442 449/449/449
f 1001/1001/1001 1023/1023/1023 1000/1000/1000
f 1001/1001/1001 1002/1002/1002 1022/1022/1022
f 1310/1310/1310 1293/1293/1293 1296/1296/1296
f 1002/1002/1002 1014/1014/1014 1022/1022/1022
f 1014/1014/1014 1033/1033/1033 1034/1034/1034
f 454/454/454 462/462/462 463/463/463
f 1033/1033/1033 1036/1036/1036 1038/1038/1038
f 457/457/457 461/461/461 462/462/462
f 1036/1036/1036 1045/1045/1045 1038/1038/1038
f 459/459/459 466/466/466 461/461/461
f 1045/1045/1045 1064/1064/1064 1063/1063/1063
f 3867/3867/3867 3869/3869/3869 3868/3868/3868
f 466/466/466 469/469/469 467/467/467
f 469/469/469 474/474/474 467/467/467
f 3869/3869/3869 3870/3870/3870 3868/3868/3868
f 3870/3870/3870 3871/3871/3871 3868/3868/3868
f 1088/1088/1088 1090/1090/1090 1091/1091/1091
f 1348/1348/1348 1253/1253/1253 1259/1259/1259
f 1345/1345/1345 1253/1253/1253 1348/1348/1348
f 1086/1086/1086 1090/1090/1090 1088/1088/1088
f 1086/1086/1086 1097/1097/1097 1090/1090/1090
f 1349/1349/1349 1347/1347/1347 1345/1345/1345
f 3818/3818/3818 3826/3826/3826 3816/3816/3816
f 3816/3816/3816 3826/3826/3826 3829/3829/3829
f 3829/3829/3829 3844/3844/3844 3843/3843/3843
f 3813/3813/3813 3819/3819/3819 3818/3818/3818
f 420/420/420 408/408/408 405/405/405
f 3813/3813/3813 3822/3822/3822 3819/3819/3819
f 408/408/408 409/409/409 407/407/407
f 409/409/409 410/410/410 407/407/407
f 953/953/953 965/965/965 979/979/979
f 979/979/979 965/965/965 970/970/970
f 1304/1304/1304 1288/1288/1288 1291/1291/1291
f 1025/1025/1025 1036/1036/1036 1033/1033/1033
f 1304/1304/1304 1287/1287/1287 1288/1288/1288
f 1042/1042/1042 1064/1064/1064 1045/1045/1045
f 1263/1263/1263 1257/1257/1257 1265/1265/1265
f 1263/1263/1263 1259/1259/1259 1257/1257/1257
f 1088/1088/1088 1070/1070/1070 1086/1086/1086
f 1259/1259/1259 1253/1253/1253 1254/1254/1254
f 1347/1347/1347 1344/1344/1344 1345/1345/1345
f 1096/1096/1096 1097/1097/1097 1086/1086/1086
f 3816/3816/3816 3829/3829/3829 3817/3817/3817
f 3814/3814/3814 3818/3818/3818 3816/3816/3816
f 3813/3813/3813 3818/3818/3818 3814/3814/3814
f 410/410/410 429/429/429 425/425/425
f 1014/1014/1014 1025/1025/1025 1033/1033/1033
f 1026/1026/1026 1045/1045/1045 1036/1036/1036
f 1026/1026/1026 1042/1042/1042 1045/1045/1045
f 1042/1042/1042 1059/1059/1059 1064/1064/1064
f 1059/1059/1059 1070/1070/1070 1064/1064/1064
f 1070/1070/1070 1071/1071/1071 1086/1086/1086
f 1071/1071/1071 1087/1087/1087 1086/1086/1086
f 1087/1087/1087 1096/1096/1096 1086/1086/1086
f 1344/1344/1344 1252/1252/1252 1345/1345/1345
f 1345/1345/1345 1252/1252/1252 1253/1253/1253
f 2622/2622/2622 2608/2608/2608 2623/2623/2623
f 1347/1347/1347 1346/1346/1346 1344/1344/1344
f 3814/3814/3814 3816/3816/3816 3815/3815/3815
f 3815/3815/3815 3816/3816/3816 3817/3817/3817
f 3817/3817/3817 3829/3829/3829 3831/3831/3831
f 3831/3831/3831 3829/3829/3829 3843/3843/3843
f 436/436/436 405/405/405 406/406/406
f 983/983/983 990/990/990 1016/1016/1016
f 405/405/405 408/408/408 397/397/397
f 408/408/408 407/407/407 397/397/397
f 990/990/990 983/983/983 946/946/946
f 940/940/940 969/969/969 946/946/946
f 940/940/940 953/953/953 969/969/969
f 953/953/953 924/924/924 945/945/945
f 953/953/953 945/945/945 965/965/965
f 429/429/429 437/437/437 425/425/425
f 965/965/965 945/945/945 970/970/970
f 1001/1001/1001 985/985/985 1002/1002/1002
f 986/986/986 1014/1014/1014 1002/1002/1002
f 1014/1014/1014 992/992/992 1025/1025/1025
f 1291/1291/1291 1290/1290/1290 1292/1292/1292
f 1288/1288/1288 1287/1287/1287 1285/1285/1285
f 1025/1025/1025 1026/1026/1026 1036/1036/1036
f 1287/1287/1287 1286/1286/1286 1285/1285/1285
f 1026/1026/1026 1027/1027/1027 1042/1042/1042
f 1027/1027/1027 1039/1039/1039 1042/1042/1042
f 1039/1039/1039 1059/1059/1059 1042/1042/1042
f 1060/1060/1060 1070/1070/1070 1059/1059/1059
f 1060/1060/1060 1071/1071/1071 1070/1070/1070
f 1253/1253/1253 1245/1245/1245 1254/1254/1254
f 1344/1344/1344 1251/1251/1251 1252/1252/1252
f 2624/2624/2624 2614/2614/2614 2622/2622/2622
f 2614/2614/2614 2608/2608/2608 2622/2622/2622
f 3817/3817/3817 3831/3831/3831 3820/3820/3820
f 406/406/406 405/405/405 396/396/396
f 405/405/405 397/397/397 396/396/396
f 407/407/407 410/410/410 412/412/412
f 410/410/410 424/424/424 412/412/412
f 410/410/410 425/425/425 424/424/424
f 940/940/940 924/924/924 953/953/953
f 1295/1295/1295 1298/1298/1298 1300/1300/1300
f 945/945/945 944/944/944 970/970/970
f 1295/1295/1295 1293/1293/1293 1294/1294/1294
f 1293/1293/1293 1292/1292/1292 1294/1294/1294
f 985/985/985 1001/1001/1001 970/970/970
f 985/985/985 986/986/986 1002/1002/1002
f 986/986/986 992/992/992 1014/1014/1014
f 992/992/992 1026/1026/1026 1025/1025/1025
f 992/992/992 1012/1012/1012 1026/1026/1026
f 1012/1012/1012 1027/1027/1027 1026/1026/1026
f 1265/1265/1265 1267/1267/1267 1285/1285/1285
f 1039/1039/1039 1040/1040/1040 1059/1059/1059
f 1040/1040/1040 1060/1060/1060 1059/1059/1059
f 1065/1065/1065 1071/1071/1071 1060/1060/1060
f 1065/1065/1065 1085/1085/1085 1071/1071/1071
f 1085/1085/1085 1087/1087/1087 1071/1071/1071
f 2621/2621/2621 2614/2614/2614 2624/2624/2624
f 1346/1346/1346 1342/1342/1342 1344/1344/1344
f 1344/1344/1344 1342/1342/1342 1251/1251/1251
f 2621/2621/2621 2615/2615/2615 2614/2614/2614
f 2614/2614/2614 2584/2584/2584 2608/2608/2608
f 436/436/436 406/406/406 422/422/422
f 3807/3807/3807 3813/3813/3813 3814/3814/3814
f 397/397/397 407/407/407 402/402/402
f 407/407/407 412/412/412 402/402/402
f 945/945/945 922/922/922 928/928/928
f 928/928/928 944/944/944 945/945/945
f 970/970/970 943/943/943 985/985/985
f 985/985/985 950/950/950 986/986/986
f 992/992/992 958/958/958 978/978/978
f 547/547/547 568/568/568 539/539/539
f 978/978/978 1012/1012/1012 992/992/992
f 1027/1027/1027 1030/1030/1030 1039/1039/1039
f 1030/1030/1030 1040/1040/1040 1039/1039/1039
f 1030/1030/1030 1010/1010/1010 1040/1040/1040
f 1037/1037/1037 1060/1060/1060 1040/1040/1040
f 1037/1037/1037 1065/1065/1065 1060/1060/1060
f 1252/1252/1252 1251/1251/1251 1244/1244/1244
f 1252/1252/1252 1244/1244/1244 1245/1245/1245
f 1065/1065/1065 1061/1061/1061 1085/1085/1085
f 2616/2616/2616 2615/2615/2615 2621/2621/2621
f 1342/1342/1342 1331/1331/1331 1251/1251/1251
f 2584/2584/2584 2594/2594/2594 2608/2608/2608
f 2615/2615/2615 2584/2584/2584 2614/2614/2614
f 3820/3820/3820 3831/3831/3831 3839/3839/3839
f 3807/3807/3807 3814/3814/3814 3815/3815/3815
f 422/422/422 406/406/406 396/396/396
f 3812/3812/3812 3813/3813/3813 3807/3807/3807
f 1003/1003/1003 983/983/983 1016/1016/1016
f 424/424/424 426/426/426 412/412/412
f 940/940/940 923/923/923 924/924/924
f 424/424/424 437/437/437 426/426/426
f 924/924/924 922/922/922 945/945/945
f 970/970/970 944/944/944 943/943/943
f 943/943/943 950/950/950 985/985/985
f 957/957/957 992/992/992 986/986/986
f 957/957/957 958/958/958 992/992/992
f 978/978/978 973/973/973 1012/1012/1012
f 978/978/978 959/959/959 973/973/973
f 973/973/973 1027/1027/1027 1012/1012/1012
f 534/534/534 539/539/539 568/568/568
f 1006/1006/1006 1027/1027/1027 973/973/973
f 1006/1006/1006 1030/1030/1030 1027/1027/1027
f 1006/1006/1006 1010/1010/1010 1030/1030/1030
f 1257/1257/1257 1256/1256/1256 1266/1266/1266
f 1010/1010/1010 1037/1037/1037 1040/1040/1040
f 1037/1037/1037 1061/1061/1061 1065/1065/1065
f 1061/1061/1061 1089/1089/1089 1085/1085/1085
f 2616/2616/2616 2598/2598/2598 2615/2615/2615
f 2615/2615/2615 2598/2598/2598 2584/2584/2584
f 1342/1342/1342 1341/1341/1341 1331/1331/1331
f 2584/2584/2584 2598/2598/2598 2582/2582/2582
f 2584/2584/2584 2573/2573/2573 2594/2594/2594
f 3809/3809/3809 3817/3817/3817 3820/3820/3820
f 3820/3820/3820 3839/3839/3839 3827/3827/3827
f 439/439/439 422/422/422 400/400/400
f 3815/3815/3815 3817/3817/3817 3809/3809/3809
f 3800/3800/3800 3815/3815/3815 3809/3809/3809
f 3800/3800/3800 3807/3807/3807 3815/3815/3815
f 422/422/422 396/396/396 400/400/400
f 1003/1003/1003 956/956/956 983/983/983
f 397/397/397 402/402/402 398/398/398
f 956/956/956 946/946/946 983/983/983
f 402/402/402 412/412/412 413/413/413
f 412/412/412 426/426/426 413/413/413
f 940/940/940 932/932/932 923/923/923
f 928/928/928 931/931/931 944/944/944
f 944/944/944 931/931/931 943/943/943
f 973/973/973 975/975/975 1006/1006/1006
f 984/984/984 1010/1010/1010 1006/1006/1006
f 1029/1029/1029 1037/1037/1037 1010/1010/1010
f 1256/1256/1256 1255/1255/1255 1266/1266/1266
f 1066/1066/1066 1089/1089/1089 1061/1061/1061
f 2620/2620/2620 2603/2603/2603 2616/2616/2616
f 2616/2616/2616 2603/2603/2603 2598/2598/2598
f 1246/1246/1246 1240/1240/1240 1251/1251/1251
f 1331/1331/1331 1246/1246/1246 1251/1251/1251
f 2603/2603/2603 2582/2582/2582 2598/2598/2598
f 1341/1341/1341 1246/1246/1246 1331/1331/1331
f 2582/2582/2582 2571/2571/2571 2584/2584/2584
f 2571/2571/2571 2573/2573/2573 2584/2584/2584
f 3809/3809/3809 3820/3820/3820 3808/3808/3808
f 3808/3808/3808 3820/3820/3820 3827/3827/3827
f 3805/3805/3805 3807/3807/3807 3800/3800/3800
f 956/956/956 947/947/947 946/946/946
f 947/947/947 932/932/932 946/946/946
f 932/932/932 940/940/940 946/946/946
f 437/437/437 556/556/556 451/451/451
f 923/923/923 905/905/905 924/924/924
f 958/958/958 925/925/925 959/959/959
f 958/958/958 959/959/959 978/978/978
f 973/973/973 949/949/949 975/975/975
f 564/564/564 535/535/535 534/534/534
f 987/987/987 1029/1029/1029 1010/1010/1010
f 1255/1255/1255 1261/1261/1261 1266/1266/1266
f 1029/1029/1029 1032/1032/1032 1037/1037/1037
f 1032/1032/1032 1061/1061/1061 1037/1037/1037
f 1032/1032/1032 1046/1046/1046 1061/1061/1061
f 1046/1046/1046 1066/1066/1066 1061/1061/1061
f 1251/1251/1251 1240/1240/1240 1244/1244/1244
f 2593/2593/2593 2582/2582/2582 2603/2603/2603
f 2582/2582/2582 2567/2567/2567 2571/2571/2571
f 3800/3800/3800 3809/3809/3809 3808/3808/3808
f 400/400/400 396/396/396 395/395/395
f 396/396/396 393/393/393 395/395/395
f 3811/3811/3811 3812/3812/3812 3807/3807/3807
f 396/396/396 397/397/397 393/393/393
f 398/398/398 402/402/402 403/403/403
f 402/402/402 413/413/413 403/403/403
f 413/413/413 426/426/426 435/435/435
f 932/932/932 906/906/906 923/923/923
f 905/905/905 904/904/904 922/922/922
f 922/922/922 904/904/904 928/928/928
f 928/928/928 904/904/904 907/907/907
f 928/928/928 907/907/907 931/931/931
f 931/931/931 910/910/910 943/943/943
f 950/950/950 943/943/943 916/916/916
f 950/950/950 917/917/917 957/957/957
f 925/925/925 958/958/958 957/957/957
f 925/925/925 948/948/948 959/959/959
f 959/959/959 948/948/948 973/973/973
f 948/948/948 949/949/949 973/973/973
f 975/975/975 949/949/949 960/960/960
f 975/975/975 960/960/960 984/984/984
f 564/564/564 570/570/570 535/535/535
f 987/987/987 1007/1007/1007 1029/1029/1029
f 1007/1007/1007 1032/1032/1032 1029/1029/1029
f 1035/1035/1035 1046/1046/1046 1032/1032/1032
f 1035/1035/1035 1058/1058/1058 1046/1046/1046
f 1058/1058/1058 1066/1066/1066 1046/1046/1046
f 1245/1245/1245 1244/1244/1244 1243/1243/1243
f 1244/1244/1244 1240/1240/1240 1243/1243/1243
f 2620/2620/2620 2609/2609/2609 2603/2603/2603
f 2609/2609/2609 2588/2588/2588 2603/2603/2603
f 2588/2588/2588 2593/2593/2593 2603/2603/2603
f 2571/2571/2571 2564/2564/2564 2573/2573/2573
f 1341/1341/1341 1338/1338/1338 1246/1246/1246
f 3797/3797/3797 3800/3800/3800 3808/3808/3808
f 439/439/439 400/400/400 399/399/399
f 399/399/399 400/400/400 395/395/395
f 3805/3805/3805 3811/3811/3811 3807/3807/3807
f 988/988/988 956/956/956 1003/1003/1003
f 397/397/397 398/398/398 393/393/393
f 932/932/932 929/929/929 906/906/906
f 435/435/435 426/426/426 452/452/452
f 426/426/426 451/451/451 452/452/452
f 923/923/923 906/906/906 905/905/905
f 943/943/943 910/910/910 916/916/916
f 916/916/916 917/917/917 950/950/950
f 1007/1007/1007 1031/1031/1031 1032/1032/1032
f 1031/1031/1031 1035/1035/1035 1032/1032/1032
f 1058/1058/1058 1069/1069/1069 1066/1066/1066
f 2588/2588/2588 2572/2572/2572 2593/2593/2593
f 2572/2572/2572 2582/2582/2582 2593/2593/2593
f 2582/2582/2582 2572/2572/2572 2567/2567/2567
f 2571/2571/2571 2562/2562/2562 2564/2564/2564
f 3808/3808/3808 3827/3827/3827 3803/3803/3803
f 955/955/955 956/956/956 988/988/988
f 955/955/955 947/947/947 956/956/956
f 955/955/955 929/929/929 947/947/947
f 398/398/398 403/403/403 394/394/394
f 403/403/403 413/413/413 418/418/418
f 413/413/413 435/435/435 418/418/418
f 925/925/925 926/926/926 948/948/948
f 948/948/948 926/926/926 949/949/949
f 972/972/972 951/951/951 980/980/980
f 2609/2609/2609 2583/2583/2583 2588/2588/2588
f 2588/2588/2588 2583/2583/2583 2579/2579/2579
f 2588/2588/2588 2579/2579/2579 2572/2572/2572
f 2567/2567/2567 2562/2562/2562 2571/2571/2571
f 3795/3795/3795 3800/3800/3800 3797/3797/3797
f 3805/3805/3805 3800/3800/3800 3795/3795/3795
f 395/395/395 393/393/393 388/388/388
f 393/393/393 398/398/398 394/394/394
f 906/906/906 913/913/913 908/908/908
f 905/905/905 901/901/901 904/904/904
f 907/907/907 897/897/897 910/910/910
f 910/910/910 896/896/896 916/916/916
f 917/917/917 916/916/916 902/902/902
f 917/917/917 902/902/902 903/903/903
f 917/917/917 903/903/903 925/925/925
f 926/926/926 912/912/912 949/949/949
f 949/949/949 927/927/927 960/960/960
f 980/980/980 981/981/981 987/987/987
f 981/981/981 998/998/998 987/987/987
f 998/998/998 1007/1007/1007 987/987/987
f 1009/1009/1009 1031/1031/1031 1007/1007/1007
f 1009/1009/1009 1015/1015/1015 1031/1031/1031
f 1015/1015/1015 1035/1035/1035 1031/1031/1031
f 1015/1015/1015 1041/1041/1041 1035/1035/1035
f 1261/1261/1261 1243/1243/1243 1273/1273/1273
f 1041/1041/1041 1058/1058/1058 1035/1035/1035
f 1041/1041/1041 1047/1047/1047 1058/1058/1058
f 1047/1047/1047 1069/1069/1069 1058/1058/1058
f 1047/1047/1047 1073/1073/1073 1069/1069/1069
f 1338/1338/1338 1250/1250/1250 1246/1246/1246
f 2572/2572/2572 2566/2566/2566 2567/2567/2567
f 2566/2566/2566 2562/2562/2562 2567/2567/2567
f 3797/3797/3797 3803/3803/3803 3791/3791/3791
f 3803/3803/3803 3827/3827/3827 3804/3804/3804
f 3804/3804/3804 3827/3827/3827 3838/3838/3838
f 399/399/399 395/395/395 387/387/387
f 395/395/395 388/388/388 387/387/387
f 3810/3810/3810 3811/3811/3811 3805/3805/3805
f 435/435/435 452/452/452 562/562/562
f 906/906/906 908/908/908 901/901/901
f 906/906/906 901/901/901 905/905/905
f 904/904/904 899/899/899 897/897/897
f 910/910/910 897/897/897 896/896/896
f 916/916/916 896/896/896 902/902/902
f 925/925/925 903/903/903 926/926/926
f 926/926/926 903/903/903 911/911/911
f 949/949/949 912/912/912 927/927/927
f 980/980/980 951/951/951 976/976/976
f 1007/1007/1007 996/996/996 1009/1009/1009
f 2602/2602/2602 2583/2583/2583 2609/2609/2609
f 1240/1240/1240 1239/1239/1239 1243/1243/1243
f 1240/1240/1240 1238/1238/1238 1239/1239/1239
f 2579/2579/2579 2570/2570/2570 2572/2572/2572
f 1250/1250/1250 1238/1238/1238 1246/1246/1246
f 2570/2570/2570 2566/2566/2566 2572/2572/2572
f 3791/3791/3791 3803/3803/3803 3804/3804/3804
f 3789/3789/3789 3795/3795/3795 3790/3790/3790
f 3790/3790/3790 3795/3795/3795 3797/3797/3797
f 3804/3804/3804 3838/3838/3838 3835/3835/3835
f 386/386/386 399/399/399 387/387/387
f 3798/3798/3798 3805/3805/3805 3795/3795/3795
f 3798/3798/3798 3795/3795/3795 3789/3789/3789
f 3810/3810/3810 3805/3805/3805 3798/3798/3798
f 999/999/999 966/966/966 988/988/988
f 394/394/394 403/403/403 392/392/392
f 918/918/918 913/913/913 929/929/929
f 418/418/418 464/464/464 438/438/438
f 913/913/913 906/906/906 929/929/929
f 418/418/418 435/435/435 464/464/464
f 926/926/926 911/911/911 912/912/912
f 996/996/996 1007/1007/1007 998/998/998
f 1009/1009/1009 996/996/996 1015/1015/1015
f 1020/1020/1020 1041/1041/1041 1015/1015/1015
f 1020/1020/1020 1047/1047/1047 1041/1041/1041
f 1338/1338/1338 1335/1335/1335 1250/1250/1250
f 388/388/388 393/393/393 379/379/379
f 966/966/966 954/954/954 955/955/955
f 403/403/403 417/417/417 392/392/392
f 918/918/918 929/929/929 955/955/955
f 913/913/913 909/909/909 908/908/908
f 901/901/901 900/900/900 899/899/899
f 899/899/899 898/898/898 897/897/897
f 902/902/902 887/887/887 903/903/903
f 927/927/927 912/912/912 890/890/890
f 927/927/927 890/890/890 951/951/951
f 982/982/982 981/981/981 976/976/976
f 998/998/998 994/994/994 996/996/996
f 560/560/560 543/543/543 541/541/541
f 1013/1013/1013 1020/1020/1020 1015/1015/1015
f 1049/1049/1049 1047/1047/1047 1020/1020/1020
f 2583/2583/2583 2578/2578/2578 2579/2579/2579
f 2579/2579/2579 2578/2578/2578 2570/2570/2570
f 2566/2566/2566 2565/2565/2565 2562/2562/2562
f 2562/2562/2562 2565/2565/2565 2561/2561/2561
f 3725/3725/3725 3790/3790/3790 3791/3791/3791
f 3791/3791/3791 3804/3804/3804 3793/3793/3793
f 3793/3793/3793 3804/3804/3804 3824/3824/3824
f 3789/3789/3789 3790/3790/3790 3725/3725/3725
f 3824/3824/3824 3804/3804/3804 3835/3835/3835
f 3787/3787/3787 3798/3798/3798 3789/3789/3789
f 387/387/387 388/388/388 380/380/380
f 993/993/993 966/966/966 999/999/999
f 380/380/380 388/388/388 379/379/379
f 393/393/393 391/391/391 379/379/379
f 393/393/393 394/394/394 391/391/391
f 954/954/954 918/918/918 955/955/955
f 417/417/417 418/418/418 438/438/438
f 918/918/918 915/915/915 913/913/913
f 909/909/909 900/900/900 908/908/908
f 908/908/908 900/900/900 901/901/901
f 312/312/312 558/558/558 555/555/555
f 898/898/898 895/895/895 897/897/897
f 897/897/897 895/895/895 896/896/896
f 895/895/895 891/891/891 896/896/896
f 896/896/896 891/891/891 902/902/902
f 902/902/902 891/891/891 887/887/887
f 887/887/887 883/883/883 903/903/903
f 991/991/991 994/994/994 981/981/981
f 991/991/991 981/981/981 982/982/982
f 996/996/996 1013/1013/1013 1015/1015/1015
f 3151/3151/3151 3150/3150/3150 3166/3166/3166
f 1049/1049/1049 1052/1052/1052 1047/1047/1047
f 1052/1052/1052 1073/1073/1073 1047/1047/1047
f 1052/1052/1052 1072/1072/1072 1073/1073/1073
f 2604/2604/2604 2585/2585/2585 2602/2602/2602
f 2602/2602/2602 2585/2585/2585 2583/2583/2583
f 2585/2585/2585 2578/2578/2578 2583/2583/2583
f 2570/2570/2570 2568/2568/2568 2566/2566/2566
f 2562/2562/2562 2563/2563/2563 2564/2564/2564
f 2561/2561/2561 2557/2557/2557 2562/2562/2562
f 2562/2562/2562 2557/2557/2557 2563/2563/2563
f 3735/3735/3735 3789/3789/3789 3725/3725/3725
f 387/387/387 380/380/380 386/386/386
f 993/993/993 999/999/999 1008/1008/1008
f 394/394/394 392/392/392 391/391/391
f 464/464/464 562/562/562 566/566/566
f 903/903/903 883/883/883 911/911/911
f 911/911/911 883/883/883 885/885/885
f 911/911/911 885/885/885 912/912/912
f 951/951/951 890/890/890 952/952/952
f 951/951/951 952/952/952 976/976/976
f 1018/1018/1018 991/991/991 982/982/982
f 1020/1020/1020 1050/1050/1050 1049/1049/1049
f 2578/2578/2578 2574/2574/2574 2570/2570/2570
f 2570/2570/2570 2574/2574/2574 2568/2568/2568
f 2566/2566/2566 2568/2568/2568 2565/2565/2565
f 3725/3725/3725 3791/3791/3791 3723/3723/3723
f 3723/3723/3723 3791/3791/3791 3793/3793/3793
f 918/918/918 919/919/919 915/915/915
f 914/914/914 1160/1160/1160 909/909/909
f 909/909/909 1161/1161/1161 900/900/900
f 898/898/898 1168/1168/1168 895/895/895
f 895/895/895 894/894/894 891/891/891
f 891/891/891 884/884/884 887/887/887
f 995/995/995 996/996/996 994/994/994
f 995/995/995 997/997/997 996/996/996
f 996/996/996 997/997/997 1013/1013/1013
f 3145/3145/3145 3143/3143/3143 3151/3151/3151
f 3151/3151/3151 3143/3143/3143 3150/3150/3150
f 3793/3793/3793 3824/3824/3824 3825/3825/3825
f 3824/3824/3824 3835/3835/3835 3825/3825/3825
f 401/401/401 386/386/386 381/381/381
f 386/386/386 380/380/380 382/382/382
f 3794/3794/3794 3799/3799/3799 3802/3802/3802
f 954/954/954 966/966/966 930/930/930
f 391/391/391 392/392/392 374/374/374
f 954/954/954 930/930/930 918/918/918
f 919/919/919 1163/1163/1163 915/915/915
f 915/915/915 1163/1163/1163 914/914/914
f 561/561/561 567/567/567 566/566/566
f 1160/1160/1160 1161/1161/1161 909/909/909
f 1161/1161/1161 1162/1162/1162 900/900/900
f 1162/1162/1162 1168/1168/1168 900/900/900
f 900/900/900 1168/1168/1168 898/898/898
f 1168/1168/1168 1174/1174/1174 895/895/895
f 1174/1174/1174 894/894/894 895/895/895
f 887/887/887 884/884/884 883/883/883
f 883/883/883 884/884/884 885/885/885
f 885/885/885 889/889/889 890/890/890
f 890/890/890 971/971/971 952/952/952
f 3147/3147/3147 3145/3145/3145 3151/3151/3151
f 1050/1050/1050 1051/1051/1051 1049/1049/1049
f 1051/1051/1051 1052/1052/1052 1049/1049/1049
f 1335/1335/1335 1248/1248/1248 1250/1250/1250
f 3717/3717/3717 3723/3723/3723 3793/3793/3793
f 3717/3717/3717 3793/3793/3793 3792/3792/3792
f 3792/3792/3792 3793/3793/3793 3825/3825/3825
f 382/382/382 380/380/380 378/378/378
f 993/993/993 967/967/967 966/966/966
f 380/380/380 379/379/379 373/373/373
f 379/379/379 374/374/374 373/373/373
f 930/930/930 920/920/920 918/918/918
f 1163/1163/1163 1151/1151/1151 914/914/914
f 914/914/914 1151/1151/1151 1160/1160/1160
f 3242/3242/3242 3149/3149/3149 3147/3147/3147
f 3147/3147/3147 3146/3146/3146 3145/3145/3145
f 3145/3145/3145 3146/3146/3146 3144/3144/3144
f 3145/3145/3145 3144/3144/3144 3143/3143/3143
f 1051/1051/1051 1053/1053/1053 1052/1052/1052
f 1052/1052/1052 1067/1067/1067 1072/1072/1072
f 1067/1067/1067 1082/1082/1082 1072/1072/1072
f 2599/2599/2599 2585/2585/2585 2604/2604/2604
f 2585/2585/2585 2581/2581/2581 2578/2578/2578
f 2581/2581/2581 2574/2574/2574 2578/2578/2578
f 1238/1238/1238 1230/1230/1230 1233/1233/1233
f 1250/1250/1250 1230/1230/1230 1238/1238/1238
f 2569/2569/2569 2560/2560/2560 2568/2568/2568
f 2568/2568/2568 2560/2560/2560 2565/2565/2565
f 2565/2565/2565 2560/2560/2560 2561/2561/2561
f 1343/1343/1343 1336/1336/1336 1335/1335/1335
f 1335/1335/1335 1336/1336/1336 1248/1248/1248
f 3785/3785/3785 3787/3787/3787 3735/3735/3735
f 3787/3787/3787 3788/3788/3788 3794/3794/3794
f 918/918/918 920/920/920 919/919/919
f 392/392/392 417/417/417 404/404/404
f 921/921/921 1144/1144/1144 919/919/919
f 919/919/919 1144/1144/1144 1163/1163/1163
f 566/566/566 567/567/567 571/571/571
f 1160/1160/1160 1151/1151/1151 1149/1149/1149
f 1149/1149/1149 1161/1161/1161 1160/1160/1160
f 1161/1161/1161 1149/1149/1149 1157/1157/1157
f 311/311/311 332/332/332 313/313/313
f 1162/1162/1162 1157/1157/1157 1168/1168/1168
f 308/308/308 326/326/326 311/311/311
f 1168/1168/1168 1169/1169/1169 1174/1174/1174
f 1174/1174/1174 1178/1178/1178 894/894/894
f 891/891/891 888/888/888 884/884/884
f 884/884/884 888/888/888 886/886/886
f 884/884/884 886/886/886 885/885/885
f 890/890/890 889/889/889 971/971/971
f 3149/3149/3149 3148/3148/3148 3147/3147/3147
f 3147/3147/3147 3148/3148/3148 3146/3146/3146
f 3144/3144/3144 3142/3142/3142 3143/3143/3143
f 3143/3143/3143 3142/3142/3142 3139/3139/3139
f 3143/3143/3143 3139/3139/3139 3150/3150/3150
f 3150/3150/3150 3139/3139/3139 3162/3162/3162
f 1053/1053/1053 1067/1067/1067 1052/1052/1052
f 2585/2585/2585 2599/2599/2599 2581/2581/2581
f 2561/2561/2561 2560/2560/2560 2557/2557/2557
f 401/401/401 381/381/381 385/385/385
f 3785/3785/3785 3788/3788/3788 3787/3787/3787
f 380/380/380 373/373/373 378/378/378
f 933/933/933 930/930/930 966/966/966
f 374/374/374 392/392/392 376/376/376
f 392/392/392 404/404/404 376/376/376
f 920/920/920 921/921/921 919/919/919
f 404/404/404 417/417/417 443/443/443
f 921/921/921 1143/1143/1143 1144/1144/1144
f 572/572/572 573/573/573 443/443/443
f 571/571/571 573/573/573 572/572/572
f 1163/1163/1163 1144/1144/1144 1151/1151/1151
f 1157/1157/1157 1167/1167/1167 1168/1168/1168
f 308/308/308 336/336/336 326/326/326
f 1167/1167/1167 1169/1169/1169 1168/1168/1168
f 1174/1174/1174 1169/1169/1169 1178/1178/1178
f 893/893/893 888/888/888 891/891/891
f 885/885/885 886/886/886 889/889/889
f 1005/1005/1005 995/995/995 1004/1004/1004
f 1051/1051/1051 1054/1054/1054 1053/1053/1053
f 2581/2581/2581 2589/2589/2589 2574/2574/2574
f 2576/2576/2576 2569/2569/2569 2568/2568/2568
f 3792/3792/3792 3825/3825/3825 3718/3718/3718
f 967/967/967 933/933/933 966/966/966
f 1144/1144/1144 1131/1131/1131 1151/1151/1151
f 567/567/567 606/606/606 571/571/571
f 330/330/330 331/331/331 567/567/567
f 1149/1149/1149 1148/1148/1148 1157/1157/1157
f 1169/1169/1169 1177/1177/1177 1178/1178/1178
f 3146/3146/3146 3159/3159/3159 3144/3144/3144
f 3144/3144/3144 3161/3161/3161 3142/3142/3142
f 3142/3142/3142 3138/3138/3138 3139/3139/3139
f 3162/3162/3162 3139/3139/3139 3165/3165/3165
f 1233/1233/1233 1268/1268/1268 1258/1258/1258
f 2589/2589/2589 2575/2575/2575 2574/2574/2574
f 2574/2574/2574 2575/2575/2575 2568/2568/2568
f 2575/2575/2575 2576/2576/2576 2568/2568/2568
f 2575/2575/2575 2577/2577/2577 2576/2576/2576
f 2576/2576/2576 2555/2555/2555 2569/2569/2569
f 2569/2569/2569 2555/2555/2555 2560/2560/2560
f 374/374/374 370/370/370 373/373/373
f 920/920/920 930/930/930 933/933/933
f 921/921/921 1156/1156/1156 1143/1143/1143
f 1143/1143/1143 1136/1136/1136 1144/1144/1144
f 1144/1144/1144 1136/1136/1136 1131/1131/1131
f 1131/1131/1131 1147/1147/1147 1151/1151/1151
f 1151/1151/1151 1147/1147/1147 1149/1149/1149
f 1149/1149/1149 1147/1147/1147 1148/1148/1148
f 313/313/313 331/331/331 330/330/330
f 1148/1148/1148 1158/1158/1158 1157/1157/1157
f 1158/1158/1158 1166/1166/1166 1157/1157/1157
f 1157/1157/1157 1166/1166/1166 1167/1167/1167
f 1167/1167/1167 1166/1166/1166 1169/1169/1169
f 952/952/952 1011/1011/1011 977/977/977
f 1208/1208/1208 1210/1210/1210 1004/1004/1004
f 1004/1004/1004 1210/1210/1210 1005/1005/1005
f 3214/3214/3214 3222/3222/3222 3148/3148/3148
f 3148/3148/3148 3198/3198/3198 3146/3146/3146
f 3146/3146/3146 3198/3198/3198 3159/3159/3159
f 3144/3144/3144 3159/3159/3159 3161/3161/3161
f 3142/3142/3142 3161/3161/3161 3138/3138/3138
f 3139/3139/3139 3138/3138/3138 3129/3129/3129
f 3139/3139/3139 3129/3129/3129 3165/3165/3165
f 1053/1053/1053 1055/1055/1055 1067/1067/1067
f 1055/1055/1055 1082/1082/1082 1067/1067/1067
f 1248/1248/1248 1336/1336/1336 1249/1249/1249
f 3721/3721/3721 3730/3730/3730 3729/3729/3729
f 382/382/382 378/378/378 381/381/381
f 933/933/933 934/934/934 920/920/920
f 920/920/920 1156/1156/1156 921/921/921
f 404/404/404 443/443/443 430/430/430
f 567/567/567 331/331/331 606/606/606
f 313/313/313 334/334/334 331/331/331
f 313/313/313 333/333/333 334/334/334
f 313/313/313 332/332/332 333/333/333
f 347/347/347 348/348/348 320/320/320
f 893/893/893 1187/1187/1187 888/888/888
f 344/344/344 345/345/345 314/314/314
f 886/886/886 1189/1189/1189 892/892/892
f 886/886/886 892/892/892 889/889/889
f 3148/3148/3148 3222/3222/3222 3198/3198/3198
f 1054/1054/1054 1055/1055/1055 1053/1053/1053
f 2599/2599/2599 2589/2589/2589 2581/2581/2581
f 1268/1268/1268 1233/1233/1233 1264/1264/1264
f 1343/1343/1343 1337/1337/1337 1336/1336/1336
f 2560/2560/2560 2553/2553/2553 2557/2557/2557
f 3718/3718/3718 3830/3830/3830 3801/3801/3801
f 385/385/385 381/381/381 383/383/383
f 3786/3786/3786 3788/3788/3788 3785/3785/3785
f 968/968/968 937/937/937 967/967/967
f 3742/3742/3742 3799/3799/3799 3794/3794/3794
f 933/933/933 937/937/937 935/935/935
f 933/933/933 935/935/935 934/934/934
f 376/376/376 414/414/414 370/370/370
f 376/376/376 430/430/430 414/414/414
f 1141/1141/1141 1136/1136/1136 1143/1143/1143
f 573/573/573 575/575/575 443/443/443
f 1148/1148/1148 1159/1159/1159 1158/1158/1158
f 1159/1159/1159 1173/1173/1173 1166/1166/1166
f 1166/1166/1166 1173/1173/1173 1176/1176/1176
f 1166/1166/1166 1176/1176/1176 1171/1171/1171
f 1177/1177/1177 1180/1180/1180 1179/1179/1179
f 1179/1179/1179 1181/1181/1181 1178/1178/1178
f 893/893/893 1181/1181/1181 1187/1187/1187
f 1188/1188/1188 1190/1190/1190 1189/1189/1189
f 3161/3161/3161 3160/3160/3160 3138/3138/3138
f 3129/3129/3129 3112/3112/3112 3165/3165/3165
f 1074/1074/1074 1082/1082/1082 1055/1055/1055
f 1233/1233/1233 1232/1232/1232 1264/1264/1264
f 1230/1230/1230 1231/1231/1231 1232/1232/1232
f 1248/1248/1248 1231/1231/1231 1230/1230/1230
f 2560/2560/2560 2555/2555/2555 2553/2553/2553
f 2553/2553/2553 2554/2554/2554 2557/2557/2557
f 3717/3717/3717 3718/3718/3718 3719/3719/3719
f 381/381/381 365/365/365 383/383/383
f 3742/3742/3742 3794/3794/3794 3786/3786/3786
f 381/381/381 378/378/378 365/365/365
f 373/373/373 367/367/367 378/378/378
f 373/373/373 370/370/370 367/367/367
f 920/920/920 1142/1142/1142 1156/1156/1156
f 1156/1156/1156 1141/1141/1141 1143/1143/1143
f 331/331/331 871/871/871 606/606/606
f 1171/1171/1171 1204/1204/1204 1180/1180/1180
f 1187/1187/1187 1190/1190/1190 1188/1188/1188
f 1190/1190/1190 1192/1192/1192 1189/1189/1189
f 3138/3138/3138 3160/3160/3160 3120/3120/3120
f 3138/3138/3138 3120/3120/3120 3129/3129/3129
f 3129/3129/3129 3120/3120/3120 3112/3112/3112
f 1056/1056/1056 1055/1055/1055 1054/1054/1054
f 1268/1268/1268 1275/1275/1275 1270/1270/1270
f 2600/2600/2600 2589/2589/2589 2599/2599/2599
f 2575/2575/2575 2580/2580/2580 2577/2577/2577
f 1248/1248/1248 1249/1249/1249 1231/1231/1231
f 3718/3718/3718 3801/3801/3801 3777/3777/3777
f 3728/3728/3728 3730/3730/3730 3721/3721/3721
f 3786/3786/3786 3785/3785/3785 3734/3734/3734
f 365/365/365 378/378/378 367/367/367
f 920/920/920 934/934/934 1142/1142/1142
f 370/370/370 414/414/414 377/377/377
f 1156/1156/1156 1142/1142/1142 1141/1141/1141
f 606/606/606 611/611/611 574/574/574
f 606/606/606 871/871/871 616/616/616
f 331/331/331 334/334/334 871/871/871
f 333/333/333 874/874/874 334/334/334
f 1793/1793/1793 1856/1856/1856 1868/1868/1868
f 1181/1181/1181 1199/1199/1199 1187/1187/1187
f 1198/1198/1198 1190/1190/1190 1187/1187/1187
f 1197/1197/1197 1202/1202/1202 892/892/892
f 1028/1028/1028 1206/1206/1206 1207/1207/1207
f 3243/3243/3243 3256/3256/3256 3214/3214/3214
f 3214/3214/3214 3209/3209/3209 3222/3222/3222
f 3222/3222/3222 3209/3209/3209 3198/3198/3198
f 3209/3209/3209 3197/3197/3197 3198/3198/3198
f 3198/3198/3198 3197/3197/3197 3159/3159/3159
f 3159/3159/3159 3197/3197/3197 3161/3161/3161
f 3160/3160/3160 3161/3161/3161 3194/3194/3194
f 1055/1055/1055 1057/1057/1057 1074/1074/1074
f 1264/1264/1264 1277/1277/1277 1268/1268/1268
f 2610/2610/2610 2600/2600/2600 2599/2599/2599
f 2589/2589/2589 2591/2591/2591 2575/2575/2575
f 2575/2575/2575 2591/2591/2591 2580/2580/2580
f 2576/2576/2576 2577/2577/2577 2555/2555/2555
f 1337/1337/1337 1333/1333/1333 1249/1249/1249
f 2555/2555/2555 2549/2549/2549 2553/2553/2553
f 942/942/942 937/937/937 968/968/968
f 937/937/937 942/942/942 938/938/938
f 937/937/937 936/936/936 935/935/935
f 935/935/935 936/936/936 934/934/934
f 936/936/936 1142/1142/1142 934/934/934
f 1141/1141/1141 1127/1127/1127 1136/1136/1136
f 574/574/574 611/611/611 576/576/576
f 1136/1136/1136 1125/1125/1125 1131/1131/1131
f 1125/1125/1125 1130/1130/1130 1131/1131/1131
f 334/334/334 872/872/872 871/871/871
f 878/878/878 874/874/874 333/333/333
f 1179/1179/1179 1224/1224/1224 1199/1199/1199
f 1852/1852/1852 1792/1792/1792 1854/1854/1854
f 3160/3160/3160 3194/3194/3194 3120/3120/3120
f 278/278/278 269/269/269 277/277/277
f 1055/1055/1055 1056/1056/1056 1057/1057/1057
f 2610/2610/2610 2611/2611/2611 2600/2600/2600
f 2600/2600/2600 2591/2591/2591 2589/2589/2589
f 1232/1232/1232 1234/1234/1234 1262/1262/1262
f 2555/2555/2555 2552/2552/2552 2549/2549/2549
f 2549/2549/2549 2542/2542/2542 2553/2553/2553
f 2553/2553/2553 2542/2542/2542 2540/2540/2540
f 2553/2553/2553 2540/2540/2540 2554/2554/2554
f 3801/3801/3801 3830/3830/3830 3837/3837/3837
f 385/385/385 383/383/383 384/384/384
f 3742/3742/3742 3786/3786/3786 3741/3741/3741
f 937/937/937 938/938/938 936/936/936
f 1142/1142/1142 1127/1127/1127 1141/1141/1141
f 1127/1127/1127 1125/1125/1125 1136/1136/1136
f 874/874/874 872/872/872 334/334/334
f 1130/1130/1130 1138/1138/1138 1140/1140/1140
f 1986/1986/1986 1919/1919/1919 1987/1987/1987
f 3254/3254/3254 3236/3236/3236 3214/3214/3214
f 3256/3256/3256 3254/3254/3254 3214/3214/3214
f 3214/3214/3214 3236/3236/3236 3209/3209/3209
f 3197/3197/3197 3194/3194/3194 3161/3161/3161
f 3112/3112/3112 3110/3110/3110 3137/3137/3137
f 1075/1075/1075 1074/1074/1074 1057/1057/1057
f 1277/1277/1277 1276/1276/1276 1268/1268/1268
f 1074/1074/1074 1075/1075/1075 1083/1083/1083
f 2577/2577/2577 2552/2552/2552 2555/2555/2555
f 3777/3777/3777 3801/3801/3801 3796/3796/3796
f 3796/3796/3796 3801/3801/3801 3837/3837/3837
f 383/383/383 365/365/365 363/363/363
f 370/370/370 371/371/371 368/368/368
f 1898/1898/1898 1817/1817/1817 1899/1899/1899
f 3209/3209/3209 3210/3210/3210 3197/3197/3197
f 3120/3120/3120 3111/3111/3111 3112/3112/3112
f 1277/1277/1277 1278/1278/1278 1276/1276/1276
f 2600/2600/2600 2611/2611/2611 2601/2601/2601
f 2600/2600/2600 2601/2601/2601 2591/2591/2591
f 2590/2590/2590 2580/2580/2580 2591/2591/2591
f 1249/1249/1249 1235/1235/1235 1231/1231/1231
f 2552/2552/2552 2544/2544/2544 2549/2549/2549
f 1333/1333/1333 1340/1340/1340 1330/1330/1330
f 3727/3727/3727 3720/3720/3720 3726/3726/3726
f 3732/3732/3732 3733/3733/3733 3728/3728/3728
f 367/367/367 355/355/355 365/365/365
f 938/938/938 939/939/939 936/936/936
f 367/367/367 368/368/368 355/355/355
f 936/936/936 1133/1133/1133 1142/1142/1142
f 611/611/611 617/617/617 614/614/614
f 1125/1125/1125 1124/1124/1124 1130/1130/1130
f 616/616/616 870/870/870 617/617/617
f 616/616/616 617/617/617 611/611/611
f 1124/1124/1124 1138/1138/1138 1130/1130/1130
f 1200/1200/1200 1220/1220/1220 1201/1201/1201
f 1209/1209/1209 1212/1212/1212 1213/1213/1213
f 3254/3254/3254 3253/3253/3253 3236/3236/3236
f 3236/3236/3236 3235/3235/3235 3209/3209/3209
f 3209/3209/3209 3235/3235/3235 3210/3210/3210
f 3197/3197/3197 3206/3206/3206 3194/3194/3194
f 3163/3163/3163 3111/3111/3111 3120/3120/3120
f 3112/3112/3112 3111/3111/3111 3110/3110/3110
f 1057/1057/1057 1076/1076/1076 1075/1075/1075
f 2601/2601/2601 2590/2590/2590 2591/2591/2591
f 2580/2580/2580 2556/2556/2556 2577/2577/2577
f 2577/2577/2577 2556/2556/2556 2552/2552/2552
f 1333/1333/1333 1330/1330/1330 1249/1249/1249
f 2549/2549/2549 2544/2544/2544 2542/2542/2542
f 941/941/941 938/938/938 942/942/942
f 936/936/936 939/939/939 1133/1133/1133
f 371/371/371 431/431/431 427/427/427
f 1127/1127/1127 1121/1121/1121 1125/1125/1125
f 1125/1125/1125 1121/1121/1121 1124/1124/1124
f 872/872/872 874/874/874 875/875/875
f 1212/1212/1212 1214/1214/1214 1213/1213/1213
f 3111/3111/3111 3109/3109/3109 3110/3110/3110
f 3110/3110/3110 3091/3091/3091 3137/3137/3137
f 1231/1231/1231 1235/1235/1235 1234/1234/1234
f 1249/1249/1249 1330/1330/1330 1235/1235/1235
f 2556/2556/2556 2543/2543/2543 2552/2552/2552
f 2543/2543/2543 2544/2544/2544 2552/2552/2552
f 3737/3737/3737 3738/3738/3738 3736/3736/3736
f 941/941/941 942/942/942 964/964/964
f 938/938/938 941/941/941 939/939/939
f 365/365/365 355/355/355 363/363/363
f 368/368/368 371/371/371 372/372/372
f 371/371/371 427/427/427 372/372/372
f 939/939/939 1129/1129/1129 1133/1133/1133
f 1133/1133/1133 1129/1129/1129 1118/1118/1118
f 1133/1133/1133 1118/1118/1118 1127/1127/1127
f 1127/1127/1127 1118/1118/1118 1121/1121/1121
f 1121/1121/1121 1119/1119/1119 1124/1124/1124
f 873/873/873 869/869/869 870/870/870
f 872/872/872 875/875/875 873/873/873
f 3057/3057/3057 3058/3058/3058 3081/3081/3081
f 3021/3021/3021 3027/3027/3027 3031/3031/3031
f 1815/1815/1815 1814/1814/1814 1842/1842/1842
f 1228/1228/1228 1218/1218/1218 1212/1212/1212
f 3236/3236/3236 3253/3253/3253 3235/3235/3235
f 3210/3210/3210 3206/3206/3206 3197/3197/3197
f 3110/3110/3110 3109/3109/3109 3091/3091/3091
f 1076/1076/1076 1077/1077/1077 1075/1075/1075
f 2613/2613/2613 2601/2601/2601 2611/2611/2611
f 2544/2544/2544 2543/2543/2543 2532/2532/2532
f 2542/2542/2542 2520/2520/2520 2540/2540/2540
f 3731/3731/3731 3732/3732/3732 3728/3728/3728
f 384/384/384 363/363/363 366/366/366
f 941/941/941 961/961/961 939/939/939
f 368/368/368 372/372/372 355/355/355
f 939/939/939 1137/1137/1137 1129/1129/1129
f 617/617/617 864/864/864 614/614/614
f 617/617/617 869/869/869 864/864/864
f 3014/3014/3014 3015/3015/3015 3018/3018/3018
f 3017/3017/3017 3018/3018/3018 3021/3021/3021
f 1982/1982/1982 1925/1925/1925 1951/1951/1951
f 1212/1212/1212 1218/1218/1218 1214/1214/1214
f 3210/3210/3210 3223/3223/3223 3206/3206/3206
f 3206/3206/3206 3196/3196/3196 3194/3194/3194
f 3163/3163/3163 3167/3167/3167 3111/3111/3111
f 2580/2580/2580 2547/2547/2547 2556/2556/2556
f 1332/1332/1332 1241/1241/1241 1330/1330/1330
f 2544/2544/2544 2532/2532/2532 2542/2542/2542
f 2520/2520/2520 2518/2518/2518 2540/2540/2540
f 1339/1339/1339 1332/1332/1332 1340/1340/1340
f 1340/1340/1340 1332/1332/1332 1330/1330/1330
f 2542/2542/2542 2532/2532/2532 2520/2520/2520
f 3744/3744/3744 3724/3724/3724 3761/3761/3761
f 384/384/384 366/366/366 390/390/390
f 964/964/964 963/963/963 941/941/941
f 366/366/366 363/363/363 354/354/354
f 941/941/941 962/962/962 961/961/961
f 363/363/363 355/355/355 354/354/354
f 961/961/961 1137/1137/1137 939/939/939
f 1118/1118/1118 1119/1119/1119 1121/1121/1121
f 578/578/578 579/579/579 580/580/580
f 615/615/615 580/580/580 579/579/579
f 614/614/614 855/855/855 615/615/615
f 1931/1931/1931 1927/1927/1927 1951/1951/1951
f 1953/1953/1953 1972/1972/1972 1973/1973/1973
f 3253/3253/3253 3249/3249/3249 3235/3235/3235
f 3235/3235/3235 3249/3249/3249 3210/3210/3210
f 3210/3210/3210 3249/3249/3249 3223/3223/3223
f 3194/3194/3194 3196/3196/3196 3163/3163/3163
f 3163/3163/3163 3196/3196/3196 3167/3167/3167
f 3111/3111/3111 3167/3167/3167 3156/3156/3156
f 3111/3111/3111 3113/3113/3113 3109/3109/3109
f 3109/3109/3109 3113/3113/3113 3108/3108/3108
f 2613/2613/2613 2607/2607/2607 2601/2601/2601
f 2586/2586/2586 2590/2590/2590 2601/2601/2601
f 2590/2590/2590 2559/2559/2559 2580/2580/2580
f 1235/1235/1235 1236/1236/1236 1234/1234/1234
f 2559/2559/2559 2547/2547/2547 2580/2580/2580
f 2547/2547/2547 2543/2543/2543 2556/2556/2556
f 1118/1118/1118 1117/1117/1117 1119/1119/1119
f 855/855/855 758/758/758 615/615/615
f 2988/2988/2988 2989/2989/2989 2985/2985/2985
f 869/869/869 876/876/876 864/864/864
f 3109/3109/3109 3108/3108/3108 3091/3091/3091
f 1075/1075/1075 1077/1077/1077 1079/1079/1079
f 2586/2586/2586 2559/2559/2559 2590/2590/2590
f 1236/1236/1236 1237/1237/1237 1234/1234/1234
f 1235/1235/1235 1241/1241/1241 1236/1236/1236
f 2543/2543/2543 2533/2533/2533 2532/2532/2532
f 3737/3737/3737 3736/3736/3736 3731/3731/3731
f 390/390/390 366/366/366 389/389/389
f 963/963/963 962/962/962 941/941/941
f 961/961/961 1126/1126/1126 1137/1137/1137
f 1126/1126/1126 1122/1122/1122 1129/1129/1129
f 1137/1137/1137 1126/1126/1126 1129/1129/1129
f 1129/1129/1129 1122/1122/1122 1118/1118/1118
f 1122/1122/1122 1115/1115/1115 1118/1118/1118
f 1115/1115/1115 1117/1117/1117 1118/1118/1118
f 850/850/850 758/758/758 855/855/855
f 864/864/864 850/850/850 855/855/855
f 864/864/864 876/876/876 850/850/850
f 3249/3249/3249 3250/3250/3250 3223/3223/3223
f 3223/3223/3223 3212/3212/3212 3206/3206/3206
f 3206/3206/3206 3212/3212/3212 3196/3196/3196
f 3111/3111/3111 3156/3156/3156 3113/3113/3113
f 3108/3108/3108 3093/3093/3093 3091/3091/3091
f 1076/1076/1076 1078/1078/1078 1077/1077/1077
f 2607/2607/2607 2586/2586/2586 2601/2601/2601
f 2547/2547/2547 2533/2533/2533 2543/2543/2543
f 2532/2532/2532 2516/2516/2516 2520/2520/2520
f 2187/2187/2187 2186/2186/2186 2169/2169/2169
f 1122/1122/1122 1114/1114/1114 1115/1115/1115
f 427/427/427 455/455/455 470/470/470
f 2985/2985/2985 2992/2992/2992 2999/2999/2999
f 875/875/875 876/876/876 873/873/873
f 3705/3705/3705 3714/3714/3714 3697/3697/3697
f 3223/3223/3223 3248/3248/3248 3212/3212/3212
f 3093/3093/3093 3089/3089/3089 3091/3091/3091
f 3091/3091/3091 3089/3089/3089 3090/3090/3090
f 2606/2606/2606 2586/2586/2586 2607/2607/2607
f 2586/2586/2586 2545/2545/2545 2559/2559/2559
f 2533/2533/2533 2526/2526/2526 2525/2525/2525
f 1332/1332/1332 1329/1329/1329 1241/1241/1241
f 2533/2533/2533 2525/2525/2525 2532/2532/2532
f 2532/2532/2532 2525/2525/2525 2516/2516/2516
f 963/963/963 974/974/974 962/962/962
f 962/962/962 974/974/974 961/961/961
f 974/974/974 1126/1126/1126 961/961/961
f 354/354/354 356/356/356 357/357/357
f 615/615/615 757/757/757 580/580/580
f 758/758/758 757/757/757 615/615/615
f 876/876/876 853/853/853 850/850/850
f 3047/3047/3047 3078/3078/3078 3073/3073/3073
f 3038/3038/3038 3029/3029/3029 3039/3039/3039
f 3038/3038/3038 3047/3047/3047 3058/3058/3058
f 3223/3223/3223 3250/3250/3250 3248/3248/3248
f 3167/3167/3167 3192/3192/3192 3156/3156/3156
f 1078/1078/1078 1079/1079/1079 1077/1077/1077
f 1079/1079/1079 1078/1078/1078 1080/1080/1080
f 2559/2559/2559 2545/2545/2545 2547/2547/2547
f 1241/1241/1241 1242/1242/1242 1236/1236/1236
f 2547/2547/2547 2545/2545/2545 2533/2533/2533
f 1339/1339/1339 1329/1329/1329 1332/1332/1332
f 389/389/389 366/366/366 364/364/364
f 364/364/364 354/354/354 357/357/357
f 974/974/974 1123/1123/1123 1126/1126/1126
f 1114/1114/1114 1111/1111/1111 1115/1115/1115
f 1115/1115/1115 1111/1111/1111 1116/1116/1116
f 580/580/580 596/596/596 581/581/581
f 580/580/580 757/757/757 596/596/596
f 850/850/850 848/848/848 758/758/758
f 850/850/850 853/853/853 849/849/849
f 3196/3196/3196 3192/3192/3192 3167/3167/3167
f 2606/2606/2606 2587/2587/2587 2586/2586/2586
f 1236/1236/1236 1242/1242/1242 1260/1260/1260
f 1241/1241/1241 1247/1247/1247 1242/1242/1242
f 2516/2516/2516 2511/2511/2511 2520/2520/2520
f 2520/2520/2520 2511/2511/2511 2518/2518/2518
f 2511/2511/2511 2508/2508/2508 2518/2518/2518
f 2170/2170/2170 2169/2169/2169 2168/2168/2168
f 1126/1126/1126 1123/1123/1123 1114/1114/1114
f 1114/1114/1114 1110/1110/1110 1111/1111/1111
f 877/877/877 854/854/854 853/853/853
f 3196/3196/3196 3212/3212/3212 3192/3192/3192
f 2587/2587/2587 2545/2545/2545 2586/2586/2586
f 2545/2545/2545 2534/2534/2534 2533/2533/2533
f 2533/2533/2533 2534/2534/2534 2526/2526/2526
f 357/357/357 356/356/356 358/358/358
f 2958/2958/2958 2957/2957/2957 2991/2991/2991
f 2991/2991/2991 2957/2957/2957 2993/2993/2993
f 758/758/758 848/848/848 757/757/757
f 849/849/849 847/847/847 848/848/848
f 854/854/854 849/849/849 853/853/853
f 3036/3036/3036 3039/3039/3039 3029/3029/3029
f 3248/3248/3248 3224/3224/3224 3212/3212/3212
f 3212/3212/3212 3224/3224/3224 3192/3192/3192
f 3089/3089/3089 3086/3086/3086 3090/3090/3090
f 1078/1078/1078 1081/1081/1081 1080/1080/1080
f 1329/1329/1329 1324/1324/1324 1247/1247/1247
f 2526/2526/2526 2514/2514/2514 2525/2525/2525
f 1150/1150/1150 1132/1132/1132 974/974/974
f 974/974/974 1132/1132/1132 1123/1123/1123
f 849/849/849 851/851/851 847/847/847
f 3696/3696/3696 3666/3666/3666 3250/3250/3250
f 3666/3666/3666 3224/3224/3224 3248/3248/3248
f 3224/3224/3224 3216/3216/3216 3192/3192/3192
f 3156/3156/3156 3157/3157/3157 3113/3113/3113
f 3113/3113/3113 3157/3157/3157 3154/3154/3154
f 3113/3113/3113 3114/3114/3114 3108/3108/3108
f 3108/3108/3108 3114/3114/3114 3093/3093/3093
f 3114/3114/3114 3099/3099/3099 3093/3093/3093
f 3099/3099/3099 3096/3096/3096 3093/3093/3093
f 3093/3093/3093 3096/3096/3096 3089/3089/3089
f 3096/3096/3096 3087/3087/3087 3089/3089/3089
f 3089/3089/3089 3087/3087/3087 3086/3086/3086
f 2558/2558/2558 2545/2545/2545 2587/2587/2587
f 2558/2558/2558 2541/2541/2541 2545/2545/2545
f 2541/2541/2541 2534/2534/2534 2545/2545/2545
f 1329/1329/1329 1334/1334/1334 1324/1324/1324
f 2511/2511/2511 2497/2497/2497 2508/2508/2508
f 596/596/596 584/584/584 582/582/582
f 2993/2993/2993 2971/2971/2971 2992/2992/2992
f 848/848/848 847/847/847 756/756/756
f 854/854/854 851/851/851 849/849/849
f 3047/3047/3047 3049/3049/3049 3079/3079/3079
f 3113/3113/3113 3154/3154/3154 3114/3114/3114
f 1242/1242/1242 1247/1247/1247 1280/1280/1280
f 2516/2516/2516 2492/2492/2492 2511/2511/2511
f 2511/2511/2511 2492/2492/2492 2497/2497/2497
f 2169/2169/2169 2179/2179/2179 2167/2167/2167
f 3750/3750/3750 3748/3748/3748 3746/3746/3746
f 3750/3750/3750 3752/3752/3752 3748/3748/3748
f 2183/2183/2183 2190/2190/2190 2195/2195/2195
f 2958/2958/2958 2954/2954/2954 2957/2957/2957
f 596/596/596 757/757/757 612/612/612
f 854/854/854 863/863/863 851/851/851
f 3036/3036/3036 3044/3044/3044 3039/3039/3039
f 3039/3039/3039 3044/3044/3044 3049/3049/3049
f 2606/2606/2606 2595/2595/2595 2587/2587/2587
f 2587/2587/2587 2595/2595/2595 2558/2558/2558
f 2525/2525/2525 2507/2507/2507 2516/2516/2516
f 2497/2497/2497 2494/2494/2494 2508/2508/2508
f 2179/2179/2179 2183/2183/2183 2167/2167/2167
f 1172/1172/1172 1139/1139/1139 1150/1150/1150
f 364/364/364 357/357/357 359/359/359
f 1150/1150/1150 1139/1139/1139 1132/1132/1132
f 1123/1123/1123 1108/1108/1108 1114/1114/1114
f 1114/1114/1114 1108/1108/1108 1110/1110/1110
f 1110/1110/1110 1103/1103/1103 1111/1111/1111
f 757/757/757 756/756/756 612/612/612
f 3033/3033/3033 3037/3037/3037 3035/3035/3035
f 851/851/851 852/852/852 847/847/847
f 863/863/863 862/862/862 851/851/851
f 3666/3666/3666 3665/3665/3665 3224/3224/3224
f 3216/3216/3216 3205/3205/3205 3192/3192/3192
f 1081/1081/1081 1084/1084/1084 1080/1080/1080
f 1274/1274/1274 1280/1280/1280 1289/1289/1289
f 2558/2558/2558 2548/2548/2548 2541/2541/2541
f 2541/2541/2541 2531/2531/2531 2534/2534/2534
f 2534/2534/2534 2521/2521/2521 2526/2526/2526
f 1324/1324/1324 1307/1307/1307 1247/1247/1247
f 1307/1307/1307 1280/1280/1280 1247/1247/1247
f 2521/2521/2521 2514/2514/2514 2526/2526/2526
f 2525/2525/2525 2514/2514/2514 2507/2507/2507
f 2508/2508/2508 2494/2494/2494 2510/2510/2510
f 2507/2507/2507 2492/2492/2492 2516/2516/2516
f 1139/1139/1139 1120/1120/1120 1132/1132/1132
f 1132/1132/1132 1120/1120/1120 1123/1123/1123
f 847/847/847 846/846/846 756/756/756
f 847/847/847 852/852/852 846/846/846
f 851/851/851 862/862/862 852/852/852
f 3044/3044/3044 3050/3050/3050 3049/3049/3049
f 3216/3216/3216 3240/3240/3240 3205/3205/3205
f 3157/3157/3157 3205/3205/3205 3154/3154/3154
f 3154/3154/3154 3155/3155/3155 3114/3114/3114
f 3114/3114/3114 3134/3134/3134 3107/3107/3107
f 3114/3114/3114 3107/3107/3107 3099/3099/3099
f 3099/3099/3099 3107/3107/3107 3096/3096/3096
f 3107/3107/3107 3118/3118/3118 3096/3096/3096
f 3096/3096/3096 3100/3100/3100 3087/3087/3087
f 2595/2595/2595 2548/2548/2548 2558/2558/2558
f 2548/2548/2548 2531/2531/2531 2541/2541/2541
f 2534/2534/2534 2531/2531/2531 2530/2530/2530
f 2534/2534/2534 2530/2530/2530 2521/2521/2521
f 359/359/359 358/358/358 360/360/360
f 1108/1108/1108 1103/1103/1103 1110/1110/1110
f 2957/2957/2957 2954/2954/2954 2953/2953/2953
f 2957/2957/2957 2953/2953/2953 2956/2956/2956
f 756/756/756 755/755/755 612/612/612
f 3035/3035/3035 3050/3050/3050 3044/3044/3044
f 3049/3049/3049 3051/3051/3051 3069/3069/3069
f 3216/3216/3216 3224/3224/3224 3240/3240/3240
f 3205/3205/3205 3155/3155/3155 3154/3154/3154
f 3114/3114/3114 3155/3155/3155 3134/3134/3134
f 3118/3118/3118 3100/3100/3100 3096/3096/3096
f 3086/3086/3086 3087/3087/3087 3088/3088/3088
f 2521/2521/2521 2512/2512/2512 2514/2514/2514
f 2507/2507/2507 2471/2471/2471 2492/2492/2492
f 2154/2154/2154 2168/2168/2168 2167/2167/2167
f 2339/2339/2339 2354/2354/2354 2338/2338/2338
f 1172/1172/1172 1155/1155/1155 1139/1139/1139
f 1123/1123/1123 1120/1120/1120 1107/1107/1107
f 1123/1123/1123 1107/1107/1107 1108/1108/1108
f 584/584/584 612/612/612 586/586/586
f 756/756/756 844/844/844 755/755/755
f 756/756/756 846/846/846 844/844/844
f 3035/3035/3035 3037/3037/3037 3048/3048/3048
f 3224/3224/3224 3665/3665/3665 3240/3240/3240
f 3100/3100/3100 3094/3094/3094 3087/3087/3087
f 3087/3087/3087 3092/3092/3092 3088/3088/3088
f 2595/2595/2595 2550/2550/2550 2548/2548/2548
f 1280/1280/1280 1307/1307/1307 1306/1306/1306
f 1280/1280/1280 1306/1306/1306 1289/1289/1289
f 2530/2530/2530 2515/2515/2515 2521/2521/2521
f 2521/2521/2521 2515/2515/2515 2512/2512/2512
f 1327/1327/1327 1323/1323/1323 1324/1324/1324
f 2514/2514/2514 2488/2488/2488 2507/2507/2507
f 2497/2497/2497 2470/2470/2470 2494/2494/2494
f 3767/3767/3767 3769/3769/3769 3768/3768/3768
f 1108/1108/1108 1107/1107/1107 1103/1103/1103
f 852/852/852 862/862/862 846/846/846
f 3665/3665/3665 3664/3664/3664 3240/3240/3240
f 3134/3134/3134 3141/3141/3141 3107/3107/3107
f 3130/3130/3130 3118/3118/3118 3107/3107/3107
f 3087/3087/3087 3094/3094/3094 3092/3092/3092
f 2548/2548/2548 2538/2538/2538 2531/2531/2531
f 2492/2492/2492 2470/2470/2470 2497/2497/2497
f 2167/2167/2167 2183/2183/2183 2172/2172/2172
f 1107/1107/1107 1102/1102/1102 1103/1103/1103
f 3045/3045/3045 3052/3052/3052 3046/3046/3046
f 862/862/862 856/856/856 846/846/846
f 3240/3240/3240 3241/3241/3241 3205/3205/3205
f 3205/3205/3205 3215/3215/3215 3155/3155/3155
f 3155/3155/3155 3215/3215/3215 3191/3191/3191
f 3155/3155/3155 3191/3191/3191 3134/3134/3134
f 3141/3141/3141 3130/3130/3130 3107/3107/3107
f 3100/3100/3100 3118/3118/3118 3115/3115/3115
f 3100/3100/3100 3115/3115/3115 3094/3094/3094
f 1289/1289/1289 1306/1306/1306 1305/1305/1305
f 1307/1307/1307 1309/1309/1309 1306/1306/1306
f 2531/2531/2531 2515/2515/2515 2530/2530/2530
f 1324/1324/1324 1323/1323/1323 1307/1307/1307
f 2470/2470/2470 2486/2486/2486 2494/2494/2494
f 1155/1155/1155 1128/1128/1128 1139/1139/1139
f 1139/1139/1139 1128/1128/1128 1120/1120/1120
f 1102/1102/1102 1100/1100/1100 1103/1103/1103
f 2954/2954/2954 2952/2952/2952 2953/2953/2953
f 2956/2956/2956 2969/2969/2969 2970/2970/2970
f 3045/3045/3045 2969/2969/2969 3052/3052/3052
f 612/612/612 754/754/754 586/586/586
f 755/755/755 754/754/754 612/612/612
f 3046/3046/3046 3053/3053/3053 3048/3048/3048
f 3048/3048/3048 3053/3053/3053 3050/3050/3050
f 846/846/846 856/856/856 844/844/844
f 3094/3094/3094 3095/3095/3095 3092/3092/3092
f 2595/2595/2595 2605/2605/2605 2550/2550/2550
f 2548/2548/2548 2550/2550/2550 2538/2538/2538
f 1307/1307/1307 1323/1323/1323 1309/1309/1309
f 1327/1327/1327 1328/1328/1328 1323/1323/1323
f 2514/2514/2514 2512/2512/2512 2488/2488/2488
f 2507/2507/2507 2488/2488/2488 2471/2471/2471
f 2471/2471/2471 2470/2470/2470 2492/2492/2492
f 2302/2302/2302 2328/2328/2328 2317/2317/2317
f 362/362/362 360/360/360 369/369/369
f 360/360/360 361/361/361 448/448/448
f 755/755/755 844/844/844 754/754/754
f 3051/3051/3051 3054/3054/3054 3069/3069/3069
f 862/862/862 866/866/866 856/856/856
f 3134/3134/3134 3191/3191/3191 3141/3141/3141
f 3130/3130/3130 3115/3115/3115 3118/3118/3118
f 2515/2515/2515 2490/2490/2490 2512/2512/2512
f 2488/2488/2488 2469/2469/2469 2471/2471/2471
f 2956/2956/2956 2955/2955/2955 2969/2969/2969
f 754/754/754 844/844/844 843/843/843
f 3069/3069/3069 3054/3054/3054 3070/3070/3070
f 3215/3215/3215 3225/3225/3225 3191/3191/3191
f 3191/3191/3191 3140/3140/3140 3141/3141/3141
f 3094/3094/3094 3101/3101/3101 3095/3095/3095
f 2605/2605/2605 2597/2597/2597 2550/2550/2550
f 2550/2550/2550 2546/2546/2546 2538/2538/2538
f 2538/2538/2538 2523/2523/2523 2531/2531/2531
f 2531/2531/2531 2523/2523/2523 2515/2515/2515
f 1323/1323/1323 1313/1313/1313 1309/1309/1309
f 2515/2515/2515 2509/2509/2509 2490/2490/2490
f 2470/2470/2470 2473/2473/2473 2486/2486/2486
f 2469/2469/2469 2455/2455/2455 2471/2471/2471
f 2471/2471/2471 2455/2455/2455 2470/2470/2470
f 3764/3764/3764 3767/3767/3767 3765/3765/3765
f 3760/3760/3760 3766/3766/3766 3764/3764/3764
f 2134/2134/2134 2172/2172/2172 2180/2180/2180
f 1155/1155/1155 1135/1135/1135 1128/1128/1128
f 1120/1120/1120 1105/1105/1105 1107/1107/1107
f 1107/1107/1107 1105/1105/1105 1102/1102/1102
f 586/586/586 754/754/754 613/613/613
f 3046/3046/3046 3056/3056/3056 3053/3053/3053
f 856/856/856 845/845/845 844/844/844
f 3241/3241/3241 3225/3225/3225 3215/3215/3215
f 3141/3141/3141 3140/3140/3140 3130/3130/3130
f 3116/3116/3116 3101/3101/3101 3094/3094/3094
f 3115/3115/3115 3116/3116/3116 3094/3094/3094
f 3095/3095/3095 3097/3097/3097 3092/3092/3092
f 2597/2597/2597 2546/2546/2546 2550/2550/2550
f 2538/2538/2538 2527/2527/2527 2523/2523/2523
f 2486/2486/2486 2473/2473/2473 2498/2498/2498
f 2490/2490/2490 2488/2488/2488 2512/2512/2512
f 2488/2488/2488 2463/2463/2463 2469/2469/2469
f 2470/2470/2470 2454/2454/2454 2473/2473/2473
f 2134/2134/2134 2180/2180/2180 2129/2129/2129
f 2191/2191/2191 2196/2196/2196 2180/2180/2180
f 2969/2969/2969 2968/2968/2968 3052/3052/3052
f 3056/3056/3056 3062/3062/3062 3053/3053/3053
f 844/844/844 845/845/845 843/843/843
f 3053/3053/3053 3062/3062/3062 3054/3054/3054
f 856/856/856 859/859/859 845/845/845
f 3682/3682/3682 3659/3659/3659 3664/3664/3664
f 3095/3095/3095 3098/3098/3098 3097/3097/3097
f 2546/2546/2546 2527/2527/2527 2538/2538/2538
f 1309/1309/1309 1312/1312/1312 1306/1306/1306
f 1323/1323/1323 1322/1322/1322 1313/1313/1313
f 2488/2488/2488 2490/2490/2490 2463/2463/2463
f 2455/2455/2455 2454/2454/2454 2470/2470/2470
f 1175/1175/1175 1135/1135/1135 1155/1155/1155
f 1135/1135/1135 1113/1113/1113 1128/1128/1128
f 1113/1113/1113 1109/1109/1109 1120/1120/1120
f 1120/1120/1120 1109/1109/1109 1105/1105/1105
f 2952/2952/2952 2951/2951/2951 2953/2953/2953
f 588/588/588 587/587/587 589/589/589
f 754/754/754 752/752/752 613/613/613
f 3062/3062/3062 3064/3064/3064 3054/3054/3054
f 3054/3054/3054 3064/3064/3064 3070/3070/3070
f 856/856/856 866/866/866 859/859/859
f 3659/3659/3659 3643/3643/3643 3241/3241/3241
f 3225/3225/3225 3153/3153/3153 3191/3191/3191
f 3191/3191/3191 3153/3153/3153 3140/3140/3140
f 2546/2546/2546 2536/2536/2536 2527/2527/2527
f 2523/2523/2523 2509/2509/2509 2515/2515/2515
f 2473/2473/2473 2479/2479/2479 2498/2498/2498
f 2180/2180/2180 2196/2196/2196 2184/2184/2184
f 1105/1105/1105 1098/1098/1098 1102/1102/1102
f 588/588/588 589/589/589 480/480/480
f 2955/2955/2955 2968/2968/2968 2969/2969/2969
f 2968/2968/2968 3063/3063/3063 3055/3055/3055
f 3055/3055/3055 3063/3063/3063 3056/3056/3056
f 3130/3130/3130 3131/3131/3131 3115/3115/3115
f 3101/3101/3101 3098/3098/3098 3095/3095/3095
f 3098/3098/3098 3126/3126/3126 3097/3097/3097
f 2597/2597/2597 2592/2592/2592 2546/2546/2546
f 1325/1325/1325 1322/1322/1322 1323/1323/1323
f 2509/2509/2509 2472/2472/2472 2490/2490/2490
f 2454/2454/2454 2466/2466/2466 2473/2473/2473
f 2463/2463/2463 2456/2456/2456 2469/2469/2469
f 1145/1145/1145 1135/1135/1135 1175/1175/1175
f 1194/1194/1194 1145/1145/1145 1175/1175/1175
f 3066/3066/3066 3067/3067/3067 3062/3062/3062
f 3064/3064/3064 3077/3077/3077 3070/3070/3070
f 865/865/865 859/859/859 866/866/866
f 3241/3241/3241 3247/3247/3247 3225/3225/3225
f 3140/3140/3140 3131/3131/3131 3130/3130/3130
f 3131/3131/3131 3116/3116/3116 3115/3115/3115
f 3101/3101/3101 3102/3102/3102 3098/3098/3098
f 2527/2527/2527 2495/2495/2495 2523/2523/2523
f 2523/2523/2523 2495/2495/2495 2509/2509/2509
f 2509/2509/2509 2495/2495/2495 2472/2472/2472
f 2469/2469/2469 2456/2456/2456 2455/2455/2455
f 2955/2955/2955 2947/2947/2947 2959/2959/2959
f 2959/2959/2959 2973/2973/2973 2968/2968/2968
f 3063/3063/3063 3065/3065/3065 3056/3056/3056
f 613/613/613 601/601/601 587/587/587
f 3056/3056/3056 3065/3065/3065 3062/3062/3062
f 613/613/613 752/752/752 601/601/601
f 3062/3062/3062 3067/3067/3067 3064/3064/3064
f 3225/3225/3225 3226/3226/3226 3153/3153/3153
f 3116/3116/3116 3102/3102/3102 3101/3101/3101
f 91/91/91 260/260/260 266/266/266
f 2592/2592/2592 2536/2536/2536 2546/2546/2546
f 2466/2466/2466 2479/2479/2479 2473/2473/2473
f 2472/2472/2472 2463/2463/2463 2490/2490/2490
f 2129/2129/2129 2184/2184/2184 2126/2126/2126
f 1135/1135/1135 1145/1145/1145 1134/1134/1134
f 1135/1135/1135 1134/1134/1134 1113/1113/1113
f 2955/2955/2955 2951/2951/2951 2947/2947/2947
f 845/845/845 838/838/838 843/843/843
f 843/843/843 838/838/838 752/752/752
f 845/845/845 859/859/859 840/840/840
f 845/845/845 840/840/840 838/838/838
f 3140/3140/3140 3153/3153/3153 3131/3131/3131
f 3116/3116/3116 3131/3131/3131 3132/3132/3132
f 2153/2153/2153 2149/2149/2149 2143/2143/2143
f 2184/2184/2184 2203/2203/2203 2192/2192/2192
f 1109/1109/1109 1101/1101/1101 1098/1098/1098
f 1098/1098/1098 1099/1099/1099 1100/1100/1100
f 2952/2952/2952 2946/2946/2946 2951/2951/2951
f 2968/2968/2968 2973/2973/2973 3063/3063/3063
f 3062/3062/3062 3065/3065/3065 3066/3066/3066
f 3064/3064/3064 3076/3076/3076 3077/3077/3077
f 3225/3225/3225 3247/3247/3247 3226/3226/3226
f 3153/3153/3153 3152/3152/3152 3131/3131/3131
f 3117/3117/3117 3102/3102/3102 3116/3116/3116
f 2592/2592/2592 2535/2535/2535 2536/2536/2536
f 2527/2527/2527 2513/2513/2513 2495/2495/2495
f 2495/2495/2495 2462/2462/2462 2472/2472/2472
f 2472/2472/2472 2458/2458/2458 2463/2463/2463
f 2454/2454/2454 2464/2464/2464 2466/2466/2466
f 2456/2456/2456 2463/2463/2463 2458/2458/2458
f 2456/2456/2456 2453/2453/2453 2455/2455/2455
f 752/752/752 751/751/751 601/601/601
f 3072/3072/3072 3067/3067/3067 3066/3066/3066
f 840/840/840 839/839/839 838/838/838
f 865/865/865 842/842/842 859/859/859
f 859/859/859 842/842/842 840/840/840
f 3153/3153/3153 3226/3226/3226 3193/3193/3193
f 3153/3153/3153 3193/3193/3193 3152/3152/3152
f 3152/3152/3152 3132/3132/3132 3131/3131/3131
f 3132/3132/3132 3117/3117/3117 3116/3116/3116
f 3098/3098/3098 3119/3119/3119 3126/3126/3126
f 2536/2536/2536 2535/2535/2535 2527/2527/2527
f 1325/1325/1325 1326/1326/1326 1322/1322/1322
f 2466/2466/2466 2464/2464/2464 2479/2479/2479
f 2472/2472/2472 2462/2462/2462 2458/2458/2458
f 2455/2455/2455 2453/2453/2453 2454/2454/2454
f 1113/1113/1113 1101/1101/1101 1109/1109/1109
f 751/751/751 610/610/610 601/601/601
f 3065/3065/3065 3072/3072/3072 3066/3066/3066
f 3072/3072/3072 3076/3076/3076 3067/3067/3067
f 839/839/839 837/837/837 838/838/838
f 838/838/838 837/837/837 752/752/752
f 3117/3117/3117 3105/3105/3105 3102/3102/3102
f 3103/3103/3103 3098/3098/3098 3102/3102/3102
f 2535/2535/2535 2513/2513/2513 2527/2527/2527
f 2513/2513/2513 2485/2485/2485 2495/2495/2495
f 2495/2495/2495 2485/2485/2485 2462/2462/2462
f 2464/2464/2464 2478/2478/2478 2479/2479/2479
f 2155/2155/2155 2153/2153/2153 2143/2143/2143
f 1145/1145/1145 1146/1146/1146 1134/1134/1134
f 2959/2959/2959 2947/2947/2947 2948/2948/2948
f 2948/2948/2948 2973/2973/2973 2959/2959/2959
f 3063/3063/3063 3068/3068/3068 3065/3065/3065
f 837/837/837 751/751/751 752/752/752
f 2915/2915/2915 2913/2913/2913 2917/2917/2917
f 865/865/865 861/861/861 842/842/842
f 3226/3226/3226 3227/3227/3227 3193/3193/3193
f 3132/3132/3132 3152/3152/3152 3133/3133/3133
f 3132/3132/3132 3133/3133/3133 3117/3117/3117
f 3105/3105/3105 3104/3104/3104 3102/3102/3102
f 3102/3102/3102 3104/3104/3104 3103/3103/3103
f 131/131/131 112/112/112 132/132/132
f 2456/2456/2456 2457/2457/2457 2453/2453/2453
f 1146/1146/1146 1112/1112/1112 1134/1134/1134
f 1112/1112/1112 1113/1113/1113 1134/1134/1134
f 2946/2946/2946 2945/2945/2945 2947/2947/2947
f 2973/2973/2973 2948/2948/2948 3068/3068/3068
f 601/601/601 592/592/592 589/589/589
f 610/610/610 592/592/592 601/601/601
f 3065/3065/3065 3074/3074/3074 3072/3072/3072
f 3133/3133/3133 3125/3125/3125 3117/3117/3117
f 3117/3117/3117 3125/3125/3125 3105/3105/3105
f 3119/3119/3119 3135/3135/3135 3126/3126/3126
f 2592/2592/2592 2551/2551/2551 2535/2535/2535
f 2551/2551/2551 2528/2528/2528 2535/2535/2535
f 2513/2513/2513 2491/2491/2491 2485/2485/2485
f 2462/2462/2462 2460/2460/2460 2458/2458/2458
f 2458/2458/2458 2459/2459/2459 2457/2457/2457
f 2458/2458/2458 2457/2457/2457 2456/2456/2456
f 1186/1186/1186 1146/1146/1146 1145/1145/1145
f 2947/2947/2947 2945/2945/2945 2948/2948/2948
f 839/839/839 835/835/835 837/837/837
f 842/842/842 839/839/839 840/840/840
f 3152/3152/3152 3193/3193/3193 3133/3133/3133
f 3133/3133/3133 3158/3158/3158 3125/3125/3125
f 3105/3105/3105 3121/3121/3121 3104/3104/3104
f 3104/3104/3104 3106/3106/3106 3103/3103/3103
f 3103/3103/3103 3119/3119/3119 3098/3098/3098
f 3135/3135/3135 3281/3281/3281 3126/3126/3126
f 2535/2535/2535 2528/2528/2528 2513/2513/2513
f 2462/2462/2462 2461/2461/2461 2460/2460/2460
f 2453/2453/2453 2447/2447/2447 2454/2454/2454
f 2447/2447/2447 2464/2464/2464 2454/2454/2454
f 1113/1113/1113 1112/1112/1112 1101/1101/1101
f 3065/3065/3065 3068/3068/3068 3074/3074/3074
f 3072/3072/3072 3074/3074/3074 3076/3076/3076
f 751/751/751 836/836/836 750/750/750
f 751/751/751 750/750/750 610/610/610
f 3133/3133/3133 3193/3193/3193 3158/3158/3158
f 3104/3104/3104 3121/3121/3121 3106/3106/3106
f 3103/3103/3103 3106/3106/3106 3119/3119/3119
f 131/131/131 102/102/102 112/112/112
f 2485/2485/2485 2461/2461/2461 2462/2462/2462
f 2460/2460/2460 2459/2459/2459 2458/2458/2458
f 2946/2946/2946 2936/2936/2936 2945/2945/2945
f 2915/2915/2915 2914/2914/2914 2913/2913/2913
f 751/751/751 837/837/837 836/836/836
f 3193/3193/3193 3207/3207/3207 3158/3158/3158
f 3125/3125/3125 3122/3122/3122 3105/3105/3105
f 3105/3105/3105 3122/3122/3122 3121/3121/3121
f 102/102/102 84/84/84 112/112/112
f 2453/2453/2453 2457/2457/2457 2452/2452/2452
f 2453/2453/2453 2452/2452/2452 2447/2447/2447
f 1196/1196/1196 1182/1182/1182 1186/1186/1186
f 1186/1186/1186 1182/1182/1182 1146/1146/1146
f 1146/1146/1146 1153/1153/1153 1112/1112/1112
f 1112/1112/1112 1106/1106/1106 1101/1101/1101
f 1101/1101/1101 1106/1106/1106 1104/1104/1104
f 1101/1101/1101 1104/1104/1104 1099/1099/1099
f 2948/2948/2948 2949/2949/2949 3068/3068/3068
f 3068/3068/3068 3075/3075/3075 3074/3074/3074
f 610/610/610 609/609/609 592/592/592
f 2913/2913/2913 2916/2916/2916 2917/2917/2917
f 865/865/865 867/867/867 861/861/861
f 102/102/102 83/83/83 84/84/84
f 2491/2491/2491 2461/2461/2461 2485/2485/2485
f 1182/1182/1182 1154/1154/1154 1146/1146/1146
f 1154/1154/1154 1153/1153/1153 1146/1146/1146
f 1112/1112/1112 1153/1153/1153 1106/1106/1106
f 2945/2945/2945 2937/2937/2937 2948/2948/2948
f 2948/2948/2948 2937/2937/2937 2949/2949/2949
f 837/837/837 835/835/835 836/836/836
f 3207/3207/3207 3164/3164/3164 3158/3158/3158
f 3106/3106/3106 3127/3127/3127 3119/3119/3119
f 3119/3119/3119 3127/3127/3127 3135/3135/3135
f 2528/2528/2528 2551/2551/2551 2522/2522/2522
f 84/84/84 82/82/82 85/85/85
f 2464/2464/2464 2467/2467/2467 2478/2478/2478
f 2447/2447/2447 2465/2465/2465 2464/2464/2464
f 3068/3068/3068 2949/2949/2949 3075/3075/3075
f 750/750/750 609/609/609 610/610/610
f 2911/2911/2911 2913/2913/2913 2914/2914/2914
f 839/839/839 842/842/842 841/841/841
f 3207/3207/3207 3220/3220/3220 3164/3164/3164
f 3158/3158/3158 3164/3164/3164 3128/3128/3128
f 3158/3158/3158 3128/3128/3128 3125/3125/3125
f 3128/3128/3128 3123/3123/3123 3122/3122/3122
f 3125/3125/3125 3128/3128/3128 3122/3122/3122
f 3123/3123/3123 3124/3124/3124 3121/3121/3121
f 3122/3122/3122 3123/3123/3123 3121/3121/3121
f 3121/3121/3121 3124/3124/3124 3106/3106/3106
f 3124/3124/3124 3127/3127/3127 3106/3106/3106
f 2528/2528/2528 2491/2491/2491 2513/2513/2513
f 2465/2465/2465 2467/2467/2467 2464/2464/2464
f 2143/2143/2143 2138/2138/2138 2133/2133/2133
f 1182/1182/1182 1185/1185/1185 1154/1154/1154
f 1154/1154/1154 1164/1164/1164 1153/1153/1153
f 2936/2936/2936 2932/2932/2932 2937/2937/2937
f 2919/2919/2919 2912/2912/2912 2918/2918/2918
f 2918/2918/2918 2911/2911/2911 2914/2914/2914
f 835/835/835 832/832/832 836/836/836
f 861/861/861 860/860/860 842/842/842
f 841/841/841 835/835/835 839/839/839
f 3127/3127/3127 3136/3136/3136 3135/3135/3135
f 3135/3135/3135 3283/3283/3283 3281/3281/3281
f 2457/2457/2457 2430/2430/2430 2452/2452/2452
f 2937/2937/2937 2942/2942/2942 2949/2949/2949
f 836/836/836 832/832/832 750/750/750
f 867/867/867 860/860/860 861/861/861
f 842/842/842 860/860/860 841/841/841
f 3220/3220/3220 3560/3560/3560 3164/3164/3164
f 3127/3127/3127 3168/3168/3168 3136/3136/3136
f 3135/3135/3135 3136/3136/3136 3283/3283/3283
f 2551/2551/2551 2596/2596/2596 2522/2522/2522
f 134/134/134 110/110/110 102/102/102
f 2461/2461/2461 2439/2439/2439 2460/2460/2460
f 2459/2459/2459 2420/2420/2420 2457/2457/2457
f 2447/2447/2447 2432/2432/2432 2465/2465/2465
f 2937/2937/2937 2932/2932/2932 2942/2942/2942
f 2949/2949/2949 2942/2942/2942 2963/2963/2963
f 832/832/832 833/833/833 750/750/750
f 3164/3164/3164 3560/3560/3560 3211/3211/3211
f 3164/3164/3164 3211/3211/3211 3128/3128/3128
f 3128/3128/3128 3208/3208/3208 3123/3123/3123
f 3123/3123/3123 3208/3208/3208 3124/3124/3124
f 3124/3124/3124 3168/3168/3168 3127/3127/3127
f 110/110/110 83/83/83 102/102/102
f 2491/2491/2491 2439/2439/2439 2461/2461/2461
f 2460/2460/2460 2420/2420/2420 2459/2459/2459
f 2452/2452/2452 2430/2430/2430 2418/2418/2418
f 2452/2452/2452 2418/2418/2418 2447/2447/2447
f 2960/2960/2960 2961/2961/2961 2926/2926/2926
f 2950/2950/2950 2926/2926/2926 2936/2936/2936
f 750/750/750 749/749/749 609/609/609
f 2911/2911/2911 2907/2907/2907 2913/2913/2913
f 2907/2907/2907 2916/2916/2916 2913/2913/2913
f 835/835/835 841/841/841 834/834/834
f 835/835/835 834/834/834 832/832/832
f 3124/3124/3124 3217/3217/3217 3168/3168/3168
f 2491/2491/2491 2489/2489/2489 2439/2439/2439
f 2460/2460/2460 2419/2419/2419 2420/2420/2420
f 2432/2432/2432 2446/2446/2446 2465/2465/2465
f 2465/2465/2465 2446/2446/2446 2467/2467/2467
f 2420/2420/2420 2430/2430/2430 2457/2457/2457
f 2418/2418/2418 2432/2432/2432 2447/2447/2447
f 2300/2300/2300 2345/2345/2345 2301/2301/2301
f 2936/2936/2936 2926/2926/2926 2932/2932/2932
f 2918/2918/2918 2912/2912/2912 2911/2911/2911
f 750/750/750 833/833/833 749/749/749
f 3560/3560/3560 3528/3528/3528 3211/3211/3211
f 3211/3211/3211 3219/3219/3219 3128/3128/3128
f 3128/3128/3128 3219/3219/3219 3208/3208/3208
f 3124/3124/3124 3208/3208/3208 3217/3217/3217
f 2596/2596/2596 2529/2529/2529 2522/2522/2522
f 2528/2528/2528 2522/2522/2522 2491/2491/2491
f 2491/2491/2491 2522/2522/2522 2489/2489/2489
f 2460/2460/2460 2439/2439/2439 2419/2419/2419
f 2446/2446/2446 2468/2468/2468 2467/2467/2467
f 1185/1185/1185 1170/1170/1170 1154/1154/1154
f 1170/1170/1170 1165/1165/1165 1154/1154/1154
f 1154/1154/1154 1165/1165/1165 1164/1164/1164
f 609/609/609 749/749/749 600/600/600
f 832/832/832 831/831/831 833/833/833
f 3208/3208/3208 3219/3219/3219 3218/3218/3218
f 3208/3208/3208 3218/3218/3218 3217/3217/3217
f 3217/3217/3217 3178/3178/3178 3168/3168/3168
f 3170/3170/3170 3169/3169/3169 3168/3168/3168
f 3168/3168/3168 3169/3169/3169 3136/3136/3136
f 3136/3136/3136 3284/3284/3284 3283/3283/3283
f 2420/2420/2420 2411/2411/2411 2430/2430/2430
f 2962/2962/2962 2921/2921/2921 2926/2926/2926
f 2943/2943/2943 2941/2941/2941 2942/2942/2942
f 2942/2942/2942 2941/2941/2941 2963/2963/2963
f 3168/3168/3168 3178/3178/3178 3170/3170/3170
f 83/83/83 79/79/79 82/82/82
f 2489/2489/2489 2398/2398/2398 2439/2439/2439
f 2439/2439/2439 2398/2398/2398 2419/2419/2419
f 1182/1182/1182 1170/1170/1170 1185/1185/1185
f 860/860/860 857/857/857 841/841/841
f 3537/3537/3537 3528/3528/3528 3560/3560/3560
f 3217/3217/3217 3218/3218/3218 3179/3179/3179
f 2522/2522/2522 2496/2496/2496 2489/2489/2489
f 2446/2446/2446 2450/2450/2450 2468/2468/2468
f 2411/2411/2411 2418/2418/2418 2430/2430/2430
f 2418/2418/2418 2423/2423/2423 2432/2432/2432
f 2345/2345/2345 2344/2344/2344 2352/2352/2352
f 2921/2921/2921 2923/2923/2923 2926/2926/2926
f 2926/2926/2926 2923/2923/2923 2932/2932/2932
f 2923/2923/2923 2935/2935/2935 2932/2932/2932
f 2932/2932/2932 2935/2935/2935 2943/2943/2943
f 833/833/833 831/831/831 749/749/749
f 2907/2907/2907 2908/2908/2908 2916/2916/2916
f 867/867/867 858/858/858 860/860/860
f 3179/3179/3179 3178/3178/3178 3217/3217/3217
f 3169/3169/3169 3274/3274/3274 3136/3136/3136
f 3274/3274/3274 3284/3284/3284 3136/3136/3136
f 2432/2432/2432 2423/2423/2423 2446/2446/2446
f 1170/1170/1170 1183/1183/1183 1165/1165/1165
f 2921/2921/2921 2922/2922/2922 2923/2923/2923
f 2941/2941/2941 2972/2972/2972 2963/2963/2963
f 2912/2912/2912 2906/2906/2906 2911/2911/2911
f 749/749/749 748/748/748 600/600/600
f 2911/2911/2911 2906/2906/2906 2907/2907/2907
f 749/749/749 831/831/831 748/748/748
f 867/867/867 868/868/868 858/858/858
f 2419/2419/2419 2396/2396/2396 2420/2420/2420
f 2411/2411/2411 2400/2400/2400 2418/2418/2418
f 600/600/600 748/748/748 727/727/727
f 2906/2906/2906 2905/2905/2905 2907/2907/2907
f 868/868/868 817/817/817 858/858/858
f 832/832/832 829/829/829 831/831/831
f 860/860/860 858/858/858 857/857/857
f 841/841/841 857/857/857 834/834/834
f 3528/3528/3528 3518/3518/3518 3219/3219/3219
f 3219/3219/3219 3517/3517/3517 3179/3179/3179
f 3219/3219/3219 3179/3179/3179 3218/3218/3218
f 3178/3178/3178 3173/3173/3173 3170/3170/3170
f 2522/2522/2522 2529/2529/2529 2496/2496/2496
f 121/121/121 89/89/89 110/110/110
f 2446/2446/2446 2423/2423/2423 2450/2450/2450
f 2420/2420/2420 2396/2396/2396 2411/2411/2411
f 2396/2396/2396 2400/2400/2400 2411/2411/2411
f 2400/2400/2400 2408/2408/2408 2418/2418/2418
f 1191/1191/1191 1184/1184/1184 1170/1170/1170
f 2905/2905/2905 2908/2908/2908 2907/2907/2907
f 3716/3716/3716 3713/3713/3713 3691/3691/3691
f 3518/3518/3518 3517/3517/3517 3219/3219/3219
f 3179/3179/3179 3177/3177/3177 3178/3178/3178
f 3178/3178/3178 3177/3177/3177 3173/3173/3173
f 3170/3170/3170 3171/3171/3171 3169/3169/3169
f 2496/2496/2496 2397/2397/2397 2489/2489/2489
f 2489/2489/2489 2397/2397/2397 2398/2398/2398
f 2419/2419/2419 2398/2398/2398 2396/2396/2396
f 2418/2418/2418 2408/2408/2408 2423/2423/2423
f 1170/1170/1170 1184/1184/1184 1183/1183/1183
f 2921/2921/2921 2924/2924/2924 2922/2922/2922
f 3173/3173/3173 3171/3171/3171 3170/3170/3170
f 2529/2529/2529 2517/2517/2517 2496/2496/2496
f 2922/2922/2922 2927/2927/2927 2923/2923/2923
f 727/727/727 724/724/724 598/598/598
f 817/817/817 814/814/814 858/858/858
f 829/829/829 830/830/830 831/831/831
f 3179/3179/3179 3517/3517/3517 3516/3516/3516
f 3179/3179/3179 3516/3516/3516 3177/3177/3177
f 3177/3177/3177 3174/3174/3174 3173/3173/3173
f 2496/2496/2496 2493/2493/2493 2397/2397/2397
f 2397/2397/2397 2386/2386/2386 2398/2398/2398
f 2398/2398/2398 2386/2386/2386 2396/2396/2396
f 2423/2423/2423 2444/2444/2444 2450/2450/2450
f 2396/2396/2396 2390/2390/2390 2400/2400/2400
f 2408/2408/2408 2421/2421/2421 2423/2423/2423
f 2935/2935/2935 2938/2938/2938 2941/2941/2941
f 727/727/727 726/726/726 724/724/724
f 2906/2906/2906 2901/2901/2901 2905/2905/2905
f 2905/2905/2905 2900/2900/2900 2908/2908/2908
f 831/831/831 830/830/830 812/812/812
f 831/831/831 812/812/812 748/748/748
f 3173/3173/3173 3174/3174/3174 3171/3171/3171
f 3274/3274/3274 3278/3278/3278 3284/3284/3284
f 107/107/107 81/81/81 89/89/89
f 2386/2386/2386 2390/2390/2390 2396/2396/2396
f 2421/2421/2421 2444/2444/2444 2423/2423/2423
f 2400/2400/2400 2390/2390/2390 2399/2399/2399
f 2399/2399/2399 2408/2408/2408 2400/2400/2400
f 2941/2941/2941 2938/2938/2938 2944/2944/2944
f 2941/2941/2941 2944/2944/2944 2972/2972/2972
f 2906/2906/2906 2909/2909/2909 2901/2901/2901
f 748/748/748 812/812/812 727/727/727
f 2905/2905/2905 2901/2901/2901 2900/2900/2900
f 858/858/858 802/802/802 857/857/857
f 857/857/857 811/811/811 804/804/804
f 857/857/857 804/804/804 834/834/834
f 834/834/834 804/804/804 829/829/829
f 3689/3689/3689 3679/3679/3679 3638/3638/3638
f 3516/3516/3516 3531/3531/3531 3177/3177/3177
f 3177/3177/3177 3531/3531/3531 3174/3174/3174
f 3171/3171/3171 3172/3172/3172 3169/3169/3169
f 3172/3172/3172 3265/3265/3265 3169/3169/3169
f 3169/3169/3169 3265/3265/3265 3274/3274/3274
f 2444/2444/2444 2480/2480/2480 2450/2450/2450
f 2318/2318/2318 2343/2343/2343 2344/2344/2344
f 724/724/724 726/726/726 725/725/725
f 2910/2910/2910 2904/2904/2904 2909/2909/2909
f 816/816/816 814/814/814 817/817/817
f 802/802/802 811/811/811 857/857/857
f 3638/3638/3638 3536/3536/3536 3537/3537/3537
f 3537/3537/3537 3536/3536/3536 3518/3518/3518
f 3518/3518/3518 3514/3514/3514 3517/3517/3517
f 3517/3517/3517 3514/3514/3514 3516/3516/3516
f 2529/2529/2529 2612/2612/2612 2517/2517/2517
f 2496/2496/2496 2517/2517/2517 2493/2493/2493
f 2390/2390/2390 2394/2394/2394 2399/2399/2399
f 2399/2399/2399 2406/2406/2406 2408/2408/2408
f 2922/2922/2922 2925/2925/2925 2927/2927/2927
f 727/727/727 745/745/745 726/726/726
f 812/812/812 745/745/745 727/727/727
f 2901/2901/2901 2899/2899/2899 2900/2900/2900
f 814/814/814 802/802/802 858/858/858
f 829/829/829 804/804/804 803/803/803
f 829/829/829 803/803/803 830/830/830
f 3265/3265/3265 3278/3278/3278 3274/3274/3274
f 2397/2397/2397 2380/2380/2380 2386/2386/2386
f 2408/2408/2408 2406/2406/2406 2421/2421/2421
f 2135/2135/2135 2131/2131/2131 2136/2136/2136
f 2927/2927/2927 2933/2933/2933 2935/2935/2935
f 2935/2935/2935 2933/2933/2933 2938/2938/2938
f 830/830/830 803/803/803 812/812/812
f 107/107/107 100/100/100 81/81/81
f 2493/2493/2493 2377/2377/2377 2380/2380/2380
f 2493/2493/2493 2380/2380/2380 2397/2397/2397
f 2444/2444/2444 2477/2477/2477 2480/2480/2480
f 812/812/812 803/803/803 770/770/770
f 816/816/816 813/813/813 814/814/814
f 3536/3536/3536 3514/3514/3514 3518/3518/3518
f 3516/3516/3516 3510/3510/3510 3531/3531/3531
f 3171/3171/3171 3175/3175/3175 3172/3172/3172
f 76/76/76 77/77/77 81/81/81
f 2493/2493/2493 2517/2517/2517 2377/2377/2377
f 2380/2380/2380 2385/2385/2385 2386/2386/2386
f 2385/2385/2385 2390/2390/2390 2386/2386/2386
f 2925/2925/2925 2928/2928/2928 2927/2927/2927
f 745/745/745 725/725/725 726/726/726
f 812/812/812 770/770/770 745/745/745
f 2900/2900/2900 2899/2899/2899 2898/2898/2898
f 814/814/814 813/813/813 802/802/802
f 3516/3516/3516 3514/3514/3514 3510/3510/3510
f 3174/3174/3174 3175/3175/3175 3171/3171/3171
f 2421/2421/2421 2433/2433/2433 2444/2444/2444
f 2399/2399/2399 2401/2401/2401 2406/2406/2406
f 2927/2927/2927 2928/2928/2928 2933/2933/2933
f 724/724/724 723/723/723 603/603/603
f 745/745/745 772/772/772 725/725/725
f 813/813/813 801/801/801 802/802/802
f 802/802/802 797/797/797 811/811/811
f 3531/3531/3531 3510/3510/3510 3174/3174/3174
f 108/108/108 100/100/100 107/107/107
f 2385/2385/2385 2388/2388/2388 2390/2390/2390
f 2390/2390/2390 2388/2388/2388 2394/2394/2394
f 2394/2394/2394 2401/2401/2401 2399/2399/2399
f 2327/2327/2327 2319/2319/2319 2299/2299/2299
f 3616/3616/3616 3613/3613/3613 3615/3615/3615
f 2925/2925/2925 2929/2929/2929 2928/2928/2928
f 2939/2939/2939 2944/2944/2944 2938/2938/2938
f 2904/2904/2904 2903/2903/2903 2901/2901/2901
f 2909/2909/2909 2904/2904/2904 2901/2901/2901
f 770/770/770 771/771/771 745/745/745
f 2901/2901/2901 2902/2902/2902 2899/2899/2899
f 801/801/801 797/797/797 802/802/802
f 811/811/811 797/797/797 804/804/804
f 804/804/804 791/791/791 803/803/803
f 3514/3514/3514 3511/3511/3511 3510/3510/3510
f 2612/2612/2612 2379/2379/2379 2517/2517/2517
f 2517/2517/2517 2379/2379/2379 2377/2377/2377
f 2380/2380/2380 2378/2378/2378 2385/2385/2385
f 2401/2401/2401 2416/2416/2416 2406/2406/2406
f 2406/2406/2406 2416/2416/2416 2421/2421/2421
f 2416/2416/2416 2433/2433/2433 2421/2421/2421
f 2325/2325/2325 2327/2327/2327 2353/2353/2353
f 2903/2903/2903 2902/2902/2902 2901/2901/2901
f 770/770/770 787/787/787 771/771/771
f 745/745/745 771/771/771 772/772/772
f 803/803/803 791/791/791 787/787/787
f 803/803/803 787/787/787 770/770/770
f 797/797/797 791/791/791 804/804/804
f 3510/3510/3510 3180/3180/3180 3174/3174/3174
f 3174/3174/3174 3180/3180/3180 3175/3175/3175
f 3175/3175/3175 3176/3176/3176 3172/3172/3172
f 3265/3265/3265 3268/3268/3268 3278/3278/3278
f 100/100/100 99/99/99 76/76/76
f 2377/2377/2377 2378/2378/2378 2380/2380/2380
f 3615/3615/3615 3613/3613/3613 3614/3614/3614
f 3172/3172/3172 3176/3176/3176 3265/3265/3265
f 2612/2612/2612 2539/2539/2539 2379/2379/2379
f 2385/2385/2385 2382/2382/2382 2388/2388/2388
f 2388/2388/2388 2387/2387/2387 2394/2394/2394
f 2229/2229/2229 2230/2230/2230 2223/2223/2223
f 3613/3613/3613 3612/3612/3612 3614/3614/3614
f 3612/3612/3612 3599/3599/3599 3614/3614/3614
f 3614/3614/3614 3599/3599/3599 3617/3617/3617
f 2933/2933/2933 2934/2934/2934 2939/2939/2939
f 725/725/725 730/730/730 723/723/723
f 772/772/772 730/730/730 725/725/725
f 791/791/791 783/783/783 787/787/787
f 2899/2899/2899 2897/2897/2897 2898/2898/2898
f 813/813/813 809/809/809 801/801/801
f 3180/3180/3180 3181/3181/3181 3175/3175/3175
f 3278/3278/3278 3268/3268/3268 3291/3291/3291
f 2385/2385/2385 2378/2378/2378 2382/2382/2382
f 2387/2387/2387 2395/2395/2395 2394/2394/2394
f 2394/2394/2394 2395/2395/2395 2401/2401/2401
f 2307/2307/2307 2333/2333/2333 2327/2327/2327
f 2327/2327/2327 2333/2333/2333 2353/2353/2353
f 3613/3613/3613 3598/3598/3598 3612/3612/3612
f 2928/2928/2928 2931/2931/2931 2933/2933/2933
f 2933/2933/2933 2931/2931/2931 2934/2934/2934
f 2939/2939/2939 2940/2940/2940 2944/2944/2944
f 2899/2899/2899 2902/2902/2902 2897/2897/2897
f 787/787/787 783/783/783 771/771/771
f 2898/2898/2898 2897/2897/2897 2896/2896/2896
f 801/801/801 790/790/790 797/797/797
f 797/797/797 790/790/790 791/791/791
f 791/791/791 790/790/790 783/783/783
f 3707/3707/3707 3708/3708/3708 3702/3702/3702
f 3175/3175/3175 3181/3181/3181 3176/3176/3176
f 108/108/108 105/105/105 100/100/100
f 3598/3598/3598 3599/3599/3599 3612/3612/3612
f 2930/2930/2930 2931/2931/2931 2928/2928/2928
f 2934/2934/2934 2940/2940/2940 2939/2939/2939
f 771/771/771 773/773/773 772/772/772
f 3567/3567/3567 3566/3566/3566 3512/3512/3512
f 2377/2377/2377 2373/2373/2373 2378/2378/2378
f 2382/2382/2382 2387/2387/2387 2388/2388/2388
f 2416/2416/2416 2417/2417/2417 2433/2433/2433
f 2964/2964/2964 2931/2931/2931 2930/2930/2930
f 730/730/730 722/722/722 723/723/723
f 783/783/783 774/774/774 771/771/771
f 790/790/790 788/788/788 783/783/783
f 3181/3181/3181 3182/3182/3182 3176/3176/3176
f 3265/3265/3265 3259/3259/3259 3268/3268/3268
f 2219/2219/2219 2145/2145/2145 2151/2151/2151
f 3598/3598/3598 3597/3597/3597 3599/3599/3599
f 723/723/723 720/720/720 603/603/603
f 723/723/723 722/722/722 720/720/720
f 773/773/773 805/805/805 730/730/730
f 771/771/771 774/774/774 773/773/773
f 2897/2897/2897 2894/2894/2894 2896/2896/2896
f 801/801/801 809/809/809 790/790/790
f 3512/3512/3512 3509/3509/3509 3511/3511/3511
f 3509/3509/3509 3508/3508/3508 3510/3510/3510
f 3511/3511/3511 3509/3509/3509 3510/3510/3510
f 3510/3510/3510 3508/3508/3508 3180/3180/3180
f 3182/3182/3182 3259/3259/3259 3176/3176/3176
f 3176/3176/3176 3259/3259/3259 3265/3265/3265
f 2379/2379/2379 2371/2371/2371 2377/2377/2377
f 2371/2371/2371 2373/2373/2373 2377/2377/2377
f 2434/2434/2434 2482/2482/2482 2477/2477/2477
f 2378/2378/2378 2375/2375/2375 2382/2382/2382
f 2401/2401/2401 2407/2407/2407 2416/2416/2416
f 3596/3596/3596 3597/3597/3597 3598/3598/3598
f 3597/3597/3597 3600/3600/3600 3599/3599/3599
f 730/730/730 805/805/805 722/722/722
f 783/783/783 788/788/788 774/774/774
f 3566/3566/3566 3538/3538/3538 3512/3512/3512
f 3512/3512/3512 3538/3538/3538 3509/3509/3509
f 3259/3259/3259 3270/3270/3270 3268/3268/3268
f 2379/2379/2379 2539/2539/2539 2371/2371/2371
f 2964/2964/2964 2974/2974/2974 2931/2931/2931
f 2931/2931/2931 2965/2965/2965 2934/2934/2934
f 2934/2934/2934 2965/2965/2965 2940/2940/2940
f 2940/2940/2940 2966/2966/2966 2967/2967/2967
f 2902/2902/2902 2893/2893/2893 2897/2897/2897
f 3635/3635/3635 3538/3538/3538 3566/3566/3566
f 3268/3268/3268 3270/3270/3270 3291/3291/3291
f 2378/2378/2378 2373/2373/2373 2375/2375/2375
f 2433/2433/2433 2417/2417/2417 2434/2434/2434
f 2401/2401/2401 2395/2395/2395 2407/2407/2407
f 2407/2407/2407 2417/2417/2417 2416/2416/2416
f 2965/2965/2965 2966/2966/2966 2940/2940/2940
f 2897/2897/2897 2893/2893/2893 2894/2894/2894
f 790/790/790 809/809/809 788/788/788
f 3597/3597/3597 3593/3593/3593 3600/3600/3600
f 2974/2974/2974 2975/2975/2975 2931/2931/2931
f 2931/2931/2931 2975/2975/2975 2965/2965/2965
f 2896/2896/2896 2894/2894/2894 2891/2891/2891
f 788/788/788 789/789/789 774/774/774
f 809/809/809 815/815/815 788/788/788
f 2375/2375/2375 2381/2381/2381 2382/2382/2382
f 2381/2381/2381 2387/2387/2387 2382/2382/2382
f 2892/2892/2892 2885/2885/2885 2893/2893/2893
f 2892/2892/2892 2893/2893/2893 2903/2903/2903
f 722/722/722 721/721/721 720/720/720
f 805/805/805 721/721/721 722/722/722
f 774/774/774 775/775/775 773/773/773
f 775/775/775 776/776/776 773/773/773
f 773/773/773 776/776/776 805/805/805
f 3538/3538/3538 3539/3539/3539 3509/3509/3509
f 3508/3508/3508 3515/3515/3515 3180/3180/3180
f 3180/3180/3180 3515/3515/3515 3181/3181/3181
f 3515/3515/3515 3183/3183/3183 3181/3181/3181
f 73/73/73 70/70/70 69/69/69
f 2539/2539/2539 2372/2372/2372 2371/2371/2371
f 105/105/105 93/93/93 99/99/99
f 2371/2371/2371 2370/2370/2370 2373/2373/2373
f 2373/2373/2373 2370/2370/2370 2375/2375/2375
f 3593/3593/3593 3650/3650/3650 3600/3600/3600
f 2975/2975/2975 2976/2976/2976 2965/2965/2965
f 2965/2965/2965 2976/2976/2976 2966/2966/2966
f 2894/2894/2894 2887/2887/2887 2891/2891/2891
f 789/789/789 775/775/775 774/774/774
f 3181/3181/3181 3183/3183/3183 3182/3182/3182
f 3183/3183/3183 3184/3184/3184 3182/3182/3182
f 2974/2974/2974 2977/2977/2977 2975/2975/2975
f 2892/2892/2892 2883/2883/2883 2888/2888/2888
f 2892/2892/2892 2888/2888/2888 2885/2885/2885
f 2893/2893/2893 2886/2886/2886 2894/2894/2894
f 805/805/805 776/776/776 721/721/721
f 815/815/815 806/806/806 788/788/788
f 788/788/788 806/806/806 789/789/789
f 3267/3267/3267 3280/3280/3280 3270/3270/3270
f 93/93/93 72/72/72 70/70/70
f 3270/3270/3270 3280/3280/3280 3291/3291/3291
f 2371/2371/2371 2368/2368/2368 2370/2370/2370
f 105/105/105 125/125/125 104/104/104
f 2434/2434/2434 2481/2481/2481 2482/2482/2482
f 720/720/720 718/718/718 607/607/607
f 2885/2885/2885 2886/2886/2886 2893/2893/2893
f 2886/2886/2886 2887/2887/2887 2894/2894/2894
f 2887/2887/2887 2884/2884/2884 2891/2891/2891
f 806/806/806 796/796/796 789/789/789
f 3259/3259/3259 3267/3267/3267 3270/3270/3270
f 2539/2539/2539 2618/2618/2618 2372/2372/2372
f 2372/2372/2372 2368/2368/2368 2371/2371/2371
f 2414/2414/2414 2431/2431/2431 2417/2417/2417
f 2407/2407/2407 2414/2414/2414 2417/2417/2417
f 2151/2151/2151 2152/2152/2152 2161/2161/2161
f 2316/2316/2316 2355/2355/2355 2334/2334/2334
f 721/721/721 715/715/715 720/720/720
f 2891/2891/2891 2884/2884/2884 2890/2890/2890
f 796/796/796 785/785/785 789/789/789
f 789/789/789 785/785/785 775/775/775
f 3182/3182/3182 3221/3221/3221 3259/3259/3259
f 2449/2449/2449 2481/2481/2481 2434/2434/2434
f 2417/2417/2417 2431/2431/2431 2434/2434/2434
f 3596/3596/3596 3594/3594/3594 3593/3593/3593
f 3593/3593/3593 3649/3649/3649 3650/3650/3650
f 2974/2974/2974 2978/2978/2978 2977/2977/2977
f 718/718/718 608/608/608 607/607/607
f 796/796/796 795/795/795 785/785/785
f 3508/3508/3508 3506/3506/3506 3515/3515/3515
f 3184/3184/3184 3221/3221/3221 3182/3182/3182
f 2434/2434/2434 2431/2431/2431 2449/2449/2449
f 2883/2883/2883 2880/2880/2880 2888/2888/2888
f 2888/2888/2888 2880/2880/2880 2885/2885/2885
f 776/776/776 778/778/778 721/721/721
f 3539/3539/3539 3507/3507/3507 3509/3509/3509
f 3259/3259/3259 3221/3221/3221 3267/3267/3267
f 2381/2381/2381 2389/2389/2389 2387/2387/2387
f 2407/2407/2407 2402/2402/2402 2414/2414/2414
f 2199/2199/2199 2209/2209/2209 2200/2200/2200
f 2886/2886/2886 2879/2879/2879 2887/2887/2887
f 2887/2887/2887 2879/2879/2879 2884/2884/2884
f 775/775/775 777/777/777 776/776/776
f 3507/3507/3507 3506/3506/3506 3508/3508/3508
f 2370/2370/2370 2369/2369/2369 2375/2375/2375
f 2369/2369/2369 2374/2374/2374 2375/2375/2375
f 2395/2395/2395 2402/2402/2402 2407/2407/2407
f 3593/3593/3593 3585/3585/3585 3649/3649/3649
f 2977/2977/2977 2981/2981/2981 2975/2975/2975
f 2889/2889/2889 2881/2881/2881 2883/2883/2883
f 2880/2880/2880 2878/2878/2878 2885/2885/2885
f 2885/2885/2885 2878/2878/2878 2886/2886/2886
f 806/806/806 795/795/795 796/796/796
f 3506/3506/3506 3505/3505/3505 3515/3515/3515
f 3183/3183/3183 3186/3186/3186 3184/3184/3184
f 2368/2368/2368 2369/2369/2369 2370/2370/2370
f 2375/2375/2375 2374/2374/2374 2381/2381/2381
f 2387/2387/2387 2389/2389/2389 2395/2395/2395
f 2883/2883/2883 2881/2881/2881 2880/2880/2880
f 718/718/718 717/717/717 608/608/608
f 2886/2886/2886 2878/2878/2878 2879/2879/2879
f 2879/2879/2879 2876/2876/2876 2884/2884/2884
f 2884/2884/2884 2877/2877/2877 2890/2890/2890
f 777/777/777 778/778/778 776/776/776
f 3183/3183/3183 3505/3505/3505 3185/3185/3185
f 3183/3183/3183 3185/3185/3185 3186/3186/3186
f 3184/3184/3184 3186/3186/3186 3221/3221/3221
f 2414/2414/2414 2415/2415/2415 2431/2431/2431
f 2389/2389/2389 2402/2402/2402 2395/2395/2395
f 2884/2884/2884 2876/2876/2876 2877/2877/2877
f 806/806/806 808/808/808 795/795/795
f 3257/3257/3257 3267/3267/3267 3221/3221/3221
f 2978/2978/2978 2979/2979/2979 2977/2977/2977
f 2977/2977/2977 2979/2979/2979 2981/2981/2981
f 3507/3507/3507 3502/3502/3502 3506/3506/3506
f 3272/3272/3272 3280/3280/3280 3267/3267/3267
f 2374/2374/2374 2384/2384/2384 2381/2381/2381
f 2381/2381/2381 2384/2384/2384 2389/2389/2389
f 3589/3589/3589 3584/3584/3584 3586/3586/3586
f 3586/3586/3586 3583/3583/3583 3585/3585/3585
f 3585/3585/3585 3648/3648/3648 3649/3649/3649
f 2874/2874/2874 2873/2873/2873 2880/2880/2880
f 2880/2880/2880 2873/2873/2873 2878/2878/2878
f 721/721/721 713/713/713 715/715/715
f 2879/2879/2879 2865/2865/2865 2876/2876/2876
f 808/808/808 793/793/793 795/795/795
f 785/785/785 784/784/784 777/777/777
f 3506/3506/3506 3502/3502/3502 3505/3505/3505
f 3186/3186/3186 3257/3257/3257 3221/3221/3221
f 125/125/125 106/106/106 104/104/104
f 2449/2449/2449 2448/2448/2448 2481/2481/2481
f 2384/2384/2384 2392/2392/2392 2389/2389/2389
f 2298/2298/2298 2332/2332/2332 2331/2331/2331
f 2331/2331/2331 2332/2332/2332 2351/2351/2351
f 3586/3586/3586 3584/3584/3584 3583/3583/3583
f 2881/2881/2881 2874/2874/2874 2880/2880/2880
f 2873/2873/2873 2872/2872/2872 2878/2878/2878
f 2872/2872/2872 2849/2849/2849 2878/2878/2878
f 2878/2878/2878 2849/2849/2849 2879/2879/2879
f 2849/2849/2849 2865/2865/2865 2879/2879/2879
f 721/721/721 778/778/778 713/713/713
f 784/784/784 779/779/779 777/777/777
f 777/777/777 779/779/779 778/778/778
f 795/795/795 793/793/793 785/785/785
f 67/67/67 66/66/66 68/68/68
f 2372/2372/2372 2364/2364/2364 2368/2368/2368
f 2368/2368/2368 2367/2367/2367 2369/2369/2369
f 135/135/135 106/106/106 125/125/125
f 2431/2431/2431 2448/2448/2448 2449/2449/2449
f 2392/2392/2392 2402/2402/2402 2389/2389/2389
f 2298/2298/2298 2305/2305/2305 2332/2332/2332
f 3585/3585/3585 3583/3583/3583 3582/3582/3582
f 3585/3585/3585 3582/3582/3582 3648/3648/3648
f 2882/2882/2882 2874/2874/2874 2881/2881/2881
f 3513/3513/3513 3502/3502/3502 3507/3507/3507
f 3257/3257/3257 3272/3272/3272 3267/3267/3267
f 2372/2372/2372 2618/2618/2618 2617/2617/2617
f 2372/2372/2372 2617/2617/2617 2364/2364/2364
f 2367/2367/2367 2374/2374/2374 2369/2369/2369
f 2402/2402/2402 2405/2405/2405 2414/2414/2414
f 714/714/714 503/503/503 717/717/717
f 793/793/793 784/784/784 785/785/785
f 2414/2414/2414 2405/2405/2405 2415/2415/2415
f 2980/2980/2980 2983/2983/2983 2982/2982/2982
f 2980/2980/2980 2982/2982/2982 2979/2979/2979
f 2882/2882/2882 2833/2833/2833 2832/2832/2832
f 2882/2882/2882 2832/2832/2832 2874/2874/2874
f 2874/2874/2874 2832/2832/2832 2836/2836/2836
f 2874/2874/2874 2836/2836/2836 2873/2873/2873
f 2873/2873/2873 2847/2847/2847 2872/2872/2872
f 2849/2849/2849 2856/2856/2856 2865/2865/2865
f 2865/2865/2865 2866/2866/2866 2876/2876/2876
f 2876/2876/2876 2866/2866/2866 2877/2877/2877
f 808/808/808 807/807/807 793/793/793
f 779/779/779 780/780/780 778/778/778
f 3502/3502/3502 3498/3498/3498 3505/3505/3505
f 3272/3272/3272 3282/3282/3282 3280/3280/3280
f 2431/2431/2431 2437/2437/2437 2448/2448/2448
f 2415/2415/2415 2426/2426/2426 2431/2431/2431
f 2873/2873/2873 2836/2836/2836 2847/2847/2847
f 713/713/713 780/780/780 711/711/711
f 778/778/778 780/780/780 713/713/713
f 2877/2877/2877 2866/2866/2866 2871/2871/2871
f 793/793/793 792/792/792 784/784/784
f 3189/3189/3189 3185/3185/3185 3505/3505/3505
f 3185/3185/3185 3187/3187/3187 3186/3186/3186
f 3187/3187/3187 3257/3257/3257 3186/3186/3186
f 67/67/67 64/64/64 66/66/66
f 2368/2368/2368 2364/2364/2364 2367/2367/2367
f 2374/2374/2374 2376/2376/2376 2384/2384/2384
f 2402/2402/2402 2392/2392/2392 2405/2405/2405
f 3582/3582/3582 3644/3644/3644 3648/3648/3648
f 2872/2872/2872 2847/2847/2847 2849/2849/2849
f 2856/2856/2856 2866/2866/2866 2865/2865/2865
f 793/793/793 807/807/807 792/792/792
f 3513/3513/3513 3497/3497/3497 3502/3502/3502
f 3498/3498/3498 3189/3189/3189 3505/3505/3505
f 3257/3257/3257 3263/3263/3263 3272/3272/3272
f 2367/2367/2367 2376/2376/2376 2374/2374/2374
f 106/106/106 113/113/113 94/94/94
f 2367/2367/2367 2366/2366/2366 2376/2376/2376
f 2384/2384/2384 2393/2393/2393 2392/2392/2392
f 2405/2405/2405 2409/2409/2409 2415/2415/2415
f 2415/2415/2415 2409/2409/2409 2426/2426/2426
f 2332/2332/2332 2340/2340/2340 2351/2351/2351
f 3584/3584/3584 3581/3581/3581 3583/3583/3583
f 3581/3581/3581 3582/3582/3582 3583/3583/3583
f 3582/3582/3582 3580/3580/3580 3644/3644/3644
f 2827/2827/2827 2826/2826/2826 2832/2832/2832
f 2833/2833/2833 2827/2827/2827 2832/2832/2832
f 2832/2832/2832 2826/2826/2826 2836/2836/2836
f 2847/2847/2847 2846/2846/2846 2849/2849/2849
f 2849/2849/2849 2850/2850/2850 2856/2856/2856
f 794/794/794 792/792/792 807/807/807
f 792/792/792 786/786/786 784/784/784
f 3187/3187/3187 3213/3213/3213 3263/3263/3263
f 3187/3187/3187 3263/3263/3263 3257/3257/3257
f 97/97/97 64/64/64 94/94/94
f 106/106/106 135/135/135 113/113/113
f 2393/2393/2393 2409/2409/2409 2405/2405/2405
f 2392/2392/2392 2393/2393/2393 2405/2405/2405
f 2236/2236/2236 2241/2241/2241 2255/2255/2255
f 3582/3582/3582 3581/3581/3581 3580/3580/3580
f 2831/2831/2831 2827/2827/2827 2833/2833/2833
f 2836/2836/2836 2826/2826/2826 2835/2835/2835
f 2836/2836/2836 2835/2835/2835 2846/2846/2846
f 2836/2836/2836 2846/2846/2846 2847/2847/2847
f 2849/2849/2849 2846/2846/2846 2850/2850/2850
f 2866/2866/2866 2856/2856/2856 2860/2860/2860
f 780/780/780 782/782/782 711/711/711
f 2866/2866/2866 2860/2860/2860 2871/2871/2871
f 784/784/784 781/781/781 779/779/779
f 779/779/779 781/781/781 780/780/780
f 3497/3497/3497 3498/3498/3498 3502/3502/3502
f 2655/2655/2655 2736/2736/2736 2734/2734/2734
f 3185/3185/3185 3188/3188/3188 3187/3187/3187
f 3263/3263/3263 3273/3273/3273 3272/3272/3272
f 3272/3272/3272 3273/3273/3273 3282/3282/3282
f 2617/2617/2617 2619/2619/2619 2364/2364/2364
f 2364/2364/2364 2365/2365/2365 2366/2366/2366
f 2364/2364/2364 2366/2366/2366 2367/2367/2367
f 2376/2376/2376 2366/2366/2366 2383/2383/2383
f 2376/2376/2376 2383/2383/2383 2384/2384/2384
f 2332/2332/2332 2305/2305/2305 2340/2340/2340
f 3580/3580/3580 3630/3630/3630 3644/3644/3644
f 2831/2831/2831 2830/2830/2830 2827/2827/2827
f 2827/2827/2827 2824/2824/2824 2826/2826/2826
f 2856/2856/2856 2850/2850/2850 2860/2860/2860
f 781/781/781 782/782/782 780/780/780
f 2860/2860/2860 2869/2869/2869 2871/2871/2871
f 792/792/792 794/794/794 786/786/786
f 3189/3189/3189 3188/3188/3188 3185/3185/3185
f 2619/2619/2619 2365/2365/2365 2364/2364/2364
f 2825/2825/2825 2835/2835/2835 2826/2826/2826
f 807/807/807 810/810/810 794/794/794
f 3513/3513/3513 3501/3501/3501 3497/3497/3497
f 2384/2384/2384 2391/2391/2391 2393/2393/2393
f 3581/3581/3581 3579/3579/3579 3580/3580/3580
f 2846/2846/2846 2845/2845/2845 2850/2850/2850
f 2850/2850/2850 2859/2859/2859 2860/2860/2860
f 711/711/711 782/782/782 710/710/710
f 810/810/810 799/799/799 794/794/794
f 798/798/798 786/786/786 794/794/794
f 3498/3498/3498 3190/3190/3190 3189/3189/3189
f 3189/3189/3189 3190/3190/3190 3188/3188/3188
f 3187/3187/3187 3188/3188/3188 3213/3213/3213
f 3213/3213/3213 3273/3273/3273 3263/3263/3263
f 3273/3273/3273 3287/3287/3287 3282/3282/3282
f 3282/3282/3282 3287/3287/3287 3297/3297/3297
f 2448/2448/2448 2437/2437/2437 2474/2474/2474
f 2383/2383/2383 2391/2391/2391 2384/2384/2384
f 2830/2830/2830 2824/2824/2824 2827/2827/2827
f 2846/2846/2846 2835/2835/2835 2845/2845/2845
f 2845/2845/2845 2851/2851/2851 2850/2850/2850
f 2850/2850/2850 2851/2851/2851 2859/2859/2859
f 2860/2860/2860 2859/2859/2859 2869/2869/2869
f 2734/2734/2734 2790/2790/2790 2735/2735/2735
f 2824/2824/2824 2825/2825/2825 2826/2826/2826
f 2835/2835/2835 2834/2834/2834 2845/2845/2845
f 794/794/794 799/799/799 798/798/798
f 786/786/786 798/798/798 781/781/781
f 3562/3562/3562 3563/3563/3563 3503/3503/3503
f 3498/3498/3498 3496/3496/3496 3190/3190/3190
f 97/97/97 96/96/96 64/64/64
f 2474/2474/2474 2484/2484/2484 2448/2448/2448
f 2437/2437/2437 2426/2426/2426 2445/2445/2445
f 2426/2426/2426 2409/2409/2409 2425/2425/2425
f 2391/2391/2391 2404/2404/2404 2393/2393/2393
f 3587/3587/3587 3579/3579/3579 3581/3581/3581
f 2830/2830/2830 2829/2829/2829 2824/2824/2824
f 2825/2825/2825 2834/2834/2834 2835/2835/2835
f 3273/3273/3273 3286/3286/3286 3287/3287/3287
f 2365/2365/2365 2524/2524/2524 2366/2366/2366
f 2366/2366/2366 2524/2524/2524 2427/2427/2427
f 2437/2437/2437 2445/2445/2445 2474/2474/2474
f 2427/2427/2427 2412/2412/2412 2366/2366/2366
f 2366/2366/2366 2412/2412/2412 2383/2383/2383
f 2383/2383/2383 2403/2403/2403 2391/2391/2391
f 2393/2393/2393 2404/2404/2404 2409/2409/2409
f 3587/3587/3587 3588/3588/3588 3579/3579/3579
f 3579/3579/3579 3578/3578/3578 3580/3580/3580
f 3580/3580/3580 3578/3578/3578 3630/3630/3630
f 2845/2845/2845 2848/2848/2848 2851/2851/2851
f 781/781/781 682/682/682 782/782/782
f 3497/3497/3497 3496/3496/3496 3498/3498/3498
f 3213/3213/3213 3261/3261/3261 3273/3273/3273
f 3273/3273/3273 3261/3261/3261 3286/3286/3286
f 97/97/97 114/114/114 96/96/96
f 2474/2474/2474 2487/2487/2487 2484/2484/2484
f 3578/3578/3578 3595/3595/3595 3630/3630/3630
f 2828/2828/2828 2825/2825/2825 2824/2824/2824
f 2825/2825/2825 2828/2828/2828 2834/2834/2834
f 699/699/699 513/513/513 512/512/512
f 2834/2834/2834 2839/2839/2839 2845/2845/2845
f 2845/2845/2845 2839/2839/2839 2848/2848/2848
f 782/782/782 680/680/680 710/710/710
f 2859/2859/2859 2851/2851/2851 2857/2857/2857
f 682/682/682 680/680/680 782/782/782
f 2857/2857/2857 2863/2863/2863 2859/2859/2859
f 2859/2859/2859 2863/2863/2863 2869/2869/2869
f 800/800/800 682/682/682 781/781/781
f 798/798/798 800/800/800 781/781/781
f 3190/3190/3190 3195/3195/3195 3188/3188/3188
f 3188/3188/3188 3195/3195/3195 3213/3213/3213
f 3213/3213/3213 3195/3195/3195 3261/3261/3261
f 2619/2619/2619 2524/2524/2524 2365/2365/2365
f 2383/2383/2383 2412/2412/2412 2403/2403/2403
f 2426/2426/2426 2425/2425/2425 2445/2445/2445
f 2391/2391/2391 2403/2403/2403 2404/2404/2404
f 2404/2404/2404 2410/2410/2410 2409/2409/2409
f 2409/2409/2409 2410/2410/2410 2425/2425/2425
f 3630/3630/3630 3595/3595/3595 3693/3693/3693
f 2824/2824/2824 2829/2829/2829 2828/2828/2828
f 2869/2869/2869 2863/2863/2863 2870/2870/2870
f 810/810/810 820/820/820 799/799/799
f 3261/3261/3261 3289/3289/3289 3286/3286/3286
f 2746/2746/2746 2714/2714/2714 2673/2673/2673
f 3195/3195/3195 3260/3260/3260 3261/3261/3261
f 2474/2474/2474 2483/2483/2483 2487/2487/2487
f 2524/2524/2524 2441/2441/2441 2427/2427/2427
f 2474/2474/2474 2475/2475/2475 2483/2483/2483
f 2445/2445/2445 2475/2475/2475 2474/2474/2474
f 2425/2425/2425 2435/2435/2435 2445/2445/2445
f 3588/3588/3588 3576/3576/3576 3579/3579/3579
f 2828/2828/2828 2837/2837/2837 2834/2834/2834
f 2837/2837/2837 2839/2839/2839 2834/2834/2834
f 710/710/710 695/695/695 699/699/699
f 2848/2848/2848 2852/2852/2852 2851/2851/2851
f 820/820/820 819/819/819 799/799/799
f 799/799/799 819/819/819 798/798/798
f 2712/2712/2712 2735/2735/2735 2730/2730/2730
f 3496/3496/3496 3199/3199/3199 3190/3190/3190
f 4083/4083/4083 4080/4080/4080 4082/4082/4082
f 2427/2427/2427 2441/2441/2441 2412/2412/2412
f 2403/2403/2403 2413/2413/2413 2404/2404/2404
f 2410/2410/2410 2429/2429/2429 2425/2425/2425
f 3579/3579/3579 3576/3576/3576 3578/3578/3578
f 3595/3595/3595 3694/3694/3694 3693/3693/3693
f 2840/2840/2840 2838/2838/2838 2829/2829/2829
f 2829/2829/2829 2838/2838/2838 2828/2828/2828
f 2838/2838/2838 2837/2837/2837 2828/2828/2828
f 2851/2851/2851 2852/2852/2852 2857/2857/2857
f 800/800/800 681/681/681 682/682/682
f 681/681/681 680/680/680 682/682/682
f 798/798/798 819/819/819 818/818/818
f 798/798/798 818/818/818 800/800/800
f 3501/3501/3501 3495/3495/3495 3497/3497/3497
f 3495/3495/3495 3199/3199/3199 3496/3496/3496
f 3497/3497/3497 3495/3495/3495 3496/3496/3496
f 3199/3199/3199 3195/3195/3195 3190/3190/3190
f 3289/3289/3289 3290/3290/3290 3286/3286/3286
f 3286/3286/3286 3290/3290/3290 3287/3287/3287
f 2435/2435/2435 2475/2475/2475 2445/2445/2445
f 2429/2429/2429 2435/2435/2435 2425/2425/2425
f 2413/2413/2413 2422/2422/2422 2410/2410/2410
f 2404/2404/2404 2413/2413/2413 2410/2410/2410
f 2422/2422/2422 2429/2429/2429 2410/2410/2410
f 3590/3590/3590 3576/3576/3576 3588/3588/3588
f 3578/3578/3578 3576/3576/3576 3577/3577/3577
f 3578/3578/3578 3577/3577/3577 3595/3595/3595
f 693/693/693 516/516/516 513/513/513
f 2839/2839/2839 2843/2843/2843 2848/2848/2848
f 2848/2848/2848 2843/2843/2843 2852/2852/2852
f 680/680/680 695/695/695 710/710/710
f 2857/2857/2857 2858/2858/2858 2863/2863/2863
f 3260/3260/3260 3279/3279/3279 3261/3261/3261
f 3261/3261/3261 3279/3279/3279 3289/3289/3289
f 2841/2841/2841 2838/2838/2838 2840/2840/2840
f 2837/2837/2837 2842/2842/2842 2839/2839/2839
f 2839/2839/2839 2842/2842/2842 2843/2843/2843
f 2852/2852/2852 2858/2858/2858 2857/2857/2857
f 2858/2858/2858 2864/2864/2864 2863/2863/2863
f 2661/2661/2661 2635/2635/2635 2659/2659/2659
f 2644/2644/2644 2653/2653/2653 2652/2652/2652
f 3290/3290/3290 3294/3294/3294 3287/3287/3287
f 117/117/117 119/119/119 114/114/114
f 3577/3577/3577 3591/3591/3591 3595/3595/3595
f 3595/3595/3595 3591/3591/3591 3694/3694/3694
f 516/516/516 693/693/693 522/522/522
f 818/818/818 821/821/821 800/800/800
f 821/821/821 681/681/681 800/800/800
f 2863/2863/2863 2864/2864/2864 2870/2870/2870
f 3627/3627/3627 3626/3626/3626 3534/3534/3534
f 3289/3289/3289 3285/3285/3285 3290/3290/3290
f 143/143/143 119/119/119 117/117/117
f 2441/2441/2441 2428/2428/2428 2412/2412/2412
f 2412/2412/2412 2428/2428/2428 2403/2403/2403
f 2403/2403/2403 2424/2424/2424 2413/2413/2413
f 3576/3576/3576 3575/3575/3575 3577/3577/3577
f 3694/3694/3694 3591/3591/3591 3699/3699/3699
f 2844/2844/2844 2837/2837/2837 2838/2838/2838
f 2844/2844/2844 2842/2842/2842 2837/2837/2837
f 2852/2852/2852 2843/2843/2843 2853/2853/2853
f 2864/2864/2864 2875/2875/2875 2870/2870/2870
f 820/820/820 824/824/824 819/819/819
f 824/824/824 822/822/822 819/819/819
f 3503/3503/3503 3494/3494/3494 3501/3501/3501
f 3501/3501/3501 3494/3494/3494 3495/3495/3495
f 3199/3199/3199 3200/3200/3200 3195/3195/3195
f 3195/3195/3195 3200/3200/3200 3260/3260/3260
f 3279/3279/3279 3285/3285/3285 3289/3289/3289
f 119/119/119 109/109/109 114/114/114
f 4082/4082/4082 4080/4080/4080 4081/4081/4081
f 2435/2435/2435 2451/2451/2451 2475/2475/2475
f 2435/2435/2435 2429/2429/2429 2451/2451/2451
f 2841/2841/2841 2844/2844/2844 2838/2838/2838
f 2852/2852/2852 2853/2853/2853 2858/2858/2858
f 819/819/819 822/822/822 818/818/818
f 3200/3200/3200 3262/3262/3262 3260/3260/3260
f 63/63/63 75/75/75 57/57/57
f 3290/3290/3290 3285/3285/3285 3294/3294/3294
f 2475/2475/2475 2451/2451/2451 2476/2476/2476
f 2428/2428/2428 2424/2424/2424 2403/2403/2403
f 2422/2422/2422 2443/2443/2443 2429/2429/2429
f 3575/3575/3575 3591/3591/3591 3577/3577/3577
f 2844/2844/2844 2855/2855/2855 2842/2842/2842
f 2855/2855/2855 2854/2854/2854 2842/2842/2842
f 2842/2842/2842 2854/2854/2854 2843/2843/2843
f 2843/2843/2843 2854/2854/2854 2853/2853/2853
f 2853/2853/2853 2861/2861/2861 2858/2858/2858
f 822/822/822 821/821/821 818/818/818
f 3631/3631/3631 3626/3626/3626 3677/3677/3677
f 3534/3534/3534 3499/3499/3499 3503/3503/3503
f 3503/3503/3503 3499/3499/3499 3494/3494/3494
f 3199/3199/3199 3201/3201/3201 3200/3200/3200
f 2475/2475/2475 2476/2476/2476 2483/2483/2483
f 2441/2441/2441 2440/2440/2440 2428/2428/2428
f 3591/3591/3591 3662/3662/3662 3699/3699/3699
f 1646/1646/1646 1661/1661/1661 1665/1665/1665
f 1665/1665/1665 1675/1675/1675 1646/1646/1646
f 677/677/677 681/681/681 821/821/821
f 96/96/96 109/109/109 75/75/75
f 143/143/143 129/129/129 119/119/119
f 2476/2476/2476 2499/2499/2499 2483/2483/2483
f 2428/2428/2428 2440/2440/2440 2424/2424/2424
f 2413/2413/2413 2436/2436/2436 2422/2422/2422
f 2429/2429/2429 2443/2443/2443 2451/2451/2451
f 1646/1646/1646 1645/1645/1645 1661/1661/1661
f 1645/1645/1645 1660/1660/1660 1661/1661/1661
f 2854/2854/2854 2867/2867/2867 2853/2853/2853
f 681/681/681 678/678/678 680/680/680
f 678/678/678 679/679/679 680/680/680
f 677/677/677 678/678/678 681/681/681
f 2861/2861/2861 2862/2862/2862 2858/2858/2858
f 2858/2858/2858 2862/2862/2862 2864/2864/2864
f 2864/2864/2864 2862/2862/2862 2875/2875/2875
f 2875/2875/2875 2862/2862/2862 2895/2895/2895
f 824/824/824 827/827/827 822/822/822
f 822/822/822 827/827/827 823/823/823
f 3631/3631/3631 3533/3533/3533 3626/3626/3626
f 2704/2704/2704 2705/2705/2705 2713/2713/2713
f 3534/3534/3534 3533/3533/3533 3499/3499/3499
f 3494/3494/3494 3199/3199/3199 3495/3495/3495
f 3260/3260/3260 3276/3276/3276 3279/3279/3279
f 3279/3279/3279 3276/3276/3276 3285/3285/3285
f 3285/3285/3285 3296/3296/3296 3294/3294/3294
f 119/119/119 129/129/129 109/109/109
f 2483/2483/2483 2499/2499/2499 2502/2502/2502
f 2424/2424/2424 2436/2436/2436 2413/2413/2413
f 2436/2436/2436 2438/2438/2438 2422/2422/2422
f 2422/2422/2422 2438/2438/2438 2443/2443/2443
f 3574/3574/3574 3573/3573/3573 3575/3575/3575
f 3575/3575/3575 3592/3592/3592 3591/3591/3591
f 3591/3591/3591 3592/3592/3592 3662/3662/3662
f 2855/2855/2855 2868/2868/2868 2854/2854/2854
f 2854/2854/2854 2868/2868/2868 2867/2867/2867
f 2853/2853/2853 2867/2867/2867 2861/2861/2861
f 823/823/823 821/821/821 822/822/822
f 3260/3260/3260 3262/3262/3262 3276/3276/3276
f 2441/2441/2441 2537/2537/2537 2440/2440/2440
f 3574/3574/3574 3569/3569/3569 3573/3573/3573
f 3575/3575/3575 3573/3573/3573 3592/3592/3592
f 3592/3592/3592 3629/3629/3629 3662/3662/3662
f 1675/1675/1675 1657/1657/1657 1646/1646/1646
f 1642/1642/1642 1660/1660/1660 1645/1645/1645
f 1642/1642/1642 1623/1623/1623 1660/1660/1660
f 2691/2691/2691 2743/2743/2743 2742/2742/2742
f 2652/2652/2652 2704/2704/2704 2651/2651/2651
f 3494/3494/3494 3202/3202/3202 3199/3199/3199
f 3199/3199/3199 3202/3202/3202 3201/3201/3201
f 4079/4079/4079 4078/4078/4078 4074/4074/4074
f 4074/4074/4074 4066/4066/4066 4067/4067/4067
f 2440/2440/2440 2442/2442/2442 2424/2424/2424
f 2424/2424/2424 2442/2442/2442 2436/2436/2436
f 2276/2276/2276 2277/2277/2277 2286/2286/2286
f 2350/2350/2350 2308/2308/2308 2348/2348/2348
f 821/821/821 825/825/825 677/677/677
f 823/823/823 826/826/826 821/821/821
f 2862/2862/2862 2920/2920/2920 2895/2895/2895
f 827/827/827 826/826/826 823/823/823
f 3533/3533/3533 3500/3500/3500 3499/3499/3499
f 3499/3499/3499 3493/3493/3493 3494/3494/3494
f 3494/3494/3494 3493/3493/3493 3202/3202/3202
f 109/109/109 101/101/101 75/75/75
f 2451/2451/2451 2499/2499/2499 2476/2476/2476
f 2443/2443/2443 2500/2500/2500 2451/2451/2451
f 3569/3569/3569 3572/3572/3572 3573/3573/3573
f 1640/1640/1640 1645/1645/1645 1646/1646/1646
f 1645/1645/1645 1639/1639/1639 1642/1642/1642
f 1650/1650/1650 1648/1648/1648 1671/1671/1671
f 1648/1648/1648 1655/1655/1655 1671/1671/1671
f 677/677/677 675/675/675 678/678/678
f 1671/1671/1671 1655/1655/1655 1682/1682/1682
f 826/826/826 825/825/825 821/821/821
f 1655/1655/1655 1632/1632/1632 1682/1682/1682
f 882/882/882 826/826/826 827/827/827
f 2646/2646/2646 2651/2651/2651 2649/2649/2649
f 3533/3533/3533 3522/3522/3522 3500/3500/3500
f 129/129/129 122/122/122 109/109/109
f 2451/2451/2451 2501/2501/2501 2499/2499/2499
f 2500/2500/2500 2501/2501/2501 2451/2451/2451
f 2443/2443/2443 2438/2438/2438 2500/2500/2500
f 2308/2308/2308 2311/2311/2311 2348/2348/2348
f 3573/3573/3573 3572/3572/3572 3592/3592/3592
f 3592/3592/3592 3572/3572/3572 3629/3629/3629
f 1640/1640/1640 1639/1639/1639 1645/1645/1645
f 1623/1623/1623 1604/1604/1604 1605/1605/1605
f 1623/1623/1623 1605/1605/1605 1650/1650/1650
f 679/679/679 676/676/676 696/696/696
f 1605/1605/1605 1648/1648/1648 1650/1650/1650
f 676/676/676 679/679/679 678/678/678
f 1648/1648/1648 1625/1625/1625 1655/1655/1655
f 825/825/825 673/673/673 677/677/677
f 1655/1655/1655 1626/1626/1626 1632/1632/1632
f 1682/1682/1682 1632/1632/1632 1670/1670/1670
f 2649/2649/2649 2651/2651/2651 2658/2658/2658
f 3542/3542/3542 3631/3631/3631 3654/3654/3654
f 2668/2668/2668 2651/2651/2651 2703/2703/2703
f 3500/3500/3500 3493/3493/3493 3499/3499/3499
f 3201/3201/3201 3255/3255/3255 3200/3200/3200
f 3200/3200/3200 3255/3255/3255 3262/3262/3262
f 3276/3276/3276 3277/3277/3277 3285/3285/3285
f 109/109/109 122/122/122 101/101/101
f 129/129/129 150/150/150 122/122/122
f 2499/2499/2499 2506/2506/2506 2502/2502/2502
f 4067/4067/4067 4040/4040/4040 4061/4061/4061
f 3629/3629/3629 3572/3572/3572 3624/3624/3624
f 1606/1606/1606 1623/1623/1623 1642/1642/1642
f 1639/1639/1639 1606/1606/1606 1642/1642/1642
f 1606/1606/1606 1604/1604/1604 1623/1623/1623
f 676/676/676 691/691/691 696/696/696
f 1605/1605/1605 1609/1609/1609 1648/1648/1648
f 1648/1648/1648 1609/1609/1609 1625/1625/1625
f 677/677/677 673/673/673 675/675/675
f 1632/1632/1632 1664/1664/1664 1670/1670/1670
f 2658/2658/2658 2651/2651/2651 2668/2668/2668
f 2703/2703/2703 2710/2710/2710 2709/2709/2709
f 2710/2710/2710 2727/2727/2727 2728/2728/2728
f 3262/3262/3262 3277/3277/3277 3276/3276/3276
f 3277/3277/3277 3296/3296/3296 3285/3285/3285
f 4066/4066/4066 4040/4040/4040 4067/4067/4067
f 4040/4040/4040 4052/4052/4052 4061/4061/4061
f 2500/2500/2500 2503/2503/2503 2501/2501/2501
f 3624/3624/3624 3695/3695/3695 3629/3629/3629
f 1657/1657/1657 1641/1641/1641 1646/1646/1646
f 1646/1646/1646 1641/1641/1641 1640/1640/1640
f 1605/1605/1605 1580/1580/1580 1609/1609/1609
f 1625/1625/1625 1626/1626/1626 1655/1655/1655
f 882/882/882 881/881/881 826/826/826
f 881/881/881 828/828/828 826/826/826
f 2648/2648/2648 2649/2649/2649 2656/2656/2656
f 2656/2656/2656 2649/2649/2649 2657/2657/2657
f 2744/2744/2744 2743/2743/2743 2693/2693/2693
f 2668/2668/2668 2703/2703/2703 2709/2709/2709
f 3500/3500/3500 3491/3491/3491 3493/3493/3493
f 3493/3493/3493 3204/3204/3204 3202/3202/3202
f 3203/3203/3203 3228/3228/3228 3201/3201/3201
f 3202/3202/3202 3203/3203/3203 3201/3201/3201
f 3201/3201/3201 3228/3228/3228 3255/3255/3255
f 3262/3262/3262 3275/3275/3275 3277/3277/3277
f 3277/3277/3277 3295/3295/3295 3296/3296/3296
f 4078/4078/4078 4060/4060/4060 4074/4074/4074
f 4074/4074/4074 4060/4060/4060 4066/4066/4066
f 2499/2499/2499 2504/2504/2504 2506/2506/2506
f 4052/4052/4052 4032/4032/4032 4036/4036/4036
f 4052/4052/4052 4036/4036/4036 4055/4055/4055
f 4055/4055/4055 4036/4036/4036 4048/4048/4048
f 1640/1640/1640 1607/1607/1607 1639/1639/1639
f 1604/1604/1604 1580/1580/1580 1605/1605/1605
f 1609/1609/1609 1594/1594/1594 1625/1625/1625
f 673/673/673 672/672/672 675/675/675
f 826/826/826 828/828/828 825/825/825
f 1626/1626/1626 1585/1585/1585 1632/1632/1632
f 1585/1585/1585 1624/1624/1624 1632/1632/1632
f 1632/1632/1632 1624/1624/1624 1664/1664/1664
f 2642/2642/2642 2656/2656/2656 2650/2650/2650
f 3522/3522/3522 3491/3491/3491 3500/3500/3500
f 2709/2709/2709 2710/2710/2710 2711/2711/2711
f 2710/2710/2710 2728/2728/2728 2711/2711/2711
f 3493/3493/3493 3491/3491/3491 3204/3204/3204
f 3202/3202/3202 3204/3204/3204 3203/3203/3203
f 2501/2501/2501 2504/2504/2504 2499/2499/2499
f 3572/3572/3572 3564/3564/3564 3624/3624/3624
f 1641/1641/1641 1615/1615/1615 1640/1640/1640
f 1607/1607/1607 1606/1606/1606 1639/1639/1639
f 1581/1581/1581 1604/1604/1604 1606/1606/1606
f 675/675/675 672/672/672 676/676/676
f 672/672/672 674/674/674 676/676/676
f 1625/1625/1625 1594/1594/1594 1614/1614/1614
f 1625/1625/1625 1614/1614/1614 1626/1626/1626
f 1626/1626/1626 1614/1614/1614 1585/1585/1585
f 2665/2665/2665 2663/2663/2663 2643/2643/2643
f 2657/2657/2657 2658/2658/2658 2677/2677/2677
f 2658/2658/2658 2668/2668/2668 2677/2677/2677
f 3262/3262/3262 3255/3255/3255 3275/3275/3275
f 4075/4075/4075 4078/4078/4078 4079/4079/4079
f 4060/4060/4060 4037/4037/4037 4066/4066/4066
f 4066/4066/4066 4037/4037/4037 4040/4040/4040
f 4040/4040/4040 4032/4032/4032 4052/4052/4052
f 3624/3624/3624 3706/3706/3706 3695/3695/3695
f 1641/1641/1641 1652/1652/1652 1615/1615/1615
f 1615/1615/1615 1607/1607/1607 1640/1640/1640
f 1607/1607/1607 1581/1581/1581 1606/1606/1606
f 674/674/674 694/694/694 676/676/676
f 1581/1581/1581 1580/1580/1580 1604/1604/1604
f 1580/1580/1580 1582/1582/1582 1609/1609/1609
f 1609/1609/1609 1582/1582/1582 1594/1594/1594
f 666/666/666 673/673/673 828/828/828
f 1624/1624/1624 1659/1659/1659 1664/1664/1664
f 881/881/881 880/880/880 828/828/828
f 2672/2672/2672 2663/2663/2663 2666/2666/2666
f 2682/2682/2682 2672/2672/2672 2666/2666/2666
f 2685/2685/2685 2672/2672/2672 2682/2682/2682
f 3542/3542/3542 3519/3519/3519 3522/3522/3522
f 3519/3519/3519 3491/3491/3491 3522/3522/3522
f 2728/2728/2728 2770/2770/2770 2729/2729/2729
f 3277/3277/3277 3275/3275/3275 3295/3295/3295
f 150/150/150 144/144/144 122/122/122
f 1607/1607/1607 1577/1577/1577 1581/1581/1581
f 1581/1581/1581 1568/1568/1568 1580/1580/1580
f 671/671/671 672/672/672 673/673/673
f 1594/1594/1594 1557/1557/1557 1614/1614/1614
f 880/880/880 666/666/666 828/828/828
f 1557/1557/1557 1585/1585/1585 1614/1614/1614
f 2664/2664/2664 2650/2650/2650 2667/2667/2667
f 2667/2667/2667 2656/2656/2656 2669/2669/2669
f 2656/2656/2656 2657/2657/2657 2669/2669/2669
f 2669/2669/2669 2657/2657/2657 2677/2677/2677
f 2668/2668/2668 2709/2709/2709 2711/2711/2711
f 2711/2711/2711 2729/2729/2729 2753/2753/2753
f 3491/3491/3491 3230/3230/3230 3204/3204/3204
f 2503/2503/2503 2505/2505/2505 2501/2501/2501
f 2501/2501/2501 2505/2505/2505 2504/2504/2504
f 4040/4040/4040 4025/4025/4025 4032/4032/4032
f 3706/3706/3706 3624/3624/3624 3645/3645/3645
f 1578/1578/1578 1607/1607/1607 1615/1615/1615
f 1577/1577/1577 1576/1576/1576 1581/1581/1581
f 1568/1568/1568 1548/1548/1548 1580/1580/1580
f 1580/1580/1580 1548/1548/1548 1582/1582/1582
f 1582/1582/1582 1557/1557/1557 1594/1594/1594
f 1557/1557/1557 1556/1556/1556 1585/1585/1585
f 663/663/663 666/666/666 880/880/880
f 1556/1556/1556 1608/1608/1608 1585/1585/1585
f 1585/1585/1585 1608/1608/1608 1624/1624/1624
f 1624/1624/1624 1608/1608/1608 1659/1659/1659
f 2665/2665/2665 2664/2664/2664 2674/2674/2674
f 2687/2687/2687 2677/2677/2677 2678/2678/2678
f 2687/2687/2687 2678/2678/2678 2708/2708/2708
f 2694/2694/2694 2761/2761/2761 2744/2744/2744
f 2711/2711/2711 2753/2753/2753 2715/2715/2715
f 3519/3519/3519 3490/3490/3490 3491/3491/3491
f 3228/3228/3228 3251/3251/3251 3255/3255/3255
f 3255/3255/3255 3271/3271/3271 3275/3275/3275
f 144/144/144 123/123/123 122/122/122
f 4078/4078/4078 4075/4075/4075 4060/4060/4060
f 4037/4037/4037 4025/4025/4025 4040/4040/4040
f 1631/1631/1631 1615/1615/1615 1652/1652/1652
f 1572/1572/1572 1581/1581/1581 1576/1576/1576
f 1572/1572/1572 1568/1568/1568 1581/1581/1581
f 672/672/672 665/665/665 674/674/674
f 1568/1568/1568 1543/1543/1543 1548/1548/1548
f 673/673/673 664/664/664 671/671/671
f 1548/1548/1548 1557/1557/1557 1582/1582/1582
f 666/666/666 664/664/664 673/673/673
f 1542/1542/1542 1556/1556/1556 1557/1557/1557
f 2680/2680/2680 2666/2666/2666 2665/2665/2665
f 2664/2664/2664 2667/2667/2667 2679/2679/2679
f 2679/2679/2679 2667/2667/2667 2683/2683/2683
f 2667/2667/2667 2669/2669/2669 2683/2683/2683
f 2677/2677/2677 2687/2687/2687 2669/2669/2669
f 3607/3607/3607 3520/3520/3520 3542/3542/3542
f 2678/2678/2678 2715/2715/2715 2708/2708/2708
f 3542/3542/3542 3520/3520/3520 3519/3519/3519
f 2678/2678/2678 2711/2711/2711 2715/2715/2715
f 3490/3490/3490 3230/3230/3230 3491/3491/3491
f 3204/3204/3204 3228/3228/3228 3203/3203/3203
f 101/101/101 123/123/123 98/98/98
f 4060/4060/4060 4038/4038/4038 4037/4037/4037
f 4025/4025/4025 4013/4013/4013 4032/4032/4032
f 4032/4032/4032 4012/4012/4012 4036/4036/4036
f 3564/3564/3564 3552/3552/3552 3624/3624/3624
f 3552/3552/3552 3645/3645/3645 3624/3624/3624
f 1631/1631/1631 1619/1619/1619 1615/1615/1615
f 1615/1615/1615 1619/1619/1619 1578/1578/1578
f 1578/1578/1578 1577/1577/1577 1607/1607/1607
f 671/671/671 665/665/665 672/672/672
f 1548/1548/1548 1541/1541/1541 1557/1557/1557
f 1541/1541/1541 1542/1542/1542 1557/1557/1557
f 663/663/663 660/660/660 666/666/666
f 2665/2665/2665 2674/2674/2674 2676/2676/2676
f 2674/2674/2674 2664/2664/2664 2675/2675/2675
f 2675/2675/2675 2664/2664/2664 2679/2679/2679
f 2682/2682/2682 2666/2666/2666 2680/2680/2680
f 2715/2715/2715 2753/2753/2753 2754/2754/2754
f 2753/2753/2753 2771/2771/2771 2754/2754/2754
f 3251/3251/3251 3271/3271/3271 3255/3255/3255
f 3275/3275/3275 3288/3288/3288 3295/3295/3295
f 4075/4075/4075 4038/4038/4038 4060/4060/4060
f 4038/4038/4038 4020/4020/4020 4037/4037/4037
f 4064/4064/4064 4042/4042/4042 4071/4071/4071
f 4037/4037/4037 4020/4020/4020 4025/4025/4025
f 4032/4032/4032 4013/4013/4013 4012/4012/4012
f 4036/4036/4036 4012/4012/4012 4021/4021/4021
f 4036/4036/4036 4021/4021/4021 4048/4048/4048
f 4048/4048/4048 4021/4021/4021 4051/4051/4051
f 664/664/664 665/665/665 671/671/671
f 660/660/660 664/664/664 666/666/666
f 1608/1608/1608 1591/1591/1591 1656/1656/1656
f 1608/1608/1608 1656/1656/1656 1659/1659/1659
f 2676/2676/2676 2674/2674/2674 2675/2675/2675
f 2683/2683/2683 2669/2669/2669 2689/2689/2689
f 2669/2669/2669 2687/2687/2687 2689/2689/2689
f 1465/1465/1465 1467/1467/1467 1430/1430/1430
f 1467/1467/1467 1466/1466/1466 1430/1430/1430
f 1467/1467/1467 1469/1469/1469 1466/1466/1466
f 3230/3230/3230 3229/3229/3229 3204/3204/3204
f 3204/3204/3204 3229/3229/3229 3228/3228/3228
f 3251/3251/3251 3266/3266/3266 3271/3271/3271
f 123/123/123 124/124/124 98/98/98
f 4071/4071/4071 4042/4042/4042 4070/4070/4070
f 4047/4047/4047 4042/4042/4042 4064/4064/4064
f 4025/4025/4025 4007/4007/4007 4013/4013/4013
f 4051/4051/4051 4021/4021/4021 4047/4047/4047
f 3564/3564/3564 3546/3546/3546 3552/3552/3552
f 1631/1631/1631 1644/1644/1644 1619/1619/1619
f 1619/1619/1619 1584/1584/1584 1578/1578/1578
f 1584/1584/1584 1570/1570/1570 1578/1578/1578
f 1570/1570/1570 1577/1577/1577 1578/1578/1578
f 1570/1570/1570 1565/1565/1565 1577/1577/1577
f 1565/1565/1565 1576/1576/1576 1577/1577/1577
f 1565/1565/1565 1572/1572/1572 1576/1576/1576
f 1572/1572/1572 1543/1543/1543 1568/1568/1568
f 1572/1572/1572 1544/1544/1544 1543/1543/1543
f 1543/1543/1543 1540/1540/1540 1548/1548/1548
f 1548/1548/1548 1540/1540/1540 1541/1541/1541
f 1541/1541/1541 1534/1534/1534 1542/1542/1542
f 880/880/880 658/658/658 663/663/663
f 1542/1542/1542 1547/1547/1547 1556/1556/1556
f 1556/1556/1556 1591/1591/1591 1608/1608/1608
f 2680/2680/2680 2665/2665/2665 2681/2681/2681
f 2681/2681/2681 2665/2665/2665 2676/2676/2676
f 2675/2675/2675 2679/2679/2679 2690/2690/2690
f 2688/2688/2688 2682/2682/2682 2680/2680/2680
f 2721/2721/2721 2694/2694/2694 2682/2682/2682
f 2761/2761/2761 2694/2694/2694 2721/2721/2721
f 1469/1469/1469 1468/1468/1468 1438/1438/1438
f 1470/1470/1470 1686/1686/1686 1683/1683/1683
f 3490/3490/3490 3489/3489/3489 3230/3230/3230
f 4077/4077/4077 4038/4038/4038 4075/4075/4075
f 4021/4021/4021 4027/4027/4027 4047/4047/4047
f 3645/3645/3645 3552/3552/3552 3646/3646/3646
f 665/665/665 700/700/700 674/674/674
f 660/660/660 659/659/659 664/664/664
f 1528/1528/1528 1534/1534/1534 1540/1540/1540
f 1540/1540/1540 1534/1534/1534 1541/1541/1541
f 658/658/658 654/654/654 663/663/663
f 1542/1542/1542 1534/1534/1534 1547/1547/1547
f 1547/1547/1547 1591/1591/1591 1556/1556/1556
f 2681/2681/2681 2676/2676/2676 2684/2684/2684
f 2684/2684/2684 2676/2676/2676 2675/2675/2675
f 2679/2679/2679 2683/2683/2683 2690/2690/2690
f 1464/1464/1464 1475/1475/1475 1431/1431/1431
f 1475/1475/1475 1465/1465/1465 1431/1431/1431
f 1466/1466/1466 1469/1469/1469 1438/1438/1438
f 3544/3544/3544 3520/3520/3520 3607/3607/3607
f 3544/3544/3544 3521/3521/3521 3520/3520/3520
f 1438/1438/1438 1468/1468/1468 1439/1439/1439
f 1468/1468/1468 1470/1470/1470 1439/1439/1439
f 3520/3520/3520 3521/3521/3521 3490/3490/3490
f 3520/3520/3520 3490/3490/3490 3519/3519/3519
f 1470/1470/1470 1683/1683/1683 1674/1674/1674
f 3229/3229/3229 3251/3251/3251 3228/3228/3228
f 98/98/98 111/111/111 71/71/71
f 98/98/98 124/124/124 111/111/111
f 4042/4042/4042 4065/4065/4065 4070/4070/4070
f 1619/1619/1619 1616/1616/1616 1584/1584/1584
f 1565/1565/1565 1544/1544/1544 1572/1572/1572
f 663/663/663 654/654/654 660/660/660
f 1534/1534/1534 1546/1546/1546 1547/1547/1547
f 1583/1583/1583 1656/1656/1656 1591/1591/1591
f 1591/1591/1591 1547/1547/1547 1583/1583/1583
f 2684/2684/2684 2675/2675/2675 2700/2700/2700
f 2700/2700/2700 2675/2675/2675 2690/2690/2690
f 1431/1431/1431 1465/1465/1465 1430/1430/1430
f 1466/1466/1466 1438/1438/1438 1430/1430/1430
f 1470/1470/1470 1674/1674/1674 1439/1439/1439
f 3271/3271/3271 3293/3293/3293 3288/3288/3288
f 4073/4073/4073 4038/4038/4038 4077/4077/4077
f 4038/4038/4038 4005/4005/4005 4020/4020/4020
f 4005/4005/4005 4007/4007/4007 4020/4020/4020
f 4013/4013/4013 4007/4007/4007 4012/4012/4012
f 4047/4047/4047 4027/4027/4027 4042/4042/4042
f 1644/1644/1644 1616/1616/1616 1619/1619/1619
f 1584/1584/1584 1569/1569/1569 1570/1570/1570
f 1569/1569/1569 1565/1565/1565 1570/1570/1570
f 1569/1569/1569 1545/1545/1545 1565/1565/1565
f 1545/1545/1545 1544/1544/1544 1565/1565/1565
f 662/662/662 700/700/700 665/665/665
f 664/664/664 659/659/659 665/665/665
f 1530/1530/1530 1523/1523/1523 1544/1544/1544
f 1544/1544/1544 1523/1523/1523 1543/1543/1543
f 1523/1523/1523 1528/1528/1528 1543/1543/1543
f 1543/1543/1543 1528/1528/1528 1540/1540/1540
f 654/654/654 659/659/659 660/660/660
f 1528/1528/1528 1520/1520/1520 1534/1534/1534
f 1583/1583/1583 1668/1668/1668 1656/1656/1656
f 2684/2684/2684 2700/2700/2700 2699/2699/2699
f 1460/1460/1460 1464/1464/1464 1459/1459/1459
f 1464/1464/1464 1426/1426/1426 1459/1459/1459
f 2686/2686/2686 2680/2680/2680 2681/2681/2681
f 1464/1464/1464 1431/1431/1431 1426/1426/1426
f 2747/2747/2747 2721/2721/2721 2688/2688/2688
f 1431/1431/1431 1430/1430/1430 1425/1425/1425
f 3489/3489/3489 3231/3231/3231 3230/3230/3230
f 3229/3229/3229 3245/3245/3245 3251/3251/3251
f 3251/3251/3251 3258/3258/3258 3266/3266/3266
f 123/123/123 136/136/136 124/124/124
f 123/123/123 154/154/154 136/136/136
f 4012/4012/4012 4001/4001/4001 4021/4021/4021
f 4021/4021/4021 4014/4014/4014 4027/4027/4027
f 1638/1638/1638 1616/1616/1616 1644/1644/1644
f 1616/1616/1616 1593/1593/1593 1584/1584/1584
f 1593/1593/1593 1569/1569/1569 1584/1584/1584
f 1545/1545/1545 1530/1530/1530 1544/1544/1544
f 1523/1523/1523 1522/1522/1522 1528/1528/1528
f 656/656/656 640/640/640 654/654/654
f 1528/1528/1528 1522/1522/1522 1520/1520/1520
f 658/658/658 656/656/656 654/654/654
f 1520/1520/1520 1546/1546/1546 1534/1534/1534
f 1547/1547/1547 1571/1571/1571 1583/1583/1583
f 1546/1546/1546 1571/1571/1571 1547/1547/1547
f 1440/1440/1440 1463/1463/1463 1460/1460/1460
f 2681/2681/2681 2684/2684/2684 2698/2698/2698
f 2698/2698/2698 2684/2684/2684 2699/2699/2699
f 1440/1440/1440 1460/1460/1460 1459/1459/1459
f 2686/2686/2686 2681/2681/2681 2695/2695/2695
f 1426/1426/1426 1431/1431/1431 1425/1425/1425
f 3704/3704/3704 3703/3703/3703 3608/3608/3608
f 1425/1425/1425 1430/1430/1430 1418/1418/1418
f 3608/3608/3608 3524/3524/3524 3544/3544/3544
f 1430/1430/1430 1438/1438/1438 1419/1419/1419
f 1438/1438/1438 1439/1439/1439 1419/1419/1419
f 3544/3544/3544 3524/3524/3524 3521/3521/3521
f 3521/3521/3521 3488/3488/3488 3490/3490/3490
f 1674/1674/1674 1683/1683/1683 1684/1684/1684
f 3490/3490/3490 3488/3488/3488 3489/3489/3489
f 3232/3232/3232 3245/3245/3245 3229/3229/3229
f 3245/3245/3245 3258/3258/3258 3251/3251/3251
f 3266/3266/3266 3269/3269/3269 3271/3271/3271
f 4073/4073/4073 4004/4004/4004 4038/4038/4038
f 3988/3988/3988 4001/4001/4001 4012/4012/4012
f 3552/3552/3552 3546/3546/3546 3535/3535/3535
f 3552/3552/3552 3535/3535/3535 3556/3556/3556
f 3552/3552/3552 3556/3556/3556 3609/3609/3609
f 665/665/665 659/659/659 662/662/662
f 1527/1527/1527 1523/1523/1523 1530/1530/1530
f 654/654/654 653/653/653 659/659/659
f 1523/1523/1523 1515/1515/1515 1522/1522/1522
f 1515/1515/1515 1520/1520/1520 1522/1522/1522
f 1583/1583/1583 1658/1658/1658 1668/1668/1668
f 1515/1515/1515 1513/1513/1513 1520/1520/1520
f 1520/1520/1520 1526/1526/1526 1546/1546/1546
f 1571/1571/1571 1536/1536/1536 1583/1583/1583
f 1583/1583/1583 1536/1536/1536 1658/1658/1658
f 1546/1546/1546 1526/1526/1526 1571/1571/1571
f 1440/1440/1440 1459/1459/1459 1422/1422/1422
f 2695/2695/2695 2681/2681/2681 2697/2697/2697
f 2697/2697/2697 2681/2681/2681 2698/2698/2698
f 1459/1459/1459 1426/1426/1426 1422/1422/1422
f 1422/1422/1422 1426/1426/1426 1420/1420/1420
f 1420/1420/1420 1426/1426/1426 1417/1417/1417
f 2688/2688/2688 2680/2680/2680 2686/2686/2686
f 1426/1426/1426 1425/1425/1425 1417/1417/1417
f 1417/1417/1417 1425/1425/1425 1418/1418/1418
f 1430/1430/1430 1419/1419/1419 1418/1418/1418
f 1439/1439/1439 1674/1674/1674 1673/1673/1673
f 1674/1674/1674 1684/1684/1684 1673/1673/1673
f 3231/3231/3231 3232/3232/3232 3229/3229/3229
f 71/71/71 111/111/111 90/90/90
f 3269/3269/3269 3292/3292/3292 3271/3271/3271
f 3271/3271/3271 3292/3292/3292 3293/3293/3293
f 4027/4027/4027 4026/4026/4026 4042/4042/4042
f 4042/4042/4042 4026/4026/4026 4041/4041/4041
f 4021/4021/4021 4001/4001/4001 4014/4014/4014
f 1638/1638/1638 1636/1636/1636 1616/1616/1616
f 1613/1613/1613 1593/1593/1593 1616/1616/1616
f 1593/1593/1593 1551/1551/1551 1569/1569/1569
f 1551/1551/1551 1545/1545/1545 1569/1569/1569
f 654/654/654 640/640/640 653/653/653
f 1513/1513/1513 1512/1512/1512 1520/1520/1520
f 1512/1512/1512 1526/1526/1526 1520/1520/1520
f 1463/1463/1463 1440/1440/1440 1424/1424/1424
f 1424/1424/1424 1440/1440/1440 1422/1422/1422
f 3608/3608/3608 3532/3532/3532 3524/3524/3524
f 3258/3258/3258 3269/3269/3269 3266/3266/3266
f 3988/3988/3988 3987/3987/3987 4001/4001/4001
f 2086/2086/2086 2099/2099/2099 2101/2101/2101
f 1616/1616/1616 1636/1636/1636 1613/1613/1613
f 1613/1613/1613 1551/1551/1551 1593/1593/1593
f 1550/1550/1550 1531/1531/1531 1551/1551/1551
f 1551/1551/1551 1531/1531/1531 1545/1545/1545
f 1531/1531/1531 1530/1530/1530 1545/1545/1545
f 1530/1530/1530 1531/1531/1531 1527/1527/1527
f 653/653/653 655/655/655 659/659/659
f 1531/1531/1531 1518/1518/1518 1527/1527/1527
f 1527/1527/1527 1518/1518/1518 1523/1523/1523
f 1518/1518/1518 1515/1515/1515 1523/1523/1523
f 4297/4297/4297 4298/4298/4298 4299/4299/4299
f 1518/1518/1518 1516/1516/1516 1515/1515/1515
f 1515/1515/1515 1514/1514/1514 1513/1513/1513
f 1515/1515/1515 1516/1516/1516 1514/1514/1514
f 1526/1526/1526 1536/1536/1536 1571/1571/1571
f 1512/1512/1512 1519/1519/1519 1526/1526/1526
f 1458/1458/1458 1424/1424/1424 1421/1421/1421
f 1421/1421/1421 1424/1424/1424 1412/1412/1412
f 1458/1458/1458 1463/1463/1463 1424/1424/1424
f 1490/1490/1490 1483/1483/1483 1454/1454/1454
f 1483/1483/1483 1463/1463/1463 1454/1454/1454
f 1454/1454/1454 1463/1463/1463 1458/1458/1458
f 1424/1424/1424 1422/1422/1422 1412/1412/1412
f 1412/1412/1412 1420/1420/1420 1404/1404/1404
f 1491/1491/1491 1483/1483/1483 1490/1490/1490
f 1422/1422/1422 1420/1420/1420 1412/1412/1412
f 1420/1420/1420 1417/1417/1417 1404/1404/1404
f 1404/1404/1404 1417/1417/1417 1405/1405/1405
f 2748/2748/2748 2747/2747/2747 2688/2688/2688
f 2748/2748/2748 2688/2688/2688 2701/2701/2701
f 3661/3661/3661 3608/3608/3608 3703/3703/3703
f 1419/1419/1419 1439/1439/1439 1437/1437/1437
f 3524/3524/3524 3485/3485/3485 3521/3521/3521
f 1439/1439/1439 1672/1672/1672 1437/1437/1437
f 3521/3521/3521 3485/3485/3485 3488/3488/3488
f 1439/1439/1439 1673/1673/1673 1672/1672/1672
f 192/192/192 199/199/199 141/141/141
f 3488/3488/3488 3487/3487/3487 3489/3489/3489
f 3489/3489/3489 3487/3487/3487 3231/3231/3231
f 46/46/46 44/44/44 45/45/45
f 4065/4065/4065 4054/4054/4054 4072/4072/4072
f 4027/4027/4027 4014/4014/4014 4003/4003/4003
f 3556/3556/3556 3525/3525/3525 3609/3609/3609
f 3609/3609/3609 3525/3525/3525 3610/3610/3610
f 1550/1550/1550 1539/1539/1539 1531/1531/1531
f 640/640/640 641/641/641 653/653/653
f 1539/1539/1539 1535/1535/1535 1531/1531/1531
f 1531/1531/1531 1535/1535/1535 1518/1518/1518
f 1518/1518/1518 1524/1524/1524 1516/1516/1516
f 1536/1536/1536 1654/1654/1654 1658/1658/1658
f 1516/1516/1516 1517/1517/1517 1514/1514/1514
f 1519/1519/1519 1533/1533/1533 1526/1526/1526
f 1526/1526/1526 1533/1533/1533 1536/1536/1536
f 1516/1516/1516 1504/1504/1504 1517/1517/1517
f 1514/1514/1514 1510/1510/1510 1513/1513/1513
f 1479/1479/1479 1454/1454/1454 1453/1453/1453
f 1421/1421/1421 1412/1412/1412 1411/1411/1411
f 1453/1453/1453 1454/1454/1454 1421/1421/1421
f 1411/1411/1411 1412/1412/1412 1404/1404/1404
f 1454/1454/1454 1458/1458/1458 1421/1421/1421
f 1489/1489/1489 1490/1490/1490 1454/1454/1454
f 2702/2702/2702 2697/2697/2697 2706/2706/2706
f 2696/2696/2696 2686/2686/2686 2695/2695/2695
f 3661/3661/3661 3541/3541/3541 3608/3608/3608
f 1417/1417/1417 1418/1418/1418 1405/1405/1405
f 1405/1405/1405 1418/1418/1418 1407/1407/1407
f 1418/1418/1418 1419/1419/1419 1407/1407/1407
f 3608/3608/3608 3541/3541/3541 3532/3532/3532
f 1419/1419/1419 1437/1437/1437 1428/1428/1428
f 3524/3524/3524 3523/3523/3523 3485/3485/3485
f 1437/1437/1437 1672/1672/1672 1669/1669/1669
f 4003/4003/4003 4026/4026/4026 4027/4027/4027
f 4001/4001/4001 3995/3995/3995 4014/4014/4014
f 3546/3546/3546 3530/3530/3530 3535/3535/3535
f 3556/3556/3556 3535/3535/3535 3525/3525/3525
f 1613/1613/1613 1627/1627/1627 1590/1590/1590
f 1613/1613/1613 1590/1590/1590 1551/1551/1551
f 1590/1590/1590 1550/1550/1550 1551/1551/1551
f 641/641/641 655/655/655 653/653/653
f 1539/1539/1539 1524/1524/1524 1535/1535/1535
f 638/638/638 636/636/636 640/640/640
f 1524/1524/1524 1525/1525/1525 1516/1516/1516
f 1516/1516/1516 1525/1525/1525 1504/1504/1504
f 1536/1536/1536 1533/1533/1533 1654/1654/1654
f 1510/1510/1510 1512/1512/1512 1513/1513/1513
f 1512/1512/1512 1511/1511/1511 1519/1519/1519
f 1511/1511/1511 1521/1521/1521 1519/1519/1519
f 1478/1478/1478 1479/1479/1479 1453/1453/1453
f 1429/1429/1429 1421/1421/1421 1411/1411/1411
f 1453/1453/1453 1421/1421/1421 1429/1429/1429
f 1411/1411/1411 1404/1404/1404 1403/1403/1403
f 1403/1403/1403 1404/1404/1404 1401/1401/1401
f 1401/1401/1401 1404/1404/1404 1405/1405/1405
f 1508/1508/1508 1490/1490/1490 1489/1489/1489
f 2702/2702/2702 2695/2695/2695 2697/2697/2697
f 1405/1405/1405 1407/1407/1407 1406/1406/1406
f 2701/2701/2701 2707/2707/2707 2748/2748/2748
f 1407/1407/1407 1419/1419/1419 1428/1428/1428
f 1437/1437/1437 1669/1669/1669 1428/1428/1428
f 3523/3523/3523 3524/3524/3524 3532/3532/3532
f 3485/3485/3485 3486/3486/3486 3488/3488/3488
f 192/192/192 41/41/41 191/191/191
f 3488/3488/3488 3486/3486/3486 3487/3487/3487
f 3487/3487/3487 3234/3234/3234 3231/3231/3231
f 3231/3231/3231 3233/3233/3233 3232/3232/3232
f 3245/3245/3245 3393/3393/3393 3258/3258/3258
f 111/111/111 138/138/138 118/118/118
f 3258/3258/3258 3393/3393/3393 3269/3269/3269
f 136/136/136 138/138/138 137/137/137
f 4076/4076/4076 3935/3935/3935 4073/4073/4073
f 3962/3962/3962 3988/3988/3988 3991/3991/3991
f 4001/4001/4001 3987/3987/3987 3995/3995/3995
f 4014/4014/4014 3995/3995/3995 4003/4003/4003
f 3610/3610/3610 3525/3525/3525 3549/3549/3549
f 1636/1636/1636 1637/1637/1637 1613/1613/1613
f 1613/1613/1613 1637/1637/1637 1627/1627/1627
f 1590/1590/1590 1563/1563/1563 1550/1550/1550
f 1550/1550/1550 1563/1563/1563 1539/1539/1539
f 640/640/640 636/636/636 641/641/641
f 1539/1539/1539 1537/1537/1537 1524/1524/1524
f 1654/1654/1654 1680/1680/1680 1658/1658/1658
f 657/657/657 649/649/649 638/638/638
f 1537/1537/1537 1525/1525/1525 1524/1524/1524
f 1654/1654/1654 1647/1647/1647 1680/1680/1680
f 1519/1519/1519 1521/1521/1521 1532/1532/1532
f 1519/1519/1519 1532/1532/1532 1533/1533/1533
f 1504/1504/1504 1510/1510/1510 1517/1517/1517
f 1517/1517/1517 1510/1510/1510 1514/1514/1514
f 1510/1510/1510 1511/1511/1511 1512/1512/1512
f 1478/1478/1478 1453/1453/1453 1429/1429/1429
f 1486/1486/1486 1479/1479/1479 1478/1478/1478
f 1486/1486/1486 1489/1489/1489 1479/1479/1479
f 1486/1486/1486 1555/1555/1555 1489/1489/1489
f 1401/1401/1401 1405/1405/1405 1406/1406/1406
f 1555/1555/1555 1508/1508/1508 1489/1489/1489
f 2719/2719/2719 2696/2696/2696 2702/2702/2702
f 1407/1407/1407 1410/1410/1410 1406/1406/1406
f 1410/1410/1410 1407/1407/1407 1428/1428/1428
f 1428/1428/1428 1669/1669/1669 1667/1667/1667
f 191/191/191 41/41/41 149/149/149
f 3233/3233/3233 3245/3245/3245 3232/3232/3232
f 3393/3393/3393 3292/3292/3292 3269/3269/3269
f 4076/4076/4076 3922/3922/3922 3935/3935/3935
f 2295/2295/2295 2296/2296/2296 2288/2288/2288
f 652/652/652 703/703/703 655/655/655
f 641/641/641 652/652/652 655/655/655
f 1563/1563/1563 1537/1537/1537 1539/1539/1539
f 638/638/638 635/635/635 636/636/636
f 634/634/634 635/635/635 638/638/638
f 649/649/649 634/634/634 638/638/638
f 1537/1537/1537 1505/1505/1505 1525/1525/1525
f 1647/1647/1647 1679/1679/1679 1680/1680/1680
f 1505/1505/1505 1504/1504/1504 1525/1525/1525
f 1533/1533/1533 1532/1532/1532 1647/1647/1647
f 1504/1504/1504 1509/1509/1509 1510/1510/1510
f 1497/1497/1497 1511/1511/1511 1510/1510/1510
f 1509/1509/1509 1497/1497/1497 1510/1510/1510
f 1457/1457/1457 1429/1429/1429 1408/1408/1408
f 1408/1408/1408 1411/1411/1411 1396/1396/1396
f 1429/1429/1429 1411/1411/1411 1408/1408/1408
f 1457/1457/1457 1478/1478/1478 1429/1429/1429
f 1396/1396/1396 1403/1403/1403 1395/1395/1395
f 1411/1411/1411 1403/1403/1403 1396/1396/1396
f 1395/1395/1395 1403/1403/1403 1401/1401/1401
f 1555/1555/1555 1486/1486/1486 1503/1503/1503
f 1401/1401/1401 1406/1406/1406 1402/1402/1402
f 2719/2719/2719 2702/2702/2702 2749/2749/2749
f 1402/1402/1402 1406/1406/1406 1410/1410/1410
f 1410/1410/1410 1428/1428/1428 1436/1436/1436
f 1428/1428/1428 1667/1667/1667 1436/1436/1436
f 191/191/191 149/149/149 195/195/195
f 3486/3486/3486 3238/3238/3238 3487/3487/3487
f 3487/3487/3487 3238/3238/3238 3234/3234/3234
f 3234/3234/3234 3233/3233/3233 3231/3231/3231
f 3233/3233/3233 3246/3246/3246 3245/3245/3245
f 4054/4054/4054 4035/4035/4035 4063/4063/4063
f 4054/4054/4054 4031/4031/4031 4035/4035/4035
f 3530/3530/3530 3526/3526/3526 3535/3535/3535
f 3535/3535/3535 3526/3526/3526 3525/3525/3525
f 3549/3549/3549 3473/3473/3473 3610/3610/3610
f 1590/1590/1590 1589/1589/1589 1563/1563/1563
f 1589/1589/1589 1562/1562/1562 1563/1563/1563
f 1562/1562/1562 1537/1537/1537 1563/1563/1563
f 1562/1562/1562 1538/1538/1538 1537/1537/1537
f 1538/1538/1538 1505/1505/1505 1537/1537/1537
f 1505/1505/1505 1481/1481/1481 1504/1504/1504
f 1532/1532/1532 1653/1653/1653 1647/1647/1647
f 1647/1647/1647 1653/1653/1653 1679/1679/1679
f 1504/1504/1504 1481/1481/1481 1474/1474/1474
f 1474/1474/1474 1501/1501/1501 1504/1504/1504
f 1501/1501/1501 1509/1509/1509 1504/1504/1504
f 1509/1509/1509 1496/1496/1496 1497/1497/1497
f 1497/1497/1497 1529/1529/1529 1511/1511/1511
f 1511/1511/1511 1529/1529/1529 1521/1521/1521
f 1497/1497/1497 1485/1485/1485 1529/1529/1529
f 1480/1480/1480 1457/1457/1457 1456/1456/1456
f 1456/1456/1456 1457/1457/1457 1408/1408/1408
f 1482/1482/1482 1457/1457/1457 1480/1480/1480
f 1482/1482/1482 1478/1478/1478 1457/1457/1457
f 1503/1503/1503 1486/1486/1486 1482/1482/1482
f 1486/1486/1486 1478/1478/1478 1482/1482/1482
f 1401/1401/1401 1402/1402/1402 1394/1394/1394
f 2750/2750/2750 2719/2719/2719 2749/2749/2749
f 2724/2724/2724 2696/2696/2696 2719/2719/2719
f 1410/1410/1410 1436/1436/1436 1433/1433/1433
f 3541/3541/3541 3492/3492/3492 3532/3532/3532
f 3532/3532/3532 3492/3492/3492 3523/3523/3523
f 3523/3523/3523 3492/3492/3492 3485/3485/3485
f 41/41/41 39/39/39 149/149/149
f 3246/3246/3246 3393/3393/3393 3245/3245/3245
f 3393/3393/3393 3394/3394/3394 3292/3292/3292
f 3935/3935/3935 3929/3929/3929 3943/3943/3943
f 3525/3525/3525 3473/3473/3473 3549/3549/3549
f 1590/1590/1590 1601/1601/1601 1589/1589/1589
f 624/624/624 652/652/652 641/641/641
f 636/636/636 624/624/624 641/641/641
f 635/635/635 621/621/621 636/636/636
f 1501/1501/1501 1496/1496/1496 1509/1509/1509
f 1532/1532/1532 1554/1554/1554 1653/1653/1653
f 1496/1496/1496 1493/1493/1493 1497/1497/1497
f 1529/1529/1529 1554/1554/1554 1521/1521/1521
f 1521/1521/1521 1554/1554/1554 1532/1532/1532
f 1493/1493/1493 1485/1485/1485 1497/1497/1497
f 1414/1414/1414 1408/1408/1408 1392/1392/1392
f 1408/1408/1408 1396/1396/1396 1392/1392/1392
f 1392/1392/1392 1396/1396/1396 1389/1389/1389
f 1396/1396/1396 1395/1395/1395 1389/1389/1389
f 1502/1502/1502 1503/1503/1503 1482/1482/1482
f 1395/1395/1395 1401/1401/1401 1394/1394/1394
f 1575/1575/1575 1555/1555/1555 1503/1503/1503
f 1575/1575/1575 1603/1603/1603 1555/1555/1555
f 2724/2724/2724 2719/2719/2719 2750/2750/2750
f 3541/3541/3541 3504/3504/3504 3492/3492/3492
f 149/149/149 39/39/39 58/58/58
f 3238/3238/3238 3237/3237/3237 3234/3234/3234
f 3234/3234/3234 3237/3237/3237 3233/3233/3233
f 4063/4063/4063 4053/4053/4053 4069/4069/4069
f 4035/4035/4035 4053/4053/4053 4063/4063/4063
f 3922/3922/3922 3929/3929/3929 3935/3935/3935
f 4003/4003/4003 3989/3989/3989 4006/4006/4006
f 3525/3525/3525 3476/3476/3476 3473/3473/3473
f 3473/3473/3473 3611/3611/3611 3610/3610/3610
f 1627/1627/1627 1651/1651/1651 1590/1590/1590
f 1588/1588/1588 1562/1562/1562 1589/1589/1589
f 636/636/636 621/621/621 624/624/624
f 634/634/634 621/621/621 635/635/635
f 1538/1538/1538 1498/1498/1498 1505/1505/1505
f 637/637/637 629/629/629 634/634/634
f 1498/1498/1498 1481/1481/1481 1505/1505/1505
f 639/639/639 629/629/629 637/637/637
f 1474/1474/1474 1473/1473/1473 1501/1501/1501
f 1501/1501/1501 1473/1473/1473 1496/1496/1496
f 1496/1496/1496 1495/1495/1495 1493/1493/1493
f 1529/1529/1529 1573/1573/1573 1554/1554/1554
f 1495/1495/1495 1377/1377/1377 1493/1493/1493
f 1493/1493/1493 1377/1377/1377 1485/1485/1485
f 1413/1413/1413 1414/1414/1414 1391/1391/1391
f 1480/1480/1480 1456/1456/1456 1455/1455/1455
f 1455/1455/1455 1456/1456/1456 1414/1414/1414
f 1392/1392/1392 1389/1389/1389 1391/1391/1391
f 1414/1414/1414 1392/1392/1392 1391/1391/1391
f 1506/1506/1506 1502/1502/1502 1480/1480/1480
f 1574/1574/1574 1503/1503/1503 1502/1502/1502
f 1574/1574/1574 1575/1575/1575 1503/1503/1503
f 1394/1394/1394 1402/1402/1402 1400/1400/1400
f 1402/1402/1402 1409/1409/1409 1400/1400/1400
f 1603/1603/1603 1575/1575/1575 1602/1602/1602
f 2751/2751/2751 2724/2724/2724 2750/2750/2750
f 1409/1409/1409 1433/1433/1433 1434/1434/1434
f 2724/2724/2724 2752/2752/2752 2707/2707/2707
f 1433/1433/1433 1436/1436/1436 1434/1434/1434
f 3485/3485/3485 3484/3484/3484 3486/3486/3486
f 3237/3237/3237 3246/3246/3246 3233/3233/3233
f 140/140/140 145/145/145 103/103/103
f 3246/3246/3246 3392/3392/3392 3393/3393/3393
f 3530/3530/3530 3527/3527/3527 3526/3526/3526
f 3473/3473/3473 3554/3554/3554 3611/3611/3611
f 3611/3611/3611 3554/3554/3554 3633/3633/3633
f 1637/1637/1637 1651/1651/1651 1627/1627/1627
f 1651/1651/1651 1643/1643/1643 1590/1590/1590
f 1643/1643/1643 1601/1601/1601 1590/1590/1590
f 1601/1601/1601 1588/1588/1588 1589/1589/1589
f 634/634/634 631/631/631 621/621/621
f 1561/1561/1561 1538/1538/1538 1562/1562/1562
f 1561/1561/1561 1498/1498/1498 1538/1538/1538
f 634/634/634 629/629/629 631/631/631
f 1498/1498/1498 1472/1472/1472 1481/1481/1481
f 1472/1472/1472 1441/1441/1441 1481/1481/1481
f 1481/1481/1481 1441/1441/1441 1474/1474/1474
f 1473/1473/1473 1495/1495/1495 1496/1496/1496
f 1554/1554/1554 1663/1663/1663 1653/1653/1653
f 1441/1441/1441 1376/1376/1376 1474/1474/1474
f 1474/1474/1474 1376/1376/1376 1473/1473/1473
f 1441/1441/1441 1374/1374/1374 1376/1376/1376
f 1376/1376/1376 1377/1377/1377 1473/1473/1473
f 1473/1473/1473 1377/1377/1377 1495/1495/1495
f 1485/1485/1485 1492/1492/1492 1529/1529/1529
f 1529/1529/1529 1492/1492/1492 1573/1573/1573
f 1415/1415/1415 1372/1372/1372 1369/1369/1369
f 1452/1452/1452 1413/1413/1413 1415/1415/1415
f 1415/1415/1415 1371/1371/1371 1372/1372/1372
f 1371/1371/1371 1387/1387/1387 1370/1370/1370
f 1415/1415/1415 1413/1413/1413 1371/1371/1371
f 1413/1413/1413 1391/1391/1391 1371/1371/1371
f 1391/1391/1391 1387/1387/1387 1371/1371/1371
f 1452/1452/1452 1455/1455/1455 1413/1413/1413
f 1484/1484/1484 1455/1455/1455 1452/1452/1452
f 1488/1488/1488 1484/1484/1484 1452/1452/1452
f 1507/1507/1507 1484/1484/1484 1488/1488/1488
f 1455/1455/1455 1414/1414/1414 1413/1413/1413
f 1391/1391/1391 1389/1389/1389 1387/1387/1387
f 1484/1484/1484 1480/1480/1480 1455/1455/1455
f 1506/1506/1506 1480/1480/1480 1484/1484/1484
f 1389/1389/1389 1395/1395/1395 1390/1390/1390
f 1390/1390/1390 1395/1395/1395 1394/1394/1394
f 1560/1560/1560 1502/1502/1502 1506/1506/1506
f 1560/1560/1560 1574/1574/1574 1502/1502/1502
f 1602/1602/1602 1575/1575/1575 1574/1574/1574
f 1394/1394/1394 1400/1400/1400 1397/1397/1397
f 1400/1400/1400 1423/1423/1423 1397/1397/1397
f 1400/1400/1400 1409/1409/1409 1423/1423/1423
f 1602/1602/1602 1649/1649/1649 1603/1603/1603
f 1409/1409/1409 1434/1434/1434 1423/1423/1423
f 1434/1434/1434 1436/1436/1436 1666/1666/1666
f 3551/3551/3551 3680/3680/3680 3647/3647/3647
f 195/195/195 164/164/164 198/198/198
f 3492/3492/3492 3482/3482/3482 3485/3485/3485
f 3485/3485/3485 3482/3482/3482 3484/3484/3484
f 3486/3486/3486 3484/3484/3484 3238/3238/3238
f 4053/4053/4053 4056/4056/4056 4069/4069/4069
f 3922/3922/3922 3912/3912/3912 3929/3929/3929
f 3929/3929/3929 3939/3939/3939 3944/3944/3944
f 3976/3976/3976 3989/3989/3989 3985/3985/3985
f 2322/2322/2322 2342/2342/2342 2323/2323/2323
f 3527/3527/3527 3476/3476/3476 3526/3526/3526
f 3473/3473/3473 3476/3476/3476 3471/3471/3471
f 1601/1601/1601 1587/1587/1587 1588/1588/1588
f 1499/1499/1499 1472/1472/1472 1498/1498/1498
f 1499/1499/1499 1471/1471/1471 1472/1472/1472
f 1471/1471/1471 1441/1441/1441 1472/1472/1472
f 643/643/643 630/630/630 639/639/639
f 1499/1499/1499 1500/1500/1500 1471/1471/1471
f 1573/1573/1573 1663/1663/1663 1554/1554/1554
f 1471/1471/1471 1442/1442/1442 1441/1441/1441
f 1492/1492/1492 1579/1579/1579 1573/1573/1573
f 1500/1500/1500 1487/1487/1487 1471/1471/1471
f 1442/1442/1442 1374/1374/1374 1441/1441/1441
f 1374/1374/1374 1366/1366/1366 1376/1376/1376
f 1376/1376/1376 1366/1366/1366 1377/1377/1377
f 1366/1366/1366 1367/1367/1367 1377/1377/1377
f 1367/1367/1367 1492/1492/1492 1485/1485/1485
f 1377/1377/1377 1367/1367/1367 1485/1485/1485
f 1487/1487/1487 1442/1442/1442 1471/1471/1471
f 1487/1487/1487 1462/1462/1462 1442/1442/1442
f 1374/1374/1374 1362/1362/1362 1366/1366/1366
f 1362/1362/1362 1363/1363/1363 1366/1366/1366
f 1366/1366/1366 1363/1363/1363 1367/1367/1367
f 1442/1442/1442 1375/1375/1375 1374/1374/1374
f 1363/1363/1363 1365/1365/1365 1367/1367/1367
f 1374/1374/1374 1375/1375/1375 1362/1362/1362
f 1363/1363/1363 1364/1364/1364 1365/1365/1365
f 1442/1442/1442 1462/1462/1462 1375/1375/1375
f 1362/1362/1362 1361/1361/1361 1363/1363/1363
f 1375/1375/1375 1355/1355/1355 1362/1362/1362
f 1361/1361/1361 1364/1364/1364 1363/1363/1363
f 1375/1375/1375 1416/1416/1416 1355/1355/1355
f 1461/1461/1461 1375/1375/1375 1462/1462/1462
f 1355/1355/1355 1361/1361/1361 1362/1362/1362
f 1461/1461/1461 1416/1416/1416 1375/1375/1375
f 1461/1461/1461 1476/1476/1476 1416/1416/1416
f 1361/1361/1361 1357/1357/1357 1364/1364/1364
f 1416/1416/1416 1373/1373/1373 1355/1355/1355
f 1355/1355/1355 1357/1357/1357 1361/1361/1361
f 1476/1476/1476 1450/1450/1450 1416/1416/1416
f 1416/1416/1416 1450/1450/1450 1373/1373/1373
f 1373/1373/1373 1356/1356/1356 1355/1355/1355
f 1355/1355/1355 1356/1356/1356 1357/1357/1357
f 1357/1357/1357 1358/1358/1358 1360/1360/1360
f 1476/1476/1476 1477/1477/1477 1450/1450/1450
f 1450/1450/1450 1369/1369/1369 1373/1373/1373
f 1373/1373/1373 1369/1369/1369 1356/1356/1356
f 1356/1356/1356 1358/1358/1358 1357/1357/1357
f 1356/1356/1356 1359/1359/1359 1358/1358/1358
f 1494/1494/1494 1451/1451/1451 1477/1477/1477
f 1477/1477/1477 1451/1451/1451 1450/1450/1450
f 1356/1356/1356 1369/1369/1369 1359/1359/1359
f 1451/1451/1451 1369/1369/1369 1450/1450/1450
f 1369/1369/1369 1372/1372/1372 1359/1359/1359
f 1415/1415/1415 1369/1369/1369 1451/1451/1451
f 1359/1359/1359 1370/1370/1370 1358/1358/1358
f 1371/1371/1371 1370/1370/1370 1359/1359/1359
f 1372/1372/1372 1371/1371/1371 1359/1359/1359
f 1494/1494/1494 1488/1488/1488 1451/1451/1451
f 1451/1451/1451 1452/1452/1452 1415/1415/1415
f 1451/1451/1451 1488/1488/1488 1452/1452/1452
f 1387/1387/1387 1386/1386/1386 1370/1370/1370
f 1387/1387/1387 1389/1389/1389 1386/1386/1386
f 1386/1386/1386 1390/1390/1390 1393/1393/1393
f 1386/1386/1386 1389/1389/1389 1390/1390/1390
f 1566/1566/1566 1506/1506/1506 1507/1507/1507
f 1507/1507/1507 1506/1506/1506 1484/1484/1484
f 1390/1390/1390 1394/1394/1394 1393/1393/1393
f 1393/1393/1393 1394/1394/1394 1397/1397/1397
f 1602/1602/1602 1574/1574/1574 1560/1560/1560
f 3601/3601/3601 3647/3647/3647 3678/3678/3678
f 3504/3504/3504 3479/3479/3479 3482/3482/3482
f 3504/3504/3504 3482/3482/3482 3492/3492/3492
f 128/128/128 35/35/35 164/164/164
f 3237/3237/3237 3244/3244/3244 3246/3246/3246
f 103/103/103 145/145/145 115/115/115
f 3244/3244/3244 3391/3391/3391 3246/3246/3246
f 3246/3246/3246 3391/3391/3391 3392/3392/3392
f 3910/3910/3910 3911/3911/3911 3922/3922/3922
f 3912/3912/3912 3930/3930/3930 3929/3929/3929
f 3473/3473/3473 3472/3472/3472 3554/3554/3554
f 3633/3633/3633 3558/3558/3558 3632/3632/3632
f 1643/1643/1643 1628/1628/1628 1601/1601/1601
f 624/624/624 705/705/705 652/652/652
f 1587/1587/1587 1562/1562/1562 1588/1588/1588
f 631/631/631 618/618/618 621/621/621
f 1587/1587/1587 1561/1561/1561 1562/1562/1562
f 1564/1564/1564 1498/1498/1498 1561/1561/1561
f 1564/1564/1564 1549/1549/1549 1498/1498/1498
f 1549/1549/1549 1499/1499/1499 1498/1498/1498
f 1549/1549/1549 1500/1500/1500 1499/1499/1499
f 1573/1573/1573 1579/1579/1579 1663/1663/1663
f 1367/1367/1367 1368/1368/1368 1492/1492/1492
f 1367/1367/1367 1365/1365/1365 1368/1368/1368
f 1487/1487/1487 1559/1559/1559 1462/1462/1462
f 1559/1559/1559 1461/1461/1461 1462/1462/1462
f 1558/1558/1558 1461/1461/1461 1559/1559/1559
f 1558/1558/1558 1476/1476/1476 1461/1461/1461
f 1357/1357/1357 1360/1360/1360 1364/1364/1364
f 1558/1558/1558 1477/1477/1477 1476/1476/1476
f 1558/1558/1558 1552/1552/1552 1477/1477/1477
f 1360/1360/1360 1358/1358/1358 1380/1380/1380
f 1552/1552/1552 1494/1494/1494 1477/1477/1477
f 1358/1358/1358 1370/1370/1370 1378/1378/1378
f 1552/1552/1552 1488/1488/1488 1494/1494/1494
f 1552/1552/1552 1553/1553/1553 1488/1488/1488
f 1370/1370/1370 1386/1386/1386 1379/1379/1379
f 1553/1553/1553 1507/1507/1507 1488/1488/1488
f 1553/1553/1553 1566/1566/1566 1507/1507/1507
f 1567/1567/1567 1506/1506/1506 1566/1566/1566
f 1567/1567/1567 1560/1560/1560 1506/1506/1506
f 1393/1393/1393 1397/1397/1397 1398/1398/1398
f 1567/1567/1567 1618/1618/1618 1560/1560/1560
f 1397/1397/1397 1427/1427/1427 1398/1398/1398
f 3660/3660/3660 3698/3698/3698 3701/3701/3701
f 1397/1397/1397 1423/1423/1423 1427/1427/1427
f 3602/3602/3602 3698/3698/3698 3660/3660/3660
f 1423/1423/1423 1446/1446/1446 1427/1427/1427
f 3601/3601/3601 3678/3678/3678 3602/3602/3602
f 1423/1423/1423 1434/1434/1434 1446/1446/1446
f 1434/1434/1434 1681/1681/1681 1446/1446/1446
f 1434/1434/1434 1666/1666/1666 1681/1681/1681
f 198/198/198 164/164/164 190/190/190
f 3551/3551/3551 3550/3550/3550 3479/3479/3479
f 3551/3551/3551 3479/3479/3479 3504/3504/3504
f 3482/3482/3482 3483/3483/3483 3484/3484/3484
f 3484/3484/3484 3239/3239/3239 3238/3238/3238
f 3238/3238/3238 3239/3239/3239 3237/3237/3237
f 3922/3922/3922 3911/3911/3911 3912/3912/3912
f 3472/3472/3472 3469/3469/3469 3554/3554/3554
f 3554/3554/3554 3553/3553/3553 3633/3633/3633
f 3633/3633/3633 3553/3553/3553 3558/3558/3558
f 621/621/621 623/623/623 624/624/624
f 1587/1587/1587 1586/1586/1586 1561/1561/1561
f 1586/1586/1586 1564/1564/1564 1561/1561/1561
f 631/631/631 622/622/622 618/618/618
f 629/629/629 622/622/622 631/631/631
f 626/626/626 622/622/622 629/629/629
f 1592/1592/1592 1487/1487/1487 1500/1500/1500
f 1368/1368/1368 1449/1449/1449 1492/1492/1492
f 1492/1492/1492 1449/1449/1449 1579/1579/1579
f 1592/1592/1592 1559/1559/1559 1487/1487/1487
f 1365/1365/1365 1449/1449/1449 1368/1368/1368
f 1364/1364/1364 1382/1382/1382 1365/1365/1365
f 1364/1364/1364 1381/1381/1381 1382/1382/1382
f 1596/1596/1596 1558/1558/1558 1595/1595/1595
f 1360/1360/1360 1381/1381/1381 1364/1364/1364
f 1360/1360/1360 1380/1380/1380 1381/1381/1381
f 1596/1596/1596 1552/1552/1552 1558/1558/1558
f 1596/1596/1596 1598/1598/1598 1552/1552/1552
f 1370/1370/1370 1379/1379/1379 1378/1378/1378
f 1598/1598/1598 1597/1597/1597 1552/1552/1552
f 1597/1597/1597 1553/1553/1553 1552/1552/1552
f 1386/1386/1386 1388/1388/1388 1379/1379/1379
f 1386/1386/1386 1393/1393/1393 1388/1388/1388
f 1566/1566/1566 1600/1600/1600 1567/1567/1567
f 1388/1388/1388 1398/1398/1398 1399/1399/1399
f 1567/1567/1567 1600/1600/1600 1618/1618/1618
f 3484/3484/3484 3483/3483/3483 3239/3239/3239
f 3239/3239/3239 3244/3244/3244 3237/3237/3237
f 3939/3939/3939 3940/3940/3940 3945/3945/3945
f 3989/3989/3989 3975/3975/3975 3994/3994/3994
f 3473/3473/3473 3471/3471/3471 3472/3472/3472
f 3554/3554/3554 3469/3469/3469 3553/3553/3553
f 3558/3558/3558 3557/3557/3557 3632/3632/3632
f 1628/1628/1628 1617/1617/1617 1601/1601/1601
f 1617/1617/1617 1587/1587/1587 1601/1601/1601
f 621/621/621 618/618/618 620/620/620
f 618/618/618 619/619/619 620/620/620
f 630/630/630 626/626/626 629/629/629
f 643/643/643 632/632/632 630/630/630
f 1579/1579/1579 1676/1676/1676 1663/1663/1663
f 1449/1449/1449 1676/1676/1676 1579/1579/1579
f 1592/1592/1592 1620/1620/1620 1595/1595/1595
f 1595/1595/1595 1559/1559/1559 1592/1592/1592
f 1365/1365/1365 1382/1382/1382 1449/1449/1449
f 1381/1381/1381 1380/1380/1380 1383/1383/1383
f 1380/1380/1380 1378/1378/1378 1383/1383/1383
f 1378/1378/1378 1384/1384/1384 1383/1383/1383
f 1378/1378/1378 1385/1385/1385 1384/1384/1384
f 1378/1378/1378 1379/1379/1379 1385/1385/1385
f 1379/1379/1379 1388/1388/1388 1385/1385/1385
f 1599/1599/1599 1553/1553/1553 1597/1597/1597
f 1599/1599/1599 1566/1566/1566 1553/1553/1553
f 1600/1600/1600 1566/1566/1566 1599/1599/1599
f 1399/1399/1399 1398/1398/1398 1432/1432/1432
f 1398/1398/1398 1445/1445/1445 1432/1432/1432
f 1398/1398/1398 1427/1427/1427 1445/1445/1445
f 1427/1427/1427 1446/1446/1446 1445/1445/1445
f 1446/1446/1446 1681/1681/1681 1445/1445/1445
f 3459/3459/3459 3565/3565/3565 3601/3601/3601
f 3565/3565/3565 3459/3459/3459 3543/3543/3543
f 3550/3550/3550 3529/3529/3529 3479/3479/3479
f 3479/3479/3479 3481/3481/3481 3482/3482/3482
f 3481/3481/3481 3483/3483/3483 3482/3482/3482
f 4056/4056/4056 4057/4057/4057 4058/4058/4058
f 145/145/145 148/148/148 115/115/115
f 3244/3244/3244 3390/3390/3390 3391/3391/3391
f 4033/4033/4033 4057/4057/4057 4056/4056/4056
f 3994/3994/3994 3975/3975/3975 3971/3971/3971
f 3472/3472/3472 3471/3471/3471 3470/3470/3470
f 3553/3553/3553 3465/3465/3465 3558/3558/3558
f 623/623/623 707/707/707 705/705/705
f 620/620/620 707/707/707 623/623/623
f 1617/1617/1617 1611/1611/1611 1587/1587/1587
f 1611/1611/1611 1586/1586/1586 1587/1587/1587
f 1610/1610/1610 1586/1586/1586 1611/1611/1611
f 1610/1610/1610 1564/1564/1564 1586/1586/1586
f 1610/1610/1610 1612/1612/1612 1564/1564/1564
f 1612/1612/1612 1549/1549/1549 1564/1564/1564
f 3685/3685/3685 3658/3658/3658 3690/3690/3690
f 3690/3690/3690 3687/3687/3687 3685/3685/3685
f 1449/1449/1449 1662/1662/1662 1676/1676/1676
f 1449/1449/1449 1448/1448/1448 1662/1662/1662
f 1449/1449/1449 1382/1382/1382 1448/1448/1448
f 1595/1595/1595 1635/1635/1635 1634/1634/1634
f 1381/1381/1381 1447/1447/1447 1382/1382/1382
f 1382/1382/1382 1447/1447/1447 1448/1448/1448
f 1634/1634/1634 1629/1629/1629 1596/1596/1596
f 1629/1629/1629 1598/1598/1598 1596/1596/1596
f 1629/1629/1629 1630/1630/1630 1598/1598/1598
f 1598/1598/1598 1630/1630/1630 1621/1621/1621
f 1621/1621/1621 1597/1597/1597 1598/1598/1598
f 1385/1385/1385 1388/1388/1388 1399/1399/1399
f 3605/3605/3605 3660/3660/3660 3701/3701/3701
f 1445/1445/1445 1681/1681/1681 1685/1685/1685
f 3602/3602/3602 3446/3446/3446 3447/3447/3447
f 3447/3447/3447 3601/3601/3601 3602/3602/3602
f 32/32/32 21/21/21 35/35/35
f 3252/3252/3252 3244/3244/3244 3239/3239/3239
f 3391/3391/3391 3390/3390/3390 3392/3392/3392
f 3912/3912/3912 3913/3913/3913 3930/3930/3930
f 2349/2349/2349 2356/2356/2356 2358/2358/2358
f 3472/3472/3472 3470/3470/3470 3469/3469/3469
f 3558/3558/3558 3465/3465/3465 3557/3557/3557
f 3625/3625/3625 3656/3656/3656 3603/3603/3603
f 622/622/622 708/708/708 619/619/619
f 627/627/627 626/626/626 630/630/630
f 632/632/632 627/627/627 630/630/630
f 642/642/642 633/633/633 632/632/632
f 1620/1620/1620 1635/1635/1635 1595/1595/1595
f 1381/1381/1381 1444/1444/1444 1447/1447/1447
f 1383/1383/1383 1435/1435/1435 1444/1444/1444
f 1384/1384/1384 1385/1385/1385 1435/1435/1435
f 1385/1385/1385 1443/1443/1443 1435/1435/1435
f 3657/3657/3657 3571/3571/3571 3681/3681/3681
f 1385/1385/1385 1399/1399/1399 1443/1443/1443
f 1621/1621/1621 1599/1599/1599 1597/1597/1597
f 1399/1399/1399 1432/1432/1432 1443/1443/1443
f 1621/1621/1621 1622/1622/1622 1599/1599/1599
f 1432/1432/1432 1677/1677/1677 1443/1443/1443
f 3636/3636/3636 3622/3622/3622 3700/3700/3700
f 3605/3605/3605 3700/3700/3700 3622/3622/3622
f 1432/1432/1432 1678/1678/1678 1677/1677/1677
f 1432/1432/1432 1445/1445/1445 1678/1678/1678
f 3466/3466/3466 3660/3660/3660 3605/3605/3605
f 1445/1445/1445 1685/1685/1685 1678/1678/1678
f 190/190/190 167/167/167 185/185/185
f 190/190/190 139/139/139 167/167/167
f 3481/3481/3481 3480/3480/3480 3483/3483/3483
f 148/148/148 147/147/147 120/120/120
f 3252/3252/3252 3390/3390/3390 3244/3244/3244
f 3553/3553/3553 3469/3469/3469 3468/3468/3468
f 3553/3553/3553 3468/3468/3468 3465/3465/3465
f 3465/3465/3465 3464/3464/3464 3557/3557/3557
f 3603/3603/3603 3464/3464/3464 3432/3432/3432
f 3603/3603/3603 3432/3432/3432 3625/3625/3625
f 3625/3625/3625 3432/3432/3432 3656/3656/3656
f 1611/1611/1611 1633/1633/1633 1610/1610/1610
f 620/620/620 708/708/708 707/707/707
f 619/619/619 708/708/708 620/620/620
f 3606/3606/3606 3687/3687/3687 3690/3690/3690
f 644/644/644 633/633/633 642/642/642
f 642/642/642 645/645/645 644/644/644
f 688/688/688 647/647/647 645/645/645
f 3663/3663/3663 3621/3621/3621 3651/3651/3651
f 688/688/688 685/685/685 686/686/686
f 3651/3651/3651 3618/3618/3618 3652/3652/3652
f 687/687/687 201/201/201 196/196/196
f 3657/3657/3657 3655/3655/3655 3571/3571/3571
f 3605/3605/3605 3622/3622/3622 3604/3604/3604
f 3466/3466/3466 3430/3430/3430 3446/3446/3446
f 3543/3543/3543 3477/3477/3477 3529/3529/3529
f 3529/3529/3529 3477/3477/3477 3479/3479/3479
f 3479/3479/3479 3478/3478/3478 3480/3480/3480
f 3483/3483/3483 3480/3480/3480 3239/3239/3239
f 3471/3471/3471 3381/3381/3381 3470/3470/3470
f 3468/3468/3468 3462/3462/3462 3465/3465/3465
f 3432/3432/3432 3413/3413/3413 3656/3656/3656
f 1610/1610/1610 1633/1633/1633 1612/1612/1612
f 3684/3684/3684 3408/3408/3408 3658/3658/3658
f 626/626/626 625/625/625 628/628/628
f 633/633/633 627/627/627 632/632/632
f 3623/3623/3623 3621/3621/3621 3687/3687/3687
f 3621/3621/3621 3663/3663/3663 3687/3687/3687
f 645/645/645 647/647/647 646/646/646
f 3621/3621/3621 3619/3619/3619 3651/3651/3651
f 686/686/686 669/669/669 647/647/647
f 685/685/685 684/684/684 669/669/669
f 3619/3619/3619 3618/3618/3618 3651/3651/3651
f 685/685/685 687/687/687 684/684/684
f 3618/3618/3618 3655/3655/3655 3657/3657/3657
f 3618/3618/3618 3657/3657/3657 3652/3652/3652
f 196/196/196 201/201/201 187/187/187
f 3636/3636/3636 3548/3548/3548 3622/3622/3622
f 3604/3604/3604 3435/3435/3435 3605/3605/3605
f 185/185/185 160/160/160 194/194/194
f 3435/3435/3435 3466/3466/3466 3605/3605/3605
f 3466/3466/3466 3435/3435/3435 3430/3430/3430
f 3442/3442/3442 3446/3446/3446 3430/3430/3430
f 3479/3479/3479 3477/3477/3477 3478/3478/3478
f 32/32/32 31/31/31 21/21/21
f 3239/3239/3239 3357/3357/3357 3252/3252/3252
f 4057/4057/4057 4044/4044/4044 4058/4058/4058
f 3999/3999/3999 3986/3986/3986 4011/4011/4011
f 3471/3471/3471 3382/3382/3382 3381/3381/3381
f 3470/3470/3470 3381/3381/3381 3469/3469/3469
f 3469/3469/3469 3467/3467/3467 3468/3468/3468
f 4260/4260/4260 4252/4252/4252 4259/4259/4259
f 3462/3462/3462 3464/3464/3464 3465/3465/3465
f 708/708/708 709/709/709 707/707/707
f 3413/3413/3413 3408/3408/3408 3684/3684/3684
f 3658/3658/3658 3408/3408/3408 3545/3545/3545
f 3545/3545/3545 3559/3559/3559 3658/3658/3658
f 3655/3655/3655 3555/3555/3555 3571/3571/3571
f 3570/3570/3570 3636/3636/3636 3571/3571/3571
f 3570/3570/3570 3548/3548/3548 3636/3636/3636
f 197/197/197 194/194/194 183/183/183
f 3622/3622/3622 3548/3548/3548 3604/3604/3604
f 3446/3446/3446 3444/3444/3444 3447/3447/3447
f 3357/3357/3357 3359/3359/3359 3252/3252/3252
f 147/147/147 153/153/153 126/126/126
f 3359/3359/3359 3390/3390/3390 3252/3252/3252
f 3904/3904/3904 3889/3889/3889 3906/3906/3906
f 3931/3931/3931 3933/3933/3933 3942/3942/3942
f 3942/3942/3942 3933/3933/3933 3946/3946/3946
f 2356/2356/2356 2363/2363/2363 2358/2358/2358
f 3469/3469/3469 3381/3381/3381 3467/3467/3467
f 3468/3468/3468 3467/3467/3467 3462/3462/3462
f 3464/3464/3464 3462/3462/3462 3461/3461/3461
f 3464/3464/3464 3440/3440/3440 3432/3432/3432
f 3432/3432/3432 3410/3410/3410 3413/3413/3413
f 3545/3545/3545 3396/3396/3396 3559/3559/3559
f 3606/3606/3606 3559/3559/3559 3409/3409/3409
f 3606/3606/3606 3414/3414/3414 3623/3623/3623
f 646/646/646 650/650/650 644/644/644
f 647/647/647 648/648/648 646/646/646
f 3618/3618/3618 3555/3555/3555 3655/3655/3655
f 3604/3604/3604 3548/3548/3548 3435/3435/3435
f 3446/3446/3446 3442/3442/3442 3444/3444/3444
f 167/167/167 24/24/24 27/27/27
f 3478/3478/3478 3354/3354/3354 3480/3480/3480
f 31/31/31 116/116/116 20/20/20
f 3480/3480/3480 3354/3354/3354 3357/3357/3357
f 126/126/126 116/116/116 31/31/31
f 148/148/148 153/153/153 147/147/147
f 3905/3905/3905 3876/3876/3876 3903/3903/3903
f 3903/3903/3903 3876/3876/3876 3889/3889/3889
f 4016/4016/4016 4018/4018/4018 4033/4033/4033
f 3464/3464/3464 3461/3461/3461 3440/3440/3440
f 3413/3413/3413 3410/3410/3410 3408/3408/3408
f 728/728/728 719/719/719 709/709/709
f 3408/3408/3408 3404/3404/3404 3545/3545/3545
f 627/627/627 667/667/667 625/625/625
f 3606/3606/3606 3409/3409/3409 3414/3414/3414
f 3623/3623/3623 3439/3439/3439 3621/3621/3621
f 650/650/650 651/651/651 644/644/644
f 3619/3619/3619 3437/3437/3437 3618/3618/3618
f 3618/3618/3618 3436/3436/3436 3555/3555/3555
f 187/187/187 188/188/188 162/162/162
f 3442/3442/3442 3443/3443/3443 3444/3444/3444
f 3444/3444/3444 3445/3445/3445 3455/3455/3455
f 3455/3455/3455 3457/3457/3457 3477/3477/3477
f 4044/4044/4044 4018/4018/4018 4045/4045/4045
f 2114/2114/2114 2119/2119/2119 2120/2120/2120
f 3388/3388/3388 3387/3387/3387 3385/3385/3385
f 3381/3381/3381 3378/3378/3378 3467/3467/3467
f 3432/3432/3432 3440/3440/3440 3410/3410/3410
f 3621/3621/3621 3620/3620/3620 3619/3619/3619
f 669/669/669 683/683/683 670/670/670
f 3555/3555/3555 3434/3434/3434 3571/3571/3571
f 3434/3434/3434 3431/3431/3431 3571/3571/3571
f 3571/3571/3571 3431/3431/3431 3570/3570/3570
f 3570/3570/3570 3431/3431/3431 3548/3548/3548
f 3430/3430/3430 3428/3428/3428 3442/3442/3442
f 3442/3442/3442 3428/3428/3428 3443/3443/3443
f 3445/3445/3445 3456/3456/3456 3455/3455/3455
f 3456/3456/3456 3457/3457/3457 3455/3455/3455
f 3477/3477/3477 3457/3457/3457 3478/3478/3478
f 3357/3357/3357 3358/3358/3358 3359/3359/3359
f 3873/3873/3873 3876/3876/3876 3905/3905/3905
f 3933/3933/3933 3938/3938/3938 3948/3948/3948
f 3382/3382/3382 3383/3383/3383 3380/3380/3380
f 3380/3380/3380 3379/3379/3379 3381/3381/3381
f 3467/3467/3467 3463/3463/3463 3462/3462/3462
f 729/729/729 728/728/728 709/709/709
f 3408/3408/3408 3405/3405/3405 3404/3404/3404
f 3404/3404/3404 3396/3396/3396 3545/3545/3545
f 3414/3414/3414 3439/3439/3439 3623/3623/3623
f 3439/3439/3439 3620/3620/3620 3621/3621/3621
f 648/648/648 670/670/670 668/668/668
f 3437/3437/3437 3436/3436/3436 3618/3618/3618
f 3436/3436/3436 3433/3433/3433 3555/3555/3555
f 3555/3555/3555 3433/3433/3433 3434/3434/3434
f 3548/3548/3548 3425/3425/3425 3435/3435/3435
f 3435/3435/3435 3426/3426/3426 3430/3430/3430
f 3430/3430/3430 3426/3426/3426 3428/3428/3428
f 3443/3443/3443 3445/3445/3445 3444/3444/3444
f 3478/3478/3478 3350/3350/3350 3354/3354/3354
f 3354/3354/3354 3353/3353/3353 3357/3357/3357
f 4059/4059/4059 4045/4045/4045 4046/4046/4046
f 3381/3381/3381 3379/3379/3379 3378/3378/3378
f 3378/3378/3378 3463/3463/3463 3467/3467/3467
f 3440/3440/3440 3412/3412/3412 3410/3410/3410
f 759/759/759 762/762/762 719/719/719
f 3408/3408/3408 3410/3410/3410 3405/3405/3405
f 3405/3405/3405 3403/3403/3403 3404/3404/3404
f 3438/3438/3438 3437/3437/3437 3620/3620/3620
f 3431/3431/3431 3425/3425/3425 3548/3548/3548
f 3435/3435/3435 3425/3425/3425 3426/3426/3426
f 3354/3354/3354 3350/3350/3350 3353/3353/3353
f 126/126/126 152/152/152 130/130/130
f 3357/3357/3357 3353/3353/3353 3358/3358/3358
f 153/153/153 152/152/152 126/126/126
f 3873/3873/3873 3875/3875/3875 3876/3876/3876
f 1720/1720/1720 1712/1712/1712 1707/1707/1707
f 3463/3463/3463 3460/3460/3460 3462/3462/3462
f 3460/3460/3460 3374/3374/3374 3440/3440/3440
f 3461/3461/3461 3460/3460/3460 3440/3440/3440
f 3374/3374/3374 3412/3412/3412 3440/3440/3440
f 3410/3410/3410 3412/3412/3412 3411/3411/3411
f 3410/3410/3410 3367/3367/3367 3405/3405/3405
f 3404/3404/3404 3403/3403/3403 3396/3396/3396
f 3396/3396/3396 3395/3395/3395 3409/3409/3409
f 3409/3409/3409 3395/3395/3395 3414/3414/3414
f 177/177/177 667/667/667 661/661/661
f 651/651/651 736/736/736 661/661/661
f 650/650/650 738/738/738 651/651/651
f 3439/3439/3439 3438/3438/3438 3620/3620/3620
f 668/668/668 738/738/738 650/650/650
f 3436/3436/3436 3437/3437/3437 3417/3417/3417
f 3436/3436/3436 3417/3417/3417 3433/3433/3433
f 3434/3434/3434 3433/3433/3433 3421/3421/3421
f 3443/3443/3443 3448/3448/3448 3445/3445/3445
f 3445/3445/3445 3458/3458/3458 3456/3456/3456
f 3938/3938/3938 3934/3934/3934 3948/3948/3948
f 3387/3387/3387 3386/3386/3386 3380/3380/3380
f 3380/3380/3380 3377/3377/3377 3379/3379/3379
f 3410/3410/3410 3411/3411/3411 3367/3367/3367
f 3405/3405/3405 3366/3366/3366 3403/3403/3403
f 732/732/732 734/734/734 729/729/729
f 3414/3414/3414 3402/3402/3402 3439/3439/3439
f 3427/3427/3427 3429/3429/3429 3428/3428/3428
f 3428/3428/3428 3429/3429/3429 3443/3443/3443
f 3429/3429/3429 3448/3448/3448 3443/3443/3443
f 3448/3448/3448 3458/3458/3458 3445/3445/3445
f 3458/3458/3458 3349/3349/3349 3456/3456/3456
f 3456/3456/3456 3349/3349/3349 3457/3457/3457
f 3349/3349/3349 3350/3350/3350 3457/3457/3457
f 4045/4045/4045 4022/4022/4022 4046/4046/4046
f 4018/4018/4018 4010/4010/4010 4028/4028/4028
f 3997/3997/3997 3990/3990/3990 4017/4017/4017
f 3981/3981/3981 3978/3978/3978 3990/3990/3990
f 3378/3378/3378 3375/3375/3375 3463/3463/3463
f 3405/3405/3405 3367/3367/3367 3366/3366/3366
f 734/734/734 753/753/753 729/729/729
f 3403/3403/3403 3397/3397/3397 3396/3396/3396
f 3414/3414/3414 3399/3399/3399 3402/3402/3402
f 736/736/736 177/177/177 661/661/661
f 3402/3402/3402 3438/3438/3438 3439/3439/3439
f 3402/3402/3402 3406/3406/3406 3438/3438/3438
f 3438/3438/3438 3406/3406/3406 3437/3437/3437
f 3437/3437/3437 3406/3406/3406 3415/3415/3415
f 3437/3437/3437 3415/3415/3415 3417/3417/3417
f 163/163/163 157/157/157 159/159/159
f 3417/3417/3417 3421/3421/3421 3433/3433/3433
f 3421/3421/3421 3422/3422/3422 3431/3431/3431
f 3431/3431/3431 3422/3422/3422 3425/3425/3425
f 3425/3425/3425 3422/3422/3422 3423/3423/3423
f 3425/3425/3425 3423/3423/3423 3426/3426/3426
f 3463/3463/3463 3375/3375/3375 3460/3460/3460
f 3375/3375/3375 3374/3374/3374 3460/3460/3460
f 4254/4254/4254 4250/4250/4250 4276/4276/4276
f 162/162/162 29/29/29 156/156/156
f 3426/3426/3426 3423/3423/3423 3427/3427/3427
f 3448/3448/3448 3351/3351/3351 3458/3458/3458
f 3458/3458/3458 3351/3351/3351 3349/3349/3349
f 3349/3349/3349 3346/3346/3346 3350/3350/3350
f 3990/3990/3990 3992/3992/3992 4017/4017/4017
f 3421/3421/3421 3420/3420/3420 3422/3422/3422
f 3978/3978/3978 3974/3974/3974 3990/3990/3990
f 3374/3374/3374 3368/3368/3368 3412/3412/3412
f 3412/3412/3412 3368/3368/3368 3411/3411/3411
f 3411/3411/3411 3368/3368/3368 3367/3367/3367
f 3366/3366/3366 3369/3369/3369 3403/3403/3403
f 3397/3397/3397 3398/3398/3398 3395/3395/3395
f 3395/3395/3395 3398/3398/3398 3399/3399/3399
f 3399/3399/3399 3401/3401/3401 3402/3402/3402
f 3402/3402/3402 3401/3401/3401 3406/3406/3406
f 3401/3401/3401 3407/3407/3407 3406/3406/3406
f 3406/3406/3406 3407/3407/3407 3415/3415/3415
f 3415/3415/3415 3407/3407/3407 3416/3416/3416
f 3416/3416/3416 3418/3418/3418 3417/3417/3417
f 3415/3415/3415 3416/3416/3416 3417/3417/3417
f 3417/3417/3417 3419/3419/3419 3421/3421/3421
f 3422/3422/3422 3420/3420/3420 3423/3423/3423
f 3423/3423/3423 3441/3441/3441 3427/3427/3427
f 3441/3441/3441 3429/3429/3429 3427/3427/3427
f 3345/3345/3345 3346/3346/3346 3349/3349/3349
f 3351/3351/3351 3345/3345/3345 3349/3349/3349
f 133/133/133 142/142/142 10/10/10
f 4039/4039/4039 4034/4034/4034 4062/4062/4062
f 3992/3992/3992 3993/3993/3993 4010/4010/4010
f 3365/3365/3365 3366/3366/3366 3367/3367/3367
f 4248/4248/4248 4237/4237/4237 4254/4254/4254
f 3403/3403/3403 3369/3369/3369 3397/3397/3397
f 3398/3398/3398 3400/3400/3400 3399/3399/3399
f 3399/3399/3399 3400/3400/3400 3401/3401/3401
f 3417/3417/3417 3418/3418/3418 3419/3419/3419
f 3419/3419/3419 3420/3420/3420 3421/3421/3421
f 3420/3420/3420 3424/3424/3424 3423/3423/3423
f 3424/3424/3424 3441/3441/3441 3423/3423/3423
f 3429/3429/3429 3454/3454/3454 3448/3448/3448
f 3448/3448/3448 3344/3344/3344 3351/3351/3351
f 3373/3373/3373 3368/3368/3368 3374/3374/3374
f 3365/3365/3365 3363/3363/3363 3366/3366/3366
f 3363/3363/3363 3369/3369/3369 3366/3366/3366
f 3397/3397/3397 3370/3370/3370 3398/3398/3398
f 3407/3407/3407 3452/3452/3452 3416/3416/3416
f 3441/3441/3441 3454/3454/3454 3429/3429/3429
f 3448/3448/3448 3454/3454/3454 3344/3344/3344
f 3344/3344/3344 3345/3345/3345 3351/3351/3351
f 3941/3941/3941 3958/3958/3958 3950/3950/3950
f 3373/3373/3373 3372/3372/3372 3368/3368/3368
f 3453/3453/3453 3452/3452/3452 3407/3407/3407
f 3452/3452/3452 3451/3451/3451 3416/3416/3416
f 3416/3416/3416 3451/3451/3451 3418/3418/3418
f 3451/3451/3451 3450/3450/3450 3418/3418/3418
f 3418/3418/3418 3450/3450/3450 3419/3419/3419
f 3419/3419/3419 3450/3450/3450 3420/3420/3420
f 3449/3449/3449 3355/3355/3355 3424/3424/3424
f 3420/3420/3420 3449/3449/3449 3424/3424/3424
f 3424/3424/3424 3339/3339/3339 3441/3441/3441
f 3441/3441/3441 3339/3339/3339 3454/3454/3454
f 3370/3370/3370 3360/3360/3360 3398/3398/3398
f 3356/3356/3356 3352/3352/3352 3401/3401/3401
f 3400/3400/3400 3356/3356/3356 3401/3401/3401
f 3352/3352/3352 3453/3453/3453 3401/3401/3401
f 3401/3401/3401 3453/3453/3453 3407/3407/3407
f 3450/3450/3450 3449/3449/3449 3420/3420/3420
f 3355/3355/3355 3339/3339/3339 3424/3424/3424
f 3339/3339/3339 3341/3341/3341 3454/3454/3454
f 3454/3454/3454 3341/3341/3341 3344/3344/3344
f 4267/4267/4267 4251/4251/4251 4268/4268/4268
f 4050/4050/4050 4049/4049/4049 4267/4267/4267
f 4029/4029/4029 4049/4049/4049 4050/4050/4050
f 3927/3927/3927 3937/3937/3937 3941/3941/3941
f 3941/3941/3941 3937/3937/3937 3958/3958/3958
f 1690/1690/1690 1691/1691/1691 1693/1693/1693
f 3368/3368/3368 3364/3364/3364 3365/3365/3365
f 3360/3360/3360 3356/3356/3356 3400/3400/3400
f 3452/3452/3452 3340/3340/3340 3451/3451/3451
f 3340/3340/3340 3338/3338/3338 3451/3451/3451
f 3451/3451/3451 3474/3474/3474 3450/3450/3450
f 3365/3365/3365 3364/3364/3364 3363/3363/3363
f 3453/3453/3453 3340/3340/3340 3452/3452/3452
f 3451/3451/3451 3338/3338/3338 3474/3474/3474
f 3450/3450/3450 3474/3474/3474 3337/3337/3337
f 3450/3450/3450 3337/3337/3337 3449/3449/3449
f 4253/4253/4253 4249/4249/4249 4273/4273/4273
f 3355/3355/3355 3335/3335/3335 3339/3339/3339
f 3339/3339/3339 3336/3336/3336 3341/3341/3341
f 4029/4029/4029 3998/3998/3998 4023/4023/4023
f 4019/4019/4019 3998/3998/3998 4029/4029/4029
f 3982/3982/3982 3998/3998/3998 4019/4019/4019
f 3364/3364/3364 3331/3331/3331 3363/3363/3363
f 3331/3331/3331 3329/3329/3329 3363/3363/3363
f 3333/3333/3333 3332/3332/3332 3360/3360/3360
f 3449/3449/3449 3327/3327/3327 3355/3355/3355
f 3339/3339/3339 3335/3335/3335 3336/3336/3336
f 3341/3341/3341 3336/3336/3336 3342/3342/3342
f 3969/3969/3969 3968/3968/3968 3982/3982/3982
f 3352/3352/3352 3332/3332/3332 3334/3334/3334
f 3352/3352/3352 3334/3334/3334 3453/3453/3453
f 3334/3334/3334 3340/3340/3340 3453/3453/3453
f 3338/3338/3338 3337/3337/3337 3474/3474/3474
f 3326/3326/3326 3322/3322/3322 3335/3335/3335
f 3973/3973/3973 3980/3980/3980 3998/3998/3998
f 3982/3982/3982 3968/3968/3968 3973/3973/3973
f 3361/3361/3361 3299/3299/3299 3333/3333/3333
f 3334/3334/3334 3323/3323/3323 3340/3340/3340
f 3340/3340/3340 3323/3323/3323 3338/3338/3338
f 4242/4242/4242 4214/4214/4214 4239/4239/4239
f 4195/4195/4195 4191/4191/4191 4202/4202/4202
f 3333/3333/3333 3298/3298/3298 3332/3332/3332
f 3332/3332/3332 3316/3316/3316 3334/3334/3334
f 3334/3334/3334 3316/3316/3316 3323/3323/3323
f 3323/3323/3323 3324/3324/3324 3338/3338/3338
f 3338/3338/3338 3324/3324/3324 3337/3337/3337
f 3324/3324/3324 3320/3320/3320 3337/3337/3337
f 3320/3320/3320 3314/3314/3314 3327/3327/3327
f 3968/3968/3968 3967/3967/3967 3970/3970/3970
f 3332/3332/3332 3298/3298/3298 3303/3303/3303
f 3298/3298/3298 3302/3302/3302 3303/3303/3303
f 3316/3316/3316 3307/3307/3307 3323/3323/3323
f 3919/3919/3919 3924/3924/3924 3918/3918/3918
f 4179/4179/4179 4171/4171/4171 4164/4164/4164
f 409/409/409 419/419/419 411/411/411
f 1263/1263/1263 1348/1348/1348 1259/1259/1259
f 953/953/953 989/989/989 969/969/969
f 409/409/409 411/411/411 410/410/410
f 1293/1293/1293 1310/1310/1310 1291/1291/1291
f 461/461/461 466/466/466 467/467/467
f 1286/1286/1286 1263/1263/1263 1265/1265/1265
f 969/969/969 990/990/990 946/946/946
f 1295/1295/1295 1296/1296/1296 1293/1293/1293
f 1292/1292/1292 1293/1293/1293 1291/1291/1291
f 1291/1291/1291 1288/1288/1288 1290/1290/1290
f 1257/1257/1257 1259/1259/1259 1254/1254/1254
f 1253/1253/1253 1252/1252/1252 1245/1245/1245
f 1295/1295/1295 1301/1301/1301 1296/1296/1296
f 1285/1285/1285 1286/1286/1286 1265/1265/1265
f 1257/1257/1257 1254/1254/1254 1256/1256/1256
f 424/424/424 425/425/425 437/437/437
f 1295/1295/1295 1300/1300/1300 1301/1301/1301
f 559/559/559 563/563/563 551/551/551
f 548/548/548 563/563/563 547/547/547
f 1290/1290/1290 1288/1288/1288 1285/1285/1285
f 1265/1265/1265 1257/1257/1257 1267/1267/1267
f 1254/1254/1254 1245/1245/1245 1255/1255/1255
f 1298/1298/1298 1295/1295/1295 1297/1297/1297
f 1297/1297/1297 1295/1295/1295 1294/1294/1294
f 551/551/551 563/563/563 548/548/548
f 1267/1267/1267 1257/1257/1257 1266/1266/1266
f 1256/1256/1256 1254/1254/1254 1255/1255/1255
f 957/957/957 986/986/986 950/950/950
f 534/534/534 568/568/568 564/564/564
f 451/451/451 426/426/426 437/437/437
f 553/553/553 559/559/559 551/551/551
f 551/551/551 548/548/548 549/549/549
f 548/548/548 547/547/547 545/545/545
f 975/975/975 984/984/984 1006/1006/1006
f 922/922/922 924/924/924 905/905/905
f 554/554/554 437/437/437 569/569/569
f 554/554/554 569/569/569 553/553/553
f 549/549/549 548/548/548 545/545/545
f 545/545/545 547/547/547 539/539/539
f 538/538/538 539/539/539 534/534/534
f 987/987/987 1010/1010/1010 984/984/984
f 929/929/929 932/932/932 947/947/947
f 556/556/556 437/437/437 554/554/554
f 554/554/554 553/553/553 552/552/552
f 552/552/552 553/553/553 550/550/550
f 550/550/550 553/553/553 551/551/551
f 550/550/550 551/551/551 549/549/549
f 925/925/925 957/957/957 917/917/917
f 538/538/538 545/545/545 539/539/539
f 972/972/972 984/984/984 960/960/960
f 972/972/972 987/987/987 984/984/984
f 535/535/535 570/570/570 560/560/560
f 1261/1261/1261 1255/1255/1255 1245/1245/1245
f 1261/1261/1261 1245/1245/1245 1243/1243/1243
f 452/452/452 451/451/451 556/556/556
f 910/910/910 931/931/931 907/907/907
f 533/533/533 534/534/534 535/535/535
f 536/536/536 535/535/535 560/560/560
f 1266/1266/1266 1261/1261/1261 1282/1282/1282
f 3797/3797/3797 3808/3808/3808 3803/3803/3803
f 557/557/557 452/452/452 556/556/556
f 556/556/556 554/554/554 555/555/555
f 538/538/538 534/534/534 537/537/537
f 537/537/537 534/534/534 533/533/533
f 951/951/951 972/972/972 960/960/960
f 980/980/980 987/987/987 972/972/972
f 1282/1282/1282 1261/1261/1261 1281/1281/1281
f 557/557/557 556/556/556 555/555/555
f 899/899/899 904/904/904 901/901/901
f 555/555/555 554/554/554 552/552/552
f 907/907/907 904/904/904 897/897/897
f 309/309/309 552/552/552 550/550/550
f 549/549/549 545/545/545 301/301/301
f 545/545/545 538/538/538 546/546/546
f 546/546/546 538/538/538 537/537/537
f 951/951/951 960/960/960 927/927/927
f 533/533/533 535/535/535 536/536/536
f 536/536/536 560/560/560 541/541/541
f 1240/1240/1240 1246/1246/1246 1238/1238/1238
f 3790/3790/3790 3797/3797/3797 3791/3791/3791
f 562/562/562 452/452/452 557/557/557
f 555/555/555 552/552/552 310/310/310
f 309/309/309 550/550/550 306/306/306
f 306/306/306 550/550/550 305/305/305
f 550/550/550 549/549/549 305/305/305
f 305/305/305 549/549/549 301/301/301
f 299/299/299 545/545/545 546/546/546
f 981/981/981 980/980/980 976/976/976
f 1281/1281/1281 1261/1261/1261 1273/1273/1273
f 955/955/955 988/988/988 966/966/966
f 417/417/417 403/403/403 418/418/418
f 464/464/464 435/435/435 562/562/562
f 310/310/310 552/552/552 309/309/309
f 301/301/301 545/545/545 299/299/299
f 533/533/533 536/536/536 541/541/541
f 543/543/543 560/560/560 565/565/565
f 1273/1273/1273 1243/1243/1243 1272/1272/1272
f 562/562/562 557/557/557 561/561/561
f 561/561/561 557/557/557 558/558/558
f 558/558/558 557/557/557 555/555/555
f 994/994/994 998/998/998 981/981/981
f 533/533/533 541/541/541 540/540/540
f 1272/1272/1272 1243/1243/1243 1258/1258/1258
f 1258/1258/1258 1243/1243/1243 1239/1239/1239
f 914/914/914 913/913/913 915/915/915
f 914/914/914 909/909/909 913/913/913
f 898/898/898 899/899/899 900/900/900
f 312/312/312 555/555/555 310/310/310
f 299/299/299 546/546/546 297/297/297
f 546/546/546 537/537/537 297/297/297
f 297/297/297 537/537/537 295/295/295
f 295/295/295 537/537/537 540/540/540
f 537/537/537 533/533/533 540/540/540
f 540/540/540 541/541/541 542/542/542
f 542/542/542 541/541/541 543/543/543
f 543/543/543 565/565/565 544/544/544
f 1279/1279/1279 1281/1281/1281 1273/1273/1273
f 3787/3787/3787 3789/3789/3789 3735/3735/3735
f 379/379/379 391/391/391 374/374/374
f 417/417/417 438/438/438 447/447/447
f 447/447/447 438/438/438 572/572/572
f 572/572/572 438/438/438 464/464/464
f 566/566/566 562/562/562 561/561/561
f 306/306/306 305/305/305 304/304/304
f 305/305/305 301/301/301 304/304/304
f 304/304/304 301/301/301 302/302/302
f 301/301/301 299/299/299 298/298/298
f 890/890/890 912/912/912 885/885/885
f 544/544/544 565/565/565 288/288/288
f 1279/1279/1279 1273/1273/1273 1272/1272/1272
f 3729/3729/3729 3735/3735/3735 3725/3725/3725
f 3794/3794/3794 3802/3802/3802 3798/3798/3798
f 572/572/572 464/464/464 566/566/566
f 312/312/312 310/310/310 311/311/311
f 311/311/311 310/310/310 308/308/308
f 310/310/310 309/309/309 308/308/308
f 309/309/309 306/306/306 308/308/308
f 308/308/308 306/306/306 307/307/307
f 306/306/306 304/304/304 307/307/307
f 302/302/302 301/301/301 298/298/298
f 982/982/982 976/976/976 977/977/977
f 1018/1018/1018 982/982/982 977/977/977
f 3722/3722/3722 3725/3725/3725 3723/3723/3723
f 381/381/381 386/386/386 382/382/382
f 3794/3794/3794 3798/3798/3798 3787/3787/3787
f 561/561/561 558/558/558 330/330/330
f 298/298/298 299/299/299 300/300/300
f 300/300/300 299/299/299 297/297/297
f 300/300/300 297/297/297 296/296/296
f 297/297/297 295/295/295 296/296/296
f 977/977/977 976/976/976 952/952/952
f 295/295/295 540/540/540 294/294/294
f 995/995/995 994/994/994 991/991/991
f 542/542/542 543/543/543 544/544/544
f 1258/1258/1258 1239/1239/1239 1233/1233/1233
f 1233/1233/1233 1239/1239/1239 1238/1238/1238
f 3729/3729/3729 3725/3725/3725 3722/3722/3722
f 443/443/443 447/447/447 572/572/572
f 571/571/571 572/572/572 566/566/566
f 567/567/567 561/561/561 330/330/330
f 330/330/330 558/558/558 329/329/329
f 329/329/329 558/558/558 312/312/312
f 313/313/313 312/312/312 311/311/311
f 308/308/308 307/307/307 327/327/327
f 891/891/891 894/894/894 893/893/893
f 540/540/540 542/542/542 294/294/294
f 1272/1272/1272 1258/1258/1258 1269/1269/1269
f 3722/3722/3722 3723/3723/3723 3717/3717/3717
f 3785/3785/3785 3735/3735/3735 3729/3729/3729
f 417/417/417 447/447/447 443/443/443
f 1162/1162/1162 1161/1161/1161 1157/1157/1157
f 329/329/329 312/312/312 313/313/313
f 327/327/327 307/307/307 320/320/320
f 307/307/307 304/304/304 320/320/320
f 320/320/320 304/304/304 316/316/316
f 893/893/893 894/894/894 1178/1178/1178
f 316/316/316 304/304/304 302/302/302
f 315/315/315 302/302/302 298/298/298
f 298/298/298 300/300/300 314/314/314
f 296/296/296 295/295/295 293/293/293
f 293/293/293 295/295/295 294/294/294
f 991/991/991 1018/1018/1018 1019/1019/1019
f 1004/1004/1004 991/991/991 1019/1019/1019
f 995/995/995 991/991/991 1004/1004/1004
f 294/294/294 542/542/542 292/292/292
f 542/542/542 544/544/544 282/282/282
f 1279/1279/1279 1272/1272/1272 1271/1271/1271
f 1230/1230/1230 1250/1250/1250 1248/1248/1248
f 332/332/332 311/311/311 326/326/326
f 327/327/327 336/336/336 308/308/308
f 336/336/336 327/327/327 339/339/339
f 315/315/315 316/316/316 302/302/302
f 314/314/314 300/300/300 319/319/319
f 1019/1019/1019 1018/1018/1018 977/977/977
f 292/292/292 542/542/542 282/282/282
f 282/282/282 544/544/544 285/285/285
f 285/285/285 544/544/544 288/288/288
f 1271/1271/1271 1272/1272/1272 1269/1269/1269
f 1269/1269/1269 1258/1258/1258 1268/1268/1268
f 3722/3722/3722 3717/3717/3717 3721/3721/3721
f 3717/3717/3717 3792/3792/3792 3718/3718/3718
f 3729/3729/3729 3722/3722/3722 3721/3721/3721
f 3718/3718/3718 3825/3825/3825 3830/3830/3830
f 370/370/370 374/374/374 376/376/376
f 574/574/574 573/573/573 571/571/571
f 330/330/330 329/329/329 313/313/313
f 3084/3084/3084 3082/3082/3082 3085/3085/3085
f 339/339/339 327/327/327 320/320/320
f 314/314/314 315/315/315 298/298/298
f 319/319/319 300/300/300 317/317/317
f 300/300/300 296/296/296 317/317/317
f 952/952/952 971/971/971 1011/1011/1011
f 1028/1028/1028 1019/1019/1019 977/977/977
f 1208/1208/1208 1004/1004/1004 1019/1019/1019
f 1271/1271/1271 1269/1269/1269 1270/1270/1270
f 1232/1232/1232 1233/1233/1233 1230/1230/1230
f 879/879/879 332/332/332 326/326/326
f 3080/3080/3080 3083/3083/3083 3082/3082/3082
f 348/348/348 339/339/339 320/320/320
f 346/346/346 316/316/316 315/315/315
f 1188/1188/1188 886/886/886 888/888/888
f 344/344/344 314/314/314 319/319/319
f 1011/1011/1011 971/971/971 889/889/889
f 1028/1028/1028 977/977/977 1011/1011/1011
f 3149/3149/3149 3243/3243/3243 3214/3214/3214
f 3148/3148/3148 3149/3149/3149 3214/3214/3214
f 292/292/292 293/293/293 294/294/294
f 293/293/293 292/292/292 290/290/290
f 290/290/290 292/292/292 282/282/282
f 282/282/282 285/285/285 279/279/279
f 285/285/285 288/288/288 284/284/284
f 376/376/376 404/404/404 430/430/430
f 574/574/574 571/571/571 606/606/606
f 3060/3060/3060 3083/3083/3083 3080/3080/3080
f 3071/3071/3071 3080/3080/3080 3082/3082/3082
f 3084/3084/3084 3071/3071/3071 3082/3082/3082
f 1917/1917/1917 1918/1918/1918 1948/1948/1948
f 1169/1169/1169 1166/1166/1166 1171/1171/1171
f 1169/1169/1169 1171/1171/1171 1177/1177/1177
f 347/347/347 320/320/320 316/316/316
f 1179/1179/1179 1178/1178/1178 1177/1177/1177
f 346/346/346 347/347/347 316/316/316
f 346/346/346 315/315/315 314/314/314
f 346/346/346 314/314/314 345/345/345
f 886/886/886 1188/1188/1188 1189/1189/1189
f 1011/1011/1011 889/889/889 892/892/892
f 317/317/317 296/296/296 318/318/318
f 1208/1208/1208 1019/1019/1019 1028/1028/1028
f 296/296/296 293/293/293 321/321/321
f 279/279/279 285/285/285 284/284/284
f 3721/3721/3721 3717/3717/3717 3720/3720/3720
f 3734/3734/3734 3729/3729/3729 3730/3730/3730
f 3785/3785/3785 3729/3729/3729 3734/3734/3734
f 3794/3794/3794 3788/3788/3788 3786/3786/3786
f 933/933/933 967/967/967 937/937/937
f 575/575/575 573/573/573 574/574/574
f 333/333/333 332/332/332 879/879/879
f 1166/1166/1166 1158/1158/1158 1159/1159/1159
f 1867/1867/1867 1917/1917/1917 1948/1948/1948
f 1943/1943/1943 1867/1867/1867 1948/1948/1948
f 1177/1177/1177 1171/1171/1171 1180/1180/1180
f 1181/1181/1181 893/893/893 1178/1178/1178
f 1188/1188/1188 888/888/888 1187/1187/1187
f 1962/1962/1962 1968/1968/1968 1855/1855/1855
f 1855/1855/1855 1968/1968/1968 1954/1954/1954
f 1203/1203/1203 1011/1011/1011 892/892/892
f 1028/1028/1028 1011/1011/1011 1203/1203/1203
f 318/318/318 296/296/296 321/321/321
f 279/279/279 284/284/284 278/278/278
f 1270/1270/1270 1269/1269/1269 1268/1268/1268
f 1249/1249/1249 1336/1336/1336 1337/1337/1337
f 3720/3720/3720 3717/3717/3717 3719/3719/3719
f 3719/3719/3719 3718/3718/3718 3777/3777/3777
f 430/430/430 443/443/443 575/575/575
f 1159/1159/1159 1148/1148/1148 1152/1152/1152
f 3060/3060/3060 3080/3080/3080 3061/3061/3061
f 3071/3071/3071 3061/3061/3061 3080/3080/3080
f 1868/1868/1868 1872/1872/1872 1918/1918/1918
f 1868/1868/1868 1918/1918/1918 1917/1917/1917
f 1867/1867/1867 1868/1868/1868 1917/1917/1917
f 1865/1865/1865 1867/1867/1867 1943/1943/1943
f 1865/1865/1865 1943/1943/1943 1873/1873/1873
f 1855/1855/1855 1857/1857/1857 1962/1962/1962
f 892/892/892 1189/1189/1189 1192/1192/1192
f 1207/1207/1207 1208/1208/1208 1028/1028/1028
f 293/293/293 290/290/290 321/321/321
f 321/321/321 290/290/290 291/291/291
f 290/290/290 282/282/282 283/283/283
f 280/280/280 279/279/279 277/277/277
f 3728/3728/3728 3721/3721/3721 3720/3720/3720
f 3741/3741/3741 3786/3786/3786 3734/3734/3734
f 575/575/575 574/574/574 576/576/576
f 1147/1147/1147 1131/1131/1131 1130/1130/1130
f 879/879/879 878/878/878 333/333/333
f 3040/3040/3040 3041/3041/3041 3060/3060/3060
f 3061/3061/3061 3040/3040/3040 3060/3060/3060
f 1173/1173/1173 1159/1159/1159 1223/1223/1223
f 3043/3043/3043 3061/3061/3061 3071/3071/3071
f 1856/1856/1856 1794/1794/1794 1872/1872/1872
f 1868/1868/1868 1856/1856/1856 1872/1872/1872
f 1176/1176/1176 1173/1173/1173 1223/1223/1223
f 1793/1793/1793 1868/1868/1868 1867/1867/1867
f 1850/1850/1850 1793/1793/1793 1867/1867/1867
f 1171/1171/1171 1176/1176/1176 1204/1204/1204
f 1850/1850/1850 1867/1867/1867 1865/1865/1865
f 1849/1849/1849 1865/1865/1865 1873/1873/1873
f 1181/1181/1181 1179/1179/1179 1199/1199/1199
f 1849/1849/1849 1873/1873/1873 1864/1864/1864
f 1854/1854/1854 1849/1849/1849 1864/1864/1864
f 1854/1854/1854 1864/1864/1864 1857/1857/1857
f 1852/1852/1852 1857/1857/1857 1855/1855/1855
f 1866/1866/1866 1855/1855/1855 1954/1954/1954
f 1197/1197/1197 892/892/892 1192/1192/1192
f 1203/1203/1203 892/892/892 1202/1202/1202
f 1866/1866/1866 1954/1954/1954 1955/1955/1955
f 1028/1028/1028 1203/1203/1203 1205/1205/1205
f 1208/1208/1208 1207/1207/1207 1209/1209/1209
f 1210/1210/1210 1208/1208/1208 1209/1209/1209
f 3243/3243/3243 3264/3264/3264 3256/3256/3256
f 291/291/291 290/290/290 283/283/283
f 283/283/283 282/282/282 280/280/280
f 282/282/282 279/279/279 280/280/280
f 279/279/279 278/278/278 277/277/277
f 1264/1264/1264 1232/1232/1232 1262/1262/1262
f 1232/1232/1232 1231/1231/1231 1234/1234/1234
f 1333/1333/1333 1337/1337/1337 1340/1340/1340
f 3733/3733/3733 3730/3730/3730 3728/3728/3728
f 3734/3734/3734 3730/3730/3730 3733/3733/3733
f 371/371/371 370/370/370 377/377/377
f 430/430/430 575/575/575 577/577/577
f 611/611/611 606/606/606 616/616/616
f 1148/1148/1148 1147/1147/1147 1130/1130/1130
f 1148/1148/1148 1130/1130/1130 1152/1152/1152
f 3060/3060/3060 3041/3041/3041 3059/3059/3059
f 3043/3043/3043 3040/3040/3040 3061/3061/3061
f 1223/1223/1223 1159/1159/1159 1152/1152/1152
f 3005/3005/3005 3003/3003/3003 3002/3002/3002
f 1790/1790/1790 1794/1794/1794 1856/1856/1856
f 1793/1793/1793 1790/1790/1790 1856/1856/1856
f 1176/1176/1176 1223/1223/1223 1225/1225/1225
f 1789/1789/1789 1793/1793/1793 1850/1850/1850
f 1176/1176/1176 1225/1225/1225 1204/1204/1204
f 1849/1849/1849 1789/1789/1789 1850/1850/1850
f 1849/1849/1849 1850/1850/1850 1865/1865/1865
f 1224/1224/1224 1180/1180/1180 1204/1204/1204
f 1179/1179/1179 1180/1180/1180 1224/1224/1224
f 1187/1187/1187 1199/1199/1199 1198/1198/1198
f 1852/1852/1852 1854/1854/1854 1857/1857/1857
f 1796/1796/1796 1852/1852/1852 1855/1855/1855
f 1192/1192/1192 1190/1190/1190 1200/1200/1200
f 1848/1848/1848 1796/1796/1796 1855/1855/1855
f 1848/1848/1848 1855/1855/1855 1866/1866/1866
f 1197/1197/1197 1192/1192/1192 1201/1201/1201
f 1205/1205/1205 1203/1203/1203 1202/1202/1202
f 1941/1941/1941 1866/1866/1866 1955/1955/1955
f 1028/1028/1028 1205/1205/1205 1206/1206/1206
f 1941/1941/1941 1955/1955/1955 2001/2001/2001
f 289/289/289 291/291/291 283/283/283
f 3724/3724/3724 3720/3720/3720 3719/3719/3719
f 3741/3741/3741 3734/3734/3734 3738/3738/3738
f 3742/3742/3742 3741/3741/3741 3739/3739/3739
f 368/368/368 367/367/367 370/370/370
f 431/431/431 377/377/377 414/414/414
f 431/431/431 414/414/414 465/465/465
f 465/465/465 414/414/414 430/430/430
f 465/465/465 430/430/430 577/577/577
f 577/577/577 575/575/575 576/576/576
f 870/870/870 616/616/616 871/871/871
f 1152/1152/1152 1130/1130/1130 1140/1140/1140
f 3040/3040/3040 3030/3030/3030 3041/3041/3041
f 3003/3003/3003 2997/2997/2997 3002/3002/3002
f 3043/3043/3043 3042/3042/3042 3040/3040/3040
f 1783/1783/1783 1837/1837/1837 1794/1794/1794
f 1790/1790/1790 1783/1783/1783 1794/1794/1794
f 3005/3005/3005 3002/3002/3002 3006/3006/3006
f 3005/3005/3005 3006/3006/3006 3007/3007/3007
f 1779/1779/1779 1783/1783/1783 1790/1790/1790
f 1779/1779/1779 1790/1790/1790 1793/1793/1793
f 3008/3008/3008 3005/3005/3005 3007/3007/3007
f 3009/3009/3009 3008/3008/3008 3007/3007/3007
f 1789/1789/1789 1779/1779/1779 1793/1793/1793
f 1980/1980/1980 1981/1981/1981 1921/1921/1921
f 1930/1930/1930 1980/1980/1980 1921/1921/1921
f 1787/1787/1787 1789/1789/1789 1849/1849/1849
f 1791/1791/1791 1787/1787/1787 1849/1849/1849
f 1986/1986/1986 1930/1930/1930 1899/1899/1899
f 1791/1791/1791 1849/1849/1849 1854/1854/1854
f 1190/1190/1190 1198/1198/1198 1200/1200/1200
f 1796/1796/1796 1788/1788/1788 1852/1852/1852
f 1201/1201/1201 1192/1192/1192 1200/1200/1200
f 1866/1866/1866 1941/1941/1941 1863/1863/1863
f 1211/1211/1211 1206/1206/1206 1205/1205/1205
f 1207/1207/1207 1206/1206/1206 1211/1211/1211
f 289/289/289 283/283/283 281/281/281
f 283/283/283 280/280/280 281/281/281
f 281/281/281 280/280/280 277/277/277
f 1275/1275/1275 1268/1268/1268 1276/1276/1276
f 3726/3726/3726 3720/3720/3720 3724/3724/3724
f 3738/3738/3738 3734/3734/3734 3732/3732/3732
f 3732/3732/3732 3734/3734/3734 3733/3733/3733
f 942/942/942 968/968/968 964/964/964
f 3743/3743/3743 3742/3742/3742 3739/3739/3739
f 384/384/384 383/383/383 363/363/363
f 371/371/371 377/377/377 431/431/431
f 1142/1142/1142 1133/1133/1133 1127/1127/1127
f 579/579/579 577/577/577 576/576/576
f 3057/3057/3057 3081/3081/3081 3059/3059/3059
f 3030/3030/3030 3031/3031/3031 3041/3041/3041
f 3041/3041/3041 3031/3031/3031 3059/3059/3059
f 3023/3023/3023 3030/3030/3030 3040/3040/3040
f 2997/2997/2997 2996/2996/2996 2998/2998/2998
f 3042/3042/3042 3023/3023/3023 3040/3040/3040
f 3002/3002/3002 2997/2997/2997 2998/2998/2998
f 1820/1820/1820 1825/1825/1825 1784/1784/1784
f 3002/3002/3002 2998/2998/2998 3004/3004/3004
f 1778/1778/1778 1782/1782/1782 1779/1779/1779
f 3006/3006/3006 3002/3002/3002 3004/3004/3004
f 1779/1779/1779 1782/1782/1782 1783/1783/1783
f 1777/1777/1777 1778/1778/1778 1779/1779/1779
f 1890/1890/1890 1921/1921/1921 1830/1830/1830
f 1777/1777/1777 1779/1779/1779 1789/1789/1789
f 1787/1787/1787 1777/1777/1777 1789/1789/1789
f 1921/1921/1921 1890/1890/1890 1898/1898/1898
f 1930/1930/1930 1921/1921/1921 1898/1898/1898
f 1899/1899/1899 1930/1930/1930 1898/1898/1898
f 1792/1792/1792 1791/1791/1791 1854/1854/1854
f 1986/1986/1986 1899/1899/1899 1919/1919/1919
f 1983/1983/1983 1987/1987/1987 1919/1919/1919
f 1788/1788/1788 1792/1792/1792 1852/1852/1852
f 1863/1863/1863 1848/1848/1848 1866/1866/1866
f 1211/1211/1211 1205/1205/1205 1202/1202/1202
f 1209/1209/1209 1207/1207/1207 1212/1212/1212
f 1941/1941/1941 2001/2001/2001 1961/1961/1961
f 289/289/289 321/321/321 291/291/291
f 259/259/259 277/277/277 269/269/269
f 1277/1277/1277 1264/1264/1264 1278/1278/1278
f 1278/1278/1278 1264/1264/1264 1262/1262/1262
f 1278/1278/1278 1262/1262/1262 1284/1284/1284
f 3724/3724/3724 3719/3719/3719 3777/3777/3777
f 3728/3728/3728 3720/3720/3720 3727/3727/3727
f 3741/3741/3741 3738/3738/3738 3739/3739/3739
f 579/579/579 576/576/576 614/614/614
f 576/576/576 611/611/611 614/614/614
f 870/870/870 871/871/871 872/872/872
f 2997/2997/2997 2995/2995/2995 2996/2996/2996
f 3031/3031/3031 3057/3057/3057 3059/3059/3059
f 3023/3023/3023 3022/3022/3022 3030/3030/3030
f 2996/2996/2996 3000/3000/3000 2998/2998/2998
f 1825/1825/1825 1844/1844/1844 1821/1821/1821
f 1821/1821/1821 1844/1844/1844 1843/1843/1843
f 1843/1843/1843 1846/1846/1846 1797/1797/1797
f 1797/1797/1797 1846/1846/1846 1837/1837/1837
f 1821/1821/1821 1843/1843/1843 1797/1797/1797
f 1837/1837/1837 1846/1846/1846 1869/1869/1869
f 1783/1783/1783 1797/1797/1797 1837/1837/1837
f 1784/1784/1784 1821/1821/1821 1797/1797/1797
f 1784/1784/1784 1797/1797/1797 1782/1782/1782
f 1782/1782/1782 1797/1797/1797 1783/1783/1783
f 1784/1784/1784 1825/1825/1825 1821/1821/1821
f 1820/1820/1820 1784/1784/1784 1778/1778/1778
f 1784/1784/1784 1782/1782/1782 1778/1778/1778
f 1798/1798/1798 1841/1841/1841 1820/1820/1820
f 1798/1798/1798 1820/1820/1820 1778/1778/1778
f 1830/1830/1830 1841/1841/1841 1798/1798/1798
f 1798/1798/1798 1778/1778/1778 1776/1776/1776
f 1776/1776/1776 1778/1778/1778 1777/1777/1777
f 1890/1890/1890 1830/1830/1830 1822/1822/1822
f 1822/1822/1822 1830/1830/1830 1798/1798/1798
f 1822/1822/1822 1798/1798/1798 1816/1816/1816
f 1816/1816/1816 1798/1798/1798 1772/1772/1772
f 1772/1772/1772 1798/1798/1798 1776/1776/1776
f 1773/1773/1773 1776/1776/1776 1777/1777/1777
f 1772/1772/1772 1776/1776/1776 1773/1773/1773
f 1773/1773/1773 1777/1777/1777 1787/1787/1787
f 1898/1898/1898 1890/1890/1890 1828/1828/1828
f 1828/1828/1828 1890/1890/1890 1822/1822/1822
f 1828/1828/1828 1822/1822/1822 1816/1816/1816
f 1775/1775/1775 1773/1773/1773 1787/1787/1787
f 1772/1772/1772 1773/1773/1773 1774/1774/1774
f 1775/1775/1775 1787/1787/1787 1791/1791/1791
f 1898/1898/1898 1828/1828/1828 1817/1817/1817
f 1774/1774/1774 1773/1773/1773 1775/1775/1775
f 1792/1792/1792 1775/1775/1775 1791/1791/1791
f 1887/1887/1887 1899/1899/1899 1817/1817/1817
f 1919/1919/1919 1899/1899/1899 1887/1887/1887
f 1781/1781/1781 1775/1775/1775 1792/1792/1792
f 1788/1788/1788 1781/1781/1781 1792/1792/1792
f 1983/1983/1983 1919/1919/1919 1920/1920/1920
f 1220/1220/1220 1200/1200/1200 1221/1221/1221
f 1823/1823/1823 1796/1796/1796 1848/1848/1848
f 1202/1202/1202 1197/1197/1197 1222/1222/1222
f 1211/1211/1211 1202/1202/1202 1222/1222/1222
f 1212/1212/1212 1207/1207/1207 1211/1211/1211
f 1229/1229/1229 1209/1209/1209 1213/1213/1213
f 342/342/342 289/289/289 281/281/281
f 342/342/342 281/281/281 341/341/341
f 341/341/341 281/281/281 340/340/340
f 3163/3163/3163 3120/3120/3120 3194/3194/3194
f 340/340/340 281/281/281 277/277/277
f 259/259/259 269/269/269 268/268/268
f 3726/3726/3726 3724/3724/3724 3744/3744/3744
f 3724/3724/3724 3777/3777/3777 3761/3761/3761
f 3796/3796/3796 3837/3837/3837 3821/3821/3821
f 3738/3738/3738 3732/3732/3732 3736/3736/3736
f 3739/3739/3739 3738/3738/3738 3737/3737/3737
f 3743/3743/3743 3739/3739/3739 3740/3740/3740
f 465/465/465 577/577/577 578/578/578
f 2995/2995/2995 2994/2994/2994 2996/2996/2996
f 2996/2996/2996 2994/2994/2994 3000/3000/3000
f 3000/3000/3000 2994/2994/2994 3013/3013/3013
f 3030/3030/3030 3021/3021/3021 3031/3031/3031
f 3022/3022/3022 3021/3021/3021 3030/3030/3030
f 3013/3013/3013 3012/3012/3012 3014/3014/3014
f 3017/3017/3017 3022/3022/3022 3023/3023/3023
f 3013/3013/3013 3014/3014/3014 3016/3016/3016
f 3016/3016/3016 3014/3014/3014 3017/3017/3017
f 3016/3016/3016 3017/3017/3017 3023/3023/3023
f 1774/1774/1774 1816/1816/1816 1772/1772/1772
f 1817/1817/1817 1828/1828/1828 1816/1816/1816
f 1817/1817/1817 1816/1816/1816 1774/1774/1774
f 1780/1780/1780 1817/1817/1817 1774/1774/1774
f 1780/1780/1780 1774/1774/1774 1775/1775/1775
f 1780/1780/1780 1775/1775/1775 1781/1781/1781
f 1887/1887/1887 1817/1817/1817 1815/1815/1815
f 1815/1815/1815 1817/1817/1817 1780/1780/1780
f 1785/1785/1785 1780/1780/1780 1781/1781/1781
f 1785/1785/1785 1781/1781/1781 1788/1788/1788
f 1919/1919/1919 1887/1887/1887 1842/1842/1842
f 1795/1795/1795 1785/1785/1785 1788/1788/1788
f 1920/1920/1920 1919/1919/1919 1842/1842/1842
f 1795/1795/1795 1788/1788/1788 1796/1796/1796
f 1823/1823/1823 1795/1795/1795 1796/1796/1796
f 1219/1219/1219 1201/1201/1201 1220/1220/1220
f 1976/1976/1976 1926/1926/1926 1908/1908/1908
f 1197/1197/1197 1201/1201/1201 1219/1219/1219
f 1982/1982/1982 1976/1976/1976 1925/1925/1925
f 1197/1197/1197 1219/1219/1219 1222/1222/1222
f 1823/1823/1823 1848/1848/1848 1801/1801/1801
f 1847/1847/1847 1848/1848/1848 1863/1863/1863
f 1847/1847/1847 1863/1863/1863 1941/1941/1941
f 1212/1212/1212 1211/1211/1211 1226/1226/1226
f 1215/1215/1215 1213/1213/1213 1214/1214/1214
f 1861/1861/1861 1847/1847/1847 1941/1941/1941
f 1861/1861/1861 1941/1941/1941 1961/1961/1961
f 1861/1861/1861 1961/1961/1961 1960/1960/1960
f 233/233/233 340/340/340 277/277/277
f 233/233/233 277/277/277 259/259/259
f 3761/3761/3761 3777/3777/3777 3796/3796/3796
f 578/578/578 577/577/577 579/579/579
f 617/617/617 870/870/870 869/869/869
f 872/872/872 873/873/873 870/870/870
f 2995/2995/2995 2990/2990/2990 2994/2994/2994
f 3013/3013/3013 2994/2994/2994 3012/3012/3012
f 3022/3022/3022 3017/3017/3017 3021/3021/3021
f 1842/1842/1842 1887/1887/1887 1815/1815/1815
f 1786/1786/1786 1815/1815/1815 1780/1780/1780
f 1786/1786/1786 1780/1780/1780 1785/1785/1785
f 1795/1795/1795 1786/1786/1786 1785/1785/1785
f 1920/1920/1920 1842/1842/1842 1888/1888/1888
f 1926/1926/1926 1920/1920/1920 1888/1888/1888
f 1801/1801/1801 1795/1795/1795 1823/1823/1823
f 1211/1211/1211 1222/1222/1222 1227/1227/1227
f 1847/1847/1847 1801/1801/1801 1848/1848/1848
f 1226/1226/1226 1211/1211/1211 1227/1227/1227
f 1228/1228/1228 1212/1212/1212 1226/1226/1226
f 341/341/341 340/340/340 218/218/218
f 218/218/218 340/340/340 233/233/233
f 234/234/234 259/259/259 268/268/268
f 268/268/268 242/242/242 234/234/234
f 1262/1262/1262 1234/1234/1234 1237/1237/1237
f 1235/1235/1235 1330/1330/1330 1241/1241/1241
f 3731/3731/3731 3728/3728/3728 3727/3727/3727
f 3736/3736/3736 3732/3732/3732 3731/3731/3731
f 3740/3740/3740 3739/3739/3739 3737/3737/3737
f 427/427/427 431/431/431 455/455/455
f 455/455/455 431/431/431 465/465/465
f 614/614/614 615/615/615 579/579/579
f 2990/2990/2990 2988/2988/2988 2984/2984/2984
f 855/855/855 614/614/614 864/864/864
f 2990/2990/2990 2984/2984/2984 2994/2994/2994
f 2994/2994/2994 2984/2984/2984 2987/2987/2987
f 2994/2994/2994 2987/2987/2987 3012/3012/3012
f 3058/3058/3058 3073/3073/3073 3081/3081/3081
f 3038/3038/3038 3058/3058/3058 3057/3057/3057
f 3031/3031/3031 3038/3038/3038 3057/3057/3057
f 3014/3014/3014 3018/3018/3018 3017/3017/3017
f 1815/1815/1815 1786/1786/1786 1814/1814/1814
f 1799/1799/1799 1786/1786/1786 1795/1795/1795
f 1800/1800/1800 1799/1799/1799 1795/1795/1795
f 1908/1908/1908 1926/1926/1926 1888/1888/1888
f 1800/1800/1800 1795/1795/1795 1801/1801/1801
f 1925/1925/1925 1976/1976/1976 1908/1908/1908
f 1804/1804/1804 1800/1800/1800 1801/1801/1801
f 1813/1813/1813 1804/1804/1804 1801/1801/1801
f 1813/1813/1813 1801/1801/1801 1847/1847/1847
f 1835/1835/1835 1813/1813/1813 1847/1847/1847
f 1835/1835/1835 1847/1847/1847 1861/1861/1861
f 1862/1862/1862 1861/1861/1861 1960/1960/1960
f 1862/1862/1862 1960/1960/1960 1958/1958/1958
f 233/233/233 259/259/259 234/234/234
f 1278/1278/1278 1284/1284/1284 1318/1318/1318
f 3747/3747/3747 3727/3727/3727 3726/3726/3726
f 3806/3806/3806 3796/3796/3796 3821/3821/3821
f 356/356/356 355/355/355 372/372/372
f 455/455/455 465/465/465 578/578/578
f 2984/2984/2984 2986/2986/2986 2987/2987/2987
f 3012/3012/3012 2987/2987/2987 3010/3010/3010
f 3012/3012/3012 3010/3010/3010 3014/3014/3014
f 3014/3014/3014 3010/3010/3010 3015/3015/3015
f 3027/3027/3027 3032/3032/3032 3031/3031/3031
f 3031/3031/3031 3032/3032/3032 3038/3038/3038
f 1888/1888/1888 1842/1842/1842 1831/1831/1831
f 1831/1831/1831 1842/1842/1842 1814/1814/1814
f 1814/1814/1814 1786/1786/1786 1799/1799/1799
f 1908/1908/1908 1888/1888/1888 1832/1832/1832
f 1832/1832/1832 1888/1888/1888 1831/1831/1831
f 1925/1925/1925 1908/1908/1908 1897/1897/1897
f 1897/1897/1897 1908/1908/1908 1832/1832/1832
f 1803/1803/1803 1800/1800/1800 1804/1804/1804
f 1951/1951/1951 1925/1925/1925 1931/1931/1931
f 1974/1974/1974 1953/1953/1953 1973/1973/1973
f 1214/1214/1214 1218/1218/1218 1217/1217/1217
f 1851/1851/1851 1835/1835/1835 1861/1861/1861
f 1851/1851/1851 1861/1861/1861 1862/1862/1862
f 218/218/218 233/233/233 225/225/225
f 225/225/225 233/233/233 232/232/232
f 232/232/232 233/233/233 234/234/234
f 234/234/234 242/242/242 236/236/236
f 3761/3761/3761 3796/3796/3796 3806/3806/3806
f 3740/3740/3740 3737/3737/3737 3749/3749/3749
f 2360/2360/2360 2361/2361/2361 2336/2336/2336
f 2341/2341/2341 2360/2360/2360 2336/2336/2336
f 354/354/354 355/355/355 356/356/356
f 2984/2984/2984 2988/2988/2988 2985/2985/2985
f 2984/2984/2984 2985/2985/2985 2986/2986/2986
f 2987/2987/2987 2986/2986/2986 2999/2999/2999
f 2987/2987/2987 2999/2999/2999 3010/3010/3010
f 1807/1807/1807 1814/1814/1814 1799/1799/1799
f 1831/1831/1831 1814/1814/1814 1819/1819/1819
f 1819/1819/1819 1814/1814/1814 1807/1807/1807
f 1832/1832/1832 1831/1831/1831 1819/1819/1819
f 1802/1802/1802 1807/1807/1807 1799/1799/1799
f 1802/1802/1802 1799/1799/1799 1800/1800/1800
f 1900/1900/1900 1925/1925/1925 1897/1897/1897
f 1802/1802/1802 1800/1800/1800 1803/1803/1803
f 1931/1931/1931 1925/1925/1925 1900/1900/1900
f 1803/1803/1803 1804/1804/1804 1813/1813/1813
f 1953/1953/1953 1951/1951/1951 1927/1927/1927
f 1953/1953/1953 1927/1927/1927 1972/1972/1972
f 1971/1971/1971 1973/1973/1973 1972/1972/1972
f 1971/1971/1971 1972/1972/1972 1952/1952/1952
f 1808/1808/1808 1803/1803/1803 1813/1813/1813
f 1970/1970/1970 1973/1973/1973 1971/1971/1971
f 1808/1808/1808 1813/1813/1813 1835/1835/1835
f 1216/1216/1216 1214/1214/1214 1217/1217/1217
f 1215/1215/1215 1214/1214/1214 1216/1216/1216
f 1824/1824/1824 1835/1835/1835 1851/1851/1851
f 1853/1853/1853 1851/1851/1851 1862/1862/1862
f 1906/1906/1906 1862/1862/1862 1958/1958/1958
f 1959/1959/1959 1906/1906/1906 1958/1958/1958
f 224/224/224 225/225/225 232/232/232
f 232/232/232 234/234/234 235/235/235
f 235/235/235 234/234/234 236/236/236
f 1318/1318/1318 1284/1284/1284 1319/1319/1319
f 1319/1319/1319 1284/1284/1284 1283/1283/1283
f 1283/1283/1283 1284/1284/1284 1262/1262/1262
f 1283/1283/1283 1262/1262/1262 1237/1237/1237
f 3784/3784/3784 3740/3740/3740 3749/3749/3749
f 470/470/470 455/455/455 578/578/578
f 873/873/873 876/876/876 869/869/869
f 3010/3010/3010 3011/3011/3011 3015/3015/3015
f 3018/3018/3018 3015/3015/3015 3020/3020/3020
f 3021/3021/3021 3020/3020/3020 3027/3027/3027
f 3018/3018/3018 3020/3020/3020 3021/3021/3021
f 1897/1897/1897 1832/1832/1832 1833/1833/1833
f 1833/1833/1833 1832/1832/1832 1819/1819/1819
f 1805/1805/1805 1802/1802/1802 1803/1803/1803
f 1805/1805/1805 1807/1807/1807 1802/1802/1802
f 1970/1970/1970 1971/1971/1971 1952/1952/1952
f 1806/1806/1806 1803/1803/1803 1808/1808/1808
f 3697/3697/3697 3249/3249/3249 3705/3705/3705
f 1824/1824/1824 1808/1808/1808 1835/1835/1835
f 1824/1824/1824 1851/1851/1851 1853/1853/1853
f 1858/1858/1858 1853/1853/1853 1862/1862/1862
f 1858/1858/1858 1862/1862/1862 1906/1906/1906
f 3744/3744/3744 3761/3761/3761 3758/3758/3758
f 3747/3747/3747 3726/3726/3726 3744/3744/3744
f 3749/3749/3749 3737/3737/3737 3745/3745/3745
f 3745/3745/3745 3737/3737/3737 3731/3731/3731
f 364/364/364 366/366/366 354/354/354
f 372/372/372 427/427/427 445/445/445
f 445/445/445 427/427/427 470/470/470
f 581/581/581 578/578/578 580/580/580
f 2986/2986/2986 2985/2985/2985 2999/2999/2999
f 3010/3010/3010 2999/2999/2999 3011/3011/3011
f 1818/1818/1818 1833/1833/1833 1819/1819/1819
f 1897/1897/1897 1833/1833/1833 1839/1839/1839
f 1818/1818/1818 1819/1819/1819 1807/1807/1807
f 1900/1900/1900 1897/1897/1897 1839/1839/1839
f 1809/1809/1809 1807/1807/1807 1805/1805/1805
f 1927/1927/1927 1931/1931/1931 1900/1900/1900
f 1805/1805/1805 1803/1803/1803 1806/1806/1806
f 1927/1927/1927 1952/1952/1952 1972/1972/1972
f 1806/1806/1806 1808/1808/1808 1811/1811/1811
f 1811/1811/1811 1808/1808/1808 1824/1824/1824
f 3250/3250/3250 3249/3249/3249 3697/3697/3697
f 1827/1827/1827 1811/1811/1811 1824/1824/1824
f 1858/1858/1858 1827/1827/1827 1824/1824/1824
f 1858/1858/1858 1824/1824/1824 1853/1853/1853
f 213/213/213 218/218/218 212/212/212
f 212/212/212 218/218/218 225/225/225
f 1318/1318/1318 1319/1319/1319 1321/1321/1321
f 3747/3747/3747 3744/3744/3744 3755/3755/3755
f 3758/3758/3758 3761/3761/3761 3770/3770/3770
f 3746/3746/3746 3727/3727/3727 3747/3747/3747
f 3731/3731/3731 3727/3727/3727 3746/3746/3746
f 3745/3745/3745 3731/3731/3731 3746/3746/3746
f 2169/2169/2169 2186/2186/2186 2179/2179/2179
f 470/470/470 578/578/578 581/581/581
f 2989/2989/2989 2991/2991/2991 2985/2985/2985
f 2999/2999/2999 3001/3001/3001 3011/3011/3011
f 875/875/875 877/877/877 876/876/876
f 3011/3011/3011 3019/3019/3019 3015/3015/3015
f 3015/3015/3015 3019/3019/3019 3020/3020/3020
f 3058/3058/3058 3047/3047/3047 3073/3073/3073
f 3032/3032/3032 3029/3029/3029 3038/3038/3038
f 1839/1839/1839 1833/1833/1833 1818/1818/1818
f 1818/1818/1818 1807/1807/1807 1809/1809/1809
f 1886/1886/1886 1900/1900/1900 1839/1839/1839
f 1839/1839/1839 1818/1818/1818 1829/1829/1829
f 1927/1927/1927 1900/1900/1900 1902/1902/1902
f 1902/1902/1902 1900/1900/1900 1886/1886/1886
f 1952/1952/1952 1927/1927/1927 1932/1932/1932
f 211/211/211 213/213/213 210/210/210
f 210/210/210 213/213/213 212/212/212
f 212/212/212 225/225/225 208/208/208
f 208/208/208 225/225/225 224/224/224
f 222/222/222 224/224/224 232/232/232
f 222/222/222 232/232/232 216/216/216
f 232/232/232 235/235/235 216/216/216
f 235/235/235 236/236/236 237/237/237
f 1283/1283/1283 1237/1237/1237 1260/1260/1260
f 1260/1260/1260 1237/1237/1237 1236/1236/1236
f 2170/2170/2170 2171/2171/2171 2169/2169/2169
f 3784/3784/3784 3749/3749/3749 3752/3752/3752
f 2359/2359/2359 2341/2341/2341 2337/2337/2337
f 356/356/356 372/372/372 375/375/375
f 1117/1117/1117 1115/1115/1115 1116/1116/1116
f 582/582/582 470/470/470 581/581/581
f 2985/2985/2985 2991/2991/2991 2992/2992/2992
f 2999/2999/2999 2992/2992/2992 3001/3001/3001
f 848/848/848 850/850/850 849/849/849
f 3020/3020/3020 3028/3028/3028 3027/3027/3027
f 3027/3027/3027 3028/3028/3028 3029/3029/3029
f 3027/3027/3027 3029/3029/3029 3032/3032/3032
f 3038/3038/3038 3039/3039/3039 3047/3047/3047
f 1886/1886/1886 1839/1839/1839 1829/1829/1829
f 1812/1812/1812 1818/1818/1818 1809/1809/1809
f 1829/1829/1829 1818/1818/1818 1812/1812/1812
f 1812/1812/1812 1809/1809/1809 1810/1810/1810
f 1932/1932/1932 1927/1927/1927 1902/1902/1902
f 1810/1810/1810 1809/1809/1809 1805/1805/1805
f 1810/1810/1810 1805/1805/1805 1806/1806/1806
f 1933/1933/1933 1952/1952/1952 1932/1932/1932
f 1975/1975/1975 1970/1970/1970 1933/1933/1933
f 1933/1933/1933 1970/1970/1970 1952/1952/1952
f 1810/1810/1810 1806/1806/1806 1811/1811/1811
f 211/211/211 210/210/210 209/209/209
f 210/210/210 212/212/212 208/208/208
f 208/208/208 224/224/224 222/222/222
f 1321/1321/1321 1319/1319/1319 1320/1320/1320
f 1319/1319/1319 1283/1283/1283 1320/1320/1320
f 1247/1247/1247 1241/1241/1241 1329/1329/1329
f 2519/2519/2519 2518/2518/2518 2508/2508/2508
f 3747/3747/3747 3755/3755/3755 3754/3754/3754
f 2341/2341/2341 2336/2336/2336 2337/2337/2337
f 1122/1122/1122 1126/1126/1126 1114/1114/1114
f 375/375/375 372/372/372 445/445/445
f 2992/2992/2992 2991/2991/2991 2993/2993/2993
f 3001/3001/3001 3025/3025/3025 3011/3011/3011
f 3025/3025/3025 3024/3024/3024 3011/3011/3011
f 3011/3011/3011 3024/3024/3024 3019/3019/3019
f 877/877/877 853/853/853 876/876/876
f 1886/1886/1886 1829/1829/1829 1834/1834/1834
f 1932/1932/1932 1902/1902/1902 1901/1901/1901
f 1834/1834/1834 1829/1829/1829 1812/1812/1812
f 1826/1826/1826 1810/1810/1810 1811/1811/1811
f 1826/1826/1826 1811/1811/1811 1827/1827/1827
f 3697/3697/3697 3714/3714/3714 3696/3696/3696
f 3250/3250/3250 3697/3697/3697 3696/3696/3696
f 1840/1840/1840 1827/1827/1827 1858/1858/1858
f 1880/1880/1880 1840/1840/1840 1858/1858/1858
f 1320/1320/1320 1283/1283/1283 1303/1303/1303
f 3755/3755/3755 3744/3744/3744 3758/3758/3758
f 3758/3758/3758 3770/3770/3770 3769/3769/3769
f 3752/3752/3752 3749/3749/3749 3748/3748/3748
f 3749/3749/3749 3745/3745/3745 3748/3748/3748
f 2336/2336/2336 2326/2326/2326 2335/2335/2335
f 2337/2337/2337 2336/2336/2336 2335/2335/2335
f 445/445/445 470/470/470 583/583/583
f 583/583/583 470/470/470 582/582/582
f 3024/3024/3024 3026/3026/3026 3019/3019/3019
f 3019/3019/3019 3026/3026/3026 3020/3020/3020
f 3020/3020/3020 3026/3026/3026 3028/3028/3028
f 3028/3028/3028 3036/3036/3036 3029/3029/3029
f 1901/1901/1901 1902/1902/1902 1886/1886/1886
f 1834/1834/1834 1812/1812/1812 1845/1845/1845
f 1845/1845/1845 1812/1812/1812 1836/1836/1836
f 1836/1836/1836 1812/1812/1812 1810/1810/1810
f 1836/1836/1836 1810/1810/1810 1826/1826/1826
f 1859/1859/1859 1836/1836/1836 1826/1826/1826
f 1838/1838/1838 1826/1826/1826 1827/1827/1827
f 1838/1838/1838 1827/1827/1827 1840/1840/1840
f 3157/3157/3157 3156/3156/3156 3192/3192/3192
f 208/208/208 222/222/222 206/206/206
f 216/216/216 235/235/235 229/229/229
f 229/229/229 235/235/235 237/237/237
f 1283/1283/1283 1260/1260/1260 1299/1299/1299
f 1260/1260/1260 1242/1242/1242 1274/1274/1274
f 3769/3769/3769 3770/3770/3770 3779/3779/3779
f 3746/3746/3746 3747/3747/3747 3754/3754/3754
f 3748/3748/3748 3745/3745/3745 3746/3746/3746
f 2183/2183/2183 2179/2179/2179 2186/2186/2186
f 2183/2183/2183 2186/2186/2186 2190/2190/2190
f 358/358/358 356/356/356 375/375/375
f 446/446/446 375/375/375 445/445/445
f 473/473/473 445/445/445 583/583/583
f 582/582/582 581/581/581 596/596/596
f 3001/3001/3001 2992/2992/2992 2971/2971/2971
f 3001/3001/3001 2971/2971/2971 3025/3025/3025
f 3078/3078/3078 3047/3047/3047 3079/3079/3079
f 3028/3028/3028 3035/3035/3035 3036/3036/3036
f 1878/1878/1878 1886/1886/1886 1834/1834/1834
f 1901/1901/1901 1886/1886/1886 1878/1878/1878
f 1878/1878/1878 1834/1834/1834 1845/1845/1845
f 1933/1933/1933 1932/1932/1932 1901/1901/1901
f 1977/1977/1977 1975/1975/1975 1933/1933/1933
f 1859/1859/1859 1826/1826/1826 1838/1838/1838
f 3666/3666/3666 3248/3248/3248 3250/3250/3250
f 209/209/209 210/210/210 208/208/208
f 207/207/207 209/209/209 208/208/208
f 207/207/207 208/208/208 206/206/206
f 206/206/206 222/222/222 216/216/216
f 1303/1303/1303 1283/1283/1283 1299/1299/1299
f 1299/1299/1299 1260/1260/1260 1274/1274/1274
f 1274/1274/1274 1242/1242/1242 1280/1280/1280
f 3754/3754/3754 3755/3755/3755 3757/3757/3757
f 3755/3755/3755 3758/3758/3758 3769/3769/3769
f 357/357/357 358/358/358 359/359/359
f 358/358/358 375/375/375 434/434/434
f 446/446/446 445/445/445 473/473/473
f 757/757/757 848/848/848 756/756/756
f 3028/3028/3028 3026/3026/3026 3035/3035/3035
f 3039/3039/3039 3049/3049/3049 3047/3047/3047
f 1901/1901/1901 1878/1878/1878 1879/1879/1879
f 1933/1933/1933 1901/1901/1901 1909/1909/1909
f 2003/2003/2003 1975/1975/1975 1977/1977/1977
f 1859/1859/1859 1838/1838/1838 1870/1870/1870
f 1870/1870/1870 1838/1838/1838 1840/1840/1840
f 207/207/207 206/206/206 202/202/202
f 228/228/228 237/237/237 240/240/240
f 3746/3746/3746 3754/3754/3754 3753/3753/3753
f 2168/2168/2168 2169/2169/2169 2167/2167/2167
f 3750/3750/3750 3746/3746/3746 3751/3751/3751
f 2337/2337/2337 2335/2335/2335 2338/2338/2338
f 434/434/434 375/375/375 446/446/446
f 583/583/583 582/582/582 584/584/584
f 3025/3025/3025 2971/2971/2971 3034/3034/3034
f 3024/3024/3024 3025/3025/3025 3034/3034/3034
f 3034/3034/3034 3033/3033/3033 3024/3024/3024
f 3024/3024/3024 3033/3033/3033 3026/3026/3026
f 3026/3026/3026 3033/3033/3033 3035/3035/3035
f 1879/1879/1879 1878/1878/1878 1874/1874/1874
f 1909/1909/1909 1901/1901/1901 1879/1879/1879
f 1874/1874/1874 1878/1878/1878 1845/1845/1845
f 1874/1874/1874 1845/1845/1845 1836/1836/1836
f 1860/1860/1860 1836/1836/1836 1859/1859/1859
f 1875/1875/1875 1860/1860/1860 1859/1859/1859
f 1875/1875/1875 1859/1859/1859 1870/1870/1870
f 1870/1870/1870 1840/1840/1840 1871/1871/1871
f 1876/1876/1876 1870/1870/1870 1871/1871/1871
f 1871/1871/1871 1840/1840/1840 1880/1880/1880
f 1871/1871/1871 1880/1880/1880 1882/1882/1882
f 1885/1885/1885 1871/1871/1871 1882/1882/1882
f 202/202/202 206/206/206 203/203/203
f 203/203/203 206/206/206 216/216/216
f 216/216/216 229/229/229 217/217/217
f 229/229/229 237/237/237 228/228/228
f 228/228/228 240/240/240 231/231/231
f 231/231/231 240/240/240 241/241/241
f 231/231/231 241/241/241 238/238/238
f 1308/1308/1308 1303/1303/1303 1299/1299/1299
f 3755/3755/3755 3769/3769/3769 3767/3767/3767
f 3753/3753/3753 3754/3754/3754 3757/3757/3757
f 3751/3751/3751 3746/3746/3746 3753/3753/3753
f 361/361/361 358/358/358 434/434/434
f 2993/2993/2993 2957/2957/2957 2956/2956/2956
f 3036/3036/3036 3035/3035/3035 3044/3044/3044
f 1933/1933/1933 1909/1909/1909 1945/1945/1945
f 1977/1977/1977 1933/1933/1933 1945/1945/1945
f 2004/2004/2004 2003/2003/2003 1977/1977/1977
f 1877/1877/1877 1875/1875/1875 1870/1870/1870
f 3205/3205/3205 3157/3157/3157 3192/3192/3192
f 203/203/203 216/216/216 205/205/205
f 205/205/205 216/216/216 217/217/217
f 3753/3753/3753 3757/3757/3757 3756/3756/3756
f 3757/3757/3757 3755/3755/3755 3767/3767/3767
f 3769/3769/3769 3779/3779/3779 3778/3778/3778
f 2317/2317/2317 2326/2326/2326 2321/2321/2321
f 2335/2335/2335 2326/2326/2326 2317/2317/2317
f 2338/2338/2338 2335/2335/2335 2339/2339/2339
f 2993/2993/2993 2956/2956/2956 2971/2971/2971
f 1879/1879/1879 1874/1874/1874 1893/1893/1893
f 1893/1893/1893 1874/1874/1874 1881/1881/1881
f 1881/1881/1881 1874/1874/1874 1836/1836/1836
f 1881/1881/1881 1836/1836/1836 1860/1860/1860
f 1892/1892/1892 1860/1860/1860 1875/1875/1875
f 3666/3666/3666 3696/3696/3696 3688/3688/3688
f 1877/1877/1877 1870/1870/1870 1876/1876/1876
f 1883/1883/1883 1876/1876/1876 1871/1871/1871
f 1883/1883/1883 1871/1871/1871 1884/1884/1884
f 1884/1884/1884 1871/1871/1871 1885/1885/1885
f 203/203/203 205/205/205 204/204/204
f 217/217/217 229/229/229 228/228/228
f 3778/3778/3778 3779/3779/3779 3781/3781/3781
f 2339/2339/2339 2335/2335/2335 2317/2317/2317
f 2183/2183/2183 2195/2195/2195 2191/2191/2191
f 360/360/360 358/358/358 361/361/361
f 473/473/473 583/583/583 478/478/478
f 585/585/585 583/583/583 584/584/584
f 2971/2971/2971 2956/2956/2956 2970/2970/2970
f 2971/2971/2971 2970/2970/2970 3034/3034/3034
f 612/612/612 584/584/584 596/596/596
f 3033/3033/3033 3034/3034/3034 3037/3037/3037
f 1909/1909/1909 1879/1879/1879 1893/1893/1893
f 1891/1891/1891 1881/1881/1881 1860/1860/1860
f 1891/1891/1891 1860/1860/1860 1892/1892/1892
f 1892/1892/1892 1875/1875/1875 1877/1877/1877
f 1877/1877/1877 1876/1876/1876 1895/1895/1895
f 202/202/202 203/203/203 204/204/204
f 1308/1308/1308 1299/1299/1299 1302/1302/1302
f 1302/1302/1302 1299/1299/1299 1274/1274/1274
f 3756/3756/3756 3757/3757/3757 3767/3767/3767
f 3751/3751/3751 3753/3753/3753 3756/3756/3756
f 434/434/434 446/446/446 471/471/471
f 471/471/471 446/446/446 473/473/473
f 471/471/471 473/473/473 478/478/478
f 585/585/585 478/478/478 583/583/583
f 585/585/585 584/584/584 586/586/586
f 3034/3034/3034 3045/3045/3045 3037/3037/3037
f 3035/3035/3035 3048/3048/3048 3050/3050/3050
f 3050/3050/3050 3051/3051/3051 3049/3049/3049
f 1945/1945/1945 1909/1909/1909 1923/1923/1923
f 1923/1923/1923 1909/1909/1909 1893/1893/1893
f 1979/1979/1979 1977/1977/1977 1945/1945/1945
f 1891/1891/1891 1892/1892/1892 1905/1905/1905
f 3688/3688/3688 3665/3665/3665 3666/3666/3666
f 1895/1895/1895 1876/1876/1876 1889/1889/1889
f 1889/1889/1889 1876/1876/1876 1883/1883/1883
f 1884/1884/1884 1885/1885/1885 1894/1894/1894
f 1302/1302/1302 1274/1274/1274 1289/1289/1289
f 3768/3768/3768 3769/3769/3769 3778/3778/3778
f 3772/3772/3772 3751/3751/3751 3759/3759/3759
f 2154/2154/2154 2167/2167/2167 2142/2142/2142
f 362/362/362 359/359/359 360/360/360
f 3034/3034/3034 2970/2970/2970 3045/3045/3045
f 3045/3045/3045 3046/3046/3046 3037/3037/3037
f 3037/3037/3037 3046/3046/3046 3048/3048/3048
f 1904/1904/1904 1891/1891/1891 1905/1905/1905
f 1892/1892/1892 1877/1877/1877 1911/1911/1911
f 1911/1911/1911 1877/1877/1877 1895/1895/1895
f 1883/1883/1883 1884/1884/1884 1896/1896/1896
f 1896/1896/1896 1884/1884/1884 1894/1894/1894
f 219/219/219 228/228/228 231/231/231
f 1302/1302/1302 1289/1289/1289 1305/1305/1305
f 3764/3764/3764 3756/3756/3756 3767/3767/3767
f 3750/3750/3750 3751/3751/3751 3772/3772/3772
f 2317/2317/2317 2321/2321/2321 2275/2275/2275
f 2172/2172/2172 2183/2183/2183 2191/2191/2191
f 361/361/361 434/434/434 450/450/450
f 479/479/479 471/471/471 478/478/478
f 1923/1923/1923 1893/1893/1893 1916/1916/1916
f 1979/1979/1979 1945/1945/1945 1937/1937/1937
f 1937/1937/1937 1945/1945/1945 1923/1923/1923
f 1903/1903/1903 1916/1916/1916 1893/1893/1893
f 1893/1893/1893 1881/1881/1881 1903/1903/1903
f 1903/1903/1903 1881/1881/1881 1891/1891/1891
f 1903/1903/1903 1891/1891/1891 1904/1904/1904
f 2004/2004/2004 1977/1977/1977 1979/1979/1979
f 1905/1905/1905 1892/1892/1892 1911/1911/1911
f 3241/3241/3241 3240/3240/3240 3664/3664/3664
f 1912/1912/1912 1911/1911/1911 1895/1895/1895
f 1912/1912/1912 1895/1895/1895 1889/1889/1889
f 1907/1907/1907 1889/1889/1889 1883/1883/1883
f 1907/1907/1907 1883/1883/1883 1896/1896/1896
f 1896/1896/1896 1894/1894/1894 1924/1924/1924
f 204/204/204 205/205/205 214/214/214
f 214/214/214 205/205/205 217/217/217
f 217/217/217 228/228/228 219/219/219
f 219/219/219 231/231/231 221/221/221
f 1308/1308/1308 1302/1302/1302 1315/1315/1315
f 3766/3766/3766 3756/3756/3756 3764/3764/3764
f 2275/2275/2275 2321/2321/2321 2274/2274/2274
f 2328/2328/2328 2339/2339/2339 2317/2317/2317
f 2354/2354/2354 2339/2339/2339 2328/2328/2328
f 479/479/479 478/478/478 588/588/588
f 3045/3045/3045 2970/2970/2970 2969/2969/2969
f 3050/3050/3050 3054/3054/3054 3051/3051/3051
f 1937/1937/1937 1923/1923/1923 1928/1928/1928
f 1910/1910/1910 1904/1904/1904 1905/1905/1905
f 3682/3682/3682 3665/3665/3665 3688/3688/3688
f 3682/3682/3682 3664/3664/3664 3665/3665/3665
f 3241/3241/3241 3215/3215/3215 3205/3205/3205
f 1922/1922/1922 1912/1912/1912 1889/1889/1889
f 1922/1922/1922 1889/1889/1889 1907/1907/1907
f 1907/1907/1907 1896/1896/1896 1924/1924/1924
f 1924/1924/1924 1894/1894/1894 1929/1929/1929
f 215/215/215 204/204/204 214/214/214
f 214/214/214 217/217/217 219/219/219
f 239/239/239 238/238/238 92/92/92
f 1315/1315/1315 1302/1302/1302 1305/1305/1305
f 3765/3765/3765 3767/3767/3767 3768/3768/3768
f 3768/3768/3768 3778/3778/3778 3781/3781/3781
f 3751/3751/3751 3756/3756/3756 3759/3759/3759
f 3759/3759/3759 3756/3756/3756 3760/3760/3760
f 3760/3760/3760 3756/3756/3756 3766/3766/3766
f 2142/2142/2142 2167/2167/2167 2134/2134/2134
f 2134/2134/2134 2167/2167/2167 2172/2172/2172
f 448/448/448 361/361/361 450/450/450
f 450/450/450 434/434/434 471/471/471
f 588/588/588 478/478/478 585/585/585
f 587/587/587 585/585/585 586/586/586
f 1928/1928/1928 1923/1923/1923 1916/1916/1916
f 1979/1979/1979 2017/2017/2017 2004/2004/2004
f 1944/1944/1944 1912/1912/1912 1922/1922/1922
f 221/221/221 231/231/231 238/238/238
f 221/221/221 238/238/238 239/239/239
f 2302/2302/2302 2317/2317/2317 2275/2275/2275
f 2172/2172/2172 2191/2191/2191 2180/2180/2180
f 2956/2956/2956 2953/2953/2953 2955/2955/2955
f 587/587/587 586/586/586 613/613/613
f 3052/3052/3052 3055/3055/3055 3046/3046/3046
f 1910/1910/1910 1903/1903/1903 1904/1904/1904
f 1911/1911/1911 1910/1910/1910 1905/1905/1905
f 1949/1949/1949 1944/1944/1944 1922/1922/1922
f 1934/1934/1934 1922/1922/1922 1907/1907/1907
f 1934/1934/1934 1907/1907/1907 1924/1924/1924
f 214/214/214 219/219/219 220/220/220
f 221/221/221 239/239/239 230/230/230
f 1315/1315/1315 1305/1305/1305 1311/1311/1311
f 3768/3768/3768 3781/3781/3781 3776/3776/3776
f 2154/2154/2154 2142/2142/2142 2141/2141/2141
f 369/369/369 360/360/360 448/448/448
f 472/472/472 450/450/450 471/471/471
f 588/588/588 585/585/585 587/587/587
f 3055/3055/3055 3056/3056/3056 3046/3046/3046
f 3050/3050/3050 3053/3053/3053 3054/3054/3054
f 1978/1978/1978 1979/1979/1979 1937/1937/1937
f 2017/2017/2017 1979/1979/1979 1978/1978/1978
f 1911/1911/1911 1912/1912/1912 1914/1914/1914
f 1949/1949/1949 1922/1922/1922 1934/1934/1934
f 1965/1965/1965 1929/1929/1929 1966/1966/1966
f 239/239/239 92/92/92 91/91/91
f 1311/1311/1311 1305/1305/1305 1306/1306/1306
f 1311/1311/1311 1306/1306/1306 1312/1312/1312
f 2149/2149/2149 2154/2154/2154 2141/2141/2141
f 2141/2141/2141 2142/2142/2142 2134/2134/2134
f 472/472/472 471/471/471 480/480/480
f 480/480/480 471/471/471 479/479/479
f 479/479/479 588/588/588 480/480/480
f 2953/2953/2953 2951/2951/2951 2955/2955/2955
f 1915/1915/1915 1916/1916/1916 1903/1903/1903
f 1915/1915/1915 1903/1903/1903 1910/1910/1910
f 1913/1913/1913 1910/1910/1910 1911/1911/1911
f 1913/1913/1913 1911/1911/1911 1914/1914/1914
f 1936/1936/1936 1912/1912/1912 1944/1944/1944
f 220/220/220 219/219/219 221/221/221
f 91/91/91 92/92/92 88/88/88
f 1312/1312/1312 1309/1309/1309 1313/1313/1313
f 3763/3763/3763 3760/3760/3760 3764/3764/3764
f 3772/3772/3772 3759/3759/3759 3762/3762/3762
f 3762/3762/3762 3759/3759/3759 3760/3760/3760
f 2291/2291/2291 2302/2302/2302 2275/2275/2275
f 1120/1120/1120 1128/1128/1128 1113/1113/1113
f 3052/3052/3052 2968/2968/2968 3055/3055/3055
f 843/843/843 752/752/752 754/754/754
f 1940/1940/1940 1937/1937/1937 1928/1928/1928
f 1928/1928/1928 1916/1916/1916 1915/1915/1915
f 1915/1915/1915 1910/1910/1910 1913/1913/1913
f 1997/1997/1997 2017/2017/2017 1978/1978/1978
f 3241/3241/3241 3664/3664/3664 3659/3659/3659
f 1914/1914/1914 1912/1912/1912 1936/1936/1936
f 1946/1946/1946 1934/1934/1934 1924/1924/1924
f 1946/1946/1946 1924/1924/1924 1929/1929/1929
f 220/220/220 221/221/221 223/223/223
f 230/230/230 239/239/239 266/266/266
f 239/239/239 91/91/91 266/266/266
f 3763/3763/3763 3764/3764/3764 3765/3765/3765
f 3765/3765/3765 3768/3768/3768 3775/3775/3775
f 3775/3775/3775 3768/3768/3768 3776/3776/3776
f 3762/3762/3762 3760/3760/3760 3763/3763/3763
f 3773/3773/3773 3772/3772/3772 3762/3762/3762
f 2129/2129/2129 2180/2180/2180 2184/2184/2184
f 485/485/485 448/448/448 450/450/450
f 1100/1100/1100 1102/1102/1102 1098/1098/1098
f 1978/1978/1978 1937/1937/1937 1940/1940/1940
f 1935/1935/1935 1928/1928/1928 1915/1915/1915
f 1939/1939/1939 1914/1914/1914 1936/1936/1936
f 1936/1936/1936 1944/1944/1944 1949/1949/1949
f 1964/1964/1964 1936/1936/1936 1949/1949/1949
f 1949/1949/1949 1934/1934/1934 1946/1946/1946
f 1963/1963/1963 1946/1946/1946 1929/1929/1929
f 1963/1963/1963 1929/1929/1929 1965/1965/1965
f 221/221/221 230/230/230 226/226/226
f 2141/2141/2141 2134/2134/2134 2130/2130/2130
f 2275/2275/2275 2274/2274/2274 2264/2264/2264
f 490/490/490 448/448/448 485/485/485
f 1105/1105/1105 1109/1109/1109 1098/1098/1098
f 589/589/589 587/587/587 601/601/601
f 1940/1940/1940 1928/1928/1928 1935/1935/1935
f 3659/3659/3659 3682/3682/3682 3715/3715/3715
f 1938/1938/1938 1913/1913/1913 1914/1914/1914
f 1939/1939/1939 1938/1938/1938 1914/1914/1914
f 3247/3247/3247 3241/3241/3241 3643/3643/3643
f 1949/1949/1949 1946/1946/1946 1989/1989/1989
f 1988/1988/1988 1965/1965/1965 1998/1998/1998
f 223/223/223 221/221/221 226/226/226
f 2264/2264/2264 2274/2274/2274 2257/2257/2257
f 2291/2291/2291 2275/2275/2275 2264/2264/2264
f 2130/2130/2130 2134/2134/2134 2129/2129/2129
f 369/369/369 448/448/448 490/490/490
f 450/450/450 472/472/472 481/481/481
f 481/481/481 472/472/472 480/480/480
f 590/590/590 480/480/480 589/589/589
f 2955/2955/2955 2959/2959/2959 2968/2968/2968
f 1997/1997/1997 1978/1978/1978 1984/1984/1984
f 1984/1984/1984 1978/1978/1978 1940/1940/1940
f 1984/1984/1984 1940/1940/1940 1950/1950/1950
f 1915/1915/1915 1913/1913/1913 1938/1938/1938
f 1915/1915/1915 1938/1938/1938 1942/1942/1942
f 3683/3683/3683 3659/3659/3659 3715/3715/3715
f 1989/1989/1989 1946/1946/1946 1963/1963/1963
f 1988/1988/1988 1963/1963/1963 1965/1965/1965
f 226/226/226 230/230/230 243/243/243
f 243/243/243 230/230/230 266/266/266
f 87/87/87 91/91/91 88/88/88
f 1311/1311/1311 1312/1312/1312 1314/1314/1314
f 1312/1312/1312 1313/1313/1313 1314/1314/1314
f 1316/1316/1316 1313/1313/1313 1322/1322/1322
f 2257/2257/2257 2256/2256/2256 2250/2250/2250
f 1194/1194/1194 1193/1193/1193 1145/1145/1145
f 2184/2184/2184 2196/2196/2196 2203/2203/2203
f 485/485/485 450/450/450 482/482/482
f 482/482/482 450/450/450 481/481/481
f 1950/1950/1950 1940/1940/1940 1935/1935/1935
f 1935/1935/1935 1915/1915/1915 1942/1942/1942
f 1939/1939/1939 1936/1936/1936 1964/1964/1964
f 1964/1964/1964 1949/1949/1949 1989/1989/1989
f 3771/3771/3771 3763/3763/3763 3765/3765/3765
f 3771/3771/3771 3765/3765/3765 3774/3774/3774
f 3774/3774/3774 3765/3765/3765 3775/3775/3775
f 2143/2143/2143 2149/2149/2149 2141/2141/2141
f 2264/2264/2264 2257/2257/2257 2250/2250/2250
f 2128/2128/2128 2129/2129/2129 2126/2126/2126
f 1947/1947/1947 1935/1935/1935 1942/1942/1942
f 3643/3643/3643 3659/3659/3659 3683/3683/3683
f 2002/2002/2002 1989/1989/1989 1963/1963/1963
f 227/227/227 223/223/223 226/226/226
f 260/260/260 91/91/91 87/87/87
f 88/88/88 86/86/86 87/87/87
f 3771/3771/3771 3762/3762/3762 3763/3763/3763
f 2130/2130/2130 2129/2129/2129 2128/2128/2128
f 2291/2291/2291 2264/2264/2264 2292/2292/2292
f 481/481/481 480/480/480 590/590/590
f 3064/3064/3064 3067/3067/3067 3076/3076/3076
f 1950/1950/1950 1935/1935/1935 1947/1947/1947
f 1938/1938/1938 1939/1939/1939 1956/1956/1956
f 1939/1939/1939 1964/1964/1964 1991/1991/1991
f 2002/2002/2002 1963/1963/1963 1988/1988/1988
f 1988/1988/1988 1998/1998/1998 1999/1999/1999
f 227/227/227 226/226/226 243/243/243
f 243/243/243 266/266/266 260/260/260
f 1314/1314/1314 1313/1313/1313 1316/1316/1316
f 2143/2143/2143 2141/2141/2141 2130/2130/2130
f 2181/2181/2181 2126/2126/2126 2184/2184/2184
f 1098/1098/1098 1101/1101/1101 1099/1099/1099
f 591/591/591 590/590/590 589/589/589
f 1985/1985/1985 1950/1950/1950 1967/1967/1967
f 1967/1967/1967 1950/1950/1950 1947/1947/1947
f 1942/1942/1942 1938/1938/1938 1956/1956/1956
f 3642/3642/3642 3247/3247/3247 3643/3643/3643
f 3642/3642/3642 3643/3643/3643 3683/3683/3683
f 3226/3226/3226 3247/3247/3247 3227/3227/3227
f 1991/1991/1991 1989/1989/1989 2002/2002/2002
f 1988/1988/1988 1999/1999/1999 2015/2015/2015
f 244/244/244 243/243/243 260/260/260
f 260/260/260 87/87/87 271/271/271
f 3780/3780/3780 3771/3771/3771 3774/3774/3774
f 2250/2250/2250 2256/2256/2256 2245/2245/2245
f 2264/2264/2264 2250/2250/2250 2261/2261/2261
f 1186/1186/1186 1193/1193/1193 1196/1196/1196
f 1145/1145/1145 1193/1193/1193 1186/1186/1186
f 490/490/490 485/485/485 482/482/482
f 484/484/484 481/481/481 590/590/590
f 2951/2951/2951 2946/2946/2946 2947/2947/2947
f 2973/2973/2973 3068/3068/3068 3063/3063/3063
f 1984/1984/1984 1950/1950/1950 1992/1992/1992
f 1992/1992/1992 1950/1950/1950 1985/1985/1985
f 1997/1997/1997 1984/1984/1984 1992/1992/1992
f 1967/1967/1967 1947/1947/1947 1942/1942/1942
f 3683/3683/3683 3715/3715/3715 3712/3712/3712
f 1956/1956/1956 1939/1939/1939 1957/1957/1957
f 1957/1957/1957 1939/1939/1939 1991/1991/1991
f 1991/1991/1991 1964/1964/1964 1989/1989/1989
f 2014/2014/2014 2002/2002/2002 1988/1988/1988
f 227/227/227 243/243/243 244/244/244
f 1314/1314/1314 1316/1316/1316 1317/1317/1317
f 3774/3774/3774 3775/3775/3775 3782/3782/3782
f 2250/2250/2250 2245/2245/2245 2248/2248/2248
f 2138/2138/2138 2143/2143/2143 2130/2130/2130
f 2181/2181/2181 2184/2184/2184 2192/2192/2192
f 3642/3642/3642 3683/3683/3683 3670/3670/3670
f 1969/1969/1969 1942/1942/1942 1956/1956/1956
f 1957/1957/1957 1991/1991/1991 1994/1994/1994
f 2014/2014/2014 1988/1988/1988 2015/2015/2015
f 244/244/244 260/260/260 248/248/248
f 271/271/271 87/87/87 85/85/85
f 85/85/85 87/87/87 86/86/86
f 2244/2244/2244 2245/2245/2245 2243/2243/2243
f 2261/2261/2261 2250/2250/2250 2247/2247/2247
f 2247/2247/2247 2250/2250/2250 2248/2248/2248
f 591/591/591 589/589/589 592/592/592
f 1967/1967/1967 1942/1942/1942 1969/1969/1969
f 3670/3670/3670 3683/3683/3683 3712/3712/3712
f 3227/3227/3227 3247/3247/3247 3642/3642/3642
f 3641/3641/3641 3227/3227/3227 3642/3642/3642
f 2013/2013/2013 1991/1991/1991 2002/2002/2002
f 245/245/245 227/227/227 244/244/244
f 245/245/245 244/244/244 246/246/246
f 248/248/248 260/260/260 271/271/271
f 3783/3783/3783 3774/3774/3774 3782/3782/3782
f 2248/2248/2248 2245/2245/2245 2244/2244/2244
f 2292/2292/2292 2264/2264/2264 2262/2262/2262
f 2262/2262/2262 2264/2264/2264 2261/2261/2261
f 488/488/488 490/490/490 482/482/482
f 484/484/484 590/590/590 593/593/593
f 593/593/593 590/590/590 591/591/591
f 1985/1985/1985 1967/1967/1967 1990/1990/1990
f 3670/3670/3670 3712/3712/3712 3711/3711/3711
f 2015/2015/2015 1999/1999/1999 2031/2031/2031
f 246/246/246 244/244/244 247/247/247
f 247/247/247 244/244/244 248/248/248
f 85/85/85 86/86/86 84/84/84
f 3780/3780/3780 3774/3774/3774 3783/3783/3783
f 2138/2138/2138 2130/2130/2130 2128/2128/2128
f 2301/2301/2301 2292/2292/2292 2262/2262/2262
f 2192/2192/2192 2203/2203/2203 2208/2208/2208
f 483/483/483 482/482/482 481/481/481
f 483/483/483 481/481/481 484/484/484
f 594/594/594 591/591/591 592/592/592
f 2016/2016/2016 1992/1992/1992 1985/1985/1985
f 2027/2027/2027 1992/1992/1992 2016/2016/2016
f 1990/1990/1990 1967/1967/1967 1969/1969/1969
f 1969/1969/1969 1956/1956/1956 1993/1993/1993
f 3207/3207/3207 3193/3193/3193 3227/3227/3227
f 2007/2007/2007 1991/1991/1991 2013/2013/2013
f 2013/2013/2013 2002/2002/2002 2014/2014/2014
f 2156/2156/2156 2155/2155/2155 2143/2143/2143
f 2262/2262/2262 2261/2261/2261 2247/2247/2247
f 2125/2125/2125 2128/2128/2128 2126/2126/2126
f 2182/2182/2182 2181/2181/2181 2192/2192/2192
f 2198/2198/2198 2192/2192/2192 2208/2208/2208
f 593/593/593 591/591/591 594/594/594
f 1956/1956/1956 1957/1957/1957 1993/1993/1993
f 3207/3207/3207 3227/3227/3227 3641/3641/3641
f 1994/1994/1994 1991/1991/1991 2007/2007/2007
f 2014/2014/2014 2015/2015/2015 2020/2020/2020
f 2020/2020/2020 2015/2015/2015 2031/2031/2031
f 2239/2239/2239 2244/2244/2244 2243/2243/2243
f 2239/2239/2239 2243/2243/2243 2156/2156/2156
f 2182/2182/2182 2192/2192/2192 2198/2198/2198
f 2945/2945/2945 2936/2936/2936 2937/2937/2937
f 1996/1996/1996 1985/1985/1985 1990/1990/1990
f 3641/3641/3641 3642/3642/3642 3670/3670/3670
f 1993/1993/1993 1957/1957/1957 1994/1994/1994
f 245/245/245 246/246/246 256/256/256
f 249/249/249 248/248/248 258/258/258
f 258/258/258 248/248/248 271/271/271
f 271/271/271 85/85/85 95/95/95
f 82/82/82 84/84/84 83/83/83
f 102/102/102 131/131/131 134/134/134
f 2247/2247/2247 2248/2248/2248 2244/2244/2244
f 2133/2133/2133 2128/2128/2128 2125/2125/2125
f 2125/2125/2125 2126/2126/2126 2127/2127/2127
f 2126/2126/2126 2181/2181/2181 2127/2127/2127
f 2127/2127/2127 2181/2181/2181 2182/2182/2182
f 488/488/488 482/482/482 483/483/483
f 593/593/593 594/594/594 595/595/595
f 594/594/594 592/592/592 609/609/609
f 3671/3671/3671 3670/3670/3670 3711/3711/3711
f 3640/3640/3640 3641/3641/3641 3670/3670/3670
f 3207/3207/3207 3641/3641/3641 3640/3640/3640
f 3220/3220/3220 3207/3207/3207 3640/3640/3640
f 2020/2020/2020 2031/2031/2031 2039/2039/2039
f 249/249/249 247/247/247 248/248/248
f 95/95/95 85/85/85 82/82/82
f 2239/2239/2239 2156/2156/2156 2225/2225/2225
f 2247/2247/2247 2244/2244/2244 2246/2246/2246
f 2138/2138/2138 2128/2128/2128 2133/2133/2133
f 2352/2352/2352 2292/2292/2292 2301/2301/2301
f 2016/2016/2016 1985/1985/1985 1996/1996/1996
f 2028/2028/2028 2027/2027/2027 2016/2016/2016
f 3640/3640/3640 3670/3670/3670 3671/3671/3671
f 1993/1993/1993 1994/1994/1994 2007/2007/2007
f 2007/2007/2007 2013/2013/2013 2012/2012/2012
f 2013/2013/2013 2014/2014/2014 2023/2023/2023
f 2023/2023/2023 2014/2014/2014 2020/2020/2020
f 256/256/256 246/246/246 247/247/247
f 258/258/258 271/271/271 95/95/95
f 2225/2225/2225 2156/2156/2156 2150/2150/2150
f 2246/2246/2246 2244/2244/2244 2239/2239/2239
f 487/487/487 488/488/488 483/483/483
f 484/484/484 593/593/593 595/595/595
f 1990/1990/1990 1969/1969/1969 1995/1995/1995
f 1995/1995/1995 1969/1969/1969 1993/1993/1993
f 3220/3220/3220 3640/3640/3640 3560/3560/3560
f 2156/2156/2156 2143/2143/2143 2150/2150/2150
f 2150/2150/2150 2143/2143/2143 2133/2133/2133
f 2252/2252/2252 2247/2247/2247 2246/2246/2246
f 2262/2262/2262 2247/2247/2247 2252/2252/2252
f 2301/2301/2301 2262/2262/2262 2300/2300/2300
f 2352/2352/2352 2301/2301/2301 2345/2345/2345
f 2175/2175/2175 2127/2127/2127 2182/2182/2182
f 505/505/505 488/488/488 487/487/487
f 487/487/487 483/483/483 486/486/486
f 486/486/486 483/483/483 484/484/484
f 2028/2028/2028 2016/2016/2016 2008/2008/2008
f 3671/3671/3671 3711/3711/3711 3716/3716/3716
f 3640/3640/3640 3671/3671/3671 3639/3639/3639
f 2006/2006/2006 1993/1993/1993 2007/2007/2007
f 2193/2193/2193 2182/2182/2182 2198/2198/2198
f 2950/2950/2950 2960/2960/2960 2926/2926/2926
f 486/486/486 484/484/484 597/597/597
f 597/597/597 484/484/484 595/595/595
f 595/595/595 594/594/594 600/600/600
f 600/600/600 594/594/594 609/609/609
f 2008/2008/2008 2016/2016/2016 1996/1996/1996
f 2005/2005/2005 1993/1993/1993 2006/2006/2006
f 2012/2012/2012 2013/2013/2013 2026/2026/2026
f 2023/2023/2023 2020/2020/2020 2033/2033/2033
f 2033/2033/2033 2020/2020/2020 2039/2039/2039
f 249/249/249 258/258/258 254/254/254
f 95/95/95 82/82/82 80/80/80
f 2246/2246/2246 2239/2239/2239 2233/2233/2233
f 2150/2150/2150 2133/2133/2133 2147/2147/2147
f 2125/2125/2125 2127/2127/2127 2131/2131/2131
f 597/597/597 595/595/595 598/598/598
f 1996/1996/1996 1990/1990/1990 1995/1995/1995
f 1995/1995/1995 1993/1993/1993 2005/2005/2005
f 3639/3639/3639 3671/3671/3671 3691/3691/3691
f 3560/3560/3560 3640/3640/3640 3639/3639/3639
f 2006/2006/2006 2007/2007/2007 2011/2011/2011
f 2011/2011/2011 2007/2007/2007 2012/2012/2012
f 3219/3219/3219 3211/3211/3211 3528/3528/3528
f 2225/2225/2225 2150/2150/2150 2157/2157/2157
f 2147/2147/2147 2133/2133/2133 2140/2140/2140
f 2249/2249/2249 2252/2252/2252 2246/2246/2246
f 2283/2283/2283 2262/2262/2262 2252/2252/2252
f 2300/2300/2300 2262/2262/2262 2283/2283/2283
f 2175/2175/2175 2182/2182/2182 2193/2193/2193
f 2961/2961/2961 2962/2962/2962 2926/2926/2926
f 2932/2932/2932 2943/2943/2943 2942/2942/2942
f 2008/2008/2008 1996/1996/1996 2000/2000/2000
f 2000/2000/2000 1996/1996/1996 1995/1995/1995
f 2029/2029/2029 2028/2028/2028 2008/2008/2008
f 3691/3691/3691 3671/3671/3671 3716/3716/3716
f 3537/3537/3537 3560/3560/3560 3639/3639/3639
f 2023/2023/2023 2033/2033/2033 2034/2034/2034
f 254/254/254 258/258/258 95/95/95
f 2233/2233/2233 2239/2239/2239 2225/2225/2225
f 2157/2157/2157 2150/2150/2150 2147/2147/2147
f 2249/2249/2249 2246/2246/2246 2233/2233/2233
f 2140/2140/2140 2133/2133/2133 2132/2132/2132
f 2132/2132/2132 2133/2133/2133 2125/2125/2125
f 504/504/504 505/505/505 487/487/487
f 598/598/598 595/595/595 600/600/600
f 2025/2025/2025 2012/2012/2012 2026/2026/2026
f 2026/2026/2026 2013/2013/2013 2023/2023/2023
f 80/80/80 82/82/82 79/79/79
f 83/83/83 110/110/110 89/89/89
f 2249/2249/2249 2233/2233/2233 2237/2237/2237
f 2132/2132/2132 2125/2125/2125 2131/2131/2131
f 2193/2193/2193 2198/2198/2198 2204/2204/2204
f 2000/2000/2000 1995/1995/1995 2009/2009/2009
f 2005/2005/2005 2006/2006/2006 2010/2010/2010
f 3638/3638/3638 3639/3639/3639 3691/3691/3691
f 3537/3537/3537 3639/3639/3639 3638/3638/3638
f 2025/2025/2025 2011/2011/2011 2012/2012/2012
f 256/256/256 247/247/247 250/250/250
f 250/250/250 247/247/247 249/249/249
f 79/79/79 83/83/83 89/89/89
f 2252/2252/2252 2249/2249/2249 2258/2258/2258
f 2283/2283/2283 2252/2252/2252 2290/2290/2290
f 486/486/486 597/597/597 599/599/599
f 599/599/599 597/597/597 598/598/598
f 2009/2009/2009 1995/1995/1995 2005/2005/2005
f 3689/3689/3689 3638/3638/3638 3691/3691/3691
f 2010/2010/2010 2006/2006/2006 2011/2011/2011
f 2025/2025/2025 2026/2026/2026 2024/2024/2024
f 2033/2033/2033 2039/2039/2039 2040/2040/2040
f 250/250/250 249/249/249 251/251/251
f 249/249/249 254/254/254 251/251/251
f 254/254/254 95/95/95 263/263/263
f 251/251/251 254/254/254 263/263/263
f 263/263/263 95/95/95 80/80/80
f 2237/2237/2237 2233/2233/2233 2224/2224/2224
f 2224/2224/2224 2233/2233/2233 2225/2225/2225
f 2224/2224/2224 2225/2225/2225 2157/2157/2157
f 2345/2345/2345 2300/2300/2300 2318/2318/2318
f 1191/1191/1191 1170/1170/1170 1182/1182/1182
f 2019/2019/2019 2008/2008/2008 2000/2000/2000
f 3518/3518/3518 3528/3528/3528 3537/3537/3537
f 257/257/257 256/256/256 250/250/250
f 2146/2146/2146 2157/2157/2157 2147/2147/2147
f 2140/2140/2140 2132/2132/2132 2135/2135/2135
f 2252/2252/2252 2258/2258/2258 2268/2268/2268
f 2131/2131/2131 2127/2127/2127 2137/2137/2137
f 2318/2318/2318 2300/2300/2300 2283/2283/2283
f 491/491/491 504/504/504 487/487/487
f 489/489/489 487/487/487 486/486/486
f 2912/2912/2912 2910/2910/2910 2906/2906/2906
f 829/829/829 832/832/832 834/834/834
f 2019/2019/2019 2000/2000/2000 2018/2018/2018
f 2018/2018/2018 2000/2000/2000 2009/2009/2009
f 2032/2032/2032 2026/2026/2026 2023/2023/2023
f 2023/2023/2023 2034/2034/2034 2032/2032/2032
f 2033/2033/2033 2040/2040/2040 2036/2036/2036
f 79/79/79 89/89/89 81/81/81
f 2224/2224/2224 2157/2157/2157 2222/2222/2222
f 2222/2222/2222 2157/2157/2157 2146/2146/2146
f 2146/2146/2146 2147/2147/2147 2140/2140/2140
f 2258/2258/2258 2249/2249/2249 2254/2254/2254
f 2254/2254/2254 2249/2249/2249 2237/2237/2237
f 2137/2137/2137 2127/2127/2127 2175/2175/2175
f 2175/2175/2175 2193/2193/2193 2176/2176/2176
f 2193/2193/2193 2204/2204/2204 2201/2201/2201
f 491/491/491 487/487/487 489/489/489
f 2910/2910/2910 2909/2909/2909 2906/2906/2906
f 2029/2029/2029 2008/2008/2008 2019/2019/2019
f 2035/2035/2035 2028/2028/2028 2029/2029/2029
f 3689/3689/3689 3691/3691/3691 3713/3713/3713
f 2032/2032/2032 2034/2034/2034 2036/2036/2036
f 2036/2036/2036 2034/2034/2034 2033/2033/2033
f 2132/2132/2132 2131/2131/2131 2135/2135/2135
f 2318/2318/2318 2283/2283/2283 2290/2290/2290
f 2344/2344/2344 2345/2345/2345 2318/2318/2318
f 2201/2201/2201 2204/2204/2204 2210/2210/2210
f 2943/2943/2943 2935/2935/2935 2941/2941/2941
f 2022/2022/2022 2010/2010/2010 2011/2011/2011
f 2011/2011/2011 2025/2025/2025 2024/2024/2024
f 257/257/257 250/250/250 252/252/252
f 252/252/252 250/250/250 251/251/251
f 251/251/251 263/263/263 264/264/264
f 263/263/263 80/80/80 78/78/78
f 80/80/80 79/79/79 78/78/78
f 78/78/78 79/79/79 77/77/77
f 2226/2226/2226 2224/2224/2224 2222/2222/2222
f 2146/2146/2146 2140/2140/2140 2135/2135/2135
f 2299/2299/2299 2252/2252/2252 2268/2268/2268
f 2290/2290/2290 2252/2252/2252 2299/2299/2299
f 599/599/599 598/598/598 724/724/724
f 727/727/727 598/598/598 600/600/600
f 2035/2035/2035 2029/2029/2029 2030/2030/2030
f 2009/2009/2009 2005/2005/2005 2010/2010/2010
f 2011/2011/2011 2024/2024/2024 2022/2022/2022
f 77/77/77 79/79/79 81/81/81
f 2221/2221/2221 2222/2222/2222 2146/2146/2146
f 2268/2268/2268 2258/2258/2258 2254/2254/2254
f 2318/2318/2318 2290/2290/2290 2319/2319/2319
f 2137/2137/2137 2175/2175/2175 2176/2176/2176
f 2923/2923/2923 2927/2927/2927 2935/2935/2935
f 602/602/602 486/486/486 599/599/599
f 2018/2018/2018 2009/2009/2009 2021/2021/2021
f 2021/2021/2021 2009/2009/2009 2010/2010/2010
f 2021/2021/2021 2010/2010/2010 2022/2022/2022
f 2036/2036/2036 2040/2040/2040 2041/2041/2041
f 252/252/252 251/251/251 253/253/253
f 253/253/253 251/251/251 264/264/264
f 264/264/264 263/263/263 78/78/78
f 2237/2237/2237 2224/2224/2224 2226/2226/2226
f 2176/2176/2176 2193/2193/2193 2201/2201/2201
f 868/868/868 816/816/816 817/817/817
f 2030/2030/2030 2029/2029/2029 2019/2019/2019
f 2803/2803/2803 2818/2818/2818 2813/2813/2813
f 2024/2024/2024 2026/2026/2026 2037/2037/2037
f 2026/2026/2026 2032/2032/2032 2038/2038/2038
f 2822/2822/2822 2823/2823/2823 2812/2812/2812
f 89/89/89 121/121/121 107/107/107
f 2319/2319/2319 2290/2290/2290 2299/2299/2299
f 1195/1195/1195 1184/1184/1184 1191/1191/1191
f 492/492/492 491/491/491 489/489/489
f 603/603/603 599/599/599 724/724/724
f 2820/2820/2820 2818/2818/2818 2803/2803/2803
f 3679/3679/3679 3689/3689/3689 3713/3713/3713
f 2807/2807/2807 2814/2814/2814 2816/2816/2816
f 2037/2037/2037 2026/2026/2026 2038/2038/2038
f 2811/2811/2811 2822/2822/2822 2812/2812/2812
f 2237/2237/2237 2226/2226/2226 2238/2238/2238
f 2145/2145/2145 2146/2146/2146 2135/2135/2135
f 2325/2325/2325 2318/2318/2318 2319/2319/2319
f 2343/2343/2343 2318/2318/2318 2325/2325/2325
f 2206/2206/2206 2201/2201/2201 2210/2210/2210
f 2922/2922/2922 2924/2924/2924 2925/2925/2925
f 489/489/489 486/486/486 602/602/602
f 602/602/602 599/599/599 603/603/603
f 2821/2821/2821 2820/2820/2820 2804/2804/2804
f 3679/3679/3679 3713/3713/3713 3710/3710/3710
f 2807/2807/2807 2816/2816/2816 2817/2817/2817
f 255/255/255 252/252/252 253/253/253
f 264/264/264 78/78/78 270/270/270
f 2254/2254/2254 2237/2237/2237 2238/2238/2238
f 2221/2221/2221 2146/2146/2146 2145/2145/2145
f 2299/2299/2299 2268/2268/2268 2273/2273/2273
f 2136/2136/2136 2131/2131/2131 2137/2137/2137
f 2176/2176/2176 2201/2201/2201 2188/2188/2188
f 2188/2188/2188 2201/2201/2201 2206/2206/2206
f 2804/2804/2804 2820/2820/2820 2803/2803/2803
f 2803/2803/2803 2813/2813/2813 2800/2800/2800
f 3567/3567/3567 3638/3638/3638 3679/3679/3679
f 3536/3536/3536 3638/3638/3638 3567/3567/3567
f 255/255/255 253/253/253 261/261/261
f 265/265/265 253/253/253 264/264/264
f 265/265/265 264/264/264 270/270/270
f 2222/2222/2222 2221/2221/2221 2220/2220/2220
f 2273/2273/2273 2268/2268/2268 2254/2254/2254
f 508/508/508 491/491/491 492/492/492
f 604/604/604 602/602/602 603/603/603
f 3679/3679/3679 3710/3710/3710 3707/3707/3707
f 2813/2813/2813 2814/2814/2814 2800/2800/2800
f 2807/2807/2807 2817/2817/2817 2810/2810/2810
f 2817/2817/2817 2811/2811/2811 2810/2810/2810
f 2815/2815/2815 2812/2812/2812 2823/2823/2823
f 353/353/353 252/252/252 255/255/255
f 261/261/261 253/253/253 265/265/265
f 2238/2238/2238 2226/2226/2226 2230/2230/2230
f 2223/2223/2223 2226/2226/2226 2222/2222/2222
f 2223/2223/2223 2222/2222/2222 2220/2220/2220
f 2137/2137/2137 2176/2176/2176 2165/2165/2165
f 3615/3615/3615 3614/3614/3614 3616/3616/3616
f 2362/2362/2362 2344/2344/2344 2343/2343/2343
f 489/489/489 602/602/602 604/604/604
f 2819/2819/2819 2821/2821/2821 2804/2804/2804
f 2800/2800/2800 2814/2814/2814 2807/2807/2807
f 2810/2810/2810 2811/2811/2811 2796/2796/2796
f 2796/2796/2796 2811/2811/2811 2812/2812/2812
f 2812/2812/2812 2815/2815/2815 2809/2809/2809
f 78/78/78 77/77/77 73/73/73
f 76/76/76 81/81/81 100/100/100
f 2230/2230/2230 2226/2226/2226 2223/2223/2223
f 2259/2259/2259 2254/2254/2254 2238/2238/2238
f 2299/2299/2299 2273/2273/2273 2307/2307/2307
f 2325/2325/2325 2319/2319/2319 2327/2327/2327
f 2165/2165/2165 2176/2176/2176 2188/2188/2188
f 2933/2933/2933 2939/2939/2939 2938/2938/2938
f 723/723/723 724/724/724 725/725/725
f 2804/2804/2804 2803/2803/2803 2802/2802/2802
f 2802/2802/2802 2803/2803/2803 2800/2800/2800
f 2796/2796/2796 2812/2812/2812 2809/2809/2809
f 270/270/270 78/78/78 73/73/73
f 3617/3617/3617 3637/3637/3637 3614/3614/3614
f 492/492/492 489/489/489 493/493/493
f 493/493/493 489/489/489 604/604/604
f 2807/2807/2807 2810/2810/2810 2795/2795/2795
f 2795/2795/2795 2810/2810/2810 2796/2796/2796
f 73/73/73 77/77/77 76/76/76
f 2145/2145/2145 2135/2135/2135 2139/2139/2139
f 2273/2273/2273 2254/2254/2254 2259/2259/2259
f 2327/2327/2327 2299/2299/2299 2307/2307/2307
f 494/494/494 492/492/492 493/493/493
f 2819/2819/2819 2804/2804/2804 2805/2805/2805
f 2805/2805/2805 2804/2804/2804 2802/2802/2802
f 2802/2802/2802 2800/2800/2800 2801/2801/2801
f 3702/3702/3702 3679/3679/3679 3707/3707/3707
f 2800/2800/2800 2807/2807/2807 2794/2794/2794
f 2794/2794/2794 2807/2807/2807 2795/2795/2795
f 3514/3514/3514 3536/3536/3536 3512/3512/3512
f 2477/2477/2477 2444/2444/2444 2433/2433/2433
f 2259/2259/2259 2238/2238/2238 2251/2251/2251
f 2139/2139/2139 2135/2135/2135 2136/2136/2136
f 2136/2136/2136 2137/2137/2137 2165/2165/2165
f 508/508/508 492/492/492 494/494/494
f 2929/2929/2929 2930/2930/2930 2928/2928/2928
f 3673/3673/3673 3567/3567/3567 3679/3679/3679
f 3512/3512/3512 3536/3536/3536 3567/3567/3567
f 3511/3511/3511 3514/3514/3514 3512/3512/3512
f 2809/2809/2809 2815/2815/2815 2806/2806/2806
f 261/261/261 265/265/265 267/267/267
f 2251/2251/2251 2238/2238/2238 2230/2230/2230
f 2220/2220/2220 2221/2221/2221 2219/2219/2219
f 2801/2801/2801 2800/2800/2800 2792/2792/2792
f 2800/2800/2800 2794/2794/2794 2792/2792/2792
f 2795/2795/2795 2796/2796/2796 2788/2788/2788
f 262/262/262 255/255/255 261/261/261
f 267/267/267 265/265/265 270/270/270
f 2223/2223/2223 2220/2220/2220 2218/2218/2218
f 2219/2219/2219 2221/2221/2221 2145/2145/2145
f 2145/2145/2145 2139/2139/2139 2151/2151/2151
f 2944/2944/2944 2940/2940/2940 2967/2967/2967
f 2819/2819/2819 2805/2805/2805 2808/2808/2808
f 2793/2793/2793 2801/2801/2801 2792/2792/2792
f 3673/3673/3673 3679/3679/3679 3702/3702/3702
f 3566/3566/3566 3567/3567/3567 3673/3673/3673
f 2434/2434/2434 2477/2477/2477 2433/2433/2433
f 2229/2229/2229 2223/2223/2223 2218/2218/2218
f 2333/2333/2333 2307/2307/2307 2306/2306/2306
f 2165/2165/2165 2188/2188/2188 2177/2177/2177
f 2177/2177/2177 2188/2188/2188 2194/2194/2194
f 508/508/508 494/494/494 507/507/507
f 605/605/605 604/604/604 603/603/603
f 2802/2802/2802 2801/2801/2801 2793/2793/2793
f 2786/2786/2786 2802/2802/2802 2793/2793/2793
f 2796/2796/2796 2809/2809/2809 2797/2797/2797
f 2151/2151/2151 2139/2139/2139 2144/2144/2144
f 2144/2144/2144 2139/2139/2139 2136/2136/2136
f 2148/2148/2148 2136/2136/2136 2165/2165/2165
f 2194/2194/2194 2188/2188/2188 2206/2206/2206
f 493/493/493 604/604/604 605/605/605
f 773/773/773 730/730/730 772/772/772
f 2792/2792/2792 2794/2794/2794 2782/2782/2782
f 2782/2782/2782 2794/2794/2794 2795/2795/2795
f 2788/2788/2788 2796/2796/2796 2797/2797/2797
f 2797/2797/2797 2809/2809/2809 2806/2806/2806
f 267/267/267 270/270/270 69/69/69
f 270/270/270 73/73/73 69/69/69
f 2273/2273/2273 2259/2259/2259 2271/2271/2271
f 2297/2297/2297 2273/2273/2273 2271/2271/2271
f 2306/2306/2306 2307/2307/2307 2273/2273/2273
f 2306/2306/2306 2273/2273/2273 2297/2297/2297
f 2194/2194/2194 2206/2206/2206 2205/2205/2205
f 720/720/720 605/605/605 603/603/603
f 2787/2787/2787 2808/2808/2808 2805/2805/2805
f 2805/2805/2805 2802/2802/2802 2786/2786/2786
f 2781/2781/2781 2793/2793/2793 2792/2792/2792
f 2782/2782/2782 2795/2795/2795 2788/2788/2788
f 73/73/73 76/76/76 70/70/70
f 2227/2227/2227 2229/2229/2229 2218/2218/2218
f 2218/2218/2218 2220/2220/2220 2219/2219/2219
f 2271/2271/2271 2259/2259/2259 2251/2251/2251
f 2144/2144/2144 2136/2136/2136 2148/2148/2148
f 2148/2148/2148 2165/2165/2165 2177/2177/2177
f 2805/2805/2805 2786/2786/2786 2787/2787/2787
f 3673/3673/3673 3702/3702/3702 3674/3674/3674
f 2782/2782/2782 2788/2788/2788 2772/2772/2772
f 2251/2251/2251 2230/2230/2230 2240/2240/2240
f 2240/2240/2240 2230/2230/2230 2229/2229/2229
f 2357/2357/2357 2333/2333/2333 2334/2334/2334
f 2902/2902/2902 2903/2903/2903 2893/2893/2893
f 3674/3674/3674 3702/3702/3702 3708/3708/3708
f 3635/3635/3635 3566/3566/3566 3673/3673/3673
f 2781/2781/2781 2792/2792/2792 2782/2782/2782
f 2772/2772/2772 2788/2788/2788 2777/2777/2777
f 2788/2788/2788 2797/2797/2797 2777/2777/2777
f 2780/2780/2780 2797/2797/2797 2806/2806/2806
f 262/262/262 261/261/261 272/272/272
f 261/261/261 267/267/267 272/272/272
f 99/99/99 100/100/100 105/105/105
f 2152/2152/2152 2151/2151/2151 2144/2144/2144
f 2334/2334/2334 2333/2333/2333 2306/2306/2306
f 507/507/507 494/494/494 501/501/501
f 494/494/494 493/493/493 495/495/495
f 495/495/495 493/493/493 605/605/605
f 2786/2786/2786 2793/2793/2793 2785/2785/2785
f 2785/2785/2785 2793/2793/2793 2781/2781/2781
f 3635/3635/3635 3673/3673/3673 3674/3674/3674
f 2777/2777/2777 2797/2797/2797 2780/2780/2780
f 276/276/276 262/262/262 272/272/272
f 70/70/70 76/76/76 93/93/93
f 93/93/93 76/76/76 99/99/99
f 2235/2235/2235 2229/2229/2229 2227/2227/2227
f 2218/2218/2218 2219/2219/2219 2217/2217/2217
f 2217/2217/2217 2219/2219/2219 2151/2151/2151
f 2166/2166/2166 2148/2148/2148 2177/2177/2177
f 2178/2178/2178 2177/2177/2177 2194/2194/2194
f 2194/2194/2194 2205/2205/2205 2199/2199/2199
f 607/607/607 605/605/605 720/720/720
f 273/273/273 267/267/267 69/69/69
f 2316/2316/2316 2306/2306/2306 2297/2297/2297
f 2166/2166/2166 2177/2177/2177 2178/2178/2178
f 2334/2334/2334 2306/2306/2306 2316/2316/2316
f 495/495/495 605/605/605 607/607/607
f 2779/2779/2779 2787/2787/2787 2786/2786/2786
f 3709/3709/3709 3674/3674/3674 3708/3708/3708
f 2789/2789/2789 2808/2808/2808 2787/2787/2787
f 3634/3634/3634 3635/3635/3635 3669/3669/3669
f 3669/3669/3669 3635/3635/3635 3674/3674/3674
f 2765/2765/2765 2781/2781/2781 2782/2782/2782
f 2766/2766/2766 2782/2782/2782 2772/2772/2772
f 2780/2780/2780 2806/2806/2806 2791/2791/2791
f 2240/2240/2240 2229/2229/2229 2235/2235/2235
f 2178/2178/2178 2194/2194/2194 2199/2199/2199
f 2199/2199/2199 2205/2205/2205 2209/2209/2209
f 2789/2789/2789 2787/2787/2787 2779/2779/2779
f 2786/2786/2786 2785/2785/2785 2775/2775/2775
f 2774/2774/2774 2781/2781/2781 2765/2765/2765
f 3634/3634/3634 3538/3538/3538 3635/3635/3635
f 2765/2765/2765 2782/2782/2782 2766/2766/2766
f 272/272/272 267/267/267 273/273/273
f 2215/2215/2215 2218/2218/2218 2217/2217/2217
f 2251/2251/2251 2240/2240/2240 2253/2253/2253
f 2298/2298/2298 2297/2297/2297 2271/2271/2271
f 2316/2316/2316 2297/2297/2297 2298/2298/2298
f 496/496/496 494/494/494 495/495/495
f 2779/2779/2779 2786/2786/2786 2776/2776/2776
f 2776/2776/2776 2786/2786/2786 2775/2775/2775
f 2775/2775/2775 2785/2785/2785 2781/2781/2781
f 3669/3669/3669 3674/3674/3674 3709/3709/3709
f 2775/2775/2775 2781/2781/2781 2774/2774/2774
f 2772/2772/2772 2777/2777/2777 2759/2759/2759
f 93/93/93 105/105/105 104/104/104
f 2227/2227/2227 2218/2218/2218 2215/2215/2215
f 2217/2217/2217 2151/2151/2151 2161/2161/2161
f 2158/2158/2158 2152/2152/2152 2144/2144/2144
f 501/501/501 494/494/494 496/496/496
f 2766/2766/2766 2772/2772/2772 2763/2763/2763
f 2763/2763/2763 2772/2772/2772 2759/2759/2759
f 2759/2759/2759 2777/2777/2777 2780/2780/2780
f 2235/2235/2235 2227/2227/2227 2228/2228/2228
f 3597/3597/3597 3596/3596/3596 3593/3593/3593
f 500/500/500 501/501/501 496/496/496
f 496/496/496 495/495/495 497/497/497
f 495/495/495 607/607/607 497/497/497
f 718/718/718 720/720/720 715/715/715
f 2780/2780/2780 2791/2791/2791 2760/2760/2760
f 67/67/67 69/69/69 70/70/70
f 2159/2159/2159 2161/2161/2161 2152/2152/2152
f 2159/2159/2159 2152/2152/2152 2158/2158/2158
f 2144/2144/2144 2148/2148/2148 2160/2160/2160
f 2148/2148/2148 2166/2166/2166 2160/2160/2160
f 2355/2355/2355 2357/2357/2357 2334/2334/2334
f 608/608/608 497/497/497 607/607/607
f 3507/3507/3507 3508/3508/3508 3509/3509/3509
f 2760/2760/2760 2759/2759/2759 2780/2780/2780
f 2760/2760/2760 2791/2791/2791 2783/2783/2783
f 275/275/275 276/276/276 272/272/272
f 2227/2227/2227 2215/2215/2215 2228/2228/2228
f 2271/2271/2271 2251/2251/2251 2270/2270/2270
f 2166/2166/2166 2178/2178/2178 2173/2173/2173
f 2763/2763/2763 2759/2759/2759 2738/2738/2738
f 517/517/517 501/501/501 500/500/500
f 2775/2775/2775 2774/2774/2774 2758/2758/2758
f 3634/3634/3634 3669/3669/3669 3668/3668/3668
f 3540/3540/3540 3538/3538/3538 3634/3634/3634
f 3539/3539/3539 3538/3538/3538 3540/3540/3540
f 2757/2757/2757 2766/2766/2766 2763/2763/2763
f 275/275/275 272/272/272 274/274/274
f 272/272/272 273/273/273 274/274/274
f 273/273/273 69/69/69 68/68/68
f 68/68/68 69/69/69 67/67/67
f 2216/2216/2216 2217/2217/2217 2161/2161/2161
f 2270/2270/2270 2251/2251/2251 2253/2253/2253
f 2270/2270/2270 2298/2298/2298 2271/2271/2271
f 2160/2160/2160 2166/2166/2166 2173/2173/2173
f 2331/2331/2331 2316/2316/2316 2298/2298/2298
f 2173/2173/2173 2178/2178/2178 2189/2189/2189
f 2189/2189/2189 2178/2178/2178 2199/2199/2199
f 2189/2189/2189 2199/2199/2199 2200/2200/2200
f 498/498/498 496/496/496 497/497/497
f 499/499/499 497/497/497 608/608/608
f 777/777/777 775/775/775 785/785/785
f 2764/2764/2764 2789/2789/2789 2779/2779/2779
f 2776/2776/2776 2775/2775/2775 2762/2762/2762
f 2762/2762/2762 2775/2775/2775 2758/2758/2758
f 3668/3668/3668 3669/3669/3669 3709/3709/3709
f 2758/2758/2758 2774/2774/2774 2765/2765/2765
f 2757/2757/2757 2765/2765/2765 2766/2766/2766
f 3507/3507/3507 3539/3539/3539 3540/3540/3540
f 2757/2757/2757 2763/2763/2763 2738/2738/2738
f 68/68/68 274/274/274 273/273/273
f 67/67/67 70/70/70 72/72/72
f 93/93/93 104/104/104 72/72/72
f 2215/2215/2215 2217/2217/2217 2216/2216/2216
f 2253/2253/2253 2240/2240/2240 2235/2235/2235
f 2331/2331/2331 2355/2355/2355 2316/2316/2316
f 3586/3586/3586 3594/3594/3594 3589/3589/3589
f 3586/3586/3586 3593/3593/3593 3594/3594/3594
f 3585/3585/3585 3593/3593/3593 3586/3586/3586
f 500/500/500 496/496/496 498/498/498
f 2764/2764/2764 2779/2779/2779 2762/2762/2762
f 2762/2762/2762 2779/2779/2779 2776/2776/2776
f 3540/3540/3540 3634/3634/3634 3668/3668/3668
f 3183/3183/3183 3515/3515/3515 3505/3505/3505
f 2228/2228/2228 2215/2215/2215 2214/2214/2214
f 2214/2214/2214 2215/2215/2215 2216/2216/2216
f 2158/2158/2158 2144/2144/2144 2160/2160/2160
f 499/499/499 608/608/608 717/717/717
f 717/717/717 718/718/718 716/716/716
f 716/716/716 718/718/718 715/715/715
f 2784/2784/2784 2789/2789/2789 2764/2764/2764
f 2758/2758/2758 2765/2765/2765 2757/2757/2757
f 517/517/517 500/500/500 506/506/506
f 498/498/498 497/497/497 499/499/499
f 2764/2764/2764 2762/2762/2762 2756/2756/2756
f 2739/2739/2739 2738/2738/2738 2759/2759/2759
f 286/286/286 274/274/274 68/68/68
f 2235/2235/2235 2228/2228/2228 2236/2236/2236
f 2236/2236/2236 2228/2228/2228 2214/2214/2214
f 2159/2159/2159 2158/2158/2158 2162/2162/2162
f 506/506/506 500/500/500 498/498/498
f 2978/2978/2978 2980/2980/2980 2979/2979/2979
f 2755/2755/2755 2762/2762/2762 2758/2758/2758
f 2741/2741/2741 2758/2758/2758 2722/2722/2722
f 2722/2722/2722 2758/2758/2758 2757/2757/2757
f 3667/3667/3667 3540/3540/3540 3668/3668/3668
f 2759/2759/2759 2760/2760/2760 2739/2739/2739
f 275/275/275 274/274/274 286/286/286
f 2260/2260/2260 2253/2253/2253 2236/2236/2236
f 2236/2236/2236 2253/2253/2253 2235/2235/2235
f 2270/2270/2270 2253/2253/2253 2260/2260/2260
f 2162/2162/2162 2158/2158/2158 2160/2160/2160
f 2298/2298/2298 2270/2270/2270 2305/2305/2305
f 2164/2164/2164 2160/2160/2160 2173/2173/2173
f 2173/2173/2173 2189/2189/2189 2174/2174/2174
f 714/714/714 717/717/717 716/716/716
f 712/712/712 716/716/716 715/715/715
f 2756/2756/2756 2762/2762/2762 2755/2755/2755
f 2778/2778/2778 2784/2784/2784 2764/2764/2764
f 3667/3667/3667 3668/3668/3668 3686/3686/3686
f 2722/2722/2722 2757/2757/2757 2723/2723/2723
f 2723/2723/2723 2757/2757/2757 2738/2738/2738
f 2760/2760/2760 2783/2783/2783 2736/2736/2736
f 287/287/287 275/275/275 286/286/286
f 64/64/64 67/67/67 72/72/72
f 72/72/72 104/104/104 106/106/106
f 2163/2163/2163 2161/2161/2161 2159/2159/2159
f 2305/2305/2305 2270/2270/2270 2272/2272/2272
f 2164/2164/2164 2173/2173/2173 2174/2174/2174
f 2197/2197/2197 2189/2189/2189 2200/2200/2200
f 712/712/712 715/715/715 713/713/713
f 2755/2755/2755 2758/2758/2758 2732/2732/2732
f 2732/2732/2732 2758/2758/2758 2741/2741/2741
f 2738/2738/2738 2739/2739/2739 2731/2731/2731
f 2736/2736/2736 2783/2783/2783 2773/2773/2773
f 66/66/66 286/286/286 68/68/68
f 64/64/64 72/72/72 94/94/94
f 94/94/94 72/72/72 106/106/106
f 2231/2231/2231 2214/2214/2214 2216/2216/2216
f 2216/2216/2216 2161/2161/2161 2163/2163/2163
f 2159/2159/2159 2162/2162/2162 2163/2163/2163
f 2270/2270/2270 2260/2260/2260 2272/2272/2272
f 499/499/499 717/717/717 503/503/503
f 714/714/714 716/716/716 712/712/712
f 2737/2737/2737 2764/2764/2764 2756/2756/2756
f 2737/2737/2737 2778/2778/2778 2764/2764/2764
f 2723/2723/2723 2738/2738/2738 2731/2731/2731
f 2736/2736/2736 2739/2739/2739 2760/2760/2760
f 287/287/287 286/286/286 303/303/303
f 2236/2236/2236 2214/2214/2214 2231/2231/2231
f 2231/2231/2231 2216/2216/2216 2232/2232/2232
f 2232/2232/2232 2216/2216/2216 2163/2163/2163
f 2162/2162/2162 2160/2160/2160 2164/2164/2164
f 2189/2189/2189 2197/2197/2197 2174/2174/2174
f 517/517/517 506/506/506 524/524/524
f 506/506/506 498/498/498 502/502/502
f 498/498/498 499/499/499 502/502/502
f 502/502/502 499/499/499 503/503/503
f 2767/2767/2767 2778/2778/2778 2737/2737/2737
f 2720/2720/2720 2732/2732/2732 2741/2741/2741
f 2720/2720/2720 2741/2741/2741 2722/2722/2722
f 3667/3667/3667 3686/3686/3686 3672/3672/3672
f 3507/3507/3507 3540/3540/3540 3562/3562/3562
f 2725/2725/2725 2731/2731/2731 2739/2739/2739
f 2725/2725/2725 2739/2739/2739 2736/2736/2736
f 2437/2437/2437 2431/2431/2431 2426/2426/2426
f 3562/3562/3562 3540/3540/3540 3667/3667/3667
f 3513/3513/3513 3507/3507/3507 3562/3562/3562
f 2736/2736/2736 2773/2773/2773 2734/2734/2734
f 2734/2734/2734 2773/2773/2773 2790/2790/2790
f 502/502/502 503/503/503 509/509/509
f 714/714/714 712/712/712 510/510/510
f 2733/2733/2733 2756/2756/2756 2755/2755/2755
f 510/510/510 503/503/503 714/714/714
f 510/510/510 712/712/712 711/711/711
f 711/711/711 712/712/712 713/713/713
f 2737/2737/2737 2756/2756/2756 2733/2733/2733
f 2733/2733/2733 2755/2755/2755 2732/2732/2732
f 2720/2720/2720 2722/2722/2722 2625/2625/2625
f 3562/3562/3562 3667/3667/3667 3672/3672/3672
f 2722/2722/2722 2723/2723/2723 2625/2625/2625
f 2625/2625/2625 2723/2723/2723 2626/2626/2626
f 2626/2626/2626 2723/2723/2723 2731/2731/2731
f 2626/2626/2626 2731/2731/2731 2647/2647/2647
f 2647/2647/2647 2731/2731/2731 2725/2725/2725
f 322/322/322 287/287/287 303/303/303
f 2241/2241/2241 2236/2236/2236 2231/2231/2231
f 2234/2234/2234 2231/2231/2231 2232/2232/2232
f 2232/2232/2232 2163/2163/2163 2094/2094/2094
f 2094/2094/2094 2163/2163/2163 2091/2091/2091
f 2090/2090/2090 2162/2162/2162 2164/2164/2164
f 2164/2164/2164 2174/2174/2174 2089/2089/2089
f 2185/2185/2185 2174/2174/2174 2197/2197/2197
f 3581/3581/3581 3584/3584/3584 3587/3587/3587
f 524/524/524 506/506/506 518/518/518
f 511/511/511 502/502/502 509/509/509
f 509/509/509 503/503/503 510/510/510
f 2718/2718/2718 2737/2737/2737 2733/2733/2733
f 2733/2733/2733 2732/2732/2732 2636/2636/2636
f 2636/2636/2636 2732/2732/2732 2720/2720/2720
f 2655/2655/2655 2725/2725/2725 2736/2736/2736
f 286/286/286 66/66/66 65/65/65
f 97/97/97 94/94/94 113/113/113
f 2234/2234/2234 2232/2232/2232 2094/2094/2094
f 2255/2255/2255 2260/2260/2260 2236/2236/2236
f 2091/2091/2091 2163/2163/2163 2162/2162/2162
f 2091/2091/2091 2162/2162/2162 2090/2090/2090
f 781/781/781 784/784/784 786/786/786
f 2740/2740/2740 2737/2737/2737 2718/2718/2718
f 2718/2718/2718 2733/2733/2733 2716/2716/2716
f 2767/2767/2767 2737/2737/2737 2740/2740/2740
f 2636/2636/2636 2720/2720/2720 2631/2631/2631
f 2631/2631/2631 2720/2720/2720 2625/2625/2625
f 65/65/65 66/66/66 64/64/64
f 2090/2090/2090 2164/2164/2164 2089/2089/2089
f 2089/2089/2089 2174/2174/2174 2185/2185/2185
f 2185/2185/2185 2197/2197/2197 2202/2202/2202
f 506/506/506 502/502/502 511/511/511
f 2716/2716/2716 2733/2733/2733 2636/2636/2636
f 3501/3501/3501 3513/3513/3513 3503/3503/3503
f 2647/2647/2647 2725/2725/2725 2655/2655/2655
f 303/303/303 286/286/286 62/62/62
f 2279/2279/2279 2272/2272/2272 2260/2260/2260
f 511/511/511 518/518/518 506/506/506
f 509/509/509 510/510/510 512/512/512
f 512/512/512 510/510/510 711/711/711
f 3562/3562/3562 3672/3672/3672 3628/3628/3628
f 62/62/62 286/286/286 65/65/65
f 2090/2090/2090 2089/2089/2089 2077/2077/2077
f 2634/2634/2634 2636/2636/2636 2631/2631/2631
f 2628/2628/2628 2631/2631/2631 2625/2625/2625
f 2625/2625/2625 2626/2626/2626 2627/2627/2627
f 3503/3503/3503 3513/3513/3513 3562/3562/3562
f 2654/2654/2654 2647/2647/2647 2655/2655/2655
f 2717/2717/2717 2655/2655/2655 2734/2734/2734
f 2241/2241/2241 2231/2231/2231 2242/2242/2242
f 2242/2242/2242 2231/2231/2231 2234/2234/2234
f 2094/2094/2094 2091/2091/2091 2080/2080/2080
f 2089/2089/2089 2185/2185/2185 2078/2078/2078
f 2740/2740/2740 2718/2718/2718 2714/2714/2714
f 2718/2718/2718 2716/2716/2716 2662/2662/2662
f 3628/3628/3628 3672/3672/3672 3692/3692/3692
f 2628/2628/2628 2625/2625/2625 2627/2627/2627
f 3563/3563/3563 3562/3562/3562 3628/3628/3628
f 2627/2627/2627 2626/2626/2626 2647/2647/2647
f 2655/2655/2655 2717/2717/2717 2654/2654/2654
f 2717/2717/2717 2734/2734/2734 2735/2735/2735
f 2080/2080/2080 2091/2091/2091 2090/2090/2090
f 2305/2305/2305 2272/2272/2272 2280/2280/2280
f 2207/2207/2207 2185/2185/2185 2202/2202/2202
f 528/528/528 518/518/518 511/511/511
f 512/512/512 711/711/711 710/710/710
f 2714/2714/2714 2718/2718/2718 2662/2662/2662
f 2662/2662/2662 2716/2716/2716 2636/2636/2636
f 2627/2627/2627 2647/2647/2647 2645/2645/2645
f 352/352/352 322/322/322 323/323/323
f 2093/2093/2093 2242/2242/2242 2234/2234/2234
f 2260/2260/2260 2255/2255/2255 2265/2265/2265
f 2279/2279/2279 2260/2260/2260 2265/2265/2265
f 2078/2078/2078 2185/2185/2185 2207/2207/2207
f 523/523/523 528/528/528 511/511/511
f 509/509/509 512/512/512 513/513/513
f 699/699/699 512/512/512 710/710/710
f 2634/2634/2634 2631/2631/2631 2632/2632/2632
f 2632/2632/2632 2631/2631/2631 2628/2628/2628
f 2629/2629/2629 2628/2628/2628 2627/2627/2627
f 3627/3627/3627 3628/3628/3628 3676/3676/3676
f 3628/3628/3628 3692/3692/3692 3676/3676/3676
f 2645/2645/2645 2647/2647/2647 2654/2654/2654
f 343/343/343 352/352/352 323/323/323
f 322/322/322 303/303/303 60/60/60
f 323/323/323 322/322/322 60/60/60
f 60/60/60 303/303/303 62/62/62
f 61/61/61 65/65/65 64/64/64
f 2255/2255/2255 2241/2241/2241 2263/2263/2263
f 2093/2093/2093 2234/2234/2234 2094/2094/2094
f 2080/2080/2080 2090/2090/2090 2077/2077/2077
f 2070/2070/2070 2077/2077/2077 2089/2089/2089
f 2280/2280/2280 2272/2272/2272 2279/2279/2279
f 2310/2310/2310 2305/2305/2305 2280/2280/2280
f 2070/2070/2070 2089/2089/2089 2078/2078/2078
f 2340/2340/2340 2305/2305/2305 2310/2310/2310
f 2662/2662/2662 2636/2636/2636 2634/2634/2634
f 2746/2746/2746 2740/2740/2740 2714/2714/2714
f 2632/2632/2632 2628/2628/2628 2629/2629/2629
f 3563/3563/3563 3628/3628/3628 3627/3627/3627
f 62/62/62 65/65/65 61/61/61
f 114/114/114 97/97/97 113/113/113
f 2263/2263/2263 2241/2241/2241 2242/2242/2242
f 2093/2093/2093 2094/2094/2094 2087/2087/2087
f 2087/2087/2087 2094/2094/2094 2080/2080/2080
f 2330/2330/2330 2340/2340/2340 2310/2310/2310
f 523/523/523 511/511/511 514/514/514
f 511/511/511 509/509/509 514/514/514
f 514/514/514 509/509/509 513/513/513
f 2630/2630/2630 2629/2629/2629 2627/2627/2627
f 2630/2630/2630 2627/2627/2627 2645/2645/2645
f 61/61/61 64/64/64 63/63/63
f 63/63/63 64/64/64 96/96/96
f 114/114/114 113/113/113 117/117/117
f 2265/2265/2265 2255/2255/2255 2263/2263/2263
f 2635/2635/2635 2634/2634/2634 2632/2632/2632
f 2673/2673/2673 2714/2714/2714 2662/2662/2662
f 2654/2654/2654 2717/2717/2717 2712/2712/2712
f 2730/2730/2730 2735/2735/2735 2798/2798/2798
f 2673/2673/2673 2662/2662/2662 2661/2661/2661
f 2633/2633/2633 2635/2635/2635 2632/2632/2632
f 2633/2633/2633 2632/2632/2632 2629/2629/2629
f 2645/2645/2645 2654/2654/2654 2653/2653/2653
f 2653/2653/2653 2654/2654/2654 2712/2712/2712
f 2712/2712/2712 2717/2717/2717 2735/2735/2735
f 60/60/60 62/62/62 61/61/61
f 4084/4084/4084 4083/4083/4083 4082/4082/4082
f 2080/2080/2080 2077/2077/2077 2067/2067/2067
f 2067/2067/2067 2077/2077/2077 2070/2070/2070
f 2662/2662/2662 2634/2634/2634 2635/2635/2635
f 2661/2661/2661 2662/2662/2662 2635/2635/2635
f 2745/2745/2745 2746/2746/2746 2673/2673/2673
f 3627/3627/3627 3676/3676/3676 3675/3675/3675
f 2644/2644/2644 2645/2645/2645 2653/2653/2653
f 2098/2098/2098 2242/2242/2242 2093/2093/2093
f 2098/2098/2098 2093/2093/2093 2092/2092/2092
f 2092/2092/2092 2093/2093/2093 2087/2087/2087
f 2087/2087/2087 2080/2080/2080 2071/2071/2071
f 2043/2043/2043 2070/2070/2070 2078/2078/2078
f 2330/2330/2330 2310/2310/2310 2309/2309/2309
f 2211/2211/2211 2078/2078/2078 2207/2207/2207
f 532/532/532 528/528/528 523/523/523
f 532/532/532 523/523/523 521/521/521
f 521/521/521 523/523/523 514/514/514
f 521/521/521 514/514/514 515/515/515
f 515/515/515 514/514/514 513/513/513
f 513/513/513 699/699/699 693/693/693
f 693/693/693 699/699/699 695/695/695
f 2644/2644/2644 2630/2630/2630 2645/2645/2645
f 2653/2653/2653 2712/2712/2712 2705/2705/2705
f 328/328/328 343/343/343 323/323/323
f 324/324/324 323/323/323 60/60/60
f 2267/2267/2267 2263/2263/2263 2242/2242/2242
f 2267/2267/2267 2242/2242/2242 2098/2098/2098
f 2266/2266/2266 2263/2263/2263 2267/2267/2267
f 2082/2082/2082 2087/2087/2087 2071/2071/2071
f 2071/2071/2071 2080/2080/2080 2067/2067/2067
f 515/515/515 513/513/513 516/516/516
f 2633/2633/2633 2629/2629/2629 2637/2637/2637
f 2637/2637/2637 2629/2629/2629 2630/2630/2630
f 2705/2705/2705 2712/2712/2712 2730/2730/2730
f 2730/2730/2730 2798/2798/2798 2799/2799/2799
f 2092/2092/2092 2087/2087/2087 2082/2082/2082
f 2266/2266/2266 2265/2265/2265 2263/2263/2263
f 2067/2067/2067 2070/2070/2070 2043/2043/2043
f 2309/2309/2309 2310/2310/2310 2280/2280/2280
f 2329/2329/2329 2330/2330/2330 2309/2309/2309
f 2671/2671/2671 2673/2673/2673 2661/2661/2661
f 2692/2692/2692 2745/2745/2745 2673/2673/2673
f 3563/3563/3563 3627/3627/3627 3534/3534/3534
f 2652/2652/2652 2653/2653/2653 2705/2705/2705
f 3503/3503/3503 3563/3563/3563 3534/3534/3534
f 328/328/328 323/323/323 324/324/324
f 57/57/57 61/61/61 63/63/63
f 2280/2280/2280 2279/2279/2279 2265/2265/2265
f 2043/2043/2043 2078/2078/2078 2211/2211/2211
f 2211/2211/2211 2207/2207/2207 2213/2213/2213
f 2671/2671/2671 2661/2661/2661 2659/2659/2659
f 2635/2635/2635 2633/2633/2633 2638/2638/2638
f 2640/2640/2640 2635/2635/2635 2638/2638/2638
f 2638/2638/2638 2633/2633/2633 2637/2637/2637
f 2692/2692/2692 2673/2673/2673 2671/2671/2671
f 2639/2639/2639 2637/2637/2637 2630/2630/2630
f 2630/2630/2630 2644/2644/2644 2639/2639/2639
f 3627/3627/3627 3675/3675/3675 3626/3626/3626
f 60/60/60 61/61/61 57/57/57
f 521/521/521 515/515/515 519/519/519
f 2659/2659/2659 2635/2635/2635 2640/2640/2640
f 2742/2742/2742 2745/2745/2745 2692/2692/2692
f 2639/2639/2639 2644/2644/2644 2646/2646/2646
f 2705/2705/2705 2730/2730/2730 2726/2726/2726
f 127/127/127 324/324/324 60/60/60
f 59/59/59 60/60/60 57/57/57
f 109/109/109 96/96/96 114/114/114
f 2280/2280/2280 2265/2265/2265 2276/2276/2276
f 2286/2286/2286 2309/2309/2309 2280/2280/2280
f 3574/3574/3574 3576/3576/3576 3590/3590/3590
f 3575/3575/3575 3576/3576/3576 3574/3574/3574
f 519/519/519 515/515/515 516/516/516
f 690/690/690 693/693/693 695/695/695
f 679/679/679 695/695/695 680/680/680
f 2670/2670/2670 2671/2671/2671 2659/2659/2659
f 3626/3626/3626 3675/3675/3675 3677/3677/3677
f 2646/2646/2646 2644/2644/2644 2652/2652/2652
f 75/75/75 63/63/63 96/96/96
f 2267/2267/2267 2098/2098/2098 2100/2100/2100
f 532/532/532 521/521/521 529/529/529
f 522/522/522 693/693/693 690/690/690
f 2692/2692/2692 2671/2671/2671 2691/2691/2691
f 2691/2691/2691 2671/2671/2671 2670/2670/2670
f 2742/2742/2742 2692/2692/2692 2691/2691/2691
f 2713/2713/2713 2705/2705/2705 2726/2726/2726
f 2726/2726/2726 2730/2730/2730 2768/2768/2768
f 2768/2768/2768 2730/2730/2730 2799/2799/2799
f 127/127/127 60/60/60 59/59/59
f 2092/2092/2092 2082/2082/2082 2081/2081/2081
f 2082/2082/2082 2071/2071/2071 2069/2069/2069
f 2269/2269/2269 2265/2265/2265 2266/2266/2266
f 2276/2276/2276 2265/2265/2265 2269/2269/2269
f 2071/2071/2071 2067/2067/2067 2060/2060/2060
f 2286/2286/2286 2280/2280/2280 2276/2276/2276
f 2067/2067/2067 2043/2043/2043 2042/2042/2042
f 2211/2211/2211 2213/2213/2213 2212/2212/2212
f 696/696/696 695/695/695 679/679/679
f 2670/2670/2670 2659/2659/2659 2660/2660/2660
f 2652/2652/2652 2705/2705/2705 2704/2704/2704
f 335/335/335 328/328/328 324/324/324
f 4080/4080/4080 4074/4074/4074 4081/4081/4081
f 2088/2088/2088 2098/2098/2098 2092/2092/2092
f 2081/2081/2081 2082/2082/2082 2069/2069/2069
f 2069/2069/2069 2071/2071/2071 2060/2060/2060
f 2308/2308/2308 2309/2309/2309 2286/2286/2286
f 4293/4293/4293 4296/4296/4296 4295/4295/4295
f 529/529/529 521/521/521 519/519/519
f 690/690/690 695/695/695 696/696/696
f 2660/2660/2660 2659/2659/2659 2640/2640/2640
f 2642/2642/2642 2637/2637/2637 2639/2639/2639
f 3534/3534/3534 3626/3626/3626 3533/3533/3533
f 2727/2727/2727 2726/2726/2726 2768/2768/2768
f 335/335/335 324/324/324 325/325/325
f 325/325/325 324/324/324 127/127/127
f 2100/2100/2100 2098/2098/2098 2088/2088/2088
f 2088/2088/2088 2092/2092/2092 2081/2081/2081
f 2060/2060/2060 2067/2067/2067 2042/2042/2042
f 2042/2042/2042 2043/2043/2043 2044/2044/2044
f 2308/2308/2308 2329/2329/2329 2309/2309/2309
f 2044/2044/2044 2043/2043/2043 2052/2052/2052
f 2052/2052/2052 2043/2043/2043 2211/2211/2211
f 2052/2052/2052 2211/2211/2211 2212/2212/2212
f 516/516/516 522/522/522 520/520/520
f 2640/2640/2640 2638/2638/2638 2641/2641/2641
f 2641/2641/2641 2638/2638/2638 2637/2637/2637
f 2646/2646/2646 2652/2652/2652 2651/2651/2651
f 2713/2713/2713 2726/2726/2726 2727/2727/2727
f 127/127/127 59/59/59 56/56/56
f 4080/4080/4080 4079/4079/4079 4074/4074/4074
f 2269/2269/2269 2266/2266/2266 2267/2267/2267
f 2350/2350/2350 2329/2329/2329 2308/2308/2308
f 519/519/519 516/516/516 520/520/520
f 2641/2641/2641 2637/2637/2637 2642/2642/2642
f 2648/2648/2648 2639/2639/2639 2646/2646/2646
f 3631/3631/3631 3677/3677/3677 3654/3654/3654
f 2704/2704/2704 2713/2713/2713 2710/2710/2710
f 2769/2769/2769 2727/2727/2727 2768/2768/2768
f 325/325/325 127/127/127 56/56/56
f 2277/2277/2277 2276/2276/2276 2269/2269/2269
f 2060/2060/2060 2042/2042/2042 2045/2045/2045
f 522/522/522 690/690/690 689/689/689
f 2660/2660/2660 2640/2640/2640 2643/2643/2643
f 2640/2640/2640 2641/2641/2641 2643/2643/2643
f 2648/2648/2648 2642/2642/2642 2639/2639/2639
f 2648/2648/2648 2646/2646/2646 2649/2649/2649
f 351/351/351 335/335/335 337/337/337
f 56/56/56 59/59/59 57/57/57
f 2097/2097/2097 2100/2100/2100 2088/2088/2088
f 2269/2269/2269 2267/2267/2267 2281/2281/2281
f 2045/2045/2045 2042/2042/2042 2044/2044/2044
f 2044/2044/2044 2052/2052/2052 2049/2049/2049
f 4292/4292/4292 4294/4294/4294 4293/4293/4293
f 531/531/531 529/529/529 519/519/519
f 520/520/520 522/522/522 689/689/689
f 2651/2651/2651 2704/2704/2704 2703/2703/2703
f 2703/2703/2703 2704/2704/2704 2710/2710/2710
f 2710/2710/2710 2713/2713/2713 2727/2727/2727
f 337/337/337 335/335/335 54/54/54
f 54/54/54 335/335/335 325/325/325
f 55/55/55 56/56/56 57/57/57
f 2281/2281/2281 2267/2267/2267 2097/2097/2097
f 2097/2097/2097 2267/2267/2267 2100/2100/2100
f 2088/2088/2088 2081/2081/2081 2079/2079/2079
f 2079/2079/2079 2081/2081/2081 2064/2064/2064
f 2081/2081/2081 2069/2069/2069 2064/2064/2064
f 2064/2064/2064 2069/2069/2069 2060/2060/2060
f 2278/2278/2278 2277/2277/2277 2269/2269/2269
f 2046/2046/2046 2045/2045/2045 2044/2044/2044
f 4293/4293/4293 4295/4295/4295 4291/4291/4291
f 531/531/531 519/519/519 530/530/530
f 690/690/690 696/696/696 691/691/691
f 676/676/676 678/678/678 675/675/675
f 2670/2670/2670 2660/2660/2660 2672/2672/2672
f 2693/2693/2693 2691/2691/2691 2670/2670/2670
f 2743/2743/2743 2691/2691/2691 2693/2693/2693
f 3533/3533/3533 3631/3631/3631 3542/3542/3542
f 3522/3522/3522 3533/3533/3533 3542/3542/3542
f 2728/2728/2728 2727/2727/2727 2769/2769/2769
f 54/54/54 325/325/325 56/56/56
f 2284/2284/2284 2286/2286/2286 2277/2277/2277
f 2294/2294/2294 2308/2308/2308 2286/2286/2286
f 2047/2047/2047 2044/2044/2044 2049/2049/2049
f 2672/2672/2672 2660/2660/2660 2663/2663/2663
f 2663/2663/2663 2660/2660/2660 2643/2643/2643
f 2641/2641/2641 2642/2642/2642 2650/2650/2650
f 2693/2693/2693 2670/2670/2670 2685/2685/2685
f 2685/2685/2685 2670/2670/2670 2672/2672/2672
f 2649/2649/2649 2658/2658/2658 2657/2657/2657
f 338/338/338 337/337/337 54/54/54
f 54/54/54 56/56/56 55/55/55
f 2311/2311/2311 2308/2308/2308 2294/2294/2294
f 4292/4292/4292 4293/4293/4293 4291/4291/4291
f 525/525/525 519/519/519 520/520/520
f 526/526/526 520/520/520 689/689/689
f 689/689/689 690/690/690 691/691/691
f 2643/2643/2643 2641/2641/2641 2650/2650/2650
f 2642/2642/2642 2648/2648/2648 2656/2656/2656
f 3542/3542/3542 3654/3654/3654 3653/3653/3653
f 351/351/351 337/337/337 338/338/338
f 338/338/338 54/54/54 53/53/53
f 55/55/55 57/57/57 75/75/75
f 2294/2294/2294 2286/2286/2286 2284/2284/2284
f 2046/2046/2046 2044/2044/2044 2047/2047/2047
f 4292/4292/4292 4291/4291/4291 4290/4290/4290
f 530/530/530 519/519/519 525/525/525
f 691/691/691 676/676/676 694/694/694
f 2643/2643/2643 2650/2650/2650 2664/2664/2664
f 2665/2665/2665 2643/2643/2643 2664/2664/2664
f 2097/2097/2097 2088/2088/2088 2079/2079/2079
f 2278/2278/2278 2269/2269/2269 2281/2281/2281
f 2064/2064/2064 2060/2060/2060 2063/2063/2063
f 2063/2063/2063 2060/2060/2060 2045/2045/2045
f 2315/2315/2315 2348/2348/2348 2311/2311/2311
f 525/525/525 520/520/520 526/526/526
f 2666/2666/2666 2663/2663/2663 2665/2665/2665
f 2650/2650/2650 2656/2656/2656 2667/2667/2667
f 2693/2693/2693 2685/2685/2685 2694/2694/2694
f 2744/2744/2744 2693/2693/2693 2694/2694/2694
f 2711/2711/2711 2728/2728/2728 2729/2729/2729
f 2728/2728/2728 2769/2769/2769 2770/2770/2770
f 349/349/349 351/351/351 338/338/338
f 53/53/53 54/54/54 52/52/52
f 52/52/52 54/54/54 55/55/55
f 52/52/52 55/55/55 74/74/74
f 55/55/55 75/75/75 74/74/74
f 74/74/74 75/75/75 101/101/101
f 2281/2281/2281 2097/2097/2097 2096/2096/2096
f 2072/2072/2072 2079/2079/2079 2064/2064/2064
f 2278/2278/2278 2284/2284/2284 2277/2277/2277
f 2063/2063/2063 2045/2045/2045 2058/2058/2058
f 3564/3564/3564 3572/3572/3572 3569/3569/3569
f 689/689/689 691/691/691 692/692/692
f 692/692/692 691/691/691 694/694/694
f 673/673/673 825/825/825 828/828/828
f 2677/2677/2677 2668/2668/2668 2678/2678/2678
f 123/123/123 101/101/101 122/122/122
f 2285/2285/2285 2284/2284/2284 2278/2278/2278
f 2058/2058/2058 2045/2045/2045 2046/2046/2046
f 4290/4290/4290 4291/4291/4291 4289/4289/4289
f 526/526/526 689/689/689 692/692/692
f 3542/3542/3542 3653/3653/3653 3607/3607/3607
f 2678/2678/2678 2668/2668/2668 2711/2711/2711
f 168/168/168 349/349/349 338/338/338
f 168/168/168 338/338/338 53/53/53
f 2097/2097/2097 2079/2079/2079 2084/2084/2084
f 2282/2282/2282 2278/2278/2278 2281/2281/2281
f 2284/2284/2284 2285/2285/2285 2287/2287/2287
f 2346/2346/2346 2348/2348/2348 2315/2315/2315
f 3564/3564/3564 3569/3569/3569 3568/3568/3568
f 4290/4290/4290 4289/4289/4289 4287/4287/4287
f 2694/2694/2694 2685/2685/2685 2682/2682/2682
f 50/50/50 53/53/53 52/52/52
f 74/74/74 101/101/101 98/98/98
f 2282/2282/2282 2281/2281/2281 2096/2096/2096
f 2096/2096/2096 2097/2097/2097 2084/2084/2084
f 2084/2084/2084 2079/2079/2079 2072/2072/2072
f 2285/2285/2285 2278/2278/2278 2282/2282/2282
f 2056/2056/2056 2047/2047/2047 2049/2049/2049
f 4287/4287/4287 4289/4289/4289 4286/4286/4286
f 525/525/525 526/526/526 527/527/527
f 526/526/526 692/692/692 743/743/743
f 2753/2753/2753 2729/2729/2729 2771/2771/2771
f 2771/2771/2771 2729/2729/2729 2770/2770/2770
f 350/350/350 349/349/349 168/168/168
f 168/168/168 53/53/53 50/50/50
f 2072/2072/2072 2064/2064/2064 2063/2063/2063
f 2287/2287/2287 2294/2294/2294 2284/2284/2284
f 526/526/526 743/743/743 527/527/527
f 698/698/698 694/694/694 674/674/674
f 51/51/51 50/50/50 52/52/52
f 51/51/51 52/52/52 71/71/71
f 71/71/71 52/52/52 98/98/98
f 52/52/52 74/74/74 98/98/98
f 2096/2096/2096 2084/2084/2084 2083/2083/2083
f 2083/2083/2083 2084/2084/2084 2072/2072/2072
f 2063/2063/2063 2058/2058/2058 2066/2066/2066
f 2046/2046/2046 2047/2047/2047 2048/2048/2048
f 2293/2293/2293 2311/2311/2311 2294/2294/2294
f 2293/2293/2293 2315/2315/2315 2311/2311/2311
f 2051/2051/2051 2047/2047/2047 2056/2056/2056
f 692/692/692 694/694/694 697/697/697
f 697/697/697 694/694/694 698/698/698
f 2072/2072/2072 2063/2063/2063 2066/2066/2066
f 2066/2066/2066 2058/2058/2058 2054/2054/2054
f 2293/2293/2293 2294/2294/2294 2287/2287/2287
f 2048/2048/2048 2047/2047/2047 2051/2051/2051
f 2303/2303/2303 2315/2315/2315 2293/2293/2293
f 2346/2346/2346 2315/2315/2315 2303/2303/2303
f 3546/3546/3546 3564/3564/3564 3568/3568/3568
f 1769/1769/1769 1771/1771/1771 1770/1770/1770
f 4287/4287/4287 4286/4286/4286 4284/4284/4284
f 743/743/743 692/692/692 742/742/742
f 742/742/742 692/692/692 697/697/697
f 2721/2721/2721 2682/2682/2682 2688/2688/2688
f 193/193/193 350/350/350 168/168/168
f 193/193/193 168/168/168 151/151/151
f 151/151/151 168/168/168 49/49/49
f 49/49/49 168/168/168 50/50/50
f 4025/4025/4025 4020/4020/4020 4007/4007/4007
f 2083/2083/2083 2072/2072/2072 2074/2074/2074
f 2074/2074/2074 2072/2072/2072 2066/2066/2066
f 2054/2054/2054 2058/2058/2058 2046/2046/2046
f 2054/2054/2054 2046/2046/2046 2050/2050/2050
f 2050/2050/2050 2046/2046/2046 2048/2048/2048
f 1768/1768/1768 1769/1769/1769 1767/1767/1767
f 1767/1767/1767 1769/1769/1769 1770/1770/1770
f 4286/4286/4286 4288/4288/4288 4285/4285/4285
f 698/698/698 674/674/674 700/700/700
f 49/49/49 50/50/50 48/48/48
f 48/48/48 50/50/50 51/51/51
f 3275/3275/3275 3271/3271/3271 3288/3288/3288
f 144/144/144 154/154/154 123/123/123
f 2101/2101/2101 2282/2282/2282 2096/2096/2096
f 3609/3609/3609 3646/3646/3646 3552/3552/3552
f 767/767/767 527/527/527 760/760/760
f 527/527/527 743/743/743 760/760/760
f 760/760/760 743/743/743 742/742/742
f 3607/3607/3607 3704/3704/3704 3608/3608/3608
f 3544/3544/3544 3607/3607/3607 3608/3608/3608
f 3230/3230/3230 3231/3231/3231 3229/3229/3229
f 48/48/48 51/51/51 71/71/71
f 2086/2086/2086 2096/2096/2096 2083/2083/2083
f 2289/2289/2289 2287/2287/2287 2285/2285/2285
f 2054/2054/2054 2050/2050/2050 2055/2055/2055
f 2048/2048/2048 2051/2051/2051 2053/2053/2053
f 2347/2347/2347 2346/2346/2346 2303/2303/2303
f 1765/1765/1765 1768/1768/1768 1767/1767/1767
f 4284/4284/4284 4286/4286/4286 4285/4285/4285
f 698/698/698 700/700/700 697/697/697
f 46/46/46 151/151/151 49/49/49
f 4065/4065/4065 4042/4042/4042 4041/4041/4041
f 4007/4007/4007 3988/3988/3988 4012/4012/4012
f 2101/2101/2101 2096/2096/2096 2086/2086/2086
f 2083/2083/2083 2074/2074/2074 2073/2073/2073
f 2313/2313/2313 2285/2285/2285 2282/2282/2282
f 2293/2293/2293 2287/2287/2287 2288/2288/2288
f 2050/2050/2050 2048/2048/2048 2053/2053/2053
f 2320/2320/2320 2347/2347/2347 2303/2303/2303
f 4277/4277/4277 4284/4284/4284 4285/4285/4285
f 186/186/186 193/193/193 151/151/151
f 46/46/46 49/49/49 48/48/48
f 136/136/136 111/111/111 124/124/124
f 4041/4041/4041 4054/4054/4054 4065/4065/4065
f 4038/4038/4038 4004/4004/4004 4005/4005/4005
f 4005/4005/4005 3991/3991/3991 4007/4007/4007
f 4007/4007/4007 3991/3991/3991 3988/3988/3988
f 2086/2086/2086 2083/2083/2083 2073/2073/2073
f 2073/2073/2073 2074/2074/2074 2066/2066/2066
f 2313/2313/2313 2282/2282/2282 2101/2101/2101
f 2066/2066/2066 2054/2054/2054 2062/2062/2062
f 2313/2313/2313 2289/2289/2289 2285/2285/2285
f 2057/2057/2057 2054/2054/2054 2055/2055/2055
f 2288/2288/2288 2287/2287/2287 2289/2289/2289
f 4278/4278/4278 4284/4284/4284 4277/4277/4277
f 4277/4277/4277 4285/4285/4285 4279/4279/4279
f 4285/4285/4285 4282/4282/4282 4279/4279/4279
f 767/767/767 760/760/760 765/765/765
f 697/697/697 700/700/700 701/701/701
f 199/199/199 186/186/186 141/141/141
f 45/45/45 186/186/186 151/151/151
f 45/45/45 151/151/151 46/46/46
f 48/48/48 71/71/71 90/90/90
f 137/137/137 111/111/111 136/136/136
f 2073/2073/2073 2066/2066/2066 2062/2062/2062
f 2062/2062/2062 2054/2054/2054 2057/2057/2057
f 2288/2288/2288 2303/2303/2303 2293/2293/2293
f 2304/2304/2304 2303/2303/2303 2288/2288/2288
f 2320/2320/2320 2303/2303/2303 2304/2304/2304
f 765/765/765 760/760/760 742/742/742
f 701/701/701 700/700/700 702/702/702
f 2701/2701/2701 2688/2688/2688 2686/2686/2686
f 141/141/141 186/186/186 45/45/45
f 47/47/47 46/46/46 48/48/48
f 4005/4005/4005 4004/4004/4004 3961/3961/3961
f 4005/4005/4005 3961/3961/3961 3991/3991/3991
f 2086/2086/2086 2073/2073/2073 2075/2075/2075
f 2313/2313/2313 2101/2101/2101 2099/2099/2099
f 2314/2314/2314 2289/2289/2289 2313/2313/2313
f 4279/4279/4279 4282/4282/4282 4275/4275/4275
f 742/742/742 697/697/697 744/744/744
f 744/744/744 697/697/697 701/701/701
f 702/702/702 700/700/700 662/662/662
f 662/662/662 659/659/659 655/655/655
f 1535/1535/1535 1687/1687/1687 1518/1518/1518
f 640/640/640 656/656/656 638/638/638
f 1518/1518/1518 1687/1687/1687 1524/1524/1524
f 141/141/141 45/45/45 42/42/42
f 44/44/44 46/46/46 47/47/47
f 47/47/47 48/48/48 90/90/90
f 4004/4004/4004 4073/4073/4073 3935/3935/3935
f 2314/2314/2314 2313/2313/2313 2099/2099/2099
f 2062/2062/2062 2057/2057/2057 2061/2061/2061
f 2061/2061/2061 2057/2057/2057 2055/2055/2055
f 2055/2055/2055 2050/2050/2050 2059/2059/2059
f 2059/2059/2059 2050/2050/2050 2053/2053/2053
f 1762/1762/1762 1765/1765/1765 1767/1767/1767
f 4265/4265/4265 4278/4278/4278 4277/4277/4277
f 4277/4277/4277 4279/4279/4279 4264/4264/4264
f 4264/4264/4264 4279/4279/4279 4275/4275/4275
f 769/769/769 765/765/765 742/742/742
f 638/638/638 656/656/656 657/657/657
f 1489/1489/1489 1454/1454/1454 1479/1479/1479
f 2701/2701/2701 2686/2686/2686 2696/2696/2696
f 41/41/41 192/192/192 141/141/141
f 42/42/42 45/45/45 44/44/44
f 4030/4030/4030 4054/4054/4054 4041/4041/4041
f 3961/3961/3961 3962/3962/3962 3991/3991/3991
f 4026/4026/4026 4030/4030/4030 4041/4041/4041
f 2075/2075/2075 2073/2073/2073 2062/2062/2062
f 2288/2288/2288 2289/2289/2289 2295/2295/2295
f 2295/2295/2295 2289/2289/2289 2314/2314/2314
f 2061/2061/2061 2055/2055/2055 2059/2059/2059
f 1762/1762/1762 1759/1759/1759 1765/1765/1765
f 3530/3530/3530 3546/3546/3546 3547/3547/3547
f 1762/1762/1762 1767/1767/1767 1766/1766/1766
f 4265/4265/4265 4277/4277/4277 4264/4264/4264
f 768/768/768 769/769/769 742/742/742
f 702/702/702 662/662/662 703/703/703
f 703/703/703 662/662/662 655/655/655
f 1654/1654/1654 1533/1533/1533 1647/1647/1647
f 2696/2696/2696 2695/2695/2695 2702/2702/2702
f 41/41/41 141/141/141 42/42/42
f 103/103/103 47/47/47 90/90/90
f 90/90/90 111/111/111 118/118/118
f 138/138/138 111/111/111 137/137/137
f 2323/2323/2323 2320/2320/2320 2304/2304/2304
f 768/768/768 742/742/742 744/744/744
f 744/744/744 701/701/701 733/733/733
f 733/733/733 701/701/701 702/702/702
f 2707/2707/2707 2701/2701/2701 2696/2696/2696
f 3504/3504/3504 3661/3661/3661 3680/3680/3680
f 3541/3541/3541 3661/3661/3661 3504/3504/3504
f 43/43/43 44/44/44 47/47/47
f 103/103/103 90/90/90 118/118/118
f 140/140/140 118/118/118 138/138/138
f 4054/4054/4054 4063/4063/4063 4072/4072/4072
f 4030/4030/4030 4031/4031/4031 4054/4054/4054
f 4004/4004/4004 3935/3935/3935 3943/3943/3943
f 4004/4004/4004 3943/3943/3943 3961/3961/3961
f 2095/2095/2095 2099/2099/2099 2086/2086/2086
f 2095/2095/2095 2086/2086/2086 2075/2075/2075
f 2075/2075/2075 2062/2062/2062 2065/2065/2065
f 2105/2105/2105 2314/2314/2314 2099/2099/2099
f 2062/2062/2062 2061/2061/2061 2065/2065/2065
f 1753/1753/1753 1759/1759/1759 1762/1762/1762
f 1762/1762/1762 1766/1766/1766 1761/1761/1761
f 1764/1764/1764 1761/1761/1761 1766/1766/1766
f 4264/4264/4264 4263/4263/4263 4265/4265/4265
f 4264/4264/4264 4275/4275/4275 4262/4262/4262
f 42/42/42 44/44/44 43/43/43
f 43/43/43 47/47/47 103/103/103
f 3961/3961/3961 3943/3943/3943 3944/3944/3944
f 3962/3962/3962 3979/3979/3979 3988/3988/3988
f 3979/3979/3979 3987/3987/3987 3988/3988/3988
f 2076/2076/2076 2075/2075/2075 2065/2065/2065
f 2296/2296/2296 2304/2304/2304 2288/2288/2288
f 4262/4262/4262 4275/4275/4275 4270/4270/4270
f 733/733/733 702/702/702 703/703/703
f 649/649/649 637/637/637 634/634/634
f 1456/1456/1456 1408/1408/1408 1414/1414/1414
f 1482/1482/1482 1480/1480/1480 1502/1502/1502
f 1409/1409/1409 1402/1402/1402 1410/1410/1410
f 2707/2707/2707 2696/2696/2696 2724/2724/2724
f 3504/3504/3504 3680/3680/3680 3551/3551/3551
f 128/128/128 195/195/195 149/149/149
f 39/39/39 41/41/41 40/40/40
f 40/40/40 41/41/41 42/42/42
f 40/40/40 42/42/42 43/43/43
f 3961/3961/3961 3944/3944/3944 3962/3962/3962
f 2085/2085/2085 2095/2095/2095 2075/2075/2075
f 2085/2085/2085 2075/2075/2075 2076/2076/2076
f 2111/2111/2111 2314/2314/2314 2105/2105/2105
f 2111/2111/2111 2295/2295/2295 2314/2314/2314
f 2068/2068/2068 2061/2061/2061 2059/2059/2059
f 2312/2312/2312 2304/2304/2304 2296/2296/2296
f 1761/1761/1761 1753/1753/1753 1762/1762/1762
f 4263/4263/4263 4264/4264/4264 4262/4262/4262
f 768/768/768 744/744/744 763/763/763
f 763/763/763 744/744/744 733/733/733
f 1409/1409/1409 1410/1410/1410 1433/1433/1433
f 164/164/164 195/195/195 128/128/128
f 128/128/128 149/149/149 58/58/58
f 38/38/38 40/40/40 43/43/43
f 4026/4026/4026 4006/4006/4006 4030/4030/4030
f 4003/4003/4003 4006/4006/4006 4026/4026/4026
f 3987/3987/3987 3979/3979/3979 3985/3985/3985
f 3987/3987/3987 3985/3985/3985 3995/3995/3995
f 3985/3985/3985 3989/3989/3989 3995/3995/3995
f 3995/3995/3995 3989/3989/3989 4003/4003/4003
f 2105/2105/2105 2099/2099/2099 2095/2095/2095
f 2065/2065/2065 2061/2061/2061 2068/2068/2068
f 1742/1742/1742 1755/1755/1755 1752/1752/1752
f 2296/2296/2296 2295/2295/2295 2111/2111/2111
f 1752/1752/1752 1759/1759/1759 1753/1753/1753
f 3476/3476/3476 3525/3525/3525 3526/3526/3526
f 2752/2752/2752 2724/2724/2724 2751/2751/2751
f 1666/1666/1666 1436/1436/1436 1667/1667/1667
f 39/39/39 40/40/40 37/37/37
f 115/115/115 43/43/43 103/103/103
f 140/140/140 103/103/103 118/118/118
f 3943/3943/3943 3929/3929/3929 3944/3944/3944
f 4030/4030/4030 4006/4006/4006 4031/4031/4031
f 3962/3962/3962 3944/3944/3944 3954/3954/3954
f 3962/3962/3962 3954/3954/3954 3979/3979/3979
f 2102/2102/2102 2085/2085/2085 2076/2076/2076
f 1757/1757/1757 1755/1755/1755 1742/1742/1742
f 2107/2107/2107 2111/2111/2111 2105/2105/2105
f 2113/2113/2113 2296/2296/2296 2111/2111/2111
f 2322/2322/2322 2304/2304/2304 2312/2312/2312
f 2323/2323/2323 2304/2304/2304 2322/2322/2322
f 4255/4255/4255 4262/4262/4262 4270/4270/4270
f 3678/3678/3678 3698/3698/3698 3602/3602/3602
f 37/37/37 40/40/40 38/38/38
f 38/38/38 43/43/43 115/115/115
f 3393/3393/3393 3392/3392/3392 3394/3394/3394
f 4035/4035/4035 4024/4024/4024 4053/4053/4053
f 3944/3944/3944 3939/3939/3939 3954/3954/3954
f 4006/4006/4006 4015/4015/4015 4031/4031/4031
f 3954/3954/3954 3959/3959/3959 3979/3979/3979
f 3979/3979/3979 3959/3959/3959 3985/3985/3985
f 2103/2103/2103 2095/2095/2095 2085/2085/2085
f 2103/2103/2103 2085/2085/2085 2102/2102/2102
f 2104/2104/2104 2105/2105/2105 2095/2095/2095
f 1741/1741/1741 1742/1742/1742 1752/1752/1752
f 2113/2113/2113 2111/2111/2111 2110/2110/2110
f 2324/2324/2324 2312/2312/2312 2296/2296/2296
f 2324/2324/2324 2296/2296/2296 2113/2113/2113
f 1741/1741/1741 1752/1752/1752 1753/1753/1753
f 1741/1741/1741 1753/1753/1753 1747/1747/1747
f 1747/1747/1747 1753/1753/1753 1750/1750/1750
f 1758/1758/1758 1753/1753/1753 1761/1761/1761
f 763/763/763 733/733/733 741/741/741
f 733/733/733 703/703/703 741/741/741
f 703/703/703 652/652/652 704/704/704
f 704/704/704 652/652/652 705/705/705
f 629/629/629 639/639/639 630/630/630
f 1618/1618/1618 1602/1602/1602 1560/1560/1560
f 3551/3551/3551 3647/3647/3647 3565/3565/3565
f 34/34/34 128/128/128 58/58/58
f 34/34/34 58/58/58 39/39/39
f 34/34/34 39/39/39 37/37/37
f 4043/4043/4043 4053/4053/4053 4024/4024/4024
f 4031/4031/4031 4015/4015/4015 4035/4035/4035
f 3985/3985/3985 3959/3959/3959 3976/3976/3976
f 2104/2104/2104 2095/2095/2095 2103/2103/2103
f 2107/2107/2107 2105/2105/2105 2106/2106/2106
f 2110/2110/2110 2111/2111/2111 2107/2107/2107
f 1750/1750/1750 1753/1753/1753 1758/1758/1758
f 1758/1758/1758 1761/1761/1761 1764/1764/1764
f 4270/4270/4270 4283/4283/4283 4258/4258/4258
f 1595/1595/1595 1558/1558/1558 1559/1559/1559
f 1380/1380/1380 1358/1358/1358 1378/1378/1378
f 1388/1388/1388 1393/1393/1393 1398/1398/1398
f 3565/3565/3565 3647/3647/3647 3601/3601/3601
f 3551/3551/3551 3565/3565/3565 3550/3550/3550
f 36/36/36 164/164/164 35/35/35
f 35/35/35 128/128/128 34/34/34
f 33/33/33 37/37/37 38/38/38
f 33/33/33 38/38/38 115/115/115
f 4053/4053/4053 4043/4043/4043 4056/4056/4056
f 3929/3929/3929 3930/3930/3930 3939/3939/3939
f 3989/3989/3989 3994/3994/3994 4006/4006/4006
f 2106/2106/2106 2105/2105/2105 2104/2104/2104
f 1742/1742/1742 1743/1743/1743 1757/1757/1757
f 1758/1758/1758 1764/1764/1764 1763/1763/1763
f 4256/4256/4256 4263/4263/4263 4262/4262/4262
f 4262/4262/4262 4255/4255/4255 4256/4256/4256
f 4255/4255/4255 4270/4270/4270 4258/4258/4258
f 705/705/705 624/624/624 623/623/623
f 623/623/623 621/621/621 620/620/620
f 3602/3602/3602 3660/3660/3660 3466/3466/3466
f 166/166/166 190/190/190 164/164/164
f 166/166/166 164/164/164 36/36/36
f 32/32/32 34/34/34 33/33/33
f 34/34/34 37/37/37 33/33/33
f 33/33/33 115/115/115 120/120/120
f 4015/4015/4015 4024/4024/4024 4035/4035/4035
f 3939/3939/3939 3930/3930/3930 3940/3940/3940
f 3994/3994/3994 4015/4015/4015 4006/4006/4006
f 3939/3939/3939 3945/3945/3945 3954/3954/3954
f 3954/3954/3954 3945/3945/3945 3959/3959/3959
f 3959/3959/3959 3945/3945/3945 3956/3956/3956
f 3959/3959/3959 3956/3956/3956 3976/3976/3976
f 3976/3976/3976 3975/3975/3975 3989/3989/3989
f 1756/1756/1756 1743/1743/1743 1726/1726/1726
f 1726/1726/1726 1743/1743/1743 1727/1727/1727
f 1727/1727/1727 1743/1743/1743 1742/1742/1742
f 2109/2109/2109 2110/2110/2110 2107/2107/2107
f 2113/2113/2113 2110/2110/2110 2109/2109/2109
f 2118/2118/2118 2324/2324/2324 2113/2113/2113
f 2322/2322/2322 2312/2312/2312 2324/2324/2324
f 2342/2342/2342 2322/2322/2322 2349/2349/2349
f 3476/3476/3476 3527/3527/3527 3561/3561/3561
f 741/741/741 703/703/703 704/704/704
f 619/619/619 618/618/618 622/622/622
f 1592/1592/1592 1500/1500/1500 1549/1549/1549
f 1634/1634/1634 1596/1596/1596 1595/1595/1595
f 1622/1622/1622 1600/1600/1600 1599/1599/1599
f 3550/3550/3550 3565/3565/3565 3543/3543/3543
f 35/35/35 34/34/34 32/32/32
f 4033/4033/4033 4056/4056/4056 4043/4043/4043
f 4000/4000/4000 3999/3999/3999 4015/4015/4015
f 4015/4015/4015 3999/3999/3999 4024/4024/4024
f 3971/3971/3971 4000/4000/4000 3994/3994/3994
f 3994/3994/3994 4000/4000/4000 4015/4015/4015
f 3956/3956/3956 3975/3975/3975 3976/3976/3976
f 1727/1727/1727 1742/1742/1742 1741/1741/1741
f 2118/2118/2118 2322/2322/2322 2324/2324/2324
f 1740/1740/1740 1741/1741/1741 1747/1747/1747
f 1750/1750/1750 1740/1740/1740 1747/1747/1747
f 1750/1750/1750 1758/1758/1758 1749/1749/1749
f 3475/3475/3475 3476/3476/3476 3561/3561/3561
f 3471/3471/3471 3476/3476/3476 3475/3475/3475
f 4256/4256/4256 4255/4255/4255 4233/4233/4233
f 4233/4233/4233 4255/4255/4255 4245/4245/4245
f 4255/4255/4255 4258/4258/4258 4245/4245/4245
f 4280/4280/4280 4258/4258/4258 4283/4283/4283
f 4258/4258/4258 4280/4280/4280 4259/4259/4259
f 3464/3464/3464 3603/3603/3603 3557/3557/3557
f 704/704/704 705/705/705 706/706/706
f 1592/1592/1592 1549/1549/1549 1612/1612/1612
f 3658/3658/3658 3685/3685/3685 3684/3684/3684
f 632/632/632 643/643/643 642/642/642
f 1381/1381/1381 1383/1383/1383 1444/1444/1444
f 1383/1383/1383 1384/1384/1384 1435/1435/1435
f 3605/3605/3605 3701/3701/3701 3700/3700/3700
f 3602/3602/3602 3466/3466/3466 3446/3446/3446
f 3459/3459/3459 3601/3601/3601 3447/3447/3447
f 139/139/139 190/190/190 166/166/166
f 3529/3529/3529 3550/3550/3550 3543/3543/3543
f 28/28/28 139/139/139 166/166/166
f 28/28/28 166/166/166 36/36/36
f 36/36/36 35/35/35 21/21/21
f 120/120/120 115/115/115 148/148/148
f 3911/3911/3911 3910/3910/3910 3904/3904/3904
f 4011/4011/4011 4033/4033/4033 4024/4024/4024
f 4024/4024/4024 4033/4033/4033 4043/4043/4043
f 3911/3911/3911 3904/3904/3904 3912/3912/3912
f 3956/3956/3956 3955/3955/3955 3975/3975/3975
f 1725/1725/1725 1756/1756/1756 1726/1726/1726
f 2109/2109/2109 2107/2107/2107 2108/2108/2108
f 2108/2108/2108 2107/2107/2107 2106/2106/2106
f 2114/2114/2114 2113/2113/2113 2109/2109/2109
f 2118/2118/2118 2113/2113/2113 2114/2114/2114
f 2122/2122/2122 2322/2322/2322 2118/2118/2118
f 1736/1736/1736 1741/1741/1741 1740/1740/1740
f 2349/2349/2349 2322/2322/2322 2122/2122/2122
f 1760/1760/1760 1749/1749/1749 1758/1758/1758
f 1760/1760/1760 1758/1758/1758 1763/1763/1763
f 622/622/622 626/626/626 628/628/628
f 28/28/28 36/36/36 21/21/21
f 32/32/32 33/33/33 31/31/31
f 3910/3910/3910 3903/3903/3903 3904/3904/3904
f 3912/3912/3912 3904/3904/3904 3913/3913/3913
f 3999/3999/3999 4011/4011/4011 4024/4024/4024
f 3930/3930/3930 3913/3913/3913 3931/3931/3931
f 3930/3930/3930 3931/3931/3931 3940/3940/3940
f 3945/3945/3945 3955/3955/3955 3956/3956/3956
f 3955/3955/3955 3971/3971/3971 3975/3975/3975
f 2106/2106/2106 2104/2104/2104 2117/2117/2117
f 2104/2104/2104 2103/2103/2103 2117/2117/2117
f 2114/2114/2114 2109/2109/2109 2112/2112/2112
f 1727/1727/1727 1741/1741/1741 1736/1736/1736
f 2356/2356/2356 2349/2349/2349 2122/2122/2122
f 1740/1740/1740 1750/1750/1750 1749/1749/1749
f 4244/4244/4244 4245/4245/4245 4258/4258/4258
f 4244/4244/4244 4258/4258/4258 4259/4259/4259
f 708/708/708 622/622/622 628/628/628
f 3690/3690/3690 3658/3658/3658 3559/3559/3559
f 647/647/647 688/688/688 686/686/686
f 686/686/686 685/685/685 669/669/669
f 187/187/187 201/201/201 200/200/200
f 3636/3636/3636 3681/3681/3681 3571/3571/3571
f 3481/3481/3481 3479/3479/3479 3480/3480/3480
f 3931/3931/3931 3942/3942/3942 3940/3940/3940
f 3971/3971/3971 3999/3999/3999 4000/4000/4000
f 3940/3940/3940 3942/3942/3942 3945/3945/3945
f 3945/3945/3945 3947/3947/3947 3955/3955/3955
f 2112/2112/2112 2109/2109/2109 2108/2108/2108
f 1729/1729/1729 1727/1727/1727 1736/1736/1736
f 2122/2122/2122 2118/2118/2118 2120/2120/2120
f 1729/1729/1729 1736/1736/1736 1740/1740/1740
f 1746/1746/1746 1740/1740/1740 1749/1749/1749
f 3382/3382/3382 3471/3471/3471 3475/3475/3475
f 1746/1746/1746 1749/1749/1749 1760/1760/1760
f 4260/4260/4260 4259/4259/4259 4280/4280/4280
f 4260/4260/4260 4280/4280/4280 4281/4281/4281
f 3606/3606/3606 3690/3690/3690 3559/3559/3559
f 625/625/625 626/626/626 627/627/627
f 3623/3623/3623 3687/3687/3687 3606/3606/3606
f 644/644/644 645/645/645 646/646/646
f 189/189/189 687/687/687 196/196/196
f 187/187/187 200/200/200 188/188/188
f 188/188/188 200/200/200 197/197/197
f 3459/3459/3459 3447/3447/3447 3444/3444/3444
f 3455/3455/3455 3543/3543/3543 3459/3459/3459
f 23/23/23 139/139/139 28/28/28
f 18/18/18 28/28/28 21/21/21
f 18/18/18 21/21/21 20/20/20
f 3239/3239/3239 3480/3480/3480 3357/3357/3357
f 120/120/120 31/31/31 33/33/33
f 4044/4044/4044 4033/4033/4033 4018/4018/4018
f 4044/4044/4044 4057/4057/4057 4033/4033/4033
f 3904/3904/3904 3906/3906/3906 3913/3913/3913
f 3971/3971/3971 3986/3986/3986 3999/3999/3999
f 3945/3945/3945 3942/3942/3942 3947/3947/3947
f 2108/2108/2108 2106/2106/2106 2116/2116/2116
f 2116/2116/2116 2106/2106/2106 2117/2117/2117
f 1725/1725/1725 1726/1726/1726 1724/1724/1724
f 1724/1724/1724 1726/1726/1726 1727/1727/1727
f 1729/1729/1729 1740/1740/1740 1735/1735/1735
f 3385/3385/3385 3389/3389/3389 3388/3388/3388
f 4227/4227/4227 4233/4233/4233 4221/4221/4221
f 4232/4232/4232 4221/4221/4221 4233/4233/4233
f 4232/4232/4232 4233/4233/4233 4245/4245/4245
f 4244/4244/4244 4232/4232/4232 4245/4245/4245
f 4252/4252/4252 4244/4244/4244 4259/4259/4259
f 704/704/704 706/706/706 731/731/731
f 766/766/766 704/704/704 731/731/731
f 731/731/731 706/706/706 705/705/705
f 731/731/731 705/705/705 719/719/719
f 719/719/719 705/705/705 707/707/707
f 647/647/647 669/669/669 648/648/648
f 684/684/684 687/687/687 189/189/189
f 189/189/189 196/196/196 187/187/187
f 188/188/188 197/197/197 183/183/183
f 183/183/183 194/194/194 160/160/160
f 160/160/160 185/185/185 27/27/27
f 27/27/27 185/185/185 167/167/167
f 24/24/24 167/167/167 139/139/139
f 3455/3455/3455 3459/3459/3459 3444/3444/3444
f 24/24/24 139/139/139 23/23/23
f 3477/3477/3477 3543/3543/3543 3455/3455/3455
f 23/23/23 28/28/28 18/18/18
f 21/21/21 31/31/31 20/20/20
f 126/126/126 31/31/31 120/120/120
f 147/147/147 126/126/126 120/120/120
f 4011/4011/4011 4016/4016/4016 4033/4033/4033
f 3913/3913/3913 3906/3906/3906 3916/3916/3916
f 3913/3913/3913 3916/3916/3916 3931/3931/3931
f 3942/3942/3942 3946/3946/3946 3947/3947/3947
f 3955/3955/3955 3951/3951/3951 3971/3971/3971
f 2115/2115/2115 2108/2108/2108 2116/2116/2116
f 2112/2112/2112 2108/2108/2108 2115/2115/2115
f 1724/1724/1724 1727/1727/1727 1728/1728/1728
f 2120/2120/2120 2118/2118/2118 2114/2114/2114
f 1728/1728/1728 1727/1727/1727 1729/1729/1729
f 2123/2123/2123 2122/2122/2122 2120/2120/2120
f 4257/4257/4257 4260/4260/4260 4281/4281/4281
f 719/719/719 707/707/707 709/709/709
f 708/708/708 628/628/628 709/709/709
f 627/627/627 633/633/633 661/661/661
f 4044/4044/4044 4059/4059/4059 4058/4058/4058
f 3904/3904/3904 3903/3903/3903 3889/3889/3889
f 4011/4011/4011 3986/3986/3986 4016/4016/4016
f 3971/3971/3971 3972/3972/3972 3986/3986/3986
f 3951/3951/3951 3972/3972/3972 3971/3971/3971
f 3947/3947/3947 3951/3951/3951 3955/3955/3955
f 1718/1718/1718 1725/1725/1725 1724/1724/1724
f 2114/2114/2114 2112/2112/2112 2119/2119/2119
f 1735/1735/1735 1740/1740/1740 1746/1746/1746
f 4220/4220/4220 4227/4227/4227 4221/4221/4221
f 709/709/709 628/628/628 625/625/625
f 661/661/661 633/633/633 651/651/651
f 651/651/651 633/633/633 644/644/644
f 650/650/650 646/646/646 648/648/648
f 648/648/648 669/669/669 670/670/670
f 669/669/669 684/684/684 683/683/683
f 684/684/684 189/189/189 683/683/683
f 165/165/165 189/189/189 187/187/187
f 165/165/165 187/187/187 162/162/162
f 161/161/161 188/188/188 183/183/183
f 26/26/26 160/160/160 27/27/27
f 18/18/18 20/20/20 16/16/16
f 16/16/16 20/20/20 116/116/116
f 3906/3906/3906 3889/3889/3889 3916/3916/3916
f 3931/3931/3931 3916/3916/3916 3933/3933/3933
f 3981/3981/3981 3997/3997/3997 3986/3986/3986
f 3972/3972/3972 3981/3981/3981 3986/3986/3986
f 3947/3947/3947 3946/3946/3946 3951/3951/3951
f 1720/1720/1720 1722/1722/1722 1712/1712/1712
f 2123/2123/2123 2120/2120/2120 2121/2121/2121
f 1734/1734/1734 1729/1729/1729 1735/1735/1735
f 3382/3382/3382 3385/3385/3385 3383/3383/3383
f 1745/1745/1745 1735/1735/1735 1746/1746/1746
f 4220/4220/4220 4221/4221/4221 4217/4217/4217
f 4232/4232/4232 4217/4217/4217 4221/4221/4221
f 4240/4240/4240 4244/4244/4244 4252/4252/4252
f 4260/4260/4260 4240/4240/4240 4252/4252/4252
f 766/766/766 731/731/731 762/762/762
f 731/731/731 719/719/719 762/762/762
f 667/667/667 627/627/627 661/661/661
f 650/650/650 648/648/648 668/668/668
f 3437/3437/3437 3619/3619/3619 3620/3620/3620
f 683/683/683 189/189/189 165/165/165
f 161/161/161 183/183/183 146/146/146
f 146/146/146 183/183/183 160/160/160
f 30/30/30 160/160/160 26/26/26
f 27/27/27 24/24/24 15/15/15
f 23/23/23 18/18/18 13/13/13
f 4044/4044/4044 4045/4045/4045 4059/4059/4059
f 3916/3916/3916 3932/3932/3932 3933/3933/3933
f 3986/3986/3986 3997/3997/3997 4016/4016/4016
f 3948/3948/3948 3946/3946/3946 3933/3933/3933
f 3946/3946/3946 3948/3948/3948 3952/3952/3952
f 3952/3952/3952 3981/3981/3981 3972/3972/3972
f 3946/3946/3946 3952/3952/3952 3951/3951/3951
f 3951/3951/3951 3952/3952/3952 3972/3972/3972
f 1712/1712/1712 1722/1722/1722 1721/1721/1721
f 1723/1723/1723 1724/1724/1724 1728/1728/1728
f 1723/1723/1723 1728/1728/1728 1732/1732/1732
f 1732/1732/1732 1728/1728/1728 1730/1730/1730
f 1730/1730/1730 1728/1728/1728 1729/1729/1729
f 3383/3383/3383 3385/3385/3385 3387/3387/3387
f 3381/3381/3381 3382/3382/3382 3380/3380/3380
f 4232/4232/4232 4244/4244/4244 4240/4240/4240
f 709/709/709 625/625/625 732/732/732
f 732/732/732 625/625/625 667/667/667
f 3409/3409/3409 3559/3559/3559 3396/3396/3396
f 162/162/162 188/188/188 161/161/161
f 146/146/146 160/160/160 30/30/30
f 15/15/15 26/26/26 27/27/27
f 15/15/15 24/24/24 13/13/13
f 13/13/13 24/24/24 23/23/23
f 13/13/13 18/18/18 16/16/16
f 3350/3350/3350 3478/3478/3478 3457/3457/3457
f 130/130/130 116/116/116 126/126/126
f 3873/3873/3873 3905/3905/3905 3898/3898/3898
f 4028/4028/4028 4045/4045/4045 4018/4018/4018
f 3916/3916/3916 3889/3889/3889 3917/3917/3917
f 3916/3916/3916 3917/3917/3917 3932/3932/3932
f 3933/3933/3933 3932/3932/3932 3938/3938/3938
f 3981/3981/3981 3990/3990/3990 3997/3997/3997
f 1712/1712/1712 1721/1721/1721 1718/1718/1718
f 1711/1711/1711 1712/1712/1712 1718/1718/1718
f 1723/1723/1723 1718/1718/1718 1724/1724/1724
f 2121/2121/2121 2120/2120/2120 2119/2119/2119
f 1730/1730/1730 1729/1729/1729 1734/1734/1734
f 3380/3380/3380 3383/3383/3383 3387/3387/3387
f 1739/1739/1739 1734/1734/1734 1735/1735/1735
f 1739/1739/1739 1735/1735/1735 1745/1745/1745
f 4217/4217/4217 4218/4218/4218 4220/4220/4220
f 3461/3461/3461 3462/3462/3462 3460/3460/3460
f 4257/4257/4257 4240/4240/4240 4260/4260/4260
f 4240/4240/4240 4257/4257/4257 4241/4241/4241
f 719/719/719 728/728/728 759/759/759
f 729/729/729 709/709/709 732/732/732
f 16/16/16 116/116/116 130/130/130
f 3889/3889/3889 3876/3876/3876 3888/3888/3888
f 3889/3889/3889 3888/3888/3888 3917/3917/3917
f 1711/1711/1711 1718/1718/1718 1716/1716/1716
f 1716/1716/1716 1718/1718/1718 1723/1723/1723
f 1706/1706/1706 1720/1720/1720 1707/1707/1707
f 2124/2124/2124 2123/2123/2123 2121/2121/2121
f 1739/1739/1739 1745/1745/1745 1751/1751/1751
f 4228/4228/4228 4217/4217/4217 4232/4232/4232
f 4228/4228/4228 4232/4232/4232 4240/4240/4240
f 732/732/732 667/667/667 734/734/734
f 734/734/734 667/667/667 735/735/735
f 736/736/736 651/651/651 738/738/738
f 738/738/738 668/668/668 670/670/670
f 740/740/740 670/670/670 746/746/746
f 746/746/746 670/670/670 683/683/683
f 746/746/746 683/683/683 159/159/159
f 159/159/159 683/683/683 163/163/163
f 163/163/163 683/683/683 165/165/165
f 163/163/163 165/165/165 162/162/162
f 3431/3431/3431 3434/3434/3434 3421/3421/3421
f 22/22/22 161/161/161 146/146/146
f 22/22/22 146/146/146 30/30/30
f 19/19/19 30/30/30 26/26/26
f 16/16/16 11/11/11 13/13/13
f 17/17/17 16/16/16 130/130/130
f 3353/3353/3353 3350/3350/3350 3348/3348/3348
f 4062/4062/4062 4059/4059/4059 4046/4046/4046
f 3876/3876/3876 3875/3875/3875 3888/3888/3888
f 4017/4017/4017 4018/4018/4018 4016/4016/4016
f 3997/3997/3997 4017/4017/4017 4016/4016/4016
f 3948/3948/3948 3949/3949/3949 3952/3952/3952
f 3949/3949/3949 3953/3953/3953 3952/3952/3952
f 3952/3952/3952 3978/3978/3978 3981/3981/3981
f 1731/1731/1731 1732/1732/1732 1733/1733/1733
f 1733/1733/1733 1732/1732/1732 1730/1730/1730
f 1738/1738/1738 1734/1734/1734 1739/1739/1739
f 4212/4212/4212 4218/4218/4218 4217/4217/4217
f 4250/4250/4250 4241/4241/4241 4257/4257/4257
f 4269/4269/4269 4250/4250/4250 4257/4257/4257
f 759/759/759 728/728/728 729/729/729
f 3414/3414/3414 3395/3395/3395 3399/3399/3399
f 735/735/735 667/667/667 177/177/177
f 738/738/738 670/670/670 740/740/740
f 19/19/19 26/26/26 14/14/14
f 14/14/14 26/26/26 15/15/15
f 14/14/14 15/15/15 12/12/12
f 15/15/15 13/13/13 12/12/12
f 12/12/12 13/13/13 11/11/11
f 17/17/17 11/11/11 16/16/16
f 4062/4062/4062 4046/4046/4046 4039/4039/4039
f 3873/3873/3873 3898/3898/3898 3874/3874/3874
f 3873/3873/3873 3874/3874/3874 3875/3875/3875
f 4028/4028/4028 4022/4022/4022 4045/4045/4045
f 3932/3932/3932 3934/3934/3934 3938/3938/3938
f 3948/3948/3948 3934/3934/3934 3949/3949/3949
f 3953/3953/3953 3978/3978/3978 3952/3952/3952
f 1713/1713/1713 1711/1711/1711 1716/1716/1716
f 1707/1707/1707 1712/1712/1712 1704/1704/1704
f 1701/1701/1701 1706/1706/1706 1707/1707/1707
f 1731/1731/1731 1723/1723/1723 1732/1732/1732
f 1701/1701/1701 1705/1705/1705 1706/1706/1706
f 1733/1733/1733 1730/1730/1730 1734/1734/1734
f 1738/1738/1738 1733/1733/1733 1734/1734/1734
f 1744/1744/1744 1738/1738/1738 1739/1739/1739
f 3378/3378/3378 3379/3379/3379 3377/3377/3377
f 1744/1744/1744 1739/1739/1739 1751/1751/1751
f 1744/1744/1744 1751/1751/1751 1754/1754/1754
f 4216/4216/4216 4212/4212/4212 4217/4217/4217
f 4216/4216/4216 4217/4217/4217 4228/4228/4228
f 4228/4228/4228 4240/4240/4240 4241/4241/4241
f 4231/4231/4231 4228/4228/4228 4241/4241/4241
f 4246/4246/4246 4231/4231/4231 4241/4241/4241
f 4246/4246/4246 4241/4241/4241 4250/4250/4250
f 759/759/759 729/729/729 761/761/761
f 3395/3395/3395 3396/3396/3396 3397/3397/3397
f 747/747/747 740/740/740 746/746/746
f 747/747/747 746/746/746 159/159/159
f 157/157/157 163/163/163 156/156/156
f 162/162/162 161/161/161 29/29/29
f 29/29/29 161/161/161 22/22/22
f 22/22/22 30/30/30 19/19/19
f 3427/3427/3427 3428/3428/3428 3426/3426/3426
f 3902/3902/3902 3900/3900/3900 3880/3880/3880
f 3898/3898/3898 3902/3902/3902 3880/3880/3880
f 3898/3898/3898 3880/3880/3880 3874/3874/3874
f 3875/3875/3875 3874/3874/3874 3877/3877/3877
f 3875/3875/3875 3877/3877/3877 3888/3888/3888
f 3888/3888/3888 3923/3923/3923 3917/3917/3917
f 3917/3917/3917 3923/3923/3923 3932/3932/3932
f 4017/4017/4017 4010/4010/4010 4018/4018/4018
f 3949/3949/3949 3950/3950/3950 3953/3953/3953
f 1704/1704/1704 1712/1712/1712 1711/1711/1711
f 1709/1709/1709 1704/1704/1704 1711/1711/1711
f 1701/1701/1701 1707/1707/1707 1704/1704/1704
f 1717/1717/1717 1716/1716/1716 1723/1723/1723
f 1717/1717/1717 1723/1723/1723 1731/1731/1731
f 1700/1700/1700 1705/1705/1705 1699/1699/1699
f 3380/3380/3380 3386/3386/3386 3377/3377/3377
f 3378/3378/3378 3377/3377/3377 3375/3375/3375
f 4250/4250/4250 4269/4269/4269 4276/4276/4276
f 4254/4254/4254 4276/4276/4276 4266/4266/4266
f 761/761/761 729/729/729 753/753/753
f 177/177/177 736/736/736 737/737/737
f 737/737/737 736/736/736 738/738/738
f 156/156/156 163/163/163 162/162/162
f 14/14/14 12/12/12 5/5/5
f 5/5/5 12/12/12 9/9/9
f 12/12/12 11/11/11 9/9/9
f 11/11/11 17/17/17 10/10/10
f 130/130/130 133/133/133 17/17/17
f 3888/3888/3888 3877/3877/3877 3884/3884/3884
f 3932/3932/3932 3923/3923/3923 3934/3934/3934
f 1709/1709/1709 1711/1711/1711 1713/1713/1713
f 1713/1713/1713 1716/1716/1716 1717/1717/1717
f 1705/1705/1705 1701/1701/1701 1699/1699/1699
f 4216/4216/4216 4228/4228/4228 4211/4211/4211
f 4211/4211/4211 4228/4228/4228 4231/4231/4231
f 761/761/761 753/753/753 734/734/734
f 734/734/734 735/735/735 181/181/181
f 181/181/181 735/735/735 177/177/177
f 739/739/739 738/738/738 740/740/740
f 2/2/2 19/19/19 3/3/3
f 19/19/19 14/14/14 3/3/3
f 3/3/3 14/14/14 5/5/5
f 9/9/9 11/11/11 10/10/10
f 133/133/133 10/10/10 17/17/17
f 3348/3348/3348 3350/3350/3350 3346/3346/3346
f 3348/3348/3348 3346/3346/3346 3347/3347/3347
f 130/130/130 152/152/152 133/133/133
f 4039/4039/4039 4046/4046/4046 4022/4022/4022
f 4028/4028/4028 4009/4009/4009 4022/4022/4022
f 4009/4009/4009 4028/4028/4028 4010/4010/4010
f 3888/3888/3888 3884/3884/3884 3923/3923/3923
f 4017/4017/4017 3992/3992/3992 4010/4010/4010
f 3953/3953/3953 3950/3950/3950 3978/3978/3978
f 1709/1709/1709 1713/1713/1713 1710/1710/1710
f 1714/1714/1714 1713/1713/1713 1717/1717/1717
f 1701/1701/1701 1704/1704/1704 1698/1698/1698
f 1699/1699/1699 1701/1701/1701 1698/1698/1698
f 1695/1695/1695 1699/1699/1699 1698/1698/1698
f 1700/1700/1700 1699/1699/1699 1695/1695/1695
f 1737/1737/1737 1733/1733/1733 1738/1738/1738
f 1737/1737/1737 1738/1738/1738 1744/1744/1744
f 3375/3375/3375 3377/3377/3377 3376/3376/3376
f 3373/3373/3373 3374/3374/3374 3375/3375/3375
f 3373/3373/3373 3375/3375/3375 3376/3376/3376
f 4229/4229/4229 4211/4211/4211 4231/4231/4231
f 4229/4229/4229 4231/4231/4231 4246/4246/4246
f 4237/4237/4237 4229/4229/4229 4246/4246/4246
f 4237/4237/4237 4246/4246/4246 4250/4250/4250
f 4254/4254/4254 4237/4237/4237 4250/4250/4250
f 737/737/737 738/738/738 739/739/739
f 739/739/739 740/740/740 173/173/173
f 173/173/173 740/740/740 747/747/747
f 171/171/171 747/747/747 159/159/159
f 159/159/159 157/157/157 158/158/158
f 156/156/156 29/29/29 155/155/155
f 155/155/155 29/29/29 25/25/25
f 25/25/25 29/29/29 22/22/22
f 25/25/25 22/22/22 6/6/6
f 22/22/22 19/19/19 6/6/6
f 3900/3900/3900 3894/3894/3894 3880/3880/3880
f 3874/3874/3874 3880/3880/3880 3878/3878/3878
f 3874/3874/3874 3878/3878/3878 3877/3877/3877
f 3923/3923/3923 3884/3884/3884 3915/3915/3915
f 3993/3993/3993 4009/4009/4009 4010/4010/4010
f 3949/3949/3949 3934/3934/3934 3950/3950/3950
f 1710/1710/1710 1713/1713/1713 1714/1714/1714
f 1704/1704/1704 1709/1709/1709 1708/1708/1708
f 1698/1698/1698 1704/1704/1704 1708/1708/1708
f 1719/1719/1719 1731/1731/1731 1733/1733/1733
f 1700/1700/1700 1695/1695/1695 1688/1688/1688
f 1748/1748/1748 1737/1737/1737 1744/1744/1744
f 1748/1748/1748 1744/1744/1744 1754/1754/1754
f 4199/4199/4199 4203/4203/4203 4212/4212/4212
f 4199/4199/4199 4212/4212/4212 4216/4216/4216
f 4199/4199/4199 4216/4216/4216 4211/4211/4211
f 4209/4209/4209 4211/4211/4211 4229/4229/4229
f 4248/4248/4248 4254/4254/4254 4266/4266/4266
f 764/764/764 761/761/761 734/734/734
f 181/181/181 764/764/764 734/734/734
f 177/177/177 737/737/737 175/175/175
f 175/175/175 737/737/737 739/739/739
f 173/173/173 747/747/747 171/171/171
f 171/171/171 159/159/159 158/158/158
f 157/157/157 156/156/156 155/155/155
f 158/158/158 157/157/157 155/155/155
f 19/19/19 2/2/2 6/6/6
f 4/4/4 3/3/3 5/5/5
f 7/7/7 9/9/9 10/10/10
f 4068/4068/4068 4062/4062/4062 4034/4034/4034
f 3880/3880/3880 3894/3894/3894 3878/3878/3878
f 3878/3878/3878 3879/3879/3879 3877/3877/3877
f 3877/3877/3877 3879/3879/3879 3884/3884/3884
f 4009/4009/4009 4008/4008/4008 4022/4022/4022
f 3974/3974/3974 3992/3992/3992 3990/3990/3990
f 3950/3950/3950 3974/3974/3974 3978/3978/3978
f 1708/1708/1708 1709/1709/1709 1710/1710/1710
f 1714/1714/1714 1717/1717/1717 1719/1719/1719
f 1719/1719/1719 1717/1717/1717 1731/1731/1731
f 1737/1737/1737 1719/1719/1719 1733/1733/1733
f 1702/1702/1702 1700/1700/1700 1688/1688/1688
f 1703/1703/1703 1702/1702/1702 1688/1688/1688
f 3373/3373/3373 3376/3376/3376 3384/3384/3384
f 4210/4210/4210 4209/4209/4209 4229/4229/4229
f 4210/4210/4210 4229/4229/4229 4237/4237/4237
f 3367/3367/3367 3368/3368/3368 3365/3365/3365
f 4222/4222/4222 4237/4237/4237 4248/4248/4248
f 3370/3370/3370 3397/3397/3397 3369/3369/3369
f 175/175/175 739/739/739 173/173/173
f 1/1/1 6/6/6 2/2/2
f 1/1/1 2/2/2 3/3/3
f 1/1/1 3/3/3 4/4/4
f 4/4/4 5/5/5 7/7/7
f 9/9/9 7/7/7 5/5/5
f 3346/3346/3346 3345/3345/3345 3343/3343/3343
f 7/7/7 10/10/10 142/142/142
f 4034/4034/4034 4050/4050/4050 4068/4068/4068
f 4039/4039/4039 4019/4019/4019 4034/4034/4034
f 4008/4008/4008 4019/4019/4019 4022/4022/4022
f 4022/4022/4022 4019/4019/4019 4039/4039/4039
f 3884/3884/3884 3879/3879/3879 3881/3881/3881
f 4009/4009/4009 3996/3996/3996 4008/4008/4008
f 3993/3993/3993 3996/3996/3996 4009/4009/4009
f 3884/3884/3884 3881/3881/3881 3915/3915/3915
f 3915/3915/3915 3927/3927/3927 3923/3923/3923
f 3992/3992/3992 3983/3983/3983 3993/3993/3993
f 3923/3923/3923 3927/3927/3927 3934/3934/3934
f 3934/3934/3934 3927/3927/3927 3941/3941/3941
f 3934/3934/3934 3941/3941/3941 3950/3950/3950
f 3950/3950/3950 3958/3958/3958 3974/3974/3974
f 3974/3974/3974 3983/3983/3983 3992/3992/3992
f 1703/1703/1703 1688/1688/1688 1690/1690/1690
f 3373/3373/3373 3384/3384/3384 3372/3372/3372
f 4223/4223/4223 4210/4210/4210 4237/4237/4237
f 4223/4223/4223 4237/4237/4237 4222/4222/4222
f 4243/4243/4243 4222/4222/4222 4248/4248/4248
f 4243/4243/4243 4248/4248/4248 4261/4261/4261
f 181/181/181 177/177/177 180/180/180
f 175/175/175 176/176/176 177/177/177
f 172/172/172 173/173/173 171/171/171
f 170/170/170 171/171/171 158/158/158
f 184/184/184 25/25/25 6/6/6
f 4253/4253/4253 4274/4274/4274 4271/4271/4271
f 3346/3346/3346 3343/3343/3343 3347/3347/3347
f 3984/3984/3984 3996/3996/3996 3993/3993/3993
f 3915/3915/3915 3881/3881/3881 3914/3914/3914
f 3915/3915/3915 3914/3914/3914 3927/3927/3927
f 3983/3983/3983 3984/3984/3984 3993/3993/3993
f 3974/3974/3974 3958/3958/3958 3983/3983/3983
f 1710/1710/1710 1714/1714/1714 1715/1715/1715
f 4101/4101/4101 4103/4103/4103 4102/4102/4102
f 1695/1695/1695 1698/1698/1698 1696/1696/1696
f 4166/4166/4166 4204/4204/4204 4200/4200/4200
f 1688/1688/1688 1695/1695/1695 1692/1692/1692
f 4189/4189/4189 4166/4166/4166 4200/4200/4200
f 4200/4200/4200 4203/4203/4203 4189/4189/4189
f 4199/4199/4199 4189/4189/4189 4203/4203/4203
f 4190/4190/4190 4199/4199/4199 4211/4211/4211
f 4190/4190/4190 4211/4211/4211 4209/4209/4209
f 4222/4222/4222 4210/4210/4210 4223/4223/4223
f 4219/4219/4219 4222/4222/4222 4243/4243/4243
f 4235/4235/4235 4243/4243/4243 4261/4261/4261
f 176/176/176 180/180/180 177/177/177
f 172/172/172 171/171/171 170/170/170
f 170/170/170 158/158/158 169/169/169
f 158/158/158 155/155/155 169/169/169
f 169/169/169 155/155/155 184/184/184
f 155/155/155 25/25/25 184/184/184
f 4247/4247/4247 4253/4253/4253 4271/4271/4271
f 8/8/8 1/1/1 4/4/4
f 3345/3345/3345 3344/3344/3344 3343/3343/3343
f 4034/4034/4034 4029/4029/4029 4050/4050/4050
f 3894/3894/3894 3883/3883/3883 3878/3878/3878
f 3879/3879/3879 3878/3878/3878 3881/3881/3881
f 3977/3977/3977 3984/3984/3984 3983/3983/3983
f 3958/3958/3958 3960/3960/3960 3983/3983/3983
f 3983/3983/3983 3960/3960/3960 3977/3977/3977
f 4100/4100/4100 4102/4102/4102 4110/4110/4110
f 4101/4101/4101 4102/4102/4102 4100/4100/4100
f 4111/4111/4111 4100/4100/4100 4110/4110/4110
f 4111/4111/4111 4110/4110/4110 4125/4125/4125
f 1715/1715/1715 1714/1714/1714 1719/1719/1719
f 4125/4125/4125 4204/4204/4204 4166/4166/4166
f 1695/1695/1695 1696/1696/1696 1692/1692/1692
f 1688/1688/1688 1692/1692/1692 1689/1689/1689
f 1688/1688/1688 1689/1689/1689 1690/1690/1690
f 3368/3368/3368 3372/3372/3372 3371/3371/3371
f 4210/4210/4210 4188/4188/4188 4209/4209/4209
f 3368/3368/3368 3371/3371/3371 3364/3364/3364
f 4194/4194/4194 4210/4210/4210 4222/4222/4222
f 3361/3361/3361 3369/3369/3369 3362/3362/3362
f 3370/3370/3370 3369/3369/3369 3361/3361/3361
f 4219/4219/4219 4243/4243/4243 4235/4235/4235
f 3360/3360/3360 3400/3400/3400 3398/3398/3398
f 176/176/176 175/175/175 174/174/174
f 174/174/174 175/175/175 173/173/173
f 182/182/182 172/172/172 170/170/170
f 4273/4273/4273 4274/4274/4274 4253/4253/4253
f 4251/4251/4251 4247/4247/4247 4268/4268/4268
f 3344/3344/3344 3341/3341/3341 3343/3343/3343
f 4251/4251/4251 4267/4267/4267 4049/4049/4049
f 4019/4019/4019 4029/4029/4029 4034/4034/4034
f 3878/3878/3878 3883/3883/3883 3882/3882/3882
f 3881/3881/3881 3878/3878/3878 3882/3882/3882
f 3977/3977/3977 3969/3969/3969 3984/3984/3984
f 3881/3881/3881 3887/3887/3887 3914/3914/3914
f 3960/3960/3960 3963/3963/3963 3977/3977/3977
f 3937/3937/3937 3960/3960/3960 3958/3958/3958
f 4099/4099/4099 4100/4100/4100 4111/4111/4111
f 1692/1692/1692 1696/1696/1696 1697/1697/1697
f 4101/4101/4101 4100/4100/4100 4097/4097/4097
f 4120/4120/4120 4125/4125/4125 4166/4166/4166
f 4160/4160/4160 4166/4166/4166 4189/4189/4189
f 4175/4175/4175 4160/4160/4160 4189/4189/4189
f 4175/4175/4175 4189/4189/4189 4199/4199/4199
f 1691/1691/1691 1690/1690/1690 1689/1689/1689
f 4175/4175/4175 4199/4199/4199 4190/4190/4190
f 4188/4188/4188 4190/4190/4190 4209/4209/4209
f 4188/4188/4188 4210/4210/4210 4194/4194/4194
f 3362/3362/3362 3369/3369/3369 3363/3363/3363
f 4194/4194/4194 4222/4222/4222 4219/4219/4219
f 4197/4197/4197 4194/4194/4194 4219/4219/4219
f 3361/3361/3361 3360/3360/3360 3370/3370/3370
f 4225/4225/4225 4219/4219/4219 4235/4235/4235
f 4225/4225/4225 4235/4235/4235 4236/4236/4236
f 172/172/172 174/174/174 173/173/173
f 174/174/174 172/172/172 178/178/178
f 178/178/178 172/172/172 179/179/179
f 182/182/182 179/179/179 172/172/172
f 170/170/170 169/169/169 182/182/182
f 4272/4272/4272 4273/4273/4273 4249/4249/4249
f 4242/4242/4242 4253/4253/4253 4247/4247/4247
f 4202/4202/4202 4247/4247/4247 4224/4224/4224
f 4251/4251/4251 4224/4224/4224 4247/4247/4247
f 3341/3341/3341 3342/3342/3342 3343/3343/3343
f 4251/4251/4251 4049/4049/4049 4213/4213/4213
f 3890/3890/3890 3897/3897/3897 3892/3892/3892
f 3897/3897/3897 3890/3890/3890 3883/3883/3883
f 3894/3894/3894 3897/3897/3897 3883/3883/3883
f 4023/4023/4023 4049/4049/4049 4029/4029/4029
f 4008/4008/4008 3982/3982/3982 4019/4019/4019
f 3996/3996/3996 3982/3982/3982 4008/4008/4008
f 3881/3881/3881 3882/3882/3882 3887/3887/3887
f 3984/3984/3984 3982/3982/3982 3996/3996/3996
f 3977/3977/3977 3963/3963/3963 3969/3969/3969
f 3914/3914/3914 3921/3921/3921 3927/3927/3927
f 3937/3937/3937 3927/3927/3927 3936/3936/3936
f 4097/4097/4097 4100/4100/4100 4099/4099/4099
f 4111/4111/4111 4125/4125/4125 4120/4120/4120
f 1689/1689/1689 1692/1692/1692 1697/1697/1697
f 4142/4142/4142 4120/4120/4120 4166/4166/4166
f 4142/4142/4142 4166/4166/4166 4160/4160/4160
f 4160/4160/4160 4175/4175/4175 4158/4158/4158
f 4158/4158/4158 4175/4175/4175 4190/4190/4190
f 1693/1693/1693 1691/1691/1691 1694/1694/1694
f 4188/4188/4188 4158/4158/4158 4190/4190/4190
f 3362/3362/3362 3363/3363/3363 3329/3329/3329
f 3360/3360/3360 3361/3361/3361 3333/3333/3333
f 4198/4198/4198 4197/4197/4197 4219/4219/4219
f 4198/4198/4198 4219/4219/4219 4225/4225/4225
f 3356/3356/3356 3360/3360/3360 3332/3332/3332
f 4226/4226/4226 4225/4225/4225 4236/4236/4236
f 4238/4238/4238 4272/4272/4272 4239/4239/4239
f 4239/4239/4239 4272/4272/4272 4249/4249/4249
f 4249/4249/4249 4253/4253/4253 4242/4242/4242
f 3335/3335/3335 3355/3355/3355 3326/3326/3326
f 4242/4242/4242 4247/4247/4247 4202/4202/4202
f 4213/4213/4213 4224/4224/4224 4251/4251/4251
f 4023/4023/4023 4213/4213/4213 4049/4049/4049
f 3984/3984/3984 3969/3969/3969 3982/3982/3982
f 3887/3887/3887 3921/3921/3921 3914/3914/3914
f 3960/3960/3960 3957/3957/3957 3963/3963/3963
f 3921/3921/3921 3936/3936/3936 3927/3927/3927
f 3937/3937/3937 3936/3936/3936 3957/3957/3957
f 3937/3937/3937 3957/3957/3957 3960/3960/3960
f 4099/4099/4099 4111/4111/4111 4120/4120/4120
f 4097/4097/4097 4099/4099/4099 4096/4096/4096
f 4115/4115/4115 4099/4099/4099 4120/4120/4120
f 4094/4094/4094 4097/4097/4097 4096/4096/4096
f 4115/4115/4115 4120/4120/4120 4142/4142/4142
f 4095/4095/4095 4094/4094/4094 4096/4096/4096
f 4142/4142/4142 4160/4160/4160 4158/4158/4158
f 4088/4088/4088 4094/4094/4094 4095/4095/4095
f 4163/4163/4163 4158/4158/4158 4188/4188/4188
f 4086/4086/4086 4088/4088/4088 4087/4087/4087
f 4085/4085/4085 4086/4086/4086 4087/4087/4087
f 4169/4169/4169 4163/4163/4163 4188/4188/4188
f 4090/4090/4090 4085/4085/4085 4089/4089/4089
f 4194/4194/4194 4169/4169/4169 4188/4188/4188
f 4167/4167/4167 4169/4169/4169 4184/4184/4184
f 4184/4184/4184 4169/4169/4169 4194/4194/4194
f 4184/4184/4184 4194/4194/4194 4197/4197/4197
f 4184/4184/4184 4197/4197/4197 4198/4198/4198
f 3352/3352/3352 3356/3356/3356 3332/3332/3332
f 4198/4198/4198 4225/4225/4225 4226/4226/4226
f 4207/4207/4207 4198/4198/4198 4226/4226/4226
f 4207/4207/4207 4226/4226/4226 4230/4230/4230
f 4234/4234/4234 4207/4207/4207 4230/4230/4230
f 3449/3449/3449 3337/3337/3337 3327/3327/3327
f 4242/4242/4242 4239/4239/4239 4249/4249/4249
f 3355/3355/3355 3327/3327/3327 3326/3326/3326
f 4191/4191/4191 4242/4242/4242 4202/4202/4202
f 3336/3336/3336 3335/3335/3335 3322/3322/3322
f 4201/4201/4201 4202/4202/4202 4224/4224/4224
f 4213/4213/4213 4201/4201/4201 4224/4224/4224
f 4208/4208/4208 4213/4213/4213 4023/4023/4023
f 3890/3890/3890 3892/3892/3892 3891/3891/3891
f 4002/4002/4002 4208/4208/4208 4023/4023/4023
f 3890/3890/3890 3891/3891/3891 3885/3885/3885
f 3883/3883/3883 3890/3890/3890 3885/3885/3885
f 4002/4002/4002 4023/4023/4023 3998/3998/3998
f 3980/3980/3980 4002/4002/4002 3998/3998/3998
f 3883/3883/3883 3885/3885/3885 3882/3882/3882
f 3882/3882/3882 3885/3885/3885 3886/3886/3886
f 3982/3982/3982 3973/3973/3973 3998/3998/3998
f 3882/3882/3882 3886/3886/3886 3887/3887/3887
f 3887/3887/3887 3886/3886/3886 3921/3921/3921
f 3921/3921/3921 3886/3886/3886 3928/3928/3928
f 3963/3963/3963 3964/3964/3964 3965/3965/3965
f 3921/3921/3921 3928/3928/3928 3936/3936/3936
f 3936/3936/3936 3928/3928/3928 3957/3957/3957
f 3963/3963/3963 3965/3965/3965 3969/3969/3969
f 3957/3957/3957 3964/3964/3964 3963/3963/3963
f 4096/4096/4096 4099/4099/4099 4115/4115/4115
f 4098/4098/4098 4096/4096/4096 4113/4113/4113
f 4113/4113/4113 4096/4096/4096 4115/4115/4115
f 4130/4130/4130 4115/4115/4115 4142/4142/4142
f 4130/4130/4130 4142/4142/4142 4158/4158/4158
f 4093/4093/4093 4095/4095/4095 4096/4096/4096
f 4113/4113/4113 4115/4115/4115 4130/4130/4130
f 4088/4088/4088 4095/4095/4095 4093/4093/4093
f 4093/4093/4093 4096/4096/4096 4098/4098/4098
f 4143/4143/4143 4130/4130/4130 4158/4158/4158
f 4131/4131/4131 4130/4130/4130 4143/4143/4143
f 4143/4143/4143 4158/4158/4158 4163/4163/4163
f 4092/4092/4092 4093/4093/4093 4098/4098/4098
f 4087/4087/4087 4088/4088/4088 4093/4093/4093
f 4149/4149/4149 4143/4143/4143 4163/4163/4163
f 4149/4149/4149 4163/4163/4163 4169/4169/4169
f 4089/4089/4089 4085/4085/4085 4087/4087/4087
f 3329/3329/3329 3331/3331/3331 3330/3330/3330
f 4159/4159/4159 4149/4149/4149 4169/4169/4169
f 4159/4159/4159 4169/4169/4169 4167/4167/4167
f 3299/3299/3299 3362/3362/3362 3329/3329/3329
f 3299/3299/3299 3361/3361/3361 3362/3362/3362
f 4185/4185/4185 4184/4184/4184 4198/4198/4198
f 4185/4185/4185 4198/4198/4198 4207/4207/4207
f 4215/4215/4215 4207/4207/4207 4234/4234/4234
f 4238/4238/4238 4215/4215/4215 4234/4234/4234
f 3327/3327/3327 3337/3337/3337 3320/3320/3320
f 4201/4201/4201 4195/4195/4195 4202/4202/4202
f 3899/3899/3899 3901/3901/3901 3893/3893/3893
f 3892/3892/3892 3899/3899/3899 3893/3893/3893
f 4192/4192/4192 4201/4201/4201 4213/4213/4213
f 3892/3892/3892 3893/3893/3893 3891/3891/3891
f 4192/4192/4192 4213/4213/4213 4208/4208/4208
f 3885/3885/3885 3891/3891/3891 3907/3907/3907
f 3885/3885/3885 3907/3907/3907 3920/3920/3920
f 3886/3886/3886 3885/3885/3885 3920/3920/3920
f 3886/3886/3886 3920/3920/3920 3928/3928/3928
f 3965/3965/3965 3968/3968/3968 3969/3969/3969
f 3957/3957/3957 3928/3928/3928 4206/4206/4206
f 3957/3957/3957 4206/4206/4206 3964/3964/3964
f 4131/4131/4131 4113/4113/4113 4130/4130/4130
f 4112/4112/4112 4098/4098/4098 4113/4113/4113
f 4092/4092/4092 4098/4098/4098 4112/4112/4112
f 4112/4112/4112 4113/4113/4113 4123/4123/4123
f 4123/4123/4123 4113/4113/4113 4131/4131/4131
f 4109/4109/4109 4092/4092/4092 4112/4112/4112
f 4135/4135/4135 4131/4131/4131 4143/4143/4143
f 4109/4109/4109 4112/4112/4112 4123/4123/4123
f 4123/4123/4123 4131/4131/4131 4135/4135/4135
f 4087/4087/4087 4093/4093/4093 4092/4092/4092
f 4135/4135/4135 4143/4143/4143 4149/4149/4149
f 4091/4091/4091 4087/4087/4087 4092/4092/4092
f 4148/4148/4148 4135/4135/4135 4149/4149/4149
f 4089/4089/4089 4087/4087/4087 4091/4091/4091
f 3301/3301/3301 3329/3329/3329 3330/3330/3330
f 4148/4148/4148 4149/4149/4149 4159/4159/4159
f 3298/3298/3298 3333/3333/3333 3299/3299/3299
f 4151/4151/4151 4159/4159/4159 4167/4167/4167
f 4173/4173/4173 4167/4167/4167 4184/4184/4184
f 4173/4173/4173 4184/4184/4184 4185/4185/4185
f 4186/4186/4186 4185/4185/4185 4207/4207/4207
f 4186/4186/4186 4207/4207/4207 4215/4215/4215
f 4215/4215/4215 4238/4238/4238 4239/4239/4239
f 4214/4214/4214 4215/4215/4215 4239/4239/4239
f 4214/4214/4214 4242/4242/4242 4191/4191/4191
f 3326/3326/3326 3315/3315/3315 3322/3322/3322
f 3322/3322/3322 3319/3319/3319 3325/3325/3325
f 4192/4192/4192 4195/4195/4195 4201/4201/4201
f 3891/3891/3891 3893/3893/3893 3895/3895/3895
f 3891/3891/3891 3895/3895/3895 3907/3907/3907
f 4193/4193/4193 4192/4192/4192 4208/4208/4208
f 4193/4193/4193 4208/4208/4208 4002/4002/4002
f 3980/3980/3980 4193/4193/4193 4002/4002/4002
f 3928/3928/3928 3920/3920/3920 4205/4205/4205
f 3928/3928/3928 4205/4205/4205 4206/4206/4206
f 3970/3970/3970 3980/3980/3980 3973/3973/3973
f 3964/3964/3964 4206/4206/4206 3966/3966/3966
f 3968/3968/3968 3970/3970/3970 3973/3973/3973
f 3964/3964/3964 3966/3966/3966 3965/3965/3965
f 3965/3965/3965 3966/3966/3966 3967/3967/3967
f 3965/3965/3965 3967/3967/3967 3968/3968/3968
f 4122/4122/4122 4123/4123/4123 4135/4135/4135
f 4091/4091/4091 4092/4092/4092 4109/4109/4109
f 4122/4122/4122 4109/4109/4109 4123/4123/4123
f 4089/4089/4089 4091/4091/4091 4104/4104/4104
f 4136/4136/4136 4122/4122/4122 4135/4135/4135
f 4136/4136/4136 4135/4135/4135 4148/4148/4148
f 4105/4105/4105 4089/4089/4089 4104/4104/4104
f 3299/3299/3299 3329/3329/3329 3301/3301/3301
f 4151/4151/4151 4148/4148/4148 4159/4159/4159
f 3332/3332/3332 3303/3303/3303 3316/3316/3316
f 4173/4173/4173 4185/4185/4185 4186/4186/4186
f 4177/4177/4177 4186/4186/4186 4215/4215/4215
f 4214/4214/4214 4177/4177/4177 4215/4215/4215
f 3315/3315/3315 3327/3327/3327 3314/3314/3314
f 3326/3326/3326 3327/3327/3327 3315/3315/3315
f 3322/3322/3322 3315/3315/3315 3319/3319/3319
f 4183/4183/4183 4195/4195/4195 4192/4192/4192
f 3893/3893/3893 3896/3896/3896 3895/3895/3895
f 3895/3895/3895 3896/3896/3896 3908/3908/3908
f 4187/4187/4187 4183/4183/4183 4192/4192/4192
f 3895/3895/3895 3908/3908/3908 3907/3907/3907
f 3920/3920/3920 3907/3907/3907 3926/3926/3926
f 4193/4193/4193 4187/4187/4187 4192/4192/4192
f 3920/3920/3920 3926/3926/3926 4205/4205/4205
f 4206/4206/4206 4205/4205/4205 3966/3966/3966
f 3970/3970/3970 4193/4193/4193 3980/3980/3980
f 4091/4091/4091 4109/4109/4109 4108/4108/4108
f 4108/4108/4108 4109/4109/4109 4122/4122/4122
f 4104/4104/4104 4091/4091/4091 4108/4108/4108
f 4108/4108/4108 4122/4122/4122 4121/4121/4121
f 4121/4121/4121 4122/4122/4122 4137/4137/4137
f 4137/4137/4137 4122/4122/4122 4136/4136/4136
f 4137/4137/4137 4136/4136/4136 4148/4148/4148
f 4105/4105/4105 4104/4104/4104 4106/4106/4106
f 3300/3300/3300 3299/3299/3299 3301/3301/3301
f 3298/3298/3298 3299/3299/3299 3300/3300/3300
f 4137/4137/4137 4148/4148/4148 4151/4151/4151
f 4145/4145/4145 4137/4137/4137 4151/4151/4151
f 4157/4157/4157 4145/4145/4145 4151/4151/4151
f 4157/4157/4157 4151/4151/4151 4167/4167/4167
f 4157/4157/4157 4167/4167/4167 4173/4173/4173
f 4165/4165/4165 4157/4157/4157 4173/4173/4173
f 4165/4165/4165 4173/4173/4173 4186/4186/4186
f 4165/4165/4165 4186/4186/4186 4177/4177/4177
f 3321/3321/3321 3324/3324/3324 3323/3323/3323
f 4176/4176/4176 4177/4177/4177 4214/4214/4214
f 3324/3324/3324 3321/3321/3321 3320/3320/3320
f 3314/3314/3314 3320/3320/3320 3311/3311/3311
f 4170/4170/4170 4168/4168/4168 4176/4176/4176
f 4176/4176/4176 4214/4214/4214 4191/4191/4191
f 4170/4170/4170 4176/4176/4176 4191/4191/4191
f 3314/3314/3314 3311/3311/3311 3312/3312/3312
f 4182/4182/4182 4170/4170/4170 4191/4191/4191
f 3315/3315/3315 3314/3314/3314 3312/3312/3312
f 4182/4182/4182 4191/4191/4191 4195/4195/4195
f 3315/3315/3315 3312/3312/3312 3317/3317/3317
f 3319/3319/3319 3315/3315/3315 3317/3317/3317
f 4181/4181/4181 4182/4182/4182 4183/4183/4183
f 4183/4183/4183 4182/4182/4182 4195/4195/4195
f 3896/3896/3896 3909/3909/3909 3908/3908/3908
f 3907/3907/3907 3908/3908/3908 3926/3926/3926
f 3926/3926/3926 4196/4196/4196 4205/4205/4205
f 4180/4180/4180 4187/4187/4187 4193/4193/4193
f 4178/4178/4178 4180/4180/4180 3970/3970/3970
f 4205/4205/4205 4196/4196/4196 4179/4179/4179
f 3970/3970/3970 4180/4180/4180 4193/4193/4193
f 3966/3966/3966 4205/4205/4205 4179/4179/4179
f 3967/3967/3967 3966/3966/3966 4179/4179/4179
f 3967/3967/3967 4179/4179/4179 4178/4178/4178
f 3967/3967/3967 4178/4178/4178 3970/3970/3970
f 4114/4114/4114 4108/4108/4108 4121/4121/4121
f 4106/4106/4106 4104/4104/4104 4108/4108/4108
f 4106/4106/4106 4108/4108/4108 4114/4114/4114
f 4114/4114/4114 4121/4121/4121 4138/4138/4138
f 4138/4138/4138 4121/4121/4121 4137/4137/4137
f 4107/4107/4107 4105/4105/4105 4106/4106/4106
f 3302/3302/3302 3298/3298/3298 3300/3300/3300
f 4138/4138/4138 4137/4137/4137 4145/4145/4145
f 3304/3304/3304 3303/3303/3303 3302/3302/3302
f 3316/3316/3316 3303/3303/3303 3304/3304/3304
f 3307/3307/3307 3316/3316/3316 3304/3304/3304
f 3323/3323/3323 3307/3307/3307 3321/3321/3321
f 4165/4165/4165 4177/4177/4177 4162/4162/4162
f 4162/4162/4162 4177/4177/4177 4176/4176/4176
f 4168/4168/4168 4162/4162/4162 4176/4176/4176
f 3320/3320/3320 3321/3321/3321 3309/3309/3309
f 3311/3311/3311 3320/3320/3320 3309/3309/3309
f 4172/4172/4172 4170/4170/4170 4182/4182/4182
f 4181/4181/4181 4172/4172/4172 4182/4182/4182
f 3317/3317/3317 3312/3312/3312 3318/3318/3318
f 3909/3909/3909 3919/3919/3919 3918/3918/3918
f 3909/3909/3909 3918/3918/3918 3908/3908/3908
f 3908/3908/3908 3918/3918/3918 3925/3925/3925
f 3908/3908/3908 3925/3925/3925 3926/3926/3926
f 4187/4187/4187 4181/4181/4181 4183/4183/4183
f 3926/3926/3926 3925/3925/3925 4171/4171/4171
f 4174/4174/4174 4181/4181/4181 4180/4180/4180
f 4180/4180/4180 4181/4181/4181 4187/4187/4187
f 3926/3926/3926 4171/4171/4171 4196/4196/4196
f 4196/4196/4196 4171/4171/4171 4179/4179/4179
f 4178/4178/4178 4174/4174/4174 4180/4180/4180
f 4107/4107/4107 4106/4106/4106 4114/4114/4114
f 4107/4107/4107 4114/4114/4114 4116/4116/4116
f 3305/3305/3305 3302/3302/3302 3300/3300/3300
f 4124/4124/4124 4114/4114/4114 4138/4138/4138
f 4144/4144/4144 4138/4138/4138 4145/4145/4145
f 3304/3304/3304 3302/3302/3302 3305/3305/3305
f 4152/4152/4152 4145/4145/4145 4157/4157/4157
f 4144/4144/4144 4145/4145/4145 4152/4152/4152
f 4152/4152/4152 4157/4157/4157 4165/4165/4165
f 4162/4162/4162 4152/4152/4152 4165/4165/4165
f 3309/3309/3309 3321/3321/3321 3307/3307/3307
f 4153/4153/4153 4168/4168/4168 4154/4154/4154
f 3310/3310/3310 3309/3309/3309 3308/3308/3308
f 3311/3311/3311 3309/3309/3309 3310/3310/3310
f 4170/4170/4170 4154/4154/4154 4168/4168/4168
f 4155/4155/4155 4154/4154/4154 4170/4170/4170
f 3312/3312/3312 3311/3311/3311 3310/3310/3310
f 3312/3312/3312 3310/3310/3310 3328/3328/3328
f 3312/3312/3312 3328/3328/3328 3318/3318/3318
f 4172/4172/4172 4155/4155/4155 4170/4170/4170
f 3925/3925/3925 3924/3924/3924 4147/4147/4147
f 3918/3918/3918 3924/3924/3924 3925/3925/3925
f 3925/3925/3925 4147/4147/4147 4156/4156/4156
f 4161/4161/4161 4172/4172/4172 4174/4174/4174
f 3925/3925/3925 4156/4156/4156 4171/4171/4171
f 4174/4174/4174 4172/4172/4172 4181/4181/4181
f 4178/4178/4178 4164/4164/4164 4174/4174/4174
f 4179/4179/4179 4164/4164/4164 4178/4178/4178
f 4117/4117/4117 4107/4107/4107 4116/4116/4116
f 4116/4116/4116 4114/4114/4114 4124/4124/4124
f 4124/4124/4124 4138/4138/4138 4144/4144/4144
f 3306/3306/3306 3304/3304/3304 3305/3305/3305
f 3307/3307/3307 3304/3304/3304 3306/3306/3306
f 4153/4153/4153 4152/4152/4152 4162/4162/4162
f 3308/3308/3308 3307/3307/3307 3306/3306/3306
f 3309/3309/3309 3307/3307/3307 3308/3308/3308
f 4146/4146/4146 4152/4152/4152 4153/4153/4153
f 4153/4153/4153 4162/4162/4162 4168/4168/4168
f 4132/4132/4132 4128/4128/4128 4129/4129/4129
f 4132/4132/4132 4129/4129/4129 3924/3924/3924
f 3924/3924/3924 4129/4129/4129 4133/4133/4133
f 3924/3924/3924 4133/4133/4133 4147/4147/4147
f 4161/4161/4161 4155/4155/4155 4172/4172/4172
f 4171/4171/4171 4156/4156/4156 4164/4164/4164
f 4164/4164/4164 4161/4161/4161 4174/4174/4174
f 4139/4139/4139 4124/4124/4124 4144/4144/4144
f 4118/4118/4118 4116/4116/4116 4124/4124/4124
f 4118/4118/4118 4124/4124/4124 4139/4139/4139
f 3313/3313/3313 3306/3306/3306 3305/3305/3305
f 4117/4117/4117 4116/4116/4116 4118/4118/4118
f 4119/4119/4119 4117/4117/4117 4118/4118/4118
f 4139/4139/4139 4144/4144/4144 4152/4152/4152
f 4146/4146/4146 4139/4139/4139 4152/4152/4152
f 4118/4118/4118 4139/4139/4139 4146/4146/4146
f 4119/4119/4119 4118/4118/4118 4126/4126/4126
f 3308/3308/3308 3306/3306/3306 3313/3313/3313
f 4126/4126/4126 4118/4118/4118 4146/4146/4146
f 4128/4128/4128 4119/4119/4119 4127/4127/4127
f 4127/4127/4127 4119/4119/4119 4126/4126/4126
f 4140/4140/4140 4126/4126/4126 4146/4146/4146
f 4129/4129/4129 4128/4128/4128 4127/4127/4127
f 4146/4146/4146 4153/4153/4153 4154/4154/4154
f 4127/4127/4127 4126/4126/4126 4140/4140/4140
f 4134/4134/4134 4129/4129/4129 4127/4127/4127
f 4134/4134/4134 4127/4127/4127 4140/4140/4140
f 4150/4150/4150 4140/4140/4140 4146/4146/4146
f 4150/4150/4150 4146/4146/4146 4154/4154/4154
f 4141/4141/4141 4140/4140/4140 4150/4150/4150
f 4150/4150/4150 4154/4154/4154 4155/4155/4155
f 4133/4133/4133 4129/4129/4129 4134/4134/4134
f 4134/4134/4134 4140/4140/4140 4141/4141/4141
f 4133/4133/4133 4134/4134/4134 4147/4147/4147
f 4150/4150/4150 4155/4155/4155 4161/4161/4161
f 4141/4141/4141 4150/4150/4150 4161/4161/4161
f 4156/4156/4156 4134/4134/4134 4141/4141/4141
f 4147/4147/4147 4134/4134/4134 4156/4156/4156
f 4164/4164/4164 4156/4156/4156 4141/4141/4141
f 4164/4164/4164 4141/4141/4141 4161/4161/4161

