# Blender 4.3.2
# www.blender.org
mtllib glass-h.mtl
o geometry_0
v 0.041703 0.390509 0.274262
v 0.021497 0.388258 0.276710
v 0.009502 0.387881 0.277683
v -0.036125 -0.021009 -0.296235
v -0.043261 -0.022989 -0.295590
v -0.051902 -0.016134 -0.294676
v -0.051907 0.006103 -0.297022
v -0.038976 0.000129 -0.298516
v -0.047043 0.022296 -0.298999
v -0.033925 0.028312 -0.301126
v -0.027739 0.013816 -0.300258
v -0.032374 -0.047963 -0.294306
v -0.040035 -0.048090 -0.293459
v -0.027237 -0.072127 -0.292759
v -0.035402 -0.075703 -0.290956
v -0.020944 -0.096411 -0.290577
v -0.032152 -0.099365 -0.287866
v -0.017224 -0.123512 -0.288780
v -0.011865 -0.080553 -0.292097
v -0.015988 -0.055249 -0.293930
v -0.021825 -0.014067 -0.296839
v -0.006150 -0.118344 -0.289162
v -0.018685 -0.166680 -0.287256
v -0.003280 -0.151426 -0.287715
v -0.017170 0.034146 -0.301153
v 0.015140 -0.019837 -0.295312
v 0.024986 -0.042971 -0.293242
v 0.026487 -0.076065 -0.290129
v 0.002703 -0.102082 -0.289651
v 0.011220 -0.128897 -0.287009
v 0.028452 -0.101392 -0.287415
v -0.005825 -0.007749 -0.296527
v 0.026672 0.006443 -0.296195
v 0.034867 -0.012591 -0.294265
v 0.034042 -0.051593 -0.291222
v 0.005780 0.021076 -0.298501
v 0.012115 0.037365 -0.298868
v 0.035727 -0.127523 -0.284209
v 0.011845 -0.156771 -0.285252
v -0.012604 0.050140 -0.300654
v -0.007551 -0.179845 -0.287463
v -0.020151 -0.199337 -0.286946
v -0.008115 -0.204895 -0.287067
v -0.020417 -0.253258 -0.287148
v -0.008871 -0.257665 -0.286935
v -0.020395 -0.304623 -0.286859
v -0.008687 -0.299987 -0.286936
v -0.008968 -0.333400 -0.286786
v 0.036883 0.018223 -0.295166
v -0.020547 -0.326391 -0.286229
v -0.020432 -0.347904 -0.286500
v 0.027069 0.051238 -0.296685
v 0.039312 0.001292 -0.293916
v 0.004406 -0.194638 -0.284902
v 0.037006 -0.096329 -0.286401
v 0.036681 -0.077373 -0.288241
v 0.037405 0.047945 -0.294599
v 0.032876 -0.169411 -0.280355
v 0.009590 -0.222732 -0.283298
v 0.036389 -0.201887 -0.277981
v 0.003995 -0.263962 -0.284238
v 0.004834 -0.318027 -0.283721
v 0.000396 -0.356455 -0.285393
v 0.038930 0.063999 -0.294023
v 0.034861 -0.238258 -0.277102
v 0.024057 -0.256069 -0.279165
v 0.026904 -0.285668 -0.277713
v -0.000523 0.065580 -0.297249
v 0.033798 0.074292 -0.293154
v -0.032192 0.049335 -0.299456
v 0.017409 0.078851 -0.293722
v 0.036168 0.095770 -0.289867
v 0.041456 -0.250801 -0.274308
v 0.010788 0.099236 -0.290672
v 0.015924 0.119227 -0.288699
v 0.034549 0.113902 -0.288239
v 0.026255 0.129220 -0.287616
v 0.038046 0.130423 -0.285872
v 0.033021 0.150359 -0.285675
v 0.042686 0.160011 -0.282942
v 0.007838 0.134919 -0.287271
v 0.014084 0.156157 -0.286130
v 0.034674 0.182157 -0.285030
v 0.038513 0.173119 -0.284430
v 0.042331 0.207230 -0.284079
v 0.018030 0.188483 -0.285337
v 0.015044 0.169230 -0.285635
v 0.012627 0.202306 -0.284619
v -0.009095 0.201917 -0.284943
v 0.005399 0.219569 -0.283617
v -0.010150 0.226246 -0.284726
v -0.000137 0.247142 -0.282364
v -0.019659 0.254189 -0.285767
v -0.017226 0.271389 -0.285021
v -0.025924 0.292752 -0.285094
v -0.018825 0.234147 -0.285278
v -0.017554 0.198611 -0.284118
v -0.017690 0.301007 -0.285068
v -0.025441 0.339636 -0.284784
v -0.017651 0.342958 -0.284569
v -0.028320 0.365938 -0.286991
v 0.020109 0.220828 -0.282729
v -0.018682 0.361356 -0.286239
v -0.017098 0.372863 -0.286006
v -0.001126 0.175891 -0.284911
v 0.042190 0.218367 -0.283219
v -0.017726 0.393781 -0.288070
v -0.014171 0.395666 -0.287795
v -0.030426 0.248304 -0.285318
v -0.027046 0.393725 -0.287767
v -0.011944 0.332543 -0.283531
v 0.030379 0.246679 -0.279143
v 0.039474 0.246279 -0.279228
v 0.009496 0.250938 -0.280384
v 0.034339 0.275154 -0.276482
v 0.015106 0.274322 -0.278000
v -0.001199 0.269718 -0.280933
v 0.021176 0.302307 -0.276382
v 0.042959 0.293912 -0.274233
v 0.033176 0.330270 -0.274633
v 0.050526 0.322246 -0.273154
v 0.053378 0.368052 -0.273624
v 0.032307 0.368768 -0.274788
v 0.007854 0.339897 -0.278261
v 0.002960 0.373571 -0.278879
v 0.005356 0.305216 -0.278998
v 0.048266 0.277575 -0.273880
v 0.044903 0.247354 -0.278242
v 0.034770 0.387039 -0.275673
v 0.055837 0.380796 -0.273481
v 0.049277 0.395039 -0.274846
v 0.055895 0.339096 -0.272365
v 0.049560 0.296862 -0.272691
v -0.000093 0.351177 -0.279891
v 0.004321 0.388314 -0.279986
v 0.029405 0.395586 -0.277539
v 0.047630 0.218752 -0.281989
v -0.013136 0.424309 -0.290856
v -0.001485 0.413553 -0.287559
v 0.043412 0.075257 -0.290777
v -0.000558 0.429944 -0.289773
v -0.000062 0.451377 -0.289985
v 0.026119 0.445445 -0.286170
v -0.015223 0.438184 -0.290819
v 0.007851 0.458594 -0.288040
v 0.043590 0.454819 -0.282393
v 0.049662 0.442487 -0.281997
v 0.047109 0.428803 -0.281318
v 0.031192 0.430995 -0.283582
v -0.006354 -0.380355 -0.288855
v -0.009722 -0.380250 -0.289578
v 0.010831 -0.419045 -0.289139
v -0.009535 -0.419197 -0.293650
v 0.032554 -0.434769 -0.285187
v -0.008548 -0.436314 -0.293483
v -0.003736 -0.447832 -0.291551
v -0.021509 -0.434678 -0.293510
v 0.040687 -0.420195 -0.282167
v -0.021247 -0.417350 -0.293433
v 0.036320 -0.446063 -0.283037
v 0.056699 0.395123 -0.272563
v 0.029522 -0.325681 -0.275894
v 0.016192 -0.375891 -0.281043
v 0.027197 -0.357940 -0.277434
v 0.040469 -0.376960 -0.274769
v 0.013866 0.409811 -0.283336
v -0.022776 -0.447390 -0.291985
v 0.017328 -0.392547 -0.282823
v 0.041290 -0.395093 -0.277785
v 0.045771 -0.207197 -0.274620
v 0.045400 -0.182211 -0.275608
v 0.044444 -0.151432 -0.277889
v 0.040995 -0.432250 -0.282242
v 0.036338 -0.350299 -0.273712
v 0.053171 0.424916 -0.278967
v 0.034942 -0.303638 -0.273955
v 0.047743 0.201339 -0.281894
v 0.044535 0.124359 -0.283584
v -0.031206 0.260747 -0.284734
v 0.001120 0.090174 -0.291634
v -0.012649 0.457137 -0.288659
v 0.049482 0.252524 -0.276000
v 0.051330 0.233881 -0.277092
v 0.041535 -0.126511 -0.282298
v 0.040628 -0.103466 -0.283189
v 0.025554 -0.459946 -0.282299
v 0.053546 0.300336 -0.270290
v 0.041106 0.461576 -0.281130
v -0.021191 -0.381649 -0.288685
v 0.001648 0.117795 -0.287226
v -0.002780 0.149703 -0.284286
v -0.029847 0.225878 -0.283640
v -0.009591 -0.459307 -0.289151
v -0.017850 0.063145 -0.297769
v 0.042893 0.108618 -0.285806
v 0.043375 0.088990 -0.287846
v 0.043791 0.141342 -0.282481
v -0.015772 0.168755 -0.282846
v 0.043249 -0.003539 -0.291378
v 0.046431 0.063318 -0.290565
v -0.033016 0.352386 -0.285009
v -0.030283 0.334967 -0.283771
v -0.032763 0.291917 -0.283637
v 0.014555 0.471554 -0.282571
v -0.021549 -0.462287 -0.288003
v 0.046107 0.016204 -0.290704
v -0.000786 0.471478 -0.284060
v 0.043396 0.048746 -0.291553
v -0.028854 0.414629 -0.287392
v -0.020900 -0.132873 -0.287714
v -0.032501 -0.108654 -0.286115
v -0.050925 0.034780 -0.296871
v 0.041877 -0.327662 -0.269535
v 0.006642 -0.470392 -0.282147
v -0.029940 0.203717 -0.281677
v 0.048924 0.179015 -0.278660
v 0.046238 -0.253549 -0.271594
v -0.048745 -0.039851 -0.292052
v -0.007607 0.079709 -0.291899
v 0.042368 -0.348267 -0.270191
v 0.043124 -0.305716 -0.269106
v -0.024544 0.150595 -0.278855
v -0.028965 0.183797 -0.280272
v -0.005423 0.134514 -0.283667
v -0.009903 -0.474587 -0.282601
v 0.041599 -0.043756 -0.287594
v 0.041060 -0.072846 -0.285119
v -0.012380 0.471295 -0.283106
v 0.046329 -0.390357 -0.272766
v -0.025272 0.124443 -0.276945
v -0.032636 0.064015 -0.294490
v 0.035996 -0.460262 -0.277503
v -0.009689 0.122894 -0.282137
v -0.033090 0.109648 -0.274989
v -0.029094 -0.248034 -0.284192
v -0.046837 -0.067822 -0.288029
v -0.014946 0.108412 -0.281358
v -0.026049 0.440170 -0.286855
v -0.035509 0.371101 -0.284264
v -0.061243 -0.008305 -0.292226
v -0.062260 0.017630 -0.293318
v -0.047718 0.048566 -0.294685
v -0.013457 0.097640 -0.284051
v -0.032842 0.092217 -0.279351
v -0.027224 -0.197539 -0.284204
v -0.026769 -0.164824 -0.284153
v -0.030521 -0.130504 -0.284172
v -0.037680 0.216701 -0.279811
v -0.040304 0.246392 -0.281299
v -0.029933 -0.434355 -0.289956
v -0.018722 0.087102 -0.285868
v 0.023656 -0.473528 -0.275134
v 0.034775 0.474075 -0.275325
v -0.021450 -0.480435 -0.278037
v -0.035478 0.174009 -0.276117
v -0.038941 0.137962 -0.270413
v -0.035879 0.120536 -0.272152
v -0.034808 -0.460425 -0.283085
v -0.029076 -0.419027 -0.289670
v -0.025667 0.458088 -0.282633
v -0.034514 0.077600 -0.286172
v -0.042301 0.209567 -0.275894
v -0.031342 -0.298663 -0.281448
v -0.036382 -0.446719 -0.285023
v 0.048763 0.154021 -0.277468
v -0.041871 0.358887 -0.280335
v 0.003718 -0.481774 -0.274701
v -0.031068 -0.470453 -0.280514
v -0.023736 0.470807 -0.278016
v -0.029878 -0.323800 -0.280861
v -0.056991 -0.041187 -0.287182
v -0.037670 0.333901 -0.279406
v 0.000403 0.481791 -0.276321
v -0.038812 0.287390 -0.280077
v -0.042202 -0.102316 -0.281283
v -0.046612 0.060015 -0.289960
v 0.056572 0.433083 -0.275813
v -0.033826 -0.246316 -0.281328
v -0.033302 -0.196809 -0.280354
v -0.032587 -0.167231 -0.280196
v -0.062698 0.034080 -0.290006
v 0.060942 0.376060 -0.268843
v 0.060700 0.339870 -0.267978
v 0.050429 0.457906 -0.275534
v 0.047685 0.075764 -0.286792
v -0.039160 0.261965 -0.279635
v -0.041119 0.097128 -0.273233
v -0.045898 0.090924 -0.272069
v -0.033988 -0.133367 -0.281547
v -0.028542 -0.352806 -0.281157
v 0.046781 -0.417790 -0.276160
v -0.042098 0.173296 -0.271755
v -0.012936 0.480881 -0.275531
v 0.043543 -0.444761 -0.276807
v 0.048183 0.127224 -0.278457
v 0.043141 0.470262 -0.273667
v 0.053454 0.265189 -0.270456
v -0.006898 -0.488077 -0.270998
v -0.036206 -0.433992 -0.285613
v 0.045791 -0.431563 -0.276970
v -0.017863 -0.487473 -0.272045
v -0.046774 0.227683 -0.274648
v -0.027294 -0.379402 -0.284024
v -0.068601 0.001588 -0.287724
v 0.053091 0.212889 -0.276478
v -0.063433 -0.018936 -0.288164
v 0.053792 0.249893 -0.271941
v -0.043597 0.120375 -0.266558
v -0.046130 0.107557 -0.266231
v -0.037995 0.416135 -0.280438
v 0.046880 0.104953 -0.282031
v -0.049198 0.074559 -0.278859
v -0.059426 0.047055 -0.287121
v -0.032539 0.452938 -0.278744
v -0.043522 0.246680 -0.278743
v -0.035983 -0.416764 -0.283764
v -0.050821 -0.081269 -0.280956
v -0.046533 0.186448 -0.269201
v -0.047877 0.161985 -0.265023
v -0.048088 0.134142 -0.261435
v -0.035751 -0.475258 -0.273968
v -0.059938 0.000989 0.027167
v -0.060838 -0.010438 0.019395
v -0.059740 -0.009893 0.052768
v -0.058450 0.001459 0.057562
v -0.055804 0.001068 0.087866
v -0.057397 -0.012255 0.081162
v -0.052747 -0.010343 0.125059
v -0.051645 0.002333 0.128544
v -0.060044 0.003022 -0.016048
v -0.052047 0.001545 0.142722
v -0.052652 -0.012345 0.142030
v -0.060135 -0.009695 -0.028562
v -0.059436 0.001975 -0.050429
v -0.058612 0.007784 0.016577
v -0.058285 -0.008292 -0.068133
v -0.058088 0.001812 -0.074715
v -0.059040 -0.023204 0.042751
v -0.057315 -0.022187 0.071720
v -0.059542 -0.021425 0.006088
v -0.054967 -0.012562 0.158444
v -0.055036 0.000915 0.162760
v -0.052746 0.010206 0.096094
v -0.056171 0.014735 -0.054545
v -0.055433 0.018001 -0.016144
v -0.055273 0.012135 -0.082666
v -0.054637 0.014645 0.058773
v -0.055094 0.002792 -0.107802
v -0.047776 0.014840 0.126725
v -0.046809 0.018523 0.146336
v -0.051133 0.015284 -0.115189
v -0.053320 0.001510 -0.132189
v -0.051159 0.014061 -0.137882
v -0.052993 0.013622 -0.161703
v -0.054849 0.000288 -0.164655
v -0.054780 0.018268 0.022479
v -0.056882 0.016860 -0.187850
v -0.058973 0.000604 -0.189575
v -0.047765 0.026021 -0.154134
v -0.050405 0.026930 -0.171444
v -0.046002 0.024770 -0.131383
v -0.048733 0.019958 0.093034
v -0.048780 0.023874 0.164078
v -0.052621 0.034307 -0.188967
v -0.051000 0.021528 -0.079058
v -0.041868 0.037843 -0.153634
v -0.041140 0.046980 -0.171488
v -0.045799 0.024670 -0.108718
v -0.050214 0.024907 -0.057757
v -0.050376 0.023771 0.037002
v -0.037719 0.057998 -0.178565
v -0.049902 0.026071 -0.000540
v -0.054799 0.028024 0.186138
v -0.063785 0.002163 0.191488
v -0.057908 0.039297 0.208685
v -0.067940 0.000947 0.206203
v -0.058515 0.045147 0.220965
v -0.068758 0.003480 0.220340
v -0.061910 0.029188 0.234067
v -0.057037 0.050457 0.234636
v -0.054274 0.074386 0.220697
v -0.054495 0.078898 0.232604
v -0.069533 -0.012810 0.204704
v -0.070577 -0.020803 0.219029
v -0.053083 0.098343 0.221318
v -0.053160 0.138117 0.236049
v -0.069741 -0.023943 0.205326
v -0.049712 0.184842 0.222384
v -0.050341 0.224090 0.237130
v -0.049867 0.215010 0.248136
v -0.047406 0.265145 0.249727
v -0.048079 0.266978 0.237830
v -0.046364 0.336298 0.236587
v -0.045457 0.335530 0.246741
v -0.051798 0.142413 0.249162
v -0.052556 0.107144 0.246413
v -0.043299 0.387957 0.236859
v -0.054764 -0.008477 -0.101972
v -0.042615 0.379124 0.247903
v -0.042655 0.413592 0.249021
v -0.043741 0.442423 0.237540
v -0.043384 0.453438 0.247824
v -0.043161 0.456236 0.236986
v -0.044999 0.328697 0.226784
v -0.046449 0.262053 0.227816
v -0.047337 0.230991 0.222574
v -0.041767 0.373559 0.223805
v -0.040833 0.400169 0.226218
v -0.041757 0.445174 0.227337
v -0.068655 -0.018059 0.231052
v -0.067226 0.004461 0.232249
v -0.052213 -0.008781 -0.131668
v -0.054163 -0.008872 -0.164090
v -0.040031 0.457405 0.222031
v -0.052588 0.075818 0.244788
v -0.052719 0.063584 0.206088
v -0.050751 0.082122 0.208429
v -0.067513 -0.039710 0.219003
v -0.066700 -0.035460 0.230496
v -0.041957 0.424429 0.231023
v -0.052372 -0.021667 0.115186
v -0.050829 -0.021752 0.133281
v -0.052764 -0.023312 0.154640
v -0.058123 -0.013461 -0.189512
v -0.039528 0.469962 0.237018
v -0.039312 0.469994 0.247963
v -0.049228 0.134635 0.214375
v -0.040244 0.433216 0.225330
v -0.043063 0.341609 0.222191
v -0.058904 0.001018 0.176824
v -0.059782 -0.012042 0.175515
v -0.040543 0.442981 0.259002
v -0.038061 0.442931 0.214635
v -0.035850 0.408202 0.214360
v -0.065919 -0.024735 0.192247
v -0.057376 -0.020961 -0.031875
v -0.056367 -0.023335 0.168766
v -0.066185 -0.038626 0.204324
v -0.052473 0.047164 0.195266
v -0.053787 0.047761 0.246744
v -0.068445 0.000674 -0.225641
v -0.063094 0.016524 -0.208436
v -0.058913 -0.030011 -0.201782
v -0.067646 -0.016882 -0.231939
v -0.073287 -0.002263 -0.250042
v -0.073362 0.019627 -0.248314
v -0.075393 0.002577 -0.267205
v -0.075165 0.018641 -0.267158
v -0.072301 0.032001 -0.249040
v -0.072813 0.034411 -0.266425
v -0.073596 0.001714 -0.279375
v -0.073090 0.018802 -0.279575
v -0.067943 0.052725 -0.251032
v -0.072321 -0.019466 -0.267099
v -0.068884 0.016935 -0.227137
v -0.068856 0.031234 -0.232900
v -0.068328 0.049789 -0.267084
v -0.065763 0.048580 -0.233437
v -0.066394 -0.035428 -0.244071
v -0.061295 -0.041738 -0.219738
v -0.070206 0.033579 -0.279756
v -0.065478 -0.043888 -0.252535
v -0.060866 -0.065425 -0.241222
v -0.057581 -0.075214 -0.225334
v -0.057655 -0.051509 -0.210561
v -0.054233 -0.076992 -0.212327
v -0.056811 -0.095449 -0.236319
v -0.055015 -0.102545 -0.225569
v -0.053139 -0.097609 -0.215882
v -0.054710 -0.132866 -0.232313
v -0.054393 -0.122046 -0.244858
v -0.057054 -0.091205 -0.252322
v -0.052512 -0.146606 -0.243614
v -0.059902 -0.071695 -0.256515
v -0.053469 -0.121731 -0.221441
v -0.052619 -0.158645 -0.218846
v -0.052351 -0.177936 -0.221347
v -0.053572 -0.175121 -0.231979
v -0.052884 -0.202615 -0.221986
v -0.053938 -0.205139 -0.232032
v -0.054630 -0.224899 -0.220908
v -0.056359 -0.243848 -0.232498
v -0.057233 -0.261112 -0.221260
v -0.059650 -0.311229 -0.230535
v -0.060736 -0.328426 -0.220099
v -0.061128 -0.373358 -0.221573
v -0.061111 -0.371913 -0.233023
v -0.062470 -0.398451 -0.234066
v -0.061072 -0.402557 -0.221243
v -0.062285 -0.423960 -0.222494
v -0.063387 -0.412485 -0.234662
v -0.063868 -0.441614 -0.234716
v -0.062255 -0.418173 -0.246464
v -0.062595 -0.433341 -0.247292
v -0.062159 -0.446153 -0.246694
v -0.061976 -0.445658 -0.222927
v -0.051837 -0.169121 -0.243149
v -0.051888 -0.196967 -0.242859
v -0.053276 -0.230574 -0.243453
v -0.058296 -0.352097 -0.207667
v -0.058918 -0.330601 -0.209874
v -0.056779 -0.300376 -0.208351
v -0.061262 -0.458086 -0.233711
v -0.054697 -0.092873 -0.266887
v -0.064496 -0.047664 -0.268356
v -0.056393 -0.272183 -0.237995
v -0.054555 -0.258866 -0.210664
v -0.051434 -0.215419 -0.212971
v -0.059013 -0.071806 -0.268671
v -0.058502 -0.385439 -0.244851
v -0.058544 -0.460242 -0.218055
v -0.053323 -0.260234 -0.245937
v -0.051832 -0.130694 -0.252124
v -0.050711 -0.113813 -0.265780
v -0.058888 -0.459163 -0.249564
v -0.057703 -0.372432 -0.209385
v -0.058145 -0.394666 -0.214838
v -0.057622 -0.420002 -0.213391
v -0.069672 -0.019286 -0.280188
v -0.052864 -0.023685 -0.174868
v -0.051531 -0.015437 -0.153265
v -0.064106 0.064851 -0.247385
v -0.059802 0.078257 -0.238952
v -0.060518 0.079062 -0.248090
v -0.056751 0.100847 -0.247156
v -0.055750 0.100300 -0.231149
v -0.055811 0.108704 -0.235276
v -0.055142 0.126846 -0.236725
v -0.054321 0.125474 -0.247579
v -0.055114 0.156135 -0.247244
v -0.056072 0.163248 -0.237609
v -0.055612 0.176195 -0.249510
v -0.056247 0.179750 -0.234325
v -0.057641 0.200245 -0.245795
v -0.059201 0.226310 -0.237215
v -0.059365 0.225157 -0.247254
v -0.059682 0.249311 -0.234262
v -0.059313 0.244859 -0.249268
v -0.059568 0.277169 -0.234457
v -0.058750 0.270156 -0.244491
v -0.058560 0.298640 -0.241745
v -0.058961 0.311619 -0.234977
v -0.058318 0.295992 -0.226089
v -0.058207 0.337471 -0.233839
v -0.056561 0.347770 -0.248516
v -0.057605 0.374736 -0.235333
v -0.056316 0.376299 -0.247183
v -0.056394 0.377590 -0.224757
v -0.056111 0.400519 -0.234318
v -0.054607 0.407178 -0.224633
v -0.054310 0.427787 -0.233358
v -0.052393 0.437337 -0.223117
v -0.052593 0.434456 -0.245682
v -0.051334 0.452819 -0.232108
v -0.053245 0.127289 -0.226858
v -0.055940 0.345600 -0.220735
v -0.056556 0.323154 -0.247401
v -0.048576 0.457833 -0.219477
v -0.056538 0.221855 -0.258104
v -0.057513 0.251919 -0.224695
v -0.057901 0.074902 -0.228968
v -0.048038 0.458405 -0.246818
v -0.055667 0.209519 -0.225157
v -0.054310 0.177800 -0.226872
v -0.057926 0.082328 -0.258472
v -0.060376 0.073491 -0.261500
v -0.052370 0.395928 -0.257435
v -0.052989 0.366046 -0.260539
v -0.044863 0.471598 -0.220294
v -0.045533 0.472003 -0.232832
v -0.055081 0.298381 -0.215843
v -0.039440 0.456536 0.259973
v -0.060913 -0.055759 0.234975
v -0.053261 0.398690 -0.218799
v -0.057737 -0.355450 -0.240649
v -0.054554 -0.018178 -0.073500
v -0.056655 0.287275 -0.248452
v -0.057613 -0.324414 -0.238204
v -0.049524 0.425815 -0.258294
v -0.052010 0.150111 -0.256170
v -0.050988 0.122870 -0.257437
v -0.053105 0.366633 -0.214189
v -0.048396 -0.199638 -0.209343
v -0.049095 0.114853 0.256501
v -0.054493 -0.028780 0.078563
v -0.058677 -0.445444 -0.213430
v -0.047979 -0.170418 -0.209785
v -0.054388 0.263104 -0.215373
v -0.052855 0.221985 -0.216435
v -0.058541 0.031671 -0.203615
v -0.059619 0.054952 -0.221160
v -0.054612 0.074977 -0.220193
v -0.052891 -0.047805 -0.193666
v -0.055801 -0.328127 -0.201554
v -0.047865 -0.164187 -0.254915
v -0.047414 -0.132180 -0.264628
v -0.049236 -0.129387 -0.210945
v -0.053703 0.094352 -0.260566
v -0.052393 0.110693 -0.257248
v -0.044155 0.256106 0.259634
v -0.045886 0.211885 0.260704
v -0.063046 -0.000557 0.244109
v -0.046830 0.158128 0.261467
v -0.047129 0.440764 -0.259482
v -0.064010 -0.027159 0.241001
v -0.058395 -0.442439 -0.257881
v -0.051515 0.183053 -0.261850
v -0.043958 0.261949 0.220959
v -0.050439 0.095351 -0.216914
v -0.049124 0.127740 -0.216388
v -0.050679 0.177656 -0.217907
v -0.049773 0.157779 -0.216666
v -0.052542 0.329406 -0.257555
v -0.047521 -0.191613 -0.254987
v -0.045647 -0.225275 -0.263139
v -0.058553 -0.064513 0.219119
v -0.056026 -0.077841 0.233559
v -0.055208 -0.072072 0.244597
v -0.052629 -0.089409 0.250724
v -0.053585 -0.101843 0.237005
v -0.053286 -0.111528 0.250378
v -0.053727 -0.121705 0.237187
v -0.056300 -0.156678 0.251367
v -0.055373 -0.164059 0.238299
v -0.055629 -0.196288 0.239199
v -0.056217 -0.199129 0.250528
v -0.054689 -0.248205 0.237477
v -0.053794 -0.264641 0.247532
v -0.052454 -0.306665 0.246768
v -0.053705 -0.307185 0.236646
v -0.053594 -0.328209 0.247758
v -0.054258 -0.167026 0.263534
v -0.055458 -0.327999 0.236248
v -0.053905 -0.204022 0.261376
v -0.052120 -0.298163 0.227599
v -0.053365 -0.328229 0.227016
v -0.052598 -0.138917 0.263188
v -0.052429 -0.253603 0.227136
v -0.050026 -0.104411 0.220861
v -0.051823 -0.092675 0.221832
v -0.055245 -0.075114 0.219729
v -0.053017 -0.202570 0.228822
v -0.051536 -0.125233 0.228401
v -0.048205 -0.089983 0.262068
v -0.052179 -0.078576 0.252008
v -0.052493 -0.161198 0.229201
v -0.061852 -0.358576 0.245037
v -0.062227 -0.357780 0.236356
v -0.065000 -0.384299 0.235438
v -0.063946 -0.381054 0.246856
v -0.064146 -0.396674 0.246427
v -0.064414 -0.406029 0.234661
v -0.062580 -0.421493 0.248303
v -0.061060 -0.438586 0.236464
v -0.059320 -0.443802 0.250507
v -0.060154 -0.428375 0.223166
v -0.062289 -0.402754 0.223677
v -0.059672 -0.424426 0.260292
v -0.061257 -0.362378 0.229313
v -0.061972 -0.387698 0.223646
v -0.057688 -0.444445 0.224723
v -0.055531 -0.458829 0.234891
v -0.055738 -0.456959 0.249454
v -0.056698 -0.444273 0.260679
v -0.049909 -0.273045 0.258389
v -0.048558 -0.307495 0.257627
v -0.059339 -0.391990 0.260887
v -0.059758 -0.366836 0.254606
v -0.057328 -0.053205 0.246231
v -0.060674 0.016645 0.244587
v -0.032441 0.426391 0.201975
v -0.054018 -0.033809 0.056236
v -0.055211 -0.033267 0.024017
v -0.056633 -0.470946 -0.233329
v -0.054854 -0.471591 -0.218947
v -0.041223 0.330639 0.257933
v -0.048696 0.354964 -0.270393
v -0.049844 -0.016378 -0.119188
v -0.048126 -0.020003 -0.138292
v -0.053069 -0.281945 -0.246300
v -0.055694 -0.030175 -0.001644
v -0.048554 0.436523 -0.213722
v -0.049170 -0.264097 0.219262
v -0.050531 -0.320873 0.221715
v -0.059744 -0.052666 -0.279519
v -0.051044 -0.065832 0.254281
v -0.048543 0.376651 -0.269985
v -0.046969 0.406883 -0.268445
v -0.042412 0.472378 -0.248599
v -0.048766 -0.327595 0.259057
v -0.049960 0.334479 -0.206627
v -0.049582 -0.188444 0.272814
v -0.047821 -0.231940 0.269670
v -0.054396 0.302051 -0.251972
v -0.062974 -0.016283 0.244295
v -0.051516 -0.288445 -0.198237
v -0.055241 0.245471 -0.259044
v -0.052164 0.235965 -0.268574
v -0.055390 -0.412850 0.270050
v -0.047017 -0.128439 0.217915
v -0.048191 -0.200987 0.217657
v -0.048946 -0.160242 0.221032
v -0.051075 -0.457915 0.265129
v -0.045428 0.180270 0.211570
v -0.056022 0.265589 -0.251238
v -0.050774 -0.341878 0.259574
v -0.049604 -0.159071 0.272925
v -0.037960 0.410311 0.259171
v -0.034731 0.389208 0.212132
v -0.035200 0.471423 0.258924
v -0.046397 0.075829 0.196809
v -0.037473 0.389172 0.258802
v -0.033095 0.442869 0.203170
v -0.037820 0.370639 0.258641
v -0.050595 -0.469039 0.247803
v -0.046533 -0.470876 0.259371
v -0.041615 -0.191650 -0.268527
v -0.050441 -0.340618 0.218167
v -0.051844 0.051571 -0.202316
v -0.042784 0.457680 -0.206563
v -0.047621 -0.246608 -0.198760
v -0.051335 -0.443570 0.273141
v -0.054158 -0.427835 0.271806
v -0.045297 0.130141 0.204969
v -0.040890 0.458764 -0.264699
v -0.048143 -0.078999 -0.199444
v -0.054325 -0.074425 -0.279413
v -0.044824 0.098908 0.199614
v -0.053605 -0.472750 -0.247252
v -0.046640 -0.026687 -0.154663
v -0.042745 -0.248552 -0.269094
v -0.035560 0.469493 0.222486
v -0.048697 -0.129801 0.269464
v -0.053457 -0.348868 -0.197540
v -0.054220 -0.064719 0.205586
v -0.062310 -0.035933 0.191191
v -0.040946 -0.166534 -0.269816
v -0.044280 -0.149844 -0.266368
v -0.055670 -0.420414 -0.260181
v -0.050367 -0.077678 0.208868
v -0.031343 0.455045 0.204372
v -0.051821 -0.456275 0.219111
v -0.040477 0.471759 -0.209516
v -0.047346 -0.030053 0.123886
v -0.046672 -0.031803 0.139309
v -0.048254 -0.033890 0.153735
v -0.049011 -0.034348 0.160419
v -0.046604 0.077008 0.257146
v -0.050795 0.056834 0.250243
v -0.046178 -0.036325 -0.168712
v -0.045313 -0.109916 -0.203120
v -0.046677 0.043501 0.178389
v -0.046081 0.056499 0.185829
v -0.046163 -0.098770 0.211899
v -0.029986 0.396337 0.204996
v -0.063709 0.051146 -0.279345
v -0.043109 -0.291268 0.268307
v -0.050821 -0.081269 -0.280956
v -0.044098 0.188051 -0.205248
v -0.047114 0.230557 -0.205675
v -0.041495 0.436617 -0.271713
v -0.049821 0.290157 -0.206153
v -0.048382 0.393684 -0.209135
v -0.052570 -0.459261 -0.205816
v -0.050169 -0.445536 0.209141
v -0.056198 -0.414720 0.213408
v -0.044094 0.427174 -0.206001
v -0.051254 -0.460675 -0.265012
v -0.045947 -0.315684 0.213840
v -0.049000 -0.471235 0.234207
v -0.038428 0.331609 0.213131
v -0.038490 0.261433 0.210637
v -0.037283 0.225285 0.203181
v -0.049089 0.061366 -0.203594
v -0.046307 0.081682 -0.207149
v -0.040002 -0.271859 -0.271828
v -0.039613 -0.218810 -0.273934
v -0.059882 -0.052590 0.204456
v -0.047561 -0.047878 -0.181307
v -0.047148 -0.061263 -0.189392
v -0.053367 -0.033275 0.171083
v -0.040855 -0.317508 0.270559
v -0.047036 -0.073901 0.260081
v -0.034222 0.443589 0.269937
v -0.031527 0.457566 0.273635
v -0.047094 0.361713 -0.203482
v -0.043130 0.118438 0.266880
v -0.045431 -0.296379 -0.257918
v -0.033138 -0.326568 -0.275305
v -0.053780 -0.320293 -0.244323
v -0.040372 -0.327325 -0.261576
v -0.039510 -0.355667 -0.262158
v -0.046071 0.252108 -0.273718
v -0.047584 0.265899 -0.262314
v -0.043530 0.264845 -0.272706
v -0.047047 0.282612 -0.260732
v -0.042982 0.283204 -0.274211
v -0.046734 0.302166 -0.261978
v -0.042157 0.313901 -0.274282
v -0.044520 0.328722 -0.270982
v -0.049853 -0.433044 0.205398
v -0.041188 -0.132484 -0.274585
v -0.057181 -0.377324 0.217810
v -0.046236 -0.473350 -0.263284
v -0.056340 -0.367420 0.260565
v -0.048384 0.049201 0.254313
v -0.043015 -0.201686 -0.199845
v -0.041000 -0.173727 -0.200725
v -0.053256 -0.040372 0.179446
v -0.042102 0.102797 -0.204463
v -0.050290 -0.471628 -0.209683
v -0.028542 -0.352806 -0.281157
v -0.030468 -0.381134 -0.281091
v -0.038873 -0.374936 -0.265406
v -0.057274 -0.393531 0.215472
v -0.047877 0.161985 -0.265023
v -0.048088 0.134142 -0.261435
v -0.051282 -0.374831 -0.199060
v -0.052813 -0.387020 -0.205027
v -0.053702 -0.405443 -0.208689
v -0.068601 0.001588 -0.287724
v -0.068608 0.019135 -0.286960
v -0.050194 -0.035763 0.080263
v -0.052490 -0.437467 -0.267227
v -0.043734 0.119604 -0.207366
v -0.040604 0.157634 -0.202044
v -0.033995 0.267202 0.204033
v -0.034165 0.047884 -0.152646
v -0.038006 0.037057 -0.136009
v -0.029878 -0.323800 -0.280861
v -0.043657 -0.153813 0.212772
v -0.044003 -0.470591 0.218717
v -0.039160 0.261965 -0.279635
v -0.042063 0.032384 0.157731
v -0.040515 0.206131 0.269248
v -0.036513 0.280227 0.269197
v -0.043019 0.022080 0.127571
v -0.031342 -0.298663 -0.281448
v -0.038981 0.170591 0.200312
v -0.039656 -0.250805 0.204387
v -0.047607 -0.294135 -0.191797
v -0.035983 -0.416764 -0.283764
v -0.044479 0.311833 -0.198235
v -0.051426 -0.445612 -0.202513
v -0.053325 0.078594 -0.270964
v -0.048012 -0.327762 -0.190105
v -0.046034 -0.110026 -0.274830
v -0.035913 0.486181 -0.233364
v -0.049395 -0.446652 -0.270942
v -0.029961 0.375379 0.205023
v -0.031343 0.331091 0.203708
v -0.039908 -0.328630 0.271963
v -0.051032 -0.031373 -0.029148
v -0.051301 -0.026259 -0.052759
v -0.037995 0.416135 -0.280438
v -0.038671 -0.200092 0.203506
v -0.027363 0.471369 0.272096
v -0.033734 0.484874 -0.248792
v -0.041871 0.358887 -0.280335
v -0.037722 0.029867 0.140048
v -0.033496 0.471419 -0.267285
v -0.040831 0.079547 0.189676
v -0.033341 0.473169 -0.199099
v -0.044173 0.273306 -0.199092
v -0.034478 0.485985 -0.218357
v -0.031198 0.485460 -0.209169
v -0.035827 0.069896 -0.186223
v -0.036918 0.077332 -0.192713
v -0.052726 -0.048319 0.253052
v -0.038812 0.287390 -0.280077
v -0.040760 0.126890 0.269973
v -0.039064 0.031888 -0.118760
v -0.043522 0.246680 -0.278743
v -0.048578 -0.356852 -0.192005
v -0.033302 -0.196809 -0.280354
v -0.035693 0.092108 -0.195157
v -0.046533 0.186448 -0.269201
v -0.046774 0.227683 -0.274648
v -0.042753 -0.213184 0.279084
v -0.044240 -0.133472 0.276171
v -0.042423 -0.090842 0.269787
v -0.034650 0.446620 -0.194655
v -0.042625 -0.346222 0.271628
v -0.029996 0.482726 0.236307
v -0.029473 0.483206 0.248506
v -0.046904 -0.020674 -0.122120
v -0.044873 -0.024425 -0.107423
v -0.046891 -0.027641 -0.077897
v -0.032556 0.336130 0.268989
v -0.038079 0.125369 0.194581
v -0.033826 -0.246316 -0.281328
v -0.032539 0.452938 -0.278744
v -0.051028 -0.036550 -0.002495
v -0.046130 0.107557 -0.266231
v -0.040191 -0.254330 0.276756
v -0.037670 0.333901 -0.279406
v -0.038669 0.046347 0.167529
v -0.037844 -0.322015 0.202969
v -0.048633 -0.378238 0.272580
v -0.042257 -0.458075 0.204655
v -0.032924 0.460066 -0.193932
v -0.036111 -0.128744 0.203423
v -0.036377 -0.160785 0.203062
v -0.038191 -0.107482 0.202867
v -0.043150 -0.091118 0.204180
v -0.041620 -0.077077 0.195916
v -0.043298 -0.474052 -0.200439
v -0.040223 0.225672 -0.197043
v -0.033936 0.214668 -0.191368
v -0.040246 -0.135566 -0.200123
v -0.062698 0.034080 -0.290006
v -0.038472 -0.485236 0.247664
v -0.045327 -0.419211 0.283059
v -0.043787 -0.404782 0.282672
v -0.039682 0.379748 -0.196266
v -0.044698 -0.164000 0.279139
v -0.037220 0.183707 -0.196812
v -0.031942 0.159512 -0.192270
v -0.028539 0.470632 0.211994
v -0.038933 -0.484413 0.235782
v -0.036347 -0.481557 0.221605
v -0.043118 -0.430142 0.285506
v -0.039596 -0.458150 0.281881
v -0.044039 -0.191865 0.279474
v -0.045898 0.090924 -0.272069
v -0.035331 0.119051 -0.196902
v -0.039272 0.284484 -0.192640
v -0.033655 0.423531 -0.193010
v -0.037819 0.063768 0.178309
v -0.038370 -0.475384 0.269659
v -0.033684 0.039187 0.152556
v -0.039041 0.354912 -0.193342
v -0.038196 0.326466 -0.191187
v -0.041316 -0.408701 -0.194753
v -0.038724 -0.292805 0.273536
v -0.038188 -0.046583 -0.164616
v -0.038192 -0.058939 -0.175677
v -0.037840 -0.039534 -0.155358
v -0.038738 -0.031962 -0.141018
v -0.042865 -0.417953 0.196788
v -0.038259 -0.078422 -0.186252
v -0.039251 -0.094951 -0.192677
v -0.043597 0.120375 -0.266558
v -0.027363 0.480442 0.222918
v -0.035385 0.091875 0.186940
v -0.038449 -0.351110 0.203071
v -0.032587 -0.167231 -0.280196
v -0.054826 -0.394304 -0.252241
v -0.042491 -0.446265 -0.191954
v -0.027361 0.425555 0.195863
v -0.033047 0.405317 -0.191576
v -0.033260 0.382955 -0.189536
v -0.063433 -0.018936 -0.288164
v -0.036297 -0.484022 0.259073
v -0.044706 -0.063292 0.190157
v -0.036851 -0.469230 0.277336
v -0.039473 -0.388964 -0.189718
v -0.039105 -0.374752 -0.186162
v -0.039431 -0.443876 0.286989
v -0.023947 0.485144 0.259249
v -0.034501 -0.460448 -0.185308
v -0.056991 -0.041187 -0.287182
v -0.036206 -0.433992 -0.285613
v -0.059426 0.047055 -0.287121
v -0.048739 -0.040693 0.025254
v -0.040201 -0.253786 -0.189450
v -0.039206 -0.444042 0.195713
v -0.043531 -0.460997 -0.274068
v -0.034398 0.262085 -0.189388
v -0.037628 -0.048421 0.165089
v -0.036382 -0.446719 -0.285023
v -0.042202 -0.102316 -0.281283
v -0.041295 0.027166 0.100152
v -0.030253 0.065576 -0.174590
v -0.027144 0.059562 -0.162628
v -0.037916 -0.109828 -0.195122
v -0.035659 0.301956 -0.189003
v -0.033875 0.238670 -0.190054
v -0.027883 0.079451 -0.183908
v -0.049198 0.074559 -0.278859
v -0.022412 0.437428 -0.181765
v -0.032534 0.078383 0.180375
v -0.034351 0.054911 0.168573
v -0.038214 0.031842 -0.094171
v -0.024451 0.485181 -0.198880
v -0.035879 0.029274 0.127989
v -0.028636 0.114577 -0.190269
v -0.027294 -0.379402 -0.284024
v -0.025507 0.472870 -0.190678
v -0.024436 0.397202 -0.183886
v -0.043365 0.032068 -0.021503
v -0.062260 0.017630 -0.293318
v -0.041891 0.030709 0.051057
v -0.041995 -0.056716 0.180918
v -0.030857 -0.075074 0.184205
v -0.034808 -0.460425 -0.283085
v -0.024978 0.482489 -0.266063
v -0.021184 0.460750 -0.182791
v -0.033988 -0.133367 -0.281547
v -0.035751 -0.475258 -0.273968
v -0.033635 -0.470441 0.204902
v -0.043335 0.031179 -0.058085
v -0.023736 0.470807 -0.278016
v -0.025061 0.048567 0.154742
v -0.017763 0.484048 0.269170
v -0.018262 0.492199 0.248633
v -0.019509 0.491332 0.236545
v -0.019160 0.487172 0.222348
v -0.018230 0.480458 0.211232
v -0.028556 -0.489865 0.225713
v -0.027736 -0.493317 0.235945
v -0.027232 -0.493996 0.247174
v -0.022470 0.071207 -0.172998
v -0.024850 -0.486342 0.270437
v -0.025852 -0.485732 0.214764
v -0.025478 -0.479151 0.278560
v -0.022156 -0.494229 0.257862
v -0.015433 -0.498672 0.235324
v -0.016052 -0.494664 0.223153
v -0.013649 -0.499626 0.245009
v 0.006275 0.311243 0.185887
v 0.020915 0.306549 0.186649
v 0.005544 0.252906 0.185467
v 0.007068 0.342995 0.186544
v 0.020087 0.345687 0.187519
v 0.019865 0.252775 0.186982
v 0.023866 0.376645 0.189208
v 0.007333 0.378738 0.188610
v 0.020148 0.222302 0.186761
v 0.004710 0.210200 0.184350
v 0.017483 0.191005 0.185106
v 0.004939 0.158899 0.181752
v 0.018104 0.125833 0.182291
v 0.034676 0.376878 0.191264
v 0.034181 0.336900 0.190446
v 0.004011 0.112950 0.178741
v 0.020580 0.106412 0.181521
v -0.009424 0.160640 0.182305
v -0.011096 0.114375 0.178793
v 0.022625 0.391341 0.187734
v 0.037271 0.393522 0.189984
v 0.007869 0.392388 0.187546
v -0.009068 0.208805 0.184986
v -0.012763 0.090639 0.175318
v 0.003893 0.091348 0.175467
v -0.009249 0.252067 0.186558
v -0.007376 0.288438 0.187294
v -0.005929 0.343962 0.188357
v 0.012808 0.417657 0.183573
v 0.032904 0.410552 0.186676
v 0.022579 0.424156 0.184202
v 0.007289 0.438504 0.184695
v -0.004384 0.424801 0.184718
v 0.020940 0.441241 0.186401
v -0.007817 0.440752 0.186467
v 0.038359 0.422452 0.188442
v 0.017881 0.092552 0.179019
v 0.029521 0.438641 0.188044
v -0.006102 0.375229 0.190385
v -0.004311 0.390019 0.189977
v 0.006438 0.455551 0.188693
v -0.007006 0.455608 0.189560
v 0.033975 0.282221 0.190642
v 0.031849 0.229354 0.190674
v 0.033482 0.166647 0.189289
v 0.030143 0.126208 0.186592
v 0.042178 0.375842 0.194133
v 0.045425 0.412207 0.191824
v 0.046764 0.397854 0.193956
v 0.030987 0.090775 0.184313
v 0.021805 0.456541 0.191927
v -0.014178 0.172973 0.184131
v 0.020145 0.081712 0.175670
v -0.022421 0.143472 0.184693
v -0.022905 0.184385 0.187963
v -0.023323 0.115932 0.182409
v -0.020311 0.428569 0.190037
v -0.024385 0.089144 0.178650
v 0.042357 0.331504 0.194270
v 0.040867 0.273012 0.194441
v 0.042901 0.227064 0.196558
v 0.035134 0.109978 0.188775
v 0.011446 0.470966 0.196598
v -0.018616 0.419239 0.190135
v -0.013057 0.345661 0.191128
v -0.020111 0.279050 0.192165
v -0.006239 0.470882 0.196831
v -0.015938 0.392041 0.194646
v -0.022115 0.442479 0.192282
v 0.003128 0.074433 0.167112
v -0.011052 0.074154 0.166990
v 0.030613 0.454892 0.195033
v -0.019740 0.372010 0.196313
v -0.020582 0.455599 0.195131
v 0.039998 0.439397 0.193937
v 0.049041 0.373966 0.198385
v 0.036179 0.078314 0.183440
v -0.020458 0.343557 0.194731
v -0.023413 0.076459 0.172705
v 0.042767 0.108709 0.194036
v 0.041933 0.084697 0.190786
v 0.048136 0.318014 0.198421
v 0.048504 0.423312 0.195657
v 0.013184 0.063075 0.162466
v 0.024761 0.062097 0.166766
v 0.003982 0.062307 0.159512
v -0.012252 0.058179 0.157325
v 0.028209 0.469720 0.202356
v 0.009485 0.480850 0.203676
v -0.024221 0.058434 0.162690
v 0.039355 0.453481 0.200508
v 0.035288 0.060726 0.173049
v 0.054038 0.407462 0.199680
v -0.018892 0.471197 0.202465
v 0.043036 0.065296 0.183428
v 0.053547 0.371180 0.202816
v 0.049027 0.231870 0.202507
v 0.003555 0.054170 0.152494
v 0.020984 0.049362 0.153622
v 0.021034 0.484497 0.211497
v -0.031169 0.123759 0.188156
v -0.031975 0.181428 0.194345
v -0.024776 0.283551 0.195899
v -0.028815 0.101420 0.183484
v -0.023497 0.392974 0.199626
v -0.035385 0.091875 0.186940
v -0.032534 0.078383 0.180375
v -0.006170 0.487667 0.211981
v -0.027361 0.425555 0.195863
v -0.029986 0.396337 0.204996
v -0.029961 0.375379 0.205023
v -0.031343 0.331091 0.203708
v -0.025061 0.048567 0.154742
v -0.038079 0.125369 0.194581
v -0.031343 0.455045 0.204372
v -0.034351 0.054911 0.168573
v 0.035547 0.047996 0.163954
v -0.033995 0.267202 0.204033
v -0.037283 0.225285 0.203181
v -0.038981 0.170591 0.200312
v -0.033095 0.442869 0.203170
v -0.011287 0.046797 0.144940
v 0.007605 0.046850 0.145448
v -0.018230 0.480458 0.211232
v 0.008217 0.491234 0.215398
v 0.048936 0.436936 0.201771
v -0.028539 0.470632 0.211994
v 0.032987 0.473464 0.209656
v 0.039947 0.469237 0.213609
v 0.031670 0.482619 0.218372
v -0.019160 0.487172 0.222348
v -0.000229 -0.244042 -0.178921
v -0.017873 -0.243884 -0.180296
v -0.018637 -0.284294 -0.179072
v 0.001359 -0.211701 -0.179600
v -0.001504 -0.285732 -0.178796
v -0.018926 -0.321372 -0.178407
v -0.001405 -0.317316 -0.178681
v -0.002590 -0.356776 -0.178991
v -0.021138 -0.343198 -0.178902
v -0.020187 -0.366031 -0.179658
v -0.002757 -0.377442 -0.178299
v -0.019048 -0.385411 -0.179529
v 0.012933 -0.198107 -0.180634
v 0.001317 -0.198712 -0.180693
v 0.016491 -0.172781 -0.182983
v 0.008967 -0.377904 -0.179903
v 0.006280 -0.343642 -0.180654
v 0.010203 -0.266765 -0.180938
v -0.003169 -0.395975 -0.176565
v 0.009474 -0.404912 -0.177416
v -0.004952 -0.419927 -0.173371
v -0.019772 -0.401698 -0.178691
v -0.016413 -0.206287 -0.182765
v 0.003291 -0.169116 -0.185017
v 0.011997 -0.156143 -0.184704
v 0.018610 -0.153156 -0.184373
v 0.002217 -0.138492 -0.186897
v 0.017128 -0.123725 -0.184597
v 0.024330 -0.170254 -0.185084
v 0.024207 -0.125813 -0.185613
v 0.017044 -0.109219 -0.184121
v -0.001432 -0.111692 -0.184895
v 0.009674 -0.418577 -0.176327
v -0.004936 -0.443898 -0.172918
v -0.016788 -0.430505 -0.173931
v -0.018738 -0.448052 -0.174573
v -0.018640 -0.129640 -0.189678
v -0.019323 -0.156437 -0.190680
v -0.026192 -0.130721 -0.191711
v -0.031709 -0.327240 -0.180874
v -0.031339 -0.288663 -0.181791
v -0.021698 -0.168905 -0.190695
v -0.014601 -0.181871 -0.186891
v -0.021888 -0.116740 -0.188426
v -0.035335 -0.347587 -0.182407
v -0.030249 -0.387050 -0.183232
v -0.026090 -0.219828 -0.184598
v -0.032908 -0.256138 -0.184430
v -0.019714 -0.460743 -0.176962
v -0.032220 -0.149358 -0.195429
v -0.032310 -0.123330 -0.193648
v -0.031226 -0.194608 -0.191139
v -0.040651 -0.326123 -0.184387
v -0.006376 -0.460347 -0.176430
v 0.006900 -0.107358 -0.183868
v 0.009025 -0.091476 -0.181267
v -0.026560 -0.444616 -0.177792
v -0.018086 -0.096285 -0.183022
v -0.003188 -0.093090 -0.180427
v -0.041035 -0.301342 -0.185416
v -0.033400 -0.170262 -0.195593
v -0.027741 -0.097092 -0.186133
v -0.039105 -0.374752 -0.186162
v -0.025060 -0.420002 -0.178952
v -0.030023 -0.404514 -0.183702
v -0.033150 -0.215027 -0.188899
v 0.016745 -0.093910 -0.183103
v -0.044010 -0.349772 -0.187116
v 0.012611 -0.078656 -0.179437
v -0.019450 -0.474814 -0.181852
v 0.020664 -0.197246 -0.183387
v -0.017402 -0.078121 -0.175926
v -0.001652 -0.079062 -0.175971
v -0.026939 -0.077023 -0.178475
v 0.009275 -0.432517 -0.176721
v 0.024032 -0.105798 -0.186506
v -0.034501 -0.460448 -0.185308
v -0.006715 -0.473604 -0.181904
v -0.040201 -0.253786 -0.189450
v -0.033564 -0.441353 -0.182699
v 0.021859 -0.217641 -0.184895
v -0.041000 -0.173727 -0.200725
v -0.040246 -0.135566 -0.200123
v -0.039082 -0.197246 -0.196441
v -0.037916 -0.109828 -0.195122
v -0.039251 -0.094951 -0.192677
v -0.038259 -0.078422 -0.186252
v -0.039473 -0.388964 -0.189718
v -0.031195 -0.413533 -0.183945
v -0.031233 -0.475053 -0.188326
v -0.048012 -0.327762 -0.190105
v 0.019138 -0.326897 -0.185462
v 0.017004 -0.265191 -0.183647
v 0.019234 -0.352174 -0.185432
v 0.028589 -0.123703 -0.187462
v 0.007508 -0.448387 -0.178526
v 0.020393 -0.079738 -0.184422
v 0.006324 -0.458579 -0.181060
v 0.023584 -0.379211 -0.186326
v -0.017565 -0.484093 -0.187177
v -0.027700 -0.065593 -0.171950
v -0.015190 -0.063347 -0.166980
v -0.001241 -0.065756 -0.169142
v 0.027480 -0.184398 -0.186766
v 0.012257 -0.064827 -0.173802
v 0.021447 -0.402365 -0.184072
v 0.023062 -0.262192 -0.186944
v -0.047607 -0.294135 -0.191797
v -0.048578 -0.356852 -0.192005
v -0.041316 -0.408701 -0.194753
v -0.027926 -0.482205 -0.191167
v -0.038192 -0.058939 -0.175677
v -0.043015 -0.201686 -0.199845
v -0.042491 -0.446265 -0.191954
v -0.027617 -0.054771 -0.163591
v -0.008182 -0.486086 -0.190422
v 0.019981 -0.065487 -0.179877
v 0.022023 -0.422082 -0.184726
v 0.026328 -0.340063 -0.191149
v 0.029256 -0.094160 -0.191463
v 0.029549 -0.209274 -0.190782
v 0.028131 -0.265136 -0.191130
v 0.016615 -0.446534 -0.184771
v 0.027358 -0.076126 -0.189770
v 0.005977 -0.475033 -0.190004
v -0.004063 -0.057199 -0.161619
v -0.022054 -0.050908 -0.156578
v 0.006306 -0.054810 -0.163059
v -0.038188 -0.046583 -0.164616
v -0.043298 -0.474052 -0.200439
v 0.015570 -0.460919 -0.189778
v 0.019328 -0.056133 -0.173285
v 0.015658 -0.045542 -0.157226
v -0.033072 -0.485300 -0.198818
v 0.004774 -0.481726 -0.195188
v 0.006364 0.274288 -0.178129
v 0.003733 0.304874 -0.178278
v -0.000783 0.272138 -0.177554
v 0.002908 0.232374 -0.177934
v -0.006767 0.316211 -0.178403
v 0.004266 0.338624 -0.179600
v -0.012079 0.336850 -0.179598
v 0.000481 0.371382 -0.180560
v -0.012409 0.371920 -0.180872
v -0.007607 0.243460 -0.177989
v -0.005098 0.209944 -0.178342
v 0.002955 0.187479 -0.178885
v -0.014619 0.303561 -0.179147
v -0.014056 0.278839 -0.178826
v -0.013027 0.169911 -0.180820
v -0.004074 0.161677 -0.180058
v 0.003453 0.144075 -0.180644
v -0.000966 0.123547 -0.180973
v -0.012041 0.147312 -0.181512
v -0.013611 0.108992 -0.182669
v 0.000681 0.105635 -0.181133
v -0.012951 0.216607 -0.179241
v -0.007849 0.392475 -0.179158
v 0.005682 0.388109 -0.179670
v -0.013029 0.092367 -0.181087
v 0.001499 0.090078 -0.180225
v -0.017811 0.391961 -0.181308
v -0.019599 0.261357 -0.180587
v -0.024720 0.369344 -0.183877
v -0.022390 0.336703 -0.182048
v -0.026267 0.304547 -0.182888
v -0.007240 0.413051 -0.175349
v 0.006143 0.415388 -0.174291
v -0.007759 0.428418 -0.173789
v 0.005270 0.434562 -0.172891
v -0.008031 0.446028 -0.174326
v -0.020305 0.129463 -0.184939
v -0.020689 0.105254 -0.184929
v -0.018773 0.190223 -0.182116
v -0.022933 0.238098 -0.182613
v 0.003609 0.455069 -0.175132
v -0.009133 0.458004 -0.176087
v -0.024436 0.397202 -0.183886
v -0.024511 0.090848 -0.185405
v -0.015795 0.442062 -0.177551
v -0.031148 0.336093 -0.186008
v -0.026240 0.158849 -0.187687
v -0.031465 0.287067 -0.185961
v -0.027816 0.253158 -0.184941
v -0.025760 0.201506 -0.185459
v -0.022412 0.437428 -0.181765
v -0.021184 0.460750 -0.182791
v -0.028636 0.114577 -0.190269
v -0.033260 0.382955 -0.189536
v -0.035659 0.301956 -0.189003
v -0.016127 0.472675 -0.183675
v -0.007654 0.469039 -0.179168
v -0.033875 0.238670 -0.190054
v -0.034398 0.262085 -0.189388
v -0.038196 0.326466 -0.191187
v 0.011984 0.371549 -0.181979
v 0.016082 0.389667 -0.180951
v 0.011124 0.221643 -0.179405
v 0.010108 0.124642 -0.182650
v 0.014263 0.196237 -0.180828
v 0.016618 0.157771 -0.182937
v 0.019092 0.426608 -0.175524
v 0.017274 0.252741 -0.180447
v 0.013631 0.326310 -0.180813
v 0.016543 0.296432 -0.180498
v 0.020497 0.412689 -0.177295
v 0.015392 0.095979 -0.184534
v 0.020108 0.367837 -0.184124
v 0.020136 0.342126 -0.183296
v 0.020085 0.438788 -0.176634
v -0.010377 0.080965 -0.176854
v -0.018030 0.080464 -0.177841
v 0.002804 0.079125 -0.177267
v 0.002756 0.473041 -0.181286
v 0.017109 0.126511 -0.184762
v 0.022596 0.217393 -0.183254
v 0.022556 0.189566 -0.184263
v 0.027592 0.387425 -0.185084
v 0.028686 0.317894 -0.185916
v 0.028119 0.266174 -0.184662
v 0.031151 0.295222 -0.186547
v 0.016557 0.075683 -0.181840
v 0.031637 0.411809 -0.181813
v 0.030920 0.350060 -0.188044
v 0.034070 0.371882 -0.189469
v 0.029941 0.236587 -0.186267
v 0.020620 0.454019 -0.181092
v 0.010785 0.471023 -0.183523
v -0.006520 0.483899 -0.186601
v 0.036872 0.387047 -0.189650
v 0.033583 0.426224 -0.182709
v 0.027415 0.174307 -0.187618
v 0.023896 0.123771 -0.188543
v 0.022047 0.101489 -0.188112
v 0.027266 0.089257 -0.191362
v 0.032586 0.200547 -0.189791
v 0.036395 0.339760 -0.191281
v 0.034468 0.275727 -0.188885
v 0.031475 0.438292 -0.183793
v 0.028391 0.111405 -0.192649
v 0.038782 0.302029 -0.192766
v 0.036647 0.243420 -0.191124
v 0.044528 0.375428 -0.197054
v 0.000200 0.484871 -0.188403
v 0.009926 0.067003 -0.173972
v -0.003930 0.071331 -0.170864
v 0.017505 0.058914 -0.174145
v 0.042222 0.400859 -0.191801
v 0.028873 0.076834 -0.191516
v 0.040247 0.413884 -0.188671
v -0.016652 0.067944 -0.167035
v 0.039617 0.272627 -0.193744
v 0.034869 0.161772 -0.194742
v 0.041045 0.338725 -0.195241
v 0.023045 0.063908 -0.182274
v 0.009364 0.485042 -0.192488
v 0.018150 0.473938 -0.190463
v -0.027883 0.079451 -0.183908
v 0.040762 0.191894 -0.198777
v 0.033226 0.112272 -0.197733
v 0.001676 0.059368 -0.162760
v -0.006221 0.063472 -0.163414
v 0.030772 0.454589 -0.191277
v 0.027619 0.472601 -0.198690
v 0.031217 0.060779 -0.190657
v 0.027302 0.049499 -0.178629
v -0.017899 0.483331 -0.191636
v 0.021296 0.484444 -0.201105
v -0.031942 0.159512 -0.192270
v -0.033936 0.214668 -0.191368
v -0.039041 0.354912 -0.193342
v -0.025507 0.472870 -0.190678
v -0.039272 0.284484 -0.192640
v -0.035693 0.092108 -0.195157
v -0.022470 0.071207 -0.172998
v -0.030253 0.065576 -0.174590
v -0.024451 0.485181 -0.198880
v -0.004169 0.037804 -0.015148
v -0.015656 0.038659 -0.009660
v -0.015028 0.037888 0.016220
v 0.008044 0.034829 0.008117
v -0.003618 0.036407 0.027306
v -0.014630 0.037026 0.036719
v 0.000931 0.034909 0.044914
v -0.015903 0.035925 0.060232
v -0.003643 0.034450 0.075123
v -0.016131 0.038915 -0.033516
v -0.000766 0.037634 -0.032191
v -0.010131 0.038399 -0.051884
v 0.004047 0.036556 -0.042885
v 0.011513 0.034602 -0.018013
v 0.011469 0.031912 0.058400
v 0.011540 0.031027 0.086532
v -0.005440 0.033649 0.097088
v 0.008945 0.031169 0.106510
v -0.013939 0.034104 0.106978
v 0.010048 0.034507 -0.060291
v -0.004676 0.036181 -0.078275
v -0.017438 0.038041 -0.066634
v -0.016871 0.037110 -0.096682
v -0.002664 0.035009 -0.097433
v -0.009515 0.037163 -0.108145
v -0.021553 0.034403 0.088662
v -0.025832 0.037000 -0.108064
v -0.027376 0.033443 0.096203
v -0.026848 0.033499 0.112234
v -0.028421 0.036428 0.033429
v -0.028191 0.034713 0.071031
v -0.028514 0.037884 -0.020049
v -0.028061 0.037347 0.002360
v -0.028536 0.035854 -0.092180
v -0.029483 0.037333 -0.051703
v -0.003162 0.036056 0.121247
v 0.009182 0.033336 -0.074818
v 0.011590 0.030823 -0.098229
v 0.012737 0.030606 -0.111081
v 0.021672 0.031292 -0.043932
v 0.002270 0.033915 0.115670
v 0.016343 0.031003 0.116618
v 0.018259 0.031810 -0.000090
v 0.022245 0.030636 -0.014699
v 0.020624 0.029703 0.025314
v 0.024442 0.025849 0.107072
v 0.020047 0.030096 -0.069534
v 0.022211 0.027166 0.075851
v 0.022113 0.026763 -0.089431
v 0.022234 0.025496 -0.107225
v 0.025402 0.024995 0.094483
v 0.016277 0.037279 0.134528
v -0.001671 0.038362 -0.121539
v -0.018262 0.041077 -0.120139
v 0.018561 0.030137 -0.123818
v 0.026099 0.027445 0.120127
v -0.011556 0.037585 0.127083
v 0.030052 0.024299 -0.066589
v -0.026160 0.035026 0.127863
v 0.024939 0.026654 0.041049
v 0.030585 0.024022 0.011811
v 0.031685 0.024559 -0.017382
v 0.030784 0.025451 -0.044623
v 0.004824 0.040705 0.135152
v 0.025069 0.034047 0.136043
v -0.013568 0.046569 -0.134186
v 0.002790 0.042331 -0.136210
v 0.014468 0.038742 -0.142270
v -0.029182 0.038964 -0.121258
v -0.035147 0.035189 0.007801
v -0.010760 0.042221 0.137237
v -0.028318 0.044280 -0.134955
v 0.028315 0.023307 -0.127571
v 0.031212 0.020235 0.075820
v 0.031449 0.021520 0.036264
v 0.000568 0.049067 -0.147419
v -0.010765 0.053286 -0.148170
v -0.017823 0.053551 -0.147388
v 0.015307 0.043676 -0.153974
v 0.029782 0.019207 -0.108430
v 0.022804 0.032951 -0.144253
v -0.037275 0.035072 -0.039793
v 0.032244 0.018634 0.102790
v 0.034039 0.020980 0.122878
v -0.032696 0.034577 -0.108328
v -0.041891 0.030709 0.051057
v -0.035467 0.029998 0.112960
v -0.024821 0.039488 0.140894
v -0.038214 0.031842 -0.094171
v -0.011287 0.046797 0.144940
v 0.007605 0.046850 0.145448
v 0.023255 0.041608 0.146615
v -0.043365 0.032068 -0.021503
v -0.039064 0.031888 -0.118760
v 0.001676 0.059368 -0.162760
v 0.014438 0.050889 -0.163385
v -0.025244 0.052270 -0.148207
v -0.027144 0.059562 -0.162628
v 0.035881 0.026534 0.139982
v -0.043335 0.031179 -0.058085
v -0.016652 0.067944 -0.167035
v -0.006221 0.063472 -0.163414
v 0.036224 0.020145 -0.031279
v 0.033320 0.037891 0.151682
v 0.029700 0.033139 -0.163296
v 0.036153 0.018224 0.001874
v 0.035352 0.018787 -0.064876
v 0.033675 0.016217 -0.093993
v -0.035879 0.029274 0.127989
v -0.041295 0.027166 0.100152
v 0.021471 0.043784 -0.163587
v -0.025061 0.048567 0.154742
v 0.017505 0.058914 -0.174145
v 0.020984 0.049362 0.153622
v -0.037722 0.029867 0.140048
v -0.045799 0.024670 -0.108718
v -0.034165 0.047884 -0.152646
v -0.038006 0.037057 -0.136009
v 0.035547 0.047996 0.163954
v -0.022470 0.071207 -0.172998
v -0.033684 0.039187 0.152556
v 0.009673 -0.283647 0.183488
v -0.000489 -0.297558 0.183180
v 0.000063 -0.270043 0.182911
v 0.012564 -0.264175 0.183597
v 0.010241 -0.300333 0.184287
v 0.011162 -0.329176 0.184523
v -0.001774 -0.326558 0.183555
v 0.008154 -0.355755 0.183087
v -0.000338 -0.358052 0.182528
v 0.000028 -0.246283 0.184023
v 0.015121 -0.253362 0.184478
v 0.010535 -0.238794 0.184976
v 0.015118 -0.353490 0.184244
v 0.023393 -0.229988 0.187264
v 0.022839 -0.271638 0.185751
v 0.029260 -0.261370 0.187484
v 0.030023 -0.237502 0.188579
v 0.025735 -0.387376 0.182169
v -0.001146 -0.207497 0.187664
v 0.019798 -0.217685 0.187954
v 0.026768 -0.204555 0.189604
v 0.029249 -0.197329 0.189534
v -0.000450 -0.164496 0.189103
v 0.019901 -0.168713 0.189539
v 0.016190 -0.148777 0.190529
v -0.004626 -0.128354 0.191669
v 0.015956 -0.123927 0.192886
v 0.034464 -0.167349 0.189522
v 0.032117 -0.187270 0.189286
v -0.012076 -0.155759 0.190201
v 0.032617 -0.143771 0.189786
v -0.016039 -0.190894 0.189405
v -0.015791 -0.209799 0.188531
v -0.000466 -0.385886 0.178307
v 0.015610 -0.386070 0.179240
v 0.010236 -0.404405 0.176229
v -0.002867 -0.411142 0.175385
v 0.009011 -0.417818 0.175968
v -0.001566 -0.427277 0.176126
v -0.016634 -0.129223 0.192671
v -0.011123 -0.248671 0.184975
v -0.000773 -0.109524 0.190416
v -0.015824 -0.106853 0.190650
v 0.010797 -0.104768 0.190701
v 0.033018 -0.211568 0.191057
v -0.013109 -0.276109 0.184678
v -0.013099 -0.335638 0.185404
v -0.012604 -0.363305 0.184683
v -0.016112 -0.428853 0.178574
v -0.015867 -0.416780 0.177900
v 0.021973 -0.416760 0.179175
v 0.010871 -0.432725 0.178557
v 0.026659 -0.405762 0.180695
v 0.029497 -0.129653 0.193183
v 0.024443 -0.119987 0.195012
v 0.022740 -0.109523 0.194427
v -0.014065 -0.403729 0.178645
v -0.017178 -0.232357 0.187370
v 0.020242 -0.324411 0.187478
v 0.021698 -0.282929 0.187285
v 0.024527 -0.352667 0.187486
v -0.005172 -0.443134 0.179817
v -0.018327 -0.440013 0.181317
v -0.025691 -0.168834 0.193864
v -0.020735 -0.262258 0.187737
v 0.018110 -0.095281 0.189619
v 0.010437 -0.441687 0.181301
v -0.000453 -0.094019 0.185537
v -0.027096 -0.130164 0.196552
v -0.026610 -0.106804 0.194239
v -0.028207 -0.201007 0.193831
v -0.028538 -0.234204 0.192579
v -0.019119 -0.310362 0.187437
v -0.020839 -0.358778 0.188663
v -0.018612 -0.380508 0.184945
v -0.029788 -0.413522 0.185334
v -0.013832 -0.092387 0.185178
v 0.013232 -0.087608 0.184548
v -0.018289 -0.456125 0.187260
v -0.027297 -0.280096 0.191714
v -0.030189 -0.425081 0.185265
v -0.026363 -0.088400 0.188248
v 0.025525 -0.427384 0.182928
v -0.002738 -0.457165 0.186146
v -0.030783 -0.442820 0.188300
v 0.029107 -0.289741 0.191951
v 0.028610 -0.335184 0.191460
v 0.030566 -0.371798 0.187270
v 0.033000 -0.098061 0.197091
v 0.027676 -0.117327 0.198319
v 0.023364 -0.441349 0.186518
v 0.038632 -0.153177 0.192727
v -0.015807 -0.077702 0.177324
v 0.036972 -0.391416 0.188280
v 0.034851 -0.247180 0.191171
v 0.033317 -0.422912 0.186504
v 0.009381 -0.458446 0.189469
v 0.026806 -0.082054 0.187868
v -0.015371 -0.469214 0.194169
v 0.038888 -0.189774 0.193605
v 0.032405 -0.263669 0.190459
v 0.035538 -0.351722 0.194578
v 0.035007 -0.138180 0.193131
v -0.027991 -0.324588 0.193149
v -0.028628 -0.359023 0.193763
v 0.002775 -0.077214 0.175183
v 0.038767 -0.405113 0.189049
v -0.004772 -0.471553 0.195251
v 0.035924 -0.325757 0.197579
v -0.028987 -0.378562 0.191991
v -0.030382 -0.458070 0.194289
v 0.018576 -0.077954 0.180207
v 0.039079 -0.374435 0.193219
v 0.035084 -0.296391 0.197465
v 0.040080 -0.075444 0.195334
v 0.037397 -0.216378 0.194983
v -0.030857 -0.075074 0.184205
v -0.025008 -0.470971 0.199111
v -0.001920 -0.476725 0.199784
v -0.036111 -0.128744 0.203423
v -0.038191 -0.107482 0.202867
v -0.036377 -0.160785 0.203062
v -0.034029 -0.087087 0.193205
v -0.039538 -0.431509 0.193694
v -0.044640 -0.373979 0.205865
v -0.038449 -0.351110 0.203071
v -0.043670 -0.397813 0.200589
v -0.039206 -0.444042 0.195713
v -0.042865 -0.417953 0.196788
v -0.038671 -0.200092 0.203506
v -0.033354 -0.270865 0.197230
v -0.037844 -0.322015 0.202969
v -0.039656 -0.250805 0.204387
v -0.042257 -0.458075 0.204655
v -0.057181 -0.377324 0.217810
v -0.046606 -0.346570 0.212354
v -0.050441 -0.340618 0.218167
v -0.057274 -0.393531 0.215472
v -0.033635 -0.470441 0.204902
v -0.049853 -0.433044 0.205398
v -0.043150 -0.091118 0.204180
v -0.041620 -0.077077 0.195916
v -0.030346 -0.061785 0.173292
v -0.013285 -0.069501 0.169592
v -0.015481 -0.484358 0.207399
v -0.044706 -0.063292 0.190157
v 0.017142 -0.070127 0.173158
v -0.041995 -0.056716 0.180918
v 0.034459 -0.065986 0.182558
v -0.025852 -0.485732 0.214764
v 0.040606 -0.098987 0.203411
v -0.002706 -0.488813 0.212577
v 0.036118 -0.235149 0.194190
v -0.008530 -0.495053 0.222396
v -0.016052 -0.494664 0.223153
v -0.028556 -0.489865 0.225713
v -0.013645 -0.045767 -0.022144
v -0.013019 -0.047262 0.009935
v -0.025132 -0.047122 0.001960
v -0.022517 -0.045109 -0.038033
v -0.011479 -0.048419 0.030629
v -0.012989 -0.049450 0.047211
v -0.029947 -0.047874 0.020092
v -0.009337 -0.045373 -0.046674
v -0.018296 -0.044186 -0.073386
v -0.007856 -0.044497 -0.068496
v -0.031335 -0.048067 0.047119
v -0.020681 -0.049217 0.059227
v -0.007723 -0.049200 0.073367
v -0.019854 -0.048888 0.086610
v -0.008008 -0.049232 0.112087
v 0.004003 -0.048493 0.110368
v -0.003451 -0.049725 0.127396
v 0.002891 -0.048149 0.072903
v -0.000527 -0.044331 -0.011998
v 0.002021 -0.044894 0.008366
v 0.014211 -0.047562 0.129607
v 0.003606 -0.046672 0.042561
v -0.002876 -0.043095 -0.079138
v -0.010797 -0.041386 -0.096953
v 0.003551 -0.042799 -0.054157
v 0.003648 -0.037908 -0.109798
v -0.004368 -0.039057 -0.112351
v -0.002878 -0.039152 -0.123873
v -0.016470 -0.038868 -0.124325
v -0.014576 -0.039029 -0.112215
v 0.010310 -0.041082 -0.034332
v 0.012848 -0.040308 -0.012996
v 0.017503 -0.034248 -0.124195
v 0.015259 -0.034948 -0.103730
v 0.010253 -0.039232 -0.077643
v 0.016665 -0.044957 0.113796
v 0.016144 -0.044169 0.075433
v 0.009806 -0.043689 0.026327
v 0.015087 -0.039131 -0.047274
v 0.016485 -0.039978 0.011950
v 0.016382 -0.042628 0.052084
v 0.008521 -0.051821 0.141876
v -0.002515 -0.052719 0.141836
v 0.018685 -0.048988 0.142469
v 0.020898 -0.034385 -0.078575
v -0.016178 -0.048359 0.125635
v -0.020848 -0.048294 0.100163
v -0.022459 -0.041502 -0.086375
v -0.034450 -0.045112 -0.008074
v -0.027469 -0.047802 0.074925
v 0.024425 -0.035279 0.009500
v 0.024541 -0.034244 -0.039214
v 0.003490 -0.041196 -0.136780
v -0.013772 -0.042357 -0.137933
v 0.017217 -0.038273 -0.141243
v 0.023877 -0.029543 -0.110498
v 0.025730 -0.035289 0.030039
v -0.021693 -0.048736 0.141168
v 0.026238 -0.036439 0.058490
v 0.023071 -0.041701 0.126749
v -0.028987 -0.043141 -0.044505
v -0.026460 -0.036458 -0.111476
v -0.039565 -0.045581 0.020311
v -0.034005 -0.045256 0.088826
v -0.024286 -0.046197 0.126279
v -0.029928 -0.034941 -0.124195
v -0.040523 -0.045342 0.047547
v -0.024020 -0.039159 -0.134624
v -0.028644 -0.040136 -0.143583
v 0.004102 -0.057907 0.152808
v 0.017571 -0.056840 0.157301
v -0.012740 -0.053117 0.146460
v -0.028019 -0.039839 -0.084368
v -0.030833 -0.040414 -0.067999
v -0.027161 -0.051837 0.156789
v 0.007941 -0.045496 -0.151050
v -0.000297 -0.048166 -0.151682
v -0.015714 -0.047310 -0.149417
v 0.015658 -0.045542 -0.157226
v -0.012823 -0.059300 0.158153
v 0.026070 -0.037741 0.100434
v -0.041427 -0.040321 -0.024914
v -0.045035 -0.041746 0.003129
v 0.028108 -0.029159 -0.077889
v 0.026674 -0.043771 0.143799
v -0.036243 -0.040779 0.128572
v -0.035999 -0.041719 0.115917
v -0.036112 -0.035559 -0.082645
v -0.037378 -0.039325 -0.043707
v -0.043415 -0.041641 0.078394
v -0.042468 -0.033424 -0.063398
v -0.039051 -0.029595 -0.105705
v -0.048739 -0.040693 0.025254
v -0.036706 -0.040579 0.138718
v -0.034654 -0.044275 0.151259
v -0.047235 -0.041413 0.048806
v 0.003804 -0.065018 0.163054
v 0.027755 -0.049774 0.156340
v -0.039267 -0.028738 -0.122928
v -0.038738 -0.031962 -0.141018
v -0.045488 -0.033475 -0.044906
v -0.051028 -0.036550 -0.002495
v -0.004063 -0.057199 -0.161619
v -0.022054 -0.050908 -0.156578
v -0.043572 -0.035885 0.115736
v 0.017142 -0.070127 0.173158
v -0.050194 -0.035763 0.080263
v -0.046891 -0.027641 -0.077897
v -0.048254 -0.033890 0.153735
v -0.046672 -0.031803 0.139309
v -0.044873 -0.024425 -0.107423
v -0.051032 -0.031373 -0.029148
v -0.047346 -0.030053 0.123886
v -0.037840 -0.039534 -0.155358
v -0.021960 -0.062228 0.166715
v -0.013285 -0.069501 0.169592
v -0.030346 -0.061785 0.173292
v -0.037628 -0.048421 0.165089
v -0.051301 -0.026259 -0.052759
v -0.054018 -0.033809 0.056236
v -0.046904 -0.020674 -0.122120
v 0.002775 -0.077214 0.175183
v 0.027962 -0.029802 -0.141024
v 0.027928 -0.025232 -0.115315
v 0.026279 -0.039779 -0.162349
v 0.027669 -0.061425 0.171967
v -0.038188 -0.046583 -0.164616
v -0.041995 -0.056716 0.180918
v 0.034459 -0.065986 0.182558
v 0.021497 0.388258 0.276710
v 0.033173 0.414086 0.288284
v 0.013466 0.397960 0.281530
v 0.016267 0.418496 0.291931
v 0.021643 0.426339 0.294868
v 0.009502 0.387881 0.277683
v 0.041703 0.390509 0.274262
v 0.032330 0.429135 0.294042
v 0.042049 0.415412 0.286307
v -0.006670 0.391041 0.277686
v 0.000221 0.403652 0.282372
v 0.000870 0.430997 0.294021
v 0.013412 0.438195 0.297715
v -0.005915 0.408525 0.282670
v -0.020527 0.392371 0.273159
v 0.023416 0.440523 0.296734
v -0.002530 0.444633 0.295293
v 0.042019 0.428157 0.290363
v -0.014733 0.432881 0.287303
v -0.019176 0.408747 0.276473
v -0.016810 0.444518 0.288046
v 0.009726 0.453918 0.296000
v 0.039818 0.439602 0.292162
v -0.007778 0.455964 0.292358
v -0.028808 0.394002 0.267635
v -0.029497 0.419335 0.270601
v -0.029046 0.376236 0.267918
v -0.019943 0.374312 0.273956
v -0.019768 0.457604 0.285144
v -0.032556 0.336130 0.268989
v 0.024536 0.454390 0.294074
v -0.002652 0.465022 0.290871
v -0.027784 0.443717 0.277850
v -0.029497 0.324260 0.272580
v -0.022567 0.322331 0.277092
v -0.028890 0.216875 0.278505
v 0.010543 0.465289 0.291944
v -0.036178 0.201926 0.273521
v -0.036513 0.280227 0.269197
v -0.031731 0.175244 0.277470
v -0.014177 0.469699 0.284226
v 0.034668 0.454403 0.290790
v -0.040760 0.126890 0.269973
v -0.032121 0.129643 0.276764
v -0.035675 0.092493 0.270901
v -0.043130 0.118438 0.266880
v -0.040515 0.206131 0.269248
v -0.031527 0.457566 0.273635
v -0.040727 0.078726 0.263873
v -0.034214 0.067228 0.266905
v -0.042084 0.050918 0.259961
v -0.037820 0.370639 0.258641
v -0.037473 0.389172 0.258802
v -0.037960 0.410311 0.259171
v -0.027363 0.471369 0.272096
v -0.046604 0.077008 0.257146
v -0.048384 0.049201 0.254313
v -0.043919 0.034232 0.258704
v -0.049357 -0.003791 0.257868
v -0.055067 0.000693 0.253579
v -0.054167 -0.020109 0.253983
v -0.062974 -0.016283 0.244295
v -0.052726 -0.048319 0.253052
v -0.034222 0.443589 0.269937
v -0.063046 -0.000557 0.244109
v -0.060674 0.016645 0.244587
v -0.015070 0.478263 0.277448
v -0.017763 0.484048 0.269170
v -0.014820 0.020979 0.263103
v -0.029304 0.030120 0.262983
v -0.029070 -0.000848 0.262749
v 0.000304 -0.002049 0.260294
v -0.026833 -0.013759 0.261743
v -0.007722 -0.015671 0.260451
v -0.013316 -0.031231 0.261402
v -0.035828 -0.030633 0.260609
v -0.031085 -0.044192 0.261199
v 0.016778 0.014822 0.263198
v 0.025172 -0.001525 0.262688
v -0.000134 -0.026633 0.261773
v 0.008934 -0.021149 0.262367
v -0.041562 -0.004634 0.260972
v -0.036224 0.033931 0.261738
v -0.005230 0.025656 0.264361
v -0.016840 0.039658 0.266371
v 0.030381 0.016437 0.265602
v -0.045015 -0.045102 0.257792
v 0.031817 0.036059 0.269876
v -0.014094 -0.045405 0.263387
v -0.021929 0.046652 0.267076
v 0.006811 0.041246 0.269983
v 0.031047 0.051552 0.273426
v 0.044488 0.046123 0.272151
v 0.044300 0.019549 0.269691
v 0.051301 0.021214 0.269744
v 0.051366 -0.003930 0.270084
v 0.045253 -0.001563 0.269800
v 0.039423 0.070302 0.276262
v -0.034572 0.049646 0.263482
v -0.003917 -0.037794 0.263984
v 0.043196 -0.026058 0.273454
v -0.041517 -0.062653 0.261128
v -0.020283 -0.054551 0.265520
v 0.017768 -0.016089 0.263575
v 0.023605 0.085218 0.281877
v 0.005809 0.080012 0.282469
v 0.021439 0.102045 0.284660
v 0.006389 0.102644 0.285901
v -0.007938 0.096641 0.284018
v 0.007135 0.126596 0.287482
v 0.021492 0.121633 0.285878
v -0.006615 0.124052 0.286340
v 0.003355 0.072412 0.280376
v -0.007773 0.163851 0.286794
v -0.014516 0.071838 0.277116
v 0.007983 0.199727 0.287384
v 0.021759 0.175697 0.286029
v -0.007560 0.230406 0.285546
v -0.007809 0.059524 0.274789
v 0.007908 0.288474 0.283711
v -0.006137 0.295504 0.282845
v -0.006450 0.335128 0.280238
v -0.017657 0.202535 0.283987
v -0.018959 0.124546 0.283178
v -0.018615 0.164889 0.284029
v 0.008109 0.321466 0.281134
v -0.016006 0.346706 0.277641
v -0.017877 0.293150 0.280301
v -0.005914 0.363362 0.278100
v -0.013514 0.376652 0.275950
v -0.004086 0.376050 0.277576
v 0.006286 0.352288 0.277333
v 0.007204 0.372754 0.275977
v -0.022999 0.105364 0.279999
v -0.020379 0.082739 0.277771
v 0.022160 0.212933 0.285148
v 0.022118 0.298637 0.281223
v -0.025404 0.157611 0.281178
v 0.039813 -0.030303 0.274493
v 0.031635 -0.022347 0.270770
v 0.020605 -0.036774 0.272722
v 0.024790 -0.050094 0.277486
v 0.023021 -0.070070 0.281215
v 0.006077 -0.073555 0.281552
v 0.005764 -0.089330 0.284834
v 0.019082 -0.097606 0.284682
v 0.002371 -0.120821 0.288972
v -0.010532 -0.098001 0.285611
v -0.012010 -0.129624 0.289803
v -0.012881 -0.159865 0.291299
v -0.025061 -0.162786 0.289982
v -0.013679 -0.202304 0.291100
v -0.027028 -0.196646 0.289652
v -0.023020 -0.206447 0.289745
v -0.021024 -0.263987 0.285004
v -0.012969 -0.246800 0.287215
v -0.011349 -0.290902 0.282435
v -0.026869 -0.298844 0.280075
v -0.021647 -0.313286 0.280746
v -0.008253 -0.309355 0.281626
v -0.022776 -0.328112 0.281677
v -0.011218 -0.337595 0.282963
v 0.002833 -0.190357 0.290093
v 0.003813 -0.157029 0.290180
v -0.020738 -0.343448 0.283424
v 0.001795 -0.220447 0.288563
v -0.000395 -0.263626 0.284112
v -0.026967 -0.256852 0.284629
v 0.001324 -0.295486 0.280817
v 0.001397 -0.324775 0.281044
v 0.011472 -0.300064 0.278846
v -0.003043 -0.354367 0.283880
v -0.026117 -0.132162 0.287374
v -0.015059 -0.371438 0.288547
v -0.023366 -0.107708 0.284742
v 0.019575 -0.127105 0.286616
v -0.026884 -0.344623 0.282138
v -0.024012 -0.378541 0.288755
v -0.013785 -0.410976 0.296606
v -0.023288 -0.410648 0.295090
v -0.014305 -0.435209 0.298894
v -0.001766 -0.421931 0.297336
v 0.000806 -0.436401 0.298186
v 0.000674 -0.446660 0.297643
v -0.016979 -0.445874 0.297888
v -0.028946 -0.430418 0.295012
v -0.002205 -0.403917 0.294050
v -0.001248 -0.459500 0.295042
v -0.013228 -0.458976 0.295393
v 0.036488 -0.060046 0.277851
v -0.002397 -0.382662 0.289185
v 0.016064 -0.184375 0.287517
v 0.015420 -0.219229 0.285938
v 0.012173 -0.247897 0.283658
v 0.037077 -0.073534 0.278052
v 0.025446 -0.288221 0.276117
v 0.020628 -0.325244 0.276541
v 0.014667 -0.348374 0.278711
v 0.036603 0.124896 0.282041
v 0.018209 -0.048835 0.276215
v -0.008027 -0.074331 0.279486
v 0.023202 0.322259 0.277459
v 0.011511 -0.421156 0.293898
v 0.037362 0.099977 0.280425
v -0.030502 -0.398247 0.290575
v -0.034739 -0.419873 0.291370
v 0.004331 -0.360395 0.282963
v 0.036161 0.164517 0.282099
v 0.024640 -0.207721 0.283964
v 0.029090 -0.260710 0.277827
v 0.036200 -0.293969 0.272489
v 0.032072 -0.325604 0.272910
v 0.034608 0.224392 0.280793
v -0.029542 -0.444524 0.293583
v -0.032581 -0.239230 0.284116
v 0.018195 -0.435285 0.292747
v 0.013435 -0.448573 0.293507
v -0.021874 -0.083374 0.278681
v -0.037149 -0.169636 0.285508
v 0.028619 -0.349119 0.274011
v 0.030361 -0.364566 0.273609
v 0.028922 -0.150119 0.283513
v 0.012919 -0.405903 0.290079
v 0.050588 -0.033267 0.270757
v 0.017816 0.375411 0.273026
v 0.016870 0.358656 0.272070
v -0.024765 -0.457996 0.292555
v 0.034921 0.298385 0.276488
v 0.033741 0.320715 0.273814
v -0.037656 -0.150215 0.284101
v -0.033025 -0.129323 0.284334
v 0.032924 -0.138214 0.281800
v 0.050984 0.046622 0.269671
v 0.029878 -0.378470 0.275333
v 0.018238 -0.392233 0.283968
v 0.037113 -0.256165 0.275137
v 0.047418 0.076592 0.273592
v 0.039490 0.236387 0.278096
v 0.019561 0.344620 0.273505
v 0.004094 -0.049243 0.272351
v -0.032338 -0.358301 0.282021
v -0.035284 -0.380147 0.284467
v -0.031430 -0.096297 0.278663
v -0.032388 -0.306311 0.277512
v -0.034682 -0.261361 0.280538
v -0.033951 -0.337273 0.277542
v -0.037438 -0.197858 0.284837
v 0.045983 0.333420 0.265693
v 0.014324 -0.461673 0.289111
v 0.036881 -0.218621 0.277559
v 0.027066 -0.419941 0.286492
v 0.039704 -0.333626 0.268753
v 0.040955 -0.364654 0.267991
v 0.029111 0.356051 0.265745
v 0.047847 0.345974 0.262456
v 0.048376 0.357387 0.261309
v 0.046110 0.368366 0.264381
v 0.046435 0.378431 0.267657
v 0.056299 0.358905 0.257275
v 0.046013 0.117306 0.276799
v 0.044468 -0.083463 0.273384
v 0.028749 -0.393344 0.278961
v 0.030009 -0.406016 0.281647
v 0.025841 -0.446775 0.287333
v 0.046424 0.301005 0.270028
v -0.011768 -0.472854 0.288502
v 0.046091 0.171324 0.276348
v 0.056096 0.339277 0.258074
v 0.056781 0.372607 0.259114
v 0.045795 -0.294626 0.266817
v 0.044560 -0.383075 0.266797
v 0.039027 -0.399877 0.273593
v 0.049116 0.399162 0.274290
v 0.034821 -0.429501 0.281815
v 0.001510 -0.474598 0.286159
v 0.041382 -0.133394 0.275965
v 0.038241 -0.180246 0.277253
v 0.048323 0.255266 0.271298
v -0.034721 -0.073935 0.268772
v -0.046496 -0.061918 0.258210
v -0.025672 -0.470370 0.285945
v 0.043376 -0.233508 0.272314
v 0.046557 -0.260436 0.268207
v 0.057486 0.019224 0.265525
v -0.039279 -0.106525 0.276128
v -0.043118 -0.430142 0.285506
v -0.039431 -0.443876 0.286989
v 0.056704 0.389474 0.264545
v 0.023618 -0.460128 0.283876
v -0.043787 -0.404782 0.282672
v -0.051044 -0.065832 0.254281
v -0.042423 -0.090842 0.269787
v 0.060099 -0.001408 0.263363
v -0.047036 -0.073901 0.260081
v -0.042753 -0.213184 0.279084
v -0.045327 -0.419211 0.283059
v -0.044240 -0.133472 0.276171
v 0.044831 -0.333740 0.264555
v 0.051754 0.065178 0.269410
v 0.049509 -0.361025 0.260490
v 0.049857 0.416462 0.281303
v 0.050389 0.428198 0.283735
v 0.048969 0.440924 0.284776
v 0.042114 0.456833 0.285395
v -0.044698 -0.164000 0.279139
v -0.039596 -0.458150 0.281881
v -0.044039 -0.191865 0.279474
v -0.040191 -0.254330 0.276756
v -0.038724 -0.292805 0.273536
v -0.040855 -0.317508 0.270559
v -0.039908 -0.328630 0.271963
v -0.042625 -0.346222 0.271628
v -0.048633 -0.378238 0.272580
v 0.016108 -0.472713 0.280561
v 0.036089 -0.445451 0.278671
v -0.012666 -0.482170 0.280644
v -0.000341 -0.482125 0.279809
v 0.054809 0.307769 0.261866
v 0.045181 -0.412483 0.269269
v 0.030172 -0.460286 0.278474
v -0.025478 -0.479151 0.278560
v 0.052244 0.240052 0.268168
v 0.054133 -0.038043 0.266944
v -0.036851 -0.469230 0.277336
v 0.013874 -0.482014 0.272554
v -0.024850 -0.486342 0.270437
v -0.012860 -0.491346 0.269051
v -0.000167 -0.489225 0.270952
v -0.022156 -0.494229 0.257862
v -0.012440 -0.496871 0.257369
v -0.007058 -0.500426 -0.237873
v -0.019480 -0.499743 -0.221288
v -0.021864 -0.499986 -0.237803
v -0.007498 -0.499515 -0.219199
v -0.017920 -0.499180 -0.249201
v -0.005272 -0.498895 -0.249450
v -0.019554 -0.496721 -0.208367
v -0.027348 -0.496561 -0.249311
v -0.033923 -0.494571 -0.223686
v -0.031567 -0.492556 -0.210779
v -0.032630 -0.495772 -0.236567
v -0.018183 -0.495115 -0.261007
v -0.008275 -0.494798 -0.261702
v -0.041217 -0.487945 -0.249672
v -0.030630 -0.488610 -0.264745
v -0.042837 -0.488538 -0.235660
v -0.044030 -0.486325 -0.222901
v -0.040274 -0.485579 -0.210092
v -0.025150 -0.490356 -0.198728
v -0.017033 -0.492696 -0.198279
v -0.005678 -0.494707 -0.205083
v -0.033072 -0.485300 -0.198818
v -0.050702 -0.479693 -0.234466
v -0.017565 -0.484093 -0.187177
v -0.054854 -0.471591 -0.218947
v -0.053605 -0.472750 -0.247252
v -0.039745 -0.480673 -0.264381
v -0.056633 -0.470946 -0.233329
v -0.050290 -0.471628 -0.209683
v -0.027926 -0.482205 -0.191167
v -0.043298 -0.474052 -0.200439
v -0.046236 -0.473350 -0.263284
v -0.017863 -0.487473 -0.272045
v -0.035751 -0.475258 -0.273968
v -0.021450 -0.480435 -0.278037
v 0.007799 -0.496203 -0.236535
v -0.006898 -0.488077 -0.270998
v 0.006807 -0.495393 -0.223948
v 0.006269 -0.490340 -0.263269
v 0.018097 -0.489048 -0.251844
v -0.008182 -0.486086 -0.190422
v -0.031068 -0.470453 -0.280514
v 0.023592 -0.481486 -0.263906
v 0.003718 -0.481774 -0.274701
v 0.023656 -0.473528 -0.275134
v 0.023532 -0.485858 -0.237300
v 0.006593 -0.487505 -0.203768
v 0.016175 -0.487737 -0.219814
v 0.031370 -0.478371 -0.250174
v 0.031771 -0.474049 -0.266494
v 0.004774 -0.481726 -0.195188
v 0.035996 -0.460262 -0.277503
v 0.008724 0.496460 0.259710
v 0.009323 0.499174 0.248602
v -0.004153 0.498299 0.247596
v -0.003739 0.495135 0.260647
v 0.008805 0.491600 0.269289
v -0.005279 0.489479 0.270651
v -0.013091 0.492027 0.259295
v -0.018262 0.492199 0.248633
v -0.017763 0.484048 0.269170
v -0.023947 0.485144 0.259249
v -0.004318 0.483438 0.278290
v -0.015070 0.478263 0.277448
v 0.008929 0.484966 0.277985
v 0.018785 0.486297 0.274318
v 0.022174 0.492847 0.261187
v 0.010454 0.476395 0.285364
v -0.001937 0.475756 0.285245
v -0.014177 0.469699 0.284226
v 0.023718 0.471202 0.286387
v 0.010543 0.465289 0.291944
v 0.030882 0.482729 0.271726
v 0.024363 0.495163 0.250044
v 0.033506 0.486597 0.262129
v 0.032665 0.468010 0.284503
v -0.002652 0.465022 0.290871
v 0.041578 0.470989 0.274976
v 0.024536 0.454390 0.294074
v 0.034668 0.454403 0.290790
v 0.041545 0.479464 0.261873
v 0.042114 0.456833 0.285395
v 0.038479 0.486234 0.250059
v 0.009350 0.499424 0.238194
v 0.018918 0.497211 0.236161
v -0.005217 0.498201 0.237446
v 0.046514 0.470901 0.266277
v 0.031699 0.490891 0.236413
v 0.049400 0.454487 0.277946
v 0.008037 0.496760 0.226160
v -0.004835 0.495438 0.225709
v 0.023647 0.491402 0.223529
v -0.019509 0.491332 0.236545
v 0.040978 0.482049 0.236405
v -0.029473 0.483206 0.248506
v 0.008217 0.491234 0.215398
v 0.037812 0.481204 0.225972
v 0.031670 0.482619 0.218372
v -0.019160 0.487172 0.222348
v -0.006170 0.487667 0.211981
v 0.021034 0.484497 0.211497
v 0.000785 -0.497904 0.246505
v -0.013649 -0.499626 0.245009
v -0.004147 -0.498417 0.234204
v -0.015433 -0.498672 0.235324
v -0.000640 -0.495944 0.258085
v -0.012440 -0.496871 0.257369
v 0.010806 -0.493585 0.235576
v 0.013169 -0.492591 0.246773
v 0.000337 -0.494784 0.225029
v 0.018160 -0.486677 0.259280
v 0.013359 -0.486389 0.265731
v 0.026870 -0.482925 0.246681
v 0.026505 -0.482675 0.235290
v 0.013062 -0.488235 0.221686
v 0.021662 -0.481765 0.221271
v -0.008530 -0.495053 0.222396
v 0.034409 -0.471460 0.259041
v 0.035978 -0.472205 0.246484
v 0.029274 -0.473714 0.219885
v 0.035537 -0.471672 0.235052
v 0.028556 -0.472171 0.268939
v -0.000167 -0.489225 0.270952
v 0.013874 -0.482014 0.272554
v 0.043981 -0.458428 0.249273
v 0.043217 -0.456296 0.260037
v 0.035608 -0.464158 0.218439
v 0.021441 -0.475321 0.211650
v -0.002706 -0.488813 0.212577
v 0.009038 -0.479752 0.206684
v 0.030969 -0.456631 0.202717
v 0.015565 -0.471472 0.202308
v 0.042381 -0.443225 0.208233
v 0.035222 -0.440971 0.195539
v 0.020719 -0.455165 0.192919
v 0.046978 -0.428474 0.205464
v -0.001920 -0.476725 0.199784
v 0.023364 -0.441349 0.186518
v 0.009381 -0.458446 0.189469
v 0.041920 -0.420372 0.194105
v 0.033317 -0.422912 0.186504
v 0.036528 -0.458780 0.271396
v 0.030172 -0.460286 0.278474
v 0.038767 -0.405113 0.189049
v 0.016108 -0.472713 0.280561
v -0.016052 -0.494664 0.223153
v -0.012860 -0.491346 0.269051
v -0.022156 -0.494229 0.257862
v 0.039119 -0.000497 0.086887
v 0.039088 -0.011066 0.121166
v 0.038929 -0.011127 0.080844
v 0.039644 -0.000192 0.118103
v 0.040176 -0.001032 0.055928
v 0.040322 -0.010864 0.033067
v 0.040934 -0.000404 0.033682
v 0.043283 -0.000199 -0.013005
v 0.042399 -0.010228 -0.012622
v 0.043034 -0.003191 -0.036802
v 0.041084 -0.011592 -0.058676
v 0.041831 -0.000284 -0.065220
v 0.037881 -0.012533 -0.088812
v 0.037671 -0.005217 -0.101474
v 0.036071 -0.009769 -0.119862
v 0.036639 -0.020662 0.122063
v 0.036718 -0.020861 0.071045
v 0.036811 -0.021247 0.034439
v 0.039182 -0.018475 -0.035403
v 0.037092 0.002131 -0.111864
v 0.036937 -0.012361 -0.146760
v 0.037666 -0.000117 -0.144333
v 0.040740 0.000470 -0.174863
v 0.038390 0.005702 -0.089843
v 0.041584 -0.010744 -0.183328
v 0.037203 -0.024753 -0.174026
v 0.044901 -0.002100 -0.197285
v 0.043391 -0.011409 0.141981
v 0.043987 0.001244 0.140367
v 0.032332 -0.020903 -0.131431
v 0.032720 -0.020091 -0.103532
v 0.038910 -0.019004 -0.003071
v 0.038969 -0.023447 0.138410
v 0.042328 -0.021157 -0.193598
v 0.046803 -0.016559 -0.208506
v 0.043885 -0.043672 -0.211657
v 0.041607 0.010604 -0.026205
v 0.035618 0.009248 -0.119571
v 0.036676 0.008481 -0.141131
v 0.037844 0.011576 -0.163401
v 0.040505 0.010522 -0.057507
v 0.042262 0.009748 -0.187175
v 0.039312 0.009136 0.028630
v 0.036799 0.009803 0.091399
v 0.037678 0.009753 0.112806
v 0.040213 0.012635 0.132495
v 0.040758 0.024094 -0.189985
v 0.046278 0.017301 -0.204824
v 0.049504 -0.011518 -0.216872
v 0.051436 0.016240 -0.224107
v 0.051637 -0.008498 -0.228739
v 0.053565 0.001619 -0.245065
v 0.052679 -0.005318 -0.239522
v 0.052147 -0.009398 -0.256330
v 0.051752 -0.025925 -0.241378
v 0.049922 -0.033204 -0.264758
v 0.051719 -0.003870 -0.272055
v 0.053032 0.010918 -0.256655
v 0.052679 0.031561 -0.239227
v 0.053288 0.025670 -0.255899
v 0.052746 0.027002 -0.271488
v 0.053333 0.034097 -0.261100
v 0.050494 -0.041206 -0.237092
v 0.049660 -0.054724 -0.250211
v 0.047930 -0.072066 -0.234342
v 0.047896 -0.076310 -0.254424
v 0.047172 -0.103591 -0.250937
v 0.052605 0.056416 -0.252837
v 0.051430 0.058631 -0.237771
v 0.052301 0.064268 -0.243820
v 0.049657 -0.034860 -0.227605
v 0.051107 0.047508 -0.230200
v 0.045954 -0.092306 -0.232709
v 0.045715 -0.112877 -0.235954
v 0.047693 -0.129768 -0.250696
v 0.046814 -0.126461 -0.270880
v 0.045712 -0.131034 -0.235412
v 0.045800 -0.097812 -0.270611
v 0.049354 -0.160327 -0.265252
v 0.049358 -0.177723 -0.248736
v 0.051849 -0.221674 -0.260749
v 0.049248 -0.206602 -0.239756
v 0.050016 -0.248881 -0.240198
v 0.051762 -0.252865 -0.254818
v 0.050580 -0.279786 -0.253618
v 0.048793 -0.289212 -0.239698
v 0.049447 -0.300754 -0.253756
v 0.048439 -0.335743 -0.252285
v 0.047092 -0.339909 -0.239449
v 0.050030 -0.375967 -0.253926
v 0.050985 0.081400 -0.242049
v 0.051989 0.092937 -0.255872
v 0.050522 0.102222 -0.242208
v 0.051856 0.074698 -0.269067
v 0.051562 0.096550 -0.267882
v 0.051711 0.113744 -0.252742
v 0.052129 0.047141 -0.273864
v 0.051678 0.125352 -0.267500
v 0.051829 0.064595 -0.282297
v 0.051724 0.038330 -0.278915
v 0.050707 0.120178 -0.240626
v 0.052668 0.139436 -0.253618
v 0.051246 0.137307 -0.239527
v 0.052460 0.148021 -0.267354
v 0.052464 0.147076 -0.245323
v 0.054893 0.194725 -0.256139
v 0.053606 0.178524 -0.240000
v 0.054995 0.218962 -0.244176
v 0.055951 0.220430 -0.258959
v 0.054582 0.237292 -0.239827
v 0.054953 0.254735 -0.242067
v 0.056623 0.256413 -0.260051
v 0.056294 0.270907 -0.254645
v 0.056660 0.282502 -0.254853
v 0.056118 0.285381 -0.265487
v 0.054147 0.181269 -0.266272
v 0.055222 0.211807 -0.269105
v 0.056053 0.242259 -0.266508
v 0.052361 0.168738 -0.232897
v 0.052470 0.192415 -0.228474
v 0.052324 0.223030 -0.224652
v 0.051532 0.247877 -0.218947
v 0.052365 0.274389 -0.225498
v 0.052793 0.298724 -0.235822
v 0.049951 0.294406 -0.215005
v 0.050731 0.040918 -0.229041
v 0.047580 0.044454 -0.218032
v 0.048146 -0.384781 -0.241240
v 0.050038 -0.422470 -0.254084
v 0.050202 -0.415042 -0.266551
v 0.049899 -0.394861 -0.266621
v 0.049145 -0.430351 -0.266796
v 0.047265 -0.412349 -0.236951
v 0.046759 -0.446286 -0.251376
v 0.051052 -0.252316 -0.262908
v 0.048963 0.088642 -0.231396
v 0.050320 0.088380 -0.276902
v 0.046993 -0.432704 -0.240071
v 0.051551 0.050068 -0.280471
v 0.047950 -0.351664 -0.262682
v 0.047413 -0.330266 -0.261702
v 0.051162 -0.214123 -0.264960
v 0.045755 -0.074448 -0.273739
v 0.058166 0.298600 -0.256553
v 0.061528 0.341461 -0.266008
v 0.061599 0.348773 -0.255438
v 0.061984 0.373723 -0.256515
v 0.062413 0.372839 -0.264619
v 0.059296 0.318197 -0.252697
v 0.061021 0.396630 -0.261100
v 0.059777 0.419056 -0.255417
v 0.059763 0.423645 -0.267997
v 0.057742 0.440868 -0.266843
v 0.057261 0.439481 -0.254531
v 0.048613 0.319306 -0.221679
v 0.047660 0.321079 -0.209131
v 0.047598 -0.306001 -0.262248
v 0.060321 0.398116 -0.267050
v 0.060942 0.376060 -0.268843
v 0.049537 0.149658 -0.225630
v 0.047367 0.111097 -0.228174
v 0.046105 -0.059819 -0.277217
v 0.048325 -0.046554 -0.269408
v 0.044792 -0.447289 -0.239314
v 0.041489 -0.097596 -0.216999
v 0.044494 -0.067245 -0.218952
v 0.046194 -0.446752 -0.266136
v 0.056525 0.432829 -0.245847
v 0.049387 -0.014226 -0.279732
v 0.046042 0.077163 -0.219455
v 0.042586 -0.160248 -0.217952
v 0.040526 -0.125640 -0.214038
v 0.056467 0.392513 -0.236238
v 0.056557 0.409507 -0.238728
v 0.052450 0.394844 -0.214587
v 0.056930 0.373613 -0.237099
v 0.052219 0.376698 -0.210467
v 0.052921 0.355591 -0.219286
v 0.054750 0.340208 -0.236019
v 0.050965 0.359930 -0.208913
v 0.047710 0.329482 -0.206651
v 0.055247 0.295311 -0.245090
v 0.049841 0.207390 -0.216149
v 0.050051 0.121587 -0.274216
v 0.048362 0.171658 -0.216070
v 0.050423 0.007948 -0.282141
v 0.050675 0.022829 -0.283404
v 0.047143 0.060212 -0.220373
v 0.048354 0.280037 -0.207909
v 0.048164 0.299454 -0.208446
v 0.049622 0.424907 -0.214592
v 0.052161 0.428217 -0.228187
v 0.049560 0.321424 -0.225144
v 0.048247 0.244787 -0.208203
v 0.042437 -0.195329 -0.214916
v 0.043910 -0.370718 -0.226462
v 0.043770 -0.339329 -0.226596
v 0.043513 -0.295922 -0.221435
v 0.052694 0.169500 -0.270806
v 0.043931 -0.240384 -0.219136
v 0.046257 0.417905 -0.199267
v 0.037372 -0.138090 -0.201788
v 0.038427 -0.098491 -0.208763
v 0.035349 -0.076613 -0.201095
v 0.034792 -0.060497 -0.197882
v 0.037520 -0.164548 -0.200713
v 0.048909 0.392859 -0.201862
v 0.053231 0.458595 -0.265382
v 0.053902 0.455443 -0.254294
v 0.050642 0.454694 -0.236674
v 0.039691 -0.425726 -0.214773
v 0.039102 -0.386980 -0.211710
v 0.039151 -0.341057 -0.212549
v 0.046865 0.440125 -0.214542
v 0.044504 0.326306 -0.199759
v 0.038761 -0.446924 -0.218802
v 0.045064 0.135622 -0.215840
v 0.041802 0.115977 -0.211665
v 0.042549 0.092436 -0.214633
v 0.044994 -0.043181 -0.282752
v 0.047173 0.354277 -0.201360
v 0.043037 0.039110 -0.204480
v 0.043180 -0.107672 -0.279103
v 0.049100 0.048692 -0.285357
v 0.037514 -0.196754 -0.201517
v 0.038661 -0.238421 -0.205671
v 0.037406 -0.285958 -0.205110
v 0.046306 0.186538 -0.208853
v 0.056572 0.433083 -0.275813
v 0.041402 -0.462349 -0.251300
v 0.040052 -0.462003 -0.237360
v 0.045384 0.471764 -0.233964
v 0.043279 0.454033 -0.213806
v 0.053091 0.212889 -0.276478
v 0.047248 -0.161442 -0.272584
v 0.033581 0.017746 -0.140405
v 0.036294 0.019782 -0.167245
v 0.035649 0.036053 -0.183640
v 0.035652 -0.460822 -0.220575
v 0.033965 -0.038991 -0.181553
v 0.047485 0.472935 -0.249805
v 0.034697 -0.097291 -0.199601
v 0.045330 0.017094 0.152223
v 0.040973 -0.460688 -0.267627
v 0.040370 0.437486 -0.195208
v 0.034638 -0.378062 -0.201117
v 0.034955 -0.330591 -0.202473
v 0.045791 -0.431563 -0.276970
v 0.033499 -0.413546 -0.199462
v 0.043543 -0.444761 -0.276807
v 0.031954 -0.030155 -0.159259
v 0.033529 -0.133759 -0.193339
v 0.046781 -0.417790 -0.276160
v 0.038055 -0.046503 -0.198277
v 0.038730 0.057667 -0.201429
v 0.043940 0.303809 -0.199359
v 0.040853 0.160199 -0.202743
v 0.048763 0.154021 -0.277468
v 0.044647 0.268170 -0.200245
v 0.032471 -0.429156 -0.199969
v 0.033048 0.014664 -0.115643
v 0.048949 0.086015 -0.281661
v 0.046880 0.104953 -0.282031
v 0.043539 0.232474 -0.199656
v 0.040762 0.191894 -0.198777
v 0.033675 0.016217 -0.093993
v 0.044444 -0.151432 -0.277889
v 0.050429 0.457906 -0.275534
v 0.048662 -0.243449 -0.269351
v 0.060700 0.339870 -0.267978
v 0.053546 0.300336 -0.270290
v 0.048266 0.277575 -0.273880
v 0.031075 -0.445947 -0.202684
v 0.037652 0.474262 -0.215491
v 0.032920 -0.165976 -0.191792
v 0.028470 -0.048297 -0.178635
v 0.041060 -0.072846 -0.285119
v 0.049581 -0.000907 0.154639
v 0.050453 0.012402 0.160903
v 0.045180 -0.022182 0.155051
v 0.048085 -0.204322 -0.271908
v 0.033827 0.050827 -0.190075
v 0.048183 0.127224 -0.278457
v 0.035586 0.092912 -0.201194
v 0.036616 0.125875 -0.200936
v 0.037774 0.079818 -0.203710
v 0.056247 -0.006981 0.170642
v 0.061980 0.015147 0.184606
v 0.056699 0.395123 -0.272563
v 0.035923 -0.021822 -0.057565
v 0.033688 -0.474286 -0.237647
v 0.041062 0.482246 -0.238030
v 0.040691 0.425525 -0.191193
v 0.029700 0.033139 -0.163296
v 0.031482 0.026521 -0.157675
v 0.046329 -0.390357 -0.272766
v 0.032040 -0.029471 0.083940
v 0.032160 -0.029339 0.059108
v 0.032586 -0.028814 0.111951
v 0.029788 -0.035037 0.127218
v 0.035900 0.015022 0.041046
v 0.036153 0.018224 0.001874
v 0.030560 -0.472362 -0.222302
v 0.045242 -0.022129 -0.286583
v 0.046289 -0.001524 -0.288468
v 0.030105 -0.397423 -0.193552
v 0.031167 -0.367165 -0.195769
v 0.032175 -0.325437 -0.197594
v 0.035884 0.457998 -0.200836
v 0.032654 -0.268809 -0.196716
v 0.032609 -0.204827 -0.194016
v 0.034913 0.485102 -0.220837
v 0.051330 0.233881 -0.277092
v 0.053792 0.249893 -0.271941
v 0.053454 0.265189 -0.270456
v 0.065558 -0.002837 0.189517
v 0.070962 0.016137 0.204462
v 0.071036 -0.006277 0.204912
v 0.073118 0.014261 0.218168
v 0.073224 -0.001560 0.217922
v 0.071321 -0.000485 0.236076
v 0.071725 0.015672 0.232071
v 0.069679 -0.019843 0.231657
v 0.070557 -0.019920 0.218751
v 0.069671 0.029855 0.232098
v 0.069546 0.036376 0.218628
v 0.068626 0.031883 0.206867
v 0.068228 -0.015739 0.240353
v 0.066247 -0.035484 0.218632
v 0.064755 -0.039961 0.235065
v 0.060056 -0.046483 0.252879
v 0.063354 0.056554 0.232210
v 0.059996 -0.059842 0.237460
v 0.057068 -0.070453 0.252042
v 0.057289 -0.075457 0.236574
v 0.053647 -0.108004 0.250229
v 0.054191 -0.101977 0.231508
v 0.057055 -0.068759 0.221833
v 0.061074 -0.051356 0.219459
v 0.049822 -0.131574 0.236173
v 0.051365 -0.130285 0.251999
v 0.050643 -0.125112 0.262057
v 0.049285 -0.153428 0.262464
v 0.049289 -0.155450 0.246708
v 0.049772 -0.178701 0.252098
v 0.048548 -0.174675 0.239503
v 0.048949 -0.175339 0.260994
v 0.050679 -0.211558 0.260765
v 0.049846 -0.202045 0.226512
v 0.052931 -0.227778 0.249850
v 0.049791 -0.221480 0.223337
v 0.052050 -0.254204 0.233067
v 0.053354 -0.257953 0.250717
v 0.052622 -0.277053 0.237005
v 0.052533 -0.293979 0.248900
v 0.052242 -0.299762 0.236800
v 0.052729 -0.333744 0.246928
v 0.052324 -0.326636 0.233906
v 0.053650 -0.347993 0.233841
v 0.056628 -0.383537 0.233632
v 0.054305 -0.357493 0.247396
v 0.056299 -0.393134 0.247173
v 0.055624 -0.412450 0.246889
v 0.056001 -0.411569 0.232396
v 0.055237 -0.401733 0.220795
v 0.053047 -0.429546 0.235501
v 0.052959 -0.429460 0.249657
v 0.047248 -0.146140 0.231238
v 0.044509 -0.163562 0.221156
v 0.054287 -0.381529 0.219240
v 0.051893 -0.349272 0.223199
v 0.052710 -0.423872 0.220116
v 0.049987 -0.322989 0.222089
v 0.053872 -0.079846 0.260354
v 0.049322 -0.289303 0.222420
v 0.049172 -0.252335 0.220056
v 0.047635 -0.210164 0.214182
v 0.047742 -0.186141 0.214959
v 0.048394 -0.182296 0.233560
v 0.051462 -0.257996 0.260614
v 0.050085 -0.303131 0.259609
v 0.043587 -0.164821 0.210141
v 0.043454 -0.155033 0.220544
v 0.052066 -0.105605 0.222404
v 0.047461 -0.127787 0.223962
v 0.049428 -0.443922 0.250442
v 0.050184 -0.416285 0.206671
v 0.051699 -0.399412 0.207961
v 0.053552 -0.374984 0.254080
v 0.049690 -0.335371 0.258283
v 0.048554 -0.444704 0.235913
v 0.059727 -0.030240 0.259559
v 0.061445 0.065116 0.219847
v 0.060336 0.074093 0.237310
v 0.058483 0.080911 0.219631
v 0.059392 0.096722 0.233248
v 0.059102 0.094769 0.246933
v 0.060122 0.162024 0.234576
v 0.059383 0.160463 0.250022
v 0.060678 0.246496 0.247380
v 0.061538 0.255372 0.234601
v 0.062482 0.302625 0.232886
v 0.062096 0.324037 0.244767
v 0.062830 0.365014 0.244893
v 0.063460 0.376126 0.232904
v 0.062793 0.401646 0.247632
v 0.062788 0.403375 0.232749
v 0.057818 0.127648 0.220079
v 0.061292 0.322478 0.220091
v 0.061947 0.378708 0.219966
v 0.059552 0.251920 0.221365
v 0.061231 0.404462 0.218263
v 0.060049 0.429494 0.251139
v 0.058842 0.070108 0.253233
v 0.062631 0.052656 0.242873
v 0.062487 0.045912 0.248923
v 0.057040 0.129307 0.259791
v 0.060331 0.424426 0.235987
v 0.059419 0.422516 0.264425
v 0.061695 0.396257 0.255201
v 0.058430 0.433612 0.262811
v 0.058545 0.421238 0.216963
v 0.056419 0.442252 0.234616
v 0.054110 0.455942 0.252366
v 0.053335 0.456017 0.264861
v 0.058424 0.404907 0.208075
v 0.058392 0.371731 0.209701
v 0.056727 0.066079 0.261440
v 0.058136 0.297593 0.257496
v 0.054070 0.438445 0.215979
v 0.051681 0.458267 0.233254
v 0.054574 0.439922 0.274366
v 0.065353 -0.022572 0.198081
v 0.063421 -0.035588 0.205913
v 0.054098 -0.021380 0.173917
v 0.054949 0.422637 0.205242
v 0.066226 0.020670 0.249971
v 0.049326 -0.434177 0.261431
v 0.051202 -0.417326 0.260085
v 0.052788 -0.401557 0.257556
v 0.039606 -0.150451 0.208503
v 0.043105 -0.146293 0.220590
v 0.041385 -0.165206 0.197082
v 0.042433 -0.178250 0.202916
v 0.043183 -0.190836 0.205428
v 0.038854 -0.147409 0.197204
v 0.036588 -0.138407 0.208238
v 0.042465 -0.134371 0.217092
v 0.038632 -0.153177 0.192727
v 0.046881 -0.440926 0.218007
v 0.064465 0.046383 0.206313
v 0.059515 0.353721 0.252280
v 0.061206 0.378430 0.252860
v 0.057896 0.324765 0.210512
v 0.056033 0.240691 0.212527
v 0.054143 0.118854 0.210014
v 0.065959 -0.004124 0.251900
v 0.054282 0.094190 0.208772
v 0.055354 0.076024 0.206837
v 0.038888 -0.189774 0.193605
v 0.041756 -0.203150 0.203482
v 0.031974 -0.125575 0.203708
v 0.055035 0.427472 0.276602
v 0.049636 -0.377408 0.207366
v 0.046866 -0.344067 0.210633
v 0.051966 -0.073507 0.209464
v 0.056628 0.410773 0.271136
v 0.044671 -0.255621 0.208722
v 0.044888 -0.230208 0.208653
v 0.046919 -0.296603 0.216053
v 0.054744 -0.061340 0.208652
v 0.037397 -0.216378 0.194983
v 0.047581 0.473463 0.250123
v 0.035007 -0.138180 0.193131
v 0.057762 0.045289 0.261928
v 0.045149 -0.321643 0.210774
v 0.046368 0.472026 0.233296
v 0.036118 -0.235149 0.194190
v 0.064689 0.030633 0.195838
v 0.040874 -0.461282 0.232123
v 0.044072 -0.444766 0.268192
v 0.056780 0.244275 0.260592
v 0.049400 0.454487 0.277946
v 0.047224 -0.110411 0.213666
v 0.042748 -0.292816 0.207682
v 0.060935 0.017418 0.261747
v 0.050907 0.096391 0.202249
v 0.048201 -0.121052 0.267707
v 0.054038 0.407462 0.199680
v 0.046514 0.470901 0.266277
v 0.050491 0.121205 0.203220
v 0.053388 0.236460 0.207641
v 0.052383 0.138746 0.269638
v 0.054177 0.088308 0.265670
v 0.046216 0.454361 0.210595
v 0.048924 0.179015 -0.278660
v 0.054148 0.309345 0.205214
v 0.045871 -0.401605 0.196941
v 0.045278 -0.186613 0.269611
v 0.045037 -0.152475 0.271217
v 0.048936 0.436936 0.201771
v 0.046974 -0.218442 0.268511
v 0.055061 0.019275 0.174054
v 0.050872 -0.078871 0.266516
v 0.048961 -0.057139 0.194117
v 0.041599 -0.043756 -0.287594
v 0.056265 -0.040406 0.192515
v 0.045400 -0.182211 -0.275608
v 0.060099 -0.001408 0.263363
v 0.044269 -0.118333 0.213776
v 0.045519 0.473899 -0.263331
v 0.046107 0.016204 -0.290704
v 0.034851 -0.247180 0.191171
v 0.035352 0.018787 -0.064876
v 0.049962 0.079146 0.197763
v 0.047685 0.075764 -0.286792
v 0.034039 0.020980 0.122878
v 0.032244 0.018634 0.102790
v 0.035881 0.026534 0.139982
v 0.031212 0.020235 0.075820
v 0.036224 0.020145 -0.031279
v 0.035674 -0.034934 0.147146
v 0.048969 0.440924 0.284776
v 0.049509 -0.361025 0.260490
v 0.050030 -0.392615 0.261928
v 0.053910 0.064597 0.197461
v 0.058470 0.047402 0.194717
v 0.041535 -0.126511 -0.282298
v 0.056704 0.389474 0.264545
v 0.056781 0.372607 0.259114
v 0.044603 -0.376318 0.199106
v 0.040628 -0.103466 -0.283189
v 0.043818 -0.355693 0.203028
v 0.040612 -0.323985 0.203439
v 0.042854 -0.433010 0.272992
v 0.045181 -0.412483 0.269269
v 0.051754 0.065178 0.269410
v 0.040978 0.482049 0.236405
v 0.026279 -0.039779 -0.162349
v 0.031370 -0.478371 -0.250174
v 0.028315 0.023307 -0.127571
v 0.031898 -0.028789 0.025730
v 0.044380 -0.039462 0.170490
v 0.026070 -0.037741 0.100434
v 0.034906 -0.257100 0.193480
v 0.038913 0.032179 0.153569
v 0.052244 0.240052 0.268168
v 0.054809 0.307769 0.261866
v 0.056096 0.339277 0.258074
v 0.056299 0.358905 0.257275
v 0.046431 0.063318 -0.290565
v 0.049446 0.049447 0.182116
v 0.043848 0.039648 0.168312
v 0.040247 0.413884 -0.188671
v 0.042222 0.400859 -0.191801
v 0.027302 0.049499 -0.178629
v 0.043124 -0.305716 -0.269106
v 0.046238 -0.253549 -0.271594
v 0.054133 -0.038043 0.266944
v 0.053547 0.371180 0.202816
v 0.039947 0.469237 0.213609
v 0.029782 0.019207 -0.108430
v 0.024005 -0.460666 -0.199060
v 0.036211 -0.131876 0.208947
v 0.046557 -0.260436 0.268207
v 0.045795 -0.294626 0.266817
v 0.048626 -0.323036 0.260377
v 0.044831 -0.333740 0.264555
v 0.050389 0.428198 0.283735
v 0.041462 0.481973 -0.251676
v 0.048504 0.423312 0.195657
v 0.035996 -0.460262 -0.277503
v 0.042368 -0.348267 -0.270191
v 0.041877 -0.327662 -0.269535
v 0.027530 -0.062377 -0.187226
v 0.027962 -0.029802 -0.141024
v 0.027928 -0.025232 -0.115315
v 0.027697 -0.035139 0.071272
v 0.031217 0.060779 -0.190657
v 0.031771 -0.474049 -0.266494
v 0.035084 -0.296391 0.197465
v 0.032405 -0.263669 0.190459
v 0.023346 -0.440397 -0.189592
v 0.041545 0.479464 0.261873
v 0.022804 0.032951 -0.144253
v 0.032323 -0.027849 -0.009167
v 0.028589 -0.123703 -0.187462
v 0.029256 -0.094160 -0.191463
v 0.027358 -0.076126 -0.189770
v 0.032073 -0.027597 -0.044798
v 0.021537 -0.473266 -0.205456
v 0.028108 -0.029159 -0.077889
v 0.031449 0.021520 0.036264
v 0.044528 0.375428 -0.197054
v 0.038479 0.486234 0.250059
v 0.037812 0.481204 0.225972
v 0.022023 -0.422082 -0.184726
v 0.028873 0.076834 -0.191516
v 0.049662 0.442487 -0.281997
v 0.044468 -0.083463 0.273384
v 0.035924 -0.325757 0.197579
v 0.034869 0.161772 -0.194742
v 0.033226 0.112272 -0.197733
v 0.036089 -0.445451 0.278671
v 0.049027 0.231870 0.202507
v 0.039617 0.272627 -0.193744
v 0.038782 0.302029 -0.192766
v 0.041045 0.338725 -0.195241
v 0.023034 -0.481675 -0.220598
v 0.043375 0.088990 -0.287846
v 0.029260 -0.261370 0.187484
v 0.035538 -0.351722 0.194578
v 0.039079 -0.374435 0.193219
v 0.026238 -0.036439 0.058490
v 0.025730 -0.035289 0.030039
v 0.045771 -0.207197 -0.274620
v 0.043141 0.470262 -0.273667
v 0.029497 -0.129653 0.193183
v 0.027676 -0.117327 0.198319
v 0.047743 0.201339 -0.281894
v 0.030772 0.454589 -0.191277
v 0.049857 0.416462 0.281303
v 0.027619 0.472601 -0.198690
v 0.042767 0.108709 0.194036
v 0.041578 0.470989 0.274976
v 0.028131 -0.265136 -0.191130
v 0.041933 0.084697 0.190786
v 0.027266 0.089257 -0.191362
v 0.023532 -0.485858 -0.237300
v 0.023584 -0.379211 -0.186326
v 0.026328 -0.340063 -0.191149
v 0.021447 -0.402365 -0.184072
v 0.028485 0.485516 -0.210789
v 0.036647 0.243420 -0.191124
v 0.033583 0.426224 -0.182709
v 0.031475 0.438292 -0.183793
v 0.041382 -0.133394 0.275965
v 0.036972 -0.391416 0.188280
v 0.046013 0.117306 0.276799
v 0.043249 -0.003539 -0.291378
v 0.039355 0.453481 0.200508
v 0.050984 0.046622 0.269671
v 0.057486 0.019224 0.265525
v 0.048136 0.318014 0.198421
v 0.046091 0.171324 0.276348
v 0.027480 -0.184398 -0.186766
v 0.029549 -0.209274 -0.190782
v 0.043396 0.048746 -0.291553
v 0.040606 -0.098987 0.203411
v 0.040080 -0.075444 0.195334
v 0.034459 -0.065986 0.182558
v 0.043376 -0.233508 0.272314
v 0.043036 0.065296 0.183428
v 0.034821 -0.429501 0.281815
v 0.035547 0.047996 0.163954
v 0.026674 -0.043771 0.143799
v 0.032946 -0.044183 0.156227
v 0.039629 -0.053702 0.177434
v 0.033320 0.037891 0.151682
v 0.038241 -0.180246 0.277253
v 0.044560 -0.383075 0.266797
v 0.024425 -0.035279 0.009500
v 0.024541 -0.034244 -0.039214
v 0.042114 0.456833 0.285395
v 0.023071 -0.041701 0.126749
v 0.019981 -0.065487 -0.179877
v 0.019328 -0.056133 -0.173285
v 0.015658 -0.045542 -0.157226
v 0.016615 -0.446534 -0.184771
v 0.015570 -0.460919 -0.189778
v 0.027755 -0.049774 0.156340
v 0.031670 0.482619 0.218372
v 0.021471 0.043784 -0.163587
v 0.017505 0.058914 -0.174145
v 0.016175 -0.487737 -0.219814
v 0.021296 0.484444 -0.201105
v 0.031699 0.490891 0.236413
v 0.006593 -0.487505 -0.203768
v 0.005977 -0.475033 -0.190004
v 0.032987 0.473464 0.209656
v 0.027669 -0.061425 0.171967
v 0.004774 -0.481726 -0.195188
v 0.005491 0.500271 -0.231582
v -0.000061 0.498897 -0.244460
v -0.013932 0.499177 -0.234431
v -0.009615 0.499413 -0.217814
v 0.003961 0.499498 -0.217526
v -0.011136 0.496710 -0.250517
v 0.015368 0.496866 -0.244275
v 0.023265 0.495993 -0.233673
v 0.017439 0.493630 -0.253958
v 0.002083 0.493458 -0.260045
v 0.018408 0.496209 -0.218914
v 0.033021 0.489781 -0.247952
v 0.035841 0.483522 -0.261574
v 0.018869 0.487453 -0.265846
v 0.033579 0.490010 -0.235658
v 0.000029 0.488091 -0.269130
v -0.013434 0.488427 -0.266365
v 0.022738 0.479963 -0.274386
v 0.034775 0.474075 -0.275325
v 0.000403 0.481791 -0.276321
v 0.043141 0.470262 -0.273667
v 0.041462 0.481973 -0.251676
v -0.012936 0.480881 -0.275531
v -0.021748 0.490095 -0.256716
v -0.025373 0.492420 -0.246224
v 0.045519 0.473899 -0.263331
v 0.014555 0.471554 -0.282571
v 0.028908 0.491300 -0.222392
v 0.009001 0.496320 -0.209517
v -0.008333 0.496437 -0.204896
v -0.022283 0.495454 -0.218632
v -0.025923 0.494232 -0.232254
v -0.024978 0.482489 -0.266063
v 0.002556 0.492430 -0.197861
v 0.020000 0.491631 -0.209094
v -0.021965 0.492260 -0.207948
v 0.041062 0.482246 -0.238030
v -0.009916 0.492362 -0.197329
v 0.034913 0.485102 -0.220837
v 0.028485 0.485516 -0.210789
v -0.033734 0.484874 -0.248792
v -0.035913 0.486181 -0.233364
v -0.034478 0.485985 -0.218357
v -0.031198 0.485460 -0.209169
v -0.023736 0.470807 -0.278016
v 0.009364 0.485042 -0.192488
v 0.000200 0.484871 -0.188403
v -0.006520 0.483899 -0.186601
v -0.024451 0.485181 -0.198880
v 0.021296 0.484444 -0.201105
v -0.017899 0.483331 -0.191636
vn -0.0902 0.3023 -0.9489
vn 0.0353 0.0962 -0.9947
vn -0.1760 0.1810 -0.9676
vn -0.0964 0.0191 -0.9952
vn 0.1138 -0.0075 -0.9935
vn 0.0573 -0.0372 -0.9977
vn -0.3349 0.1393 -0.9319
vn 0.0680 -0.0792 -0.9945
vn -0.2303 -0.0116 -0.9731
vn 0.0437 -0.0935 -0.9947
vn -0.0759 -0.0989 -0.9922
vn 0.0386 0.1824 -0.9825
vn -0.1957 0.3579 -0.9130
vn -0.2578 0.4046 -0.8774
vn 0.1114 0.0859 -0.9901
vn -0.4177 0.3024 -0.8568
vn 0.2462 -0.0024 -0.9692
vn 0.0785 -0.0559 -0.9953
vn -0.4359 0.0137 -0.8999
vn -0.2466 -0.0809 -0.9657
vn 0.0523 -0.0798 -0.9954
vn 0.0231 -0.0800 -0.9965
vn -0.0519 -0.0870 -0.9949
vn -0.2341 -0.1113 -0.9658
vn -0.1571 -0.0978 -0.9827
vn 0.0441 0.1685 -0.9847
vn -0.1986 0.1946 -0.9606
vn 0.1128 0.1420 -0.9834
vn 0.1649 0.1039 -0.9808
vn 0.2477 0.0025 -0.9688
vn -0.5162 0.2340 -0.8239
vn 0.3032 -0.0413 -0.9520
vn -0.4650 -0.1263 -0.8762
vn 0.1724 -0.0680 -0.9827
vn 0.0425 -0.0620 -0.9972
vn -0.3691 -0.1562 -0.9162
vn 0.0294 -0.0731 -0.9969
vn -0.0450 -0.0775 -0.9960
vn 0.0644 -0.0796 -0.9947
vn -0.2256 -0.1223 -0.9665
vn 0.1710 -0.0991 -0.9803
vn 0.0036 -0.0552 -0.9985
vn 0.0846 0.0459 -0.9954
vn -0.1776 0.0617 -0.9822
vn -0.4438 0.0277 -0.8957
vn 0.1396 0.1239 -0.9824
vn -0.0020 0.1322 -0.9912
vn -0.3130 0.2483 -0.9167
vn 0.3916 0.1505 -0.9078
vn 0.5307 0.1339 -0.8369
vn -0.2470 0.4094 -0.8783
vn -0.3915 0.4479 -0.8038
vn 0.4773 0.0398 -0.8778
vn -0.4818 0.4298 -0.7637
vn 0.4454 0.0044 -0.8953
vn 0.8068 -0.0235 -0.5904
vn 0.8506 -0.0072 -0.5258
vn 0.7357 -0.0031 -0.6773
vn -0.5619 0.3788 -0.7354
vn 0.4487 -0.0017 -0.8937
vn -0.7624 0.2393 -0.6013
vn -0.6965 0.0764 -0.7134
vn -0.7838 0.1104 -0.6111
vn -0.8154 -0.0630 -0.5755
vn 0.8122 -0.0085 -0.5833
vn 0.8511 -0.0812 -0.5187
vn 0.7288 -0.0917 -0.6785
vn 0.4608 -0.0874 -0.8832
vn -0.6027 -0.1735 -0.7789
vn -0.6066 -0.0918 -0.7897
vn 0.3390 -0.0846 -0.9370
vn -0.5340 -0.1908 -0.8237
vn 0.5079 -0.0934 -0.8564
vn -0.4635 -0.1905 -0.8654
vn -0.0593 -0.0901 -0.9942
vn -0.2476 -0.1431 -0.9582
vn 0.0760 -0.0831 -0.9936
vn 0.0340 -0.0714 -0.9969
vn 0.3400 -0.0795 -0.9370
vn -0.1198 -0.1060 -0.9871
vn -0.3422 -0.1663 -0.9248
vn 0.0760 -0.0770 -0.9941
vn 0.0404 -0.0530 -0.9978
vn -0.1038 -0.0683 -0.9923
vn 0.0386 0.0927 -0.9950
vn -0.1851 0.0895 -0.9786
vn -0.3303 0.1088 -0.9376
vn 0.2435 0.1210 -0.9623
vn 0.1407 0.0546 -0.9885
vn -0.5509 0.1125 -0.8270
vn -0.1324 -0.0326 -0.9907
vn -0.4629 -0.0257 -0.8860
vn 0.2201 -0.0174 -0.9753
vn 0.1343 -0.0524 -0.9896
vn -0.2069 -0.1848 -0.9607
vn 0.1684 -0.1763 -0.9698
vn 0.1068 -0.3156 -0.9429
vn -0.1841 -0.3811 -0.9060
vn -0.4283 -0.2785 -0.8597
vn -0.0038 0.4550 -0.8905
vn 0.1251 0.2285 -0.9655
vn -0.2032 0.2615 -0.9436
vn 0.2589 0.1580 -0.9529
vn 0.1632 -0.0164 -0.9864
vn -0.5027 0.1336 -0.8541
vn 0.1620 -0.1615 -0.9735
vn 0.1937 -0.1893 -0.9626
vn 0.2243 -0.1761 -0.9585
vn -0.6192 0.0768 -0.7815
vn 0.2807 -0.1355 -0.9502
vn 0.0424 -0.0752 -0.9963
vn -0.1905 -0.0277 -0.9813
vn -0.0626 -0.0533 -0.9966
vn 0.2772 -0.0567 -0.9591
vn -0.4298 -0.0056 -0.9029
vn 0.2185 -0.0509 -0.9745
vn -0.3874 -0.0860 -0.9179
vn 0.1513 -0.0266 -0.9881
vn -0.0454 -0.0234 -0.9987
vn 0.1912 0.0043 -0.9815
vn -0.0893 0.0100 -0.9960
vn -0.3417 -0.0136 -0.9397
vn -0.4097 0.0190 -0.9120
vn 0.1790 0.0244 -0.9835
vn 0.0637 0.0114 -0.9979
vn -0.3143 0.0226 -0.9490
vn 0.1759 0.0518 -0.9830
vn -0.1806 -0.0363 -0.9829
vn -0.4683 -0.0347 -0.8829
vn -0.0447 -0.0396 -0.9982
vn 0.0790 0.0156 -0.9968
vn -0.2385 -0.0699 -0.9686
vn -0.1223 -0.0427 -0.9916
vn 0.0756 0.0745 -0.9944
vn 0.0115 0.0736 -0.9972
vn -0.0071 0.0171 -0.9998
vn 0.0457 0.0197 -0.9988
vn 0.0029 0.0251 -0.9997
vn 0.0963 0.0342 -0.9948
vn -0.0741 -0.0116 -0.9972
vn -0.0078 0.0255 -0.9996
vn -0.2051 -0.0613 -0.9768
vn 0.3539 -0.0236 -0.9350
vn 0.0881 0.0411 -0.9953
vn -0.0269 0.0315 -0.9991
vn -0.1817 -0.0093 -0.9833
vn -0.0787 0.0680 -0.9946
vn 0.2620 0.0618 -0.9631
vn 0.0573 0.0814 -0.9950
vn -0.2885 -0.0038 -0.9575
vn -0.2564 0.1104 -0.9602
vn 0.1564 0.0900 -0.9836
vn -0.0024 0.0861 -0.9963
vn 0.4912 0.0764 -0.8677
vn 0.6069 0.0762 -0.7911
vn -0.3680 0.1328 -0.9203
vn 0.7222 0.0780 -0.6872
vn -0.3626 0.3136 -0.8776
vn 0.6637 0.1565 -0.7314
vn 0.8291 0.1372 -0.5419
vn 0.9669 0.0407 -0.2517
vn -0.5110 0.4422 -0.7371
vn 0.9570 -0.1128 -0.2674
vn 0.9367 -0.0102 -0.3499
vn 0.9533 -0.0524 -0.2975
vn -0.7647 -0.2153 -0.6074
vn -0.8838 -0.2302 -0.4074
vn 0.8337 -0.0953 -0.5439
vn 0.8307 -0.0868 -0.5499
vn -0.7603 -0.2299 -0.6075
vn 0.9271 -0.0938 -0.3629
vn 0.5635 -0.0615 -0.8239
vn -0.6084 -0.2207 -0.7623
vn -0.8017 -0.2334 -0.5502
vn -0.8657 -0.2378 -0.4405
vn -0.5219 -0.1882 -0.8320
vn 0.1157 -0.0857 -0.9896
vn 0.3143 -0.0820 -0.9458
vn -0.3791 -0.1110 -0.9187
vn 0.2070 -0.0878 -0.9744
vn 0.1074 -0.0648 -0.9921
vn -0.3176 -0.0502 -0.9469
vn -0.4456 -0.0886 -0.8908
vn 0.1600 -0.0609 -0.9852
vn 0.0772 -0.0357 -0.9964
vn -0.4426 -0.0283 -0.8963
vn -0.1292 -0.0206 -0.9914
vn 0.0809 -0.0224 -0.9965
vn 0.1938 -0.0362 -0.9804
vn -0.4468 0.0126 -0.8946
vn -0.1677 0.0017 -0.9858
vn 0.1024 -0.0074 -0.9947
vn -0.4248 -0.0038 -0.9053
vn 0.2153 -0.0169 -0.9764
vn -0.1065 -0.0009 -0.9943
vn 0.1349 -0.0038 -0.9908
vn 0.2415 -0.0095 -0.9704
vn 0.2580 -0.0038 -0.9661
vn 0.1223 -0.0021 -0.9925
vn -0.1084 -0.0083 -0.9941
vn 0.0907 0.0225 -0.9956
vn -0.3685 -0.0211 -0.9294
vn -0.3158 0.0427 -0.9479
vn 0.2854 0.0248 -0.9581
vn 0.2964 0.0966 -0.9502
vn -0.5897 0.1056 -0.8007
vn 0.2771 0.0682 -0.9584
vn 0.2571 0.1499 -0.9547
vn -0.6212 0.1239 -0.7738
vn 0.3427 0.1266 -0.9309
vn 0.5687 -0.0770 -0.8190
vn -0.5953 0.0452 -0.8022
vn 0.3236 -0.1967 -0.9255
vn 0.2327 -0.3262 -0.9162
vn -0.4793 -0.1240 -0.8688
vn 0.1896 -0.4542 -0.8705
vn 0.0573 -0.5221 -0.8510
vn 0.1575 0.4220 -0.8928
vn -0.2379 0.4678 -0.8512
vn 0.2740 0.3887 -0.8797
vn -0.4280 0.4058 -0.8076
vn -0.4749 0.2769 -0.8354
vn 0.3214 0.0202 -0.9467
vn 0.1626 -0.1416 -0.9765
vn -0.6456 0.1828 -0.7415
vn 0.1544 -0.1760 -0.9722
vn 0.2142 -0.1705 -0.9618
vn 0.2162 -0.0464 -0.9752
vn -0.5676 -0.0005 -0.8233
vn 0.2827 -0.0058 -0.9592
vn -0.5168 -0.0289 -0.8556
vn 0.2418 0.0153 -0.9702
vn 0.1856 0.0053 -0.9826
vn -0.5237 0.0095 -0.8519
vn 0.2005 0.0072 -0.9797
vn 0.2109 0.0285 -0.9771
vn -0.5456 0.0566 -0.8361
vn 0.1069 0.0809 -0.9910
vn -0.6205 0.0238 -0.7838
vn -0.4683 -0.0948 -0.8785
vn 0.5344 0.0644 -0.8428
vn 0.4902 -0.0459 -0.8704
vn 0.0772 0.1247 -0.9892
vn 0.0122 0.1200 -0.9927
vn -0.3148 -0.0836 -0.9455
vn -0.3754 -0.0837 -0.9231
vn 0.5470 -0.0399 -0.8362
vn 0.4551 0.0164 -0.8903
vn -0.3446 -0.0699 -0.9361
vn 0.6257 0.0344 -0.7793
vn 0.7460 0.0373 -0.6650
vn -0.3420 0.0450 -0.9386
vn -0.4074 0.1453 -0.9016
vn 0.8583 0.1245 -0.4979
vn 0.7660 0.1240 -0.6308
vn 0.8792 0.0522 -0.4736
vn 0.9908 0.0331 -0.1310
vn 0.9565 -0.0934 -0.2764
vn 0.9694 -0.0691 -0.2355
vn 0.8990 -0.0464 -0.4356
vn -0.8827 -0.2381 -0.4053
vn 0.5251 -0.0576 -0.8491
vn 0.3240 -0.0784 -0.9428
vn -0.5473 -0.0794 -0.8332
vn 0.2330 -0.0679 -0.9701
vn -0.5486 -0.0111 -0.8360
vn 0.2380 -0.0344 -0.9706
vn -0.5264 0.0199 -0.8500
vn -0.5180 -0.0008 -0.8554
vn 0.2531 -0.0232 -0.9672
vn 0.2912 -0.0205 -0.9564
vn -0.4870 -0.0312 -0.8728
vn -0.5180 -0.0205 -0.8551
vn 0.3281 0.0044 -0.9446
vn -0.5589 0.0212 -0.8290
vn 0.2985 0.1518 -0.9423
vn 0.7277 -0.0397 -0.6847
vn -0.3684 -0.4200 -0.8294
vn -0.0905 -0.5519 -0.8290
vn -0.0012 0.6003 -0.7998
vn 0.0746 0.7024 -0.7078
vn 0.2034 0.7200 -0.6635
vn 0.1584 0.6052 -0.7802
vn -0.1711 0.6010 -0.7807
vn 0.3264 0.6980 -0.6374
vn 0.2759 0.5163 -0.8108
vn 0.5971 0.3590 -0.7174
vn 0.4580 -0.1132 -0.8817
vn 0.7192 -0.0314 -0.6941
vn -0.8030 0.0821 -0.5902
vn -0.8403 0.1372 -0.5245
vn -0.7553 0.2444 -0.6082
vn 0.1582 -0.1468 -0.9764
vn 0.1103 -0.0719 -0.9913
vn -0.7920 -0.0220 -0.6101
vn -0.8592 0.0521 -0.5091
vn -0.8307 -0.0990 -0.5478
vn -0.8726 -0.0599 -0.4848
vn -0.7720 -0.0389 -0.6344
vn -0.8126 0.0191 -0.5825
vn -0.8742 0.0089 -0.4855
vn 0.1316 0.0256 -0.9910
vn 0.1165 0.0508 -0.9919
vn 0.0534 0.0992 -0.9936
vn 0.2458 0.1208 -0.9618
vn 0.0298 0.1314 -0.9909
vn -0.5976 -0.0909 -0.7966
vn 0.5075 0.1161 -0.8538
vn 0.7219 0.0225 -0.6916
vn -0.5396 -0.0963 -0.8364
vn 0.7644 -0.0526 -0.6426
vn 0.9040 -0.0263 -0.4268
vn 0.8453 -0.0552 -0.5314
vn -0.4729 -0.0919 -0.8763
vn 0.6731 -0.0055 -0.7396
vn -0.3695 -0.0145 -0.9291
vn 0.9162 0.0021 -0.4007
vn 0.9510 0.0088 -0.3091
vn 0.9720 0.0554 -0.2282
vn -0.4872 0.3739 -0.7892
vn 0.9986 -0.0000 -0.0528
vn 0.9933 -0.0563 -0.1005
vn -0.9614 -0.2416 -0.1317
vn -0.9799 -0.1994 -0.0050
vn 0.9810 -0.0851 -0.1746
vn 0.9698 -0.0338 -0.2414
vn 0.9186 0.0001 -0.3953
vn 0.8380 -0.0213 -0.5452
vn 0.8590 0.0118 -0.5118
vn -0.7002 -0.1998 -0.6854
vn -0.7851 -0.1246 -0.6067
vn -0.7774 -0.2195 -0.5895
vn 0.9027 0.0148 -0.4301
vn 0.3356 -0.0940 -0.9373
vn -0.6978 -0.1152 -0.7070
vn -0.7574 -0.0447 -0.6515
vn 0.3132 -0.0443 -0.9487
vn 0.2565 -0.0349 -0.9659
vn 0.2942 0.0419 -0.9548
vn 0.6147 0.1140 -0.7805
vn 0.6874 0.0648 -0.7234
vn 0.6812 -0.2122 -0.7007
vn 0.4597 -0.3787 -0.8033
vn -0.7324 -0.0797 -0.6762
vn -0.6817 -0.2773 -0.6770
vn -0.7122 -0.2649 -0.6500
vn 0.2690 -0.5129 -0.8152
vn 0.1691 -0.5916 -0.7883
vn -0.3833 -0.6323 -0.6732
vn -0.4923 -0.5897 -0.6402
vn -0.4092 -0.5709 -0.7118
vn 0.0619 -0.6410 -0.7650
vn -0.2768 0.7107 -0.6468
vn -0.4306 0.6227 -0.6533
vn -0.4585 0.7050 -0.5410
vn 0.5005 0.4937 -0.7111
vn -0.6543 0.4334 -0.6198
vn -0.7342 0.4548 -0.5041
vn 0.5099 -0.0715 -0.8573
vn -0.8785 0.0853 -0.4700
vn 0.3948 -0.0186 -0.9186
vn 0.0852 -0.0176 -0.9962
vn 0.1105 -0.0159 -0.9938
vn 0.1107 0.0018 -0.9939
vn 0.1286 0.0264 -0.9913
vn 0.0997 0.0775 -0.9920
vn 0.2957 0.0842 -0.9516
vn 0.5798 0.0973 -0.8089
vn -0.7848 0.0804 -0.6145
vn -0.8504 -0.0180 -0.5258
vn -0.8534 0.2059 -0.4788
vn 0.7135 0.0986 -0.6937
vn -0.7849 -0.0585 -0.6168
vn -0.6630 -0.0938 -0.7427
vn 0.9319 -0.0544 -0.3585
vn -0.6199 -0.0888 -0.7797
vn 0.9208 -0.0233 -0.3892
vn -0.5558 -0.0608 -0.8291
vn -0.4990 0.0368 -0.8658
vn -0.6897 0.4238 -0.5872
vn -0.7704 0.3910 -0.5036
vn -0.7536 0.2801 -0.5946
vn 0.9988 0.0227 -0.0423
vn 0.9951 -0.0206 -0.0970
vn -0.9416 0.0970 -0.3225
vn -0.9615 -0.0785 -0.2634
vn -0.9970 0.0743 -0.0233
vn 0.9945 -0.0737 -0.0750
vn 0.9909 -0.0015 -0.1349
vn 0.9858 0.0374 -0.1639
vn 0.9262 0.0196 -0.3766
vn -0.8425 -0.0368 -0.5374
vn 0.8367 -0.0031 -0.5477
vn 0.8563 -0.0092 -0.5164
vn -0.7863 0.0232 -0.6174
vn 0.3528 -0.0398 -0.9349
vn 0.3462 -0.0443 -0.9371
vn -0.7878 -0.0145 -0.6158
vn -0.8505 -0.0594 -0.5227
vn -0.8752 -0.0163 -0.4836
vn 0.4317 -0.0453 -0.9009
vn 0.4115 0.0587 -0.9095
vn 0.3513 0.1064 -0.9302
vn 0.9081 -0.2658 -0.3237
vn 0.8605 -0.4667 -0.2044
vn 0.7842 -0.4613 -0.4151
vn -0.5819 -0.3987 -0.7088
vn -0.6767 -0.3736 -0.6344
vn -0.4368 -0.7473 -0.5007
vn 0.0385 -0.6363 -0.7705
vn -0.1535 -0.7897 -0.5940
vn 0.4304 0.7984 -0.4210
vn 0.7788 0.5137 -0.3599
vn 0.8488 0.4915 -0.1948
vn 0.8725 0.3247 -0.3651
vn 0.9389 0.3342 -0.0822
vn 0.9774 0.1857 -0.1012
vn 0.9087 0.1216 -0.3994
vn 0.9789 0.0425 -0.2001
vn 0.8715 0.0003 -0.4903
vn 0.9340 0.0295 -0.3561
vn 0.9404 0.0379 -0.3378
vn 0.6653 -0.0137 -0.7464
vn 0.6724 -0.0401 -0.7391
vn 0.4933 -0.0467 -0.8686
vn 0.1616 -0.0155 -0.9867
vn 0.5463 -0.0572 -0.8357
vn 0.3504 -0.0025 -0.9366
vn 0.7893 -0.0880 -0.6077
vn 0.9454 -0.0416 -0.3232
vn 0.7296 0.0013 -0.6838
vn 0.8273 0.0479 -0.5597
vn 0.7005 0.0902 -0.7080
vn 0.9303 0.0146 -0.3666
vn 0.9683 0.0056 -0.2497
vn 0.9018 0.0357 -0.4307
vn 0.9902 -0.0345 -0.1355
vn -0.6780 -0.0882 -0.7298
vn 0.9830 -0.0368 -0.1801
vn 0.9971 -0.0218 -0.0727
vn -0.6190 0.0404 -0.7843
vn 0.9963 0.0103 -0.0851
vn -0.5637 0.1919 -0.8034
vn -0.5308 0.2363 -0.8139
vn 0.9997 0.0246 0.0085
vn 0.9993 0.0297 -0.0209
vn -0.9980 -0.0574 0.0261
vn -0.9057 -0.1896 -0.3792
vn 0.9978 0.0438 -0.0501
vn 0.7742 -0.0265 -0.6324
vn 0.8118 -0.0623 -0.5807
vn 0.8817 -0.0447 -0.4698
vn 0.4806 -0.0644 -0.8746
vn 0.4991 -0.0534 -0.8649
vn 0.4743 0.0090 -0.8803
vn 0.4981 0.0877 -0.8627
vn 0.8596 0.0923 -0.5025
vn 0.9666 0.0504 -0.2513
vn 0.9239 0.0197 -0.3822
vn 0.9936 -0.0153 -0.1120
vn 0.9835 -0.1350 -0.1203
vn 0.9475 -0.0905 -0.3068
vn 0.9558 -0.2703 -0.1162
vn 0.7898 -0.5643 -0.2402
vn 0.5552 -0.6162 -0.5586
vn 0.5740 -0.7012 -0.4229
vn 0.4040 -0.7170 -0.5680
vn 0.5061 -0.7860 -0.3550
vn -0.6413 -0.6114 -0.4636
vn 0.3151 -0.8277 -0.4644
vn 0.2695 -0.7408 -0.6153
vn 0.1568 -0.7924 -0.5895
vn 0.1067 -0.8725 -0.4768
vn -0.1573 -0.8939 -0.4197
vn 0.9981 0.0490 -0.0361
vn 0.9966 0.0164 -0.0812
vn 0.9856 -0.0657 -0.1556
vn 0.9413 -0.0857 -0.3265
vn 0.9973 -0.0438 -0.0588
vn -0.6903 -0.0444 -0.7222
vn -0.9128 0.3410 -0.2246
vn -0.8571 0.2551 -0.4476
vn 0.9999 -0.0122 0.0038
vn 0.9969 -0.0641 -0.0460
vn 0.9512 0.0077 -0.3086
vn 0.9725 -0.0459 -0.2283
vn 0.9374 -0.0556 -0.3439
vn 0.8290 -0.0519 -0.5568
vn 0.9074 0.0080 -0.4201
vn 0.8167 0.0002 -0.5770
vn -0.8654 -0.0603 -0.4974
vn -0.8355 -0.0443 -0.5477
vn -0.8562 -0.0650 -0.5125
vn 0.8194 0.0768 -0.5680
vn 0.9502 0.0661 -0.3045
vn -0.7771 0.1743 -0.6048
vn -0.8260 0.1363 -0.5470
vn -0.7625 0.2114 -0.6115
vn 0.9065 0.4204 0.0387
vn 0.9582 0.2488 0.1415
vn 0.9868 0.0636 0.1490
vn 0.9995 -0.0082 0.0308
vn 0.9991 -0.0199 0.0380
vn 0.9990 -0.0378 0.0226
vn 0.9994 0.0163 0.0316
vn 0.9993 -0.0182 -0.0336
vn 0.9969 -0.0436 -0.0654
vn 0.9999 -0.0113 0.0072
vn 0.9982 0.0365 0.0484
vn 0.9982 0.0237 0.0547
vn -0.7832 0.1519 -0.6029
vn 0.4807 -0.8582 -0.1800
vn -0.2200 0.8309 -0.5111
vn -0.4438 0.8038 -0.3961
vn -0.1966 0.9272 -0.3187
vn 0.9802 0.1741 0.0945
vn 0.9855 0.0184 0.1686
vn 0.9777 -0.0424 0.2055
vn -0.8937 -0.0632 -0.4442
vn -0.9435 0.0074 -0.3312
vn 0.9956 -0.0843 0.0398
vn -0.8770 -0.0391 -0.4788
vn -0.8491 -0.0310 -0.5274
vn 0.9908 -0.0218 0.1335
vn 0.9992 -0.0090 0.0380
vn -0.8873 0.1451 -0.4378
vn -0.9428 -0.0465 -0.3302
vn -0.9802 0.0314 -0.1956
vn 0.9991 -0.0409 0.0133
vn 0.9994 -0.0144 0.0310
vn 0.9962 -0.0698 -0.0528
vn -0.9847 -0.1101 -0.1354
vn -0.9525 -0.1880 -0.2397
vn -0.9195 -0.1210 -0.3739
vn -0.8841 -0.0974 -0.4571
vn -0.9317 -0.0394 -0.3610
vn 0.9953 0.0378 0.0894
vn 0.9987 -0.0159 0.0479
vn 0.9989 -0.0465 0.0079
vn 0.9990 -0.0388 -0.0241
vn 0.9987 0.0219 0.0453
vn 0.9944 -0.0393 0.0978
vn 0.9793 -0.1950 0.0542
vn 0.9125 -0.4088 0.0155
vn -0.7882 -0.3857 -0.4795
vn -0.9095 -0.2982 -0.2895
vn -0.8314 -0.2376 -0.5022
vn 0.8218 -0.5684 -0.0393
vn 0.6309 -0.7629 -0.1413
vn -0.4045 -0.8793 -0.2515
vn 0.4406 0.8759 -0.1965
vn 0.6689 0.7315 -0.1318
vn 0.8349 0.5494 -0.0342
vn 0.9535 -0.0537 0.2964
vn -0.8623 0.0143 -0.5062
vn -0.8742 0.0272 -0.4847
vn -0.8406 0.1024 -0.5319
vn 0.9966 -0.0472 0.0677
vn -0.9451 0.2410 -0.2209
vn -0.9860 0.1318 -0.1022
vn 0.9944 0.0348 0.0993
vn -0.9746 0.2166 -0.0563
vn 0.9976 0.0240 0.0644
vn 1.0000 -0.0024 0.0026
vn -0.8225 0.0192 -0.5685
vn -0.8090 0.0624 -0.5845
vn -0.6669 -0.7014 -0.2516
vn -0.7332 -0.5616 -0.3834
vn 0.2379 -0.9421 -0.2362
vn -0.0858 -0.9761 -0.1995
vn -0.9141 0.1632 -0.3713
vn -0.9767 0.1004 -0.1897
vn -0.9389 0.2423 -0.2445
vn 0.9643 -0.0863 0.2504
vn 0.9925 0.0046 0.1223
vn 0.9920 -0.0018 0.1259
vn 0.9963 -0.0340 0.0787
vn 0.9883 -0.0335 0.1487
vn 0.9886 0.0078 0.1501
vn 0.9846 0.0335 0.1718
vn 0.9990 -0.0100 0.0428
vn 0.9978 -0.0629 0.0205
vn 0.9976 -0.0675 0.0119
vn 0.9809 0.0250 0.1929
vn -0.9294 0.0159 -0.3687
vn -0.9196 0.0268 -0.3919
vn -0.9606 0.0210 -0.2772
vn 0.9767 -0.0044 0.2145
vn 0.9798 0.0069 0.2000
vn -0.8658 0.1235 -0.4849
vn 0.9660 -0.0917 0.2417
vn -0.7830 -0.5812 -0.2217
vn 0.9148 0.3149 0.2530
vn 0.9467 0.2012 0.2515
vn 0.9633 0.1289 0.2354
vn 0.9733 0.0709 0.2182
vn 0.9768 0.0273 0.2123
vn 0.9757 -0.0194 0.2185
vn 0.9950 -0.0186 0.0980
vn 0.9854 -0.0605 0.1592
vn 0.9976 -0.0663 0.0215
vn 0.9892 -0.0732 0.1269
vn 0.9844 -0.0312 0.1730
vn 0.9788 -0.0061 0.2049
vn 0.9624 -0.0144 0.2712
vn 0.3969 -0.9176 -0.0217
vn 0.8689 0.4723 0.1479
vn 0.9591 -0.0679 0.2749
vn 0.9790 0.0179 0.2029
vn 0.9824 -0.0543 0.1789
vn 0.9865 0.0540 0.1549
vn 0.9827 -0.0602 0.1752
vn 0.9872 -0.0088 0.1593
vn 0.9806 0.0259 0.1941
vn 0.9496 -0.2286 0.2147
vn 0.9064 -0.3741 0.1965
vn 0.8158 -0.5613 0.1395
vn 0.7258 -0.6704 0.1541
vn 0.5794 -0.8141 0.0403
vn -0.6592 -0.7518 -0.0179
vn -0.7893 -0.6133 -0.0280
vn -0.4942 -0.8667 -0.0672
vn 0.0978 -0.9951 -0.0134
vn -0.2229 -0.9747 -0.0166
vn 0.3585 0.9335 -0.0099
vn 0.6447 0.7622 0.0589
vn 0.9636 0.1141 0.2417
vn 0.9627 -0.0798 0.2586
vn 0.9823 -0.0282 0.1850
vn 0.9662 0.0367 0.2551
vn 0.9755 0.0603 0.2116
vn 0.9731 -0.0861 0.2138
vn 0.9425 0.1717 0.2868
vn 0.9786 0.0005 0.2057
vn 0.9812 -0.0147 0.1924
vn 0.9607 -0.0324 0.2758
vn 0.9723 0.0616 0.2255
vn 0.9831 0.0182 0.1821
vn 0.9913 -0.0435 0.1242
vn 0.9592 -0.0139 0.2825
vn 0.9571 0.0057 0.2897
vn 0.9238 -0.1538 0.3507
vn 0.7079 -0.6343 0.3108
vn 0.8493 0.4161 0.3250
vn 0.9743 0.0569 0.2179
vn 0.9796 -0.0842 0.1822
vn 0.9889 0.0201 0.1470
vn 0.9625 -0.0727 0.2613
vn 0.9674 0.0259 0.2520
vn 0.9555 0.0076 0.2948
vn 0.9505 -0.0237 0.3097
vn 0.9378 -0.0511 0.3434
vn 0.8702 -0.3223 0.3726
vn 0.8209 -0.4816 0.3068
vn 0.4689 -0.8554 0.2200
vn -0.4902 -0.8627 0.1247
vn -0.7175 -0.6799 0.1513
vn 0.1779 -0.9710 0.1595
vn -0.1856 -0.9755 0.1185
vn 0.9886 0.0651 0.1355
vn 0.9389 0.0564 0.3397
vn 0.9379 0.0845 0.3366
vn 0.9760 -0.0444 0.2134
vn 0.9341 -0.0799 0.3480
vn 0.9562 -0.0370 0.2903
vn 0.9659 0.0164 0.2582
vn 0.9490 -0.0103 0.3152
vn -0.9381 -0.3459 -0.0177
vn -0.8975 -0.3101 0.3137
vn -0.9368 -0.2376 0.2566
vn 0.6516 -0.6990 0.2948
vn 0.5494 -0.8009 0.2382
vn 0.8410 0.3444 0.4174
vn 0.9023 0.2559 0.3470
vn 0.9587 0.1295 0.2532
vn 0.9755 -0.0083 0.2198
vn 0.9839 0.0457 0.1730
vn 0.9570 -0.0299 0.2884
vn 0.9436 -0.0621 0.3252
vn 0.9136 -0.0545 0.4030
vn 0.9475 0.0851 0.3082
vn 0.9394 -0.0048 0.3428
vn 0.9844 -0.0400 0.1711
vn 0.9197 -0.0779 0.3848
vn 0.9198 0.0249 0.3915
vn 0.9580 0.0862 0.2735
vn 0.9623 -0.1118 0.2480
vn 0.9328 -0.1485 0.3284
vn 0.9362 -0.0091 0.3514
vn 0.7098 -0.5039 0.4922
vn -0.6860 -0.6473 0.3323
vn -0.7787 -0.5943 0.2013
vn 0.9404 -0.0574 0.3353
vn 0.9321 -0.0225 0.3615
vn 0.9084 -0.0172 0.4178
vn -0.7422 -0.5443 0.3910
vn 0.2833 -0.8776 0.3866
vn -0.1403 -0.9403 0.3102
vn 0.8674 0.2393 0.4362
vn 0.9250 0.1020 0.3661
vn 0.9461 -0.0787 0.3142
vn 0.9400 0.0154 0.3407
vn 0.9391 0.0053 0.3436
vn 0.8993 -0.0481 0.4347
vn 0.8663 -0.0735 0.4941
vn 0.8823 0.1070 0.4584
vn 0.9155 0.1582 0.3699
vn 0.9742 -0.0046 0.2255
vn 0.8835 -0.0440 0.4664
vn 0.9452 0.0276 0.3252
vn 0.9049 -0.0194 0.4252
vn 0.8711 -0.1158 0.4772
vn 0.8457 -0.2215 0.4855
vn 0.6390 -0.6283 0.4438
vn 0.4536 -0.7888 0.4148
vn 0.7416 0.4366 0.5094
vn 0.7566 0.3981 0.5187
vn 0.8225 0.3219 0.4690
vn 0.8959 0.0059 0.4443
vn 0.8591 -0.0069 0.5118
vn 0.8393 -0.0012 0.5437
vn 0.8530 0.0806 0.5156
vn 0.8816 -0.1510 0.4473
vn 0.9346 0.0082 0.3557
vn 0.9044 -0.0177 0.4264
vn 0.8944 -0.0067 0.4473
vn 0.9002 0.0022 0.4354
vn 0.8729 -0.0416 0.4861
vn 0.7791 -0.3166 0.5411
vn -0.3726 -0.7871 0.4915
vn -0.4519 -0.8437 0.2897
vn 0.2135 0.9116 0.3512
vn 0.2110 0.8275 0.5203
vn 0.4615 0.7647 0.4497
vn 0.8484 -0.0443 0.5275
vn 0.8647 -0.0209 0.5018
vn 0.8514 0.0011 0.5245
vn 0.8348 -0.0315 0.5496
vn 0.8198 -0.0529 0.5702
vn 0.8381 -0.0578 0.5424
vn 0.9446 -0.1957 0.2636
vn 0.8771 0.0395 0.4786
vn 0.9411 0.0192 0.3375
vn -0.5774 -0.6830 0.4474
vn -0.0204 -0.8589 0.5117
vn 0.7858 -0.0378 0.6173
vn 0.7960 -0.0676 0.6014
vn 0.7774 -0.0383 0.6278
vn 0.7812 0.0890 0.6180
vn 0.9744 0.0922 0.2050
vn 0.8989 -0.3227 0.2962
vn 0.8896 -0.2541 0.3796
vn 0.8705 0.0323 0.4910
vn 0.8171 -0.0292 0.5758
vn 0.8317 -0.0192 0.5549
vn 0.8046 -0.0111 0.5937
vn 0.7985 0.0144 0.6018
vn -0.7896 -0.1178 0.6023
vn -0.7453 -0.1438 0.6510
vn -0.7834 -0.1460 0.6041
vn 0.7962 -0.0067 0.6050
vn 0.7777 -0.1610 0.6077
vn 0.6770 -0.4025 0.6161
vn 0.6189 -0.5681 0.5424
vn 0.7716 0.3205 0.5495
vn 0.8199 0.1488 0.5528
vn 0.8362 0.0614 0.5450
vn 0.8404 -0.0007 0.5419
vn 0.7635 -0.0260 0.6453
vn 0.7869 -0.0042 0.6170
vn 0.7813 -0.0091 0.6241
vn 0.7586 -0.0298 0.6509
vn 0.7161 -0.0466 0.6964
vn 0.6181 -0.0439 0.7849
vn 0.6783 -0.0550 0.7328
vn 0.8169 0.1604 0.5541
vn 0.8620 0.2373 0.4480
vn 0.8912 0.3066 0.3344
vn 0.8047 -0.0402 0.5923
vn 0.8388 0.0481 0.5423
vn 0.8114 -0.0134 0.5844
vn 0.7628 -0.0207 0.6463
vn 0.7535 0.0023 0.6575
vn 0.6426 -0.4872 0.5914
vn 0.4421 -0.6978 0.5636
vn 0.2831 -0.7838 0.5528
vn 0.6146 -0.1074 0.7814
vn 0.4880 -0.1110 0.8658
vn 0.5430 -0.1241 0.8305
vn 0.6485 -0.0271 0.7608
vn 0.9462 0.1919 0.2604
vn 0.9787 -0.1165 0.1688
vn 0.7867 -0.4183 0.4540
vn 0.7776 0.0323 0.6279
vn 0.7217 -0.0243 0.6917
vn -0.6786 -0.0673 0.7314
vn -0.5750 -0.0460 0.8168
vn -0.6517 0.0132 0.7584
vn 0.7670 -0.0560 0.6393
vn 0.7002 -0.2379 0.6731
vn -0.1918 -0.7641 0.6159
vn -0.3975 -0.6931 0.6013
vn 0.6343 0.4050 0.6585
vn 0.5086 0.3368 0.7924
vn 0.6497 0.3631 0.6679
vn 0.7717 0.2528 0.5835
vn 0.7699 0.1773 0.6131
vn -0.6131 -0.0350 0.7893
vn -0.5387 -0.0220 0.8422
vn -0.6445 -0.0278 0.7641
vn 0.4886 -0.0262 0.8721
vn 0.6439 0.1691 0.7462
vn 0.6760 0.2965 0.6746
vn 0.7382 0.2525 0.6255
vn 0.7898 0.4300 0.4374
vn 0.9904 0.0182 0.1372
vn 0.7779 -0.2420 0.5800
vn 0.7261 -0.2397 0.6444
vn 0.6386 -0.1017 0.7628
vn 0.5739 -0.0709 0.8159
vn 0.6135 0.0398 0.7887
vn 0.5060 -0.0333 0.8619
vn 0.4393 -0.0172 0.8982
vn 0.6138 -0.0325 0.7888
vn 0.4722 -0.0223 0.8812
vn 0.5754 -0.0189 0.8177
vn 0.7541 0.0128 0.6566
vn -0.4510 -0.5123 0.7309
vn -0.1890 -0.4126 0.8911
vn -0.5634 -0.3700 0.7387
vn 0.5654 0.4534 0.6890
vn 0.4205 0.4634 0.7800
vn 0.2990 0.0297 0.9538
vn 0.2568 0.0364 0.9658
vn 0.4408 0.0247 0.8973
vn 0.6965 0.3625 0.6193
vn 0.9435 -0.2906 0.1593
vn 0.3583 -0.2813 0.8902
vn 0.3474 -0.0711 0.9350
vn 0.5993 -0.1960 0.7762
vn 0.4668 -0.3353 0.8184
vn 0.5926 -0.3541 0.7235
vn -0.2991 -0.2382 0.9240
vn -0.5937 -0.1866 0.7827
vn -0.0677 -0.0302 0.9972
vn 0.0840 -0.0341 0.9959
vn -0.2527 -0.0346 0.9669
vn 0.9209 0.3274 0.2114
vn 0.7115 -0.4390 0.5487
vn 0.1312 -0.1909 0.9728
vn 0.0884 -0.3879 0.9174
vn -0.0187 -0.2770 0.9607
vn 0.0366 0.0099 0.9993
vn 0.0510 0.0059 0.9987
vn 0.2875 -0.0113 0.9577
vn 0.2933 0.0028 0.9560
vn 0.0460 -0.0009 0.9989
vn 0.2768 0.0605 0.9590
vn 0.3741 0.0133 0.9273
vn 0.4926 -0.1061 0.8637
vn 0.5771 -0.0672 0.8139
vn 0.4540 -0.1961 0.8691
vn 0.1656 0.2244 0.9603
vn 0.0779 0.0337 0.9964
vn 0.3645 0.1549 0.9182
vn 0.8386 0.4324 0.3314
vn 0.9750 0.1752 0.1368
vn 0.4576 -0.5980 0.6580
vn 0.4325 -0.4471 0.7829
vn 0.5722 -0.2966 0.7647
vn 0.1998 -0.5123 0.8352
vn 0.2075 0.5869 0.7826
vn 0.4001 0.5771 0.7120
vn 0.4054 0.4860 0.7742
vn 0.7019 0.5316 0.4741
vn 0.8502 -0.4864 0.2015
vn 0.7657 -0.5592 0.3176
vn -0.1540 -0.4035 0.9019
vn -0.0960 -0.5766 0.8114
vn -0.3953 -0.4879 0.7782
vn 0.9823 -0.1637 0.0913
vn 0.6557 -0.5920 0.4686
vn 0.8309 0.5304 0.1684
vn 0.9970 0.0497 0.0594
vn 0.3355 -0.7205 0.6069
vn 0.3537 -0.6303 0.6911
vn 0.0901 -0.6509 0.7538
vn 0.3979 0.7237 0.5639
vn 0.3923 0.7899 0.4714
vn 0.5172 0.6680 0.5351
vn 0.8977 -0.4306 0.0935
vn 0.4309 -0.8194 0.3781
vn 0.2996 -0.8542 0.4251
vn 0.1122 -0.8059 0.5813
vn 0.0860 -0.8682 0.4888
vn -0.4197 -0.5915 0.6885
vn -0.2220 -0.6528 0.7242
vn -0.4996 -0.5625 0.6587
vn -0.1037 -0.8438 0.5265
vn -0.3578 -0.7859 0.5044
vn 0.9116 0.3991 0.0983
vn 0.5891 -0.7807 0.2086
vn 0.4623 -0.8397 0.2848
vn 0.5756 -0.7602 0.3014
vn 0.7631 0.6149 0.1988
vn 0.9759 0.2098 0.0607
vn -0.5063 -0.7477 0.4298
vn -0.4192 -0.8389 0.3472
vn -0.5994 -0.7771 0.1918
vn 0.8053 0.5810 0.1184
vn 0.8212 -0.5491 0.1549
vn -0.0706 -0.9470 0.3135
vn 0.1835 -0.9369 0.2976
vn -0.2475 -0.9439 0.2185
vn 0.4112 -0.9052 0.1073
vn -0.4568 -0.8846 0.0943
vn 0.6266 0.7363 0.2554
vn 0.4842 0.8442 0.2300
vn 0.6195 0.7706 0.1500
vn 0.8741 0.4857 0.0084
vn 0.9652 0.2613 0.0059
vn 0.9668 -0.2549 -0.0153
vn 0.7994 -0.6008 0.0035
vn 0.6333 -0.7731 0.0348
vn -0.6406 -0.7674 0.0275
vn 0.1213 -0.9843 0.1282
vn -0.1520 -0.9837 0.0959
vn 0.9999 0.0057 -0.0120
vn 0.8084 0.5887 -0.0048
vn 0.5841 -0.8096 -0.0584
vn 0.2273 -0.9709 -0.0759
vn 0.0478 -0.9976 -0.0496
vn -0.3811 -0.9198 -0.0935
vn -0.1292 -0.9861 -0.1046
vn 0.9953 -0.0368 -0.0899
vn 0.8594 -0.5074 -0.0623
vn -0.5766 -0.8121 -0.0896
vn -0.6727 -0.7349 -0.0855
vn 0.3874 -0.9202 -0.0559
vn 0.9686 0.2330 -0.0870
vn 0.9648 -0.2469 -0.0903
vn 0.0160 -0.9914 -0.1300
vn -0.2626 -0.9544 -0.1422
vn 0.8963 0.4344 -0.0895
vn -0.5339 -0.8362 -0.1254
vn -0.6401 -0.7600 -0.1124
vn 0.4945 -0.8670 -0.0624
vn 0.3346 -0.9393 -0.0754
vn -0.3817 -0.9165 -0.1197
vn 0.5433 0.8395 0.0056
vn 0.6184 0.7816 -0.0816
vn 0.6822 0.7297 -0.0458
vn 0.9969 0.0385 -0.0691
vn 0.6128 -0.7876 -0.0639
vn 0.9301 0.3608 -0.0694
vn 0.1767 -0.9793 -0.0985
vn -0.1345 -0.9877 -0.0797
vn 0.7506 -0.6577 -0.0630
vn 0.7573 0.6468 -0.0906
vn 0.7401 0.6690 -0.0688
vn 0.8720 0.4850 -0.0658
vn 0.8330 -0.5492 -0.0674
vn -0.5841 -0.8058 -0.0976
vn 0.1059 -0.9932 -0.0486
vn 0.9515 -0.3017 -0.0601
vn -0.4401 -0.8943 -0.0815
vn -0.6922 -0.7130 -0.1119
vn 0.2554 -0.9663 -0.0321
vn 0.4045 -0.9137 -0.0381
vn -0.3622 -0.9275 -0.0924
vn 0.6242 0.7810 -0.0213
vn 0.4777 -0.8781 -0.0259
vn 0.1245 -0.9921 -0.0173
vn 0.8684 -0.4956 -0.0174
vn 0.7301 -0.6827 -0.0280
vn 0.6576 -0.7530 -0.0207
vn -0.6366 -0.7601 -0.1305
vn -0.4979 -0.8559 -0.1399
vn -0.0996 -0.9938 -0.0492
vn 0.7435 0.6687 0.0071
vn 0.8690 0.4946 -0.0138
vn 0.9960 -0.0848 -0.0268
vn 0.9520 0.3061 0.0094
vn 0.3442 -0.9389 -0.0043
vn 0.9971 0.0712 0.0255
vn 0.9698 -0.2435 0.0142
vn -0.5172 -0.8465 -0.1265
vn 0.0561 -0.9978 -0.0343
vn 0.5914 0.8058 0.0307
vn -0.6530 -0.7442 -0.1405
vn -0.2707 -0.9592 -0.0812
vn 0.7344 -0.6787 -0.0095
vn 0.8637 -0.5039 0.0072
vn 0.3190 -0.9471 -0.0334
vn 0.1970 -0.9796 -0.0391
vn 0.4497 -0.8928 -0.0273
vn -0.6179 -0.7775 -0.1169
vn -0.0298 -0.9981 -0.0548
vn 0.6759 -0.7368 -0.0189
vn 0.6212 0.7828 0.0358
vn 0.9544 0.2955 0.0429
vn -0.4857 -0.8702 -0.0832
vn 0.8701 0.4909 0.0442
vn 0.1014 -0.9935 -0.0526
vn 0.4525 -0.8902 -0.0526
vn 0.2348 -0.9703 -0.0581
vn 0.4351 0.8996 0.0377
vn 0.4055 0.9135 0.0323
vn 0.9971 0.0605 0.0457
vn 0.7722 -0.6353 -0.0107
vn -0.3462 -0.9375 -0.0353
vn -0.5696 -0.8218 -0.0146
vn -0.1189 -0.9922 -0.0376
vn 0.9217 -0.3874 0.0177
vn 0.3389 -0.9387 -0.0627
vn 0.8583 0.5118 0.0372
vn 0.9860 -0.1623 0.0371
vn 0.5120 -0.8581 -0.0393
vn 0.2355 -0.9705 -0.0507
vn 0.5794 0.8143 0.0358
vn 0.8110 0.5838 0.0383
vn 0.6515 0.7577 0.0386
vn 0.7540 0.6557 0.0400
vn 0.7350 -0.6773 -0.0321
vn 0.1148 -0.9917 -0.0584
vn 0.0325 -0.9990 -0.0304
vn 0.4481 -0.8924 -0.0539
vn 0.5577 -0.8290 -0.0408
vn -0.6336 -0.7721 0.0479
vn -0.7245 -0.6879 0.0425
vn -0.3985 -0.9166 0.0320
vn -0.1898 -0.9818 0.0094
vn 0.9962 0.0802 0.0339
vn 0.9857 -0.1678 0.0128
vn 0.8174 -0.5760 -0.0114
vn 0.7646 -0.6438 -0.0310
vn -0.0723 -0.9973 0.0091
vn 0.2125 -0.9768 -0.0258
vn 0.8539 0.5199 0.0226
vn 0.9297 -0.3682 0.0039
vn -0.6642 -0.7405 0.1027
vn -0.3338 -0.9407 0.0601
vn -0.2041 -0.9782 0.0390
vn 0.9406 0.3393 0.0146
vn 0.7859 -0.6183 -0.0099
vn 0.4455 -0.8947 -0.0339
vn 0.0341 -0.9994 -0.0004
vn 0.8529 -0.5221 -0.0014
vn -0.5278 -0.8451 0.0847
vn 0.9982 0.0599 0.0044
vn -0.8882 -0.4570 0.0487
vn -0.9047 -0.4115 0.1106
vn -0.9761 -0.2002 0.0845
vn -0.1034 -0.9944 0.0197
vn 0.5778 -0.8155 -0.0316
vn 0.7896 -0.6132 -0.0234
vn 0.8880 0.4568 -0.0521
vn 0.1524 -0.9880 -0.0253
vn 0.4057 -0.9132 -0.0389
vn 0.9341 -0.3528 -0.0546
vn -0.5225 -0.8474 0.0940
vn -0.1970 -0.9799 0.0330
vn -0.0206 -0.9998 0.0001
vn 0.9917 0.0658 -0.1105
vn 0.9899 -0.1279 -0.0612
vn 0.8615 -0.5073 -0.0204
vn 0.9367 0.3335 -0.1067
vn -0.6705 -0.7325 0.1176
vn 0.8123 -0.5651 -0.1444
vn 0.7040 -0.7020 -0.1074
vn -0.1611 -0.9855 -0.0525
vn -0.3407 -0.9398 0.0256
vn 0.5325 0.8033 -0.2667
vn 0.6492 0.7323 -0.2055
vn 0.4725 0.8774 -0.0835
vn 0.8913 0.4173 -0.1772
vn 0.5360 -0.8330 -0.1371
vn -0.5521 -0.8335 0.0207
vn 0.2798 0.8784 -0.3874
vn 0.3063 0.9188 -0.2489
vn 0.1617 0.9562 -0.2438
vn 0.9301 0.2850 -0.2317
vn 0.2779 -0.9504 -0.1394
vn 0.0506 -0.9919 -0.1164
vn 0.6312 0.6928 -0.3487
vn -0.7082 -0.7034 0.0599
vn 0.9537 0.0813 -0.2897
vn 0.9409 -0.1804 -0.2866
vn 0.8861 -0.3909 -0.2490
vn -0.3578 -0.9165 -0.1789
vn -0.0754 0.9568 -0.2809
vn -0.3247 0.9288 -0.1784
vn -0.1387 0.8986 -0.4162
vn 0.8015 -0.5045 -0.3211
vn -0.5882 -0.8048 -0.0799
vn 0.7102 -0.6462 -0.2794
vn 0.4439 -0.8359 -0.3228
vn 0.1765 -0.9271 -0.3307
vn -0.0872 -0.9626 -0.2566
vn 0.8429 0.4354 -0.3161
vn -0.9614 -0.2747 -0.0177
vn -0.9955 -0.0571 -0.0757
vn -0.9972 -0.0084 0.0745
vn -0.6447 -0.7549 -0.1201
vn 0.5561 -0.7753 -0.2995
vn -0.5739 -0.7929 -0.2050
vn -0.2136 -0.8900 -0.4028
vn 0.1985 0.8120 -0.5488
vn 0.0779 0.8870 -0.4552
vn 0.5238 0.7531 -0.3982
vn 0.5342 0.6596 -0.5287
vn 0.8685 0.3179 -0.3804
vn 0.9174 0.0292 -0.3968
vn 0.8700 -0.3320 -0.3646
vn -0.5955 -0.7519 -0.2830
vn 0.0917 0.6883 -0.7196
vn 0.1253 0.7231 -0.6793
vn -0.1342 0.7136 -0.6876
vn 0.3887 0.7532 -0.5307
vn 0.7176 0.5076 -0.4768
vn 0.7878 0.4439 -0.4270
vn 0.8916 0.1824 -0.4144
vn 0.7139 -0.5608 -0.4194
vn -0.4751 -0.7829 -0.4018
vn 0.3420 -0.7853 -0.5160
vn 0.0297 -0.8761 -0.4813
vn -0.2051 -0.7970 -0.5681
vn -0.1818 0.6236 -0.7603
vn 0.3678 0.6068 -0.7046
vn 0.4352 0.6558 -0.6169
vn 0.6378 -0.6242 -0.4512
vn 0.4939 -0.7464 -0.4461
vn 0.9047 -0.1301 -0.4058
vn 0.7970 -0.4219 -0.4322
vn 0.0644 -0.7568 -0.6505
vn 0.2544 0.5561 -0.7913
vn 0.4284 0.4962 -0.7552
vn 0.0353 0.5659 -0.8237
vn -0.4394 0.4869 -0.7549
vn -0.4080 0.6234 -0.6670
vn -0.5602 0.4548 -0.6923
vn 0.4887 0.6279 -0.6057
vn 0.7922 0.3560 -0.4956
vn 0.8303 0.2853 -0.4787
vn -0.8695 -0.4729 -0.1426
vn -0.7993 -0.5307 -0.2818
vn -0.9471 -0.2800 -0.1568
vn -0.7008 -0.6071 -0.3746
vn -0.5614 -0.6784 -0.4739
vn 0.4734 -0.6839 -0.5552
vn -0.1816 -0.7260 -0.6633
vn 0.1117 0.4773 -0.8716
vn -0.1640 0.4867 -0.8581
vn 0.5523 0.4643 -0.6924
vn 0.5535 0.4916 -0.6723
vn -0.6187 0.5476 -0.5633
vn -0.7235 0.4347 -0.5363
vn -0.6923 0.3880 -0.6084
vn -0.4515 -0.7000 -0.5533
vn 0.3394 -0.7075 -0.6199
vn -0.3948 0.4149 -0.8198
vn 0.8550 -0.3055 -0.4192
vn -0.9781 -0.0072 -0.2082
vn -0.9141 -0.2258 -0.3367
vn -0.9482 0.0308 -0.3163
vn 0.6859 -0.5334 -0.4950
vn 0.6182 -0.5880 -0.5216
vn -0.5335 -0.6552 -0.5348
vn 0.0680 -0.7064 -0.7046
vn -0.1311 0.2700 -0.9539
vn 0.1425 0.2711 -0.9519
vn 0.3386 0.4186 -0.8427
vn -0.7407 0.3365 -0.5815
vn -0.7151 0.2912 -0.6354
vn -0.5495 0.3711 -0.7486
vn 0.8971 0.1031 -0.4297
vn 0.0727 -0.5700 -0.8184
vn -0.2579 -0.5307 -0.8073
vn -0.2479 -0.6232 -0.7418
vn -0.4460 0.2210 -0.8673
vn 0.5362 0.3716 -0.7579
vn 0.6249 0.3792 -0.6824
vn 0.7602 0.3198 -0.5656
vn 0.7263 0.3900 -0.5661
vn 0.8177 0.2873 -0.4988
vn -0.7364 -0.5186 -0.4345
vn -0.8446 -0.3679 -0.3889
vn -0.8369 -0.3922 -0.3819
vn -0.6828 -0.5155 -0.5176
vn -0.5983 -0.6299 -0.4952
vn -0.4866 -0.5393 -0.6873
vn 0.3141 0.0930 -0.9448
vn 0.0739 0.0929 -0.9929
vn -0.1480 0.1020 -0.9837
vn -0.3718 0.1235 -0.9201
vn 0.3072 0.2142 -0.9272
vn -0.9365 -0.1083 -0.3335
vn 0.8392 -0.3516 -0.4149
vn 0.7006 -0.4361 -0.5648
vn -0.5519 -0.4480 -0.7033
vn -0.6169 -0.4852 -0.6197
vn 0.4753 -0.6554 -0.5870
vn 0.3742 -0.5817 -0.7222
vn 0.5282 -0.4978 -0.6879
vn 0.3744 -0.5371 -0.7558
vn 0.0241 -0.4202 -0.9071
vn 0.1750 0.1340 -0.9754
vn 0.1425 0.0757 -0.9869
vn -0.0830 0.1420 -0.9864
vn 0.4240 0.0276 -0.9052
vn -0.0963 0.0414 -0.9945
vn -0.3343 0.1381 -0.9323
vn 0.3392 -0.0927 -0.9361
vn 0.1430 -0.0679 -0.9874
vn -0.3644 0.0289 -0.9308
vn 0.2116 -0.2174 -0.9529
vn -0.0250 -0.1423 -0.9895
vn -0.2529 -0.1140 -0.9608
vn -0.0395 -0.3090 -0.9503
vn 0.1635 0.0681 -0.9842
vn 0.0048 -0.0799 -0.9968
vn -0.0155 0.1369 -0.9905
vn -0.1924 -0.0715 -0.9787
vn 0.0392 0.0422 -0.9983
vn -0.0944 0.0643 -0.9935
vn -0.1471 0.0440 -0.9881
vn -0.2892 0.0634 -0.9552
vn 0.1356 0.0457 -0.9897
vn 0.0840 0.0539 -0.9950
vn 0.2549 0.0466 -0.9658
vn -0.4094 0.0767 -0.9091
vn 0.4684 0.1780 -0.8654
vn -0.5491 0.1195 -0.8272
vn -0.6027 0.1463 -0.7844
vn 0.8704 0.2257 -0.4376
vn 0.9038 -0.2468 -0.3497
vn 0.7677 -0.4119 -0.4908
vn -0.6649 -0.5024 -0.5527
vn -0.7351 -0.4622 -0.4959
vn 0.4835 -0.3973 -0.7800
vn 0.2485 -0.4535 -0.8559
vn -0.4422 -0.3372 -0.8311
vn -0.1822 -0.4087 -0.8943
vn 0.1644 0.0475 -0.9852
vn -0.0304 0.0738 -0.9968
vn 0.0719 0.0944 -0.9929
vn 0.1196 0.0230 -0.9926
vn -0.0496 0.0156 -0.9986
vn -0.1818 0.0464 -0.9822
vn -0.2562 -0.0030 -0.9666
vn 0.1536 -0.0375 -0.9874
vn -0.0062 -0.0126 -0.9999
vn 0.2262 -0.0159 -0.9739
vn 0.1562 0.0169 -0.9876
vn -0.0617 0.0070 -0.9981
vn -0.2559 0.0018 -0.9667
vn 0.1118 0.1063 -0.9880
vn -0.1219 0.0724 -0.9899
vn 0.2513 0.0871 -0.9640
vn -0.2916 0.1070 -0.9505
vn 0.3481 0.1352 -0.9277
vn -0.4869 0.1402 -0.8621
vn -0.5723 0.1278 -0.8101
vn 0.5319 -0.1250 -0.8376
vn 0.4068 -0.2472 -0.8794
vn -0.5446 -0.0557 -0.8368
vn -0.3479 -0.2318 -0.9084
vn 0.2543 -0.3700 -0.8935
vn -0.2734 -0.4093 -0.8705
vn 0.0462 -0.4686 -0.8822
vn 0.1549 0.2330 -0.9601
vn 0.0481 0.3552 -0.9335
vn -0.2425 0.1288 -0.9616
vn -0.2116 0.2949 -0.9318
vn 0.3498 0.2439 -0.9045
vn -0.4184 0.0185 -0.9081
vn 0.4105 0.1210 -0.9038
vn -0.4454 -0.1568 -0.8815
vn 0.2157 -0.0854 -0.9727
vn -0.2673 -0.1165 -0.9565
vn -0.0952 -0.1288 -0.9871
vn 0.0798 -0.1181 -0.9898
vn -0.0019 0.0389 -0.9992
vn -0.0546 0.0147 -0.9984
vn -0.1927 0.0394 -0.9805
vn 0.1559 0.0276 -0.9874
vn 0.1574 0.0050 -0.9875
vn -0.2346 0.0232 -0.9718
vn 0.0103 0.0146 -0.9998
vn 0.2122 -0.0052 -0.9772
vn -0.2492 0.0398 -0.9676
vn 0.2421 0.0291 -0.9698
vn -0.4253 0.0541 -0.9034
vn 0.4265 0.0286 -0.9040
vn 0.3850 0.0365 -0.9222
vn -0.5879 0.0917 -0.8037
vn 0.5086 0.0532 -0.8593
vn 0.5761 0.1691 -0.7997
vn -0.7583 0.1246 -0.6399
vn -0.7643 0.2291 -0.6027
vn 0.7172 0.3231 -0.6174
vn 0.7820 0.2319 -0.5785
vn 0.8416 0.2707 -0.4674
vn 0.9158 -0.0452 -0.3991
vn -0.6546 -0.3600 -0.6647
vn -0.6335 -0.4147 -0.6532
vn -0.6468 -0.2820 -0.7087
vn 0.3454 -0.2926 -0.8917
vn 0.1722 -0.2200 -0.9602
vn -0.1814 -0.1844 -0.9660
vn 0.1076 0.0770 -0.9912
vn 0.1437 0.0852 -0.9860
vn 0.0128 0.0605 -0.9981
vn -0.2145 0.0653 -0.9745
vn -0.3656 0.0485 -0.9295
vn 0.3840 0.0387 -0.9225
vn -0.4150 0.0130 -0.9097
vn 0.2979 0.0132 -0.9545
vn 0.3556 -0.0897 -0.9303
vn 0.3657 -0.0480 -0.9295
vn -0.5493 -0.0093 -0.8355
vn -0.4542 -0.0069 -0.8909
vn 0.3787 0.0144 -0.9254
vn 0.5394 -0.0455 -0.8408
vn -0.4854 0.0284 -0.8738
vn 0.4300 0.1147 -0.8955
vn 0.5343 0.1492 -0.8320
vn 0.5411 0.0995 -0.8350
vn 0.5968 0.1467 -0.7889
vn 0.5685 -0.0196 -0.8225
vn 0.7211 -0.0418 -0.6916
vn 0.7736 -0.1769 -0.6085
vn 0.6429 -0.2438 -0.7261
vn 0.3948 -0.3506 -0.8493
vn 0.6812 -0.3658 -0.6341
vn 0.5220 -0.3913 -0.7579
vn -0.5374 -0.2444 -0.8071
vn 0.2384 -0.4877 -0.8398
vn -0.5193 -0.3956 -0.7575
vn 0.2667 0.3997 -0.8770
vn -0.5432 0.1559 -0.8250
vn 0.5133 -0.0226 -0.8579
vn -0.4506 -0.0825 -0.8889
vn 0.2921 -0.1049 -0.9506
vn 0.0973 0.0006 -0.9953
vn -0.0649 0.0153 -0.9978
vn -0.3033 0.0421 -0.9520
vn 0.2466 -0.0070 -0.9691
vn -0.3959 0.0408 -0.9174
vn 0.3297 0.0046 -0.9441
vn -0.4688 0.0433 -0.8822
vn 0.3329 -0.0100 -0.9429
vn 0.3810 0.0064 -0.9246
vn -0.6435 0.0635 -0.7628
vn 0.5988 0.0231 -0.8006
vn -0.6832 0.0823 -0.7256
vn -0.8254 0.1008 -0.5555
vn -0.8057 -0.4433 -0.3929
vn 0.5916 -0.3249 -0.7378
vn -0.4966 -0.1494 -0.8551
vn 0.0355 -0.1510 -0.9879
vn 0.0005 0.0407 -0.9992
vn -0.1944 0.0389 -0.9802
vn -0.1706 0.0523 -0.9840
vn 0.1873 0.0115 -0.9822
vn 0.2206 -0.0240 -0.9751
vn 0.0094 0.0245 -0.9997
vn -0.4471 0.0434 -0.8935
vn 0.0455 0.0120 -0.9989
vn 0.1023 0.0297 -0.9943
vn 0.4264 0.0003 -0.9045
vn -0.6056 0.0211 -0.7955
vn 0.5661 0.0622 -0.8220
vn 0.7546 -0.0838 -0.6508
vn 0.8540 -0.0317 -0.5194
vn 0.8242 -0.0537 -0.5637
vn 0.8054 -0.0347 -0.5917
vn 0.5557 -0.1294 -0.8213
vn 0.5617 0.0331 -0.8267
vn -0.6314 -0.0101 -0.7754
vn -0.6464 0.0382 -0.7621
vn 0.5567 0.1190 -0.8221
vn -0.6991 0.0578 -0.7127
vn -0.6897 -0.0768 -0.7201
vn -0.6691 -0.1981 -0.7163
vn 0.4973 -0.4938 -0.7134
vn 0.3393 -0.5496 -0.7634
vn 0.0466 -0.5971 -0.8008
vn -0.1488 -0.5676 -0.8097
vn 0.1502 0.5064 -0.8491
vn -0.1705 0.5380 -0.8256
vn -0.4677 0.3560 -0.8090
vn 0.4521 0.3899 -0.8023
vn 0.5591 0.2931 -0.7756
vn 0.6242 0.1787 -0.7605
vn 0.6734 0.3120 -0.6702
vn -0.6600 -0.0797 -0.7470
vn -0.6144 -0.1161 -0.7804
vn 0.5483 -0.0855 -0.8319
vn 0.4367 -0.0334 -0.8990
vn -0.5286 0.0388 -0.8480
vn -0.5985 0.0403 -0.8001
vn 0.4952 -0.0089 -0.8687
vn 0.4868 -0.0150 -0.8734
vn -0.6682 0.0434 -0.7427
vn 0.5818 0.0049 -0.8133
vn 0.7370 0.1528 -0.6584
vn 0.9517 0.0912 -0.2932
vn 0.9671 -0.0961 -0.2357
vn -0.9751 0.0734 -0.2093
vn 0.5049 -0.2413 -0.8287
vn 0.3505 -0.1225 -0.9285
vn -0.6161 -0.1815 -0.7664
vn 0.0737 0.0462 -0.9962
vn 0.3341 0.1698 -0.9271
vn -0.0053 0.0269 -0.9996
vn -0.2446 0.0136 -0.9695
vn -0.5012 -0.0073 -0.8653
vn 0.2312 0.2865 -0.9298
vn 0.1001 0.1039 -0.9895
vn -0.0026 0.0654 -0.9979
vn 0.5627 0.2339 -0.7929
vn 0.5948 0.0412 -0.8028
vn 0.5792 -0.0438 -0.8140
vn 0.8986 0.0810 -0.4311
vn 0.9651 0.0645 -0.2538
vn 0.9186 -0.0474 -0.3922
vn -0.5463 0.0374 -0.8367
vn 0.6365 -0.0488 -0.7697
vn 0.6674 0.0193 -0.7445
vn -0.7186 -0.0068 -0.6954
vn 0.6438 -0.0256 -0.7648
vn 0.6051 0.0464 -0.7948
vn 0.7424 0.1404 -0.6551
vn 0.7942 0.1093 -0.5978
vn 0.7417 0.0865 -0.6651
vn 0.8244 0.0202 -0.5656
vn -0.6769 0.1285 -0.7248
vn -0.6063 0.1312 -0.7844
vn -0.3850 -0.5753 -0.7216
vn -0.5261 -0.5190 -0.6737
vn 0.0619 -0.6755 -0.7348
vn 0.0968 0.6671 -0.7387
vn 0.4296 0.5321 -0.7296
vn -0.4784 0.5239 -0.7048
vn -0.6500 0.3178 -0.6903
vn 0.5956 0.4260 -0.6810
vn -0.6979 0.1100 -0.7077
vn 0.6753 -0.0432 -0.7362
vn 0.6109 -0.0361 -0.7909
vn -0.6529 0.0379 -0.7565
vn 0.6260 -0.0173 -0.7796
vn -0.6695 0.0329 -0.7421
vn 0.6979 -0.0029 -0.7162
vn 0.7569 0.0199 -0.6532
vn 0.8060 0.0087 -0.5919
vn 0.8007 0.0724 -0.5947
vn 0.9029 0.2817 -0.3248
vn 0.9419 0.2180 -0.2557
vn -0.9253 -0.3142 -0.2123
vn -0.9813 -0.1347 -0.1375
vn 0.9131 -0.3103 -0.2643
vn 0.8884 -0.3112 -0.3375
vn 0.8278 -0.2295 -0.5119
vn 0.7587 -0.2411 -0.6052
vn 0.6045 -0.2334 -0.7616
vn 0.5549 -0.0966 -0.8263
vn -0.6031 -0.0392 -0.7967
vn 0.8528 0.3870 -0.3507
vn 0.7210 -0.1478 -0.6770
vn 0.8859 0.1840 -0.4258
vn 0.8903 0.3742 -0.2593
vn 0.9652 0.2431 -0.0967
vn 0.9549 0.0385 -0.2944
vn 0.9201 -0.0252 -0.3908
vn -0.7005 0.0195 -0.7134
vn -0.6417 0.0323 -0.7662
vn 0.8917 -0.0232 -0.4521
vn 0.9236 -0.0612 -0.3784
vn 0.8019 -0.0178 -0.5972
vn 0.7744 0.0393 -0.6314
vn 0.8029 0.0531 -0.5937
vn 0.7440 0.1012 -0.6605
vn 0.7975 0.1180 -0.5917
vn -0.6748 0.1121 -0.7294
vn -0.6827 0.0730 -0.7271
vn 0.9055 0.1016 -0.4121
vn 0.9188 -0.1123 -0.3783
vn 0.8628 -0.2804 -0.4207
vn 0.6574 -0.5148 -0.5503
vn 0.4253 -0.5893 -0.6869
vn -0.6088 -0.3536 -0.7102
vn 0.2694 -0.6383 -0.7211
vn 0.3552 0.6552 -0.6668
vn 0.7399 0.4033 -0.5385
vn 0.8537 0.3732 -0.3632
vn 0.8439 0.3111 -0.4371
vn 0.8990 0.1959 -0.3917
vn 0.8220 0.1806 -0.5400
vn 0.8581 0.0188 -0.5131
vn 0.9394 0.0402 -0.3406
vn -0.7718 -0.0763 -0.6312
vn -0.8491 -0.0726 -0.5231
vn -0.8900 -0.0703 -0.4506
vn 0.6896 -0.0353 -0.7233
vn 0.7980 -0.0251 -0.6021
vn 0.7995 -0.0242 -0.6002
vn 0.7344 -0.0223 -0.6783
vn 0.7568 -0.0062 -0.6537
vn 0.8413 -0.0082 -0.5405
vn 0.9277 0.0388 -0.3714
vn 0.9246 0.2149 -0.3145
vn -0.8221 -0.3781 -0.4258
vn -0.7792 -0.3325 -0.5313
vn -0.8511 -0.2716 -0.4493
vn 0.7127 -0.2119 -0.6687
vn -0.7043 -0.2327 -0.6707
vn 0.8861 -0.0017 -0.4634
vn 0.8669 0.0008 -0.4985
vn 0.8925 -0.0257 -0.4503
vn 0.8435 -0.0157 -0.5368
vn 0.9038 0.0885 -0.4186
vn 0.9311 0.0190 -0.3642
vn 0.8075 -0.4116 -0.4224
vn -0.7463 -0.2077 -0.6324
vn -0.7592 -0.3763 -0.5310
vn -0.8339 -0.2103 -0.5104
vn 0.3563 -0.7167 -0.5996
vn -0.1539 -0.7339 -0.6615
vn -0.2182 0.6977 -0.6823
vn -0.4580 0.6749 -0.5785
vn 0.6168 0.4816 -0.6227
vn -0.6278 0.4879 -0.6066
vn 0.7744 0.4812 -0.4108
vn 0.9087 -0.0221 -0.4169
vn 0.9048 -0.0245 -0.4251
vn 0.9109 -0.0013 -0.4127
vn 0.9682 -0.2233 -0.1127
vn 0.8196 -0.1962 -0.5382
vn 0.7109 -0.2195 -0.6682
vn 0.7479 -0.1053 -0.6554
vn 0.9419 0.1782 -0.2848
vn 0.9661 0.1973 -0.1665
vn 0.9698 0.1505 -0.1919
vn 0.9766 0.0849 -0.1977
vn 0.9415 0.0012 -0.3369
vn 0.8923 0.0383 -0.4498
vn -0.7175 0.1278 -0.6847
vn -0.7398 0.1613 -0.6533
vn -0.7147 0.1217 -0.6888
vn -0.7195 0.1021 -0.6870
vn 0.5542 -0.6397 -0.5326
vn -0.3780 -0.7290 -0.5706
vn 0.2724 -0.7948 -0.5422
vn -0.0140 -0.7748 -0.6320
vn 0.5143 0.5948 -0.6178
vn 0.4953 0.6353 -0.5925
vn 0.9223 0.2875 -0.2581
vn -0.9408 -0.0028 -0.3391
vn -0.9272 -0.0424 -0.3721
vn 0.9646 0.1879 -0.1853
vn -0.8002 0.0352 -0.5987
vn -0.8473 0.0320 -0.5302
vn -0.8638 0.0375 -0.5024
vn -0.7978 0.0352 -0.6018
vn 0.9195 -0.0152 -0.3928
vn -0.8229 0.0362 -0.5671
vn -0.8690 0.0456 -0.4928
vn 0.9695 0.2354 -0.0682
vn 0.9973 0.0708 -0.0184
vn 0.9967 -0.0794 0.0168
vn 0.9596 -0.2764 -0.0534
vn 0.9506 -0.2806 -0.1328
vn -0.8075 -0.2289 -0.5436
vn -0.8526 -0.1483 -0.5011
vn 0.9556 0.1203 -0.2690
vn 0.9157 0.0018 -0.4019
vn -0.7940 0.0071 -0.6079
vn -0.8316 0.0877 -0.5485
vn -0.8321 0.0080 -0.5546
vn -0.8492 -0.3650 -0.3817
vn 0.8163 -0.4766 -0.3265
vn 0.7074 -0.6037 -0.3676
vn 0.4468 -0.8001 -0.4003
vn 0.9843 0.0846 -0.1550
vn 0.9790 -0.0012 -0.2040
vn 0.9775 -0.0186 -0.2100
vn 0.9712 -0.0198 -0.2374
vn 0.9752 -0.0057 -0.2211
vn 0.9815 0.0604 -0.1818
vn 0.9686 0.2279 -0.0991
vn -0.9356 -0.2663 -0.2319
vn -0.9379 -0.3295 -0.1085
vn -0.9503 -0.1739 -0.2583
vn 0.9427 -0.1647 -0.2901
vn 0.9158 -0.1810 -0.3586
vn 0.8295 -0.1318 -0.5427
vn 0.9855 0.0756 -0.1521
vn 0.9559 -0.0090 -0.2935
vn 0.9647 -0.0041 -0.2635
vn 0.9589 0.0380 -0.2812
vn 0.9656 0.0859 -0.2453
vn 0.9673 0.0746 -0.2425
vn 0.9811 -0.0385 -0.1897
vn 0.9596 -0.2105 -0.1867
vn 0.9018 -0.3644 -0.2323
vn -0.8275 -0.0842 -0.5551
vn -0.9337 -0.1135 -0.3397
vn -0.6431 -0.5695 -0.5120
vn -0.7731 -0.4984 -0.3923
vn -0.5756 -0.6632 -0.4784
vn -0.6703 -0.6399 -0.3758
vn -0.0768 -0.8283 -0.5550
vn -0.2654 -0.8230 -0.5022
vn 0.8694 0.4262 -0.2499
vn 0.9296 0.3248 -0.1743
vn 0.9684 -0.1657 -0.1862
vn 0.9159 -0.0198 -0.4009
vn 0.9941 0.0553 -0.0938
vn 0.9879 0.0203 -0.1541
vn -0.9272 -0.2323 -0.2939
vn 0.6025 -0.7164 -0.3519
vn 0.2836 -0.8922 -0.3515
vn 0.0498 -0.9394 -0.3393
vn 0.7540 0.5636 -0.3374
vn 0.6650 0.5792 -0.4715
vn -0.9552 -0.0284 -0.2947
vn -0.9452 0.0243 -0.3257
vn 0.9723 0.2138 0.0943
vn 0.9819 -0.1487 -0.1175
vn -0.8598 -0.0338 -0.5096
vn -0.8836 0.0160 -0.4680
vn -0.9368 0.0182 -0.3495
vn 0.9881 0.1244 -0.0906
vn 0.9896 0.0107 -0.1431
vn -0.8513 0.1400 -0.5056
vn -0.9022 0.1476 -0.4053
vn 0.8886 -0.4273 -0.1666
vn -0.8142 -0.5617 -0.1468
vn -0.9257 -0.3577 -0.1230
vn -0.5212 -0.8052 -0.2829
vn -0.3987 -0.8211 -0.4084
vn 0.9661 0.2351 -0.1062
vn 0.9965 0.0664 -0.0506
vn 0.9994 -0.0184 -0.0291
vn 0.9972 -0.0158 -0.0734
vn 0.9998 -0.0121 -0.0145
vn 0.9982 0.0048 -0.0605
vn 0.9951 0.0949 0.0272
vn 0.9684 0.1812 0.1716
vn 0.9774 0.0788 0.1959
vn 0.9768 -0.0316 0.2120
vn 0.9779 -0.1781 0.1095
vn 0.9695 -0.2245 0.0980
vn 0.9807 -0.1928 0.0336
vn -0.9858 -0.1678 0.0074
vn 0.9928 -0.1195 -0.0053
vn 0.9888 -0.1321 -0.0700
vn 0.9749 -0.0700 -0.2115
vn 0.9892 0.0564 -0.1352
vn 0.9943 -0.0103 -0.1061
vn 0.9932 0.0404 -0.1089
vn 0.9936 0.0756 -0.0845
vn 0.9979 0.0434 -0.0479
vn 0.9949 -0.0867 -0.0509
vn 0.9344 -0.3385 -0.1112
vn 0.6645 -0.7293 -0.1630
vn 0.1650 -0.9743 -0.1534
vn -0.6117 0.7307 -0.3033
vn -0.7242 0.6785 -0.1233
vn -0.6277 0.7683 -0.1255
vn 0.8040 0.5759 -0.1482
vn -0.9730 -0.0089 -0.2308
vn -0.9981 -0.0070 -0.0615
vn 0.9830 0.1627 -0.0849
vn 0.9989 -0.0042 -0.0458
vn -0.9497 -0.0534 -0.3086
vn -0.9973 -0.0486 -0.0558
vn -0.9451 -0.0069 -0.3266
vn -0.9897 0.0295 -0.1398
vn 0.9992 0.0384 -0.0113
vn 0.9938 0.0062 -0.1107
vn 0.9760 -0.2143 -0.0385
vn 0.8217 -0.5492 -0.1524
vn -0.7012 -0.6949 -0.1592
vn -0.5392 -0.8351 -0.1091
vn 0.4634 -0.8761 -0.1331
vn -0.3965 -0.9051 -0.1532
vn -0.3926 -0.8793 -0.2696
vn -0.0204 -0.9733 -0.2286
vn -0.0801 -0.9480 -0.3081
vn 0.9970 0.0394 0.0659
vn 0.9541 0.1438 0.2627
vn 0.9552 -0.1480 0.2562
vn 0.9941 -0.0233 -0.1055
vn 0.9869 0.1604 0.0188
vn 0.9914 -0.0191 0.1295
vn 0.9792 -0.0105 0.2027
vn 0.9967 0.0005 0.0814
vn 0.9834 0.1280 0.1285
vn 0.9393 0.0906 0.3309
vn 0.9929 -0.1046 0.0574
vn 0.9960 0.0306 0.0841
vn 0.9861 0.0186 0.1653
vn 0.9907 -0.0771 0.1125
vn 0.8093 -0.5867 0.0283
vn 0.0236 -0.9936 0.1106
vn 0.5450 0.8267 -0.1400
vn 0.5955 0.7991 0.0823
vn 0.6867 0.7207 -0.0953
vn 0.8962 0.4436 0.0071
vn 0.9614 0.2739 -0.0249
vn 0.9889 -0.0107 0.1483
vn 0.9941 -0.0106 0.1077
vn 0.9595 -0.1508 0.2380
vn 0.9960 -0.0834 -0.0319
vn 0.9988 0.0492 -0.0072
vn 0.9997 -0.0022 0.0242
vn 0.9954 -0.0172 0.0946
vn 0.9845 0.0617 0.1641
vn 0.9760 -0.1598 0.1478
vn 0.9536 -0.2891 0.0836
vn 0.8965 -0.4429 0.0105
vn 0.6526 -0.7529 0.0851
vn 0.4772 -0.8699 0.1249
vn -0.4965 -0.8626 0.0970
vn -0.7353 -0.6733 0.0778
vn 0.2612 -0.9638 0.0545
vn -0.3722 -0.9254 0.0713
vn 0.9662 -0.0273 0.2562
vn 0.9846 0.0477 0.1683
vn 0.9275 -0.0599 0.3690
vn 0.9807 -0.1159 0.1575
vn 0.8994 -0.0963 0.4264
vn 0.9104 -0.0095 0.4136
vn 0.9437 -0.0270 0.3296
vn 0.9286 0.0422 0.3687
vn 0.7596 -0.5960 0.2604
vn 0.5616 -0.7715 0.2991
vn 0.2472 -0.9154 0.3177
vn -0.0353 -0.9534 0.2997
vn 0.8135 0.5801 0.0407
vn 0.8149 0.5648 0.1303
vn 0.9461 0.2861 0.1517
vn 0.9406 0.0024 0.3396
vn 0.9547 -0.0015 0.2974
vn 0.9001 -0.0961 0.4249
vn 0.9818 -0.0374 0.1861
vn 0.9620 0.0348 0.2708
vn 0.9387 -0.0131 0.3444
vn 0.9250 0.0286 0.3788
vn 0.9302 -0.0076 0.3670
vn 0.9086 -0.0504 0.4145
vn 0.9169 -0.1432 0.3725
vn 0.8843 -0.3778 0.2743
vn -0.4907 -0.8290 0.2683
vn -0.6307 -0.7116 0.3096
vn -0.2441 -0.9412 0.2336
vn 0.8643 0.4371 0.2489
vn 0.9730 0.1747 0.1509
vn 0.9747 0.0465 0.2188
vn 0.8320 -0.1625 0.5305
vn 0.8620 -0.1280 0.4905
vn 0.8339 -0.0520 0.5495
vn 0.8304 0.0289 0.5565
vn 0.8372 0.0185 0.5467
vn 0.8785 0.0057 0.4777
vn 0.9236 0.0282 0.3824
vn 0.8744 0.0817 0.4783
vn 0.8554 0.0556 0.5150
vn 0.8595 -0.0484 0.5088
vn 0.9471 -0.0797 0.3108
vn 0.9727 -0.0596 0.2242
vn 0.9541 0.0087 0.2995
vn 0.8106 -0.0448 0.5839
vn 0.8214 0.0404 0.5690
vn 0.8132 0.0338 0.5810
vn 0.8853 -0.0986 0.4545
vn 0.5082 -0.2241 0.8315
vn 0.3025 -0.2308 0.9248
vn 0.4765 -0.0445 0.8780
vn 0.3025 -0.0583 0.9514
vn 0.8179 0.0112 0.5753
vn 0.8795 -0.0011 0.4759
vn 0.8046 -0.0733 0.5893
vn 0.8220 -0.0622 0.5661
vn 0.8332 -0.0424 0.5514
vn 0.7984 -0.0122 0.6020
vn 0.8451 -0.2462 0.4745
vn 0.6293 -0.6139 0.4766
vn 0.3795 -0.8267 0.4153
vn 0.0636 -0.8931 0.4453
vn -0.2198 -0.8849 0.4107
vn -0.1396 -0.8173 0.5590
vn -0.2641 -0.8580 0.4405
vn 0.2933 0.8790 0.3761
vn 0.0528 0.8571 0.5124
vn 0.2501 0.7347 0.6305
vn 0.4463 0.6945 0.5643
vn 0.6002 0.5742 0.5568
vn 0.6349 0.6716 0.3818
vn 0.8353 0.0018 0.5498
vn 0.8041 -0.0019 0.5944
vn 0.7553 0.0487 0.6536
vn 0.7506 0.0560 0.6584
vn 0.8514 -0.0339 0.5234
vn 0.8205 -0.0243 0.5711
vn 0.8240 0.0084 0.5665
vn 0.8405 0.0066 0.5418
vn 0.8227 -0.0220 0.5680
vn 0.6439 -0.0175 0.7649
vn 0.5462 0.0283 0.8372
vn 0.6515 0.0309 0.7580
vn -0.9264 -0.2081 0.3138
vn -0.8374 -0.3705 0.4018
vn -0.8269 -0.1828 0.5319
vn 0.7767 -0.4158 0.4731
vn -0.6795 -0.5664 0.4663
vn -0.7966 -0.5376 0.2764
vn 0.5255 -0.6979 0.4866
vn 0.2524 -0.8537 0.4555
vn -0.2726 -0.7805 0.5626
vn 0.8518 0.3190 0.4156
vn 0.9309 0.1718 0.3222
vn 0.3241 0.0313 0.9455
vn 0.4067 0.0423 0.9126
vn 0.3839 0.2262 0.8952
vn -0.5182 -0.1479 0.8424
vn -0.5722 -0.1124 0.8124
vn -0.6870 -0.0970 0.7201
vn -0.1806 -0.0688 0.9812
vn -0.0903 -0.2090 0.9737
vn -0.2027 -0.1493 0.9678
vn 0.8075 0.0112 0.5898
vn 0.8061 -0.0491 0.5898
vn 0.7794 0.4482 0.4377
vn 0.9028 0.0260 0.4293
vn 0.3659 -0.3338 0.8687
vn 0.2240 -0.3910 0.8927
vn 0.2373 -0.2464 0.9396
vn 0.2592 -0.0379 0.9651
vn 0.7497 0.0085 0.6618
vn 0.7516 -0.0030 0.6596
vn 0.4818 -0.0632 0.8740
vn 0.2357 -0.1361 0.9623
vn 0.4480 -0.0376 0.8932
vn 0.0743 -0.1150 0.9906
vn 0.7638 -0.0302 0.6447
vn 0.7483 -0.0217 0.6630
vn 0.7323 -0.0128 0.6809
vn 0.7339 0.0046 0.6792
vn -0.7667 -0.3088 0.5629
vn -0.5529 -0.7066 0.4416
vn -0.5614 -0.6163 0.5523
vn 0.8352 0.1766 0.5209
vn 0.8171 -0.0805 0.5708
vn 0.7702 -0.1779 0.6124
vn 0.5615 -0.2875 0.7759
vn 0.5070 -0.3435 0.7905
vn 0.5507 -0.3020 0.7781
vn 0.0242 -0.0029 0.9997
vn -0.1711 -0.1236 0.9775
vn -0.2175 0.0488 0.9748
vn 0.2165 0.1130 0.9697
vn 0.1257 0.1097 0.9860
vn 0.3103 0.1794 0.9335
vn 0.3976 0.0376 0.9168
vn 0.4686 -0.0008 0.8834
vn 0.5605 0.0030 0.8282
vn 0.5865 -0.0152 0.8098
vn 0.7373 -0.0108 0.6755
vn 0.7603 -0.2047 0.6165
vn 0.6587 -0.4795 0.5799
vn 0.5675 -0.5839 0.5806
vn -0.1113 -0.7124 0.6929
vn -0.3353 -0.6328 0.6979
vn 0.5798 0.4678 0.6671
vn 0.7082 0.4357 0.5555
vn 0.3173 -0.0134 0.9482
vn 0.3260 -0.0805 0.9419
vn 0.5020 -0.0187 0.8647
vn 0.3792 -0.0459 0.9242
vn 0.4951 -0.0316 0.8683
vn 0.1565 -0.0995 0.9827
vn 0.1253 -0.0753 0.9892
vn 0.1961 -0.0303 0.9801
vn 0.5180 0.1894 0.8341
vn 0.4787 0.1409 0.8666
vn 0.6194 0.0488 0.7835
vn 0.6081 -0.3411 0.7169
vn 0.5354 -0.3957 0.7461
vn 0.4192 -0.5568 0.7172
vn 0.3344 -0.6838 0.6485
vn 0.2290 -0.5761 0.7847
vn 0.1667 -0.7352 0.6571
vn 0.3902 -0.3565 0.8489
vn 0.2049 0.0369 0.9781
vn 0.1801 0.0041 0.9836
vn 0.3908 0.0175 0.9203
vn 0.0381 -0.1954 0.9800
vn 0.0137 -0.0993 0.9950
vn -0.1884 -0.1311 0.9733
vn 0.2464 -0.0792 0.9659
vn 0.2130 -0.1074 0.9711
vn 0.2974 -0.0893 0.9506
vn 0.2630 0.2061 0.9425
vn 0.3872 0.2432 0.8893
vn 0.4246 0.1501 0.8929
vn -0.4095 -0.4757 0.7785
vn -0.5596 -0.3458 0.7532
vn -0.5641 -0.4849 0.6683
vn 0.3828 -0.3927 0.8362
vn 0.4564 0.1015 0.8840
vn 0.4946 -0.1692 0.8525
vn 0.6225 -0.0584 0.7804
vn 0.5612 -0.1723 0.8096
vn 0.1701 0.2225 0.9600
vn 0.2004 0.0970 0.9749
vn 0.3491 0.1962 0.9163
vn -0.8013 0.3877 -0.4556
vn -0.6995 0.3969 -0.5943
vn -0.8867 0.2556 -0.3851
vn -0.8396 0.1038 -0.5331
vn -0.7062 0.1106 -0.6993
vn -0.8172 0.0717 -0.5718
vn -0.8219 0.0213 -0.5692
vn -0.8540 0.0077 -0.5203
vn -0.7768 0.0557 -0.6273
vn -0.7516 0.0377 -0.6586
vn -0.7766 -0.1028 -0.6216
vn 0.7915 0.2024 -0.5767
vn -0.9144 0.0083 -0.4048
vn -0.9109 0.0749 -0.4059
vn -0.9321 0.3222 -0.1653
vn -0.9501 -0.2175 -0.2235
vn -0.8136 -0.0523 -0.5790
vn -0.8512 -0.0468 -0.5227
vn 0.0355 0.7967 -0.6033
vn -0.6604 0.5630 -0.4969
vn -0.8501 0.2661 -0.4545
vn -0.8055 -0.0779 -0.5875
vn -0.9762 0.2088 -0.0591
vn -0.8813 0.0203 -0.4721
vn 0.2115 0.8347 -0.5084
vn 0.5279 0.7124 -0.4624
vn -0.8860 -0.0714 -0.4581
vn 0.0386 0.9061 -0.4214
vn 0.6369 0.6996 -0.3239
vn -0.9228 0.0992 -0.3724
vn -0.9473 0.0673 -0.3132
vn -0.8540 0.1733 -0.4906
vn -0.8533 -0.0618 -0.5177
vn -0.8312 -0.0311 -0.5550
vn -0.7677 0.0586 -0.6382
vn -0.8633 0.0366 -0.5033
vn -0.7747 0.1438 -0.6157
vn -0.8818 0.1353 -0.4517
vn -0.9830 -0.1801 -0.0359
vn -0.8894 -0.0627 -0.4528
vn 0.2331 0.9092 -0.3450
vn -0.7768 0.5575 -0.2930
vn -0.8467 0.4335 -0.3085
vn -0.9191 -0.0407 -0.3919
vn -0.9629 0.2648 0.0511
vn -0.9774 0.1673 0.1293
vn -0.9820 -0.1131 0.1512
vn -0.9775 -0.1999 0.0668
vn -0.9888 -0.1265 -0.0790
vn -0.9540 -0.1301 -0.2700
vn -0.8854 -0.0241 -0.4641
vn -0.5959 0.7451 -0.2996
vn -0.9798 0.0032 -0.2000
vn -0.9755 -0.0575 -0.2125
vn -0.9655 0.2529 0.0619
vn -0.9860 0.0233 0.1651
vn -0.9321 0.0140 -0.3620
vn -0.8039 -0.0082 -0.5947
vn 0.0365 0.9736 -0.2253
vn -0.4827 0.8508 -0.2076
vn -0.9819 0.0511 -0.1824
vn -0.9530 0.0040 -0.3028
vn -0.9950 -0.0391 -0.0916
vn -0.9947 -0.0684 -0.0763
vn -0.9870 -0.0309 -0.1576
vn -0.9730 0.0270 -0.2291
vn -0.9721 -0.1876 0.1406
vn -0.9680 -0.0710 -0.2408
vn -0.9586 0.0413 -0.2816
vn -0.9526 0.0212 -0.3033
vn -0.9607 0.0787 -0.2661
vn -0.9713 -0.1325 -0.1975
vn -0.8796 -0.3887 -0.2741
vn 0.2344 0.9546 -0.1838
vn -0.9690 0.0421 -0.2435
vn -0.9860 -0.1413 0.0887
vn -0.9748 -0.0193 -0.2223
vn -0.9983 0.0217 -0.0534
vn -0.9833 0.0247 -0.1804
vn -0.9990 -0.0247 0.0383
vn -0.9997 0.0110 0.0229
vn -0.9428 0.2107 0.2584
vn -0.9484 0.1491 0.2798
vn -0.9697 -0.1453 0.1962
vn -0.9947 -0.0974 0.0334
vn -0.9973 0.0591 -0.0439
vn 0.0966 0.9952 -0.0173
vn -0.2179 0.9734 -0.0700
vn -0.5361 0.8441 -0.0113
vn -0.6301 0.7737 -0.0665
vn 0.7304 0.6775 0.0863
vn -0.8973 0.4337 -0.0828
vn -0.9800 0.1986 -0.0085
vn -0.9977 0.0634 -0.0254
vn -0.9992 0.0286 -0.0281
vn -0.9981 0.0211 0.0575
vn -0.9998 0.0156 -0.0104
vn -0.9958 -0.0099 0.0914
vn -0.9881 -0.0510 0.1453
vn -0.9941 -0.0451 0.0990
vn -0.9927 0.0461 0.1113
vn -0.9712 0.1859 0.1491
vn -0.9664 0.0470 0.2525
vn -0.9710 -0.0575 0.2322
vn -0.9991 -0.0387 0.0144
vn -0.9993 -0.0058 -0.0359
vn -0.9932 0.0527 -0.1042
vn -0.9514 0.0304 -0.3065
vn -0.9233 0.0249 -0.3833
vn -0.9831 0.0411 -0.1783
vn -0.9995 0.0323 0.0066
vn -0.9722 -0.2339 0.0069
vn -0.8284 -0.5599 -0.0136
vn -0.8242 0.5661 -0.0100
vn -0.9961 0.0866 0.0187
vn -0.9660 0.0890 0.2428
vn -0.9736 -0.1522 0.1700
vn -0.9969 0.0466 -0.0631
vn -0.9937 0.0354 -0.1063
vn -0.9994 -0.0327 0.0057
vn -0.9795 0.0341 0.1985
vn -0.9328 0.1674 0.3191
vn -0.9771 -0.1190 0.1763
vn -0.4443 0.8814 0.1605
vn 0.6694 0.6967 0.2579
vn -0.8793 0.4445 0.1711
vn -0.9829 0.0606 0.1742
vn -0.9784 0.0108 0.2063
vn -0.9560 -0.0297 0.2917
vn -0.9520 -0.0514 0.3017
vn -0.9503 -0.0335 0.3094
vn -0.9608 0.0023 0.2773
vn -0.9846 -0.0619 0.1637
vn -0.9893 0.0717 0.1271
vn -0.9907 0.0605 0.1221
vn -0.9939 0.0042 0.1105
vn -0.9706 0.0205 0.2399
vn -0.9744 -0.0912 0.2054
vn 0.3214 0.9320 0.1676
vn -0.1320 0.9860 0.1017
vn 0.5511 0.8052 0.2190
vn -0.6134 0.7793 0.1283
vn -0.8094 0.5607 0.1745
vn -0.9340 0.1785 0.3095
vn -0.9657 0.0910 0.2433
vn -0.9571 0.0188 0.2891
vn -0.8926 0.2316 0.3869
vn -0.9690 -0.0268 0.2458
vn -0.9584 -0.0187 0.2847
vn -0.9747 -0.0098 0.2233
vn -0.9780 0.0466 0.2031
vn -0.9939 0.0334 0.1049
vn -0.9634 0.0162 0.2674
vn 0.1038 0.9794 0.1734
vn -0.9163 0.0549 0.3968
vn -0.9238 0.0043 0.3828
vn -0.8907 -0.0315 0.4535
vn -0.9001 -0.0506 0.4326
vn -0.8913 -0.0490 0.4508
vn -0.8773 -0.0221 0.4795
vn -0.8928 -0.0012 0.4505
vn -0.8956 0.0636 0.4402
vn -0.8853 0.1706 0.4326
vn -0.9536 -0.1527 0.2595
vn -0.9295 -0.0844 0.3591
vn -0.8370 0.3566 0.4151
vn -0.8860 0.0674 0.4588
vn -0.9032 0.0368 0.4276
vn -0.9167 0.2177 0.3349
vn -0.9519 0.1043 0.2882
vn -0.9595 -0.1472 0.2402
vn -0.9362 -0.1497 0.3181
vn -0.8656 -0.0278 0.4999
vn -0.8933 0.0598 0.4454
vn -0.9358 0.0842 0.3423
vn -0.9579 0.0611 0.2805
vn -0.8925 -0.0359 0.4496
vn -0.8232 0.0397 0.5664
vn -0.8889 -0.0308 0.4571
vn -0.1083 0.9400 0.3236
vn 0.5835 0.6916 0.4258
vn -0.5894 0.7514 0.2965
vn -0.4549 0.8116 0.3666
vn -0.7617 0.5179 0.3893
vn -0.8119 0.0570 0.5809
vn -0.8780 0.0145 0.4784
vn -0.8377 -0.0409 0.5445
vn -0.8189 0.0106 0.5739
vn -0.8441 0.2660 0.4656
vn -0.8663 0.3056 0.3951
vn -0.8476 -0.0030 0.5306
vn -0.9321 0.0801 0.3533
vn -0.9660 0.0317 0.2566
vn -0.9569 -0.0179 0.2899
vn -0.9036 -0.0835 0.4201
vn -0.7807 -0.0442 0.6233
vn -0.7991 -0.1859 0.5717
vn -0.8396 0.1190 0.5300
vn -0.8014 0.0393 0.5968
vn -0.8029 0.0447 0.5945
vn -0.8464 -0.0169 0.5323
vn -0.8261 -0.0463 0.5617
vn -0.8067 -0.0215 0.5905
vn -0.8222 0.0590 0.5661
vn -0.8295 0.1451 0.5394
vn -0.9142 -0.2161 0.3429
vn -0.8495 -0.1821 0.4951
vn -0.8168 -0.1013 0.5679
vn -0.7861 0.0409 0.6167
vn -0.8264 -0.3011 0.4759
vn 0.4953 0.6842 0.5352
vn -0.4687 0.7395 0.4831
vn -0.7708 -0.0333 0.6363
vn -0.9732 0.0253 0.2284
vn -0.9699 -0.1110 0.2168
vn -0.7744 -0.0290 0.6320
vn -0.8116 0.0309 0.5834
vn -0.8147 0.0922 0.5726
vn -0.8424 0.0911 0.5311
vn -0.8863 0.0728 0.4574
vn -0.8809 0.0336 0.4721
vn -0.7639 0.0101 0.6452
vn -0.7121 -0.5511 0.4350
vn -0.2329 0.7974 0.5567
vn 0.6798 0.4766 0.5574
vn -0.7504 0.3591 0.5549
vn -0.6790 0.4926 0.5443
vn -0.7275 0.1271 0.6742
vn -0.7395 0.0203 0.6728
vn -0.7670 0.0816 0.6365
vn -0.7622 -0.0373 0.6463
vn -0.7640 0.0880 0.6392
vn -0.7798 0.2334 0.5809
vn -0.9571 0.1804 0.2269
vn -0.8480 -0.0482 0.5278
vn -0.7548 -0.2532 0.6051
vn 0.3776 0.7288 0.5713
vn -0.7635 0.0356 0.6448
vn -0.7282 0.0514 0.6834
vn -0.7839 0.0053 0.6209
vn -0.7507 -0.0442 0.6592
vn -0.7146 -0.0327 0.6988
vn -0.7471 0.0025 0.6647
vn -0.8880 0.3362 0.3137
vn -0.8042 -0.2856 0.5213
vn -0.7565 -0.1649 0.6328
vn -0.7295 -0.1060 0.6758
vn -0.5717 0.0395 0.8195
vn -0.7088 0.0915 0.6995
vn -0.6388 0.1041 0.7623
vn -0.7592 -0.0219 0.6505
vn 0.1059 0.7688 0.6307
vn -0.3653 0.7057 0.6071
vn -0.6803 0.3000 0.6688
vn -0.7395 0.0728 0.6692
vn -0.7690 0.0390 0.6381
vn -0.7525 0.0059 0.6585
vn -0.7485 -0.0247 0.6626
vn -0.7491 -0.0453 0.6609
vn -0.7373 -0.0257 0.6751
vn -0.7008 0.0085 0.7133
vn -0.7746 0.4012 0.4889
vn -0.8123 0.4380 0.3852
vn -0.7736 -0.2602 0.5779
vn -0.5271 -0.1467 0.8370
vn -0.5311 -0.0491 0.8459
vn -0.4684 -0.1197 0.8754
vn -0.4518 -0.0155 0.8920
vn -0.4948 0.0781 0.8655
vn -0.6202 0.0901 0.7792
vn -0.7416 0.0947 0.6641
vn -0.8010 0.0675 0.5949
vn -0.8143 0.0164 0.5803
vn -0.7608 -0.1035 0.6407
vn -0.7437 -0.1754 0.6451
vn -0.6699 -0.3840 0.6355
vn -0.6261 -0.5002 0.5982
vn -0.1783 0.7443 0.6436
vn 0.5635 0.4985 0.6587
vn 0.4461 0.5257 0.7243
vn -0.4879 0.4880 0.7238
vn -0.5838 0.4842 0.6517
vn -0.5619 0.4081 0.7196
vn -0.6871 0.1202 0.7166
vn 0.6070 -0.0467 0.7933
vn 0.4836 -0.0382 0.8745
vn 0.5819 -0.0004 0.8132
vn 0.6475 -0.0062 0.7620
vn 0.6084 0.0103 0.7936
vn -0.7258 -0.0052 0.6879
vn -0.7307 -0.0477 0.6810
vn 0.7277 -0.0444 0.6845
vn 0.6492 -0.0425 0.7595
vn 0.5903 0.0595 0.8050
vn -0.5746 0.0140 0.8183
vn -0.6444 0.1229 0.7548
vn -0.5337 0.1638 0.8296
vn 0.7594 0.0208 0.6503
vn -0.9363 -0.2487 0.2478
vn -0.7712 -0.3544 0.5288
vn -0.2642 -0.0563 0.9628
vn -0.2203 0.0217 0.9752
vn -0.3068 0.0904 0.9475
vn -0.2586 0.1587 0.9529
vn -0.4244 0.1395 0.8947
vn -0.5559 0.1077 0.8243
vn 0.7462 -0.0299 0.6651
vn -0.7178 -0.1552 0.6787
vn -0.6105 -0.1124 0.7840
vn -0.7131 0.0358 0.7002
vn -0.5793 -0.0090 0.8151
vn 0.2925 0.5357 0.7922
vn -0.4227 0.3800 0.8227
vn -0.7053 0.0279 0.7083
vn -0.6758 0.0247 0.7367
vn 0.4171 0.0192 0.9087
vn -0.5683 0.0281 0.8224
vn -0.6368 0.0331 0.7704
vn -0.5388 0.0246 0.8421
vn -0.6142 0.0254 0.7888
vn 0.5093 0.0160 0.8605
vn -0.5779 0.0004 0.8161
vn 0.6649 0.0014 0.7469
vn 0.6211 -0.0033 0.7838
vn -0.5830 -0.0339 0.8118
vn -0.5261 -0.0320 0.8498
vn -0.5699 -0.0329 0.8210
vn -0.6239 -0.0371 0.7806
vn 0.5572 -0.0501 0.8289
vn -0.6252 -0.0282 0.7799
vn -0.5146 -0.0285 0.8570
vn 0.5111 -0.0449 0.8583
vn 0.5250 -0.0170 0.8509
vn -0.5467 0.4085 0.7310
vn -0.7130 0.3429 0.6117
vn -0.8602 0.4452 0.2487
vn -0.8120 -0.3611 0.4586
vn 0.4754 0.0288 0.8793
vn -0.4188 -0.2470 0.8738
vn -0.5131 -0.2385 0.8245
vn 0.4577 0.0345 0.8884
vn -0.1906 -0.1753 0.9659
vn -0.0625 -0.0521 0.9967
vn -0.1466 -0.0932 0.9848
vn -0.1615 -0.0043 0.9869
vn -0.1836 0.1210 0.9755
vn -0.2500 0.1223 0.9605
vn -0.3679 0.0981 0.9247
vn 0.6175 -0.0179 0.7864
vn 0.4788 -0.0122 0.8778
vn -0.5540 0.0567 0.8306
vn -0.6588 0.0629 0.7497
vn 0.5973 0.0072 0.8020
vn 0.4434 0.0330 0.8957
vn -0.4616 0.0092 0.8870
vn 0.4535 0.0587 0.8893
vn -0.4990 -0.0945 0.8614
vn -0.6639 0.0840 0.7431
vn -0.6715 0.0463 0.7395
vn -0.7272 0.0294 0.6858
vn 0.4461 -0.5968 0.6670
vn 0.4720 -0.4823 0.7380
vn 0.3437 -0.5714 0.7452
vn 0.2174 0.3903 0.8947
vn -0.1453 0.4913 0.8588
vn -0.5040 0.1712 0.8466
vn 0.5832 0.2552 0.7712
vn 0.6310 -0.0623 0.7733
vn 0.3650 -0.1449 0.9197
vn -0.3639 0.0195 0.9312
vn -0.4516 -0.0332 0.8916
vn 0.3328 -0.0295 0.9425
vn -0.4044 0.0040 0.9146
vn 0.4473 -0.0022 0.8944
vn -0.4647 -0.0268 0.8851
vn 0.3997 -0.0284 0.9162
vn 0.4399 -0.0344 0.8974
vn -0.4138 -0.0372 0.9096
vn 0.3217 -0.0412 0.9459
vn -0.4325 -0.0128 0.9016
vn 0.4056 -0.0304 0.9135
vn -0.4216 0.0462 0.9056
vn 0.3494 0.0663 0.9346
vn 0.5091 0.2393 0.8268
vn -0.9125 0.3557 0.2020
vn -0.8492 -0.3855 0.3608
vn -0.5101 -0.3523 0.7847
vn 0.1159 -0.0605 0.9914
vn -0.1536 -0.2727 0.9497
vn 0.0274 -0.1903 0.9813
vn -0.0864 -0.1865 0.9786
vn 0.2541 0.0161 0.9670
vn -0.0308 0.0292 0.9991
vn 0.2999 0.0144 0.9538
vn -0.1611 0.0600 0.9851
vn 0.0462 0.0845 0.9954
vn 0.4276 -0.0153 0.9038
vn -0.4231 0.0722 0.9032
vn -0.3249 -0.0450 0.9447
vn -0.3720 -0.0455 0.9271
vn 0.7320 -0.0012 0.6813
vn 0.2815 -0.4685 0.8374
vn -0.0419 -0.5420 0.8393
vn -0.0840 0.3663 0.9267
vn -0.3046 0.1918 0.9330
vn -0.4779 0.0527 0.8768
vn -0.5056 -0.0117 0.8627
vn 0.5042 0.0399 0.8627
vn 0.2688 -0.1645 0.9490
vn 0.2157 -0.1528 0.9644
vn 0.0675 -0.1376 0.9882
vn 0.1833 -0.0111 0.9830
vn -0.0698 -0.1278 0.9893
vn -0.2781 -0.0605 0.9586
vn -0.1416 -0.0048 0.9899
vn 0.0268 -0.0022 0.9996
vn -0.1166 0.0354 0.9925
vn 0.1018 0.0379 0.9941
vn -0.3154 0.0254 0.9486
vn -0.1968 0.0140 0.9803
vn 0.2987 0.0196 0.9541
vn 0.1114 0.0268 0.9934
vn -0.2035 0.0014 0.9791
vn -0.3496 -0.0145 0.9368
vn 0.2899 -0.0088 0.9570
vn -0.2625 -0.0220 0.9647
vn 0.2282 -0.0200 0.9734
vn 0.2754 -0.0312 0.9608
vn 0.1348 -0.0363 0.9902
vn -0.1895 -0.0288 0.9815
vn 0.2173 -0.0278 0.9757
vn -0.0275 -0.0255 0.9993
vn -0.1962 0.0074 0.9805
vn 0.0740 0.0244 0.9970
vn 0.0969 0.1878 0.9774
vn -0.1789 0.1760 0.9680
vn 0.2573 0.3324 0.9073
vn -0.3610 0.4671 0.8072
vn -0.6993 0.5174 0.4933
vn -0.9933 0.0187 0.1137
vn -0.9786 -0.1640 0.1241
vn -0.5289 -0.4870 0.6951
vn -0.4070 -0.3746 0.8331
vn -0.1359 0.1370 0.9812
vn 0.2124 0.0088 0.9772
vn -0.0816 0.0507 0.9954
vn -0.1921 0.0501 0.9801
vn -0.3050 0.0397 0.9515
vn -0.1111 0.0214 0.9936
vn 0.1186 -0.0045 0.9929
vn -0.2514 0.0098 0.9678
vn -0.1499 -0.0204 0.9885
vn -0.1190 -0.0274 0.9925
vn -0.1788 0.0413 0.9830
vn 0.3071 0.0866 0.9477
vn 0.5081 0.0303 0.8607
vn -0.2925 0.0903 0.9520
vn -0.4977 0.0881 0.8629
vn -0.4906 -0.0344 0.8707
vn 0.1468 -0.3013 0.9422
vn -0.1515 0.0782 0.9854
vn -0.3194 -0.0441 0.9466
vn 0.3016 -0.0252 0.9531
vn 0.0611 -0.1465 0.9873
vn -0.2180 -0.1274 0.9676
vn -0.0349 0.0281 0.9990
vn 0.1648 0.0032 0.9863
vn -0.0298 0.0059 0.9995
vn -0.1196 -0.0085 0.9928
vn 0.0885 -0.0117 0.9960
vn -0.0675 -0.0294 0.9973
vn 0.0122 0.4654 0.8850
vn -0.4759 0.5591 0.6789
vn -0.5228 0.5350 0.6636
vn 0.5724 0.3997 0.7159
vn -0.9687 0.2228 0.1091
vn -0.7828 -0.4311 0.4487
vn -0.0459 0.0022 0.9989
vn -0.0122 0.0479 0.9988
vn -0.0393 0.1112 0.9930
vn -0.2333 0.0807 0.9690
vn 0.0651 0.0745 0.9951
vn 0.1352 -0.0988 0.9859
vn -0.2168 -0.0765 0.9732
vn -0.0691 0.6252 0.7774
vn -0.5762 0.6602 0.4817
vn -0.6543 0.6366 0.4082
vn 0.7134 0.5171 0.4731
vn 0.1367 0.6603 0.7385
vn 0.5088 0.6143 0.6031
vn 0.6485 0.5796 0.4935
vn -0.7595 0.5844 0.2858
vn -0.8486 0.4981 0.1783
vn -0.9347 -0.3348 0.1196
vn -0.8434 -0.4893 0.2219
vn -0.1174 0.7939 0.5966
vn -0.2820 0.6987 0.6575
vn -0.3803 0.7620 0.5242
vn -0.9164 0.3851 0.1094
vn -0.7856 -0.5299 0.3196
vn -0.1605 0.8391 0.5197
vn 0.2088 0.8110 0.5465
vn 0.2268 0.7772 0.5869
vn -0.4157 0.8035 0.4261
vn 0.5959 0.7072 0.3805
vn -0.9505 0.3079 0.0412
vn -0.5667 0.7372 0.3680
vn 0.6857 0.6542 0.3192
vn -0.9974 0.0718 -0.0079
vn -0.4604 -0.6978 0.5487
vn 0.4941 0.8059 0.3263
vn -0.8546 0.5139 0.0748
vn -0.9745 -0.2243 0.0102
vn -0.8627 -0.5002 0.0749
vn -0.7792 -0.6078 0.1531
vn -0.3873 0.8519 0.3527
vn 0.3629 0.8591 0.3610
vn -0.5940 0.7572 0.2716
vn -0.7945 0.5818 0.1742
vn 0.1160 0.9004 0.4193
vn 0.2959 0.9115 0.2858
vn -0.5291 0.8331 0.1612
vn -0.8797 -0.4692 -0.0776
vn -0.8000 -0.5996 0.0218
vn -0.0160 0.9518 0.3062
vn -0.3707 0.8965 0.2426
vn -0.9281 0.3676 -0.0587
vn -0.7248 -0.6886 0.0221
vn -0.7514 0.6578 0.0526
vn -0.4146 0.9072 0.0714
vn -0.7654 0.6424 -0.0374
vn -0.9889 0.1202 -0.0873
vn 0.3471 0.9309 0.1138
vn 0.1716 0.9730 0.1541
vn -0.1311 0.9816 0.1385
vn -0.9763 -0.1953 -0.0927
vn -0.7886 -0.6063 -0.1026
vn -0.4570 0.8885 -0.0409
vn 0.0330 0.9994 -0.0059
vn -0.2465 0.9688 -0.0259
vn 0.2328 0.9725 0.0002
vn 0.3277 0.9439 -0.0415
vn -0.7126 0.7011 0.0260
vn 0.4207 0.9037 -0.0789
vn -0.8632 0.4999 -0.0712
vn -0.8728 -0.4770 -0.1031
vn -0.9934 0.0863 -0.0757
vn 0.1743 0.9832 -0.0533
vn -0.9487 0.3067 -0.0765
vn -0.9828 -0.1691 -0.0735
vn -0.7973 -0.5928 -0.1137
vn -0.0283 0.9990 -0.0353
vn -0.5261 0.8489 -0.0511
vn -0.6090 0.7899 -0.0719
vn 0.3006 0.9497 -0.0873
vn -0.6742 0.7372 -0.0437
vn -0.7695 0.6379 -0.0301
vn 0.4195 0.9036 -0.0872
vn -0.1668 0.9856 -0.0263
vn 0.2405 0.9690 -0.0563
vn 0.1192 0.9920 -0.0405
vn -0.3797 0.9249 -0.0215
vn -0.9393 0.3412 -0.0347
vn -0.8168 -0.5679 -0.1019
vn 0.3979 0.9171 -0.0256
vn -0.9947 0.0951 -0.0381
vn 0.2359 0.9715 -0.0219
vn -0.0131 0.9999 -0.0062
vn -0.9960 -0.0835 -0.0332
vn -0.9224 -0.3778 -0.0800
vn -0.4377 0.8990 0.0130
vn -0.6617 0.7497 0.0037
vn -0.8286 -0.5484 -0.1128
vn 0.2713 0.9624 0.0135
vn 0.1453 0.9894 0.0038
vn -0.9068 0.4215 -0.0037
vn -0.1867 0.9824 0.0070
vn -0.7350 0.6779 0.0127
vn -0.9863 0.1651 -0.0077
vn 0.4674 0.8838 0.0208
vn -0.0138 0.9997 0.0215
vn 0.1401 0.9897 0.0276
vn -0.8750 -0.4781 -0.0755
vn -0.7876 -0.6127 -0.0659
vn -0.1306 0.9910 0.0282
vn -0.9707 -0.2392 -0.0250
vn 0.2305 0.9725 0.0331
vn -0.3631 0.9314 0.0260
vn -0.7583 0.6496 0.0545
vn -0.8911 0.4529 0.0273
vn -0.9560 0.2926 0.0208
vn -0.9869 0.1581 0.0308
vn -0.9997 -0.0236 0.0054
vn 0.0469 0.9984 0.0325
vn 0.1327 0.9907 0.0291
vn -0.8699 -0.4932 -0.0084
vn -0.1851 0.9819 0.0409
vn -0.6600 0.7501 0.0413
vn -0.7533 -0.6576 -0.0076
vn -0.3809 0.9235 0.0447
vn -0.9727 -0.2302 0.0311
vn 0.0369 0.9982 0.0476
vn 0.1589 0.9864 0.0425
vn -0.9308 0.3601 0.0635
vn 0.2869 0.9573 0.0358
vn -0.9982 0.0050 0.0602
vn -0.9800 0.1875 0.0665
vn 0.0150 0.9988 0.0458
vn 0.4864 0.8732 0.0296
vn -0.2075 0.9770 0.0484
vn 0.1252 0.9912 0.0428
vn -0.8270 0.5564 0.0801
vn 0.2746 0.9612 0.0279
vn 0.6258 0.7798 0.0167
vn -0.0042 0.9983 0.0573
vn -0.7135 0.6972 0.0704
vn -0.9856 0.1418 0.0922
vn -0.8582 -0.5009 0.1125
vn -0.9427 0.3206 0.0921
vn -0.9945 -0.0314 0.1003
vn 0.5436 0.8393 0.0068
vn 0.6579 0.7517 -0.0461
vn 0.0912 0.9952 0.0359
vn -0.2193 0.9750 0.0350
vn -0.4134 0.9100 0.0316
vn -0.5358 0.8424 0.0576
vn 0.2146 0.9754 -0.0500
vn 0.0350 0.9966 -0.0748
vn -0.1545 0.9839 -0.0899
vn -0.9658 -0.2346 0.1106
vn -0.8912 -0.4424 0.1001
vn -0.9198 0.3889 0.0521
vn 0.0527 0.9656 -0.2546
vn -0.7735 0.6331 0.0295
vn -0.9785 0.1925 0.0744
vn -0.5309 0.8431 -0.0860
vn -0.7101 0.7039 0.0159
vn -0.7725 0.6072 -0.1860
vn -0.4437 0.8165 -0.3693
vn -0.5653 0.7813 -0.2647
vn -0.9029 0.4068 -0.1385
vn -0.9815 0.1783 -0.0705
vn -0.9097 -0.4043 -0.0948
vn -0.1353 0.8417 -0.5227
vn -0.5689 0.7105 -0.4141
vn -0.4263 0.7531 -0.5011
vn -0.7942 0.5065 -0.3358
vn -0.6943 0.5788 -0.4277
vn -0.9435 0.2299 -0.2384
vn -0.9032 0.3220 -0.2840
vn -0.8467 0.3576 -0.3939
vn -0.9558 0.0688 -0.2857
vn -0.9178 0.2700 -0.2911
vn -0.8328 0.2793 -0.4779
vn -0.9368 0.2114 -0.2787
vn -0.9165 0.2257 -0.3302
vn -0.8844 0.1818 -0.4299
vn -0.7045 0.0664 -0.7066
vn -0.8615 0.0675 -0.5032
vn -0.7949 0.0742 -0.6022
vn -0.9524 0.1663 -0.2555
vn -0.9580 0.2298 -0.1717
vn -0.7182 -0.0052 -0.6958
vn -0.8834 0.0549 -0.4654
vn -0.6594 -0.0620 -0.7492
vn -0.6994 0.0513 -0.7129
vn -0.6850 0.0633 -0.7258
vn -0.8324 0.0602 -0.5509
vn -0.9434 0.2407 -0.2283
vn -0.7411 0.0015 -0.6714
vn -0.7429 -0.0770 -0.6649
vn -0.9358 0.0822 -0.3428
vn -0.7782 0.0140 -0.6279
vn -0.8317 -0.0223 -0.5548
vn -0.7786 0.0137 -0.6273
vn 0.0757 0.7504 -0.6566
vn -0.8561 0.2486 -0.4532
vn -0.8671 0.0667 -0.4936
vn -0.8845 0.0595 -0.4627
vn -0.9358 0.0542 -0.3484
vn -0.8003 -0.1159 -0.5883
vn -0.7980 -0.0192 -0.6023
vn -0.8178 0.0212 -0.5751
vn -0.7902 0.0277 -0.6123
vn -0.8205 0.0196 -0.5714
vn -0.8725 0.0099 -0.4885
vn -0.8310 0.0001 -0.5563
vn -0.8199 0.0266 -0.5720
vn -0.6061 0.6396 -0.4728
vn -0.7195 0.5105 -0.4709
vn -0.6760 0.6346 -0.3746
vn -0.8134 0.4591 -0.3572
vn -0.9254 0.0640 -0.3734
vn -0.9849 0.0423 -0.1680
vn -0.9883 0.1051 -0.1105
vn -0.9748 0.2103 -0.0740
vn -0.9860 0.1660 0.0168
vn -0.9987 -0.0231 0.0461
vn -0.9683 -0.2481 0.0284
vn -0.8810 0.0013 -0.4732
vn 0.5212 0.7328 -0.4374
vn 0.3516 0.7769 -0.5222
vn 0.4001 0.8276 -0.3936
vn -0.4233 0.7594 -0.4941
vn 0.6392 0.5765 -0.5090
vn -0.9262 0.1932 -0.3238
vn -0.9446 0.0576 -0.3233
vn -0.9031 0.0287 -0.4285
vn -0.9045 0.0281 -0.4255
vn -0.9753 0.0430 -0.2166
vn -0.9073 0.0260 -0.4197
vn -0.9366 -0.0281 -0.3493
vn 0.0787 0.9420 -0.3264
vn 0.0828 0.8705 -0.4852
vn -0.2706 0.8937 -0.3578
vn -0.2434 0.8540 -0.4598
vn -0.9398 0.1309 -0.3155
vn -0.9162 0.0756 -0.3935
vn -0.4064 0.8453 -0.3468
vn 0.5876 0.7352 -0.3381
vn -0.9733 0.0270 -0.2281
vn -0.9730 0.0396 -0.2276
vn -0.9985 0.0383 0.0401
vn -0.9834 0.1332 0.1234
vn -0.9624 0.2099 0.1726
vn -0.9685 -0.0219 0.2482
vn -0.9535 -0.1699 0.2488
vn -0.9564 -0.2261 0.1851
vn -0.9459 0.0057 -0.3245
vn -0.9523 -0.0038 -0.3053
vn -0.9670 0.0039 -0.2547
vn 0.3282 0.9302 -0.1644
vn -0.9126 0.3922 -0.1153
vn -0.9676 0.0010 -0.2524
vn -0.9970 0.0438 -0.0637
vn -0.9995 0.0298 -0.0134
vn -0.9599 0.1216 0.2527
vn -0.9950 0.0493 -0.0863
vn -0.9949 -0.0732 -0.0691
vn 0.0959 0.9931 -0.0675
vn -0.2388 0.9661 -0.0977
vn -0.4293 0.8858 -0.1764
vn 0.6663 0.6994 -0.2588
vn -0.9839 0.1371 -0.1143
vn -0.9986 0.0295 -0.0450
vn -0.9984 0.0406 -0.0392
vn -0.9970 0.0318 -0.0708
vn -0.9816 0.0192 -0.1898
vn -0.9897 -0.0051 -0.1431
vn -0.9979 -0.0205 -0.0615
vn -0.9996 0.0207 -0.0208
vn -0.9827 0.1849 0.0046
vn -0.9770 0.1783 -0.1167
vn -0.9852 -0.1622 -0.0550
vn -0.9064 0.1601 0.3909
vn -0.9275 0.0514 0.3702
vn -0.9108 -0.1334 0.3906
vn -0.9481 -0.1226 0.2933
vn 0.0913 0.9866 0.1352
vn -0.9682 0.0468 0.2459
vn -0.9937 0.0335 0.1071
vn -0.9833 0.0036 0.1819
vn -0.9469 0.0179 0.3211
vn -0.9119 0.1355 0.3873
vn -0.8580 -0.0584 0.5103
vn -0.8724 -0.1187 0.4742
vn -0.9676 0.1770 0.1798
vn -0.9690 0.0637 0.2386
vn -0.9803 -0.0192 0.1967
vn -0.9897 -0.0928 0.1089
vn -0.8615 -0.4954 0.1111
vn -0.2286 0.9602 0.1606
vn 0.4011 0.9100 0.1049
vn -0.4687 0.8745 0.1245
vn -0.6300 0.7766 0.0028
vn -0.7530 0.6454 0.1285
vn -0.8932 0.4271 0.1407
vn -0.9870 0.0796 0.1394
vn -0.9764 -0.0199 0.2152
vn -0.9511 0.0345 0.3069
vn -0.9780 0.0371 0.2052
vn -0.9655 0.0224 0.2593
vn -0.9794 -0.0289 0.1997
vn -0.9878 0.0589 0.1444
vn -0.9984 0.0344 0.0443
vn -0.9967 -0.0237 0.0780
vn -0.9797 -0.0463 0.1952
vn -0.9829 -0.0069 0.1842
vn -0.9384 0.1507 0.3110
vn -0.9735 -0.1942 0.1205
vn -0.9294 -0.3329 0.1590
vn -0.8698 0.0387 0.4919
vn -0.8015 -0.0734 0.5934
vn -0.8999 0.0285 0.4352
vn 0.0381 0.9467 0.3198
vn -0.5485 0.7892 0.2762
vn -0.6169 0.7664 0.1790
vn -0.9233 -0.0270 0.3831
vn -0.9054 -0.0224 0.4239
vn -0.8322 0.0862 0.5477
vn -0.7113 0.0527 0.7010
vn -0.7621 0.0934 0.6407
vn -0.7670 0.0479 0.6398
vn -0.7519 -0.0319 0.6585
vn -0.6380 -0.0449 0.7687
vn -0.6391 -0.0306 0.7685
vn -0.8656 -0.0592 0.4972
vn -0.9170 -0.0655 0.3935
vn -0.9095 -0.0108 0.4157
vn -0.8667 0.0711 0.4938
vn -0.8947 0.1644 0.4153
vn -0.9442 -0.0611 0.3236
vn -0.1713 0.9144 0.3667
vn -0.4158 0.8489 0.3263
vn 0.5277 0.7938 0.3024
vn -0.7041 0.5915 0.3928
vn -0.8128 0.4406 0.3811
vn -0.9050 0.1604 0.3939
vn -0.9049 -0.0115 0.4255
vn -0.8935 -0.0586 0.4453
vn -0.8577 0.0539 0.5113
vn -0.8669 0.0530 0.4956
vn -0.8973 0.0446 0.4392
vn -0.9083 0.0350 0.4170
vn -0.8721 0.0100 0.4892
vn -0.8822 -0.0270 0.4700
vn -0.6656 0.0585 0.7441
vn -0.8335 0.0887 0.5453
vn -0.9046 0.0885 0.4170
vn -0.9513 0.0772 0.2983
vn -0.9576 0.0054 0.2882
vn -0.8330 0.1752 0.5248
vn -0.8905 0.0579 0.4513
vn -0.7198 -0.0672 0.6909
vn -0.6054 -0.0605 0.7936
vn -0.4561 0.0236 0.8896
vn -0.4927 0.0123 0.8701
vn -0.3770 -0.0112 0.9261
vn -0.5639 0.0241 0.8255
vn -0.6291 0.0798 0.7732
vn -0.9463 -0.0543 0.3188
vn -0.7928 0.1556 0.5893
vn -0.4164 0.7510 0.5125
vn -0.8479 0.2081 0.4875
vn 0.3675 0.1155 0.9228
vn 0.5810 0.0867 0.8092
vn 0.4204 0.1864 0.8880
vn -0.7995 0.0580 0.5979
vn -0.8244 0.0490 0.5639
vn -0.8523 -0.0229 0.5225
vn -0.7146 -0.0925 0.6934
vn -0.3782 -0.1736 0.9093
vn -0.2373 -0.0378 0.9707
vn -0.2561 -0.0131 0.9666
vn -0.0093 -0.0485 0.9988
vn -0.0086 -0.1080 0.9941
vn -0.0262 -0.0380 0.9989
vn 0.0390 -0.0336 0.9987
vn -0.0079 0.0371 0.9993
vn -0.2322 0.0557 0.9711
vn -0.2162 0.2135 0.9527
vn -0.1060 -0.0365 0.9937
vn -0.1057 0.1391 0.9846
vn -0.0469 0.0612 0.9970
vn -0.1660 0.1115 0.9798
vn -0.3731 0.2091 0.9039
vn -0.5696 0.2546 0.7815
vn -0.7900 0.1241 0.6005
vn -0.8575 -0.0759 0.5089
vn -0.8401 -0.0623 0.5389
vn -0.8381 0.0002 0.5455
vn -0.8189 0.0651 0.5702
vn -0.2227 0.8115 0.5403
vn -0.6480 0.5992 0.4702
vn -0.7356 0.4943 0.4633
vn -0.8652 -0.0171 0.5012
vn -0.6928 -0.1463 0.7062
vn -0.7595 -0.1089 0.6413
vn -0.7422 -0.0902 0.6641
vn -0.6738 -0.0498 0.7372
vn -0.7105 -0.0119 0.7036
vn -0.7376 0.0504 0.6733
vn -0.6450 0.0554 0.7621
vn -0.6466 0.0753 0.7591
vn 0.5574 0.0720 0.8271
vn 0.6862 0.0486 0.7258
vn -0.8219 0.0251 0.5690
vn -0.8004 0.0077 0.5994
vn -0.1388 -0.2454 0.9594
vn -0.2644 -0.2370 0.9348
vn -0.0990 -0.0590 0.9933
vn -0.0846 -0.2382 0.9675
vn -0.0761 -0.1899 0.9789
vn -0.3241 0.2532 0.9115
vn -0.2849 0.3282 0.9006
vn -0.2190 0.2873 0.9325
vn -0.3077 0.3656 0.8784
vn -0.4367 0.3347 0.8350
vn -0.8380 0.1047 0.5355
vn -0.8533 0.0485 0.5192
vn -0.8574 -0.0409 0.5130
vn -0.8132 0.0915 0.5748
vn -0.7766 0.1609 0.6091
vn 0.5824 0.0933 0.8075
vn 0.7182 0.0579 0.6935
vn -0.7761 0.1207 0.6189
vn -0.8343 -0.0521 0.5489
vn -0.2096 0.6871 0.6957
vn 0.6959 0.6038 0.3888
vn -0.7051 -0.0930 0.7030
vn 0.6268 0.0386 0.7782
vn 0.6958 0.0317 0.7175
vn -0.4102 -0.1721 0.8956
vn -0.0658 -0.2902 0.9547
vn 0.5834 0.0046 0.8122
vn 0.3143 -0.0107 0.9493
vn 0.3799 0.0219 0.9248
vn 0.6377 -0.0138 0.7702
vn -0.2359 0.1330 0.9626
vn -0.2935 0.2728 0.9162
vn 0.5154 -0.0022 0.8569
vn 0.7017 -0.0468 0.7110
vn -0.2694 0.3327 0.9037
vn -0.3075 0.3895 0.8682
vn -0.5830 0.2392 0.7764
vn -0.7857 0.1006 0.6103
vn -0.7728 -0.0539 0.6323
vn 0.5468 -0.0531 0.8356
vn 0.5076 -0.0283 0.8611
vn 0.0098 0.7395 0.6731
vn -0.3531 0.6096 0.7097
vn -0.5695 0.5230 0.6341
vn -0.5753 0.5708 0.5859
vn -0.6179 0.3975 0.6783
vn -0.7137 0.1166 0.6907
vn -0.5293 -0.1965 0.8254
vn -0.4187 -0.0969 0.9029
vn -0.4705 0.0661 0.8799
vn -0.5929 0.0508 0.8037
vn 0.4109 0.0783 0.9083
vn 0.3782 0.1485 0.9137
vn -0.6540 0.0414 0.7553
vn -0.6428 0.0277 0.7655
vn -0.6904 0.0228 0.7230
vn 0.5501 0.0244 0.8348
vn -0.6475 -0.0173 0.7619
vn -0.5866 0.0030 0.8099
vn -0.5343 -0.0426 0.8442
vn 0.6510 -0.0307 0.7585
vn -0.2525 -0.2493 0.9349
vn -0.1549 -0.3126 0.9372
vn 0.0414 -0.2459 0.9684
vn 0.2199 0.0664 0.9733
vn 0.0213 0.1680 0.9856
vn -0.1980 0.3177 0.9273
vn -0.2538 0.3466 0.9030
vn 0.5470 -0.0077 0.8371
vn -0.3204 0.3308 0.8876
vn -0.6508 0.1133 0.7508
vn -0.5959 0.1525 0.7884
vn -0.7708 0.0202 0.6368
vn -0.7760 -0.0314 0.6299
vn -0.7997 -0.0756 0.5957
vn 0.5759 -0.0506 0.8160
vn 0.5805 -0.0394 0.8133
vn 0.4716 -0.0628 0.8796
vn -0.7899 -0.0801 0.6080
vn 0.4069 -0.0577 0.9116
vn 0.3516 -0.0261 0.9358
vn 0.3809 0.0016 0.9246
vn 0.3751 0.0579 0.9252
vn 0.6105 0.1353 0.7804
vn 0.6879 0.0887 0.7203
vn -0.7638 0.1010 0.6375
vn -0.7184 -0.4557 0.5256
vn -0.6236 0.1762 0.7616
vn -0.5316 -0.2284 0.8156
vn -0.0583 -0.4472 -0.8925
vn 0.0919 -0.2144 0.9724
vn -0.0421 0.0663 0.9969
vn -0.2389 0.0657 0.9688
vn -0.4505 0.0524 0.8912
vn 0.2505 0.0679 0.9657
vn 0.4949 0.0412 0.8680
vn -0.4906 0.0329 0.8708
vn -0.4292 -0.1004 0.8976
vn 0.1508 -0.1763 0.9727
vn -0.0721 -0.2850 0.9558
vn -0.0936 0.2325 0.9681
vn 0.3565 0.0370 0.9336
vn 0.0958 0.1288 0.9870
vn -0.4564 0.2349 0.8582
vn -0.5055 0.0769 0.8594
vn -0.6538 0.0390 0.7556
vn 0.2457 -0.0680 0.9670
vn -0.5362 -0.0877 0.8395
vn -0.6359 -0.0856 0.7671
vn -0.6328 -0.0745 0.7707
vn -0.5197 -0.0234 0.8541
vn -0.6236 -0.0137 0.7816
vn 0.2582 -0.0023 0.9661
vn -0.6471 0.0482 0.7609
vn -0.5678 0.1085 0.8160
vn -0.6421 0.1224 0.7568
vn 0.2838 0.0398 0.9580
vn -0.6472 0.1498 0.7475
vn 0.4947 0.1964 0.8466
vn -0.7782 0.0339 0.6271
vn -0.7724 -0.0857 0.6293
vn 0.1861 -0.7648 0.6168
vn 0.2622 0.5428 0.7979
vn 0.4419 0.5422 0.7147
vn -0.5191 0.3596 0.7754
vn -0.5588 -0.0394 0.8284
vn -0.1861 -0.3340 0.9240
vn -0.3225 -0.3188 0.8913
vn 0.1340 -0.4275 0.8940
vn -0.0109 -0.4074 0.9132
vn 0.1074 -0.4399 0.8916
vn -0.0251 0.0807 0.9964
vn -0.1346 0.0522 0.9895
vn -0.3077 0.0428 0.9505
vn 0.3332 0.0428 0.9419
vn -0.3233 0.0261 0.9459
vn -0.4424 -0.0021 0.8968
vn -0.3276 -0.0407 0.9439
vn -0.0922 0.2353 0.9676
vn -0.2754 0.1765 0.9450
vn -0.5019 0.1377 0.8539
vn -0.5255 -0.0509 0.8493
vn -0.6468 -0.0203 0.7624
vn -0.6164 -0.0767 0.7837
vn -0.2356 -0.0750 0.9690
vn -0.0805 0.0044 0.9967
vn 0.0032 -0.0859 0.9963
vn 0.0463 0.0154 0.9988
vn 0.1838 0.0372 0.9823
vn -0.2173 0.0568 0.9745
vn -0.2859 0.1490 0.9466
vn -0.3919 0.1522 0.9073
vn 0.3403 0.1181 0.9329
vn -0.5626 0.1559 0.8119
vn -0.5953 0.1394 0.7913
vn -0.7483 -0.1768 0.6393
vn 0.0750 0.6099 0.7889
vn -0.1866 0.5408 0.8202
vn -0.3190 0.5104 0.7986
vn 0.7282 0.2896 0.6211
vn 0.0446 0.0499 0.9978
vn -0.1265 0.0350 0.9913
vn -0.3019 -0.0049 0.9533
vn 0.1779 -0.0300 0.9836
vn 0.1421 -0.1123 0.9835
vn 0.0204 0.1463 0.9890
vn -0.1222 0.1903 0.9741
vn 0.1718 0.0893 0.9811
vn 0.2601 0.0299 0.9651
vn 0.3438 -0.0093 0.9390
vn -0.4916 0.0100 0.8708
vn -0.4776 -0.0787 0.8750
vn -0.2922 -0.0923 0.9519
vn -0.1052 -0.1005 0.9894
vn 0.0424 0.0978 0.9943
vn -0.1129 0.1360 0.9843
vn 0.1860 0.1215 0.9750
vn 0.6485 -0.1782 0.7400
vn -0.0971 -0.5449 0.8329
vn 0.0704 0.4712 0.8792
vn -0.1869 0.4658 0.8649
vn 0.3403 0.4244 0.8391
vn -0.2003 0.3121 0.9287
vn -0.3604 0.1885 0.9135
vn 0.6111 0.1313 0.7806
vn 0.5584 0.2377 0.7948
vn -0.2577 -0.2970 0.9195
vn -0.0885 -0.4030 0.9109
vn 0.0224 0.0225 0.9995
vn -0.1378 0.0027 0.9905
vn 0.0145 -0.0184 0.9997
vn -0.1596 -0.0404 0.9864
vn 0.0678 0.0789 0.9946
vn -0.1065 0.0958 0.9897
vn -0.2752 0.0929 0.9569
vn 0.1418 0.0136 0.9898
vn -0.2187 0.0339 0.9752
vn 0.2522 -0.0208 0.9675
vn 0.1182 -0.0231 0.9927
vn -0.3021 -0.0361 0.9526
vn 0.1403 -0.0817 0.9867
vn -0.0191 -0.0456 0.9988
vn -0.1469 -0.0811 0.9858
vn 0.0435 -0.0984 0.9942
vn 0.0089 0.1784 0.9839
vn -0.2426 0.1804 0.9532
vn -0.4501 0.1522 0.8799
vn 0.3601 0.2223 0.9060
vn -0.5183 0.0885 0.8506
vn -0.6131 0.0715 0.7867
vn -0.5729 -0.0179 0.8195
vn 0.4215 0.0053 0.9068
vn -0.4422 -0.3024 0.8444
vn -0.5592 -0.1682 0.8118
vn 0.2289 0.4140 0.8810
vn -0.3029 -0.0352 0.9524
vn 0.2249 -0.1961 0.9545
vn 0.0202 -0.3042 0.9524
vn 0.0102 0.0171 0.9998
vn -0.0074 0.1744 0.9846
vn -0.2545 0.1250 0.9590
vn 0.2021 0.2045 0.9578
vn 0.3177 0.1452 0.9370
vn -0.4037 -0.0045 0.9149
vn -0.4425 -0.1459 0.8848
vn 0.3596 -0.1927 0.9130
vn 0.1466 -0.3420 0.9282
vn -0.1480 -0.3702 0.9171
vn 0.0199 0.3347 0.9421
vn -0.0374 0.2047 0.9781
vn -0.0414 -0.0896 0.9951
vn 0.1274 0.1249 0.9840
vn -0.0837 0.0347 0.9959
vn 0.1981 0.0321 0.9796
vn -0.1599 -0.1475 0.9760
vn 0.1523 -0.1201 0.9810
vt 0.940136 0.589824
vt 0.944348 0.580125
vt 0.930671 0.578868
vt 0.930082 0.563198
vt 0.962361 0.571429
vt 0.941655 0.568037
vt 0.917690 0.567708
vt 0.958395 0.558887
vt 0.920900 0.558393
vt 0.934745 0.552507
vt 0.927068 0.541886
vt 0.952392 0.592522
vt 0.946533 0.603815
vt 0.929437 0.590276
vt 0.972671 0.582503
vt 0.919325 0.578281
vt 0.980862 0.557691
vt 0.973833 0.548403
vt 0.909356 0.554486
vt 0.917628 0.546039
vt 0.950961 0.536659
vt 0.939639 0.531464
vt 0.929541 0.525809
vt 0.918032 0.529054
vt 0.924454 0.524087
vt 0.965037 0.603568
vt 0.952850 0.612116
vt 0.977029 0.600483
vt 0.980918 0.592705
vt 0.980383 0.580366
vt 0.907891 0.567424
vt 0.983195 0.544827
vt 0.910778 0.534606
vt 0.980335 0.534112
vt 0.966333 0.528032
vt 0.920653 0.510864
vt 0.944862 0.500137
vt 0.932884 0.505281
vt 0.974066 0.510599
vt 0.927336 0.504935
vt 0.953826 0.873122
vt 0.945101 0.869094
vt 0.954142 0.888749
vt 0.943828 0.879216
vt 0.933791 0.862087
vt 0.978460 0.617234
vt 0.959829 0.619449
vt 0.941015 0.618612
vt 0.984134 0.601624
vt 0.984152 0.612370
vt 0.937574 0.610067
vt 0.926502 0.602007
vt 0.986889 0.592629
vt 0.919016 0.587570
vt 0.985210 0.581249
vt 0.501683 0.454990
vt 0.492579 0.458827
vt 0.492618 0.453237
vt 0.909272 0.577993
vt 0.988297 0.556440
vt 0.451310 0.012734
vt 0.460293 0.010295
vt 0.459750 0.015540
vt 0.469328 0.015069
vt 0.472385 0.454608
vt 0.461364 0.456044
vt 0.460026 0.453302
vt 0.986631 0.541166
vt 0.908584 0.526038
vt 0.904026 0.541677
vt 0.980907 0.504175
vt 0.913854 0.509129
vt 0.986948 0.510193
vt 0.922463 0.489298
vt 0.937177 0.486919
vt 0.931300 0.483866
vt 0.976064 0.485222
vt 0.948453 0.480829
vt 0.983563 0.484400
vt 0.942252 0.468368
vt 0.934010 0.465629
vt 0.959558 0.464614
vt 0.953554 0.451853
vt 0.945646 0.447553
vt 0.956923 0.250981
vt 0.949433 0.222771
vt 0.948678 0.249781
vt 0.972130 0.222266
vt 0.957600 0.221690
vt 0.943356 0.221440
vt 0.949697 0.210031
vt 0.943258 0.209837
vt 0.987720 0.210908
vt 0.958642 0.209208
vt 0.949275 0.200671
vt 0.962293 0.200895
vt 0.958662 0.192179
vt 0.950544 0.189443
vt 0.940427 0.189113
vt 0.953574 0.903991
vt 0.959585 0.894141
vt 0.945592 0.892932
vt 0.984801 0.891836
vt 0.972465 0.884598
vt 0.935991 0.880966
vt 0.976364 0.873828
vt 0.964408 0.857904
vt 0.953303 0.860937
vt 0.925673 0.863472
vt 0.944212 0.847740
vt 0.941648 0.846379
vt 0.935045 0.846414
vt 0.933934 0.825542
vt 0.942023 0.830560
vt 0.928498 0.829414
vt 0.940684 0.821924
vt 0.930382 0.815330
vt 0.941282 0.807901
vt 0.935598 0.805489
vt 0.940734 0.775871
vt 0.934733 0.769655
vt 0.931926 0.801973
vt 0.929702 0.769104
vt 0.940791 0.753276
vt 0.938832 0.740181
vt 0.930561 0.745291
vt 0.953004 0.734576
vt 0.931084 0.735823
vt 0.923460 0.734409
vt 0.939200 0.724881
vt 0.945361 0.718693
vt 0.931063 0.718706
vt 0.939541 0.697570
vt 0.956545 0.713340
vt 0.961523 0.699933
vt 0.945758 0.699969
vt 0.977301 0.684183
vt 0.965274 0.689199
vt 0.983009 0.703338
vt 0.951157 0.679730
vt 0.962900 0.674336
vt 0.940244 0.674435
vt 0.980101 0.677201
vt 0.975942 0.659576
vt 0.962084 0.664152
vt 0.949506 0.659332
vt 0.957406 0.647557
vt 0.979639 0.644151
vt 0.970944 0.643095
vt 0.947241 0.647460
vt 0.952763 0.634111
vt 0.977088 0.631256
vt 0.963380 0.635215
vt 0.984726 0.639639
vt 0.983589 0.627449
vt 0.939525 0.627214
vt 0.987746 0.625008
vt 0.926309 0.614538
vt 0.988270 0.602590
vt 0.509340 0.457773
vt 0.502366 0.461438
vt 0.914503 0.600790
vt 0.493481 0.462448
vt 0.476490 0.460305
vt 0.467283 0.460971
vt 0.480988 0.014441
vt 0.480392 0.020258
vt 0.448554 0.456965
vt 0.435037 0.455365
vt 0.493632 0.014951
vt 0.435448 0.459264
vt 0.987479 0.487823
vt 0.918446 0.478068
vt 0.515330 0.019415
vt 0.499194 0.020525
vt 0.925609 0.462408
vt 0.978231 0.465774
vt 0.984354 0.469837
vt 0.933822 0.458342
vt 0.984313 0.445837
vt 0.966499 0.444166
vt 0.943204 0.440199
vt 0.935701 0.441570
vt 0.967786 0.422704
vt 0.956545 0.426438
vt 0.939464 0.415390
vt 0.945786 0.414257
vt 0.954205 0.404464
vt 0.963392 0.393405
vt 0.940097 0.390321
vt 0.945615 0.389151
vt 0.954448 0.385218
vt 0.940028 0.351647
vt 0.967923 0.371990
vt 0.946746 0.347886
vt 0.955160 0.344802
vt 0.964762 0.340298
vt 0.966607 0.298982
vt 0.956232 0.312474
vt 0.947919 0.308676
vt 0.956715 0.286897
vt 0.948217 0.292053
vt 0.948635 0.275610
vt 0.964094 0.269502
vt 0.959411 0.251029
vt 0.943222 0.251672
vt 0.976335 0.255158
vt 0.977133 0.242517
vt 0.936857 0.223265
vt 0.993643 0.221828
vt 0.993970 0.212833
vt 0.937736 0.209728
vt 0.990683 0.202526
vt 0.983594 0.191851
vt 0.938480 0.199720
vt 0.970619 0.183479
vt 0.959117 0.179981
vt 0.964459 0.904524
vt 0.945499 0.903952
vt 0.983156 0.896908
vt 0.936696 0.904918
vt 0.935791 0.894545
vt 0.989387 0.882706
vt 0.987727 0.872340
vt 0.929713 0.891341
vt 0.975816 0.846931
vt 0.958060 0.841553
vt 0.957063 0.830563
vt 0.923193 0.820187
vt 0.954437 0.813806
vt 0.925743 0.801167
vt 0.945322 0.799847
vt 0.960102 0.805164
vt 0.924591 0.765773
vt 0.957881 0.778837
vt 0.952661 0.751860
vt 0.923777 0.746388
vt 0.960116 0.737389
vt 0.920509 0.734649
vt 0.924790 0.711683
vt 0.986937 0.712089
vt 0.987228 0.698849
vt 0.983019 0.711802
vt 0.967203 0.714100
vt 0.930447 0.701660
vt 0.930674 0.686265
vt 0.988778 0.681609
vt 0.983250 0.667062
vt 0.933011 0.660409
vt 0.984348 0.652686
vt 0.989086 0.642123
vt 0.943678 0.638444
vt 0.925395 0.628540
vt 0.515632 0.461376
vt 0.517720 0.455987
vt 0.527378 0.460741
vt 0.486073 0.463407
vt 0.453508 0.462198
vt 0.425070 0.462756
vt 0.417076 0.456532
vt 0.511309 0.020664
vt 0.987777 0.464316
vt 0.988724 0.446661
vt 0.932746 0.439121
vt 0.983684 0.413459
vt 0.934477 0.413291
vt 0.987194 0.388593
vt 0.934895 0.390694
vt 0.936003 0.352814
vt 0.979501 0.346814
vt 0.982384 0.324246
vt 0.939042 0.312903
vt 0.940444 0.293809
vt 0.985418 0.293734
vt 0.941669 0.271880
vt 0.994525 0.240911
vt 0.999096 0.213283
vt 0.943649 0.181251
vt 0.951215 0.173901
vt 0.954218 0.913727
vt 0.712407 0.662640
vt 0.695521 0.664888
vt 0.702564 0.673696
vt 0.944461 0.913105
vt 0.686334 0.669473
vt 0.979585 0.907618
vt 0.991187 0.895445
vt 0.992233 0.869321
vt 0.995822 0.875291
vt 0.257089 0.002381
vt 0.247264 0.007101
vt 0.239142 0.001850
vt 0.990062 0.846521
vt 0.979727 0.840439
vt 0.284713 0.004680
vt 0.275857 0.010582
vt 0.299287 0.010675
vt 0.286269 0.011059
vt 0.297162 0.004746
vt 0.320177 0.006555
vt 0.306795 0.009108
vt 0.969348 0.776458
vt 0.964598 0.755202
vt 0.975115 0.733827
vt 0.985648 0.734130
vt 0.981651 0.733335
vt 0.917145 0.719962
vt 0.990516 0.723896
vt 0.992640 0.707849
vt 0.920551 0.706107
vt 0.586395 0.458998
vt 0.593759 0.463510
vt 0.572816 0.461983
vt 0.925103 0.678701
vt 0.989185 0.662529
vt 0.931602 0.639985
vt 0.541080 0.463140
vt 0.537662 0.466251
vt 0.517082 0.464709
vt 0.915407 0.614548
vt 0.491565 0.466804
vt 0.459875 0.467572
vt 0.495893 0.027294
vt 0.480138 0.027844
vt 0.433196 0.468349
vt 0.415886 0.464638
vt 0.395464 0.459875
vt 0.398187 0.456842
vt 0.384069 0.456708
vt 0.527379 0.017890
vt 0.543304 0.022315
vt 0.531023 0.022628
vt 0.368592 0.459024
vt 0.991985 0.427442
vt 0.544285 0.016721
vt 0.562040 0.018018
vt 0.993558 0.403843
vt 0.987030 0.360699
vt 0.984233 0.269068
vt 0.999259 0.244940
vt 0.999641 0.224012
vt 0.997527 0.202935
vt 0.991757 0.191094
vt 0.705360 0.018495
vt 0.712474 0.019140
vt 0.712214 0.025901
vt 0.983500 0.180172
vt 0.969510 0.173035
vt 0.632036 0.215626
vt 0.639393 0.225859
vt 0.632295 0.227155
vt 0.962267 0.166794
vt 0.722508 0.659752
vt 0.733645 0.663095
vt 0.729965 0.649882
vt 0.985963 0.905113
vt 0.229561 0.000383
vt 0.230324 0.007731
vt 0.995628 0.846512
vt 0.261388 0.010155
vt 0.994764 0.835664
vt 0.992953 0.826029
vt 0.977962 0.826676
vt 0.978272 0.797590
vt 0.984973 0.769860
vt 0.978471 0.755595
vt 0.988667 0.757373
vt 0.989239 0.738173
vt 0.340644 0.010277
vt 0.345428 0.017884
vt 0.337643 0.013062
vt 0.993608 0.736446
vt 0.350025 0.014058
vt 0.915518 0.688150
vt 0.567224 0.467962
vt 0.919363 0.678113
vt 0.557530 0.463365
vt 0.920678 0.650747
vt 0.922982 0.637195
vt 0.427839 0.017089
vt 0.426291 0.022418
vt 0.418918 0.020337
vt 0.508634 0.470057
vt 0.479012 0.468312
vt 0.460046 0.020389
vt 0.469014 0.020665
vt 0.460028 0.027374
vt 0.441454 0.471803
vt 0.401284 0.466055
vt 0.383576 0.464983
vt 0.362213 0.462438
vt 0.561374 0.025497
vt 0.349718 0.459116
vt 0.336042 0.461018
vt 0.577458 0.018629
vt 0.994480 0.384713
vt 0.992406 0.351237
vt 0.603085 0.018527
vt 0.616197 0.024822
vt 0.604199 0.026863
vt 0.989106 0.310693
vt 0.991112 0.275140
vt 0.994295 0.254855
vt 0.190656 0.451102
vt 0.181298 0.457456
vt 0.180117 0.450537
vt 0.939311 0.175584
vt 0.720225 0.023911
vt 0.645411 0.213994
vt 0.954298 0.167036
vt 0.635818 0.208280
vt 0.684346 0.656230
vt 0.753081 0.464514
vt 0.754172 0.471755
vt 0.744293 0.463251
vt 0.743875 0.470042
vt 0.733001 0.468680
vt 0.728670 0.462518
vt 0.722670 0.467638
vt 0.705546 0.463537
vt 0.707228 0.467895
vt 0.693812 0.466624
vt 0.999641 0.832003
vt 0.999313 0.804515
vt 0.994649 0.804089
vt 0.990664 0.791359
vt 0.993223 0.774658
vt 0.989863 0.772056
vt 0.647282 0.465675
vt 0.638361 0.469830
vt 0.633339 0.462499
vt 0.625884 0.466531
vt 0.993542 0.748158
vt 0.616495 0.465904
vt 0.611895 0.469849
vt 0.606624 0.462384
vt 0.593232 0.468544
vt 0.913127 0.669268
vt 0.554061 0.470561
vt 0.540064 0.470751
vt 0.916124 0.637354
vt 0.522197 0.470724
vt 0.913954 0.627741
vt 0.919150 0.619058
vt 0.497256 0.480814
vt 0.483352 0.475241
vt 0.468391 0.027546
vt 0.532625 0.028640
vt 0.362577 0.467456
vt 0.334414 0.458596
vt 0.306080 0.459046
vt 0.312162 0.461336
vt 0.996401 0.349210
vt 0.995974 0.309259
vt 0.995439 0.292551
vt 0.996035 0.276917
vt 0.223827 0.454193
vt 0.220868 0.458533
vt 0.207345 0.451545
vt 0.208909 0.458093
vt 0.199823 0.457762
vt 0.198889 0.450922
vt 0.190004 0.458203
vt 0.171658 0.458142
vt 0.606398 0.164326
vt 0.621283 0.166791
vt 0.616935 0.176026
vt 0.627509 0.173527
vt 0.647959 0.222895
vt 0.634887 0.186957
vt 0.624871 0.192075
vt 0.632602 0.199300
vt 0.640963 0.196798
vt 0.644480 0.203159
vt 0.706270 0.471781
vt 0.691849 0.469506
vt 0.672790 0.468804
vt 0.671782 0.467447
vt 0.574540 0.470820
vt 0.911393 0.647860
vt 0.429719 0.028886
vt 0.417758 0.028390
vt 0.478077 0.478636
vt 0.456211 0.477921
vt 0.329796 0.465552
vt 0.306620 0.465519
vt 0.274104 0.463985
vt 0.274418 0.458719
vt 0.259415 0.463590
vt 0.261289 0.457532
vt 0.644325 0.021243
vt 0.644733 0.029688
vt 0.628856 0.032904
vt 0.249041 0.456503
vt 0.246566 0.462286
vt 0.690178 0.018582
vt 0.691989 0.034813
vt 0.678862 0.038127
vt 0.752658 0.480457
vt 0.741694 0.476993
vt 0.719764 0.475617
vt 0.620650 0.473854
vt 0.598646 0.475053
vt 0.582945 0.477255
vt 0.520017 0.478733
vt 0.468886 0.477985
vt 0.414235 0.477533
vt 0.397086 0.478954
vt 0.380835 0.478149
vt 0.325064 0.468017
vt 0.668816 0.027430
vt 0.638857 0.174836
vt 0.720275 0.650583
vt 0.724591 0.641806
vt 0.715519 0.638121
vt 0.732017 0.476484
vt 0.692417 0.474734
vt 0.677321 0.475569
vt 0.298337 0.018883
vt 0.280607 0.016217
vt 0.646679 0.475528
vt 0.312117 0.016498
vt 0.311629 0.023149
vt 0.636760 0.476912
vt 0.629615 0.477195
vt 0.340152 0.022603
vt 0.351804 0.024739
vt 0.339901 0.028234
vt 0.548952 0.479734
vt 0.533005 0.480646
vt 0.427663 0.480992
vt 0.536919 0.041036
vt 0.521061 0.028218
vt 0.542730 0.029025
vt 0.552358 0.027754
vt 0.559895 0.034816
vt 0.351386 0.477540
vt 0.306028 0.470713
vt 0.289732 0.470561
vt 0.277043 0.469756
vt 0.231747 0.467130
vt 0.204353 0.465782
vt 0.190423 0.467328
vt 0.180704 0.467607
vt 0.718457 0.031949
vt 0.710513 0.040992
vt 0.711594 0.032131
vt 0.169576 0.468791
vt 0.633837 0.162193
vt 0.654381 0.205356
vt 0.684761 0.644461
vt 0.677631 0.650355
vt 0.759290 0.479711
vt 0.658713 0.477749
vt 0.318781 0.026016
vt 0.321697 0.017980
vt 0.329694 0.025521
vt 0.553775 0.485089
vt 0.424599 0.030278
vt 0.414096 0.036370
vt 0.512882 0.488016
vt 0.426311 0.036613
vt 0.481665 0.489810
vt 0.255811 0.469537
vt 0.659103 0.029119
vt 0.659141 0.044425
vt 0.657966 0.216448
vt 0.650645 0.230445
vt 0.648337 0.191049
vt 0.651975 0.199038
vt 0.245303 0.013810
vt 0.247979 0.021167
vt 0.237024 0.019636
vt 0.644718 0.483289
vt 0.619828 0.485663
vt 0.609182 0.487351
vt 0.573217 0.488060
vt 0.537135 0.488659
vt 0.525907 0.487820
vt 0.502148 0.486820
vt 0.462953 0.485592
vt 0.458520 0.489218
vt 0.445596 0.487604
vt 0.333470 0.482244
vt 0.574505 0.034967
vt 0.592167 0.030501
vt 0.577288 0.042276
vt 0.307921 0.480322
vt 0.226155 0.474983
vt 0.674462 0.042616
vt 0.198117 0.474406
vt 0.664023 0.230445
vt 0.751868 0.490652
vt 0.741301 0.488368
vt 0.728033 0.481993
vt 0.714072 0.486536
vt 0.703846 0.488188
vt 0.692430 0.487692
vt 0.597924 0.484730
vt 0.547795 0.489115
vt 0.435856 0.490134
vt 0.416290 0.491089
vt 0.283551 0.479251
vt 0.252888 0.477722
vt 0.209837 0.476847
vt 0.652571 0.178226
vt 0.758889 0.488638
vt 0.672158 0.488915
vt 0.646861 0.489547
vt 0.567304 0.492899
vt 0.498625 0.490908
vt 0.403491 0.491541
vt 0.390780 0.488612
vt 0.379510 0.488243
vt 0.189657 0.474767
vt 0.180865 0.476170
vt 0.172892 0.476501
vt 0.163820 0.477831
vt 0.646438 0.165189
vt 0.667297 0.213438
vt 0.671320 0.221493
vt 0.663515 0.205344
vt 0.655906 0.188843
vt 0.659821 0.198265
vt 0.689874 0.631792
vt 0.682058 0.635423
vt 0.725418 0.493629
vt 0.660736 0.496702
vt 0.581869 0.495435
vt 0.517486 0.495214
vt 0.491639 0.495951
vt 0.439604 0.496752
vt 0.732761 0.502785
vt 0.615871 0.500991
vt 0.600635 0.497533
vt 0.531587 0.497348
vt 0.487520 0.496786
vt 0.471917 0.499865
vt 0.456357 0.496455
vt 0.252785 0.486294
vt 0.233997 0.485206
vt 0.189128 0.487806
vt 0.166909 0.488348
vt 0.760973 0.500453
vt 0.705390 0.502315
vt 0.681672 0.499630
vt 0.632006 0.496438
vt 0.555622 0.498181
vt 0.360952 0.498711
vt 0.339449 0.499347
vt 0.278800 0.491242
vt 0.201231 0.490879
vt 0.181002 0.486760
vt 0.173715 0.486238
vt 0.660805 0.175051
vt 0.671821 0.202793
vt 0.676098 0.211175
vt 0.667388 0.183952
vt 0.669136 0.192249
vt 0.659519 0.499007
vt 0.510387 0.503508
vt 0.499729 0.502901
vt 0.454209 0.504556
vt 0.418669 0.501884
vt 0.399472 0.502162
vt 0.381997 0.502932
vt 0.312285 0.494778
vt 0.716767 0.049335
vt 0.717226 0.057304
vt 0.711235 0.057432
vt 0.161646 0.490025
vt 0.660934 0.165207
vt 0.753991 0.503368
vt 0.741341 0.503697
vt 0.723510 0.502482
vt 0.694501 0.505076
vt 0.644318 0.503292
vt 0.591166 0.503484
vt 0.569287 0.504185
vt 0.534798 0.508897
vt 0.489792 0.504478
vt 0.223789 0.494404
vt 0.660708 0.507183
vt 0.546992 0.505380
vt 0.520065 0.507163
vt 0.472484 0.513391
vt 0.450783 0.510399
vt 0.433326 0.507901
vt 0.251205 0.495731
vt 0.171845 0.497929
vt 0.683744 0.205134
vt 0.684763 0.222608
vt 0.684405 0.506397
vt 0.614095 0.508335
vt 0.312948 0.504188
vt 0.690519 0.216693
vt 0.676170 0.178549
vt 0.677337 0.188888
vt 0.731549 0.515876
vt 0.719453 0.512579
vt 0.665886 0.508664
vt 0.647457 0.507686
vt 0.635603 0.508155
vt 0.578476 0.508949
vt 0.562278 0.514248
vt 0.498485 0.516853
vt 0.486539 0.514191
vt 0.459933 0.518450
vt 0.411645 0.514731
vt 0.373842 0.510660
vt 0.284149 0.502882
vt 0.198458 0.500885
vt 0.188716 0.498789
vt 0.160157 0.502014
vt 0.674761 0.167706
vt 0.762058 0.508141
vt 0.754238 0.516032
vt 0.744372 0.513081
vt 0.704324 0.510822
vt 0.628436 0.513811
vt 0.520573 0.517237
vt 0.512353 0.515319
vt 0.421596 0.517950
vt 0.357679 0.510231
vt 0.338085 0.508562
vt 0.257076 0.503187
vt 0.228618 0.502063
vt 0.207614 0.501699
vt 0.179389 0.501755
vt 0.686146 0.190296
vt 0.679610 0.197971
vt 0.695767 0.612072
vt 0.698187 0.601979
vt 0.687278 0.612972
vt 0.681014 0.511865
vt 0.663968 0.513637
vt 0.650201 0.514186
vt 0.606643 0.514782
vt 0.581806 0.516451
vt 0.541013 0.516721
vt 0.447398 0.520961
vt 0.398748 0.514537
vt 0.398491 0.507949
vt 0.689859 0.196723
vt 0.683664 0.184408
vt 0.693820 0.515118
vt 0.563214 0.520815
vt 0.532599 0.519778
vt 0.510887 0.525377
vt 0.467516 0.525793
vt 0.434986 0.529883
vt 0.430790 0.517726
vt 0.376116 0.516891
vt 0.332834 0.514068
vt 0.294114 0.509845
vt 0.259957 0.507028
vt 0.234855 0.506599
vt 0.674936 0.065699
vt 0.676082 0.076714
vt 0.668632 0.068826
vt 0.216782 0.506755
vt 0.190902 0.508650
vt 0.177737 0.509538
vt 0.163280 0.507947
vt 0.742912 0.520270
vt 0.724393 0.518539
vt 0.717406 0.520568
vt 0.709358 0.518483
vt 0.671538 0.517369
vt 0.649174 0.519649
vt 0.631223 0.519130
vt 0.613380 0.521887
vt 0.310687 0.790261
vt 0.304307 0.781039
vt 0.332256 0.784389
vt 0.500870 0.525444
vt 0.494480 0.525311
vt 0.484900 0.529264
vt 0.411025 0.523856
vt 0.400194 0.521107
vt 0.356448 0.516683
vt 0.296030 0.514646
vt 0.250810 0.511983
vt 0.167573 0.511105
vt 0.682273 0.165172
vt 0.688111 0.174937
vt 0.159561 0.786764
vt 0.151495 0.776039
vt 0.169412 0.782219
vt 0.273410 0.784388
vt 0.476918 0.524201
vt 0.454076 0.528249
vt 0.428167 0.532504
vt 0.381983 0.522273
vt 0.344938 0.520718
vt 0.660712 0.813595
vt 0.666002 0.808727
vt 0.681643 0.813167
vt 0.201505 0.512959
vt 0.186382 0.513140
vt 0.693504 0.181011
vt 0.694755 0.190329
vt 0.106126 0.775247
vt 0.122523 0.766563
vt 0.119932 0.776813
vt 0.732973 0.525106
vt 0.725465 0.525636
vt 0.260614 0.725018
vt 0.242512 0.728068
vt 0.244503 0.720169
vt 0.278333 0.777989
vt 0.392258 0.780477
vt 0.402612 0.774519
vt 0.403080 0.783479
vt 0.494333 0.534110
vt 0.461330 0.534324
vt 0.419342 0.526438
vt 0.416180 0.532889
vt 0.863812 0.753330
vt 0.862151 0.760353
vt 0.851105 0.752813
vt 0.786097 0.755177
vt 0.776583 0.760607
vt 0.768137 0.751396
vt 0.761930 0.758760
vt 0.729902 0.756276
vt 0.227165 0.513803
vt 0.573057 0.793313
vt 0.580249 0.785892
vt 0.578570 0.795411
vt 0.107434 0.765920
vt 0.111061 0.759287
vt 0.202259 0.768855
vt 0.213827 0.763726
vt 0.219690 0.776136
vt 0.413012 0.777073
vt 0.444578 0.534888
vt 0.863896 0.767457
vt 0.852164 0.764518
vt 0.598519 0.758465
vt 0.590947 0.767372
vt 0.587715 0.758500
vt 0.589926 0.786118
vt 0.588734 0.798248
vt 0.332297 0.751444
vt 0.313704 0.756584
vt 0.326487 0.744462
vt 0.474133 0.540162
vt 0.421480 0.537730
vt 0.854341 0.770759
vt 0.864563 0.779274
vt 0.853499 0.780680
vt 0.742457 0.775903
vt 0.712546 0.775989
vt 0.726382 0.767170
vt 0.671142 0.768820
vt 0.661603 0.775634
vt 0.646593 0.766421
vt 0.618023 0.765797
vt 0.608630 0.765849
vt 0.615708 0.754634
vt 0.597934 0.766734
vt 0.122862 0.753747
vt 0.136429 0.755234
vt 0.133184 0.766000
vt 0.483397 0.543614
vt 0.468584 0.542620
vt 0.880527 0.761795
vt 0.874857 0.767788
vt 0.872712 0.760668
vt 0.875705 0.778975
vt 0.400053 0.751653
vt 0.410347 0.754703
vt 0.402260 0.762549
vt 0.491685 0.545179
vt 0.440330 0.545444
vt 0.433119 0.543831
vt 0.865335 0.791976
vt 0.878101 0.789986
vt 0.875024 0.800207
vt 0.452502 0.554070
vt 0.426855 0.549360
vt 0.478977 0.547242
vt 0.460640 0.555884
vt 0.893242 0.767223
vt 0.884934 0.773423
vt 0.883782 0.781362
vt 0.902790 0.312825
vt 0.889667 0.312136
vt 0.901095 0.301456
vt 0.446182 0.564922
vt 0.262622 0.315116
vt 0.258699 0.309118
vt 0.269231 0.299768
vt 0.259908 0.302644
vt 0.884840 0.799556
vt 0.889877 0.794632
vt 0.889416 0.808376
vt 0.258428 0.290779
vt 0.264283 0.286403
vt 0.472766 0.558924
vt 0.248746 0.326991
vt 0.250376 0.316831
vt 0.264871 0.324451
vt 0.485015 0.557077
vt 0.466351 0.558252
vt 0.261099 0.272403
vt 0.253084 0.279798
vt 0.250140 0.270255
vt 0.477353 0.568012
vt 0.439657 0.558257
vt 0.249160 0.291815
vt 0.247848 0.305593
vt 0.246431 0.283316
vt 0.237630 0.317116
vt 0.238442 0.277981
vt 0.883912 0.291855
vt 0.869282 0.295446
vt 0.870935 0.286090
vt 0.470925 0.576296
vt 0.466888 0.573559
vt 0.453947 0.573315
vt 0.441929 0.576240
vt 0.230573 0.327071
vt 0.237302 0.269252
vt 0.238094 0.300360
vt 0.238609 0.289272
vt 0.462006 0.579115
vt 0.474775 0.581267
vt 0.227367 0.322572
vt 0.227355 0.305323
vt 0.229397 0.298910
vt 0.228969 0.280979
vt 0.229411 0.290689
vt 0.457055 0.586679
vt 0.446288 0.584904
vt 0.225035 0.269721
vt 0.226439 0.263926
vt 0.222712 0.314641
vt 0.464547 0.595085
vt 0.452061 0.595872
vt 0.218012 0.293648
vt 0.210443 0.284565
vt 0.472237 0.591732
vt 0.208221 0.273073
vt 0.205508 0.262705
vt 0.204673 0.318751
vt 0.203967 0.309887
vt 0.209066 0.280088
vt 0.856879 0.292247
vt 0.827444 0.287602
vt 0.857317 0.284688
vt 0.460551 0.613198
vt 0.204267 0.325494
vt 0.468072 0.618746
vt 0.205027 0.299471
vt 0.201021 0.287730
vt 0.438445 0.603169
vt 0.847011 0.281058
vt 0.826182 0.281772
vt 0.474532 0.613000
vt 0.444921 0.618508
vt 0.194820 0.267250
vt 0.197475 0.295566
vt 0.452781 0.617951
vt 0.197536 0.277727
vt 0.187930 0.257994
vt 0.187286 0.304232
vt 0.182410 0.313404
vt 0.180734 0.279084
vt 0.811845 0.287971
vt 0.176729 0.321530
vt 0.182026 0.294236
vt 0.447596 0.634981
vt 0.439755 0.627727
vt 0.432564 0.631548
vt 0.181755 0.264463
vt 0.180434 0.272021
vt 0.176004 0.284129
vt 0.802252 0.282416
vt 0.475859 0.638046
vt 0.458532 0.634147
vt 0.468195 0.641888
vt 0.173213 0.309502
vt 0.460546 0.651746
vt 0.453497 0.651977
vt 0.167042 0.268959
vt 0.164609 0.290798
vt 0.792547 0.287641
vt 0.170794 0.259255
vt 0.154798 0.274755
vt 0.439071 0.654408
vt 0.446789 0.659119
vt 0.158004 0.311501
vt 0.157312 0.300824
vt 0.141992 0.321209
vt 0.151468 0.260252
vt 0.147530 0.281838
vt 0.431112 0.668413
vt 0.771812 0.288981
vt 0.467227 0.683513
vt 0.147124 0.266024
vt 0.474448 0.663223
vt 0.141753 0.290945
vt 0.140200 0.314189
vt 0.142766 0.302544
vt 0.780676 0.299700
vt 0.762546 0.298142
vt 0.460155 0.687346
vt 0.438046 0.680979
vt 0.134753 0.270501
vt 0.131474 0.262485
vt 0.134741 0.277982
vt 0.444539 0.687774
vt 0.129953 0.308415
vt 0.472012 0.693305
vt 0.452535 0.686788
vt 0.127362 0.322159
vt 0.118443 0.303182
vt 0.751184 0.294641
vt 0.477816 0.689724
vt 0.754309 0.288154
vt 0.778600 0.282491
vt 0.431503 0.684202
vt 0.127056 0.291800
vt 0.115346 0.290395
vt 0.111611 0.313290
vt 0.107091 0.322169
vt 0.114754 0.263451
vt 0.109477 0.255751
vt 0.115564 0.269315
vt 0.115712 0.276531
vt 0.459590 0.704906
vt 0.451867 0.724570
vt 0.437501 0.707011
vt 0.430695 0.706369
vt 0.106990 0.284377
vt 0.096939 0.302043
vt 0.476649 0.720776
vt 0.444522 0.716566
vt 0.092463 0.259064
vt 0.086271 0.273286
vt 0.095995 0.278841
vt 0.467825 0.733069
vt 0.431859 0.716543
vt 0.095037 0.312529
vt 0.096761 0.293936
vt 0.436942 0.726785
vt 0.093807 0.265836
vt 0.459856 0.729504
vt 0.492313 0.247074
vt 0.488218 0.264754
vt 0.483093 0.259011
vt 0.087532 0.284448
vt 0.077289 0.321481
vt 0.428917 0.739696
vt 0.475403 0.741938
vt 0.070100 0.302433
vt 0.067707 0.312587
vt 0.443538 0.758380
vt 0.066926 0.270222
vt 0.077828 0.283341
vt 0.068947 0.293071
vt 0.460170 0.755282
vt 0.451471 0.757885
vt 0.436825 0.749539
vt 0.468002 0.750528
vt 0.067263 0.262979
vt 0.430673 0.761693
vt 0.423528 0.760321
vt 0.059135 0.286288
vt 0.058952 0.279595
vt 0.694475 0.295280
vt 0.693272 0.287413
vt 0.704017 0.296129
vt 0.477663 0.757865
vt 0.058822 0.318328
vt 0.057868 0.269214
vt 0.683068 0.304744
vt 0.696852 0.303425
vt 0.697721 0.314749
vt 0.470874 0.767076
vt 0.056182 0.310556
vt 0.057562 0.296499
vt 0.680829 0.287246
vt 0.061620 0.257817
vt 0.461843 0.774783
vt 0.451520 0.776316
vt 0.441292 0.772557
vt 0.047620 0.281412
vt 0.689519 0.326283
vt 0.689912 0.337862
vt 0.681441 0.326053
vt 0.431163 0.779139
vt 0.050637 0.268242
vt 0.422021 0.774354
vt 0.046992 0.314291
vt 0.046671 0.306050
vt 0.046434 0.297181
vt 0.483071 0.771465
vt 0.482704 0.310185
vt 0.474900 0.318107
vt 0.473249 0.303019
vt 0.051125 0.258365
vt 0.047362 0.321436
vt 0.041272 0.269926
vt 0.042895 0.288950
vt 0.673968 0.312872
vt 0.682483 0.314003
vt 0.682273 0.297461
vt 0.670515 0.292370
vt 0.475219 0.784301
vt 0.460542 0.788150
vt 0.442840 0.787820
vt 0.041266 0.257069
vt 0.035305 0.156784
vt 0.028160 0.159696
vt 0.027678 0.145815
vt 0.673462 0.300591
vt 0.493871 0.779035
vt 0.488349 0.782789
vt 0.471508 0.793038
vt 0.422755 0.785816
vt 0.035928 0.277107
vt 0.035022 0.313401
vt 0.037390 0.302585
vt 0.033125 0.289351
vt 0.039503 0.144513
vt 0.032906 0.170128
vt 0.666804 0.304105
vt 0.416960 0.784378
vt 0.038072 0.322104
vt 0.456146 0.803226
vt 0.428549 0.800546
vt 0.028264 0.302514
vt 0.044556 0.164562
vt 0.045448 0.174117
vt 0.043006 0.157169
vt 0.041655 0.134651
vt 0.032863 0.134530
vt 0.041508 0.125520
vt 0.659597 0.293524
vt 0.494850 0.795909
vt 0.477426 0.804785
vt 0.493958 0.327182
vt 0.495112 0.333088
vt 0.484535 0.329182
vt 0.511270 0.332892
vt 0.031130 0.268199
vt 0.024768 0.321755
vt 0.022354 0.289831
vt 0.053576 0.156551
vt 0.053213 0.145227
vt 0.046662 0.183456
vt 0.035796 0.183001
vt 0.415710 0.321744
vt 0.421110 0.337875
vt 0.412843 0.337480
vt 0.026466 0.282621
vt 0.020548 0.312766
vt 0.056402 0.134946
vt 0.444455 0.805630
vt 0.475292 0.333268
vt 0.484973 0.342669
vt 0.475186 0.349737
vt 0.416023 0.805006
vt 0.406852 0.796627
vt 0.022318 0.276269
vt 0.016175 0.301881
vt 0.067040 0.143500
vt 0.067826 0.157086
vt 0.061210 0.170692
vt 0.405589 0.347409
vt 0.391835 0.347104
vt 0.059616 0.126579
vt 0.474079 0.815487
vt 0.831110 0.708277
vt 0.829990 0.694245
vt 0.837837 0.696538
vt 0.066510 0.133744
vt 0.061076 0.184822
vt 0.052800 0.191334
vt 0.502804 0.808824
vt 0.502666 0.788990
vt 0.500547 0.822153
vt 0.501097 0.350815
vt 0.496034 0.363954
vt 0.494220 0.343689
vt 0.518222 0.348203
vt 0.018926 0.266266
vt 0.841267 0.683002
vt 0.080281 0.170352
vt 0.084335 0.156586
vt 0.085042 0.144506
vt 0.086285 0.134460
vt 0.069689 0.168745
vt 0.486202 0.365903
vt 0.429602 0.821805
vt 0.404959 0.807675
vt 0.829381 0.681691
vt 0.841481 0.672024
vt 0.016997 0.327071
vt 0.836745 0.718253
vt 0.837189 0.732771
vt 0.829702 0.720424
vt 0.816922 0.706349
vt 0.604897 0.729705
vt 0.592023 0.726134
vt 0.604508 0.717715
vt 0.591582 0.738561
vt 0.587102 0.717011
vt 0.591727 0.708488
vt 0.583892 0.735223
vt 0.582996 0.725608
vt 0.582939 0.707905
vt 0.572910 0.727346
vt 0.576529 0.718363
vt 0.575015 0.708112
vt 0.565781 0.716040
vt 0.309543 0.160421
vt 0.305057 0.153703
vt 0.318505 0.149495
vt 0.309604 0.141501
vt 0.155803 0.153964
vt 0.119178 0.144541
vt 0.154378 0.143211
vt 0.128100 0.140339
vt 0.142231 0.164715
vt 0.118297 0.155879
vt 0.094549 0.167504
vt 0.106438 0.134432
vt 0.069716 0.180056
vt 0.075919 0.129757
vt 0.069665 0.123590
vt 0.486402 0.825064
vt 0.444831 0.828066
vt 0.414941 0.821623
vt 0.537232 0.347134
vt 0.523564 0.357500
vt 0.825118 0.727961
vt 0.821882 0.716969
vt 0.819597 0.685319
vt 0.817887 0.695723
vt 0.701012 0.724765
vt 0.705453 0.712937
vt 0.711281 0.720631
vt 0.693147 0.723245
vt 0.688447 0.713957
vt 0.703341 0.704501
vt 0.683642 0.704037
vt 0.679025 0.721883
vt 0.668585 0.714563
vt 0.666933 0.723013
vt 0.645963 0.724707
vt 0.647461 0.714503
vt 0.640520 0.705835
vt 0.626416 0.723187
vt 0.624466 0.716616
vt 0.628335 0.728596
vt 0.620344 0.707078
vt 0.604415 0.737622
vt 0.607934 0.702997
vt 0.584483 0.696530
vt 0.579494 0.745381
vt 0.576368 0.738702
vt 0.576691 0.696876
vt 0.567473 0.706631
vt 0.566535 0.727296
vt 0.556021 0.706412
vt 0.555388 0.717722
vt 0.320707 0.158877
vt 0.329562 0.148539
vt 0.319896 0.139067
vt 0.329459 0.139434
vt 0.319471 0.165092
vt 0.312232 0.129700
vt 0.309096 0.172108
vt 0.305918 0.130622
vt 0.300853 0.168513
vt 0.285571 0.141100
vt 0.287526 0.150514
vt 0.287221 0.161726
vt 0.251993 0.151459
vt 0.229144 0.151816
vt 0.252355 0.141344
vt 0.254338 0.161412
vt 0.226212 0.163290
vt 0.212301 0.141880
vt 0.186934 0.153162
vt 0.187312 0.164400
vt 0.185872 0.141612
vt 0.165178 0.165717
vt 0.136289 0.132743
vt 0.125164 0.178753
vt 0.095487 0.177526
vt 0.092162 0.127115
vt 0.084039 0.182724
vt 0.066964 0.190373
vt 0.380182 0.354454
vt 0.391830 0.359040
vt 0.516777 0.807135
vt 0.528152 0.821720
vt 0.515460 0.822917
vt 0.460081 0.820782
vt 0.825029 0.670931
vt 0.835366 0.669248
vt 0.819208 0.678212
vt 0.815528 0.721331
vt 0.808453 0.715657
vt 0.806270 0.694366
vt 0.726992 0.726881
vt 0.718249 0.730173
vt 0.733431 0.710269
vt 0.731174 0.699073
vt 0.714869 0.699047
vt 0.713173 0.735764
vt 0.693319 0.697327
vt 0.695927 0.736230
vt 0.688239 0.731600
vt 0.679956 0.731600
vt 0.680278 0.692019
vt 0.658673 0.700124
vt 0.649771 0.731966
vt 0.675244 0.738569
vt 0.623476 0.699875
vt 0.629382 0.736252
vt 0.615912 0.741562
vt 0.602226 0.747492
vt 0.614816 0.749617
vt 0.592432 0.749617
vt 0.145235 0.830676
vt 0.135746 0.836955
vt 0.132135 0.829420
vt 0.565910 0.737740
vt 0.121781 0.838541
vt 0.117910 0.828924
vt 0.564477 0.696689
vt 0.553426 0.726983
vt 0.553181 0.696613
vt 0.331263 0.159242
vt 0.321534 0.128505
vt 0.302528 0.178330
vt 0.286718 0.131430
vt 0.289245 0.172848
vt 0.276748 0.163313
vt 0.277734 0.150463
vt 0.274857 0.140070
vt 0.277280 0.171819
vt 0.253431 0.135456
vt 0.248517 0.172830
vt 0.205232 0.131504
vt 0.209105 0.174693
vt 0.170763 0.175058
vt 0.134094 0.124112
vt 0.083800 0.189894
vt 0.093594 0.119933
vt 0.374457 0.370156
vt 0.511398 0.375128
vt 0.827848 0.739910
vt 0.805466 0.685366
vt 0.804759 0.706510
vt 0.764453 0.708787
vt 0.744802 0.698023
vt 0.770323 0.699485
vt 0.763863 0.735559
vt 0.749550 0.734776
vt 0.762279 0.724562
vt 0.760376 0.689157
vt 0.742166 0.733155
vt 0.736838 0.731669
vt 0.732106 0.737017
vt 0.713213 0.689542
vt 0.706508 0.740524
vt 0.250756 0.818659
vt 0.262005 0.823126
vt 0.254410 0.825154
vt 0.249228 0.822282
vt 0.694259 0.739561
vt 0.642325 0.739568
vt 0.648068 0.692412
vt 0.623143 0.692663
vt 0.630853 0.746184
vt 0.580823 0.683776
vt 0.571433 0.688170
vt 0.562301 0.688523
vt 0.109132 0.834696
vt 0.102750 0.829273
vt 0.543538 0.715740
vt 0.545860 0.707959
vt 0.340737 0.151466
vt 0.340141 0.139343
vt 0.330296 0.129429
vt 0.331226 0.165981
vt 0.321151 0.173544
vt 0.310621 0.181216
vt 0.321185 0.182623
vt 0.310373 0.122782
vt 0.287152 0.124448
vt 0.292609 0.180479
vt 0.276804 0.178080
vt 0.272252 0.128643
vt 0.251782 0.129179
vt 0.244949 0.179985
vt 0.202708 0.181107
vt 0.208421 0.126792
vt 0.169576 0.184905
vt 0.533325 0.812333
vt 0.474941 0.833590
vt 0.457826 0.834268
vt 0.476394 0.377736
vt 0.812527 0.733716
vt 0.804881 0.725328
vt 0.803467 0.674518
vt 0.794412 0.720035
vt 0.797412 0.726649
vt 0.790620 0.704072
vt 0.789502 0.694618
vt 0.788278 0.685966
vt 0.790632 0.730435
vt 0.780474 0.733204
vt 0.776444 0.720905
vt 0.784934 0.735379
vt 0.774224 0.738878
vt 0.748063 0.741017
vt 0.334671 0.821778
vt 0.325661 0.826652
vt 0.306464 0.824285
vt 0.737118 0.688405
vt 0.728925 0.741786
vt 0.715390 0.741944
vt 0.686683 0.685450
vt 0.670614 0.744982
vt 0.649489 0.746478
vt 0.167272 0.831157
vt 0.166183 0.837329
vt 0.154876 0.828255
vt 0.148600 0.838086
vt 0.595185 0.681062
vt 0.609138 0.693484
vt 0.543513 0.700200
vt 0.542076 0.692421
vt 0.538458 0.717623
vt 0.348591 0.149752
vt 0.342361 0.163914
vt 0.341639 0.129853
vt 0.331832 0.119263
vt 0.332013 0.173669
vt 0.323223 0.117330
vt 0.299628 0.187254
vt 0.275707 0.184371
vt 0.274494 0.118289
vt 0.235481 0.185961
vt 0.242691 0.118417
vt 0.173389 0.191334
vt 0.553831 0.815049
vt 0.564955 0.826023
vt 0.543180 0.825764
vt 0.499376 0.833419
vt 0.487337 0.834917
vt 0.498218 0.376369
vt 0.485656 0.378078
vt 0.434417 0.834294
vt 0.412528 0.835424
vt 0.402311 0.835911
vt 0.398716 0.820399
vt 0.810915 0.740761
vt 0.799434 0.729748
vt 0.788684 0.677245
vt 0.353847 0.817671
vt 0.364041 0.819769
vt 0.358090 0.826244
vt 0.346385 0.819934
vt 0.339473 0.824897
vt 0.315808 0.832168
vt 0.306078 0.834728
vt 0.737499 0.677424
vt 0.765857 0.678166
vt 0.296421 0.833194
vt 0.285896 0.825769
vt 0.224639 0.829562
vt 0.202803 0.831166
vt 0.204301 0.837026
vt 0.183873 0.829707
vt 0.181153 0.838918
vt 0.612174 0.677579
vt 0.628580 0.682153
vt 0.165824 0.844578
vt 0.139947 0.846792
vt 0.131978 0.846317
vt 0.111872 0.843886
vt 0.098703 0.841954
vt 0.550512 0.685069
vt 0.088123 0.835928
vt 0.354184 0.158305
vt 0.863946 0.814958
vt 0.862953 0.826757
vt 0.846779 0.818575
vt 0.833069 0.823244
vt 0.834459 0.812162
vt 0.819430 0.817481
vt 0.817021 0.826577
vt 0.067578 0.367068
vt 0.095297 0.375813
vt 0.066911 0.375059
vt 0.273878 0.189298
vt 0.786599 0.820393
vt 0.731466 0.824482
vt 0.738894 0.815569
vt 0.662522 0.822111
vt 0.666775 0.828337
vt 0.541300 0.832633
vt 0.525304 0.831489
vt 0.523271 0.374749
vt 0.536459 0.361755
vt 0.535729 0.376756
vt 0.380351 0.828514
vt 0.813989 0.668631
vt 0.275699 0.839061
vt 0.271359 0.825333
vt 0.256178 0.839851
vt 0.227797 0.839704
vt 0.189784 0.844925
vt 0.150944 0.846766
vt 0.122418 0.848358
vt 0.875311 0.360216
vt 0.885634 0.371332
vt 0.873145 0.375860
vt 0.091864 0.844295
vt 0.531868 0.706303
vt 0.355051 0.137966
vt 0.350186 0.128824
vt 0.346342 0.175265
vt 0.344067 0.120353
vt 0.877775 0.828467
vt 0.787289 0.828449
vt 0.745377 0.830161
vt 0.563009 0.833278
vt 0.447360 0.845552
vt 0.372257 0.839776
vt 0.365517 0.839016
vt 0.353575 0.832530
vt 0.348251 0.832652
vt 0.338370 0.834670
vt 0.326711 0.837702
vt 0.310037 0.843322
vt 0.291368 0.843517
vt 0.206284 0.843776
vt 0.631723 0.672774
vt 0.635983 0.667541
vt 0.609648 0.664494
vt 0.598103 0.665795
vt 0.099007 0.849569
vt 0.528370 0.697230
vt 0.081735 0.846565
vt 0.525776 0.715360
vt 0.347451 0.168349
vt 0.356377 0.167694
vt 0.847419 0.833192
vt 0.052064 0.389406
vt 0.084428 0.387201
vt 0.831641 0.834875
vt 0.114967 0.375096
vt 0.156609 0.385031
vt 0.102237 0.384202
vt 0.156730 0.373174
vt 0.670667 0.833477
vt 0.216974 0.373269
vt 0.222630 0.381111
vt 0.491085 0.844842
vt 0.473625 0.844965
vt 0.461555 0.844892
vt 0.434786 0.845223
vt 0.421427 0.845548
vt 0.548751 0.370154
vt 0.555684 0.378291
vt 0.335347 0.845824
vt 0.225226 0.847381
vt 0.762769 0.362552
vt 0.780413 0.380816
vt 0.757406 0.376083
vt 0.880695 0.385923
vt 0.109238 0.855202
vt 0.102456 0.855881
vt 0.089479 0.855718
vt 0.816630 0.836613
vt 0.793709 0.838709
vt 0.743564 0.839869
vt 0.680840 0.842213
vt 0.570951 0.843154
vt 0.529774 0.843706
vt 0.515841 0.844579
vt 0.532993 0.388385
vt 0.522771 0.388502
vt 0.549796 0.389519
vt 0.376643 0.848002
vt 0.358181 0.848745
vt 0.352244 0.841673
vt 0.328424 0.847043
vt 0.259028 0.849689
vt 0.230939 0.852655
vt 0.205621 0.853569
vt 0.186397 0.855555
vt 0.163477 0.854123
vt 0.150081 0.856187
vt 0.135883 0.856386
vt 0.124769 0.855087
vt 0.863078 0.370827
vt 0.857069 0.388611
vt 0.898654 0.371161
vt 0.893896 0.385758
vt 0.913413 0.380482
vt 0.904875 0.388271
vt 0.517973 0.709484
vt 0.518535 0.703560
vt 0.878808 0.848642
vt 0.865616 0.849207
vt 0.406841 0.847356
vt 0.342527 0.845322
vt 0.298070 0.853656
vt 0.282866 0.851597
vt 0.870115 0.390602
vt 0.095891 0.856195
vt 0.080445 0.856402
vt 0.075191 0.853062
vt 0.889314 0.840116
vt 0.892627 0.831134
vt 0.061539 0.399653
vt 0.092296 0.399939
vt 0.508756 0.856206
vt 0.355311 0.859768
vt 0.583458 0.383675
vt 0.613201 0.386560
vt 0.614274 0.395329
vt 0.313869 0.858748
vt 0.257916 0.860588
vt 0.813628 0.380788
vt 0.801109 0.392994
vt 0.112046 0.864172
vt 0.892014 0.399454
vt 0.881109 0.399734
vt 0.914693 0.391695
vt 0.520468 0.693116
vt 0.850811 0.851048
vt 0.815879 0.850405
vt 0.726111 0.852450
vt 0.684153 0.854810
vt 0.601570 0.856312
vt 0.543951 0.856175
vt 0.524198 0.860450
vt 0.486214 0.856394
vt 0.474918 0.856430
vt 0.462367 0.859837
vt 0.447286 0.856259
vt 0.430895 0.859101
vt 0.414377 0.861102
vt 0.535911 0.402088
vt 0.401450 0.860288
vt 0.379750 0.855950
vt 0.343077 0.855430
vt 0.320055 0.863572
vt 0.240620 0.864397
vt 0.203239 0.863218
vt 0.187633 0.863843
vt 0.162541 0.864778
vt 0.144048 0.864496
vt 0.122914 0.866862
vt 0.096927 0.865390
vt 0.076222 0.862223
vt 0.006025 0.395725
vt 0.015108 0.411153
vt 0.002407 0.410350
vt 0.889316 0.850971
vt 0.050724 0.402368
vt 0.053501 0.412168
vt 0.834692 0.852896
vt 0.791635 0.851173
vt 0.560920 0.387994
vt 0.558804 0.404722
vt 0.580683 0.395192
vt 0.577589 0.404395
vt 0.278570 0.873726
vt 0.223444 0.864785
vt 0.132592 0.866705
vt 0.105162 0.865769
vt 0.905124 0.401069
vt 0.916880 0.401443
vt 0.085705 0.864432
vt 0.928540 0.401216
vt 0.926608 0.389198
vt 0.068761 0.861705
vt 0.070040 0.852427
vt 0.814712 0.864513
vt 0.500221 0.871504
vt 0.450310 0.863706
vt 0.335807 0.869295
vt 0.839540 0.867042
vt 0.781942 0.862876
vt 0.745325 0.863420
vt 0.542496 0.869039
vt 0.505764 0.865950
vt 0.479217 0.872241
vt 0.374761 0.872153
vt 0.198242 0.873663
vt 0.156240 0.874712
vt 0.143522 0.874505
vt 0.104708 0.872884
vt 0.069147 0.868976
vt 0.311211 0.224208
vt 0.313885 0.236435
vt 0.320273 0.227248
vt 0.880137 0.864770
vt 0.863554 0.867481
vt 0.676483 0.867065
vt 0.600416 0.870884
vt 0.424999 0.874664
vt 0.356494 0.873656
vt 0.317086 0.874463
vt 0.255437 0.875095
vt 0.228062 0.874381
vt 0.181144 0.874542
vt 0.132506 0.876145
vt 0.123305 0.876301
vt 0.114022 0.875162
vt 0.096498 0.872430
vt 0.086597 0.871697
vt 0.917127 0.411570
vt 0.905481 0.411253
vt 0.078453 0.870804
vt 0.929907 0.410530
vt 0.810163 0.871923
vt 0.521093 0.875355
vt 0.459346 0.873884
vt 0.405430 0.873771
vt 0.794110 0.870413
vt 0.771896 0.870734
vt 0.221354 0.883366
vt 0.168868 0.879941
vt 0.104084 0.880896
vt 0.090524 0.880294
vt 0.077544 0.878671
vt 0.069775 0.878237
vt 0.894340 0.864134
vt 0.887982 0.876021
vt 0.864115 0.879340
vt 0.721892 0.876325
vt 0.573034 0.880726
vt 0.437925 0.880875
vt 0.337668 0.882918
vt 0.291431 0.882439
vt 0.255575 0.883295
vt 0.197320 0.882964
vt 0.150480 0.882545
vt 0.139811 0.884032
vt 0.128788 0.884070
vt 0.114640 0.882197
vt 0.920160 0.421921
vt 0.905411 0.421285
vt 0.062904 0.878861
vt 0.878926 0.880552
vt 0.843656 0.877958
vt 0.833850 0.879831
vt 0.804274 0.882194
vt 0.788879 0.877738
vt 0.776540 0.876416
vt 0.759071 0.877295
vt 0.731006 0.881391
vt 0.674728 0.880149
vt 0.517798 0.883271
vt 0.500099 0.883960
vt 0.476765 0.883516
vt 0.461223 0.885048
vt 0.397540 0.881171
vt 0.360668 0.882476
vt 0.319956 0.882067
vt 0.206533 0.884652
vt 0.178925 0.885372
vt 0.156544 0.886476
vt 0.823742 0.887287
vt 0.189835 0.999617
vt 0.192173 0.990502
vt 0.199361 0.999344
vt 0.200246 0.992639
vt 0.671078 0.888542
vt 0.537307 0.887467
vt 0.431099 0.888361
vt 0.398069 0.887113
vt 0.227781 0.890076
vt 0.198656 0.889133
vt 0.121189 0.888465
vt 0.101139 0.887720
vt 0.087981 0.884882
vt 0.070164 0.887631
vt 0.825665 0.951319
vt 0.816648 0.951375
vt 0.824291 0.943943
vt 0.299383 0.239718
vt 0.289324 0.243161
vt 0.295112 0.249580
vt 0.303995 0.251201
vt 0.312464 0.260442
vt 0.314634 0.247859
vt 0.581486 0.890826
vt 0.517230 0.891919
vt 0.501629 0.893126
vt 0.478389 0.887983
vt 0.363839 0.887919
vt 0.338401 0.891270
vt 0.311199 0.890271
vt 0.286320 0.889705
vt 0.253822 0.890713
vt 0.702692 0.993696
vt 0.724612 0.990954
vt 0.721599 0.999344
vt 0.869483 0.421234
vt 0.881096 0.425330
vt 0.869859 0.432895
vt 0.110881 0.890208
vt 0.898272 0.430766
vt 0.892079 0.420701
vt 0.089700 0.890375
vt 0.078898 0.888734
vt 0.813944 0.942095
vt 0.864070 0.892603
vt 0.850058 0.889054
vt 0.200991 0.977593
vt 0.199108 0.967079
vt 0.209425 0.968585
vt 0.408129 0.919202
vt 0.389466 0.918993
vt 0.399942 0.913126
vt 0.444648 0.981232
vt 0.432206 0.971524
vt 0.446963 0.969741
vt 0.142386 0.892345
vt 0.128151 0.893259
vt 0.880879 0.890118
vt 0.838990 0.891819
vt 0.184663 0.990193
vt 0.175241 0.985649
vt 0.186806 0.967723
vt 0.188659 0.958948
vt 0.610369 0.899069
vt 0.562809 0.900048
vt 0.402616 0.985405
vt 0.406747 0.978439
vt 0.424796 0.987304
vt 0.424874 0.981814
vt 0.393921 0.894906
vt 0.353591 0.896779
vt 0.316330 0.898874
vt 0.274753 0.894410
vt 0.884326 0.443003
vt 0.912893 0.433590
vt 0.907283 0.441832
vt 0.852126 0.900340
vt 0.840202 0.900005
vt 0.829212 0.898914
vt 0.156261 0.991269
vt 0.169296 0.991424
vt 0.177656 0.998923
vt 0.186173 0.949855
vt 0.174984 0.947735
vt 0.185743 0.942250
vt 0.203818 0.957835
vt 0.226242 0.958368
vt 0.225778 0.970235
vt 0.514256 0.977641
vt 0.561618 0.976473
vt 0.557777 0.984309
vt 0.591954 0.982693
vt 0.128949 0.902224
vt 0.118535 0.897366
vt 0.107490 0.896039
vt 0.094850 0.897478
vt 0.806681 0.951065
vt 0.806355 0.941444
vt 0.311706 0.275218
vt 0.320139 0.273837
vt 0.366916 0.977520
vt 0.384921 0.977526
vt 0.372752 0.985647
vt 0.612067 0.971452
vt 0.619774 0.982285
vt 0.653143 0.953674
vt 0.676370 0.956193
vt 0.679424 0.964400
vt 0.754466 0.980864
vt 0.764203 0.977896
vt 0.770497 0.984674
vt 0.791851 0.982408
vt 0.791036 0.976248
vt 0.800261 0.971553
vt 0.808801 0.970956
vt 0.800149 0.960440
vt 0.806549 0.959740
vt 0.156105 0.984416
vt 0.303667 0.967474
vt 0.330230 0.966651
vt 0.338424 0.977965
vt 0.398193 0.952447
vt 0.381975 0.953512
vt 0.386016 0.942479
vt 0.620541 0.964421
vt 0.641397 0.962965
vt 0.650395 0.977056
vt 0.739566 0.955665
vt 0.745348 0.971803
vt 0.734891 0.981661
vt 0.798701 0.941635
vt 0.792697 0.929754
vt 0.800951 0.931839
vt 0.791347 0.968732
vt 0.139585 0.982335
vt 0.147188 0.983908
vt 0.147812 0.991648
vt 0.781880 0.976893
vt 0.129256 0.971531
vt 0.138653 0.970466
vt 0.129378 0.979503
vt 0.442349 0.019260
vt 0.443914 0.013930
vt 0.452215 0.019920
vt 0.672046 0.017927
vt 0.671141 0.015616
vt 0.332863 0.007934
vt 0.588844 0.023644
vt 0.657686 0.017265
vt 0.700347 0.030997
vt 0.698904 0.017980
vt 0.704869 0.028678
vt 0.735426 0.457797
vt 0.321992 0.010532
vt 0.331092 0.012224
vt 0.443346 0.026644
vt 0.509367 0.027256
vt 0.630006 0.017850
vt 0.642916 0.017730
vt 0.711215 0.655099
vt 0.223742 0.006513
vt 0.236823 0.010258
vt 0.370487 0.019306
vt 0.451734 0.027472
vt 0.574634 0.026652
vt 0.697374 0.655756
vt 0.679203 0.670782
vt 0.371631 0.024321
vt 0.708220 0.647587
vt 0.675689 0.662334
vt 0.252262 0.014995
vt 0.266313 0.016652
vt 0.329998 0.018101
vt 0.382616 0.023171
vt 0.396661 0.026346
vt 0.403724 0.022863
vt 0.402385 0.029353
vt 0.410308 0.023742
vt 0.408865 0.029925
vt 0.509199 0.034341
vt 0.702539 0.036703
vt 0.696849 0.645641
vt 0.223278 0.016603
vt 0.230329 0.017983
vt 0.388174 0.029152
vt 0.441321 0.035707
vt 0.452590 0.037292
vt 0.470785 0.037338
vt 0.493657 0.036476
vt 0.520001 0.036793
vt 0.541709 0.036660
vt 0.621441 0.040551
vt 0.733645 0.634411
vt 0.289015 0.023331
vt 0.374389 0.031791
vt 0.434341 0.037475
vt 0.459132 0.037949
vt 0.610264 0.040855
vt 0.641152 0.041612
vt 0.707205 0.635443
vt 0.725177 0.633209
vt 0.275235 0.022848
vt 0.300993 0.024898
vt 0.349537 0.030460
vt 0.361986 0.032568
vt 0.384621 0.034041
vt 0.400708 0.035163
vt 0.488945 0.041355
vt 0.550300 0.041648
vt 0.594917 0.042212
vt 0.698104 0.042384
vt 0.690825 0.042679
vt 0.704174 0.042700
vt 0.717806 0.041536
vt 0.696919 0.637990
vt 0.327095 0.029194
vt 0.505682 0.043282
vt 0.562434 0.041956
vt 0.306116 0.032076
vt 0.312841 0.029164
vt 0.380479 0.039022
vt 0.399544 0.041324
vt 0.442879 0.046080
vt 0.452462 0.046718
vt 0.478669 0.048239
vt 0.522355 0.046159
vt 0.680944 0.048901
vt 0.701667 0.627283
vt 0.714822 0.626230
vt 0.723243 0.622788
vt 0.732620 0.621714
vt 0.674694 0.639466
vt 0.230305 0.025767
vt 0.239202 0.026959
vt 0.263347 0.028299
vt 0.275521 0.028961
vt 0.293408 0.031446
vt 0.323101 0.034154
vt 0.336867 0.035884
vt 0.348434 0.035699
vt 0.371781 0.039909
vt 0.409315 0.042981
vt 0.426383 0.042081
vt 0.460080 0.050404
vt 0.468930 0.051612
vt 0.542846 0.048285
vt 0.565608 0.048447
vt 0.601837 0.048469
vt 0.616436 0.045487
vt 0.643269 0.045545
vt 0.667494 0.049075
vt 0.687952 0.048750
vt 0.709974 0.049229
vt 0.675168 0.228984
vt 0.222328 0.024684
vt 0.250612 0.027489
vt 0.413722 0.045812
vt 0.492593 0.055941
vt 0.581582 0.048536
vt 0.636501 0.049842
vt 0.702002 0.048790
vt 0.273676 0.034218
vt 0.427695 0.048271
vt 0.511243 0.052723
vt 0.718431 0.613523
vt 0.676558 0.624333
vt 0.229942 0.031763
vt 0.259747 0.032853
vt 0.313360 0.037576
vt 0.335050 0.040915
vt 0.356238 0.043295
vt 0.372407 0.044235
vt 0.398820 0.047034
vt 0.526358 0.052474
vt 0.591911 0.054825
vt 0.610712 0.054708
vt 0.668104 0.055333
vt 0.693526 0.055149
vt 0.704025 0.054816
vt 0.690797 0.620398
vt 0.709516 0.615306
vt 0.683160 0.624615
vt 0.729213 0.610028
vt 0.221602 0.032505
vt 0.236233 0.032725
vt 0.245727 0.032008
vt 0.288830 0.037935
vt 0.438521 0.053637
vt 0.536905 0.054736
vt 0.556781 0.055935
vt 0.567103 0.054552
vt 0.580202 0.054232
vt 0.645226 0.055651
vt 0.682895 0.055871
vt 0.700549 0.617232
vt 0.263361 0.036360
vt 0.311623 0.043093
vt 0.328999 0.045464
vt 0.349503 0.047531
vt 0.372036 0.049570
vt 0.382269 0.051450
vt 0.397970 0.053409
vt 0.415472 0.054991
vt 0.427049 0.053798
vt 0.498198 0.061597
vt 0.523796 0.058343
vt 0.228829 0.037245
vt 0.245402 0.036968
vt 0.278319 0.040449
vt 0.450902 0.064981
vt 0.459783 0.061996
vt 0.486109 0.066809
vt 0.512452 0.060605
vt 0.541217 0.061148
vt 0.578548 0.061754
vt 0.586869 0.059439
vt 0.630754 0.062079
vt 0.678869 0.059639
vt 0.691589 0.060522
vt 0.704084 0.059957
vt 0.706827 0.606124
vt 0.679548 0.614900
vt 0.725364 0.603090
vt 0.717032 0.605320
vt 0.220991 0.037670
vt 0.265032 0.042141
vt 0.293421 0.046520
vt 0.366038 0.056824
vt 0.401651 0.059897
vt 0.433360 0.065123
vt 0.439089 0.065911
vt 0.563135 0.061588
vt 0.609440 0.060688
vt 0.646234 0.061306
vt 0.657118 0.062772
vt 0.667467 0.062215
vt 0.684315 0.063793
vt 0.711102 0.064578
vt 0.235125 0.039416
vt 0.249007 0.042083
vt 0.279964 0.047043
vt 0.315070 0.049364
vt 0.344591 0.053613
vt 0.381441 0.060981
vt 0.410339 0.062995
vt 0.422119 0.062245
vt 0.496504 0.072122
vt 0.514029 0.068905
vt 0.530924 0.066648
vt 0.704456 0.066786
vt 0.717565 0.063021
vt 0.683151 0.605577
vt 0.718414 0.596098
vt 0.322942 0.055073
vt 0.468533 0.074002
vt 0.476692 0.074221
vt 0.544794 0.069026
vt 0.564925 0.068007
vt 0.579515 0.067852
vt 0.602854 0.068005
vt 0.624469 0.068113
vt 0.644875 0.066093
vt 0.686111 0.073831
vt 0.694824 0.208077
vt 0.706814 0.599654
vt 0.762524 0.515975
vt 0.226776 0.043141
vt 0.219619 0.043997
vt 0.232400 0.046839
vt 0.249334 0.050676
vt 0.270611 0.051026
vt 0.367739 0.062988
vt 0.415044 0.070275
vt 0.422829 0.072642
vt 0.458989 0.075041
vt 0.655380 0.068822
vt 0.719142 0.069324
vt 0.691156 0.596975
vt 0.238766 0.047502
vt 0.257794 0.053003
vt 0.303905 0.053109
vt 0.346516 0.059775
vt 0.339558 0.064164
vt 0.401050 0.067467
vt 0.448592 0.074398
vt 0.504466 0.075241
vt 0.523369 0.074197
vt 0.531314 0.072866
vt 0.793117 0.812549
vt 0.772948 0.814034
vt 0.776013 0.809884
vt 0.705074 0.074158
vt 0.697701 0.592192
vt 0.712315 0.590884
vt 0.225368 0.048867
vt 0.268370 0.055543
vt 0.282435 0.054195
vt 0.296198 0.057140
vt 0.316970 0.058724
vt 0.351711 0.064850
vt 0.379760 0.068040
vt 0.402714 0.073031
vt 0.426487 0.076977
vt 0.433082 0.081713
vt 0.514714 0.078461
vt 0.839256 0.809922
vt 0.820602 0.812209
vt 0.829817 0.804802
vt 0.810818 0.804701
vt 0.795574 0.805398
vt 0.734993 0.808284
vt 0.606215 0.074763
vt 0.627242 0.072369
vt 0.644502 0.073642
vt 0.659440 0.072848
vt 0.712680 0.079164
vt 0.576165 0.807864
vt 0.569015 0.799343
vt 0.702731 0.589341
vt 0.097555 0.770371
vt 0.099457 0.759361
vt 0.100804 0.736957
vt 0.097412 0.730261
vt 0.108028 0.730707
vt 0.230247 0.054806
vt 0.177880 0.790261
vt 0.180445 0.780290
vt 0.203694 0.782944
vt 0.204354 0.787677
vt 0.230944 0.785891
vt 0.308053 0.060399
vt 0.327848 0.062990
vt 0.367661 0.784361
vt 0.368305 0.779054
vt 0.383812 0.778417
vt 0.366258 0.731392
vt 0.381361 0.723973
vt 0.383207 0.734910
vt 0.518553 0.525809
vt 0.482868 0.083685
vt 0.504374 0.084902
vt 0.824617 0.799554
vt 0.805801 0.793770
vt 0.796616 0.795443
vt 0.787120 0.789160
vt 0.777767 0.802460
vt 0.762920 0.803092
vt 0.329942 0.516755
vt 0.668806 0.078456
vt 0.638008 0.805659
vt 0.623945 0.808783
vt 0.627223 0.796919
vt 0.100621 0.751776
vt 0.109976 0.739238
vt 0.241348 0.057329
vt 0.260674 0.059590
vt 0.196329 0.777864
vt 0.173310 0.724982
vt 0.193556 0.719709
vt 0.207129 0.728031
vt 0.214099 0.721300
vt 0.236034 0.778410
vt 0.231800 0.723931
vt 0.252229 0.787318
vt 0.250053 0.781808
vt 0.277532 0.725496
vt 0.266932 0.731292
vt 0.304050 0.733469
vt 0.294836 0.725402
vt 0.323148 0.776633
vt 0.334381 0.727657
vt 0.334699 0.733263
vt 0.359442 0.774431
vt 0.375498 0.773272
vt 0.391110 0.732371
vt 0.420043 0.079400
vt 0.439630 0.085866
vt 0.497080 0.080143
vt 0.843093 0.758847
vt 0.849655 0.800745
vt 0.849886 0.811146
vt 0.830172 0.755765
vt 0.835159 0.795976
vt 0.830188 0.764928
vt 0.825585 0.793412
vt 0.819216 0.776689
vt 0.796703 0.775261
vt 0.769207 0.789420
vt 0.759408 0.796794
vt 0.727874 0.751150
vt 0.683382 0.758508
vt 0.700706 0.806957
vt 0.705891 0.814034
vt 0.674081 0.751248
vt 0.665251 0.758009
vt 0.682974 0.806008
vt 0.646031 0.754168
vt 0.648275 0.804421
vt 0.620874 0.797664
vt 0.601863 0.797787
vt 0.597960 0.806958
vt 0.572223 0.766433
vt 0.578208 0.766305
vt 0.570779 0.777227
vt 0.110257 0.753222
vt 0.101813 0.746431
vt 0.118125 0.734879
vt 0.132569 0.775940
vt 0.150113 0.784371
vt 0.169153 0.774226
vt 0.183016 0.733041
vt 0.162958 0.732765
vt 0.183524 0.768670
vt 0.229869 0.732561
vt 0.257017 0.776018
vt 0.277690 0.735689
vt 0.292161 0.771926
vt 0.312159 0.772204
vt 0.312001 0.739628
vt 0.334998 0.767576
vt 0.355642 0.738753
vt 0.357499 0.768432
vt 0.373026 0.738416
vt 0.379785 0.767580
vt 0.394640 0.768851
vt 0.452371 0.085541
vt 0.490846 0.088047
vt 0.862395 0.810108
vt 0.840838 0.764775
vt 0.850799 0.792757
vt 0.842395 0.772809
vt 0.839185 0.779525
vt 0.828652 0.759386
vt 0.808637 0.763376
vt 0.796257 0.758437
vt 0.806348 0.768582
vt 0.794188 0.764721
vt 0.727638 0.761551
vt 0.733269 0.801431
vt 0.667774 0.801217
vt 0.639631 0.797103
vt 0.213212 0.514555
vt 0.581116 0.776908
vt 0.572913 0.784634
vt 0.113296 0.745763
vt 0.120905 0.744789
vt 0.131558 0.739420
vt 0.134767 0.733490
vt 0.141290 0.777515
vt 0.150995 0.767077
vt 0.167616 0.764750
vt 0.168895 0.756670
vt 0.180924 0.762023
vt 0.165979 0.746180
vt 0.166540 0.738345
vt 0.180987 0.742875
vt 0.181198 0.752950
vt 0.206473 0.743627
vt 0.205021 0.756265
vt 0.206650 0.735444
vt 0.230510 0.741988
vt 0.235361 0.766220
vt 0.229417 0.756128
vt 0.248288 0.742648
vt 0.260918 0.738343
vt 0.266775 0.767183
vt 0.292970 0.744099
vt 0.289154 0.762619
vt 0.307370 0.765327
vt 0.344915 0.757362
vt 0.342704 0.745392
vt 0.358917 0.762790
vt 0.359801 0.754111
vt 0.370439 0.744229
vt 0.372941 0.755519
vt 0.384548 0.756256
vt 0.382799 0.744583
vt 0.393040 0.757303
vt 0.391919 0.740848
vt 0.427518 0.084802
vt 0.468493 0.089864
vt 0.474003 0.090308
vt 0.877945 0.809630
vt 0.865387 0.799920
vt 0.774988 0.775826
vt 0.775709 0.766879
vt 0.765655 0.775438
vt 0.742229 0.789541
vt 0.709923 0.799159
vt 0.713256 0.789227
vt 0.689909 0.775334
vt 0.682333 0.798613
vt 0.654785 0.789136
vt 0.671124 0.790086
vt 0.640913 0.788045
vt 0.627458 0.765952
vt 0.629563 0.755654
vt 0.629313 0.788238
vt 0.616525 0.791787
vt 0.600087 0.791659
vt 0.590429 0.776936
vt 0.128951 0.745595
vt 0.140702 0.746019
vt 0.141466 0.765483
vt 0.149328 0.756266
vt 0.151251 0.746475
vt 0.221339 0.747952
vt 0.251385 0.758424
vt 0.252994 0.752945
vt 0.273645 0.747973
vt 0.281508 0.756147
vt 0.297662 0.750225
vt 0.391837 0.746856
vt 0.399152 0.737868
vt 0.402056 0.731867
vt 0.407581 0.768418
vt 0.460406 0.091699
vt 0.497765 0.091417
vt 0.686735 0.788733
vt 0.646751 0.775550
vt 0.633505 0.775662
vt 0.609594 0.784755
vt 0.616883 0.776513
vt 0.601173 0.776189
vt 0.598204 0.785647
vt 0.403186 0.742223
vt 0.422528 0.086746
vt 0.429588 0.092496
vt 0.501994 0.539046
vt 0.407324 0.749341
vt 0.910731 0.301010
vt 0.899268 0.294271
vt 0.437534 0.097753
vt 0.444704 0.096872
vt 0.478084 0.097329
vt 0.485348 0.096731
vt 0.907508 0.327226
vt 0.911934 0.331830
vt 0.901141 0.335127
vt 0.452420 0.096556
vt 0.494212 0.096985
vt 0.890356 0.326899
vt 0.891033 0.321445
vt 0.904209 0.319198
vt 0.890064 0.332747
vt 0.892882 0.299466
vt 0.459752 0.107074
vt 0.890961 0.340780
vt 0.896396 0.284808
vt 0.467554 0.110916
vt 0.269068 0.273680
vt 0.883765 0.299674
vt 0.452421 0.111114
vt 0.473965 0.111246
vt 0.481222 0.106957
vt 0.490053 0.105597
vt 0.878904 0.334792
vt 0.880239 0.309594
vt 0.877420 0.343740
vt 0.443827 0.107945
vt 0.879517 0.323046
vt 0.868890 0.312775
vt 0.865110 0.343756
vt 0.479045 0.119268
vt 0.482065 0.117122
vt 0.868152 0.326253
vt 0.868268 0.335096
vt 0.458625 0.121989
vt 0.236551 0.260940
vt 0.446166 0.118981
vt 0.858448 0.337779
vt 0.451662 0.125831
vt 0.466707 0.127275
vt 0.860172 0.300482
vt 0.858790 0.319067
vt 0.858586 0.332102
vt 0.473849 0.131204
vt 0.485665 0.126649
vt 0.848394 0.341991
vt 0.850246 0.324955
vt 0.846998 0.334094
vt 0.850608 0.313612
vt 0.850765 0.301867
vt 0.444823 0.134671
vt 0.844047 0.293346
vt 0.453703 0.146498
vt 0.480656 0.150572
vt 0.467267 0.150040
vt 0.836651 0.315739
vt 0.460481 0.144351
vt 0.473862 0.154609
vt 0.488342 0.146835
vt 0.828519 0.325890
vt 0.822975 0.346719
vt 0.859066 0.349310
vt 0.833817 0.304893
vt 0.444398 0.160512
vt 0.450563 0.161220
vt 0.829740 0.296353
vt 0.818132 0.335369
vt 0.823403 0.304864
vt 0.817874 0.320690
vt 0.809860 0.341774
vt 0.458334 0.163969
vt 0.487229 0.164979
vt 0.811554 0.296150
vt 0.467047 0.167170
vt 0.811208 0.310057
vt 0.805005 0.325598
vt 0.474872 0.182991
vt 0.482774 0.180478
vt 0.797059 0.347290
vt 0.442557 0.187256
vt 0.491242 0.182080
vt 0.793508 0.304779
vt 0.803769 0.313998
vt 0.455302 0.191766
vt 0.795749 0.335232
vt 0.448207 0.203046
vt 0.466049 0.192094
vt 0.790923 0.296214
vt 0.788186 0.325731
vt 0.791830 0.316926
vt 0.489552 0.202822
vt 0.495113 0.201997
vt 0.779931 0.335393
vt 0.482895 0.208671
vt 0.775116 0.307980
vt 0.776201 0.341090
vt 0.448968 0.231296
vt 0.454187 0.220416
vt 0.462152 0.216186
vt 0.466873 0.224274
vt 0.475049 0.218568
vt 0.769884 0.325799
vt 0.761771 0.317351
vt 0.491779 0.222246
vt 0.757961 0.336350
vt 0.440904 0.242003
vt 0.498844 0.223175
vt 0.745650 0.347701
vt 0.483990 0.236451
vt 0.755341 0.325953
vt 0.749130 0.314210
vt 0.455919 0.248292
vt 0.739238 0.306228
vt 0.474279 0.243994
vt 0.465910 0.247559
vt 0.738602 0.327483
vt 0.726480 0.297759
vt 0.731145 0.337191
vt 0.727622 0.318417
vt 0.449913 0.275238
vt 0.719049 0.306692
vt 0.726204 0.289136
vt 0.718292 0.332615
vt 0.442030 0.280804
vt 0.465295 0.271555
vt 0.494333 0.266468
vt 0.457835 0.278030
vt 0.475528 0.266392
vt 0.713110 0.295195
vt 0.707277 0.288162
vt 0.711722 0.320294
vt 0.713005 0.337430
vt 0.701288 0.344740
vt 0.710540 0.349310
vt 0.704498 0.308999
vt 0.704663 0.327256
vt 0.701327 0.337597
vt 0.482374 0.294734
vt 0.489723 0.302145
vt 0.452108 0.303665
vt 0.693598 0.319389
vt 0.445049 0.303902
vt 0.462785 0.305780
vt 0.690913 0.346249
vt 0.436981 0.303599
vt 0.436429 0.313813
vt 0.679973 0.337261
vt 0.682995 0.348801
vt 0.447783 0.321020
vt 0.463096 0.318635
vt 0.491733 0.314856
vt 0.675285 0.326576
vt 0.672678 0.344835
vt 0.668511 0.336625
vt 0.434371 0.330129
vt 0.426538 0.323216
vt 0.463569 0.337320
vt 0.442851 0.337412
vt 0.424979 0.350076
vt 0.463887 0.350889
vt 0.439687 0.358938
vt 0.413277 0.356978
vt 0.463282 0.365145
vt 0.422386 0.367233
vt 0.395767 0.367586
vt 0.126292 0.116919
vt 0.345607 0.375860
vt 0.349675 0.363209
vt 0.407542 0.377850
vt 0.464787 0.379105
vt 0.649523 0.681630
vt 0.051385 0.377012
vt 0.289307 0.117948
vt 0.196482 0.117350
vt 0.165958 0.116181
vt 0.307648 0.369627
vt 0.430067 0.380771
vt 0.700880 0.677494
vt 0.569077 0.676431
vt 0.390356 0.379996
vt 0.789127 0.361733
vt 0.846571 0.378210
vt 0.851165 0.359158
vt 0.359094 0.148419
vt 0.039682 0.378541
vt 0.256416 0.372828
vt 0.298938 0.382816
vt 0.341606 0.386038
vt 0.563892 0.366581
vt 0.583536 0.365666
vt 0.607015 0.377011
vt 0.613226 0.364827
vt 0.649811 0.365601
vt 0.650931 0.382473
vt 0.696949 0.366181
vt 0.828232 0.378818
vt 0.011306 0.383601
vt 0.024650 0.386274
vt 0.015854 0.397646
vt 0.028186 0.398109
vt 0.251672 0.394824
vt 0.375485 0.393154
vt 0.397757 0.392469
vt 0.424966 0.392758
vt 0.462832 0.392106
vt 0.483391 0.390406
vt 0.499521 0.389755
vt 0.709571 0.383455
vt 0.316606 0.209593
vt 0.309860 0.202404
vt 0.307791 0.213068
vt 0.358935 0.126243
vt 0.884072 0.822708
vt 0.039604 0.397851
vt 0.117358 0.397406
vt 0.147465 0.395502
vt 0.222457 0.392880
vt 0.294882 0.394490
vt 0.762537 0.384980
vt 0.835775 0.388112
vt 0.296152 0.212375
vt 0.298765 0.203605
vt 0.287729 0.209498
vt 0.289037 0.197469
vt 0.769691 0.390651
vt 0.822964 0.387552
vt 0.277600 0.202347
vt 0.320139 0.216556
vt 0.159738 0.400149
vt 0.222519 0.400256
vt 0.393611 0.404303
vt 0.420004 0.406169
vt 0.439693 0.405251
vt 0.481421 0.401503
vt 0.496447 0.400520
vt 0.515228 0.404207
vt 0.652577 0.394451
vt 0.699912 0.392041
vt 0.741518 0.391690
vt 0.301436 0.221482
vt 0.029174 0.412131
vt 0.069848 0.405283
vt 0.258321 0.409548
vt 0.338578 0.407930
vt 0.461974 0.403123
vt 0.820080 0.398653
vt 0.838198 0.398188
vt 0.294784 0.221101
vt 0.285502 0.217900
vt 0.274820 0.213685
vt 0.901150 0.848986
vt 0.041368 0.411941
vt 0.103885 0.410871
vt 0.152745 0.410168
vt 0.218048 0.410575
vt 0.617127 0.404668
vt 0.646901 0.405078
vt 0.695024 0.402603
vt 0.750154 0.400775
vt 0.769840 0.400085
vt 0.797321 0.399669
vt 0.864688 0.400497
vt 0.450679 0.415669
vt 0.466231 0.414992
vt 0.489864 0.411124
vt 0.531074 0.413388
vt 0.292996 0.228099
vt 0.153536 0.420361
vt 0.266827 0.420463
vt 0.367363 0.418131
vt 0.396397 0.416534
vt 0.422154 0.418476
vt 0.480373 0.415070
vt 0.513862 0.415725
vt 0.798105 0.407627
vt 0.817335 0.408936
vt 0.830348 0.408542
vt 0.850761 0.410346
vt 0.889579 0.410679
vt 0.284459 0.225107
vt 0.302637 0.232200
vt 0.273422 0.223411
vt 0.000359 0.422703
vt 0.014222 0.423350
vt 0.029135 0.422140
vt 0.043813 0.421911
vt 0.080018 0.423341
vt 0.112303 0.422012
vt 0.219867 0.422560
vt 0.334630 0.421000
vt 0.547589 0.419018
vt 0.568358 0.417930
vt 0.610543 0.417713
vt 0.649681 0.416205
vt 0.710483 0.412353
vt 0.749785 0.411040
vt 0.770050 0.411685
vt 0.868745 0.412412
vt 0.879380 0.411728
vt 0.413681 0.422506
vt 0.510330 0.424068
vt 0.537570 0.420881
vt 0.290822 0.235740
vt 0.265962 0.231992
vt 0.262042 0.222523
vt 0.052858 0.433116
vt 0.360227 0.428705
vt 0.420364 0.427316
vt 0.457910 0.900514
vt 0.445982 0.892427
vt 0.458784 0.890721
vt 0.470489 0.890938
vt 0.473238 0.901331
vt 0.494045 0.901864
vt 0.526144 0.424088
vt 0.718568 0.423583
vt 0.750664 0.422561
vt 0.769255 0.423801
vt 0.805202 0.416686
vt 0.853374 0.420984
vt 0.282459 0.234557
vt 0.275675 0.232556
vt 0.307465 0.244028
vt 0.010627 0.435208
vt 0.026816 0.432863
vt 0.040618 0.433684
vt 0.102901 0.434156
vt 0.083107 0.434500
vt 0.120246 0.433917
vt 0.158086 0.432376
vt 0.228301 0.433051
vt 0.269713 0.433606
vt 0.319948 0.434117
vt 0.395231 0.430021
vt 0.422084 0.905127
vt 0.533675 0.430393
vt 0.548484 0.431068
vt 0.594192 0.430127
vt 0.620274 0.429676
vt 0.782316 0.423745
vt 0.826536 0.422154
vt 0.401640 0.906243
vt 0.420587 0.911731
vt 0.433077 0.910216
vt 0.461186 0.906123
vt 0.491834 0.909121
vt 0.504335 0.907657
vt 0.506833 0.902686
vt 0.654411 0.427039
vt 0.805468 0.422935
vt 0.269394 0.241112
vt 0.038181 0.449003
vt 0.208440 0.991890
vt 0.213074 0.999072
vt 0.217531 0.989620
vt 0.152624 0.446386
vt 0.205473 0.445001
vt 0.356969 0.440611
vt 0.370818 0.911717
vt 0.421357 0.918397
vt 0.433240 0.916885
vt 0.461806 0.912690
vt 0.460264 0.945734
vt 0.443041 0.934099
vt 0.459027 0.922618
vt 0.468608 0.924252
vt 0.470143 0.939364
vt 0.460067 0.965150
vt 0.474244 0.952436
vt 0.481114 0.916947
vt 0.478227 0.945310
vt 0.481619 0.934900
vt 0.491316 0.920692
vt 0.505247 0.912252
vt 0.513424 0.907277
vt 0.549202 0.440581
vt 0.680689 0.436050
vt 0.735883 0.434771
vt 0.759926 0.437264
vt 0.844208 0.430728
vt 0.279518 0.242504
vt 0.009158 0.446948
vt 0.024421 0.447700
vt 0.051805 0.445611
vt 0.155365 0.928126
vt 0.138887 0.923538
vt 0.162476 0.918319
vt 0.173241 0.928405
vt 0.176863 0.919235
vt 0.189606 0.918676
vt 0.185940 0.928488
vt 0.214544 0.925456
vt 0.240790 0.988969
vt 0.235657 0.997690
vt 0.275017 0.443762
vt 0.349083 0.444570
vt 0.428848 0.932909
vt 0.423469 0.928949
vt 0.436083 0.922588
vt 0.439612 0.941821
vt 0.448060 0.958903
vt 0.470707 0.959481
vt 0.486646 0.942509
vt 0.492219 0.934403
vt 0.499394 0.929816
vt 0.514642 0.919181
vt 0.585690 0.437436
vt 0.613002 0.440082
vt 0.640274 0.439520
vt 0.769845 0.438966
vt 0.785655 0.437815
vt 0.737335 0.994588
vt 0.163292 0.891950
vt 0.814493 0.436510
vt 0.856724 0.431945
vt 0.278565 0.249818
vt 0.318703 0.255618
vt 0.138209 0.930916
vt 0.273429 0.990206
vt 0.284266 0.994229
vt 0.396118 0.932138
vt 0.427759 0.951921
vt 0.444959 0.992668
vt 0.443456 0.986800
vt 0.462109 0.986911
vt 0.459972 0.995557
vt 0.460403 0.981957
vt 0.476061 0.971454
vt 0.483843 0.987473
vt 0.487137 0.991786
vt 0.487065 0.963087
vt 0.496318 0.950092
vt 0.527289 0.913140
vt 0.588995 0.445499
vt 0.737540 0.441411
vt 0.674767 0.992712
vt 0.702767 0.988666
vt 0.287925 0.250948
vt 0.269539 0.249995
vt 0.113136 0.936741
vt 0.108196 0.930989
vt 0.118965 0.927383
vt 0.128985 0.926222
vt 0.162140 0.937591
vt 0.174194 0.936169
vt 0.187455 0.936939
vt 0.223236 0.928435
vt 0.242820 0.978979
vt 0.226852 0.978731
vt 0.254401 0.920891
vt 0.310437 0.920143
vt 0.307255 0.915584
vt 0.333634 0.986894
vt 0.364517 0.914536
vt 0.329741 0.924208
vt 0.362474 0.923059
vt 0.411327 0.989289
vt 0.404091 0.936404
vt 0.413392 0.941098
vt 0.420459 0.971328
vt 0.478880 0.980913
vt 0.482196 0.978329
vt 0.496390 0.961656
vt 0.516010 0.941824
vt 0.521097 0.985024
vt 0.522780 0.931123
vt 0.559234 0.912663
vt 0.539453 0.917109
vt 0.617608 0.447951
vt 0.643738 0.448012
vt 0.663694 0.447444
vt 0.650094 0.992637
vt 0.630521 0.988840
vt 0.646989 0.983567
vt 0.701990 0.445047
vt 0.674410 0.984111
vt 0.697268 0.981806
vt 0.714173 0.979912
vt 0.725037 0.981889
vt 0.749547 0.989308
vt 0.757825 0.995589
vt 0.837605 0.446485
vt 0.894247 0.438749
vt 0.128528 0.938177
vt 0.144576 0.943020
vt 0.119698 0.993482
vt 0.118979 0.977539
vt 0.119698 0.968175
vt 0.177326 0.960667
vt 0.195573 0.948323
vt 0.207553 0.940186
vt 0.224900 0.934642
vt 0.242676 0.968638
vt 0.287001 0.981837
vt 0.300002 0.927390
vt 0.379847 0.930636
vt 0.395046 0.966304
vt 0.403732 0.950336
vt 0.497329 0.966964
vt 0.504358 0.976582
vt 0.512333 0.966158
vt 0.532254 0.923821
vt 0.571901 0.920317
vt 0.582072 0.913455
vt 0.670487 0.975185
vt 0.652876 0.926268
vt 0.648282 0.920548
vt 0.676161 0.923012
vt 0.685442 0.929652
vt 0.693869 0.921686
vt 0.697381 0.972551
vt 0.701660 0.923167
vt 0.707774 0.929390
vt 0.713896 0.921293
vt 0.714236 0.968624
vt 0.736359 0.917093
vt 0.745564 0.980427
vt 0.850272 0.445415
vt 0.860131 0.447558
vt 0.814127 0.960727
vt 0.296893 0.264571
vt 0.303865 0.266466
vt 0.119776 0.940757
vt 0.136975 0.941519
vt 0.165271 0.953418
vt 0.161646 0.948731
vt 0.156798 0.977820
vt 0.169344 0.963618
vt 0.176879 0.970218
vt 0.216137 0.947511
vt 0.244509 0.947077
vt 0.245904 0.937895
vt 0.295562 0.977592
vt 0.310516 0.936614
vt 0.342471 0.929509
vt 0.366139 0.934320
vt 0.515339 0.952971
vt 0.540933 0.931100
vt 0.556619 0.923725
vt 0.606730 0.921842
vt 0.602740 0.914863
vt 0.618403 0.916862
vt 0.679764 0.934066
vt 0.690111 0.938740
vt 0.673378 0.946045
vt 0.686807 0.949123
vt 0.697739 0.957226
vt 0.700964 0.938421
vt 0.713037 0.935811
vt 0.722797 0.931844
vt 0.723344 0.960715
vt 0.738318 0.930379
vt 0.755413 0.923805
vt 0.872480 0.449003
vt 0.287602 0.259566
vt 0.278652 0.258032
vt 0.268245 0.259106
vt 0.867970 0.902224
vt 0.249765 0.957618
vt 0.290851 0.944981
vt 0.337366 0.935246
vt 0.368843 0.965461
vt 0.382814 0.964975
vt 0.527052 0.953226
vt 0.533783 0.940876
vt 0.532647 0.963829
vt 0.554059 0.965032
vt 0.570368 0.973375
vt 0.586102 0.921359
vt 0.636569 0.927483
vt 0.649064 0.932707
vt 0.653999 0.937611
vt 0.707524 0.947799
vt 0.712070 0.940625
vt 0.719340 0.954724
vt 0.781556 0.986547
vt 0.798937 0.951373
vt 0.286237 0.269796
vt 0.276043 0.267465
vt 0.304949 0.278833
vt 0.122590 0.950953
vt 0.129172 0.948107
vt 0.138834 0.990835
vt 0.127642 0.986352
vt 0.145056 0.954895
vt 0.153507 0.965542
vt 0.312927 0.956397
vt 0.338256 0.943772
vt 0.364998 0.954565
vt 0.366592 0.944028
vt 0.550050 0.951420
vt 0.556737 0.940577
vt 0.558723 0.929560
vt 0.576054 0.953437
vt 0.580895 0.931245
vt 0.595409 0.963832
vt 0.600025 0.953605
vt 0.605376 0.930677
vt 0.621712 0.953760
vt 0.609036 0.941210
vt 0.612337 0.934116
vt 0.641212 0.943264
vt 0.732122 0.945921
vt 0.737284 0.939401
vt 0.751067 0.935239
vt 0.755176 0.967191
vt 0.765794 0.932869
vt 0.765543 0.923027
vt 0.773140 0.925791
vt 0.774354 0.970622
vt 0.789761 0.942181
vt 0.782361 0.929633
vt 0.296616 0.279525
vt 0.136339 0.952521
vt 0.146215 0.976704
vt 0.147976 0.969259
vt 0.578516 0.940631
vt 0.759498 0.947966
vt 0.759472 0.941217
vt 0.754377 0.955999
vt 0.765415 0.965861
vt 0.772449 0.938026
vt 0.781571 0.938121
vt 0.782726 0.967415
vt 0.789434 0.957718
vt 0.789444 0.949969
vt 0.121856 0.960847
vt 0.130035 0.960747
vt 0.140156 0.963614
vt 0.766236 0.956491
vt 0.774895 0.948438
vt 0.775237 0.958433
vt 0.781510 0.947068
vt 0.781488 0.958570
s 1
usemtl Material.005
f 194/1/1 40/2/2 70/3/3
f 40/2/2 10/4/4 70/3/3
f 37/5/5 25/6/6 40/2/2
f 25/6/6 10/4/4 40/2/2
f 10/4/4 212/7/7 70/3/3
f 37/5/5 36/8/8 25/6/6
f 10/4/4 9/9/9 212/7/7
f 25/6/6 11/10/10 10/4/4
f 25/6/6 36/8/8 11/10/10
f 11/10/10 8/11/11 10/4/4
f 10/4/4 8/11/11 9/9/9
f 68/12/12 194/1/1 219/13/13
f 68/12/12 40/2/2 194/1/1
f 194/1/1 70/3/3 231/14/14
f 68/12/12 52/15/15 40/2/2
f 70/3/3 242/16/16 231/14/14
f 52/15/15 37/5/5 40/2/2
f 70/3/3 212/7/7 242/16/16
f 49/17/17 33/18/18 37/5/5
f 212/7/7 9/9/9 241/19/19
f 33/18/18 36/8/8 37/5/5
f 9/9/9 7/20/20 241/19/19
f 32/21/21 11/10/10 36/8/8
f 8/11/11 7/20/20 9/9/9
f 36/8/8 33/18/18 32/21/21
f 11/10/10 32/21/21 21/22/22
f 11/10/10 21/22/22 8/11/11
f 21/22/22 4/23/23 8/11/11
f 8/11/11 4/23/23 7/20/20
f 4/23/23 6/24/24 7/20/20
f 4/23/23 5/25/25 6/24/24
f 71/26/26 68/12/12 180/27/27
f 180/27/27 68/12/12 219/13/13
f 69/28/28 68/12/12 71/26/26
f 69/28/28 64/29/29 68/12/12
f 64/29/29 57/30/30 52/15/15
f 64/29/29 52/15/15 68/12/12
f 242/16/16 212/7/7 281/31/31
f 57/30/30 37/5/5 52/15/15
f 57/30/30 49/17/17 37/5/5
f 212/7/7 241/19/19 281/31/31
f 49/17/17 53/32/32 33/18/18
f 7/20/20 240/33/33 241/19/19
f 53/32/32 34/34/34 33/18/18
f 33/18/18 26/35/35 32/21/21
f 7/20/20 6/24/24 240/33/33
f 34/34/34 26/35/35 33/18/18
f 26/35/35 21/22/22 32/21/21
f 6/24/24 5/25/25 218/36/36
f 6/24/24 218/36/36 240/33/33
f 4/23/23 21/22/22 20/37/37
f 26/35/35 20/37/37 21/22/22
f 20/37/37 12/38/38 4/23/23
f 4/23/23 12/38/38 5/25/25
f 27/39/39 20/37/37 26/35/35
f 5/25/25 12/38/38 13/40/40
f 5/25/25 13/40/40 218/36/36
f 141/41/41 138/42/42 142/43/43
f 142/43/43 138/42/42 144/44/44
f 138/42/42 209/45/45 144/44/44
f 72/46/46 71/26/26 74/47/47
f 180/27/27 219/13/13 243/48/48
f 72/46/46 69/28/28 71/26/26
f 74/47/47 71/26/26 180/27/27
f 72/46/46 140/49/49 69/28/28
f 72/46/46 196/50/50 140/49/49
f 219/13/13 231/14/14 251/51/51
f 251/51/51 231/14/14 261/52/52
f 140/49/49 200/53/53 64/29/29
f 140/49/49 64/29/29 69/28/28
f 261/52/52 231/14/14 276/54/54
f 200/53/53 208/55/55 57/30/30
f 200/53/53 57/30/30 64/29/29
f 2863/56/56 2536/57/57 2960/58/58
f 276/54/54 242/16/16 313/59/59
f 208/55/55 49/17/17 57/30/30
f 208/55/55 206/60/60 49/17/17
f 911/61/61 992/62/62 822/63/63
f 992/62/62 821/64/64 822/63/63
f 2824/65/65 2617/66/66 2952/67/67
f 199/68/68 53/32/32 206/60/60
f 206/60/60 53/32/32 49/17/17
f 199/68/68 34/34/34 53/32/32
f 240/33/33 306/69/69 304/70/70
f 34/34/34 35/71/71 27/39/39
f 34/34/34 27/39/39 26/35/35
f 240/33/33 271/72/72 306/69/69
f 218/36/36 271/72/72 240/33/33
f 199/68/68 226/73/73 35/71/71
f 34/34/34 199/68/68 35/71/71
f 218/36/36 236/74/74 271/72/72
f 20/37/37 14/75/75 12/38/38
f 12/38/38 14/75/75 13/40/40
f 14/75/75 15/76/76 13/40/40
f 35/71/71 28/77/77 27/39/39
f 27/39/39 28/77/77 20/37/37
f 19/78/78 14/75/75 20/37/37
f 13/40/40 15/76/76 236/74/74
f 13/40/40 236/74/74 218/36/36
f 35/71/71 56/79/79 28/77/77
f 20/37/37 28/77/77 19/78/78
f 14/75/75 16/80/80 15/76/76
f 17/81/81 236/74/74 15/76/76
f 28/77/77 29/82/82 19/78/78
f 16/80/80 17/81/81 15/76/76
f 19/78/78 16/80/80 14/75/75
f 22/83/83 18/84/84 19/78/78
f 29/82/82 22/83/83 19/78/78
f 19/78/78 18/84/84 16/80/80
f 151/85/85 159/86/86 189/87/87
f 152/88/88 153/89/89 151/85/85
f 151/85/85 153/89/89 159/86/86
f 189/87/87 159/86/86 259/90/90
f 153/89/89 157/91/91 159/86/86
f 159/86/86 157/91/91 250/92/92
f 159/86/86 250/92/92 259/90/90
f 152/88/88 154/93/93 153/89/89
f 153/89/89 154/93/93 155/94/94
f 153/89/89 155/94/94 157/91/91
f 157/91/91 167/95/95 250/92/92
f 154/93/93 156/96/96 155/94/94
f 155/94/94 156/96/96 167/95/95
f 155/94/94 167/95/95 157/91/91
f 156/96/96 193/97/97 167/95/95
f 167/95/95 193/97/97 205/98/98
f 167/95/95 205/98/98 258/99/99
f 207/100/100 145/101/101 181/102/102
f 145/101/101 142/43/43 181/102/102
f 146/103/103 143/104/104 145/101/101
f 145/101/101 143/104/104 142/43/43
f 181/102/102 144/44/44 238/105/105
f 143/104/104 149/106/106 141/41/41
f 143/104/104 141/41/41 142/43/43
f 144/44/44 209/45/45 238/105/105
f 149/106/106 166/107/107 141/41/41
f 166/107/107 139/108/108 141/41/41
f 238/105/105 209/45/45 310/109/109
f 141/41/41 139/108/108 138/42/42
f 139/108/108 108/110/110 138/42/42
f 138/42/42 108/110/110 107/111/111
f 107/111/111 110/112/112 138/42/42
f 138/42/42 110/112/112 209/45/45
f 107/111/111 101/113/113 110/112/112
f 108/110/110 104/114/114 107/111/111
f 107/111/111 104/114/114 101/113/113
f 110/112/112 101/113/113 239/115/115
f 104/114/114 103/116/116 101/113/113
f 101/113/113 201/117/117 239/115/115
f 103/116/116 100/118/118 101/113/113
f 100/118/118 99/119/119 101/113/113
f 101/113/113 99/119/119 201/117/117
f 100/118/118 98/120/120 99/119/119
f 98/120/120 95/121/121 99/119/119
f 99/119/119 95/121/121 202/122/122
f 95/121/121 203/123/123 202/122/122
f 98/120/120 94/124/124 95/121/121
f 94/124/124 93/125/125 95/121/121
f 95/121/121 93/125/125 179/126/126
f 95/121/121 179/126/126 203/123/123
f 94/124/124 92/127/127 93/125/125
f 93/125/125 109/128/128 179/126/126
f 109/128/128 249/129/129 179/126/126
f 93/125/125 96/130/130 109/128/128
f 92/127/127 91/131/131 93/125/125
f 91/131/131 96/130/130 93/125/125
f 96/130/130 192/132/132 109/128/128
f 91/131/131 97/133/133 96/130/130
f 96/130/130 97/133/133 192/132/132
f 90/134/134 88/135/135 89/136/136
f 90/134/134 89/136/136 91/131/131
f 91/131/131 89/136/136 97/133/133
f 83/137/137 86/138/138 85/139/139
f 85/139/139 86/138/138 88/135/135
f 88/135/135 86/138/138 89/136/136
f 86/138/138 105/140/140 89/136/136
f 105/140/140 97/133/133 89/136/136
f 83/137/137 87/141/141 86/138/138
f 86/138/138 87/141/141 105/140/140
f 105/140/140 198/142/142 97/133/133
f 84/143/143 79/144/144 83/137/137
f 83/137/137 79/144/144 82/145/145
f 83/137/137 82/145/145 87/141/141
f 87/141/141 82/145/145 105/140/140
f 82/145/145 191/146/146 105/140/140
f 105/140/140 191/146/146 198/142/142
f 82/145/145 81/147/147 191/146/146
f 79/144/144 81/147/147 82/145/145
f 78/148/148 77/149/149 79/144/144
f 79/144/144 77/149/149 81/147/147
f 81/147/147 224/150/150 191/146/146
f 81/147/147 190/151/151 224/150/150
f 78/148/148 76/152/152 77/149/149
f 77/149/149 75/153/153 81/147/147
f 178/154/154 76/152/152 78/148/148
f 77/149/149 76/152/152 75/153/153
f 81/147/147 75/153/153 190/151/151
f 178/154/154 195/155/155 72/46/46
f 178/154/154 72/46/46 76/152/152
f 75/153/153 74/47/47 190/151/151
f 195/155/155 196/50/50 72/46/46
f 74/47/47 180/27/27 190/151/151
f 190/151/151 180/27/27 237/156/156
f 196/50/50 195/155/155 311/157/157
f 76/152/152 72/46/46 75/153/153
f 75/153/153 72/46/46 74/47/47
f 180/27/27 243/48/48 237/156/156
f 243/48/48 219/13/13 251/51/51
f 251/51/51 261/52/52 244/158/158
f 196/50/50 285/159/159 140/49/49
f 285/159/159 200/53/53 140/49/49
f 2828/160/160 2411/161/161 2863/56/56
f 261/52/52 276/54/54 312/162/162
f 2411/161/161 2451/163/163 2536/57/57
f 2863/56/56 2411/161/161 2536/57/57
f 276/54/54 313/59/59 312/162/162
f 2536/57/57 2824/65/65 2960/58/58
f 2824/65/65 2536/57/57 2499/164/164
f 2824/65/65 2498/165/165 2617/66/66
f 821/64/64 953/166/166 519/167/167
f 2617/66/66 2616/168/168 2952/67/67
f 2616/168/168 2818/169/169 2952/67/67
f 953/166/166 962/170/170 519/167/167
f 2616/168/168 2532/171/171 2818/169/169
f 227/172/172 56/79/79 35/71/71
f 226/73/73 227/172/172 35/71/71
f 236/74/74 317/173/173 271/72/72
f 758/174/174 685/175/175 962/170/170
f 236/74/74 275/176/176 317/173/173
f 56/79/79 31/177/177 28/77/77
f 56/79/79 55/178/178 31/177/177
f 28/77/77 31/177/177 29/82/82
f 236/74/74 17/81/81 275/176/176
f 17/81/81 211/179/179 275/176/176
f 55/178/178 38/180/180 31/177/177
f 18/84/84 211/179/179 17/81/81
f 38/180/180 30/181/181 31/177/177
f 31/177/177 30/181/181 29/82/82
f 29/82/82 30/181/181 22/83/83
f 18/84/84 210/182/182 211/179/179
f 210/182/182 247/183/183 211/179/179
f 30/181/181 38/180/180 39/184/184
f 30/181/181 24/185/185 22/83/83
f 39/184/184 24/185/185 30/181/181
f 210/182/182 246/186/186 247/183/183
f 22/83/83 23/187/187 18/84/84
f 18/84/84 23/187/187 210/182/182
f 22/83/83 24/185/185 23/187/187
f 210/182/182 23/187/187 246/186/186
f 24/185/185 39/184/184 41/188/188
f 24/185/185 41/188/188 23/187/187
f 39/184/184 54/189/189 41/188/188
f 23/187/187 245/190/190 246/186/186
f 41/188/188 42/191/191 23/187/187
f 23/187/187 42/191/191 245/190/190
f 41/188/188 43/192/192 42/191/191
f 41/188/188 54/189/189 43/192/192
f 42/191/191 235/193/193 245/190/190
f 59/194/194 43/192/192 54/189/189
f 43/192/192 44/195/195 42/191/191
f 59/194/194 45/196/196 43/192/192
f 43/192/192 45/196/196 44/195/195
f 42/191/191 44/195/195 235/193/193
f 59/194/194 61/197/197 45/196/196
f 61/197/197 62/198/198 45/196/196
f 45/196/196 47/199/199 46/200/200
f 45/196/196 46/200/200 44/195/195
f 62/198/198 47/199/199 45/196/196
f 44/195/195 46/200/200 235/193/193
f 62/198/198 48/201/201 47/199/199
f 47/199/199 48/201/201 46/200/200
f 48/201/201 50/202/202 46/200/200
f 48/201/201 51/203/203 50/202/202
f 63/204/204 150/205/205 48/201/201
f 150/205/205 151/85/85 48/201/201
f 48/201/201 151/85/85 51/203/203
f 51/203/203 189/87/87 303/206/206
f 63/204/204 163/207/207 150/205/205
f 51/203/203 151/85/85 189/87/87
f 163/207/207 168/208/208 150/205/205
f 150/205/205 168/208/208 152/88/88
f 150/205/205 152/88/88 151/85/85
f 189/87/87 259/90/90 303/206/206
f 259/90/90 316/209/209 303/206/206
f 158/210/210 152/88/88 168/208/208
f 158/210/210 173/211/211 154/93/93
f 158/210/210 154/93/93 152/88/88
f 259/90/90 250/92/92 299/212/212
f 160/213/213 156/96/96 154/93/93
f 160/213/213 186/214/214 156/96/96
f 167/95/95 258/99/99 264/215/215
f 156/96/96 186/214/214 193/97/97
f 186/214/214 214/216/216 193/97/97
f 214/216/216 225/217/217 193/97/97
f 193/97/97 225/217/217 205/98/98
f 204/218/218 145/101/101 207/100/100
f 207/100/100 181/102/102 228/219/219
f 188/220/220 145/101/101 204/218/218
f 228/219/219 181/102/102 269/221/221
f 188/220/220 146/103/103 145/101/101
f 269/221/221 181/102/102 260/222/222
f 147/223/223 148/224/224 143/104/104
f 148/224/224 149/106/106 143/104/104
f 238/105/105 310/109/109 314/225/225
f 149/106/106 136/226/226 166/107/107
f 166/107/107 135/227/227 139/108/108
f 135/227/227 108/110/110 139/108/108
f 135/227/227 125/228/228 108/110/110
f 125/228/228 104/114/114 108/110/110
f 239/115/115 266/229/229 209/45/45
f 209/45/45 266/229/229 310/109/109
f 125/228/228 134/230/230 104/114/114
f 134/230/230 103/116/116 104/114/114
f 239/115/115 201/117/117 266/229/229
f 134/230/230 100/118/118 103/116/116
f 201/117/117 272/231/231 266/229/229
f 99/119/119 202/122/122 201/117/117
f 201/117/117 202/122/122 272/231/231
f 111/232/232 98/120/120 100/118/118
f 124/233/233 98/120/120 111/232/232
f 202/122/122 203/123/123 272/231/231
f 203/123/123 274/234/234 272/231/231
f 124/233/233 126/235/235 98/120/120
f 117/236/236 94/124/124 98/120/120
f 126/235/235 117/236/236 98/120/120
f 203/123/123 179/126/126 274/234/234
f 179/126/126 286/237/237 274/234/234
f 117/236/236 92/127/127 94/124/124
f 114/238/238 92/127/127 117/236/236
f 179/126/126 249/129/129 286/237/237
f 286/237/237 249/129/129 315/239/239
f 114/238/238 90/134/134 92/127/127
f 109/128/128 192/132/132 249/129/129
f 90/134/134 91/131/131 92/127/127
f 192/132/132 248/240/240 249/129/129
f 137/241/241 177/242/242 85/139/139
f 137/241/241 85/139/139 106/243/243
f 106/243/243 85/139/139 88/135/135
f 106/243/243 88/135/135 102/244/244
f 102/244/244 88/135/135 90/134/134
f 192/132/132 215/245/245 248/240/240
f 97/133/133 215/245/245 192/132/132
f 177/242/242 84/143/143 85/139/139
f 85/139/139 84/143/143 83/137/137
f 97/133/133 198/142/142 215/245/245
f 215/245/245 198/142/142 223/246/246
f 177/242/242 216/247/247 84/143/143
f 84/143/143 216/247/247 80/248/248
f 198/142/142 222/249/249 223/246/246
f 80/248/248 79/144/144 84/143/143
f 198/142/142 191/146/146 222/249/249
f 197/250/250 78/148/148 80/248/248
f 80/248/248 78/148/148 79/144/144
f 191/146/146 224/150/150 222/249/249
f 197/250/250 295/251/251 178/154/154
f 197/250/250 178/154/154 78/148/148
f 295/251/251 311/157/157 195/155/155
f 178/154/154 295/251/251 195/155/155
f 190/151/151 237/156/156 233/252/252
f 237/156/156 243/48/48 234/253/253
f 2574/254/254 2922/255/255 2575/256/256
f 243/48/48 251/51/51 244/158/158
f 2574/254/254 2828/160/160 2922/255/255
f 2574/254/254 2411/161/161 2828/160/160
f 2536/57/57 2412/257/257 2499/164/164
f 2499/164/164 2498/165/165 2824/65/65
f 2617/66/66 2498/165/165 2481/258/258
f 2617/66/66 2481/258/258 2616/168/168
f 2481/258/258 2532/171/171 2616/168/168
f 519/167/167 962/170/170 685/175/175
f 2532/171/171 2474/259/259 2818/169/169
f 2818/169/169 2474/259/259 2589/260/260
f 758/174/174 727/261/261 685/175/175
f 227/172/172 185/262/262 56/79/79
f 56/79/79 185/262/262 55/178/178
f 185/262/262 38/180/180 55/178/178
f 185/262/262 184/263/263 38/180/180
f 211/179/179 247/183/183 275/176/176
f 247/183/183 289/264/264 275/176/176
f 58/265/265 39/184/184 38/180/180
f 247/183/183 246/186/186 289/264/264
f 246/186/186 280/266/266 289/264/264
f 39/184/184 58/265/265 54/189/189
f 58/265/265 60/267/267 54/189/189
f 246/186/186 245/190/190 280/266/266
f 245/190/190 279/268/268 280/266/266
f 245/190/190 235/193/193 279/268/268
f 235/193/193 278/269/269 279/268/268
f 66/270/270 61/197/197 59/194/194
f 66/270/270 67/271/271 61/197/197
f 235/193/193 263/272/272 278/269/269
f 67/271/271 62/198/198 61/197/197
f 235/193/193 50/202/202 263/272/272
f 50/202/202 270/273/273 263/272/272
f 62/198/198 162/274/274 63/204/204
f 270/273/273 51/203/203 290/275/275
f 162/274/274 163/207/207 63/204/204
f 51/203/203 303/206/206 290/275/275
f 169/276/276 158/210/210 168/208/208
f 158/210/210 300/277/277 173/211/211
f 173/211/211 160/213/213 154/93/93
f 205/98/98 268/278/278 258/99/99
f 225/217/217 254/279/279 205/98/98
f 205/98/98 254/279/279 268/278/278
f 273/280/280 204/218/218 207/100/100
f 3014/281/281 3012/282/282 3021/283/283
f 228/219/219 269/221/221 293/284/284
f 3013/285/285 3021/283/283 3012/282/282
f 253/286/286 188/220/220 204/218/218
f 260/222/222 314/225/225 269/221/221
f 284/287/287 146/103/103 188/220/220
f 284/287/287 147/223/223 146/103/103
f 175/288/288 148/224/224 147/223/223
f 147/223/223 277/289/289 175/288/288
f 855/290/290 761/291/291 892/292/292
f 148/224/224 131/293/293 149/106/106
f 175/288/288 131/293/293 148/224/224
f 131/293/293 136/226/226 149/106/106
f 136/226/226 129/294/294 135/227/227
f 136/226/226 135/227/227 166/107/107
f 855/290/290 859/295/295 687/296/296
f 125/228/228 124/233/233 134/230/230
f 800/297/297 677/298/298 859/295/295
f 134/230/230 124/233/233 111/232/232
f 134/230/230 111/232/232 100/118/118
f 896/299/299 870/300/300 799/301/301
f 118/302/302 117/236/236 126/235/235
f 118/302/302 116/303/303 117/236/236
f 116/303/303 114/238/238 117/236/236
f 112/304/304 90/134/134 114/238/238
f 128/305/305 106/243/243 113/306/306
f 113/306/306 102/244/244 112/304/304
f 112/304/304 102/244/244 90/134/134
f 249/129/129 302/307/307 315/239/239
f 183/308/308 137/241/241 106/243/243
f 183/308/308 106/243/243 128/305/305
f 113/306/306 106/243/243 102/244/244
f 183/308/308 305/309/309 137/241/241
f 248/240/240 262/310/310 302/307/307
f 249/129/129 248/240/240 302/307/307
f 137/241/241 305/309/309 177/242/242
f 248/240/240 215/245/245 262/310/310
f 215/245/245 223/246/246 262/310/310
f 2932/311/311 2546/312/312 2808/313/313
f 223/246/246 255/314/314 262/310/310
f 216/247/247 265/315/315 80/248/248
f 223/246/246 222/249/249 255/314/314
f 265/315/315 197/250/250 80/248/248
f 265/315/315 295/251/251 197/250/250
f 222/249/249 224/150/150 230/316/316
f 224/150/150 233/252/252 230/316/316
f 2595/317/317 2496/318/318 2575/256/256
f 233/252/252 234/253/253 230/316/316
f 233/252/252 237/156/156 234/253/253
f 2496/318/318 2449/319/319 2575/256/256
f 243/48/48 244/158/158 234/253/253
f 2575/256/256 2449/319/319 2574/254/254
f 261/52/52 312/162/162 288/320/320
f 244/158/158 261/52/52 288/320/320
f 2574/254/254 2449/319/319 2411/161/161
f 2451/163/163 2409/321/321 2536/57/57
f 2536/57/57 2409/321/321 2412/257/257
f 2498/165/165 2369/322/322 2481/258/258
f 505/323/323 454/324/324 519/167/167
f 2481/258/258 2475/325/325 2532/171/171
f 2475/325/325 2474/259/259 2532/171/171
f 2474/259/259 2455/326/326 2589/260/260
f 2589/260/260 2535/327/327 2844/328/328
f 2589/260/260 2455/326/326 2535/327/327
f 2844/328/328 2535/327/327 2840/329/329
f 972/330/330 802/331/331 847/332/332
f 2535/327/327 2579/333/333 2840/329/329
f 172/334/334 38/180/180 184/263/263
f 999/335/335 947/336/336 802/331/331
f 38/180/180 172/334/334 58/265/265
f 172/334/334 171/337/337 58/265/265
f 60/267/267 59/194/194 54/189/189
f 60/267/267 65/338/338 59/194/194
f 65/338/338 66/270/270 59/194/194
f 67/271/271 162/274/274 62/198/198
f 164/339/339 163/207/207 162/274/274
f 163/207/207 169/276/276 168/208/208
f 169/276/276 229/340/340 158/210/210
f 158/210/210 229/340/340 291/341/341
f 158/210/210 291/341/341 300/277/277
f 300/277/277 294/342/342 173/211/211
f 294/342/342 160/213/213 173/211/211
f 294/342/342 232/343/343 160/213/213
f 971/344/344 996/345/345 968/346/346
f 160/213/213 232/343/343 186/214/214
f 232/343/343 252/347/347 186/214/214
f 186/214/214 252/347/347 214/216/216
f 252/347/347 267/348/348 214/216/216
f 214/216/216 267/348/348 225/217/217
f 2199/349/349 2198/350/350 2206/351/351
f 267/348/348 298/352/352 225/217/217
f 3017/353/353 3039/354/354 3027/355/355
f 296/356/356 188/220/220 253/286/286
f 296/356/356 284/287/287 188/220/220
f 1003/357/357 892/292/292 861/358/358
f 277/289/289 161/359/359 175/288/288
f 161/359/359 131/293/293 175/288/288
f 131/293/293 129/294/294 136/226/226
f 855/290/290 687/296/296 688/360/360
f 130/361/361 129/294/294 131/293/293
f 129/294/294 125/228/228 135/227/227
f 130/361/361 122/362/362 129/294/294
f 129/294/294 123/363/363 125/228/228
f 122/362/362 123/363/363 129/294/294
f 123/363/363 124/233/233 125/228/228
f 123/363/363 120/364/364 124/233/233
f 120/364/364 126/235/235 124/233/233
f 120/364/364 118/302/302 126/235/235
f 120/364/364 119/365/365 118/302/302
f 119/365/365 115/366/366 118/302/302
f 115/366/366 116/303/303 118/302/302
f 127/367/367 115/366/366 119/365/365
f 127/367/367 128/305/305 115/366/366
f 127/367/367 182/368/368 128/305/305
f 128/305/305 113/306/306 115/366/366
f 113/306/306 112/304/304 115/366/366
f 182/368/368 183/308/308 128/305/305
f 873/369/369 698/370/370 793/371/371
f 182/368/368 307/372/372 183/308/308
f 873/369/369 878/373/373 698/370/370
f 262/310/310 318/374/374 302/307/307
f 2546/312/312 2511/375/375 2808/313/313
f 262/310/310 292/376/376 318/374/374
f 262/310/310 255/314/314 292/376/376
f 2808/313/313 2511/375/375 2570/377/377
f 255/314/314 256/378/378 292/376/376
f 255/314/314 222/249/249 256/378/378
f 2570/377/377 2496/318/318 2595/317/317
f 222/249/249 230/316/316 256/378/378
f 230/316/316 257/379/379 256/378/378
f 230/316/316 234/253/253 257/379/379
f 980/380/380 845/381/381 925/382/382
f 2449/319/319 2406/383/383 2411/161/161
f 2411/161/161 2409/321/321 2451/163/163
f 2412/257/257 2373/384/384 2499/164/164
f 2499/164/164 2373/384/384 2498/165/165
f 452/385/385 451/386/386 448/387/387
f 2369/322/322 2368/388/388 2481/258/258
f 2481/258/258 2368/388/388 2475/325/325
f 2455/326/326 2390/389/389 2535/327/327
f 2535/327/327 2390/389/389 2388/390/390
f 2535/327/327 2388/390/390 2579/333/333
f 2388/390/390 2547/391/391 2579/333/333
f 802/331/331 947/336/336 737/392/392
f 2579/333/333 2547/391/391 2820/393/393
f 2547/391/391 2593/394/394 2820/393/393
f 947/336/336 875/395/395 737/392/392
f 171/337/337 60/267/267 58/265/265
f 171/337/337 170/396/396 60/267/267
f 170/396/396 65/338/338 60/267/267
f 170/396/396 73/397/397 65/338/338
f 65/338/338 73/397/397 66/270/270
f 891/398/398 776/399/399 731/400/400
f 73/397/397 67/271/271 66/270/270
f 73/397/397 176/401/401 67/271/271
f 176/401/401 162/274/274 67/271/271
f 174/402/402 164/339/339 162/274/274
f 164/339/339 174/402/402 165/403/403
f 165/403/403 163/207/207 164/339/339
f 165/403/403 169/276/276 163/207/207
f 2562/404/404 2556/405/405 2884/406/406
f 268/278/278 321/407/407 258/99/99
f 996/345/345 1000/408/408 968/346/346
f 2199/349/349 2179/409/409 2198/350/350
f 225/217/217 298/352/352 254/279/279
f 298/352/352 301/410/410 254/279/279
f 2197/411/411 2179/409/409 2199/349/349
f 3012/282/282 3007/412/412 3013/285/285
f 2929/413/413 2823/414/414 2580/415/415
f 2580/415/415 2520/416/416 2465/417/417
f 2580/415/415 2465/417/417 2541/418/418
f 2541/418/418 2465/417/417 2464/419/419
f 2541/418/418 2464/419/419 2601/420/420
f 2464/419/419 2470/421/421 2601/420/420
f 2601/420/420 2470/421/421 2471/422/422
f 161/359/359 282/423/423 130/361/361
f 161/359/359 130/361/361 131/293/293
f 282/423/423 283/424/424 130/361/361
f 130/361/361 283/424/424 132/425/425
f 130/361/361 132/425/425 122/362/362
f 122/362/362 121/426/426 120/364/364
f 122/362/362 120/364/364 123/363/363
f 132/425/425 121/426/426 122/362/362
f 283/424/424 187/427/427 132/425/425
f 132/425/425 187/427/427 121/426/426
f 187/427/427 133/428/428 121/426/426
f 133/428/428 119/365/365 121/426/426
f 121/426/426 119/365/365 120/364/364
f 133/428/428 187/427/427 127/367/367
f 133/428/428 127/367/367 119/365/365
f 2583/429/429 2427/430/430 2584/431/431
f 2427/430/430 2627/432/432 2584/431/431
f 297/433/433 182/368/368 127/367/367
f 2626/434/434 2430/435/435 2625/436/436
f 2625/436/436 2430/435/435 2546/312/312
f 2546/312/312 2430/435/435 2429/437/437
f 2429/437/437 2511/375/375 2546/312/312
f 292/376/376 319/438/438 318/374/374
f 2511/375/375 2416/439/439 2570/377/377
f 292/376/376 256/378/378 319/438/438
f 2570/377/377 2416/439/439 2496/318/318
f 2416/439/439 2410/440/440 2496/318/318
f 256/378/378 257/379/379 308/441/441
f 2410/440/440 2407/442/442 2496/318/318
f 234/253/253 308/441/441 257/379/379
f 234/253/253 309/443/443 308/441/441
f 2496/318/318 2407/442/442 2449/319/319
f 234/253/253 287/444/444 309/443/443
f 287/444/444 288/320/320 309/443/443
f 2406/383/383 2409/321/321 2411/161/161
f 2409/321/321 2380/445/445 2412/257/257
f 2380/445/445 2374/446/446 2412/257/257
f 2412/257/257 2374/446/446 2373/384/384
f 2369/322/322 2498/165/165 2373/384/384
f 451/386/386 454/324/324 447/447/447
f 758/174/174 847/332/332 514/448/448
f 2388/390/390 2391/449/449 2547/391/391
f 2820/393/393 2593/394/394 2928/450/450
f 2593/394/394 2870/451/451 2928/450/450
f 2593/394/394 2581/452/452 2870/451/451
f 217/453/453 73/397/397 170/396/396
f 217/453/453 176/401/401 73/397/397
f 217/453/453 221/454/454 176/401/401
f 221/454/454 213/455/455 176/401/401
f 176/401/401 213/455/455 162/274/274
f 220/456/456 174/402/402 213/455/455
f 213/455/455 174/402/402 162/274/274
f 220/456/456 165/403/403 174/402/402
f 220/456/456 229/340/340 165/403/403
f 229/340/340 169/276/276 165/403/403
f 2608/457/457 2443/458/458 2565/459/459
f 2443/458/458 2442/460/460 2565/459/459
f 2442/460/460 2444/461/461 2560/462/462
f 2565/459/459 2442/460/460 2560/462/462
f 2560/462/462 2444/461/461 2562/404/404
f 2444/461/461 2479/463/463 2562/404/404
f 2562/404/404 2479/463/463 2556/405/405
f 2884/406/406 2556/405/405 2892/464/464
f 2216/465/465 2214/466/466 2209/467/467
f 2214/466/466 2207/468/468 2209/467/467
f 2198/350/350 2179/409/409 2191/469/469
f 2209/467/467 2203/470/470 2208/471/471
f 2208/471/471 2203/470/470 2201/472/472
f 2201/472/472 2177/473/473 2197/411/411
f 2197/411/411 2177/473/473 2176/474/474
f 2823/414/414 2520/416/416 2580/415/415
f 2471/422/422 2462/475/475 2460/476/476
f 2471/422/422 2460/476/476 2457/477/477
f 2471/422/422 2457/477/477 2582/478/478
f 2582/478/478 2457/477/477 2583/429/429
f 2583/429/429 2457/477/477 2427/430/430
f 2427/430/430 2430/435/435 2627/432/432
f 2627/432/432 2430/435/435 2626/434/434
f 2429/437/437 2428/479/479 2511/375/375
f 2511/375/375 2428/479/479 2416/439/439
f 319/438/438 256/378/378 320/480/480
f 256/378/378 308/441/441 320/480/480
f 845/381/381 566/481/481 598/482/482
f 2449/319/319 2407/442/442 2406/383/383
f 2374/446/446 2372/483/483 2373/384/384
f 2369/322/322 2366/484/484 2368/388/388
f 2547/391/391 2391/449/449 2454/485/485
f 2547/391/391 2454/485/485 2593/394/394
f 2593/394/394 2454/485/485 2581/452/452
f 2454/485/485 2447/486/486 2581/452/452
f 2581/452/452 2447/486/486 2469/487/487
f 2469/487/487 2870/451/451 2581/452/452
f 2469/487/487 2869/488/488 2870/451/451
f 2869/488/488 2469/487/487 2453/489/489
f 2869/488/488 2453/489/489 2886/490/490
f 789/491/491 791/492/492 788/493/493
f 2886/490/490 2453/489/489 2885/494/494
f 2885/494/494 2453/489/489 2452/495/495
f 2452/495/495 2608/457/457 2885/494/494
f 2452/495/495 2443/458/458 2608/457/457
f 842/496/496 739/497/497 948/498/498
f 2209/467/467 2207/468/468 2203/470/470
f 2203/470/470 2177/473/473 2201/472/472
f 2197/411/411 2176/474/474 2179/409/409
f 2553/499/499 2521/500/500 2520/416/416
f 2465/417/417 2463/501/501 2464/419/419
f 2464/419/419 2463/501/501 2462/475/475
f 2464/419/419 2462/475/475 2470/421/421
f 2427/430/430 2424/502/502 2430/435/435
f 2430/435/435 2421/503/503 2429/437/437
f 2429/437/437 2421/503/503 2418/504/504
f 2429/437/437 2418/504/504 2428/479/479
f 2404/505/505 2380/445/445 2406/383/383
f 2407/442/442 2404/505/505 2406/383/383
f 2406/383/383 2380/445/445 2409/321/321
f 2370/506/506 2366/484/484 2369/322/322
f 2474/259/259 2378/507/507 2455/326/326
f 2455/326/326 2378/507/507 2390/389/389
f 2390/389/389 2379/508/508 2388/390/390
f 2388/390/390 2387/509/509 2391/449/449
f 2391/449/449 2393/510/510 2454/485/485
f 2454/485/485 2393/510/510 2447/486/486
f 842/496/496 948/498/498 814/511/511
f 2207/468/468 2204/512/512 2203/470/470
f 3011/513/513 3018/514/514 3000/515/515
f 2823/414/414 2553/499/499 2520/416/416
f 2520/416/416 2521/500/500 2466/516/516
f 2520/416/416 2466/516/516 2465/417/417
f 2465/417/417 2466/516/516 2463/501/501
f 2462/475/475 2459/517/517 2460/476/476
f 2460/476/476 2459/517/517 2457/477/477
f 2457/477/477 2459/517/517 2458/518/518
f 677/298/298 613/519/519 568/520/520
f 2457/477/477 2458/518/518 2456/521/521
f 613/519/519 798/522/522 694/523/523
f 2457/477/477 2456/521/521 2427/430/430
f 2456/521/521 2426/524/524 2427/430/430
f 2426/524/524 2425/525/525 2427/430/430
f 2427/430/430 2425/525/525 2424/502/502
f 2424/502/502 2421/503/503 2430/435/435
f 697/526/526 559/527/527 538/528/528
f 2428/479/479 2418/504/504 2414/529/529
f 2428/479/479 2414/529/529 2416/439/439
f 2416/439/439 2414/529/529 2410/440/440
f 2410/440/440 2408/530/530 2407/442/442
f 2407/442/442 2408/530/530 2404/505/505
f 2373/384/384 2372/483/483 2370/506/506
f 2368/388/388 2376/531/531 2475/325/325
f 2475/325/325 2376/531/531 2474/259/259
f 2474/259/259 2376/531/531 2378/507/507
f 2390/389/389 2378/507/507 2379/508/508
f 514/448/448 471/532/532 504/533/533
f 2379/508/508 2387/509/509 2388/390/390
f 596/534/534 738/535/535 595/536/536
f 2391/449/449 2392/537/537 2393/510/510
f 2393/510/510 2396/538/538 2447/486/486
f 2447/486/486 2396/538/538 2397/539/539
f 2447/486/486 2397/539/539 2469/487/487
f 2397/539/539 2399/540/540 2469/487/487
f 2452/495/495 2402/541/541 2443/458/458
f 2402/541/541 2441/542/542 2442/460/460
f 2443/458/458 2402/541/541 2442/460/460
f 2442/460/460 2441/542/542 2444/461/461
f 2444/461/461 2441/542/542 2446/543/543
f 2444/461/461 2446/543/543 2479/463/463
f 2479/463/463 2446/543/543 2542/544/544
f 2479/463/463 2542/544/544 2556/405/405
f 804/545/545 515/546/546 768/547/547
f 2892/464/464 2556/405/405 2852/548/548
f 2214/466/466 2213/549/549 2207/468/468
f 2176/474/474 2172/550/550 2179/409/409
f 3007/412/412 3006/551/551 3016/552/552
f 2882/553/553 2553/499/499 2823/414/414
f 2463/501/501 2459/517/517 2462/475/475
f 2458/518/518 2461/554/554 2456/521/521
f 694/523/523 798/522/522 577/555/555
f 796/556/556 705/557/557 577/555/555
f 2418/504/504 2417/558/558 2414/529/529
f 2410/440/440 2414/529/529 2408/530/530
f 598/482/482 565/559/559 525/560/560
f 2404/505/505 2403/561/561 2380/445/445
f 565/559/559 566/481/481 524/562/562
f 2374/446/446 2371/563/563 2372/483/483
f 2387/509/509 2392/537/537 2391/449/449
f 2399/540/540 2400/564/564 2469/487/487
f 2400/564/564 2453/489/489 2469/487/487
f 2453/489/489 2400/564/564 2452/495/495
f 2452/495/495 2400/564/564 2402/541/541
f 792/565/565 814/511/511 575/566/566
f 2542/544/544 2852/548/548 2556/405/405
f 2191/469/469 2178/567/567 2196/568/568
f 2213/549/549 2204/512/512 2207/468/468
f 2203/470/470 2204/512/512 2170/569/569
f 2203/470/470 2170/569/569 2177/473/473
f 2179/409/409 2172/550/550 2178/567/567
f 2177/473/473 2170/569/569 2176/474/474
f 2170/569/569 2169/570/570 2176/474/474
f 2169/570/570 2172/550/550 2176/474/474
f 604/571/571 553/572/572 562/573/573
f 2461/554/554 2494/574/574 2456/521/521
f 2456/521/521 2494/574/574 2426/524/524
f 2425/525/525 2423/575/575 2424/502/502
f 2424/502/502 2423/575/575 2421/503/503
f 2423/575/575 2422/576/576 2421/503/503
f 2418/504/504 2419/577/577 2417/558/558
f 2414/529/529 2413/578/578 2408/530/530
f 2408/530/530 2405/579/579 2404/505/505
f 2380/445/445 2403/561/561 2382/580/580
f 2370/506/506 2364/581/581 2366/484/484
f 2364/581/581 2365/582/582 2366/484/484
f 2366/484/484 2367/583/583 2368/388/388
f 2392/537/537 2394/584/584 2393/510/510
f 614/585/585 615/586/586 498/587/587
f 2393/510/510 2395/588/588 2396/538/538
f 2402/541/541 2440/589/589 2441/542/542
f 948/498/498 739/497/497 510/590/590
f 2441/542/542 2450/591/591 2446/543/543
f 2196/568/568 2178/567/567 2190/592/592
f 2553/499/499 2544/593/593 2521/500/500
f 2521/500/500 2522/594/594 2480/595/595
f 2521/500/500 2480/595/595 2466/516/516
f 2466/516/516 2480/595/595 2463/501/501
f 2480/595/595 2486/596/596 2463/501/501
f 2486/596/596 2485/597/597 2463/501/501
f 2463/501/501 2485/597/597 2459/517/517
f 2459/517/517 2485/597/597 2488/598/598
f 2459/517/517 2488/598/598 2458/518/518
f 2422/576/576 2420/599/599 2421/503/503
f 2421/503/503 2420/599/599 2418/504/504
f 2418/504/504 2420/599/599 2419/577/577
f 2417/558/558 2415/600/600 2414/529/529
f 2415/600/600 2413/578/578 2414/529/529
f 2408/530/530 2413/578/578 2405/579/579
f 2404/505/505 2405/579/579 2403/561/561
f 2365/582/582 2367/583/583 2366/484/484
f 2367/583/583 2375/601/601 2368/388/388
f 2368/388/388 2375/601/601 2376/531/531
f 2376/531/531 2377/602/602 2378/507/507
f 2378/507/507 2377/602/602 2379/508/508
f 2393/510/510 2394/584/584 2395/588/588
f 2399/540/540 2397/539/539 2398/603/603
f 2400/564/564 2401/604/604 2402/541/541
f 2441/542/542 2440/589/589 2445/605/605
f 2441/542/542 2445/605/605 2450/591/591
f 2204/512/512 2200/606/606 2170/569/569
f 2882/553/553 2604/607/607 2553/499/499
f 2604/607/607 2544/593/593 2553/499/499
f 2544/593/593 2522/594/594 2521/500/500
f 2458/518/518 2488/598/598 2491/608/608
f 2458/518/518 2491/608/608 2461/554/554
f 2461/554/554 2436/609/609 2494/574/574
f 2419/577/577 2431/610/610 2417/558/558
f 2382/580/580 2381/611/611 2380/445/445
f 2380/445/445 2381/611/611 2371/563/563
f 2380/445/445 2371/563/563 2374/446/446
f 2372/483/483 2371/563/563 2370/506/506
f 2371/563/563 2364/581/581 2370/506/506
f 2377/602/602 2385/612/612 2379/508/508
f 2385/612/612 2386/613/613 2379/508/508
f 2379/508/508 2386/613/613 2387/509/509
f 2386/613/613 2389/614/614 2387/509/509
f 2387/509/509 2389/614/614 2392/537/537
f 2396/538/538 2395/588/588 2397/539/539
f 2395/588/588 2398/603/603 2397/539/539
f 2400/564/564 2398/603/603 2401/604/604
f 2401/604/604 2440/589/589 2402/541/541
f 2450/591/591 2476/615/615 2446/543/543
f 2476/615/615 2543/616/616 2542/544/544
f 2446/543/543 2476/615/615 2542/544/544
f 2543/616/616 2603/617/617 2542/544/544
f 2542/544/544 2603/617/617 2852/548/548
f 2603/617/617 2941/618/618 2852/548/548
f 2213/549/549 2210/619/619 2204/512/512
f 2180/620/620 2187/621/621 2178/567/567
f 2204/512/512 2210/619/619 2200/606/606
f 2172/550/550 2175/622/622 2178/567/567
f 2175/622/622 2180/620/620 2178/567/567
f 2170/569/569 2200/606/606 2165/623/623
f 2165/623/623 2167/624/624 2169/570/570
f 2170/569/569 2165/623/623 2169/570/570
f 2169/570/570 2167/624/624 2172/550/550
f 2167/624/624 2175/622/622 2172/550/550
f 3002/625/625 3009/626/626 3006/551/551
f 2480/595/595 2504/627/627 2486/596/596
f 2491/608/608 2505/628/628 2461/554/554
f 2461/554/554 2505/628/628 2436/609/609
f 2494/574/574 2436/609/609 2426/524/524
f 2436/609/609 2423/575/575 2426/524/524
f 2426/524/524 2423/575/575 2425/525/525
f 2420/599/599 2432/629/629 2419/577/577
f 2405/579/579 2448/630/630 2403/561/561
f 2381/611/611 2384/631/631 2371/563/563
f 2367/583/583 2383/632/632 2375/601/601
f 2375/601/601 2377/602/602 2376/531/531
f 2389/614/614 2394/584/584 2392/537/537
f 2522/594/594 2526/633/633 2480/595/595
f 2480/595/595 2526/633/633 2504/627/627
f 2434/634/634 2433/635/635 2422/576/576
f 2422/576/576 2433/635/635 2420/599/599
f 2417/558/558 2431/610/610 2415/600/600
f 2415/600/600 2473/636/636 2413/578/578
f 2413/578/578 2473/636/636 2405/579/579
f 2405/579/579 2473/636/636 2448/630/630
f 2403/561/561 2448/630/630 2382/580/580
f 2384/631/631 2438/637/637 2371/563/563
f 2371/563/563 2362/638/638 2364/581/581
f 2365/582/582 2363/639/639 2367/583/583
f 2509/640/640 2508/641/641 2401/604/604
f 2401/604/604 2508/641/641 2440/589/589
f 2450/591/591 2528/642/642 2476/615/615
f 2603/617/617 2921/643/643 2941/618/618
f 2604/607/607 2624/644/644 2544/593/593
f 2486/596/596 2487/645/645 2485/597/597
f 2485/597/597 2487/645/645 2488/598/598
f 2490/646/646 2491/608/608 2488/598/598
f 2436/609/609 2435/647/647 2423/575/575
f 2423/575/575 2435/647/647 2422/576/576
f 2422/576/576 2435/647/647 2434/634/634
f 2433/635/635 2432/629/629 2420/599/599
f 2419/577/577 2432/629/629 2431/610/610
f 2415/600/600 2472/648/648 2473/636/636
f 2371/563/563 2438/637/637 2362/638/638
f 2364/581/581 2362/638/638 2363/639/639
f 2364/581/581 2363/639/639 2365/582/582
f 2363/639/639 2383/632/632 2367/583/583
f 2375/601/601 2383/632/632 2377/602/602
f 2389/614/614 2483/649/649 2394/584/584
f 2394/584/584 2507/650/650 2395/588/588
f 2398/603/603 2395/588/588 2510/651/651
f 2398/603/603 2510/651/651 2401/604/604
f 2401/604/604 2510/651/651 2509/640/640
f 2508/641/641 2445/605/605 2440/589/589
f 2445/605/605 2523/652/652 2450/591/591
f 2450/591/591 2523/652/652 2528/642/642
f 2476/615/615 2551/653/653 2543/616/616
f 2543/616/616 2551/653/653 2615/654/654
f 2210/619/619 2202/655/655 2200/606/606
f 2180/620/620 2173/656/656 2181/657/657
f 2175/622/622 2173/656/656 2180/620/620
f 2200/606/606 2202/655/655 2168/658/658
f 2200/606/606 2168/658/658 2165/623/623
f 2168/658/658 2166/659/659 2165/623/623
f 2165/623/623 2166/659/659 2167/624/624
f 2167/624/624 2173/656/656 2175/622/622
f 2490/646/646 2505/628/628 2491/608/608
f 2505/628/628 2467/660/660 2436/609/609
f 2431/610/610 2472/648/648 2415/600/600
f 2448/630/630 2482/661/661 2382/580/580
f 2482/661/661 2500/662/662 2381/611/611
f 2382/580/580 2482/661/661 2381/611/611
f 2381/611/611 2500/662/662 2384/631/631
f 2363/639/639 2361/663/663 2383/632/632
f 2377/602/602 2383/632/632 2478/664/664
f 2386/613/613 2477/665/665 2389/614/614
f 2477/665/665 2484/666/666 2389/614/614
f 2484/666/666 2483/649/649 2389/614/614
f 2507/650/650 2512/667/667 2395/588/588
f 2528/642/642 2551/653/653 2476/615/615
f 674/668/668 675/669/669 511/670/670
f 2921/643/643 2987/671/671 2941/618/618
f 2210/619/619 2212/672/672 2202/655/655
f 2167/624/624 2166/659/659 2173/656/656
f 2624/644/644 2586/673/673 2544/593/593
f 2544/593/593 2545/674/674 2522/594/594
f 2522/594/594 2545/674/674 2526/633/633
f 2486/596/596 2503/675/675 2487/645/645
f 2488/598/598 2487/645/645 2489/676/676
f 2488/598/598 2489/676/676 2490/646/646
f 2467/660/660 2437/677/677 2436/609/609
f 2436/609/609 2437/677/677 2435/647/647
f 2433/635/635 2495/678/678 2432/629/629
f 2432/629/629 2497/679/679 2431/610/610
f 2431/610/610 2497/679/679 2472/648/648
f 2472/648/648 2530/680/680 2473/636/636
f 2500/662/662 2439/681/681 2384/631/631
f 2384/631/631 2439/681/681 2438/637/637
f 2362/638/638 2361/663/663 2363/639/639
f 2377/602/602 2478/664/664 2477/665/665
f 2377/602/602 2477/665/665 2385/612/612
f 2385/612/612 2477/665/665 2386/613/613
f 2483/649/649 2507/650/650 2394/584/584
f 2395/588/588 2512/667/667 2510/651/651
f 2508/641/641 2524/682/682 2445/605/605
f 2544/593/593 2586/673/673 2545/674/674
f 2505/628/628 2468/683/683 2467/660/660
f 2432/629/629 2495/678/678 2497/679/679
f 2497/679/679 2529/684/684 2472/648/648
f 2472/648/648 2529/684/684 2530/680/680
f 2473/636/636 2531/685/685 2448/630/630
f 2448/630/630 2531/685/685 2482/661/661
f 2438/637/637 2439/681/681 2360/686/686
f 2438/637/637 2360/686/686 2362/638/638
f 2383/632/632 2347/687/687 2348/688/688
f 2525/689/689 2508/641/641 2509/640/640
f 2615/654/654 2903/690/690 2921/643/643
f 2181/657/657 2182/691/691 2189/692/692
f 2173/656/656 2182/691/691 2181/657/657
f 2489/676/676 2492/693/693 2490/646/646
f 2490/646/646 2468/683/683 2505/628/628
f 2467/660/660 2468/683/683 2437/677/677
f 2434/634/634 2506/694/694 2433/635/635
f 2433/635/635 2506/694/694 2495/678/678
f 2473/636/636 2530/680/680 2531/685/685
f 2361/663/663 2347/687/687 2383/632/632
f 2507/650/650 2538/695/695 2512/667/667
f 2510/651/651 2525/689/689 2509/640/640
f 2508/641/641 2525/689/689 2524/682/682
f 2524/682/682 2523/652/652 2445/605/605
f 2189/692/692 2182/691/691 2193/696/696
f 2202/655/655 2185/697/697 2168/658/658
f 2166/659/659 2168/658/658 2171/698/698
f 2557/699/699 2503/675/675 2526/633/633
f 2503/675/675 2513/700/700 2487/645/645
f 2490/646/646 2492/693/693 2493/701/701
f 2490/646/646 2493/701/701 2468/683/683
f 2468/683/683 2502/702/702 2437/677/677
f 2437/677/677 2502/702/702 2501/703/703
f 2437/677/677 2501/703/703 2434/634/634
f 2501/703/703 2506/694/694 2434/634/634
f 2506/694/694 2540/704/704 2495/678/678
f 2495/678/678 2540/704/704 2497/679/679
f 2497/679/679 2569/705/705 2529/684/684
f 2482/661/661 2567/706/706 2500/662/662
f 2500/662/662 2534/707/707 2439/681/681
f 2439/681/681 2534/707/707 2360/686/686
f 2362/638/638 2339/708/708 2361/663/663
f 2478/664/664 2516/709/709 2477/665/665
f 2484/666/666 2514/710/710 2483/649/649
f 2512/667/667 2538/695/695 2510/651/651
f 2510/651/651 2538/695/695 2539/711/711
f 2510/651/651 2539/711/711 2525/689/689
f 2523/652/652 2572/712/712 2528/642/642
f 2551/653/653 2528/642/642 2585/713/713
f 2551/653/653 2903/690/690 2615/654/654
f 2921/643/643 2990/714/714 2987/671/671
f 2212/672/672 2211/715/715 2202/655/655
f 2202/655/655 2211/715/715 2185/697/697
f 2945/716/716 2935/717/717 2586/673/673
f 2586/673/673 2621/718/718 2545/674/674
f 2513/700/700 2519/719/719 2487/645/645
f 2487/645/645 2519/719/719 2489/676/676
f 2501/703/703 2571/720/720 2506/694/694
f 2540/704/704 2569/705/705 2497/679/679
f 2529/684/684 2569/705/705 2530/680/680
f 2530/680/680 2596/721/721 2531/685/685
f 2531/685/685 2596/721/721 2598/722/722
f 2482/661/661 2598/722/722 2567/706/706
f 2500/662/662 2567/706/706 2534/707/707
f 2348/688/688 2517/723/723 2478/664/664
f 2517/723/723 2516/709/709 2478/664/664
f 2514/710/710 2518/724/724 2483/649/649
f 2483/649/649 2518/724/724 2507/650/650
f 2507/650/650 2537/725/725 2538/695/695
f 2539/711/711 2559/726/726 2525/689/689
f 2525/689/689 2558/727/727 2524/682/682
f 2524/682/682 2558/727/727 2561/728/728
f 2524/682/682 2561/728/728 2523/652/652
f 2523/652/652 2561/728/728 2572/712/712
f 2572/712/712 2585/713/713 2528/642/642
f 2551/653/653 2585/713/713 2875/729/729
f 2551/653/653 2875/729/729 2903/690/690
f 2921/643/643 2903/690/690 2990/714/714
f 2168/658/658 2185/697/697 2171/698/698
f 2171/698/698 2183/730/730 2174/731/731
f 3023/732/732 3028/733/733 3029/734/734
f 2621/718/718 2557/699/699 2545/674/674
f 2489/676/676 2519/719/719 2492/693/693
f 2492/693/693 2519/719/719 2533/735/735
f 2492/693/693 2533/735/735 2493/701/701
f 2493/701/701 2533/735/735 2527/736/736
f 2493/701/701 2527/736/736 2468/683/683
f 2527/736/736 2568/737/737 2502/702/702
f 2468/683/683 2527/736/736 2502/702/702
f 2502/702/702 2568/737/737 2501/703/703
f 2568/737/737 2571/720/720 2501/703/703
f 2506/694/694 2571/720/720 2576/738/738
f 2506/694/694 2576/738/738 2540/704/704
f 2540/704/704 2576/738/738 2577/739/739
f 2540/704/704 2577/739/739 2569/705/705
f 2569/705/705 2597/740/740 2530/680/680
f 2347/687/687 2346/741/741 2348/688/688
f 2516/709/709 2554/742/742 2515/743/743
f 2554/742/742 2514/710/710 2515/743/743
f 2515/743/743 2514/710/710 2484/666/666
f 2518/724/724 2537/725/725 2507/650/650
f 2183/730/730 2186/744/744 2174/731/731
f 2174/731/731 2186/744/744 2182/691/691
f 2185/697/697 2184/745/745 2171/698/698
f 2184/745/745 2183/730/730 2171/698/698
f 2519/719/719 2906/746/746 2533/735/735
f 2569/705/705 2577/739/739 2914/747/747
f 2569/705/705 2914/747/747 2597/740/740
f 2597/740/740 2915/748/748 2596/721/721
f 2596/721/721 2910/749/749 2598/722/722
f 2360/686/686 2354/750/750 2339/708/708
f 2346/741/741 2552/751/751 2348/688/688
f 2348/688/688 2552/751/751 2566/752/752
f 2566/752/752 2517/723/723 2348/688/688
f 2554/742/742 2564/753/753 2514/710/710
f 2514/710/710 2564/753/753 2518/724/724
f 2537/725/725 2623/754/754 2538/695/695
f 2623/754/754 2622/755/755 2538/695/695
f 2538/695/695 2622/755/755 2539/711/711
f 2622/755/755 2620/756/756 2539/711/711
f 2539/711/711 2620/756/756 2559/726/726
f 2620/756/756 2619/757/757 2559/726/726
f 2559/726/726 2619/757/757 2558/727/727
f 819/758/758 957/759/759 818/760/760
f 2558/727/727 2618/761/761 2561/728/728
f 2585/713/713 2572/712/712 2895/762/762
f 2875/729/729 2982/763/763 2903/690/690
f 2903/690/690 2994/764/764 2990/714/714
f 2621/718/718 2933/765/765 2557/699/699
f 2557/699/699 2605/766/766 2513/700/700
f 2605/766/766 2866/767/767 2513/700/700
f 2513/700/700 2866/767/767 2867/768/768
f 2513/700/700 2867/768/768 2519/719/719
f 2519/719/719 2867/768/768 2906/746/746
f 2920/769/769 2919/770/770 2527/736/736
f 2527/736/736 2919/770/770 2568/737/737
f 2568/737/737 2919/770/770 2918/771/771
f 2568/737/737 2918/771/771 2571/720/720
f 2918/771/771 2946/772/772 2576/738/738
f 2576/738/738 2946/772/772 2577/739/739
f 1410/773/773 1387/774/774 1404/775/775
f 2914/747/747 2915/748/748 2597/740/740
f 2910/749/749 2891/776/776 2598/722/722
f 2598/722/722 2891/776/776 2567/706/706
f 2567/706/706 2594/777/777 2534/707/707
f 2594/777/777 2550/778/778 2534/707/707
f 2901/779/779 2900/780/780 2554/742/742
f 2564/753/753 2587/781/781 2518/724/724
f 2518/724/724 2587/781/781 2537/725/725
f 2537/725/725 2587/781/781 2623/754/754
f 2622/755/755 2938/782/782 2620/756/756
f 2620/756/756 2943/783/783 2619/757/757
f 2619/757/757 2618/761/761 2558/727/727
f 2572/712/712 2561/728/728 2895/762/762
f 2903/690/690 2982/763/763 2991/784/784
f 2903/690/690 2991/784/784 2994/764/764
f 2211/715/715 2215/785/785 2205/786/786
f 2211/715/715 2205/786/786 2185/697/697
f 2185/697/697 2205/786/786 2184/745/745
f 1399/787/787 1374/788/788 1381/789/789
f 1410/773/773 1393/790/790 1387/774/774
f 2534/707/707 2550/778/778 2359/791/791
f 2339/708/708 2337/792/792 2347/687/687
f 2566/752/752 2588/793/793 2517/723/723
f 2900/780/780 2899/794/794 2554/742/742
f 2554/742/742 2899/794/794 2564/753/753
f 2564/753/753 2899/794/794 2587/781/781
f 2587/781/781 2958/795/795 2623/754/754
f 1260/796/796 1219/797/797 1242/798/798
f 2618/761/761 2909/799/799 2561/728/728
f 2561/728/728 2909/799/799 2895/762/762
f 2895/762/762 2981/800/800 2875/729/729
f 2875/729/729 2981/800/800 2982/763/763
f 2183/730/730 2188/801/801 2194/802/802
f 2205/786/786 2188/801/801 2184/745/745
f 2184/745/745 2188/801/801 2183/730/730
f 1415/803/803 1378/804/804 1414/805/805
f 2948/806/806 2947/807/807 2557/699/699
f 2605/766/766 2947/807/807 2866/767/767
f 1345/808/808 1334/809/809 1424/810/810
f 1393/790/790 1377/811/811 1387/774/774
f 1400/812/812 1406/813/813 1416/814/814
f 2891/776/776 2868/815/815 2594/777/777
f 2360/686/686 2359/791/791 2354/750/750
f 2339/708/708 2335/816/816 2337/792/792
f 2552/751/751 2588/793/793 2566/752/752
f 2588/793/793 2887/817/817 2517/723/723
f 2887/817/817 2978/818/818 2901/779/779
f 1275/819/819 1248/820/820 1271/821/821
f 2587/781/781 2899/794/794 2958/795/795
f 1255/822/822 1222/823/823 1272/824/824
f 1272/824/824 1222/823/823 1232/825/825
f 1272/824/824 1232/825/825 1258/826/826
f 2618/761/761 2942/827/827 2909/799/799
f 2895/762/762 2909/799/799 2981/800/800
f 1262/828/828 1221/829/829 1241/830/830
f 1408/831/831 1379/832/832 1378/804/804
f 1360/833/833 1355/834/834 1370/835/835
f 1416/814/814 1406/813/813 1417/836/836
f 2354/750/750 2335/816/816 2339/708/708
f 2346/741/741 2338/837/837 2552/751/751
f 1248/820/820 1220/838/838 1218/839/839
f 1274/840/840 1249/841/841 1282/842/842
f 1241/830/830 1200/843/843 1228/844/844
f 1302/845/845 1298/846/846 1301/847/847
f 2594/777/777 2868/815/815 2550/778/778
f 2550/778/778 2549/848/848 2359/791/791
f 2337/792/792 2338/837/837 2346/741/741
f 2588/793/793 2979/849/849 2887/817/817
f 2887/817/817 2979/849/849 2978/818/818
f 1207/850/850 1224/851/851 1210/852/852
f 1152/853/853 1156/854/854 1169/855/855
f 1168/856/856 1159/857/857 1167/858/858
f 1184/859/859 1226/860/860 1269/861/861
f 1274/840/840 1226/860/860 1247/862/862
f 1327/863/863 1321/864/864 1361/865/865
f 2868/815/815 2606/866/866 2550/778/778
f 2549/848/848 2352/867/867 2359/791/791
f 2359/791/791 2352/867/867 2354/750/750
f 2354/750/750 2352/867/867 2335/816/816
f 1283/868/868 1256/869/869 1268/870/870
f 1254/871/871 1224/851/851 1220/838/838
f 1397/872/872 1412/873/873 1396/874/874
f 2985/875/875 2606/866/866 2868/815/815
f 2550/778/778 2606/866/866 2549/848/848
f 2338/837/837 2563/876/876 2552/751/751
f 2552/751/751 2851/877/877 2588/793/793
f 1223/878/878 1253/879/879 1252/880/880
f 2335/816/816 2333/881/881 2337/792/792
f 2563/876/876 2851/877/877 2552/751/751
f 2588/793/793 2851/877/877 2980/882/882
f 2588/793/793 2980/882/882 2979/849/849
f 2606/866/866 2607/883/883 2549/848/848
f 2335/816/816 2334/884/884 2333/881/881
f 2337/792/792 2333/881/881 2338/837/837
f 1284/885/885 1279/886/886 1283/868/868
f 1279/886/886 1277/887/887 1254/871/871
f 2335/816/816 2352/867/867 2334/884/884
f 1284/885/885 1277/887/887 1279/886/886
f 1523/888/888 1504/889/889 1524/890/890
f 2338/837/837 2342/891/891 2563/876/876
f 1784/892/892 1781/893/893 1808/894/894
f 1808/894/894 1781/893/893 1782/895/895
f 1266/896/896 1278/897/897 1280/898/898
f 1782/895/895 1783/899/899 1808/894/894
f 1808/894/894 1783/899/899 1809/900/900
f 2607/883/883 2548/901/901 2549/848/848
f 2549/848/848 2548/901/901 2352/867/867
f 2333/881/881 2342/891/891 2338/837/837
f 1828/902/902 1760/903/903 1830/904/904
f 1830/904/904 1760/903/903 1784/892/892
f 2606/866/866 2897/905/905 2607/883/883
f 2548/901/901 2351/906/906 2352/867/867
f 2352/867/867 2351/906/906 2334/884/884
f 1819/907/907 1774/908/908 1805/909/909
f 1783/899/899 1774/908/908 1809/900/900
f 2897/905/905 2853/910/910 2607/883/883
f 2563/876/876 2342/891/891 2888/911/911
f 1784/892/892 1760/903/903 1781/893/893
f 1782/895/895 1759/912/912 1783/899/899
f 1783/899/899 1759/912/912 1774/908/908
f 2607/883/883 2853/910/910 2548/901/901
f 1760/903/903 1758/913/913 1781/893/893
f 1759/912/912 1773/914/914 1774/908/908
f 1782/895/895 1758/913/913 1759/912/912
f 1828/902/902 1738/915/915 1760/903/903
f 1738/915/915 1758/913/913 1760/903/903
f 1774/908/908 1773/914/914 1771/916/916
f 1509/917/917 1483/918/918 1501/919/919
f 2853/910/910 2573/920/920 2548/901/901
f 2548/901/901 2573/920/920 2350/921/921
f 2548/901/901 2350/921/921 2351/906/906
f 2351/906/906 2350/921/921 2334/884/884
f 2327/922/922 2342/891/891 2333/881/881
f 2342/891/891 2889/923/923 2888/911/911
f 1828/902/902 1829/924/924 1738/915/915
f 1771/916/916 1804/925/925 1805/909/909
f 1758/913/913 1733/926/926 1759/912/912
f 1733/926/926 1734/927/927 1759/912/912
f 1759/912/912 1734/927/927 1773/914/914
f 2332/928/928 2327/922/922 2333/881/881
f 2334/884/884 2332/928/928 2333/881/881
f 1758/913/913 1738/915/915 1733/926/926
f 2853/910/910 2874/929/929 2573/920/920
f 2350/921/921 2332/928/928 2334/884/884
f 1829/924/924 1761/930/930 1738/915/915
f 1738/915/915 1731/931/931 1733/926/926
f 1731/931/931 1732/932/932 1733/926/926
f 1734/927/927 1767/933/933 1771/916/916
f 1732/932/932 1735/934/934 1734/927/927
f 1733/926/926 1732/932/932 1734/927/927
f 2332/928/928 2326/935/935 2327/922/922
f 2327/922/922 2343/936/936 2342/891/891
f 2343/936/936 2889/923/923 2342/891/891
f 1771/916/916 1797/937/937 1804/925/925
f 1734/927/927 1735/934/934 1767/933/933
f 1797/937/937 1816/938/938 1804/925/925
f 1761/930/930 1739/939/939 1738/915/915
f 1771/916/916 1767/933/933 1797/937/937
f 1738/915/915 1739/939/939 1731/931/931
f 2573/920/920 2336/940/940 2350/921/921
f 2350/921/921 2336/940/940 2332/928/928
f 2326/935/935 2325/941/941 2327/922/922
f 1732/932/932 1729/942/942 1735/934/934
f 1735/934/934 1753/943/943 1767/933/933
f 2874/929/929 2578/944/944 2573/920/920
f 2332/928/928 2336/940/940 2326/935/935
f 2327/922/922 2325/941/941 2343/936/936
f 1767/933/933 1753/943/943 1793/945/945
f 1731/931/931 1729/942/942 1732/932/932
f 1735/934/934 1729/942/942 1753/943/943
f 2573/920/920 2578/944/944 2336/940/940
f 1797/937/937 1813/946/946 1816/938/938
f 1761/930/930 1750/947/947 1739/939/939
f 1739/939/939 1740/948/948 1731/931/931
f 1753/943/943 1778/949/949 1793/945/945
f 1478/950/950 1486/951/951 1508/952/952
f 2336/940/940 2324/953/953 2326/935/935
f 1761/930/930 1789/954/954 1750/947/947
f 1793/945/945 1813/946/946 1797/937/937
f 2578/944/944 2353/955/955 2336/940/940
f 1761/930/930 1829/924/924 1789/954/954
f 1740/948/948 1728/956/956 1731/931/931
f 1731/931/931 1728/956/956 1729/942/942
f 1729/942/942 1714/957/957 1753/943/943
f 2326/935/935 2324/953/953 2325/941/941
f 2343/936/936 2904/958/958 2889/923/923
f 1750/947/947 1740/948/948 1739/939/939
f 1729/942/942 1728/956/956 1714/957/957
f 2336/940/940 2353/955/955 2324/953/953
f 1536/959/959 1486/951/951 1535/960/960
f 2578/944/944 2826/961/961 2353/955/955
f 2343/936/936 2602/962/962 2904/958/958
f 1793/945/945 1796/963/963 1813/946/946
f 1728/956/956 1715/964/964 1714/957/957
f 1753/943/943 1714/957/957 1778/949/949
f 2323/965/965 2602/962/962 2343/936/936
f 2325/941/941 2323/965/965 2343/936/936
f 1793/945/945 1779/966/966 1796/963/963
f 1714/957/957 1779/966/966 1778/949/949
f 1778/949/949 1779/966/966 1793/945/945
f 1796/963/963 1824/967/967 1813/946/946
f 1740/948/948 1730/968/968 1728/956/956
f 1728/956/956 1730/968/968 1715/964/964
f 2324/953/953 2323/965/965 2325/941/941
f 1750/947/947 1744/969/969 1740/948/948
f 1714/957/957 1766/970/970 1779/966/966
f 1486/951/951 1491/971/971 1535/960/960
f 1789/954/954 1757/972/972 1750/947/947
f 1740/948/948 1744/969/969 1730/968/968
f 1766/970/970 1796/963/963 1779/966/966
f 1730/968/968 1713/973/973 1715/964/964
f 2323/965/965 2331/974/974 2602/962/962
f 2602/962/962 2902/975/975 2904/958/958
f 2904/958/958 2902/975/975 2975/976/976
f 1796/963/963 1806/977/977 1824/967/967
f 1750/947/947 1757/972/972 1744/969/969
f 1794/978/978 1806/977/977 1796/963/963
f 1766/970/970 1794/978/978 1796/963/963
f 1713/973/973 1709/979/979 1714/957/957
f 1715/964/964 1713/973/973 1714/957/957
f 1491/971/971 1531/980/980 1535/960/960
f 2826/961/961 2833/981/981 2353/955/955
f 2324/953/953 2322/982/982 2323/965/965
f 1714/957/957 1709/979/979 1766/970/970
f 2353/955/955 2349/983/983 2324/953/953
f 2602/962/962 2331/974/974 2902/975/975
f 1757/972/972 1736/984/984 1744/969/969
f 2833/981/981 2349/983/983 2353/955/955
f 2349/983/983 2320/985/985 2324/953/953
f 2324/953/953 2320/985/985 2322/982/982
f 2323/965/965 2322/982/982 2321/986/986
f 2321/986/986 2331/974/974 2323/965/965
f 1744/969/969 1736/984/984 1730/968/968
f 1730/968/968 1736/984/984 1713/973/973
f 1794/978/978 1787/987/987 1806/977/977
f 1713/973/973 1706/988/988 1709/979/979
f 1491/971/971 1490/989/989 1531/980/980
f 1787/987/987 1817/990/990 1806/977/977
f 1709/979/979 1754/991/991 1766/970/970
f 2902/975/975 2898/992/992 2975/976/976
f 1766/970/970 1787/987/987 1794/978/978
f 2322/982/982 2320/985/985 2321/986/986
f 2321/986/986 2344/993/993 2331/974/974
f 2331/974/974 2898/992/992 2902/975/975
f 1737/994/994 1713/973/973 1736/984/984
f 1713/973/973 1724/995/995 1706/988/988
f 1757/972/972 1756/996/996 1736/984/984
f 1787/987/987 1807/997/997 1817/990/990
f 1713/973/973 1737/994/994 1724/995/995
f 1706/988/988 1708/998/998 1709/979/979
f 1709/979/979 1708/998/998 1754/991/991
f 2898/992/992 2974/999/999 2975/976/976
f 2331/974/974 2344/993/993 2898/992/992
f 1736/984/984 1756/996/996 1737/994/994
f 1490/989/989 1489/1000/1000 1531/980/980
f 2349/983/983 2355/1001/1001 2320/985/985
f 1787/987/987 1788/1002/1002 1807/997/997
f 2833/981/981 2614/1003/1003 2349/983/983
f 2614/1003/1003 2355/1001/1001 2349/983/983
f 1754/991/991 1788/1002/1002 1787/987/987
f 1706/988/988 1707/1004/1004 1708/998/998
f 1756/996/996 1745/1005/1005 1737/994/994
f 1737/994/994 1725/1006/1006 1724/995/995
f 1724/995/995 1707/1004/1004 1706/988/988
f 1471/1007/1007 1473/1008/1008 1489/1000/1000
f 2355/1001/1001 2319/1009/1009 2320/985/985
f 2344/993/993 2854/1010/1010 2898/992/992
f 1737/994/994 1745/1005/1005 1725/1006/1006
f 1724/995/995 1725/1006/1006 1707/1004/1004
f 1754/991/991 1768/1011/1011 1788/1002/1002
f 2898/992/992 2854/1010/1010 2974/999/999
f 1788/1002/1002 1798/1012/1012 1807/997/997
f 1708/998/998 1712/1013/1013 1754/991/991
f 1754/991/991 1712/1013/1013 1768/1011/1011
f 2321/986/986 2330/1014/1014 2344/993/993
f 2344/993/993 2330/1014/1014 2854/1010/1010
f 1745/1005/1005 1743/1015/1015 1725/1006/1006
f 2614/1003/1003 2613/1016/1016 2355/1001/1001
f 2320/985/985 2319/1009/1009 2318/1017/1017
f 2320/985/985 2318/1017/1017 2321/986/986
f 2321/986/986 2318/1017/1017 2330/1014/1014
f 1756/996/996 1762/1018/1018 1745/1005/1005
f 1743/1015/1015 1727/1019/1019 1725/1006/1006
f 1788/1002/1002 1768/1011/1011 1798/1012/1012
f 1473/1008/1008 1488/1020/1020 1489/1000/1000
f 2905/1021/1021 2613/1016/1016 2614/1003/1003
f 1489/1000/1000 1503/1022/1022 1534/1023/1023
f 2854/1010/1010 2927/1024/1024 2974/999/999
f 1725/1006/1006 1727/1019/1019 1710/1025/1025
f 1725/1006/1006 1710/1025/1025 1707/1004/1004
f 1707/1004/1004 1710/1025/1025 1708/998/998
f 1488/1020/1020 1503/1022/1022 1489/1000/1000
f 1710/1025/1025 1711/1026/1026 1708/998/998
f 1708/998/998 1711/1026/1026 1712/1013/1013
f 1745/1005/1005 1746/1027/1027 1743/1015/1015
f 1762/1018/1018 1764/1028/1028 1745/1005/1005
f 1798/1012/1012 1801/1029/1029 1825/1030/1030
f 1768/1011/1011 1772/1031/1031 1798/1012/1012
f 1712/1013/1013 1716/1032/1032 1768/1011/1011
f 1716/1032/1032 1772/1031/1031 1768/1011/1011
f 2319/1009/1009 2317/1033/1033 2318/1017/1017
f 2318/1017/1017 2315/1034/1034 2330/1014/1014
f 2330/1014/1014 2610/1035/1035 2854/1010/1010
f 1764/1028/1028 1746/1027/1027 1745/1005/1005
f 1746/1027/1027 1727/1019/1019 1743/1015/1015
f 1772/1031/1031 1801/1029/1029 1798/1012/1012
f 1727/1019/1019 1711/1026/1026 1710/1025/1025
f 1711/1026/1026 1716/1032/1032 1712/1013/1013
f 2319/1009/1009 2355/1001/1001 2317/1033/1033
f 2610/1035/1035 2926/1036/1036 2927/1024/1024
f 2854/1010/1010 2610/1035/1035 2927/1024/1024
f 1711/1026/1026 1717/1037/1037 1716/1032/1032
f 2317/1033/1033 2315/1034/1034 2318/1017/1017
f 1727/1019/1019 1723/1038/1038 1711/1026/1026
f 2905/1021/1021 2832/1039/1039 2613/1016/1016
f 2330/1014/1014 2329/1040/1040 2610/1035/1035
f 1801/1029/1029 1812/1041/1041 1825/1030/1030
f 1716/1032/1032 1769/1042/1042 1772/1031/1031
f 2315/1034/1034 2329/1040/1040 2330/1014/1014
f 1717/1037/1037 1755/1043/1043 1716/1032/1032
f 1716/1032/1032 1755/1043/1043 1769/1042/1042
f 2613/1016/1016 2356/1044/1044 2355/1001/1001
f 2355/1001/1001 2356/1044/1044 2317/1033/1033
f 2610/1035/1035 2890/1045/1045 2926/1036/1036
f 1746/1027/1027 1742/1046/1046 1727/1019/1019
f 1727/1019/1019 1742/1046/1046 1723/1038/1038
f 1711/1026/1026 1723/1038/1038 1718/1047/1047
f 1711/1026/1026 1718/1047/1047 1717/1037/1037
f 2832/1039/1039 2356/1044/1044 2613/1016/1016
f 2329/1040/1040 2609/1048/1048 2610/1035/1035
f 1769/1042/1042 1795/1049/1049 1772/1031/1031
f 1772/1031/1031 1795/1049/1049 1801/1029/1029
f 2317/1033/1033 2356/1044/1044 2313/1050/1050
f 672/1051/1051 585/1052/1052 339/1053/1053
f 2610/1035/1035 2609/1048/1048 2890/1045/1045
f 1764/1028/1028 1742/1046/1046 1746/1027/1027
f 1801/1029/1029 1795/1049/1049 1812/1041/1041
f 1717/1037/1037 1719/1054/1054 1755/1043/1043
f 2317/1033/1033 2313/1050/1050 2315/1034/1034
f 1764/1028/1028 1786/1055/1055 1742/1046/1046
f 1718/1047/1047 1719/1054/1054 1717/1037/1037
f 2890/1045/1045 2856/1056/1056 2926/1036/1036
f 2832/1039/1039 2830/1057/1057 2356/1044/1044
f 2609/1048/1048 2856/1056/1056 2890/1045/1045
f 1723/1038/1038 1721/1058/1058 1718/1047/1047
f 1719/1054/1054 1769/1042/1042 1755/1043/1043
f 1742/1046/1046 1741/1059/1059 1723/1038/1038
f 2315/1034/1034 2328/1060/1060 2329/1040/1040
f 2329/1040/1040 2328/1060/1060 2609/1048/1048
f 1795/1049/1049 1792/1061/1061 1812/1041/1041
f 1741/1059/1059 1721/1058/1058 1723/1038/1038
f 1719/1054/1054 1752/1062/1062 1769/1042/1042
f 1721/1058/1058 1720/1063/1063 1718/1047/1047
f 1718/1047/1047 1720/1063/1063 1719/1054/1054
f 2316/1064/1064 2314/1065/1065 2313/1050/1050
f 2313/1050/1050 2314/1065/1065 2315/1034/1034
f 1786/1055/1055 1741/1059/1059 1742/1046/1046
f 1769/1042/1042 1792/1061/1061 1795/1049/1049
f 2356/1044/1044 2316/1064/1064 2313/1050/1050
f 2315/1034/1034 2314/1065/1065 2328/1060/1060
f 2328/1060/1060 2611/1066/1066 2609/1048/1048
f 2830/1057/1057 2357/1067/1067 2356/1044/1044
f 2609/1048/1048 2611/1066/1066 2856/1056/1056
f 1792/1061/1061 1810/1068/1068 1812/1041/1041
f 2357/1067/1067 2316/1064/1064 2356/1044/1044
f 2856/1056/1056 2612/1069/1069 2977/1070/1070
f 1720/1063/1063 1751/1071/1071 1752/1062/1062
f 1751/1071/1071 1770/1072/1072 1752/1062/1062
f 1752/1062/1062 1770/1072/1072 1769/1042/1042
f 1484/1073/1073 1512/1074/1074 1474/1075/1075
f 2830/1057/1057 2829/1076/1076 2357/1067/1067
f 1786/1055/1055 1765/1077/1077 1741/1059/1059
f 1769/1042/1042 1770/1072/1072 1792/1061/1061
f 2611/1066/1066 2612/1069/1069 2856/1056/1056
f 1770/1072/1072 1791/1078/1078 1792/1061/1061
f 1480/1079/1079 1470/1080/1080 1469/1081/1081
f 2829/1076/1076 2358/1082/1082 2357/1067/1067
f 2357/1067/1067 2358/1082/1082 2316/1064/1064
f 2328/1060/1060 2612/1069/1069 2611/1066/1066
f 1792/1061/1061 1791/1078/1078 1810/1068/1068
f 1741/1059/1059 1726/1083/1083 1721/1058/1058
f 1721/1058/1058 1722/1084/1084 1720/1063/1063
f 1720/1063/1063 1722/1084/1084 1751/1071/1071
f 1484/1073/1073 1527/1085/1085 1512/1074/1074
f 1791/1078/1078 1818/1086/1086 1810/1068/1068
f 1765/1077/1077 1726/1083/1083 1741/1059/1059
f 1726/1083/1083 1722/1084/1084 1721/1058/1058
f 2358/1082/1082 2341/1087/1087 2316/1064/1064
f 2316/1064/1064 2341/1087/1087 2340/1088/1088
f 2316/1064/1064 2340/1088/1088 2314/1065/1065
f 2328/1060/1060 2345/1089/1089 2612/1069/1069
f 1770/1072/1072 1763/1090/1090 1791/1078/1078
f 1485/1091/1091 1487/1092/1092 1499/1093/1093
f 2314/1065/1065 2340/1088/1088 2328/1060/1060
f 2345/1089/1089 2834/1094/1094 2612/1069/1069
f 1791/1078/1078 1799/1095/1095 1818/1086/1086
f 2612/1069/1069 2968/1096/1096 2977/1070/1070
f 1765/1077/1077 1749/1097/1097 1726/1083/1083
f 1763/1090/1090 1799/1095/1095 1791/1078/1078
f 1726/1083/1083 1749/1097/1097 1747/1098/1098
f 1751/1071/1071 1763/1090/1090 1770/1072/1072
f 1726/1083/1083 1747/1098/1098 1722/1084/1084
f 1747/1098/1098 1748/1099/1099 1722/1084/1084
f 1722/1084/1084 1748/1099/1099 1751/1071/1071
f 1751/1071/1071 1748/1099/1099 1763/1090/1090
f 2829/1076/1076 2831/1100/1100 2358/1082/1082
f 2340/1088/1088 2345/1089/1089 2328/1060/1060
f 422/1101/1101 332/1102/1102 328/1103/1103
f 1799/1095/1095 1815/1104/1104 1818/1086/1086
f 2834/1094/1094 2968/1096/1096 2612/1069/1069
f 1790/1105/1105 1749/1097/1097 1765/1077/1077
f 1799/1095/1095 1800/1106/1106 1815/1104/1104
f 1748/1099/1099 1777/1107/1107 1763/1090/1090
f 1519/1108/1108 1480/1079/1079 1492/1109/1109
f 1493/1110/1110 1532/1111/1111 1527/1085/1085
f 2358/1082/1082 2831/1100/1100 2555/1112/1112
f 2358/1082/1082 2555/1112/1112 2341/1087/1087
f 2590/1113/1113 2340/1088/1088 2341/1087/1087
f 2345/1089/1089 2340/1088/1088 2592/1114/1114
f 2345/1089/1089 2592/1114/1114 2834/1094/1094
f 1800/1106/1106 1814/1115/1115 1815/1104/1104
f 1763/1090/1090 1800/1106/1106 1799/1095/1095
f 1118/1116/1116 1143/1117/1117 1142/1118/1118
f 1520/1119/1119 1480/1079/1079 1519/1108/1108
f 2971/1120/1120 2858/1121/1121 2831/1100/1100
f 2555/1112/1112 2591/1122/1122 2341/1087/1087
f 2834/1094/1094 2969/1123/1123 2968/1096/1096
f 1763/1090/1090 1780/1124/1124 1800/1106/1106
f 1749/1097/1097 1776/1125/1125 1747/1098/1098
f 1777/1107/1107 1780/1124/1124 1763/1090/1090
f 1747/1098/1098 1775/1126/1126 1748/1099/1099
f 1775/1126/1126 1785/1127/1127 1777/1107/1107
f 1748/1099/1099 1775/1126/1126 1777/1107/1107
f 1118/1116/1116 1142/1118/1118 1107/1128/1128
f 1119/1129/1129 1143/1117/1117 1118/1116/1116
f 1542/1130/1130 1520/1119/1119 1519/1108/1108
f 2968/1096/1096 2969/1123/1123 2983/1131/1131
f 1790/1105/1105 1803/1132/1132 1749/1097/1097
f 1749/1097/1097 1803/1132/1132 1776/1125/1125
f 1776/1125/1125 1775/1126/1126 1747/1098/1098
f 1777/1107/1107 1785/1127/1127 1780/1124/1124
f 2590/1113/1113 2599/1133/1133 2340/1088/1088
f 2599/1133/1133 2592/1114/1114 2340/1088/1088
f 2592/1114/1114 2855/1134/1134 2834/1094/1094
f 1780/1124/1124 1814/1115/1115 1800/1106/1106
f 1775/1126/1126 1802/1135/1135 1785/1127/1127
f 1104/1136/1136 1105/1137/1137 1119/1129/1129
f 1104/1136/1136 1119/1129/1129 1118/1116/1116
f 1104/1136/1136 1118/1116/1116 1106/1138/1138
f 1110/1139/1139 1133/1140/1140 1136/1141/1141
f 1547/1142/1142 1532/1111/1111 1542/1130/1130
f 2971/1120/1120 2865/1143/1143 2858/1121/1121
f 2858/1121/1121 2865/1143/1143 2555/1112/1112
f 2555/1112/1112 2815/1144/1144 2591/1122/1122
f 746/1145/1145 747/1146/1146 423/1147/1147
f 2855/1134/1134 2969/1123/1123 2834/1094/1094
f 970/1148/1148 747/1146/1146 746/1145/1145
f 1780/1124/1124 1823/1149/1149 1814/1115/1115
f 1803/1132/1132 1831/1150/1150 1776/1125/1125
f 1776/1125/1125 1802/1135/1135 1775/1126/1126
f 1802/1135/1135 1821/1151/1151 1785/1127/1127
f 1090/1152/1152 1106/1138/1138 1091/1153/1153
f 1104/1136/1136 1106/1138/1138 1090/1152/1152
f 1106/1138/1138 1107/1128/1128 1091/1153/1153
f 1091/1153/1153 1107/1128/1128 1110/1139/1139
f 1119/1129/1129 1112/1154/1154 1137/1155/1155
f 1004/1156/1156 897/1157/1157 983/1158/1158
f 2865/1143/1143 2815/1144/1144 2555/1112/1112
f 1780/1124/1124 1820/1159/1159 1823/1149/1149
f 1776/1125/1125 1811/1160/1160 1802/1135/1135
f 1091/1153/1153 1110/1139/1139 1099/1161/1161
f 2599/1133/1133 2747/1162/1162 2592/1114/1114
f 341/1163/1163 437/1164/1164 431/1165/1165
f 2592/1114/1114 2747/1162/1162 2855/1134/1134
f 2855/1134/1134 2970/1166/1166 2969/1123/1123
f 2969/1123/1123 2970/1166/1166 2983/1131/1131
f 2970/1166/1166 2993/1167/1167 2983/1131/1131
f 1820/1159/1159 1822/1168/1168 1823/1149/1149
f 1831/1150/1150 1811/1160/1160 1776/1125/1125
f 1785/1127/1127 1821/1151/1151 1820/1159/1159
f 1802/1135/1135 1827/1169/1169 1821/1151/1151
f 1090/1152/1152 1091/1153/1153 1044/1170/1170
f 1045/1171/1171 1090/1152/1152 1044/1170/1170
f 1073/1172/1172 1090/1152/1152 1045/1171/1171
f 1105/1137/1137 1104/1136/1136 1073/1172/1172
f 1073/1172/1172 1104/1136/1136 1090/1152/1152
f 983/1158/1158 929/1173/1173 982/1174/1174
f 1110/1139/1139 1136/1141/1141 1127/1175/1175
f 2815/1144/1144 2600/1176/1176 2591/1122/1122
f 2591/1122/1122 2600/1176/1176 2590/1113/1113
f 1821/1151/1151 1822/1168/1168 1820/1159/1159
f 1811/1160/1160 1827/1169/1169 1802/1135/1135
f 1655/1177/1177 1642/1178/1178 1693/1179/1179
f 1044/1170/1170 1099/1161/1161 1078/1180/1180
f 1099/1161/1161 1127/1175/1175 1078/1180/1180
f 1073/1172/1172 1097/1181/1181 1105/1137/1137
f 1105/1137/1137 1097/1181/1181 1112/1154/1154
f 1112/1154/1154 1115/1182/1182 1137/1155/1155
f 2864/1183/1183 2865/1143/1143 2967/1184/1184
f 2865/1143/1143 2839/1185/1185 2815/1144/1144
f 2600/1176/1176 2599/1133/1133 2590/1113/1113
f 809/1186/1186 736/1187/1187 781/1188/1188
f 994/1189/1189 809/1186/1186 970/1148/1148
f 1822/1168/1168 1833/1190/1190 1823/1149/1149
f 1693/1179/1179 1642/1178/1178 1692/1191/1191
f 1037/1192/1192 1045/1171/1171 1036/1193/1193
f 1036/1193/1193 1044/1170/1170 1039/1194/1194
f 1039/1194/1194 1044/1170/1170 1076/1195/1195
f 1044/1170/1170 1078/1180/1180 1076/1195/1195
f 1037/1192/1192 1057/1196/1196 1045/1171/1171
f 1045/1171/1171 1044/1170/1170 1036/1193/1193
f 1057/1196/1196 1073/1172/1172 1045/1171/1171
f 1097/1181/1181 1115/1182/1182 1112/1154/1154
f 2865/1143/1143 2864/1183/1183 2839/1185/1185
f 736/1187/1187 435/1197/1197 437/1164/1164
f 781/1188/1188 736/1187/1187 437/1164/1164
f 2747/1162/1162 2819/1198/1198 2855/1134/1134
f 2970/1166/1166 2963/1199/1199 2993/1167/1167
f 1692/1191/1191 1666/1200/1200 1697/1201/1201
f 1834/1202/1202 1811/1160/1160 1831/1150/1150
f 1696/1203/1203 1698/1204/1204 1661/1205/1205
f 1692/1191/1191 1642/1178/1178 1666/1200/1200
f 1661/1205/1205 1655/1177/1177 1696/1203/1203
f 1655/1177/1177 1617/1206/1206 1642/1178/1178
f 1584/1207/1207 1585/1208/1208 1583/1209/1209
f 1584/1207/1207 1602/1210/1210 1585/1208/1208
f 1585/1208/1208 1586/1211/1211 1583/1209/1209
f 1583/1209/1209 1586/1211/1211 1606/1212/1212
f 1600/1213/1213 1587/1214/1214 1585/1208/1208
f 1602/1210/1210 1600/1213/1213 1585/1208/1208
f 1585/1208/1208 1587/1214/1214 1586/1211/1211
f 1586/1211/1211 1599/1215/1215 1606/1212/1212
f 1600/1213/1213 1601/1216/1216 1587/1214/1214
f 1587/1214/1214 1601/1216/1216 1588/1217/1217
f 1587/1214/1214 1588/1217/1217 1586/1211/1211
f 1586/1211/1211 1588/1217/1217 1598/1218/1218
f 1586/1211/1211 1598/1218/1218 1599/1215/1215
f 1601/1216/1216 1611/1219/1219 1588/1217/1217
f 1588/1217/1217 1611/1219/1219 1598/1218/1218
f 1051/1220/1220 1049/1221/1221 1052/1222/1222
f 1052/1222/1222 1049/1221/1221 1053/1223/1223
f 1030/1224/1224 1038/1225/1225 1043/1226/1226
f 1043/1226/1226 1038/1225/1225 1072/1227/1227
f 1030/1224/1224 1031/1228/1228 1032/1229/1229
f 1030/1224/1224 1032/1229/1229 1038/1225/1225
f 1031/1228/1228 1033/1230/1230 1032/1229/1229
f 1072/1227/1227 1038/1225/1225 1074/1231/1231
f 1033/1230/1230 1036/1193/1193 1032/1229/1229
f 1032/1229/1229 1036/1193/1193 1038/1225/1225
f 1038/1225/1225 1039/1194/1194 1074/1231/1231
f 1036/1193/1193 1039/1194/1194 1038/1225/1225
f 1039/1194/1194 1076/1195/1195 1074/1231/1231
f 1037/1192/1192 1036/1193/1193 1033/1230/1230
f 1037/1192/1192 1070/1232/1232 1057/1196/1196
f 1076/1195/1195 1078/1180/1180 1124/1233/1233
f 1124/1233/1233 1078/1180/1180 1126/1234/1234
f 1070/1232/1232 1073/1172/1172 1057/1196/1196
f 1070/1232/1232 1097/1181/1181 1073/1172/1172
f 1078/1180/1180 1127/1175/1175 1126/1234/1234
f 2815/1144/1144 2791/1235/1235 2600/1176/1176
f 2599/1133/1133 2745/1236/1236 2747/1162/1162
f 2745/1236/1236 2819/1198/1198 2747/1162/1162
f 2817/1237/1237 2970/1166/1166 2855/1134/1134
f 2855/1134/1134 2819/1198/1198 2817/1237/1237
f 995/1238/1238 955/1239/1239 994/1189/1189
f 1698/1204/1204 1647/1240/1240 1661/1205/1205
f 1661/1205/1205 1627/1241/1241 1655/1177/1177
f 1642/1178/1178 1631/1242/1242 1666/1200/1200
f 1655/1177/1177 1627/1241/1241 1617/1206/1206
f 1617/1206/1206 1626/1243/1243 1642/1178/1178
f 1642/1178/1178 1626/1243/1243 1631/1242/1242
f 1560/1244/1244 1559/1245/1245 1561/1246/1246
f 1560/1244/1244 1553/1247/1247 1559/1245/1245
f 1559/1245/1245 1552/1248/1248 1590/1249/1249
f 1552/1248/1248 1595/1250/1250 1590/1249/1249
f 1553/1247/1247 1552/1248/1248 1559/1245/1245
f 1552/1248/1248 1553/1247/1247 1550/1251/1251
f 1550/1251/1251 1551/1252/1252 1552/1248/1248
f 1552/1248/1248 1551/1252/1252 1595/1250/1250
f 1554/1253/1253 1551/1252/1252 1550/1251/1251
f 1554/1253/1253 1555/1254/1254 1551/1252/1252
f 1551/1252/1252 1556/1255/1255 1595/1250/1250
f 1555/1254/1254 1556/1255/1255 1551/1252/1252
f 1595/1250/1250 1556/1255/1255 1596/1256/1256
f 1555/1254/1254 1557/1257/1257 1556/1255/1255
f 1557/1257/1257 1558/1258/1258 1556/1255/1255
f 1555/1254/1254 1562/1259/1259 1557/1257/1257
f 1558/1258/1258 1596/1256/1256 1556/1255/1255
f 1558/1258/1258 1597/1260/1260 1596/1256/1256
f 1567/1261/1261 1557/1257/1257 1562/1259/1259
f 1567/1261/1261 1584/1207/1207 1557/1257/1257
f 1558/1258/1258 1583/1209/1209 1597/1260/1260
f 1557/1257/1257 1583/1209/1209 1558/1258/1258
f 1597/1260/1260 1606/1212/1212 1624/1262/1262
f 1557/1257/1257 1584/1207/1207 1583/1209/1209
f 1583/1209/1209 1606/1212/1212 1597/1260/1260
f 1567/1261/1261 1602/1210/1210 1584/1207/1207
f 1624/1262/1262 1606/1212/1212 1625/1263/1263
f 1602/1210/1210 1645/1264/1264 1600/1213/1213
f 1606/1212/1212 1599/1215/1215 1625/1263/1263
f 1645/1264/1264 1632/1265/1265 1600/1213/1213
f 1632/1265/1265 1601/1216/1216 1600/1213/1213
f 1599/1215/1215 1598/1218/1218 1630/1266/1266
f 1599/1215/1215 1630/1266/1266 1625/1263/1263
f 1598/1218/1218 1612/1267/1267 1630/1266/1266
f 1632/1265/1265 1616/1268/1268 1601/1216/1216
f 1611/1219/1219 1612/1267/1267 1598/1218/1218
f 1601/1216/1216 1616/1268/1268 1611/1219/1219
f 1611/1219/1219 1628/1269/1269 1612/1267/1267
f 1616/1268/1268 1633/1270/1270 1611/1219/1219
f 1054/1271/1271 1052/1222/1222 1061/1272/1272
f 1052/1222/1222 1055/1273/1273 1062/1274/1274
f 1061/1272/1272 1052/1222/1222 1062/1274/1274
f 1058/1275/1275 1051/1220/1220 1054/1271/1271
f 1054/1271/1271 1051/1220/1220 1052/1222/1222
f 1052/1222/1222 1053/1223/1223 1055/1273/1273
f 1053/1223/1223 1077/1276/1276 1055/1273/1273
f 1058/1275/1275 1056/1277/1277 1051/1220/1220
f 1053/1223/1223 1084/1278/1278 1077/1276/1276
f 1056/1277/1277 1050/1279/1279 1051/1220/1220
f 1050/1279/1279 1049/1221/1221 1051/1220/1220
f 1060/1280/1280 1084/1278/1278 1053/1223/1223
f 1049/1221/1221 1042/1281/1281 1053/1223/1223
f 1053/1223/1223 1042/1281/1281 1060/1280/1280
f 1050/1279/1279 1040/1282/1282 1049/1221/1221
f 1049/1221/1221 1040/1282/1282 1042/1281/1281
f 1024/1283/1283 1021/1284/1284 1048/1285/1285
f 1025/1286/1286 1022/1287/1287 1024/1283/1283
f 1022/1287/1287 1021/1284/1284 1024/1283/1283
f 1021/1284/1284 1047/1288/1288 1048/1285/1285
f 1021/1284/1284 1022/1287/1287 1023/1289/1289
f 1021/1284/1284 1023/1289/1289 1047/1288/1288
f 1022/1287/1287 1026/1290/1290 1023/1289/1289
f 1023/1289/1289 1046/1291/1291 1047/1288/1288
f 1023/1289/1289 1043/1226/1226 1046/1291/1291
f 1026/1290/1290 1029/1292/1292 1023/1289/1289
f 1029/1292/1292 1030/1224/1224 1023/1289/1289
f 1023/1289/1289 1030/1224/1224 1043/1226/1226
f 1029/1292/1292 1031/1228/1228 1030/1224/1224
f 1043/1226/1226 1075/1293/1293 1046/1291/1291
f 1043/1226/1226 1072/1227/1227 1075/1293/1293
f 1029/1292/1292 1033/1230/1230 1031/1228/1228
f 1029/1292/1292 1065/1294/1294 1033/1230/1230
f 1072/1227/1227 1074/1231/1231 1075/1293/1293
f 1065/1294/1294 1066/1295/1295 1033/1230/1230
f 1074/1231/1231 1076/1195/1195 1121/1296/1296
f 1066/1295/1295 1037/1192/1192 1033/1230/1230
f 1066/1295/1295 1082/1297/1297 1037/1192/1192
f 1124/1233/1233 1126/1234/1234 1121/1296/1296
f 1082/1297/1297 1070/1232/1232 1037/1192/1192
f 1070/1232/1232 1101/1298/1298 1097/1181/1181
f 945/1299/1299 982/1174/1174 862/1300/1300
f 982/1174/1174 929/1173/1173 862/1300/1300
f 2965/1301/1301 2827/1302/1302 2864/1183/1183
f 2864/1183/1183 2827/1302/1302 2838/1303/1303
f 2839/1185/1185 2791/1235/1235 2815/1144/1144
f 2600/1176/1176 2628/1304/1304 2599/1133/1133
f 2599/1133/1133 2628/1304/1304 2745/1236/1236
f 2970/1166/1166 2817/1237/1237 2963/1199/1199
f 994/1189/1189 955/1239/1239 809/1186/1186
f 1666/1200/1200 1691/1305/1305 1695/1306/1306
f 1672/1307/1307 1691/1305/1305 1666/1200/1200
f 1647/1240/1240 1627/1241/1241 1661/1205/1205
f 1666/1200/1200 1631/1242/1242 1672/1307/1307
f 1647/1240/1240 1615/1308/1308 1627/1241/1241
f 1615/1308/1308 1593/1309/1309 1627/1241/1241
f 1627/1241/1241 1593/1309/1309 1617/1206/1206
f 1617/1206/1206 1592/1310/1310 1626/1243/1243
f 1626/1243/1243 1592/1310/1310 1631/1242/1242
f 1569/1311/1311 1563/1312/1312 1568/1313/1313
f 1568/1313/1313 1559/1245/1245 1582/1314/1314
f 1563/1312/1312 1561/1246/1246 1568/1313/1313
f 1561/1246/1246 1559/1245/1245 1568/1313/1313
f 1559/1245/1245 1590/1249/1249 1582/1314/1314
f 1582/1314/1314 1590/1249/1249 1607/1315/1315
f 1563/1312/1312 1566/1316/1316 1560/1244/1244
f 1563/1312/1312 1560/1244/1244 1561/1246/1246
f 1607/1315/1315 1590/1249/1249 1614/1317/1317
f 1566/1316/1316 1565/1318/1318 1560/1244/1244
f 1590/1249/1249 1595/1250/1250 1614/1317/1317
f 1565/1318/1318 1553/1247/1247 1560/1244/1244
f 1565/1318/1318 1564/1319/1319 1553/1247/1247
f 1564/1319/1319 1550/1251/1251 1553/1247/1247
f 1564/1319/1319 1609/1320/1320 1550/1251/1251
f 1614/1317/1317 1595/1250/1250 1629/1321/1321
f 1595/1250/1250 1622/1322/1322 1629/1321/1321
f 1609/1320/1320 1554/1253/1253 1550/1251/1251
f 1609/1320/1320 1608/1323/1323 1554/1253/1253
f 1609/1320/1320 1635/1324/1324 1608/1323/1323
f 1595/1250/1250 1596/1256/1256 1622/1322/1322
f 1608/1323/1323 1555/1254/1254 1554/1253/1253
f 1596/1256/1256 1623/1325/1325 1622/1322/1322
f 1608/1323/1323 1610/1326/1326 1562/1259/1259
f 1608/1323/1323 1562/1259/1259 1555/1254/1254
f 1596/1256/1256 1597/1260/1260 1623/1325/1325
f 1637/1327/1327 1567/1261/1261 1610/1326/1326
f 1610/1326/1326 1567/1261/1261 1562/1259/1259
f 1597/1260/1260 1624/1262/1262 1623/1325/1325
f 1637/1327/1327 1643/1328/1328 1567/1261/1261
f 1637/1327/1327 1662/1329/1329 1643/1328/1328
f 1643/1328/1328 1656/1330/1330 1602/1210/1210
f 1643/1328/1328 1602/1210/1210 1567/1261/1261
f 1656/1330/1330 1645/1264/1264 1602/1210/1210
f 2308/1331/1331 2304/1332/1332 2305/1333/1333
f 1645/1264/1264 1640/1334/1334 1632/1265/1265
f 2305/1333/1333 2298/1335/1335 2302/1336/1336
f 1632/1265/1265 1640/1334/1334 1616/1268/1268
f 1612/1267/1267 1634/1337/1337 1630/1266/1266
f 1640/1334/1334 1646/1338/1338 1616/1268/1268
f 1612/1267/1267 1628/1269/1269 1634/1337/1337
f 1628/1269/1269 1660/1339/1339 1634/1337/1337
f 1616/1268/1268 1646/1338/1338 1633/1270/1270
f 1611/1219/1219 1633/1270/1270 1628/1269/1269
f 1071/1340/1340 1054/1271/1271 1061/1272/1272
f 1062/1274/1274 1055/1273/1273 1089/1341/1341
f 1055/1273/1273 1077/1276/1276 1089/1341/1341
f 1068/1342/1342 1050/1279/1279 1056/1277/1277
f 1060/1280/1280 1088/1343/1343 1084/1278/1278
f 1068/1342/1342 1041/1344/1344 1050/1279/1279
f 1041/1344/1344 1040/1282/1282 1050/1279/1279
f 1041/1344/1344 1027/1345/1345 1040/1282/1282
f 1040/1282/1282 1028/1346/1346 1042/1281/1281
f 1040/1282/1282 1027/1345/1345 1028/1346/1346
f 1042/1281/1281 1028/1346/1346 1060/1280/1280
f 1028/1346/1346 1059/1347/1347 1060/1280/1280
f 1028/1346/1346 1048/1285/1285 1059/1347/1347
f 1027/1345/1345 1034/1348/1348 1025/1286/1286
f 1027/1345/1345 1024/1283/1283 1028/1346/1346
f 1059/1347/1347 1048/1285/1285 1085/1349/1349
f 1028/1346/1346 1024/1283/1283 1048/1285/1285
f 1027/1345/1345 1025/1286/1286 1024/1283/1283
f 1035/1350/1350 1022/1287/1287 1025/1286/1286
f 1048/1285/1285 1047/1288/1288 1085/1349/1349
f 1047/1288/1288 1086/1351/1351 1085/1349/1349
f 1035/1350/1350 1063/1352/1352 1022/1287/1287
f 1063/1352/1352 1026/1290/1290 1022/1287/1287
f 1063/1352/1352 1064/1353/1353 1026/1290/1290
f 1064/1353/1353 1029/1292/1292 1026/1290/1290
f 1046/1291/1291 1075/1293/1293 1086/1351/1351
f 1064/1353/1353 1065/1294/1294 1029/1292/1292
f 1075/1293/1293 1074/1231/1231 1122/1354/1354
f 1065/1294/1294 1100/1355/1355 1082/1297/1297
f 1082/1297/1297 1066/1295/1295 1065/1294/1294
f 1121/1296/1296 1126/1234/1234 1134/1356/1356
f 1101/1298/1298 1070/1232/1232 1082/1297/1297
f 945/1299/1299 862/1300/1300 728/1357/1357
f 1101/1298/1298 1115/1182/1182 1097/1181/1181
f 2838/1303/1303 2839/1185/1185 2864/1183/1183
f 736/1187/1187 809/1186/1186 778/1358/1358
f 1698/1204/1204 1664/1359/1359 1647/1240/1240
f 1631/1242/1242 1592/1310/1310 1619/1360/1360
f 1593/1309/1309 1591/1361/1361 1617/1206/1206
f 1617/1206/1206 1591/1361/1361 1592/1310/1310
f 1572/1362/1362 1581/1363/1363 1579/1364/1364
f 1577/1365/1365 1578/1366/1366 1573/1367/1367
f 1579/1364/1364 1581/1363/1363 1613/1368/1368
f 1573/1367/1367 1571/1369/1369 1572/1362/1362
f 1578/1366/1366 1571/1369/1369 1573/1367/1367
f 1572/1362/1362 1568/1313/1313 1581/1363/1363
f 1571/1369/1369 1568/1313/1313 1572/1362/1362
f 1571/1369/1369 1570/1370/1370 1568/1313/1313
f 1570/1370/1370 1569/1311/1311 1568/1313/1313
f 1568/1313/1313 1582/1314/1314 1581/1363/1363
f 1594/1371/1371 1569/1311/1311 1570/1370/1370
f 1594/1371/1371 1563/1312/1312 1569/1311/1311
f 1582/1314/1314 1607/1315/1315 1621/1372/1372
f 1594/1371/1371 1566/1316/1316 1563/1312/1312
f 1607/1315/1315 1614/1317/1317 1621/1372/1372
f 1644/1373/1373 1565/1318/1318 1566/1316/1316
f 2923/1374/1374 2825/1375/1375 2857/1376/1376
f 2923/1374/1374 2857/1376/1376 2894/1377/1377
f 1614/1317/1317 1629/1321/1321 1621/1372/1372
f 1650/1378/1378 1564/1319/1319 1565/1318/1318
f 1650/1378/1378 1635/1324/1324 1564/1319/1319
f 1635/1324/1324 1609/1320/1320 1564/1319/1319
f 1635/1324/1324 1636/1379/1379 1608/1323/1323
f 1622/1322/1322 1653/1380/1380 1629/1321/1321
f 1636/1379/1379 1610/1326/1326 1608/1323/1323
f 1623/1325/1325 1654/1381/1381 1653/1380/1380
f 1636/1379/1379 1651/1382/1382 1610/1326/1326
f 1651/1382/1382 1637/1327/1327 1610/1326/1326
f 1651/1382/1382 1662/1329/1329 1637/1327/1327
f 1625/1263/1263 1630/1266/1266 1678/1383/1383
f 1630/1266/1266 1673/1384/1384 1678/1383/1383
f 2305/1333/1333 2304/1332/1332 2298/1335/1335
f 1630/1266/1266 1634/1337/1337 1673/1384/1384
f 1634/1337/1337 1677/1385/1385 1673/1384/1384
f 2302/1336/1336 2298/1335/1335 2299/1386/1386
f 2302/1336/1336 2299/1386/1386 2303/1387/1387
f 1646/1338/1338 1657/1388/1388 1633/1270/1270
f 1657/1388/1388 1648/1389/1389 1633/1270/1270
f 1633/1270/1270 1648/1389/1389 1628/1269/1269
f 1083/1390/1390 1061/1272/1272 1087/1391/1391
f 1071/1340/1340 1061/1272/1272 1083/1390/1390
f 1061/1272/1272 1062/1274/1274 1087/1391/1391
f 1087/1391/1391 1062/1274/1274 1094/1392/1392
f 1092/1393/1393 1058/1275/1275 1071/1340/1340
f 1062/1274/1274 1089/1341/1341 1094/1392/1392
f 1095/1394/1394 1056/1277/1277 1058/1275/1275
f 1095/1394/1394 1103/1395/1395 1056/1277/1277
f 1095/1394/1394 1146/1396/1396 1103/1395/1395
f 1084/1278/1278 1129/1397/1397 1077/1276/1276
f 1103/1395/1395 1068/1342/1342 1056/1277/1277
f 1084/1278/1278 1125/1398/1398 1129/1397/1397
f 1084/1278/1278 1088/1343/1343 1125/1398/1398
f 1069/1399/1399 1041/1344/1344 1068/1342/1342
f 1069/1399/1399 1067/1400/1400 1041/1344/1344
f 1067/1400/1400 1034/1348/1348 1041/1344/1344
f 1041/1344/1344 1034/1348/1348 1027/1345/1345
f 1060/1280/1280 1059/1347/1347 1088/1343/1343
f 1059/1347/1347 1093/1401/1401 1088/1343/1343
f 1059/1347/1347 1085/1349/1349 1093/1401/1401
f 1067/1400/1400 1035/1350/1350 1034/1348/1348
f 1034/1348/1348 1035/1350/1350 1025/1286/1286
f 1085/1349/1349 1098/1402/1402 1093/1401/1401
f 1067/1400/1400 1079/1403/1403 1035/1350/1350
f 1085/1349/1349 1086/1351/1351 1098/1402/1402
f 1080/1404/1404 1063/1352/1352 1035/1350/1350
f 1079/1403/1403 1080/1404/1404 1035/1350/1350
f 1086/1351/1351 1123/1405/1405 1098/1402/1402
f 1080/1404/1404 1064/1353/1353 1063/1352/1352
f 1080/1404/1404 1081/1406/1406 1064/1353/1353
f 1086/1351/1351 1075/1293/1293 1122/1354/1354
f 1081/1406/1406 1065/1294/1294 1064/1353/1353
f 1081/1406/1406 1100/1355/1355 1065/1294/1294
f 2827/1302/1302 2965/1301/1301 2939/1407/1407
f 2791/1235/1235 2629/1408/1408 2600/1176/1176
f 2600/1176/1176 2629/1408/1408 2628/1304/1304
f 2628/1304/1304 2630/1409/1409 2745/1236/1236
f 431/1165/1165 435/1197/1197 383/1410/1410
f 1664/1359/1359 1638/1411/1411 1647/1240/1240
f 1647/1240/1240 1638/1411/1411 1615/1308/1308
f 1638/1411/1411 1605/1412/1412 1615/1308/1308
f 1605/1412/1412 1593/1309/1309 1615/1308/1308
f 1619/1360/1360 1670/1413/1413 1631/1242/1242
f 1605/1412/1412 1576/1414/1414 1593/1309/1309
f 1593/1309/1309 1576/1414/1414 1591/1361/1361
f 1604/1415/1415 1576/1414/1414 1605/1412/1412
f 1576/1414/1414 1575/1416/1416 1591/1361/1361
f 1575/1416/1416 1589/1417/1417 1592/1310/1310
f 1591/1361/1361 1575/1416/1416 1592/1310/1310
f 1592/1310/1310 1589/1417/1417 1618/1418/1418
f 1592/1310/1310 1618/1418/1418 1619/1360/1360
f 1604/1415/1415 1603/1419/1419 1576/1414/1414
f 1580/1420/1420 1574/1421/1421 1576/1414/1414
f 1603/1419/1419 1580/1420/1420 1576/1414/1414
f 1576/1414/1414 1574/1421/1421 1575/1416/1416
f 1574/1421/1421 1572/1362/1362 1575/1416/1416
f 1652/1422/1422 1580/1420/1420 1603/1419/1419
f 1575/1416/1416 1579/1364/1364 1589/1417/1417
f 1652/1422/1422 1641/1423/1423 1580/1420/1420
f 1572/1362/1362 1579/1364/1364 1575/1416/1416
f 1589/1417/1417 1613/1368/1368 1618/1418/1418
f 1589/1417/1417 1579/1364/1364 1613/1368/1368
f 1577/1365/1365 1574/1421/1421 1580/1420/1420
f 1574/1421/1421 1573/1367/1367 1572/1362/1362
f 1641/1423/1423 1577/1365/1365 1580/1420/1420
f 1574/1421/1421 1577/1365/1365 1573/1367/1367
f 1641/1423/1423 1649/1424/1424 1577/1365/1365
f 2761/1425/1425 2755/1426/1426 2772/1427/1427
f 1577/1365/1365 1649/1424/1424 1578/1366/1366
f 1581/1363/1363 1620/1428/1428 1613/1368/1368
f 1649/1424/1424 1594/1371/1371 1578/1366/1366
f 1578/1366/1366 1594/1371/1371 1571/1369/1369
f 1594/1371/1371 1649/1424/1424 1665/1429/1429
f 1581/1363/1363 1582/1314/1314 1620/1428/1428
f 1594/1371/1371 1570/1370/1370 1571/1369/1369
f 1582/1314/1314 1621/1372/1372 1620/1428/1428
f 1665/1429/1429 1702/1430/1430 1594/1371/1371
f 1702/1430/1430 1566/1316/1316 1594/1371/1371
f 1702/1430/1430 1644/1373/1373 1566/1316/1316
f 1621/1372/1372 1629/1321/1321 1680/1431/1431
f 1650/1378/1378 1663/1432/1432 1635/1324/1324
f 1663/1432/1432 1636/1379/1379 1635/1324/1324
f 1629/1321/1321 1653/1380/1380 1680/1431/1431
f 1663/1432/1432 1658/1433/1433 1636/1379/1379
f 1658/1433/1433 1651/1382/1382 1636/1379/1379
f 2925/1434/1434 2843/1435/1435 2950/1436/1436
f 2950/1436/1436 2843/1435/1435 2810/1437/1437
f 1625/1263/1263 1676/1438/1438 1659/1439/1439
f 2950/1436/1436 2810/1437/1437 2308/1331/1331
f 2308/1331/1331 2810/1437/1437 2304/1332/1332
f 1667/1440/1440 1688/1441/1441 1660/1339/1339
f 1646/1338/1338 1668/1442/1442 1657/1388/1388
f 1628/1269/1269 1648/1389/1389 1667/1440/1440
f 1109/1443/1443 1083/1390/1390 1087/1391/1391
f 1108/1444/1444 1071/1340/1340 1083/1390/1390
f 1108/1444/1444 1092/1393/1393 1071/1340/1340
f 1114/1445/1445 1094/1392/1392 1135/1446/1446
f 1111/1447/1447 1095/1394/1394 1092/1393/1393
f 1089/1341/1341 1129/1397/1397 1141/1448/1448
f 1113/1449/1449 1069/1399/1399 1068/1342/1342
f 1113/1449/1449 1096/1450/1450 1069/1399/1399
f 1096/1450/1450 1067/1400/1400 1069/1399/1399
f 1088/1343/1343 1093/1401/1401 1125/1398/1398
f 1096/1450/1450 1079/1403/1403 1067/1400/1400
f 1093/1401/1401 1098/1402/1402 1131/1451/1451
f 1096/1450/1450 1102/1452/1452 1079/1403/1403
f 1098/1402/1402 1132/1453/1453 1131/1451/1451
f 1102/1452/1452 1080/1404/1404 1079/1403/1403
f 1098/1402/1402 1123/1405/1405 1132/1453/1453
f 1102/1452/1452 1081/1406/1406 1080/1404/1404
f 1102/1452/1452 1117/1454/1454 1081/1406/1406
f 1081/1406/1406 1117/1454/1454 1100/1355/1355
f 2936/1455/1455 2803/1456/1456 2799/1457/1457
f 2936/1455/1455 2799/1457/1457 2939/1407/1407
f 2799/1457/1457 2827/1302/1302 2939/1407/1407
f 2839/1185/1185 2838/1303/1303 2763/1458/1458
f 2839/1185/1185 2763/1458/1458 2791/1235/1235
f 2791/1235/1235 2639/1459/1459 2629/1408/1408
f 2629/1408/1408 2630/1409/1409 2628/1304/1304
f 435/1197/1197 438/1460/1460 387/1461/1461
f 2819/1198/1198 2746/1462/1462 2783/1463/1463
f 778/1358/1358 438/1460/1460 736/1187/1187
f 2819/1198/1198 2783/1463/1463 2817/1237/1237
f 2778/1464/1464 2963/1199/1199 2817/1237/1237
f 2778/1464/1464 2962/1465/1465 2963/1199/1199
f 1700/1466/1466 1638/1411/1411 1664/1359/1359
f 1672/1307/1307 1631/1242/1242 1670/1413/1413
f 1638/1411/1411 1639/1467/1467 1605/1412/1412
f 1639/1467/1467 1604/1415/1415 1605/1412/1412
f 1619/1360/1360 1618/1418/1418 1669/1468/1468
f 1619/1360/1360 1669/1468/1468 1670/1413/1413
f 2930/1469/1469 2931/1470/1470 2774/1471/1471
f 2786/1472/1472 2758/1473/1473 2761/1425/1425
f 2761/1425/1425 2758/1473/1473 2755/1426/1426
f 2755/1426/1426 2756/1474/1474 2757/1475/1475
f 2755/1426/1426 2757/1475/1475 2772/1427/1427
f 1620/1428/1428 1679/1476/1476 1671/1477/1477
f 2772/1427/1427 2773/1478/1478 2784/1479/1479
f 2894/1377/1377 2857/1376/1376 2893/1480/1480
f 2913/1481/1481 2846/1482/1482 2924/1483/1483
f 2924/1483/1483 2846/1482/1482 2845/1484/1484
f 2845/1484/1484 2925/1434/1434 2924/1483/1483
f 1654/1381/1381 1674/1485/1485 1675/1486/1486
f 2925/1434/1434 2845/1484/1484 2843/1435/1435
f 1654/1381/1381 1659/1439/1439 1674/1485/1485
f 1659/1439/1439 1676/1438/1438 1674/1485/1485
f 2843/1435/1435 2776/1487/1487 2810/1437/1437
f 1625/1263/1263 1678/1383/1383 1676/1438/1438
f 2810/1437/1437 2699/1488/1488 2304/1332/1332
f 2304/1332/1332 2300/1489/1489 2298/1335/1335
f 2298/1335/1335 2295/1490/1490 2299/1386/1386
f 2295/1490/1490 2296/1491/1491 2299/1386/1386
f 1660/1339/1339 1688/1441/1441 1683/1492/1492
f 2299/1386/1386 2296/1491/1491 2303/1387/1387
f 2296/1491/1491 2301/1493/1493 2303/1387/1387
f 1109/1443/1443 1120/1494/1494 1108/1444/1444
f 1108/1444/1444 1083/1390/1390 1109/1443/1443
f 2953/1495/1495 2807/1496/1496 2813/1497/1497
f 2813/1497/1497 2748/1498/1498 2883/1499/1499
f 2801/1500/1500 2748/1498/1498 2738/1501/1501
f 950/1502/1502 755/1503/1503 671/1504/1504
f 1113/1449/1449 1116/1505/1505 1096/1450/1450
f 1116/1505/1505 1102/1452/1452 1096/1450/1450
f 2872/1506/1506 2809/1507/1507 2956/1508/1508
f 2956/1508/1508 2809/1507/1507 2917/1509/1509
f 2809/1507/1507 2804/1510/1510 2917/1509/1509
f 2917/1509/1509 2803/1456/1456 2936/1455/1455
f 2917/1509/1509 2804/1510/1510 2803/1456/1456
f 2799/1457/1457 2770/1511/1511 2771/1512/1512
f 2799/1457/1457 2771/1512/1512 2827/1302/1302
f 2838/1303/1303 2771/1512/1512 2763/1458/1458
f 2791/1235/1235 2763/1458/1458 2639/1459/1459
f 2745/1236/1236 2746/1462/1462 2819/1198/1198
f 2817/1237/1237 2783/1463/1463 2778/1464/1464
f 735/1513/1513 906/1514/1514 740/1515/1515
f 2962/1465/1465 2778/1464/1464 2961/1516/1516
f 1672/1307/1307 1670/1413/1413 1690/1517/1517
f 1638/1411/1411 1700/1466/1466 1639/1467/1467
f 2772/1427/1427 2757/1475/1475 2773/1478/1478
f 2773/1478/1478 2781/1518/1518 2790/1519/1519
f 2784/1479/1479 2773/1478/1478 2790/1519/1519
f 2790/1519/1519 2781/1518/1518 2825/1375/1375
f 2825/1375/1375 2780/1520/1520 2857/1376/1376
f 2857/1376/1376 2797/1521/1521 2893/1480/1480
f 2857/1376/1376 2780/1520/1520 2797/1521/1521
f 2893/1480/1480 2797/1521/1521 2846/1482/1482
f 2893/1480/1480 2846/1482/1482 2913/1481/1481
f 2846/1482/1482 2777/1522/1522 2845/1484/1484
f 2845/1484/1484 2776/1487/1487 2843/1435/1435
f 2810/1437/1437 2776/1487/1487 2700/1523/1523
f 2810/1437/1437 2700/1523/1523 2699/1488/1488
f 2304/1332/1332 2699/1488/1488 2300/1489/1489
f 2300/1489/1489 2297/1524/1524 2298/1335/1335
f 2298/1335/1335 2297/1524/1524 2295/1490/1490
f 967/1525/1525 900/1526/1526 765/1527/1527
f 2296/1491/1491 2294/1528/1528 2301/1493/1493
f 1668/1442/1442 1694/1529/1529 1657/1388/1388
f 1657/1388/1388 1694/1529/1529 1648/1389/1389
f 1648/1389/1389 1694/1529/1529 1667/1440/1440
f 1128/1530/1530 1114/1445/1445 1144/1531/1531
f 1108/1444/1444 1149/1532/1532 1111/1447/1447
f 1114/1445/1445 1135/1446/1446 1147/1533/1533
f 2873/1534/1534 2807/1496/1496 2953/1495/1495
f 2738/1501/1501 2739/1535/1535 2801/1500/1500
f 2801/1500/1500 2739/1535/1535 2872/1506/1506
f 2739/1535/1535 2766/1536/1536 2872/1506/1506
f 2872/1506/1506 2766/1536/1536 2809/1507/1507
f 2804/1510/1510 2768/1537/1537 2803/1456/1456
f 2803/1456/1456 2768/1537/1537 2770/1511/1511
f 2803/1456/1456 2770/1511/1511 2799/1457/1457
f 2630/1409/1409 2636/1538/1538 2745/1236/1236
f 2745/1236/1236 2636/1538/1538 2746/1462/1462
f 2961/1516/1516 2778/1464/1464 2796/1539/1539
f 2961/1516/1516 2822/1540/1540 2931/1470/1470
f 2774/1471/1471 2876/1541/1541 2759/1542/1542
f 2759/1542/1542 2753/1543/1543 2758/1473/1473
f 2753/1543/1543 2694/1544/1544 2755/1426/1426
f 2758/1473/1473 2753/1543/1543 2755/1426/1426
f 2755/1426/1426 2694/1544/1544 2756/1474/1474
f 2756/1474/1474 2690/1545/1545 2757/1475/1475
f 2773/1478/1478 2757/1475/1475 2689/1546/1546
f 2781/1518/1518 2780/1520/1520 2825/1375/1375
f 2797/1521/1521 2788/1547/1547 2846/1482/1482
f 1675/1486/1486 1685/1548/1548 1686/1549/1549
f 2846/1482/1482 2788/1547/1547 2777/1522/1522
f 1674/1485/1485 1676/1438/1438 1684/1550/1550
f 1676/1438/1438 1687/1551/1551 1684/1550/1550
f 2295/1490/1490 2292/1552/1552 2296/1491/1491
f 1667/1440/1440 1699/1553/1553 1688/1441/1441
f 2294/1528/1528 2293/1554/1554 2301/1493/1493
f 1668/1442/1442 1701/1555/1555 1694/1529/1529
f 1694/1529/1529 1699/1553/1553 1667/1440/1440
f 1120/1494/1494 1148/1556/1556 1108/1444/1444
f 1120/1494/1494 1150/1557/1557 1148/1556/1556
f 1114/1445/1445 1147/1533/1533 1144/1531/1531
f 2807/1496/1496 2742/1558/1558 2813/1497/1497
f 2813/1497/1497 2742/1558/1558 2748/1498/1498
f 433/1559/1559 671/1504/1504 434/1560/1560
f 2748/1498/1498 2734/1561/1561 2738/1501/1501
f 850/1562/1562 771/1563/1563 709/1564/1564
f 850/1562/1562 851/1565/1565 771/1563/1563
f 2809/1507/1507 2766/1536/1536 2767/1566/1566
f 827/1567/1567 772/1568/1568 771/1563/1563
f 2809/1507/1507 2767/1566/1566 2804/1510/1510
f 2767/1566/1566 2768/1537/1537 2804/1510/1510
f 2639/1459/1459 2638/1569/1569 2629/1408/1408
f 2629/1408/1408 2631/1570/1570 2630/1409/1409
f 2631/1570/1570 2632/1571/1571 2630/1409/1409
f 2641/1572/1572 2651/1573/1573 2746/1462/1462
f 2746/1462/1462 2651/1573/1573 2783/1463/1463
f 905/1574/1574 754/1575/1575 740/1515/1515
f 2796/1539/1539 2822/1540/1540 2961/1516/1516
f 2822/1540/1540 2774/1471/1471 2931/1470/1470
f 2774/1471/1471 2822/1540/1540 2876/1541/1541
f 2753/1543/1543 2695/1576/1576 2694/1544/1544
f 2690/1545/1545 2756/1474/1474 2694/1544/1544
f 2690/1545/1545 2689/1546/1546 2757/1475/1475
f 2773/1478/1478 2689/1546/1546 2781/1518/1518
f 2780/1520/1520 2782/1577/1577 2797/1521/1521
f 898/1578/1578 718/1579/1579 769/1580/1580
f 2845/1484/1484 2777/1522/1522 2776/1487/1487
f 900/1526/1526 742/1581/1581 765/1527/1527
f 2295/1490/1490 2297/1524/1524 2291/1582/1582
f 2295/1490/1490 2291/1582/1582 2284/1583/1583
f 2295/1490/1490 2284/1583/1583 2292/1552/1552
f 2292/1552/1552 2294/1528/1528 2296/1491/1491
f 2294/1528/1528 2279/1584/1584 2293/1554/1554
f 2748/1498/1498 2742/1558/1558 2734/1561/1561
f 2734/1561/1561 2724/1585/1585 2738/1501/1501
f 2738/1501/1501 2724/1585/1585 2722/1586/1586
f 2738/1501/1501 2722/1586/1586 2739/1535/1535
f 2739/1535/1535 2722/1586/1586 2721/1587/1587
f 2739/1535/1535 2721/1587/1587 2766/1536/1536
f 2766/1536/1536 2723/1588/1588 2767/1566/1566
f 2767/1566/1566 2720/1589/1589 2768/1537/1537
f 2768/1537/1537 2720/1589/1589 2770/1511/1511
f 2770/1511/1511 2707/1590/1590 2771/1512/1512
f 2707/1590/1590 2705/1591/1591 2771/1512/1512
f 2705/1591/1591 2638/1569/1569 2771/1512/1512
f 2771/1512/1512 2638/1569/1569 2763/1458/1458
f 2763/1458/1458 2638/1569/1569 2639/1459/1459
f 2629/1408/1408 2638/1569/1569 2631/1570/1570
f 2632/1571/1571 2636/1538/1538 2630/1409/1409
f 2746/1462/1462 2636/1538/1538 2641/1572/1572
f 735/1513/1513 641/1592/1592 616/1593/1593
f 754/1575/1575 640/1594/1594 740/1515/1515
f 2778/1464/1464 2696/1595/1595 2796/1539/1539
f 2796/1539/1539 2697/1596/1596 2822/1540/1540
f 2760/1597/1597 2876/1541/1541 2822/1540/1540
f 2876/1541/1541 2760/1597/1597 2759/1542/1542
f 2695/1576/1576 2681/1598/1598 2694/1544/1544
f 2694/1544/1544 2681/1598/1598 2690/1545/1545
f 2689/1546/1546 2688/1599/1599 2781/1518/1518
f 2781/1518/1518 2688/1599/1599 2780/1520/1520
f 2688/1599/1599 2687/1600/1600 2780/1520/1520
f 2780/1520/1520 2687/1600/1600 2782/1577/1577
f 2797/1521/1521 2782/1577/1577 2788/1547/1547
f 2782/1577/1577 2685/1601/1601 2788/1547/1547
f 2788/1547/1547 2685/1601/1601 2777/1522/1522
f 2777/1522/1522 2683/1602/1602 2776/1487/1487
f 2683/1602/1602 2682/1603/1603 2776/1487/1487
f 2776/1487/1487 2682/1603/1603 2700/1523/1523
f 2700/1523/1523 2682/1603/1603 2677/1604/1604
f 2677/1604/1604 2699/1488/1488 2700/1523/1523
f 2699/1488/1488 2684/1605/1605 2300/1489/1489
f 2300/1489/1489 2684/1605/1605 2762/1606/1606
f 2300/1489/1489 2762/1606/1606 2297/1524/1524
f 801/1607/1607 765/1527/1527 656/1608/1608
f 2762/1606/1606 2291/1582/1582 2297/1524/1524
f 900/1526/1526 1001/1609/1609 832/1610/1610
f 1015/1611/1611 921/1612/1612 1001/1609/1609
f 1001/1609/1609 921/1612/1612 832/1610/1610
f 2292/1552/1552 2279/1584/1584 2294/1528/1528
f 1703/1613/1613 1704/1614/1614 1694/1529/1529
f 1701/1555/1555 1703/1613/1613 1694/1529/1529
f 1694/1529/1529 1704/1614/1614 1699/1553/1553
f 2873/1534/1534 2789/1615/1615 2807/1496/1496
f 2807/1496/1496 2789/1615/1615 2743/1616/1616
f 2807/1496/1496 2743/1616/1616 2742/1558/1558
f 2721/1587/1587 2723/1588/1588 2766/1536/1536
f 2767/1566/1566 2723/1588/1588 2720/1589/1589
f 2720/1589/1589 2707/1590/1590 2770/1511/1511
f 2651/1573/1573 2650/1617/1617 2783/1463/1463
f 2783/1463/1463 2650/1617/1617 2778/1464/1464
f 2650/1617/1617 2696/1595/1595 2778/1464/1464
f 2796/1539/1539 2696/1595/1595 2697/1596/1596
f 2822/1540/1540 2697/1596/1596 2760/1597/1597
f 2760/1597/1597 2754/1618/1618 2759/1542/1542
f 2754/1618/1618 2695/1576/1576 2753/1543/1543
f 2690/1545/1545 2661/1619/1619 2689/1546/1546
f 2689/1546/1546 2661/1619/1619 2663/1620/1620
f 2689/1546/1546 2663/1620/1620 2688/1599/1599
f 2685/1601/1601 2683/1602/1602 2777/1522/1522
f 2677/1604/1604 2684/1605/1605 2699/1488/1488
f 765/1527/1527 661/1621/1621 656/1608/1608
f 2284/1583/1583 2280/1622/1622 2292/1552/1552
f 2280/1622/1622 2279/1584/1584 2292/1552/1552
f 2293/1554/1554 2279/1584/1584 2274/1623/1623
f 2293/1554/1554 2274/1623/1623 2281/1624/1624
f 2908/1625/1625 2873/1534/1534 2984/1626/1626
f 2908/1625/1625 2789/1615/1615 2873/1534/1534
f 428/1627/1627 434/1560/1560 408/1628/1628
f 2705/1591/1591 2644/1629/1629 2638/1569/1569
f 2696/1595/1595 2652/1630/1630 2697/1596/1596
f 2760/1597/1597 2697/1596/1596 2754/1618/1618
f 700/1631/1631 702/1632/1632 646/1633/1633
f 2690/1545/1545 2681/1598/1598 2691/1634/1634
f 2688/1599/1599 2664/1635/1635 2687/1600/1600
f 2782/1577/1577 2687/1600/1600 2685/1601/1601
f 718/1579/1579 803/1636/1636 659/1637/1637
f 2762/1606/1606 2792/1638/1638 2291/1582/1582
f 770/1639/1639 662/1640/1640 832/1610/1610
f 1015/1611/1611 1010/1641/1641 921/1612/1612
f 1704/1614/1614 1705/1642/1642 1699/1553/1553
f 2743/1616/1616 2735/1643/1643 2742/1558/1558
f 2742/1558/1558 2735/1643/1643 2734/1561/1561
f 2724/1585/1585 2719/1644/1644 2722/1586/1586
f 2721/1587/1587 2714/1645/1645 2723/1588/1588
f 2723/1588/1588 2713/1646/1646 2720/1589/1589
f 2720/1589/1589 2713/1646/1646 2710/1647/1647
f 2720/1589/1589 2710/1647/1647 2708/1648/1648
f 2720/1589/1589 2708/1648/1648 2707/1590/1590
f 2707/1590/1590 2706/1649/1649 2705/1591/1591
f 2706/1649/1649 2644/1629/1629 2705/1591/1591
f 2644/1629/1629 2637/1650/1650 2638/1569/1569
f 2637/1650/1650 2634/1651/1651 2631/1570/1570
f 2638/1569/1569 2637/1650/1650 2631/1570/1570
f 2634/1651/1651 2633/1652/1652 2631/1570/1570
f 2631/1570/1570 2633/1652/1652 2632/1571/1571
f 2632/1571/1571 2633/1652/1652 2635/1653/1653
f 2632/1571/1571 2635/1653/1653 2636/1538/1538
f 2636/1538/1538 2635/1653/1653 2641/1572/1572
f 2641/1572/1572 2635/1653/1653 2642/1654/1654
f 2641/1572/1572 2642/1654/1654 2651/1573/1573
f 2651/1573/1573 2642/1654/1654 2645/1655/1655
f 2651/1573/1573 2645/1655/1655 2650/1617/1617
f 641/1592/1592 617/1656/1656 616/1593/1593
f 2647/1657/1657 2649/1658/1658 2650/1617/1617
f 2650/1617/1617 2649/1658/1658 2696/1595/1595
f 2697/1596/1596 2680/1659/1659 2754/1618/1618
f 2754/1618/1618 2680/1659/1659 2695/1576/1576
f 2681/1598/1598 2658/1660/1660 2691/1634/1634
f 2690/1545/1545 2691/1634/1634 2661/1619/1619
f 2663/1620/1620 2664/1635/1635 2688/1599/1599
f 2664/1635/1635 2666/1661/1661 2687/1600/1600
f 2685/1601/1601 2670/1662/1662 2683/1602/1602
f 2670/1662/1662 2671/1663/1663 2683/1602/1602
f 2682/1603/1603 2683/1602/1602 2672/1664/1664
f 2682/1603/1603 2672/1664/1664 2677/1604/1604
f 2677/1604/1604 2676/1665/1665 2684/1605/1605
f 2684/1605/1605 2703/1666/1666 2762/1606/1606
f 2762/1606/1606 2703/1666/1666 2792/1638/1638
f 2284/1583/1583 2278/1667/1667 2280/1622/1622
f 2274/1623/1623 2268/1668/1668 2281/1624/1624
f 1008/1669/1669 884/1670/1670 1007/1671/1671
f 2850/1672/1672 2789/1615/1615 2908/1625/1625
f 409/1673/1673 428/1627/1627 401/1674/1674
f 2730/1675/1675 2719/1644/1644 2724/1585/1585
f 2734/1561/1561 2730/1675/1675 2724/1585/1585
f 2719/1644/1644 2717/1676/1676 2722/1586/1586
f 2717/1676/1676 2721/1587/1587 2722/1586/1586
f 2721/1587/1587 2717/1676/1676 2714/1645/1645
f 2714/1645/1645 2713/1646/1646 2723/1588/1588
f 2708/1648/1648 2706/1649/1649 2707/1590/1590
f 2645/1655/1655 2647/1657/1657 2650/1617/1617
f 639/1677/1677 620/1678/1678 640/1594/1594
f 2649/1658/1658 2652/1630/1630 2696/1595/1595
f 2697/1596/1596 2652/1630/1630 2680/1659/1659
f 643/1679/1679 646/1633/1633 622/1680/1680
f 2695/1576/1576 2680/1659/1659 2681/1598/1598
f 2661/1619/1619 2662/1681/1681 2663/1620/1620
f 2666/1661/1661 2668/1682/1682 2687/1600/1600
f 2687/1600/1600 2668/1682/1682 2685/1601/1601
f 2668/1682/1682 2670/1662/1662 2685/1601/1601
f 2671/1663/1663 2672/1664/1664 2683/1602/1602
f 2672/1664/1664 2676/1665/1665 2677/1604/1604
f 2676/1665/1665 2678/1683/1683 2684/1605/1605
f 2684/1605/1605 2678/1683/1683 2703/1666/1666
f 2291/1582/1582 2792/1638/1638 2285/1684/1684
f 2291/1582/1582 2285/1684/1684 2284/1583/1583
f 2285/1684/1684 2278/1667/1667 2284/1583/1583
f 921/1612/1612 920/1685/1685 770/1639/1639
f 1010/1641/1641 920/1685/1685 921/1612/1612
f 2280/1622/1622 2278/1667/1667 2279/1584/1584
f 1011/1686/1686 920/1685/1685 1010/1641/1641
f 2279/1584/1584 2272/1687/1687 2274/1623/1623
f 1018/1688/1688 1011/1686/1686 1010/1641/1641
f 1019/1689/1689 1018/1688/1688 1010/1641/1641
f 2268/1668/1668 2269/1690/1690 2281/1624/1624
f 2281/1624/1624 2269/1690/1690 2310/1691/1691
f 2735/1643/1643 2730/1675/1675 2734/1561/1561
f 2719/1644/1644 2718/1692/1692 2717/1676/1676
f 2644/1629/1629 2728/1693/1693 2637/1650/1650
f 2633/1652/1652 2640/1694/1694 2635/1653/1653
f 2680/1659/1659 2656/1695/1695 2681/1598/1598
f 2681/1598/1598 2656/1695/1695 2658/1660/1660
f 2663/1620/1620 2662/1681/1681 2664/1635/1635
f 2278/1667/1667 2272/1687/1687 2279/1584/1584
f 2274/1623/1623 2272/1687/1687 2268/1668/1668
f 2730/1675/1675 2725/1696/1696 2719/1644/1644
f 2717/1676/1676 2716/1697/1697 2714/1645/1645
f 2716/1697/1697 2715/1698/1698 2714/1645/1645
f 2710/1647/1647 2709/1699/1699 2708/1648/1648
f 2708/1648/1648 2709/1699/1699 2706/1649/1649
f 2706/1649/1649 2727/1700/1700 2644/1629/1629
f 2644/1629/1629 2727/1700/1700 2728/1693/1693
f 2634/1651/1651 2749/1701/1701 2633/1652/1652
f 2647/1657/1657 2648/1702/1702 2649/1658/1658
f 2649/1658/1658 2648/1702/1702 2652/1630/1630
f 2658/1660/1660 2661/1619/1619 2691/1634/1634
f 2671/1663/1663 2669/1703/1703 2672/1664/1664
f 2674/1704/1704 2675/1705/1705 2672/1664/1664
f 2672/1664/1664 2675/1705/1705 2676/1665/1665
f 2676/1665/1665 2675/1705/1705 2678/1683/1683
f 2283/1706/1706 2278/1667/1667 2285/1684/1684
f 2268/1668/1668 2267/1707/1707 2269/1690/1690
f 2252/1708/1708 2247/1709/1709 2258/1710/1710
f 2789/1615/1615 2785/1711/1711 2743/1616/1616
f 2743/1616/1616 2736/1712/1712 2735/1643/1643
f 2735/1643/1643 2725/1696/1696 2730/1675/1675
f 2718/1692/1692 2716/1697/1697 2717/1676/1676
f 2715/1698/1698 2712/1713/1713 2714/1645/1645
f 2712/1713/1713 2711/1714/1714 2710/1647/1647
f 2710/1647/1647 2711/1714/1714 2709/1699/1699
f 2728/1693/1693 2749/1701/1701 2637/1650/1650
f 2637/1650/1650 2749/1701/1701 2634/1651/1651
f 2635/1653/1653 2640/1694/1694 2642/1654/1654
f 2642/1654/1654 2643/1715/1715 2645/1655/1655
f 2648/1702/1702 2653/1716/1716 2652/1630/1630
f 2652/1630/1630 2653/1716/1716 2680/1659/1659
f 2680/1659/1659 2653/1716/1716 2656/1695/1695
f 2661/1619/1619 2657/1717/1717 2662/1681/1681
f 2662/1681/1681 2665/1718/1718 2664/1635/1635
f 2664/1635/1635 2665/1718/1718 2666/1661/1661
f 2666/1661/1661 2667/1719/1719 2668/1682/1682
f 2667/1719/1719 2669/1703/1703 2668/1682/1682
f 2668/1682/1682 2669/1703/1703 2670/1662/1662
f 2670/1662/1662 2669/1703/1703 2671/1663/1663
f 2669/1703/1703 2673/1720/1720 2672/1664/1664
f 2673/1720/1720 2674/1704/1704 2672/1664/1664
f 2678/1683/1683 2675/1705/1705 2679/1721/1721
f 2679/1721/1721 2698/1722/1722 2678/1683/1683
f 2678/1683/1683 2698/1722/1722 2703/1666/1666
f 2703/1666/1666 2289/1723/1723 2792/1638/1638
f 2289/1723/1723 2283/1706/1706 2285/1684/1684
f 2792/1638/1638 2289/1723/1723 2285/1684/1684
f 2283/1706/1706 2277/1724/1724 2278/1667/1667
f 2278/1667/1667 2277/1724/1724 2272/1687/1687
f 2272/1687/1687 2277/1724/1724 2273/1725/1725
f 1011/1686/1686 1012/1726/1726 912/1727/1727
f 1011/1686/1686 912/1727/1727 920/1685/1685
f 2272/1687/1687 2273/1725/1725 2266/1728/1728
f 1018/1688/1688 1020/1729/1729 1012/1726/1726
f 1018/1688/1688 1012/1726/1726 1011/1686/1686
f 2272/1687/1687 2266/1728/1728 2268/1668/1668
f 2266/1728/1728 2267/1707/1707 2268/1668/1668
f 2850/1672/1672 2785/1711/1711 2789/1615/1615
f 2743/1616/1616 2785/1711/1711 2736/1712/1712
f 2736/1712/1712 2725/1696/1696 2735/1643/1643
f 2725/1696/1696 2718/1692/1692 2719/1644/1644
f 2718/1692/1692 2732/1730/1730 2716/1697/1697
f 2709/1699/1699 2726/1731/1731 2706/1649/1649
f 2706/1649/1649 2726/1731/1731 2727/1700/1700
f 2640/1694/1694 2633/1652/1652 2769/1732/1732
f 2642/1654/1654 2640/1694/1694 2643/1715/1715
f 2645/1655/1655 2643/1715/1715 2646/1733/1733
f 2645/1655/1655 2646/1733/1733 2647/1657/1657
f 2646/1733/1733 2648/1702/1702 2647/1657/1657
f 2658/1660/1660 2656/1695/1695 2657/1717/1717
f 2658/1660/1660 2657/1717/1717 2661/1619/1619
f 2666/1661/1661 2665/1718/1718 2667/1719/1719
f 2703/1666/1666 2698/1722/1722 2289/1723/1723
f 2732/1730/1730 2765/1734/1734 2716/1697/1697
f 2764/1735/1735 2715/1698/1698 2716/1697/1697
f 2726/1731/1731 2728/1693/1693 2727/1700/1700
f 2749/1701/1701 2769/1732/1732 2633/1652/1652
f 2640/1694/1694 2769/1732/1732 2643/1715/1715
f 2667/1719/1719 2693/1736/1736 2669/1703/1703
f 2673/1720/1720 2701/1737/1737 2674/1704/1704
f 2289/1723/1723 2282/1738/1738 2283/1706/1706
f 2283/1706/1706 2282/1738/1738 2277/1724/1724
f 2277/1724/1724 2275/1739/1739 2273/1725/1725
f 2266/1728/1728 2270/1740/1740 2267/1707/1707
f 2267/1707/1707 2270/1740/1740 2271/1741/1741
f 2907/1742/1742 2896/1743/1743 2785/1711/1711
f 2785/1711/1711 2737/1744/1744 2736/1712/1712
f 2764/1735/1735 2741/1745/1745 2715/1698/1698
f 2715/1698/1698 2741/1745/1745 2712/1713/1713
f 2712/1713/1713 2741/1745/1745 2729/1746/1746
f 2712/1713/1713 2729/1746/1746 2711/1714/1714
f 2711/1714/1714 2729/1746/1746 2709/1699/1699
f 2709/1699/1699 2729/1746/1746 2726/1731/1731
f 2769/1732/1732 2704/1747/1747 2643/1715/1715
f 2653/1716/1716 2655/1748/1748 2656/1695/1695
f 2655/1748/1748 2657/1717/1717 2656/1695/1695
f 2657/1717/1717 2660/1749/1749 2662/1681/1681
f 2662/1681/1681 2692/1750/1750 2665/1718/1718
f 2665/1718/1718 2692/1750/1750 2667/1719/1719
f 2692/1750/1750 2693/1736/1736 2667/1719/1719
f 2693/1736/1736 2702/1751/1751 2669/1703/1703
f 2669/1703/1703 2702/1751/1751 2673/1720/1720
f 2673/1720/1720 2702/1751/1751 2701/1737/1737
f 2674/1704/1704 2701/1737/1737 2752/1752/1752
f 2674/1704/1704 2752/1752/1752 2675/1705/1705
f 2752/1752/1752 2751/1753/1753 2675/1705/1705
f 2675/1705/1705 2751/1753/1753 2679/1721/1721
f 2698/1722/1722 2679/1721/1721 2750/1754/1754
f 2698/1722/1722 2290/1755/1755 2289/1723/1723
f 2289/1723/1723 2290/1755/1755 2282/1738/1738
f 2277/1724/1724 2282/1738/1738 2275/1739/1739
f 2275/1739/1739 2270/1740/1740 2273/1725/1725
f 1012/1726/1726 1017/1756/1756 954/1757/1757
f 1012/1726/1726 954/1757/1757 912/1727/1727
f 2273/1725/1725 2270/1740/1740 2266/1728/1728
f 2267/1707/1707 2271/1741/1741 2312/1758/1758
f 2896/1743/1743 2802/1759/1759 2785/1711/1711
f 2785/1711/1711 2802/1759/1759 2737/1744/1744
f 2736/1712/1712 2737/1744/1744 2725/1696/1696
f 2725/1696/1696 2737/1744/1744 2733/1760/1760
f 2725/1696/1696 2733/1760/1760 2731/1761/1761
f 2725/1696/1696 2731/1761/1761 2718/1692/1692
f 2718/1692/1692 2731/1761/1761 2732/1730/1730
f 2765/1734/1734 2841/1762/1762 2842/1763/1763
f 2765/1734/1734 2842/1763/1763 2862/1764/1764
f 2765/1734/1734 2862/1764/1764 2764/1735/1735
f 2861/1765/1765 2860/1766/1766 2741/1745/1745
f 2741/1745/1745 2794/1767/1767 2729/1746/1746
f 2726/1731/1731 2729/1746/1746 2740/1768/1768
f 2726/1731/1731 2740/1768/1768 2728/1693/1693
f 2728/1693/1693 2740/1768/1768 2787/1769/1769
f 2728/1693/1693 2787/1769/1769 2749/1701/1701
f 2749/1701/1701 2787/1769/1769 2798/1770/1770
f 2749/1701/1701 2798/1770/1770 2769/1732/1732
f 2821/1771/1771 2704/1747/1747 2769/1732/1732
f 2643/1715/1715 2704/1747/1747 2646/1733/1733
f 2704/1747/1747 2686/1772/1772 2646/1733/1733
f 2646/1733/1733 2686/1772/1772 2648/1702/1702
f 2648/1702/1702 2686/1772/1772 2654/1773/1773
f 2648/1702/1702 2654/1773/1773 2653/1716/1716
f 2653/1716/1716 2654/1773/1773 2655/1748/1748
f 2657/1717/1717 2655/1748/1748 2659/1774/1774
f 2659/1774/1774 2660/1749/1749 2657/1717/1717
f 2660/1749/1749 2692/1750/1750 2662/1681/1681
f 2693/1736/1736 2879/1775/1775 2702/1751/1751
f 2702/1751/1751 2836/1776/1776 2701/1737/1737
f 2701/1737/1737 2836/1776/1776 2837/1777/1777
f 2701/1737/1737 2837/1777/1777 2752/1752/1752
f 2751/1753/1753 2750/1754/1754 2679/1721/1721
f 2750/1754/1754 2290/1755/1755 2698/1722/1722
f 2732/1730/1730 2779/1778/1778 2765/1734/1734
f 2765/1734/1734 2779/1778/1778 2841/1762/1762
f 2103/1779/1779 2091/1780/1780 2093/1781/1781
f 2093/1781/1781 2091/1780/1780 2090/1782/1782
f 2860/1766/1766 2859/1783/1783 2794/1767/1767
f 2741/1745/1745 2860/1766/1766 2794/1767/1767
f 2729/1746/1746 2806/1784/1784 2740/1768/1768
f 2769/1732/1732 2798/1770/1770 2821/1771/1771
f 2821/1771/1771 2871/1785/1785 2704/1747/1747
f 2704/1747/1747 2816/1786/1786 2686/1772/1772
f 2693/1736/1736 2878/1787/1787 2879/1775/1775
f 2702/1751/1751 2879/1775/1775 2880/1788/1788
f 2702/1751/1751 2880/1788/1788 2836/1776/1776
f 2752/1752/1752 2837/1777/1777 2751/1753/1753
f 2750/1754/1754 2793/1789/1789 2290/1755/1755
f 2282/1738/1738 2286/1790/1790 2275/1739/1739
f 2275/1739/1739 2276/1791/1791 2270/1740/1740
f 2270/1740/1740 2311/1792/1792 2271/1741/1741
f 2164/1793/1793 2161/1794/1794 2163/1795/1795
f 2231/1796/1796 2221/1797/1797 2230/1798/1798
f 2237/1799/1799 2242/1800/1800 2245/1801/1801
f 2731/1761/1761 2779/1778/1778 2732/1730/1730
f 2859/1783/1783 2805/1802/1802 2794/1767/1767
f 2794/1767/1767 2805/1802/1802 2729/1746/1746
f 2806/1784/1784 2849/1803/1803 2740/1768/1768
f 2849/1803/1803 2954/1804/1804 2787/1769/1769
f 2798/1770/1770 2955/1805/1805 2821/1771/1771
f 2704/1747/1747 2871/1785/1785 2816/1786/1786
f 2816/1786/1786 2800/1806/1806 2686/1772/1772
f 2686/1772/1772 2800/1806/1806 2654/1773/1773
f 2654/1773/1773 2800/1806/1806 2655/1748/1748
f 2812/1807/1807 2811/1808/1808 2659/1774/1774
f 2659/1774/1774 2811/1808/1808 2660/1749/1749
f 2660/1749/1749 2814/1809/1809 2692/1750/1750
f 2692/1750/1750 2814/1809/1809 2877/1810/1810
f 2877/1810/1810 2878/1787/1787 2692/1750/1750
f 2692/1750/1750 2878/1787/1787 2693/1736/1736
f 2132/1811/1811 2087/1812/1812 2134/1813/1813
f 664/1814/1814 703/1815/1815 722/1816/1816
f 2290/1755/1755 2793/1789/1789 2306/1817/1817
f 2290/1755/1755 2306/1817/1817 2282/1738/1738
f 2282/1738/1738 2306/1817/1817 2286/1790/1790
f 930/1818/1818 703/1815/1815 716/1819/1819
f 2286/1790/1790 2288/1820/1820 2275/1739/1739
f 2275/1739/1739 2288/1820/1820 2276/1791/1791
f 2276/1791/1791 2287/1821/1821 2270/1740/1740
f 2270/1740/1740 2287/1821/1821 2311/1792/1792
f 2161/1794/1794 2160/1822/1822 2163/1795/1795
f 2802/1759/1759 2795/1823/1823 2737/1744/1744
f 2737/1744/1744 2795/1823/1823 2744/1824/1824
f 2737/1744/1744 2744/1824/1824 2733/1760/1760
f 2733/1760/1760 2744/1824/1824 2731/1761/1761
f 2088/1825/1825 2060/1826/1826 2073/1827/1827
f 2805/1802/1802 2849/1803/1803 2806/1784/1784
f 1884/1828/1828 1879/1829/1829 1883/1830/1830
f 1928/1831/1831 1922/1832/1832 1920/1833/1833
f 2848/1834/1834 2847/1835/1835 2750/1754/1754
f 2751/1753/1753 2848/1834/1834 2750/1754/1754
f 2750/1754/1754 2847/1835/1835 2793/1789/1789
f 2802/1759/1759 2937/1836/1836 2795/1823/1823
f 2744/1824/1824 2775/1837/1837 2731/1761/1761
f 2731/1761/1761 2775/1837/1837 2779/1778/1778
f 2092/1838/1838 1841/1839/1839 2059/1840/1840
f 2059/1840/1840 1967/1841/1841 2060/1826/1826
f 2957/1842/1842 2951/1843/1843 2805/1802/1802
f 2071/1844/1844 1932/1845/1845 2067/1846/1846
f 2067/1846/1846 1932/1845/1845 1927/1847/1847
f 2800/1806/1806 2912/1848/1848 2812/1807/1807
f 2812/1807/1807 2949/1849/1849 2972/1850/1850
f 2812/1807/1807 2972/1850/1850 2811/1808/1808
f 2811/1808/1808 2972/1850/1850 2964/1851/1851
f 703/1815/1815 923/1852/1852 722/1816/1816
f 2276/1791/1791 2288/1820/1820 2287/1821/1821
f 1014/1853/1853 1016/1854/1854 930/1818/1818
f 2795/1823/1823 2835/1855/1855 2744/1824/1824
f 2744/1824/1824 2835/1855/1855 2775/1837/1837
f 2775/1837/1837 2881/1856/1856 2779/1778/1778
f 2779/1778/1778 2881/1856/1856 2934/1857/1857
f 2135/1858/1858 2107/1859/1859 2122/1860/1860
f 1965/1861/1861 1844/1862/1862 1964/1863/1863
f 1966/1864/1864 1960/1865/1865 2036/1866/1866
f 2029/1867/1867 2066/1868/1868 2110/1869/1869
f 2110/1869/1869 2066/1868/1868 2111/1870/1870
f 2847/1835/1835 2966/1871/1871 2916/1872/1872
f 2793/1789/1789 2916/1872/1872 2306/1817/1817
f 2916/1872/1872 2307/1873/1873 2306/1817/1817
f 2307/1873/1873 2309/1874/1874 2286/1790/1790
f 2286/1790/1790 2309/1874/1874 2288/1820/1820
f 2150/1875/1875 2155/1876/1876 2160/1822/1822
f 2242/1800/1800 2246/1877/1877 2253/1878/1878
f 2835/1855/1855 2881/1856/1856 2775/1837/1837
f 2033/1879/1879 2038/1880/1880 2094/1881/1881
f 2066/1868/1868 2043/1882/1882 2084/1883/1883
f 2001/1884/1884 2003/1885/1885 2005/1886/1886
f 2097/1887/1887 2085/1888/1888 2108/1889/1889
f 2154/1890/1890 2123/1891/1891 2148/1892/1892
f 2159/1893/1893 2148/1892/1892 2109/1894/1894
f 2151/1895/1895 2109/1894/1894 2150/1875/1875
f 2135/1858/1858 1843/1896/1896 2107/1859/1859
f 1970/1897/1897 1951/1898/1898 2042/1899/1899
f 1940/1900/1900 1942/1901/1901 1943/1902/1902
f 2027/1903/1903 2028/1904/1904 2044/1905/1905
f 2025/1906/1906 2069/1907/1907 2068/1908/1908
f 2115/1909/1909 2140/1910/1910 2158/1911/1911
f 2148/1892/1892 2083/1912/1912 2109/1894/1894
f 1857/1913/1913 1852/1914/1914 2136/1915/1915
f 2098/1916/1916 2083/1912/1912 2123/1891/1891
f 1865/1917/1917 1850/1918/1918 1876/1919/1919
f 219/13/13 194/1/1 231/14/14
f 231/14/14 242/16/16 276/54/54
f 242/16/16 281/31/31 313/59/59
f 241/19/19 240/33/33 304/70/70
f 142/43/43 144/44/44 181/102/102
f 756/1920/1920 964/1921/1921 911/61/61
f 17/81/81 16/80/80 18/84/84
f 250/92/92 167/95/95 264/215/215
f 260/222/222 181/102/102 238/105/105
f 147/223/223 143/104/104 146/103/103
f 209/45/45 110/112/112 239/115/115
f 224/150/150 190/151/151 233/252/252
f 980/380/380 964/1921/1921 756/1920/1920
f 756/1920/1920 911/61/61 461/1922/1922
f 911/61/61 822/63/63 461/1922/1922
f 461/1922/1922 822/63/63 452/385/385
f 452/385/385 822/63/63 821/64/64
f 452/385/385 821/64/64 451/386/386
f 451/386/386 821/64/64 519/167/167
f 235/193/193 46/200/200 50/202/202
f 63/204/204 48/201/201 62/198/198
f 270/273/273 50/202/202 51/203/203
f 813/1923/1923 988/1924/1924 842/496/496
f 316/209/209 259/90/90 299/212/212
f 299/212/212 250/92/92 264/215/215
f 273/280/280 207/100/100 293/284/284
f 293/284/284 207/100/100 228/219/219
f 260/222/222 238/105/105 314/225/225
f 859/295/295 896/299/299 800/297/297
f 833/1925/1925 873/369/369 793/371/371
f 980/380/380 756/1920/1920 845/381/381
f 758/174/174 972/330/330 847/332/332
f 972/330/330 999/335/335 802/331/331
f 777/1926/1926 875/395/395 891/398/398
f 812/1927/1927 988/1924/1924 813/1923/1923
f 824/1928/1928 963/1929/1929 971/344/344
f 824/1928/1928 971/344/344 849/1930/1930
f 2541/418/418 2911/1931/1931 2580/415/415
f 687/296/296 859/295/295 677/298/298
f 800/297/297 896/299/299 799/301/301
f 799/301/301 870/300/300 797/1932/1932
f 870/300/300 833/1925/1925 797/1932/1932
f 797/1932/1932 833/1925/1925 795/1933/1933
f 114/238/238 116/303/303 115/366/366
f 112/304/304 114/238/238 115/366/366
f 795/1933/1933 833/1925/1925 793/371/371
f 234/253/253 244/158/158 287/444/444
f 287/444/444 244/158/158 288/320/320
f 756/1920/1920 461/1922/1922 457/1934/1934
f 505/323/323 519/167/167 685/175/175
f 509/1935/1935 685/175/175 727/261/261
f 504/533/533 727/261/261 758/174/174
f 776/399/399 891/398/398 838/1936/1936
f 776/399/399 838/1936/1936 789/491/491
f 789/491/491 838/1936/1936 830/1937/1937
f 789/491/491 830/1937/1937 812/1927/1927
f 812/1927/1927 813/1923/1923 792/565/565
f 814/511/511 813/1923/1923 842/496/496
f 842/496/496 963/1929/1929 824/1928/1928
f 849/1930/1930 971/344/344 968/346/346
f 3012/282/282 3014/281/281 3010/1938/1938
f 3010/1938/1938 3014/281/281 3017/353/353
f 997/1939/1939 1003/357/357 861/358/358
f 861/358/358 892/292/292 725/1940/1940
f 725/1940/1940 892/292/292 761/291/291
f 761/291/291 855/290/290 688/360/360
f 698/370/370 878/373/373 877/1941/1941
f 566/481/481 845/381/381 756/1920/1920
f 461/1922/1922 452/385/385 450/1942/1942
f 450/1942/1942 452/385/385 448/387/387
f 448/387/387 451/386/386 447/447/447
f 451/386/386 519/167/167 454/324/324
f 505/323/323 685/175/175 509/1935/1935
f 509/1935/1935 727/261/261 504/533/533
f 514/448/448 847/332/332 802/331/331
f 738/535/535 802/331/331 737/392/392
f 737/392/392 875/395/395 717/1943/1943
f 717/1943/1943 875/395/395 777/1926/1926
f 731/400/400 777/1926/1926 891/398/398
f 789/491/491 812/1927/1927 792/565/565
f 842/496/496 824/1928/1928 739/497/497
f 768/547/547 849/1930/1930 968/346/346
f 3008/1944/1944 3012/282/282 3010/1938/1938
f 3010/1938/1938 3017/353/353 3011/513/513
f 3007/412/412 3012/282/282 3008/1944/1944
f 3011/513/513 3017/353/353 3027/355/355
f 3015/1945/1945 3013/285/285 3007/412/412
f 613/519/519 677/298/298 800/297/297
f 800/297/297 799/301/301 798/522/522
f 798/522/522 799/301/301 797/1932/1932
f 798/522/522 797/1932/1932 796/556/556
f 796/556/556 797/1932/1932 795/1933/1933
f 307/372/372 182/368/368 297/433/433
f 697/526/526 793/371/371 698/370/370
f 698/370/370 877/1941/1941 607/1946/1946
f 598/482/482 925/382/382 845/381/381
f 566/481/481 756/1920/1920 457/1934/1934
f 450/1942/1942 457/1934/1934 461/1922/1922
f 504/533/533 758/174/174 514/448/448
f 514/448/448 802/331/331 596/534/534
f 596/534/534 802/331/331 738/535/535
f 717/1943/1943 777/1926/1926 615/586/586
f 777/1926/1926 731/400/400 615/586/586
f 776/399/399 789/491/491 788/493/493
f 791/492/492 789/491/491 792/565/565
f 792/565/565 813/1923/1923 814/511/511
f 768/547/547 968/346/346 804/545/545
f 804/545/545 968/346/346 1000/408/408
f 2196/568/568 2198/350/350 2191/469/469
f 3008/1944/1944 3010/1938/1938 3004/1947/1947
f 3004/1947/1947 3010/1938/1938 3011/513/513
f 3020/1948/1948 3015/1945/1945 3007/412/412
f 725/1940/1940 761/291/291 604/571/571
f 604/571/571 761/291/291 579/1949/1949
f 579/1949/1949 761/291/291 688/360/360
f 567/1950/1950 688/360/360 687/296/296
f 2462/475/475 2471/422/422 2470/421/421
f 568/520/520 687/296/296 677/298/298
f 613/519/519 800/297/297 798/522/522
f 796/556/556 795/1933/1933 794/1951/1951
f 795/1933/1933 793/371/371 794/1951/1951
f 794/1951/1951 793/371/371 697/526/526
f 559/527/527 698/370/370 607/1946/1946
f 607/1946/1946 877/1941/1941 816/1952/1952
f 817/1953/1953 943/1954/1954 581/1955/1955
f 943/1954/1954 894/1956/1956 581/1955/1955
f 894/1956/1956 925/382/382 599/1957/1957
f 599/1957/1957 925/382/382 598/482/482
f 2369/322/322 2373/384/384 2370/506/506
f 474/1958/1958 505/323/323 509/1935/1935
f 824/1928/1928 849/1930/1930 606/1959/1959
f 606/1959/1959 849/1930/1930 768/547/547
f 3003/1960/1960 3008/1944/1944 3004/1947/1947
f 3004/1947/1947 3011/513/513 3000/515/515
f 3011/513/513 3027/355/355 3018/514/514
f 3020/1948/1948 3007/412/412 3016/552/552
f 858/1961/1961 997/1939/1939 861/358/358
f 858/1961/1961 861/358/358 689/1962/1962
f 861/358/358 725/1940/1940 689/1962/1962
f 579/1949/1949 688/360/360 567/1950/1950
f 567/1950/1950 687/296/296 568/520/520
f 697/526/526 698/370/370 559/527/527
f 607/1946/1946 816/1952/1952 580/1963/1963
f 580/1963/1963 816/1952/1952 817/1953/1953
f 581/1955/1955 894/1956/1956 599/1957/1957
f 598/482/482 566/481/481 565/559/559
f 566/481/481 457/1934/1934 453/1964/1964
f 453/1964/1964 457/1934/1934 450/1942/1942
f 449/1965/1965 450/1942/1942 448/387/387
f 447/447/447 454/324/324 445/1966/1966
f 454/324/324 505/323/323 462/1967/1967
f 462/1967/1967 505/323/323 474/1958/1958
f 509/1935/1935 504/533/533 474/1958/1958
f 474/1958/1958 504/533/533 472/1968/1968
f 514/448/448 596/534/534 513/1969/1969
f 595/536/536 738/535/535 737/392/392
f 595/536/536 737/392/392 717/1943/1943
f 595/536/536 717/1943/1943 614/585/585
f 614/585/585 717/1943/1943 615/586/586
f 731/400/400 776/399/399 680/1970/1970
f 680/1970/1970 776/399/399 788/493/493
f 739/497/497 824/1928/1928 606/1959/1959
f 606/1959/1959 768/547/547 515/546/546
f 3007/412/412 3008/1944/1944 3003/1960/1960
f 3018/514/514 3027/355/355 3035/1971/1971
f 562/573/573 725/1940/1940 604/571/571
f 545/1972/1972 568/520/520 613/519/519
f 798/522/522 796/556/556 577/555/555
f 705/557/557 796/556/556 794/1951/1951
f 794/1951/1951 697/526/526 705/557/557
f 559/527/527 607/1946/1946 532/1973/1973
f 607/1946/1946 580/1963/1963 532/1973/1973
f 580/1963/1963 817/1953/1953 581/1955/1955
f 522/1974/1974 566/481/481 453/1964/1964
f 449/1965/1965 448/387/387 446/1975/1975
f 446/1975/1975 448/387/387 447/447/447
f 472/1968/1968 504/533/533 471/532/532
f 471/532/532 514/448/448 513/1969/1969
f 615/586/586 731/400/400 512/1976/1976
f 512/1976/1976 731/400/400 680/1970/1970
f 791/492/492 792/565/565 790/1977/1977
f 3003/1960/1960 3004/1947/1947 2996/1978/1978
f 3004/1947/1947 3000/515/515 2996/1978/1978
f 3000/515/515 3018/514/514 3019/1979/1979
f 3006/551/551 3007/412/412 3003/1960/1960
f 3019/1979/1979 3018/514/514 3035/1971/1971
f 689/1962/1962 725/1940/1940 562/573/573
f 604/571/571 579/1949/1949 553/572/572
f 553/572/572 579/1949/1949 567/1950/1950
f 567/1950/1950 568/520/520 547/1980/1980
f 547/1980/1980 568/520/520 545/1972/1972
f 545/1972/1972 613/519/519 557/1981/1981
f 557/1981/1981 613/519/519 694/523/523
f 705/557/557 697/526/526 538/528/528
f 536/1982/1982 559/527/527 534/1983/1983
f 559/527/527 532/1973/1973 534/1983/1983
f 532/1973/1973 580/1963/1963 530/1984/1984
f 580/1963/1963 581/1955/1955 529/1985/1985
f 581/1955/1955 599/1957/1957 529/1985/1985
f 529/1985/1985 599/1957/1957 525/560/560
f 599/1957/1957 598/482/482 525/560/560
f 524/562/562 566/481/481 522/1974/1974
f 453/1964/1964 450/1942/1942 449/1965/1965
f 446/1975/1975 447/447/447 445/1966/1966
f 445/1966/1966 454/324/324 459/1986/1986
f 459/1986/1986 454/324/324 462/1967/1967
f 513/1969/1969 596/534/534 473/1987/1987
f 473/1987/1987 596/534/534 595/536/536
f 615/586/586 512/1976/1976 499/1988/1988
f 790/1977/1977 788/493/493 791/492/492
f 575/566/566 814/511/511 510/590/590
f 814/511/511 948/498/498 510/590/590
f 739/497/497 606/1959/1959 494/1989/1989
f 493/1990/1990 739/497/497 494/1989/1989
f 494/1989/1989 606/1959/1959 495/1991/1991
f 495/1991/1991 606/1959/1959 515/546/546
f 515/546/546 804/545/545 729/1992/1992
f 2178/567/567 2191/469/469 2179/409/409
f 3006/551/551 3003/1960/1960 3001/1993/1993
f 3001/1993/1993 3003/1960/1960 2996/1978/1978
f 553/572/572 567/1950/1950 547/1980/1980
f 557/1981/1981 694/523/523 577/555/555
f 577/555/555 705/557/557 540/1994/1994
f 540/1994/1994 705/557/557 538/528/528
f 536/1982/1982 538/528/528 559/527/527
f 530/1984/1984 580/1963/1963 529/1985/1985
f 525/560/560 565/559/559 524/562/562
f 462/1967/1967 474/1958/1958 463/1995/1995
f 473/1987/1987 595/536/536 497/1996/1996
f 497/1996/1996 595/536/536 498/587/587
f 595/536/536 614/585/585 498/587/587
f 615/586/586 499/1988/1988 498/587/587
f 680/1970/1970 788/493/493 790/1977/1977
f 510/590/590 739/497/497 493/1990/1990
f 545/1972/1972 557/1981/1981 542/1997/1997
f 541/1998/1998 557/1981/1981 577/555/555
f 541/1998/1998 577/555/555 540/1994/1994
f 531/1999/1999 532/1973/1973 530/1984/1984
f 529/1985/1985 525/560/560 528/2000/2000
f 522/1974/1974 453/1964/1964 458/2001/2001
f 458/2001/2001 453/1964/1964 449/1965/1965
f 449/1965/1965 446/1975/1975 456/2002/2002
f 445/1966/1966 459/1986/1986 444/2003/2003
f 474/1958/1958 472/1968/1968 467/2004/2004
f 467/2004/2004 472/1968/1968 471/532/532
f 471/532/532 513/1969/1969 473/1987/1987
f 790/1977/1977 792/565/565 575/566/566
f 488/2005/2005 510/590/590 493/1990/1990
f 2995/2006/2006 3001/1993/1993 2996/1978/1978
f 3000/515/515 3019/1979/1979 2997/2007/2007
f 3026/2008/2008 3019/1979/1979 3036/2009/2009
f 3016/552/552 3006/551/551 3009/626/626
f 3031/2010/2010 3016/552/552 3009/626/626
f 3036/2009/2009 3019/1979/1979 3035/1971/1971
f 858/1961/1961 689/1962/1962 570/2011/2011
f 562/573/573 553/572/572 554/2012/2012
f 549/2013/2013 553/572/572 547/1980/1980
f 549/2013/2013 547/1980/1980 546/2014/2014
f 546/2014/2014 547/1980/1980 545/1972/1972
f 546/2014/2014 545/1972/1972 544/2015/2015
f 544/2015/2015 545/1972/1972 542/1997/1997
f 542/1997/1997 557/1981/1981 541/1998/1998
f 539/2016/2016 540/1994/1994 538/528/528
f 539/2016/2016 538/528/528 537/2017/2017
f 538/528/528 536/1982/1982 537/2017/2017
f 535/2018/2018 536/1982/1982 534/1983/1983
f 534/1983/1983 532/1973/1973 533/2019/2019
f 533/2019/2019 532/1973/1973 531/1999/1999
f 531/1999/1999 530/1984/1984 528/2000/2000
f 530/1984/1984 529/1985/1985 528/2000/2000
f 528/2000/2000 525/560/560 527/2020/2020
f 523/2021/2021 525/560/560 524/562/562
f 523/2021/2021 524/562/562 522/1974/1974
f 458/2001/2001 449/1965/1965 456/2002/2002
f 456/2002/2002 446/1975/1975 455/2022/2022
f 446/1975/1975 445/1966/1966 441/2023/2023
f 455/2022/2022 446/1975/1975 441/2023/2023
f 463/1995/1995 474/1958/1958 467/2004/2004
f 471/532/532 473/1987/1987 470/2024/2024
f 478/2025/2025 497/1996/1996 498/587/587
f 499/1988/1988 512/1976/1976 482/2026/2026
f 482/2026/2026 512/1976/1976 506/2027/2027
f 512/1976/1976 680/1970/1970 506/2027/2027
f 2399/540/540 2398/603/603 2400/564/564
f 506/2027/2027 680/1970/1970 578/2028/2028
f 578/2028/2028 680/1970/1970 790/1977/1977
f 578/2028/2028 790/1977/1977 575/566/566
f 575/566/566 510/590/590 487/2029/2029
f 487/2029/2029 510/590/590 488/2005/2005
f 491/2030/2030 488/2005/2005 493/1990/1990
f 495/1991/1991 515/546/546 503/2031/2031
f 515/546/546 729/1992/1992 674/668/668
f 2192/2032/2032 2190/592/592 2187/621/621
f 2187/621/621 2190/592/592 2178/567/567
f 3002/625/625 3001/1993/1993 2995/2006/2006
f 2995/2006/2006 2996/1978/1978 2997/2007/2007
f 2996/1978/1978 3000/515/515 2997/2007/2007
f 3002/625/625 3006/551/551 3001/1993/1993
f 2997/2007/2007 3019/1979/1979 3026/2008/2008
f 858/1961/1961 570/2011/2011 848/2033/2033
f 689/1962/1962 562/573/573 570/2011/2011
f 570/2011/2011 562/573/573 554/2012/2012
f 554/2012/2012 553/572/572 551/2034/2034
f 551/2034/2034 553/572/572 549/2013/2013
f 541/1998/1998 540/1994/1994 539/2016/2016
f 542/1997/1997 541/1998/1998 539/2016/2016
f 537/2017/2017 536/1982/1982 535/2018/2018
f 535/2018/2018 534/1983/1983 533/2019/2019
f 527/2020/2020 525/560/560 526/2035/2035
f 525/560/560 523/2021/2021 526/2035/2035
f 523/2021/2021 522/1974/1974 458/2001/2001
f 459/1986/1986 462/1967/1967 460/2036/2036
f 460/2036/2036 462/1967/1967 463/1995/1995
f 467/2004/2004 471/532/532 470/2024/2024
f 470/2024/2024 473/1987/1987 497/1996/1996
f 470/2024/2024 497/1996/1996 478/2025/2025
f 478/2025/2025 498/587/587 480/2037/2037
f 480/2037/2037 498/587/587 499/1988/1988
f 480/2037/2037 499/1988/1988 482/2026/2026
f 506/2027/2027 578/2028/2028 484/2038/2038
f 578/2028/2028 575/566/566 487/2029/2029
f 491/2030/2030 493/1990/1990 492/2039/2039
f 492/2039/2039 493/1990/1990 494/1989/1989
f 492/2039/2039 494/1989/1989 495/1991/1991
f 492/2039/2039 495/1991/1991 503/2031/2031
f 503/2031/2031 515/546/546 674/668/668
f 549/2013/2013 546/2014/2014 548/2040/2040
f 561/2041/2041 523/2021/2021 458/2001/2001
f 441/2023/2023 445/1966/1966 444/2003/2003
f 464/2042/2042 463/1995/1995 467/2004/2004
f 482/2026/2026 506/2027/2027 484/2038/2038
f 578/2028/2028 487/2029/2029 484/2038/2038
f 3025/2043/2043 2997/2007/2007 3026/2008/2008
f 3033/2044/2044 3031/2010/2010 3009/626/626
f 569/2045/2045 570/2011/2011 554/2012/2012
f 551/2034/2034 549/2013/2013 550/2046/2046
f 548/2040/2040 546/2014/2014 544/2015/2015
f 544/2015/2015 542/1997/1997 543/2047/2047
f 542/1997/1997 539/2016/2016 543/2047/2047
f 537/2017/2017 535/2018/2018 560/2048/2048
f 560/2048/2048 535/2018/2018 563/2049/2049
f 563/2049/2049 535/2018/2018 564/2050/2050
f 564/2050/2050 535/2018/2018 533/2019/2019
f 533/2019/2019 531/1999/1999 555/2051/2051
f 555/2051/2051 531/1999/1999 528/2000/2000
f 555/2051/2051 528/2000/2000 527/2020/2020
f 555/2051/2051 527/2020/2020 526/2035/2035
f 526/2035/2035 523/2021/2021 561/2041/2041
f 460/2036/2036 463/1995/1995 464/2042/2042
f 464/2042/2042 467/2004/2004 468/2052/2052
f 467/2004/2004 470/2024/2024 468/2052/2052
f 480/2037/2037 482/2026/2026 481/2053/2053
f 483/2054/2054 482/2026/2026 484/2038/2038
f 486/2055/2055 487/2029/2029 488/2005/2005
f 488/2005/2005 491/2030/2030 490/2056/2056
f 491/2030/2030 492/2039/2039 490/2056/2056
f 490/2056/2056 492/2039/2039 496/2057/2057
f 503/2031/2031 674/668/668 511/670/670
f 2603/617/617 2543/616/616 2615/654/654
f 2187/621/621 2180/620/620 2181/657/657
f 3005/2058/2058 3002/625/625 2995/2006/2006
f 2995/2006/2006 2997/2007/2007 2998/2059/2059
f 2998/2059/2059 2997/2007/2007 3025/2043/2043
f 3022/2060/2060 3009/626/626 3002/625/625
f 3022/2060/2060 3002/625/625 3005/2058/2058
f 3033/2044/2044 3009/626/626 3022/2060/2060
f 3025/2043/2043 3026/2008/2008 3037/2061/2061
f 3026/2008/2008 3036/2009/2009 3037/2061/2061
f 569/2045/2045 848/2033/2033 570/2011/2011
f 865/2062/2062 848/2033/2033 569/2045/2045
f 569/2045/2045 554/2012/2012 558/2063/2063
f 558/2063/2063 554/2012/2012 552/2064/2064
f 552/2064/2064 554/2012/2012 551/2034/2034
f 552/2064/2064 551/2034/2034 550/2046/2046
f 550/2046/2046 549/2013/2013 548/2040/2040
f 556/2065/2065 548/2040/2040 544/2015/2015
f 544/2015/2015 543/2047/2047 556/2065/2065
f 537/2017/2017 543/2047/2047 539/2016/2016
f 543/2047/2047 537/2017/2017 560/2048/2048
f 533/2019/2019 555/2051/2051 564/2050/2050
f 591/2066/2066 561/2041/2041 458/2001/2001
f 460/2036/2036 444/2003/2003 459/1986/1986
f 468/2052/2052 470/2024/2024 475/2067/2067
f 475/2067/2067 470/2024/2024 476/2068/2068
f 476/2068/2068 470/2024/2024 477/2069/2069
f 477/2069/2069 470/2024/2024 478/2025/2025
f 477/2069/2069 478/2025/2025 479/2070/2070
f 479/2070/2070 478/2025/2025 480/2037/2037
f 479/2070/2070 480/2037/2037 481/2053/2053
f 481/2053/2053 482/2026/2026 483/2054/2054
f 483/2054/2054 484/2038/2038 485/2071/2071
f 484/2038/2038 487/2029/2029 486/2055/2055
f 485/2071/2071 484/2038/2038 486/2055/2055
f 489/2072/2072 486/2055/2055 488/2005/2005
f 490/2056/2056 489/2072/2072 488/2005/2005
f 503/2031/2031 496/2057/2057 492/2039/2039
f 496/2057/2057 503/2031/2031 511/670/670
f 2603/617/617 2615/654/654 2921/643/643
f 2192/2032/2032 2187/621/621 2189/692/692
f 2189/692/692 2187/621/621 2181/657/657
f 3005/2058/2058 2995/2006/2006 2999/2073/2073
f 2999/2073/2073 2995/2006/2006 2998/2059/2059
f 2503/675/675 2486/596/596 2504/627/627
f 552/2064/2064 550/2046/2046 574/2074/2074
f 550/2046/2046 548/2040/2040 574/2074/2074
f 556/2065/2065 543/2047/2047 571/2075/2075
f 571/2075/2075 543/2047/2047 560/2048/2048
f 588/2076/2076 560/2048/2048 589/2077/2077
f 560/2048/2048 563/2049/2049 589/2077/2077
f 563/2049/2049 564/2050/2050 611/2078/2078
f 611/2078/2078 564/2050/2050 612/2079/2079
f 564/2050/2050 555/2051/2051 610/2080/2080
f 612/2079/2079 564/2050/2050 610/2080/2080
f 610/2080/2080 555/2051/2051 609/2081/2081
f 609/2081/2081 555/2051/2051 526/2035/2035
f 609/2081/2081 526/2035/2035 561/2041/2041
f 609/2081/2081 561/2041/2041 592/2082/2082
f 561/2041/2041 591/2066/2066 592/2082/2082
f 460/2036/2036 464/2042/2042 465/2083/2083
f 464/2042/2042 468/2052/2052 469/2084/2084
f 469/2084/2084 468/2052/2052 475/2067/2067
f 3029/734/734 3022/2060/2060 3005/2058/2058
f 3033/2044/2044 3022/2060/2060 3029/734/734
f 743/2085/2085 569/2045/2045 558/2063/2063
f 558/2063/2063 552/2064/2064 682/2086/2086
f 682/2086/2086 552/2064/2064 574/2074/2074
f 574/2074/2074 548/2040/2040 582/2087/2087
f 582/2087/2087 548/2040/2040 556/2065/2065
f 571/2075/2075 560/2048/2048 588/2076/2076
f 589/2077/2077 563/2049/2049 611/2078/2078
f 590/2088/2088 591/2066/2066 458/2001/2001
f 456/2002/2002 590/2088/2088 458/2001/2001
f 456/2002/2002 455/2022/2022 442/2089/2089
f 444/2003/2003 460/2036/2036 443/2090/2090
f 2478/664/664 2383/632/632 2348/688/688
f 465/2083/2083 464/2042/2042 466/2091/2091
f 466/2091/2091 464/2042/2042 469/2084/2084
f 597/2092/2092 475/2067/2067 476/2068/2068
f 583/2093/2093 477/2069/2069 479/2070/2070
f 479/2070/2070 481/2053/2053 508/2094/2094
f 508/2094/2094 481/2053/2053 483/2054/2054
f 483/2054/2054 485/2071/2071 502/2095/2095
f 486/2055/2055 489/2072/2072 517/2096/2096
f 518/2097/2097 489/2072/2072 490/2056/2056
f 490/2056/2056 496/2057/2057 586/2098/2098
f 586/2098/2098 496/2057/2057 511/670/670
f 3005/2058/2058 2999/2073/2073 3023/732/732
f 2999/2073/2073 2998/2059/2059 3024/2099/2099
f 3034/2100/2100 3033/2044/2044 3029/734/734
f 3025/2043/2043 3037/2061/2061 3038/2101/2101
f 3030/2102/2102 3025/2043/2043 3038/2101/2101
f 866/2103/2103 865/2062/2062 569/2045/2045
f 2503/675/675 2504/627/627 2526/633/633
f 682/2086/2086 574/2074/2074 763/2104/2104
f 763/2104/2104 574/2074/2074 582/2087/2087
f 582/2087/2087 556/2065/2065 691/2105/2105
f 691/2105/2105 556/2065/2065 571/2075/2075
f 2435/647/647 2437/677/677 2434/634/634
f 759/2106/2106 611/2078/2078 612/2079/2079
f 825/2107/2107 610/2080/2080 609/2081/2081
f 2482/661/661 2531/685/685 2598/722/722
f 592/2082/2082 591/2066/2066 774/2108/2108
f 719/2109/2109 591/2066/2066 590/2088/2088
f 590/2088/2088 456/2002/2002 442/2089/2089
f 442/2089/2089 455/2022/2022 441/2023/2023
f 469/2084/2084 475/2067/2067 597/2092/2092
f 476/2068/2068 477/2069/2069 587/2110/2110
f 477/2069/2069 583/2093/2093 587/2110/2110
f 508/2094/2094 583/2093/2093 479/2070/2070
f 508/2094/2094 483/2054/2054 507/2111/2111
f 507/2111/2111 483/2054/2054 502/2095/2095
f 502/2095/2095 485/2071/2071 501/2112/2112
f 501/2112/2112 485/2071/2071 500/2113/2113
f 485/2071/2071 486/2055/2055 500/2113/2113
f 500/2113/2113 486/2055/2055 516/2114/2114
f 516/2114/2114 486/2055/2055 517/2096/2096
f 518/2097/2097 517/2096/2096 489/2072/2072
f 517/2096/2096 518/2097/2097 820/2115/2115
f 518/2097/2097 490/2056/2056 586/2098/2098
f 764/2116/2116 511/670/670 675/669/669
f 2174/731/731 2182/691/691 2173/656/656
f 2166/659/659 2174/731/731 2173/656/656
f 2174/731/731 2166/659/659 2171/698/698
f 3023/732/732 2999/2073/2073 3024/2099/2099
f 3029/734/734 3005/2058/2058 3023/732/732
f 3024/2099/2099 2998/2059/2059 3025/2043/2043
f 3024/2099/2099 3025/2043/2043 3030/2102/2102
f 2586/673/673 2624/644/644 2945/716/716
f 743/2085/2085 866/2103/2103 569/2045/2045
f 743/2085/2085 558/2063/2063 720/2117/2117
f 720/2117/2117 558/2063/2063 682/2086/2086
f 720/2117/2117 682/2086/2086 767/2118/2118
f 767/2118/2118 682/2086/2086 763/2104/2104
f 786/2119/2119 763/2104/2104 582/2087/2087
f 762/2120/2120 588/2076/2076 760/2121/2121
f 588/2076/2076 589/2077/2077 760/2121/2121
f 589/2077/2077 611/2078/2078 760/2121/2121
f 760/2121/2121 611/2078/2078 759/2106/2106
f 826/2122/2122 612/2079/2079 610/2080/2080
f 825/2107/2107 609/2081/2081 810/2123/2123
f 609/2081/2081 592/2082/2082 775/2124/2124
f 441/2023/2023 444/2003/2003 443/2090/2090
f 465/2083/2083 466/2091/2091 593/2125/2125
f 466/2091/2091 469/2084/2084 726/2126/2126
f 469/2084/2084 597/2092/2092 751/2127/2127
f 587/2110/2110 597/2092/2092 476/2068/2068
f 516/2114/2114 517/2096/2096 819/758/758
f 819/758/758 517/2096/2096 820/2115/2115
f 518/2097/2097 586/2098/2098 844/2128/2128
f 586/2098/2098 511/670/670 764/2116/2116
f 764/2116/2116 675/669/669 811/2129/2129
f 3028/733/733 3023/732/732 3024/2099/2099
f 3034/2100/2100 3029/734/734 3044/2130/2130
f 3030/2102/2102 3038/2101/2101 3043/2131/2131
f 2526/633/633 2545/674/674 2557/699/699
f 786/2119/2119 582/2087/2087 691/2105/2105
f 762/2120/2120 691/2105/2105 571/2075/2075
f 762/2120/2120 571/2075/2075 588/2076/2076
f 864/2132/2132 762/2120/2120 760/2121/2121
f 759/2106/2106 612/2079/2079 826/2122/2122
f 810/2123/2123 609/2081/2081 775/2124/2124
f 774/2108/2108 775/2124/2124 592/2082/2082
f 774/2108/2108 591/2066/2066 719/2109/2109
f 442/2089/2089 441/2023/2023 358/2133/2133
f 358/2133/2133 441/2023/2023 424/2134/2134
f 424/2134/2134 441/2023/2023 443/2090/2090
f 443/2090/2090 460/2036/2036 465/2083/2083
f 593/2125/2125 466/2091/2091 726/2126/2126
f 2477/665/665 2516/709/709 2515/743/743
f 751/2127/2127 726/2126/2126 469/2084/2084
f 2477/665/665 2515/743/743 2484/666/666
f 910/2135/2135 597/2092/2092 587/2110/2110
f 910/2135/2135 587/2110/2110 808/2136/2136
f 587/2110/2110 583/2093/2093 808/2136/2136
f 808/2136/2136 583/2093/2093 807/2137/2137
f 583/2093/2093 508/2094/2094 721/2138/2138
f 508/2094/2094 507/2111/2111 721/2138/2138
f 507/2111/2111 502/2095/2095 696/2139/2139
f 502/2095/2095 501/2112/2112 594/2140/2140
f 501/2112/2112 500/2113/2113 594/2140/2140
f 818/760/760 516/2114/2114 819/758/758
f 820/2115/2115 518/2097/2097 934/2141/2141
f 586/2098/2098 764/2116/2116 844/2128/2128
f 2193/696/696 2182/691/691 2195/2142/2142
f 3032/2143/2143 3024/2099/2099 3030/2102/2102
f 3032/2143/2143 3030/2102/2102 3043/2131/2131
f 2935/717/717 2945/716/716 2988/2144/2144
f 863/2145/2145 866/2103/2103 743/2085/2085
f 985/2146/2146 866/2103/2103 863/2145/2145
f 2586/673/673 2935/717/717 2621/718/718
f 863/2145/2145 743/2085/2085 720/2117/2117
f 863/2145/2145 720/2117/2117 901/2147/2147
f 2513/700/700 2503/675/675 2557/699/699
f 928/2148/2148 767/2118/2118 763/2104/2104
f 915/2149/2149 763/2104/2104 786/2119/2119
f 759/2106/2106 826/2122/2122 917/2150/2150
f 826/2122/2122 610/2080/2080 825/2107/2107
f 876/2151/2151 810/2123/2123 775/2124/2124
f 876/2151/2151 775/2124/2124 868/2152/2152
f 590/2088/2088 442/2089/2089 357/2153/2153
f 2362/638/638 2360/686/686 2339/708/708
f 2361/663/663 2339/708/708 2347/687/687
f 751/2127/2127 597/2092/2092 910/2135/2135
f 807/2137/2137 583/2093/2093 721/2138/2138
f 721/2138/2138 507/2111/2111 696/2139/2139
f 696/2139/2139 502/2095/2095 594/2140/2140
f 2525/689/689 2559/726/726 2558/727/727
f 500/2113/2113 516/2114/2114 734/2154/2154
f 734/2154/2154 516/2114/2114 818/760/760
f 934/2141/2141 819/758/758 820/2115/2115
f 844/2128/2128 934/2141/2141 518/2097/2097
f 764/2116/2116 811/2129/2129 907/2155/2155
f 2186/744/744 2195/2142/2142 2182/691/691
f 3028/733/733 3024/2099/2099 3032/2143/2143
f 3044/2130/2130 3029/734/734 3040/2156/2156
f 3040/2156/2156 3029/734/734 3028/733/733
f 901/2147/2147 720/2117/2117 882/2157/2157
f 882/2157/2157 720/2117/2117 767/2118/2118
f 882/2157/2157 767/2118/2118 928/2148/2148
f 928/2148/2148 763/2104/2104 951/2158/2158
f 786/2119/2119 691/2105/2105 843/2159/2159
f 843/2159/2159 691/2105/2105 762/2120/2120
f 843/2159/2159 762/2120/2120 864/2132/2132
f 908/2160/2160 864/2132/2132 760/2121/2121
f 978/2161/2161 864/2132/2132 908/2160/2160
f 760/2121/2121 759/2106/2106 917/2150/2150
f 826/2122/2122 825/2107/2107 926/2162/2162
f 2530/680/680 2597/740/740 2596/721/721
f 825/2107/2107 810/2123/2123 876/2151/2151
f 868/2152/2152 775/2124/2124 774/2108/2108
f 719/2109/2109 590/2088/2088 364/2163/2163
f 780/2164/2164 593/2125/2125 726/2126/2126
f 726/2126/2126 751/2127/2127 942/2165/2165
f 976/2166/2166 751/2127/2127 910/2135/2135
f 1233/2167/2167 1264/2168/2168 1235/2169/2169
f 734/2154/2154 594/2140/2140 500/2113/2113
f 957/759/759 819/758/758 934/2141/2141
f 949/2170/2170 844/2128/2128 764/2116/2116
f 3040/2156/2156 3028/733/733 3041/2171/2171
f 3045/2172/2172 3032/2143/2143 3043/2131/2131
f 989/2173/2173 985/2146/2146 863/2145/2145
f 2621/718/718 2935/717/717 2933/765/765
f 951/2158/2158 763/2104/2104 952/2174/2174
f 952/2174/2174 763/2104/2104 915/2149/2149
f 952/2174/2174 915/2149/2149 786/2119/2119
f 952/2174/2174 786/2119/2119 932/2175/2175
f 2533/735/735 2906/746/746 2920/769/769
f 932/2175/2175 786/2119/2119 843/2159/2159
f 2527/736/736 2533/735/735 2920/769/769
f 933/2176/2176 932/2175/2175 843/2159/2159
f 843/2159/2159 864/2132/2132 927/2177/2177
f 2576/738/738 2571/720/720 2918/771/771
f 909/2178/2178 908/2160/2160 760/2121/2121
f 909/2178/2178 760/2121/2121 917/2150/2150
f 917/2150/2150 826/2122/2122 918/2179/2179
f 826/2122/2122 926/2162/2162 918/2179/2179
f 926/2162/2162 825/2107/2107 876/2151/2151
f 987/2180/2180 926/2162/2162 876/2151/2151
f 868/2152/2152 774/2108/2108 867/2181/2181
f 2594/777/777 2567/706/706 2891/776/776
f 774/2108/2108 719/2109/2109 371/2182/2182
f 2360/686/686 2534/707/707 2359/791/791
f 364/2163/2163 590/2088/2088 357/2153/2153
f 357/2153/2153 442/2089/2089 358/2133/2133
f 443/2090/2090 465/2083/2083 593/2125/2125
f 2516/709/709 2517/723/723 2887/817/817
f 2516/709/709 2901/779/779 2554/742/742
f 941/2183/2183 726/2126/2126 942/2165/2165
f 942/2165/2165 751/2127/2127 976/2166/2166
f 1236/2184/2184 1234/2185/2185 1202/2186/2186
f 1201/2187/2187 1202/2186/2186 1234/2185/2185
f 1201/2187/2187 1234/2185/2185 1233/2167/2167
f 1212/2188/2188 1201/2187/2187 1233/2167/2167
f 1235/2169/2169 1212/2188/2188 1233/2167/2167
f 1235/2169/2169 1264/2168/2168 1230/2189/2189
f 966/2190/2190 807/2137/2137 721/2138/2138
f 696/2139/2139 841/2191/2191 721/2138/2138
f 841/2191/2191 696/2139/2139 594/2140/2140
f 841/2191/2191 594/2140/2140 846/2192/2192
f 594/2140/2140 734/2154/2154 846/2192/2192
f 874/2193/2193 734/2154/2154 818/760/760
f 934/2141/2141 844/2128/2128 949/2170/2170
f 2585/713/713 2895/762/762 2875/729/729
f 949/2170/2170 764/2116/2116 961/2194/2194
f 764/2116/2116 907/2155/2155 961/2194/2194
f 1228/844/844 1281/2195/2195 1241/830/830
f 1241/830/830 1281/2195/2195 1285/2196/2196
f 2183/730/730 2194/802/802 2186/744/744
f 3042/2197/2197 3032/2143/2143 3045/2172/2172
f 1408/831/831 1419/2198/2198 1407/2199/2199
f 1418/2200/2200 1428/2201/2201 1423/2202/2202
f 1415/803/803 1419/2198/2198 1408/831/831
f 998/2203/2203 989/2173/2173 901/2147/2147
f 901/2147/2147 989/2173/2173 863/2145/2145
f 1394/2204/2204 1399/787/787 1381/789/789
f 1394/2204/2204 1381/789/789 1376/2205/2205
f 1394/2204/2204 1376/2205/2205 1388/2206/2206
f 1405/2207/2207 1394/2204/2204 1388/2206/2206
f 1392/2208/2208 1405/2207/2207 1388/2206/2206
f 977/2209/2209 933/2176/2176 843/2159/2159
f 927/2177/2177 977/2209/2209 843/2159/2159
f 969/2210/2210 927/2177/2177 864/2132/2132
f 969/2210/2210 864/2132/2132 978/2161/2161
f 909/2178/2178 978/2161/2161 908/2160/2160
f 909/2178/2178 917/2150/2150 918/2179/2179
f 1411/2211/2211 1404/775/775 1391/2212/2212
f 987/2180/2180 918/2179/2179 926/2162/2162
f 1411/2211/2211 1391/2212/2212 1386/2213/2213
f 1339/2214/2214 1425/2215/2215 1330/2216/2216
f 2596/721/721 2915/748/748 2940/2217/2217
f 2910/749/749 2596/721/721 2940/2217/2217
f 867/2181/2181 774/2108/2108 371/2182/2182
f 371/2182/2182 719/2109/2109 364/2163/2163
f 2346/741/741 2347/687/687 2337/792/792
f 424/2134/2134 443/2090/2090 520/2218/2218
f 2516/709/709 2887/817/817 2901/779/779
f 780/2164/2164 726/2126/2126 941/2183/2183
f 937/2219/2219 780/2164/2164 941/2183/2183
f 1190/2220/2220 1202/2186/2186 1201/2187/2187
f 1190/2220/2220 1201/2187/2187 1189/2221/2221
f 1193/2222/2222 1189/2221/2221 1201/2187/2187
f 1193/2222/2222 1201/2187/2187 1212/2188/2188
f 1194/2223/2223 1193/2222/2222 1203/2224/2224
f 1203/2224/2224 1193/2222/2222 1212/2188/2188
f 1203/2224/2224 1212/2188/2188 1235/2169/2169
f 1203/2224/2224 1235/2169/2169 1217/2225/2225
f 1217/2225/2225 1235/2169/2169 1230/2189/2189
f 2623/754/754 2959/2226/2226 2938/782/782
f 2622/755/755 2623/754/754 2938/782/782
f 966/2190/2190 721/2138/2138 841/2191/2191
f 2620/756/756 2938/782/782 2943/783/783
f 734/2154/2154 874/2193/2193 846/2192/2192
f 958/2227/2227 874/2193/2193 818/760/760
f 958/2227/2227 818/760/760 957/759/759
f 1239/2228/2228 1261/2229/2229 1216/2230/2230
f 1262/828/828 1241/830/830 1285/2196/2196
f 3041/2171/2171 3028/733/733 3032/2143/2143
f 3041/2171/2171 3032/2143/2143 3042/2197/2197
f 1379/832/832 1407/2199/2199 1395/2231/2231
f 1408/831/831 1407/2199/2199 1379/832/832
f 1418/2200/2200 1423/2202/2202 1342/2232/2232
f 1378/804/804 1415/803/803 1408/831/831
f 2948/806/806 2557/699/699 2933/765/765
f 981/2233/2233 901/2147/2147 882/2157/2157
f 928/2148/2148 981/2233/2233 882/2157/2157
f 2947/807/807 2605/766/766 2557/699/699
f 928/2148/2148 951/2158/2158 990/2234/2234
f 1388/2206/2206 1376/2205/2205 1375/2235/2235
f 1340/2236/2236 1422/2237/2237 1332/2238/2238
f 1332/2238/2238 1422/2237/2237 1346/2239/2239
f 1388/2206/2206 1375/2235/2235 1370/835/835
f 1392/2208/2208 1388/2206/2206 1370/835/835
f 1392/2208/2208 1370/835/835 1372/2240/2240
f 1334/809/809 1341/2241/2241 1424/810/810
f 1403/2242/2242 1392/2208/2208 1372/2240/2240
f 1403/2242/2242 1372/2240/2240 1389/2243/2243
f 1403/2242/2242 1389/2243/2243 1393/790/790
f 1344/2244/2244 1335/2245/2245 1345/808/808
f 1336/2246/2246 1344/2244/2244 1421/2247/2247
f 1404/775/775 1387/774/774 1383/2248/2248
f 1336/2246/2246 1421/2247/2247 1420/2249/2249
f 1333/2250/2250 1336/2246/2246 1420/2249/2249
f 1391/2212/2212 1404/775/775 1383/2248/2248
f 1391/2212/2212 1383/2248/2248 1384/2251/2251
f 1339/2214/2214 1333/2250/2250 1420/2249/2249
f 1391/2212/2212 1384/2251/2251 1385/2252/2252
f 1386/2213/2213 1391/2212/2212 1385/2252/2252
f 1409/2253/2253 1330/2216/2216 1425/2215/2215
f 979/2254/2254 876/2151/2151 868/2152/2152
f 979/2254/2254 868/2152/2152 867/2181/2181
f 367/2255/2255 371/2182/2182 364/2163/2163
f 520/2218/2218 443/2090/2090 593/2125/2125
f 593/2125/2125 780/2164/2164 779/2256/2256
f 1271/821/821 1248/820/820 1227/2257/2257
f 1213/2258/2258 1237/2259/2259 1236/2184/2184
f 1246/2260/2260 1271/821/821 1227/2257/2257
f 1195/2261/2261 1213/2258/2258 1202/2186/2186
f 1213/2258/2258 1236/2184/2184 1202/2186/2186
f 1179/2262/2262 1195/2261/2261 1188/2263/2263
f 1195/2261/2261 1202/2186/2186 1190/2220/2220
f 1188/2263/2263 1195/2261/2261 1190/2220/2220
f 1179/2262/2262 1188/2263/2263 1178/2264/2264
f 1178/2264/2264 1188/2263/2263 1190/2220/2220
f 1189/2221/2221 1178/2264/2264 1190/2220/2220
f 1175/2265/2265 1193/2222/2222 1194/2223/2223
f 1174/2266/2266 1194/2223/2223 1203/2224/2224
f 2959/2226/2226 2623/754/754 2958/795/795
f 1198/2267/2267 1203/2224/2224 1217/2225/2225
f 1273/2268/2268 1272/824/824 1258/826/826
f 1273/2268/2268 1258/826/826 1243/2269/2269
f 1211/2270/2270 1230/2189/2189 1259/2271/2271
f 1270/2272/2272 1273/2268/2268 1243/2269/2269
f 1242/798/798 1211/2270/2270 1259/2271/2271
f 1270/2272/2272 1243/2269/2269 1245/2273/2273
f 1204/2274/2274 1242/798/798 1219/797/797
f 1270/2272/2272 1245/2273/2273 1250/2275/2275
f 1219/797/797 1260/796/796 1214/2276/2276
f 2619/757/757 2943/783/783 2942/827/827
f 2619/757/757 2942/827/827 2618/761/761
f 1240/2277/2277 1216/2230/2230 1261/2229/2229
f 1240/2277/2277 1261/2229/2229 1231/2278/2278
f 1261/2229/2229 1265/2279/2279 1231/2278/2278
f 1231/2278/2278 1265/2279/2279 1228/844/844
f 1286/2280/2280 1276/2281/2281 1267/2282/2282
f 1365/2283/2283 1395/2231/2231 1380/2284/2284
f 1342/2232/2232 1380/2284/2284 1418/2200/2200
f 1379/832/832 1395/2231/2231 1365/2283/2283
f 1338/2285/2285 1342/2232/2232 1423/2202/2202
f 998/2203/2203 901/2147/2147 981/2233/2233
f 1414/805/805 1378/804/804 1390/2286/2286
f 990/2234/2234 981/2233/2233 928/2148/2148
f 1399/787/787 1401/2287/2287 1374/788/788
f 990/2234/2234 951/2158/2158 952/2174/2174
f 1381/789/789 1374/788/788 1369/2288/2288
f 1376/2205/2205 1381/789/789 1369/2288/2288
f 1315/2289/2289 1329/2290/2290 1340/2236/2236
f 1376/2205/2205 1369/2288/2288 1359/2291/2291
f 1375/2235/2235 1376/2205/2205 1359/2291/2291
f 1315/2289/2289 1340/2236/2236 1332/2238/2238
f 1375/2235/2235 1359/2291/2291 1360/833/833
f 1370/835/835 1375/2235/2235 1360/833/833
f 1317/2292/2292 1332/2238/2238 1341/2241/2241
f 1341/2241/2241 1332/2238/2238 1346/2239/2239
f 1317/2292/2292 1341/2241/2241 1334/809/809
f 1389/2243/2243 1372/2240/2240 1371/2293/2293
f 1335/2245/2245 1334/809/809 1345/808/808
f 1393/790/790 1389/2243/2243 1371/2293/2293
f 1393/790/790 1371/2293/2293 1377/811/811
f 1326/2294/2294 1335/2245/2245 1344/2244/2244
f 1387/774/774 1377/811/811 1367/2295/2295
f 1336/2246/2246 1326/2294/2294 1344/2244/2244
f 1387/774/774 1367/2295/2295 1368/2296/2296
f 1383/2248/2248 1387/774/774 1368/2296/2296
f 1325/2297/2297 1336/2246/2246 1333/2250/2250
f 1325/2297/2297 1333/2250/2250 1301/847/847
f 1383/2248/2248 1368/2296/2296 1352/2298/2298
f 1301/847/847 1333/2250/2250 1323/2299/2299
f 1384/2251/2251 1383/2248/2248 1352/2298/2298
f 1384/2251/2251 1352/2298/2298 1366/2300/2300
f 1323/2299/2299 1333/2250/2250 1339/2214/2214
f 1385/2252/2252 1384/2251/2251 1366/2300/2300
f 1324/2301/2301 1323/2299/2299 1339/2214/2214
f 1385/2252/2252 1366/2300/2300 1358/2302/2302
f 1324/2301/2301 1339/2214/2214 1330/2216/2216
f 1386/2213/2213 1385/2252/2252 1358/2302/2302
f 1386/2213/2213 1358/2302/2302 1373/2303/2303
f 1400/812/812 1386/2213/2213 1373/2303/2303
f 367/2255/2255 364/2163/2163 360/2304/2304
f 750/2305/2305 593/2125/2125 779/2256/2256
f 779/2256/2256 780/2164/2164 937/2219/2219
f 1275/819/819 1268/870/870 1248/820/820
f 1237/2259/2259 1213/2258/2258 1238/2306/2306
f 1248/820/820 1218/839/839 1227/2257/2257
f 1227/2257/2257 1218/839/839 1182/2307/2307
f 1209/2308/2308 1213/2258/2258 1195/2261/2261
f 1182/2307/2307 1206/2309/2309 1183/2310/2310
f 1183/2310/2310 1209/2308/2308 1195/2261/2261
f 1246/2260/2260 1227/2257/2257 1181/2311/2311
f 1181/2311/2311 1227/2257/2257 1182/2307/2307
f 1179/2262/2262 1183/2310/2310 1195/2261/2261
f 1181/2311/2311 1182/2307/2307 1179/2262/2262
f 1179/2262/2262 1182/2307/2307 1183/2310/2310
f 1177/2312/2312 1179/2262/2262 1178/2264/2264
f 1246/2260/2260 1181/2311/2311 1180/2313/2313
f 1180/2313/2313 1181/2311/2311 1179/2262/2262
f 1180/2313/2313 1179/2262/2262 1177/2312/2312
f 1176/2314/2314 1177/2312/2312 1178/2264/2264
f 1176/2314/2314 1178/2264/2264 1189/2221/2221
f 1255/822/822 1246/2260/2260 1180/2313/2313
f 1180/2313/2313 1177/2312/2312 1166/2315/2315
f 1175/2265/2265 1176/2314/2314 1189/2221/2221
f 1175/2265/2265 1189/2221/2221 1193/2222/2222
f 1255/822/822 1180/2313/2313 1222/823/823
f 1174/2266/2266 1203/2224/2224 1198/2267/2267
f 1258/826/826 1232/825/825 1244/2316/2316
f 1198/2267/2267 1217/2225/2225 1199/2317/2317
f 1199/2317/2317 1217/2225/2225 1230/2189/2189
f 1199/2317/2317 1230/2189/2189 1211/2270/2270
f 1243/2269/2269 1258/826/826 1244/2316/2316
f 1204/2274/2274 1211/2270/2270 1242/798/798
f 1204/2274/2274 1219/797/797 1196/2318/2318
f 1219/797/797 1214/2276/2276 1196/2318/2318
f 1197/2319/2319 1214/2276/2276 1239/2228/2228
f 1216/2230/2230 1197/2319/2319 1239/2228/2228
f 2909/799/799 2942/827/827 2944/2320/2320
f 1276/2281/2281 1282/842/842 1249/841/841
f 1276/2281/2281 1249/841/841 1229/2321/2321
f 1267/2282/2282 1276/2281/2281 1229/2321/2321
f 1267/2282/2282 1229/2321/2321 1251/2322/2322
f 1251/2322/2322 1221/829/829 1262/828/828
f 1343/2323/2323 1380/2284/2284 1342/2232/2232
f 1365/2283/2283 1380/2284/2284 1343/2323/2323
f 1378/804/804 1379/832/832 1365/2283/2283
f 1328/2324/2324 1343/2323/2323 1342/2232/2232
f 1328/2324/2324 1342/2232/2232 1338/2285/2285
f 1331/2325/2325 1328/2324/2324 1338/2285/2285
f 1331/2325/2325 1338/2285/2285 1337/2326/2326
f 1390/2286/2286 1378/804/804 1361/865/865
f 1382/2327/2327 1390/2286/2286 1361/865/865
f 1401/2287/2287 1382/2327/2327 1374/788/788
f 1369/2288/2288 1374/788/788 1357/2328/2328
f 1369/2288/2288 1357/2328/2328 1348/2329/2329
f 1369/2288/2288 1348/2329/2329 1359/2291/2291
f 1348/2329/2329 1310/2330/2330 1347/2331/2331
f 1359/2291/2291 1348/2329/2329 1347/2331/2331
f 1309/2332/2332 1313/2333/2333 1295/2334/2334
f 1295/2334/2334 1313/2333/2333 1315/2289/2289
f 1315/2289/2289 1313/2333/2333 1329/2290/2290
f 1347/2331/2331 1310/2330/2330 1294/2335/2335
f 1294/2335/2335 1295/2334/2334 1293/2336/2336
f 1293/2336/2336 1295/2334/2334 1315/2289/2289
f 1359/2291/2291 1347/2331/2331 1360/833/833
f 1360/833/833 1347/2331/2331 1292/2337/2337
f 1292/2337/2337 1347/2331/2331 1294/2335/2335
f 1316/2338/2338 1315/2289/2289 1332/2238/2238
f 1292/2337/2337 1294/2335/2335 1293/2336/2336
f 1293/2336/2336 1315/2289/2289 1316/2338/2338
f 1360/833/833 1292/2337/2337 1355/834/834
f 1299/2339/2339 1293/2336/2336 1316/2338/2338
f 1299/2339/2339 1316/2338/2338 1317/2292/2292
f 1317/2292/2292 1316/2338/2338 1332/2238/2238
f 1370/835/835 1355/834/834 1356/2340/2340
f 1355/834/834 1288/2341/2341 1356/2340/2340
f 1372/2240/2240 1370/835/835 1356/2340/2340
f 1372/2240/2240 1356/2340/2340 1371/2293/2293
f 1300/2342/2342 1299/2339/2339 1317/2292/2292
f 1300/2342/2342 1317/2292/2292 1314/2343/2343
f 1314/2343/2343 1317/2292/2292 1334/809/809
f 1314/2343/2343 1334/809/809 1335/2245/2245
f 1371/2293/2293 1356/2340/2340 1354/2344/2344
f 1326/2294/2294 1314/2343/2343 1335/2245/2245
f 1377/811/811 1371/2293/2293 1354/2344/2344
f 1377/811/811 1354/2344/2344 1367/2295/2295
f 1308/2345/2345 1314/2343/2343 1326/2294/2294
f 1367/2295/2295 1354/2344/2344 1349/2346/2346
f 1325/2297/2297 1308/2345/2345 1326/2294/2294
f 1325/2297/2297 1326/2294/2294 1336/2246/2246
f 1351/2347/2347 1367/2295/2295 1349/2346/2346
f 1368/2296/2296 1367/2295/2295 1351/2347/2347
f 1301/847/847 1308/2345/2345 1325/2297/2297
f 1368/2296/2296 1351/2347/2347 1352/2298/2298
f 1352/2298/2298 1351/2347/2347 1298/846/846
f 1352/2298/2298 1298/846/846 1303/2348/2348
f 1303/2348/2348 1298/846/846 1302/845/845
f 1305/2349/2349 1301/847/847 1323/2299/2299
f 1302/845/845 1301/847/847 1305/2349/2349
f 1350/2350/2350 1352/2298/2298 1303/2348/2348
f 1366/2300/2300 1352/2298/2298 1350/2350/2350
f 1303/2348/2348 1302/845/845 1304/2351/2351
f 1304/2351/2351 1302/845/845 1305/2349/2349
f 1350/2350/2350 1303/2348/2348 1304/2351/2351
f 1306/2352/2352 1305/2349/2349 1323/2299/2299
f 1304/2351/2351 1305/2349/2349 1306/2352/2352
f 1366/2300/2300 1350/2350/2350 1358/2302/2302
f 1306/2352/2352 1323/2299/2299 1324/2301/2301
f 1350/2350/2350 1304/2351/2351 1307/2353/2353
f 1358/2302/2302 1350/2350/2350 1307/2353/2353
f 1307/2353/2353 1304/2351/2351 1306/2352/2352
f 1312/2354/2354 1307/2353/2353 1311/2355/2355
f 1311/2355/2355 1307/2353/2353 1306/2352/2352
f 1311/2355/2355 1306/2352/2352 1324/2301/2301
f 1358/2302/2302 1307/2353/2353 1312/2354/2354
f 1311/2355/2355 1324/2301/2301 1330/2216/2216
f 1373/2303/2303 1358/2302/2302 1364/2356/2356
f 1358/2302/2302 1312/2354/2354 1364/2356/2356
f 1311/2355/2355 1330/2216/2216 1363/2357/2357
f 1363/2357/2357 1330/2216/2216 1409/2253/2253
f 1400/812/812 1373/2303/2303 1406/813/813
f 979/2254/2254 867/2181/2181 974/2358/2358
f 974/2358/2358 867/2181/2181 371/2182/2182
f 360/2304/2304 364/2163/2163 357/2153/2153
f 357/2153/2153 358/2133/2133 355/2359/2359
f 355/2359/2359 358/2133/2133 424/2134/2134
f 355/2359/2359 424/2134/2134 413/2360/2360
f 413/2360/2360 424/2134/2134 520/2218/2218
f 520/2218/2218 593/2125/2125 750/2305/2305
f 1252/880/880 1263/2361/2361 1238/2306/2306
f 1248/820/820 1268/870/870 1220/838/838
f 1225/2362/2362 1238/2306/2306 1213/2258/2258
f 1218/839/839 1220/838/838 1207/850/850
f 1182/2307/2307 1218/839/839 1207/850/850
f 1206/2309/2309 1207/850/850 1210/852/852
f 1206/2309/2309 1210/852/852 1183/2310/2310
f 1183/2310/2310 1210/852/852 1209/2308/2308
f 1182/2307/2307 1207/850/850 1206/2309/2309
f 1177/2312/2312 1176/2314/2314 1166/2315/2315
f 1166/2315/2315 1176/2314/2314 1175/2265/2265
f 1166/2315/2315 1175/2265/2265 1165/2363/2363
f 1165/2363/2363 1175/2265/2265 1194/2223/2223
f 1222/823/823 1180/2313/2313 1166/2315/2315
f 1222/823/823 1166/2315/2315 1164/2364/2364
f 1164/2364/2364 1166/2315/2315 1165/2363/2363
f 1165/2363/2363 1194/2223/2223 1174/2266/2266
f 1155/2365/2365 1164/2364/2364 1165/2363/2363
f 1155/2365/2365 1165/2363/2363 1174/2266/2266
f 1232/825/825 1222/823/823 1164/2364/2364
f 1155/2365/2365 1174/2266/2266 1153/2366/2366
f 1153/2366/2366 1174/2266/2266 1198/2267/2267
f 1232/825/825 1164/2364/2364 1169/855/855
f 1244/2316/2316 1232/825/825 1169/855/855
f 1164/2364/2364 1155/2365/2365 1152/853/853
f 1169/855/855 1164/2364/2364 1152/853/853
f 1152/853/853 1155/2365/2365 1153/2366/2366
f 1153/2366/2366 1198/2267/2267 1199/2317/2317
f 1192/2367/2367 1153/2366/2366 1199/2317/2317
f 1153/2366/2366 1192/2367/2367 1154/2368/2368
f 1169/855/855 1156/854/854 1158/2369/2369
f 1192/2367/2367 1199/2317/2317 1211/2270/2270
f 1243/2269/2269 1244/2316/2316 1169/855/855
f 1154/2368/2368 1192/2367/2367 1191/2370/2370
f 1243/2269/2269 1169/855/855 1168/856/856
f 1168/856/856 1169/855/855 1158/2369/2369
f 1191/2370/2370 1192/2367/2367 1204/2274/2274
f 1204/2274/2274 1192/2367/2367 1211/2270/2270
f 1191/2370/2370 1204/2274/2274 1196/2318/2318
f 1168/856/856 1158/2369/2369 1159/857/857
f 1245/2273/2273 1243/2269/2269 1168/856/856
f 1161/2371/2371 1160/2372/2372 1196/2318/2318
f 1160/2372/2372 1191/2370/2370 1196/2318/2318
f 1245/2273/2273 1168/856/856 1167/858/858
f 1250/2275/2275 1245/2273/2273 1167/858/858
f 1196/2318/2318 1214/2276/2276 1197/2319/2319
f 1161/2371/2371 1196/2318/2318 1197/2319/2319
f 1163/2373/2373 1161/2371/2371 1197/2319/2319
f 1250/2275/2275 1167/858/858 1171/2374/2374
f 1257/2375/2375 1250/2275/2275 1171/2374/2374
f 1257/2375/2375 1171/2374/2374 1184/859/859
f 1163/2373/2373 1197/2319/2319 1173/2376/2376
f 1173/2376/2376 1197/2319/2319 1216/2230/2230
f 1215/2377/2377 1173/2376/2376 1216/2230/2230
f 1269/861/861 1257/2375/2375 1184/859/859
f 1215/2377/2377 1216/2230/2230 1240/2277/2277
f 1215/2377/2377 1240/2277/2277 1231/2278/2278
f 1208/2378/2378 1215/2377/2377 1231/2278/2278
f 1274/840/840 1269/861/861 1226/860/860
f 1249/841/841 1274/840/840 1247/862/862
f 1228/844/844 1208/2378/2378 1231/2278/2278
f 1200/843/843 1208/2378/2378 1228/844/844
f 1249/841/841 1205/2379/2379 1229/2321/2321
f 1229/2321/2321 1205/2379/2379 1221/829/829
f 1221/829/829 1200/843/843 1241/830/830
f 1251/2322/2322 1229/2321/2321 1221/829/829
f 1327/863/863 1365/2283/2283 1343/2323/2323
f 1378/804/804 1365/2283/2283 1327/863/863
f 1327/863/863 1343/2323/2323 1328/2324/2324
f 1327/863/863 1328/2324/2324 1322/2380/2380
f 1361/865/865 1378/804/804 1327/863/863
f 1322/2380/2380 1328/2324/2324 1331/2325/2325
f 1322/2380/2380 1331/2325/2325 1320/2381/2381
f 1353/2382/2382 1361/865/865 1321/864/864
f 1320/2381/2381 1331/2325/2325 1337/2326/2326
f 1382/2327/2327 1361/865/865 1353/2382/2382
f 1374/788/788 1382/2327/2327 1353/2382/2382
f 1374/788/788 1353/2382/2382 1357/2328/2328
f 1320/2381/2381 1337/2326/2326 1329/2290/2290
f 1357/2328/2328 1353/2382/2382 1319/2383/2383
f 1318/2384/2384 1320/2381/2381 1329/2290/2290
f 1348/2329/2329 1357/2328/2328 1319/2383/2383
f 1309/2332/2332 1318/2384/2384 1313/2333/2333
f 1313/2333/2333 1318/2384/2384 1329/2290/2290
f 1319/2383/2383 1318/2384/2384 1309/2332/2332
f 1348/2329/2329 1319/2383/2383 1310/2330/2330
f 1310/2330/2330 1319/2383/2383 1309/2332/2332
f 1294/2335/2335 1310/2330/2330 1309/2332/2332
f 1294/2335/2335 1309/2332/2332 1295/2334/2334
f 1292/2337/2337 1293/2336/2336 1291/2385/2385
f 1355/834/834 1292/2337/2337 1288/2341/2341
f 1288/2341/2341 1292/2337/2337 1291/2385/2385
f 1291/2385/2385 1293/2336/2336 1299/2339/2339
f 1287/2386/2386 1356/2340/2340 1288/2341/2341
f 1287/2386/2386 1288/2341/2341 1289/2387/2387
f 1288/2341/2341 1291/2385/2385 1289/2387/2387
f 1289/2387/2387 1291/2385/2385 1299/2339/2339
f 1289/2387/2387 1299/2339/2339 1300/2342/2342
f 1354/2344/2344 1356/2340/2340 1287/2386/2386
f 1296/2388/2388 1289/2387/2387 1300/2342/2342
f 1296/2388/2388 1300/2342/2342 1314/2343/2343
f 1354/2344/2344 1287/2386/2386 1290/2389/2389
f 1290/2389/2389 1287/2386/2386 1289/2387/2387
f 1290/2389/2389 1289/2387/2387 1296/2388/2388
f 1349/2346/2346 1354/2344/2344 1290/2389/2389
f 1296/2388/2388 1314/2343/2343 1308/2345/2345
f 1290/2389/2389 1296/2388/2388 1297/2390/2390
f 1297/2390/2390 1296/2388/2388 1308/2345/2345
f 1349/2346/2346 1290/2389/2389 1298/846/846
f 1298/846/846 1290/2389/2389 1297/2390/2390
f 1351/2347/2347 1349/2346/2346 1298/846/846
f 1298/846/846 1297/2390/2390 1301/847/847
f 1301/847/847 1297/2390/2390 1308/2345/2345
f 1362/2391/2391 1312/2354/2354 1311/2355/2355
f 1364/2356/2356 1312/2354/2354 1362/2391/2391
f 1362/2391/2391 1311/2355/2355 1363/2357/2357
f 1363/2357/2357 1409/2253/2253 1426/2392/2392
f 1373/2303/2303 1364/2356/2356 1396/874/874
f 1426/2392/2392 1409/2253/2253 1427/2393/2393
f 1373/2303/2303 1396/874/874 1398/2394/2394
f 1406/813/813 1373/2303/2303 1398/2394/2394
f 1417/836/836 1406/813/813 1398/2394/2394
f 360/2304/2304 357/2153/2153 354/2395/2395
f 354/2395/2395 357/2153/2153 355/2359/2359
f 936/2396/2396 779/2256/2256 937/2219/2219
f 1268/870/870 1256/869/869 1220/838/838
f 1220/838/838 1256/869/869 1254/871/871
f 1225/2362/2362 1252/880/880 1238/2306/2306
f 1207/850/850 1220/838/838 1224/851/851
f 1223/878/878 1225/2362/2362 1213/2258/2258
f 1209/2308/2308 1223/878/878 1213/2258/2258
f 1210/852/852 1224/851/851 1223/878/878
f 1210/852/852 1223/878/878 1209/2308/2308
f 1152/853/853 1153/2366/2366 1154/2368/2368
f 1156/854/854 1152/853/853 1154/2368/2368
f 1156/854/854 1154/2368/2368 1157/2397/2397
f 1158/2369/2369 1156/854/854 1157/2397/2397
f 1157/2397/2397 1154/2368/2368 1191/2370/2370
f 1159/857/857 1158/2369/2369 1157/2397/2397
f 1160/2372/2372 1157/2397/2397 1191/2370/2370
f 1159/857/857 1157/2397/2397 1160/2372/2372
f 1159/857/857 1160/2372/2372 1161/2371/2371
f 1162/2398/2398 1159/857/857 1161/2371/2371
f 1167/858/858 1159/857/857 1162/2398/2398
f 1162/2398/2398 1161/2371/2371 1163/2373/2373
f 1167/858/858 1162/2398/2398 1170/2399/2399
f 1171/2374/2374 1167/858/858 1170/2399/2399
f 1162/2398/2398 1163/2373/2373 1170/2399/2399
f 1170/2399/2399 1163/2373/2373 1173/2376/2376
f 1170/2399/2399 1173/2376/2376 1186/2400/2400
f 1171/2374/2374 1170/2399/2399 1172/2401/2401
f 1171/2374/2374 1172/2401/2401 1184/859/859
f 1170/2399/2399 1186/2400/2400 1172/2401/2401
f 1186/2400/2400 1173/2376/2376 1215/2377/2377
f 1226/860/860 1184/859/859 1185/2402/2402
f 1186/2400/2400 1215/2377/2377 1208/2378/2378
f 1247/862/862 1226/860/860 1185/2402/2402
f 1187/2403/2403 1186/2400/2400 1208/2378/2378
f 1247/862/862 1185/2402/2402 1249/841/841
f 1249/841/841 1185/2402/2402 1205/2379/2379
f 1205/2379/2379 1185/2402/2402 1200/843/843
f 1200/843/843 1185/2402/2402 1187/2403/2403
f 1187/2403/2403 1208/2378/2378 1200/843/843
f 1205/2379/2379 1200/843/843 1221/829/829
f 1321/864/864 1327/863/863 1322/2380/2380
f 1321/864/864 1322/2380/2380 1320/2381/2381
f 1353/2382/2382 1321/864/864 1319/2383/2383
f 1319/2383/2383 1321/864/864 1320/2381/2381
f 1319/2383/2383 1320/2381/2381 1318/2384/2384
f 1396/874/874 1364/2356/2356 1397/872/872
f 1364/2356/2356 1362/2391/2391 1397/872/872
f 1397/872/872 1362/2391/2391 1402/2404/2404
f 1402/2404/2404 1362/2391/2391 1363/2357/2357
f 1402/2404/2404 1363/2357/2357 1426/2392/2392
f 1013/2405/2405 974/2358/2358 975/2406/2406
f 2868/815/815 2986/2407/2407 2985/875/875
f 750/2305/2305 779/2256/2256 936/2396/2396
f 1224/851/851 1253/879/879 1223/878/878
f 1223/878/878 1252/880/880 1225/2362/2362
f 1185/2402/2402 1184/859/859 1172/2401/2401
f 1185/2402/2402 1172/2401/2401 1186/2400/2400
f 1185/2402/2402 1186/2400/2400 1187/2403/2403
f 1413/2408/2408 1397/872/872 1402/2404/2404
f 1398/2394/2394 1396/874/874 1412/873/873
f 1524/890/890 1541/2409/2409 1523/888/888
f 975/2406/2406 974/2358/2358 371/2182/2182
f 1539/2410/2410 1541/2409/2409 1524/890/890
f 828/2411/2411 371/2182/2182 367/2255/2255
f 367/2255/2255 360/2304/2304 366/2412/2412
f 413/2360/2360 520/2218/2218 521/2413/2413
f 521/2413/2413 520/2218/2218 730/2414/2414
f 520/2218/2218 750/2305/2305 730/2414/2414
f 1256/869/869 1283/868/868 1279/886/886
f 1256/869/869 1279/886/886 1254/871/871
f 1252/880/880 1266/896/896 1263/2361/2361
f 1253/879/879 1266/896/896 1252/880/880
f 1254/871/871 1253/879/879 1224/851/851
f 1412/873/873 1397/872/872 1413/2408/2408
f 1529/2415/2415 1548/2416/2416 1526/2417/2417
f 975/2406/2406 371/2182/2182 828/2411/2411
f 366/2412/2412 360/2304/2304 359/2418/2418
f 359/2418/2418 360/2304/2304 354/2395/2395
f 750/2305/2305 936/2396/2396 938/2419/2419
f 1254/871/871 1277/887/887 1253/879/879
f 1506/2420/2420 1529/2415/2415 1526/2417/2417
f 730/2414/2414 750/2305/2305 938/2419/2419
f 1266/896/896 1280/898/898 1263/2361/2361
f 1277/887/887 1278/897/897 1253/879/879
f 1253/879/879 1278/897/897 1266/896/896
f 1505/2421/2421 1529/2415/2415 1506/2420/2420
f 1523/888/888 1530/2422/2422 1505/2421/2421
f 1530/2422/2422 1529/2415/2415 1505/2421/2421
f 1506/2420/2420 1526/2417/2417 1525/2423/2423
f 1507/2424/2424 1524/890/890 1504/889/889
f 1539/2410/2410 1524/890/890 1507/2424/2424
f 828/2411/2411 367/2255/2255 366/2412/2412
f 359/2418/2418 354/2395/2395 353/2425/2425
f 2851/877/877 2563/876/876 2888/911/911
f 1504/889/889 1523/888/888 1505/2421/2421
f 1525/2423/2423 1526/2417/2417 1545/2426/2426
f 1533/2427/2427 1539/2410/2410 1507/2424/2424
f 353/2425/2425 354/2395/2395 352/2428/2428
f 352/2428/2428 354/2395/2395 355/2359/2359
f 1809/900/900 1819/907/907 1832/2429/2429
f 1496/2430/2430 1507/2424/2424 1504/889/889
f 1509/917/917 1533/2427/2427 1507/2424/2424
f 1509/917/917 1507/2424/2424 1496/2430/2430
f 361/2431/2431 366/2412/2412 359/2418/2418
f 355/2359/2359 413/2360/2360 412/2432/2432
f 412/2432/2432 413/2360/2360 521/2413/2413
f 412/2432/2432 521/2413/2413 679/2433/2433
f 679/2433/2433 521/2413/2413 730/2414/2414
f 730/2414/2414 938/2419/2419 939/2434/2434
f 1809/900/900 1774/908/908 1819/907/907
f 1525/2423/2423 1545/2426/2426 1500/2435/2435
f 1496/2430/2430 1504/889/889 1495/2436/2436
f 1500/2435/2435 1545/2426/2426 1546/2437/2437
f 829/2438/2438 828/2411/2411 366/2412/2412
f 829/2438/2438 366/2412/2412 361/2431/2431
f 352/2428/2428 355/2359/2359 412/2432/2432
f 1504/889/889 1505/2421/2421 1494/2439/2439
f 1494/2439/2439 1505/2421/2421 1506/2420/2420
f 1506/2420/2420 1525/2423/2423 1500/2435/2435
f 359/2418/2418 353/2425/2425 361/2431/2431
f 939/2434/2434 679/2433/2433 730/2414/2414
f 1781/893/893 1758/913/913 1782/895/895
f 1495/2436/2436 1504/889/889 1494/2439/2439
f 1805/909/909 1774/908/908 1771/916/916
f 1494/2439/2439 1506/2420/2420 1500/2435/2435
f 1481/2440/2440 1495/2436/2436 1494/2439/2439
f 1500/2435/2435 1546/2437/2437 1522/2441/2441
f 1496/2430/2430 1495/2436/2436 1483/918/918
f 1483/918/918 1509/917/917 1496/2430/2430
f 678/2442/2442 412/2432/2432 679/2433/2433
f 678/2442/2442 679/2433/2433 886/2443/2443
f 886/2443/2443 679/2433/2433 939/2434/2434
f 1494/2439/2439 1500/2435/2435 1482/2444/2444
f 1482/2444/2444 1500/2435/2435 1497/2445/2445
f 361/2431/2431 353/2425/2425 351/2446/2446
f 1826/2447/2447 1805/909/909 1804/925/925
f 1481/2440/2440 1494/2439/2439 1482/2444/2444
f 1481/2440/2440 1483/918/918 1495/2436/2436
f 1497/2445/2445 1500/2435/2435 1522/2441/2441
f 872/2448/2448 829/2438/2438 361/2431/2431
f 351/2446/2446 353/2425/2425 352/2428/2428
f 1771/916/916 1773/914/914 1734/927/927
f 1513/2449/2449 1497/2445/2445 1522/2441/2441
f 872/2448/2448 361/2431/2431 368/2450/2450
f 368/2450/2450 361/2431/2431 351/2446/2446
f 351/2446/2446 352/2428/2428 348/2451/2451
f 1467/2452/2452 1481/2440/2440 1453/2453/2453
f 1482/2444/2444 1497/2445/2445 1455/2454/2454
f 1455/2454/2454 1497/2445/2445 1513/2449/2449
f 1467/2452/2452 1483/918/918 1481/2440/2440
f 1501/919/919 1483/918/918 1478/950/950
f 352/2428/2428 412/2432/2432 398/2455/2455
f 398/2455/2455 412/2432/2432 678/2442/2442
f 1816/938/938 1826/2447/2447 1804/925/925
f 1453/2453/2453 1481/2440/2440 1482/2444/2444
f 1453/2453/2453 1482/2444/2444 1455/2454/2454
f 1478/950/950 1483/918/918 1467/2452/2452
f 348/2451/2451 352/2428/2428 398/2455/2455
f 678/2442/2442 886/2443/2443 887/2456/2456
f 1513/2449/2449 1522/2441/2441 1517/2457/2457
f 1508/952/952 1501/919/919 1478/950/950
f 1453/2453/2453 1455/2454/2454 1451/2458/2458
f 1451/2458/2458 1455/2454/2454 1462/2459/2459
f 1452/2460/2460 1467/2452/2452 1453/2453/2453
f 1478/950/950 1467/2452/2452 1466/2461/2461
f 984/2462/2462 872/2448/2448 368/2450/2450
f 1452/2460/2460 1453/2453/2453 1451/2458/2458
f 1466/2461/2461 1467/2452/2452 1452/2460/2460
f 1477/2463/2463 1478/950/950 1466/2461/2461
f 368/2450/2450 351/2446/2446 365/2464/2464
f 576/2465/2465 678/2442/2442 887/2456/2456
f 1793/945/945 1797/937/937 1767/933/933
f 1462/2459/2459 1455/2454/2454 1513/2449/2449
f 337/2466/2466 348/2451/2451 398/2455/2455
f 398/2455/2455 678/2442/2442 576/2465/2465
f 1449/2467/2467 1452/2460/2460 1451/2458/2458
f 365/2464/2464 351/2446/2446 346/2468/2468
f 351/2446/2446 348/2451/2451 346/2468/2468
f 337/2466/2466 398/2455/2455 336/2469/2469
f 888/2470/2470 576/2465/2465 887/2456/2456
f 1451/2458/2458 1462/2459/2459 1450/2471/2471
f 1462/2459/2459 1513/2449/2449 1517/2457/2457
f 1528/2472/2472 1517/2457/2457 1544/2473/2473
f 1536/959/959 1508/952/952 1486/951/951
f 346/2468/2468 348/2451/2451 337/2466/2466
f 1449/2467/2467 1451/2458/2458 1450/2471/2471
f 1466/2461/2461 1452/2460/2460 1449/2467/2467
f 1477/2463/2463 1466/2461/2461 1465/2474/2474
f 1002/2475/2475 368/2450/2450 369/2476/2476
f 1486/951/951 1478/950/950 1477/2463/2463
f 369/2476/2476 368/2450/2450 365/2464/2464
f 1466/2461/2461 1449/2467/2467 1465/2474/2474
f 336/2469/2469 398/2455/2455 576/2465/2465
f 1477/2463/2463 1465/2474/2474 1475/2477/2477
f 1450/2471/2471 1462/2459/2459 1463/2478/2478
f 1475/2477/2477 1465/2474/2474 1448/2479/2479
f 1486/951/951 1477/2463/2463 1475/2477/2477
f 1448/2479/2479 1465/2474/2474 1449/2467/2467
f 1440/2480/2480 1449/2467/2467 1450/2471/2471
f 1463/2478/2478 1462/2459/2459 1510/2481/2481
f 1510/2481/2481 1462/2459/2459 1517/2457/2457
f 365/2464/2464 346/2468/2468 344/2482/2482
f 344/2482/2482 346/2468/2468 337/2466/2466
f 1510/2481/2481 1517/2457/2457 1528/2472/2472
f 854/2483/2483 576/2465/2465 888/2470/2470
f 1448/2479/2479 1449/2467/2467 1440/2480/2480
f 369/2476/2476 365/2464/2464 344/2482/2482
f 1491/971/971 1486/951/951 1468/2484/2484
f 1468/2484/2484 1486/951/951 1475/2477/2477
f 344/2482/2482 337/2466/2466 334/2485/2485
f 334/2485/2485 337/2466/2466 336/2469/2469
f 1441/2486/2486 1448/2479/2479 1440/2480/2480
f 1440/2480/2480 1450/2471/2471 1438/2487/2487
f 1438/2487/2487 1450/2471/2471 1463/2478/2478
f 1475/2477/2477 1448/2479/2479 1468/2484/2484
f 1468/2484/2484 1448/2479/2479 1441/2486/2486
f 334/2485/2485 336/2469/2469 333/2488/2488
f 436/2489/2489 336/2469/2469 576/2465/2465
f 333/2488/2488 336/2469/2469 436/2489/2489
f 436/2489/2489 576/2465/2465 854/2483/2483
f 1510/2481/2481 1528/2472/2472 1521/2490/2490
f 1002/2475/2475 369/2476/2476 991/2491/2491
f 436/2489/2489 854/2483/2483 853/2492/2492
f 1817/990/990 1824/967/967 1806/977/977
f 1442/2493/2493 1468/2484/2484 1441/2486/2486
f 1439/2494/2494 1441/2486/2486 1440/2480/2480
f 1439/2494/2494 1440/2480/2480 1438/2487/2487
f 369/2476/2476 344/2482/2482 345/2495/2495
f 1438/2487/2487 1463/2478/2478 1460/2496/2496
f 1460/2496/2496 1463/2478/2478 1510/2481/2481
f 991/2491/2491 369/2476/2476 372/2497/2497
f 344/2482/2482 334/2485/2485 330/2498/2498
f 1442/2493/2493 1441/2486/2486 1439/2494/2494
f 1491/971/971 1468/2484/2484 1472/2499/2499
f 330/2498/2498 334/2485/2485 333/2488/2488
f 1430/2500/2500 1438/2487/2487 1460/2496/2496
f 372/2497/2497 369/2476/2476 345/2495/2495
f 1787/987/987 1766/970/970 1754/991/991
f 1442/2493/2493 1439/2494/2494 1429/2501/2501
f 1429/2501/2501 1439/2494/2494 1438/2487/2487
f 1429/2501/2501 1438/2487/2487 1430/2500/2500
f 1468/2484/2484 1442/2493/2493 1472/2499/2499
f 1490/989/989 1491/971/971 1472/2499/2499
f 345/2495/2495 344/2482/2482 330/2498/2498
f 681/2502/2502 436/2489/2489 853/2492/2492
f 1490/989/989 1472/2499/2499 1471/1007/1007
f 681/2502/2502 853/2492/2492 893/2503/2503
f 1461/2504/2504 1430/2500/2500 1460/2496/2496
f 340/2505/2505 333/2488/2488 436/2489/2489
f 340/2505/2505 436/2489/2489 681/2502/2502
f 1471/1007/1007 1442/2493/2493 1432/2506/2506
f 1432/2506/2506 1442/2493/2493 1429/2501/2501
f 1461/2504/2504 1460/2496/2496 1498/2507/2507
f 1498/2507/2507 1460/2496/2496 1510/2481/2481
f 1472/2499/2499 1442/2493/2493 1471/1007/1007
f 1498/2507/2507 1510/2481/2481 1521/2490/2490
f 1489/1000/1000 1490/989/989 1471/1007/1007
f 1534/1023/1023 1531/980/980 1489/1000/1000
f 370/2508/2508 372/2497/2497 356/2509/2509
f 372/2497/2497 345/2495/2495 356/2509/2509
f 345/2495/2495 330/2498/2498 335/2510/2510
f 335/2510/2510 330/2498/2498 322/2511/2511
f 322/2511/2511 330/2498/2498 323/2512/2512
f 323/2512/2512 330/2498/2498 333/2488/2488
f 323/2512/2512 333/2488/2488 340/2505/2505
f 1429/2501/2501 1430/2500/2500 1431/2513/2513
f 356/2509/2509 345/2495/2495 335/2510/2510
f 1432/2506/2506 1429/2501/2501 1431/2513/2513
f 1433/2514/2514 1432/2506/2506 1431/2513/2513
f 1430/2500/2500 1461/2504/2504 1431/2513/2513
f 340/2505/2505 681/2502/2502 673/2515/2515
f 673/2515/2515 681/2502/2502 893/2503/2503
f 1458/2516/2516 1461/2504/2504 1498/2507/2507
f 1473/1008/1008 1471/1007/1007 1432/2506/2506
f 1431/2513/2513 1461/2504/2504 1458/2516/2516
f 993/2517/2517 991/2491/2491 372/2497/2497
f 673/2515/2515 893/2503/2503 965/2518/2518
f 1498/2507/2507 1521/2490/2490 1514/2519/2519
f 323/2512/2512 340/2505/2505 338/2520/2520
f 338/2520/2520 340/2505/2505 673/2515/2515
f 1433/2514/2514 1431/2513/2513 1434/2521/2521
f 1434/2521/2521 1431/2513/2513 1458/2516/2516
f 1432/2506/2506 1433/2514/2514 1435/2522/2522
f 1435/2522/2522 1433/2514/2514 1434/2521/2521
f 356/2509/2509 335/2510/2510 347/2523/2523
f 347/2523/2523 335/2510/2510 322/2511/2511
f 1443/2524/2524 1473/1008/1008 1432/2506/2506
f 1443/2524/2524 1432/2506/2506 1435/2522/2522
f 993/2517/2517 372/2497/2497 370/2508/2508
f 322/2511/2511 323/2512/2512 324/2525/2525
f 323/2512/2512 338/2520/2520 324/2525/2525
f 347/2523/2523 322/2511/2511 325/2526/2526
f 672/1051/1051 338/2520/2520 673/2515/2515
f 673/2515/2515 965/2518/2518 672/1051/1051
f 1436/2527/2527 1434/2521/2521 1458/2516/2516
f 325/2526/2526 322/2511/2511 324/2525/2525
f 1503/1022/1022 1488/1020/1020 1476/2528/2528
f 1458/2516/2516 1498/2507/2507 1514/2519/2519
f 1459/2529/2529 1458/2516/2516 1514/2519/2519
f 1476/2528/2528 1488/1020/1020 1473/1008/1008
f 1476/2528/2528 1473/1008/1008 1443/2524/2524
f 1435/2522/2522 1434/2521/2521 1436/2527/2527
f 1436/2527/2527 1458/2516/2516 1459/2529/2529
f 370/2508/2508 356/2509/2509 347/2523/2523
f 1437/2530/2530 1435/2522/2522 1436/2527/2527
f 1443/2524/2524 1435/2522/2522 1437/2530/2530
f 362/2531/2531 370/2508/2508 347/2523/2523
f 1476/2528/2528 1443/2524/2524 1444/2532/2532
f 1502/2533/2533 1503/1022/1022 1476/2528/2528
f 324/2525/2525 338/2520/2520 339/1053/1053
f 339/1053/1053 338/2520/2520 672/1051/1051
f 1454/2534/2534 1436/2527/2527 1459/2529/2529
f 1444/2532/2532 1443/2524/2524 1437/2530/2530
f 993/2517/2517 370/2508/2508 973/2535/2535
f 973/2535/2535 370/2508/2508 362/2531/2531
f 347/2523/2523 325/2526/2526 326/2536/2536
f 585/1052/1052 672/1051/1051 823/2537/2537
f 1437/2530/2530 1436/2527/2527 1454/2534/2534
f 343/2538/2538 347/2523/2523 326/2536/2536
f 326/2536/2536 325/2526/2526 324/2525/2525
f 324/2525/2525 339/1053/1053 327/2539/2539
f 327/2539/2539 326/2536/2536 324/2525/2525
f 1479/2540/2540 1476/2528/2528 1444/2532/2532
f 1479/2540/2540 1502/2533/2533 1476/2528/2528
f 1511/2541/2541 1502/2533/2533 1479/2540/2540
f 362/2531/2531 347/2523/2523 343/2538/2538
f 1444/2532/2532 1437/2530/2530 1445/2542/2542
f 1454/2534/2534 1459/2529/2529 1456/2543/2543
f 1456/2543/2543 1459/2529/2529 1514/2519/2519
f 1515/2544/2544 1514/2519/2519 1538/2545/2545
f 1445/2542/2542 1437/2530/2530 1454/2534/2534
f 1456/2543/2543 1514/2519/2519 1515/2544/2544
f 1446/2546/2546 1444/2532/2532 1445/2542/2542
f 1445/2542/2542 1454/2534/2534 1456/2543/2543
f 326/2536/2536 327/2539/2539 328/1103/1103
f 1447/2547/2547 1445/2542/2542 1456/2543/2543
f 1457/2548/2548 1456/2543/2543 1515/2544/2544
f 1474/1075/1075 1479/2540/2540 1444/2532/2532
f 1474/1075/1075 1444/2532/2532 1446/2546/2546
f 327/2539/2539 339/1053/1053 421/2549/2549
f 421/2549/2549 339/1053/1053 585/1052/1052
f 585/1052/1052 823/2537/2537 744/2550/2550
f 1752/1062/1062 1719/1054/1054 1720/1063/1063
f 1446/2546/2546 1445/2542/2542 1447/2547/2547
f 349/2551/2551 362/2531/2531 343/2538/2538
f 328/1103/1103 327/2539/2539 421/2549/2549
f 421/2549/2549 585/1052/1052 744/2550/2550
f 1447/2547/2547 1456/2543/2543 1457/2548/2548
f 1511/2541/2541 1479/2540/2540 1474/1075/1075
f 1464/2552/2552 1447/2547/2547 1457/2548/2548
f 1469/1081/1081 1446/2546/2546 1447/2547/2547
f 1470/1080/1080 1474/1075/1075 1446/2546/2546
f 837/2553/2553 362/2531/2531 349/2551/2551
f 349/2551/2551 343/2538/2538 329/2554/2554
f 343/2538/2538 326/2536/2536 329/2554/2554
f 326/2536/2536 328/1103/1103 329/2554/2554
f 1469/1081/1081 1447/2547/2547 1464/2552/2552
f 1470/1080/1080 1446/2546/2546 1469/1081/1081
f 1484/1073/1073 1474/1075/1075 1470/1080/1080
f 1511/2541/2541 1474/1075/1075 1512/1074/1074
f 837/2553/2553 973/2535/2535 362/2531/2531
f 1818/1086/1086 1812/1041/1041 1810/1068/1068
f 1464/2552/2552 1457/2548/2548 1485/1091/1091
f 1515/2544/2544 1538/2545/2545 1537/2555/2555
f 986/2556/2556 973/2535/2535 837/2553/2553
f 1480/1079/1079 1469/1081/1081 1464/2552/2552
f 1485/1091/1091 1457/2548/2548 1487/1092/1092
f 1484/1073/1073 1470/1080/1080 1480/1079/1079
f 422/1101/1101 421/2549/2549 744/2550/2550
f 1487/1092/1092 1457/2548/2548 1515/2544/2544
f 1487/1092/1092 1515/2544/2544 1537/2555/2555
f 328/1103/1103 421/2549/2549 422/1101/1101
f 1480/1079/1079 1464/2552/2552 1492/1109/1109
f 1464/2552/2552 1485/1091/1091 1492/1109/1109
f 1493/1110/1110 1484/1073/1073 1480/1079/1079
f 1527/1085/1085 1484/1073/1073 1493/1110/1110
f 860/2557/2557 986/2556/2556 837/2553/2553
f 1492/1109/1109 1485/1091/1091 1499/1093/1093
f 1499/1093/1093 1487/1092/1092 1516/2558/2558
f 1516/2558/2558 1487/1092/1092 1537/2555/2555
f 1516/2558/2558 1537/2555/2555 1543/2559/2559
f 860/2557/2557 837/2553/2553 350/2560/2560
f 350/2560/2560 349/2551/2551 331/2561/2561
f 331/2561/2561 349/2551/2551 329/2554/2554
f 422/1101/1101 744/2550/2550 745/2562/2562
f 350/2560/2560 837/2553/2553 349/2551/2551
f 331/2561/2561 329/2554/2554 328/1103/1103
f 331/2561/2561 328/1103/1103 332/1102/1102
f 1519/1108/1108 1492/1109/1109 1518/2563/2563
f 1492/1109/1109 1499/1093/1093 1518/2563/2563
f 1518/2563/2563 1499/1093/1093 1516/2558/2558
f 1520/1119/1119 1493/1110/1110 1480/1079/1079
f 1532/1111/1111 1493/1110/1110 1520/1119/1119
f 1516/2558/2558 1543/2559/2559 1549/2564/2564
f 332/1102/1102 422/1101/1101 423/1147/1147
f 423/1147/1147 422/1101/1101 745/2562/2562
f 1518/2563/2563 1516/2558/2558 1540/2565/2565
f 2555/1112/1112 2831/1100/1100 2858/1121/1121
f 331/2561/2561 332/1102/1102 341/1163/1163
f 341/1163/1163 332/1102/1102 423/1147/1147
f 423/1147/1147 745/2562/2562 746/1145/1145
f 1107/1128/1128 1142/1118/1118 1133/1140/1140
f 1532/1111/1111 1520/1119/1119 1542/1130/1130
f 1540/2565/2565 1516/2558/2558 1549/2564/2564
f 834/2566/2566 931/2567/2567 860/2557/2557
f 860/2557/2557 350/2560/2560 834/2566/2566
f 350/2560/2560 331/2561/2561 342/2568/2568
f 2590/1113/1113 2341/1087/1087 2591/1122/1122
f 342/2568/2568 331/2561/2561 341/1163/1163
f 1106/1138/1138 1118/1116/1116 1107/1128/1128
f 1110/1139/1139 1107/1128/1128 1133/1140/1140
f 834/2566/2566 350/2560/2560 363/2569/2569
f 437/1164/1164 341/1163/1163 423/1147/1147
f 2865/1143/1143 2971/1120/1120 2967/1184/1184
f 1004/1156/1156 931/2567/2567 897/1157/1157
f 350/2560/2560 342/2568/2568 363/2569/2569
f 1112/1154/1154 1119/1129/1129 1105/1137/1137
f 931/2567/2567 834/2566/2566 752/2570/2570
f 752/2570/2570 834/2566/2566 363/2569/2569
f 437/1164/1164 423/1147/1147 747/1146/1146
f 1820/1159/1159 1780/1124/1124 1785/1127/1127
f 897/1157/1157 931/2567/2567 752/2570/2570
f 430/2571/2571 342/2568/2568 341/1163/1163
f 430/2571/2571 341/1163/1163 431/1165/1165
f 437/1164/1164 747/1146/1146 781/1188/1188
f 781/1188/1188 747/1146/1146 809/1186/1186
f 809/1186/1186 747/1146/1146 970/1148/1148
f 1044/1170/1170 1091/1153/1153 1099/1161/1161
f 1099/1161/1161 1110/1139/1139 1127/1175/1175
f 929/1173/1173 983/1158/1158 897/1157/1157
f 752/2570/2570 363/2569/2569 373/2572/2572
f 2864/1183/1183 2967/1184/1184 2965/1301/1301
f 929/1173/1173 897/1157/1157 753/2573/2573
f 753/2573/2573 897/1157/1157 752/2570/2570
f 373/2572/2572 363/2569/2569 342/2568/2568
f 342/2568/2568 430/2571/2571 374/2574/2574
f 439/2575/2575 752/2570/2570 373/2572/2572
f 373/2572/2572 342/2568/2568 374/2574/2574
f 374/2574/2574 430/2571/2571 431/1165/1165
f 431/1165/1165 437/1164/1164 435/1197/1197
f 1121/1296/1296 1076/1195/1195 1124/1233/1233
f 862/1300/1300 929/1173/1173 753/2573/2573
f 753/2573/2573 752/2570/2570 439/2575/2575
f 1659/1439/1439 1624/1262/1262 1625/1263/1263
f 1086/1351/1351 1047/1288/1288 1046/1291/1291
f 1122/1354/1354 1074/1231/1231 1121/1296/1296
f 711/2576/2576 862/1300/1300 753/2573/2573
f 1622/1322/1322 1623/1325/1325 1653/1380/1380
f 1654/1381/1381 1623/1325/1325 1659/1439/1439
f 1659/1439/1439 1623/1325/1325 1624/1262/1262
f 1058/1275/1275 1054/1271/1271 1071/1340/1340
f 1122/1354/1354 1121/1296/1296 1134/1356/1356
f 1100/1355/1355 1101/1298/1298 1082/1297/1297
f 711/2576/2576 753/2573/2573 439/2575/2575
f 374/2574/2574 431/1165/1165 383/1410/1410
f 1660/1339/1339 1628/1269/1269 1667/1440/1440
f 1087/1391/1391 1094/1392/1392 1114/1445/1445
f 1095/1394/1394 1058/1275/1275 1092/1393/1393
f 1135/1446/1446 1094/1392/1392 1089/1341/1341
f 1089/1341/1341 1077/1276/1276 1129/1397/1397
f 1123/1405/1405 1086/1351/1351 1122/1354/1354
f 1122/1354/1354 1134/1356/1356 1140/2577/2577
f 724/2578/2578 890/2579/2579 728/1357/1357
f 890/2579/2579 945/1299/1299 728/1357/1357
f 728/1357/1357 862/1300/1300 711/2576/2576
f 416/2580/2580 711/2576/2576 439/2575/2575
f 376/2581/2581 374/2574/2574 383/1410/1410
f 778/1358/1358 809/1186/1186 955/1239/1239
f 778/1358/1358 955/1239/1239 735/1513/1513
f 735/1513/1513 955/1239/1239 906/1514/1514
f 1691/1305/1305 1672/1307/1307 1690/1517/1517
f 1618/1418/1418 1613/1368/1368 1671/1477/1477
f 1671/1477/1477 1613/1368/1368 1620/1428/1428
f 1679/1476/1476 1620/1428/1428 1621/1372/1372
f 1681/2582/2582 1653/1380/1380 1654/1381/1381
f 1677/1385/1385 1634/1337/1337 1683/1492/1492
f 1683/1492/1492 1634/1337/1337 1660/1339/1339
f 1135/1446/1446 1089/1341/1341 1141/1448/1448
f 1146/1396/1396 1095/1394/1394 1111/1447/1447
f 713/2583/2583 950/1502/1502 671/1504/1504
f 1113/1449/1449 1068/1342/1342 1103/1395/1395
f 1129/1397/1397 1125/1398/1398 1130/2584/2584
f 1125/1398/1398 1093/1401/1401 1130/2584/2584
f 1130/2584/2584 1093/1401/1401 1131/1451/1451
f 1132/1453/1453 1123/1405/1405 1138/2585/2585
f 1123/1405/1405 1122/1354/1354 1138/2585/2585
f 1138/2585/2585 1122/1354/1354 1139/2586/2586
f 1139/2586/2586 1122/1354/1354 1140/2577/2577
f 839/2587/2587 890/2579/2579 724/2578/2578
f 439/2575/2575 373/2572/2572 375/2588/2588
f 375/2588/2588 373/2572/2572 374/2574/2574
f 383/1410/1410 435/1197/1197 387/1461/1461
f 438/1460/1460 435/1197/1197 736/1187/1187
f 1603/1419/1419 1604/1415/1415 1639/1467/1467
f 2786/1472/1472 2930/1469/1469 2774/1471/1471
f 2758/1473/1473 2786/1472/1472 2774/1471/1471
f 1669/1468/1468 1618/1418/1418 1671/1477/1477
f 1679/1476/1476 1621/1372/1372 1682/2589/2589
f 1621/1372/1372 1680/1431/1431 1682/2589/2589
f 1680/1431/1431 1653/1380/1380 1681/2582/2582
f 1681/2582/2582 1654/1381/1381 1675/1486/1486
f 1678/1383/1383 1673/1384/1384 1689/2590/2590
f 1689/2590/2590 1673/1384/1384 1677/1385/1385
f 801/1607/1607 967/1525/1525 765/1527/1527
f 1109/1443/1443 1087/1391/1391 1128/1530/1530
f 1128/1530/1530 1087/1391/1391 1114/1445/1445
f 1111/1447/1447 1092/1393/1393 1108/1444/1444
f 2801/1500/1500 2883/1499/1499 2748/1498/1498
f 851/1565/1565 827/1567/1567 771/1563/1563
f 724/2578/2578 728/1357/1357 417/2591/2591
f 728/1357/1357 711/2576/2576 417/2591/2591
f 2838/1303/1303 2827/1302/1302 2771/1512/1512
f 417/2591/2591 711/2576/2576 416/2580/2580
f 416/2580/2580 439/2575/2575 375/2588/2588
f 375/2588/2588 374/2574/2574 376/2581/2581
f 740/1515/1515 906/1514/1514 905/1574/1574
f 2759/1542/1542 2758/1473/1473 2774/1471/1471
f 1682/2589/2589 1680/1431/1431 1681/2582/2582
f 718/1579/1579 898/1578/1578 946/2592/2592
f 1675/1486/1486 1674/1485/1485 1685/1548/1548
f 1676/1438/1438 1678/1383/1383 1687/1551/1551
f 766/2593/2593 940/2594/2594 801/1607/1607
f 1145/2595/2595 1109/1443/1443 1128/1530/1530
f 1149/1532/1532 1108/1444/1444 1148/1556/1556
f 741/2596/2596 713/2583/2583 433/1559/1559
f 433/1559/1559 713/2583/2583 671/1504/1504
f 434/1560/1560 671/1504/1504 755/1503/1503
f 755/1503/1503 850/1562/1562 709/1564/1564
f 827/1567/1567 773/2597/2597 772/1568/1568
f 773/2597/2597 839/2587/2587 704/2598/2598
f 704/2598/2598 839/2587/2587 724/2578/2578
f 724/2578/2578 417/2591/2591 427/2599/2599
f 778/1358/1358 735/1513/1513 616/1593/1593
f 754/1575/1575 905/1574/1574 904/2600/2600
f 904/2600/2600 902/2601/2601 700/1631/1631
f 700/1631/1631 902/2601/2601 831/2602/2602
f 902/2601/2601 903/2603/2603 831/2602/2602
f 831/2602/2602 903/2603/2603 856/2604/2604
f 701/2605/2605 856/2604/2604 840/2606/2606
f 840/2606/2606 898/1578/1578 769/1580/1580
f 1685/1548/1548 1674/1485/1485 1684/1550/1550
f 815/2607/2607 940/2594/2594 766/2593/2593
f 1120/1494/1494 1109/1443/1443 1145/2595/2595
f 1009/2608/2608 919/2609/2609 944/2610/2610
f 732/2611/2611 919/2609/2609 741/2596/2596
f 434/1560/1560 755/1503/1503 709/1564/1564
f 772/1568/1568 773/2597/2597 406/2612/2612
f 406/2612/2612 773/2597/2597 704/2598/2598
f 704/2598/2598 724/2578/2578 427/2599/2599
f 385/2613/2613 427/2599/2599 417/2591/2591
f 385/2613/2613 417/2591/2591 381/2614/2614
f 381/2614/2614 417/2591/2591 416/2580/2580
f 377/2615/2615 416/2580/2580 375/2588/2588
f 377/2615/2615 375/2588/2588 376/2581/2581
f 378/2616/2616 376/2581/2581 383/1410/1410
f 383/1410/1410 387/1461/1461 384/2617/2617
f 387/1461/1461 438/1460/1460 418/2618/2618
f 438/1460/1460 778/1358/1358 616/1593/1593
f 641/1592/1592 735/1513/1513 740/1515/1515
f 754/1575/1575 904/2600/2600 700/1631/1631
f 831/2602/2602 856/2604/2604 701/2605/2605
f 701/2605/2605 840/2606/2606 683/2619/2619
f 683/2619/2619 840/2606/2606 769/1580/1580
f 1685/1548/1548 1684/1550/1550 1686/1549/1549
f 2262/2620/2620 2265/2621/2621 2256/2622/2622
f 1128/1530/1530 1144/1531/1531 1151/2623/2623
f 1008/1669/1669 1009/2608/2608 944/2610/2610
f 2984/1626/1626 2873/1534/1534 2992/2624/2624
f 944/2610/2610 919/2609/2609 732/2611/2611
f 732/2611/2611 741/2596/2596 414/2625/2625
f 414/2625/2625 741/2596/2596 433/1559/1559
f 433/1559/1559 434/1560/1560 428/1627/1627
f 434/1560/1560 709/1564/1564 408/1628/1628
f 407/2626/2626 709/1564/1564 771/1563/1563
f 407/2626/2626 771/1563/1563 429/2627/2627
f 771/1563/1563 772/1568/1568 608/2628/2628
f 608/2628/2628 772/1568/1568 406/2612/2612
f 388/2629/2629 704/2598/2598 427/2599/2599
f 381/2614/2614 416/2580/2580 377/2615/2615
f 377/2615/2615 376/2581/2581 378/2616/2616
f 378/2616/2616 383/1410/1410 384/2617/2617
f 384/2617/2617 387/1461/1461 418/2618/2618
f 418/2618/2618 438/1460/1460 616/1593/1593
f 641/1592/1592 740/1515/1515 640/1594/1594
f 640/1594/1594 754/1575/1575 639/1677/1677
f 639/1677/1677 754/1575/1575 700/1631/1631
f 700/1631/1631 831/2602/2602 702/1632/1632
f 2754/1618/1618 2753/1543/1543 2759/1542/1542
f 831/2602/2602 701/2605/2605 702/1632/1632
f 683/2619/2619 769/1580/1580 684/2630/2630
f 769/1580/1580 718/1579/1579 684/2630/2630
f 815/2607/2607 766/2593/2593 657/2631/2631
f 766/2593/2593 801/1607/1607 656/1608/1608
f 742/1581/1581 900/1526/1526 832/1610/1610
f 2254/2632/2632 2260/2633/2633 2255/2634/2634
f 2256/2622/2622 2265/2621/2621 2260/2633/2633
f 2260/2633/2633 2264/2635/2635 2255/2634/2634
f 408/1628/1628 709/1564/1564 407/2626/2626
f 429/2627/2627 771/1563/1563 608/2628/2628
f 406/2612/2612 704/2598/2598 388/2629/2629
f 388/2629/2629 427/2599/2599 385/2613/2613
f 643/1679/1679 639/1677/1677 700/1631/1631
f 684/2630/2630 718/1579/1579 636/2636/2636
f 803/1636/1636 815/2607/2607 660/2637/2637
f 660/2637/2637 815/2607/2607 657/2631/2631
f 657/2631/2631 766/2593/2593 656/1608/1608
f 661/1621/1621 765/1527/1527 742/1581/1581
f 2256/2622/2622 2260/2633/2633 2254/2632/2632
f 2255/2634/2634 2264/2635/2635 2263/2638/2638
f 2261/2639/2639 2262/2620/2620 2256/2622/2622
f 414/2625/2625 433/1559/1559 409/1673/1673
f 409/1673/1673 433/1559/1559 428/1627/1627
f 404/2640/2640 429/2627/2627 608/2628/2628
f 404/2640/2640 608/2628/2628 405/2641/2641
f 405/2641/2641 608/2628/2628 406/2612/2612
f 382/2642/2642 385/2613/2613 381/2614/2614
f 381/2614/2614 377/2615/2615 380/2643/2643
f 377/2615/2615 378/2616/2616 379/2644/2644
f 378/2616/2616 384/2617/2617 410/2645/2645
f 410/2645/2645 384/2617/2617 418/2618/2618
f 419/2646/2646 418/2618/2618 573/2647/2647
f 418/2618/2618 616/1593/1593 573/2647/2647
f 643/1679/1679 700/1631/1631 646/1633/1633
f 646/1633/1633 702/1632/1632 701/2605/2605
f 646/1633/1633 701/2605/2605 642/2648/2648
f 642/2648/2648 701/2605/2605 638/2649/2649
f 701/2605/2605 683/2619/2619 638/2649/2649
f 638/2649/2649 683/2619/2619 635/2650/2650
f 635/2650/2650 683/2619/2619 684/2630/2630
f 635/2650/2650 684/2630/2630 636/2636/2636
f 636/2636/2636 718/1579/1579 659/1637/1637
f 659/1637/1637 803/1636/1636 660/2637/2637
f 661/1621/1621 742/1581/1581 662/1640/1640
f 662/1640/1640 742/1581/1581 832/1610/1610
f 770/1639/1639 832/1610/1610 921/1612/1612
f 2256/2622/2622 2254/2632/2632 2249/2651/2651
f 1008/1669/1669 944/2610/2610 884/1670/1670
f 944/2610/2610 732/2611/2611 884/1670/1670
f 884/1670/1670 732/2611/2611 425/2652/2652
f 428/1627/1627 408/1628/1628 420/2653/2653
f 407/2626/2626 429/2627/2627 404/2640/2640
f 406/2612/2612 388/2629/2629 389/2654/2654
f 388/2629/2629 385/2613/2613 386/2655/2655
f 379/2644/2644 378/2616/2616 411/2656/2656
f 411/2656/2656 378/2616/2616 410/2645/2645
f 410/2645/2645 418/2618/2618 419/2646/2646
f 573/2647/2647 616/1593/1593 617/1656/1656
f 641/1592/1592 640/1594/1594 617/1656/1656
f 659/1637/1637 660/2637/2637 649/2657/2657
f 649/2657/2657 660/2637/2637 657/2631/2631
f 652/2658/2658 657/2631/2631 656/1608/1608
f 2249/2651/2651 2254/2632/2632 2248/2659/2659
f 2248/2659/2659 2254/2632/2632 2250/2660/2660
f 2252/1708/1708 2256/2622/2622 2249/2651/2651
f 2250/2660/2660 2254/2632/2632 2255/2634/2634
f 2250/2660/2660 2255/2634/2634 2257/2661/2661
f 2257/2661/2661 2255/2634/2634 2263/2638/2638
f 2850/1672/1672 2908/1625/1625 2989/2662/2662
f 2261/2639/2639 2256/2622/2622 2252/1708/1708
f 732/2611/2611 414/2625/2625 425/2652/2652
f 403/2663/2663 414/2625/2625 409/1673/1673
f 403/2663/2663 409/1673/1673 401/1674/1674
f 401/1674/1674 428/1627/1627 420/2653/2653
f 408/1628/1628 407/2626/2626 397/2664/2664
f 397/2664/2664 407/2626/2626 393/2665/2665
f 393/2665/2665 407/2626/2626 404/2640/2640
f 393/2665/2665 404/2640/2640 392/2666/2666
f 392/2666/2666 404/2640/2640 405/2641/2641
f 405/2641/2641 406/2612/2612 389/2654/2654
f 392/2666/2666 405/2641/2641 389/2654/2654
f 389/2654/2654 388/2629/2629 386/2655/2655
f 386/2655/2655 385/2613/2613 382/2642/2642
f 380/2643/2643 382/2642/2642 381/2614/2614
f 380/2643/2643 377/2615/2615 379/2644/2644
f 617/1656/1656 640/1594/1594 620/1678/1678
f 639/1677/1677 643/1679/1679 622/1680/1680
f 620/1678/1678 639/1677/1677 622/1680/1680
f 624/2667/2667 646/1633/1633 642/2648/2648
f 642/2648/2648 638/2649/2649 625/2668/2668
f 638/2649/2649 635/2650/2650 627/2669/2669
f 627/2669/2669 635/2650/2650 630/2670/2670
f 630/2670/2670 635/2650/2650 636/2636/2636
f 630/2670/2670 636/2636/2636 633/2671/2671
f 633/2671/2671 636/2636/2636 648/2672/2672
f 648/2672/2672 636/2636/2636 659/1637/1637
f 648/2672/2672 659/1637/1637 649/2657/2657
f 649/2657/2657 657/2631/2631 652/2658/2658
f 656/1608/1608 661/1621/1621 654/2673/2673
f 654/2673/2673 661/1621/1621 662/1640/1640
f 425/2652/2652 414/2625/2625 403/2663/2663
f 401/1674/1674 420/2653/2653 397/2664/2664
f 397/2664/2664 420/2653/2653 408/1628/1628
f 379/2644/2644 411/2656/2656 670/2674/2674
f 670/2674/2674 411/2656/2656 602/2675/2675
f 602/2675/2675 411/2656/2656 410/2645/2645
f 410/2645/2645 419/2646/2646 605/2676/2676
f 573/2647/2647 617/1656/1656 618/2677/2677
f 622/1680/1680 646/1633/1633 624/2667/2667
f 624/2667/2667 642/2648/2648 625/2668/2668
f 625/2668/2668 638/2649/2649 627/2669/2669
f 654/2673/2673 652/2658/2658 656/1608/1608
f 2218/2678/2678 2248/2659/2659 2250/2660/2660
f 394/2679/2679 397/2664/2664 393/2665/2665
f 390/2680/2680 389/2654/2654 386/2655/2655
f 396/2681/2681 386/2655/2655 382/2642/2642
f 396/2681/2681 382/2642/2642 415/2682/2682
f 415/2682/2682 382/2642/2642 380/2643/2643
f 440/2683/2683 379/2644/2644 670/2674/2674
f 602/2675/2675 410/2645/2645 695/2684/2684
f 605/2676/2676 695/2684/2684 410/2645/2645
f 419/2646/2646 573/2647/2647 605/2676/2676
f 605/2676/2676 573/2647/2647 669/2685/2685
f 633/2671/2671 648/2672/2672 647/2686/2686
f 647/2686/2686 648/2672/2672 649/2657/2657
f 650/2687/2687 649/2657/2657 651/2688/2688
f 649/2657/2657 652/2658/2658 651/2688/2688
f 653/2689/2689 652/2658/2658 654/2673/2673
f 662/1640/1640 770/1639/1639 715/2690/2690
f 2218/2678/2678 2250/2660/2660 2219/2691/2691
f 2238/2692/2692 2252/1708/1708 2249/2651/2651
f 2250/2660/2660 2257/2661/2661 2224/2693/2693
f 1007/1671/1671 884/1670/1670 1006/2694/2694
f 1006/2694/2694 884/1670/1670 885/2695/2695
f 884/1670/1670 425/2652/2652 426/2696/2696
f 885/2695/2695 884/1670/1670 426/2696/2696
f 425/2652/2652 403/2663/2663 402/2697/2697
f 426/2696/2696 425/2652/2652 402/2697/2697
f 402/2697/2697 403/2663/2663 401/1674/1674
f 402/2697/2697 401/1674/1674 400/2698/2698
f 401/1674/1674 397/2664/2664 400/2698/2698
f 400/2698/2698 397/2664/2664 399/2699/2699
f 399/2699/2699 397/2664/2664 394/2679/2679
f 394/2679/2679 393/2665/2665 391/2700/2700
f 393/2665/2665 392/2666/2666 391/2700/2700
f 2713/1646/1646 2714/1645/1645 2712/1713/1713
f 391/2700/2700 392/2666/2666 389/2654/2654
f 2710/1647/1647 2713/1646/1646 2712/1713/1713
f 390/2680/2680 386/2655/2655 395/2701/2701
f 395/2701/2701 386/2655/2655 396/2681/2681
f 415/2682/2682 380/2643/2643 440/2683/2683
f 440/2683/2683 380/2643/2643 379/2644/2644
f 669/2685/2685 573/2647/2647 618/2677/2677
f 619/2702/2702 618/2677/2677 617/1656/1656
f 617/1656/1656 620/1678/1678 619/2702/2702
f 621/2703/2703 622/1680/1680 623/2704/2704
f 622/1680/1680 624/2667/2667 623/2704/2704
f 623/2704/2704 624/2667/2667 625/2668/2668
f 626/2705/2705 627/2669/2669 628/2706/2706
f 628/2706/2706 627/2669/2669 629/2707/2707
f 627/2669/2669 630/2670/2670 629/2707/2707
f 629/2707/2707 630/2670/2670 631/2708/2708
f 631/2708/2708 630/2670/2670 633/2671/2671
f 631/2708/2708 633/2671/2671 647/2686/2686
f 647/2686/2686 649/2657/2657 650/2687/2687
f 651/2688/2688 652/2658/2658 653/2689/2689
f 655/2709/2709 654/2673/2673 662/1640/1640
f 655/2709/2709 662/1640/1640 663/2710/2710
f 770/1639/1639 920/1685/1685 912/1727/1727
f 715/2690/2690 770/1639/1639 912/1727/1727
f 2238/2692/2692 2249/2651/2651 2248/2659/2659
f 2238/2692/2692 2248/2659/2659 2218/2678/2678
f 2219/2691/2691 2250/2660/2660 2224/2693/2693
f 2247/1709/1709 2252/1708/1708 2238/2692/2692
f 2785/1711/1711 2850/1672/1672 2907/1742/1742
f 391/2700/2700 389/2654/2654 390/2680/2680
f 415/2682/2682 440/2683/2683 749/2711/2711
f 605/2676/2676 669/2685/2685 695/2684/2684
f 695/2684/2684 669/2685/2685 869/2712/2712
f 645/2713/2713 618/2677/2677 619/2702/2702
f 619/2702/2702 620/1678/1678 621/2703/2703
f 620/1678/1678 622/1680/1680 621/2703/2703
f 623/2704/2704 625/2668/2668 626/2705/2705
f 626/2705/2705 625/2668/2668 627/2669/2669
f 653/2689/2689 654/2673/2673 655/2709/2709
f 663/2710/2710 662/1640/1640 715/2690/2690
f 2217/2714/2714 2218/2678/2678 2219/2691/2691
f 2226/2715/2715 2224/2693/2693 2259/2716/2716
f 432/2717/2717 402/2697/2697 400/2698/2698
f 391/2700/2700 390/2680/2680 395/2701/2701
f 584/2718/2718 396/2681/2681 415/2682/2682
f 749/2711/2711 440/2683/2683 806/2719/2719
f 670/2674/2674 806/2719/2719 440/2683/2683
f 1894/2720/2720 1900/2721/2721 1899/2722/2722
f 1894/2720/2720 1899/2722/2722 1896/2723/2723
f 1894/2720/2720 1896/2723/2723 1895/2724/2724
f 1895/2724/2724 1896/2723/2723 1897/2725/2725
f 669/2685/2685 618/2677/2677 686/2726/2726
f 686/2726/2726 618/2677/2677 645/2713/2713
f 665/2727/2727 628/2706/2706 666/2728/2728
f 666/2728/2728 629/2707/2707 631/2708/2708
f 666/2728/2728 631/2708/2708 690/2729/2729
f 668/2730/2730 631/2708/2708 647/2686/2686
f 647/2686/2686 650/2687/2687 668/2730/2730
f 651/2688/2688 653/2689/2689 658/2731/2731
f 716/1819/1819 715/2690/2690 912/1727/1727
f 716/1819/1819 912/1727/1727 954/1757/1757
f 1017/1756/1756 1012/1726/1726 1020/1729/1729
f 2217/2714/2714 2219/2691/2691 2220/2732/2732
f 2220/2732/2732 2219/2691/2691 2223/2733/2733
f 2219/2691/2691 2224/2693/2693 2223/2733/2733
f 2239/2734/2734 2247/1709/1709 2238/2692/2692
f 2223/2733/2733 2224/2693/2693 2226/2715/2715
f 960/2735/2735 885/2695/2695 710/2736/2736
f 885/2695/2695 426/2696/2696 710/2736/2736
f 572/2737/2737 426/2696/2696 402/2697/2697
f 710/2736/2736 426/2696/2696 572/2737/2737
f 572/2737/2737 402/2697/2697 432/2717/2717
f 400/2698/2698 712/2738/2738 708/2739/2739
f 712/2738/2738 400/2698/2698 399/2699/2699
f 712/2738/2738 399/2699/2699 714/2740/2740
f 2764/1735/1735 2716/1697/1697 2765/1734/1734
f 676/2741/2741 399/2699/2699 394/2679/2679
f 714/2740/2740 399/2699/2699 676/2741/2741
f 676/2741/2741 394/2679/2679 600/2742/2742
f 600/2742/2742 394/2679/2679 391/2700/2700
f 601/2743/2743 391/2700/2700 395/2701/2701
f 601/2743/2743 395/2701/2701 603/2744/2744
f 603/2744/2744 395/2701/2701 584/2718/2718
f 395/2701/2701 396/2681/2681 584/2718/2718
f 584/2718/2718 415/2682/2682 748/2745/2745
f 415/2682/2682 749/2711/2711 748/2745/2745
f 748/2745/2745 749/2711/2711 806/2719/2719
f 1891/2746/2746 1900/2721/2721 1894/2720/2720
f 686/2726/2726 869/2712/2712 669/2685/2685
f 686/2726/2726 645/2713/2713 783/2747/2747
f 644/2748/2748 621/2703/2703 637/2749/2749
f 621/2703/2703 623/2704/2704 637/2749/2749
f 632/2750/2750 623/2704/2704 626/2705/2705
f 666/2728/2728 628/2706/2706 629/2707/2707
f 706/2751/2751 631/2708/2708 668/2730/2730
f 668/2730/2730 650/2687/2687 667/2752/2752
f 667/2752/2752 650/2687/2687 651/2688/2688
f 667/2752/2752 651/2688/2688 658/2731/2731
f 658/2731/2731 653/2689/2689 655/2709/2709
f 655/2709/2709 663/2710/2710 664/1814/1814
f 663/2710/2710 715/2690/2690 703/1815/1815
f 703/1815/1815 715/2690/2690 716/1819/1819
f 2231/1796/1796 2238/2692/2692 2218/2678/2678
f 2231/1796/1796 2218/2678/2678 2217/2714/2714
f 2239/2734/2734 2238/2692/2692 2231/1796/1796
f 2245/1801/1801 2247/1709/1709 2239/2734/2734
f 432/2717/2717 400/2698/2698 708/2739/2739
f 2764/1735/1735 2862/1764/1764 2861/1765/1765
f 2741/1745/1745 2764/1735/1735 2861/1765/1765
f 600/2742/2742 391/2700/2700 601/2743/2743
f 1883/1830/1830 1890/2753/2753 1885/2754/2754
f 1890/2753/2753 1891/2746/2746 1885/2754/2754
f 1892/2755/2755 1885/2754/2754 1891/2746/2746
f 1893/2756/2756 1892/2755/2755 1891/2746/2746
f 1893/2756/2756 1891/2746/2746 1894/2720/2720
f 1895/2724/2724 1893/2756/2756 1894/2720/2720
f 1921/2757/2757 1893/2756/2756 1895/2724/2724
f 1921/2757/2757 1895/2724/2724 1897/2725/2725
f 2114/2758/2758 1921/2757/2757 1897/2725/2725
f 2114/2758/2758 1897/2725/2725 2125/2759/2759
f 783/2747/2747 645/2713/2713 644/2748/2748
f 645/2713/2713 619/2702/2702 644/2748/2748
f 619/2702/2702 621/2703/2703 644/2748/2748
f 637/2749/2749 623/2704/2704 632/2750/2750
f 632/2750/2750 626/2705/2705 634/2760/2760
f 634/2760/2760 626/2705/2705 628/2706/2706
f 634/2760/2760 628/2706/2706 665/2727/2727
f 706/2751/2751 690/2729/2729 631/2708/2708
f 706/2751/2751 668/2730/2730 805/2761/2761
f 658/2731/2731 655/2709/2709 664/1814/1814
f 664/1814/1814 663/2710/2710 703/1815/1815
f 2231/1796/1796 2217/2714/2714 2221/1797/1797
f 2217/2714/2714 2220/2732/2732 2221/1797/1797
f 2223/2733/2733 2226/2715/2715 2225/2762/2762
f 785/2763/2763 710/2736/2736 572/2737/2737
f 2093/1781/1781 2090/1782/1782 2089/2764/2764
f 2102/2765/2765 2093/1781/1781 2089/2764/2764
f 2102/2765/2765 2089/2764/2764 2082/2766/2766
f 714/2740/2740 676/2741/2741 889/2767/2767
f 889/2767/2767 676/2741/2741 836/2768/2768
f 676/2741/2741 600/2742/2742 836/2768/2768
f 836/2768/2768 600/2742/2742 601/2743/2743
f 603/2744/2744 584/2718/2718 787/2769/2769
f 787/2769/2769 584/2718/2718 748/2745/2745
f 1880/2770/2770 1890/2753/2753 1883/1830/1830
f 1885/2754/2754 1892/2755/2755 1933/2771/2771
f 1892/2755/2755 1917/2772/2772 1933/2771/2771
f 1916/2773/2773 1917/2772/2772 1892/2755/2755
f 1906/2774/2774 1903/2775/2775 1905/2776/2776
f 1917/2772/2772 1916/2773/2773 1905/2776/2776
f 1916/2773/2773 1892/2755/2755 1893/2756/2756
f 1907/2777/2777 1906/2774/2774 1905/2776/2776
f 1908/2778/2778 1906/2774/2774 1907/2777/2777
f 1913/2779/2779 1906/2774/2774 1915/2780/2780
f 1915/2780/2780 1906/2774/2774 1908/2778/2778
f 1907/2777/2777 1905/2776/2776 1910/2781/2781
f 1910/2781/2781 1905/2776/2776 1916/2773/2773
f 1915/2780/2780 1908/2778/2778 1914/2782/2782
f 1909/2783/2783 1908/2778/2778 1907/2777/2777
f 1914/2782/2782 1908/2778/2778 1909/2783/2783
f 1909/2783/2783 1907/2777/2777 1910/2781/2781
f 1921/2757/2757 1916/2773/2773 1893/2756/2756
f 1909/2783/2783 1910/2781/2781 1911/2784/2784
f 1910/2781/2781 1916/2773/2773 1921/2757/2757
f 1911/2784/2784 1910/2781/2781 1921/2757/2757
f 1936/2785/2785 1911/2784/2784 1921/2757/2757
f 1936/2785/2785 1921/2757/2757 2114/2758/2758
f 1936/2785/2785 2114/2758/2758 2125/2759/2759
f 1936/2785/2785 2125/2759/2759 2128/2786/2786
f 881/2787/2787 783/2747/2747 644/2748/2748
f 634/2760/2760 665/2727/2727 693/2788/2788
f 665/2727/2727 666/2728/2728 757/2789/2789
f 782/2790/2790 666/2728/2728 690/2729/2729
f 805/2761/2761 668/2730/2730 667/2752/2752
f 667/2752/2752 658/2731/2731 699/2791/2791
f 2237/1799/1799 2239/2734/2734 2231/1796/1796
f 2237/1799/1799 2231/1796/1796 2230/1798/1798
f 2220/2732/2732 2223/2733/2733 2222/2792/2792
f 2222/2792/2792 2223/2733/2733 2225/2762/2762
f 2237/1799/1799 2245/1801/1801 2239/2734/2734
f 1005/2793/2793 960/2735/2735 857/2794/2794
f 857/2794/2794 960/2735/2735 710/2736/2736
f 857/2794/2794 710/2736/2736 785/2763/2763
f 572/2737/2737 432/2717/2717 784/2795/2795
f 785/2763/2763 572/2737/2737 784/2795/2795
f 784/2795/2795 432/2717/2717 708/2739/2739
f 1860/2796/2796 1898/2797/2797 1888/2798/2798
f 1859/2799/2799 1888/2798/2798 1887/2800/2800
f 2103/1779/1779 2122/1860/1860 2092/1838/1838
f 1859/2799/2799 1887/2800/2800 1886/2801/2801
f 1859/2799/2799 1886/2801/2801 1861/2802/2802
f 2091/1780/1780 2103/1779/1779 2092/1838/1838
f 1861/2802/2802 1886/2801/2801 1864/2803/2803
f 2090/1782/1782 2091/1780/1780 2088/1825/1825
f 2089/2764/2764 2090/1782/1782 2088/1825/1825
f 2089/2764/2764 2088/1825/1825 2082/2766/2766
f 2102/2765/2765 2082/2766/2766 2099/2804/2804
f 2152/2805/2805 2102/2765/2765 2099/2804/2804
f 836/2768/2768 601/2743/2743 835/2806/2806
f 601/2743/2743 603/2744/2744 835/2806/2806
f 871/2807/2807 603/2744/2744 787/2769/2769
f 1880/2770/2770 1883/1830/1830 1879/1829/1829
f 1884/1828/1828 1883/1830/1830 1885/2754/2754
f 1933/2771/2771 1884/1828/1828 1885/2754/2754
f 2740/1768/1768 2849/1803/1803 2787/1769/1769
f 1919/2808/2808 1924/2809/2809 1917/2772/2772
f 1917/2772/2772 1924/2809/2809 1933/2771/2771
f 2798/1770/1770 2787/1769/1769 2954/1804/1804
f 1904/2810/2810 1919/2808/2808 1917/2772/2772
f 2798/1770/1770 2954/1804/1804 2955/1805/1805
f 1918/2811/2811 1919/2808/2808 1903/2775/2775
f 1919/2808/2808 1904/2810/2810 1903/2775/2775
f 1912/2812/2812 1918/2811/2811 1903/2775/2775
f 1903/2775/2775 1904/2810/2810 1905/2776/2776
f 1913/2779/2779 1920/1833/1833 1912/2812/2812
f 1906/2774/2774 1912/2812/2812 1903/2775/2775
f 1905/2776/2776 1904/2810/2810 1917/2772/2772
f 1913/2779/2779 1912/2812/2812 1906/2774/2774
f 1938/2813/2813 1913/2779/2779 1915/2780/2780
f 1934/2814/2814 1915/2780/2780 1914/2782/2782
f 1934/2814/2814 1914/2782/2782 1909/2783/2783
f 1934/2814/2814 1909/2783/2783 1923/2815/2815
f 1923/2815/2815 1909/2783/2783 1911/2784/2784
f 1937/2816/2816 1923/2815/2815 1911/2784/2784
f 1937/2816/2816 1911/2784/2784 1936/2785/2785
f 1937/2816/2816 1936/2785/2785 2113/2817/2817
f 2128/2786/2786 2113/2817/2817 1936/2785/2785
f 644/2748/2748 637/2749/2749 733/2818/2818
f 733/2818/2818 637/2749/2749 707/2819/2819
f 707/2819/2819 637/2749/2749 632/2750/2750
f 2659/1774/1774 2655/1748/1748 2812/1807/1807
f 632/2750/2750 634/2760/2760 692/2820/2820
f 693/2788/2788 665/2727/2727 757/2789/2789
f 757/2789/2789 666/2728/2728 782/2790/2790
f 2879/1775/1775 2878/1787/1787 2880/1788/1788
f 852/2821/2821 690/2729/2729 706/2751/2751
f 852/2821/2821 706/2751/2751 883/2822/2822
f 883/2822/2822 706/2751/2751 805/2761/2761
f 2134/1813/1813 2087/1812/1812 2105/2823/2823
f 2837/1777/1777 2836/1776/1776 2973/2824/2824
f 899/2825/2825 805/2761/2761 667/2752/2752
f 699/2791/2791 658/2731/2731 723/2826/2826
f 658/2731/2731 664/1814/1814 722/1816/1816
f 930/1818/1818 716/1819/1819 954/1757/1757
f 930/1818/1818 954/1757/1757 1014/1853/1853
f 1017/1756/1756 1014/1853/1853 954/1757/1757
f 2221/1797/1797 2220/2732/2732 2222/2792/2792
f 2227/2827/2827 2222/2792/2792 2225/2762/2762
f 2251/2828/2828 2245/1801/1801 2242/1800/1800
f 1867/2829/2829 1898/2797/2797 1860/2796/2796
f 1860/2796/2796 1888/2798/2798 1859/2799/2799
f 2122/1860/1860 2107/1859/1859 2092/1838/1838
f 2091/1780/1780 2059/1840/1840 2088/1825/1825
f 2088/1825/1825 2073/1827/1827 2082/2766/2766
f 2152/2805/2805 2099/2804/2804 2112/2830/2830
f 2156/2831/2831 2152/2805/2805 2112/2830/2830
f 835/2806/2806 603/2744/2744 871/2807/2807
f 2806/1784/1784 2729/1746/1746 2805/1802/1802
f 1933/2771/2771 1969/2832/2832 1884/1828/1828
f 1922/1832/1832 1925/2833/2833 1912/2812/2812
f 1912/2812/2812 1925/2833/2833 1918/2811/2811
f 1925/2833/2833 1919/2808/2808 1918/2811/2811
f 2118/2834/2834 2067/1846/1846 1929/2835/2835
f 1920/1833/1833 1922/1832/1832 1912/2812/2812
f 2118/2834/2834 1929/2835/2835 1930/2836/2836
f 1930/2836/2836 1929/2835/2835 1928/1831/1831
f 2127/2837/2837 2118/2834/2834 1930/2836/2836
f 1931/2838/2838 1928/1831/1831 1913/2779/2779
f 1913/2779/2779 1928/1831/1831 1920/1833/1833
f 1930/2836/2836 1928/1831/1831 1931/2838/2838
f 1974/2839/2839 1931/2838/2838 1913/2779/2779
f 1974/2839/2839 1913/2779/2779 1938/2813/2813
f 2127/2837/2837 1930/2836/2836 2058/2840/2840
f 2157/2841/2841 2127/2837/2837 2058/2840/2840
f 1974/2839/2839 1938/2813/2813 1915/2780/2780
f 1974/2839/2839 1915/2780/2780 1975/2842/2842
f 1975/2842/2842 1915/2780/2780 1934/2814/2814
f 1975/2842/2842 1934/2814/2814 2074/2843/2843
f 2074/2843/2843 1934/2814/2814 1923/2815/2815
f 2074/2843/2843 1923/2815/2815 1937/2816/2816
f 2113/2817/2817 2128/2786/2786 2126/2844/2844
f 881/2787/2787 644/2748/2748 733/2818/2818
f 881/2787/2787 733/2818/2818 880/2845/2845
f 2655/1748/1748 2800/1806/1806 2812/1807/1807
f 707/2819/2819 632/2750/2750 692/2820/2820
f 2660/1749/1749 2811/1808/1808 2814/1809/1809
f 692/2820/2820 634/2760/2760 693/2788/2788
f 935/2846/2846 757/2789/2789 782/2790/2790
f 2132/1811/1811 2104/2847/2847 2086/2848/2848
f 852/2821/2821 782/2790/2790 690/2729/2729
f 2132/1811/1811 2086/2848/2848 2087/1812/1812
f 883/2822/2822 805/2761/2761 899/2825/2825
f 2848/1834/1834 2837/1777/1777 2973/2824/2824
f 899/2825/2825 667/2752/2752 699/2791/2791
f 2751/1753/1753 2837/1777/1777 2848/1834/1834
f 722/1816/1816 723/2826/2826 658/2731/2731
f 2221/1797/1797 2222/2792/2792 2229/2849/2849
f 2227/2827/2827 2225/2762/2762 2228/2850/2850
f 1901/2851/2851 1902/2852/2852 1889/2853/2853
f 1867/2829/2829 1882/2854/2854 1898/2797/2797
f 1854/2855/2855 1860/2796/2796 1859/2799/2799
f 1849/2856/2856 1854/2855/2855 1859/2799/2799
f 2092/1838/1838 2107/1859/1859 1841/1839/1839
f 1862/2857/2857 1849/2856/2856 1861/2802/2802
f 1861/2802/2802 1849/2856/2856 1859/2799/2799
f 2092/1838/1838 2059/1840/1840 2091/1780/1780
f 2088/1825/1825 2059/1840/1840 2060/1826/1826
f 1862/2857/2857 1861/2802/2802 1864/2803/2803
f 2073/1827/1827 2060/1826/1826 1966/1864/1864
f 1868/2858/2858 1862/2857/2857 1864/2803/2803
f 2099/2804/2804 2082/2766/2766 2062/2859/2859
f 2082/2766/2766 2063/2860/2860 2062/2859/2859
f 1868/2858/2858 1864/2803/2803 1873/2861/2861
f 1868/2858/2858 1873/2861/2861 1872/2862/2862
f 1872/2862/2862 1873/2861/2861 1881/2863/2863
f 2156/2831/2831 2112/2830/2830 2101/2864/2864
f 2805/1802/1802 2859/1783/1783 2957/1842/1842
f 1877/2865/2865 1872/2862/2862 1881/2863/2863
f 1874/2866/2866 1872/2862/2862 1877/2865/2865
f 1874/2866/2866 1877/2865/2865 1878/2867/2867
f 1879/1829/1829 1877/2865/2865 1880/2770/2770
f 2849/1803/1803 2805/1802/1802 2951/1843/1843
f 2133/2868/2868 2094/1881/1881 2071/1844/1844
f 1879/1829/1829 1884/1828/1828 1969/2832/2832
f 2133/2868/2868 2071/1844/1844 2067/1846/1846
f 1949/2869/2869 1969/2832/2832 1933/2771/2771
f 1953/2870/2870 1949/2869/2869 1924/2809/2809
f 1924/2809/2809 1949/2869/2869 1933/2771/2771
f 1925/2833/2833 1953/2870/2870 1919/2808/2808
f 1919/2808/2808 1953/2870/2870 1924/2809/2809
f 1929/2835/2835 2067/1846/1846 1927/1847/1847
f 1922/1832/1832 1927/1847/1847 1926/2871/2871
f 1922/1832/1832 1926/2871/2871 1925/2833/2833
f 1929/2835/2835 1927/1847/1847 1928/1831/1831
f 1928/1831/1831 1927/1847/1847 1922/1832/1832
f 1930/2836/2836 1931/2838/2838 1935/2872/2872
f 1935/2872/2872 1931/2838/2838 1973/2873/2873
f 1973/2873/2873 1931/2838/2838 1974/2839/2839
f 1973/2873/2873 1974/2839/2839 1975/2842/2842
f 2058/2840/2840 1930/2836/2836 1935/2872/2872
f 2034/2874/2874 1975/2842/2842 2074/2843/2843
f 2035/2875/2875 2074/2843/2843 1937/2816/2816
f 2157/2841/2841 2058/2840/2840 2095/2876/2876
f 2816/1786/1786 2871/1785/1785 2912/1848/1848
f 2052/2877/2877 1937/2816/2816 2113/2817/2817
f 2800/1806/1806 2816/1786/1786 2912/1848/1848
f 2131/2878/2878 2119/2879/2879 2126/2844/2844
f 880/2845/2845 733/2818/2818 707/2819/2819
f 880/2845/2845 707/2819/2819 916/2880/2880
f 2814/1809/1809 2811/1808/1808 2964/1851/1851
f 924/2881/2881 692/2820/2820 879/2882/2882
f 692/2820/2820 693/2788/2788 879/2882/2882
f 2877/1810/1810 2814/1809/1809 2964/1851/1851
f 2117/2883/2883 2116/2884/2884 2070/2885/2885
f 895/2886/2886 693/2788/2788 757/2789/2789
f 2104/2847/2847 2117/2883/2883 2070/2885/2885
f 2104/2847/2847 2070/2885/2885 2045/2887/2887
f 2086/2848/2848 2104/2847/2847 2045/2887/2887
f 2086/2848/2848 2045/2887/2887 2046/2888/2888
f 2086/2848/2848 2046/2888/2888 2054/2889/2889
f 2087/1812/1812 2086/2848/2848 2054/2889/2889
f 2087/1812/1812 2054/2889/2889 2055/2890/2890
f 2087/1812/1812 2055/2890/2890 2068/1908/1908
f 2105/2823/2823 2087/1812/1812 2068/1908/1908
f 2105/2823/2823 2068/1908/1908 2106/2891/2891
f 2153/2892/2892 2105/2823/2823 2106/2891/2891
f 914/2893/2893 899/2825/2825 699/2791/2791
f 2306/1817/1817 2307/1873/1873 2286/1790/1790
f 703/1815/1815 930/1818/1818 956/2894/2894
f 923/1852/1852 703/1815/1815 956/2894/2894
f 2230/1798/1798 2221/1797/1797 2229/2849/2849
f 2229/2849/2849 2222/2792/2792 2227/2827/2827
f 1863/2895/2895 1889/2853/2853 1882/2854/2854
f 1854/2855/2855 1853/2896/2896 1860/2796/2796
f 2841/1762/1762 2779/1778/1778 2934/1857/1857
f 1/2897/2897 2/2898/2897 3/2899/2897
f 1862/2857/2857 1844/1862/1862 1849/2856/2856
f 1841/1839/1839 1840/2900/2898 2059/1840/1840
f 1840/2900/2898 1844/1862/1862 1965/1861/1861
f 1964/1863/1863 1844/1862/1862 1862/2857/2857
f 1967/1841/1841 1840/2900/2898 1965/1861/1861
f 2059/1840/1840 1840/2900/2898 1967/1841/1841
f 1963/2901/2899 1965/1861/1861 1964/1863/1863
f 1966/1864/1864 1967/1841/1841 1965/1861/1861
f 1966/1864/1864 1965/1861/1861 1963/2901/2899
f 1964/1863/1863 1862/2857/2857 1961/2902/2900
f 2060/1826/1826 1967/1841/1841 1966/1864/1864
f 1963/2901/2899 1964/1863/1863 1961/2902/2900
f 1961/2902/2900 1862/2857/2857 1869/2903/2901
f 1869/2903/2901 1862/2857/2857 1868/2858/2858
f 2073/1827/1827 1966/1864/1864 2036/1866/1866
f 2082/2766/2766 2073/1827/1827 2036/1866/1866
f 2063/2860/2860 2082/2766/2766 2036/1866/1866
f 2063/2860/2860 2036/1866/1866 1971/2904/2902
f 2099/2804/2804 2062/2859/2859 2072/2905/2903
f 2112/2830/2830 2099/2804/2804 2072/2905/2903
f 1869/2903/2901 1868/2858/2858 1870/2906/2904
f 1870/2906/2904 1868/2858/2858 1872/2862/2862
f 2112/2830/2830 2072/2905/2903 2101/2864/2864
f 1874/2866/2866 1870/2906/2904 1872/2862/2862
f 1968/2907/2905 1878/2867/2867 1879/1829/1829
f 1878/2867/2867 1877/2865/2865 1879/1829/1829
f 2071/1844/1844 2094/1881/1881 2038/1880/1880
f 1969/2832/2832 1968/2907/2905 1879/1829/1829
f 2071/1844/1844 2038/1880/1880 1932/1845/1845
f 1926/2871/2871 1932/1845/1845 1939/2908/2906
f 1926/2871/2871 1939/2908/2906 1940/1900/1900
f 1927/1847/1847 1932/1845/1845 1926/2871/2871
f 1926/2871/2871 1940/1900/1900 1947/2909/2907
f 1925/2833/2833 1947/2909/2907 1953/2870/2870
f 1926/2871/2871 1947/2909/2907 1925/2833/2833
f 1973/2873/2873 1975/2842/2842 1976/2910/2908
f 2058/2840/2840 1935/2872/2872 1973/2873/2873
f 1976/2910/2908 1975/2842/2842 2034/2874/2874
f 2058/2840/2840 1973/2873/2873 2024/2911/2909
f 1973/2873/2873 1976/2910/2908 1977/2912/2910
f 2024/2911/2909 1973/2873/2873 1977/2912/2910
f 2034/2874/2874 2074/2843/2843 2035/2875/2875
f 2095/2876/2876 2058/2840/2840 2024/2911/2909
f 2095/2876/2876 2024/2911/2909 2029/1867/1867
f 2035/2875/2875 1937/2816/2816 2052/2877/2877
f 2052/2877/2877 2113/2817/2817 2077/2913/2911
f 2077/2913/2911 2113/2817/2817 2126/2844/2844
f 2077/2913/2911 2126/2844/2844 2119/2879/2879
f 2095/2876/2876 2029/1867/1867 2110/1869/1869
f 2812/1807/1807 2912/1848/1848 2949/1849/1849
f 2064/2914/2912 2131/2878/2878 2139/2915/2913
f 916/2880/2880 707/2819/2819 692/2820/2820
f 916/2880/2880 692/2820/2820 924/2881/2881
f 2116/2884/2884 2111/1870/1870 2084/1883/1883
f 879/2882/2882 693/2788/2788 895/2886/2886
f 2116/2884/2884 2084/1883/1883 2070/2885/2885
f 2045/2887/2887 2070/2885/2885 2044/1905/1905
f 2045/2887/2887 2044/1905/1905 2030/2916/2914
f 895/2886/2886 757/2789/2789 935/2846/2846
f 2079/2917/2915 2142/2918/2916 2143/2919/2917
f 2078/2920/2918 2079/2917/2915 2143/2919/2917
f 2078/2920/2918 2143/2919/2917 2144/2921/2919
f 2045/2887/2887 2030/2916/2914 2046/2888/2888
f 2046/2888/2888 2030/2916/2914 2031/2922/2920
f 2078/2920/2918 2144/2921/2919 2145/2923/2921
f 2080/2924/2922 2078/2920/2918 2145/2923/2921
f 2054/2889/2889 2046/2888/2888 2031/2922/2920
f 2080/2924/2922 2145/2923/2921 2146/2925/2923
f 2054/2889/2889 2032/2926/2924 2055/2890/2890
f 2080/2924/2922 2146/2925/2923 2147/2927/2925
f 2106/2891/2891 2068/1908/1908 2096/2928/2926
f 2153/2892/2892 2106/2891/2891 2108/1889/1889
f 914/2893/2893 699/2791/2791 913/2929/2927
f 913/2929/2927 699/2791/2791 723/2826/2826
f 913/2929/2927 723/2826/2826 922/2930/2928
f 2848/1834/1834 2966/1871/1871 2847/1835/1835
f 922/2930/2928 723/2826/2826 722/1816/1816
f 2793/1789/1789 2847/1835/1835 2916/1872/1872
f 1016/1854/1854 956/2894/2894 930/1818/1818
f 2162/2931/2929 2159/1893/1893 2151/1895/1895
f 2151/1895/1895 2150/1875/1875 2161/1794/1794
f 2162/2931/2929 2151/1895/1895 2161/1794/1794
f 2161/1794/1794 2150/1875/1875 2160/1822/1822
f 2237/1799/1799 2230/1798/1798 2235/2932/2930
f 2240/2933/2931 2237/1799/1799 2235/2932/2930
f 2242/1800/1800 2237/1799/1799 2240/2933/2931
f 1875/2934/2932 1901/2851/2851 1889/2853/2853
f 2246/1877/1877 2242/1800/1800 2240/2933/2931
f 1863/2895/2895 1875/2934/2932 1889/2853/2853
f 1855/2935/2933 1867/2829/2829 1853/2896/2896
f 1853/2896/2896 1867/2829/2829 1860/2796/2796
f 2107/1859/1859 1843/1896/1896 1841/1839/1839
f 1845/2936/2934 1848/2937/2935 1849/2856/2856
f 1848/2937/2935 1854/2855/2855 1849/2856/2856
f 1843/1896/1896 1836/2938/2936 1841/1839/1839
f 1837/2939/2937 1845/2936/2934 1844/1862/1862
f 1845/2936/2934 1849/2856/2856 1844/1862/1862
f 1841/1839/1839 1836/2938/2936 1835/2940/2938
f 1835/2940/2938 1836/2938/2936 1837/2939/2937
f 1840/2900/2898 1837/2939/2937 1844/1862/1862
f 1835/2940/2938 1837/2939/2937 1840/2900/2898
f 1956/2941/2939 1963/2901/2899 1961/2902/2900
f 1966/1864/1864 1963/2901/2899 1956/2941/2939
f 1960/1865/1865 1966/1864/1864 1956/2941/2939
f 1956/2941/2939 1961/2902/2900 1955/2942/2940
f 1955/2942/2940 1961/2902/2900 1962/2943/2941
f 1962/2943/2941 1961/2902/2900 1869/2903/2901
f 1971/2904/2902 2036/1866/1866 1960/1865/1865
f 2062/2859/2859 2063/2860/2860 1971/2904/2902
f 2047/2944/2942 2062/2859/2859 1971/2904/2902
f 2072/2905/2903 2062/2859/2859 2047/2944/2942
f 1962/2943/2941 1869/2903/2901 1870/2906/2904
f 2072/2905/2903 2047/2944/2942 2042/1899/1899
f 1957/2945/2943 1870/2906/2904 1972/2946/2944
f 2101/2864/2864 2072/2905/2903 2042/1899/1899
f 1972/2946/2944 1870/2906/2904 1874/2866/2866
f 2094/1881/1881 2101/2864/2864 2042/1899/1899
f 1972/2946/2944 1874/2866/2866 1878/2867/2867
f 2094/1881/1881 2042/1899/1899 2033/1879/1879
f 1958/2947/2945 1972/2946/2944 1878/2867/2867
f 1958/2947/2945 1878/2867/2867 1968/2907/2905
f 1932/1845/1845 2038/1880/1880 1939/2908/2906
f 1947/2909/2907 1943/1902/1902 1949/2869/2869
f 1943/1902/1902 1969/2832/2832 1949/2869/2869
f 1947/2909/2907 1949/2869/2869 1953/2870/2870
f 1977/2912/2910 1976/2910/2908 1978/2948/2946
f 1976/2910/2908 2034/2874/2874 1978/2948/2946
f 1978/2948/2946 2034/2874/2874 2035/2875/2875
f 2029/1867/1867 2024/2911/2909 1977/2912/2910
f 2052/2877/2877 2077/2913/2911 2009/2949/2947
f 2077/2913/2911 2119/2879/2879 2065/2950/2948
f 2065/2950/2948 2119/2879/2879 2131/2878/2878
f 2065/2950/2948 2131/2878/2878 2064/2914/2912
f 2084/1883/1883 2111/1870/1870 2066/1868/1868
f 2081/2951/2949 2141/2952/2950 2129/2953/2951
f 2070/2885/2885 2084/1883/1883 2043/1882/1882
f 2079/2917/2915 2129/2953/2951 2142/2918/2916
f 2070/2885/2885 2043/1882/1882 2044/1905/1905
f 2030/2916/2914 2001/1884/1884 2005/1886/1886
f 1992/2954/2952 2079/2917/2915 2078/2920/2918
f 1993/2955/2953 1991/2956/2954 1992/2954/2952
f 2005/1886/1886 2003/1885/1885 1994/2957/2955
f 2005/1886/1886 1994/2957/2955 2004/2958/2956
f 2031/2922/2920 2030/2916/2914 2005/1886/1886
f 1993/2955/2953 1992/2954/2952 1995/2959/2957
f 1995/2959/2957 1992/2954/2952 2078/2920/2918
f 1995/2959/2957 2078/2920/2918 2080/2924/2922
f 2031/2922/2920 2005/1886/1886 2004/2958/2956
f 1995/2959/2957 2080/2924/2922 2011/2960/2958
f 2054/2889/2889 2031/2922/2920 2032/2926/2924
f 2031/2922/2920 2004/2958/2956 2032/2926/2924
f 2075/2961/2959 2011/2960/2958 2080/2924/2922
f 2055/2890/2890 2032/2926/2924 2041/2962/2960
f 2055/2890/2890 2041/2962/2960 2068/1908/1908
f 2076/2963/2961 2075/2961/2959 2080/2924/2922
f 2076/2963/2961 2080/2924/2922 2147/2927/2925
f 2076/2963/2961 2147/2927/2925 2124/2964/2962
f 2106/2891/2891 2096/2928/2926 2097/1887/1887
f 2108/1889/1889 2106/2891/2891 2097/1887/1887
f 959/2965/2963 722/1816/1816 923/1852/1852
f 2155/1876/1876 2115/1909/1909 2158/1911/1911
f 2159/1893/1893 2109/1894/1894 2151/1895/1895
f 2232/2966/2964 2229/2849/2849 2227/2827/2827
f 2230/1798/1798 2229/2849/2849 2232/2966/2964
f 2235/2932/2930 2230/1798/1798 2232/2966/2964
f 2232/2966/2964 2227/2827/2827 2233/2967/2965
f 2233/2967/2965 2227/2827/2827 2228/2850/2850
f 2233/2967/2965 2228/2850/2850 2234/2968/2966
f 2795/1823/1823 2976/2969/2967 2835/1855/1855
f 1863/2895/2895 1882/2854/2854 1867/2829/2829
f 1855/2935/2933 1863/2895/2895 1867/2829/2829
f 1848/2937/2935 1853/2896/2896 1854/2855/2855
f 1971/2904/2902 1960/1865/1865 1954/2970/2968
f 1954/2970/2968 1960/1865/1865 1956/2941/2939
f 1954/2970/2968 1956/2941/2939 1955/2942/2940
f 1952/2971/2969 1955/2942/2940 1962/2943/2941
f 1952/2971/2969 1962/2943/2941 1957/2945/2943
f 1957/2945/2943 1962/2943/2941 1870/2906/2904
f 2047/2944/2942 1971/2904/2902 1970/1897/1897
f 2042/1899/1899 2047/2944/2942 1970/1897/1897
f 1959/2972/2970 1957/2945/2943 1972/2946/2944
f 1958/2947/2945 1959/2972/2970 1972/2946/2944
f 2038/1880/1880 2033/1879/1879 1945/2973/2971
f 1943/1902/1902 1958/2947/2945 1968/2907/2905
f 2038/1880/1880 1945/2973/2971 1941/2974/2972
f 1943/1902/1902 1968/2907/2905 1969/2832/2832
f 2038/1880/1880 1941/2974/2972 1939/2908/2906
f 1939/2908/2906 1941/2974/2972 1940/1900/1900
f 1940/1900/1900 1943/1902/1902 1947/2909/2907
f 1977/2912/2910 1978/2948/2946 1979/2975/2973
f 1979/2975/2973 1978/2948/2946 1982/2976/2974
f 1978/2948/2946 2035/2875/2875 1982/2976/2974
f 2029/1867/1867 1977/2912/2910 1980/2977/2975
f 1980/2977/2975 1977/2912/2910 1979/2975/2973
f 1982/2976/2974 2035/2875/2875 2052/2877/2877
f 1982/2976/2974 2052/2877/2877 2009/2949/2947
f 2029/1867/1867 1980/2977/2975 2010/2978/2976
f 2066/1868/1868 2029/1867/1867 2010/2978/2976
f 2009/2949/2947 2077/2913/2911 2065/2950/2948
f 2056/2979/2977 2066/1868/1868 2010/2978/2976
f 2053/2980/2978 2064/2914/2912 2139/2915/2913
f 2053/2980/2978 2139/2915/2913 2141/2952/2950
f 2043/1882/1882 2066/1868/1868 2056/2979/2977
f 2081/2951/2949 2053/2980/2978 2141/2952/2950
f 2049/2981/2979 2081/2951/2949 2129/2953/2951
f 2044/1905/1905 2043/1882/1882 2027/1903/1903
f 2049/2981/2979 2129/2953/2951 2079/2917/2915
f 2002/2982/2980 2049/2981/2979 2079/2917/2915
f 2030/2916/2914 2044/1905/1905 2028/1904/1904
f 2030/2916/2914 2028/1904/1904 2001/1884/1884
f 2003/1885/1885 2001/1884/1884 1991/2956/2954
f 1992/2954/2952 2002/2982/2980 2079/2917/2915
f 1989/2983/2981 2002/2982/2980 1992/2954/2952
f 1991/2956/2954 1989/2983/2981 1992/2954/2952
f 2003/1885/1885 1991/2956/2954 1994/2957/2955
f 1994/2957/2955 1991/2956/2954 1993/2955/2953
f 1996/2984/2982 2004/2958/2956 1994/2957/2955
f 1996/2984/2982 1994/2957/2955 1995/2959/2957
f 1994/2957/2955 1993/2955/2953 1995/2959/2957
f 1996/2984/2982 1995/2959/2957 1999/2985/2983
f 2006/2986/2984 2004/2958/2956 1996/2984/2982
f 1999/2985/2983 1995/2959/2957 2011/2960/2958
f 2032/2926/2924 2004/2958/2956 2006/2986/2984
f 2041/2962/2960 2032/2926/2924 2006/2986/2984
f 2068/1908/1908 2041/2962/2960 2025/1906/1906
f 2096/2928/2926 2068/1908/1908 2069/1907/1907
f 2096/2928/2926 2069/1907/1907 2097/1887/1887
f 959/2965/2963 922/2930/2928 722/1816/1816
f 2149/2987/2985 2108/1889/1889 2098/1916/1916
f 2149/2987/2985 2098/1916/1916 2154/1890/1890
f 2154/1890/1890 2098/1916/1916 2123/1891/1891
f 2148/1892/1892 2123/1891/1891 2083/1912/1912
f 2100/2988/2986 2115/1909/1909 2155/1876/1876
f 2150/1875/1875 2100/2988/2986 2155/1876/1876
f 2150/1875/1875 2109/1894/1894 2100/2988/2986
f 2235/2932/2930 2232/2966/2964 2236/2989/2987
f 2236/2989/2987 2232/2966/2964 2233/2967/2965
f 2236/2989/2987 2233/2967/2965 2241/2990/2988
f 2241/2990/2988 2233/2967/2965 2234/2968/2966
f 2244/2991/2989 2240/2933/2931 2235/2932/2930
f 1866/2992/2990 1875/2934/2932 1858/2993/2991
f 1858/2993/2991 1875/2934/2932 1863/2895/2895
f 2246/1877/1877 2240/2933/2931 2244/2991/2989
f 1855/2935/2933 1858/2993/2991 1863/2895/2895
f 2137/2994/2992 2138/2995/2993 1857/1913/1913
f 1857/1913/1913 2138/2995/2993 1876/1919/1919
f 2136/1915/1915 2137/2994/2992 1857/1913/1913
f 2136/1915/1915 1852/1914/1914 2135/1858/1858
f 1843/1896/1896 2135/1858/1858 1852/1914/1914
f 1846/2996/2994 1853/2896/2896 1848/2937/2935
f 1838/2997/2995 1845/2936/2934 1837/2939/2937
f 1836/2938/2936 1838/2997/2995 1837/2939/2937
f 1970/1897/1897 1971/2904/2902 1954/2970/2968
f 1954/2970/2968 1955/2942/2940 1952/2971/2969
f 1970/1897/1897 1954/2970/2968 1950/2998/2996
f 1950/2998/2996 1954/2970/2968 1952/2971/2969
f 1951/1898/1898 1970/1897/1897 1950/2998/2996
f 1950/2998/2996 1952/2971/2969 1948/2999/2997
f 1948/2999/2997 1952/2971/2969 1957/2945/2943
f 1948/2999/2997 1957/2945/2943 1959/2972/2970
f 1944/3000/2998 1950/2998/2996 1948/2999/2997
f 1951/1898/1898 1950/2998/2996 1944/3000/2998
f 1945/2973/2971 1951/1898/1898 1944/3000/2998
f 1948/2999/2997 1959/2972/2970 1958/2947/2945
f 2033/1879/1879 2042/1899/1899 1951/1898/1898
f 1946/3001/2999 1948/2999/2997 1958/2947/2945
f 2033/1879/1879 1951/1898/1898 1945/2973/2971
f 1944/3000/2998 1948/2999/2997 1946/3001/2999
f 1944/3000/2998 1946/3001/2999 1943/1902/1902
f 1946/3001/2999 1958/2947/2945 1943/1902/1902
f 1945/2973/2971 1944/3000/2998 1942/1901/1901
f 1941/2974/2972 1945/2973/2971 1942/1901/1901
f 1942/1901/1901 1944/3000/2998 1943/1902/1902
f 1941/2974/2972 1942/1901/1901 1940/1900/1900
f 1980/2977/2975 1979/2975/2973 1981/3002/3000
f 1981/3002/3000 1979/2975/2973 1982/2976/2974
f 1983/3003/3001 1982/2976/2974 2009/2949/2947
f 2010/2978/2976 1980/2977/2975 1981/3002/3000
f 2007/3004/3002 2009/2949/2947 2065/2950/2948
f 1983/3003/3001 1981/3002/3000 1982/2976/2974
f 1983/3003/3001 2009/2949/2947 2007/3004/3002
f 2010/2978/2976 1981/3002/3000 1998/3005/3003
f 1985/3006/3004 1983/3003/3001 2007/3004/3002
f 2007/3004/3002 2065/2950/2948 2064/2914/2912
f 1985/3006/3004 2007/3004/3002 2064/2914/2912
f 2026/3007/3005 2010/2978/2976 1998/3005/3003
f 2056/2979/2977 2010/2978/2976 2026/3007/3005
f 1985/3006/3004 2064/2914/2912 2053/2980/2978
f 1998/3005/3003 1997/3008/3006 2026/3007/3005
f 1985/3006/3004 2053/2980/2978 1987/3009/3007
f 2056/2979/2977 2026/3007/3005 2043/1882/1882
f 1987/3009/3007 2053/2980/2978 2081/2951/2949
f 2043/1882/1882 2026/3007/3005 2027/1903/1903
f 2026/3007/3005 1997/3008/3006 2000/3010/3008
f 2027/1903/1903 2026/3007/3005 2000/3010/3008
f 2000/3010/3008 1997/3008/3006 1986/3011/3009
f 2049/2981/2979 1987/3009/3007 2081/2951/2949
f 2002/2982/2980 1988/3012/3010 1987/3009/3007
f 2000/3010/3008 1986/3011/3009 1990/3013/3011
f 2000/3010/3008 1990/3013/3011 2001/1884/1884
f 2002/2982/2980 1987/3009/3007 2049/2981/2979
f 2028/1904/1904 2027/1903/1903 2000/3010/3008
f 1986/3011/3009 1988/3012/3010 1989/2983/2981
f 1990/3013/3011 1986/3011/3009 1989/2983/2981
f 1989/2983/2981 1988/3012/3010 2002/2982/2980
f 2028/1904/1904 2000/3010/3008 2001/1884/1884
f 2001/1884/1884 1990/3013/3011 1991/2956/2954
f 1991/2956/2954 1990/3013/3011 1989/2983/2981
f 2006/2986/2984 1996/2984/2982 2008/3014/3012
f 1996/2984/2982 1999/2985/2983 2008/3014/3012
f 2008/3014/3012 1999/2985/2983 2011/2960/2958
f 2012/3015/3013 2011/2960/2958 2075/2961/2959
f 2008/3014/3012 2011/2960/2958 2012/3015/3013
f 2041/2962/2960 2006/2986/2984 2025/1906/1906
f 2012/3015/3013 2075/2961/2959 2076/2963/2961
f 2025/1906/1906 2006/2986/2984 2008/3014/3012
f 2012/3015/3013 2076/2963/2961 2039/3016/3014
f 2069/1907/1907 2025/1906/1906 2057/3017/3015
f 2097/1887/1887 2069/1907/1907 2057/3017/3015
f 2039/3016/3014 2076/2963/2961 2124/2964/2962
f 2097/1887/1887 2057/3017/3015 2085/1888/1888
f 2039/3016/3014 2124/2964/2962 2040/3018/3016
f 2040/3018/3016 2124/2964/2962 2130/3019/3017
f 2120/3020/3018 2040/3018/3016 2130/3019/3017
f 2108/1889/1889 2085/1888/1888 2050/3021/3019
f 2108/1889/1889 2050/3021/3019 2098/1916/1916
f 2061/3022/3020 2121/3023/3021 2140/1910/1910
f 2115/1909/1909 2061/3022/3020 2140/1910/1910
f 2244/2991/2989 2235/2932/2930 2243/3024/3022
f 2243/3024/3022 2235/2932/2930 2236/2989/2987
f 1857/1913/1913 1876/1919/1919 1850/1918/1918
f 1851/3025/3023 1858/2993/2991 1855/2935/2933
f 1846/2996/2994 1851/3025/3023 1853/2896/2896
f 1851/3025/3023 1855/2935/2933 1853/2896/2896
f 1852/1914/1914 1857/1913/1913 1842/3026/3024
f 1843/1896/1896 1852/1914/1914 1842/3026/3024
f 1843/1896/1896 1842/3026/3024 1836/2938/2936
f 1838/2997/2995 1846/2996/2994 1848/2937/2935
f 1836/2938/2936 1842/3026/3024 1839/3027/3025
f 1836/2938/2936 1839/3027/3025 1838/2997/2995
f 1845/2936/2934 1838/2997/2995 1848/2937/2935
f 1984/3028/3026 1983/3003/3001 1985/3006/3004
f 1998/3005/3003 1981/3002/3000 1984/3028/3026
f 1981/3002/3000 1983/3003/3001 1984/3028/3026
f 1997/3008/3006 1998/3005/3003 1984/3028/3026
f 1997/3008/3006 1984/3028/3026 1986/3011/3009
f 1986/3011/3009 1984/3028/3026 1985/3006/3004
f 1986/3011/3009 1985/3006/3004 1987/3009/3007
f 1986/3011/3009 1987/3009/3007 1988/3012/3010
f 2013/3029/3027 2008/3014/3012 2012/3015/3013
f 2025/1906/1906 2008/3014/3012 2013/3029/3027
f 2014/3030/3028 2012/3015/3013 2039/3016/3014
f 2021/3031/3029 2025/1906/1906 2013/3029/3027
f 2013/3029/3027 2012/3015/3013 2014/3030/3028
f 2057/3017/3015 2025/1906/1906 2021/3031/3029
f 2057/3017/3015 2021/3031/3029 2037/3032/3030
f 2085/1888/1888 2057/3017/3015 2037/3032/3030
f 2014/3030/3028 2039/3016/3014 2040/3018/3016
f 2050/3021/3019 2085/1888/1888 2037/3032/3030
f 2020/3033/3031 2040/3018/3016 2120/3020/3018
f 2048/3034/3032 2020/3033/3031 2121/3023/3021
f 2121/3023/3021 2020/3033/3031 2120/3020/3018
f 2098/1916/1916 2050/3021/3019 2051/3035/3033
f 2098/1916/1916 2051/3035/3033 2083/1912/1912
f 2061/3022/3020 2048/3034/3032 2121/3023/3021
f 2083/1912/1912 2051/3035/3033 2022/3036/3034
f 2083/1912/1912 2022/3036/3034 2109/1894/1894
f 2023/3037/3035 2061/3022/3020 2115/1909/1909
f 2109/1894/1894 2022/3036/3034 2100/2988/2986
f 2022/3036/3034 2023/3037/3035 2100/2988/2986
f 2100/2988/2986 2023/3037/3035 2115/1909/1909
f 1865/1917/1917 1871/3038/3036 1856/3039/3037
f 1856/3039/3037 1871/3038/3036 1866/2992/2990
f 1856/3039/3037 1866/2992/2990 1858/2993/2991
f 1865/1917/1917 1856/3039/3037 1850/1918/1918
f 1850/1918/1918 1856/3039/3037 1847/3040/3038
f 1847/3040/3038 1856/3039/3037 1851/3025/3023
f 1856/3039/3037 1858/2993/2991 1851/3025/3023
f 1842/3026/3024 1857/1913/1913 1850/1918/1918
f 1842/3026/3024 1850/1918/1918 1847/3040/3038
f 1847/3040/3038 1851/3025/3023 1846/2996/2994
f 1842/3026/3024 1847/3040/3038 1839/3027/3025
f 1839/3027/3025 1847/3040/3038 1846/2996/2994
f 1839/3027/3025 1846/2996/2994 1838/2997/2995
f 2037/3032/3030 2021/3031/3029 2016/3041/3039
f 2016/3041/3039 2021/3031/3029 2013/3029/3027
f 2020/3033/3031 2014/3030/3028 2040/3018/3016
f 2014/3030/3028 2020/3033/3031 2015/3042/3040
f 2050/3021/3019 2037/3032/3030 2017/3043/3041
f 2017/3043/3041 2037/3032/3030 2016/3041/3039
f 2019/3044/3042 2020/3033/3031 2048/3034/3032
f 2020/3033/3031 2019/3044/3042 2015/3042/3040
f 2050/3021/3019 2017/3043/3041 2018/3045/3043
f 2051/3035/3033 2050/3021/3019 2018/3045/3043
f 2051/3035/3033 2018/3045/3043 2022/3036/3034
f 2061/3022/3020 2019/3044/3042 2048/3034/3032
f 2023/3037/3035 2019/3044/3042 2061/3022/3020
f 2017/3043/3041 2016/3041/3039 2015/3042/3040
f 2015/3042/3040 2016/3041/3039 2013/3029/3027
f 2015/3042/3040 2013/3029/3027 2014/3030/3028
f 2017/3043/3041 2015/3042/3040 2018/3045/3043
f 2018/3045/3043 2015/3042/3040 2019/3044/3042
f 2018/3045/3043 2019/3044/3042 2022/3036/3034
f 2022/3036/3034 2019/3044/3042 2023/3037/3035
