# Blender 4.3.2
# www.blender.org
mtllib glass-f.mtl
o geometry_0
v 0.031902 0.122861 0.103054
v 0.031936 0.110347 0.129175
v 0.032128 0.113520 0.093392
v 0.033743 0.124177 0.068322
v 0.034042 0.115913 0.037987
v 0.037904 0.128209 -0.019769
v 0.036336 0.138047 -0.003856
v 0.038244 0.137868 -0.044547
v 0.039696 0.137603 -0.080944
v 0.039706 0.128001 -0.086648
v 0.043378 0.138206 -0.115702
v 0.045102 0.128705 -0.126861
v 0.030990 0.121139 0.126243
v 0.030091 0.106446 0.168129
v 0.030861 0.094802 0.168153
v 0.030233 0.100758 0.191549
v 0.031034 0.075226 0.194577
v 0.030358 0.086270 0.206579
v 0.028266 0.124035 0.210550
v 0.027991 0.105656 0.221697
v 0.027140 0.142461 0.223448
v 0.030726 0.050013 0.206201
v 0.026642 0.147616 0.209316
v 0.027916 0.122882 0.195853
v 0.026017 0.186139 0.226890
v 0.025699 0.168849 0.237541
v 0.023748 0.262970 0.238895
v 0.024337 0.265546 0.227532
v 0.022479 0.344066 0.239002
v 0.022632 0.379537 0.223175
v 0.022894 0.348138 0.213075
v 0.022775 0.385300 0.206581
v 0.022226 0.404454 0.206982
v 0.021597 0.408522 0.179871
v 0.021228 0.401893 0.220579
v 0.021396 0.414759 0.202652
v 0.021009 0.420427 0.147577
v 0.024876 0.198508 0.215390
v 0.023556 0.261666 0.215223
v 0.020791 0.382484 0.235609
v 0.025499 0.120826 0.233332
v 0.032332 0.134204 0.069826
v 0.019501 0.430803 0.168303
v 0.022816 0.432075 0.074273
v 0.022945 0.419731 0.100011
v 0.026115 0.419613 0.033948
v 0.025658 0.431919 0.006701
v 0.028888 0.419757 -0.044580
v 0.027885 0.432098 -0.058141
v 0.032904 0.419632 -0.140999
v 0.027486 0.409867 -0.028636
v 0.030801 0.409889 -0.109699
v 0.025466 0.409939 0.031331
v 0.020561 0.409537 0.132481
v 0.020669 0.411402 0.152645
v 0.028020 0.117069 0.173087
v 0.031353 0.431407 -0.146249
v 0.034239 0.419383 -0.191042
v 0.032321 0.432695 -0.193068
v 0.033459 0.410145 -0.190022
v 0.036462 0.418436 -0.225258
v 0.036370 0.407529 -0.224420
v 0.033944 0.432654 -0.215586
v 0.020400 0.402833 0.165949
v 0.030226 0.077492 0.177610
v 0.029996 0.082552 0.167827
v 0.030767 0.096826 0.143353
v 0.030094 0.059038 0.192885
v 0.030238 0.039319 0.196291
v 0.031565 0.026409 0.206966
v 0.028612 0.055610 0.215875
v 0.029437 0.037125 0.216654
v 0.022117 0.369920 0.202242
v 0.020833 0.388940 0.182612
v 0.030588 -0.001019 0.196919
v 0.031957 -0.031389 0.206157
v 0.031411 -0.054047 0.195062
v 0.032014 -0.079761 0.196306
v 0.031201 -0.095632 0.204706
v 0.033669 -0.148566 0.191905
v 0.032368 -0.133592 0.181785
v 0.033444 -0.165658 0.179895
v 0.035530 -0.216108 0.182684
v 0.033810 -0.210919 0.193912
v 0.036092 -0.262571 0.179003
v 0.034107 -0.265180 0.189966
v 0.034937 -0.324009 0.185525
v 0.036961 -0.333488 0.175092
v 0.029953 -0.024080 0.216592
v 0.030883 -0.141000 0.205453
v 0.029796 -0.077992 0.211392
v 0.030239 0.104523 0.103522
v 0.029798 0.104005 0.077188
v 0.033542 0.433750 -0.227143
v 0.033927 -0.223743 0.170022
v 0.034826 -0.274733 0.168508
v 0.035631 -0.326802 0.165257
v 0.037629 -0.355067 0.165378
v 0.038804 -0.356780 0.175123
v 0.019119 0.404238 0.141815
v 0.034287 -0.338315 0.187648
v 0.036887 -0.358159 0.185031
v 0.023977 0.157146 0.196276
v 0.025310 0.136385 0.187070
v 0.025440 0.129286 0.173719
v 0.020798 0.358743 0.197309
v 0.019405 0.424172 0.204228
v 0.020921 0.326977 0.201590
v 0.026836 0.128368 0.148471
v 0.027903 0.134219 0.117375
v 0.022608 0.210406 0.248252
v 0.019437 0.339707 0.251613
v 0.018133 0.370692 0.249394
v 0.018751 0.413785 0.222796
v 0.034430 0.419394 -0.238775
v 0.034654 0.408163 -0.238324
v 0.022704 0.186660 0.201826
v 0.050505 0.129645 -0.152135
v 0.050665 0.139917 -0.151594
v 0.052331 0.130036 -0.167648
v 0.052265 0.139807 -0.166819
v 0.051631 0.141682 -0.178608
v 0.052217 0.129244 -0.178787
v 0.050202 0.138016 -0.190800
v 0.021358 0.274475 0.204255
v 0.049969 0.126911 -0.191633
v 0.021987 0.157976 0.250673
v 0.037633 0.119107 -0.082493
v 0.035566 0.116803 -0.012416
v 0.038790 0.119149 -0.098438
v 0.042191 0.119251 -0.125129
v 0.029639 -0.079521 0.183670
v 0.018315 0.390502 0.240535
v 0.049276 0.150766 -0.165319
v 0.017408 0.434722 0.188506
v 0.021826 0.213683 0.202676
v 0.032616 0.430134 -0.236869
v 0.049247 0.116417 -0.168265
v 0.049075 0.115830 -0.180076
v 0.029001 0.449419 -0.212657
v 0.023656 0.082401 0.231859
v 0.030715 -0.247340 0.199063
v 0.047724 0.150238 -0.151299
v 0.022469 0.131973 0.244958
v 0.020961 0.227579 0.252542
v 0.042685 0.144991 -0.120290
v 0.039193 0.144823 -0.097107
v 0.035933 0.147993 -0.071955
v 0.018308 0.395519 0.160176
v 0.041442 -0.367462 0.166793
v 0.041781 -0.368883 0.176845
v 0.047632 0.118667 -0.151881
v 0.017975 0.378618 0.176785
v 0.032632 0.398737 -0.238296
v 0.026843 0.061856 0.177415
v 0.029934 -0.202352 0.205025
v 0.027227 -0.086551 0.217593
v 0.028537 -0.146232 0.211325
v 0.028228 0.097169 0.111420
v 0.033504 0.396391 -0.225158
v 0.031396 0.401728 -0.195165
v 0.030345 0.402869 -0.172609
v 0.026452 0.040123 0.187567
v 0.017747 0.351609 0.187969
v 0.022138 0.140444 0.173271
v 0.021508 0.151547 0.182474
v 0.021630 0.140122 0.159959
v 0.023735 0.137443 0.139260
v 0.020631 0.171931 0.191644
v 0.016638 0.197763 0.188580
v 0.033922 0.147071 -0.022614
v 0.020036 0.432174 0.138535
v 0.015662 0.444512 0.136647
v 0.020727 0.445180 0.004231
v 0.024891 0.444269 -0.110850
v 0.048021 0.152449 -0.177283
v 0.027595 0.087329 0.137256
v 0.018512 0.150444 0.171089
v 0.017479 0.158554 0.175462
v 0.019906 0.404450 0.112956
v 0.030320 -0.161469 0.169956
v 0.047646 0.117862 -0.192326
v 0.016475 0.322714 0.188948
v 0.019259 0.285838 0.197893
v 0.047115 -0.382278 0.164426
v 0.048776 -0.390427 0.175844
v 0.050798 -0.393891 0.166113
v 0.050672 -0.406022 0.176165
v 0.052018 -0.405831 0.165378
v 0.051104 -0.418507 0.164592
v 0.048496 -0.420929 0.177518
v 0.050289 -0.406553 0.152634
v 0.049110 -0.395614 0.153586
v 0.048899 -0.420443 0.152381
v 0.040547 0.151131 -0.121146
v 0.025755 0.454088 -0.202524
v 0.027914 0.442083 -0.180876
v 0.028463 0.448566 -0.223279
v 0.026880 0.075700 0.159567
v 0.025167 0.402908 -0.027345
v 0.032174 0.109265 0.008857
v 0.036508 -0.365672 0.188967
v 0.030356 0.144904 0.039668
v 0.024669 0.027710 0.228215
v 0.015712 0.395589 0.136231
v 0.033152 -0.302666 0.160818
v 0.032831 -0.343587 0.155127
v 0.026503 0.143495 0.089296
v 0.044558 -0.433549 0.175707
v 0.046762 0.150161 -0.189630
v 0.015220 0.422484 0.224291
v 0.027568 -0.043531 0.185692
v 0.034511 -0.354550 0.189335
v 0.024631 0.052522 0.224775
v 0.045058 -0.404542 0.188879
v 0.045589 -0.435090 0.162796
v 0.020811 0.399253 0.048621
v 0.034733 -0.360141 0.154338
v 0.042847 -0.386352 0.187581
v 0.013799 0.437417 0.204664
v 0.014959 0.389231 0.153071
v 0.015254 0.403692 0.239220
v 0.036193 0.151398 -0.095678
v 0.029293 -0.341809 0.196483
v 0.038738 -0.371230 0.153974
v 0.014555 0.376910 0.168015
v 0.045959 -0.386653 0.153325
v 0.025068 -0.024838 0.226396
v 0.029359 0.439532 -0.235931
v 0.017507 0.169715 0.183070
v 0.031398 0.408535 -0.246556
v 0.042606 -0.418301 0.190370
v 0.012965 0.443669 0.188556
v 0.014387 0.349659 0.181376
v 0.015426 0.284774 0.188580
v 0.032937 0.108440 -0.077331
v 0.034928 0.109467 -0.104829
v 0.014984 0.379944 0.251737
v 0.015389 0.332035 0.259220
v 0.026373 0.000873 0.187865
v 0.038421 0.108820 -0.132113
v 0.044034 0.127135 -0.205051
v 0.028170 -0.292228 0.200141
v 0.016369 0.397014 0.114130
v 0.043710 0.109007 -0.154926
v 0.043212 -0.434229 0.150605
v 0.014317 0.358185 0.257911
v 0.029071 0.390622 -0.238530
v 0.011831 0.155617 0.157471
v 0.029608 0.419758 -0.249302
v 0.028541 0.430679 -0.245426
v 0.030015 0.389421 -0.223906
v 0.016427 0.220406 0.260293
v 0.042746 -0.421149 0.138896
v 0.044211 -0.407379 0.139307
v 0.043925 0.138360 -0.204131
v 0.030159 -0.232737 0.161163
v 0.024116 -0.122076 0.220516
v 0.022588 -0.061444 0.227236
v 0.025339 -0.193796 0.213367
v 0.018214 0.451321 -0.028652
v 0.019107 0.129797 0.250318
v 0.028011 -0.275463 0.153513
v 0.043214 -0.394915 0.141815
v 0.026236 -0.117464 0.169973
v 0.043320 0.149056 -0.198808
v 0.023564 0.451181 -0.184749
v 0.023185 0.449017 -0.166408
v 0.027139 0.150334 0.039485
v 0.029851 0.152295 -0.010570
v 0.041873 0.101989 -0.168525
v 0.041988 0.102172 -0.179335
v 0.021545 0.040054 0.231529
v 0.043053 0.158053 -0.151032
v 0.026471 -0.244787 0.206119
v 0.013792 0.451978 0.070645
v 0.017818 0.159725 0.257214
v 0.043351 0.160359 -0.165936
v 0.021247 0.396724 -0.012023
v 0.024542 0.396566 -0.105248
v 0.026781 0.393222 -0.195607
v 0.010465 0.451147 0.153342
v 0.029671 0.103890 -0.022583
v 0.027955 0.101505 0.042413
v 0.025568 0.095218 0.094198
v 0.024092 0.085125 0.126109
v 0.028838 0.394587 -0.244371
v 0.039962 -0.430027 0.188058
v 0.022743 0.459262 -0.212245
v 0.018730 0.144729 0.146653
v 0.020133 0.144993 0.128744
v 0.041526 0.105131 -0.191092
v 0.026887 0.397203 -0.169954
v 0.018118 0.454318 -0.109652
v 0.030135 -0.367982 0.198559
v 0.010668 0.432745 0.220222
v 0.022131 0.457153 -0.223490
v 0.027629 -0.168184 0.164539
v 0.018146 -0.037300 0.235146
v 0.021509 -0.187197 0.219078
v 0.019357 -0.098590 0.228699
v 0.010483 0.396693 0.250030
v 0.017727 0.017899 0.237451
v 0.009828 0.422094 0.233642
v 0.014864 0.080717 0.243631
v 0.010600 0.173545 0.172899
v 0.010389 0.184150 0.176433
v 0.013302 0.202625 0.183617
v 0.012125 0.294851 0.183101
v 0.010756 0.337555 0.178287
v 0.008188 0.349750 0.172382
v 0.018225 0.455818 -0.176498
v 0.039895 0.117022 -0.206588
v 0.010208 0.164951 0.166655
v 0.022519 -0.250517 0.210383
v 0.038445 0.101033 -0.154945
v 0.011967 0.336414 0.263024
v 0.024945 -0.221038 0.154584
v 0.023949 0.448313 -0.235635
v 0.013790 0.456610 -0.021737
v 0.026989 -0.342831 0.146451
v 0.028582 -0.363070 0.144632
v 0.024533 0.397385 -0.252914
v 0.022515 0.060773 0.168076
v 0.021824 0.072647 0.147267
v 0.021392 0.044772 0.178337
v 0.017985 0.034885 0.178445
v 0.023948 -0.306375 0.204299
v 0.034907 -0.395706 0.199570
v 0.027195 0.100185 -0.078974
v 0.029396 0.100654 -0.111393
v 0.032832 0.100553 -0.134794
v 0.023918 -0.354616 0.202628
v 0.015400 0.391518 0.048073
v 0.012382 0.391636 0.122729
v 0.009240 0.384616 0.140498
v 0.008474 0.378836 0.152456
v 0.007463 0.451817 0.178078
v 0.025791 0.408180 -0.254685
v 0.025326 -0.288503 0.148556
v 0.039020 0.109864 -0.202142
v 0.017027 0.455667 -0.154008
v 0.016200 0.052562 0.234930
v 0.008434 0.371929 0.160223
v 0.008150 0.361431 0.167633
v 0.020051 0.391175 -0.093914
v 0.016218 0.036359 0.238034
v 0.023170 -0.142689 0.161922
v 0.009417 0.456960 0.074157
v 0.014806 0.128820 0.255236
v 0.013816 0.154629 0.261412
v 0.035781 -0.406828 0.199297
v 0.007883 0.206582 0.176955
v 0.007172 0.326506 0.175491
v 0.022053 -0.047281 0.177580
v 0.021227 -0.015036 0.180756
v 0.019546 0.461071 -0.202141
v 0.025180 0.098430 0.008495
v 0.022495 0.093332 0.069383
v 0.019528 0.085740 0.103680
v 0.023539 0.381708 -0.228517
v 0.006586 0.449836 0.191799
v 0.023666 0.382859 -0.218770
v 0.034249 -0.373129 0.146255
v 0.008076 0.387085 0.117558
v 0.005776 0.456115 0.154118
v 0.008804 0.377744 0.258799
v 0.006765 0.288054 0.176748
v 0.006219 0.445195 0.206047
v 0.022265 -0.091676 0.169752
v 0.039397 -0.442196 0.163970
v 0.038972 -0.440458 0.175002
v 0.024153 0.430078 -0.251426
v 0.038022 -0.435712 0.184383
v 0.036171 -0.385304 0.139331
v 0.022475 0.382876 -0.239168
v 0.019788 0.445260 -0.243587
v 0.008309 0.359695 0.263380
v 0.018988 0.080642 0.121959
v 0.035906 -0.431716 0.137484
v 0.017201 0.057939 0.161195
v 0.018453 0.050750 0.170461
v 0.026386 -0.388074 0.204693
v 0.038017 -0.440890 0.152723
v 0.021319 0.389896 -0.178473
v 0.020103 0.385483 -0.198068
v 0.019513 0.389646 -0.154091
v 0.032484 0.092400 -0.165956
v 0.010752 0.214717 0.265391
v 0.021817 0.389148 -0.249868
v 0.033024 -0.421453 0.198635
v 0.010214 0.386619 0.059127
v 0.012678 0.387048 -0.007822
v 0.015744 0.386967 -0.094990
v 0.015843 -0.131838 0.228737
v 0.014658 -0.084368 0.233883
v 0.008620 0.320572 0.265967
v 0.034306 -0.437713 0.141441
v 0.030563 0.091276 -0.179617
v 0.020629 0.094138 0.009389
v 0.000921 0.184084 0.167373
v 0.001220 0.174089 0.163221
v 0.005691 0.411429 0.244586
v 0.005784 0.437685 0.219293
v 0.030837 0.099841 -0.200081
v 0.031254 0.107486 -0.208527
v 0.016656 0.382786 -0.247891
v -0.026738 0.126506 0.012593
v -0.027389 0.137059 0.033108
v -0.025410 0.126249 -0.031569
v -0.025075 0.137026 -0.044836
v -0.023459 0.126533 -0.075260
v -0.023442 0.137593 -0.096479
v -0.023287 0.125836 -0.121232
v -0.024049 0.137643 -0.124836
v -0.029844 0.125987 0.090547
v -0.028813 0.136470 0.086402
v -0.031285 0.135246 0.119352
v -0.026570 0.137548 -0.168613
v -0.026192 0.125970 -0.169275
v -0.025519 0.137099 -0.183218
v -0.027519 0.114619 0.074750
v -0.028847 0.113258 0.094665
v -0.023736 0.118045 -0.183254
v -0.030892 0.111783 0.113049
v -0.032785 0.123535 0.117144
v -0.022754 0.125469 -0.193838
v -0.024513 0.116294 0.009965
v -0.034801 0.111930 0.131829
v -0.036030 0.123032 0.135042
v -0.023694 0.147104 -0.182376
v -0.024553 0.148021 -0.168163
v -0.035235 0.135071 0.139845
v -0.023373 0.116471 -0.024352
v -0.020768 0.116411 -0.077429
v -0.023946 0.116407 -0.169548
v -0.020375 0.115496 -0.124944
v -0.033794 0.101425 0.136665
v -0.041360 0.109469 0.158240
v -0.042513 0.123360 0.160273
v -0.047372 0.128136 0.178831
v -0.046134 0.104455 0.179627
v -0.048971 0.111110 0.194666
v -0.050058 0.140842 0.192348
v -0.051487 0.154118 0.204638
v -0.045334 0.049171 0.203769
v -0.050782 0.167659 0.193707
v -0.052971 0.198115 0.206709
v -0.047241 0.084444 0.210695
v -0.045233 0.050306 0.209532
v -0.052374 0.178578 0.218784
v -0.056154 0.289838 0.218704
v -0.055309 0.289809 0.206968
v -0.058201 0.340582 0.217482
v -0.058428 0.376292 0.205311
v -0.045686 0.070768 0.195219
v -0.043023 0.040694 0.193649
v -0.042956 0.085200 0.176952
v -0.051545 0.222386 0.195969
v -0.045170 0.016597 0.204615
v -0.058026 0.368555 0.219473
v -0.049840 0.139769 0.216965
v -0.043130 0.017815 0.193590
v -0.042737 -0.035509 0.193220
v -0.043038 -0.071847 0.203424
v -0.042152 -0.093758 0.192301
v -0.041794 -0.136866 0.202799
v -0.041703 -0.158206 0.186213
v -0.041390 -0.178054 0.198063
v -0.040333 -0.177018 0.176774
v -0.041792 -0.191776 0.187070
v -0.040727 -0.229087 0.176095
v -0.040783 -0.238578 0.189572
v -0.039923 -0.271133 0.187348
v -0.039828 -0.281948 0.175642
v -0.038302 -0.270426 0.165425
v -0.037472 -0.321087 0.162804
v -0.038201 -0.334955 0.172431
v -0.035506 -0.385326 0.161045
v -0.038786 -0.308618 0.184785
v -0.035147 -0.394648 0.171269
v -0.037225 -0.338360 0.182084
v -0.033970 -0.406182 0.160335
v -0.047446 0.155952 0.179635
v -0.057437 0.335000 0.226718
v -0.032493 -0.399569 0.150914
v -0.053659 0.313828 0.196965
v -0.044257 0.005166 0.214115
v -0.055766 0.350497 0.197978
v -0.056289 0.379114 0.188971
v -0.057995 0.390540 0.192363
v -0.058121 0.401980 0.193181
v -0.057551 0.406283 0.173312
v -0.057104 0.415748 0.186927
v -0.057566 0.417183 0.171666
v -0.056875 0.421337 0.146232
v -0.054710 0.410743 0.135517
v -0.050933 0.413974 0.078374
v -0.056287 0.430862 0.151911
v -0.054029 0.433229 0.103660
v -0.051023 0.434559 0.056989
v -0.051225 0.422992 0.056971
v -0.044621 0.434287 -0.087982
v -0.044662 0.422842 -0.094506
v -0.043018 0.422863 -0.145347
v -0.042483 0.433248 -0.148730
v -0.043295 0.422496 -0.174770
v -0.043036 0.432677 -0.178990
v -0.055185 0.399124 0.163392
v -0.047105 0.413193 0.004395
v -0.041415 0.412530 -0.147692
v -0.043065 0.412512 -0.092755
v -0.042084 0.411207 -0.179703
v -0.040645 -0.209282 0.196606
v -0.057038 0.398417 0.209722
v -0.039933 -0.078604 0.183747
v -0.042888 -0.050313 0.211559
v -0.055571 0.304356 0.231257
v -0.052298 0.224012 0.233890
v -0.022575 0.137675 -0.194672
v -0.042331 0.058044 0.187366
v -0.031046 -0.410393 0.150223
v -0.037966 -0.216068 0.165980
v -0.048376 0.189717 0.186702
v -0.041361 -0.090891 0.209758
v -0.043458 0.137934 0.165384
v -0.050047 0.174083 0.233533
v -0.031844 -0.412637 0.171799
v -0.046180 0.432830 -0.206056
v -0.055509 0.430158 0.171307
v -0.048382 0.134894 0.223609
v -0.044100 0.048550 0.215734
v -0.022906 0.148169 -0.041988
v -0.021496 0.148412 -0.078979
v -0.021453 0.149155 -0.119198
v -0.048612 0.420935 -0.215355
v -0.047181 0.431652 -0.219285
v -0.046295 0.430393 -0.231011
v -0.048198 0.417607 -0.230396
v -0.047947 0.410085 -0.220243
v -0.047368 0.407446 -0.230894
v -0.044904 0.408215 -0.242611
v -0.045388 0.418387 -0.242332
v -0.046282 0.410095 -0.207296
v -0.056039 0.381484 0.223951
v -0.042108 0.397159 -0.242864
v -0.025478 0.145038 0.032876
v -0.052604 0.441419 0.118423
v -0.043840 0.396393 -0.221054
v -0.035001 -0.370445 0.180707
v -0.039457 0.137828 0.154759
v -0.038752 -0.152727 0.174256
v -0.044648 0.086659 0.222739
v -0.043319 0.394449 -0.231414
v -0.054540 0.349305 0.237834
v -0.044614 0.443065 -0.039289
v -0.040849 0.445531 -0.108226
v -0.038960 0.444481 -0.157815
v -0.039689 0.443079 -0.179447
v -0.043049 0.441729 -0.203481
v -0.053573 0.319707 0.240446
v -0.040489 -0.037175 0.186763
v -0.028969 -0.420964 0.160399
v -0.047269 0.446146 0.045225
v -0.031203 -0.404312 0.180929
v -0.034784 -0.316380 0.155519
v -0.035628 -0.256056 0.159092
v -0.042606 0.406377 -0.047100
v -0.047379 0.405938 0.066319
v -0.038903 0.405670 -0.146233
v -0.049555 0.402681 0.115648
v -0.048909 0.220297 0.189158
v -0.051370 0.324685 0.191287
v -0.051958 0.356467 0.186756
v -0.051570 0.370817 0.179617
v -0.054292 0.381688 0.179727
v -0.051367 0.384459 0.167664
v -0.050387 0.396713 0.143948
v -0.046268 0.159444 0.241163
v -0.044861 0.124371 0.231391
v -0.053712 0.419655 0.201223
v -0.053216 0.429890 0.186910
v -0.035590 -0.258039 0.202990
v -0.034908 -0.279322 0.200577
v -0.037202 -0.183589 0.211306
v -0.037676 -0.149628 0.214458
v -0.036220 -0.221907 0.207157
v -0.023381 0.105035 0.071274
v -0.024911 0.100424 0.103763
v -0.029069 0.102942 0.118363
v -0.046927 0.182142 0.244722
v -0.048763 0.234542 0.245438
v -0.038764 0.079986 0.168902
v -0.020946 0.107717 0.013882
v -0.038618 0.051941 0.181793
v -0.039785 0.156529 0.163490
v -0.052070 0.443302 0.152858
v -0.024707 0.148459 0.083122
v -0.026088 0.147089 0.120112
v -0.020203 0.107493 -0.169965
v -0.040383 0.023132 0.226524
v -0.039743 -0.007713 0.225677
v -0.043626 0.163274 0.172321
v -0.043211 0.442443 -0.216828
v -0.033687 -0.302562 0.199114
v -0.019578 0.149685 -0.193729
v -0.045443 0.187259 0.180552
v -0.042305 0.398953 -0.208398
v -0.018793 0.127718 -0.202477
v -0.037944 -0.072009 0.222350
v -0.037781 -0.113861 0.217385
v -0.023389 0.150764 0.037581
v -0.038131 0.402568 -0.172609
v -0.037529 0.396708 -0.194943
v -0.018259 0.110488 -0.074542
v -0.015541 0.106935 -0.122930
v -0.034853 -0.185988 0.162373
v -0.035769 -0.140418 0.169028
v -0.037060 -0.084133 0.176402
v -0.037348 -0.018184 0.181131
v -0.037771 0.034782 0.183748
v -0.031100 -0.379854 0.147923
v -0.042128 0.431298 -0.242175
v -0.053305 0.391161 0.227095
v -0.017332 0.110585 -0.194476
v -0.053238 0.410088 0.213131
v -0.027396 -0.406338 0.141938
v -0.045534 0.216361 0.182588
v -0.033839 -0.233865 0.156643
v -0.025885 0.094492 0.121467
v -0.034525 0.078641 0.159873
v -0.035395 0.150579 0.154089
v -0.051638 0.372510 0.238901
v -0.027389 -0.417590 0.148279
v -0.028808 -0.393765 0.143534
v -0.046052 0.268592 0.182897
v -0.038846 0.399194 -0.052024
v -0.035403 0.398968 -0.147669
v -0.040715 0.443936 -0.228413
v -0.030511 0.147119 0.140502
v -0.050185 0.446769 0.115013
v -0.032412 0.063738 0.166623
v -0.032759 0.046942 0.175255
v -0.032109 -0.310806 0.150568
v -0.043081 0.151152 0.246078
v -0.041600 0.115479 0.236077
v -0.040882 0.081470 0.229336
v -0.040391 0.046596 0.224666
v -0.051678 0.439485 0.172098
v -0.016320 0.103211 -0.182984
v -0.038997 0.417339 -0.254364
v -0.038622 0.407086 -0.254669
v -0.016694 0.138005 -0.205626
v -0.029049 -0.370734 0.194714
v -0.030725 -0.339578 0.196916
v -0.026326 -0.423404 0.172875
v -0.016218 0.117419 -0.202121
v -0.020452 0.156983 -0.167407
v -0.018715 0.157860 -0.181737
v -0.042391 0.399141 0.036902
v -0.044123 0.396825 0.095058
v -0.045622 0.395154 0.123285
v -0.018459 0.154609 -0.076178
v -0.019540 0.155068 -0.035854
v -0.041259 0.182496 0.173910
v -0.041133 0.451745 -0.029017
v -0.027085 -0.404135 0.189475
v -0.024980 -0.419986 0.182465
v -0.047279 0.325795 0.184788
v -0.045693 0.345466 0.180150
v -0.036652 0.388095 -0.243274
v -0.045286 0.361501 0.174460
v -0.044716 0.374603 0.164593
v -0.049718 0.322751 0.248014
v -0.049896 0.350397 0.246628
v -0.016248 0.101825 -0.005734
v -0.019160 0.099712 0.061836
v -0.018835 0.092536 0.100367
v -0.015779 0.159192 -0.114024
v -0.024067 -0.415891 0.187497
v -0.037041 0.451461 -0.118517
v -0.049736 0.407553 0.223319
v -0.046706 0.452222 0.116225
v -0.042674 0.180472 0.252304
v -0.014183 0.104184 -0.073585
v -0.012124 0.102702 -0.111225
v -0.038526 0.449794 -0.203906
v -0.036001 0.449236 -0.178017
v -0.044424 0.381306 0.155835
v -0.029453 0.074060 0.154402
v -0.015146 0.100037 -0.170185
v -0.028269 0.086171 0.138740
v -0.043550 0.387024 0.142277
v -0.034162 0.397541 -0.256004
v -0.010434 0.097818 -0.147172
v -0.018688 0.085662 0.120936
v -0.033205 0.392764 -0.086536
v -0.049589 0.390186 0.234777
v -0.045096 0.267000 0.253306
v -0.013443 0.125872 -0.209562
v -0.032600 0.394608 -0.172970
v -0.035539 0.383427 -0.231128
v -0.038545 0.393751 0.038562
v -0.047817 0.429162 0.204548
v -0.034665 0.392941 -0.038814
v -0.017398 0.159952 0.026514
v -0.038311 0.450190 -0.215619
v -0.021346 -0.419775 0.140588
v -0.035406 0.384835 -0.219693
v -0.019570 -0.429527 0.149759
v -0.047621 0.421496 0.214124
v -0.014434 0.160813 -0.072309
v -0.032093 -0.115092 0.166750
v -0.035681 0.429171 -0.253072
v -0.037948 0.389729 0.098725
v -0.039225 0.388139 0.124328
v -0.047086 0.439299 0.189595
v -0.021313 0.153501 0.095622
v -0.033608 -0.122086 0.222895
v -0.031696 0.394197 -0.148757
v -0.032702 -0.064874 0.172984
v -0.022578 -0.408366 0.136360
v -0.022279 0.152787 0.123974
v -0.010314 0.148557 -0.208735
v -0.036814 0.441558 -0.240471
v -0.038778 0.455915 -0.016235
v -0.033680 0.011291 0.178151
v -0.016493 0.161797 -0.156476
v -0.032137 0.454221 -0.156577
v -0.046388 0.447096 0.173153
v -0.046086 0.451670 0.156296
v -0.012298 0.160550 -0.193911
v -0.030191 0.158900 0.153656
v -0.011341 0.154745 -0.202471
v -0.026675 -0.319097 0.144246
v -0.027812 -0.148457 0.159385
v -0.027062 -0.186565 0.153935
v -0.024795 -0.375040 0.141332
v -0.030003 0.032057 0.175681
v -0.022276 0.079136 0.137478
v -0.022196 -0.395042 0.136251
v -0.009005 0.100562 -0.194938
v -0.033003 0.456545 -0.118904
v -0.012600 0.166830 -0.168467
v -0.009667 0.107879 -0.202892
v -0.023090 0.156900 0.141386
v -0.030171 -0.236985 0.152646
v -0.029559 0.388394 -0.253633
v -0.005959 0.116553 -0.213153
v -0.007496 0.137507 -0.214989
v -0.016234 -0.420841 0.135577
v -0.021763 0.065933 0.152661
v -0.043818 0.409925 0.230237
v -0.042525 0.456866 0.119737
v -0.010252 0.167558 -0.180182
v -0.028923 -0.095675 0.165948
v -0.028782 -0.033480 0.171858
v -0.022868 0.057564 0.160707
v -0.027464 0.407743 -0.264467
v -0.028820 0.417617 -0.263376
v -0.023629 0.045942 0.167624
v -0.009261 0.168736 -0.150769
v -0.011500 0.164705 -0.129976
v -0.009624 0.164921 -0.086603
v -0.005368 0.126034 -0.216470
v -0.017345 0.157533 0.101208
v -0.014982 0.161281 0.052444
v -0.011205 0.164846 -0.025714
v -0.024961 0.164643 0.153436
v -0.002979 0.106591 -0.208386
v -0.028946 0.442757 -0.248064
v -0.038047 0.427228 0.220984
v -0.028752 0.431967 -0.257549
v -0.017416 0.156917 0.123721
v -0.004540 0.160075 -0.203604
v -0.005494 0.166400 -0.192603
v -0.008622 0.378647 -0.091449
v -0.001657 0.380229 -0.153098
v -0.003439 0.378219 -0.088865
v -0.011808 0.381726 -0.151125
v -0.001663 0.379959 -0.171790
v -0.012528 0.381867 -0.170509
v -0.015978 0.380514 -0.086671
v -0.018182 0.380868 -0.037726
v -0.011631 0.380785 -0.182337
v -0.000785 0.378562 -0.187747
v -0.012656 0.377813 0.069630
v -0.009047 0.377619 0.061276
v -0.012997 0.379160 -0.042041
v -0.019752 0.379085 0.077011
v -0.021562 0.379599 0.117467
v -0.011696 0.377964 0.104556
v -0.011538 0.377558 0.121634
v -0.023519 0.376666 0.138278
v -0.012031 0.374814 0.138595
v -0.022005 0.384265 -0.188121
v -0.028084 0.382137 0.116591
v -0.026580 0.382037 0.081556
v -0.021028 0.385673 -0.152032
v -0.023941 0.387181 -0.170631
v -0.032738 0.380760 0.136764
v -0.025009 0.385412 -0.085340
v -0.027593 0.385786 -0.015909
v -0.016569 0.378821 -0.201486
v -0.026767 0.382363 -0.206309
v -0.000380 0.375972 -0.201044
v -0.033399 0.385860 0.099744
v -0.039225 0.388139 0.124328
v -0.043550 0.387024 0.142277
v -0.027049 0.389846 -0.151162
v -0.023227 0.376047 -0.220859
v -0.012370 0.373025 -0.217724
v -0.016530 0.372499 -0.229727
v -0.027027 0.376930 -0.231440
v -0.000683 0.371923 -0.217823
v 0.000707 0.370989 -0.228643
v -0.021196 0.376620 -0.243175
v -0.011487 0.373332 -0.240497
v 0.000005 0.372567 -0.239305
v -0.028839 0.380928 -0.244270
v 0.002795 0.380985 -0.162954
v 0.001817 0.379210 -0.090944
v 0.005345 0.379116 -0.191138
v -0.005178 0.379056 0.105820
v -0.003197 0.378682 0.059530
v -0.012065 0.377483 -0.249607
v -0.000407 0.380276 0.122519
v 0.013390 0.375837 -0.216734
v -0.001550 0.377948 0.133791
v -0.001050 0.375185 0.143132
v 0.000021 0.377050 -0.249515
v -0.031839 0.375336 0.147865
v -0.012273 0.369156 0.148967
v -0.035406 0.384835 -0.219693
v 0.009785 0.382857 -0.148673
v 0.010830 0.382814 -0.172174
v 0.012991 0.376329 -0.239594
v 0.015143 0.375711 -0.227888
v 0.013043 0.381121 -0.195346
v 0.001090 0.381535 0.105551
v 0.008749 0.381980 -0.089210
v 0.003335 0.381349 0.057854
v -0.032079 0.391740 -0.189261
v -0.035539 0.383427 -0.231128
v -0.037948 0.389729 0.098725
v -0.028528 0.386286 -0.198421
v -0.032600 0.394608 -0.172970
v -0.034665 0.392941 -0.038814
v -0.033205 0.392764 -0.086536
v -0.031696 0.394197 -0.148757
v -0.020657 0.385261 -0.256762
v -0.044424 0.381306 0.155835
v -0.036652 0.388095 -0.243274
v -0.012339 0.383164 -0.257157
v -0.037529 0.396708 -0.194943
v -0.029559 0.388394 -0.253633
v 0.010598 0.381126 -0.251017
v -0.000386 0.368731 0.154289
v -0.025168 0.366264 0.155993
v -0.035102 0.370312 0.158220
v -0.044716 0.374603 0.164593
v 0.016656 0.382786 -0.247891
v 0.021319 0.389896 -0.178473
v 0.020103 0.385483 -0.198068
v 0.009240 0.384616 0.140498
v 0.008076 0.387085 0.117558
v 0.015744 0.386967 -0.094990
v 0.019513 0.389646 -0.154091
v 0.023539 0.381708 -0.228517
v 0.022475 0.382876 -0.239168
v 0.023666 0.382859 -0.218770
v 0.010214 0.386619 0.059127
v 0.012678 0.387048 -0.007822
v 0.008474 0.378836 0.152456
v 0.008434 0.371929 0.160223
v -0.008458 0.467345 0.007385
v -0.004501 0.465710 0.074464
v 0.001895 0.464934 -0.027578
v 0.000848 0.465436 -0.068844
v -0.006312 0.466817 -0.078031
v -0.013354 0.467445 0.071982
v -0.014474 0.466355 0.124190
v -0.003377 0.463521 0.124820
v -0.007643 0.463504 0.148416
v -0.004595 0.465873 -0.120056
v 0.006146 0.463081 -0.119357
v 0.005030 0.462199 -0.166587
v -0.001718 0.463771 -0.156504
v -0.000625 0.464139 -0.179207
v 0.011229 0.462233 -0.184146
v -0.015372 0.464326 0.154805
v -0.003232 0.461458 0.156901
v 0.011227 0.459905 -0.167268
v 0.001616 0.463797 0.043643
v -0.003401 0.459006 0.175267
v 0.010784 0.465871 -0.202296
v -0.002621 0.467176 -0.201116
v -0.000397 0.467114 -0.212622
v 0.013788 0.464637 -0.212272
v -0.016816 0.460801 0.176381
v -0.007392 0.463302 -0.168651
v -0.013253 0.467391 -0.002329
v 0.010830 0.462762 -0.223709
v -0.004049 0.455116 0.191411
v -0.014852 0.456721 0.190183
v 0.010659 0.460365 -0.065724
v 0.012003 0.459828 -0.124061
v 0.019546 0.461071 -0.202141
v 0.002285 0.460339 0.124618
v 0.006473 0.460836 0.044286
v -0.017857 0.465879 -0.077650
v -0.017126 0.464482 -0.125363
v -0.025737 0.465870 0.086440
v -0.028076 0.464774 0.123957
v -0.022132 0.466137 -0.007547
v -0.003452 0.463865 -0.224779
v -0.028505 0.462636 0.153892
v -0.016030 0.465065 -0.203494
v -0.016041 0.461919 -0.168417
v -0.017659 0.464084 -0.214913
v -0.003966 0.450135 0.204994
v -0.029749 0.458228 0.174808
v -0.017999 0.460897 -0.226393
v 0.006586 0.449836 0.191799
v 0.022743 0.459262 -0.212245
v 0.006219 0.445195 0.206047
v 0.005776 0.456115 0.154118
v 0.022131 0.457153 -0.223490
v 0.007463 0.451817 0.178078
v 0.018225 0.455818 -0.176498
v 0.017027 0.455667 -0.154008
v 0.009417 0.456960 0.074157
v -0.017213 0.449609 0.205892
v 0.013790 0.456610 -0.021737
v 0.012254 0.456876 -0.234621
v -0.001463 0.456996 -0.238371
v 0.018118 0.454318 -0.109652
v -0.003701 0.441997 0.218903
v 0.005784 0.437685 0.219293
v -0.028084 0.454070 0.189110
v -0.023722 0.464258 -0.067322
v -0.029331 0.463928 0.031369
v -0.016125 0.455133 -0.239063
v -0.024216 0.459611 -0.155891
v -0.023366 0.459407 -0.175518
v -0.027045 0.460806 -0.120116
v -0.036200 0.461068 0.127092
v -0.015104 0.440006 0.221075
v -0.037271 0.460659 0.092596
v -0.039525 0.457615 0.153388
v -0.029850 0.458707 -0.203979
v -0.032901 0.461104 -0.019215
v -0.030375 0.457819 -0.215325
v -0.031048 0.454205 -0.227392
v -0.038004 0.453933 0.174191
v -0.031509 0.444025 0.205694
v -0.028172 0.435033 0.220757
v -0.030033 0.455390 -0.175831
v -0.032137 0.454221 -0.156577
v -0.011509 0.449310 -0.248304
v -0.029540 0.449379 -0.239245
v -0.042525 0.456866 0.119737
v -0.038939 0.448299 0.187519
v 0.004346 0.449774 -0.246892
v -0.033003 0.456545 -0.118904
v -0.046086 0.451670 0.156296
v -0.038778 0.455915 -0.016235
v -0.046388 0.447096 0.173153
v -0.000507 0.427824 0.234554
v -0.015610 0.428914 0.233195
v -0.005656 0.424617 0.238116
v 0.023949 0.448313 -0.235635
v -0.028946 0.442757 -0.248064
v -0.040170 0.437264 0.205968
v -0.038311 0.450190 -0.215619
v -0.000658 0.440732 -0.256852
v -0.015711 0.440214 -0.256747
v -0.036001 0.449236 -0.178017
v -0.038526 0.449794 -0.203906
v -0.023901 0.424169 0.234242
v -0.047086 0.439299 0.189595
v -0.040715 0.443936 -0.228413
v -0.036814 0.441558 -0.240471
v -0.038047 0.427228 0.220984
v -0.047817 0.429162 0.204548
v -0.047621 0.421496 0.214124
v -0.035384 0.414360 0.234849
v -0.028752 0.431967 -0.257549
v 0.009828 0.422094 0.233642
v -0.010174 -0.001214 0.246064
v -0.009062 -0.044693 0.243183
v 0.004620 -0.038649 0.242885
v 0.003496 0.007428 0.245655
v -0.010451 0.022036 0.246565
v 0.002874 0.034022 0.245632
v 0.003076 -0.100642 0.237841
v -0.008693 -0.098701 0.238660
v -0.007788 -0.137518 0.234933
v -0.009919 0.036356 0.246100
v 0.006395 -0.104547 0.236873
v 0.006727 -0.151123 0.232131
v -0.007221 -0.162550 0.232125
v 0.004337 -0.180053 0.228932
v -0.006634 -0.207010 0.225767
v 0.008683 -0.229147 0.221295
v -0.006141 -0.253789 0.218389
v 0.009348 -0.259583 0.216769
v -0.004597 -0.280254 0.215730
v 0.010081 -0.295754 0.212831
v -0.003349 -0.319416 0.212233
v 0.010255 -0.343017 0.209948
v -0.002884 -0.351186 0.210171
v 0.008259 -0.364069 0.209594
v 0.002875 -0.402365 0.208666
v 0.013758 -0.368085 0.208592
v 0.008664 -0.187563 0.227028
v 0.012350 -0.403710 0.209336
v 0.000686 -0.418623 0.204578
v 0.013698 -0.420765 0.205590
v 0.026564 -0.415397 0.204114
v -0.003642 -0.393753 0.207807
v -0.016425 -0.299441 0.210903
v -0.016769 -0.251786 0.216207
v -0.017469 -0.174518 0.227926
v -0.018456 -0.210674 0.222127
v -0.021216 -0.003275 0.242945
v -0.020219 -0.051592 0.239660
v -0.019601 -0.078575 0.237403
v -0.019192 -0.144472 0.230968
v -0.018717 -0.111317 0.234499
v -0.007109 -0.409158 0.204480
v -0.021696 0.031672 0.243279
v -0.014260 -0.348602 0.206851
v 0.025703 -0.403060 0.206015
v -0.012774 -0.393225 0.203742
v -0.006108 0.049328 0.242970
v 0.003620 0.051555 0.241762
v 0.001713 0.075760 0.249530
v -0.010553 0.063448 0.247035
v -0.007172 0.092231 0.253152
v 0.001322 0.098174 0.254441
v -0.012529 0.090246 0.252146
v -0.012661 0.125076 0.261439
v 0.000817 0.150828 0.266917
v -0.012818 0.154426 0.267355
v -0.000125 0.174699 0.269029
v -0.013277 0.177257 0.268886
v -0.003200 0.231154 0.270167
v -0.014204 0.234379 0.269873
v -0.004457 0.303869 0.270436
v -0.014889 0.327541 0.270005
v -0.001474 0.325567 0.270030
v -0.003085 0.346481 0.269383
v -0.016078 0.347241 0.268675
v -0.012883 0.048240 0.242579
v 0.001792 0.214536 0.269234
v -0.016129 0.361432 0.266715
v -0.024890 0.249985 0.266844
v -0.025860 0.327890 0.266719
v -0.024452 0.174570 0.265187
v -0.002528 0.361858 0.267121
v -0.025168 0.151004 0.262465
v -0.026296 0.132875 0.258359
v -0.019117 0.112764 0.256055
v -0.031239 0.346397 0.263294
v -0.024170 0.057345 0.240874
v -0.024375 0.047454 0.238347
v -0.023859 0.090343 0.247708
v -0.002806 0.378914 0.262845
v -0.018658 0.378702 0.261503
v -0.032251 0.363835 0.259849
v -0.036240 0.262019 0.261235
v -0.035868 0.328667 0.261639
v -0.025686 -0.255300 0.211181
v -0.023853 -0.221373 0.217500
v -0.025814 -0.177500 0.223135
v -0.032028 0.176313 0.261264
v -0.026565 0.104353 0.249948
v -0.022512 -0.350150 0.202030
v -0.026864 -0.287930 0.206200
v -0.027603 -0.128510 0.227415
v -0.026800 -0.074937 0.233301
v -0.008979 -0.421683 0.198512
v 0.003416 -0.428970 0.199068
v 0.014837 -0.430838 0.199977
v -0.028134 -0.000159 0.238600
v -0.032012 0.024032 0.236545
v -0.031575 -0.018125 0.234772
v -0.036555 0.150515 0.254878
v -0.018515 -0.408519 0.197111
v -0.029921 -0.205436 0.215844
v -0.014869 0.395183 0.255753
v -0.002384 0.395753 0.256539
v -0.034705 0.378459 0.254329
v -0.034324 0.046458 0.231318
v -0.030044 -0.160767 0.222058
v -0.030532 0.038618 0.236534
v -0.021353 -0.391367 0.197736
v -0.029049 -0.370734 0.194714
v -0.038474 0.193188 0.257220
v -0.039860 0.362015 0.255263
v -0.033676 0.077882 0.237536
v -0.033019 0.131120 0.252908
v -0.030725 -0.339578 0.196916
v -0.033687 -0.302562 0.199114
v -0.034908 -0.279322 0.200577
v -0.034893 0.101785 0.241724
v -0.044791 0.353519 0.252785
v -0.035590 -0.258039 0.202990
v -0.044742 0.325779 0.254597
v -0.041893 0.272793 0.256794
v -0.042674 0.180472 0.252304
v -0.030961 -0.096843 0.227720
v -0.025424 0.395598 0.252111
v -0.033608 -0.122086 0.222895
v -0.027085 -0.404135 0.189475
v -0.035489 0.395422 0.246503
v -0.017213 -0.421774 0.191322
v -0.044890 0.375998 0.246911
v -0.044396 0.392641 0.240344
v -0.045096 0.267000 0.253306
v -0.036220 -0.221907 0.207157
v -0.037202 -0.183589 0.211306
v -0.037944 -0.072009 0.222350
v -0.024067 -0.415891 0.187497
v -0.037676 -0.149628 0.214458
v -0.040391 0.046596 0.224666
v -0.040882 0.081470 0.229336
v -0.040383 0.023132 0.226524
v -0.039743 -0.007713 0.225677
v -0.016007 0.411712 0.246470
v -0.027403 0.411367 0.242126
v -0.008239 -0.430254 0.191531
v -0.049896 0.350397 0.246628
v -0.041600 0.115479 0.236077
v -0.049718 0.322751 0.248014
v -0.003297 0.410438 0.248603
v 0.014811 -0.436211 0.195435
v -0.035384 0.414360 0.234849
v -0.043818 0.409925 0.230237
v -0.043081 0.151152 0.246078
v -0.051638 0.372510 0.238901
v 0.027615 -0.428611 0.198407
v 0.003556 -0.436974 0.190939
v 0.010342 0.124373 0.257238
v -0.023901 0.424169 0.234242
v 0.008689 0.151222 0.263872
v 0.008586 0.170299 0.265508
v -0.049589 0.390186 0.234777
v -0.016457 -0.428128 0.185711
v -0.024980 -0.419986 0.182465
v -0.015610 0.428914 0.233195
v 0.006888 0.345796 0.265701
v 0.008309 0.359695 0.263380
v 0.008620 0.320572 0.265967
v 0.009130 0.098673 0.251349
v 0.007579 0.073145 0.246271
v -0.005656 0.424617 0.238116
v 0.010752 0.214717 0.265391
v 0.026386 -0.388074 0.204693
v 0.008804 0.377744 0.258799
v 0.006602 0.395644 0.253151
v 0.009843 0.032829 0.242513
v 0.018707 -0.290561 0.209077
v 0.017944 -0.346560 0.206399
v 0.012987 -0.002746 0.240618
v 0.023918 -0.354616 0.202628
v 0.019260 -0.250891 0.212680
v 0.012382 -0.039894 0.238907
v 0.033024 -0.421453 0.198635
v 0.017277 -0.186059 0.222401
v 0.013816 0.154629 0.261412
v 0.014658 -0.084368 0.233883
v 0.015843 -0.131838 0.228737
v 0.016200 0.052562 0.234930
v 0.023948 -0.306375 0.204299
v 0.014864 0.080717 0.243631
v 0.014806 0.128820 0.255236
v 0.030232 -0.439510 0.187685
v 0.035781 -0.406828 0.199297
v 0.022519 -0.250517 0.210383
v 0.011967 0.336414 0.263024
v 0.016218 0.036359 0.238034
v 0.005691 0.411429 0.244586
v 0.017727 0.017899 0.237451
v 0.034907 -0.395706 0.199570
v 0.018146 -0.037300 0.235146
v -0.000507 0.427824 0.234554
v 0.021509 -0.187197 0.219078
v -0.038047 0.427228 0.220984
v 0.010483 0.396693 0.250030
v 0.039962 -0.430027 0.188058
v 0.009828 0.422094 0.233642
v 0.038022 -0.435712 0.184383
v 0.003598 -0.225150 0.143672
v -0.006137 -0.178274 0.147591
v 0.007614 -0.185592 0.148082
v 0.005142 -0.144682 0.152313
v -0.006331 -0.125239 0.153951
v 0.004811 -0.112802 0.156465
v -0.007192 -0.089191 0.158895
v 0.006111 -0.083602 0.161346
v -0.008205 -0.052327 0.163378
v -0.005002 -0.229024 0.142935
v 0.000341 -0.260750 0.140421
v 0.010657 -0.235922 0.144045
v 0.008864 -0.292018 0.138308
v -0.003634 -0.294996 0.136817
v -0.000876 -0.313034 0.135434
v 0.002527 -0.362195 0.132578
v 0.013114 -0.360524 0.134667
v 0.004445 -0.044818 0.167097
v 0.014221 -0.374188 0.132125
v -0.001441 -0.373782 0.131302
v -0.001585 -0.022233 0.168197
v 0.010082 -0.130693 0.155346
v -0.009664 -0.264311 0.140702
v -0.005342 -0.363208 0.133095
v -0.009156 0.005961 0.168447
v -0.012453 -0.020932 0.166573
v -0.012486 0.009059 0.168309
v -0.011111 0.031033 0.168262
v -0.006441 0.029236 0.168646
v -0.016732 -0.209860 0.146446
v -0.015416 -0.304239 0.138452
v -0.015650 -0.252018 0.142715
v -0.020409 -0.053913 0.165269
v -0.019172 -0.078067 0.162627
v -0.017230 -0.117083 0.156880
v -0.017016 -0.150479 0.153218
v -0.017042 -0.176962 0.149849
v -0.022899 0.013587 0.170611
v -0.021203 -0.028394 0.167705
v -0.022562 0.032498 0.170805
v -0.015258 -0.375442 0.135184
v 0.014592 -0.394829 0.123705
v -0.001724 -0.394393 0.126009
v 0.010691 -0.396405 0.123560
v 0.014301 -0.409027 0.122768
v -0.003223 -0.408861 0.125985
v 0.027434 -0.408161 0.125073
v 0.005761 -0.419970 0.125658
v 0.016571 -0.421930 0.124807
v 0.026119 -0.397130 0.126270
v 0.027449 -0.388472 0.130271
v -0.014571 -0.407128 0.130537
v -0.014875 -0.395180 0.131060
v 0.027790 -0.419729 0.126814
v -0.004598 -0.420196 0.128719
v 0.013332 -0.282748 0.140573
v -0.023044 -0.119581 0.159480
v -0.028923 -0.095675 0.165948
v -0.025917 -0.238744 0.148869
v -0.023807 -0.292052 0.143687
v -0.023208 -0.334504 0.141094
v -0.027062 -0.186565 0.153935
v -0.027812 -0.148457 0.159385
v -0.028782 -0.033480 0.171858
v -0.030003 0.032057 0.175681
v -0.001601 0.038561 0.165100
v -0.014156 0.043163 0.164534
v -0.023629 0.045942 0.167624
v -0.024795 -0.375040 0.141332
v -0.022196 -0.395042 0.136251
v -0.026675 -0.319097 0.144246
v 0.004693 -0.429665 0.129790
v -0.022578 -0.408366 0.136360
v -0.016234 -0.420841 0.135577
v -0.030171 -0.236985 0.152646
v 0.006820 -0.000770 0.173840
v -0.002480 0.013717 0.172043
v 0.012121 0.021379 0.176063
v 0.000505 0.027240 0.172342
v 0.012571 0.036697 0.174572
v 0.014540 -0.001249 0.176934
v 0.012289 -0.031717 0.173219
v 0.016260 -0.189284 0.151389
v 0.014820 -0.096375 0.163008
v 0.015147 -0.128614 0.158080
v 0.020576 -0.357530 0.138896
v 0.014953 -0.063520 0.169223
v 0.024307 -0.373307 0.137356
v 0.018330 -0.245825 0.146972
v 0.017001 -0.280807 0.142465
v 0.020208 -0.322500 0.141735
v 0.027301 -0.431261 0.131558
v 0.022053 -0.047281 0.177580
v 0.019790 -0.433694 0.131079
v 0.034376 -0.397523 0.131213
v 0.033915 -0.420944 0.130552
v 0.036439 -0.408339 0.130913
v -0.011468 0.049852 0.160030
v -0.000519 0.048813 0.158952
v 0.023170 -0.142689 0.161922
v 0.017985 0.034885 0.178445
v 0.020798 0.012558 0.181962
v 0.021227 -0.015036 0.180756
v 0.021392 0.044772 0.178337
v 0.022265 -0.091676 0.169752
v 0.024945 -0.221038 0.154584
v 0.025326 -0.288503 0.148556
v 0.028011 -0.275463 0.153513
v 0.026989 -0.342831 0.146451
v 0.028582 -0.363070 0.144632
v 0.034249 -0.373129 0.146255
v 0.036171 -0.385304 0.139331
v 0.004328 0.045545 0.163195
v 0.035906 -0.431716 0.137484
v 0.042746 -0.421149 0.138896
v 0.026373 0.000873 0.187865
v 0.044211 -0.407379 0.139307
v -0.022868 0.057564 0.160707
v 0.043214 -0.394915 0.141815
v 0.018453 0.050750 0.170461
v -0.005445 -0.431439 0.135874
v 0.024630 -0.441195 0.139706
v 0.034306 -0.437713 0.141441
v 0.002578 0.092612 -0.083061
v 0.011365 0.091747 -0.077300
v 0.009242 0.090135 -0.021802
v 0.000415 0.090979 -0.022361
v 0.009425 0.088916 0.007873
v 0.013482 0.091923 -0.108143
v 0.001854 0.087759 0.044259
v 0.003598 0.092354 -0.115804
v 0.009450 0.087618 0.044681
v -0.000117 0.084384 0.082659
v 0.008606 0.084447 0.078557
v 0.014803 0.092250 -0.064534
v 0.008036 0.080923 0.099492
v -0.005817 0.078923 0.118884
v 0.005005 0.090393 -0.137105
v 0.016876 0.091038 -0.133381
v 0.015293 0.089396 -0.141756
v 0.007446 0.085652 -0.167836
v 0.017815 0.085429 -0.167693
v 0.005767 0.086933 -0.181398
v 0.018402 0.086495 -0.180270
v -0.003745 0.088937 0.047960
v -0.005593 0.084720 0.090511
v 0.017388 0.090434 -0.193291
v 0.002258 0.087078 -0.167846
v 0.027197 0.089112 -0.166300
v 0.016627 0.090929 0.039274
v 0.022079 0.095040 -0.109348
v 0.021077 0.095082 -0.076911
v 0.030563 0.091276 -0.179617
v 0.016829 0.087779 0.078876
v 0.025831 0.094923 -0.134523
v 0.019528 0.085740 0.103680
v 0.029080 0.093498 -0.190959
v 0.006293 0.090887 -0.192611
v 0.018988 0.080642 0.121959
v 0.008871 0.076327 0.120072
v 0.001448 0.076449 0.120326
v 0.032484 0.092400 -0.165956
v 0.006493 0.068692 0.134692
v -0.003541 0.069546 0.135820
v 0.016285 0.073210 0.134823
v -0.004646 0.094601 -0.135084
v -0.001843 0.094701 -0.108359
v -0.004500 0.095537 -0.073507
v -0.005800 0.093785 -0.020739
v -0.006089 0.091476 -0.169443
v -0.006807 0.093462 -0.182216
v -0.002423 0.094517 -0.192656
v -0.008682 0.092095 0.040088
v -0.012948 0.091937 0.069939
v -0.012032 0.086378 0.102256
v -0.018688 0.085662 0.120936
v -0.007419 0.098255 -0.111109
v -0.013367 0.072708 0.137644
v 0.006799 0.099642 -0.206941
v 0.013884 0.099402 -0.207532
v 0.005739 0.060486 0.147535
v -0.011476 0.097512 -0.014294
v -0.009562 0.099339 -0.074755
v -0.014724 0.096255 0.048208
v 0.000299 0.099310 -0.202565
v -0.010434 0.097818 -0.147172
v -0.012124 0.102702 -0.111225
v -0.018835 0.092536 0.100367
v -0.009005 0.100562 -0.194938
v -0.022276 0.079136 0.137478
v -0.015146 0.100037 -0.170185
v -0.016248 0.101825 -0.005734
v -0.019160 0.099712 0.061836
v -0.016320 0.103211 -0.182984
v -0.014183 0.104184 -0.073585
v -0.004253 0.060241 0.148357
v -0.021763 0.065933 0.152661
v 0.023301 0.099494 -0.205766
v -0.002979 0.106591 -0.208386
v -0.009667 0.107879 -0.202892
v 0.009112 0.059365 0.151154
v -0.000519 0.048813 0.158952
v -0.007550 0.054185 0.155250
v -0.011468 0.049852 0.160030
v -0.022868 0.057564 0.160707
v 0.004328 0.045545 0.163195
v 0.011373 0.108127 -0.215117
v 0.030837 0.099841 -0.200081
v 0.020513 0.108501 -0.214788
v 0.022495 0.093332 0.069383
v 0.020629 0.094138 0.009389
v 0.015792 0.064321 0.150481
v 0.017201 0.057939 0.161195
v 0.005964 0.115967 -0.218779
v 0.029396 0.100654 -0.111393
v 0.032832 0.100553 -0.134794
v 0.027195 0.100185 -0.078974
v 0.021824 0.072647 0.147267
v 0.031254 0.107486 -0.208527
v 0.041526 0.105131 -0.191092
v 0.018453 0.050750 0.170461
v -0.005959 0.116553 -0.213153
v -0.015792 0.222972 0.167329
v -0.016982 0.259832 0.167998
v -0.011128 0.228933 0.167769
v -0.012074 0.303573 0.168514
v -0.017531 0.311590 0.168748
v -0.013070 0.200571 0.165711
v -0.024258 0.277256 0.169158
v -0.026240 0.220055 0.168790
v -0.025971 0.195889 0.166641
v -0.013108 0.330934 0.167230
v -0.027048 0.316731 0.170735
v -0.025741 0.331510 0.169461
v -0.012064 0.184651 0.162568
v -0.025158 0.183725 0.163732
v -0.013670 0.346638 0.164234
v -0.027398 0.346165 0.167593
v -0.036749 0.269989 0.174172
v -0.035121 0.314855 0.174343
v -0.035750 0.225729 0.173352
v -0.034432 0.202319 0.171469
v -0.033238 0.184640 0.167944
v -0.040277 0.331606 0.176992
v -0.035675 0.346527 0.171811
v -0.042000 0.311036 0.178823
v -0.034642 0.171802 0.164558
v -0.041301 0.215695 0.177495
v -0.041259 0.182496 0.173910
v -0.024371 0.173014 0.159031
v -0.045693 0.345466 0.180150
v -0.033899 0.359932 0.165567
v -0.026013 0.358649 0.162042
v -0.013434 0.359338 0.158669
v -0.042537 0.363549 0.170274
v -0.010015 0.173885 0.157912
v -0.039785 0.156529 0.163490
v -0.047279 0.325795 0.184788
v -0.046052 0.268592 0.182897
v -0.045534 0.216361 0.182588
v -0.045443 0.187259 0.180552
v -0.045286 0.361501 0.174460
v -0.024961 0.164643 0.153436
v -0.030191 0.158900 0.153656
v -0.035395 0.150579 0.154089
v -0.003208 0.332249 0.168583
v -0.001256 0.304677 0.170971
v -0.001155 0.346566 0.166476
v -0.004248 0.281104 0.170161
v -0.013260 0.169853 0.154247
v -0.003608 0.223694 0.169764
v -0.003302 0.199784 0.168231
v 0.001331 0.224369 0.172056
v -0.001703 0.358074 0.161712
v 0.000921 0.184084 0.167373
v 0.002550 0.326850 0.171967
v 0.002013 0.198581 0.171100
v -0.025168 0.366264 0.155993
v -0.035102 0.370312 0.158220
v 0.001220 0.174089 0.163221
v 0.006765 0.288054 0.176748
v -0.044716 0.374603 0.164593
v -0.006739 0.364676 0.155360
v -0.000386 0.368731 0.154289
v -0.012273 0.369156 0.148967
v 0.008188 0.349750 0.172382
v 0.007883 0.206582 0.176955
v 0.007172 0.326506 0.175491
v 0.008150 0.361431 0.167633
v 0.008434 0.371929 0.160223
v 0.000340 0.169793 -0.094800
v 0.006121 0.169459 -0.054904
v 0.010549 0.169214 -0.068052
v 0.010847 0.170740 -0.108496
v -0.001709 0.168808 -0.024092
v 0.000595 0.171912 -0.130638
v 0.005782 0.167693 0.013864
v -0.002815 0.167751 0.023554
v 0.004190 0.164920 0.061250
v -0.002027 0.165346 0.063696
v 0.012027 0.172717 -0.131809
v -0.006649 0.161377 0.118521
v -0.006108 0.165243 0.060080
v 0.007928 0.175292 -0.152493
v 0.018158 0.175936 -0.162817
v 0.014076 0.176535 -0.166427
v 0.002465 0.175418 -0.164581
v 0.003361 0.174750 -0.180396
v 0.018817 0.175231 -0.178752
v 0.003080 0.159787 0.120564
v 0.000848 0.160505 0.135960
v -0.009030 0.161342 0.129308
v 0.017615 0.171171 -0.127256
v 0.017024 0.168555 -0.099058
v -0.008921 0.163115 0.142854
v 0.000824 0.161355 0.143770
v 0.012730 0.166804 -0.018204
v -0.014031 0.162213 0.142950
v 0.027446 0.172899 -0.161809
v 0.011516 0.164145 0.035709
v 0.014595 0.171478 -0.193542
v 0.023523 0.168161 -0.121527
v 0.020005 0.165493 -0.073950
v 0.011993 0.160788 0.068225
v 0.033388 0.169303 -0.177631
v 0.017520 0.164395 -0.018284
v 0.027060 0.169782 -0.189745
v 0.032236 0.168791 -0.151749
v 0.025513 0.164457 -0.105466
v 0.036758 0.164918 -0.150736
v 0.018693 0.159945 0.032683
v 0.036849 0.167127 -0.164705
v 0.016228 0.155538 0.087511
v 0.013554 0.151708 0.130177
v 0.022495 0.161242 -0.024390
v 0.010408 0.154216 0.146132
v 0.028962 0.158177 -0.070997
v 0.024592 0.156366 0.013658
v 0.021266 0.151441 0.084506
v 0.030372 0.159258 -0.096754
v 0.035634 0.159711 -0.125503
v 0.041642 0.161877 -0.178743
v 0.011831 0.155617 0.157471
v 0.038260 0.161828 -0.190368
v 0.021678 0.166683 -0.200117
v 0.043351 0.160359 -0.165936
v 0.020133 0.144993 0.128744
v 0.018730 0.144729 0.146653
v 0.043053 0.158053 -0.151032
v 0.027139 0.150334 0.039485
v 0.029851 0.152295 -0.010570
v 0.032804 0.160536 -0.201020
v 0.036193 0.151398 -0.095678
v 0.040547 0.151131 -0.121146
v 0.026503 0.143495 0.089296
v 0.001763 0.165202 0.155269
v -0.003920 0.166845 0.152955
v -0.013260 0.169853 0.154247
v 0.035933 0.147993 -0.071955
v 0.048021 0.152449 -0.177283
v 0.046762 0.150161 -0.189630
v -0.010015 0.173885 0.157912
v 0.010208 0.164951 0.166655
v 0.002964 0.170893 -0.191902
v -0.010551 0.160318 0.119464
v -0.011965 0.162010 0.080263
v -0.009827 0.165499 0.025143
v -0.004057 0.168222 -0.070044
v -0.005378 0.167845 -0.108778
v 0.004306 0.165892 -0.201730
v -0.004484 0.172638 -0.164839
v -0.017416 0.156917 0.123721
v -0.009261 0.168736 -0.150769
v -0.014982 0.161281 0.052444
v -0.011205 0.164846 -0.025714
v -0.017345 0.157533 0.101208
v 0.001220 0.174089 0.163221
v -0.010252 0.167558 -0.180182
v -0.009624 0.164921 -0.086603
v -0.005494 0.166400 -0.192603
v -0.011500 0.164705 -0.129976
v -0.023090 0.156900 0.141386
v -0.024961 0.164643 0.153436
v -0.012600 0.166830 -0.168467
v -0.004540 0.160075 -0.203604
v -0.017398 0.159952 0.026514
v 0.006837 -0.446205 0.162961
v 0.013031 -0.446188 0.151223
v 0.019301 -0.448384 0.161431
v 0.016109 -0.446974 0.174637
v 0.000683 -0.443210 0.172976
v -0.009925 -0.439115 0.161668
v -0.006799 -0.439313 0.150911
v -0.010580 -0.438003 0.171863
v 0.006805 -0.442380 0.144701
v 0.006192 -0.441940 0.183107
v -0.005524 -0.437550 0.182581
v -0.020283 -0.431556 0.161403
v -0.017992 -0.432233 0.173541
v -0.019570 -0.429527 0.149759
v 0.015631 -0.443763 0.184093
v -0.016457 -0.428128 0.185711
v 0.003556 -0.436974 0.190939
v -0.026326 -0.423404 0.172875
v -0.008239 -0.430254 0.191531
v -0.024980 -0.419986 0.182465
v -0.028969 -0.420964 0.160399
v -0.013688 -0.431213 0.143869
v 0.002252 -0.437602 0.138212
v 0.030316 -0.446120 0.174208
v 0.029512 -0.447537 0.163026
v 0.028702 -0.446064 0.151498
v 0.017589 -0.440968 0.137904
v -0.005445 -0.431439 0.135874
v 0.023957 -0.442762 0.185026
v 0.014811 -0.436211 0.195435
v 0.024630 -0.441195 0.139706
v -0.021346 -0.419775 0.140588
v -0.016234 -0.420841 0.135577
v 0.004693 -0.429665 0.129790
v 0.030232 -0.439510 0.187685
v 0.019790 -0.433694 0.131079
v 0.039397 -0.442196 0.163970
v 0.034306 -0.437713 0.141441
v 0.038017 -0.440890 0.152723
v 0.038972 -0.440458 0.175002
v 0.038022 -0.435712 0.184383
v 0.014116 0.136359 -0.222546
v 0.025101 0.137130 -0.220350
v 0.019076 0.126399 -0.222367
v 0.028467 0.126533 -0.219226
v 0.013621 0.145249 -0.219936
v 0.022781 0.149951 -0.216380
v 0.013141 0.153004 -0.216060
v 0.033539 0.149932 -0.210641
v 0.036050 0.137830 -0.213577
v 0.031142 0.153717 -0.209289
v 0.036620 0.126902 -0.213569
v 0.021010 0.159417 -0.209585
v 0.012909 0.161257 -0.209267
v 0.032804 0.160536 -0.201020
v 0.043925 0.138360 -0.204131
v 0.043320 0.149056 -0.198808
v 0.021678 0.166683 -0.200117
v 0.038260 0.161828 -0.190368
v 0.044034 0.127135 -0.205051
v 0.046762 0.150161 -0.189630
v 0.031016 0.116377 -0.214687
v 0.039895 0.117022 -0.206588
v 0.018827 0.116000 -0.219652
v 0.003788 0.136687 -0.221050
v 0.006140 0.125898 -0.221971
v 0.002681 0.147091 -0.217374
v 0.001880 0.158006 -0.210051
v 0.014595 0.171478 -0.193542
v 0.004306 0.165892 -0.201730
v 0.005964 0.115967 -0.218779
v 0.020513 0.108501 -0.214788
v -0.007496 0.137507 -0.214989
v -0.010314 0.148557 -0.208735
v -0.005368 0.126034 -0.216470
v -0.004540 0.160075 -0.203604
v 0.011373 0.108127 -0.215117
v 0.031254 0.107486 -0.208527
v -0.005959 0.116553 -0.213153
v -0.011341 0.154745 -0.202471
v -0.012354 0.407489 -0.268803
v -0.000263 0.418617 -0.267876
v 0.003880 0.407637 -0.267436
v -0.015316 0.417765 -0.268133
v 0.001927 0.398056 -0.265816
v -0.012942 0.397210 -0.266282
v 0.014688 0.418880 -0.262587
v 0.016925 0.407601 -0.261829
v 0.012651 0.396521 -0.261268
v 0.005808 0.388034 -0.259442
v -0.003088 0.385249 -0.259485
v 0.016524 0.388189 -0.253913
v 0.024533 0.397385 -0.252914
v 0.025791 0.408180 -0.254685
v 0.022545 0.418891 -0.257085
v 0.021817 0.389148 -0.249868
v 0.010598 0.381126 -0.251017
v -0.012339 0.383164 -0.257157
v 0.016656 0.382786 -0.247891
v 0.000021 0.377050 -0.249515
v -0.020657 0.385261 -0.256762
v -0.023811 0.396931 -0.262800
v -0.027464 0.407743 -0.264467
v 0.005171 0.429075 -0.262694
v 0.015285 0.430218 -0.258070
v -0.015884 0.427863 -0.264691
v -0.004810 0.429023 -0.264553
v -0.028820 0.417617 -0.263376
v 0.024153 0.430078 -0.251426
v 0.029608 0.419758 -0.249302
v -0.000658 0.440732 -0.256852
v 0.013988 0.440619 -0.251693
v -0.015711 0.440214 -0.256747
v 0.019788 0.445260 -0.243587
v -0.028752 0.431967 -0.257549
v 0.004346 0.449774 -0.246892
v 0.012254 0.456876 -0.234621
v 0.023949 0.448313 -0.235635
v -0.034162 0.397541 -0.256004
v -0.029559 0.388394 -0.253633
vn -0.2956 -0.9548 -0.0319
vn -0.0220 -0.9996 -0.0200
vn -0.1200 -0.9744 0.1902
vn 0.2530 -0.9363 0.2435
vn 0.2968 -0.9546 -0.0234
vn -0.1576 -0.9555 -0.2493
vn 0.2421 -0.9244 -0.2947
vn -0.2785 -0.8984 0.3397
vn -0.3470 -0.9231 0.1655
vn -0.0626 -0.8985 0.4345
vn 0.1286 -0.8593 0.4950
vn 0.3671 -0.8033 0.4690
vn 0.5151 -0.7932 0.3249
vn 0.4978 -0.8670 -0.0226
vn -0.4649 -0.8850 -0.0231
vn -0.4431 -0.8639 -0.2396
vn 0.4942 -0.8245 -0.2757
vn -0.2594 -0.8908 -0.3730
vn 0.4296 -0.7978 -0.4232
vn -0.0721 -0.8304 -0.5525
vn 0.2359 -0.8246 -0.5142
vn -0.2794 -0.8241 0.4927
vn -0.0118 -0.8205 0.5715
vn -0.4576 -0.8122 0.3618
vn 0.5356 -0.7304 0.4238
vn -0.5204 -0.8419 0.1428
vn 0.7155 -0.6519 -0.2513
vn 0.8908 -0.4500 -0.0636
vn 0.7583 -0.6509 0.0356
vn 0.8135 -0.4507 -0.3676
vn -0.3320 -0.7754 -0.5372
vn 0.0918 -0.5146 -0.8525
vn 0.3443 -0.4940 -0.7984
vn 0.3133 -0.6512 -0.6912
vn 0.3881 -0.6213 -0.6807
vn -0.0283 -0.6794 -0.7332
vn -0.4565 -0.7523 0.4749
vn -0.6043 -0.7144 0.3528
vn -0.6507 -0.7191 0.2439
vn 0.7189 -0.5686 0.3998
vn 0.8652 -0.4458 0.2296
vn 0.7997 -0.3324 0.5000
vn -0.6724 -0.7390 -0.0418
vn -0.6523 -0.7101 -0.2650
vn -0.5510 -0.6872 -0.4734
vn -0.4658 -0.6659 -0.5827
vn -0.1817 -0.6730 -0.7170
vn 0.5539 -0.4119 -0.7235
vn -0.2599 -0.5893 0.7649
vn 0.0475 -0.6741 0.7371
vn 0.0310 -0.5475 0.8362
vn -0.7433 -0.6537 0.1419
vn -0.5935 -0.5864 -0.5512
vn 0.5758 -0.2295 -0.7847
vn -0.2008 -0.4368 -0.8768
vn 0.0729 -0.3038 -0.9499
vn -0.7090 -0.6322 0.3124
vn -0.7694 -0.6363 -0.0563
vn -0.6439 -0.5756 -0.5040
vn -0.4861 -0.3188 -0.8137
vn -0.3892 -0.3228 -0.8628
vn -0.4131 -0.4666 -0.7821
vn 0.6942 -0.1609 -0.7016
vn -0.1901 -0.2262 -0.9553
vn 0.3170 -0.2580 -0.9127
vn -0.6304 -0.4657 0.6211
vn -0.6962 -0.5070 0.5082
vn -0.6327 -0.5534 0.5417
vn -0.6976 -0.3531 0.6234
vn -0.9049 -0.4132 -0.1018
vn -0.8127 -0.4404 -0.3816
vn -0.7706 -0.5456 -0.3293
vn -0.7576 -0.3739 -0.5350
vn -0.8828 -0.4345 0.1787
vn -0.9398 -0.2986 0.1661
vn -0.8722 -0.3332 0.3581
vn -0.9818 -0.1747 -0.0744
vn -0.9252 -0.2490 -0.2864
vn -0.8313 -0.1707 -0.5290
vn -0.7519 -0.1341 -0.6454
vn -0.6971 -0.3141 -0.6445
vn -0.4680 -0.0833 -0.8798
vn 0.6565 -0.0059 -0.7543
vn -0.2556 -0.0561 -0.9652
vn 0.3388 -0.0012 -0.9408
vn -0.0281 -0.0531 -0.9982
vn -0.6203 -0.2372 0.7476
vn -0.6977 -0.1792 0.6936
vn -0.8719 -0.2902 0.3943
vn -0.8838 -0.1923 0.4264
vn -0.9205 -0.1543 0.3590
vn -0.5732 -0.1113 -0.8118
vn 0.7329 0.0958 -0.6735
vn -0.9913 -0.0838 0.1019
vn -0.9417 -0.0255 -0.3355
vn 0.6342 0.2408 -0.7347
vn -0.6225 -0.1197 0.7735
vn 0.3725 0.2365 -0.8974
vn -0.2700 0.1619 -0.9492
vn -0.1601 0.0430 -0.9862
vn 0.0997 0.2794 -0.9550
vn -0.7947 0.0293 -0.6063
vn -0.7349 0.0520 -0.6762
vn -0.5630 0.0999 -0.8204
vn -0.4472 0.1203 -0.8863
vn -0.9912 -0.0400 -0.1263
vn 0.4177 0.4000 -0.8158
vn -0.9119 -0.0967 0.3990
vn 0.6049 0.4127 -0.6811
vn -0.9323 -0.0881 0.3508
vn -0.8127 0.0129 -0.5825
vn -0.7323 0.0383 -0.6799
vn -0.4111 0.0838 -0.9077
vn -0.1095 0.2345 -0.9659
vn -0.5594 0.0492 -0.8274
vn 0.2348 0.2996 -0.9247
vn 0.7495 0.3981 -0.5289
vn 0.8267 0.3609 -0.4317
vn 0.8246 0.3100 -0.4732
vn 0.5449 0.3540 -0.7601
vn -0.5039 -0.0987 0.8581
vn -0.5587 -0.0924 0.8242
vn -0.9160 -0.0854 0.3921
vn -0.9990 -0.0397 -0.0180
vn -0.1847 0.0560 -0.9812
vn -0.9162 0.0027 -0.4007
vn 0.6469 0.1884 -0.7389
vn 0.6144 0.3753 -0.6940
vn 0.3185 0.0837 -0.9442
vn 0.5526 0.1060 -0.8267
vn 0.1029 0.0777 -0.9916
vn 0.9626 0.1446 -0.2290
vn 0.9267 0.3362 -0.1678
vn -0.8034 0.0228 -0.5950
vn -0.7361 0.0222 -0.6765
vn -0.9592 -0.0763 0.2722
vn -0.9711 -0.0125 -0.2382
vn -0.5251 0.0304 -0.8505
vn -0.6180 0.0414 -0.7850
vn 0.0348 0.0661 -0.9972
vn 0.1732 0.0792 -0.9817
vn -0.9825 -0.0509 0.1794
vn -0.3223 0.0604 -0.9447
vn 0.8275 0.0667 -0.5575
vn 0.8563 0.0482 -0.5143
vn 0.8925 0.0616 -0.4468
vn 0.4333 0.0752 -0.8981
vn -0.9291 -0.0759 0.3621
vn -0.0903 0.0797 -0.9927
vn -0.3897 -0.0778 0.9177
vn -0.3671 -0.0963 0.9252
vn -0.5262 0.0502 -0.8489
vn -0.9976 -0.0209 -0.0657
vn 0.5757 0.0698 -0.8147
vn 0.6215 0.0598 -0.7811
vn -0.5706 -0.0992 0.8152
vn -0.6217 -0.0948 0.7775
vn -0.9855 -0.0392 0.1649
vn -0.9681 -0.0011 -0.2507
vn -0.9130 0.0122 -0.4077
vn -0.6446 0.0527 -0.7627
vn -0.1324 0.0860 -0.9875
vn -0.9489 -0.0584 0.3103
vn -0.6404 -0.1086 0.7603
vn -0.8059 0.0429 -0.5905
vn -0.7244 0.0434 -0.6880
vn -0.4987 0.0674 -0.8641
vn 0.0556 0.0906 -0.9943
vn -0.9530 -0.0599 0.2970
vn -0.9879 -0.0394 0.1498
vn -0.3066 0.0766 -0.9487
vn -0.5404 -0.1164 0.8333
vn 0.5856 0.0805 -0.8066
vn 0.3010 0.0913 -0.9492
vn 0.1009 0.0912 -0.9907
vn -0.9929 -0.0073 -0.1189
vn 0.8733 0.0508 -0.4845
vn 0.9614 0.0374 -0.2726
vn 0.9163 0.0400 -0.3984
vn 0.2441 -0.1103 0.9634
vn 0.4893 -0.1062 0.8656
vn 0.2506 -0.1384 0.9581
vn -0.0807 0.0847 -0.9931
vn -0.6506 -0.1109 0.7513
vn -0.9373 0.0225 -0.3477
vn -0.3136 0.0834 -0.9459
vn -0.9432 -0.0570 0.3274
vn -0.9685 -0.0452 0.2449
vn 0.9997 0.0209 -0.0127
vn 0.9998 0.0097 0.0201
vn 0.5106 0.0946 -0.8546
vn -0.0301 0.1049 -0.9940
vn -0.9997 -0.0090 -0.0228
vn -0.9757 0.0152 -0.2185
vn -0.8179 0.0613 -0.5720
vn -0.4966 0.0863 -0.8637
vn 0.6240 0.0758 -0.7777
vn 0.2319 0.1032 -0.9672
vn 0.5189 -0.1018 0.8487
vn 0.5721 -0.0916 0.8151
vn 0.6003 -0.0891 0.7948
vn -0.7260 0.0708 -0.6840
vn 0.8174 0.0649 -0.5724
vn 0.8277 0.0706 -0.5567
vn -0.9529 -0.0454 0.2998
vn -0.7292 -0.0880 0.6786
vn -0.7140 -0.0929 0.6939
vn -0.9850 -0.0266 0.1706
vn -0.3281 0.1105 -0.9382
vn -0.9221 0.0369 -0.3852
vn -0.7008 -0.0879 0.7079
vn -0.9992 -0.0030 -0.0391
vn -0.7255 0.0750 -0.6841
vn 0.1138 0.1185 -0.9864
vn 0.3629 0.1200 -0.9241
vn -0.9424 -0.0392 0.3321
vn -0.0716 0.1235 -0.9898
vn 0.9850 0.0422 -0.1676
vn 0.9823 0.0462 -0.1813
vn 0.9969 0.0175 0.0763
vn -0.8445 0.0526 -0.5329
vn -0.4913 0.1013 -0.8651
vn -0.3613 0.1044 -0.9266
vn -0.9937 -0.0216 0.1100
vn 0.4986 0.1214 -0.8583
vn 0.5998 0.1064 -0.7930
vn -0.0773 -0.1263 0.9890
vn -0.3941 -0.1024 0.9134
vn -0.3191 -0.1317 0.9385
vn -0.5684 -0.0844 0.8184
vn -0.5241 -0.1143 0.8440
vn -0.7087 -0.0730 0.7017
vn -0.7582 -0.0777 0.6474
vn -0.4869 0.0980 -0.8679
vn -0.2529 0.1193 -0.9601
vn -0.9932 -0.0014 -0.1164
vn -0.7475 0.0659 -0.6610
vn -0.9444 0.0208 -0.3280
vn 0.1284 0.1413 -0.9816
vn -0.8358 -0.0584 0.5459
vn -0.9045 -0.0462 0.4240
vn -0.3996 -0.0920 0.9120
vn -0.6975 0.0744 -0.7127
vn -0.4908 0.0909 -0.8665
vn 0.5225 0.1438 -0.8404
vn -0.8452 0.0444 -0.5327
vn -0.9591 -0.0374 0.2807
vn -0.9997 -0.0223 0.0107
vn -0.0372 0.1335 -0.9903
vn 0.2537 0.1466 -0.9561
vn 0.9986 0.0227 -0.0481
vn -0.6963 -0.0679 0.7145
vn -0.7527 -0.0591 0.6557
vn -0.5663 -0.0782 0.8205
vn -0.9296 -0.0486 0.3655
vn -0.7236 0.0536 -0.6881
vn -0.3096 0.1110 -0.9444
vn 0.0455 0.1112 -0.9928
vn -0.6649 0.0478 -0.7454
vn 0.5444 0.1500 -0.8253
vn 0.6118 0.1375 -0.7790
vn -0.3435 0.0832 -0.9355
vn -0.9836 -0.0096 -0.1804
vn -0.8516 0.0248 -0.5236
vn -0.4980 0.0589 -0.8652
vn 0.3483 0.1482 -0.9256
vn -0.6995 -0.0571 0.7123
vn -0.9596 -0.0416 0.2784
vn 0.5771 0.1142 -0.8086
vn -0.9185 0.0099 -0.3953
vn 0.8386 0.0940 -0.5365
vn 0.7946 0.1040 -0.5982
vn 0.8734 0.0685 -0.4822
vn -0.4523 -0.0735 0.8888
vn 0.4592 0.1144 -0.8809
vn -0.1569 0.0709 -0.9851
vn -0.3496 0.0611 -0.9349
vn 0.3381 0.1056 -0.9352
vn -0.7056 0.0359 -0.7077
vn 0.7765 0.0642 -0.6269
vn 0.5093 0.0593 -0.8585
vn -0.5608 -0.0443 0.8268
vn -0.9415 -0.0388 0.3347
vn -0.9796 -0.0232 0.1996
vn 0.8508 0.0170 -0.5252
vn 0.3522 0.0774 -0.9327
vn 0.2522 0.0711 -0.9651
vn -0.9416 0.0035 -0.3366
vn -0.6916 -0.0308 -0.7216
vn -0.3691 0.0429 -0.9284
vn -0.9982 -0.0168 -0.0573
vn 0.6284 0.0089 -0.7779
vn 0.6580 0.0612 -0.7505
vn -0.1544 0.0306 -0.9875
vn -0.5215 -0.0060 -0.8532
vn 0.7439 0.0174 -0.6680
vn 0.3512 0.0082 -0.9363
vn -0.6959 0.0064 0.7181
vn -0.7658 -0.0133 0.6429
vn 0.3901 -0.0236 -0.9205
vn -0.9427 -0.0076 0.3335
vn -0.9970 -0.0502 -0.0596
vn 0.3602 -0.2129 -0.9082
vn -0.1189 -0.1423 -0.9827
vn 0.3272 -0.1542 -0.9323
vn -0.8330 -0.0160 -0.5530
vn 0.7482 -0.0586 -0.6609
vn 0.8672 -0.0870 -0.4903
vn 0.5761 -0.0816 -0.8133
vn -0.3362 -0.1022 -0.9362
vn 0.4873 -0.3519 -0.7992
vn -0.9536 -0.0375 0.2988
vn -0.9948 -0.0258 0.0989
vn -0.9438 -0.0549 -0.3259
vn 0.1741 -0.4691 -0.8658
vn -0.6369 0.1189 0.7617
vn -0.7507 0.0086 0.6606
vn -0.2358 -0.3549 -0.9047
vn -0.9253 -0.0261 0.3784
vn -0.8661 -0.1786 -0.4669
vn -0.7210 -0.2139 -0.6591
vn -0.6408 -0.2875 -0.7118
vn -0.4076 -0.3414 -0.8469
vn 0.6275 -0.3647 -0.6879
vn -0.1032 0.1378 0.9851
vn -0.2748 -0.0031 0.9615
vn -0.4048 0.0473 0.9132
vn 0.4671 -0.4867 -0.7382
vn -0.2584 -0.4754 -0.8410
vn 0.0306 -0.5163 -0.8558
vn 0.5836 -0.4433 -0.6804
vn -0.9757 -0.0929 -0.1985
vn -0.9380 -0.1205 -0.3249
vn -0.3593 -0.4598 -0.8121
vn 0.4478 -0.6733 -0.5883
vn 0.5443 -0.6555 -0.5235
vn 0.5251 -0.6366 -0.5648
vn -0.2873 -0.5807 -0.7618
vn -0.3240 -0.6159 -0.7181
vn -0.0441 -0.7013 -0.7115
vn -0.6836 -0.0888 0.7245
vn -0.7675 -0.1222 0.6293
vn -0.9074 -0.0856 0.4114
vn -0.9903 -0.0622 0.1239
vn 0.7486 -0.4247 -0.5091
vn 0.8274 -0.4289 -0.3626
vn 0.8018 -0.3090 -0.5115
vn -0.7516 -0.3412 -0.5645
vn -0.6574 -0.4112 -0.6314
vn -0.3842 -0.5764 -0.7212
vn 0.1195 -0.7834 -0.6100
vn 0.4793 -0.7124 -0.5126
vn 0.5914 -0.6887 -0.4194
vn -0.2553 -0.7289 -0.6352
vn -0.4749 -0.1801 0.8614
vn -0.6665 -0.1453 0.7312
vn -0.9436 -0.0827 0.3206
vn -0.9450 -0.1568 -0.2871
vn -0.6727 -0.5131 -0.5331
vn -0.4012 -0.6749 -0.6193
vn 0.9871 -0.1166 -0.1099
vn 1.0000 -0.0037 -0.0043
vn 0.9818 -0.0865 -0.1692
vn -0.8849 -0.2557 -0.3892
vn -0.7360 -0.4805 -0.4769
vn 0.7666 -0.5188 -0.3783
vn 0.8126 -0.5169 -0.2692
vn 0.6455 -0.6738 -0.3596
vn -0.4280 -0.7567 -0.4941
vn -0.2073 -0.8381 -0.5045
vn 0.4806 -0.7785 -0.4037
vn -0.8589 -0.3542 -0.3699
vn -0.5037 -0.7109 -0.4908
vn 0.1084 -0.8743 -0.4731
vn -0.7134 -0.5482 -0.4366
vn -0.1357 -0.9202 -0.3671
vn 0.2748 -0.9047 -0.3257
vn -0.3384 -0.8972 -0.2837
vn 0.4630 -0.8437 -0.2717
vn -0.9751 -0.0886 -0.2031
vn -0.7327 -0.5464 -0.4057
vn 0.8997 -0.3819 -0.2114
vn 0.9363 -0.3300 -0.1200
vn 0.9757 -0.1948 -0.1007
vn -0.5172 -0.7887 -0.3324
vn -0.5512 -0.8170 -0.1695
vn 0.1714 -0.9664 -0.1917
vn -0.4704 -0.1991 0.8597
vn -0.7444 -0.1842 0.6418
vn -0.7656 -0.5743 -0.2899
vn -0.8396 -0.4468 -0.3090
vn 0.7407 -0.6317 -0.2287
vn 0.7732 -0.6225 -0.1213
vn 0.8233 -0.5379 -0.1812
vn -0.4404 -0.8875 -0.1359
vn -0.1256 -0.9838 -0.1276
vn 0.1704 -0.9786 -0.1151
vn 0.4620 -0.8815 -0.0977
vn 0.4728 -0.8669 -0.1581
vn -0.9935 -0.0621 -0.0955
vn -0.6675 -0.7299 -0.1474
vn -0.6026 -0.7908 -0.1068
vn 0.1872 -0.9799 -0.0690
vn -0.3901 -0.9180 -0.0710
vn -0.1139 -0.9918 -0.0574
vn 0.4419 -0.8966 -0.0291
vn 0.1364 -0.9901 -0.0340
vn -0.1675 -0.9801 0.1068
vn 0.1047 -0.9815 0.1602
vn 0.2714 -0.9564 0.1079
vn -0.3936 -0.9161 0.0769
vn -0.0850 -0.9918 0.0954
vn 0.1697 -0.9848 0.0380
vn -0.2323 -0.9532 -0.1933
vn 0.2012 -0.9596 -0.1967
vn 0.4740 -0.8702 -0.1340
vn 0.3995 -0.9072 0.1318
vn -0.2031 -0.8712 -0.4470
vn 0.0868 -0.8975 -0.4324
vn 0.4626 -0.8196 -0.3380
vn -0.5621 -0.2380 0.7921
vn -0.9672 -0.0881 0.2383
vn -0.9225 -0.2535 -0.2910
vn -0.8739 -0.4613 -0.1534
vn -0.8275 -0.5477 -0.1238
vn 0.5682 -0.8203 -0.0652
vn -0.6815 -0.7295 -0.0586
vn -0.5624 -0.8249 -0.0571
vn 0.5953 -0.8034 -0.0105
vn -0.4849 -0.8734 -0.0453
vn -0.2222 -0.9741 -0.0421
vn 0.3188 -0.9477 -0.0172
vn -0.0321 -0.9990 -0.0323
vn 0.5093 -0.8606 -0.0045
vn -0.2257 -0.9739 -0.0241
vn 0.0016 -0.9998 -0.0206
vn -0.5238 -0.8513 -0.0308
vn -0.4486 -0.8937 0.0099
vn -0.2338 -0.9716 0.0356
vn 0.1314 -0.9910 0.0244
vn 0.5027 -0.8631 0.0481
vn -0.5048 -0.8592 0.0833
vn 0.5309 -0.8359 0.1395
vn -0.5754 -0.8176 0.0223
vn 0.5708 -0.8057 0.1582
vn -0.5977 -0.7802 -0.1844
vn -0.4415 -0.8181 -0.3685
vn -0.4129 -0.7440 -0.5253
vn -0.2113 -0.7322 -0.6475
vn 0.2896 -0.7580 -0.5844
vn -0.9626 -0.1007 -0.2514
vn -0.8987 -0.3727 -0.2312
vn -0.8874 -0.4538 -0.0812
vn -0.8487 -0.5249 -0.0650
vn -0.7160 -0.6931 -0.0837
vn 0.7692 -0.6380 -0.0343
vn 0.6849 -0.7286 -0.0119
vn 0.7488 -0.6627 -0.0067
vn -0.7177 -0.6947 -0.0483
vn -0.6354 -0.7708 -0.0464
vn 0.6346 -0.7728 0.0088
vn -0.6795 -0.7329 -0.0333
vn -0.6120 -0.7909 0.0035
vn 0.6202 -0.7813 0.0695
vn 0.6230 -0.7675 0.1513
vn -0.6423 -0.7621 0.0816
vn 0.7059 -0.7042 0.0768
vn 0.7647 -0.6198 0.1766
vn 0.7707 -0.6189 0.1516
vn 0.8228 -0.5620 0.0848
vn -0.6943 -0.7195 -0.0168
vn -0.6956 -0.6936 -0.1873
vn 0.8001 -0.5960 -0.0679
vn 0.6870 -0.7173 -0.1161
vn 0.7978 -0.5434 -0.2611
vn 0.0416 -0.7570 -0.6521
vn 0.5301 -0.7167 -0.4531
vn -0.8076 -0.1617 0.5671
vn -0.9047 -0.1163 0.4100
vn -0.7274 -0.6854 -0.0341
vn -0.6737 -0.7387 0.0217
vn -0.7823 -0.6192 0.0681
vn -0.8426 -0.5371 0.0405
vn -0.7971 -0.6006 0.0630
vn -0.5871 -0.6972 -0.4114
vn 0.6529 -0.7018 -0.2850
vn 0.4072 -0.6328 -0.6586
vn -0.9988 -0.0490 -0.0025
vn -0.9633 -0.2077 -0.1698
vn -0.9566 -0.2733 -0.1010
vn -0.9638 -0.2612 -0.0538
vn -0.8880 -0.4573 -0.0487
vn -0.8467 -0.5300 -0.0462
vn -0.8676 -0.4960 -0.0347
vn -0.8366 -0.5465 -0.0372
vn -0.8143 -0.5805 0.0038
vn 0.7847 -0.6198 0.0142
vn 0.8639 -0.4965 0.0849
vn 0.8832 -0.4687 0.0174
vn 0.8169 -0.5714 0.0787
vn -0.8807 -0.4726 0.0318
vn -0.8450 -0.5029 -0.1815
vn -0.8240 -0.4459 -0.3495
vn -0.7208 -0.5815 -0.3773
vn -0.6828 -0.4773 -0.5531
vn -0.5610 -0.6320 -0.5347
vn -0.4146 -0.5985 -0.6855
vn 0.6392 -0.6164 -0.4599
vn 0.6264 -0.5423 -0.5600
vn 0.7324 -0.5046 -0.4572
vn -0.1175 -0.6324 -0.7657
vn 0.1977 -0.6468 -0.7366
vn -0.9319 -0.1127 0.3447
vn -0.9687 -0.1133 -0.2211
vn 0.9319 -0.3626 -0.0041
vn 0.9137 -0.4063 0.0101
vn 0.9785 -0.2046 0.0258
vn -0.9580 -0.2837 -0.0422
vn -0.9427 -0.3310 -0.0414
vn -0.9314 -0.3622 0.0354
vn -0.9488 -0.2775 -0.1511
vn -0.3293 -0.5449 -0.7711
vn 0.2935 -0.5049 -0.8117
vn 0.4990 -0.3727 -0.7823
vn 0.5122 -0.4798 -0.7123
vn -0.9920 -0.0658 0.1073
vn -0.9359 -0.3515 -0.0226
vn 0.8446 -0.5100 0.1629
vn 0.8689 -0.4646 0.1708
vn 0.9127 -0.3771 0.1574
vn -0.9518 -0.3032 0.0461
vn -0.7757 -0.3363 -0.5341
vn -0.6676 -0.3661 -0.6483
vn -0.6095 -0.4831 -0.6286
vn 0.8022 -0.3528 -0.4817
vn 0.6772 -0.3082 -0.6681
vn -0.3916 -0.4898 -0.7789
vn -0.0125 -0.4902 -0.8715
vn -0.1934 -0.3435 -0.9190
vn 0.1365 -0.3602 -0.9228
vn -0.9765 -0.0281 -0.2139
vn -0.9736 0.0299 -0.2265
vn -0.9876 0.0301 -0.1541
vn -0.9979 -0.0241 -0.0599
vn -0.9902 -0.1344 0.0388
vn -0.9360 -0.1635 -0.3117
vn -0.6402 -0.2172 0.7369
vn -0.9888 -0.0260 -0.1471
vn -0.9630 0.0401 -0.2667
vn -0.9936 -0.1057 -0.0393
vn -0.9946 -0.0980 -0.0347
vn -0.9874 -0.1563 -0.0251
vn -0.9929 -0.1187 0.0067
vn -0.7229 -0.1245 -0.6797
vn -0.6446 -0.1136 -0.7561
vn 0.6711 -0.1292 -0.7300
vn 0.7592 -0.0288 -0.6503
vn -0.4194 -0.2737 -0.8656
vn -0.4452 -0.0827 -0.8916
vn -0.2251 -0.1666 -0.9600
vn 0.4504 -0.1124 -0.8857
vn 0.1399 -0.0968 -0.9854
vn -0.8627 -0.0815 -0.4990
vn -0.8074 -0.1657 0.5662
vn -0.9063 -0.1186 0.4057
vn -0.9384 0.0685 -0.3388
vn -0.9205 0.1609 -0.3560
vn -0.9438 0.2178 -0.2487
vn -0.9568 0.2646 -0.1204
vn -0.9942 0.1033 -0.0297
vn -0.9953 0.0909 -0.0326
vn -0.9894 0.0020 -0.1452
vn -0.9263 0.1276 -0.3545
vn -0.9687 0.2464 -0.0308
vn -0.9967 0.0803 -0.0077
vn -0.9962 0.0749 0.0436
vn -0.9962 0.0797 0.0343
vn -0.7990 0.1661 -0.5780
vn -0.6908 0.0810 -0.7185
vn -0.4771 0.2123 -0.8528
vn -0.3232 0.1451 -0.9352
vn 0.3568 0.2178 -0.9084
vn 0.6464 0.1509 -0.7479
vn 0.0134 0.1214 -0.9925
vn -0.6933 -0.1422 0.7065
vn -0.9554 0.0294 -0.2939
vn 0.8997 -0.1040 -0.4238
vn 0.8962 0.1483 -0.4182
vn 0.9425 0.1296 -0.3079
vn 0.7472 0.2444 -0.6180
vn -0.8538 0.3303 -0.4024
vn -0.8350 0.4777 -0.2732
vn -0.9557 0.2939 -0.0165
vn -0.9500 0.3112 -0.0262
vn -0.9633 0.2677 -0.0185
vn -0.9455 0.2849 -0.1578
vn -0.7608 0.3076 -0.5714
vn -0.3474 0.4007 -0.8478
vn 0.0139 0.3458 -0.9382
vn -0.8921 0.4468 -0.0670
vn -0.9180 0.3964 -0.0101
vn -0.9449 0.3256 0.0348
vn -0.9494 0.3139 0.0114
vn 0.9769 0.1928 -0.0917
vn 0.9227 0.3816 0.0540
vn 0.9890 0.1408 0.0446
vn -0.8373 0.3807 -0.3924
vn 0.6159 0.3902 -0.6844
vn -0.4903 0.4597 -0.7405
vn 0.2907 0.4575 -0.8404
vn -0.9439 -0.1093 0.3117
vn -0.9821 -0.0081 -0.1880
vn -0.8823 0.1122 -0.4570
vn -0.8765 0.1584 -0.4545
vn -0.8767 0.4810 -0.0094
vn -0.0324 0.5590 -0.8285
vn -0.9759 -0.0671 0.2079
vn -0.7115 0.5355 -0.4549
vn -0.7117 0.6214 -0.3276
vn -0.7452 0.6608 -0.0900
vn -0.7891 0.6142 0.0060
vn -0.8502 0.5260 -0.0199
vn -0.8705 0.4920 -0.0119
vn -0.8686 0.4947 0.0276
vn -0.8238 0.5448 -0.1564
vn -0.6876 0.6342 -0.3535
vn -0.7210 0.5030 -0.4767
vn -0.3157 0.6024 -0.7331
vn 0.4034 0.6090 -0.6829
vn -0.9966 -0.0426 0.0703
vn -0.6476 0.7577 -0.0807
vn -0.7026 0.7115 0.0114
vn -0.7079 0.7059 0.0234
vn -0.7887 0.6148 -0.0059
vn -0.7538 0.6570 -0.0145
vn -0.8135 0.5809 0.0284
vn 0.7244 0.4907 -0.4841
vn 0.5688 0.6167 -0.5442
vn 0.7336 0.5523 -0.3960
vn 0.7668 0.5366 -0.3523
vn -0.5393 0.5532 -0.6349
vn -0.4659 0.6112 -0.6399
vn -0.0101 0.7676 -0.6409
vn 0.2744 0.6753 -0.6846
vn -0.4199 -0.1419 0.8964
vn -0.5550 -0.0535 0.8302
vn -0.6978 0.2810 -0.6589
vn -0.5887 0.3382 -0.7342
vn -0.7143 0.3298 -0.6172
vn -0.5817 0.3985 -0.7091
vn -0.5028 0.8634 0.0412
vn -0.4178 0.9074 0.0464
vn -0.5001 0.8653 0.0334
vn -0.7515 0.6579 0.0488
vn -0.7579 0.6518 -0.0257
vn -0.5543 0.6820 -0.4771
vn -0.7171 -0.0641 0.6940
vn -0.9262 -0.0532 0.3732
vn -0.3083 0.7778 -0.5477
vn -0.0983 0.8352 -0.5411
vn -0.3987 0.8288 -0.3926
vn -0.7245 0.6877 0.0459
vn -0.7151 0.6965 0.0591
vn -0.6936 0.6901 -0.2066
vn -0.5627 0.7378 -0.3729
vn 0.4682 0.7851 -0.4054
vn 0.3967 0.8623 -0.3147
vn 0.6361 0.7244 -0.2658
vn -0.8645 -0.0426 0.5008
vn -0.8826 0.0747 -0.4641
vn -0.8292 0.1467 -0.5393
vn -0.6587 0.1454 -0.7382
vn 0.5827 0.6542 -0.4822
vn 0.5255 0.5849 -0.6178
vn 0.6798 0.5437 -0.4922
vn -0.3944 0.5091 -0.7650
vn -0.2724 0.4854 -0.8308
vn -0.1540 0.6213 -0.7683
vn -0.4750 0.8792 0.0378
vn -0.2490 0.9653 0.0785
vn -0.5099 0.8578 0.0646
vn 0.7858 0.4071 -0.4656
vn 0.6813 0.3547 -0.6404
vn 0.7682 0.2937 -0.5688
vn 0.2926 0.6675 -0.6847
vn 0.5098 0.8519 -0.1203
vn 0.2112 0.9660 -0.1492
vn 0.3884 0.9187 0.0724
vn -0.4658 0.8849 0.0033
vn -0.2387 0.9545 -0.1787
vn -0.4855 0.8608 -0.1526
vn -0.6633 -0.0309 0.7477
vn -0.9324 0.0227 -0.3607
vn -0.5112 0.1908 -0.8380
vn -0.2547 0.3086 -0.9164
vn 0.0974 0.4430 -0.8912
vn 0.4084 0.2622 -0.8743
vn 0.3928 0.3628 -0.8451
vn -0.0295 0.9992 -0.0255
vn 0.6880 0.1812 -0.7027
vn 0.7785 0.1321 -0.6136
vn 0.1046 0.2577 -0.9605
vn -0.9963 -0.0265 -0.0820
vn -0.2495 0.1407 -0.9581
vn 0.7615 0.0454 -0.6465
vn 0.0479 0.0991 -0.9939
vn 0.3470 0.1241 -0.9296
vn -0.9789 -0.0370 0.2010
vn -0.8909 0.0099 -0.4541
vn -0.5115 0.0822 -0.8553
vn -0.9988 -0.0350 0.0328
vn -0.7999 0.0522 -0.5978
vn -0.6910 0.0208 -0.7226
vn -0.9644 -0.0146 -0.2639
vn -0.9037 -0.0062 -0.4282
vn -0.2995 0.0285 -0.9537
vn -0.9035 -0.0310 0.4276
vn 0.9643 0.0660 -0.2565
vn 0.9094 0.0398 -0.4140
vn 0.9547 0.0186 -0.2971
vn -0.7683 0.0127 -0.6400
vn 0.5486 0.0839 -0.8319
vn 0.5087 0.0151 -0.8608
vn 0.6106 0.0208 -0.7917
vn -0.5041 0.0172 -0.8635
vn -0.0864 0.0327 -0.9957
vn 0.3346 0.0333 -0.9418
vn 0.1751 0.0204 -0.9843
vn -0.7429 -0.0197 0.6691
vn -0.9360 -0.0218 0.3514
vn -0.9837 -0.0317 0.1773
vn 0.9366 0.0035 -0.3504
vn -0.6723 -0.0172 0.7401
vn -0.8586 -0.0271 0.5119
vn -0.0726 0.0129 -0.9973
vn -0.1758 0.0163 -0.9843
vn 0.2810 0.0081 -0.9597
vn -0.9881 -0.0315 -0.1503
vn -0.8931 -0.0284 -0.4490
vn -0.8719 -0.0071 -0.4897
vn 0.7712 0.0010 -0.6366
vn 0.8085 0.0176 -0.5883
vn 0.4493 -0.0146 -0.8933
vn -0.7437 0.0028 -0.6685
vn 0.8103 -0.0118 -0.5859
vn -0.4905 0.0123 -0.8713
vn -0.6724 0.0056 -0.7402
vn 0.1271 -0.0009 -0.9919
vn -0.9539 -0.0267 -0.2991
vn 0.5782 -0.0127 -0.8158
vn -0.3520 -0.0120 0.9359
vn -0.3914 0.0063 0.9202
vn -0.5219 -0.0133 0.8529
vn -0.8789 -0.0178 0.4767
vn -0.3488 0.0093 -0.9372
vn -0.7333 -0.0210 -0.6796
vn -0.4760 0.0037 -0.8794
vn -0.1412 -0.0051 -0.9900
vn -0.9884 -0.0152 0.1511
vn -0.8449 -0.0152 -0.5347
vn 0.9133 -0.0346 -0.4059
vn 0.8884 0.0035 -0.4590
vn 0.5339 -0.0827 -0.8415
vn 0.6015 -0.0702 -0.7958
vn -0.6995 0.0085 0.7145
vn -0.7982 0.0023 0.6023
vn 0.7626 -0.0534 -0.6447
vn 0.0279 -0.0885 -0.9957
vn -0.9992 -0.0288 -0.0264
vn 0.8155 -0.0650 -0.5751
vn -0.9517 0.0353 0.3049
vn -0.9968 -0.0212 -0.0771
vn -0.9595 -0.0611 -0.2751
vn -0.5696 -0.0738 -0.8186
vn -0.3128 -0.0931 -0.9452
vn 0.2427 -0.1209 -0.9625
vn -0.7939 0.0659 0.6044
vn -0.8882 0.0369 0.4579
vn -0.8207 -0.1101 -0.5606
vn -0.6551 -0.1785 -0.7341
vn -0.5508 -0.2344 -0.8011
vn -0.3636 -0.2427 -0.8994
vn 0.3843 -0.2618 -0.8853
vn 0.5770 -0.1767 -0.7974
vn -0.0614 -0.2678 -0.9615
vn -0.5521 0.0195 0.8335
vn -0.6900 0.0994 0.7170
vn -0.8816 -0.1311 -0.4533
vn -0.9898 0.0373 0.1375
vn -0.7187 -0.3086 -0.6231
vn -0.6092 -0.3690 -0.7019
vn -0.4906 -0.4022 -0.7730
vn -0.2923 -0.4576 -0.8397
vn 0.3822 -0.4677 -0.7970
vn 0.5815 -0.4007 -0.7080
vn -0.0137 -0.5322 -0.8465
vn -0.8286 -0.2386 -0.5064
vn -0.7919 0.1713 0.5861
vn 0.8665 -0.1590 -0.4731
vn 0.9476 -0.1655 -0.2732
vn 0.9412 -0.0958 -0.3241
vn 0.2148 -0.6418 -0.7362
vn -0.9131 0.1240 0.3885
vn -0.9689 -0.1302 -0.2103
vn -0.8739 -0.2648 -0.4077
vn 0.7862 -0.2109 -0.5808
vn 0.8627 -0.3063 -0.4024
vn -0.2589 -0.6190 -0.7415
vn 0.4819 -0.5417 -0.6887
vn -0.0015 -0.6930 -0.7210
vn -0.9543 0.1070 0.2790
vn -0.6256 -0.4507 -0.6368
vn -0.5157 -0.5164 -0.6836
vn -0.5061 0.2943 0.8107
vn -0.7098 0.2270 0.6668
vn -0.5908 0.1737 0.7879
vn -0.9942 -0.0637 -0.0869
vn -0.9180 -0.2789 -0.2820
vn -0.5165 -0.6951 -0.5001
vn -0.4497 -0.7693 -0.4537
vn -0.2820 -0.7469 -0.6022
vn -0.0681 -0.8605 -0.5049
vn -0.8176 -0.3747 -0.4371
vn -0.6072 -0.6218 -0.4946
vn 0.3685 -0.7950 -0.4819
vn 0.4543 -0.7910 -0.4098
vn 0.6222 -0.6297 -0.4652
vn -0.2456 -0.9363 -0.2511
vn 0.0508 -0.9543 -0.2946
vn 0.3755 -0.9073 -0.1893
vn -0.1950 -0.9559 0.2197
vn 0.0581 -0.9857 0.1582
vn -0.0084 -0.9768 0.2141
vn 0.3889 -0.9043 0.1762
vn -0.4430 -0.8751 0.1947
vn -0.2116 -0.9772 -0.0183
vn 0.1325 -0.9906 -0.0344
vn -0.1026 -0.9594 -0.2628
vn 0.3927 -0.8820 -0.2605
vn 0.4526 -0.8917 -0.0066
vn 0.1268 -0.9515 -0.2804
vn 0.1046 -0.8890 -0.4458
vn -0.7729 0.2741 0.5723
vn -0.9092 0.2160 0.3561
vn -0.8638 -0.4013 -0.3046
vn -0.5912 -0.6912 -0.4157
vn -0.5015 -0.8343 -0.2290
vn 0.0356 -0.9941 -0.1028
vn -0.2194 -0.9748 -0.0398
vn -0.0021 -0.9928 0.1199
vn 0.2597 -0.9549 0.1439
vn -0.2984 -0.9279 0.2236
vn 0.4984 -0.8526 0.1569
vn -0.5112 -0.8589 -0.0313
vn 0.5798 -0.8009 0.1497
vn 0.5751 -0.8143 -0.0786
vn -0.3315 -0.8798 -0.3406
vn 0.5585 -0.7933 -0.2425
vn -0.1565 -0.8477 -0.5068
vn 0.3320 -0.8429 -0.4234
vn 0.4982 -0.7771 -0.3847
vn -0.8265 0.2869 0.4843
vn -0.9782 0.1349 0.1576
vn -0.5759 -0.7670 -0.2829
vn 0.5908 -0.7845 -0.1887
vn 0.6405 -0.6576 -0.3967
vn -0.4470 -0.8916 -0.0727
vn 0.4641 -0.8827 -0.0735
vn 0.2474 -0.9689 0.0080
vn -0.0263 -0.9997 0.0022
vn 0.5146 -0.8572 0.0203
vn -0.3102 -0.9506 -0.0134
vn -0.4866 -0.8733 -0.0239
vn -0.1410 -0.9900 -0.0055
vn 0.1047 -0.9945 0.0046
vn 0.2975 -0.9547 0.0093
vn 0.5298 -0.8479 0.0181
vn 0.4905 -0.8714 0.0113
vn -0.4171 -0.9086 -0.0200
vn -0.2555 -0.9667 -0.0144
vn 0.0662 -0.9978 -0.0068
vn 0.2785 -0.9604 -0.0049
vn -0.1785 -0.9837 -0.0214
vn -0.4110 -0.9113 -0.0253
vn -0.0171 -0.9995 -0.0266
vn -0.2646 -0.9639 -0.0286
vn 0.4767 -0.8790 0.0016
vn 0.2233 -0.9746 0.0161
vn 0.4441 -0.8932 0.0706
vn -0.3335 -0.9421 0.0364
vn -0.1074 -0.9934 0.0396
vn -0.2270 -0.9650 0.1313
vn -0.4799 -0.8650 0.1466
vn -0.5069 -0.8301 0.2326
vn 0.5717 -0.7988 0.1874
vn -0.6163 -0.7593 0.2088
vn -0.6335 -0.7678 -0.0959
vn -0.5440 -0.7628 -0.3495
vn -0.3393 -0.7743 -0.5342
vn -0.1076 -0.7963 -0.5953
vn -0.0868 -0.6197 -0.7800
vn 0.0813 -0.6112 -0.7873
vn 0.1076 -0.7511 -0.6514
vn 0.2836 -0.6814 -0.6747
vn 0.2938 -0.5416 -0.7876
vn -0.7923 -0.5146 -0.3279
vn -0.7849 -0.5712 -0.2399
vn -0.5565 -0.8219 -0.1214
vn -0.5752 -0.8174 -0.0325
vn 0.5958 -0.8030 -0.0149
vn 0.6006 -0.7992 0.0249
vn -0.5830 -0.8121 -0.0259
vn 0.6071 -0.7944 0.0195
vn 0.5818 -0.8133 0.0075
vn -0.5925 -0.8052 -0.0249
vn -0.4684 -0.8831 -0.0273
vn 0.5758 -0.8175 0.0098
vn -0.5549 -0.8305 0.0488
vn 0.5825 -0.8094 0.0743
vn -0.6559 -0.7178 0.2337
vn 0.7217 -0.6736 0.1596
vn 0.7442 -0.6465 0.1682
vn 0.8005 -0.5846 0.1319
vn 0.7716 -0.6323 -0.0697
vn 0.8406 -0.5336 0.0925
vn 0.7166 -0.6228 -0.3141
vn 0.8204 -0.5341 -0.2042
vn -0.6615 -0.6759 -0.3250
vn -0.5406 -0.6775 -0.4988
vn 0.6373 -0.6471 -0.4185
vn 0.7108 -0.5585 -0.4277
vn 0.5123 -0.6336 -0.5797
vn 0.4839 -0.5171 -0.7060
vn 0.5745 -0.5258 -0.6272
vn -0.9987 0.0450 0.0246
vn -0.9491 -0.2598 -0.1782
vn -0.8834 -0.4331 -0.1789
vn -0.7891 -0.6012 -0.1263
vn -0.7259 -0.6784 -0.1133
vn -0.6504 -0.7587 -0.0360
vn 0.7133 -0.7003 0.0277
vn 0.7725 -0.6344 0.0289
vn 0.7735 -0.6338 0.0080
vn -0.6636 -0.7476 -0.0268
vn -0.7588 -0.6498 -0.0438
vn -0.7890 -0.6134 -0.0362
vn -0.7974 -0.6027 -0.0307
vn 0.6962 -0.7174 0.0239
vn 0.7492 -0.6619 0.0228
vn -0.6721 -0.7400 -0.0267
vn -0.6435 -0.7651 -0.0224
vn -0.6889 -0.7246 -0.0203
vn 0.6963 -0.7175 0.0197
vn 0.7262 -0.6872 0.0186
vn -0.6758 -0.7354 0.0505
vn -0.6568 -0.7452 0.1151
vn 0.7455 -0.6612 0.0836
vn -0.7048 -0.6811 0.1984
vn -0.8975 -0.4283 0.1052
vn -0.8150 -0.5795 -0.0027
vn -0.8087 -0.5633 0.1695
vn -0.8871 -0.4523 -0.0921
vn -0.7932 -0.5087 -0.3347
vn -0.8780 -0.3318 -0.3449
vn 0.8297 -0.3401 -0.4426
vn -0.7445 -0.3601 -0.5621
vn -0.7131 -0.4890 -0.5024
vn -0.4744 -0.4759 -0.7406
vn -0.4072 -0.4061 -0.8181
vn -0.2848 -0.5176 -0.8069
vn 0.5824 -0.3067 -0.7528
vn -0.1299 -0.4031 -0.9059
vn 0.4415 -0.3270 -0.8355
vn -0.9944 -0.0767 -0.0729
vn -0.8094 -0.5844 -0.0577
vn -0.8520 -0.5225 -0.0328
vn -0.8113 -0.5840 -0.0281
vn -0.8560 -0.5165 -0.0217
vn -0.7917 -0.6107 -0.0186
vn 0.7860 -0.6173 0.0350
vn -0.8112 -0.5824 0.0531
vn -0.8540 -0.4962 0.1564
vn -0.8669 -0.4605 0.1909
vn -0.5247 -0.3719 -0.7657
vn 0.1466 -0.3436 -0.9276
vn -0.5391 0.4025 0.7398
vn -0.6341 0.4339 0.6400
vn -0.6571 0.3353 0.6751
vn -0.8215 0.3472 0.4524
vn -0.9005 -0.4264 -0.0850
vn -0.8491 -0.5268 -0.0390
vn -0.8794 -0.4735 0.0500
vn 0.5261 -0.1054 -0.8439
vn -0.7298 0.4406 0.5227
vn -0.9631 -0.2510 -0.0972
vn -0.9103 -0.4115 -0.0461
vn 0.8533 -0.5204 0.0316
vn 0.8933 -0.4480 0.0369
vn 0.9345 -0.3535 0.0412
vn -0.9199 -0.3906 -0.0356
vn -0.9217 -0.3876 -0.0147
vn -0.9555 -0.2752 0.1059
vn -0.9590 -0.2403 0.1500
vn -0.9823 -0.1800 0.0520
vn -0.9697 -0.2226 -0.1008
vn -0.7912 -0.1532 -0.5920
vn -0.3433 -0.1422 -0.9284
vn 0.6658 -0.0398 -0.7451
vn 0.2707 -0.0749 -0.9597
vn -0.0544 -0.0996 -0.9935
vn -0.9006 0.2926 0.3213
vn -0.9815 0.1654 0.0963
vn -0.9320 -0.1050 -0.3468
vn 0.9390 -0.2681 -0.2155
vn 0.8795 -0.1133 -0.4623
vn 0.9709 -0.0897 -0.2222
vn -0.6571 -0.0698 -0.7505
vn -0.9207 0.3093 0.2382
vn -0.9676 -0.2444 -0.0630
vn -0.9709 -0.2356 -0.0424
vn -0.9672 -0.2516 -0.0348
vn -0.9799 -0.1993 -0.0105
vn -0.9918 0.0228 -0.1258
vn -0.7870 0.4379 0.4347
vn -0.9969 0.0778 0.0119
vn -0.9971 -0.0453 -0.0606
vn 0.9695 -0.2426 0.0353
vn 0.9854 -0.1626 0.0500
vn 0.9991 0.0222 0.0369
vn -0.9280 0.1190 -0.3532
vn 0.9576 0.0959 -0.2718
vn -0.7878 0.1145 -0.6052
vn 0.6343 0.1649 -0.7553
vn 0.7231 0.1543 -0.6733
vn -0.6426 0.1917 -0.7418
vn 0.4094 0.1749 -0.8954
vn -0.3460 0.2532 -0.9034
vn -0.1831 0.1484 -0.9718
vn 0.1370 0.1922 -0.9717
vn -0.5442 0.4853 0.6843
vn -0.6039 0.5230 0.6014
vn -0.9027 0.3781 0.2053
vn -0.9971 -0.0586 -0.0492
vn 0.9795 -0.1974 0.0410
vn 0.9979 0.0498 0.0412
vn 0.9989 -0.0105 0.0456
vn 0.9987 0.0335 0.0376
vn -0.9949 -0.0925 -0.0392
vn -0.9993 -0.0301 -0.0222
vn -0.9971 -0.0278 0.0704
vn -0.9963 -0.0084 0.0860
vn 0.8651 0.1292 -0.4846
vn -0.6815 0.5087 0.5261
vn -0.8485 0.4395 0.2948
vn -0.9601 0.2671 0.0831
vn -0.9796 0.2008 -0.0077
vn -0.8393 0.3479 -0.4177
vn -0.6783 0.3946 -0.6198
vn 0.5867 0.3979 -0.7053
vn -0.1939 0.4020 -0.8949
vn -0.4722 0.6030 0.6429
vn -0.3886 0.7010 0.5979
vn -0.5490 0.6326 0.5463
vn -0.9883 0.1441 -0.0498
vn -0.9845 0.1741 -0.0218
vn -0.9583 0.2816 -0.0494
vn -0.9519 0.2461 -0.1827
vn 0.4225 0.4338 -0.7958
vn -0.3266 0.4356 -0.8388
vn 0.0342 0.4753 -0.8792
vn 0.2682 0.4095 -0.8720
vn -0.8347 0.4944 0.2426
vn -0.9886 0.1420 -0.0493
vn -0.9932 0.1085 -0.0418
vn -0.9735 0.2206 0.0611
vn -0.9782 0.1831 0.0976
vn 0.7885 0.3721 -0.4898
vn 0.8568 0.4108 -0.3116
vn 0.9410 0.2376 -0.2411
vn 0.3826 0.5812 -0.7182
vn -0.1207 0.5436 -0.8306
vn 0.1899 0.5641 -0.8036
vn -0.8704 0.4652 0.1614
vn -0.8917 0.4509 0.0405
vn -0.9542 0.2967 -0.0371
vn -0.9650 0.2589 -0.0422
vn -0.9200 0.3874 0.0590
vn -0.9148 0.3937 0.0900
vn -0.9036 0.4276 -0.0245
vn -0.8749 0.4361 -0.2105
vn -0.7202 0.4919 -0.4893
vn -0.6191 0.5229 -0.5859
vn 0.4170 0.6606 -0.6243
vn -0.6060 0.4116 -0.6807
vn -0.8241 0.5442 0.1571
vn -0.9219 0.3853 -0.0415
vn -0.9329 0.3577 -0.0413
vn -0.9069 0.4207 -0.0249
vn 0.6859 0.4807 -0.5463
vn 0.7534 0.5095 -0.4158
vn -0.3460 0.6159 -0.7078
vn -0.3411 0.7008 -0.6266
vn -0.2258 0.6816 -0.6960
vn -0.8029 0.5944 0.0454
vn -0.8797 0.4748 -0.0267
vn -0.8513 0.5221 0.0513
vn -0.8635 0.5009 0.0588
vn -0.8401 0.5398 -0.0540
vn -0.6318 0.6530 -0.4175
vn -0.4886 0.7550 -0.4374
vn -0.1071 0.7526 -0.6497
vn 0.0072 0.7104 -0.7038
vn 0.3132 0.6830 -0.6599
vn -0.8165 0.5770 -0.0211
vn -0.8611 0.5070 -0.0374
vn -0.8261 0.5616 -0.0460
vn -0.7017 0.7046 -0.1051
vn -0.5757 0.7676 -0.2818
vn -0.6786 0.6719 -0.2967
vn -0.2095 0.8329 -0.5122
vn -0.5787 0.7401 0.3426
vn -0.3386 0.8707 0.3568
vn -0.5514 0.8002 0.2360
vn -0.7375 0.6752 -0.0147
vn -0.7839 0.6193 -0.0447
vn -0.8082 0.5875 -0.0410
vn -0.7192 0.6927 0.0541
vn -0.5783 0.8144 0.0480
vn -0.7150 0.6964 0.0616
vn -0.5244 0.8376 -0.1533
vn -0.7849 0.6187 -0.0335
vn -0.2853 0.9475 -0.1444
vn -0.3166 0.8857 -0.3397
vn 0.2363 0.9159 -0.3244
vn 0.3650 0.9221 -0.1288
vn 0.4673 0.8156 -0.3412
vn -0.0324 0.9278 -0.3716
vn 0.0292 0.8484 -0.5286
vn 0.2588 0.8432 -0.4712
vn -0.4130 0.9107 -0.0120
vn -0.1931 0.9812 0.0045
vn -0.2158 0.9764 -0.0090
vn -0.1419 0.9897 -0.0212
vn 0.0665 0.9973 -0.0312
vn -0.2366 0.9705 -0.0469
vn -0.0000 0.9914 -0.1309
vn 0.7407 -0.6243 0.2481
vn 0.6833 -0.5798 -0.4437
vn 0.3350 -0.5093 0.7927
vn 0.3819 -0.6075 0.6965
vn 0.5254 -0.5126 0.6792
vn 0.5408 -0.5789 0.6102
vn 0.7391 -0.4531 -0.4984
vn -0.4457 -0.6125 0.6529
vn -0.2902 -0.6844 0.6689
vn -0.4806 -0.4409 0.7581
vn 0.5224 -0.3042 0.7966
vn 0.9793 -0.2017 0.0193
vn 0.9356 -0.2344 -0.2642
vn 0.8747 -0.2251 -0.4293
vn -0.2183 -0.3253 0.9201
vn 0.0531 -0.3546 0.9335
vn 0.3410 -0.2130 0.9156
vn 0.9179 -0.2042 0.3402
vn 0.7866 -0.1763 0.5918
vn 0.6776 -0.2181 0.7024
vn 0.0959 -0.0838 0.9919
vn -0.4281 -0.2058 0.8800
vn 0.5501 -0.0723 0.8320
vn 0.7252 -0.0655 0.6855
vn 0.8573 0.0332 0.5137
vn 0.9669 0.0015 0.2551
vn 0.9985 0.0338 -0.0420
vn 0.9490 0.0031 -0.3152
vn 0.9088 0.0301 -0.4162
vn -0.1077 -0.0757 0.9913
vn 0.3706 -0.0044 0.9288
vn 0.7282 0.1298 0.6730
vn -0.3216 -0.0707 0.9442
vn 0.9457 0.2039 -0.2533
vn 0.5531 0.0372 0.8323
vn 0.9388 0.2170 0.2675
vn 0.9830 0.1837 0.0054
vn 0.7095 0.2592 -0.6553
vn 0.4347 0.0727 0.8976
vn -0.6246 -0.1131 0.7727
vn 0.8420 0.1944 0.5032
vn 0.9431 0.3274 -0.0580
vn 0.8626 0.3737 -0.3410
vn 0.3370 0.0290 0.9411
vn 0.4701 0.0246 0.8823
vn 0.6375 0.1137 0.7620
vn 0.7344 0.1270 0.6667
vn 0.9380 0.2745 0.2118
vn 0.7476 0.4135 -0.5197
vn 0.0339 -0.0172 0.9993
vn 0.7244 0.0354 0.6885
vn 0.8672 0.1689 0.4685
vn -0.1427 -0.0563 0.9882
vn 0.7990 0.2201 -0.5597
vn 0.4877 -0.0330 0.8724
vn 0.9548 0.1206 0.2716
vn 0.9854 0.1623 0.0514
vn 0.8582 0.1823 -0.4798
vn 0.8104 0.0161 0.5856
vn 0.8862 0.0938 0.4538
vn 0.2201 -0.0475 0.9743
vn 0.6686 0.0689 -0.7405
vn 0.9042 0.0023 0.4271
vn 0.9983 0.0283 0.0503
vn -0.6092 -0.0923 0.7876
vn 0.9709 0.0427 -0.2357
vn -0.0326 -0.0749 0.9967
vn 0.9619 -0.0063 0.2732
vn 0.5460 -0.0511 0.8362
vn 0.7699 -0.0342 0.6373
vn 0.4754 -0.0672 0.8772
vn 0.1972 -0.0792 0.9772
vn 0.8216 -0.0352 0.5690
vn -0.5913 -0.0897 0.8015
vn 0.8988 -0.0280 0.4375
vn 0.6641 0.0688 -0.7445
vn 0.9820 0.0240 -0.1876
vn -0.0646 -0.1008 0.9928
vn 0.8211 0.0472 -0.5689
vn 0.9689 -0.0073 0.2474
vn 0.7786 -0.0609 0.6246
vn -0.3133 -0.1303 0.9407
vn 0.8233 -0.0541 0.5650
vn -0.0352 -0.1389 0.9897
vn 0.6931 0.0681 -0.7176
vn 0.9701 -0.0067 0.2425
vn -0.4993 -0.1349 0.8559
vn -0.0890 -0.1496 0.9847
vn -0.3578 -0.1423 0.9229
vn 0.9039 -0.0331 0.4264
vn 0.8294 -0.0505 0.5563
vn 0.4041 -0.1159 0.9073
vn 0.7630 -0.0563 0.6439
vn 0.0980 -0.1363 0.9858
vn 0.9197 0.0625 -0.3876
vn 0.3022 -0.1010 0.9479
vn 0.9627 -0.0066 0.2704
vn 0.7897 0.0870 -0.6073
vn 0.5191 -0.0831 0.8507
vn 0.8970 -0.0272 0.4413
vn -0.0565 -0.1040 0.9930
vn 0.8335 -0.0398 0.5511
vn 0.6426 -0.0671 0.7633
vn 0.7368 -0.0556 0.6738
vn 0.3666 -0.0860 0.9264
vn 0.8924 -0.0330 0.4500
vn 0.9474 -0.0208 0.3194
vn 0.9461 0.0631 -0.3177
vn 0.7668 0.1127 -0.6319
vn 0.9853 -0.0063 0.1709
vn -0.1282 -0.0900 0.9877
vn 0.0748 -0.0879 0.9933
vn 0.5162 -0.0735 0.8533
vn 0.8280 -0.0426 0.5590
vn 0.6399 -0.0676 0.7655
vn -0.3412 -0.0869 0.9360
vn -0.0997 -0.0781 0.9919
vn 0.4934 -0.0630 0.8675
vn 0.2125 -0.0666 0.9749
vn 0.7741 -0.0401 0.6318
vn 0.9767 0.0298 -0.2125
vn 0.9486 -0.0104 0.3162
vn 0.9990 0.0016 0.0448
vn 0.8472 -0.0251 0.5306
vn 0.5911 -0.0455 0.8053
vn 0.9692 0.0183 -0.2457
vn -0.0860 -0.0482 0.9951
vn -0.3562 -0.0526 0.9329
vn 0.5091 -0.0293 0.8602
vn -0.7697 -0.0477 0.6367
vn 0.7959 -0.0054 0.6054
vn 0.5908 -0.0072 0.8068
vn 0.8770 0.0098 0.4804
vn 0.2295 -0.0278 0.9729
vn 0.9985 0.0123 0.0535
vn -0.0600 0.0002 0.9982
vn 0.4830 0.0667 0.8731
vn 0.1645 0.0889 0.9824
vn 0.9661 -0.0013 -0.2580
vn 0.9511 0.0255 0.3079
vn 0.5410 0.0847 0.8367
vn 0.7796 0.0834 0.6207
vn 0.7481 0.0808 0.6587
vn 0.9979 0.0118 0.0630
vn 0.0777 -0.0657 0.9948
vn 0.3603 -0.0656 0.9305
vn -0.4594 0.0655 0.8858
vn 0.8481 -0.0350 0.5287
vn 0.5009 -0.0747 0.8623
vn 0.9619 -0.0085 0.2733
vn 0.7627 -0.0264 0.6462
vn 0.9266 -0.2425 -0.2875
vn -0.1919 -0.2159 0.9574
vn 0.1426 -0.2401 0.9602
vn 0.4580 -0.2266 0.8596
vn 0.7872 -0.1424 0.6001
vn 0.8964 -0.0847 0.4350
vn 0.5126 -0.2094 0.8327
vn 0.9949 0.0236 0.0981
vn -0.0192 -0.2249 0.9742
vn 0.9803 -0.0037 0.1976
vn -0.2721 -0.2338 0.9334
vn 0.1890 -0.2242 0.9560
vn 1.0000 -0.0042 0.0040
vn 0.4602 -0.2075 0.8632
vn 0.9971 0.0747 0.0125
vn 0.9839 -0.1715 -0.0496
vn 0.8314 -0.5514 -0.0697
vn 0.8984 -0.4299 -0.0897
vn 0.8108 -0.1282 0.5711
vn 0.9714 -0.0299 0.2355
vn 0.9725 -0.2295 -0.0402
vn -0.3668 -0.2442 0.8977
vn 0.5253 -0.1978 0.8276
vn 0.7657 -0.1322 0.6295
vn 0.8370 -0.5471 -0.0117
vn -0.1259 -0.2231 0.9666
vn 0.9980 0.0564 0.0298
vn 0.9997 -0.0188 0.0151
vn 0.8330 -0.5532 0.0050
vn 0.9194 -0.0758 0.3859
vn 0.9921 0.1141 0.0519
vn 0.9902 -0.1382 0.0178
vn 0.4127 -0.2058 0.8873
vn 0.9818 0.1871 0.0337
vn 0.9381 -0.3458 0.0188
vn 0.9369 -0.3429 0.0687
vn 0.9305 -0.3527 -0.0990
vn -0.4604 -0.2075 0.8631
vn 0.9769 0.2016 0.0709
vn 0.9564 -0.2910 0.0261
vn 0.9424 -0.3171 0.1068
vn 0.9326 -0.3141 0.1776
vn 0.8798 -0.3378 -0.3345
vn 0.9908 0.1204 -0.0622
vn 0.9903 0.1275 0.0555
vn 0.1517 -0.1891 0.9702
vn 0.9976 0.0194 0.0665
vn 0.9468 0.3141 0.0704
vn 0.9987 0.0173 0.0487
vn 0.9967 -0.0726 0.0356
vn 0.9910 -0.1128 0.0718
vn 0.9717 -0.1737 0.1598
vn 0.9767 -0.1326 0.1689
vn 0.9917 -0.1046 -0.0749
vn 0.9584 -0.1263 -0.2560
vn 0.9684 0.2483 -0.0226
vn 0.9394 0.3312 0.0886
vn 0.9949 -0.0851 0.0547
vn 0.9751 0.1686 -0.1438
vn 0.9035 0.4277 -0.0286
vn 0.9575 0.2787 0.0744
vn 0.9913 0.1177 0.0588
vn 0.4030 -0.1268 0.9064
vn 0.9547 0.2674 -0.1308
vn 0.8750 0.4763 0.0861
vn 0.9738 0.2198 0.0578
vn 0.9704 0.2377 0.0422
vn 0.9854 0.0644 0.1576
vn 0.9766 0.1379 0.1653
vn 0.5389 -0.0960 0.8369
vn 0.9940 0.0605 -0.0907
vn 0.8869 0.4528 0.0920
vn -0.1634 -0.1278 0.9782
vn 0.9211 -0.0204 0.3889
vn 0.9766 0.1143 -0.1821
vn 0.9448 0.1979 -0.2613
vn 0.8443 0.5353 0.0252
vn 0.8354 0.5402 0.1016
vn 0.9052 0.4187 0.0726
vn 0.9024 0.4273 0.0557
vn 0.9271 0.3713 0.0519
vn 0.9421 0.3150 0.1149
vn 0.9433 0.2747 0.1864
vn 0.9240 0.3020 -0.2345
vn 0.8814 0.2669 -0.3896
vn 0.7967 -0.0520 0.6022
vn 0.7176 -0.0330 0.6956
vn 0.9860 0.0048 0.1668
vn 0.9047 0.3609 -0.2264
vn 0.9118 0.3704 0.1771
vn 0.8590 0.4693 -0.2047
vn 0.6844 0.7265 -0.0609
vn 0.7429 0.6694 -0.0098
vn 0.6396 0.7651 0.0740
vn 0.7543 0.6481 0.1049
vn 0.7342 0.6721 0.0961
vn 0.8026 0.5883 0.0983
vn 0.7798 0.6207 0.0809
vn 0.8565 0.5112 0.0710
vn 0.9131 0.3924 0.1107
vn 0.8960 0.4076 0.1763
vn 0.9159 0.3941 -0.0766
vn 0.6866 0.6684 -0.2861
vn 0.5887 0.8019 0.1023
vn 0.7235 0.6872 0.0656
vn 0.7949 0.6046 0.0509
vn 0.8457 0.5308 0.0556
vn 0.8264 0.5603 0.0557
vn 0.7366 0.6740 0.0563
vn 0.8055 0.5849 0.0952
vn 0.8481 0.5098 0.1447
vn 0.1258 -0.0445 0.9911
vn 0.9997 0.0240 -0.0052
vn 0.8727 0.3180 -0.3706
vn 0.4087 0.9085 0.0872
vn 0.3288 0.9438 -0.0332
vn 0.6118 0.7874 0.0750
vn 0.7518 0.6493 0.1145
vn 0.8056 0.5697 0.1626
vn 0.7381 0.6534 0.1679
vn 0.7585 0.6315 0.1608
vn 0.8484 0.5272 0.0480
vn 0.7655 0.6431 0.0219
vn 0.8309 0.5445 -0.1147
vn 0.7570 0.6411 -0.1260
vn 0.8091 0.5488 -0.2101
vn 0.4270 -0.0325 0.9037
vn -0.4000 -0.0372 0.9158
vn 0.9353 0.1267 -0.3305
vn 0.8747 0.1802 -0.4499
vn 0.4931 0.8423 -0.2178
vn -0.6591 0.5820 -0.4763
vn -0.4338 0.8960 -0.0951
vn -0.3632 0.8877 -0.2829
vn -0.1444 0.9846 -0.0981
vn -0.4156 0.9090 0.0319
vn -0.0156 0.9980 0.0612
vn 0.4918 0.8658 0.0922
vn 0.6356 0.7705 0.0482
vn 0.6436 0.7488 0.1582
vn -0.1706 -0.0291 0.9849
vn 0.9879 0.0303 -0.1521
vn 0.2866 0.8155 -0.5028
vn 0.0860 0.9567 -0.2781
vn 0.2249 0.9713 0.0781
vn -0.2988 0.9530 0.0506
vn 0.0236 0.9974 0.0679
vn 0.4375 0.8968 0.0665
vn -0.4325 0.9015 0.0157
vn -0.5900 0.8074 0.0085
vn -0.5036 0.8639 -0.0015
vn 0.5192 0.8531 0.0516
vn 0.3778 0.9250 0.0399
vn -0.6868 0.7266 -0.0153
vn 0.5119 0.8577 0.0468
vn -0.6971 0.7169 0.0010
vn 0.5860 0.8025 0.1123
vn 0.6526 0.7562 0.0485
vn -0.1510 0.7905 -0.5936
vn 0.1937 0.7891 -0.5829
vn -0.0732 0.9965 0.0406
vn 0.1672 0.9851 0.0407
vn -0.1450 0.9893 0.0152
vn 0.0306 0.9994 0.0178
vn -0.4070 0.9134 0.0010
vn 0.2224 0.9744 0.0332
vn -0.5021 0.8648 0.0022
vn -0.1258 0.9917 0.0257
vn 0.3761 0.9236 0.0743
vn -0.5757 0.8164 0.0453
vn 0.4619 0.8756 0.1413
vn 0.5378 0.8303 0.1461
vn -0.3986 0.7866 -0.4716
vn -0.4308 0.8418 -0.3252
vn -0.2792 0.8712 -0.4038
vn -0.2593 0.8460 -0.4658
vn 0.3322 0.8425 -0.4240
vn 0.0126 0.8378 -0.5459
vn 0.9684 0.0136 0.2490
vn 0.0606 0.9963 0.0612
vn 0.2722 0.9547 0.1200
vn 0.0394 0.9929 0.1120
vn -0.5780 0.8159 -0.0132
vn 0.0516 0.9425 -0.3303
vn 0.3421 -0.0030 0.9397
vn 0.4269 -0.0070 0.9043
vn -0.0511 0.9933 0.1037
vn -0.2295 0.9727 0.0332
vn 0.1939 0.9765 0.0940
vn 0.8887 0.0109 0.4584
vn 0.6601 0.0024 0.7512
vn 0.7801 0.0023 0.6256
vn 0.0339 -0.0108 0.9994
vn -0.1396 -0.0082 0.9902
vn 0.9885 0.0178 0.1499
vn 0.9771 0.0079 -0.2128
vn 0.9935 0.0134 -0.1129
vn 0.9999 0.0157 0.0026
vn 0.2538 0.0135 0.9672
vn -0.0130 0.0001 0.9999
vn 0.3921 0.0092 0.9199
vn 0.6896 0.0198 0.7239
vn 0.8417 0.0201 0.5395
vn 0.6370 0.0086 0.7708
vn -0.1817 0.0137 0.9833
vn 0.9472 0.0252 0.3198
vn 0.9906 0.0281 0.1338
vn 0.9957 0.0016 -0.0932
vn 0.9686 -0.0133 -0.2484
vn 0.9989 0.0263 0.0397
vn 0.9738 -0.0612 -0.2192
vn 0.4174 0.0620 0.9066
vn -0.4335 0.0954 0.8961
vn 0.5493 0.0595 0.8335
vn -0.2108 0.0868 0.9737
vn 0.1130 0.0922 0.9893
vn 0.7855 0.1054 0.6098
vn 0.9930 -0.0344 -0.1133
vn -0.1984 0.1951 0.9605
vn 0.3890 0.1486 0.9092
vn 0.6849 0.1258 0.7176
vn 0.1896 0.2012 0.9610
vn -0.4164 0.2039 0.8860
vn 0.9370 0.0877 0.3383
vn 0.7918 0.2160 0.5712
vn 0.7782 -0.3085 -0.5471
vn 0.6036 -0.4707 -0.6436
vn -0.2706 0.3005 0.9146
vn 0.6981 0.1949 0.6890
vn 0.9756 0.0924 0.1991
vn 0.9991 -0.0077 -0.0413
vn 0.0531 0.3017 0.9519
vn 0.3652 0.2776 0.8886
vn 0.8302 -0.3751 -0.4123
vn 0.9848 -0.0962 -0.1448
vn 0.8203 -0.4773 -0.3151
vn 0.9210 0.1900 0.3401
vn -0.1516 0.4031 0.9025
vn 0.1087 0.4120 0.9047
vn 0.3759 0.4068 0.8326
vn 0.5183 0.3727 0.7697
vn 0.8884 -0.4159 -0.1942
vn 0.8253 -0.5496 -0.1298
vn -0.3678 0.3999 0.8395
vn 0.7178 0.3405 0.6073
vn 0.9838 0.1170 0.1361
vn 0.9551 -0.2442 -0.1678
vn 0.7309 -0.6824 -0.0081
vn 0.9984 0.0531 0.0205
vn 0.9914 -0.1021 -0.0814
vn 0.9003 -0.4335 -0.0394
vn 0.8451 -0.5337 0.0298
vn 0.8369 -0.5466 0.0282
vn 0.9402 -0.3393 0.0307
vn 0.8296 0.3081 0.4656
vn 0.9476 0.2158 0.2357
vn 0.9251 -0.3632 0.1110
vn 0.8085 -0.2695 -0.5231
vn 0.9995 0.0026 -0.0309
vn 0.9621 -0.2644 -0.0662
vn 0.9209 -0.3883 0.0336
vn 0.9051 -0.4236 0.0360
vn -0.1886 0.5316 0.8257
vn 0.1342 0.5355 0.8338
vn -0.4039 0.4953 0.7691
vn 0.9852 -0.1671 0.0380
vn 0.9883 -0.1515 0.0160
vn 0.3496 0.5335 0.7702
vn 0.7059 0.4497 0.5472
vn 0.9944 -0.1012 -0.0296
vn 0.9877 -0.1518 0.0385
vn 0.8214 -0.0955 -0.5624
vn 0.6078 0.4415 0.6600
vn 0.8598 0.3904 0.3291
vn 0.9913 0.1265 0.0371
vn 0.9988 0.0454 0.0203
vn -0.3265 0.5726 0.7520
vn 0.9958 0.0811 0.0415
vn 0.9976 0.0692 0.0069
vn -0.0510 0.6012 0.7975
vn 0.9496 0.2871 0.1259
vn -0.1799 0.6036 0.7767
vn 0.2973 0.5869 0.7531
vn 0.3865 0.5833 0.7145
vn 0.7094 0.5842 0.3943
vn 0.9869 0.1582 0.0302
vn -0.4163 0.6391 0.6468
vn 0.9710 0.2357 0.0399
vn 0.9749 0.2197 0.0368
vn 0.9650 0.2600 0.0352
vn 0.9615 0.2731 0.0311
vn 0.9615 0.2678 0.0611
vn 0.9790 0.1982 0.0471
vn 0.9559 0.2770 -0.0978
vn 0.7188 0.4036 -0.5661
vn -0.1663 0.7277 0.6654
vn -0.6322 0.6432 0.4321
vn -0.6788 0.5640 0.4702
vn 0.8342 0.5036 0.2246
vn 0.9277 0.3684 0.0605
vn 0.9374 0.3464 0.0364
vn -0.0058 0.7474 0.6644
vn 0.1575 0.7378 0.6564
vn -0.1316 0.7717 0.6222
vn 0.1410 0.8144 0.5629
vn 0.5781 0.6613 0.4780
vn 0.4253 0.6701 0.6083
vn 0.3669 0.7333 0.5724
vn -0.6979 0.5867 0.4106
vn -0.4446 0.7625 0.4701
vn 0.6910 0.6523 0.3114
vn -0.6765 0.6521 0.3422
vn 0.8398 0.5358 0.0872
vn 0.9044 0.4249 0.0397
vn 0.9104 0.4124 0.0343
vn 0.8929 0.4495 0.0272
vn 0.9051 0.4225 0.0485
vn 0.9277 0.3729 0.0184
vn -0.1911 0.8539 0.4842
vn 0.3769 0.8415 0.3871
vn 0.7254 0.6584 0.2009
vn 0.7525 0.6524 0.0902
vn 0.7891 0.6124 0.0472
vn 0.8276 0.5607 0.0266
vn 0.8117 0.5833 0.0288
vn 0.8294 0.5420 0.1352
vn 0.8700 0.4749 0.1326
vn 0.8643 0.4648 -0.1923
vn 0.1486 0.8939 0.4229
vn -0.6484 0.7192 0.2497
vn 0.8156 0.5775 0.0349
vn 0.8060 0.5917 0.0181
vn 0.3906 0.7078 -0.5886
vn 0.0756 0.7696 -0.6341
vn -0.0622 0.9342 0.3512
vn 0.2705 0.9213 0.2792
vn 0.4540 0.8622 0.2249
vn -0.6428 0.7563 0.1217
vn 0.7301 0.6817 0.0475
vn 0.7527 0.6574 0.0365
vn 0.7484 0.6630 0.0160
vn 0.7604 0.6371 0.1259
vn 0.8192 0.5733 -0.0160
vn 0.8056 0.5637 -0.1825
vn 0.4981 0.7348 -0.4603
vn 0.4745 0.7097 -0.5207
vn -0.0568 0.9733 0.2225
vn 0.3539 0.9206 0.1650
vn -0.3442 0.9132 0.2181
vn 0.5237 0.8421 0.1290
vn -0.5269 0.8435 0.1039
vn 0.5666 0.8209 0.0722
vn -0.6348 0.7727 0.0021
vn 0.7766 0.6293 0.0287
vn 0.5748 0.8182 0.0121
vn 0.6680 0.7441 0.0105
vn 0.5880 0.8088 0.0015
vn 0.6146 0.7888 0.0066
vn -0.5849 0.8097 -0.0488
vn -0.6316 0.7741 0.0428
vn 0.7423 0.6515 0.1566
vn 0.0038 0.9943 0.1062
vn -0.2772 0.9541 0.1138
vn 0.4135 0.9062 0.0880
vn -0.4677 0.8832 0.0345
vn 0.5647 0.8243 0.0411
vn -0.5478 0.8365 -0.0132
vn 0.6489 0.7601 0.0340
vn 0.5716 0.8202 0.0252
vn 0.6630 0.7483 0.0209
vn -0.6669 0.7446 -0.0264
vn -0.5580 0.8294 -0.0267
vn -0.6247 0.7799 -0.0392
vn -0.4872 0.8722 -0.0446
vn -0.4351 0.8986 -0.0568
vn 0.4916 0.8706 0.0178
vn -0.4475 0.8931 0.0461
vn 0.5574 0.8212 0.1220
vn 0.4003 0.9040 0.1499
vn 0.5069 0.8524 0.1287
vn 0.2305 0.9708 0.0661
vn -0.2889 0.9570 0.0256
vn 0.0517 0.9980 0.0358
vn 0.3990 0.9162 0.0380
vn 0.2688 0.9630 0.0199
vn 0.4606 0.8873 0.0241
vn 0.4040 0.9147 0.0102
vn -0.3905 0.9202 -0.0267
vn 0.2485 0.9686 -0.0055
vn 0.3829 0.9237 -0.0093
vn -0.1019 0.9947 0.0121
vn -0.2695 0.9630 -0.0004
vn 0.0922 0.9955 -0.0230
vn 0.2611 0.9653 0.0004
vn 0.1346 0.9854 0.1039
vn -0.2745 0.9602 0.0518
vn -0.0334 0.9962 0.0805
vn 0.2378 0.9665 0.0969
vn 0.5126 0.8534 -0.0946
vn -0.0260 0.9996 0.0072
vn 0.1743 0.9847 0.0043
vn -0.0800 0.9968 -0.0081
vn 0.0320 0.9994 -0.0122
vt 0.622242 0.619193
vt 0.623600 0.630243
vt 0.612278 0.627402
vt 0.612521 0.640081
vt 0.622349 0.639258
vt 0.632332 0.624482
vt 0.632487 0.638446
vt 0.604268 0.617817
vt 0.613554 0.613247
vt 0.603619 0.626739
vt 0.602274 0.634474
vt 0.598664 0.640843
vt 0.610704 0.649783
vt 0.621595 0.649818
vt 0.623448 0.603018
vt 0.632898 0.605832
vt 0.632532 0.648529
vt 0.638331 0.618419
vt 0.643741 0.645048
vt 0.645080 0.627966
vt 0.644174 0.634876
vt 0.595951 0.614156
vt 0.590989 0.625055
vt 0.604532 0.606135
vt 0.600547 0.649818
vt 0.614415 0.601976
vt 0.157300 0.546641
vt 0.165467 0.554135
vt 0.158339 0.556368
vt 0.163844 0.544419
vt 0.644828 0.613259
vt 0.265743 0.966956
vt 0.268082 0.973646
vt 0.256780 0.973620
vt 0.259960 0.982582
vt 0.654553 0.628709
vt 0.594720 0.600753
vt 0.600619 0.592470
vt 0.612732 0.593264
vt 0.166076 0.572939
vt 0.168077 0.564093
vt 0.171690 0.574644
vt 0.623904 0.591164
vt 0.634965 0.590752
vt 0.640454 0.596903
vt 0.648503 0.604423
vt 0.655731 0.613475
vt 0.266523 0.982867
vt 0.130290 0.186041
vt 0.121230 0.177246
vt 0.120585 0.183730
vt 0.612959 0.581478
vt 0.651269 0.589793
vt 0.276720 0.979070
vt 0.269405 0.953478
vt 0.276709 0.963968
vt 0.603023 0.580591
vt 0.624998 0.577869
vt 0.646503 0.584534
vt 0.276951 0.934012
vt 0.277988 0.945861
vt 0.267067 0.942930
vt 0.275409 0.989549
vt 0.278191 0.954997
vt 0.278129 0.973294
vt 0.149833 0.191750
vt 0.160542 0.191254
vt 0.151757 0.184097
vt 0.157324 0.196560
vt 0.010426 0.152462
vt 0.014644 0.164856
vt 0.000437 0.166498
vt 0.011645 0.174770
vt 0.006360 0.139534
vt 0.018291 0.140168
vt 0.008679 0.128975
vt 0.025620 0.151102
vt 0.021976 0.161701
vt 0.025939 0.170785
vt 0.023696 0.178366
vt 0.009822 0.182261
vt 0.288982 0.937350
vt 0.286675 0.981626
vt 0.287317 0.947755
vt 0.287088 0.972950
vt 0.286781 0.962349
vt 0.148656 0.204753
vt 0.159034 0.207904
vt 0.012089 0.123118
vt 0.024158 0.120413
vt 0.025383 0.130052
vt 0.287944 0.928585
vt 0.287232 0.991573
vt 0.035901 0.139331
vt 0.032362 0.160305
vt 0.295343 0.980435
vt 0.150932 0.220133
vt 0.295616 0.972576
vt 0.298917 0.949422
vt 0.296647 0.959832
vt 0.297612 0.963112
vt 0.038206 0.168408
vt 0.037215 0.178601
vt 0.299550 0.929297
vt 0.298950 0.937263
vt 0.045615 0.148894
vt 0.302936 0.974993
vt 0.056745 0.112382
vt 0.306598 0.985623
vt 0.058616 0.127803
vt 0.051675 0.162718
vt 0.056914 0.171800
vt 0.316280 0.936816
vt 0.316955 0.950126
vt 0.317381 0.926413
vt 0.316115 0.964566
vt 0.212676 0.529292
vt 0.214473 0.536922
vt 0.193135 0.530619
vt 0.317255 0.975069
vt 0.141858 0.218670
vt 0.149537 0.257734
vt 0.087147 0.107866
vt 0.093861 0.133812
vt 0.326635 0.946786
vt 0.113036 0.150343
vt 0.326986 0.981516
vt 0.318571 0.987065
vt 0.328584 0.964298
vt 0.331425 0.972257
vt 0.327244 0.954190
vt 0.229585 0.544991
vt 0.218678 0.548038
vt 0.118825 0.155703
vt 0.111291 0.164736
vt 0.089846 0.124198
vt 0.107985 0.142732
vt 0.353201 0.929824
vt 0.367121 0.926308
vt 0.371373 0.952323
vt 0.390062 0.962024
vt 0.118739 0.119480
vt 0.379737 0.938871
vt 0.238547 0.524348
vt 0.297696 0.523398
vt 0.238688 0.533786
vt 0.398402 0.966636
vt 0.123389 0.103516
vt 0.387589 0.950244
vt 0.141009 0.259057
vt 0.140620 0.304698
vt 0.391158 0.930343
vt 0.145350 0.126945
vt 0.400176 0.970463
vt 0.362836 0.973003
vt 0.150853 0.315395
vt 0.159756 0.323197
vt 0.155124 0.114330
vt 0.157215 0.136681
vt 0.171640 0.142711
vt 0.441252 0.923953
vt 0.415443 0.945187
vt 0.146059 0.100633
vt 0.159384 0.342963
vt 0.193460 0.144244
vt 0.190853 0.149996
vt 0.439303 0.929193
vt 0.418412 0.954704
vt 0.166687 0.096858
vt 0.186676 0.109919
vt 0.426730 0.939717
vt 0.147925 0.345883
vt 0.431918 0.973011
vt 0.440765 0.965110
vt 0.450595 0.958564
vt 0.196746 0.122928
vt 0.335898 0.525759
vt 0.344781 0.533569
vt 0.274857 0.534342
vt 0.115214 0.340863
vt 0.104797 0.347856
vt 0.114415 0.369491
vt 0.447229 0.950356
vt 0.150109 0.392481
vt 0.210046 0.132667
vt 0.465016 0.939544
vt 0.201579 0.090301
vt 0.214670 0.100887
vt 0.352897 0.544303
vt 0.311893 0.546483
vt 0.483335 0.972053
vt 0.493397 0.950340
vt 0.232234 0.109417
vt 0.247155 0.118936
vt 0.239492 0.135097
vt 0.486938 0.928976
vt 0.454730 0.981567
vt 0.486551 0.963244
vt 0.103487 0.408730
vt 0.101217 0.347747
vt 0.098815 0.407045
vt 0.239938 0.146710
vt 0.345388 0.516909
vt 0.393044 0.520813
vt 0.238535 0.083873
vt 0.158582 0.412429
vt 0.158854 0.376654
vt 0.244824 0.097466
vt 0.495028 0.939844
vt 0.270790 0.120166
vt 0.148144 0.434245
vt 0.264707 0.108126
vt 0.276436 0.138560
vt 0.523958 0.961886
vt 0.536787 0.967101
vt 0.271128 0.078639
vt 0.541996 0.951473
vt 0.396948 0.535722
vt 0.425484 0.533611
vt 0.413373 0.544734
vt 0.283089 0.125286
vt 0.522134 0.928724
vt 0.519353 0.940404
vt 0.284257 0.090112
vt 0.538837 0.972499
vt 0.526308 0.981464
vt 0.125564 0.432652
vt 0.135919 0.449631
vt 0.135549 0.421670
vt 0.144208 0.464371
vt 0.144118 0.418779
vt 0.151103 0.470185
vt 0.158249 0.444149
vt 0.548204 0.934992
vt 0.550014 0.941207
vt 0.326394 0.097819
vt 0.307815 0.127164
vt 0.341514 0.105644
vt 0.553248 0.962456
vt 0.296861 0.067119
vt 0.305315 0.073312
vt 0.134172 0.480425
vt 0.326754 0.128151
vt 0.570810 0.929157
vt 0.568624 0.973264
vt 0.336751 0.113926
vt 0.327975 0.080004
vt 0.346690 0.085203
vt 0.575290 0.951681
vt 0.580265 0.964706
vt 0.474796 0.540591
vt 0.146880 0.493760
vt 0.155185 0.516595
vt 0.141095 0.514184
vt 0.345099 0.065590
vt 0.355639 0.117757
vt 0.586187 0.940308
vt 0.609467 0.951886
vt 0.385930 0.118630
vt 0.599232 0.975024
vt 0.573530 0.982541
vt 0.608551 0.939938
vt 0.382032 0.092825
vt 0.399446 0.104771
vt 0.628037 0.931433
vt 0.616347 0.964613
vt 0.144126 0.566742
vt 0.366693 0.075618
vt 0.614774 0.984334
vt 0.380897 0.099731
vt 0.438489 0.519671
vt 0.501605 0.517101
vt 0.505793 0.525868
vt 0.133163 0.535860
vt 0.628771 0.973726
vt 0.638818 0.948692
vt 0.632215 0.939957
vt 0.637427 0.959411
vt 0.427837 0.106974
vt 0.530596 0.516026
vt 0.656875 0.976881
vt 0.139645 0.583283
vt 0.406174 0.058003
vt 0.419305 0.069214
vt 0.545554 0.522731
vt 0.657388 0.968900
vt 0.663765 0.952565
vt 0.432768 0.088645
vt 0.447785 0.109501
vt 0.671118 0.938887
vt 0.430826 0.077710
vt 0.669379 0.984663
vt 0.644410 0.984373
vt 0.666744 0.949295
vt 0.688178 0.930921
vt 0.658841 0.992259
vt 0.670981 0.960074
vt 0.143251 0.605567
vt 0.154948 0.604776
vt 0.677634 0.974874
vt 0.435229 0.055136
vt 0.461636 0.076004
vt 0.683519 0.963351
vt 0.687716 0.950802
vt 0.685963 0.955635
vt 0.449672 0.098410
vt 0.574619 0.507425
vt 0.580786 0.518381
vt 0.689406 0.981324
vt 0.688807 0.939256
vt 0.691608 0.975480
vt 0.459907 0.064254
vt 0.462143 0.070238
vt 0.454480 0.086913
vt 0.695554 0.959868
vt 0.142021 0.619175
vt 0.156034 0.626571
vt 0.699471 0.947917
vt 0.457163 0.055134
vt 0.466040 0.098490
vt 0.461699 0.107329
vt 0.460742 0.118747
vt 0.701137 0.938600
vt 0.697412 0.985170
vt 0.121152 0.616621
vt 0.124160 0.628736
vt 0.132144 0.612421
vt 0.702166 0.965070
vt 0.706409 0.950618
vt 0.706151 0.960467
vt 0.704711 0.979965
vt 0.482484 0.082061
vt 0.471343 0.091509
vt 0.712598 0.940188
vt 0.199666 0.645358
vt 0.209209 0.658508
vt 0.199038 0.660690
vt 0.202771 0.630831
vt 0.208894 0.633523
vt 0.204025 0.640646
vt 0.147736 0.626817
vt 0.155807 0.660014
vt 0.488380 0.047052
vt 0.493423 0.065521
vt 0.587869 0.499582
vt 0.597583 0.497667
vt 0.583788 0.508030
vt 0.478241 0.113516
vt 0.471924 0.123760
vt 0.205474 0.618571
vt 0.219176 0.645051
vt 0.216221 0.648884
vt 0.219918 0.655779
vt 0.217544 0.635535
vt 0.135129 0.638036
vt 0.145383 0.657624
vt 0.494083 0.053526
vt 0.497709 0.098385
vt 0.480265 0.130131
vt 0.215710 0.617801
vt 0.614621 0.506582
vt 0.613704 0.522930
vt 0.598722 0.522474
vt 0.493577 0.107547
vt 0.488929 0.124466
vt 0.593292 0.490440
vt 0.606862 0.477591
vt 0.226819 0.662568
vt 0.231088 0.624546
vt 0.231993 0.634596
vt 0.236077 0.654412
vt 0.493122 0.117265
vt 0.233241 0.614411
vt 0.233384 0.644402
vt 0.494532 0.141397
vt 0.248301 0.638058
vt 0.248997 0.645374
vt 0.249861 0.630501
vt 0.249439 0.655983
vt 0.515170 0.093172
vt 0.501912 0.137430
vt 0.611484 0.489373
vt 0.620559 0.467728
vt 0.618626 0.496924
vt 0.249273 0.616443
vt 0.266155 0.622870
vt 0.268588 0.643252
vt 0.133212 0.670858
vt 0.145680 0.681037
vt 0.502008 0.156162
vt 0.511548 0.152628
vt 0.611036 0.453349
vt 0.614413 0.436320
vt 0.617017 0.457278
vt 0.276840 0.629487
vt 0.284217 0.634630
vt 0.288314 0.642905
vt 0.288737 0.651421
vt 0.266348 0.655549
vt 0.519674 0.077868
vt 0.268547 0.614337
vt 0.296131 0.620325
vt 0.319837 0.642476
vt 0.316424 0.629654
vt 0.319960 0.635112
vt 0.325275 0.649775
vt 0.353723 0.641018
vt 0.485723 0.630880
vt 0.490273 0.640091
vt 0.482880 0.642101
vt 0.511770 0.627607
vt 0.512013 0.632028
vt 0.512500 0.640699
vt 0.522484 0.629837
vt 0.522536 0.640206
vt 0.523892 0.651465
vt 0.512003 0.649463
vt 0.531709 0.629018
vt 0.533080 0.638097
vt 0.533408 0.648482
vt 0.135117 0.684614
vt 0.538295 0.047562
vt 0.516821 0.136051
vt 0.519194 0.167986
vt 0.511403 0.173015
vt 0.298155 0.657908
vt 0.316255 0.616819
vt 0.323662 0.623928
vt 0.352933 0.652922
vt 0.379573 0.624707
vt 0.381203 0.631180
vt 0.420408 0.643230
vt 0.380993 0.639671
vt 0.432033 0.649162
vt 0.436823 0.630705
vt 0.431909 0.639348
vt 0.427879 0.623727
vt 0.459593 0.625095
vt 0.466568 0.630322
vt 0.460069 0.640008
vt 0.461458 0.648606
vt 0.483345 0.621296
vt 0.484059 0.651117
vt 0.512729 0.619557
vt 0.512065 0.655075
vt 0.523119 0.618106
vt 0.531892 0.621073
vt 0.541293 0.622055
vt 0.545162 0.627554
vt 0.545929 0.641884
vt 0.522006 0.113500
vt 0.520072 0.153721
vt 0.527031 0.196684
vt 0.522591 0.206029
vt 0.303908 0.611255
vt 0.619595 0.404454
vt 0.615203 0.349615
vt 0.620628 0.348374
vt 0.365718 0.612236
vt 0.373577 0.618323
vt 0.434271 0.656626
vt 0.428861 0.617686
vt 0.461767 0.618766
vt 0.463501 0.657188
vt 0.484239 0.659396
vt 0.493421 0.614418
vt 0.606506 0.191157
vt 0.616201 0.199858
vt 0.615030 0.218186
vt 0.617475 0.187865
vt 0.513062 0.608555
vt 0.524432 0.606102
vt 0.617091 0.178673
vt 0.603897 0.179190
vt 0.618425 0.168218
vt 0.546216 0.633578
vt 0.542911 0.649707
vt 0.155155 0.693121
vt 0.518688 0.036809
vt 0.427685 0.611362
vt 0.461587 0.612744
vt 0.540471 0.388603
vt 0.546931 0.366968
vt 0.546156 0.407916
vt 0.534780 0.613371
vt 0.538759 0.662568
vt 0.552944 0.649243
vt 0.558008 0.063618
vt 0.528927 0.157269
vt 0.532221 0.174243
vt 0.535525 0.192186
vt 0.534850 0.247490
vt 0.530828 0.265630
vt 0.545794 0.324796
vt 0.539438 0.324814
vt 0.541344 0.357455
vt 0.616953 0.268491
vt 0.625254 0.244195
vt 0.625810 0.269195
vt 0.615728 0.239285
vt 0.553372 0.406575
vt 0.550897 0.418387
vt 0.558793 0.426524
vt 0.548945 0.430601
vt 0.556393 0.436146
vt 0.544106 0.610491
vt 0.548593 0.617231
vt 0.610002 0.158272
vt 0.616045 0.150294
vt 0.621089 0.157760
vt 0.555796 0.630041
vt 0.556650 0.638501
vt 0.527600 0.040867
vt 0.527068 0.139139
vt 0.631546 0.410784
vt 0.632003 0.347791
vt 0.639997 0.373934
vt 0.543146 0.249879
vt 0.546574 0.280016
vt 0.555228 0.367745
vt 0.563879 0.415687
vt 0.562117 0.623207
vt 0.475961 0.232302
vt 0.470406 0.243842
vt 0.463968 0.235455
vt 0.543532 0.053442
vt 0.551462 0.326595
vt 0.623781 0.219547
vt 0.624073 0.199057
vt 0.633795 0.224831
vt 0.560948 0.405007
vt 0.564953 0.432012
vt 0.564669 0.444803
vt 0.555102 0.443697
vt 0.626879 0.153279
vt 0.459755 0.248151
vt 0.557408 0.612054
vt 0.484225 0.228142
vt 0.492418 0.234080
vt 0.481405 0.239151
vt 0.536895 0.091161
vt 0.536880 0.134727
vt 0.539150 0.151948
vt 0.543907 0.176621
vt 0.563759 0.363544
vt 0.570576 0.423208
vt 0.140166 0.710331
vt 0.547111 0.076750
vt 0.534481 0.109893
vt 0.551741 0.246458
vt 0.555679 0.285314
vt 0.560006 0.323609
vt 0.568521 0.403688
vt 0.572279 0.437752
vt 0.573046 0.446721
vt 0.469488 0.255029
vt 0.459814 0.259499
vt 0.504547 0.229953
vt 0.506300 0.239899
vt 0.495143 0.243621
vt 0.477317 0.251375
vt 0.484962 0.248075
vt 0.573047 0.430445
vt 0.152955 0.728435
vt 0.550325 0.023565
vt 0.547229 0.103416
vt 0.548350 0.114172
vt 0.547567 0.129169
vt 0.549691 0.148942
vt 0.558791 0.227206
vt 0.565967 0.295927
vt 0.578266 0.413586
vt 0.579736 0.422700
vt 0.553515 0.179437
vt 0.571270 0.340996
vt 0.573825 0.365491
vt 0.577388 0.402051
vt 0.581246 0.432432
vt 0.582442 0.443347
vt 0.511531 0.250287
vt 0.500040 0.252146
vt 0.483397 0.258563
vt 0.473897 0.263864
vt 0.491677 0.254576
vt 0.142874 0.728850
vt 0.562147 0.087498
vt 0.636216 0.154476
vt 0.645843 0.154099
vt 0.646607 0.166846
vt 0.464226 0.270101
vt 0.560385 0.114585
vt 0.559361 0.128315
vt 0.565789 0.226712
vt 0.575255 0.292374
vt 0.578951 0.324737
vt 0.585884 0.412279
vt 0.590789 0.436161
vt 0.503961 0.261061
vt 0.494426 0.261899
vt 0.561274 0.147739
vt 0.564806 0.181487
vt 0.583058 0.359599
vt 0.585607 0.400877
vt 0.650490 0.176907
vt 0.658995 0.187677
vt 0.649638 0.186963
vt 0.589144 0.421526
vt 0.479428 0.273751
vt 0.518200 0.261113
vt 0.488496 0.268878
vt 0.558672 0.027885
vt 0.571417 0.072575
vt 0.569662 0.094471
vt 0.564512 0.104287
vt 0.570590 0.222033
vt 0.496950 0.268915
vt 0.573043 0.033969
vt 0.568835 0.115315
vt 0.570230 0.128162
vt 0.567311 0.144143
vt 0.569294 0.169796
vt 0.581205 0.286322
vt 0.584514 0.321705
vt 0.593299 0.399650
vt 0.595019 0.411421
vt 0.599458 0.422106
vt 0.595587 0.430097
vt 0.508583 0.272162
vt 0.482176 0.276890
vt 0.578788 0.047573
vt 0.572841 0.144479
vt 0.573855 0.164474
vt 0.581078 0.207620
vt 0.580777 0.231001
vt 0.590406 0.317715
vt 0.592165 0.354102
vt 0.467373 0.281703
vt 0.481533 0.287475
vt 0.473749 0.296448
vt 0.461485 0.289483
vt 0.522747 0.268649
vt 0.516905 0.274948
vt 0.499800 0.278041
vt 0.492391 0.278595
vt 0.130480 0.729859
vt 0.137023 0.753509
vt 0.182318 0.276181
vt 0.187800 0.289831
vt 0.189388 0.268215
vt 0.194425 0.275412
vt 0.039071 0.564472
vt 0.042757 0.544133
vt 0.036816 0.518475
vt 0.597519 0.390046
vt 0.603571 0.399954
vt 0.602711 0.432241
vt 0.149931 0.757114
vt 0.578972 0.021997
vt 0.035636 0.612512
vt 0.045967 0.614701
vt 0.036220 0.600248
vt 0.599410 0.367030
vt 0.605203 0.384261
vt 0.605473 0.410317
vt 0.606932 0.421946
vt 0.066326 0.276276
vt 0.059333 0.288715
vt 0.071327 0.286319
vt 0.576321 0.014009
vt 0.590723 0.084029
vt 0.587327 0.092070
vt 0.179664 0.301425
vt 0.059718 0.615126
vt 0.056336 0.625228
vt 0.067483 0.625111
vt 0.199053 0.280450
vt 0.198411 0.289664
vt 0.208835 0.285823
vt 0.034479 0.365434
vt 0.038949 0.344174
vt 0.027852 0.326304
vt 0.696846 0.488127
vt 0.706217 0.480896
vt 0.704866 0.493388
vt 0.047671 0.619531
vt 0.065494 0.299186
vt 0.052068 0.299428
vt 0.060761 0.313674
vt 0.032201 0.312847
vt 0.038875 0.298624
vt 0.025305 0.298740
vt 0.144099 0.769386
vt 0.592251 0.077287
vt 0.188740 0.302318
vt 0.197030 0.300700
vt 0.211130 0.290850
vt 0.221556 0.302491
vt 0.221742 0.292785
vt 0.048655 0.310471
vt 0.715275 0.484019
vt 0.714670 0.496294
vt 0.209178 0.301671
vt 0.597824 0.056839
vt 0.195988 0.312728
vt 0.735099 0.495727
vt 0.208005 0.317171
vt 0.217278 0.316829
vt 0.618374 0.028119
vt 0.617059 0.079069
vt 0.187306 0.319330
vt 0.679867 0.035126
vt 0.173117 0.306448
vt 0.179694 0.332265
vt 0.621032 0.064496
vt 0.619879 0.071644
vt 0.195709 0.335937
vt 0.626480 0.015431
vt 0.716893 0.523559
vt 0.727000 0.509512
vt 0.741804 0.523669
vt 0.173770 0.333172
vt 0.222822 0.316078
vt 0.221861 0.340310
vt 0.229659 0.323911
vt 0.186159 0.341497
vt 0.205411 0.338661
vt 0.216882 0.339529
vt 0.209676 0.344362
vt 0.151171 0.839596
vt 0.704383 0.010833
vt 0.691592 0.021550
vt 0.807927 0.517511
vt 0.146755 0.845079
vt 0.654810 0.003082
vt 0.204226 0.373512
vt 0.197493 0.389965
vt 0.215993 0.393620
vt 0.681126 0.046258
vt 0.714413 0.057809
vt 0.664452 0.073064
vt 0.809536 0.493866
vt 0.731464 0.503827
vt 0.218691 0.415769
vt 0.173719 0.381956
vt 0.815913 0.501653
vt 0.185247 0.383135
vt 0.179202 0.421687
vt 0.208591 0.414807
vt 0.703959 0.053172
vt 0.227631 0.400246
vt 0.128614 0.823300
vt 0.128695 0.896969
vt 0.140187 0.834782
vt 0.706140 0.002449
vt 0.194714 0.427248
vt 0.171916 0.435305
vt 0.186652 0.425365
vt 0.203619 0.422407
vt 0.719784 0.022349
vt 0.716138 0.064946
vt 0.841629 0.507939
vt 0.806792 0.507914
vt 0.222595 0.436306
vt 0.227663 0.435576
vt 0.149350 0.895549
vt 0.157087 0.892934
vt 0.844635 0.492127
vt 0.207882 0.440889
vt 0.725841 0.030344
vt 0.854933 0.495938
vt 0.731377 0.009921
vt 0.759382 0.037438
vt 0.737007 0.047707
vt 0.181031 0.441003
vt 0.195995 0.441425
vt 0.217057 0.441743
vt 0.156770 0.919700
vt 0.731351 0.000455
vt 0.734298 0.067621
vt 0.174807 0.453315
vt 0.186220 0.455383
vt 0.194765 0.455591
vt 0.219550 0.455173
vt 0.229546 0.456159
vt 0.207877 0.456308
vt 0.138888 0.897922
vt 0.149110 0.921907
vt 0.743633 0.058264
vt 0.750744 0.025192
vt 0.176537 0.468416
vt 0.180394 0.471125
vt 0.189275 0.468841
vt 0.197027 0.468317
vt 0.219411 0.466776
vt 0.229659 0.466990
vt 0.208701 0.469515
vt 0.749273 0.070989
vt 0.160542 0.942190
vt 0.866347 0.499818
vt 0.893611 0.496334
vt 0.868351 0.506900
vt 0.214866 0.474957
vt 0.752187 0.005566
vt 0.763947 0.052448
vt 0.757487 0.063131
vt 0.865834 0.489361
vt 0.891841 0.487241
vt 0.198923 0.476761
vt 0.220247 0.478207
vt 0.210513 0.481725
vt 0.761782 0.019248
vt 0.180260 0.482240
vt 0.190457 0.480148
vt 0.138866 0.944801
vt 0.150433 0.943846
vt 0.143559 0.929525
vt 0.773700 0.047497
vt 0.767428 0.060926
vt 0.907628 0.901443
vt 0.897078 0.899682
vt 0.906738 0.891614
vt 0.898887 0.880719
vt 0.762172 0.078218
vt 0.912073 0.911652
vt 0.903568 0.870101
vt 0.892129 0.869865
vt 0.907553 0.861117
vt 0.887869 0.892062
vt 0.888256 0.880646
vt 0.883102 0.870282
vt 0.563047 0.884696
vt 0.562909 0.874889
vt 0.577368 0.874388
vt 0.563905 0.862484
vt 0.560575 0.894160
vt 0.553485 0.887947
vt 0.554297 0.873852
vt 0.544921 0.883969
vt 0.545117 0.863042
vt 0.554703 0.861159
vt 0.545792 0.874429
vt 0.536504 0.874266
vt 0.159209 0.959901
vt 0.770175 0.014735
vt 0.771460 0.072120
vt 0.902561 0.913485
vt 0.885908 0.901713
vt 0.872005 0.880497
vt 0.868098 0.890526
vt 0.589258 0.874589
vt 0.586213 0.868819
vt 0.577284 0.889209
vt 0.582606 0.861449
vt 0.551986 0.897324
vt 0.562532 0.851501
vt 0.553923 0.852126
vt 0.542612 0.892399
vt 0.544560 0.852939
vt 0.536834 0.885013
vt 0.534523 0.864149
vt 0.536966 0.858195
vt 0.768768 0.006801
vt 0.778410 0.030383
vt 0.889569 0.913934
vt 0.887423 0.857681
vt 0.898848 0.859196
vt 0.867189 0.897296
vt 0.872387 0.869270
vt 0.857022 0.874613
vt 0.856009 0.880990
vt 0.856596 0.868159
vt 0.830800 0.889037
vt 0.835017 0.896033
vt 0.823949 0.882310
vt 0.816271 0.879039
vt 0.814607 0.873457
vt 0.813007 0.866819
vt 0.678776 0.863653
vt 0.726070 0.889381
vt 0.722093 0.884237
vt 0.679298 0.875719
vt 0.677322 0.870724
vt 0.677007 0.880633
vt 0.681418 0.887733
vt 0.620853 0.874905
vt 0.622784 0.884605
vt 0.624697 0.863693
vt 0.611803 0.870756
vt 0.603415 0.862965
vt 0.605143 0.885654
vt 0.603780 0.875212
vt 0.594337 0.884851
vt 0.589523 0.895266
vt 0.573347 0.899048
vt 0.580546 0.853790
vt 0.561963 0.907180
vt 0.551893 0.906620
vt 0.541240 0.899677
vt 0.529290 0.894138
vt 0.528871 0.886261
vt 0.296190 0.314182
vt 0.303459 0.319674
vt 0.310625 0.309198
vt 0.318793 0.316935
vt 0.310445 0.324429
vt 0.769375 0.084971
vt 0.776593 0.096143
vt 0.873717 0.909593
vt 0.851673 0.903314
vt 0.867196 0.859420
vt 0.814118 0.858623
vt 0.746035 0.899316
vt 0.752990 0.857051
vt 0.673372 0.855631
vt 0.682652 0.897425
vt 0.622062 0.894076
vt 0.619698 0.852613
vt 0.605354 0.897491
vt 0.597986 0.851093
vt 0.580623 0.901885
vt 0.923616 0.137043
vt 0.924694 0.117010
vt 0.932854 0.139755
vt 0.924727 0.107464
vt 0.933228 0.112903
vt 0.926504 0.097095
vt 0.935452 0.099577
vt 0.540795 0.908961
vt 0.531631 0.902837
vt 0.925036 0.086951
vt 0.932951 0.086969
vt 0.325329 0.319256
vt 0.321375 0.326100
vt 0.327647 0.327444
vt 0.783670 0.045084
vt 0.785519 0.072957
vt 0.786163 0.091594
vt 0.787747 0.110936
vt 0.779607 0.112469
vt 0.850674 0.908931
vt 0.905422 0.382846
vt 0.912487 0.372593
vt 0.907271 0.444130
vt 0.725142 0.908903
vt 0.785860 0.134491
vt 0.801458 0.186266
vt 0.814973 0.254583
vt 0.910564 0.318794
vt 0.922304 0.236747
vt 0.681518 0.907830
vt 0.622894 0.900941
vt 0.625073 0.906882
vt 0.916826 0.235399
vt 0.924099 0.179103
vt 0.603660 0.908114
vt 0.589202 0.906879
vt 0.926588 0.155907
vt 0.584787 0.913934
vt 0.854999 0.410158
vt 0.845264 0.421601
vt 0.843633 0.411823
vt 0.855581 0.418565
vt 0.851890 0.430367
vt 0.859596 0.426941
vt 0.939270 0.094437
vt 0.861760 0.439353
vt 0.853311 0.440951
vt 0.278692 0.312767
vt 0.282588 0.325232
vt 0.288059 0.313698
vt 0.326871 0.336664
vt 0.291817 0.328988
vt 0.313841 0.333867
vt 0.790346 0.062564
vt 0.794503 0.135511
vt 0.823943 0.264532
vt 0.823741 0.296386
vt 0.841244 0.348328
vt 0.836451 0.350445
vt 0.934593 0.164491
vt 0.841439 0.370850
vt 0.848421 0.388842
vt 0.853966 0.399580
vt 0.272120 0.320493
vt 0.303798 0.333194
vt 0.141607 0.961917
vt 0.154414 0.979803
vt 0.151777 0.960719
vt 0.785509 0.015475
vt 0.796602 0.115673
vt 0.807394 0.186275
vt 0.849320 0.368913
vt 0.314866 0.344576
vt 0.787775 0.007009
vt 0.800445 0.096023
vt 0.808508 0.158691
vt 0.913909 0.436299
vt 0.921131 0.373622
vt 0.921574 0.435693
vt 0.829755 0.258556
vt 0.847252 0.345623
vt 0.858352 0.373347
vt 0.862961 0.396584
vt 0.865467 0.406811
vt 0.865367 0.415394
vt 0.868914 0.434871
vt 0.276522 0.334271
vt 0.324964 0.347493
vt 0.303084 0.341673
vt 0.289979 0.338020
vt 0.788559 0.025220
vt 0.796609 0.048728
vt 0.867778 0.424287
vt 0.943072 0.100874
vt 0.952075 0.093653
vt 0.951378 0.101730
vt 0.871559 0.446721
vt 0.798394 0.034875
vt 0.813538 0.146248
vt 0.826371 0.211718
vt 0.843544 0.297368
vt 0.853596 0.345484
vt 0.872652 0.413258
vt 0.799372 0.021598
vt 0.800079 0.062303
vt 0.807753 0.084434
vt 0.943093 0.222933
vt 0.949209 0.146248
vt 0.954334 0.193734
vt 0.875065 0.422367
vt 0.961156 0.102031
vt 0.876427 0.432867
vt 0.318551 0.356433
vt 0.327647 0.360602
vt 0.879216 0.443561
vt 0.310378 0.353830
vt 0.272844 0.343331
vt 0.285368 0.346029
vt 0.297442 0.349896
vt 0.144915 0.982838
vt 0.152652 0.999545
vt 0.809295 0.046329
vt 0.825202 0.163384
vt 0.932833 0.357764
vt 0.941528 0.360981
vt 0.936853 0.424392
vt 0.947368 0.285904
vt 0.852649 0.296891
vt 0.861896 0.341445
vt 0.866852 0.367086
vt 0.872775 0.401159
vt 0.962514 0.091177
vt 0.805732 0.011254
vt 0.807331 0.029461
vt 0.811453 0.060520
vt 0.814975 0.077736
vt 0.884998 0.420996
vt 0.885772 0.431291
vt 0.319191 0.368755
vt 0.282646 0.355028
vt 0.193788 0.768221
vt 0.215089 0.757197
vt 0.211406 0.768630
vt 0.835040 0.161178
vt 0.871201 0.342444
vt 0.881562 0.402447
vt 0.882307 0.411895
vt 0.309428 0.364949
vt 0.269029 0.357688
vt 0.291745 0.358365
vt 0.300279 0.360835
vt 0.818384 0.041568
vt 0.825456 0.120057
vt 0.861094 0.289019
vt 0.876016 0.368777
vt 0.880545 0.391514
vt 0.972409 0.095604
vt 0.979494 0.105487
vt 0.970636 0.104315
vt 0.307166 0.376475
vt 0.279143 0.368323
vt 0.292866 0.372094
vt 0.819954 0.058055
vt 0.826018 0.074661
vt 0.830012 0.105534
vt 0.859924 0.244477
vt 0.885062 0.367096
vt 0.887550 0.387755
vt 0.890148 0.398749
vt 0.893576 0.408304
vt 0.894119 0.419363
vt 0.898075 0.427763
vt 0.313213 0.385572
vt 0.890152 0.436897
vt 0.827679 0.055251
vt 0.847417 0.169412
vt 0.874534 0.304746
vt 0.882621 0.348185
vt 0.988194 0.096357
vt 0.988957 0.105566
vt 0.655731 0.772807
vt 0.643302 0.770028
vt 0.652640 0.758805
vt 0.834204 0.069739
vt 0.835553 0.107581
vt 0.890658 0.364542
vt 0.895052 0.386422
vt 0.897382 0.396367
vt 0.636809 0.777824
vt 0.633788 0.768497
vt 0.642673 0.753017
vt 0.654533 0.744917
vt 0.296971 0.385902
vt 0.840862 0.105444
vt 0.866126 0.233818
vt 0.882128 0.312615
vt 0.613417 0.776984
vt 0.622889 0.768439
vt 0.625649 0.780965
vt 0.632987 0.755623
vt 0.247240 0.766927
vt 0.247748 0.755399
vt 0.260188 0.765744
vt 0.845641 0.101279
vt 0.887666 0.311909
vt 0.892320 0.345091
vt 0.580121 0.775792
vt 0.602856 0.766405
vt 0.602860 0.777749
vt 0.612435 0.766988
vt 0.868158 0.221714
vt 0.611851 0.754690
vt 0.621445 0.755791
vt 0.620866 0.730544
vt 0.611318 0.727144
vt 0.622878 0.719230
vt 0.620505 0.743025
vt 0.633258 0.742578
vt 0.631649 0.729750
vt 0.390429 0.760832
vt 0.340611 0.755528
vt 0.425905 0.754555
vt 0.489606 0.752218
vt 0.528329 0.740537
vt 0.532893 0.752669
vt 0.610488 0.739628
vt 0.161180 0.565498
vt 0.157043 0.536209
vt 0.109261 0.184056
vt 0.106899 0.169854
vt 0.096506 0.176840
vt 0.098460 0.170523
vt 0.161649 0.532181
vt 0.142314 0.183275
vt 0.132287 0.175814
vt 0.140476 0.193125
vt 0.103237 0.189580
vt 0.178477 0.553110
vt 0.175219 0.544093
vt 0.171774 0.532689
vt 0.131147 0.196376
vt 0.120589 0.193773
vt 0.109204 0.196802
vt 0.178118 0.563334
vt 0.181308 0.574125
vt 0.179499 0.584652
vt 0.120388 0.208652
vt 0.137169 0.204728
vt 0.098857 0.202789
vt 0.191289 0.582237
vt 0.191506 0.570714
vt 0.188828 0.560208
vt 0.187695 0.552025
vt 0.185534 0.542377
vt 0.182775 0.530833
vt 0.128151 0.210365
vt 0.108804 0.207863
vt 0.200400 0.581308
vt 0.133325 0.218127
vt 0.193812 0.541461
vt 0.098291 0.213152
vt 0.200412 0.558277
vt 0.196541 0.551085
vt 0.298221 0.992259
vt 0.106407 0.221126
vt 0.158082 0.238889
vt 0.205571 0.568053
vt 0.205598 0.548202
vt 0.200917 0.539607
vt 0.116588 0.240060
vt 0.105443 0.251499
vt 0.208340 0.587887
vt 0.223247 0.578314
vt 0.218572 0.557042
vt 0.201740 0.525429
vt 0.121320 0.244059
vt 0.235415 0.582277
vt 0.223347 0.567939
vt 0.130529 0.256331
vt 0.221357 0.525042
vt 0.111138 0.259353
vt 0.229219 0.563413
vt 0.229092 0.554129
vt 0.224305 0.535067
vt 0.245184 0.573288
vt 0.233044 0.567275
vt 0.118436 0.263175
vt 0.344802 0.980964
vt 0.246909 0.563669
vt 0.249558 0.551393
vt 0.158166 0.267428
vt 0.254322 0.541585
vt 0.129488 0.285751
vt 0.259097 0.559899
vt 0.102491 0.295790
vt 0.276906 0.577655
vt 0.107360 0.311010
vt 0.116217 0.306986
vt 0.288605 0.570793
vt 0.159463 0.301691
vt 0.327544 0.563640
vt 0.393452 0.980290
vt 0.300095 0.538302
vt 0.128773 0.322291
vt 0.285829 0.519634
vt 0.310893 0.556921
vt 0.326205 0.576758
vt 0.138719 0.349245
vt 0.330651 0.570867
vt 0.128953 0.347143
vt 0.405487 0.984937
vt 0.358753 0.554020
vt 0.144320 0.377748
vt 0.127117 0.391146
vt 0.138259 0.387890
vt 0.367610 0.563743
vt 0.376154 0.571485
vt 0.112384 0.408372
vt 0.382673 0.577069
vt 0.115993 0.415706
vt 0.399539 0.525697
vt 0.112554 0.442509
vt 0.421655 0.556520
vt 0.415292 0.514147
vt 0.102213 0.459474
vt 0.417758 0.562952
vt 0.125028 0.455915
vt 0.440230 0.569561
vt 0.432757 0.581417
vt 0.462003 0.575698
vt 0.110912 0.485836
vt 0.471254 0.561784
vt 0.478092 0.554588
vt 0.473592 0.528661
vt 0.461379 0.515124
vt 0.461706 0.550315
vt 0.124287 0.491977
vt 0.113794 0.489654
vt 0.101612 0.503862
vt 0.494615 0.568905
vt 0.475256 0.580761
vt 0.133657 0.510845
vt 0.122604 0.542041
vt 0.102420 0.545448
vt 0.110160 0.547122
vt 0.516922 0.574708
vt 0.497472 0.536359
vt 0.526399 0.552998
vt 0.518789 0.544030
vt 0.526854 0.563160
vt 0.096067 0.547401
vt 0.544836 0.532188
vt 0.122267 0.582044
vt 0.132444 0.580364
vt 0.100861 0.579725
vt 0.155163 0.576225
vt 0.565957 0.570967
vt 0.094920 0.598514
vt 0.573485 0.559360
vt 0.109943 0.589538
vt 0.570302 0.538753
vt 0.121909 0.603328
vt 0.102896 0.612642
vt 0.109662 0.613966
vt 0.580978 0.527451
vt 0.580768 0.546925
vt 0.095759 0.615733
vt 0.584776 0.562239
vt 0.582310 0.570295
vt 0.591547 0.535931
vt 0.117187 0.629596
vt 0.107387 0.631259
vt 0.136145 0.627980
vt 0.595421 0.554390
vt 0.093847 0.631155
vt 0.597435 0.544886
vt 0.596363 0.566699
vt 0.599957 0.507157
vt 0.121031 0.644430
vt 0.109137 0.656287
vt 0.103390 0.652885
vt 0.622062 0.572456
vt 0.622959 0.558626
vt 0.095384 0.659083
vt 0.624622 0.533551
vt 0.116660 0.672907
vt 0.643316 0.546626
vt 0.121805 0.671092
vt 0.108424 0.678284
vt 0.629853 0.496386
vt 0.100665 0.677668
vt 0.636876 0.518261
vt 0.629896 0.472844
vt 0.623951 0.427081
vt 0.627548 0.442917
vt 0.666752 0.573612
vt 0.657801 0.556889
vt 0.633853 0.435076
vt 0.126802 0.693225
vt 0.093223 0.706055
vt 0.665967 0.579765
vt 0.626524 0.379102
vt 0.119806 0.705296
vt 0.659412 0.534884
vt 0.641030 0.458528
vt 0.624695 0.319520
vt 0.668505 0.567594
vt 0.640507 0.495536
vt 0.641344 0.425021
vt 0.098342 0.702579
vt 0.650756 0.499479
vt 0.637786 0.327800
vt 0.630577 0.187108
vt 0.629479 0.177338
vt 0.132472 0.712595
vt 0.650499 0.454970
vt 0.635601 0.263628
vt 0.634802 0.249105
vt 0.632839 0.200928
vt 0.630110 0.166929
vt 0.657555 0.520889
vt 0.650343 0.433316
vt 0.106400 0.729389
vt 0.676948 0.546194
vt 0.659230 0.475306
vt 0.649159 0.401179
vt 0.647424 0.320292
vt 0.643327 0.259206
vt 0.642140 0.222548
vt 0.642091 0.199956
vt 0.640491 0.177654
vt 0.637628 0.167053
vt 0.662287 0.499162
vt 0.661875 0.445845
vt 0.641764 0.186820
vt 0.669677 0.511567
vt 0.671747 0.485139
vt 0.658165 0.401940
vt 0.652064 0.263857
vt 0.098706 0.729044
vt 0.672984 0.497788
vt 0.667154 0.466001
vt 0.657006 0.334251
vt 0.654409 0.297101
vt 0.650828 0.232159
vt 0.650556 0.199911
vt 0.093078 0.731746
vt 0.681062 0.532454
vt 0.668555 0.419413
vt 0.118575 0.733203
vt 0.692234 0.571741
vt 0.689402 0.519330
vt 0.683784 0.505985
vt 0.675362 0.472260
vt 0.674060 0.455896
vt 0.666322 0.373788
vt 0.664316 0.316655
vt 0.662100 0.271578
vt 0.657763 0.248910
vt 0.656602 0.227868
vt 0.657138 0.166120
vt 0.655527 0.157417
vt 0.694018 0.579001
vt 0.689499 0.584560
vt 0.701597 0.558438
vt 0.682540 0.494674
vt 0.659470 0.199933
vt 0.687780 0.480711
vt 0.070581 0.604182
vt 0.081749 0.603409
vt 0.072848 0.588994
vt 0.081197 0.587162
vt 0.076639 0.545684
vt 0.085302 0.550074
vt 0.079973 0.503110
vt 0.671871 0.373408
vt 0.664032 0.250080
vt 0.662177 0.227077
vt 0.660064 0.177005
vt 0.072074 0.614495
vt 0.070854 0.548731
vt 0.073686 0.478888
vt 0.078846 0.455804
vt 0.670519 0.327446
vt 0.083379 0.397700
vt 0.072162 0.398897
vt 0.080540 0.375428
vt 0.667184 0.200254
vt 0.106635 0.751755
vt 0.717062 0.547797
vt 0.690336 0.498298
vt 0.060234 0.580679
vt 0.059064 0.595640
vt 0.068198 0.497065
vt 0.071645 0.374457
vt 0.083364 0.351539
vt 0.074534 0.347167
vt 0.080335 0.322807
vt 0.668528 0.186776
vt 0.078420 0.308582
vt 0.085302 0.296701
vt 0.074950 0.296962
vt 0.084447 0.284768
vt 0.098306 0.747144
vt 0.129224 0.751954
vt 0.703099 0.513827
vt 0.701003 0.505033
vt 0.059319 0.603390
vt 0.575500 0.116329
vt 0.041109 0.584834
vt 0.045104 0.602657
vt 0.049503 0.589792
vt 0.047550 0.580562
vt 0.051109 0.579409
vt 0.064221 0.530800
vt 0.067822 0.443171
vt 0.071924 0.323234
vt 0.118520 0.754441
vt 0.728107 0.536439
vt 0.054299 0.613244
vt 0.049979 0.602847
vt 0.055865 0.524741
vt 0.046457 0.524533
vt 0.050442 0.527545
vt 0.060818 0.500315
vt 0.039961 0.492065
vt 0.031542 0.494239
vt 0.034818 0.444229
vt 0.062767 0.449202
vt 0.057919 0.449562
vt 0.591266 0.276357
vt 0.061457 0.396557
vt 0.596802 0.329670
vt 0.064941 0.366345
vt 0.070102 0.310384
vt 0.510204 0.283571
vt 0.493950 0.290287
vt 0.046506 0.489922
vt 0.053590 0.480185
vt 0.044279 0.444991
vt 0.049299 0.415394
vt 0.038785 0.401831
vt 0.052467 0.402700
vt 0.031655 0.386739
vt 0.041220 0.378103
vt 0.056530 0.372866
vt 0.026229 0.346243
vt 0.061071 0.351172
vt 0.066612 0.322517
vt 0.028040 0.274590
vt 0.028928 0.286766
vt 0.037595 0.287883
vt 0.037611 0.277468
vt 0.054961 0.278581
vt 0.503162 0.296448
vt 0.739834 0.567825
vt 0.049925 0.364331
vt 0.054774 0.346103
vt 0.049247 0.342201
vt 0.023185 0.309889
vt 0.048018 0.285785
vt 0.103959 0.789415
vt 0.094941 0.789379
vt 0.044177 0.323371
vt 0.038751 0.312708
vt 0.052326 0.313370
vt 0.755613 0.571767
vt 0.744301 0.587887
vt 0.749301 0.580491
vt 0.108428 0.805236
vt 0.118525 0.808440
vt 0.787670 0.557620
vt 0.797610 0.524070
vt 0.786042 0.534954
vt 0.789820 0.546668
vt 0.106050 0.894725
vt 0.108937 0.874142
vt 0.095942 0.890104
vt 0.855536 0.582063
vt 0.851346 0.577332
vt 0.841170 0.586760
vt 0.118302 0.896539
vt 0.858107 0.568899
vt 0.861829 0.556525
vt 0.865332 0.531694
vt 0.845755 0.520741
vt 0.894065 0.541149
vt 0.875033 0.516312
vt 0.098128 0.914308
vt 0.133952 0.914321
vt 0.092301 0.905583
vt 0.119547 0.914833
vt 0.107853 0.914357
vt 0.875283 0.575821
vt 0.885354 0.521193
vt 0.119975 0.927923
vt 0.097120 0.928007
vt 0.877242 0.583457
vt 0.107849 0.928822
vt 0.135480 0.930648
vt 0.886297 0.566493
vt 0.894971 0.569393
vt 0.876558 0.484763
vt 0.229383 0.477931
vt 0.123245 0.944215
vt 0.893799 0.578492
vt 0.896776 0.553034
vt 0.899402 0.525482
vt 0.109081 0.945128
vt 0.097759 0.946085
vt 0.886409 0.478225
vt 0.903265 0.502531
vt 0.892888 0.471159
vt 0.904153 0.558001
vt 0.121286 0.960461
vt 0.110126 0.961827
vt 0.101575 0.963938
vt 0.097544 0.966568
vt 0.903986 0.473323
vt 0.899029 0.460374
vt 0.131265 0.961094
vt 0.910862 0.569110
vt 0.914332 0.539032
vt 0.909994 0.480843
vt 0.901861 0.438794
vt 0.916822 0.526274
vt 0.916725 0.486921
vt 0.911048 0.457467
vt 0.922698 0.315437
vt 0.929347 0.226293
vt 0.940093 0.112523
vt 0.916415 0.557440
vt 0.925155 0.541506
vt 0.941651 0.140776
vt 0.941498 0.085228
vt 0.921483 0.500567
vt 0.919294 0.463557
vt 0.930271 0.301188
vt 0.940832 0.162340
vt 0.124413 0.977817
vt 0.112604 0.977265
vt 0.135556 0.978087
vt 0.925027 0.454859
vt 0.949917 0.114206
vt 0.104221 0.981143
vt 0.934238 0.553748
vt 0.925452 0.474522
vt 0.937096 0.300425
vt 0.951860 0.084244
vt 0.925534 0.565792
vt 0.933446 0.543570
vt 0.926227 0.522526
vt 0.934155 0.470191
vt 0.134481 0.992877
vt 0.957751 0.146018
vt 0.959366 0.114272
vt 0.116889 0.993713
vt 0.934812 0.524411
vt 0.127139 0.998385
vt 0.112448 0.998829
vt 0.101567 0.996277
vt 0.943884 0.540870
vt 0.942592 0.490691
vt 0.199008 0.754637
vt 0.950140 0.400653
vt 0.954838 0.335904
vt 0.959773 0.273942
vt 0.965590 0.189676
vt 0.970157 0.145189
vt 0.971340 0.124116
vt 0.973049 0.113555
vt 0.973448 0.088512
vt 0.201924 0.745774
vt 0.228007 0.769274
vt 0.214376 0.780965
vt 0.947683 0.525825
vt 0.945306 0.510210
vt 0.945926 0.462301
vt 0.195373 0.736454
vt 0.199556 0.731198
vt 0.216746 0.744155
vt 0.218892 0.733323
vt 0.950256 0.541476
vt 0.196247 0.720162
vt 0.215963 0.723816
vt 0.225736 0.779800
vt 0.230866 0.759407
vt 0.957240 0.528769
vt 0.242335 0.777565
vt 0.954368 0.511077
vt 0.958068 0.461545
vt 0.967989 0.334794
vt 0.975682 0.224731
vt 0.978696 0.157618
vt 0.986741 0.127907
vt 0.232613 0.745357
vt 0.230159 0.722733
vt 0.962033 0.515254
vt 0.964305 0.502090
vt 0.964320 0.478234
vt 0.976953 0.304019
vt 0.985109 0.172203
vt 0.988260 0.154815
vt 0.991101 0.137832
vt 0.986792 0.117936
vt 0.233242 0.733103
vt 0.259236 0.776157
vt 0.970676 0.399143
vt 0.986661 0.227012
vt 0.305105 0.400273
vt 0.643432 0.738474
vt 0.247607 0.742962
vt 0.246077 0.732912
vt 0.244161 0.721718
vt 0.275550 0.775809
vt 0.970495 0.479649
vt 0.976417 0.403144
vt 0.992245 0.184896
vt 0.993773 0.163457
vt 0.997320 0.129053
vt 0.996564 0.117958
vt 0.636230 0.716966
vt 0.318143 0.393857
vt 0.260107 0.744842
vt 0.260825 0.732288
vt 0.260754 0.757052
vt 0.257057 0.720166
vt 0.279191 0.767673
vt 0.279551 0.721957
vt 0.309705 0.772909
vt 0.982622 0.311284
vt 0.479518 0.723389
vt 0.519650 0.715392
vt 0.532468 0.723726
vt 0.559803 0.718694
vt 0.561182 0.769839
vt 0.578354 0.767750
vt 0.999563 0.139171
vt 0.279350 0.743847
vt 0.279669 0.756251
vt 0.277390 0.732134
vt 0.303349 0.765210
vt 0.306518 0.726812
vt 0.334627 0.767395
vt 0.352456 0.719567
vt 0.379557 0.724454
vt 0.439674 0.717780
vt 0.433492 0.773692
vt 0.436288 0.766222
vt 0.526962 0.769707
vt 0.528046 0.762717
vt 0.560565 0.760773
vt 0.571574 0.725938
vt 0.578198 0.760406
vt 0.579917 0.718377
vt 0.586795 0.727155
vt 0.603109 0.720033
vt 0.285089 0.736643
vt 0.306551 0.756857
vt 0.306758 0.743853
vt 0.306338 0.732970
vt 0.351968 0.735406
vt 0.380047 0.729910
vt 0.444664 0.731819
vt 0.480133 0.757816
vt 0.482055 0.734019
vt 0.528004 0.729940
vt 0.572456 0.744479
vt 0.572051 0.752840
vt 0.561542 0.738663
vt 0.570811 0.732254
vt 0.582007 0.738226
vt 0.602539 0.752942
vt 0.600964 0.740934
vt 0.602709 0.729145
vt 0.612607 0.717678
vt 0.354021 0.744040
vt 0.412700 0.741066
vt 0.421387 0.745881
vt 0.490202 0.741195
s 1
usemtl Material.005
f 1581/1/1 1583/2/2 1584/3/3
f 1584/3/3 1583/2/2 1604/4/4
f 1604/4/4 1583/2/2 1605/5/5
f 1581/1/1 1582/6/6 1583/2/2
f 1582/6/6 1606/7/7 1583/2/2
f 1583/2/2 1606/7/7 1605/5/5
f 1590/8/8 1585/9/9 1584/3/3
f 1590/8/8 1584/3/3 1595/10/10
f 1595/10/10 1604/4/4 1609/11/11
f 1609/11/11 1604/4/4 1615/12/12
f 1615/12/12 1604/4/4 1620/13/13
f 1585/9/9 1581/1/1 1584/3/3
f 1604/4/4 1617/14/14 1620/13/13
f 1585/9/9 1586/15/15 1581/1/1
f 1586/15/15 1587/16/16 1581/1/1
f 1587/16/16 1582/6/6 1581/1/1
f 1606/7/7 1619/17/17 1617/14/14
f 1587/16/16 1589/18/18 1582/6/6
f 1606/7/7 1618/19/19 1619/17/17
f 1589/18/18 1607/20/20 1582/6/6
f 1582/6/6 1607/20/20 1606/7/7
f 1607/20/20 1611/21/21 1606/7/7
f 1606/7/7 1611/21/21 1618/19/19
f 1597/22/22 1595/10/10 1610/23/23
f 1610/23/23 1595/10/10 1609/11/11
f 1610/23/23 1609/11/11 1615/12/12
f 1597/22/22 1590/8/8 1595/10/10
f 1591/24/24 1590/8/8 1597/22/22
f 1591/24/24 1585/9/9 1590/8/8
f 1615/12/12 1620/13/13 1621/25/25
f 1591/24/24 1588/26/26 1585/9/9
f 1588/26/26 1586/15/15 1585/9/9
f 384/27/27 216/28/28 371/29/29
f 384/27/27 246/30/30 216/28/28
f 1587/16/16 1603/31/31 1589/18/18
f 1589/18/18 1603/31/31 1607/20/20
f 1288/32/32 1286/33/33 1316/34/34
f 1316/34/34 1286/33/33 1317/35/35
f 1607/20/20 1616/36/36 1611/21/21
f 1599/37/37 1591/24/24 1597/22/22
f 1591/24/24 1596/38/38 1593/39/39
f 374/40/40 209/41/41 288/42/42
f 1593/39/39 1588/26/26 1591/24/24
f 1593/39/39 1592/43/43 1588/26/26
f 1592/43/43 1586/15/15 1588/26/26
f 1592/43/43 1587/16/16 1586/15/15
f 1592/43/43 1594/44/44 1587/16/16
f 1594/44/44 1602/45/45 1587/16/16
f 1602/45/45 1603/31/31 1587/16/16
f 1602/45/45 1608/46/46 1603/31/31
f 1608/46/46 1614/47/47 1603/31/31
f 1286/33/33 1308/48/48 1317/35/35
f 1603/31/31 1614/47/47 1607/20/20
f 1607/20/20 1614/47/47 1616/36/36
f 1084/49/49 1138/50/50 1085/51/51
f 1599/37/37 1596/38/38 1591/24/24
f 1593/39/39 1598/52/52 1592/43/43
f 1602/45/45 1613/53/53 1608/46/46
f 1286/33/33 1290/54/54 1308/48/48
f 1266/55/55 1243/56/56 1288/32/32
f 1288/32/32 1243/56/56 1286/33/33
f 1596/38/38 1600/57/57 1593/39/39
f 1598/52/52 1601/58/58 1592/43/43
f 1592/43/43 1601/58/58 1594/44/44
f 1594/44/44 1612/59/59 1602/45/45
f 1602/45/45 1612/59/59 1613/53/53
f 1268/60/60 1249/61/61 1315/62/62
f 1315/62/62 1249/61/61 1266/55/55
f 1308/48/48 1290/54/54 1309/63/63
f 1266/55/55 1242/64/64 1243/56/56
f 1243/56/56 1248/65/65 1286/33/33
f 1286/33/33 1248/65/65 1290/54/54
f 1118/66/66 1151/67/67 1150/68/68
f 1118/66/66 1125/69/69 1151/67/67
f 563/70/70 634/71/71 710/72/72
f 710/72/72 634/71/71 708/73/73
f 1266/55/55 1249/61/61 1242/64/64
f 656/74/74 528/75/75 563/70/70
f 668/76/76 528/75/75 656/74/74
f 563/70/70 483/77/77 522/78/78
f 563/70/70 522/78/78 634/71/71
f 634/71/71 627/79/79 708/73/73
f 627/79/79 722/80/80 708/73/73
f 708/73/73 722/80/80 751/81/81
f 1268/60/60 1246/82/82 1249/61/61
f 1290/54/54 1291/83/83 1309/63/63
f 1249/61/61 1240/84/84 1242/64/64
f 1241/85/85 1291/83/83 1290/54/54
f 1248/65/65 1241/85/85 1290/54/54
f 1240/84/84 1239/86/86 1242/64/64
f 1242/64/64 1239/86/86 1243/56/56
f 1239/86/86 1241/85/85 1243/56/56
f 1243/56/56 1241/85/85 1248/65/65
f 1090/87/87 1116/88/88 1125/69/69
f 680/89/89 667/90/90 668/76/76
f 668/76/76 565/91/91 528/75/75
f 528/75/75 483/77/77 563/70/70
f 634/71/71 522/78/78 627/79/79
f 1267/92/92 1246/82/82 1268/60/60
f 1246/82/82 1240/84/84 1249/61/61
f 1291/83/83 1311/93/93 1309/63/63
f 481/94/94 483/77/77 528/75/75
f 522/78/78 486/95/95 627/79/79
f 1291/83/83 1289/96/96 1311/93/93
f 1090/87/87 1098/97/97 1116/88/88
f 565/91/91 481/94/94 528/75/75
f 483/77/77 486/95/95 522/78/78
f 1244/98/98 1289/96/96 1241/85/85
f 1241/85/85 1289/96/96 1291/83/83
f 1237/99/99 1238/100/100 1240/84/84
f 1240/84/84 1238/100/100 1239/86/86
f 1238/100/100 1236/101/101 1239/86/86
f 1239/86/86 1236/101/101 1241/85/85
f 1236/101/101 1244/98/98 1241/85/85
f 486/95/95 635/102/102 627/79/79
f 635/102/102 741/103/103 722/80/80
f 627/79/79 635/102/102 722/80/80
f 1267/92/92 1264/104/104 1246/82/82
f 1264/104/104 1247/105/105 1246/82/82
f 1246/82/82 1247/105/105 1237/99/99
f 1246/82/82 1237/99/99 1240/84/84
f 481/94/94 479/106/106 483/77/77
f 1244/98/98 1245/107/107 1289/96/96
f 667/90/90 654/108/108 565/91/91
f 483/77/77 479/106/106 486/95/95
f 1289/96/96 1245/107/107 1306/109/109
f 1237/99/99 1236/101/101 1238/100/100
f 1236/101/101 1245/107/107 1244/98/98
f 565/91/91 550/110/110 481/94/94
f 486/95/95 622/111/111 635/102/102
f 635/102/102 622/111/111 738/112/112
f 635/102/102 738/112/112 741/103/103
f 1247/105/105 1235/113/113 1237/99/99
f 1235/113/113 1214/114/114 1237/99/99
f 654/108/108 550/110/110 565/91/91
f 1264/104/104 1263/115/115 1235/113/113
f 1264/104/104 1235/113/113 1247/105/105
f 1237/99/99 1214/114/114 1236/101/101
f 1214/114/114 1213/116/116 1236/101/101
f 1236/101/101 1213/116/116 1245/107/107
f 364/117/117 225/118/118 264/119/119
f 1245/107/107 1213/116/116 1282/120/120
f 1035/121/121 1079/122/122 1098/97/97
f 654/108/108 655/123/123 550/110/110
f 481/94/94 478/124/124 479/106/106
f 1235/113/113 1218/125/125 1214/114/114
f 486/95/95 566/126/126 622/111/111
f 1282/120/120 1304/127/127 1305/128/128
f 1211/129/129 1280/130/130 1213/116/116
f 1213/116/116 1280/130/130 1282/120/120
f 1218/125/125 1210/131/131 1214/114/114
f 1214/114/114 1210/131/131 1213/116/116
f 225/118/118 98/132/132 150/133/133
f 566/126/126 644/134/134 622/111/111
f 622/111/111 735/135/135 738/112/112
f 1213/116/116 1210/131/131 1211/129/129
f 550/110/110 482/136/136 481/94/94
f 481/94/94 482/136/136 478/124/124
f 478/124/124 477/137/137 479/106/106
f 479/106/106 477/137/137 486/95/95
f 1263/115/115 1255/138/138 1235/113/113
f 1263/115/115 1265/139/139 1255/138/138
f 655/123/123 482/136/136 550/110/110
f 622/111/111 644/134/134 735/135/135
f 1218/125/125 1209/140/140 1210/131/131
f 1210/131/131 1207/141/141 1211/129/129
f 482/136/136 480/142/142 478/124/124
f 477/137/137 566/126/126 486/95/95
f 1235/113/113 1225/143/143 1218/125/125
f 1209/140/140 1207/141/141 1210/131/131
f 321/144/144 263/145/145 207/146/146
f 1207/141/141 1250/147/147 1211/129/129
f 1211/129/129 1250/147/147 1280/130/130
f 655/123/123 605/148/148 482/136/136
f 1225/143/143 1208/149/149 1218/125/125
f 1218/125/125 1208/149/149 1209/140/140
f 1033/150/150 1022/151/151 1079/122/122
f 1255/138/138 1254/152/152 1235/113/113
f 480/142/142 482/136/136 605/148/148
f 1254/152/152 1225/143/143 1235/113/113
f 480/142/142 475/153/153 478/124/124
f 478/124/124 475/153/153 477/137/137
f 1265/139/139 1254/152/152 1255/138/138
f 1250/147/147 1284/154/154 1285/155/155
f 1080/156/156 1106/157/157 1079/122/122
f 480/142/142 474/158/158 475/153/153
f 475/153/153 476/159/159 477/137/137
f 477/137/137 567/160/160 566/126/126
f 566/126/126 567/160/160 644/134/134
f 1209/140/140 1208/149/149 1207/141/141
f 1265/139/139 1269/161/161 1254/152/152
f 1225/143/143 1217/162/162 1208/149/149
f 605/148/148 474/158/158 480/142/142
f 477/137/137 476/159/159 567/160/160
f 605/148/148 584/163/163 474/158/158
f 1080/156/156 1109/164/164 1106/157/157
f 567/160/160 629/165/165 644/134/134
f 644/134/134 747/166/166 735/135/135
f 1254/152/152 1253/167/167 1225/143/143
f 1208/149/149 1205/168/168 1207/141/141
f 584/163/163 583/169/169 473/170/170
f 1269/161/161 1253/167/167 1254/152/152
f 1253/167/167 1226/171/171 1225/143/143
f 1217/162/162 1205/168/168 1208/149/149
f 1074/172/172 1109/164/164 1080/156/156
f 1225/143/143 1226/171/171 1217/162/162
f 1250/147/147 1283/173/173 1284/154/154
f 1205/168/168 1206/174/174 1207/141/141
f 1207/141/141 1206/174/174 1250/147/147
f 1205/168/168 1195/175/175 1206/174/174
f 474/158/158 472/176/176 475/153/153
f 257/177/177 95/178/178 206/179/179
f 629/165/165 747/166/166 644/134/134
f 475/153/153 472/176/176 476/159/159
f 1250/147/147 1206/174/174 1283/173/173
f 1007/180/180 1168/181/181 1005/182/182
f 474/158/158 473/170/170 472/176/176
f 1226/171/171 1204/183/183 1217/162/162
f 1217/162/162 1204/183/183 1205/168/168
f 1074/172/172 1091/184/184 1109/164/164
f 476/159/159 523/185/185 567/160/160
f 472/176/176 523/185/185 476/159/159
f 1253/167/167 1224/186/186 1226/171/171
f 583/169/169 587/187/187 514/188/188
f 95/178/178 83/189/189 85/190/190
f 567/160/160 523/185/185 629/165/165
f 1204/183/183 1195/175/175 1205/168/168
f 1206/174/174 1277/191/191 1283/173/173
f 1226/171/171 1224/186/186 1204/183/183
f 1224/186/186 1196/192/192 1204/183/183
f 473/170/170 471/193/193 472/176/176
f 472/176/176 470/194/194 523/185/185
f 523/185/185 617/195/195 629/165/165
f 1269/161/161 1256/196/196 1253/167/167
f 1283/173/173 1277/191/191 1300/197/197
f 1195/175/175 1197/198/198 1206/174/174
f 1171/199/199 1181/200/200 1189/201/201
f 747/166/166 629/165/165 737/202/202
f 318/203/203 298/204/204 257/177/177
f 1253/167/167 1256/196/196 1224/186/186
f 587/187/187 585/205/205 514/188/188
f 514/188/188 471/193/193 473/170/170
f 1091/184/184 1123/206/206 1122/207/207
f 514/188/188 469/208/208 471/193/193
f 472/176/176 471/193/193 470/194/194
f 1204/183/183 1196/192/192 1195/175/175
f 1206/174/174 1197/198/198 1277/191/191
f 1256/196/196 1231/209/209 1224/186/186
f 629/165/165 617/195/195 737/202/202
f 1195/175/175 1196/192/192 1197/198/198
f 585/205/205 469/208/208 514/188/188
f 470/194/194 552/210/210 523/185/185
f 523/185/185 552/210/210 617/195/195
f 1231/209/209 1196/192/192 1224/186/186
f 1091/184/184 1096/211/211 1123/206/206
f 471/193/193 468/212/212 470/194/194
f 617/195/195 736/213/213 737/202/202
f 1198/214/214 1216/215/215 1197/198/198
f 1197/198/198 1216/215/215 1277/191/191
f 1196/192/192 1198/214/214 1197/198/198
f 586/216/216 469/208/208 585/205/205
f 1231/209/209 1199/217/217 1196/192/192
f 469/208/208 468/212/212 471/193/193
f 82/218/218 81/219/219 80/220/220
f 552/210/210 618/221/221 617/195/195
f 617/195/195 618/221/221 736/213/213
f 1256/196/196 1257/222/222 1231/209/209
f 1230/223/223 1199/217/217 1231/209/209
f 586/216/216 467/224/224 469/208/208
f 469/208/208 467/224/224 468/212/212
f 1257/222/222 1230/223/223 1231/209/209
f 1277/191/191 1279/225/225 1294/226/226
f 1196/192/192 1199/217/217 1198/214/214
f 1002/227/227 1029/228/228 1024/229/229
f 1081/230/230 1096/211/211 1076/231/231
f 1081/230/230 1076/231/231 1029/228/228
f 1096/211/211 1115/232/232 1126/233/233
f 1257/222/222 1251/234/234 1230/223/223
f 1251/234/234 1229/235/235 1230/223/223
f 1230/223/223 1229/235/235 1199/217/217
f 468/212/212 466/236/236 470/194/194
f 618/221/221 713/237/237 736/213/213
f 467/224/224 466/236/236 468/212/212
f 552/210/210 516/238/238 618/221/221
f 1198/214/214 1200/239/239 1216/215/215
f 586/216/216 719/240/240 611/241/241
f 470/194/194 516/238/238 552/210/210
f 1029/228/228 1030/242/242 1081/230/230
f 466/236/236 516/238/238 470/194/194
f 713/237/237 756/243/243 736/213/213
f 1257/222/222 1252/244/244 1251/234/234
f 1279/225/225 1278/245/245 1294/226/226
f 1199/217/217 1200/239/239 1198/214/214
f 516/238/238 619/246/246 618/221/221
f 611/241/241 525/247/247 586/216/216
f 618/221/221 619/246/246 713/237/237
f 467/224/224 525/247/247 465/248/248
f 1229/235/235 1201/249/249 1199/217/217
f 1200/239/239 1202/250/250 1216/215/215
f 1216/215/215 1202/250/250 1279/225/225
f 467/224/224 465/248/248 466/236/236
f 1199/217/217 1201/249/249 1200/239/239
f 1202/250/250 1278/245/245 1279/225/225
f 81/219/219 78/251/251 80/220/220
f 1113/252/252 1124/253/253 1115/232/232
f 1082/254/254 1113/252/252 1081/230/230
f 611/241/241 610/255/255 525/247/247
f 619/246/246 721/256/256 713/237/237
f 713/237/237 721/256/256 756/243/243
f 1252/244/244 1228/257/257 1251/234/234
f 1251/234/234 1228/257/257 1229/235/235
f 1229/235/235 1228/257/257 1201/249/249
f 1228/257/257 1203/258/258 1201/249/249
f 1201/249/249 1202/250/250 1200/239/239
f 721/256/256 757/259/259 756/243/243
f 1278/245/245 1281/260/260 1299/261/261
f 1252/244/244 1227/262/262 1228/257/257
f 1228/257/257 1227/262/262 1203/258/258
f 466/236/236 464/263/263 516/238/238
f 516/238/238 620/264/264 619/246/246
f 1258/265/265 1227/262/262 1252/244/244
f 1202/250/250 1212/266/266 1278/245/245
f 1113/252/252 1088/267/267 1124/253/253
f 525/247/247 517/268/268 465/248/248
f 1281/260/260 1287/269/269 1299/261/261
f 1201/249/249 1203/258/258 1202/250/250
f 516/238/238 562/270/270 620/264/264
f 265/271/271 355/272/272 212/273/273
f 465/248/248 464/263/263 466/236/236
f 464/263/263 562/270/270 516/238/238
f 1278/245/245 1212/266/266 1281/260/260
f 1027/274/274 1088/267/267 1082/254/254
f 1281/260/260 1276/275/275 1287/269/269
f 1227/262/262 1220/276/276 1203/258/258
f 1203/258/258 1212/266/266 1202/250/250
f 619/246/246 620/264/264 721/256/256
f 1258/265/265 1233/277/277 1227/262/262
f 1281/260/260 1212/266/266 1276/275/275
f 1203/258/258 1215/278/278 1212/266/266
f 1233/277/277 1220/276/276 1227/262/262
f 620/264/264 727/279/279 721/256/256
f 355/272/272 356/280/280 212/273/273
f 1276/275/275 1275/281/281 1287/269/269
f 1212/266/266 1215/278/278 1276/275/275
f 1027/274/274 1086/282/282 1088/267/267
f 602/283/283 488/284/284 517/268/268
f 721/256/256 727/279/279 757/259/259
f 356/280/280 240/285/285 212/273/273
f 488/284/284 465/248/248 517/268/268
f 1215/278/278 1270/286/286 1276/275/275
f 1220/276/276 1219/287/287 1203/258/258
f 1203/258/258 1219/287/287 1215/278/278
f 464/263/263 463/288/288 562/270/270
f 562/270/270 463/288/288 620/264/264
f 727/279/279 739/289/289 757/259/259
f 1276/275/275 1270/286/286 1275/281/281
f 1258/265/265 1232/290/290 1233/277/277
f 1215/278/278 1219/287/287 1270/286/286
f 465/248/248 460/291/291 464/263/263
f 1275/281/281 1296/292/292 1297/293/293
f 1232/290/290 1221/294/294 1220/276/276
f 1233/277/277 1232/290/290 1220/276/276
f 1220/276/276 1221/294/294 1219/287/287
f 1258/265/265 1259/295/295 1232/290/290
f 460/291/291 463/288/288 464/263/263
f 1297/293/293 1296/292/292 1310/296/296
f 1219/287/287 1271/297/297 1270/286/286
f 488/284/284 460/291/291 465/248/248
f 1088/267/267 1087/298/298 1129/299/299
f 1275/281/281 1272/300/300 1296/292/292
f 1271/297/297 1272/300/300 1270/286/286
f 1270/286/286 1272/300/300 1275/281/281
f 602/283/283 601/301/301 488/284/284
f 460/291/291 446/302/302 463/288/288
f 1271/297/297 1273/303/303 1272/300/300
f 1222/304/304 1223/305/305 1219/287/287
f 1221/294/294 1222/304/304 1219/287/287
f 1223/305/305 1273/303/303 1271/297/297
f 1219/287/287 1223/305/305 1271/297/297
f 620/264/264 621/306/306 727/279/279
f 327/307/307 163/308/308 240/285/285
f 1296/292/292 1295/309/309 1310/296/296
f 1272/300/300 1295/309/309 1296/292/292
f 1259/295/295 1234/310/310 1232/290/290
f 1273/303/303 1274/311/311 1272/300/300
f 1232/290/290 1234/310/310 1221/294/294
f 1221/294/294 1234/310/310 1222/304/304
f 463/288/288 621/306/306 620/264/264
f 621/306/306 739/289/289 727/279/279
f 1272/300/300 1274/311/311 1295/309/309
f 601/301/301 532/312/312 488/284/284
f 488/284/284 532/312/312 450/313/313
f 488/284/284 450/313/313 460/291/291
f 460/291/291 450/313/313 446/302/302
f 446/302/302 457/314/314 463/288/288
f 463/288/288 457/314/314 621/306/306
f 1223/305/305 1260/315/315 1273/303/303
f 1087/298/298 1097/316/316 1127/317/317
f 1234/310/310 1261/318/318 1222/304/304
f 1273/303/303 1260/315/315 1274/311/311
f 1222/304/304 1261/318/318 1260/315/315
f 1222/304/304 1260/315/315 1223/305/305
f 648/319/319 532/312/312 601/301/301
f 457/314/314 595/320/320 621/306/306
f 621/306/306 643/321/321 739/289/289
f 643/321/321 761/322/322 739/289/289
f 1259/295/295 1262/323/323 1234/310/310
f 1274/311/311 1298/324/324 1295/309/309
f 1234/310/310 1262/323/323 1261/318/318
f 999/325/325 1055/326/326 1032/327/327
f 621/306/306 595/320/320 643/321/321
f 1260/315/315 1307/328/328 1274/311/311
f 1261/318/318 1292/329/329 1260/315/315
f 1260/315/315 1292/329/329 1293/330/330
f 1260/315/315 1293/330/330 1307/328/328
f 1274/311/311 1307/328/328 1314/331/331
f 1261/318/318 1262/323/323 1292/329/329
f 446/302/302 456/332/332 457/314/314
f 457/314/314 521/333/333 595/320/320
f 1262/323/323 1312/334/334 1292/329/329
f 1400/335/335 1407/336/336 1415/337/337
f 1398/338/338 1397/339/339 1396/340/340
f 1127/317/317 1095/341/341 1128/342/342
f 648/319/319 647/343/343 532/312/312
f 532/312/312 449/344/344 450/313/313
f 382/345/345 324/346/346 326/347/347
f 642/348/348 758/349/349 761/322/322
f 643/321/321 642/348/348 761/322/322
f 1398/338/338 1399/350/350 1397/339/339
f 1396/340/340 1375/351/351 1400/335/335
f 1400/335/335 1375/351/351 1395/352/352
f 1395/352/352 1406/353/353 1407/336/336
f 1397/339/339 1390/354/354 1396/340/340
f 1396/340/340 1390/354/354 1375/351/351
f 1066/355/355 1102/356/356 1095/341/341
f 647/343/343 553/357/357 532/312/312
f 457/314/314 456/332/332 521/333/333
f 521/333/333 458/358/358 595/320/320
f 595/320/320 642/348/348 643/321/321
f 642/348/348 752/359/359 758/349/349
f 1399/350/350 1391/360/360 1397/339/339
f 1397/339/339 1391/360/360 1390/354/354
f 1102/356/356 1128/342/342 1095/341/341
f 65/361/361 17/362/362 68/363/363
f 458/358/358 593/364/364 595/320/320
f 595/320/320 593/364/364 642/348/348
f 642/348/348 690/365/365 752/359/359
f 381/366/366 325/367/367 324/346/346
f 1407/336/336 1406/353/353 1412/368/368
f 1391/360/360 1372/369/369 1390/354/354
f 1390/354/354 1372/369/369 1358/370/370
f 1395/352/352 1359/371/371 1406/353/353
f 1390/354/354 1358/370/370 1375/351/351
f 521/333/333 456/332/332 458/358/358
f 593/364/364 631/372/372 642/348/348
f 642/348/348 631/372/372 690/365/365
f 1384/373/373 1372/369/369 1391/360/360
f 1358/370/370 1357/374/374 1375/351/351
f 1375/351/351 1357/374/374 1359/371/371
f 690/365/365 740/375/375 752/359/359
f 1358/370/370 1355/376/376 1357/374/374
f 1357/374/374 1355/376/376 1354/377/377
f 1357/374/374 1354/377/377 1359/371/371
f 1358/370/370 1331/378/378 1355/376/376
f 1358/370/370 1372/369/369 1331/378/378
f 1354/377/377 1353/379/379 1359/371/371
f 450/313/313 449/344/344 446/302/302
f 456/332/332 442/380/380 458/358/358
f 631/372/372 692/381/381 690/365/365
f 199/382/382 177/383/383 66/384/384
f 690/365/365 692/381/381 740/375/375
f 1384/373/373 1370/385/385 1372/369/369
f 1372/369/369 1370/385/385 1331/378/378
f 1370/385/385 1369/386/386 1331/378/378
f 1331/378/378 1330/387/387 1355/376/376
f 1355/376/376 1330/387/387 1354/377/377
f 1354/377/377 1330/387/387 1353/379/379
f 1068/388/388 1107/389/389 1102/356/356
f 692/381/381 696/390/390 740/375/375
f 692/381/381 630/391/391 696/390/390
f 379/392/392 360/393/393 286/394/394
f 1369/386/386 1340/395/395 1331/378/378
f 1340/395/395 1327/396/396 1331/378/378
f 1331/378/378 1327/396/396 1330/387/387
f 1330/387/387 1328/397/397 1348/398/398
f 1330/387/387 1348/398/398 1350/399/399
f 1327/396/396 1328/397/397 1330/387/387
f 1102/356/356 1107/389/389 1128/342/342
f 446/302/302 443/400/400 456/332/332
f 692/381/381 631/372/372 630/391/391
f 1370/385/385 1382/401/401 1369/386/386
f 1369/386/386 1382/401/401 1368/402/402
f 1369/386/386 1368/402/402 1340/395/395
f 1328/397/397 1326/403/403 1348/398/398
f 1340/395/395 1368/402/402 1339/404/404
f 1340/395/395 1339/404/404 1327/396/396
f 1327/396/396 1324/405/405 1326/403/403
f 1327/396/396 1326/403/403 1328/397/397
f 1339/404/404 1324/405/405 1327/396/396
f 1326/403/403 1344/406/406 1348/398/398
f 1324/405/405 1322/407/407 1326/403/403
f 1332/408/408 1334/409/409 1333/410/410
f 1332/408/408 1342/411/411 1335/412/412
f 1332/408/408 1335/412/412 1334/409/409
f 1335/412/412 1336/413/413 1334/409/409
f 1342/411/411 1337/414/414 1335/412/412
f 1335/412/412 1337/414/414 1336/413/413
f 1336/413/413 1337/414/414 1338/415/415
f 1336/413/413 1338/415/415 1347/416/416
f 1336/413/413 1347/416/416 1343/417/417
f 1337/414/414 1352/418/418 1341/419/419
f 1337/414/414 1341/419/419 1338/415/415
f 1341/419/419 1351/420/420 1338/415/415
f 1338/415/415 1351/420/420 1347/416/416
f 1068/388/388 1078/421/421 1107/389/389
f 553/357/357 531/422/422 449/344/344
f 443/400/400 442/380/380 456/332/332
f 458/358/358 438/423/423 593/364/364
f 593/364/364 438/423/423 631/372/372
f 631/372/372 438/423/423 630/391/391
f 630/391/391 589/424/424 696/390/390
f 589/424/424 678/425/425 696/390/390
f 1348/398/398 1344/406/406 1404/426/426
f 1368/402/402 1378/427/427 1367/428/428
f 1368/402/402 1367/428/428 1339/404/404
f 1344/406/406 1405/429/429 1404/426/426
f 1367/428/428 1363/430/430 1339/404/404
f 1326/403/403 1322/407/407 1344/406/406
f 1363/430/430 1321/431/431 1339/404/404
f 1339/404/404 1321/431/431 1324/405/405
f 1322/407/407 1329/432/432 1344/406/406
f 1322/407/407 1320/433/433 1329/432/432
f 1324/405/405 1321/431/431 1322/407/407
f 1321/431/431 1320/433/433 1322/407/407
f 1329/432/432 1346/434/434 1344/406/406
f 1344/406/406 1346/434/434 1405/429/429
f 1363/430/430 1318/435/435 1321/431/431
f 1321/431/431 1318/435/435 1320/433/433
f 1320/433/433 1319/436/436 1329/432/432
f 1363/430/430 1362/437/437 1318/435/435
f 1318/435/435 1319/436/436 1320/433/433
f 1362/437/437 1361/438/438 1318/435/435
f 1318/435/435 1325/439/439 1323/440/440
f 1318/435/435 1323/440/440 1319/436/436
f 1319/436/436 1323/440/440 1329/432/432
f 1329/432/432 1323/440/440 1346/434/434
f 1323/440/440 1345/441/441 1346/434/434
f 1361/438/438 1325/439/439 1318/435/435
f 1361/438/438 1360/442/442 1325/439/439
f 1325/439/439 1332/408/408 1323/440/440
f 1332/408/408 1333/410/410 1323/440/440
f 1323/440/440 1333/410/410 1345/441/441
f 1345/441/441 1333/410/410 1349/443/443
f 1360/442/442 1332/408/408 1325/439/439
f 1360/442/442 1342/411/411 1332/408/408
f 1333/410/410 1343/417/417 1349/443/443
f 1360/442/442 1364/444/444 1342/411/411
f 1343/417/417 1356/445/445 1349/443/443
f 1364/444/444 1365/446/446 1337/414/414
f 1364/444/444 1337/414/414 1342/411/411
f 1343/417/417 1347/416/416 1356/445/445
f 1365/446/446 1366/447/447 1337/414/414
f 1337/414/414 1366/447/447 1352/418/418
f 1366/447/447 1379/448/448 1352/418/418
f 1352/418/418 1379/448/448 1373/449/449
f 1352/418/418 1373/449/449 1341/419/419
f 1341/419/419 1392/450/450 1351/420/420
f 442/380/380 439/451/451 458/358/358
f 630/391/391 438/423/423 590/452/452
f 590/452/452 589/424/424 630/391/391
f 678/425/425 588/453/453 677/454/454
f 1387/455/455 1368/402/402 1382/401/401
f 1368/402/402 1387/455/455 1378/427/427
f 359/456/456 400/457/457 358/458/458
f 1387/455/455 1386/459/459 1378/427/427
f 1378/427/427 1386/459/459 1376/460/460
f 1378/427/427 1376/460/460 1367/428/428
f 1376/460/460 1363/430/430 1367/428/428
f 1346/434/434 1411/461/461 1405/429/429
f 1376/460/460 1362/437/437 1363/430/430
f 1376/460/460 1377/462/462 1362/437/437
f 1362/437/437 1377/462/462 1371/463/463
f 1371/463/463 1361/438/438 1362/437/437
f 1346/434/434 1345/441/441 1411/461/461
f 1345/441/441 1409/464/464 1411/461/461
f 1345/441/441 1349/443/443 1409/464/464
f 1371/463/463 1360/442/442 1361/438/438
f 1349/443/443 1410/465/465 1409/464/464
f 1349/443/443 1356/445/445 1410/465/465
f 1360/442/442 1380/466/466 1364/444/444
f 388/467/467 316/468/468 332/469/469
f 388/467/467 271/470/470 316/468/468
f 1380/466/466 1385/471/471 1364/444/444
f 1385/471/471 1365/446/446 1364/444/444
f 1365/446/446 1385/471/471 1388/472/472
f 388/467/467 272/473/473 271/470/470
f 399/474/474 292/475/475 272/473/473
f 1373/449/449 1374/476/476 1341/419/419
f 1392/450/450 1402/477/477 1351/420/420
f 1341/419/419 1374/476/476 1392/450/450
f 1107/389/389 1135/478/478 1128/342/342
f 647/343/343 646/479/479 553/357/357
f 458/358/358 439/451/451 438/423/423
f 589/424/424 588/453/453 678/425/425
f 1376/460/460 1386/459/459 1377/462/462
f 1377/462/462 1386/459/459 1389/480/480
f 1377/462/462 1389/480/480 1381/481/481
f 1377/462/462 1381/481/481 1371/463/463
f 1381/481/481 1360/442/442 1371/463/463
f 1381/481/481 1380/466/466 1360/442/442
f 695/482/482 616/483/483 691/484/484
f 1383/485/485 1366/447/447 1365/446/446
f 1388/472/472 1383/485/485 1365/446/446
f 1351/420/420 1402/477/477 1414/486/486
f 1383/485/485 1379/448/448 1366/447/447
f 1392/450/450 1413/487/487 1402/477/477
f 449/344/344 445/488/488 446/302/302
f 446/302/302 445/488/488 443/400/400
f 590/452/452 425/489/489 589/424/424
f 425/489/489 423/490/490 589/424/424
f 589/424/424 423/490/490 588/453/453
f 423/490/490 422/491/491 588/453/453
f 677/454/454 588/453/453 594/492/492
f 677/454/454 594/492/492 676/493/493
f 594/492/492 615/494/494 676/493/493
f 676/493/493 615/494/494 685/495/495
f 685/495/495 615/494/494 686/496/496
f 330/497/497 237/498/498 236/499/499
f 686/496/496 615/494/494 616/483/483
f 330/497/497 331/500/500 237/498/498
f 686/496/496 616/483/483 695/482/482
f 331/500/500 332/469/469 237/498/498
f 691/484/484 616/483/483 600/501/501
f 691/484/484 600/501/501 650/502/502
f 650/502/502 625/503/503 742/504/504
f 742/504/504 625/503/503 745/505/505
f 1394/506/506 1393/507/507 1383/485/485
f 1383/485/485 1393/507/507 1379/448/448
f 405/508/508 406/509/509 341/510/510
f 1379/448/448 1393/507/507 1373/449/449
f 1373/449/449 1401/511/511 1374/476/476
f 1401/511/511 1403/512/512 1374/476/476
f 1374/476/476 1403/512/512 1392/450/450
f 1392/450/450 1403/512/512 1413/487/487
f 646/479/479 580/513/513 553/357/357
f 438/423/423 439/451/451 429/514/514
f 438/423/423 429/514/514 425/489/489
f 438/423/423 425/489/489 590/452/452
f 93/515/515 201/516/516 5/517/517
f 588/453/453 422/491/491 594/492/492
f 594/492/492 422/491/491 428/518/518
f 594/492/492 428/518/518 434/519/519
f 594/492/492 434/519/519 615/494/494
f 616/483/483 437/520/520 600/501/501
f 600/501/501 424/521/521 650/502/502
f 424/521/521 625/503/503 650/502/502
f 1393/507/507 1408/522/522 1373/449/449
f 1373/449/449 1408/522/522 1401/511/511
f 1652/523/523 1642/524/524 1658/525/525
f 449/344/344 462/526/526 445/488/488
f 615/494/494 434/519/519 435/527/527
f 615/494/494 435/527/527 616/483/483
f 435/527/527 437/520/520 616/483/483
f 241/528/528 245/529/529 131/530/530
f 437/520/520 436/531/531 600/501/501
f 436/531/531 424/521/521 600/501/501
f 625/503/503 657/532/532 745/505/505
f 657/532/532 749/533/533 745/505/505
f 745/505/505 749/533/533 770/534/534
f 406/509/509 313/535/535 341/510/510
f 1642/524/524 1643/536/536 1658/525/525
f 1393/507/507 1416/537/537 1408/522/522
f 1657/538/538 1651/539/539 1644/540/540
f 1657/538/538 1644/540/540 1652/523/523
f 1652/523/523 1644/540/540 1642/524/524
f 580/513/513 531/422/422 553/357/357
f 443/400/400 441/541/541 442/380/380
f 442/380/380 441/541/541 439/451/451
f 439/451/451 430/542/542 429/514/514
f 429/514/514 426/543/543 425/489/489
f 426/543/543 416/544/544 425/489/489
f 425/489/489 416/544/544 423/490/490
f 437/520/520 414/545/545 436/531/531
f 424/521/521 427/546/546 625/503/503
f 427/546/546 657/532/532 625/503/503
f 1078/421/421 1103/547/547 1107/389/389
f 449/344/344 531/422/422 462/526/526
f 443/400/400 444/548/548 441/541/541
f 441/541/541 440/549/549 439/451/451
f 440/549/549 430/542/542 439/451/451
f 429/514/514 430/542/542 426/543/543
f 423/490/490 416/544/544 422/491/491
f 422/491/491 408/550/550 428/518/518
f 428/518/518 408/550/550 410/551/551
f 428/518/518 410/551/551 434/519/519
f 410/551/551 412/552/552 434/519/519
f 434/519/519 412/552/552 435/527/527
f 412/552/552 437/520/520 435/527/527
f 412/552/552 414/545/545 437/520/520
f 436/531/531 414/545/545 420/553/553
f 436/531/531 420/553/553 424/521/521
f 657/532/532 700/554/554 749/533/533
f 749/533/533 700/554/554 765/555/555
f 1632/556/556 1640/557/557 1643/536/536
f 1642/524/524 1632/556/556 1643/536/536
f 1659/558/558 1655/559/559 1646/560/560
f 1659/558/558 1646/560/560 1651/539/539
f 1642/524/524 1625/561/561 1632/556/556
f 1651/539/539 1646/560/560 1644/540/540
f 1644/540/540 1646/560/560 1624/562/562
f 1624/562/562 1625/561/561 1644/540/540
f 1644/540/540 1625/561/561 1642/524/524
f 416/544/544 408/550/550 422/491/491
f 427/546/546 609/563/563 657/532/532
f 657/532/532 609/563/563 700/554/554
f 1107/389/389 1141/564/564 1135/478/478
f 646/479/479 645/565/565 580/513/513
f 443/400/400 445/488/488 444/548/548
f 441/541/541 526/566/566 440/549/549
f 440/549/549 551/567/567 433/568/568
f 440/549/549 433/568/568 430/542/542
f 426/543/543 418/569/569 416/544/544
f 416/544/544 409/570/570 408/550/550
f 410/551/551 411/571/571 412/552/552
f 420/553/553 421/572/572 424/521/521
f 424/521/521 421/572/572 427/546/546
f 427/546/546 520/573/573 609/563/563
f 440/549/549 526/566/566 551/567/567
f 433/568/568 418/569/569 426/543/543
f 430/542/542 433/568/568 426/543/543
f 416/544/544 418/569/569 417/574/574
f 416/544/544 417/574/574 409/570/570
f 408/550/550 409/570/570 410/551/551
f 409/570/570 411/571/571 410/551/551
f 411/571/571 413/575/575 412/552/552
f 412/552/552 413/575/575 414/545/545
f 413/575/575 415/576/576 414/545/545
f 415/576/576 419/577/577 414/545/545
f 414/545/545 419/577/577 420/553/553
f 420/553/553 419/577/577 421/572/572
f 421/572/572 520/573/573 427/546/546
f 609/563/563 653/578/578 700/554/554
f 653/578/578 750/579/579 700/554/554
f 700/554/554 750/579/579 765/555/555
f 1655/559/559 1653/580/580 1645/581/581
f 1655/559/559 1645/581/581 1646/560/560
f 1623/582/582 1630/583/583 1625/561/561
f 1625/561/561 1630/583/583 1632/556/556
f 1645/581/581 1622/584/584 1646/560/560
f 1646/560/560 1622/584/584 1624/562/562
f 1622/584/584 1623/582/582 1624/562/562
f 1624/562/562 1623/582/582 1625/561/561
f 1107/389/389 1089/585/585 1141/564/564
f 441/541/541 484/586/586 526/566/566
f 520/573/573 653/578/578 609/563/563
f 242/587/587 256/588/588 124/589/589
f 1630/583/583 1636/590/590 1640/557/557
f 551/567/567 632/591/591 433/568/568
f 433/568/568 640/592/592 418/569/569
f 417/574/574 547/593/593 409/570/570
f 409/570/570 533/594/594 411/571/571
f 533/594/594 534/595/595 411/571/571
f 411/571/571 534/595/595 413/575/575
f 419/577/577 431/596/596 421/572/572
f 653/578/578 724/597/597 750/579/579
f 1653/580/580 1647/598/598 1645/581/581
f 1645/581/581 1626/599/599 1622/584/584
f 1622/584/584 1626/599/599 1623/582/582
f 433/568/568 632/591/591 640/592/592
f 640/592/592 599/600/600 418/569/569
f 418/569/569 599/600/600 417/574/574
f 417/574/574 599/600/600 598/601/601
f 417/574/574 598/601/601 547/593/593
f 534/595/595 535/602/602 413/575/575
f 413/575/575 535/602/602 415/576/576
f 415/576/576 535/602/602 419/577/577
f 419/577/577 535/602/602 432/603/603
f 122/604/604 134/605/605 121/606/606
f 419/577/577 432/603/603 431/596/596
f 431/596/596 606/607/607 520/573/573
f 520/573/573 606/607/607 653/578/578
f 653/578/578 606/607/607 724/597/597
f 1630/583/583 1629/608/608 1636/590/590
f 1653/580/580 1654/609/609 1647/598/598
f 1645/581/581 1647/598/598 1626/599/599
f 1627/610/610 1629/608/608 1623/582/582
f 1623/582/582 1629/608/608 1630/583/583
f 1626/599/599 1627/610/610 1623/582/582
f 645/565/565 579/611/611 580/513/513
f 580/513/513 579/611/611 531/422/422
f 444/548/548 447/612/612 484/586/586
f 484/586/586 603/613/613 526/566/566
f 603/613/613 596/614/614 526/566/566
f 526/566/566 596/614/614 551/567/567
f 551/567/567 596/614/614 632/591/591
f 598/601/601 612/615/615 547/593/593
f 547/593/593 612/615/615 533/594/594
f 1647/598/598 1628/616/616 1626/599/599
f 1626/599/599 1628/616/616 1627/610/610
f 579/611/611 527/617/617 531/422/422
f 632/591/591 733/618/618 640/592/592
f 640/592/592 733/618/618 746/619/619
f 640/592/592 746/619/619 723/620/620
f 640/592/592 723/620/620 599/600/600
f 723/620/620 718/621/621 599/600/600
f 599/600/600 718/621/621 598/601/601
f 598/601/601 718/621/621 612/615/615
f 612/615/615 664/622/622 533/594/594
f 533/594/594 663/623/623 534/595/595
f 534/595/595 663/623/623 535/602/602
f 535/602/602 658/624/624 432/603/603
f 432/603/603 658/624/624 659/625/625
f 432/603/603 659/625/625 431/596/596
f 431/596/596 659/625/625 606/607/607
f 606/607/607 732/626/626 734/627/627
f 606/607/607 734/627/627 724/597/597
f 1654/609/609 1648/628/628 1647/598/598
f 1627/610/610 1631/629/629 1629/608/608
f 462/526/526 451/630/630 445/488/488
f 445/488/488 447/612/612 444/548/548
f 723/620/620 746/619/619 774/631/631
f 718/621/621 766/632/632 767/633/633
f 718/621/621 706/634/634 612/615/615
f 612/615/615 706/634/634 664/622/622
f 664/622/622 712/635/635 663/623/623
f 663/623/623 679/636/636 535/602/602
f 679/636/636 658/624/624 535/602/602
f 659/625/625 732/626/626 606/607/607
f 1637/637/637 1635/638/638 1639/639/639
f 1637/637/637 1639/639/639 1641/640/640
f 1660/641/641 1656/642/642 1654/609/609
f 1631/629/629 1635/638/638 1629/608/608
f 1648/628/628 1634/643/643 1628/616/616
f 1628/616/616 1634/643/643 1633/644/644
f 1628/616/616 1633/644/644 1627/610/610
f 1627/610/610 1633/644/644 1631/629/629
f 1062/645/645 1077/646/646 1089/585/585
f 527/617/617 451/630/630 462/526/526
f 1451/647/647 1441/648/648 1459/649/649
f 1459/649/649 1441/648/648 1458/650/650
f 1570/651/651 1560/652/652 1568/653/653
f 706/634/634 712/635/635 664/622/622
f 679/636/636 728/654/654 658/624/624
f 728/654/654 744/655/655 658/624/624
f 658/624/624 744/655/655 659/625/625
f 734/627/627 732/626/626 775/656/656
f 1633/644/644 1635/638/638 1631/629/629
f 1089/585/585 1112/657/657 1141/564/564
f 645/565/565 591/658/658 579/611/611
f 1577/659/659 1552/660/660 1576/661/661
f 763/662/662 762/663/663 728/654/654
f 744/655/655 755/664/664 659/625/625
f 659/625/625 755/664/664 732/626/626
f 732/626/626 776/665/665 775/656/656
f 1546/666/666 1521/667/667 1538/668/668
f 1089/585/585 1077/646/646 1112/657/657
f 645/565/565 684/669/669 591/658/658
f 484/586/586 607/670/670 603/613/613
f 603/613/613 665/671/671 596/614/614
f 1451/647/647 1443/672/672 1441/648/648
f 1550/673/673 1571/674/674 1557/675/675
f 1458/650/650 1441/648/648 1457/676/676
f 1457/676/676 1444/677/677 1464/678/678
f 1563/679/679 1490/680/680 1567/681/681
f 579/611/611 591/658/658 527/617/617
f 314/682/682 402/683/683 306/684/684
f 1556/685/685 1571/674/674 1550/673/673
f 1519/686/686 1503/687/687 1513/688/688
f 1565/689/689 1502/690/690 1572/691/691
f 1077/646/646 1100/692/692 1112/657/657
f 447/612/612 524/693/693 484/586/586
f 603/613/613 607/670/670 665/671/671
f 1441/648/648 1437/694/694 1430/695/695
f 1441/648/648 1430/695/695 1444/677/677
f 1450/696/696 1469/697/697 1474/698/698
f 1444/677/677 1450/696/696 1464/678/678
f 1502/690/690 1500/699/699 1503/687/687
f 484/586/586 524/693/693 607/670/670
f 401/700/700 307/701/701 306/684/684
f 1430/695/695 1429/702/702 1450/696/696
f 1444/677/677 1430/695/695 1450/696/696
f 1450/696/696 1429/702/702 1469/697/697
f 451/630/630 448/703/703 445/488/488
f 445/488/488 448/703/703 447/612/612
f 1430/695/695 1425/704/704 1429/702/702
f 401/700/700 353/705/705 307/701/701
f 1422/706/706 1466/707/707 1429/702/702
f 1429/702/702 1466/707/707 1469/697/697
f 591/658/658 519/708/708 527/617/617
f 524/693/693 628/709/709 607/670/670
f 1443/672/672 1436/710/710 1437/694/694
f 1437/694/694 1436/710/710 1425/704/704
f 1425/704/704 1422/706/706 1429/702/702
f 451/630/630 452/711/711 448/703/703
f 1455/712/712 1442/713/713 1443/672/672
f 1443/672/672 1442/713/713 1436/710/710
f 527/617/617 519/708/708 451/630/630
f 448/703/703 459/714/714 447/612/612
f 447/612/612 459/714/714 524/693/693
f 459/714/714 572/715/715 524/693/693
f 524/693/693 572/715/715 628/709/709
f 1436/710/710 1424/716/716 1425/704/704
f 592/717/717 519/708/708 591/658/658
f 117/718/718 170/719/719 136/720/720
f 1455/712/712 1454/721/721 1442/713/713
f 1471/722/722 1467/723/723 1481/724/724
f 684/669/669 592/717/717 591/658/658
f 1442/713/713 1435/725/725 1436/710/710
f 1436/710/710 1435/725/725 1424/716/716
f 1424/716/716 1417/726/726 1422/706/706
f 1466/707/707 1465/727/727 1471/722/722
f 1422/706/706 1465/727/727 1466/707/707
f 1465/727/727 1467/723/723 1471/722/722
f 1422/706/706 1417/726/726 1419/728/728
f 1422/706/706 1419/728/728 1465/727/727
f 519/708/708 452/711/711 451/630/630
f 1100/692/692 1121/729/729 1112/657/657
f 519/708/708 561/730/730 518/731/731
f 170/719/719 184/732/732 136/720/720
f 1100/692/692 1111/733/733 1121/729/729
f 684/669/669 699/734/734 592/717/717
f 1424/716/716 1418/735/735 1417/726/726
f 1417/726/726 1418/735/735 1419/728/728
f 1424/716/716 1423/736/736 1418/735/735
f 519/708/708 518/731/731 452/711/711
f 1419/728/728 1463/737/737 1465/727/727
f 1465/727/727 1463/737/737 1467/723/723
f 592/717/717 561/730/730 519/708/708
f 452/711/711 453/738/738 448/703/703
f 448/703/703 453/738/738 459/714/714
f 459/714/714 573/739/739 572/715/715
f 572/715/715 636/740/740 628/709/709
f 353/705/705 368/741/741 308/742/742
f 1467/723/723 1461/743/743 1481/724/724
f 1454/721/721 1453/744/744 1442/713/713
f 368/741/741 309/745/745 308/742/742
f 1442/713/713 1433/746/746 1435/725/725
f 1433/746/746 1424/716/716 1435/725/725
f 572/715/715 573/739/739 636/740/740
f 1442/713/713 1440/747/747 1433/746/746
f 1418/735/735 1420/748/748 1419/728/728
f 1453/744/744 1440/747/747 1442/713/713
f 1420/748/748 1463/737/737 1419/728/728
f 1467/723/723 1463/737/737 1461/743/743
f 453/738/738 487/749/749 459/714/714
f 1461/743/743 1475/750/750 1481/724/724
f 1058/751/751 1059/752/752 1072/753/753
f 674/754/754 561/730/730 592/717/717
f 1433/746/746 1427/755/755 1424/716/716
f 1424/716/716 1427/755/755 1423/736/736
f 1453/744/744 1452/756/756 1440/747/747
f 1433/746/746 1434/757/757 1427/755/755
f 459/714/714 487/749/749 573/739/739
f 1440/747/747 1434/757/757 1433/746/746
f 1423/736/736 1421/758/758 1418/735/735
f 1421/758/758 1420/748/748 1418/735/735
f 518/731/731 485/759/759 452/711/711
f 573/739/739 669/760/760 636/740/740
f 309/745/745 183/761/761 235/762/762
f 1461/743/743 1470/763/763 1475/750/750
f 1423/736/736 1427/755/755 1421/758/758
f 1463/737/737 1420/748/748 1461/743/743
f 1470/763/763 1482/764/764 1475/750/750
f 1121/729/729 1110/765/765 1136/766/766
f 368/741/741 354/767/767 309/745/745
f 1420/748/748 1426/768/768 1461/743/743
f 452/711/711 454/769/769 453/738/738
f 354/767/767 310/770/770 309/745/745
f 561/730/730 555/771/771 518/731/731
f 454/769/769 455/772/772 453/738/738
f 453/738/738 489/773/773 487/749/749
f 1452/756/756 1438/774/774 1440/747/747
f 1440/747/747 1438/774/774 1434/757/757
f 1434/757/757 1428/775/775 1427/755/755
f 1427/755/755 1428/775/775 1421/758/758
f 1421/758/758 1428/775/775 1426/768/768
f 1421/758/758 1426/768/768 1420/748/748
f 1426/768/768 1460/776/776 1461/743/743
f 1461/743/743 1460/776/776 1470/763/763
f 555/771/771 485/759/759 518/731/731
f 1434/757/757 1438/774/774 1428/775/775
f 1110/765/765 1134/777/777 1136/766/766
f 674/754/754 675/778/778 561/730/730
f 455/772/772 489/773/773 453/738/738
f 573/739/739 670/779/779 669/760/760
f 1452/756/756 1445/780/780 1438/774/774
f 1438/774/774 1439/781/781 1432/782/782
f 1438/774/774 1432/782/782 1428/775/775
f 1462/783/783 1480/784/784 1470/763/763
f 1428/775/775 1431/785/785 1426/768/768
f 1431/785/785 1462/783/783 1460/776/776
f 1426/768/768 1431/785/785 1460/776/776
f 1460/776/776 1462/783/783 1470/763/763
f 1073/786/786 1108/787/787 1110/765/765
f 1110/765/765 1108/787/787 1134/777/777
f 675/778/778 555/771/771 561/730/730
f 487/749/749 489/773/773 573/739/739
f 1432/782/782 1431/785/785 1428/775/775
f 1438/774/774 1445/780/780 1439/781/781
f 574/788/788 670/779/779 573/739/739
f 573/739/739 489/773/773 574/788/788
f 485/759/759 555/771/771 461/789/789
f 1445/780/780 1456/790/790 1449/791/791
f 1445/780/780 1449/791/791 1439/781/781
f 1439/781/781 1446/792/792 1432/782/782
f 1432/782/782 1447/793/793 1431/785/785
f 1468/794/794 1483/795/795 1462/783/783
f 1448/796/796 1468/794/794 1462/783/783
f 1431/785/785 1448/796/796 1462/783/783
f 574/788/788 672/797/797 670/779/779
f 1449/791/791 1446/792/792 1439/781/781
f 1446/792/792 1447/793/793 1432/782/782
f 1447/793/793 1448/796/796 1431/785/785
f 1108/787/787 1142/798/798 1134/777/777
f 454/769/769 461/789/789 455/772/772
f 234/799/799 153/800/800 164/801/801
f 1448/796/796 1477/802/802 1468/794/794
f 675/778/778 633/803/803 555/771/771
f 455/772/772 490/804/804 489/773/773
f 489/773/773 490/804/804 574/788/788
f 574/788/788 490/804/804 575/805/805
f 574/788/788 575/805/805 672/797/797
f 311/806/806 226/807/807 234/799/799
f 1447/793/793 1472/808/808 1448/796/796
f 1477/802/802 1478/809/809 1468/794/794
f 1468/794/794 1478/809/809 1483/795/795
f 1472/808/808 1479/810/810 1448/796/796
f 1448/796/796 1479/810/810 1477/802/802
f 555/771/771 545/811/811 461/789/789
f 1456/790/790 1476/812/812 1449/791/791
f 1449/791/791 1473/813/813 1446/792/792
f 1446/792/792 1473/813/813 1447/793/793
f 1447/793/793 1473/813/813 1472/808/808
f 1094/814/814 1119/815/815 1101/816/816
f 1101/816/816 1119/815/815 1108/787/787
f 1108/787/787 1119/815/815 1142/798/798
f 555/771/771 633/803/803 545/811/811
f 455/772/772 491/817/817 490/804/804
f 490/804/804 576/818/818 575/805/805
f 1449/791/791 1476/812/812 1473/813/813
f 860/819/819 832/820/820 859/821/821
f 832/820/820 833/822/822 859/821/821
f 1477/802/802 1479/810/810 1478/809/809
f 672/797/797 575/805/805 673/823/823
f 861/824/824 832/820/820 860/819/819
f 858/825/825 830/826/826 875/827/827
f 832/820/820 794/828/828 833/822/822
f 833/822/822 795/829/829 830/826/826
f 833/822/822 830/826/826 858/825/825
f 833/822/822 794/828/828 795/829/829
f 795/829/829 829/830/830 830/826/826
f 812/831/831 815/832/832 806/833/833
f 806/833/833 815/832/832 828/834/834
f 811/835/835 813/836/836 812/831/831
f 813/836/836 816/837/837 815/832/832
f 812/831/831 813/836/836 815/832/832
f 815/832/832 816/837/837 828/834/834
f 813/836/836 818/838/838 816/837/837
f 816/837/837 837/839/839 838/840/840
f 818/838/838 819/841/841 816/837/837
f 819/841/841 837/839/839 816/837/837
f 818/838/838 831/842/842 819/841/841
f 831/842/842 837/839/839 819/841/841
f 1119/815/815 1149/843/843 1142/798/798
f 633/803/803 624/844/844 545/811/811
f 575/805/805 576/818/818 577/845/845
f 575/805/805 577/845/845 673/823/823
f 852/846/846 832/820/820 861/824/824
f 832/820/820 801/847/847 794/828/828
f 794/828/828 793/848/848 795/829/829
f 794/828/828 791/849/849 793/848/848
f 795/829/829 793/848/848 829/830/830
f 786/850/850 806/833/833 823/851/851
f 804/852/852 812/831/831 806/833/833
f 806/833/833 828/834/834 823/851/851
f 823/851/851 828/834/834 839/853/853
f 804/852/852 811/835/835 812/831/831
f 811/835/835 814/854/854 813/836/836
f 838/840/840 871/855/855 828/834/834
f 838/840/840 869/856/856 871/855/855
f 814/854/854 817/857/857 813/836/836
f 838/840/840 837/839/839 869/856/856
f 837/839/839 870/858/858 869/856/856
f 813/836/836 817/857/857 818/838/838
f 817/857/857 826/859/859 818/838/838
f 857/860/860 862/861/861 837/839/839
f 818/838/838 826/859/859 831/842/842
f 837/839/839 831/842/842 857/860/860
f 633/803/803 698/862/862 624/844/844
f 545/811/811 515/863/863 461/789/789
f 852/846/846 809/864/864 832/820/820
f 809/864/864 801/847/847 832/820/820
f 830/826/826 865/865/865 874/866/866
f 830/826/826 829/830/830 865/865/865
f 801/847/847 797/867/867 794/828/828
f 829/830/830 827/868/868 865/865/865
f 794/828/828 797/867/867 791/849/849
f 793/848/848 827/868/868 829/830/830
f 793/848/848 824/869/869 827/868/868
f 791/849/849 792/870/870 793/848/848
f 793/848/848 792/870/870 824/869/869
f 827/868/868 824/869/869 840/871/871
f 797/867/867 790/872/872 791/849/849
f 797/867/867 798/873/873 790/872/872
f 791/849/849 790/872/872 787/874/874
f 791/849/849 787/874/874 792/870/870
f 787/874/874 788/875/875 792/870/870
f 792/870/870 788/875/875 824/869/869
f 788/875/875 825/876/876 824/869/869
f 825/876/876 842/877/877 840/871/871
f 824/869/869 825/876/876 840/871/871
f 825/876/876 841/878/878 842/877/877
f 798/873/873 784/879/879 790/872/872
f 784/879/879 789/880/880 790/872/872
f 790/872/872 789/880/880 787/874/874
f 787/874/874 779/881/881 788/875/875
f 788/875/875 779/881/881 825/876/876
f 825/876/876 822/882/882 841/878/878
f 789/880/880 777/883/883 787/874/874
f 787/874/874 777/883/883 779/881/881
f 779/881/881 822/882/882 825/876/876
f 784/879/879 783/884/884 777/883/883
f 784/879/879 777/883/883 789/880/880
f 777/883/883 778/885/885 779/881/881
f 779/881/881 778/885/885 822/882/882
f 783/884/884 780/886/886 777/883/883
f 822/882/882 835/887/887 841/878/878
f 778/885/885 821/888/888 822/882/882
f 821/888/888 835/887/887 822/882/882
f 780/886/886 778/885/885 777/883/883
f 821/888/888 836/889/889 835/887/887
f 780/886/886 782/890/890 781/891/891
f 780/886/886 781/891/891 778/885/885
f 778/885/885 781/891/891 821/888/888
f 782/890/890 785/892/892 781/891/891
f 785/892/892 786/850/850 781/891/891
f 786/850/850 823/851/851 821/888/888
f 781/891/891 786/850/850 821/888/888
f 821/888/888 823/851/851 836/889/889
f 823/851/851 839/853/853 836/889/889
f 796/893/893 804/852/852 785/892/892
f 785/892/892 804/852/852 806/833/833
f 785/892/892 806/833/833 786/850/850
f 796/893/893 805/894/894 804/852/852
f 805/894/894 811/835/835 804/852/852
f 839/853/853 828/834/834 864/895/895
f 828/834/834 871/855/855 864/895/895
f 834/896/896 811/835/835 805/894/894
f 834/896/896 814/854/854 811/835/835
f 834/896/896 844/897/897 814/854/854
f 844/897/897 820/898/898 814/854/854
f 820/898/898 817/857/857 814/854/854
f 837/839/839 862/861/861 870/858/858
f 820/898/898 851/899/899 817/857/857
f 851/899/899 854/900/900 826/859/859
f 817/857/857 851/899/899 826/859/859
f 1678/901/901 1671/902/902 1680/903/903
f 826/859/859 854/900/900 831/842/842
f 1680/903/903 1671/902/902 1677/904/904
f 1671/902/902 1670/905/905 1677/904/904
f 673/823/823 577/845/845 689/906/906
f 577/845/845 693/907/907 689/906/906
f 809/864/864 808/908/908 801/847/847
f 808/908/908 797/867/867 801/847/847
f 808/908/908 807/909/909 797/867/867
f 827/868/868 840/871/871 866/910/910
f 807/909/909 798/873/873 797/867/867
f 840/871/871 872/911/911 866/910/910
f 840/871/871 842/877/877 872/911/911
f 807/909/909 803/912/912 798/873/873
f 803/912/912 784/879/879 798/873/873
f 842/877/877 873/913/913 872/911/911
f 842/877/877 841/878/878 873/913/913
f 841/878/878 867/914/914 873/913/913
f 803/912/912 783/884/884 784/879/879
f 803/912/912 802/915/915 783/884/884
f 802/915/915 799/916/916 783/884/884
f 799/916/916 780/886/886 783/884/884
f 841/878/878 835/887/887 867/914/914
f 835/887/887 868/917/917 867/914/914
f 799/916/916 800/918/918 782/890/890
f 799/916/916 782/890/890 780/886/886
f 836/889/889 863/919/919 835/887/887
f 800/918/918 796/893/893 782/890/890
f 796/893/893 785/892/892 782/890/890
f 836/889/889 839/853/853 863/919/919
f 839/853/853 864/895/895 863/919/919
f 846/920/920 805/894/894 796/893/893
f 846/920/920 834/896/896 805/894/894
f 386/921/921 363/922/922 281/923/923
f 361/924/924 252/925/925 363/922/922
f 361/924/924 376/926/926 248/927/927
f 361/924/924 248/927/927 252/925/925
f 844/897/897 853/928/928 820/898/898
f 820/898/898 853/928/928 856/929/929
f 376/926/926 407/930/930 390/931/931
f 376/926/926 390/931/931 248/927/927
f 820/898/898 856/929/929 851/899/899
f 1679/932/932 1672/933/933 1676/934/934
f 1677/904/904 1670/905/905 1672/933/933
f 1677/904/904 1672/933/933 1679/932/932
f 515/863/863 492/935/935 455/772/772
f 461/789/789 515/863/863 455/772/772
f 509/936/936 576/818/818 490/804/804
f 576/818/818 509/936/936 577/845/845
f 509/936/936 578/937/937 577/845/845
f 577/845/845 578/937/937 693/907/907
f 693/907/907 662/938/938 716/939/939
f 845/940/940 807/909/909 808/908/908
f 392/941/941 334/942/942 335/943/943
f 845/940/940 803/912/912 807/909/909
f 845/940/940 848/944/944 803/912/912
f 715/945/945 703/946/946 705/947/947
f 393/948/948 346/949/949 334/942/942
f 848/944/944 802/915/915 803/912/912
f 848/944/944 849/950/950 802/915/915
f 849/950/950 810/951/951 802/915/915
f 849/950/950 850/952/952 810/951/951
f 802/915/915 810/951/951 799/916/916
f 394/953/953 387/954/954 346/949/949
f 810/951/951 800/918/918 799/916/916
f 810/951/951 847/955/955 800/918/918
f 800/918/918 843/956/956 796/893/893
f 843/956/956 846/920/920 796/893/893
f 386/921/921 281/923/923 385/957/957
f 855/958/958 834/896/896 846/920/920
f 549/959/959 702/960/960 709/961/961
f 702/960/960 549/959/959 554/962/962
f 702/960/960 554/962/962 671/963/963
f 554/962/962 546/964/964 671/963/963
f 390/931/931 287/965/965 248/927/927
f 671/963/963 694/966/966 748/967/967
f 1700/968/968 1682/969/969 1681/970/970
f 1672/933/933 1673/971/971 1676/934/934
f 1681/970/970 1666/972/972 1678/901/901
f 1678/901/901 1666/972/972 1671/902/902
f 1670/905/905 1669/973/973 1672/933/933
f 624/844/844 515/863/863 545/811/811
f 455/772/772 492/935/935 491/817/817
f 491/817/817 493/974/974 490/804/804
f 490/804/804 493/974/974 509/936/936
f 693/907/907 578/937/937 662/938/938
f 661/975/975 715/945/945 716/939/939
f 662/938/938 661/975/975 716/939/939
f 661/975/975 703/946/946 715/945/945
f 637/976/976 705/947/947 703/946/946
f 705/947/947 637/976/976 697/977/977
f 697/977/977 637/976/976 638/978/978
f 697/977/977 638/978/978 720/979/979
f 387/954/954 293/980/980 346/949/949
f 850/952/952 847/955/955 810/951/951
f 720/979/979 638/978/978 701/981/981
f 387/954/954 385/957/957 293/980/980
f 847/955/955 843/956/956 800/918/918
f 614/982/982 608/983/983 709/961/961
f 709/961/961 608/983/983 549/959/959
f 546/964/964 694/966/966 671/963/963
f 1700/968/968 1699/984/984 1682/969/969
f 1669/973/973 1673/971/971 1672/933/933
f 1681/970/970 1682/969/969 1666/972/972
f 1671/902/902 1666/972/972 1665/985/985
f 1671/902/902 1665/985/985 1670/905/905
f 1670/905/905 1665/985/985 1669/973/973
f 1117/986/986 1140/987/987 1120/988/988
f 1120/988/988 1140/987/987 1149/843/843
f 698/862/862 682/989/989 624/844/844
f 491/817/817 492/935/935 493/974/974
f 578/937/937 571/990/990 662/938/938
f 662/938/938 571/990/990 661/975/975
f 661/975/975 660/991/991 703/946/946
f 660/991/991 637/976/976 703/946/946
f 638/978/978 613/992/992 701/981/981
f 701/981/981 613/992/992 614/982/982
f 847/955/955 855/958/958 843/956/956
f 1669/973/973 1668/993/993 1673/971/971
f 698/862/862 753/994/994 682/989/989
f 509/936/936 497/995/995 578/937/937
f 578/937/937 497/995/995 571/990/990
f 571/990/990 569/996/996 661/975/975
f 244/997/997 217/998/998 180/999/999
f 661/975/975 569/996/996 660/991/991
f 660/991/991 569/996/996 637/976/976
f 637/976/976 568/1000/1000 638/978/978
f 638/978/978 568/1000/1000 570/1001/1001
f 638/978/978 570/1001/1001 613/992/992
f 613/992/992 513/1002/1002 614/982/982
f 614/982/982 513/1002/1002 608/983/983
f 608/983/983 544/1003/1003 549/959/959
f 549/959/959 540/1004/1004 541/1005/1005
f 549/959/959 541/1005/1005 554/962/962
f 554/962/962 541/1005/1005 546/964/964
f 546/964/964 652/1006/1006 694/966/966
f 1699/984/984 1683/1007/1007 1682/969/969
f 1668/993/993 1674/1008/1008 1673/971/971
f 1682/969/969 1683/1007/1007 1666/972/972
f 1663/1009/1009 1668/993/993 1669/973/973
f 1665/985/985 1663/1009/1009 1669/973/973
f 1666/972/972 1661/1010/1010 1665/985/985
f 1665/985/985 1661/1010/1010 1663/1009/1009
f 682/989/989 626/1011/1011 624/844/844
f 624/844/844 626/1011/1011 515/863/863
f 515/863/863 494/1012/1012 492/935/935
f 493/974/974 497/995/995 509/936/936
f 569/996/996 568/1000/1000 637/976/976
f 570/1001/1001 513/1002/1002 613/992/992
f 608/983/983 513/1002/1002 544/1003/1003
f 544/1003/1003 540/1004/1004 549/959/959
f 541/1005/1005 542/1013/1013 546/964/964
f 154/1014/1014 231/1015/1015 116/1016/1016
f 546/964/964 542/1013/1013 652/1006/1006
f 652/1006/1006 759/1017/1017 694/966/966
f 1666/972/972 1683/1007/1007 1661/1010/1010
f 626/1011/1011 581/1018/1018 515/863/863
f 492/935/935 494/1012/1012 493/974/974
f 571/990/990 497/995/995 498/1019/1019
f 571/990/990 498/1019/1019 569/996/996
f 498/1019/1019 510/1020/1020 569/996/996
f 510/1020/1020 568/1000/1000 569/996/996
f 510/1020/1020 512/1021/1021 568/1000/1000
f 568/1000/1000 512/1021/1021 570/1001/1001
f 570/1001/1001 512/1021/1021 511/1022/1022
f 511/1022/1022 513/1002/1002 570/1001/1001
f 540/1004/1004 539/1023/1023 541/1005/1005
f 541/1005/1005 539/1023/1023 542/1013/1013
f 753/994/994 711/1024/1024 682/989/989
f 682/989/989 711/1024/1024 626/1011/1011
f 515/863/863 581/1018/1018 494/1012/1012
f 494/1012/1012 495/1025/1025 493/974/974
f 493/974/974 495/1025/1025 496/1026/1026
f 493/974/974 496/1026/1026 497/995/995
f 52/1027/1027 60/1028/1028 50/1029/1029
f 539/1023/1023 543/1030/1030 542/1013/1013
f 231/1015/1015 115/1031/1031 116/1016/1016
f 542/1013/1013 543/1030/1030 651/1032/1032
f 542/1013/1013 651/1032/1032 652/1006/1006
f 1674/1008/1008 1675/1033/1033 1690/1034/1034
f 651/1032/1032 760/1035/1035 759/1017/1017
f 652/1006/1006 651/1032/1032 759/1017/1017
f 1668/993/993 1667/1036/1036 1675/1033/1033
f 1668/993/993 1675/1033/1033 1674/1008/1008
f 1688/1037/1037 1664/1038/1038 1683/1007/1007
f 1662/1039/1039 1667/1036/1036 1663/1009/1009
f 1663/1009/1009 1667/1036/1036 1668/993/993
f 1683/1007/1007 1664/1038/1038 1661/1010/1010
f 1661/1010/1010 1664/1038/1038 1662/1039/1039
f 1661/1010/1010 1662/1039/1039 1663/1009/1009
f 1139/1040/1040 1190/1041/1041 1140/987/987
f 626/1011/1011 711/1024/1024 581/1018/1018
f 581/1018/1018 582/1042/1042 494/1012/1012
f 497/995/995 496/1026/1026 498/1019/1019
f 496/1026/1026 502/1043/1043 498/1019/1019
f 53/1044/1044 46/1045/1045 45/1046/1046
f 498/1019/1019 502/1043/1043 510/1020/1020
f 46/1045/1045 53/1044/1044 48/1047/1047
f 510/1020/1020 502/1043/1043 504/1048/1048
f 510/1020/1020 504/1048/1048 512/1021/1021
f 512/1021/1021 504/1048/1048 511/1022/1022
f 511/1022/1022 504/1048/1048 505/1049/1049
f 505/1049/1049 507/1050/1050 511/1022/1022
f 511/1022/1022 507/1050/1050 513/1002/1002
f 507/1050/1050 536/1051/1051 513/1002/1002
f 513/1002/1002 536/1051/1051 544/1003/1003
f 544/1003/1003 536/1051/1051 540/1004/1004
f 540/1004/1004 536/1051/1051 539/1023/1023
f 231/1015/1015 250/1052/1052 115/1031/1031
f 753/994/994 772/1053/1053 711/1024/1024
f 711/1024/1024 704/1054/1054 581/1018/1018
f 494/1012/1012 530/1055/1055 495/1025/1025
f 495/1025/1025 499/1056/1056 496/1026/1026
f 543/1030/1030 623/1057/1057 651/1032/1032
f 651/1032/1032 714/1058/1058 760/1035/1035
f 1675/1033/1033 1689/1059/1059 1690/1034/1034
f 1688/1037/1037 1686/1060/1060 1664/1038/1038
f 987/1061/1061 957/1062/1062 984/1063/1063
f 581/1018/1018 704/1054/1054 582/1042/1042
f 582/1042/1042 530/1055/1055 494/1012/1012
f 495/1025/1025 530/1055/1055 499/1056/1056
f 502/1043/1043 496/1026/1026 501/1064/1064
f 505/1049/1049 506/1065/1065 507/1050/1050
f 536/1051/1051 537/1066/1066 538/1067/1067
f 536/1051/1051 538/1067/1067 539/1023/1023
f 539/1023/1023 538/1067/1067 543/1030/1030
f 543/1030/1030 538/1067/1067 623/1057/1057
f 623/1057/1057 714/1058/1058 651/1032/1032
f 1675/1033/1033 1685/1068/1068 1689/1059/1059
f 1688/1037/1037 1695/1069/1069 1686/1060/1060
f 1667/1036/1036 1685/1068/1068 1675/1033/1033
f 1687/1070/1070 1684/1071/1071 1662/1039/1039
f 1662/1039/1039 1684/1071/1071 1667/1036/1036
f 1667/1036/1036 1684/1071/1071 1685/1068/1068
f 704/1054/1054 717/1072/1072 582/1042/1042
f 499/1056/1056 500/1073/1073 496/1026/1026
f 500/1073/1073 501/1064/1064 496/1026/1026
f 501/1064/1064 503/1074/1074 502/1043/1043
f 502/1043/1043 503/1074/1074 504/1048/1048
f 504/1048/1048 503/1074/1074 505/1049/1049
f 503/1074/1074 506/1065/1065 505/1049/1049
f 507/1050/1050 506/1065/1065 508/1075/1075
f 508/1075/1075 529/1076/1076 507/1050/1050
f 507/1050/1050 529/1076/1076 536/1051/1051
f 536/1051/1051 529/1076/1076 537/1066/1066
f 251/1077/1077 229/1078/1078 137/1079/1079
f 1685/1068/1068 1692/1080/1080 1689/1059/1059
f 1695/1069/1069 1693/1081/1081 1686/1060/1060
f 1686/1060/1060 1693/1081/1081 1687/1070/1070
f 1687/1070/1070 1691/1082/1082 1684/1071/1071
f 1684/1071/1071 1691/1082/1082 1685/1068/1068
f 582/1042/1042 717/1072/1072 649/1083/1083
f 582/1042/1042 649/1083/1083 530/1055/1055
f 530/1055/1055 649/1083/1083 597/1084/1084
f 530/1055/1055 597/1084/1084 499/1056/1056
f 597/1084/1084 548/1085/1085 499/1056/1056
f 499/1056/1056 548/1085/1085 500/1073/1073
f 500/1073/1073 548/1085/1085 501/1064/1064
f 556/1086/1086 503/1074/1074 501/1064/1064
f 508/1075/1075 559/1087/1087 560/1088/1088
f 508/1075/1075 560/1088/1088 529/1076/1076
f 529/1076/1076 560/1088/1088 604/1089/1089
f 529/1076/1076 604/1089/1089 537/1066/1066
f 537/1066/1066 604/1089/1089 639/1090/1090
f 537/1066/1066 639/1090/1090 538/1067/1067
f 538/1067/1067 639/1090/1090 623/1057/1057
f 623/1057/1057 639/1090/1090 725/1091/1091
f 623/1057/1057 725/1091/1091 714/1058/1058
f 714/1058/1058 725/1091/1091 771/1092/1092
f 1689/1059/1059 1692/1080/1080 1694/1093/1093
f 714/1058/1058 771/1092/1092 773/1094/1094
f 1691/1082/1082 1692/1080/1080 1685/1068/1068
f 1693/1081/1081 1691/1082/1082 1687/1070/1070
f 730/1095/1095 597/1084/1084 649/1083/1083
f 548/1085/1085 564/1096/1096 501/1064/1064
f 501/1064/1064 564/1096/1096 556/1086/1086
f 503/1074/1074 556/1086/1086 557/1097/1097
f 503/1074/1074 557/1097/1097 506/1065/1065
f 557/1097/1097 558/1098/1098 506/1065/1065
f 558/1098/1098 559/1087/1087 508/1075/1075
f 506/1065/1065 558/1098/1098 508/1075/1075
f 251/1077/1077 377/1099/1099 319/1100/1100
f 988/1101/1101 973/1102/1102 977/1103/1103
f 730/1095/1095 731/1104/1104 597/1084/1084
f 597/1084/1084 641/1105/1105 548/1085/1085
f 548/1085/1085 641/1105/1105 564/1096/1096
f 688/1106/1106 687/1107/1107 560/1088/1088
f 559/1087/1087 688/1106/1106 560/1088/1088
f 687/1107/1107 707/1108/1108 604/1089/1089
f 560/1088/1088 687/1107/1107 604/1089/1089
f 983/1109/1109 961/1110/1110 973/1102/1102
f 977/1103/1103 973/1102/1102 960/1111/1111
f 977/1103/1103 960/1111/1111 976/1112/1112
f 1691/1082/1082 1696/1113/1113 1692/1080/1080
f 731/1104/1104 683/1114/1114 597/1084/1084
f 597/1084/1084 683/1114/1114 641/1105/1105
f 564/1096/1096 666/1115/1115 557/1097/1097
f 557/1097/1097 681/1116/1116 558/1098/1098
f 558/1098/1098 688/1106/1106 559/1087/1087
f 975/1117/1117 954/1118/1118 982/1119/1119
f 982/1119/1119 954/1118/1118 961/1110/1110
f 982/1119/1119 961/1110/1110 983/1109/1109
f 961/1110/1110 943/1120/1120 973/1102/1102
f 973/1102/1102 943/1120/1120 960/1111/1111
f 963/1121/1121 940/1122/1122 955/1123/1123
f 731/1104/1104 754/1124/1124 683/1114/1114
f 641/1105/1105 683/1114/1114 564/1096/1096
f 564/1096/1096 683/1114/1114 666/1115/1115
f 666/1115/1115 681/1116/1116 557/1097/1097
f 681/1116/1116 743/1125/1125 729/1126/1126
f 978/1127/1127 951/1128/1128 979/1129/1129
f 979/1129/1129 951/1128/1128 975/1117/1117
f 951/1128/1128 953/1130/1130 975/1117/1117
f 754/1124/1124 726/1131/1131 683/1114/1114
f 726/1131/1131 743/1125/1125 681/1116/1116
f 953/1130/1130 920/1132/1132 923/1133/1133
f 951/1128/1128 920/1132/1132 953/1130/1130
f 903/1134/1134 899/1135/1135 928/1136/1136
f 923/1133/1133 920/1132/1132 916/1137/1137
f 936/1138/1138 916/1137/1137 935/1139/1139
f 942/1140/1140 913/1141/1141 915/1142/1142
f 911/1143/1143 885/1144/1144 912/1145/1145
f 916/1137/1137 898/1146/1146 903/1134/1134
f 903/1134/1134 898/1146/1146 899/1135/1135
f 1595/10/10 1584/3/3 1604/4/4
f 1604/4/4 1605/5/5 1617/14/14
f 1617/14/14 1605/5/5 1606/7/7
f 374/40/40 372/1147/1147 209/41/41
f 209/41/41 372/1147/1147 371/29/29
f 209/41/41 371/29/29 216/28/28
f 246/30/30 384/27/27 398/1148/1148
f 1085/51/51 1138/50/50 1143/1149/1149
f 1138/50/50 1179/1150/1150 1143/1149/1149
f 1143/1149/1149 1179/1150/1150 1192/1151/1151
f 1179/1150/1150 1194/1152/1152 1192/1151/1151
f 246/30/30 398/1148/1148 380/1153/1153
f 1133/1154/1154 1144/1155/1155 1084/49/49
f 1083/1156/1156 1133/1154/1154 1084/49/49
f 1144/1155/1155 1138/50/50 1084/49/49
f 1143/1149/1149 1192/1151/1151 1170/1157/1157
f 209/41/41 216/28/28 190/1158/1158
f 216/28/28 246/30/30 194/1159/1159
f 254/1160/1160 246/30/30 380/1153/1153
f 1083/1156/1156 1084/49/49 1018/1161/1161
f 1084/49/49 1085/51/51 1019/1162/1162
f 1018/1161/1161 1084/49/49 1019/1162/1162
f 1019/1162/1162 1085/51/51 1143/1149/1149
f 1019/1162/1162 1143/1149/1149 1020/1163/1163
f 1118/66/66 1150/68/68 1133/1154/1154
f 1598/52/52 1593/39/39 1600/57/57
f 288/42/42 209/41/41 191/1164/1164
f 191/1164/1164 209/41/41 190/1158/1158
f 190/1158/1158 216/28/28 194/1159/1159
f 194/1159/1159 246/30/30 254/1160/1160
f 1020/1163/1163 1143/1149/1149 1170/1157/1157
f 1118/66/66 1133/1154/1154 1083/1156/1156
f 232/1165/1165 391/1166/1166 288/42/42
f 232/1165/1165 288/42/42 191/1164/1164
f 1090/87/87 1118/66/66 1083/1156/1156
f 1125/69/69 1118/66/66 1090/87/87
f 1018/1161/1161 1019/1162/1162 1017/1167/1167
f 1019/1162/1162 1020/1163/1163 1017/1167/1167
f 1090/87/87 1083/1156/1156 1031/1168/1168
f 1031/1168/1168 1083/1156/1156 1018/1161/1161
f 1020/1163/1163 1170/1157/1157 1180/1169/1169
f 391/1166/1166 232/1165/1165 352/1170/1170
f 232/1165/1165 191/1164/1164 215/1171/1171
f 215/1171/1171 191/1164/1164 188/1172/1172
f 188/1172/1172 191/1164/1164 190/1158/1158
f 188/1172/1172 190/1158/1158 189/1173/1173
f 189/1173/1173 190/1158/1158 192/1174/1174
f 192/1174/1174 190/1158/1158 194/1159/1159
f 192/1174/1174 194/1159/1159 254/1160/1160
f 192/1174/1174 254/1160/1160 255/1175/1175
f 1031/1168/1168 1018/1161/1161 1014/1176/1176
f 1014/1176/1176 1018/1161/1161 1017/1167/1167
f 1017/1167/1167 1020/1163/1163 1034/1177/1177
f 1034/1177/1177 1020/1163/1163 1180/1169/1169
f 352/1170/1170 232/1165/1165 215/1171/1171
f 565/91/91 668/76/76 667/90/90
f 329/1178/1178 352/1170/1170 215/1171/1171
f 1021/1179/1179 1031/1168/1168 1014/1176/1176
f 1098/97/97 1090/87/87 1035/121/121
f 1090/87/87 1031/1168/1168 1035/121/121
f 189/1173/1173 192/1174/1174 193/1180/1180
f 193/1180/1180 192/1174/1174 264/119/119
f 264/119/119 192/1174/1174 255/1175/1175
f 1035/121/121 1031/1168/1168 1021/1179/1179
f 1034/1177/1177 1180/1169/1169 1186/1181/1181
f 215/1171/1171 188/1172/1172 186/1182/1182
f 186/1182/1182 188/1172/1172 187/1183/1183
f 188/1172/1172 189/1173/1173 187/1183/1183
f 189/1173/1173 193/1180/1180 187/1183/1183
f 1313/1184/1184 1311/93/93 1289/96/96
f 1160/1185/1185 1034/1177/1177 1186/1181/1181
f 1099/1186/1186 1116/88/88 1098/97/97
f 329/1178/1178 215/1171/1171 219/1187/1187
f 219/1187/1187 215/1171/1171 186/1182/1182
f 185/1188/1188 187/1183/1183 193/1180/1180
f 227/1189/1189 193/1180/1180 264/119/119
f 1313/1184/1184 1289/96/96 1306/109/109
f 1015/1190/1190 1017/1167/1167 1034/1177/1177
f 186/1182/1182 187/1183/1183 185/1188/1188
f 185/1188/1188 193/1180/1180 227/1189/1189
f 1033/150/150 1035/121/121 1021/1179/1179
f 1015/1190/1190 1034/1177/1177 1160/1185/1185
f 1015/1190/1190 1160/1185/1185 1167/1191/1191
f 383/1192/1192 329/1178/1178 295/1193/1193
f 295/1193/1193 329/1178/1178 219/1187/1187
f 151/1194/1194 186/1182/1182 185/1188/1188
f 364/117/117 264/119/119 375/1195/1195
f 1013/1196/1196 1017/1167/1167 1015/1190/1190
f 333/1197/1197 383/1192/1192 295/1193/1193
f 295/1193/1193 219/1187/1187 202/1198/1198
f 202/1198/1198 219/1187/1187 151/1194/1194
f 151/1194/1194 219/1187/1187 186/1182/1182
f 151/1194/1194 185/1188/1188 150/133/133
f 150/133/133 185/1188/1188 227/1189/1189
f 227/1189/1189 264/119/119 225/118/118
f 1306/109/109 1245/107/107 1282/120/120
f 1305/128/128 1306/109/109 1282/120/120
f 1014/1176/1176 1017/1167/1167 1013/1196/1196
f 1099/1186/1186 1098/97/97 1079/122/122
f 150/133/133 227/1189/1189 225/118/118
f 1033/150/150 1021/1179/1179 1012/1199/1199
f 1012/1199/1199 1021/1179/1179 1014/1176/1176
f 225/118/118 364/117/117 322/1200/1200
f 1079/122/122 1035/121/121 1033/150/150
f 1165/1201/1201 1015/1190/1190 1167/1191/1191
f 102/1202/1202 202/1198/1198 151/1194/1194
f 99/1203/1203 151/1194/1194 150/133/133
f 218/1204/1204 225/118/118 322/1200/1200
f 1012/1199/1199 1014/1176/1176 1013/1196/1196
f 151/1194/1194 99/1203/1203 102/1202/1202
f 98/132/132 225/118/118 218/1204/1204
f 1280/130/130 1304/127/127 1282/120/120
f 333/1197/1197 295/1193/1193 224/1205/1205
f 213/1206/1206 202/1198/1198 102/1202/1202
f 99/1203/1203 150/133/133 98/132/132
f 1011/1207/1207 1013/1196/1196 1015/1190/1190
f 1011/1207/1207 1015/1190/1190 1165/1201/1201
f 224/1205/1205 295/1193/1193 202/1198/1198
f 224/1205/1205 202/1198/1198 213/1206/1206
f 1303/1208/1208 1304/127/127 1280/130/130
f 213/1206/1206 102/1202/1202 101/1209/1209
f 98/132/132 218/1204/1204 207/146/146
f 218/1204/1204 322/1200/1200 321/144/144
f 207/146/146 218/1204/1204 321/144/144
f 1012/1199/1199 1013/1196/1196 1011/1207/1207
f 224/1205/1205 213/1206/1206 101/1209/1209
f 101/1209/1209 102/1202/1202 88/1210/1210
f 102/1202/1202 99/1203/1203 88/1210/1210
f 88/1210/1210 99/1203/1203 98/132/132
f 1104/1211/1211 1099/1186/1186 1079/122/122
f 88/1210/1210 98/132/132 97/1212/1212
f 1303/1208/1208 1280/130/130 1285/155/155
f 1022/151/151 1033/150/150 1012/1199/1199
f 1010/1213/1213 1012/1199/1199 1011/1207/1207
f 87/1214/1214 101/1209/1209 88/1210/1210
f 1165/1201/1201 1167/1191/1191 1176/1215/1215
f 97/1212/1212 98/132/132 207/146/146
f 1022/151/151 1012/1199/1199 1010/1213/1213
f 97/1212/1212 207/146/146 206/179/179
f 328/1216/1216 333/1197/1197 224/1205/1205
f 206/179/179 207/146/146 263/145/145
f 1011/1207/1207 1165/1201/1201 1164/1217/1217
f 1010/1213/1213 1011/1207/1207 1009/1218/1218
f 328/1216/1216 224/1205/1205 243/1219/1219
f 1105/1220/1220 1104/1211/1211 1079/122/122
f 1250/147/147 1285/155/155 1280/130/130
f 1009/1218/1218 1011/1207/1207 1164/1217/1217
f 243/1219/1219 224/1205/1205 101/1209/1209
f 142/1221/1221 101/1209/1209 87/1214/1214
f 1303/1208/1208 1285/155/155 1301/1222/1222
f 1164/1217/1217 1165/1201/1201 1176/1215/1215
f 243/1219/1219 101/1209/1209 142/1221/1221
f 88/1210/1210 97/1212/1212 96/1223/1223
f 1008/1224/1224 1010/1213/1213 1009/1218/1218
f 1106/157/157 1105/1220/1220 1079/122/122
f 263/145/145 321/144/144 340/1225/1225
f 1022/151/151 1010/1213/1213 1008/1224/1224
f 1080/156/156 1079/122/122 1022/151/151
f 86/1226/1226 87/1214/1214 88/1210/1210
f 85/190/190 88/1210/1210 96/1223/1223
f 96/1223/1223 97/1212/1212 206/179/179
f 142/1221/1221 87/1214/1214 86/1226/1226
f 1284/154/154 1301/1222/1222 1285/155/155
f 1164/1217/1217 1176/1215/1215 1181/200/200
f 315/1227/1227 328/1216/1216 243/1219/1219
f 86/1226/1226 88/1210/1210 85/190/190
f 1074/172/172 1022/151/151 1023/1228/1228
f 1023/1228/1228 1022/151/151 1008/1224/1224
f 1074/172/172 1080/156/156 1022/151/151
f 275/1229/1229 243/1219/1219 142/1221/1221
f 1009/1218/1218 1164/1217/1217 1007/180/180
f 1007/180/180 1164/1217/1217 1168/181/181
f 315/1227/1227 243/1219/1219 275/1229/1229
f 1008/1224/1224 1009/1218/1218 1007/180/180
f 1168/181/181 1164/1217/1217 1181/200/200
f 474/158/158 584/163/163 473/170/170
f 1283/173/173 1301/1222/1222 1284/154/154
f 1006/1230/1230 1008/1224/1224 1007/180/180
f 1302/1231/1231 1301/1222/1222 1283/173/173
f 1023/1228/1228 1008/1224/1224 1006/1230/1230
f 257/177/177 206/179/179 263/145/145
f 84/1232/1232 86/1226/1226 85/190/190
f 1300/197/197 1302/1231/1231 1283/173/173
f 85/190/190 96/1223/1223 95/178/178
f 96/1223/1223 206/179/179 95/178/178
f 257/177/177 263/145/145 318/203/203
f 1006/1230/1230 1007/180/180 1005/182/182
f 1091/184/184 1074/172/172 1075/1233/1233
f 142/1221/1221 86/1226/1226 84/1232/1232
f 84/1232/1232 85/190/190 83/189/189
f 1004/1234/1234 1006/1230/1230 1005/182/182
f 1075/1233/1233 1074/172/172 1023/1228/1228
f 514/188/188 473/170/170 583/169/169
f 1023/1228/1228 1006/1230/1230 1004/1234/1234
f 1075/1233/1233 1023/1228/1228 1025/1235/1235
f 1122/207/207 1109/164/164 1091/184/184
f 156/1236/1236 275/1229/1229 142/1221/1221
f 1005/182/182 1168/181/181 1171/199/199
f 1171/199/199 1168/181/181 1181/200/200
f 315/1227/1227 275/1229/1229 260/1237/1237
f 156/1236/1236 142/1221/1221 84/1232/1232
f 1025/1235/1235 1023/1228/1228 1004/1234/1234
f 1016/1238/1238 1005/182/182 1171/199/199
f 300/1239/1239 315/1227/1227 260/1237/1237
f 1003/1240/1240 1005/182/182 1016/1238/1238
f 1004/1234/1234 1005/182/182 1003/1240/1240
f 260/1237/1237 275/1229/1229 156/1236/1236
f 181/1241/1241 95/178/178 257/177/177
f 1091/184/184 1075/1233/1233 1076/231/231
f 1076/231/231 1075/1233/1233 1025/1235/1235
f 1024/229/229 1025/1235/1235 1004/1234/1234
f 83/189/189 95/178/178 82/218/218
f 181/1241/1241 257/177/177 298/204/204
f 80/220/220 84/1232/1232 83/189/189
f 82/218/218 95/178/178 181/1241/1241
f 1076/231/231 1025/1235/1235 1024/229/229
f 1002/227/227 1004/1234/1234 1003/1240/1240
f 1024/229/229 1004/1234/1234 1002/227/227
f 1003/1240/1240 1016/1238/1238 1001/1242/1242
f 1096/211/211 1091/184/184 1076/231/231
f 90/1243/1243 156/1236/1236 84/1232/1232
f 80/220/220 83/189/189 82/218/218
f 1001/1242/1242 1016/1238/1238 1171/199/199
f 298/204/204 318/203/203 348/1244/1244
f 1300/197/197 1277/191/191 1294/226/226
f 1174/1245/1245 1171/199/199 1189/201/201
f 260/1237/1237 156/1236/1236 158/1246/1246
f 158/1246/1246 156/1236/1236 90/1243/1243
f 1076/231/231 1024/229/229 1029/228/228
f 1001/1242/1242 1171/199/199 1174/1245/1245
f 1126/233/233 1123/206/206 1096/211/211
f 90/1243/1243 84/1232/1232 80/220/220
f 1029/228/228 1002/227/227 998/1247/1247
f 1002/227/227 1003/1240/1240 1001/1242/1242
f 258/1248/1248 260/1237/1237 158/1246/1246
f 1279/225/225 1277/191/191 1216/215/215
f 81/219/219 82/218/218 181/1241/1241
f 1030/242/242 1029/228/228 998/1247/1247
f 395/1249/1249 300/1239/1239 301/1250/1250
f 300/1239/1239 260/1237/1237 258/1248/1248
f 301/1250/1250 300/1239/1239 258/1248/1248
f 998/1247/1247 1002/227/227 1001/1242/1242
f 1115/232/232 1096/211/211 1081/230/230
f 181/1241/1241 298/204/204 265/271/271
f 265/271/271 298/204/204 348/1244/1244
f 998/1247/1247 1001/1242/1242 1000/1251/1251
f 1115/232/232 1081/230/230 1113/252/252
f 1000/1251/1251 1001/1242/1242 1174/1245/1245
f 258/1248/1248 158/1246/1246 157/1252/1252
f 158/1246/1246 90/1243/1243 91/1253/1253
f 157/1252/1252 158/1246/1246 91/1253/1253
f 132/1254/1254 81/219/219 181/1241/1241
f 265/271/271 348/1244/1244 370/1255/1255
f 1299/261/261 1294/226/226 1278/245/245
f 90/1243/1243 80/220/220 79/1256/1256
f 1030/242/242 998/1247/1247 997/1257/1257
f 997/1257/1257 998/1247/1247 996/1258/1258
f 996/1258/1258 998/1247/1247 1000/1251/1251
f 467/224/224 586/216/216 525/247/247
f 1000/1251/1251 1174/1245/1245 1173/1259/1259
f 132/1254/1254 181/1241/1241 265/271/271
f 79/1256/1256 80/220/220 78/251/251
f 1082/254/254 1081/230/230 1030/242/242
f 611/241/241 719/240/240 610/255/255
f 259/1260/1260 301/1250/1250 258/1248/1248
f 259/1260/1260 258/1248/1248 157/1252/1252
f 91/1253/1253 90/1243/1243 79/1256/1256
f 78/251/251 81/219/219 132/1254/1254
f 396/1261/1261 395/1249/1249 301/1250/1250
f 1028/1262/1262 1030/242/242 997/1257/1257
f 1082/254/254 1030/242/242 1028/1262/1262
f 517/268/268 525/247/247 610/255/255
f 1028/1262/1262 997/1257/1257 991/1263/1263
f 991/1263/1263 997/1257/1257 996/1258/1258
f 1169/1264/1264 1000/1251/1251 1173/1259/1259
f 992/1265/1265 996/1258/1258 1000/1251/1251
f 1027/274/274 1028/1262/1262 991/1263/1263
f 991/1263/1263 996/1258/1258 992/1265/1265
f 992/1265/1265 1000/1251/1251 1169/1264/1264
f 1088/267/267 1113/252/252 1082/254/254
f 132/1254/1254 265/271/271 212/273/273
f 1082/254/254 1028/1262/1262 1027/274/274
f 299/1266/1266 396/1261/1261 301/1250/1250
f 78/251/251 132/1254/1254 77/1267/1267
f 265/271/271 370/1255/1255 355/272/272
f 299/1266/1266 301/1250/1250 259/1260/1260
f 157/1252/1252 91/1253/1253 89/1268/1268
f 77/1267/1267 132/1254/1254 212/273/273
f 79/1256/1256 78/251/251 76/1269/1269
f 76/1269/1269 78/251/251 77/1267/1267
f 517/268/268 610/255/255 602/283/283
f 259/1260/1260 157/1252/1252 228/1270/1270
f 228/1270/1270 157/1252/1252 89/1268/1268
f 1169/1264/1264 1173/1259/1259 1187/1271/1271
f 89/1268/1268 91/1253/1253 79/1256/1256
f 89/1268/1268 79/1256/1256 76/1269/1269
f 299/1266/1266 259/1260/1260 228/1270/1270
f 76/1269/1269 77/1267/1267 75/1272/1272
f 990/1273/1273 991/1263/1263 992/1265/1265
f 1027/274/274 991/1263/1263 1026/1274/1274
f 1166/1275/1275 1169/1264/1264 1187/1271/1271
f 77/1267/1267 212/273/273 75/1272/1272
f 1026/1274/1274 991/1263/1263 990/1273/1273
f 992/1265/1265 1169/1264/1264 1166/1275/1275
f 1130/1276/1276 1124/253/253 1088/267/267
f 1297/293/293 1287/269/269 1275/281/281
f 1086/282/282 1027/274/274 1026/1274/1274
f 303/1277/1277 299/1266/1266 228/1270/1270
f 1166/1275/1275 1187/1271/1271 1185/1278/1278
f 204/1279/1279 228/1270/1270 89/1268/1268
f 75/1272/1272 212/273/273 240/285/285
f 993/1280/1280 992/1265/1265 1166/1275/1275
f 70/1281/1281 89/1268/1268 76/1269/1269
f 990/1273/1273 992/1265/1265 993/1280/1280
f 70/1281/1281 76/1269/1269 75/1272/1272
f 1129/299/299 1130/1276/1276 1088/267/267
f 1088/267/267 1086/282/282 1087/298/298
f 303/1277/1277 228/1270/1270 204/1279/1279
f 1032/327/327 1026/1274/1274 990/1273/1273
f 1032/327/327 990/1273/1273 994/1282/1282
f 994/1282/1282 990/1273/1273 993/1280/1280
f 1086/282/282 1026/1274/1274 1032/327/327
f 1087/298/298 1086/282/282 1032/327/327
f 993/1280/1280 1166/1275/1275 1163/1283/1283
f 1163/1283/1283 1166/1275/1275 1185/1278/1278
f 994/1282/1282 993/1280/1280 995/1284/1284
f 75/1272/1272 240/285/285 69/1285/1285
f 72/1286/1286 89/1268/1268 70/1281/1281
f 70/1281/1281 75/1272/1272 69/1285/1285
f 1163/1283/1283 1185/1278/1278 1183/1287/1287
f 204/1279/1279 89/1268/1268 72/1286/1286
f 69/1285/1285 240/285/285 163/308/308
f 1032/327/327 994/1282/1282 999/325/325
f 999/325/325 994/1282/1282 995/1284/1284
f 995/1284/1284 993/1280/1280 1163/1283/1283
f 1097/316/316 1087/298/298 1032/327/327
f 1129/299/299 1087/298/298 1127/317/317
f 303/1277/1277 204/1279/1279 273/1288/1288
f 347/1289/1289 303/1277/1277 273/1288/1288
f 22/1290/1290 70/1281/1281 69/1285/1285
f 999/325/325 995/1284/1284 1036/1291/1291
f 1036/1291/1291 995/1284/1284 1037/1292/1292
f 1067/1293/1293 1097/316/316 1032/327/327
f 214/1294/1294 204/1279/1279 72/1286/1286
f 326/347/347 163/308/308 327/307/307
f 1055/326/326 999/325/325 1036/1291/1291
f 1067/1293/1293 1032/327/327 1055/326/326
f 1037/1292/1292 995/1284/1284 1163/1283/1283
f 1037/1292/1292 1163/1283/1283 1175/1295/1295
f 1095/341/341 1097/316/316 1067/1293/1293
f 1175/1295/1295 1163/1283/1283 1183/1287/1287
f 1095/341/341 1127/317/317 1097/316/316
f 273/1288/1288 204/1279/1279 214/1294/1294
f 214/1294/1294 72/1286/1286 71/1296/1296
f 72/1286/1286 70/1281/1281 22/1290/1290
f 347/1289/1289 273/1288/1288 343/1297/1297
f 343/1297/1297 273/1288/1288 214/1294/1294
f 71/1296/1296 72/1286/1286 22/1290/1290
f 22/1290/1290 69/1285/1285 68/363/363
f 68/363/363 69/1285/1285 163/308/308
f 1298/324/324 1274/311/311 1314/331/331
f 1095/341/341 1067/1293/1293 1066/355/355
f 155/1298/1298 163/308/308 326/347/347
f 1407/336/336 1400/335/335 1395/352/352
f 1039/1299/1299 1055/326/326 1036/1291/1291
f 1038/1300/1300 1036/1291/1291 1037/1292/1292
f 1066/355/355 1067/1293/1293 1055/326/326
f 17/362/362 22/1290/1290 68/363/363
f 68/363/363 163/308/308 155/1298/1298
f 155/1298/1298 326/347/347 324/346/346
f 324/346/346 382/345/345 381/366/366
f 1066/355/355 1055/326/326 1039/1299/1299
f 1039/1299/1299 1036/1291/1291 1038/1300/1300
f 1157/1301/1301 1037/1292/1292 1175/1295/1295
f 305/1302/1302 343/1297/1297 214/1294/1294
f 141/1303/1303 214/1294/1294 71/1296/1296
f 68/363/363 155/1298/1298 65/361/361
f 1038/1300/1300 1037/1292/1292 1157/1301/1301
f 1157/1301/1301 1175/1295/1295 1177/1304/1304
f 305/1302/1302 214/1294/1294 141/1303/1303
f 449/344/344 532/312/312 553/357/357
f 18/1305/1305 22/1290/1290 17/362/362
f 199/382/382 155/1298/1298 324/346/346
f 199/382/382 324/346/346 325/367/367
f 1359/371/371 1395/352/352 1375/351/351
f 1066/355/355 1039/1299/1299 1068/388/388
f 71/1296/1296 22/1290/1290 18/1305/1305
f 65/361/361 155/1298/1298 66/384/384
f 66/384/384 155/1298/1298 199/382/382
f 1412/368/368 1406/353/353 1359/371/371
f 1040/1306/1306 1039/1299/1299 1038/1300/1300
f 20/1307/1307 71/1296/1296 18/1305/1305
f 1412/368/368 1359/371/371 1353/379/379
f 1068/388/388 1039/1299/1299 1042/1308/1308
f 1042/1308/1308 1039/1299/1299 1040/1306/1306
f 1102/356/356 1066/355/355 1068/388/388
f 199/382/382 325/367/367 286/394/394
f 286/394/394 325/367/367 379/392/392
f 1041/1309/1309 1038/1300/1300 1157/1301/1301
f 17/362/362 65/361/361 15/1310/1310
f 15/1310/1310 65/361/361 66/384/384
f 177/383/383 199/382/382 286/394/394
f 1353/379/379 1330/387/387 1350/399/399
f 1156/1311/1311 1157/1301/1301 1177/1304/1304
f 141/1303/1303 71/1296/1296 20/1307/1307
f 16/1312/1312 17/362/362 15/1310/1310
f 66/384/384 177/383/383 67/1313/1313
f 286/394/394 360/393/393 285/1314/1314
f 1040/1306/1306 1038/1300/1300 1041/1309/1309
f 1041/1309/1309 1157/1301/1301 1156/1311/1311
f 18/1305/1305 17/362/362 16/1312/1312
f 177/383/383 286/394/394 159/1315/1315
f 159/1315/1315 286/394/394 285/1314/1314
f 1350/399/399 1348/398/398 1404/426/426
f 1334/409/409 1336/413/413 1343/417/417
f 1333/410/410 1334/409/409 1343/417/417
f 305/1302/1302 141/1303/1303 262/1316/1316
f 41/1317/1317 141/1303/1303 20/1307/1307
f 15/1310/1310 66/384/384 67/1313/1313
f 67/1313/1313 177/383/383 92/1318/1318
f 92/1318/1318 177/383/383 159/1315/1315
f 285/1314/1314 360/393/393 359/456/456
f 388/467/467 399/474/474 272/473/473
f 1064/1319/1319 1068/388/388 1042/1308/1308
f 1178/1320/1320 1156/1311/1311 1177/1304/1304
f 350/1321/1321 305/1302/1302 262/1316/1316
f 159/1315/1315 285/1314/1314 93/515/515
f 285/1314/1314 359/456/456 284/1322/1322
f 284/1322/1322 359/456/456 358/458/458
f 358/458/458 400/457/457 330/497/497
f 1414/486/486 1347/416/416 1351/420/420
f 1064/1319/1319 1042/1308/1308 1043/1323/1323
f 1043/1323/1323 1042/1308/1308 1040/1306/1306
f 19/1324/1324 18/1305/1305 16/1312/1312
f 2/1325/1325 15/1310/1310 67/1313/1313
f 67/1313/1313 92/1318/1318 2/1325/1325
f 92/1318/1318 159/1315/1315 93/515/515
f 93/515/515 285/1314/1314 284/1322/1322
f 283/1326/1326 284/1322/1322 358/458/458
f 283/1326/1326 358/458/458 330/497/497
f 283/1326/1326 330/497/497 236/499/499
f 241/528/528 332/469/469 316/468/468
f 292/475/475 405/508/508 341/510/510
f 1078/421/421 1068/388/388 1064/1319/1319
f 262/1316/1316 141/1303/1303 144/1327/1327
f 144/1327/1327 141/1303/1303 41/1317/1317
f 16/1312/1312 15/1310/1310 14/1328/1328
f 14/1328/1328 15/1310/1310 2/1325/1325
f 2/1325/1325 92/1318/1318 3/1329/1329
f 201/516/516 93/515/515 284/1322/1322
f 201/516/516 284/1322/1322 283/1326/1326
f 201/516/516 283/1326/1326 236/499/499
f 237/498/498 332/469/469 241/528/528
f 241/528/528 316/468/468 245/529/529
f 316/468/468 271/470/470 245/529/529
f 1041/1309/1309 1156/1311/1311 1145/1330/1330
f 20/1307/1307 18/1305/1305 19/1324/1324
f 56/1331/1331 16/1312/1312 14/1328/1328
f 3/1329/1329 92/1318/1318 93/515/515
f 3/1329/1329 93/515/515 5/517/517
f 5/517/517 201/516/516 129/1332/1332
f 245/529/529 271/470/470 138/1333/1333
f 138/1333/1333 271/470/470 272/473/473
f 138/1333/1333 272/473/473 139/1334/1334
f 139/1334/1334 272/473/473 292/475/475
f 1063/1335/1335 1078/421/421 1064/1319/1319
f 1145/1330/1330 1156/1311/1311 1178/1320/1320
f 56/1331/1331 14/1328/1328 13/1336/1336
f 13/1336/1336 14/1328/1328 2/1325/1325
f 129/1332/1332 201/516/516 128/1337/1337
f 201/516/516 236/499/499 128/1337/1337
f 236/499/499 237/498/498 128/1337/1337
f 128/1337/1337 237/498/498 130/1338/1338
f 130/1338/1338 237/498/498 131/530/530
f 237/498/498 241/528/528 131/530/530
f 131/530/530 245/529/529 152/1339/1339
f 152/1339/1339 245/529/529 138/1333/1333
f 139/1334/1334 292/475/475 182/1340/1340
f 182/1340/1340 292/475/475 341/510/510
f 182/1340/1340 341/510/510 313/535/535
f 1043/1323/1323 1040/1306/1306 1041/1309/1309
f 24/1341/1341 16/1312/1312 56/1331/1331
f 13/1336/1336 2/1325/1325 1/1342/1342
f 1/1342/1342 2/1325/1325 3/1329/1329
f 5/517/517 129/1332/1332 128/1337/1337
f 1043/1323/1323 1041/1309/1309 1044/1343/1343
f 1103/547/547 1078/421/421 1063/1335/1335
f 21/1344/1344 20/1307/1307 19/1324/1324
f 109/1345/1345 56/1331/1331 13/1336/1336
f 4/1346/1346 1/1342/1342 3/1329/1329
f 3/1329/1329 5/517/517 4/1346/1346
f 4/1346/1346 5/517/517 6/1347/1347
f 5/517/517 128/1337/1337 6/1347/1347
f 6/1347/1347 128/1337/1337 10/1348/1348
f 12/1349/1349 131/530/530 152/1339/1339
f 118/1350/1350 152/1339/1339 138/1333/1333
f 138/1333/1333 139/1334/1334 123/1351/1351
f 139/1334/1334 182/1340/1340 126/1352/1352
f 123/1351/1351 139/1334/1334 126/1352/1352
f 126/1352/1352 182/1340/1340 242/587/587
f 242/587/587 182/1340/1340 313/535/535
f 1063/1335/1335 1064/1319/1319 1043/1323/1323
f 19/1324/1324 16/1312/1312 24/1341/1341
f 24/1341/1341 56/1331/1331 105/1353/1353
f 105/1353/1353 56/1331/1331 109/1345/1345
f 109/1345/1345 13/1336/1336 110/1354/1354
f 13/1336/1336 1/1342/1342 110/1354/1354
f 128/1337/1337 130/1338/1338 10/1348/1348
f 130/1338/1338 131/530/530 12/1349/1349
f 10/1348/1348 130/1338/1338 12/1349/1349
f 12/1349/1349 152/1339/1339 118/1350/1350
f 118/1350/1350 138/1333/1333 120/1355/1355
f 120/1355/1355 138/1333/1333 123/1351/1351
f 1044/1343/1343 1041/1309/1309 1145/1330/1330
f 104/1356/1356 24/1341/1341 105/1353/1353
f 105/1353/1353 109/1345/1345 167/1357/1357
f 110/1354/1354 1/1342/1342 42/1358/1358
f 42/1358/1358 1/1342/1342 4/1346/1346
f 6/1347/1347 10/1348/1348 9/1359/1359
f 123/1351/1351 126/1352/1352 124/589/589
f 1044/1343/1343 1145/1330/1330 1147/1360/1360
f 165/1361/1361 105/1353/1353 167/1357/1357
f 167/1357/1357 109/1345/1345 168/1362/1362
f 168/1362/1362 109/1345/1345 110/1354/1354
f 42/1358/1358 4/1346/1346 7/1363/1363
f 7/1363/1363 4/1346/1346 6/1347/1347
f 7/1363/1363 6/1347/1347 8/1364/1364
f 6/1347/1347 9/1359/1359 8/1364/1364
f 9/1359/1359 10/1348/1348 11/1365/1365
f 11/1365/1365 10/1348/1348 12/1349/1349
f 12/1349/1349 118/1350/1350 11/1365/1365
f 118/1350/1350 120/1355/1355 119/1366/1366
f 124/589/589 126/1352/1352 242/587/587
f 1630/583/583 1640/557/557 1632/556/556
f 1062/645/645 1063/1335/1335 1043/1323/1323
f 1147/1360/1360 1145/1330/1330 1172/1367/1367
f 1172/1367/1367 1145/1330/1330 1178/1320/1320
f 1089/585/585 1107/389/389 1103/547/547
f 41/1317/1317 20/1307/1307 21/1344/1344
f 23/1368/1368 19/1324/1324 24/1341/1341
f 104/1356/1356 105/1353/1353 165/1361/1361
f 208/1369/1369 110/1354/1354 42/1358/1358
f 11/1365/1365 118/1350/1350 119/1366/1366
f 119/1366/1366 120/1355/1355 121/606/606
f 120/1355/1355 123/1351/1351 122/604/604
f 121/606/606 120/1355/1355 122/604/604
f 122/604/604 123/1351/1351 124/589/589
f 1062/645/645 1043/1323/1323 1045/1370/1370
f 1045/1370/1370 1043/1323/1323 1044/1343/1343
f 1089/585/585 1103/547/547 1063/1335/1335
f 262/1316/1316 144/1327/1327 127/1371/1371
f 21/1344/1344 19/1324/1324 23/1368/1368
f 103/1372/1372 24/1341/1341 104/1356/1356
f 166/1373/1373 104/1356/1356 165/1361/1361
f 167/1357/1357 168/1362/1362 290/1374/1374
f 290/1374/1374 168/1362/1362 291/1375/1375
f 168/1362/1362 110/1354/1354 208/1369/1369
f 208/1369/1369 42/1358/1358 203/1376/1376
f 203/1376/1376 42/1358/1358 7/1363/1363
f 171/1377/1377 7/1363/1363 8/1364/1364
f 171/1377/1377 8/1364/1364 148/1378/1378
f 8/1364/1364 9/1359/1359 148/1378/1378
f 147/1379/1379 9/1359/1359 11/1365/1365
f 147/1379/1379 11/1365/1365 146/1380/1380
f 146/1380/1380 11/1365/1365 119/1366/1366
f 210/1381/1381 124/589/589 266/1382/1382
f 124/589/589 256/588/588 266/1382/1382
f 350/1321/1321 262/1316/1316 277/1383/1383
f 351/1384/1384 350/1321/1321 277/1383/1383
f 277/1383/1383 262/1316/1316 127/1371/1371
f 144/1327/1327 41/1317/1317 127/1371/1371
f 127/1371/1371 41/1317/1317 26/1385/1385
f 26/1385/1385 41/1317/1317 21/1344/1344
f 441/541/541 444/548/548 484/586/586
f 103/1372/1372 104/1356/1356 166/1373/1373
f 178/1386/1386 165/1361/1361 167/1357/1357
f 291/1375/1375 168/1362/1362 208/1369/1369
f 203/1376/1376 7/1363/1363 171/1377/1377
f 409/570/570 547/593/593 533/594/594
f 147/1379/1379 148/1378/1378 9/1359/1359
f 143/1387/1387 146/1380/1380 119/1366/1366
f 143/1387/1387 119/1366/1366 134/605/605
f 119/1366/1366 121/606/606 134/605/605
f 421/572/572 431/596/596 520/573/573
f 122/604/604 124/589/589 210/1381/1381
f 166/1373/1373 165/1361/1361 178/1386/1386
f 167/1357/1357 290/1374/1374 249/1388/1388
f 1530/1389/1389 1542/1390/1390 1528/1391/1391
f 1542/1390/1390 1541/1392/1392 1528/1391/1391
f 1533/1393/1393 1541/1392/1392 1549/1394/1394
f 1533/1393/1393 1549/1394/1394 1544/1395/1395
f 269/1396/1396 208/1369/1369 203/1376/1376
f 269/1396/1396 203/1376/1376 171/1377/1377
f 148/1378/1378 147/1379/1379 223/1397/1397
f 223/1397/1397 147/1379/1379 195/1398/1398
f 147/1379/1379 146/1380/1380 195/1398/1398
f 195/1398/1398 146/1380/1380 143/1387/1387
f 134/605/605 122/604/604 176/1399/1399
f 176/1399/1399 122/604/604 210/1381/1381
f 1629/608/608 1637/637/637 1636/590/590
f 1089/585/585 1063/1335/1335 1062/645/645
f 462/526/526 531/422/422 527/617/617
f 23/1368/1368 24/1341/1341 103/1372/1372
f 178/1386/1386 167/1357/1357 249/1388/1388
f 1537/1400/1400 1542/1390/1390 1530/1389/1389
f 1528/1391/1391 1541/1392/1392 1533/1393/1393
f 1528/1391/1391 1533/1393/1393 1527/1401/1401
f 1533/1393/1393 1544/1395/1395 1532/1402/1402
f 1532/1402/1402 1544/1395/1395 1545/1403/1403
f 270/1404/1404 269/1396/1396 171/1377/1377
f 148/1378/1378 270/1404/1404 171/1377/1377
f 1545/1403/1403 1553/1405/1405 1531/1406/1406
f 1531/1406/1406 1553/1405/1405 1547/1407/1407
f 195/1398/1398 143/1387/1387 274/1408/1408
f 1635/638/638 1637/637/637 1629/608/608
f 1647/598/598 1648/628/628 1628/616/616
f 1044/1343/1343 1147/1360/1360 1046/1409/1409
f 25/1410/1410 21/1344/1344 23/1368/1368
f 166/1373/1373 178/1386/1386 179/1411/1411
f 178/1386/1386 249/1388/1388 179/1411/1411
f 1504/1412/1412 1505/1413/1413 1528/1391/1391
f 718/621/621 723/620/620 766/632/632
f 723/620/620 774/631/631 766/632/632
f 1527/1401/1401 1504/1412/1412 1528/1391/1391
f 1527/1401/1401 1533/1393/1393 1525/1414/1414
f 706/634/634 718/621/621 767/633/633
f 1525/1414/1414 1533/1393/1393 1532/1402/1402
f 1532/1402/1402 1545/1403/1403 1531/1406/1406
f 663/623/623 533/594/594 664/622/622
f 1534/1415/1415 1531/1406/1406 1547/1407/1407
f 1548/1416/1416 1534/1415/1415 1547/1407/1407
f 1534/1415/1415 1548/1416/1416 1535/1417/1417
f 1535/1417/1417 1548/1416/1416 1543/1418/1418
f 274/1408/1408 143/1387/1387 134/605/605
f 274/1408/1408 134/605/605 278/1419/1419
f 134/605/605 176/1399/1399 278/1419/1419
f 1540/1420/1420 1554/1421/1421 1536/1422/1422
f 1554/1421/1421 1555/1423/1423 1536/1422/1422
f 1654/609/609 1656/642/642 1648/628/628
f 1046/1409/1409 1147/1360/1360 1148/1424/1424
f 1062/645/645 1045/1370/1370 1060/1425/1425
f 26/1385/1385 21/1344/1344 25/1410/1410
f 103/1372/1372 166/1373/1373 169/1426/1426
f 169/1426/1426 166/1373/1373 230/1427/1427
f 230/1427/1427 166/1373/1373 179/1411/1411
f 314/682/682 179/1411/1411 249/1388/1388
f 1537/1400/1400 1530/1389/1389 1510/1428/1428
f 1550/673/673 1537/1400/1400 1510/1428/1428
f 746/619/619 733/618/618 769/1429/1429
f 1510/1428/1428 1530/1389/1389 1528/1391/1391
f 1505/1413/1413 1510/1428/1428 1528/1391/1391
f 1566/1430/1430 1576/661/661 1512/1431/1431
f 1566/1430/1430 1512/1431/1431 1506/1432/1432
f 1566/1430/1430 1506/1432/1432 1559/1433/1433
f 1496/1434/1434 1505/1413/1413 1504/1412/1412
f 1505/1413/1413 1496/1434/1434 1506/1432/1432
f 1559/1433/1433 1506/1432/1432 1496/1434/1434
f 1570/651/651 1566/1430/1430 1559/1433/1433
f 1570/651/651 1559/1433/1433 1560/652/652
f 1518/1435/1435 1504/1412/1412 1527/1401/1401
f 1518/1435/1435 1527/1401/1401 1525/1414/1414
f 1525/1414/1414 1532/1402/1402 1529/1436/1436
f 1529/1436/1436 1532/1402/1402 1531/1406/1406
f 679/636/636 663/623/623 712/635/635
f 1535/1417/1417 1543/1418/1418 1524/1437/1437
f 1536/1422/1422 1555/1423/1423 1538/668/668
f 1060/1425/1425 1045/1370/1370 1047/1438/1438
f 1047/1438/1438 1045/1370/1370 1046/1409/1409
f 1046/1409/1409 1045/1370/1370 1044/1343/1343
f 1077/646/646 1062/645/645 1060/1425/1425
f 1148/1424/1424 1147/1360/1360 1172/1367/1367
f 25/1410/1410 23/1368/1368 38/1439/1439
f 1557/675/675 1537/1400/1400 1550/673/673
f 1576/661/661 1552/660/660 1512/1431/1431
f 1551/1440/1440 1550/673/673 1510/1428/1428
f 1509/1441/1441 1510/1428/1428 1505/1413/1413
f 1506/1432/1432 1512/1431/1431 1509/1441/1441
f 1506/1432/1432 1509/1441/1441 1505/1413/1413
f 1496/1434/1434 1504/1412/1412 1493/1442/1442
f 1560/652/652 1559/1433/1433 1496/1434/1434
f 1493/1442/1442 1504/1412/1412 1518/1435/1435
f 1560/652/652 1496/1434/1434 1497/1443/1443
f 1497/1443/1443 1496/1434/1434 1494/1444/1444
f 1494/1444/1444 1496/1434/1434 1493/1442/1442
f 1493/1442/1442 1518/1435/1435 1514/1445/1445
f 1568/653/653 1560/652/652 1497/1443/1443
f 1568/653/653 1497/1443/1443 1561/1446/1446
f 1580/1447/1447 1568/653/653 1561/1446/1446
f 1514/1445/1445 1518/1435/1435 1525/1414/1414
f 1580/1447/1447 1561/1446/1446 1569/1448/1448
f 1520/1449/1449 1514/1445/1445 1525/1414/1414
f 1514/1445/1445 1520/1449/1449 1511/1450/1450
f 1520/1449/1449 1525/1414/1414 1529/1436/1436
f 712/635/635 706/634/634 768/1451/1451
f 1520/1449/1449 1529/1436/1436 1517/1452/1452
f 712/635/635 768/1451/1451 764/1453/1453
f 1517/1452/1452 1529/1436/1436 1531/1406/1406
f 679/636/636 712/635/635 764/1453/1453
f 1523/1454/1454 1517/1452/1452 1531/1406/1406
f 1523/1454/1454 1531/1406/1406 1534/1415/1415
f 1523/1454/1454 1534/1415/1415 1535/1417/1417
f 679/636/636 764/1453/1453 763/662/662
f 1524/1437/1437 1523/1454/1454 1535/1417/1417
f 728/654/654 679/636/636 763/662/662
f 1526/1455/1455 1543/1418/1418 1540/1420/1420
f 1524/1437/1437 1543/1418/1418 1526/1455/1455
f 1526/1455/1455 1540/1420/1420 1536/1422/1422
f 1648/628/628 1656/642/642 1650/1456/1456
f 1648/628/628 1650/1456/1456 1634/643/643
f 1634/643/643 1638/1457/1457 1633/644/644
f 1633/644/644 1638/1457/1457 1635/638/638
f 230/1427/1427 179/1411/1411 306/684/684
f 306/684/684 179/1411/1411 314/682/682
f 1512/1431/1431 1552/660/660 1509/1441/1441
f 1552/660/660 1551/1440/1440 1510/1428/1428
f 1509/1441/1441 1552/660/660 1510/1428/1428
f 1561/1446/1446 1497/1443/1443 1492/1458/1458
f 1497/1443/1443 1494/1444/1444 1492/1458/1458
f 1492/1458/1458 1494/1444/1444 1493/1442/1442
f 1491/1459/1459 1493/1442/1442 1514/1445/1445
f 1492/1458/1458 1493/1442/1442 1491/1459/1459
f 1491/1459/1459 1514/1445/1445 1511/1450/1450
f 1561/1446/1446 1492/1458/1458 1489/1460/1460
f 1489/1460/1460 1492/1458/1458 1491/1459/1459
f 1489/1460/1460 1491/1459/1459 1486/1461/1461
f 1569/1448/1448 1561/1446/1446 1562/1462/1462
f 1562/1462/1462 1561/1446/1446 1489/1460/1460
f 1486/1461/1461 1491/1459/1459 1487/1463/1463
f 1487/1463/1463 1491/1459/1459 1511/1450/1450
f 1511/1450/1450 1520/1449/1449 1517/1452/1452
f 1573/1464/1464 1569/1448/1448 1562/1462/1462
f 1562/1462/1462 1489/1460/1460 1485/1465/1465
f 1485/1465/1465 1489/1460/1460 1486/1461/1461
f 1487/1463/1463 1511/1450/1450 1517/1452/1452
f 1573/1464/1464 1562/1462/1462 1563/679/679
f 1563/679/679 1562/1462/1462 1485/1465/1465
f 1487/1463/1463 1517/1452/1452 1508/1466/1466
f 1508/1466/1466 1517/1452/1452 1523/1454/1454
f 1575/1467/1467 1573/1464/1464 1563/679/679
f 1516/1468/1468 1508/1466/1466 1523/1454/1454
f 1516/1468/1468 1523/1454/1454 1524/1437/1437
f 1575/1467/1467 1563/679/679 1567/681/681
f 1522/1469/1469 1516/1468/1468 1524/1437/1437
f 728/654/654 762/663/663 744/655/655
f 1522/1469/1469 1524/1437/1437 1526/1455/1455
f 1519/686/686 1526/1455/1455 1536/1422/1422
f 732/626/626 755/664/664 776/665/665
f 1521/667/667 1519/686/686 1538/668/668
f 1519/686/686 1536/1422/1422 1538/668/668
f 1579/1470/1470 1574/1471/1471 1558/1472/1472
f 1579/1470/1470 1558/1472/1472 1564/1473/1473
f 1539/1474/1474 1521/667/667 1546/666/666
f 1650/1456/1456 1649/1475/1475 1634/643/643
f 1634/643/643 1649/1475/1475 1638/1457/1457
f 111/1476/1476 127/1371/1371 26/1385/1385
f 117/718/718 23/1368/1368 103/1372/1372
f 1457/676/676 1441/648/648 1444/677/677
f 1552/660/660 1556/685/685 1551/1440/1440
f 1551/1440/1440 1556/685/685 1550/673/673
f 1485/1465/1465 1486/1461/1461 1487/1463/1463
f 1485/1465/1465 1487/1463/1463 1488/1477/1477
f 1488/1477/1477 1487/1463/1463 1508/1466/1466
f 1488/1477/1477 1508/1466/1466 1507/1478/1478
f 1507/1478/1478 1508/1466/1466 1516/1468/1468
f 1563/679/679 1485/1465/1465 1490/680/680
f 1490/680/680 1485/1465/1465 1488/1477/1477
f 1495/1479/1479 1488/1477/1477 1507/1478/1478
f 1490/680/680 1488/1477/1477 1495/1479/1479
f 1507/1478/1478 1516/1468/1468 1513/688/688
f 1513/688/688 1516/1468/1468 1522/1469/1469
f 1567/681/681 1490/680/680 1565/689/689
f 1578/1480/1480 1567/681/681 1565/689/689
f 1513/688/688 1522/1469/1469 1526/1455/1455
f 1572/691/691 1578/1480/1480 1565/689/689
f 1513/688/688 1526/1455/1455 1519/686/686
f 1572/691/691 1502/690/690 1574/1471/1471
f 1519/686/686 1521/667/667 1503/687/687
f 1574/1471/1471 1502/690/690 1558/1472/1472
f 1515/1481/1481 1521/667/667 1539/1474/1474
f 1564/1473/1473 1558/1472/1472 1515/1481/1481
f 1046/1409/1409 1148/1424/1424 1056/1482/1482
f 1148/1424/1424 1172/1367/1367 1159/1483/1483
f 38/1439/1439 23/1368/1368 117/718/718
f 117/718/718 103/1372/1372 169/1426/1426
f 230/1427/1427 306/684/684 307/701/701
f 1490/680/680 1495/1479/1479 1498/1484/1484
f 1501/1485/1485 1490/680/680 1498/1484/1484
f 1498/1484/1484 1495/1479/1479 1499/1486/1486
f 1499/1486/1486 1495/1479/1479 1507/1478/1478
f 1565/689/689 1490/680/680 1501/1485/1485
f 1499/1486/1486 1507/1478/1478 1513/688/688
f 1500/699/699 1501/1485/1485 1498/1484/1484
f 1565/689/689 1501/1485/1485 1502/690/690
f 1502/690/690 1501/1485/1485 1500/699/699
f 1500/699/699 1499/1486/1486 1503/687/687
f 1499/1486/1486 1513/688/688 1503/687/687
f 1558/1472/1472 1502/690/690 1515/1481/1481
f 1515/1481/1481 1502/690/690 1503/687/687
f 1515/1481/1481 1503/687/687 1521/667/667
f 145/1487/1487 127/1371/1371 111/1476/1476
f 169/1426/1426 230/1427/1427 170/719/719
f 170/719/719 230/1427/1427 307/701/701
f 401/700/700 306/684/684 402/683/683
f 1498/1484/1484 1499/1486/1486 1500/699/699
f 389/1488/1488 351/1384/1384 253/1489/1489
f 351/1384/1384 277/1383/1383 253/1489/1489
f 1441/648/648 1443/672/672 1437/694/694
f 253/1489/1489 277/1383/1383 127/1371/1371
f 117/718/718 169/1426/1426 170/719/719
f 170/719/719 307/701/701 308/742/742
f 308/742/742 307/701/701 353/705/705
f 1481/724/724 1469/697/697 1471/722/722
f 1471/722/722 1469/697/697 1466/707/707
f 136/720/720 38/1439/1439 117/718/718
f 1430/695/695 1437/694/694 1425/704/704
f 1056/1482/1482 1148/1424/1424 1159/1483/1483
f 1048/1490/1490 1046/1409/1409 1056/1482/1482
f 1100/692/692 1077/646/646 1072/753/753
f 253/1489/1489 127/1371/1371 145/1487/1487
f 1425/704/704 1424/716/716 1422/706/706
f 1058/751/751 1060/1425/1425 1047/1438/1438
f 1048/1490/1490 1047/1438/1438 1046/1409/1409
f 1049/1491/1491 1047/1438/1438 1048/1490/1490
f 27/1492/1492 26/1385/1385 25/1410/1410
f 235/762/762 170/719/719 308/742/742
f 1072/753/753 1077/646/646 1060/1425/1425
f 38/1439/1439 136/720/720 125/1493/1493
f 1058/751/751 1047/1438/1438 1049/1491/1491
f 1072/753/753 1060/1425/1425 1058/751/751
f 1111/733/733 1100/692/692 1072/753/753
f 25/1410/1410 38/1439/1439 39/1494/1494
f 125/1493/1493 136/720/720 184/732/732
f 184/732/732 170/719/719 235/762/762
f 27/1492/1492 111/1476/1476 26/1385/1385
f 28/1495/1495 25/1410/1410 39/1494/1494
f 27/1492/1492 25/1410/1410 28/1495/1495
f 39/1494/1494 38/1439/1439 125/1493/1493
f 1048/1490/1490 1056/1482/1482 1052/1496/1496
f 1050/1497/1497 1048/1490/1490 1052/1496/1496
f 1056/1482/1482 1159/1483/1483 1155/1498/1498
f 389/1488/1488 253/1489/1489 317/1499/1499
f 317/1499/1499 253/1489/1489 239/1500/1500
f 235/762/762 308/742/742 309/745/745
f 1052/1496/1496 1056/1482/1482 1155/1498/1498
f 397/1501/1501 389/1488/1488 317/1499/1499
f 239/1500/1500 253/1489/1489 145/1487/1487
f 1049/1491/1491 1048/1490/1490 1050/1497/1497
f 1051/1502/1502 1049/1491/1491 1050/1497/1497
f 592/717/717 699/734/734 674/754/754
f 1058/751/751 1049/1491/1491 1051/1502/1502
f 1059/752/752 1058/751/751 1051/1502/1502
f 1073/786/786 1072/753/753 1059/752/752
f 145/1487/1487 111/1476/1476 112/1503/1503
f 112/1503/1503 111/1476/1476 27/1492/1492
f 29/1504/1504 27/1492/1492 28/1495/1495
f 112/1503/1503 27/1492/1492 29/1504/1504
f 31/1505/1505 39/1494/1494 125/1493/1493
f 125/1493/1493 184/732/732 108/1506/1506
f 1111/733/733 1072/753/753 1110/765/765
f 1110/765/765 1072/753/753 1073/786/786
f 1110/765/765 1121/729/729 1111/733/733
f 28/1495/1495 39/1494/1494 31/1505/1505
f 108/1506/1506 184/732/732 183/761/761
f 183/761/761 184/732/732 235/762/762
f 239/1500/1500 145/1487/1487 112/1503/1503
f 31/1505/1505 125/1493/1493 108/1506/1506
f 1051/1502/1502 1050/1497/1497 1052/1496/1496
f 29/1504/1504 28/1495/1495 30/1507/1507
f 454/769/769 452/711/711 485/759/759
f 30/1507/1507 28/1495/1495 31/1505/1505
f 183/761/761 309/745/745 310/770/770
f 106/1508/1508 108/1506/1506 183/761/761
f 234/799/799 183/761/761 310/770/770
f 1052/1496/1496 1155/1498/1498 1153/1509/1509
f 1065/1510/1510 1073/786/786 1059/752/752
f 1153/1509/1509 1155/1498/1498 1182/1511/1511
f 31/1505/1505 108/1506/1506 106/1508/1508
f 1482/764/764 1470/763/763 1480/784/784
f 1065/1510/1510 1059/752/752 1051/1502/1502
f 1065/1510/1510 1051/1502/1502 1054/1512/1512
f 1054/1512/1512 1051/1502/1502 1053/1513/1513
f 1053/1513/1513 1051/1502/1502 1052/1496/1496
f 1053/1513/1513 1052/1496/1496 1153/1509/1509
f 1108/787/787 1073/786/786 1065/1510/1510
f 106/1508/1508 183/761/761 164/801/801
f 164/801/801 183/761/761 234/799/799
f 310/770/770 354/767/767 311/806/806
f 317/1499/1499 239/1500/1500 247/1514/1514
f 247/1514/1514 239/1500/1500 112/1503/1503
f 31/1505/1505 106/1508/1508 73/1515/1515
f 234/799/799 310/770/770 311/806/806
f 1057/1516/1516 1065/1510/1510 1054/1512/1512
f 1053/1513/1513 1153/1509/1509 1154/1517/1517
f 1153/1509/1509 1182/1511/1511 1154/1517/1517
f 1101/816/816 1108/787/787 1065/1510/1510
f 378/1518/1518 317/1499/1499 247/1514/1514
f 454/769/769 485/759/759 461/789/789
f 1480/784/784 1462/783/783 1483/795/795
f 1054/1512/1512 1053/1513/1513 1057/1516/1516
f 1057/1516/1516 1053/1513/1513 1061/1519/1519
f 1061/1519/1519 1053/1513/1513 1154/1517/1517
f 1071/1520/1520 1065/1510/1510 1057/1516/1516
f 1101/816/816 1065/1510/1510 1071/1520/1520
f 113/1521/1521 247/1514/1514 112/1503/1503
f 113/1521/1521 112/1503/1503 29/1504/1504
f 247/1514/1514 113/1521/1521 238/1522/1522
f 153/800/800 234/799/799 226/807/807
f 226/807/807 311/806/806 345/1523/1523
f 1484/1524/1524 1483/795/795 1478/809/809
f 1071/1520/1520 1057/1516/1516 1070/1525/1525
f 1094/814/814 1101/816/816 1071/1520/1520
f 367/1526/1526 378/1518/1518 247/1514/1514
f 367/1526/1526 247/1514/1514 238/1522/1522
f 113/1521/1521 29/1504/1504 40/1527/1527
f 29/1504/1504 30/1507/1507 40/1527/1527
f 30/1507/1507 31/1505/1505 32/1528/1528
f 1070/1525/1525 1057/1516/1516 1069/1529/1529
f 1069/1529/1529 1057/1516/1516 1061/1519/1519
f 1061/1519/1519 1154/1517/1517 1161/1530/1530
f 1069/1529/1529 1061/1519/1519 1161/1530/1530
f 106/1508/1508 164/801/801 153/800/800
f 226/807/807 345/1523/1523 344/1531/1531
f 1094/814/814 1071/1520/1520 1070/1525/1525
f 31/1505/1505 73/1515/1515 32/1528/1528
f 73/1515/1515 106/1508/1508 74/1532/1532
f 74/1532/1532 106/1508/1508 153/800/800
f 226/807/807 344/1531/1531 337/1533/1533
f 874/866/866 875/827/827 830/826/826
f 828/834/834 816/837/837 838/840/840
f 238/1522/1522 113/1521/1521 133/1534/1534
f 133/1534/1534 113/1521/1521 40/1527/1527
f 1092/1535/1535 1070/1525/1525 1069/1529/1529
f 1092/1535/1535 1069/1529/1529 1093/1536/1536
f 1093/1536/1536 1069/1529/1529 1161/1530/1530
f 1162/1537/1537 1161/1530/1530 1191/1538/1538
f 1119/815/815 1094/814/814 1120/988/988
f 221/1539/1539 226/807/807 337/1533/1533
f 221/1539/1539 337/1533/1533 336/1540/1540
f 865/865/865 827/868/868 866/910/910
f 1114/1541/1541 1094/814/814 1070/1525/1525
f 1093/1536/1536 1161/1530/1530 1162/1537/1537
f 302/1542/1542 367/1526/1526 238/1522/1522
f 35/1543/1543 40/1527/1527 30/1507/1507
f 32/1528/1528 73/1515/1515 74/1532/1532
f 74/1532/1532 153/800/800 149/1544/1544
f 149/1544/1544 153/800/800 226/807/807
f 149/1544/1544 226/807/807 221/1539/1539
f 335/943/943 336/1540/1540 365/1545/1545
f 365/1545/1545 392/941/941 335/943/943
f 334/942/942 392/941/941 393/948/948
f 393/948/948 394/953/953 346/949/949
f 868/917/917 835/887/887 863/919/919
f 252/925/925 281/923/923 363/922/922
f 1114/1541/1541 1070/1525/1525 1092/1535/1535
f 1117/986/986 1094/814/814 1114/1541/1541
f 1117/986/986 1120/988/988 1094/814/814
f 1149/843/843 1119/815/815 1120/988/988
f 30/1507/1507 32/1528/1528 33/1546/1546
f 64/1547/1547 74/1532/1532 149/1544/1544
f 221/1539/1539 336/1540/1540 205/1548/1548
f 205/1548/1548 336/1540/1540 335/943/943
f 244/997/997 335/943/943 334/942/942
f 334/942/942 346/949/949 279/1549/1549
f 279/1549/1549 346/949/949 280/1550/1550
f 855/958/958 846/920/920 843/956/956
f 160/1551/1551 252/925/925 248/927/927
f 302/1542/1542 238/1522/1522 222/1552/1552
f 238/1522/1522 133/1534/1534 222/1552/1552
f 133/1534/1534 40/1527/1527 114/1553/1553
f 114/1553/1553 40/1527/1527 35/1543/1543
f 35/1543/1543 30/1507/1507 33/1546/1546
f 32/1528/1528 74/1532/1532 64/1547/1547
f 205/1548/1548 335/943/943 244/997/997
f 244/997/997 334/942/942 217/998/998
f 217/998/998 334/942/942 279/1549/1549
f 280/1550/1550 346/949/949 293/980/980
f 385/957/957 281/923/923 293/980/980
f 281/923/923 252/925/925 161/1554/1554
f 161/1554/1554 252/925/925 160/1551/1551
f 160/1551/1551 248/927/927 154/1014/1014
f 154/1014/1014 248/927/927 287/965/965
f 323/1555/1555 287/965/965 390/931/931
f 222/1552/1552 133/1534/1534 114/1553/1553
f 34/1556/1556 32/1528/1528 64/1547/1547
f 149/1544/1544 221/1539/1539 100/1557/1557
f 100/1557/1557 221/1539/1539 205/1548/1548
f 205/1548/1548 244/997/997 180/999/999
f 217/998/998 279/1549/1549 200/1558/1558
f 200/1558/1558 279/1549/1549 162/1559/1559
f 279/1549/1549 280/1550/1550 162/1559/1559
f 162/1559/1559 280/1550/1550 293/980/980
f 293/980/980 281/923/923 162/1559/1559
f 162/1559/1559 281/923/923 161/1554/1554
f 1114/1541/1541 1092/1535/1535 1131/1560/1560
f 1131/1560/1560 1092/1535/1535 1093/1536/1536
f 1131/1560/1560 1093/1536/1536 1137/1561/1561
f 1137/1561/1561 1093/1536/1536 1162/1537/1537
f 1117/986/986 1114/1541/1541 1132/1562/1562
f 33/1546/1546 32/1528/1528 34/1556/1556
f 64/1547/1547 149/1544/1544 100/1557/1557
f 54/1563/1563 100/1557/1557 205/1548/1548
f 205/1548/1548 180/999/999 54/1563/1563
f 180/999/999 217/998/998 53/1044/1044
f 53/1044/1044 217/998/998 200/1558/1558
f 200/1558/1558 162/1559/1559 52/1027/1027
f 161/1554/1554 160/1551/1551 62/1564/1564
f 62/1564/1564 160/1551/1551 154/1014/1014
f 62/1564/1564 154/1014/1014 116/1016/1016
f 154/1014/1014 287/965/965 231/1015/1015
f 231/1015/1015 287/965/965 323/1555/1555
f 1132/1562/1562 1114/1541/1541 1131/1560/1560
f 1184/1565/1565 1137/1561/1561 1162/1537/1537
f 1162/1537/1537 1191/1538/1538 1184/1565/1565
f 1139/1040/1040 1140/987/987 1117/986/986
f 302/1542/1542 222/1552/1552 304/1566/1566
f 34/1556/1556 64/1547/1547 55/1567/1567
f 55/1567/1567 64/1547/1547 100/1557/1557
f 55/1567/1567 100/1557/1557 54/1563/1563
f 54/1563/1563 180/999/999 53/1044/1044
f 51/1568/1568 53/1044/1044 200/1558/1558
f 51/1568/1568 200/1558/1558 52/1027/1027
f 52/1027/1027 162/1559/1559 60/1028/1028
f 60/1028/1028 162/1559/1559 161/1554/1554
f 161/1554/1554 62/1564/1564 60/1028/1028
f 231/1015/1015 323/1555/1555 339/1569/1569
f 1139/1040/1040 1117/986/986 1132/1562/1562
f 403/1570/1570 302/1542/1542 304/1566/1566
f 304/1566/1566 222/1552/1552 211/1571/1571
f 211/1571/1571 222/1552/1552 114/1553/1553
f 35/1543/1543 33/1546/1546 36/1572/1572
f 36/1572/1572 33/1546/1546 34/1556/1556
f 34/1556/1556 55/1567/1567 37/1573/1573
f 1132/1562/1562 1131/1560/1560 1146/1574/1574
f 114/1553/1553 35/1543/1543 36/1572/1572
f 36/1572/1572 34/1556/1556 37/1573/1573
f 55/1567/1567 54/1563/1563 37/1573/1573
f 37/1573/1573 54/1563/1563 45/1046/1046
f 45/1046/1046 54/1563/1563 53/1044/1044
f 53/1044/1044 51/1568/1568 48/1047/1047
f 48/1047/1047 51/1568/1568 50/1029/1029
f 51/1568/1568 52/1027/1027 50/1029/1029
f 50/1029/1029 60/1028/1028 58/1575/1575
f 58/1575/1575 60/1028/1028 61/1576/1576
f 60/1028/1028 62/1564/1564 61/1576/1576
f 62/1564/1564 116/1016/1016 115/1031/1031
f 61/1576/1576 62/1564/1564 115/1031/1031
f 250/1052/1052 231/1015/1015 339/1569/1569
f 1131/1560/1560 1137/1561/1561 1158/1577/1577
f 1139/1040/1040 1132/1562/1562 1146/1574/1574
f 114/1553/1553 36/1572/1572 107/1578/1578
f 1146/1574/1574 1131/1560/1560 1152/1579/1579
f 1152/1579/1579 1131/1560/1560 1158/1577/1577
f 1158/1577/1577 1137/1561/1561 1188/1580/1580
f 1188/1580/1580 1137/1561/1561 1184/1565/1565
f 1188/1580/1580 1184/1565/1565 1193/1581/1581
f 304/1566/1566 211/1571/1571 296/1582/1582
f 211/1571/1571 114/1553/1553 107/1578/1578
f 107/1578/1578 36/1572/1572 43/1583/1583
f 61/1576/1576 115/1031/1031 137/1079/1079
f 987/1061/1061 980/1584/1584 957/1062/1062
f 37/1573/1573 43/1583/1583 36/1572/1572
f 43/1583/1583 37/1573/1573 44/1585/1585
f 44/1585/1585 37/1573/1573 45/1046/1046
f 45/1046/1046 46/1045/1045 44/1585/1585
f 44/1585/1585 46/1045/1045 47/1586/1586
f 47/1586/1586 46/1045/1045 48/1047/1047
f 47/1586/1586 48/1047/1047 49/1587/1587
f 50/1029/1029 49/1587/1587 48/1047/1047
f 49/1587/1587 50/1029/1029 57/1588/1588
f 50/1029/1029 58/1575/1575 57/1588/1588
f 57/1588/1588 58/1575/1575 59/1589/1589
f 59/1589/1589 58/1575/1575 63/1590/1590
f 58/1575/1575 61/1576/1576 63/1590/1590
f 94/1591/1591 61/1576/1576 137/1079/1079
f 115/1031/1031 250/1052/1052 251/1077/1077
f 137/1079/1079 115/1031/1031 251/1077/1077
f 251/1077/1077 250/1052/1052 373/1592/1592
f 760/1035/1035 714/1058/1058 773/1094/1094
f 1664/1038/1038 1686/1060/1060 1662/1039/1039
f 1662/1039/1039 1686/1060/1060 1687/1070/1070
f 957/1062/1062 980/1584/1584 970/1593/1593
f 974/1594/1594 986/1595/1595 984/1063/1063
f 211/1571/1571 107/1578/1578 220/1596/1596
f 220/1596/1596 107/1578/1578 135/1597/1597
f 135/1597/1597 107/1578/1578 43/1583/1583
f 172/1598/1598 43/1583/1583 44/1585/1585
f 63/1590/1590 61/1576/1576 94/1591/1591
f 970/1593/1593 971/1599/1599 969/1600/1600
f 948/1601/1601 970/1593/1593 969/1600/1600
f 948/1601/1601 969/1600/1600 938/1602/1602
f 404/1603/1603 304/1566/1566 296/1582/1582
f 969/1600/1600 989/1604/1604 939/1605/1605
f 985/1606/1606 986/1595/1595 974/1594/1594
f 296/1582/1582 211/1571/1571 220/1596/1596
f 135/1597/1597 43/1583/1583 172/1598/1598
f 957/1062/1062 970/1593/1593 948/1601/1601
f 938/1602/1602 969/1600/1600 939/1605/1605
f 956/1607/1607 984/1063/1063 957/1062/1062
f 974/1594/1594 984/1063/1063 956/1607/1607
f 404/1603/1603 296/1582/1582 369/1608/1608
f 981/1609/1609 985/1606/1606 974/1594/1594
f 233/1610/1610 220/1596/1596 135/1597/1597
f 135/1597/1597 172/1598/1598 173/1611/1611
f 173/1611/1611 172/1598/1598 44/1585/1585
f 173/1611/1611 44/1585/1585 174/1612/1612
f 44/1585/1585 47/1586/1586 174/1612/1612
f 174/1612/1612 47/1586/1586 49/1587/1587
f 175/1613/1613 49/1587/1587 57/1588/1588
f 175/1613/1613 57/1588/1588 197/1614/1614
f 197/1614/1614 57/1588/1588 59/1589/1589
f 59/1589/1589 63/1590/1590 140/1615/1615
f 140/1615/1615 63/1590/1590 94/1591/1591
f 94/1591/1591 137/1079/1079 229/1078/1078
f 251/1077/1077 373/1592/1592 377/1099/1099
f 369/1608/1608 296/1582/1582 220/1596/1596
f 649/1083/1083 717/1072/1072 730/1095/1095
f 233/1610/1610 135/1597/1597 173/1611/1611
f 174/1612/1612 49/1587/1587 175/1613/1613
f 229/1078/1078 251/1077/1077 319/1100/1100
f 957/1062/1062 948/1601/1601 933/1616/1616
f 933/1616/1616 948/1601/1601 938/1602/1602
f 938/1602/1602 939/1605/1605 926/1617/1617
f 956/1607/1607 957/1062/1062 933/1616/1616
f 369/1608/1608 220/1596/1596 362/1618/1618
f 963/1121/1121 981/1609/1609 974/1594/1594
f 362/1618/1618 220/1596/1596 233/1610/1610
f 362/1618/1618 233/1610/1610 338/1619/1619
f 233/1610/1610 173/1611/1611 282/1620/1620
f 174/1612/1612 175/1613/1613 261/1621/1621
f 175/1613/1613 197/1614/1614 268/1622/1622
f 268/1622/1622 197/1614/1614 267/1623/1623
f 196/1624/1624 197/1614/1614 59/1589/1589
f 196/1624/1624 59/1589/1589 140/1615/1615
f 604/1089/1089 707/1108/1108 639/1090/1090
f 140/1615/1615 94/1591/1591 198/1625/1625
f 198/1625/1625 94/1591/1591 229/1078/1078
f 198/1625/1625 229/1078/1078 319/1100/1100
f 933/1616/1616 938/1602/1602 921/1626/1626
f 921/1626/1626 938/1602/1602 926/1617/1617
f 974/1594/1594 956/1607/1607 963/1121/1121
f 981/1609/1609 963/1121/1121 968/1627/1627
f 338/1619/1619 233/1610/1610 282/1620/1620
f 282/1620/1620 173/1611/1611 276/1628/1628
f 173/1611/1611 174/1612/1612 276/1628/1628
f 276/1628/1628 174/1612/1612 261/1621/1621
f 556/1086/1086 564/1096/1096 557/1097/1097
f 261/1621/1621 175/1613/1613 294/1629/1629
f 294/1629/1629 175/1613/1613 268/1622/1622
f 267/1623/1623 197/1614/1614 196/1624/1624
f 1694/1093/1093 1692/1080/1080 1696/1113/1113
f 1697/1630/1630 1694/1093/1093 1696/1113/1113
f 960/1111/1111 964/1631/1631 976/1112/1112
f 933/1616/1616 921/1626/1626 905/1632/1632
f 905/1632/1632 921/1626/1626 904/1633/1633
f 904/1633/1633 921/1626/1626 926/1617/1617
f 956/1607/1607 933/1616/1616 940/1122/1122
f 904/1633/1633 926/1617/1617 924/1634/1634
f 963/1121/1121 956/1607/1607 940/1122/1122
f 968/1627/1627 963/1121/1121 955/1123/1123
f 966/1635/1635 968/1627/1627 955/1123/1123
f 366/1636/1636 338/1619/1619 282/1620/1620
f 366/1636/1636 282/1620/1620 349/1637/1637
f 282/1620/1620 276/1628/1628 349/1637/1637
f 558/1098/1098 681/1116/1116 729/1126/1126
f 294/1629/1629 268/1622/1622 342/1638/1638
f 688/1106/1106 558/1098/1098 729/1126/1126
f 342/1638/1638 268/1622/1622 312/1639/1639
f 312/1639/1639 268/1622/1622 267/1623/1623
f 196/1624/1624 140/1615/1615 289/1640/1640
f 140/1615/1615 198/1625/1625 297/1641/1641
f 289/1640/1640 140/1615/1615 297/1641/1641
f 198/1625/1625 319/1100/1100 297/1641/1641
f 935/1139/1139 928/1136/1136 972/1642/1642
f 1694/1093/1093 1697/1630/1630 1698/1643/1643
f 940/1122/1122 933/1616/1616 905/1632/1632
f 900/1644/1644 940/1122/1122 905/1632/1632
f 904/1633/1633 924/1634/1634 895/1645/1645
f 955/1123/1123 940/1122/1122 922/1646/1646
f 922/1646/1646 940/1122/1122 900/1644/1644
f 895/1645/1645 924/1634/1634 929/1647/1647
f 950/1648/1648 955/1123/1123 922/1646/1646
f 895/1645/1645 929/1647/1647 927/1649/1649
f 966/1635/1635 955/1123/1123 950/1648/1648
f 966/1635/1635 950/1648/1648 962/1650/1650
f 349/1637/1637 276/1628/1628 320/1651/1651
f 320/1651/1651 276/1628/1628 261/1621/1621
f 666/1115/1115 683/1114/1114 726/1131/1131
f 681/1116/1116 666/1115/1115 726/1131/1131
f 320/1651/1651 261/1621/1621 294/1629/1629
f 906/1652/1652 937/1653/1653 907/1654/1654
f 907/1654/1654 937/1653/1653 931/1655/1655
f 978/1127/1127 959/1656/1656 958/1657/1657
f 978/1127/1127 958/1657/1657 951/1128/1128
f 196/1624/1624 312/1639/1639 267/1623/1623
f 312/1639/1639 196/1624/1624 357/1658/1658
f 954/1118/1118 975/1117/1117 953/1130/1130
f 954/1118/1118 953/1130/1130 923/1133/1133
f 954/1118/1118 923/1133/1133 961/1110/1110
f 961/1110/1110 923/1133/1133 943/1120/1120
f 943/1120/1120 936/1138/1138 960/1111/1111
f 960/1111/1111 936/1138/1138 964/1631/1631
f 964/1631/1631 936/1138/1138 935/1139/1139
f 900/1644/1644 905/1632/1632 904/1633/1633
f 900/1644/1644 904/1633/1633 895/1645/1645
f 891/1659/1659 900/1644/1644 895/1645/1645
f 922/1646/1646 900/1644/1644 917/1660/1660
f 891/1659/1659 895/1645/1645 892/1661/1661
f 892/1661/1661 895/1645/1645 927/1649/1649
f 950/1648/1648 922/1646/1646 917/1660/1660
f 950/1648/1648 917/1660/1660 947/1662/1662
f 909/1663/1663 892/1661/1661 927/1649/1649
f 962/1650/1650 950/1648/1648 947/1662/1662
f 962/1650/1650 947/1662/1662 949/1664/1664
f 909/1663/1663 927/1649/1649 932/1665/1665
f 910/1666/1666 909/1663/1663 932/1665/1665
f 910/1666/1666 932/1665/1665 934/1667/1667
f 967/1668/1668 962/1650/1650 949/1664/1664
f 967/1668/1668 949/1664/1664 952/1669/1669
f 906/1652/1652 910/1666/1666 934/1667/1667
f 965/1670/1670 967/1668/1668 952/1669/1669
f 906/1652/1652 934/1667/1667 937/1653/1653
f 965/1670/1670 952/1669/1669 946/1671/1671
f 959/1656/1656 965/1670/1670 946/1671/1671
f 959/1656/1656 946/1671/1671 944/1672/1672
f 893/1673/1673 907/1654/1654 931/1655/1655
f 959/1656/1656 944/1672/1672 945/1674/1674
f 958/1657/1657 959/1656/1656 945/1674/1674
f 893/1673/1673 931/1655/1655 930/1675/1675
f 890/1676/1676 893/1673/1673 930/1675/1675
f 890/1676/1676 930/1675/1675 908/1677/1677
f 958/1657/1657 945/1674/1674 951/1128/1128
f 357/1658/1658 196/1624/1624 289/1640/1640
f 943/1120/1120 923/1133/1133 916/1137/1137
f 935/1139/1139 903/1134/1134 928/1136/1136
f 943/1120/1120 916/1137/1137 936/1138/1138
f 917/1660/1660 900/1644/1644 891/1659/1659
f 884/1678/1678 891/1659/1659 892/1661/1661
f 914/1679/1679 917/1660/1660 891/1659/1659
f 947/1662/1662 917/1660/1660 914/1679/1679
f 914/1679/1679 891/1659/1659 882/1680/1680
f 882/1680/1680 891/1659/1659 884/1678/1678
f 883/1681/1681 884/1678/1678 892/1661/1661
f 882/1680/1680 884/1678/1678 883/1681/1681
f 883/1681/1681 892/1661/1661 909/1663/1663
f 949/1664/1664 947/1662/1662 914/1679/1679
f 913/1141/1141 914/1679/1679 882/1680/1680
f 877/1682/1682 882/1680/1680 883/1681/1681
f 883/1681/1681 909/1663/1663 910/1666/1666
f 949/1664/1664 914/1679/1679 942/1140/1140
f 942/1140/1140 914/1679/1679 913/1141/1141
f 877/1682/1682 883/1681/1681 894/1683/1683
f 894/1683/1683 883/1681/1681 910/1666/1666
f 952/1669/1669 949/1664/1664 942/1140/1140
f 878/1684/1684 877/1682/1682 894/1683/1683
f 952/1669/1669 942/1140/1140 941/1685/1685
f 941/1685/1685 942/1140/1140 915/1142/1142
f 878/1684/1684 894/1683/1683 910/1666/1666
f 941/1685/1685 915/1142/1142 911/1143/1143
f 878/1684/1684 910/1666/1666 906/1652/1652
f 946/1671/1671 952/1669/1669 941/1685/1685
f 879/1686/1686 878/1684/1684 886/1687/1687
f 886/1687/1687 878/1684/1684 906/1652/1652
f 946/1671/1671 941/1685/1685 912/1145/1145
f 912/1145/1145 941/1685/1685 911/1143/1143
f 886/1687/1687 906/1652/1652 907/1654/1654
f 885/1144/1144 879/1686/1686 886/1687/1687
f 912/1145/1145 885/1144/1144 901/1688/1688
f 944/1672/1672 946/1671/1671 912/1145/1145
f 944/1672/1672 912/1145/1145 919/1689/1689
f 901/1688/1688 885/1144/1144 888/1690/1690
f 885/1144/1144 886/1687/1687 887/1691/1691
f 919/1689/1689 912/1145/1145 901/1688/1688
f 888/1690/1690 885/1144/1144 887/1691/1691
f 887/1691/1691 886/1687/1687 893/1673/1673
f 886/1687/1687 907/1654/1654 893/1673/1673
f 945/1674/1674 944/1672/1672 919/1689/1689
f 901/1688/1688 888/1690/1690 889/1692/1692
f 889/1692/1692 888/1690/1690 887/1691/1691
f 919/1689/1689 901/1688/1688 918/1693/1693
f 889/1692/1692 887/1691/1691 890/1676/1676
f 890/1676/1676 887/1691/1691 893/1673/1673
f 945/1674/1674 919/1689/1689 918/1693/1693
f 918/1693/1693 901/1688/1688 897/1694/1694
f 901/1688/1688 889/1692/1692 897/1694/1694
f 889/1692/1692 890/1676/1676 896/1695/1695
f 896/1695/1695 890/1676/1676 908/1677/1677
f 951/1128/1128 945/1674/1674 918/1693/1693
f 951/1128/1128 918/1693/1693 920/1132/1132
f 920/1132/1132 918/1693/1693 898/1146/1146
f 899/1135/1135 896/1695/1695 908/1677/1677
f 899/1135/1135 908/1677/1677 925/1696/1696
f 916/1137/1137 920/1132/1132 898/1146/1146
f 899/1135/1135 925/1696/1696 928/1136/1136
f 916/1137/1137 903/1134/1134 935/1139/1139
f 913/1141/1141 882/1680/1680 881/1697/1697
f 881/1697/1697 882/1680/1680 877/1682/1682
f 881/1697/1697 877/1682/1682 876/1698/1698
f 876/1698/1698 877/1682/1682 878/1684/1684
f 915/1142/1142 913/1141/1141 881/1697/1697
f 915/1142/1142 881/1697/1697 902/1699/1699
f 902/1699/1699 881/1697/1697 876/1698/1698
f 902/1699/1699 876/1698/1698 880/1700/1700
f 880/1700/1700 876/1698/1698 879/1686/1686
f 879/1686/1686 876/1698/1698 878/1684/1684
f 911/1143/1143 915/1142/1142 902/1699/1699
f 911/1143/1143 902/1699/1699 880/1700/1700
f 885/1144/1144 911/1143/1143 880/1700/1700
f 880/1700/1700 879/1686/1686 885/1144/1144
f 897/1694/1694 889/1692/1692 896/1695/1695
f 898/1146/1146 918/1693/1693 897/1694/1694
f 897/1694/1694 896/1695/1695 898/1146/1146
f 898/1146/1146 896/1695/1695 899/1135/1135
