mtllib 4_6_2026.mtl
v 0.011635 -0.014539 -0.040282
v 0.015541 -0.057764 -0.039924
v 0.008303 -0.067676 -0.042059
v 0.003757 -0.028676 -0.042743
v 0.015915 -0.099069 -0.039376
v 0.012622 -0.138473 -0.039589
v 0.020170 -0.175218 -0.035855
v 0.014911 -0.223900 -0.037243
v 0.019776 -0.210568 -0.035384
v 0.007758 -0.149632 -0.040511
v 0.007679 -0.223660 -0.039026
v 0.015053 -0.275105 -0.036125
v 0.007606 -0.291330 -0.037806
v 0.017857 -0.292272 -0.034801
v 0.011251 -0.326079 -0.037540
v 0.018901 -0.326999 -0.034661
v 0.020408 -0.352767 -0.036044
v 0.011374 -0.355887 -0.039870
v 0.000603 0.018662 -0.040323
v 0.007177 0.023517 -0.037740
v 0.003067 -0.325088 -0.038555
v 0.002030 -0.353485 -0.040845
v -0.003490 0.012492 -0.041138
v 0.001506 -0.174847 -0.040476
v -0.001070 -0.127532 -0.041400
v -0.001904 -0.070380 -0.042529
v -0.000043 -0.215402 -0.039563
v -0.001680 -0.287549 -0.038074
v -0.005232 -0.021692 -0.042587
v 0.001233 -0.377953 -0.044776
v -0.000646 0.068292 -0.034250
v -0.006835 0.022762 -0.040138
v 0.013246 -0.386138 -0.045030
v -0.009921 0.061974 -0.035001
v -0.002656 0.097480 -0.033797
v 0.007946 0.104719 -0.030761
v -0.005042 -0.322451 -0.037609
v -0.004031 -0.155048 -0.040388
v -0.008281 -0.213932 -0.038200
v -0.014219 -0.001159 -0.040245
v 0.005143 0.136080 -0.034106
v -0.002439 0.130483 -0.035576
v -0.011698 0.107696 -0.033696
v -0.011316 0.077956 -0.033669
v -0.012006 0.135789 -0.035568
v -0.012769 0.156707 -0.037926
v -0.004725 0.179183 -0.040043
v -0.000087 0.176285 -0.039418
v 0.007499 0.179424 -0.037596
v -0.000927 0.221705 -0.041962
v -0.011680 0.190369 -0.040335
v -0.010888 0.243243 -0.042223
v 0.007990 0.224385 -0.040668
v 0.006606 0.274049 -0.044198
v -0.002699 0.268425 -0.044339
v -0.000107 0.296115 -0.047623
v 0.010024 0.319260 -0.049562
v -0.013582 0.276009 -0.043179
v 0.000170 0.332894 -0.051904
v -0.011561 0.303818 -0.046707
v -0.011866 -0.052564 -0.040995
v -0.008136 -0.357841 -0.039300
v 0.012464 0.344469 -0.054583
v -0.011796 -0.106971 -0.039541
v -0.011604 -0.156169 -0.038514
v -0.015868 0.218250 -0.040306
v -0.009751 0.332822 -0.049608
v -0.015137 0.031072 -0.037324
v -0.010532 -0.300916 -0.035434
v -0.008646 -0.382786 -0.043543
v -0.020948 0.163721 -0.036009
v -0.022280 0.191658 -0.037151
v -0.020084 0.242144 -0.039097
v -0.004500 0.359895 -0.057236
v 0.001391 0.354240 -0.057813
v -0.015605 -0.331306 -0.033732
v -0.018224 0.068769 -0.031245
v -0.017720 0.105087 -0.031101
v -0.015360 -0.209614 -0.035544
v -0.020095 0.131620 -0.031894
v -0.020435 0.012523 -0.036619
v -0.019820 -0.050129 -0.037521
v -0.017982 -0.113701 -0.036273
v -0.022785 0.302715 -0.041680
v -0.022282 0.275504 -0.039203
v -0.019397 0.326144 -0.044700
v -0.019780 0.341739 -0.046539
v -0.008163 -0.427486 -0.055899
v 0.003614 -0.413999 -0.054111
v 0.002057 -0.436124 -0.058912
v -0.009209 -0.442193 -0.057260
v 0.000907 -0.456933 -0.058767
v 0.012200 -0.454326 -0.058960
v 0.010245 -0.466298 -0.057526
v -0.018284 -0.439785 -0.054507
v 0.013399 -0.433567 -0.057233
v -0.010591 -0.455294 -0.055322
v 0.014101 0.359943 -0.058384
v 0.003495 -0.478690 -0.053181
v 0.017540 -0.468651 -0.055672
v -0.025686 -0.430461 -0.050368
v 0.007624 -0.392543 -0.047962
v 0.021741 -0.450172 -0.056178
v -0.029428 -0.437710 -0.049445
v -0.008373 -0.472271 -0.051500
v -0.011031 -0.410329 -0.050121
v 0.019285 0.313532 -0.046005
v 0.017744 0.277002 -0.041167
v 0.016040 0.251222 -0.039725
v -0.020570 0.359343 -0.050090
v 0.024270 0.330809 -0.048149
v -0.017275 -0.298905 -0.031988
v -0.023097 -0.012652 -0.035772
v -0.018931 -0.346237 -0.032696
v -0.019155 -0.363081 -0.034323
v -0.018268 -0.384765 -0.038891
v -0.025964 0.250296 -0.035857
v -0.021832 0.044631 -0.031845
v -0.021647 -0.261062 -0.030258
v -0.027220 0.164043 -0.032118
v -0.022238 -0.197253 -0.031334
v -0.033283 -0.433653 -0.046376
v -0.022429 -0.411207 -0.044218
v -0.027710 0.283353 -0.036046
v -0.006447 0.366392 -0.058908
v -0.016673 0.377380 -0.059040
v -0.019378 -0.458280 -0.049445
v 0.013449 -0.481102 -0.050978
v -0.024332 -0.446963 -0.048866
v -0.024771 -0.302137 -0.025388
v -0.031178 0.186937 -0.030520
v -0.026496 0.028134 -0.030436
v -0.026054 0.384441 -0.056235
v 0.016374 0.206644 -0.036244
v 0.007839 0.053143 -0.033345
v 0.007817 0.079901 -0.030987
v 0.018749 -0.375282 -0.040172
v -0.027058 0.330161 -0.039086
v -0.029309 0.358025 -0.043415
v 0.029622 0.343472 -0.048719
v 0.026539 0.368367 -0.055073
v -0.033727 -0.425622 -0.043485
v 0.014798 0.010728 -0.035953
v 0.025591 0.306000 -0.041702
v 0.011851 0.131264 -0.030632
v 0.021448 -0.038271 -0.036606
v 0.015975 0.368090 -0.059416
v 0.008354 0.361857 -0.061089
v 0.007897 0.370895 -0.063243
v -0.023054 0.103458 -0.026873
v -0.023126 -0.140852 -0.031765
v -0.026087 -0.095872 -0.030387
v -0.027487 -0.054299 -0.031077
v -0.027903 -0.008882 -0.031778
v -0.030822 0.306051 -0.034636
v -0.033686 0.380649 -0.047134
v -0.025917 0.072236 -0.024640
v -0.026581 0.132417 -0.026687
v -0.010445 -0.481762 -0.045155
v -0.031012 0.250302 -0.031234
v -0.026010 -0.381532 -0.031662
v -0.027036 -0.409708 -0.039477
v -0.026554 -0.259921 -0.025757
v -0.019188 -0.477929 -0.040899
v -0.026878 -0.153029 -0.027783
v -0.028044 -0.465346 -0.039366
v -0.027067 -0.338084 -0.024464
v -0.028448 -0.364005 -0.025147
v 0.000646 -0.487461 -0.045986
v -0.030894 -0.444605 -0.043285
v 0.020511 0.381663 -0.062741
v -0.031726 -0.005211 -0.027312
v -0.031343 0.021764 -0.025652
v -0.031932 -0.044336 -0.026348
v -0.034228 0.162243 -0.023723
v -0.029313 0.104710 -0.019365
v -0.034312 -0.407112 -0.030183
v -0.030818 -0.266800 -0.020084
v -0.031492 -0.088936 -0.023560
v -0.030929 -0.186483 -0.021992
v -0.033187 0.330369 -0.031437
v -0.035087 0.360244 -0.036667
v 0.000895 0.359407 -0.061011
v 0.023234 -0.427490 -0.051479
v 0.024794 -0.258511 -0.031419
v 0.025449 -0.214979 -0.031821
v 0.027143 -0.467520 -0.051252
v 0.013482 0.161521 -0.032789
v 0.023032 -0.061975 -0.036024
v 0.023083 -0.098619 -0.035712
v 0.022681 -0.132570 -0.035184
v 0.019956 -0.013313 -0.035878
v 0.025686 0.246050 -0.034104
v 0.015095 0.033207 -0.031849
v 0.015045 0.077059 -0.026624
v 0.025667 -0.305005 -0.030141
v 0.024019 -0.377153 -0.037482
v 0.023705 -0.406344 -0.045249
v 0.028448 -0.346072 -0.029689
v 0.030907 0.315179 -0.040138
v 0.014843 0.109605 -0.026563
v 0.028843 -0.442060 -0.050585
v 0.023657 -0.480503 -0.046841
v 0.029417 0.277144 -0.034049
v 0.013384 -0.489380 -0.043407
v 0.025693 0.217567 -0.031278
v 0.020252 0.183745 -0.030901
v 0.026589 -0.174691 -0.031588
v 0.033064 -0.454963 -0.048193
v 0.022098 0.037507 -0.026275
v 0.026182 0.005493 -0.028408
v 0.028452 -0.132425 -0.030922
v 0.034292 0.289484 -0.031414
v 0.033396 0.382083 -0.053260
v 0.027269 -0.028466 -0.031356
v 0.029953 -0.418101 -0.043607
v 0.035217 0.344553 -0.043968
v 0.034856 0.370291 -0.048983
v 0.006952 0.377777 -0.068125
v 0.030581 -0.092867 -0.029640
v 0.031071 -0.059752 -0.029168
v 0.032080 -0.380150 -0.030870
v 0.023416 0.390316 -0.065593
v 0.005659 0.383883 -0.074396
v 0.031813 0.400651 -0.063692
v 0.001710 0.366899 -0.070405
v 0.007214 0.367179 -0.066614
v 0.005163 0.375444 -0.076095
v 0.000844 0.375372 -0.078531
v 0.001813 0.382373 -0.083296
v 0.044770 0.319759 -0.014710
v 0.045565 0.317833 -0.000135
v 0.045474 0.283839 -0.000018
v 0.044218 0.277585 -0.009975
v 0.043902 0.247799 0.001366
v 0.042529 0.242065 -0.007743
v 0.040991 0.218452 -0.000522
v 0.039814 0.221643 -0.010871
v 0.043988 0.357083 -0.019375
v 0.042199 0.372597 -0.032537
v 0.041950 0.340730 -0.030563
v 0.041418 0.401481 -0.041262
v 0.042280 0.310961 -0.022872
v 0.042780 0.276823 -0.014802
v 0.040222 0.246342 -0.016495
v 0.039121 0.383711 -0.044473
v 0.036741 0.403428 -0.057494
v 0.034422 0.176340 -0.003045
v 0.032784 0.179441 -0.012604
v 0.030962 0.146887 -0.004250
v 0.029634 0.148371 -0.011218
v 0.039379 0.340637 -0.036893
v 0.039442 0.286550 -0.023806
v 0.026849 0.112570 -0.010037
v 0.028461 0.167969 -0.018721
v 0.033811 0.209768 -0.020511
v 0.040149 0.423819 -0.059372
v 0.035626 0.414829 -0.069979
v 0.028226 0.109900 -0.001690
v 0.021641 0.112284 -0.019999
v 0.035105 0.239009 -0.024093
v 0.024557 0.098708 -0.014818
v 0.027085 0.079202 -0.010765
v 0.023364 0.069671 -0.019604
v 0.028333 0.093177 -0.000404
v 0.029078 0.076469 -0.002082
v 0.042283 0.404672 -0.036258
v 0.035071 0.422474 -0.082236
v 0.043035 0.399282 -0.022670
v 0.031603 0.053478 -0.002046
v 0.037721 0.430063 -0.080668
v 0.038909 0.440669 -0.079309
v 0.038122 0.440916 -0.100126
v 0.035916 0.428750 -0.096398
v 0.041472 0.422445 -0.035796
v 0.039568 0.441771 -0.058847
v 0.031675 0.041773 -0.012266
v 0.044085 0.366749 -0.003891
v 0.035026 0.024600 -0.007753
v 0.034876 0.010252 -0.014790
v 0.038268 -0.017179 -0.011401
v 0.036483 0.014266 -0.002302
v 0.040421 -0.044009 -0.007086
v 0.038757 -0.057063 -0.016822
v 0.040211 -0.074425 -0.011947
v 0.041134 -0.071802 -0.003566
v 0.040970 -0.137236 -0.009592
v 0.041173 -0.104776 0.000052
v 0.042259 -0.171856 -0.000734
v 0.041065 -0.187108 -0.010107
v 0.042550 -0.207989 -0.000651
v 0.042475 -0.249397 -0.003509
v 0.041429 -0.215106 -0.009482
v 0.040574 -0.046085 0.001674
v 0.042885 -0.265256 0.000758
v 0.042925 -0.340597 -0.000384
v 0.042725 -0.288677 0.008331
v 0.042424 0.406738 -0.001757
v 0.041951 -0.169732 0.005513
v 0.041826 -0.207289 0.008551
v 0.042175 0.396985 0.012928
v 0.039845 0.421394 0.035290
v 0.042222 -0.259881 0.010803
v 0.037382 0.449586 -0.097968
v 0.042211 -0.329997 0.010839
v 0.027393 0.117060 0.009027
v 0.030589 0.149445 0.007046
v 0.044565 0.300288 0.011921
v 0.043317 0.357132 0.008249
v 0.039859 0.440079 -0.143110
v 0.043463 0.255915 0.011638
v 0.041915 -0.336991 -0.007199
v 0.042285 -0.374557 -0.007364
v 0.042570 -0.383960 -0.001308
v 0.042005 -0.390757 -0.013806
v 0.043586 -0.407786 -0.001868
v 0.044545 -0.417824 -0.014423
v 0.046657 -0.442218 -0.004706
v 0.040202 0.425864 0.012083
v 0.037393 0.444887 0.041174
v 0.036988 0.447726 0.062309
v 0.041434 -0.373183 0.006898
v 0.041047 -0.400388 0.006483
v 0.042965 -0.424131 0.005615
v 0.038918 0.436472 -0.018002
v 0.037767 0.428336 0.054356
v 0.036456 0.441077 0.079257
v 0.035183 0.452678 0.109060
v 0.033823 0.442084 0.127292
v 0.034642 0.454838 0.130758
v 0.034915 0.454114 0.152384
v 0.034995 0.441667 0.151161
v 0.036964 0.439667 0.175283
v 0.036461 0.449018 0.176930
v 0.039383 0.410943 0.036910
v 0.039352 0.388557 0.028682
v 0.039705 0.438111 0.209072
v 0.046189 -0.434133 -0.012307
v 0.046408 -0.447542 -0.018993
v 0.046024 -0.458854 -0.008039
v 0.037975 0.424535 0.200146
v 0.039152 0.423868 0.214552
v 0.038724 0.423482 0.230272
v 0.039572 0.438714 0.232377
v 0.038358 0.439580 0.254345
v 0.037178 0.453109 0.263540
v 0.037619 0.440487 0.280031
v 0.037207 0.438965 0.320849
v 0.036180 0.456866 0.293593
v 0.038401 0.448983 0.217418
v 0.038126 0.453077 -0.139862
v 0.040222 0.439966 -0.175591
v 0.038754 0.425698 -0.153838
v 0.039425 0.425664 -0.179975
v 0.040241 0.439262 -0.217938
v 0.039842 0.425839 -0.207920
v 0.040550 0.425656 -0.256687
v 0.040253 0.441198 -0.287237
v 0.041190 0.427622 -0.317789
v 0.040395 0.438488 -0.331212
v 0.040045 0.423308 -0.333731
v 0.040082 0.217035 0.009303
v 0.033857 0.179014 0.009412
v 0.039478 0.445739 -0.315017
v 0.039976 -0.102227 0.008010
v 0.044564 -0.452394 0.006426
v 0.035071 0.453467 0.323858
v 0.035637 0.456185 0.067848
v 0.038152 0.451055 -0.184413
v 0.037933 0.428177 -0.137505
v 0.035617 0.427200 -0.110198
v 0.043991 -0.465596 -0.022235
v 0.027454 0.071248 0.009243
v 0.032460 0.033158 0.007604
v 0.033582 0.463194 0.100331
v 0.037185 -0.015985 0.008831
v 0.035548 0.436695 0.337325
v 0.035584 0.426762 0.322912
v 0.035049 0.426881 0.285474
v 0.035425 0.425184 0.262903
v 0.036628 0.446459 0.005373
v 0.039506 0.417780 -0.314174
v 0.034333 0.457519 0.030662
v 0.044416 -0.441789 0.007120
v 0.035017 0.457594 0.183169
v 0.038109 0.425108 -0.344207
v 0.044146 -0.440142 -0.027000
v 0.038898 -0.051276 0.010258
v 0.026110 0.091240 0.010430
v 0.040012 -0.158213 0.013815
v 0.033054 0.453526 0.337224
v 0.037979 0.413340 -0.251130
v 0.044384 -0.451439 -0.028211
v 0.037823 0.437021 -0.343989
v 0.039960 -0.215764 0.016139
v 0.035549 0.451737 -0.027282
v 0.035476 0.461337 0.231098
v 0.039867 -0.365538 -0.015892
v 0.030936 0.468739 0.132628
v 0.034657 0.427696 0.074953
v 0.034100 0.437600 0.097305
v 0.035524 0.414975 0.055639
v 0.043832 -0.468471 -0.004306
v 0.042416 -0.472699 -0.017696
v 0.036612 0.456347 -0.120435
v 0.035460 0.457506 -0.093985
v 0.034675 0.431819 0.169358
v 0.037686 0.451467 -0.284899
v 0.039704 0.233681 0.018301
v 0.040776 -0.239737 -0.010950
v 0.039846 -0.316032 -0.012700
v 0.036915 0.410192 -0.332147
v 0.036744 0.452583 -0.331890
v 0.042514 -0.416874 -0.022605
v 0.039948 -0.298108 0.019252
v 0.039516 -0.256169 0.019124
v 0.040214 0.342972 0.021864
v 0.039396 0.370219 0.024929
v 0.032051 0.462748 -0.000517
v 0.035749 0.455349 -0.055770
v 0.032643 0.466918 0.070302
v 0.034230 0.463178 0.297084
v 0.033079 0.468411 0.259851
v 0.035969 0.412228 -0.203317
v 0.036968 0.409371 -0.272633
v 0.032354 0.439455 0.348272
v 0.035328 0.392157 0.041137
v 0.035439 0.374528 0.034611
v 0.039187 -0.153555 -0.015898
v 0.030660 0.416132 0.337175
v 0.038012 -0.108515 0.014549
v 0.035202 0.457932 -0.317328
v 0.035868 0.413772 0.229377
v 0.040231 0.260466 0.022325
v 0.041973 0.298828 0.020195
v 0.030988 0.425952 0.347488
v 0.039365 -0.397773 -0.023836
v 0.035123 0.448799 -0.344447
v 0.039108 -0.341663 0.018657
v 0.038526 -0.392560 0.012516
v 0.030372 0.472621 0.103809
v 0.033550 0.465952 -0.128383
v 0.028229 0.475444 0.034191
v 0.034670 0.413450 -0.164421
v 0.035853 -0.021635 -0.019303
v 0.039604 -0.465430 -0.036728
v 0.039832 -0.465471 0.012850
v 0.035042 0.412196 0.213068
v 0.033141 0.407748 -0.345785
v 0.034908 0.460294 -0.175202
v 0.035099 0.458505 -0.242371
v 0.031425 0.467264 0.180155
v 0.028620 0.474015 0.205102
v 0.029019 0.469099 -0.029748
v 0.030389 0.412673 0.322086
v 0.029318 0.453918 0.348455
v 0.030341 0.430028 0.104539
v 0.029719 0.429740 0.143249
v 0.029527 0.431172 0.129193
v 0.035407 0.216214 0.022350
v 0.030873 0.470021 0.304584
v 0.029832 0.467003 0.324023
v 0.028671 0.477247 0.248301
v 0.026815 0.476108 0.000139
v 0.037254 -0.145512 0.019606
v 0.040361 -0.443125 -0.037284
v 0.033714 -0.022985 0.018569
v 0.030263 0.473760 0.283772
v 0.028836 0.029405 0.017700
v 0.034821 0.423574 -0.125096
v 0.030297 0.468718 -0.081527
v 0.028522 0.173013 0.020824
v 0.036553 -0.417162 0.017176
v 0.038992 -0.237178 -0.015392
v 0.023881 0.136116 0.019893
v 0.024121 0.103035 0.015247
v 0.023234 0.072584 0.017315
v 0.034060 0.424233 0.180260
v 0.027042 0.477620 0.135994
v 0.038887 -0.480518 -0.006047
v 0.040119 -0.439564 0.016811
v 0.040028 -0.452622 0.017438
v 0.038819 -0.476242 0.004636
v 0.030042 0.415115 0.285853
v 0.036857 -0.199243 -0.019997
v 0.036105 -0.156138 -0.021603
v 0.033596 0.351060 0.033650
v 0.036527 0.334967 0.029033
v 0.029436 0.411643 0.261769
v 0.036503 -0.202522 0.022965
v 0.038883 0.290884 0.026523
v 0.028842 0.469561 -0.047203
v 0.036147 -0.069498 -0.022434
v 0.031432 0.457636 -0.345241
v 0.024459 0.484432 0.085158
v 0.035181 -0.103648 0.019983
v 0.033609 -0.058149 0.021774
v 0.029926 0.418586 0.079041
v 0.022443 0.487195 0.034697
v 0.030994 0.418719 -0.093220
v 0.037639 -0.479365 -0.025668
v 0.027370 0.475367 0.182200
v 0.027045 0.448583 0.355641
v 0.029044 0.468044 -0.331234
v 0.031275 0.017677 -0.020106
v 0.035973 -0.334184 0.025086
v 0.036045 -0.272661 0.026140
v 0.030140 0.423138 0.167977
v 0.035252 0.246821 0.029120
v 0.030463 0.410053 0.064962
v 0.030232 0.396712 0.053551
v 0.033262 0.409018 0.227710
v 0.026855 0.045935 -0.019931
v 0.030157 0.381365 0.045408
v 0.030860 0.398943 -0.291788
v 0.035779 -0.461335 0.021844
v 0.034386 -0.486872 -0.017652
v 0.025769 0.435739 0.358800
v 0.034931 -0.386154 0.019233
v 0.034701 -0.407318 0.018260
v 0.029633 0.411260 -0.078882
v 0.036327 -0.412599 -0.034331
v 0.032080 -0.380150 -0.030870
v 0.024441 0.414454 0.351035
v 0.022827 0.423774 0.358554
v 0.035503 -0.373170 -0.025165
v 0.035569 -0.345241 -0.021802
v 0.035139 -0.311487 -0.020594
v 0.035419 -0.239970 -0.021233
v 0.032124 0.423886 -0.354488
v 0.031750 0.437529 -0.354598
v 0.030277 0.448920 -0.353436
v 0.030159 0.399116 -0.253149
v 0.033798 -0.478795 -0.036250
v 0.030613 0.399568 -0.330184
v 0.030783 0.361267 0.038523
v 0.029930 0.415928 -0.123016
v 0.033064 -0.454963 -0.048193
v 0.029052 0.416487 -0.108549
v 0.024551 0.020575 0.025885
v 0.031156 -0.099818 0.025984
v 0.031584 -0.021032 -0.026034
v 0.020092 0.088328 -0.021399
v 0.034220 -0.449117 0.026159
v 0.034856 0.370291 -0.048983
v 0.033396 0.382083 -0.053260
v 0.035217 0.344553 -0.043968
v 0.027352 -0.029782 0.028681
v 0.032054 -0.295902 0.031646
v 0.032862 -0.477050 0.016251
v 0.029498 0.403255 -0.194295
v 0.030578 0.210478 0.027925
v 0.035517 -0.437914 -0.043062
v 0.031071 -0.059752 -0.029168
v 0.030581 -0.092867 -0.029640
v 0.025612 0.405910 0.323150
v 0.021865 0.403166 0.336119
v 0.030574 -0.155007 0.029330
v 0.026797 -0.055914 0.030261
v 0.032014 -0.486615 0.004585
v 0.030893 0.410537 0.202448
v 0.034292 0.289484 -0.031414
v 0.030684 -0.192637 0.030348
v 0.032642 -0.468852 -0.045861
v 0.031813 0.400651 -0.063692
v 0.023240 0.161729 -0.024691
v 0.030187 0.214631 -0.026461
v 0.026507 0.409211 -0.356400
v 0.033550 0.293269 0.033553
v 0.018991 0.102115 0.021812
v 0.019341 0.068461 0.022925
v 0.023517 0.406133 0.290940
v 0.026358 0.409373 0.272325
v 0.024100 0.406137 0.263818
v 0.030773 -0.491010 -0.005546
v 0.028448 -0.346072 -0.029689
v 0.030411 -0.314351 -0.025998
v 0.031833 -0.159535 -0.027065
v 0.021222 0.454395 0.360332
v 0.027667 0.332859 0.038386
v 0.031052 -0.204972 -0.027053
v 0.030950 -0.243494 -0.026418
v 0.031325 -0.343658 0.029425
v 0.026182 0.005493 -0.028408
v 0.031174 -0.250020 0.031127
v 0.028212 -0.402344 0.024857
v 0.027180 -0.114065 0.030847
v 0.023498 0.177937 0.027544
v 0.029953 -0.418101 -0.043607
v 0.029951 0.240308 0.034089
v 0.029214 0.405127 0.216703
v 0.021807 0.396633 0.066079
v 0.021284 0.407009 0.078973
v 0.022551 0.416471 0.093420
v 0.022136 0.422233 0.113463
v 0.021444 0.387057 0.058623
v 0.030376 -0.466766 0.025633
v 0.027269 -0.028466 -0.031356
v 0.028804 -0.440579 0.030394
v 0.022080 0.376325 0.052381
v 0.027099 -0.488700 -0.032493
v 0.027898 -0.413243 0.025566
v 0.016167 0.127652 0.026492
v 0.014524 0.094213 0.025876
v 0.014203 0.069639 0.027150
v 0.027414 -0.331541 0.034189
v 0.023251 0.363305 0.046694
v 0.025413 0.347240 0.041589
v 0.018854 0.023429 0.031223
v 0.022098 0.037507 -0.026275
v 0.028843 -0.442060 -0.050585
v 0.024090 0.402892 -0.353768
v 0.025667 -0.305005 -0.030141
v 0.024794 -0.258511 -0.031419
v 0.015045 0.077059 -0.026624
v 0.014843 0.109605 -0.026563
v 0.011851 0.131264 -0.030632
v 0.013482 0.161521 -0.032789
v 0.025686 0.246050 -0.034104
v 0.029417 0.277144 -0.034049
v 0.025693 0.217567 -0.031278
v 0.028452 -0.132425 -0.030922
v 0.020252 0.183745 -0.030901
v 0.013702 0.401880 0.349039
v 0.027469 -0.454341 0.031331
v 0.026589 -0.174691 -0.031588
v 0.025449 -0.214979 -0.031821
v 0.016825 -0.001504 0.035469
v 0.025369 -0.239944 0.036083
v 0.022856 -0.273566 0.038678
v 0.027143 -0.467520 -0.051252
v 0.023657 -0.480503 -0.046841
v 0.025701 -0.491032 0.007412
v 0.023536 -0.480408 0.022826
v -0.007004 -0.013979 0.040572
v -0.007767 -0.052094 0.041170
v 0.001153 -0.067867 0.041864
v 0.002667 -0.015507 0.041013
v -0.005179 -0.098109 0.041385
v -0.000599 0.017579 0.038987
v -0.003524 -0.160089 0.042148
v 0.000711 -0.180014 0.042772
v -0.008047 -0.193772 0.042161
v -0.003517 -0.259062 0.043848
v 0.002526 -0.270427 0.044210
v 0.000721 -0.304839 0.043811
v -0.007626 -0.306121 0.042657
v -0.011311 -0.100948 0.039943
v -0.001134 -0.335235 0.042029
v -0.010724 -0.263199 0.042442
v -0.010600 0.021574 0.037035
v -0.005952 0.047363 0.034612
v -0.009737 -0.344649 0.039323
v -0.014548 -0.013537 0.038407
v -0.002836 -0.390922 0.034280
v -0.018099 -0.047511 0.037499
v -0.015484 -0.198592 0.039771
v -0.012697 -0.160397 0.039817
v 0.001175 0.046509 0.035164
v -0.000932 0.076218 0.032713
v 0.008450 -0.282976 0.043824
v -0.006956 0.071808 0.033204
v 0.008390 -0.322465 0.042532
v 0.006279 -0.353264 0.039783
v 0.005087 -0.394280 0.034627
v 0.003502 -0.413787 0.034522
v 0.014073 -0.415461 0.033482
v 0.008605 -0.217707 0.042625
v 0.007751 -0.159398 0.041740
v 0.008149 -0.071899 0.040975
v -0.003586 0.118883 0.033736
v -0.009745 0.123674 0.033832
v -0.007937 0.152879 0.036355
v -0.015412 0.172663 0.036869
v 0.000265 0.143823 0.034685
v -0.004989 0.205444 0.041927
v -0.000897 0.188632 0.039884
v -0.011444 0.194720 0.040276
v -0.009786 0.233569 0.043516
v 0.000500 0.238417 0.044777
v 0.000221 0.313568 0.046831
v 0.002714 0.262082 0.045538
v -0.011186 0.297406 0.044485
v -0.009593 0.334053 0.046690
v 0.000793 0.333583 0.048133
v -0.014256 0.087432 0.031963
v -0.015430 0.051531 0.031026
v -0.015397 0.138043 0.033381
v -0.009329 -0.406176 0.031664
v -0.006421 -0.419358 0.033170
v -0.009815 -0.390837 0.032380
v -0.015455 -0.308044 0.039823
v 0.001409 -0.442597 0.037962
v -0.008304 -0.443195 0.035729
v -0.008067 -0.457769 0.035346
v 0.005898 -0.456227 0.037923
v -0.021629 0.207482 0.037439
v 0.001333 0.349803 0.050710
v -0.019264 0.238991 0.039898
v -0.016197 -0.446396 0.032420
v -0.017439 -0.255335 0.039587
v 0.010699 -0.441404 0.037832
v -0.009448 0.361343 0.052186
v -0.015517 0.310516 0.042866
v -0.020142 0.339701 0.042387
v -0.014958 0.346569 0.046358
v 0.005671 0.219496 0.042534
v 0.003021 -0.472175 0.033092
v -0.020932 0.010804 0.033492
v -0.016629 -0.419891 0.028502
v -0.018914 -0.102900 0.036283
v -0.019428 -0.159192 0.036408
v -0.017611 -0.389206 0.028593
v -0.019588 -0.347976 0.033825
v -0.015808 -0.461804 0.031128
v -0.007159 -0.472378 0.031037
v -0.022249 0.048949 0.027487
v -0.021036 0.079776 0.028223
v -0.018591 0.112873 0.030462
v -0.023603 0.149107 0.029670
v -0.024470 -0.013278 0.032717
v -0.020082 -0.408209 0.025381
v -0.019008 0.364884 0.048397
v -0.021673 -0.336397 0.033653
v -0.020921 0.315768 0.039656
v -0.022263 -0.191355 0.035454
v -0.022895 -0.251607 0.036040
v -0.025215 0.363067 0.042660
v 0.001580 0.368897 0.056769
v -0.022584 -0.299278 0.035436
v -0.024138 -0.455886 0.026387
v -0.026586 0.213868 0.034174
v -0.030794 0.190226 0.028320
v -0.024520 -0.442353 0.026089
v -0.026669 -0.050814 0.030947
v -0.026242 0.283737 0.034909
v -0.017064 -0.473492 0.025711
v -0.025973 0.113220 0.024388
v -0.026814 -0.111153 0.029560
v -0.026497 -0.152205 0.030374
v -0.027105 -0.207509 0.031551
v -0.008980 0.378214 0.059446
v -0.020290 0.383682 0.055072
v -0.025767 -0.412243 0.019931
v -0.029307 0.011869 0.026372
v -0.026462 0.050426 0.023774
v -0.027423 -0.260132 0.032008
v -0.026429 0.323670 0.034957
v -0.026549 -0.387936 0.020692
v -0.026968 -0.302433 0.031011
v -0.027309 0.078181 0.022115
v -0.031751 -0.027403 0.025755
v -0.026693 -0.337990 0.028501
v -0.031275 0.222887 0.029538
v -0.028425 0.342221 0.034297
v -0.028062 -0.464506 0.019704
v -0.032362 -0.449950 0.017461
v -0.030558 0.061242 0.017792
v -0.030623 0.149412 0.021958
v -0.027646 0.385318 0.048343
v -0.031876 -0.265102 0.026624
v -0.031657 -0.206698 0.026151
v -0.030904 -0.079619 0.024842
v -0.032746 -0.437699 0.015721
v -0.031321 -0.391865 0.014271
v -0.030919 -0.414301 0.013730
v -0.030590 0.371872 0.037924
v -0.032281 -0.118450 0.021618
v -0.030885 0.273989 0.029105
v -0.030494 0.317665 0.028381
v -0.035508 0.203177 0.022962
v -0.031207 -0.331804 0.023165
v -0.007062 -0.485091 0.023114
v -0.008471 0.388958 0.066862
v -0.037015 0.187198 0.018428
v -0.035745 -0.016398 0.019497
v -0.030299 0.105642 0.017396
v -0.034892 0.016441 0.017898
v -0.025721 -0.475592 0.015324
v 0.001275 0.381858 0.064014
v -0.035295 -0.060516 0.018631
v -0.021757 0.398280 0.064929
v -0.027886 0.402352 0.060560
v 0.013175 -0.464632 0.034899
v -0.018610 -0.485418 0.014413
v 0.004071 -0.485538 0.025081
v 0.011555 0.322066 0.045833
v 0.013885 0.342056 0.047077
v 0.013961 0.271598 0.044112
v 0.008320 0.016721 0.037745
v 0.014611 0.236388 0.042138
v 0.020096 -0.447301 0.035909
v 0.012686 0.356648 0.050663
v 0.015861 -0.292217 0.042063
v 0.012279 -0.398124 0.033295
v 0.013114 -0.031332 0.039068
v 0.008135 0.066329 0.031009
v 0.005709 0.087888 0.030773
v 0.017489 -0.333939 0.039276
v 0.011918 0.370708 0.055819
v 0.018299 -0.393740 0.031420
v 0.012797 0.211512 0.039705
v 0.008083 0.177174 0.035944
v 0.004650 0.155625 0.034623
v 0.006776 0.113853 0.030678
v 0.012416 -0.134652 0.040366
v 0.015758 -0.211568 0.040463
v 0.014763 -0.474484 0.030460
v 0.015966 -0.084741 0.038326
v 0.001219 0.392865 0.073921
v 0.020532 0.326947 0.042630
v 0.011290 0.384264 0.063780
v 0.023625 -0.464691 0.031098
v 0.012307 0.032398 0.034103
v 0.014188 0.167087 0.031762
v 0.013661 -0.485777 0.023379
v 0.025124 0.287222 0.039846
v 0.016825 -0.001504 0.035469
v 0.023854 0.242614 0.038521
v 0.022890 -0.303574 0.038512
v 0.021058 -0.149999 0.036829
v 0.022856 -0.273566 0.038678
v 0.021900 0.209793 0.035018
v 0.021892 -0.413394 0.029846
v 0.027469 -0.454341 0.031331
v 0.020633 -0.381443 0.031818
v 0.019084 -0.039045 0.036223
v 0.025413 0.347240 0.041589
v 0.023251 0.363305 0.046694
v 0.027414 -0.331541 0.034189
v 0.028804 -0.440579 0.030394
v 0.023839 -0.186714 0.035830
v 0.025369 -0.239944 0.036083
v 0.028212 -0.402344 0.024857
v 0.027898 -0.413243 0.025566
v 0.026356 -0.377059 0.028945
v 0.014203 0.069639 0.027150
v 0.014524 0.094213 0.025876
v 0.016167 0.127652 0.026492
v 0.021628 -0.106831 0.035268
v 0.023498 0.177937 0.027544
v 0.027667 0.332859 0.038386
v 0.018854 0.023429 0.031223
v 0.022080 0.376325 0.052381
v 0.023536 -0.480408 0.022826
v 0.031325 -0.343658 0.029425
v 0.029951 0.240308 0.034089
v 0.003480 -0.493434 0.016422
v 0.010916 0.397409 0.076568
v -0.009256 -0.491706 0.014221
v 0.030376 -0.466766 0.025633
v 0.032054 -0.295902 0.031646
v 0.033550 0.293269 0.033553
v 0.021444 0.387057 0.058623
v 0.030574 -0.155007 0.029330
v 0.030684 -0.192637 0.030348
v 0.027180 -0.114065 0.030847
v 0.026797 -0.055914 0.030261
v 0.030578 0.210478 0.027925
v 0.027352 -0.029782 0.028681
v 0.021807 0.396633 0.066079
v -0.013990 0.388238 -0.283252
v -0.000224 0.389065 -0.251785
v -0.012044 0.389943 -0.249158
v -0.012676 0.385371 -0.332742
v 0.000854 0.392157 -0.204748
v -0.001906 0.385077 -0.331770
v 0.014069 0.394306 -0.185640
v 0.013580 0.390413 -0.245318
v 0.002548 0.394500 -0.180089
v 0.002864 0.397667 -0.155627
v 0.012255 0.388258 -0.299407
v 0.013897 0.397730 -0.162455
v -0.001306 0.386255 -0.348010
v 0.009468 0.387307 -0.335639
v 0.013568 0.400155 -0.150619
v 0.009689 0.388438 -0.346774
v 0.017286 0.390667 -0.270923
v -0.013179 0.387040 -0.346323
v -0.009518 0.393448 -0.211056
v -0.017467 0.387154 -0.320660
v 0.022240 0.393891 -0.242915
v 0.006150 0.397108 -0.145611
v 0.002329 0.391859 -0.103119
v 0.010219 0.399040 -0.134439
v 0.019142 0.391271 -0.313073
v 0.024706 0.401465 -0.168751
v 0.023741 0.398156 -0.192511
v 0.023859 0.394340 -0.332853
v 0.025286 0.394732 -0.284238
v 0.022013 0.395025 -0.347190
v 0.022224 0.406308 -0.143467
v 0.021644 0.409194 -0.125334
v 0.001649 0.392972 -0.118216
v 0.030159 0.399116 -0.253149
v 0.029930 0.415928 -0.123016
v 0.030721 0.408659 -0.159170
v 0.015395 0.405454 -0.117163
v 0.029052 0.416487 -0.108549
v 0.030860 0.398943 -0.291788
v 0.030613 0.399568 -0.330184
v 0.008766 0.396911 -0.097429
v 0.024013 0.411302 -0.094194
v 0.029498 0.403255 -0.194295
v 0.002105 0.390339 -0.095495
v 0.009131 0.393757 -0.081950
v 0.030994 0.418719 -0.093220
v 0.029633 0.411260 -0.078882
v 0.010304 0.394628 -0.357398
v 0.033141 0.407748 -0.345785
v 0.034670 0.413450 -0.164421
v -0.001059 0.392853 -0.358287
v -0.001367 0.392556 -0.098028
v 0.001757 0.385566 -0.086267
v 0.005659 0.383883 -0.074396
v 0.021835 0.400872 -0.076030
v 0.031813 0.400651 -0.063692
v 0.024090 0.402892 -0.353768
v -0.009224 0.397357 -0.187155
v -0.005299 0.399349 -0.169540
v -0.024649 0.390711 -0.310544
v -0.023941 0.390004 -0.332368
v -0.020620 0.394007 -0.246402
v -0.014542 0.393568 -0.355165
v 0.023416 0.390316 -0.065593
v 0.001813 0.382373 -0.083296
v 0.009620 0.498054 0.023439
v 0.001201 0.500167 0.032995
v 0.010624 0.498142 0.042969
v -0.000926 0.499915 0.024365
v -0.000858 0.500130 0.082174
v 0.009632 0.498314 0.080418
v -0.000865 0.497847 0.130070
v 0.008137 0.496032 0.137236
v 0.000132 0.493778 0.181812
v 0.009971 0.492383 0.177089
v -0.000039 0.493663 0.209023
v 0.009755 0.491477 0.203384
v -0.000492 0.496020 0.237986
v 0.011521 0.493959 0.248337
v 0.007977 0.494914 0.254207
v -0.001498 0.496424 0.258605
v 0.002456 0.494495 0.280163
v 0.010919 0.492658 0.279803
v 0.001205 0.496653 -0.001940
v -0.002519 0.494562 0.282095
v 0.012316 0.489792 0.295972
v -0.000807 0.491351 0.302651
v 0.012428 0.493809 -0.002148
v 0.002035 0.493093 -0.021255
v 0.012398 0.489349 -0.031161
v 0.011089 0.488724 -0.045291
v 0.000986 0.490202 -0.043272
v -0.001040 0.489519 -0.061366
v 0.002056 0.490310 -0.078126
v 0.011282 0.488114 -0.074872
v 0.008133 0.489500 -0.079964
v 0.001543 0.492790 -0.112537
v 0.008345 0.492249 -0.123630
v -0.000494 0.492998 -0.133793
v -0.000164 0.491336 -0.165174
v 0.010984 0.488981 -0.165993
v 0.009751 0.488538 -0.196659
v -0.000640 0.490186 -0.197066
v 0.009579 0.488782 -0.252707
v -0.001639 0.490787 -0.247319
v 0.009375 0.487999 -0.293942
v -0.001346 0.489975 -0.289432
v 0.008649 0.486811 -0.315101
v -0.002040 0.488687 -0.313695
v -0.001764 0.485978 -0.331588
v 0.010349 0.484070 -0.330275
v -0.011175 0.499251 0.034388
v 0.013854 0.489738 -0.121297
v 0.011733 0.484327 0.320369
v 0.014246 0.493156 0.135469
v 0.013968 0.495415 0.092967
v -0.001366 0.487524 0.317569
v -0.008864 0.492703 0.177646
v -0.009639 0.499018 0.081864
v 0.018360 0.488851 0.274371
v 0.017937 0.483968 -0.186501
v 0.017340 0.484031 -0.254099
v 0.019201 0.481001 -0.308625
v 0.017186 0.487095 0.198947
v 0.018432 0.489623 0.247712
v 0.017842 0.489167 0.152641
v 0.017650 0.484069 -0.079088
v 0.016980 0.493703 0.033255
v 0.022114 0.476406 -0.330200
v 0.020961 0.483521 0.301108
v 0.023703 0.482175 0.294456
v 0.021672 0.479083 0.317050
v 0.020577 0.481534 -0.045701
v 0.018581 0.488406 -0.003788
v 0.022441 0.482457 -0.126391
v 0.019418 0.490787 0.095504
v 0.019056 0.475649 0.333795
v 0.011440 0.479608 0.335377
v 0.015224 0.476044 -0.345113
v 0.009468 0.479129 -0.344663
v 0.023159 0.477879 -0.290520
v 0.024287 0.483557 0.271849
v 0.022754 0.479286 -0.189668
v 0.022369 0.479562 -0.077739
v 0.024451 0.479359 -0.109529
v 0.022606 0.485433 0.245396
v 0.021711 0.483545 0.203983
v 0.022870 0.482173 0.182444
v 0.023915 0.469937 -0.343947
v 0.012223 0.473497 0.348573
v 0.023016 0.484493 0.132360
v 0.024802 0.468773 0.337992
v 0.022443 0.487195 0.034697
v 0.021300 0.465027 0.351590
v 0.029184 0.469158 -0.310107
v 0.029044 0.468044 -0.331234
v 0.024459 0.484432 0.085158
v 0.029584 0.473301 -0.128014
v 0.027034 0.473621 -0.192438
v 0.026761 0.473384 -0.270152
v 0.022860 0.482113 -0.009996
v 0.029832 0.467003 0.324023
v 0.028671 0.477247 0.248301
v 0.028620 0.474015 0.205102
v 0.030297 0.468718 -0.081527
v 0.028842 0.469561 -0.047203
v 0.029019 0.469099 -0.029748
v 0.026815 0.476108 0.000139
v 0.030873 0.470021 0.304584
v 0.030263 0.473760 0.283772
v 0.027370 0.475367 0.182200
v 0.027042 0.477620 0.135994
v 0.033550 0.465952 -0.128383
v 0.030873 0.466831 -0.233130
v 0.031172 0.467806 -0.168367
v 0.034908 0.460294 -0.175202
v 0.035202 0.457932 -0.317328
v 0.035099 0.458505 -0.242371
v 0.031432 0.457636 -0.345241
v 0.033054 0.453526 0.337224
v 0.029318 0.453918 0.348455
v 0.021935 0.464966 -0.352630
v 0.011985 0.468431 0.356014
v 0.011489 0.470293 -0.355481
v -0.001073 0.481859 0.334513
v -0.001636 0.481242 -0.344006
v -0.000182 0.475675 0.348584
v 0.021222 0.454395 0.360332
v 0.030277 0.448920 -0.353436
v 0.013135 0.458205 0.364265
v 0.000727 0.469354 0.358290
v -0.009799 0.492322 0.211477
v -0.009727 0.497477 0.016034
v -0.011299 0.494661 0.248871
v -0.011155 0.488645 -0.272339
v -0.011028 0.487330 -0.308365
v -0.006871 0.488912 -0.088990
v -0.012195 0.487750 0.310519
v -0.011003 0.492431 0.286610
v -0.009891 0.488398 -0.187600
v -0.011430 0.484619 -0.329962
v -0.012230 0.493992 0.265660
v -0.011205 0.495986 0.128558
v -0.008841 0.489410 -0.029990
v -0.009003 0.487497 -0.045870
v -0.011524 0.479727 0.335252
v -0.012025 0.479124 -0.344429
v -0.009581 0.490408 -0.130058
v -0.010166 0.472578 0.351119
v -0.013379 0.498098 0.070022
v -0.009410 0.486563 -0.069815
v 0.008147 0.399909 0.216481
v -0.001964 0.396989 0.228470
v -0.002857 0.397633 0.216071
v 0.022354 0.401842 0.218720
v 0.017850 0.399800 0.231879
v -0.002772 0.401054 0.194962
v 0.025269 0.402069 0.228554
v -0.001147 0.398620 0.267987
v 0.010308 0.400358 0.266914
v -0.000979 0.397785 0.301896
v 0.011082 0.399962 0.297631
v -0.000036 0.395908 0.336996
v 0.012692 0.398159 0.336595
v 0.017207 0.402707 0.268249
v 0.017870 0.402412 0.296227
v 0.020867 0.401976 0.324933
v 0.000205 0.398577 0.348887
v 0.008255 0.404072 0.198206
v -0.000649 0.404779 0.171713
v 0.006347 0.407424 0.171133
v -0.012368 0.397999 0.325906
v -0.013884 0.398594 0.231947
v 0.022732 0.406547 0.202661
v 0.012072 0.405245 0.201269
v 0.023674 0.409566 0.191765
v 0.014278 0.410096 0.178240
v 0.029214 0.405127 0.216703
v -0.000166 0.411979 0.144373
v 0.009207 0.414557 0.144822
v -0.000092 0.414360 0.125422
v 0.010556 0.416763 0.127504
v 0.011130 0.414796 0.110610
v -0.011727 0.400195 0.288174
v -0.020019 0.400353 0.214646
v -0.011477 0.400039 0.263047
v -0.011071 0.397912 0.338409
v -0.019053 0.402730 0.201412
v -0.010944 0.414234 0.145745
v -0.009163 0.406829 0.171873
v -0.011554 0.416584 0.127123
v -0.014336 0.404725 0.190162
v -0.009723 0.414473 0.112019
v 0.020486 0.414684 0.170531
v 0.000392 0.410415 0.105177
v 0.013702 0.401880 0.349039
v 0.030893 0.410537 0.202448
v -0.019585 0.402918 0.260700
v -0.022999 0.401829 0.230016
v -0.018544 0.402848 0.286741
v -0.020200 0.401395 0.323334
v -0.010167 0.408664 0.093852
v -0.011344 0.401188 0.348956
v -0.026366 0.406127 0.200060
v -0.024964 0.415243 0.169376
v 0.011117 0.407827 0.092441
v -0.019320 0.401684 0.338649
v 0.000731 0.404331 0.089958
v 0.021865 0.403166 0.336119
v 0.021886 0.421817 0.144469
v 0.021372 0.422844 0.127850
v 0.023517 0.406133 0.290940
v 0.024100 0.406137 0.263818
v 0.024550 0.419484 0.163288
v 0.022136 0.422233 0.113463
v 0.018044 0.416725 0.103391
v 0.022551 0.416471 0.093420
v -0.021227 0.417671 0.154658
v 0.025612 0.405910 0.323150
v -0.024476 0.424121 0.125122
v -0.025391 0.422211 0.147572
v -0.023852 0.422671 0.111894
v -0.029208 0.405818 0.219486
v -0.023967 0.406083 0.277146
v -0.027611 0.406661 0.247681
v -0.025021 0.406507 0.295832
v -0.018684 0.410897 0.087662
v -0.023559 0.419153 0.098518
v -0.008630 0.400513 0.080822
v 0.010916 0.397409 0.076568
v 0.000388 0.402715 0.355097
v 0.033262 0.409018 0.227710
v -0.025710 0.405863 0.325120
v -0.025061 0.406622 0.336855
v 0.001219 0.392865 0.073921
v -0.033061 0.412147 0.198667
v -0.024927 0.411332 0.078733
v -0.020458 0.407284 0.348344
v -0.008471 0.388958 0.066862
v -0.021757 0.398280 0.064929
v 0.029719 0.429740 0.143249
v 0.030140 0.423138 0.167977
v 0.021284 0.407009 0.078973
v 0.029527 0.431172 0.129193
v 0.030341 0.430028 0.104539
v 0.021807 0.396633 0.066079
v -0.012983 0.436490 -0.364418
v 0.001467 0.443163 -0.366045
v -0.000485 0.423048 -0.366220
v -0.014159 0.420697 -0.363944
v -0.012713 0.449745 -0.363145
v -0.000801 0.454296 -0.364451
v -0.000205 0.406608 -0.364177
v -0.012919 0.407589 -0.362328
v 0.013650 0.425863 -0.365061
v 0.012533 0.408502 -0.363045
v 0.012578 0.453254 -0.363370
v 0.020430 0.431837 -0.362930
v -0.012163 0.462567 -0.359591
v -0.001481 0.465445 -0.360458
v 0.011089 0.464006 -0.359571
v -0.021246 0.449491 -0.359322
v -0.026655 0.426656 -0.358117
v -0.021325 0.409407 -0.358888
v -0.012534 0.398771 -0.359346
v -0.001059 0.392853 -0.358287
v 0.010304 0.394628 -0.357398
v 0.024138 0.421529 -0.360764
v 0.021473 0.453384 -0.359464
v 0.026809 0.437004 -0.359161
v 0.026507 0.409211 -0.356400
v 0.011489 0.470293 -0.355481
v -0.027522 0.409617 -0.354597
v -0.014542 0.393568 -0.355165
v -0.021032 0.465406 -0.352544
v -0.027546 0.450676 -0.354116
v -0.001974 0.474355 -0.353902
v -0.012469 0.470668 -0.354481
v 0.021935 0.464966 -0.352630
v 0.032124 0.423886 -0.354488
v 0.030277 0.448920 -0.353436
v 0.031750 0.437529 -0.354598
v 0.024090 0.402892 -0.353768
v -0.012025 0.479124 -0.344429
v 0.009468 0.479129 -0.344663
v -0.019179 0.474778 -0.344525
v -0.001636 0.481242 -0.344006
v 0.002706 0.445941 0.369195
v -0.009060 0.441217 0.368124
v 0.001822 0.432905 0.368918
v 0.001055 0.455474 0.367893
v -0.009782 0.457163 0.365334
v -0.009436 0.421567 0.364950
v 0.001437 0.420926 0.366185
v 0.011897 0.442444 0.367917
v 0.012403 0.429215 0.366404
v 0.013062 0.418943 0.363083
v 0.001834 0.411082 0.362014
v 0.019982 0.438385 0.364111
v 0.013135 0.458205 0.364265
v 0.013363 0.409557 0.357614
v -0.010013 0.408074 0.357716
v -0.019700 0.430092 0.361405
v 0.022827 0.423774 0.358554
v 0.021222 0.454395 0.360332
v 0.025769 0.435739 0.358800
v 0.000388 0.402715 0.355097
v -0.019486 0.442240 0.362504
v -0.019896 0.416521 0.356513
v 0.001370 0.462521 0.364059
v -0.020582 0.455728 0.358822
v 0.013702 0.401880 0.349039
v 0.024441 0.414454 0.351035
v -0.011344 0.401188 0.348956
v -0.020458 0.407284 0.348344
v -0.010582 0.465076 0.359561
v 0.000727 0.469354 0.358290
v 0.011985 0.468431 0.356014
v -0.010166 0.472578 0.351119
v -0.018547 0.469209 0.347780
v -0.000182 0.475675 0.348584
v -0.000621 -0.499385 -0.019417
v 0.012389 -0.499393 -0.017819
v 0.000368 -0.500272 -0.007696
v 0.011474 -0.499830 -0.005605
v 0.011681 -0.497182 -0.029633
v 0.000091 -0.496510 -0.031302
v -0.011739 -0.497045 -0.015875
v -0.011065 -0.497531 -0.004926
v -0.010687 -0.494964 -0.026600
v -0.000867 -0.497959 0.006438
v 0.013100 -0.497790 0.004282
v 0.021340 -0.497061 -0.007854
v 0.005176 -0.492550 -0.039925
v 0.025706 -0.494419 -0.017748
v 0.021601 -0.492392 -0.032437
v 0.013384 -0.489380 -0.043407
v -0.008111 -0.490286 -0.038083
v 0.000646 -0.487461 -0.045986
v -0.020774 -0.491443 -0.019129
v -0.022222 -0.491424 -0.006304
v -0.017538 -0.492353 0.003434
v -0.009256 -0.491706 0.014221
v 0.003480 -0.493434 0.016422
v -0.022267 -0.485480 -0.029012
v 0.016273 -0.491120 0.016301
v 0.025701 -0.491032 0.007412
v 0.030773 -0.491010 -0.005546
v 0.027099 -0.488700 -0.032493
v 0.019021 -0.485441 -0.045038
v 0.034386 -0.486872 -0.017652
v 0.023657 -0.480503 -0.046841
v 0.032014 -0.486615 0.004585
v 0.013449 -0.481102 -0.050978
v -0.010445 -0.481762 -0.045155
v 0.033798 -0.478795 -0.036250
v 0.013661 -0.485777 0.023379
v -0.018610 -0.485418 0.014413
v -0.019188 -0.477929 -0.040899
v 0.023536 -0.480408 0.022826
v -0.002906 0.374795 -0.075484
v 0.001710 0.366899 -0.070405
v -0.002703 0.364696 -0.064530
v 0.000844 0.375372 -0.078531
v 0.000895 0.359407 -0.061011
v -0.004500 0.359895 -0.057236
v 0.001391 0.354240 -0.057813
v 0.000404 0.383306 -0.083219
v 0.001813 0.382373 -0.083296
v 0.001757 0.385566 -0.086267
v -0.001664 0.390570 -0.090125
v 0.002105 0.390339 -0.095495
v -0.001367 0.392556 -0.098028
v 0.002329 0.391859 -0.103119
v -0.002184 0.385852 -0.077698
v -0.014783 0.407140 -0.092827
v -0.008422 0.394269 -0.078810
v -0.006608 0.382457 -0.069529
v -0.028528 0.396982 -0.061684
v -0.025898 0.403662 -0.070651
v -0.034259 0.412052 -0.067337
v -0.034500 0.397477 -0.054370
v -0.029274 0.417983 -0.084608
v -0.020816 0.405806 -0.079478
v -0.024994 0.417629 -0.095117
v -0.026054 0.384441 -0.056235
v -0.016673 0.377380 -0.059040
v -0.031105 0.428965 -0.103914
v -0.033686 0.380649 -0.047134
v -0.004138 0.369691 -0.062243
v -0.003170 0.379520 -0.073721
v -0.020570 0.359343 -0.050090
v -0.006447 0.366392 -0.058908
v -0.011713 0.406528 -0.107499
v -0.025747 0.422544 -0.116821
v -0.032255 0.432781 -0.120489
v -0.020268 0.415974 -0.121372
v -0.010585 0.406941 -0.124817
v -0.002735 0.396258 -0.122998
v -0.003550 0.400267 -0.144702
v 0.002864 0.397667 -0.155627
v -0.025538 0.420381 -0.144119
v -0.031757 0.430057 -0.147793
v -0.005567 0.402120 -0.154881
v -0.018962 0.413431 -0.146275
v -0.026794 0.418318 -0.168361
v -0.033391 0.425982 -0.177882
v -0.020122 0.410265 -0.170883
v -0.031097 0.411600 -0.209183
v -0.025886 0.403705 -0.212695
v -0.030387 0.402449 -0.250687
v -0.034284 0.409002 -0.247327
v -0.033179 0.399995 -0.305971
v -0.025665 0.396025 -0.258020
v -0.024649 0.390711 -0.310544
v -0.030501 0.396371 -0.330656
v -0.034488 0.402864 -0.331310
v -0.027812 0.398778 -0.346945
v -0.024223 0.393134 -0.345119
v -0.020031 0.402184 -0.197344
v -0.023941 0.390004 -0.332368
v -0.020673 0.397466 -0.221496
v -0.005299 0.399349 -0.169540
v -0.009224 0.397357 -0.187155
v -0.020620 0.394007 -0.246402
v 0.001649 0.392972 -0.118216
v -0.013179 0.387040 -0.346323
v -0.009518 0.393448 -0.211056
v -0.017467 0.387154 -0.320660
v -0.014542 0.393568 -0.355165
v -0.027522 0.409617 -0.354597
v -0.034512 0.098363 0.006718
v -0.034464 0.105660 -0.002622
v -0.035986 0.054851 -0.002756
v -0.036236 0.048073 0.004594
v -0.039522 0.018265 0.001415
v -0.039101 0.018604 -0.007560
v -0.040573 -0.011175 -0.002306
v -0.040304 -0.009611 0.004059
v -0.039915 -0.048719 -0.000642
v -0.039196 -0.045247 0.009226
v -0.037783 -0.085570 0.007569
v -0.038297 0.010677 0.011067
v -0.038906 -0.028170 0.011578
v -0.037357 -0.125190 0.003483
v -0.036271 -0.125637 0.011365
v -0.038629 -0.183441 0.004011
v -0.037902 -0.192918 0.011405
v -0.038631 -0.225755 0.010270
v -0.038950 -0.240302 0.001140
v -0.038246 -0.276215 0.010973
v -0.037727 -0.289557 0.001603
v -0.036664 -0.312580 0.011910
v -0.036911 -0.324984 0.002532
v -0.036490 -0.352324 0.001306
v -0.035565 -0.372452 0.007411
v -0.037297 -0.119756 -0.003595
v -0.038135 -0.187747 -0.003619
v -0.035522 0.124299 -0.000432
v -0.034481 0.123606 0.008920
v -0.037157 0.157906 0.009278
v -0.038915 0.161694 -0.003019
v -0.037303 -0.378936 -0.001845
v -0.040079 -0.412803 -0.006388
v -0.038427 -0.392078 -0.006252
v -0.041375 -0.415089 -0.018708
v -0.040838 -0.442794 -0.005991
v -0.041020 -0.438046 -0.019076
v -0.040426 0.185010 0.006499
v -0.041417 0.190224 -0.004073
v -0.041847 0.211529 -0.001189
v -0.039606 0.211795 0.013589
v -0.039510 0.246135 0.009269
v -0.040532 0.254392 -0.003648
v -0.039610 0.288697 -0.002515
v -0.038257 0.312898 0.001391
v -0.036722 0.319290 0.010335
v -0.038525 0.338569 -0.002150
v -0.036462 0.351411 0.015821
v -0.039577 0.377167 0.009581
v -0.038324 0.392301 0.025229
v -0.041501 0.388156 -0.003995
v -0.040362 0.412044 0.019467
v -0.038928 0.416743 0.037139
v -0.037237 0.411256 0.042809
v -0.038463 0.436621 0.043608
v -0.037173 0.428936 0.062175
v -0.042293 0.412420 -0.032316
v -0.041494 0.381219 -0.020569
v -0.037138 0.439380 0.071938
v -0.040396 0.421643 0.000021
v -0.041115 0.427501 -0.030782
v -0.034722 0.444218 0.106053
v -0.034403 0.454722 0.096943
v -0.034137 0.453388 0.137151
v -0.034188 0.440234 0.130287
v -0.039096 0.347287 -0.016010
v -0.037809 0.328782 -0.016778
v -0.038752 0.289258 -0.014883
v -0.041614 0.423874 -0.050088
v -0.040516 0.441081 -0.052012
v -0.041271 0.395402 -0.033987
v -0.040154 0.441490 -0.065851
v -0.035288 0.441259 0.150966
v -0.038992 -0.459404 -0.016958
v -0.035907 0.451836 0.064380
v -0.038683 -0.460420 -0.004941
v -0.039255 -0.036834 -0.010875
v -0.038089 -0.257399 -0.003604
v -0.037266 0.438884 0.172658
v -0.039871 0.243513 -0.011889
v -0.040437 0.213889 -0.012896
v -0.038867 0.441322 -0.078151
v -0.037874 0.439812 0.005879
v -0.035517 0.453386 0.038865
v -0.038620 0.437923 -0.018682
v -0.034963 0.454106 0.164803
v -0.040090 -0.420270 -0.029047
v -0.037588 -0.084073 -0.008351
v -0.035632 -0.132235 -0.011819
v -0.039153 0.439439 0.202672
v -0.038103 0.424139 0.196898
v -0.038810 0.424642 0.216189
v -0.038334 0.439090 0.246074
v -0.037524 0.424499 0.241026
v -0.035747 0.429000 0.279598
v -0.037273 0.440720 0.277936
v -0.036664 0.439509 0.320249
v -0.035482 0.427860 0.322469
v -0.035126 0.457595 0.285756
v -0.035637 0.454529 0.250930
v -0.039084 0.176075 -0.014756
v -0.034565 0.454865 0.317382
v -0.035053 -0.351776 -0.009708
v -0.036382 -0.302397 -0.003281
v -0.036082 -0.377479 -0.012251
v -0.034212 0.440087 0.338278
v -0.034066 0.427951 0.334366
v -0.033697 0.437568 0.106912
v -0.033855 0.429169 0.086346
v -0.034137 0.417227 0.063581
v -0.034092 0.402590 0.047514
v -0.038763 0.003793 -0.012562
v -0.038259 -0.399200 -0.017301
v -0.038529 0.362289 -0.028815
v -0.033663 0.122588 -0.011689
v -0.034837 0.139403 -0.014259
v -0.039060 -0.449586 -0.024159
v -0.038212 0.451969 -0.064268
v -0.037173 0.454469 -0.093091
v -0.036223 0.441289 -0.100529
v -0.035805 0.443919 -0.116034
v -0.036243 0.454050 -0.120074
v -0.035733 0.442875 -0.146866
v -0.035778 0.452902 -0.168326
v -0.036943 0.441733 -0.180100
v -0.037061 0.450446 -0.217124
v -0.038676 0.439944 -0.215540
v -0.037466 0.427154 -0.211754
v -0.039406 0.427523 -0.247466
v -0.039454 0.439712 -0.256051
v -0.040933 0.426669 -0.312182
v -0.040337 0.437631 -0.310165
v -0.039234 0.440982 -0.329786
v -0.039616 0.426379 -0.332337
v -0.038631 0.413147 -0.301189
v -0.037796 0.412053 -0.330593
v -0.038417 0.448893 -0.313285
v -0.038100 0.410142 -0.311268
v -0.038235 -0.428734 -0.037143
v -0.033901 0.431696 -0.166569
v -0.036074 0.330955 -0.024487
v -0.036077 0.453042 0.190989
v -0.035726 0.454312 0.219621
v -0.039136 0.201149 -0.017684
v -0.035345 0.451973 0.010030
v -0.035110 0.452673 -0.020322
v -0.038274 -0.446768 0.005134
v -0.037920 0.258381 -0.019204
v -0.035137 0.308064 -0.027862
v -0.034643 0.052313 -0.011388
v -0.031601 0.079368 -0.014769
v -0.036464 0.413224 -0.252365
v -0.036441 -0.190655 -0.010848
v -0.033537 0.434863 0.146345
v -0.033031 0.104558 -0.008959
v -0.034759 0.460263 -0.121633
v -0.039124 0.415771 -0.057401
v -0.039141 0.397155 -0.044374
v -0.030530 0.468117 0.134818
v -0.031800 0.466188 0.082796
v -0.038812 -0.419838 -0.001822
v -0.035347 -0.094534 0.015808
v -0.034781 0.043122 0.012683
v -0.034944 0.068478 0.007547
v -0.034303 0.458477 -0.171940
v -0.031285 0.456908 0.335305
v -0.033802 0.421228 0.320445
v -0.033912 0.325538 0.020386
v -0.036525 0.250609 0.019013
v -0.033755 0.366346 0.029990
v -0.033515 0.427925 0.162835
v -0.034728 0.431937 -0.090890
v -0.035523 -0.085738 -0.015679
v -0.035002 0.462456 -0.085676
v -0.031485 0.467201 0.035942
v -0.034717 0.413136 -0.344698
v -0.036311 0.019186 -0.017595
v -0.033682 0.421905 0.277411
v -0.035234 -0.463351 0.006953
v -0.037015 0.187198 0.018428
v -0.035490 -0.268156 -0.011228
v -0.035117 -0.144693 0.016698
v -0.035491 -0.270472 0.020015
v -0.034617 -0.306272 0.018882
v -0.033601 -0.350458 0.015984
v -0.035145 -0.391585 0.008193
v -0.034279 0.387274 0.037472
v -0.034204 0.415934 -0.213910
v -0.035671 -0.211520 0.019366
v -0.034598 0.459173 -0.253318
v -0.034579 0.460902 -0.311704
v -0.034931 0.456669 -0.332429
v -0.031108 0.470496 0.281816
v -0.034692 0.430768 -0.347864
v -0.035444 -0.442776 -0.036871
v -0.033717 0.138428 0.014837
v -0.031664 0.101934 0.013637
v -0.030816 0.417037 0.335521
v -0.035394 0.456660 -0.048650
v -0.034012 0.449887 -0.344249
v -0.035468 -0.465216 -0.026481
v -0.029949 0.467617 0.002590
v -0.034927 0.412760 0.215823
v -0.031131 0.466845 0.234829
v -0.029472 0.469913 0.197032
v -0.029223 0.427049 0.349102
v -0.033947 -0.303069 -0.010542
v -0.036057 0.239486 0.021362
v -0.036126 -0.009222 -0.020258
v -0.026640 0.480933 0.061114
v -0.034142 0.415294 0.243435
v -0.032281 -0.118450 0.021618
v -0.035295 -0.060516 0.018631
v -0.032493 -0.477602 -0.007433
v -0.030943 -0.475929 0.004116
v -0.031778 -0.345187 -0.017660
v -0.029313 0.104710 -0.019365
v -0.035745 -0.016398 0.019497
v -0.035669 -0.044167 -0.020068
v -0.035027 -0.415580 0.007042
v -0.033875 -0.375451 -0.018081
v -0.024114 0.487262 0.039753
v -0.030733 0.124152 -0.019171
v -0.030786 0.464646 0.319905
v -0.029857 0.444227 0.349565
v -0.034914 -0.456465 -0.033104
v -0.032443 -0.476515 -0.019655
v -0.034228 0.162243 -0.023723
v -0.031471 0.468398 -0.126886
v -0.031440 0.465709 -0.174451
v -0.034645 -0.208355 -0.015096
v -0.032776 0.065112 0.012969
v -0.030147 0.412318 0.322289
v -0.035406 0.180448 -0.024535
v -0.035508 0.203177 0.022962
v -0.026672 0.476875 0.148011
v -0.028471 0.468914 -0.019519
v -0.028448 -0.364005 -0.025147
v -0.031728 -0.134473 -0.021170
v -0.033187 0.330369 -0.031437
v -0.035087 0.360244 -0.036667
v -0.029996 0.430401 0.128739
v -0.025837 0.473249 -0.027646
v -0.034892 0.016441 0.017898
v -0.031287 0.051729 -0.019513
v -0.030299 0.105642 0.017396
v -0.030885 0.273989 0.029105
v -0.023995 0.480285 -0.002612
v -0.023174 0.486847 0.022788
v -0.036223 0.223464 -0.023829
v -0.034497 0.273658 -0.027505
v -0.033061 0.412147 0.198667
v -0.030494 0.317665 0.028381
v -0.028425 0.342221 0.034297
v -0.025888 0.457614 0.349971
v -0.026883 0.476942 0.299078
v -0.032746 -0.437699 0.015721
v -0.023303 0.487827 0.071141
v -0.022894 0.484914 0.131758
v -0.029988 0.429593 0.108840
v -0.032362 -0.449950 0.017461
v -0.024664 0.482146 0.252071
v -0.027143 0.474727 0.225261
v -0.026508 0.416638 0.347468
v -0.031207 -0.331804 0.023165
v -0.030566 0.428426 0.146245
v -0.030558 0.061242 0.017792
v -0.028744 0.469923 -0.330855
v -0.033283 -0.433653 -0.046376
v -0.028780 0.470847 -0.249441
v -0.033653 -0.388610 -0.023379
v -0.034312 -0.407112 -0.030183
v -0.031492 -0.088936 -0.023560
v -0.030590 0.371872 0.037924
v -0.027646 0.385318 0.048343
v -0.025004 0.482246 0.272819
v -0.034938 0.422211 -0.076678
v -0.030151 -0.301548 -0.018040
v -0.029620 0.413534 0.284049
v -0.028804 0.411043 0.266520
v -0.031343 0.469428 -0.089889
v -0.027237 0.471238 0.321278
v -0.026613 0.438558 0.355146
v -0.030623 0.149412 0.021958
v -0.030818 -0.266800 -0.020084
v -0.031321 -0.391865 0.014271
v -0.030919 -0.414301 0.013730
v -0.031876 -0.265102 0.026624
v -0.022977 0.481824 0.177772
v -0.022442 0.481699 0.209765
v -0.026844 0.466544 -0.344287
v -0.027722 0.473187 -0.302296
v -0.028468 0.469201 -0.051201
v -0.025061 0.406622 0.336855
v -0.031657 -0.206698 0.026151
v -0.030929 -0.186483 -0.021992
v -0.027840 0.471982 -0.172542
v -0.028062 -0.464506 0.019704
v -0.025917 0.072236 -0.024640
v -0.027886 0.402352 0.060560
v -0.030595 0.424466 0.089957
v -0.030023 0.415440 0.073497
v -0.024439 0.469126 0.336612
v -0.030696 -0.471571 -0.031619
v -0.031275 0.222887 0.029538
v -0.031343 0.021764 -0.025652
v -0.031726 -0.005211 -0.027312
v -0.031932 -0.044336 -0.026348
v -0.027067 -0.338084 -0.024464
v -0.026581 0.132417 -0.026687
v -0.027067 -0.485218 -0.017148
v -0.030822 0.306051 -0.034636
v -0.031012 0.250302 -0.031234
v -0.033727 -0.425622 -0.043485
v -0.029893 0.420470 0.167682
v -0.025721 -0.475592 0.015324
v -0.025710 0.405863 0.325120
v -0.024771 -0.302137 -0.025388
v -0.026878 -0.153029 -0.027783
v -0.026496 0.028134 -0.030436
v -0.027546 0.450676 -0.354116
v -0.018535 0.489317 0.001929
v -0.018565 0.482222 -0.028569
v -0.016113 0.482961 -0.041198
v -0.030894 -0.444605 -0.043285
v -0.024457 -0.485522 0.005003
v -0.022419 0.480011 -0.261476
v -0.019112 0.494215 0.037295
v -0.022592 0.483575 0.294335
v -0.023688 0.479196 -0.134484
v -0.020582 0.455728 0.358822
v -0.029428 -0.437710 -0.049445
v -0.025021 0.406507 0.295832
v -0.023967 0.406083 0.277146
v -0.028044 -0.465346 -0.039366
v -0.027611 0.406661 0.247681
v -0.025314 0.476783 -0.117947
v -0.018595 0.493920 0.076779
v -0.031178 0.186937 -0.030520
v -0.022545 0.478917 -0.176689
v -0.020458 0.407284 0.348344
v -0.026010 -0.381532 -0.031662
v -0.022222 -0.491424 -0.006304
v -0.026655 0.426656 -0.358117
v -0.018326 0.489537 0.243562
v -0.018832 0.485658 0.196628
v -0.018423 0.490093 0.137924
v -0.029208 0.405818 0.219486
v -0.024927 0.411332 0.078733
v -0.021352 0.479609 0.317576
v -0.019896 0.416521 0.356513
v -0.020713 0.481028 -0.312687
v -0.023852 0.422671 0.111894
v -0.022267 -0.485480 -0.029012
v -0.023559 0.419153 0.098518
v -0.024476 0.424121 0.125122
v -0.018645 0.489663 0.269668
v -0.019700 0.430092 0.361405
v -0.025904 0.475711 -0.092620
v -0.025391 0.422211 0.147572
v -0.019317 0.479626 -0.062667
v -0.018547 0.469209 0.347780
v -0.019486 0.442240 0.362504
v -0.029621 0.102069 0.016272
v -0.029582 0.069344 0.016885
v -0.027309 0.078181 0.022115
v -0.031505 0.064390 0.013891
v -0.020039 0.479190 -0.331432
v -0.019179 0.474778 -0.344525
v -0.024964 0.415243 0.169376
v -0.021032 0.465406 -0.352544
v -0.017733 0.483576 -0.184108
v -0.017737 0.484571 -0.266921
v -0.020774 -0.491443 -0.019129
v -0.018610 -0.485418 0.014413
v -0.019188 -0.477929 -0.040899
v -0.018912 0.482825 -0.117312
v -0.021757 0.398280 0.064929
v -0.018350 0.486582 0.299183
v -0.018256 0.476515 0.333058
v -0.017538 -0.492353 0.003434
v -0.009581 0.490408 -0.130058
v -0.014125 0.492862 0.002253
v -0.013379 0.498098 0.070022
v -0.013569 0.489775 0.197253
v -0.014011 0.491168 0.164672
v -0.008841 0.489410 -0.029990
v -0.011205 0.495986 0.128558
v -0.010582 0.465076 0.359561
v -0.009003 0.487497 -0.045870
v -0.009410 0.486563 -0.069815
v -0.006871 0.488912 -0.088990
v -0.012230 0.493992 0.265660
v -0.011299 0.494661 0.248871
v -0.011003 0.492431 0.286610
v -0.011175 0.499251 0.034388
v -0.012195 0.487750 0.310519
v -0.009799 0.492322 0.211477
v -0.008864 0.492703 0.177646
v -0.011028 0.487330 -0.308365
v -0.011155 0.488645 -0.272339
v -0.009891 0.488398 -0.187600
v -0.011430 0.484619 -0.329962
v -0.009727 0.497477 0.016034
v -0.011524 0.479727 0.335252
v -0.012025 0.479124 -0.344429
v -0.010166 0.472578 0.351119
v -0.031505 0.064390 0.013891
v -0.032776 0.065112 0.012969
v -0.030558 0.061242 0.017792
v -0.001664 0.390570 -0.090125
v -0.011713 0.406528 -0.107499
v -0.002735 0.396258 -0.122998
v 0.005163 0.375444 -0.076095
v 0.006952 0.377777 -0.068125
v 0.007214 0.367179 -0.066614
v 0.005659 0.383883 -0.074396
v 0.007897 0.370895 -0.063243
v 0.008354 0.361857 -0.061089
v 0.001813 0.382373 -0.083296
v -0.001664 0.390570 -0.090125
v -0.002735 0.396258 -0.122998
v -0.001367 0.392556 -0.098028
vt 0.594163 0.079717
vt 0.630383 0.076717
vt 0.638624 0.083008
vt 0.605984 0.086480
vt 0.665013 0.076754
vt 0.697962 0.079932
vt 0.728823 0.073586
vt 0.769408 0.078762
vt 0.758366 0.074297
vt 0.707237 0.084145
vt 0.769104 0.084855
vt 0.811995 0.079107
vt 0.825396 0.085508
vt 0.826250 0.076817
vt 0.854252 0.082654
vt 0.854923 0.075984
vt 0.876145 0.074768
vt 0.879055 0.082594
vt 0.566320 0.088690
vt 0.562057 0.082950
vt 0.853449 0.089402
vt 0.877179 0.090282
vt 0.571489 0.092119
vt 0.728256 0.089504
vt 0.688663 0.091246
vt 0.640798 0.091448
vt 0.762137 0.091106
vt 0.822184 0.093056
vt 0.600078 0.093771
vt 0.897724 0.090834
vt 0.523449 0.089544
vt 0.562817 0.094834
vt 0.904237 0.081008
vt 0.528954 0.097510
vt 0.497880 0.091277
vt 0.491650 0.081756
vt 0.851200 0.096072
vt 0.711664 0.093914
vt 0.760860 0.097930
vt 0.582796 0.101116
vt 0.464272 0.084308
vt 0.468984 0.090986
vt 0.488912 0.099067
vt 0.514946 0.098795
vt 0.464322 0.099133
vt 0.446149 0.099498
vt 0.426758 0.092607
vt 0.429304 0.088712
vt 0.426745 0.082066
vt 0.389990 0.089336
vt 0.417120 0.098461
vt 0.371286 0.097858
vt 0.387752 0.081636
vt 0.344312 0.082728
vt 0.349188 0.090810
vt 0.324674 0.088538
vt 0.304176 0.079831
vt 0.342639 0.100358
vt 0.292007 0.088524
vt 0.318076 0.098532
vt 0.625816 0.099622
vt 0.880625 0.098737
vt 0.281551 0.077866
vt 0.671408 0.100123
vt 0.712571 0.100327
vt 0.393021 0.102142
vt 0.292399 0.097398
vt 0.555570 0.101908
vt 0.833248 0.100659
vt 0.901441 0.098942
vt 0.440194 0.106633
vt 0.416149 0.107849
vt 0.372387 0.106146
vt 0.267953 0.092405
vt 0.272674 0.087325
vt 0.858336 0.105424
vt 0.522883 0.105149
vt 0.491236 0.104708
vt 0.757242 0.104108
vt 0.468108 0.106632
vt 0.571132 0.106646
vt 0.623723 0.106749
vt 0.677056 0.105895
vt 0.319545 0.108989
vt 0.343354 0.108599
vt 0.298876 0.106435
vt 0.285101 0.106934
vt 0.938168 0.097556
vt 0.927391 0.088675
vt 0.944837 0.089724
vt 0.949418 0.098120
vt 0.960281 0.090401
vt 0.958314 0.082203
vt 0.967276 0.083566
vt 0.947626 0.105284
vt 0.942751 0.081267
vt 0.959421 0.099260
vt 0.267658 0.076603
vt 0.977149 0.088608
vt 0.969278 0.078077
vt 0.940182 0.111627
vt 0.909746 0.085586
vt 0.955220 0.074858
vt 0.945937 0.114786
vt 0.972730 0.097830
vt 0.924103 0.100437
vt 0.309620 0.071456
vt 0.342013 0.072691
vt 0.364524 0.074343
vt 0.269518 0.107285
vt 0.294320 0.067195
vt 0.831529 0.106800
vt 0.592257 0.109489
vt 0.870551 0.108532
vt 0.884391 0.108715
vt 0.902327 0.107570
vt 0.365456 0.112027
vt 0.543624 0.108519
vt 0.800084 0.110626
vt 0.440154 0.112846
vt 0.746938 0.110751
vt 0.942297 0.118485
vt 0.923952 0.110508
vt 0.336764 0.114323
vt 0.262072 0.093768
vt 0.252492 0.102383
vt 0.962433 0.107006
vt 0.979810 0.080936
vt 0.953683 0.111274
vt 0.834135 0.114902
vt 0.420517 0.117162
vt 0.557526 0.113145
vt 0.247002 0.111112
vt 0.403364 0.074010
vt 0.536423 0.082023
vt 0.513229 0.081921
vt 0.894775 0.076162
vt 0.296047 0.114872
vt 0.271538 0.116412
vt 0.283385 0.062431
vt 0.261105 0.065131
vt 0.935459 0.119399
vt 0.572740 0.076299
vt 0.316734 0.065338
vt 0.468693 0.078053
vt 0.614040 0.071064
vt 0.260547 0.074860
vt 0.265425 0.081765
vt 0.257528 0.082186
vt 0.492726 0.110531
vt 0.699822 0.111376
vt 0.662155 0.114252
vt 0.627218 0.115002
vt 0.588966 0.114611
vt 0.317266 0.118203
vt 0.251700 0.119212
vt 0.519618 0.113631
vt 0.467747 0.113712
vt 0.981420 0.100480
vt 0.365655 0.117838
vt 0.898723 0.115497
vt 0.921912 0.115452
vt 0.799184 0.116065
vt 0.979238 0.108523
vt 0.710064 0.115785
vt 0.969722 0.116234
vt 0.863476 0.117493
vt 0.884241 0.119063
vt 0.985805 0.091559
vt 0.952703 0.118256
vt 0.248272 0.071444
vt 0.585711 0.119409
vt 0.562672 0.119100
vt 0.618843 0.120392
vt 0.442379 0.121974
vt 0.491841 0.118835
vt 0.918081 0.124102
vt 0.804969 0.121785
vt 0.656433 0.121518
vt 0.738013 0.121298
vt 0.296755 0.123182
vt 0.270709 0.124102
vt 0.267539 0.087980
vt 0.937414 0.073010
vt 0.798403 0.070030
vt 0.762187 0.068894
vt 0.969033 0.069907
vt 0.442531 0.076362
vt 0.633992 0.069796
vt 0.664752 0.070114
vt 0.693187 0.070774
vt 0.593017 0.071995
vt 0.369415 0.065008
vt 0.553340 0.075191
vt 0.515505 0.074735
vt 0.836819 0.069560
vt 0.895884 0.071363
vt 0.920022 0.072129
vt 0.870230 0.066964
vt 0.309027 0.059998
vt 0.487563 0.074810
vt 0.948729 0.068059
vt 0.980269 0.072161
vt 0.342610 0.061005
vt 0.988916 0.081585
vt 0.394264 0.064658
vt 0.423522 0.069713
vt 0.728530 0.067242
vt 0.959157 0.064298
vt 0.549236 0.067876
vt 0.576672 0.064708
vt 0.693208 0.064866
vt 0.332367 0.055467
vt 0.249921 0.057907
vt 0.605694 0.064602
vt 0.928881 0.066202
vt 0.283281 0.056148
vt 0.260642 0.056210
vt 0.250524 0.084065
vt 0.660091 0.062055
vt 0.632193 0.061034
vt 0.897267 0.062928
vt 0.240204 0.069617
vt 0.243514 0.086896
vt 0.231938 0.061648
vt 0.257325 0.088514
vt 0.258998 0.083178
vt 0.248528 0.085873
vt 0.247424 0.089867
vt 0.240222 0.089150
vt 0.697359 0.748046
vt 0.699728 0.759890
vt 0.672621 0.768844
vt 0.664896 0.762716
vt 0.644271 0.779454
vt 0.637133 0.773921
vt 0.620225 0.785893
vt 0.619798 0.776907
vt 0.725943 0.734658
vt 0.734746 0.720251
vt 0.709818 0.730069
vt 0.755413 0.705811
vt 0.688003 0.743741
vt 0.662877 0.759019
vt 0.637911 0.765742
vt 0.740223 0.707739
vt 0.752220 0.692256
vt 0.584773 0.795430
vt 0.584394 0.786800
vt 0.559769 0.802674
vt 0.558845 0.796516
vt 0.707873 0.724808
vt 0.667873 0.748855
vt 0.529157 0.807444
vt 0.572671 0.784601
vt 0.606760 0.771895
vt 0.768355 0.685922
vt 0.757943 0.679648
vt 0.529402 0.815152
vt 0.525519 0.798422
vt 0.629274 0.760942
vt 0.515900 0.807046
vt 0.500676 0.816283
vt 0.490073 0.810759
vt 0.515573 0.820984
vt 0.500876 0.824413
vt 0.759337 0.708905
vt 0.760880 0.668257
vt 0.758734 0.720890
vt 0.481472 0.831010
vt 0.767705 0.667709
vt 0.776567 0.666167
vt 0.771509 0.649956
vt 0.762587 0.655799
vt 0.773603 0.704556
vt 0.782731 0.681693
vt 0.468799 0.825970
vt 0.737875 0.744172
vt 0.455735 0.834561
vt 0.441953 0.832761
vt 0.420232 0.843175
vt 0.448680 0.841783
vt 0.399345 0.854066
vt 0.385829 0.849677
vt 0.372880 0.858508
vt 0.377422 0.864568
vt 0.321559 0.877702
vt 0.351190 0.876604
vt 0.295365 0.894359
vt 0.280084 0.890923
vt 0.265520 0.904352
vt 0.230580 0.913342
vt 0.257145 0.899149
vt 0.400116 0.861633
vt 0.218749 0.921105
vt 0.156712 0.940919
vt 0.201686 0.933557
vt 0.770451 0.735119
vt 0.298886 0.898805
vt 0.268702 0.911576
vt 0.766772 0.749178
vt 0.792660 0.759850
vt 0.225988 0.927687
vt 0.778959 0.649501
vt 0.168567 0.946883
vt 0.538522 0.821981
vt 0.565125 0.811158
vt 0.688948 0.773854
vt 0.733510 0.756231
vt 0.760441 0.617264
vt 0.653513 0.785279
vt 0.157695 0.934461
vt 0.127043 0.944893
vt 0.121127 0.952330
vt 0.112068 0.944314
vt 0.101705 0.958332
vt 0.090413 0.951316
vt 0.074095 0.964673
vt 0.789625 0.740647
vt 0.813056 0.757802
vt 0.821398 0.773185
vt 0.132290 0.955912
vt 0.110086 0.963185
vt 0.090789 0.968296
vt 0.789772 0.714517
vt 0.803774 0.772684
vt 0.821311 0.787977
vt 0.839315 0.806968
vt 0.836738 0.823748
vt 0.847566 0.822526
vt 0.853589 0.838758
vt 0.843762 0.841557
vt 0.849629 0.859915
vt 0.857141 0.858351
vt 0.784813 0.764079
vt 0.764538 0.763965
vt 0.858519 0.884760
vt 0.078332 0.957138
vt 0.066580 0.955691
vt 0.061028 0.966255
vt 0.845888 0.882219
vt 0.849680 0.892675
vt 0.853838 0.904014
vt 0.865687 0.901267
vt 0.872704 0.916886
vt 0.885493 0.919655
vt 0.880983 0.935141
vt 0.892015 0.964617
vt 0.897204 0.940105
vt 0.868984 0.887631
vt 0.771419 0.616684
vt 0.752605 0.592792
vt 0.746715 0.612512
vt 0.740474 0.592830
vt 0.741946 0.561126
vt 0.733951 0.571768
vt 0.722209 0.535203
vt 0.726864 0.508725
vt 0.709130 0.489241
vt 0.714072 0.476859
vt 0.702111 0.478536
vt 0.621732 0.793988
vt 0.590438 0.804734
vt 0.723648 0.486967
vt 0.355605 0.882399
vt 0.069233 0.975192
vt 0.903595 0.962781
vt 0.829702 0.774950
vt 0.759233 0.583516
vt 0.752421 0.624348
vt 0.758010 0.645554
vt 0.052394 0.957839
vt 0.499949 0.835314
vt 0.467402 0.844544
vt 0.844897 0.797345
vt 0.427022 0.859118
vt 0.895027 0.976794
vt 0.883808 0.969591
vt 0.872398 0.943131
vt 0.864349 0.927333
vt 0.804324 0.729796
vt 0.702397 0.494189
vt 0.820321 0.746146
vt 0.077323 0.973340
vt 0.865526 0.860326
vt 0.700892 0.470371
vt 0.069895 0.947797
vt 0.398385 0.870062
vt 0.517221 0.830640
vt 0.310833 0.902472
vt 0.907631 0.972509
vt 0.713852 0.542300
vt 0.061220 0.949975
vt 0.709896 0.467678
vt 0.263929 0.920188
vt 0.799626 0.703232
vt 0.882335 0.893890
vt 0.131855 0.935368
vt 0.859111 0.819723
vt 0.809463 0.788875
vt 0.824062 0.802697
vt 0.793515 0.777837
vt 0.054773 0.971284
vt 0.048122 0.962765
vt 0.778836 0.630659
vt 0.786443 0.650565
vt 0.841749 0.857843
vt 0.735564 0.507989
vt 0.637520 0.796692
vt 0.236387 0.904596
vt 0.173186 0.923999
vt 0.692174 0.482570
vt 0.724768 0.472654
vt 0.088959 0.944645
vt 0.197101 0.945081
vt 0.231504 0.933668
vt 0.725993 0.770895
vt 0.748750 0.766101
vt 0.816041 0.720722
vt 0.794665 0.680447
vt 0.839085 0.773659
vt 0.903110 0.940783
vt 0.896253 0.912442
vt 0.724133 0.578542
vt 0.705512 0.527193
vt 0.900014 0.984080
vt 0.771032 0.773267
vt 0.755067 0.773148
vt 0.306189 0.876863
vt 0.880083 0.982913
vt 0.352385 0.889681
vt 0.732989 0.482016
vt 0.846108 0.906257
vt 0.660058 0.792808
vt 0.690109 0.780957
vt 0.890084 0.987268
vt 0.103578 0.937981
vt 0.718854 0.464073
vt 0.161381 0.956721
vt 0.118275 0.966246
vt 0.853577 0.797110
vt 0.784799 0.622208
vt 0.836157 0.743608
vt 0.734133 0.607641
vt 0.414344 0.837666
vt 0.048126 0.947051
vt 0.060840 0.983500
vt 0.840162 0.895000
vt 0.686427 0.472716
vt 0.769025 0.588158
vt 0.751571 0.538140
vt 0.872323 0.855090
vt 0.885199 0.871008
vt 0.813585 0.696480
vt 0.872831 0.973586
vt 0.911267 0.981132
vt 0.820098 0.810711
vt 0.831556 0.839307
vt 0.828402 0.828639
vt 0.624481 0.805207
vt 0.910909 0.944156
vt 0.914519 0.959105
vt 0.900198 0.901303
vt 0.827488 0.717361
vt 0.323166 0.904069
vt 0.064631 0.940544
vt 0.424470 0.869408
vt 0.907672 0.928001
vt 0.467696 0.854206
vt 0.751378 0.635100
vt 0.799311 0.657082
vt 0.588487 0.816386
vt 0.099771 0.976718
vt 0.237147 0.900063
vt 0.557617 0.826334
vt 0.528659 0.831544
vt 0.503938 0.842246
vt 0.839208 0.867945
vt 0.867489 0.819419
vt 0.044694 0.973405
vt 0.081495 0.980677
vt 0.071604 0.983986
vt 0.050621 0.980194
vt 0.863114 0.947268
vt 0.267019 0.885599
vt 0.302214 0.872335
vt 0.736155 0.779310
vt 0.721787 0.779312
vt 0.853077 0.931046
vt 0.277031 0.922657
vt 0.685646 0.788502
vt 0.809352 0.682986
vt 0.373816 0.848009
vt 0.725916 0.460624
vt 0.858350 0.779422
vt 0.358207 0.893256
vt 0.396507 0.882170
vt 0.803144 0.795467
vt 0.846514 0.740357
vt 0.754495 0.660665
vt 0.040107 0.958572
vt 0.879715 0.853936
vt 0.909180 0.988094
vt 0.738092 0.468284
vt 0.446642 0.825815
vt 0.169462 0.960398
vt 0.220173 0.944466
vt 0.833894 0.859303
vt 0.651105 0.802737
vt 0.792087 0.787384
vt 0.778109 0.782684
vt 0.841571 0.906669
vt 0.470171 0.817578
vt 0.763652 0.780837
vt 0.691657 0.515661
vt 0.065920 0.990238
vt 0.035513 0.966718
vt 0.900448 0.994002
vt 0.125629 0.970609
vt 0.108221 0.975665
vt 0.751507 0.673090
vt 0.088940 0.933385
vt 0.115414 0.925866
vt 0.882216 0.994425
vt 0.891314 0.997725
vt 0.122840 0.929287
vt 0.146432 0.924056
vt 0.174308 0.915411
vt 0.232915 0.895352
vt 0.696725 0.461868
vt 0.707515 0.458277
vt 0.716948 0.456105
vt 0.700835 0.544688
vt 0.036670 0.950104
vt 0.682988 0.486611
vt 0.745808 0.781058
vt 0.744933 0.638958
vt 0.051784 0.934198
vt 0.748628 0.649811
vt 0.463522 0.864296
vt 0.363500 0.897991
vt 0.412828 0.831042
vt 0.505007 0.803283
vt 0.076568 0.991203
vt 0.727841 0.706870
vt 0.735814 0.700250
vt 0.708625 0.717388
vt 0.422721 0.880998
vt 0.202990 0.956224
vt 0.052152 0.990298
vt 0.717890 0.587993
vt 0.621305 0.812377
vt 0.066692 0.933650
vt 0.379655 0.838600
vt 0.351881 0.847051
vt 0.867206 0.977020
vt 0.868746 0.987693
vt 0.318758 0.916239
vt 0.401652 0.890232
vt 0.041281 0.984168
vt 0.834599 0.887890
vt 0.667426 0.740900
vt 0.287882 0.927428
vt 0.041761 0.940056
vt 0.747409 0.687362
vt 0.564963 0.780436
vt 0.608348 0.764958
vt 0.683689 0.462937
vt 0.689915 0.794780
vt 0.530227 0.838568
vt 0.502757 0.848982
vt 0.856558 0.954265
vt 0.853820 0.939751
vt 0.848220 0.935000
vt 0.034671 0.977594
vt 0.142861 0.915830
vt 0.169935 0.910462
vt 0.297434 0.867684
vt 0.915846 0.991659
vt 0.723609 0.789859
vt 0.259694 0.879842
vt 0.228074 0.890854
vt 0.163326 0.967891
vt 0.434090 0.820595
vt 0.240772 0.943722
vt 0.114672 0.981644
vt 0.353585 0.907150
vt 0.594413 0.822224
vt 0.081804 0.925870
vt 0.647442 0.810012
vt 0.834205 0.900009
vt 0.781020 0.794512
vt 0.792719 0.801095
vt 0.804592 0.808482
vt 0.815469 0.821245
vt 0.771532 0.791988
vt 0.062286 0.996242
vt 0.404873 0.827239
vt 0.085021 0.994462
vt 0.761645 0.790147
vt 0.027504 0.955428
vt 0.106156 0.985000
vt 0.552846 0.836528
vt 0.525458 0.845585
vt 0.505917 0.853814
vt 0.174971 0.969633
vt 0.750055 0.789213
vt 0.736043 0.789145
vt 0.468527 0.869424
vt 0.461284 0.812870
vt 0.060813 0.926986
vt 0.678421 0.465732
vt 0.175813 0.902876
vt 0.213477 0.888714
vt 0.493814 0.800183
vt 0.520454 0.791712
vt 0.536090 0.780918
vt 0.560325 0.770692
vt 0.630369 0.748182
vt 0.655916 0.740612
vt 0.608419 0.758923
vt 0.318429 0.856055
vt 0.580220 0.767849
vt 0.869964 0.999601
vt 0.074025 0.998930
vt 0.282917 0.866318
vt 0.249332 0.876729
vt 0.449853 0.881211
vt 0.251250 0.946995
vt 0.224648 0.959254
vt 0.039720 0.934075
vt 0.029534 0.940256
vt 0.037149 0.989733
vt 0.049493 0.999601
vt 0.556763 0.165375
vt 0.589032 0.164974
vt 0.602399 0.172481
vt 0.557978 0.173405
vt 0.628165 0.167228
vt 0.529909 0.170297
vt 0.680949 0.168970
vt 0.697909 0.172659
vt 0.709635 0.165388
vt 0.764746 0.169574
vt 0.774239 0.174602
vt 0.802796 0.173228
vt 0.803886 0.166425
vt 0.630601 0.161933
vt 0.827749 0.171619
vt 0.768258 0.163557
vt 0.526522 0.161764
vt 0.504055 0.165169
vt 0.835576 0.164485
vt 0.556393 0.158884
vt 0.874084 0.169438
vt 0.585142 0.155839
vt 0.713757 0.158897
vt 0.681248 0.160917
vt 0.504750 0.171336
vt 0.478753 0.169369
vt 0.784712 0.179504
vt 0.482618 0.164178
vt 0.817354 0.179371
vt 0.842775 0.177365
vt 0.876925 0.175939
vt 0.893037 0.174418
vt 0.894485 0.182854
vt 0.729751 0.179462
vt 0.680324 0.178499
vt 0.605788 0.178417
vt 0.441413 0.167183
vt 0.437200 0.161898
vt 0.411684 0.163699
vt 0.394519 0.157326
vt 0.419673 0.170723
vt 0.366090 0.166440
vt 0.380657 0.169859
vt 0.375339 0.160958
vt 0.342188 0.162485
vt 0.338026 0.171058
vt 0.273955 0.170942
vt 0.317914 0.172905
vt 0.287845 0.161204
vt 0.256219 0.162589
vt 0.256574 0.171583
vt 0.468914 0.157877
vt 0.500328 0.156467
vt 0.424707 0.156930
vt 0.886777 0.163813
vt 0.897472 0.166449
vt 0.874064 0.163489
vt 0.805579 0.159732
vt 0.915416 0.172923
vt 0.915858 0.165809
vt 0.926228 0.166080
vt 0.925180 0.175880
vt 0.364590 0.151882
vt 0.242212 0.172305
vt 0.337717 0.153999
vt 0.918362 0.159765
vt 0.761728 0.157486
vt 0.914650 0.179637
vt 0.231876 0.163176
vt 0.276686 0.157150
vt 0.251748 0.152712
vt 0.245428 0.157728
vt 0.354141 0.175364
vt 0.936763 0.173327
vt 0.535651 0.152539
vt 0.897998 0.157650
vt 0.632270 0.154848
vt 0.680243 0.154578
vt 0.872940 0.156367
vt 0.838655 0.155505
vt 0.929430 0.160159
vt 0.936924 0.166139
vt 0.502474 0.149789
vt 0.475617 0.151286
vt 0.446759 0.153677
vt 0.415274 0.148976
vt 0.556079 0.149394
vt 0.888672 0.153834
vt 0.229611 0.154195
vt 0.829207 0.153603
vt 0.272347 0.151745
vt 0.707622 0.152189
vt 0.758663 0.152079
vt 0.232225 0.147465
vt 0.224727 0.173055
vt 0.798480 0.152778
vt 0.925735 0.153014
vt 0.359311 0.146705
vt 0.379982 0.141767
vt 0.915653 0.152052
vt 0.587929 0.146838
vt 0.299730 0.146227
vt 0.938505 0.158351
vt 0.446655 0.145489
vt 0.639314 0.146155
vt 0.674292 0.146783
vt 0.721329 0.146986
vt 0.216033 0.164396
vt 0.212721 0.153836
vt 0.892170 0.147705
vt 0.534459 0.143335
vt 0.501071 0.144975
vt 0.765901 0.147131
vt 0.265871 0.145470
vt 0.872488 0.146672
vt 0.801279 0.147830
vt 0.477017 0.143858
vt 0.567980 0.140824
vt 0.830883 0.147826
vt 0.351779 0.140902
vt 0.250531 0.143018
vt 0.933103 0.148257
vt 0.921984 0.143571
vt 0.491523 0.139107
vt 0.415478 0.140103
vt 0.213244 0.145711
vt 0.770199 0.141384
vt 0.720634 0.141101
vt 0.612479 0.140736
vt 0.912370 0.141923
vt 0.876171 0.140530
vt 0.894012 0.141458
vt 0.226147 0.140432
vt 0.645546 0.138106
vt 0.308127 0.140153
vt 0.271170 0.139268
vt 0.369172 0.135113
vt 0.826183 0.141766
vt 0.947658 0.164970
vt 0.205360 0.165840
vt 0.383307 0.132083
vt 0.558477 0.134725
vt 0.453435 0.138701
vt 0.530138 0.134943
vt 0.942560 0.149085
vt 0.211941 0.173447
vt 0.596240 0.134259
vt 0.198341 0.154871
vt 0.196580 0.148368
vt 0.931708 0.180747
vt 0.950235 0.154559
vt 0.948077 0.173173
vt 0.266808 0.180660
vt 0.249633 0.183026
vt 0.309902 0.182418
vt 0.530424 0.177845
vt 0.339891 0.182978
vt 0.919337 0.186452
vt 0.236736 0.182237
vt 0.792442 0.185719
vt 0.880283 0.181821
vt 0.571262 0.182473
vt 0.487245 0.177413
vt 0.468548 0.175285
vt 0.827066 0.186888
vt 0.223981 0.181954
vt 0.876860 0.187049
vt 0.361142 0.181532
vt 0.390836 0.177787
vt 0.409512 0.174696
vt 0.445947 0.176378
vt 0.659233 0.182406
vt 0.724521 0.185644
vt 0.939598 0.181545
vt 0.616657 0.185435
vt 0.199835 0.173966
vt 0.262950 0.188795
vt 0.210711 0.181912
vt 0.932867 0.188738
vt 0.516632 0.181366
vt 0.399895 0.183565
vt 0.949704 0.180335
vt 0.296796 0.192618
vt 0.545701 0.185807
vt 0.334828 0.191434
vt 0.802016 0.191926
vt 0.672205 0.190349
vt 0.776783 0.192142
vt 0.363037 0.190015
vt 0.892952 0.189661
vt 0.925214 0.192533
vt 0.866707 0.189251
vt 0.577710 0.188100
vt 0.246351 0.193900
vt 0.232637 0.192135
vt 0.825576 0.196052
vt 0.914389 0.194325
vt 0.703357 0.193151
vt 0.748388 0.194676
vt 0.884326 0.196227
vt 0.892843 0.195388
vt 0.863406 0.194684
vt 0.484103 0.183364
vt 0.463083 0.183818
vt 0.434312 0.185533
vt 0.635410 0.191048
vt 0.391020 0.192748
vt 0.258348 0.195896
vt 0.523953 0.187858
vt 0.221272 0.191384
vt 0.946602 0.188483
vt 0.836089 0.199996
vt 0.337089 0.197697
vt 0.956897 0.171515
vt 0.195813 0.181574
vt 0.955460 0.161571
vt 0.936128 0.194725
vt 0.795817 0.201516
vt 0.291887 0.201516
vt 0.211460 0.191269
vt 0.676316 0.200535
vt 0.708263 0.200529
vt 0.641496 0.197071
vt 0.591929 0.196517
vt 0.363210 0.199367
vt 0.569500 0.197219
vt 0.201952 0.191787
vt 0.162448 0.508641
vt 0.173696 0.483061
vt 0.163805 0.480959
vt 0.164079 0.548732
vt 0.174351 0.444668
vt 0.172913 0.547677
vt 0.185390 0.428984
vt 0.185225 0.477678
vt 0.175755 0.424413
vt 0.176234 0.404161
vt 0.184464 0.521475
vt 0.185541 0.409809
vt 0.173960 0.560445
vt 0.182398 0.550529
vt 0.185561 0.399684
vt 0.182890 0.559257
vt 0.188679 0.498369
vt 0.163988 0.559974
vt 0.165526 0.449746
vt 0.159662 0.538993
vt 0.192971 0.475524
vt 0.178439 0.395633
vt 0.171507 0.360254
vt 0.181921 0.386085
vt 0.190834 0.532424
vt 0.195320 0.414679
vt 0.194319 0.434276
vt 0.195524 0.548389
vt 0.196413 0.509021
vt 0.194099 0.559784
vt 0.194477 0.393232
vt 0.194743 0.377812
vt 0.172006 0.372908
vt 0.201198 0.483594
vt 0.203772 0.375405
vt 0.202442 0.406104
vt 0.188240 0.371249
vt 0.202886 0.363351
vt 0.202357 0.515081
vt 0.202742 0.546425
vt 0.178272 0.355161
vt 0.196133 0.351628
vt 0.200878 0.435366
vt 0.170163 0.353887
vt 0.176023 0.342196
vt 0.204843 0.350475
vt 0.198887 0.338254
vt 0.185244 0.568906
vt 0.208128 0.560040
vt 0.208128 0.409939
vt 0.175335 0.570231
vt 0.167863 0.356331
vt 0.166632 0.345865
vt 0.167526 0.335337
vt 0.187743 0.335777
vt 0.193263 0.323623
vt 0.199169 0.566610
vt 0.165373 0.429883
vt 0.168594 0.415268
vt 0.153120 0.530686
vt 0.153876 0.548805
vt 0.155937 0.478530
vt 0.163473 0.569305
vt 0.181747 0.324725
vt 0.164357 0.342958
vt 0.427411 0.674122
vt 0.435359 0.667006
vt 0.443759 0.674886
vt 0.428090 0.665393
vt 0.476798 0.665390
vt 0.475283 0.674094
vt 0.517216 0.665948
vt 0.523199 0.673527
vt 0.561080 0.667765
vt 0.557027 0.675946
vt 0.584113 0.667675
vt 0.579401 0.675990
vt 0.608382 0.666833
vt 0.617021 0.676528
vt 0.621772 0.673600
vt 0.625380 0.665972
vt 0.642983 0.669524
vt 0.642569 0.676359
vt 0.405851 0.667904
vt 0.644718 0.665635
vt 0.655682 0.678226
vt 0.661524 0.668115
vt 0.405756 0.677390
vt 0.389187 0.669337
vt 0.380657 0.678598
vt 0.368347 0.677657
vt 0.370075 0.669008
vt 0.354464 0.667313
vt 0.339961 0.669660
vt 0.342642 0.677695
vt 0.338288 0.674758
vt 0.310741 0.668382
vt 0.301335 0.673657
vt 0.292915 0.666373
vt 0.266369 0.666735
vt 0.265579 0.676133
vt 0.239567 0.674995
vt 0.239308 0.666276
vt 0.192145 0.674158
vt 0.196773 0.664865
vt 0.157462 0.673882
vt 0.161242 0.664972
vt 0.139716 0.673645
vt 0.140682 0.664769
vt 0.125475 0.665875
vt 0.127022 0.675791
vt 0.436434 0.656771
vt 0.303237 0.678539
vt 0.675698 0.679436
vt 0.521746 0.679061
vt 0.485879 0.678292
vt 0.673962 0.668780
vt 0.557714 0.660257
vt 0.476621 0.658140
vt 0.638256 0.682998
vt 0.248066 0.682914
vt 0.190876 0.681585
vt 0.144972 0.683494
vt 0.575672 0.683141
vt 0.616529 0.683024
vt 0.536365 0.683123
vt 0.338960 0.683992
vt 0.435562 0.681216
vt 0.126771 0.687168
vt 0.660101 0.686416
vt 0.654800 0.689010
vt 0.673320 0.688286
vt 0.367778 0.687711
vt 0.404087 0.684040
vt 0.298803 0.687641
vt 0.488077 0.684130
vt 0.687155 0.687368
vt 0.688223 0.680675
vt 0.113877 0.682240
vt 0.114112 0.676680
vt 0.160037 0.687935
vt 0.636395 0.689341
vt 0.245275 0.688444
vt 0.340079 0.689470
vt 0.312997 0.690647
vt 0.614630 0.687756
vt 0.579930 0.687918
vt 0.561769 0.689555
vt 0.114595 0.691040
vt 0.699641 0.683203
vt 0.519363 0.689237
vt 0.691349 0.693904
vt 0.436643 0.688229
vt 0.702945 0.692647
vt 0.143274 0.696090
vt 0.125272 0.696044
vt 0.479421 0.690913
vt 0.297306 0.697111
vt 0.242795 0.694282
vt 0.177113 0.692988
vt 0.398446 0.690029
vt 0.680381 0.699120
vt 0.617069 0.695992
vt 0.580825 0.697550
vt 0.336759 0.700620
vt 0.366068 0.699831
vt 0.380841 0.700933
vt 0.406724 0.696442
vt 0.664170 0.699399
vt 0.646666 0.698093
vt 0.561691 0.696241
vt 0.522632 0.695697
vt 0.296902 0.703983
vt 0.208238 0.700011
vt 0.263016 0.700691
vt 0.257035 0.707451
vt 0.136762 0.706375
vt 0.200225 0.707502
vt 0.111669 0.702766
vt 0.693660 0.707502
vt 0.702738 0.703826
vt 0.105926 0.692229
vt 0.706888 0.684855
vt 0.103078 0.682339
vt 0.688348 0.670674
vt 0.114161 0.667052
vt 0.700758 0.673176
vt 0.712926 0.697746
vt 0.102217 0.707121
vt 0.716338 0.690480
vt 0.710095 0.675907
vt 0.586063 0.659577
vt 0.420659 0.658221
vt 0.617319 0.657888
vt 0.175650 0.656667
vt 0.144840 0.657038
vt 0.331001 0.661803
vt 0.669250 0.659527
vt 0.649024 0.658943
vt 0.247353 0.658530
vt 0.125956 0.657654
vt 0.631471 0.657247
vt 0.516212 0.657277
vt 0.381071 0.660370
vt 0.367620 0.660477
vt 0.690610 0.662411
vt 0.112449 0.658183
vt 0.296164 0.658611
vt 0.704828 0.665400
vt 0.466649 0.654828
vt 0.347419 0.659800
vt 0.671247 0.251540
vt 0.661325 0.243052
vt 0.671510 0.242519
vt 0.669228 0.263140
vt 0.658287 0.259171
vt 0.689211 0.242729
vt 0.661056 0.265380
vt 0.628045 0.243312
vt 0.628841 0.252942
vt 0.598989 0.243189
vt 0.602547 0.253349
vt 0.569457 0.243704
vt 0.569593 0.254121
vt 0.627637 0.258995
vt 0.603727 0.259337
vt 0.579323 0.261609
vt 0.559369 0.243827
vt 0.686868 0.252096
vt 0.708834 0.244517
vt 0.709730 0.250494
vt 0.578734 0.233674
vt 0.658633 0.233336
vt 0.683241 0.264211
vt 0.684467 0.255457
vt 0.692751 0.265294
vt 0.704193 0.257639
vt 0.671095 0.269359
vt 0.732993 0.244954
vt 0.732949 0.253234
vt 0.750047 0.244977
vt 0.748213 0.254440
vt 0.762919 0.254713
vt 0.610833 0.234187
vt 0.673066 0.228675
vt 0.632351 0.234680
vt 0.568256 0.234742
vt 0.684159 0.229404
vt 0.732129 0.235594
vt 0.709066 0.237462
vt 0.748465 0.234902
vt 0.693727 0.233090
vt 0.761797 0.236450
vt 0.711204 0.263410
vt 0.768407 0.245337
vt 0.558548 0.255365
vt 0.684000 0.271659
vt 0.634413 0.227539
vt 0.660449 0.225559
vt 0.612152 0.228111
vt 0.580920 0.226667
vt 0.778290 0.236385
vt 0.558822 0.233939
vt 0.685774 0.222998
vt 0.712599 0.223199
vt 0.779462 0.254505
vt 0.567893 0.227395
vt 0.782665 0.245767
vt 0.569603 0.262739
vt 0.734056 0.265325
vt 0.747991 0.264754
vt 0.608273 0.264892
vt 0.631281 0.265415
vt 0.718063 0.267557
vt 0.759696 0.265037
vt 0.768356 0.261025
vt 0.775815 0.265241
vt 0.725086 0.226180
vt 0.580878 0.266721
vt 0.750085 0.222627
vt 0.731440 0.221990
vt 0.760768 0.223158
vt 0.669557 0.219758
vt 0.620424 0.223014
vt 0.645487 0.220218
vt 0.604568 0.221723
vt 0.782483 0.228656
vt 0.771881 0.223540
vt 0.791182 0.238230
vt 0.794900 0.254091
vt 0.552956 0.244002
vt 0.661605 0.274033
vt 0.579418 0.220739
vt 0.569022 0.220984
vt 0.798866 0.246593
vt 0.687960 0.215882
vt 0.788934 0.222763
vt 0.558626 0.224523
vt 0.805829 0.239700
vt 0.803657 0.227180
vt 0.735924 0.274142
vt 0.714855 0.273405
vt 0.789390 0.263692
vt 0.747230 0.274033
vt 0.767024 0.273709
vt 0.802454 0.263091
vt 0.706705 0.921428
vt 0.694765 0.916210
vt 0.696281 0.932150
vt 0.707749 0.934180
vt 0.706487 0.910790
vt 0.696624 0.907443
vt 0.695994 0.945413
vt 0.706778 0.944935
vt 0.684589 0.929842
vt 0.685327 0.943934
vt 0.685718 0.907981
vt 0.678707 0.925011
vt 0.706122 0.900172
vt 0.697252 0.898186
vt 0.686764 0.898751
vt 0.714354 0.910438
vt 0.719688 0.929400
vt 0.714657 0.943895
vt 0.706693 0.952684
vt 0.696683 0.957899
vt 0.686489 0.956497
vt 0.675155 0.933498
vt 0.677710 0.907278
vt 0.672515 0.920579
vt 0.672033 0.944229
vt 0.686109 0.892350
vt 0.721264 0.944344
vt 0.709204 0.958101
vt 0.715161 0.895847
vt 0.721264 0.908631
vt 0.698050 0.889313
vt 0.706869 0.892528
vt 0.675904 0.896044
vt 0.666256 0.931754
vt 0.668021 0.909792
vt 0.666636 0.919825
vt 0.673480 0.950259
vt 0.707895 0.881420
vt 0.688272 0.880292
vt 0.714692 0.884884
vt 0.698503 0.879090
vt 0.162272 0.868475
vt 0.171928 0.864820
vt 0.163056 0.858409
vt 0.163557 0.876063
vt 0.172704 0.877701
vt 0.172235 0.849225
vt 0.163401 0.848991
vt 0.154726 0.865626
vt 0.154450 0.855239
vt 0.153813 0.846783
vt 0.163063 0.840723
vt 0.147425 0.862127
vt 0.152860 0.878814
vt 0.153240 0.838242
vt 0.173074 0.837104
vt 0.182099 0.855214
vt 0.144108 0.849342
vt 0.144796 0.875621
vt 0.140805 0.859537
vt 0.164199 0.831822
vt 0.182012 0.865725
vt 0.182535 0.843023
vt 0.163321 0.882503
vt 0.183705 0.877661
vt 0.151531 0.828874
vt 0.141437 0.839327
vt 0.175571 0.828013
vt 0.184319 0.832573
vt 0.174509 0.885787
vt 0.164075 0.890211
vt 0.153457 0.890471
vt 0.175242 0.896016
vt 0.184319 0.895369
vt 0.166226 0.900638
vt 0.362778 0.467700
vt 0.362472 0.477788
vt 0.353519 0.469300
vt 0.352674 0.477969
vt 0.372081 0.476444
vt 0.372631 0.467304
vt 0.359291 0.459034
vt 0.350342 0.460366
vt 0.368303 0.458944
vt 0.341870 0.469307
vt 0.344700 0.480071
vt 0.355237 0.485823
vt 0.380987 0.470446
vt 0.363866 0.488910
vt 0.376175 0.484763
vt 0.385728 0.477085
vt 0.378840 0.459535
vt 0.387246 0.465632
vt 0.361830 0.450210
vt 0.350387 0.449846
vt 0.342200 0.454722
vt 0.333356 0.462488
vt 0.332849 0.473551
vt 0.371526 0.446873
vt 0.333775 0.484442
vt 0.342117 0.491796
vt 0.353995 0.495179
vt 0.377579 0.490273
vt 0.388908 0.482519
vt 0.365390 0.498404
vt 0.392756 0.487478
vt 0.344682 0.498389
vt 0.396141 0.478153
vt 0.387366 0.454928
vt 0.385374 0.498389
vt 0.325683 0.483981
vt 0.330852 0.453250
vt 0.384117 0.446528
vt 0.325534 0.493717
vt 0.186858 0.204907
vt 0.193234 0.208843
vt 0.191862 0.214186
vt 0.188292 0.201804
vt 0.196489 0.216894
vt 0.193259 0.220457
vt 0.199314 0.220313
vt 0.183174 0.197277
vt 0.184396 0.196986
vt 0.182752 0.194394
vt 0.178317 0.191664
vt 0.180223 0.187425
vt 0.176987 0.186087
vt 0.178990 0.182060
vt 0.180064 0.200817
vt 0.163033 0.188588
vt 0.172569 0.199486
vt 0.179701 0.207723
vt 0.160629 0.214788
vt 0.158308 0.206510
vt 0.148942 0.208570
vt 0.157154 0.221115
vt 0.148905 0.194113
vt 0.160016 0.198917
vt 0.152061 0.186047
vt 0.169058 0.220843
vt 0.177446 0.218455
vt 0.143146 0.178140
vt 0.168024 0.229879
vt 0.187767 0.214783
vt 0.183254 0.205039
vt 0.186906 0.229202
vt 0.188524 0.218413
vt 0.165859 0.178278
vt 0.151001 0.169570
vt 0.142350 0.165354
vt 0.157980 0.167189
vt 0.168053 0.166256
vt 0.177238 0.169140
vt 0.177628 0.153761
vt 0.183831 0.147167
vt 0.155985 0.150024
vt 0.148001 0.145862
vt 0.177087 0.146337
vt 0.163280 0.149812
vt 0.160085 0.132965
vt 0.154249 0.124892
vt 0.167929 0.132734
vt 0.168202 0.104956
vt 0.175239 0.103871
vt 0.179601 0.078050
vt 0.173907 0.079334
vt 0.186906 0.040946
vt 0.186121 0.074203
vt 0.196237 0.039152
vt 0.192103 0.024630
vt 0.186927 0.023788
vt 0.192176 0.013467
vt 0.196683 0.014781
vt 0.176254 0.115209
vt 0.198715 0.023761
vt 0.182212 0.099222
vt 0.180607 0.136590
vt 0.182335 0.124193
vt 0.187965 0.082842
vt 0.180512 0.172917
vt 0.205524 0.012688
vt 0.188194 0.108429
vt 0.202908 0.032622
vt 0.200997 0.005984
vt 0.185884 0.006631
vt 0.390840 0.336493
vt 0.386425 0.326195
vt 0.434847 0.339178
vt 0.439321 0.347942
vt 0.469355 0.353048
vt 0.471460 0.344449
vt 0.499352 0.357365
vt 0.496053 0.363059
vt 0.536472 0.368999
vt 0.530234 0.377782
vt 0.571850 0.387248
vt 0.473961 0.364384
vt 0.512413 0.375497
vt 0.613665 0.393892
vt 0.611884 0.402015
vt 0.673723 0.410547
vt 0.681395 0.420617
vt 0.715629 0.428452
vt 0.733228 0.423272
vt 0.767647 0.442923
vt 0.784135 0.437141
vt 0.805127 0.453938
vt 0.820717 0.447925
vt 0.849555 0.454415
vt 0.868722 0.466370
vt 0.610087 0.385280
vt 0.680322 0.404066
vt 0.368679 0.323707
vt 0.367028 0.332259
vt 0.336223 0.324263
vt 0.335749 0.312760
vt 0.878225 0.458707
vt 0.914440 0.463776
vt 0.893172 0.457964
vt 0.920320 0.452474
vt 0.943923 0.472009
vt 0.942939 0.458435
vt 0.313239 0.315282
vt 0.311339 0.305329
vt 0.292883 0.302734
vt 0.289034 0.314735
vt 0.261797 0.303146
vt 0.258149 0.290919
vt 0.229945 0.284050
vt 0.209481 0.281680
vt 0.202192 0.287251
vt 0.189847 0.273180
vt 0.175680 0.284061
vt 0.157339 0.273335
vt 0.142215 0.281490
vt 0.152058 0.260785
vt 0.128744 0.272672
vt 0.121086 0.284530
vt 0.123862 0.290039
vt 0.104849 0.284647
vt 0.106088 0.299751
vt 0.140174 0.234791
vt 0.161033 0.250057
vt 0.096083 0.304255
vt 0.125974 0.256389
vt 0.128519 0.232678
vt 0.084259 0.327407
vt 0.078775 0.318481
vt 0.070011 0.347194
vt 0.081212 0.345473
vt 0.186135 0.260718
vt 0.200913 0.264039
vt 0.232310 0.274174
vt 0.135499 0.219433
vt 0.123075 0.214432
vt 0.153320 0.237182
vt 0.125654 0.204351
vt 0.075428 0.359731
vt 0.962830 0.466230
vt 0.088690 0.296016
vt 0.960602 0.477509
vt 0.527311 0.355757
vt 0.752257 0.423151
vt 0.071898 0.375378
vt 0.269010 0.286752
vt 0.293701 0.292701
vt 0.128221 0.195355
vt 0.110968 0.256662
vt 0.093385 0.277458
vt 0.117860 0.239228
vt 0.062865 0.366321
vt 0.928457 0.444001
vt 0.574791 0.370800
vt 0.625351 0.380261
vt 0.064468 0.395841
vt 0.076502 0.395357
vt 0.071666 0.408277
vt 0.054845 0.425347
vt 0.066183 0.425163
vt 0.054296 0.450355
vt 0.046514 0.446540
vt 0.037532 0.474616
vt 0.044678 0.478801
vt 0.033075 0.448056
vt 0.042816 0.425248
vt 0.325925 0.299616
vt 0.027874 0.469434
vt 0.852177 0.443001
vt 0.798923 0.435634
vt 0.879662 0.447664
vt 0.032936 0.485956
vt 0.041691 0.486354
vt 0.088960 0.329651
vt 0.100138 0.317091
vt 0.114520 0.303839
vt 0.129322 0.295861
vt 0.487314 0.343474
vt 0.903679 0.448869
vt 0.177348 0.247902
vt 0.373100 0.313997
vt 0.358454 0.307974
vt 0.955677 0.456809
vt 0.117447 0.203334
vt 0.121207 0.182032
vt 0.132443 0.178829
vt 0.132924 0.167007
vt 0.125958 0.162567
vt 0.137929 0.144795
vt 0.133367 0.128239
vt 0.142881 0.121376
vt 0.141005 0.094851
vt 0.148265 0.097118
vt 0.156810 0.101145
vt 0.160622 0.077006
vt 0.153222 0.069930
vt 0.168561 0.034024
vt 0.161005 0.034122
vt 0.161048 0.021116
vt 0.170934 0.021085
vt 0.176604 0.042728
vt 0.180332 0.023538
vt 0.153760 0.030710
vt 0.179737 0.036316
vt 0.939113 0.438414
vt 0.148752 0.132157
vt 0.200930 0.257477
vt 0.057467 0.384690
vt 0.049930 0.403989
vt 0.305496 0.291576
vt 0.100811 0.256999
vt 0.106878 0.234832
vt 0.945021 0.483778
vt 0.258523 0.277396
vt 0.220027 0.259549
vt 0.439635 0.331577
vt 0.414519 0.321196
vt 0.171271 0.075383
vt 0.685410 0.397424
vt 0.081275 0.358001
vt 0.389093 0.320590
vt 0.121466 0.160477
vt 0.143310 0.215595
vt 0.154438 0.229073
vt 0.059601 0.342001
vt 0.073516 0.305759
vt 0.920049 0.470397
vt 0.578646 0.398198
vt 0.441706 0.357127
vt 0.418899 0.345221
vt 0.129654 0.124948
vt 0.022297 0.480608
vt 0.049682 0.479233
vt 0.194713 0.293870
vt 0.255653 0.310144
vt 0.160827 0.291495
vt 0.082339 0.371049
vt 0.138140 0.187492
vt 0.578633 0.363691
vt 0.113719 0.185863
vt 0.083500 0.272215
vt 0.181292 0.014105
vt 0.473514 0.334405
vt 0.059970 0.450653
vt 0.960880 0.489722
vt 0.308377 0.325111
vt 0.765677 0.418071
vt 0.629998 0.412850
vt 0.759073 0.450908
vt 0.796557 0.459592
vt 0.843291 0.469174
vt 0.888201 0.472814
vt 0.143185 0.292081
vt 0.165205 0.101052
vt 0.698194 0.434130
vt 0.138996 0.069351
vt 0.145140 0.030184
vt 0.150689 0.017322
vt 0.024622 0.442624
vt 0.169829 0.010087
vt 0.953448 0.442148
vt 0.352193 0.334090
vt 0.385548 0.342286
vt 0.048678 0.490167
vt 0.110205 0.213504
vt 0.156536 0.010293
vt 0.971645 0.459060
vt 0.090175 0.248125
vt 0.080436 0.410823
vt 0.037138 0.411489
vt 0.043212 0.384732
vt 0.038644 0.496407
vt 0.801849 0.428084
vt 0.264173 0.314741
vt 0.502360 0.338917
vt 0.067167 0.286887
vt 0.072420 0.429061
vt 0.601380 0.411054
vt 0.543018 0.391892
vt 0.978502 0.480060
vt 0.974411 0.490736
vt 0.847719 0.432517
vt 0.391672 0.310578
vt 0.498207 0.380559
vt 0.537465 0.348081
vt 0.913050 0.478724
vt 0.879251 0.440777
vt 0.067059 0.270298
vt 0.373756 0.306518
vt 0.020297 0.469032
vt 0.027362 0.492583
vt 0.965655 0.450072
vt 0.980867 0.468535
vt 0.340450 0.294472
vt 0.115861 0.155392
vt 0.124397 0.122223
vt 0.704990 0.397671
vt 0.420324 0.351521
vt 0.055590 0.482967
vt 0.324715 0.289953
vt 0.293637 0.325103
vt 0.049557 0.349004
vt 0.093621 0.231787
vt 0.869422 0.429159
vt 0.630550 0.370700
vt 0.203062 0.251850
vt 0.180913 0.242092
vt 0.089295 0.346883
vt 0.091589 0.224859
vt 0.465985 0.369857
vt 0.442342 0.323369
vt 0.381106 0.345051
vt 0.233850 0.313487
vt 0.080991 0.241448
vt 0.070825 0.258261
vt 0.288517 0.281116
vt 0.248027 0.266926
vt 0.085333 0.399311
vt 0.198864 0.302424
vt 0.178249 0.301483
vt 0.017794 0.490393
vt 0.015780 0.452645
vt 0.933066 0.493255
vt 0.059277 0.292245
vt 0.046967 0.335557
vt 0.094793 0.333241
vt 0.945278 0.497783
vt 0.021748 0.419744
vt 0.033033 0.402995
vt 0.045983 0.498603
vt 0.821766 0.471736
vt 0.086419 0.359442
vt 0.422310 0.357594
vt 0.140748 0.016245
vt 0.947334 0.429811
vt 0.129442 0.070387
vt 0.894293 0.438878
vt 0.915165 0.437248
vt 0.584443 0.355803
vt 0.154722 0.296678
vt 0.142344 0.301848
vt 0.017359 0.433845
vt 0.142930 0.199773
vt 0.802735 0.419170
vt 0.064735 0.457378
vt 0.070950 0.446219
vt 0.108751 0.181461
vt 0.014934 0.468573
vt 0.029453 0.498066
vt 0.340612 0.338429
vt 0.767184 0.407634
vt 0.886465 0.480085
vt 0.909506 0.486114
vt 0.751421 0.457082
vt 0.038068 0.368296
vt 0.030527 0.390470
vt 0.144295 0.007481
vt 0.134365 0.034562
vt 0.100098 0.208826
vt 0.056037 0.494769
vt 0.690936 0.440685
vt 0.684591 0.383801
vt 0.118968 0.122617
vt 0.959889 0.504292
vt 0.423959 0.312164
vt 0.126854 0.306492
vt 0.103128 0.321213
vt 0.113869 0.311961
vt 0.012449 0.479227
vt 0.980476 0.455815
vt 0.275340 0.326410
vt 0.473126 0.324743
vt 0.500463 0.329816
vt 0.539697 0.340940
vt 0.842640 0.422266
vt 0.368738 0.296922
vt 0.990170 0.473394
vt 0.223386 0.253660
vt 0.268310 0.267938
vt 0.938079 0.429950
vt 0.087347 0.376028
vt 0.972659 0.503022
vt 0.060064 0.487004
vt 0.806017 0.410179
vt 0.652001 0.367610
vt 0.468107 0.317054
vt 0.156548 0.002171
vt 0.072256 0.242419
vt 0.083239 0.221741
vt 0.084416 0.212261
vt 0.958391 0.435351
vt 0.985330 0.495143
vt 0.123160 0.060874
vt 0.061429 0.266657
vt 0.011238 0.447936
vt 0.107425 0.148001
vt 0.015889 0.497640
vt 0.953461 0.426914
vt 0.067552 0.467310
vt 0.072932 0.455080
vt 0.978282 0.445693
vt 0.078819 0.434602
vt 0.106810 0.160028
vt 0.052388 0.294522
vt 0.320961 0.282416
vt 0.113323 0.118627
vt 0.052675 0.503267
vt 0.889117 0.426083
vt 0.994994 0.486070
vt 0.174209 0.001752
vt 0.016780 0.411844
vt 0.029676 0.380179
vt 0.040619 0.338368
vt 0.085847 0.415402
vt 0.116396 0.317627
vt 0.008481 0.464321
vt 0.043892 0.506385
vt 0.128656 0.026164
vt 0.100384 0.337812
vt 0.996240 0.461861
vt 0.106317 0.329667
vt 0.096038 0.346286
vt 0.011187 0.429716
vt 0.033176 0.506236
vt 0.103174 0.178085
vt 0.091971 0.361869
vt 0.092187 0.197942
vt 0.008161 0.487209
vt 0.024278 0.503924
vt 0.384677 0.345173
vt 0.414837 0.354903
vt 0.405028 0.357633
vt 0.420497 0.353117
vt 0.132300 0.013723
vt 0.136635 0.004911
vt 0.092307 0.378297
vt 0.144724 0.000399
vt 0.109598 0.112661
vt 0.119307 0.056369
vt 0.999590 0.473506
vt 0.985128 0.506385
vt 0.994544 0.447290
vt 0.100372 0.159030
vt 0.129821 0.312092
vt 0.006717 0.450378
vt 0.006077 0.475493
vt 0.995348 0.497257
vt 0.093911 0.148276
vt 0.068110 0.241279
vt 0.048995 0.288288
vt 0.024742 0.379116
vt 0.031669 0.356251
vt 0.074863 0.217901
vt 0.035916 0.329775
vt 0.005558 0.497760
vt 0.079393 0.207194
vt 0.084808 0.190678
vt 0.085790 0.176627
vt 0.006511 0.425419
vt 0.009433 0.413569
vt 0.002312 0.439987
vt 0.055347 0.262382
vt 0.000689 0.457609
vt 0.018214 0.387876
vt 0.025089 0.364275
vt 0.119965 0.027325
vt 0.114615 0.051719
vt 0.103605 0.109051
vt 0.124960 0.012732
vt 0.060015 0.249353
vt 0.000411 0.476518
vt 0.130673 0.003097
vt 0.001214 0.489320
vt 0.947044 0.017453
vt 0.946223 0.018755
vt 0.946223 0.013168
vt 0.495484 0.224661
vt 0.481527 0.207796
vt 0.495484 0.196728
vt 0.335222 0.252568
vt 0.339103 0.246498
vt 0.346045 0.252375
vt 0.331594 0.246209
vt 0.346138 0.248087
vt 0.352627 0.252594
vt 0.326355 0.252594
vt 0.520936 0.408220
vt 0.520936 0.436153
vt 0.520115 0.415010
vn 0.327390 0.054652 -0.937401
vn 0.371376 0.007953 -0.923959
vn 0.162535 -0.010208 -0.980495
vn 0.105163 0.024162 -0.987925
vn 0.388873 -0.014681 -0.916879
vn 0.299632 -0.019061 -0.951435
vn 0.449330 -0.016859 -0.888607
vn 0.352916 -0.019321 -0.929001
vn 0.473760 -0.026156 -0.877766
vn 0.142983 -0.019369 -0.985644
vn 0.129336 -0.019993 -0.986206
vn 0.338245 -0.017045 -0.934926
vn 0.150721 -0.004423 -0.981582
vn 0.403761 0.001784 -0.908415
vn 0.269836 0.040032 -0.955890
vn 0.470866 0.034929 -0.875623
vn 0.449003 0.100703 -0.880464
vn 0.221812 0.124463 -0.956799
vn 0.180725 0.095148 -0.973199
vn 0.368495 0.120388 -0.917474
vn 0.034668 0.039641 -0.992825
vn -0.052869 0.103140 -0.981216
vn 0.015435 0.053555 -0.994595
vn -0.026879 -0.021511 -0.994537
vn -0.069075 -0.019552 -0.988867
vn -0.090630 -0.016953 -0.988895
vn -0.063187 -0.019364 -0.992186
vn -0.104118 -0.012206 -0.985509
vn -0.122520 0.015555 -0.987531
vn -0.071768 0.212315 -0.960403
vn 0.181887 0.086524 -0.968787
vn -0.101222 0.095901 -0.983504
vn 0.325568 0.219118 -0.908599
vn -0.144946 0.091459 -0.971421
vn 0.115651 -0.014682 -0.977995
vn 0.401836 -0.022186 -0.906543
vn -0.249851 0.042144 -0.958938
vn -0.177641 -0.021534 -0.981799
vn -0.246069 -0.021503 -0.964784
vn -0.328208 0.025177 -0.935988
vn 0.313247 -0.079708 -0.943266
vn 0.057843 -0.080030 -0.986544
vn -0.188093 -0.042952 -0.965195
vn -0.242738 0.017527 -0.956524
vn -0.234744 -0.097010 -0.954219
vn -0.125242 -0.087231 -0.979870
vn 0.006657 -0.070380 -0.995624
vn 0.199336 -0.074381 -0.974142
vn 0.355785 -0.083740 -0.927425
vn 0.037193 -0.049776 -0.993298
vn -0.160747 -0.046080 -0.978909
vn -0.161511 -0.039082 -0.980101
vn 0.262478 -0.063672 -0.959291
vn 0.188728 -0.088638 -0.971733
vn -0.055311 -0.068371 -0.990865
vn -0.042720 -0.115082 -0.984649
vn 0.169511 -0.146849 -0.966562
vn -0.280820 -0.073204 -0.948468
vn -0.101873 -0.163581 -0.970345
vn -0.281382 -0.089271 -0.947247
vn -0.309202 -0.016851 -0.943946
vn -0.336840 0.107971 -0.924557
vn 0.136056 -0.225539 -0.956674
vn -0.278602 -0.023102 -0.953005
vn -0.326913 -0.020055 -0.938776
vn -0.303243 -0.026492 -0.950607
vn -0.344319 -0.145884 -0.920727
vn -0.349181 0.100573 -0.923874
vn -0.357189 -0.012642 -0.929877
vn -0.354797 0.209529 -0.902180
vn -0.374022 -0.087849 -0.915620
vn -0.468780 -0.031763 -0.871949
vn -0.406624 -0.026813 -0.909130
vn -0.332733 -0.217443 -0.912816
vn 0.000126 -0.297926 -0.932915
vn -0.482881 0.039101 -0.865338
vn -0.499152 0.058209 -0.848830
vn -0.466555 -0.019900 -0.871974
vn -0.468198 -0.021871 -0.879404
vn -0.499376 -0.099147 -0.849053
vn -0.537255 0.064492 -0.833180
vn -0.527820 -0.021350 -0.839217
vn -0.521921 -0.023172 -0.846636
vn -0.521820 -0.060034 -0.839058
vn -0.480021 -0.053627 -0.871427
vn -0.474272 -0.066651 -0.869907
vn -0.520411 -0.160057 -0.832411
vn -0.227195 0.216991 -0.943716
vn 0.008722 0.232683 -0.963797
vn -0.029089 0.102217 -0.982973
vn -0.232798 0.001539 -0.965857
vn -0.174562 -0.145651 -0.959205
vn 0.142393 -0.016126 -0.978208
vn 0.014540 -0.232668 -0.958870
vn -0.393448 -0.053512 -0.895693
vn 0.255811 0.188039 -0.938085
vn -0.384489 -0.191880 -0.895216
vn 0.289250 -0.228568 -0.918994
vn -0.129195 -0.425251 -0.860801
vn 0.295401 -0.272229 -0.894646
vn -0.406716 0.254330 -0.868738
vn 0.171904 0.250779 -0.951710
vn 0.436043 0.022280 -0.884774
vn -0.493048 -0.142611 -0.812308
vn -0.417058 -0.314133 -0.838750
vn -0.416940 0.264159 -0.866335
vn 0.313947 -0.173998 -0.929458
vn 0.397792 -0.112808 -0.902440
vn 0.378163 -0.068032 -0.918979
vn -0.450930 -0.243990 -0.851117
vn 0.362370 -0.211889 -0.900053
vn -0.540986 -0.017072 -0.834206
vn -0.560400 -0.000620 -0.821081
vn -0.610962 0.055775 -0.779422
vn -0.565053 0.133654 -0.801144
vn -0.535610 0.214750 -0.808828
vn -0.588987 -0.020687 -0.803411
vn -0.564931 0.104446 -0.815653
vn -0.604427 -0.025830 -0.791787
vn -0.638992 -0.099217 -0.751543
vn -0.622748 -0.018154 -0.777378
vn -0.523683 0.218821 -0.821414
vn -0.507353 0.303791 -0.798683
vn -0.630488 -0.048114 -0.771679
vn -0.367213 -0.344818 -0.863822
vn -0.417812 -0.328836 -0.844570
vn -0.554917 -0.270443 -0.781329
vn 0.172365 -0.480147 -0.835081
vn -0.603628 -0.256976 -0.743524
vn -0.671730 -0.002820 -0.734977
vn -0.637825 -0.030475 -0.764292
vn -0.659560 0.072057 -0.743643
vn -0.476726 -0.305946 -0.824093
vn 0.456363 -0.080704 -0.880916
vn 0.421456 0.104001 -0.893852
vn 0.412622 0.044215 -0.899811
vn 0.420661 0.149927 -0.892131
vn -0.668356 -0.081895 -0.726231
vn -0.672077 -0.190074 -0.700388
vn 0.497171 -0.178181 -0.835398
vn 0.483774 -0.196091 -0.840887
vn -0.565371 0.376227 -0.724010
vn 0.519358 0.123849 -0.840632
vn 0.523941 -0.158875 -0.829390
vn 0.450913 -0.081755 -0.886330
vn 0.503804 0.035306 -0.856000
vn 0.352840 -0.273419 -0.892008
vn 0.295774 -0.475983 -0.781271
vn 0.370504 -0.352408 -0.847965
vn -0.681804 -0.028051 -0.723075
vn -0.647645 -0.017491 -0.759614
vn -0.691029 -0.026992 -0.713634
vn -0.702589 -0.029087 -0.703588
vn -0.693707 0.014403 -0.715202
vn -0.692694 -0.029135 -0.716776
vn -0.659284 -0.242118 -0.696778
vn -0.668183 0.057157 -0.735519
vn -0.701079 -0.110086 -0.698112
vn -0.401819 -0.463965 -0.782370
vn -0.670787 -0.024732 -0.740965
vn -0.677853 0.187352 -0.706117
vn -0.659455 0.283623 -0.685478
vn -0.738297 -0.019943 -0.670442
vn -0.568982 -0.340889 -0.747729
vn -0.740065 -0.016489 -0.669126
vn -0.633659 -0.270417 -0.722345
vn -0.691426 0.038281 -0.721214
vn -0.694624 0.094581 -0.711462
vn -0.131897 -0.589450 -0.770800
vn -0.675433 -0.280296 -0.675808
vn 0.469530 -0.377562 -0.779914
vn -0.746421 0.028908 -0.663832
vn -0.735278 0.052006 -0.675767
vn -0.761957 -0.026628 -0.646592
vn -0.751323 -0.109096 -0.650515
vn -0.768937 -0.030108 -0.636015
vn -0.705283 0.293474 -0.634071
vn -0.785104 -0.023630 -0.618730
vn -0.790553 -0.030795 -0.611282
vn -0.783780 -0.014866 -0.620794
vn -0.775798 -0.107991 -0.617095
vn -0.774887 -0.194860 -0.599511
vn 0.216148 -0.679814 -0.677999
vn 0.468516 0.205349 -0.852245
vn 0.466713 -0.013742 -0.884024
vn 0.504351 -0.018795 -0.862154
vn 0.474963 -0.171737 -0.849146
vn 0.477589 -0.094839 -0.871152
vn 0.568883 0.004302 -0.815138
vn 0.561077 -0.011349 -0.821882
vn 0.529823 -0.016877 -0.845209
vn 0.558092 0.086514 -0.819404
vn 0.501027 -0.070460 -0.861842
vn 0.517066 0.116845 -0.845626
vn 0.525760 0.065227 -0.845629
vn 0.505430 0.006707 -0.862530
vn 0.568636 0.168525 -0.795979
vn 0.498772 0.223674 -0.832311
vn 0.567676 0.077005 -0.815387
vn 0.571594 -0.198310 -0.792814
vn 0.534963 -0.030806 -0.842947
vn 0.573368 0.131876 -0.803898
vn 0.391189 -0.410999 -0.822612
vn 0.553458 -0.106613 -0.821173
vn 0.033045 -0.657171 -0.752227
vn 0.548977 -0.090591 -0.830835
vn 0.555184 -0.098692 -0.825852
vn 0.567237 -0.014752 -0.823101
vn 0.570649 -0.016631 -0.819218
vn 0.581115 0.118802 -0.804823
vn 0.605210 0.114574 -0.786867
vn 0.610027 -0.013318 -0.791883
vn 0.611771 -0.162146 -0.771603
vn 0.585627 -0.291999 -0.749114
vn 0.639391 0.049455 -0.766604
vn 0.628451 0.202935 -0.749670
vn 0.630189 -0.174449 -0.755077
vn 0.622462 -0.145899 -0.767719
vn 0.438526 -0.538835 -0.715472
vn 0.637958 -0.004581 -0.769984
vn 0.646766 0.012944 -0.762483
vn 0.659348 0.155491 -0.733394
vn 0.559647 -0.392620 -0.728211
vn 0.486039 -0.494130 -0.713462
vn 0.597776 -0.353334 -0.719596
vn 0.378735 -0.661345 -0.633629
vn 0.474102 -0.599989 -0.644063
vn 0.432564 -0.597831 -0.672602
vn 0.404838 -0.586319 -0.700565
vn 0.417149 -0.550084 -0.723460
vn 0.986886 -0.014672 -0.139298
vn 0.996666 0.019705 0.025860
vn 0.995521 -0.022809 0.002752
vn 0.981506 -0.043849 -0.168580
vn 0.992524 -0.069706 -0.001227
vn 0.974583 -0.075889 -0.191200
vn 0.984686 -0.134781 -0.017392
vn 0.945844 -0.128250 -0.273580
vn 0.996733 0.015481 -0.063717
vn 0.975351 -0.022212 -0.208374
vn 0.957173 -0.042314 -0.276130
vn 0.973930 -0.052149 -0.185469
vn 0.940687 -0.067691 -0.322336
vn 0.934701 -0.064767 -0.341863
vn 0.902757 -0.080975 -0.411828
vn 0.908917 -0.083525 -0.385624
vn 0.890377 -0.216783 -0.365607
vn 0.980214 -0.135840 -0.055848
vn 0.937080 -0.127800 -0.307551
vn 0.982965 -0.093601 -0.094934
vn 0.943001 -0.095294 -0.301816
vn 0.857959 -0.106060 -0.490680
vn 0.859395 -0.089567 -0.492863
vn 0.934381 -0.054792 -0.316390
vn 0.865321 -0.104101 -0.479754
vn 0.860217 -0.121277 -0.485904
vn 0.975916 -0.075330 -0.135556
vn 0.895696 -0.298767 -0.290458
vn 0.989142 -0.061335 0.001971
vn 0.767465 -0.068117 -0.616163
vn 0.767276 -0.083483 -0.623041
vn 0.859303 0.023862 -0.501305
vn 0.932372 0.081216 -0.305322
vn 0.766704 0.091470 -0.617564
vn 0.985367 0.013990 0.030891
vn 0.978938 0.080050 0.013733
vn 0.995428 0.015216 -0.068126
vn 0.898892 -0.370243 -0.190703
vn 0.997922 0.032755 -0.025405
vn 0.979643 0.122050 0.024074
vn 0.971102 -0.184430 -0.109515
vn 0.994102 0.002192 -0.056414
vn 0.985330 -0.100943 0.003316
vn 0.938302 -0.308839 -0.058934
vn 0.994170 0.090887 -0.000788
vn 0.979698 0.173800 0.007275
vn 0.925429 0.130148 -0.318882
vn 0.998214 0.031340 0.024809
vn 0.978648 0.112546 -0.150959
vn 0.929627 0.099699 -0.338781
vn 0.971627 0.069182 -0.198269
vn 0.987133 0.088786 0.070096
vn 0.990853 0.046635 -0.088085
vn 0.930542 0.013956 -0.349103
vn 0.983635 0.010229 -0.164996
vn 0.996686 0.008438 -0.047047
vn 0.982122 0.005697 -0.159084
vn 0.995001 0.012590 0.044907
vn 0.995407 0.009989 -0.041842
vn 0.952781 0.001115 -0.271652
vn 0.994921 0.008106 -0.017781
vn 0.977359 0.000748 -0.193044
vn 0.953645 0.003001 -0.273580
vn 0.988652 0.039574 0.114820
vn 0.998083 0.004611 0.008452
vn 0.994535 -0.005342 -0.009772
vn 0.996437 -0.000294 0.064717
vn 0.995735 0.078791 0.024407
vn 0.984659 0.015763 0.156660
vn 0.985337 0.011662 0.142773
vn 0.992377 0.013831 0.103206
vn 0.993870 0.042118 0.066917
vn 0.976713 0.008734 0.186772
vn 0.985995 0.149935 0.013531
vn 0.971991 -0.016903 0.207595
vn 0.949528 -0.050162 0.274491
vn 0.957934 -0.101882 0.217573
vn 0.973873 0.006065 0.206074
vn 0.982237 0.018420 0.170941
vn 0.989537 -0.026392 0.035934
vn 0.976416 -0.053172 0.183660
vn 0.968246 0.008086 -0.236419
vn 0.983868 0.014431 -0.154146
vn 0.989520 0.007147 0.065253
vn 0.975587 0.072306 -0.160713
vn 0.985003 0.069920 0.087477
vn 0.985668 0.093012 -0.086732
vn 0.988242 0.040707 0.093585
vn 0.990451 0.131347 0.011742
vn 0.986066 0.156107 0.001313
vn 0.991367 0.093821 0.024549
vn 0.966778 -0.030615 0.227494
vn 0.937704 0.023299 0.324498
vn 0.934622 0.087556 0.323949
vn 0.984749 0.165184 0.023554
vn 0.984431 -0.073424 0.124293
vn 0.987498 -0.078749 0.066695
vn 0.993039 0.059031 0.033161
vn 0.969247 -0.175286 0.011930
vn 0.980722 0.126778 0.014027
vn 0.985747 0.113953 -0.034923
vn 0.965219 -0.175040 -0.085919
vn 0.989319 -0.047770 -0.089053
vn 0.987534 0.137554 -0.049965
vn 0.964160 -0.111483 0.219479
vn 0.966630 -0.048746 0.228032
vn 0.993763 0.019796 -0.041329
vn 0.987012 0.077857 -0.103908
vn 0.988012 -0.024517 -0.101969
vn 0.984618 -0.126035 0.024105
vn 0.961695 -0.201317 -0.121213
vn 0.969414 -0.196598 -0.028911
vn 0.982868 -0.135465 0.063413
vn 0.994781 0.042470 0.025754
vn 0.989834 -0.081140 0.054973
vn 0.989763 0.123133 0.017696
vn 0.990417 -0.066595 0.016527
vn 0.990964 -0.004403 0.027408
vn 0.976102 0.198211 0.024144
vn 0.980162 0.188802 -0.015985
vn 0.967456 0.232215 0.004727
vn 0.991828 0.048007 0.005276
vn 0.965030 -0.210905 0.046392
vn 0.975625 -0.172440 0.019569
vn 0.994730 0.049634 0.004874
vn 0.981136 -0.156235 0.019334
vn 0.991758 -0.072383 0.008891
vn 0.988384 0.122879 0.002695
vn 0.994199 -0.024689 -0.002890
vn 0.982008 0.111357 -0.084510
vn 0.970805 -0.156379 -0.118673
vn 0.965815 -0.128508 0.192818
vn 0.954657 -0.148058 0.217285
vn 0.962772 0.258922 -0.012621
vn 0.976075 0.017251 0.206418
vn 0.951157 -0.098798 0.258549
vn 0.960392 0.235829 0.096612
vn 0.976481 0.207066 0.000431
vn 0.963456 0.254967 -0.003596
vn 0.964890 -0.210895 0.076615
vn 0.933350 -0.311742 0.043197
vn 0.949787 -0.205004 -0.186433
vn 0.942757 0.092142 0.291662
vn 0.954351 0.107637 0.261184
vn 0.966843 0.246676 0.019407
vn 0.949364 0.083368 0.284180
vn 0.968476 -0.045250 0.169876
vn 0.961361 -0.244084 0.037152
vn 0.960304 -0.256142 0.002046
vn 0.942106 -0.297306 0.086728
vn 0.975298 0.216167 -0.002762
vn 0.972812 -0.224618 -0.001819
vn 0.960262 0.272865 -0.023175
vn 0.950042 0.061813 0.281015
vn 0.949834 0.298933 -0.025505
vn 0.923633 -0.093579 -0.315718
vn 0.957435 0.095656 -0.255326
vn 0.930982 0.027323 0.348996
vn 0.941447 0.003340 0.313340
vn 0.954034 0.020408 0.285969
vn 0.950393 0.207403 0.202668
vn 0.968270 -0.241878 0.018193
vn 0.940828 -0.055199 -0.309565
vn 0.905191 0.092429 -0.377580
vn 0.940501 0.014554 0.327293
vn 0.956258 0.285148 0.022439
vn 0.939627 0.329109 -0.018018
vn 0.919547 0.045802 -0.368664
vn 0.948000 0.309623 0.006683
vn 0.945370 -0.258304 0.161336
vn 0.941246 -0.312912 0.086106
vn 0.923241 -0.236834 0.268737
vn 0.939903 -0.269875 0.154597
vn 0.916058 -0.370909 -0.063040
vn 0.958818 0.278096 0.028862
vn 0.944798 0.318690 0.019270
vn 0.934500 -0.302928 -0.150012
vn 0.951370 0.302672 -0.001826
vn 0.921463 -0.099981 0.358111
vn 0.955444 -0.005866 -0.286102
vn 0.912687 0.006939 -0.389573
vn 0.899189 -0.413373 -0.039353
vn 0.922697 0.347865 -0.115059
vn 0.938769 0.121551 -0.314779
vn 0.918117 -0.005251 0.380582
vn 0.914163 0.014102 0.396847
vn 0.931311 0.016343 0.342945
vn 0.926561 -0.040487 0.352497
vn 0.945335 0.322522 -0.016150
vn 0.931591 0.354777 0.025581
vn 0.930512 0.358601 -0.014836
vn 0.938020 0.337873 0.046914
vn 0.931571 0.355962 0.004534
vn 0.896443 -0.420348 0.036266
vn 0.890336 -0.442576 0.012093
vn 0.907705 0.055359 0.376647
vn 0.903503 -0.183358 0.365105
vn 0.874591 -0.118428 0.456874
vn 0.923186 -0.002706 -0.369687
vn 0.884220 -0.390854 0.180089
vn 0.926373 0.025320 0.369522
vn 0.931594 0.359215 -0.017850
vn 0.915730 -0.375172 0.093890
vn 0.918343 -0.041245 0.378809
vn 0.917337 0.006274 0.388272
vn 0.876113 -0.226206 0.381208
vn 0.887707 0.123729 -0.429949
vn 0.904205 0.237345 -0.321064
vn 0.908663 -0.048123 0.402235
vn 0.891557 -0.034767 0.434632
vn 0.913497 0.400858 0.011628
vn 0.936165 0.349481 0.016073
vn 0.919299 0.388893 -0.021098
vn 0.898741 -0.418220 0.066052
vn 0.885042 0.062820 -0.450189
vn 0.870820 -0.187880 -0.415027
vn 0.886425 -0.256812 0.360246
vn 0.862189 -0.461455 -0.119812
vn 0.864558 -0.304751 -0.338046
vn 0.939541 0.342186 -0.011484
vn 0.936525 0.350415 -0.003588
vn 0.917301 0.395370 0.003580
vn 0.910808 0.410422 -0.028575
vn 0.928059 0.369687 0.005325
vn 0.901125 -0.417245 -0.005746
vn 0.884353 0.227666 0.386976
vn 0.844598 -0.476611 0.174881
vn 0.919898 -0.372284 -0.101985
vn 0.925235 -0.374536 0.033270
vn 0.891672 -0.143946 0.413384
vn 0.926153 0.365440 0.087398
vn 0.926375 0.357084 0.118568
vn 0.903425 0.427652 -0.022945
vn 0.919142 0.391036 -0.026056
vn 0.862267 0.025118 0.496393
vn 0.876470 0.083994 -0.458122
vn 0.868996 0.069427 0.481271
vn 0.911356 0.409208 0.021672
vn 0.887679 0.101024 0.441037
vn 0.885833 -0.446748 0.101314
vn 0.914920 0.401982 0.028818
vn 0.863279 -0.140494 0.458430
vn 0.806432 0.098501 0.562721
vn 0.880729 -0.005905 -0.467911
vn 0.822435 -0.091136 0.531668
vn 0.859529 -0.029779 0.492598
vn 0.836960 0.076170 0.530951
vn 0.861550 -0.454191 -0.202672
vn 0.901216 0.431441 0.016156
vn 0.849848 -0.500830 0.075687
vn 0.871889 0.081339 0.467059
vn 0.874548 -0.074256 0.462212
vn 0.851047 -0.417331 0.287369
vn 0.861253 -0.491645 -0.005496
vn 0.852487 -0.004896 -0.506910
vn 0.852264 -0.006082 -0.512644
vn 0.829322 -0.053338 0.542739
vn 0.808603 0.009686 0.574976
vn 0.846464 -0.500750 0.108413
vn 0.844416 0.019404 0.527785
vn 0.838522 -0.010436 0.537340
vn 0.903653 0.427612 0.019156
vn 0.839447 0.011146 -0.536407
vn 0.877195 0.393294 -0.247901
vn 0.896909 0.441693 -0.004756
vn 0.879145 0.021460 0.471772
vn 0.845734 0.024010 0.523849
vn 0.817285 -0.486890 0.268150
vn 0.896653 0.442270 -0.018463
vn 0.870092 -0.478729 -0.075262
vn 0.831286 -0.464933 -0.263711
vn 0.894416 0.446864 0.002888
vn 0.803138 0.155483 0.548727
vn 0.884665 0.445869 -0.124238
vn 0.829304 0.110383 -0.538950
vn 0.822959 -0.038897 0.558796
vn 0.823721 0.009661 0.560409
vn 0.857864 -0.473319 -0.185689
vn 0.803552 -0.071122 0.581496
vn 0.804144 -0.436027 0.382201
vn 0.802998 -0.336113 0.474991
vn 0.790327 -0.594346 0.083047
vn 0.797458 0.128432 -0.576703
vn 0.768414 -0.236127 0.581611
vn 0.860216 -0.509489 -0.002246
vn 0.779229 -0.233196 0.564787
vn 0.812819 -0.554190 -0.109666
vn 0.803964 -0.104351 0.558689
vn 0.797205 -0.074052 0.591549
vn 0.749902 0.003485 0.650687
vn 0.824179 -0.440645 -0.334794
vn 0.813981 0.168317 -0.549587
vn 0.804323 0.140807 -0.571895
vn 0.776222 -0.443902 0.398271
vn 0.860646 -0.221060 0.458717
vn 0.814657 0.087242 -0.564521
vn 0.808205 0.042530 -0.576597
vn 0.822474 0.001203 -0.562050
vn 0.792009 -0.009808 -0.605839
vn 0.847095 -0.114015 -0.503330
vn 0.865043 0.111719 -0.483381
vn 0.855847 0.226919 -0.458425
vn 0.848392 -0.527624 0.034687
vn 0.765613 -0.454081 -0.426417
vn 0.853744 -0.515396 -0.047978
vn 0.741482 -0.129428 0.647695
vn 0.851732 -0.512881 0.103924
vn 0.788177 -0.024053 -0.600742
vn 0.852585 -0.519690 0.018225
vn 0.785318 0.096729 0.605068
vn 0.792390 0.022078 0.606390
vn 0.799057 0.063721 -0.592223
vn 0.733581 0.018545 -0.672198
vn 0.741109 0.017115 0.653382
vn 0.839756 -0.090216 -0.535378
vn 0.828002 -0.197067 -0.520905
vn 0.822675 -0.126145 -0.553798
vn 0.763982 0.063041 0.633947
vn 0.730831 -0.006617 0.673969
vn 0.707904 -0.472352 0.495420
vn 0.832009 -0.552764 0.046992
vn 0.777101 -0.140840 0.610000
vn 0.755061 0.149045 -0.632100
vn 0.792306 0.025232 -0.607214
vn 0.782567 -0.007586 -0.620284
vn 0.807183 -0.584514 0.004858
vn 0.756240 -0.586696 0.261790
vn 0.795256 0.025382 0.603629
vn 0.773978 0.016241 0.632729
vn 0.757508 -0.563190 0.299575
vn 0.791033 -0.570129 -0.210762
vn 0.776112 -0.113965 -0.612193
vn 0.757023 0.018501 0.648168
vn 0.720821 -0.306997 -0.592448
vn 0.799584 -0.326619 -0.489380
vn 0.707067 -0.105612 -0.690363
vn 0.726746 -0.102770 -0.673979
vn 0.777635 -0.315777 -0.529574
vn 0.753591 -0.006783 0.654089
vn 0.730457 -0.016306 0.674395
vn 0.715579 0.095226 0.684504
vn 0.799819 -0.598427 -0.021290
vn 0.781685 -0.619468 0.041586
vn 0.750234 -0.651322 0.093803
vn 0.787998 -0.605059 0.091066
vn 0.741245 0.062061 -0.666054
vn 0.725649 0.006549 -0.685081
vn 0.743936 -0.012279 -0.663916
vn 0.725480 0.217556 0.631175
vn 0.720873 -0.025534 0.688662
vn 0.723870 -0.012351 -0.685471
vn 0.688233 -0.011534 -0.721597
vn 0.746202 -0.070725 0.660762
vn 0.739022 0.111816 -0.662481
vn 0.689999 0.017038 0.720080
vn 0.739463 -0.064411 0.667735
vn 0.741151 0.021949 0.670391
vn 0.731361 -0.129540 0.668791
vn 0.739994 0.176382 -0.647251
vn 0.727039 -0.072380 0.680859
vn 0.736980 -0.663659 -0.109024
vn 0.761756 -0.446561 0.466579
vn 0.763215 -0.531149 0.362360
vn 0.750306 -0.606998 0.254573
vn 0.776533 -0.601108 0.188855
vn 0.730356 -0.353055 0.580559
vn 0.674263 -0.292930 0.662935
vn 0.730314 0.062636 -0.679615
vn 0.709723 0.118054 0.690090
vn 0.718847 -0.266706 0.639948
vn 0.732888 -0.615207 -0.290358
vn 0.718873 0.103853 0.685328
vn 0.707246 -0.085525 0.700618
vn 0.685754 -0.014981 0.724814
vn 0.643474 0.077468 0.759866
vn 0.715308 -0.043350 0.697464
vn 0.704787 -0.190046 0.681820
vn 0.676602 -0.100178 0.726741
vn 0.683443 0.097560 0.722242
vn 0.702842 0.122955 -0.700518
vn 0.698239 0.145997 -0.699864
vn 0.710284 -0.484412 -0.510727
vn 0.657586 0.001535 -0.752462
vn 0.648870 -0.012630 -0.760748
vn 0.696588 0.069403 -0.711977
vn 0.703500 -0.010798 -0.710302
vn 0.651964 -0.082127 -0.752927
vn 0.636243 -0.105759 -0.763950
vn 0.699961 -0.076279 -0.710053
vn 0.678002 -0.089196 -0.729054
vn 0.697135 -0.097290 -0.709800
vn 0.691401 -0.016539 -0.722195
vn 0.667349 -0.119239 -0.734557
vn 0.678462 -0.637424 0.365212
vn 0.648693 -0.097171 0.748706
vn 0.672570 -0.014764 -0.739796
vn 0.659743 -0.015227 -0.751320
vn 0.669092 0.071521 0.739730
vn 0.662238 0.013055 0.749159
vn 0.645787 0.016627 0.763219
vn 0.632990 -0.270884 -0.712603
vn 0.642900 -0.443738 -0.618692
vn 0.606278 -0.622512 0.493574
vn 0.600586 -0.545945 0.572979
vn -0.125240 0.041087 0.985713
vn -0.224861 0.006067 0.967001
vn 0.014190 0.009781 0.994232
vn 0.115359 0.035549 0.985290
vn -0.158925 0.002675 0.984984
vn -0.022199 0.094512 0.986924
vn -0.138538 0.011162 0.989122
vn 0.014495 0.013792 0.994920
vn -0.214015 0.015683 0.970120
vn -0.118458 0.006152 0.991002
vn 0.040843 0.010821 0.996592
vn -0.035363 -0.029169 0.994686
vn -0.225378 -0.035963 0.969496
vn -0.332107 0.003801 0.935602
vn -0.084189 -0.098571 0.985629
vn -0.302248 0.001837 0.949330
vn -0.318385 0.102356 0.933190
vn -0.164310 0.098995 0.971950
vn -0.322758 -0.107742 0.931615
vn -0.381452 0.040605 0.917743
vn -0.147426 -0.110188 0.977742
vn -0.469150 0.001100 0.873242
vn -0.431590 0.017459 0.896069
vn -0.411283 0.015980 0.909671
vn 0.122283 0.114779 0.976083
vn 0.181386 0.028851 0.973332
vn 0.182696 0.001975 0.979001
vn -0.113685 -0.001980 0.980909
vn 0.155844 -0.061660 0.981329
vn 0.089349 -0.119309 0.978210
vn 0.155210 -0.089883 0.972363
vn -0.062749 0.064710 0.982540
vn 0.251820 0.084166 0.953952
vn 0.168797 0.017628 0.981726
vn 0.173589 0.010922 0.982463
vn 0.226608 0.011192 0.970095
vn 0.142401 -0.035874 0.981255
vn -0.142924 -0.047830 0.982530
vn -0.033222 -0.092813 0.987363
vn -0.363074 -0.091749 0.916444
vn 0.162861 -0.091200 0.977927
vn -0.002064 -0.096121 0.991625
vn 0.205962 -0.118413 0.966650
vn -0.240683 -0.083584 0.960046
vn -0.225022 -0.038017 0.965974
vn 0.002431 -0.051310 0.990818
vn -0.033462 -0.031475 0.990371
vn 0.134885 -0.034922 0.987815
vn -0.277354 -0.026648 0.952531
vn -0.249777 -0.101515 0.947027
vn 0.044567 -0.100383 0.983059
vn -0.321928 -0.023307 0.934060
vn -0.371917 0.041858 0.918254
vn -0.393709 -0.058924 0.905228
vn -0.366363 -0.019201 0.918622
vn -0.288050 0.104323 0.944775
vn -0.392611 -0.122024 0.906250
vn -0.458352 -0.040147 0.881630
vn -0.141163 0.064416 0.979656
vn -0.342299 0.084272 0.928175
vn -0.250149 -0.155477 0.942573
vn 0.012801 -0.142385 0.971107
vn -0.480790 -0.072425 0.863489
vn 0.012909 -0.223052 0.960578
vn -0.499087 -0.016554 0.857333
vn -0.497637 0.029796 0.857514
vn -0.463458 0.000290 0.881670
vn 0.124077 0.088779 0.979991
vn -0.260053 -0.262828 0.909422
vn -0.457341 -0.029224 0.885676
vn -0.577342 -0.093044 0.793951
vn -0.491609 -0.174245 0.847896
vn 0.159743 -0.102697 0.978577
vn -0.066051 -0.394424 0.899777
vn -0.529603 0.090088 0.834158
vn -0.518825 0.099594 0.840479
vn -0.573211 -0.003284 0.811730
vn -0.542850 0.016400 0.831120
vn -0.566073 -0.100554 0.807994
vn -0.554272 -0.115327 0.812919
vn -0.473459 -0.212745 0.840235
vn -0.288190 -0.392004 0.859815
vn -0.511163 0.077294 0.847751
vn -0.587047 -0.005561 0.799292
vn -0.551485 -0.037632 0.827138
vn -0.602670 -0.080483 0.782487
vn -0.611566 0.027778 0.782256
vn -0.600793 -0.028270 0.790165
vn -0.506105 -0.281637 0.807748
vn -0.630554 -0.062094 0.767011
vn -0.602568 -0.020675 0.793710
vn -0.584399 0.018719 0.805910
vn -0.584173 0.002282 0.807928
vn -0.681546 -0.197507 0.688914
vn -0.005805 -0.369754 0.909684
vn -0.618255 -0.029898 0.780517
vn -0.650144 -0.132747 0.731494
vn -0.646812 -0.019241 0.757932
vn -0.726975 -0.078701 0.669947
vn -0.672353 0.085081 0.725516
vn -0.675260 -0.010017 0.730216
vn -0.699128 -0.001500 0.703723
vn -0.541951 -0.415723 0.710272
vn -0.725213 -0.037898 0.676275
vn -0.732374 -0.006962 0.669409
vn -0.719659 0.016913 0.685474
vn -0.708882 0.016913 0.700453
vn -0.335822 -0.411878 0.825793
vn -0.575012 -0.394134 0.699631
vn -0.719582 0.051299 0.682332
vn -0.740989 0.068307 0.658698
vn -0.688410 0.064985 0.716221
vn -0.715413 -0.006641 0.694948
vn -0.744136 -0.030395 0.655078
vn -0.704957 -0.092065 0.699278
vn -0.754460 -0.039524 0.650822
vn -0.759892 0.000368 0.640355
vn -0.784111 0.001492 0.612502
vn -0.749702 -0.088017 0.651532
vn -0.751417 -0.010561 0.656923
vn -0.745403 -0.110315 0.652513
vn -0.684049 -0.270213 0.665085
vn -0.758097 -0.022600 0.646118
vn -0.787720 0.072002 0.607975
vn -0.780961 -0.079937 0.615102
vn -0.716778 -0.305975 0.610999
vn -0.781432 -0.012377 0.622450
vn -0.773870 0.020554 0.632742
vn -0.812078 -0.018648 0.580960
vn -0.765809 0.096674 0.635297
vn -0.785599 -0.075276 0.612810
vn -0.773511 0.043920 0.627966
vn -0.793982 -0.173946 0.577762
vn -0.809071 0.005471 0.586195
vn -0.792121 0.013976 0.610184
vn -0.820622 -0.007890 0.568982
vn -0.808175 -0.052140 0.585011
vn -0.805577 -0.058062 0.589088
vn -0.289298 -0.597530 0.722865
vn -0.378859 -0.543712 0.732933
vn -0.831345 -0.085787 0.549067
vn -0.829539 0.023287 0.555862
vn -0.830356 -0.037407 0.554274
vn -0.815962 0.067110 0.573952
vn -0.639247 -0.446557 0.623016
vn -0.021721 -0.550841 0.807053
vn -0.847835 -0.019277 0.529702
vn -0.554893 -0.496910 0.653336
vn -0.673322 -0.446811 0.588224
vn 0.219759 -0.254663 0.930603
vn -0.514926 -0.570446 0.632091
vn -0.005013 -0.589543 0.785874
vn 0.210941 -0.044474 0.968787
vn 0.317807 -0.140649 0.922156
vn 0.268719 -0.029515 0.954177
vn 0.268645 0.091029 0.952373
vn 0.287138 -0.076249 0.946216
vn 0.347361 0.015471 0.921291
vn 0.279661 -0.262965 0.908145
vn 0.320440 -0.008601 0.942670
vn 0.233651 0.046644 0.970294
vn 0.328774 0.031636 0.938412
vn 0.325551 0.107137 0.930533
vn 0.408239 0.020845 0.904055
vn 0.329626 -0.097307 0.932319
vn 0.346651 -0.389320 0.831811
vn 0.341301 -0.070752 0.924619
vn 0.322210 -0.134837 0.931599
vn 0.350178 -0.135549 0.923084
vn 0.321823 -0.090377 0.940123
vn 0.371382 -0.050589 0.919575
vn 0.333956 0.012790 0.939268
vn 0.360869 0.018301 0.926989
vn 0.236261 -0.459158 0.843066
vn 0.413890 0.011009 0.906444
vn 0.022317 -0.666400 0.720035
vn 0.417636 -0.033610 0.903773
vn 0.343996 -0.564218 0.717043
vn 0.411687 -0.297149 0.848757
vn 0.470506 0.119241 0.870959
vn 0.460057 -0.108471 0.876760
vn 0.193295 -0.592763 0.766216
vn 0.508017 -0.024327 0.853512
vn 0.502718 0.068627 0.853718
vn 0.459285 -0.066549 0.880593
vn 0.512447 -0.028333 0.851608
vn 0.513111 0.018482 0.849695
vn 0.470829 0.014040 0.877501
vn 0.494380 -0.140243 0.851322
vn 0.479911 0.100937 0.864986
vn 0.498102 -0.119397 0.848728
vn 0.481892 -0.108385 0.869049
vn 0.568621 0.025062 0.815875
vn 0.494225 -0.123425 0.856662
vn 0.471902 -0.240721 0.845858
vn 0.527821 -0.081072 0.841172
vn 0.505914 0.116622 0.850583
vn 0.559168 0.019843 0.822537
vn 0.524175 0.023048 0.846083
vn 0.535368 -0.056152 0.838889
vn 0.572725 0.125877 0.808049
vn 0.548870 -0.102892 0.827584
vn 0.499496 0.098242 0.858887
vn 0.469328 -0.008950 0.882146
vn 0.490784 -0.076134 0.867237
vn 0.593086 0.013969 0.802042
vn 0.574464 -0.133667 0.803711
vn 0.562891 -0.017987 0.824221
vn 0.530375 0.117685 0.839321
vn 0.472625 -0.365647 0.799634
vn 0.413443 -0.449755 0.787256
vn 0.588138 -0.098995 0.801382
vn 0.606214 -0.089876 0.787580
vn -0.097836 -0.741798 0.649912
vn 0.363629 -0.625861 0.653933
vn -0.315405 -0.716160 0.610499
vn 0.526401 -0.332791 0.776582
vn 0.606911 -0.013807 0.794564
vn 0.608206 -0.021831 0.793341
vn 0.494925 -0.457164 0.735637
vn 0.629457 0.024099 0.776638
vn 0.636666 0.022269 0.770818
vn 0.631472 0.018301 0.775144
vn 0.635208 0.016512 0.772014
vn 0.625956 -0.145151 0.766231
vn 0.645022 0.045214 0.762697
vn 0.525774 -0.564983 0.634367
vn -0.187984 -0.969262 0.057652
vn 0.025152 -0.995599 0.054031
vn -0.245488 -0.952429 0.077244
vn -0.107967 -0.984722 0.018057
vn -0.048072 -0.990094 0.080759
vn 0.076796 -0.991968 0.027084
vn 0.201507 -0.960667 0.083638
vn 0.180454 -0.972698 0.050333
vn -0.176067 -0.958920 0.128775
vn 0.045461 -0.961096 0.073179
vn 0.186294 -0.974230 0.029268
vn 0.259850 -0.939388 0.160614
vn 0.040080 -0.912351 -0.295206
vn 0.331692 -0.932837 -0.038171
vn 0.438437 -0.870494 0.122202
vn 0.336925 -0.869677 -0.279669
vn 0.407914 -0.909646 0.019213
vn -0.204923 -0.911836 -0.242392
vn -0.275351 -0.948904 0.117558
vn -0.329412 -0.940278 0.041982
vn 0.462684 -0.878336 0.046570
vn 0.372350 -0.907779 -0.070450
vn 0.456238 -0.844092 -0.060171
vn 0.630322 -0.762081 0.014533
vn 0.445950 -0.893520 -0.007065
vn 0.524377 -0.824717 0.142490
vn 0.546863 -0.823438 0.066392
vn 0.529124 -0.841745 -0.039798
vn 0.549412 -0.832361 0.004224
vn 0.569642 -0.734646 -0.268213
vn 0.533870 -0.822633 0.180805
vn 0.591314 -0.797108 0.104654
vn 0.113968 -0.900879 -0.071570
vn 0.615335 -0.785436 0.041386
vn 0.645044 -0.732984 0.139453
vn 0.687636 -0.695174 0.132841
vn 0.680250 -0.723824 -0.008715
vn 0.642463 -0.761580 0.017321
vn 0.601535 -0.798505 -0.001144
vn 0.645148 -0.749439 -0.076348
vn 0.697617 -0.705938 -0.077132
vn 0.680953 -0.713278 -0.133593
vn 0.708154 -0.698570 0.068514
vn 0.712026 -0.666540 -0.191931
vn 0.671462 -0.659983 -0.291179
vn 0.723348 -0.663631 -0.131087
vn 0.645172 -0.660511 -0.352626
vn 0.341588 -0.771216 -0.507199
vn 0.730740 -0.607385 -0.287706
vn 0.816458 -0.567784 0.096000
vn -0.012513 -0.829181 -0.532672
vn -0.263203 -0.962925 -0.059160
vn 0.795673 -0.514947 -0.303441
vn 0.613466 -0.553429 -0.531699
vn 0.592187 -0.563128 -0.568521
vn 0.650025 -0.532523 -0.535206
vn 0.604904 -0.593596 -0.518962
vn -0.325222 -0.930979 0.165370
vn -0.366115 -0.917467 0.149402
vn -0.393519 -0.916604 0.068458
vn -0.381034 -0.921679 -0.059567
vn -0.403801 -0.910552 0.086460
vn -0.153303 -0.818470 -0.553032
vn 0.584700 -0.519846 -0.614308
vn 0.893809 -0.297138 -0.335879
vn 0.323443 0.923350 -0.081156
vn 0.068837 0.987680 -0.005079
vn 0.349749 0.915774 0.000675
vn -0.014637 0.982613 -0.099518
vn 0.037160 0.988234 0.017810
vn 0.253336 0.954927 0.032714
vn -0.021087 0.984356 0.060594
vn 0.268196 0.950308 0.059865
vn 0.039694 0.986257 0.058142
vn 0.361739 0.913956 0.050503
vn 0.019204 0.985146 -0.018803
vn 0.354734 0.919308 -0.041646
vn 0.032828 0.980445 -0.058705
vn 0.381735 0.909606 -0.024627
vn 0.205360 0.976000 0.028524
vn -0.031455 0.984935 0.030637
vn 0.171777 0.976082 0.108709
vn 0.358184 0.919118 0.076655
vn -0.006727 0.967276 -0.151213
vn -0.131764 0.977668 0.123774
vn 0.373999 0.895571 0.161575
vn 0.075663 0.961108 0.199607
vn 0.419333 0.872392 -0.118957
vn 0.068927 0.966531 -0.140000
vn 0.463797 0.855362 -0.111138
vn 0.328041 0.910708 -0.031772
vn -0.088827 0.974316 -0.088147
vn -0.158622 0.969522 0.007481
vn -0.000318 0.980284 0.041257
vn 0.413229 0.897513 0.032369
vn 0.200392 0.974982 0.069229
vn -0.093913 0.972098 0.053341
vn 0.248005 0.959717 -0.006499
vn -0.138715 0.974058 -0.027247
vn 0.067212 0.981147 -0.044381
vn 0.353256 0.922140 -0.043501
vn 0.347812 0.919834 -0.010666
vn 0.042419 0.984126 -0.003569
vn 0.291707 0.939279 -0.003241
vn -0.024909 0.981528 -0.002670
vn 0.356878 0.912504 -0.029999
vn 0.021885 0.983668 -0.035344
vn 0.282500 0.936956 -0.091997
vn -0.076734 0.978793 -0.082630
vn 0.031672 0.947636 -0.252031
vn 0.412089 0.868623 -0.192062
vn -0.123254 0.989473 -0.010599
vn 0.557892 0.820764 0.002511
vn 0.351184 0.889672 0.238350
vn 0.548301 0.827190 0.050580
vn 0.557830 0.823804 0.024230
vn 0.044831 0.943853 0.284953
vn -0.155704 0.985558 0.050790
vn -0.188822 0.977248 0.037584
vn 0.569562 0.813311 0.064741
vn 0.613959 0.780701 -0.019649
vn 0.573950 0.812019 -0.011291
vn 0.582754 0.804879 -0.052035
vn 0.588627 0.797755 -0.006129
vn 0.580591 0.804692 -0.032028
vn 0.656924 0.741955 0.044152
vn 0.630962 0.771337 0.028202
vn 0.661556 0.739959 -0.024394
vn 0.672486 0.711504 -0.119626
vn 0.534921 0.819657 0.179049
vn 0.734863 0.653337 0.105194
vn 0.667264 0.701529 0.199115
vn 0.736386 0.653474 -0.036208
vn 0.702064 0.696571 -0.079934
vn 0.703817 0.704027 -0.006075
vn 0.726066 0.680796 0.019232
vn 0.549814 0.775343 0.294222
vn 0.234562 0.897228 0.337931
vn 0.503993 0.756227 -0.387235
vn 0.249386 0.883160 -0.367688
vn 0.747064 0.660396 -0.013933
vn 0.771420 0.625872 0.023681
vn 0.754632 0.651794 -0.018445
vn 0.785431 0.612437 0.024065
vn 0.798787 0.591398 0.040120
vn 0.762711 0.638346 -0.037404
vn 0.754205 0.645024 -0.030245
vn 0.784913 0.610244 0.020567
vn 0.695233 0.615155 -0.323389
vn 0.377936 0.792086 0.426098
vn 0.800593 0.592444 0.029779
vn 0.741849 0.582046 0.283956
vn 0.795251 0.601411 -0.027407
vn 0.639419 0.563103 0.478881
vn 0.840496 0.535489 -0.016887
vn 0.806765 0.564843 -0.115066
vn 0.813028 0.579387 0.016423
vn 0.822649 0.561927 -0.016963
vn 0.823307 0.564288 -0.013096
vn 0.832480 0.551520 -0.005710
vn 0.843014 0.531446 -0.057159
vn 0.796300 0.570605 0.180353
vn 0.820922 0.569366 -0.016004
vn 0.813661 0.579998 -0.030761
vn 0.826360 0.561447 0.031091
vn 0.818397 0.574363 0.013611
vn 0.854974 0.514898 -0.043114
vn 0.870101 0.490434 -0.048930
vn 0.815685 0.567897 0.104061
vn 0.833927 0.549169 0.044352
vn 0.834170 0.551192 0.009706
vn 0.849244 0.527069 0.024309
vn 0.864460 0.499803 0.007270
vn 0.873765 0.484919 -0.006434
vn 0.872265 0.486873 -0.021747
vn 0.887795 0.459863 -0.015161
vn 0.882775 0.469448 -0.007552
vn 0.889084 0.457677 -0.005769
vn 0.767053 0.478409 -0.403426
vn 0.854878 0.449596 0.258790
vn 0.808975 0.449109 0.363862
vn 0.635376 0.550665 -0.515370
vn 0.408073 0.683035 0.575202
vn 0.445993 0.702104 -0.550083
vn -0.064605 0.920680 0.351618
vn -0.004005 0.921675 -0.351568
vn 0.071479 0.888258 0.428384
vn 0.672848 0.458997 0.564258
vn 0.735817 0.409569 -0.539283
vn 0.535407 0.549410 0.640579
vn 0.160493 0.824889 0.541497
vn -0.163152 0.984342 -0.047838
vn -0.185529 0.970319 -0.149806
vn -0.183767 0.981346 -0.035693
vn -0.204842 0.977960 -0.015043
vn -0.187824 0.978808 -0.067497
vn -0.273766 0.957595 0.054132
vn -0.167814 0.952946 0.243048
vn -0.172405 0.974026 0.135671
vn -0.224860 0.973054 -0.013041
vn -0.189905 0.957346 -0.192909
vn -0.191482 0.979169 0.062275
vn -0.218949 0.970751 0.062920
vn -0.212537 0.964146 -0.154795
vn -0.268076 0.960698 -0.048209
vn -0.162779 0.919986 0.351921
vn -0.180359 0.920289 -0.347077
vn -0.282864 0.958196 0.010820
vn -0.163471 0.896531 0.411528
vn -0.334088 0.940417 0.032501
vn -0.344607 0.936430 0.013684
vn 0.215969 -0.950981 -0.191542
vn 0.062785 -0.987725 -0.007039
vn -0.034556 -0.978777 -0.104783
vn 0.212692 -0.956081 -0.158609
vn 0.193913 -0.975650 0.029177
vn -0.013775 -0.957355 -0.173723
vn 0.501550 -0.842816 0.069895
vn 0.003104 -0.988194 0.023777
vn 0.204236 -0.975075 0.012174
vn 0.003302 -0.986739 -0.039614
vn 0.224191 -0.970226 -0.040504
vn 0.047446 -0.982543 -0.004134
vn 0.284186 -0.942309 0.034552
vn 0.393255 -0.911760 0.040171
vn 0.402781 -0.909097 -0.044792
vn 0.493693 -0.859008 -0.034127
vn 0.031490 -0.917822 0.316275
vn 0.353744 -0.920029 -0.155027
vn 0.031448 -0.938849 -0.197842
vn 0.365093 -0.907996 -0.186542
vn -0.250247 -0.958559 -0.037831
vn -0.216958 -0.969210 0.032233
vn 0.254846 -0.921508 -0.265043
vn 0.236320 -0.939450 -0.217534
vn 0.354092 -0.890472 -0.240308
vn 0.412675 -0.880913 -0.188994
vn 0.462024 -0.852259 -0.160658
vn 0.060527 -0.942533 -0.198887
vn 0.394394 -0.896086 -0.158162
vn 0.014431 -0.961820 0.019209
vn 0.391374 -0.904245 -0.005302
vn 0.378076 -0.885232 0.195441
vn -0.234195 -0.966390 -0.026699
vn -0.277688 -0.937200 -0.101210
vn -0.239352 -0.964632 0.036636
vn -0.255523 -0.939324 0.159147
vn -0.249845 -0.935758 -0.225096
vn -0.361386 -0.903742 -0.168401
vn -0.353866 -0.902496 -0.215983
vn -0.391094 -0.902074 -0.002106
vn -0.325199 -0.908595 -0.242379
vn -0.389711 -0.874632 0.212331
vn 0.368166 -0.864188 -0.289623
vn 0.012948 -0.926317 0.285242
vn 0.299494 -0.880973 0.315630
vn 0.540370 -0.788550 -0.261983
vn -0.413926 -0.903703 0.048251
vn -0.464562 -0.874608 0.053293
vn -0.436779 -0.893299 -0.033771
vn -0.518636 -0.843554 -0.018575
vn -0.292674 -0.865240 0.368968
vn -0.333341 -0.850789 0.358025
vn -0.481922 -0.832587 -0.214429
vn -0.443390 -0.852237 -0.253172
vn 0.386505 -0.804769 0.398540
vn -0.508185 -0.819617 0.169720
vn -0.000207 -0.843105 0.488162
vn 0.514838 -0.841450 0.113347
vn 0.542301 -0.819626 -0.138525
vn 0.623550 -0.766869 0.017463
vn 0.528957 -0.844096 -0.031108
vn 0.558006 -0.816548 0.086710
vn 0.578129 -0.767258 -0.232987
vn 0.578431 -0.790771 0.137408
vn 0.528560 -0.802720 0.272981
vn 0.529783 -0.769076 0.344231
vn -0.458690 -0.856086 -0.235579
vn 0.631418 -0.774279 -0.027758
vn -0.495275 -0.864167 -0.054863
vn -0.488120 -0.855283 -0.155045
vn -0.500990 -0.855130 0.113277
vn -0.583070 -0.806039 -0.039570
vn -0.501987 -0.863863 0.021758
vn -0.538641 -0.837548 0.064248
vn -0.569773 -0.818250 -0.038467
vn -0.521219 -0.750829 0.386511
vn -0.536515 -0.789640 0.287719
vn -0.364539 -0.751065 0.520196
vn 0.358725 -0.745783 0.528620
vn 0.020802 -0.817543 0.544163
vn 0.658422 -0.746684 0.087489
vn -0.628604 -0.775818 0.001551
vn -0.649977 -0.736752 0.139084
vn -0.049086 -0.783867 0.586759
vn -0.631514 -0.747282 -0.194052
vn -0.607739 -0.682730 0.391687
vn -0.592297 -0.721596 0.347367
vn -0.387417 -0.695392 0.571185
vn -0.529757 -0.685786 0.487553
vn 0.688578 -0.708758 -0.137491
vn 0.664589 -0.705875 -0.242138
vn 0.519553 -0.703846 0.480303
vn 0.712392 -0.698640 0.006237
vn 0.714615 -0.696806 0.060207
vn 0.490149 -0.669269 0.558420
vn -0.283233 0.038474 -0.945111
vn 0.005118 0.063025 -0.987478
vn -0.043261 -0.044318 -0.989449
vn -0.284356 -0.080117 -0.942062
vn -0.248516 0.163590 -0.943779
vn -0.061842 0.241002 -0.954525
vn -0.000389 -0.235171 -0.954081
vn -0.260762 -0.213953 -0.928059
vn 0.177618 -0.033814 -0.975185
vn 0.284155 -0.254886 -0.904090
vn 0.212468 0.177026 -0.946061
vn 0.371575 0.069028 -0.918533
vn -0.307180 0.378982 -0.850659
vn 0.009420 0.444045 -0.875256
vn 0.253506 0.411990 -0.854879
vn -0.497630 0.179506 -0.834675
vn -0.492900 -0.000392 -0.861148
vn -0.474782 -0.188333 -0.849193
vn -0.303672 -0.392595 -0.843248
vn -0.038468 -0.425519 -0.889144
vn 0.276471 -0.408851 -0.853877
vn 0.471816 -0.115222 -0.859369
vn 0.483425 0.274645 -0.809493
vn 0.577447 0.079488 -0.800776
vn 0.472725 -0.307698 -0.810239
vn 0.247750 0.581897 -0.741320
vn -0.542476 -0.303838 -0.771944
vn -0.401410 -0.464116 -0.770256
vn -0.516482 0.421426 -0.732273
vn -0.597906 0.197287 -0.768507
vn -0.033448 0.701775 -0.675830
vn -0.345523 0.622888 -0.671385
vn 0.541424 0.406496 -0.725595
vn 0.641266 -0.060068 -0.761571
vn 0.637185 0.254132 -0.720056
vn 0.669711 0.080311 -0.734540
vn 0.483717 -0.487718 -0.726738
vn -0.252567 0.759191 -0.587492
vn 0.145663 0.793289 -0.590282
vn -0.469766 0.655828 -0.587274
vn -0.006316 0.813683 -0.566077
vn 0.007100 0.045046 0.986790
vn -0.291455 -0.008965 0.935167
vn -0.008595 -0.125802 0.976858
vn 0.019596 0.238994 0.941478
vn -0.355475 0.289469 0.854032
vn -0.302550 -0.278756 0.888254
vn 0.056899 -0.296702 0.938552
vn 0.277484 0.061052 0.940649
vn 0.277140 -0.186395 0.927784
vn 0.372488 -0.329984 0.845456
vn 0.018910 -0.494401 0.840371
vn 0.526939 -0.027963 0.824906
vn 0.311756 0.346159 0.845959
vn 0.412690 -0.550166 0.690605
vn -0.338037 -0.553275 0.728739
vn -0.467005 -0.166074 0.862622
vn 0.557144 -0.315975 0.755139
vn 0.588587 0.139890 0.785647
vn 0.666929 -0.007428 0.730451
vn 0.040025 -0.684019 0.694341
vn -0.487997 0.092814 0.860752
vn -0.498234 -0.403727 0.756001
vn -0.019205 0.560858 0.804644
vn -0.514842 0.302247 0.787389
vn 0.420365 -0.653196 0.601467
vn 0.591590 -0.513452 0.614061
vn -0.350019 -0.702334 0.605193
vn -0.511547 -0.590806 0.619786
vn -0.305882 0.615649 0.698805
vn -0.003634 0.692538 0.688012
vn 0.203359 0.628610 0.750663
vn -0.263090 0.744486 0.588387
vn -0.491441 0.662889 0.564858
vn -0.117032 0.827161 0.549644
vn -0.110792 -0.969090 -0.165364
vn 0.172982 -0.964404 -0.105606
vn -0.077074 -0.982311 0.048986
vn 0.149413 -0.972713 0.065762
vn 0.177854 -0.915205 -0.299976
vn -0.154781 -0.904243 -0.358862
vn -0.363594 -0.914035 -0.090029
vn -0.343647 -0.915635 0.118416
vn -0.399849 -0.839716 -0.323177
vn -0.163271 -0.920201 0.286397
vn 0.200213 -0.916091 0.285515
vn 0.400745 -0.897249 0.092156
vn -0.055223 -0.843955 -0.507248
vn 0.484327 -0.843022 -0.154848
vn 0.395930 -0.824034 -0.372007
vn 0.221141 -0.800326 -0.530149
vn -0.416962 -0.725718 -0.514729
vn -0.216732 -0.737603 -0.611885
vn -0.506576 -0.821486 -0.216727
vn -0.493517 -0.864860 0.022628
vn -0.411508 -0.850898 0.301337
vn -0.349921 -0.834109 0.401392
vn 0.050446 -0.862467 0.472747
vn -0.541839 -0.698956 -0.456886
vn 0.323259 -0.772994 0.508904
vn 0.466604 -0.803678 0.325353
vn 0.572881 -0.801107 0.089026
vn 0.576756 -0.699606 -0.390845
vn 0.414418 -0.691462 -0.571931
vn 0.647220 -0.742548 -0.151904
vn 0.538406 -0.625164 -0.546145
vn 0.627000 -0.739763 0.244176
vn 0.292241 -0.619306 -0.726562
vn -0.461957 -0.634478 -0.612413
vn 0.620310 -0.607666 -0.495941
vn 0.260895 -0.714071 0.635387
vn -0.498226 -0.754195 0.427740
vn -0.555434 -0.623284 -0.550307
vn 0.469102 -0.667342 0.573390
vn -0.742894 -0.307245 -0.388689
vn -0.442362 -0.662929 -0.603137
vn -0.667825 -0.459455 -0.430448
vn -0.449251 -0.554057 -0.689821
vn -0.469789 -0.628453 -0.609345
vn -0.639550 -0.411507 -0.551607
vn -0.531109 -0.482146 -0.696748
vn -0.748999 -0.298055 -0.433046
vn -0.392117 -0.530530 -0.745381
vn -0.492098 -0.695727 -0.488250
vn -0.723559 -0.628686 -0.222816
vn -0.488863 -0.808571 -0.288018
vn -0.487851 -0.858248 -0.135998
vn -0.426853 -0.884408 -0.188732
vn -0.758864 -0.519726 -0.321108
vn -0.704871 -0.658466 -0.235012
vn -0.612866 -0.599686 -0.490129
vn -0.586221 -0.479885 -0.633586
vn -0.601970 -0.484790 -0.623541
vn -0.633756 -0.575813 -0.504832
vn -0.790514 -0.423194 -0.412510
vn -0.796660 -0.320517 -0.482118
vn -0.765738 -0.530283 -0.324923
vn -0.633760 -0.661711 -0.387770
vn -0.723270 -0.650415 -0.190835
vn -0.647613 -0.348052 -0.672041
vn -0.519873 -0.446513 -0.726846
vn -0.863746 -0.468155 -0.123598
vn -0.754341 -0.264389 -0.578551
vn -0.704565 -0.340212 -0.493209
vn -0.899307 -0.151241 -0.336449
vn -0.660158 -0.311587 -0.683451
vn -0.493344 -0.421778 -0.758609
vn -0.734165 -0.668011 -0.093943
vn -0.784181 -0.607380 -0.040479
vn -0.890820 -0.435861 -0.002658
vn -0.714176 -0.696997 0.017939
vn -0.705278 -0.700753 -0.018531
vn -0.664712 -0.717846 -0.096614
vn -0.666376 -0.722045 -0.073559
vn -0.501916 -0.854192 -0.052745
vn -0.797604 -0.591612 0.054693
vn -0.901438 -0.405835 0.056948
vn -0.594004 -0.794164 0.052451
vn -0.657208 -0.744267 0.079117
vn -0.784910 -0.593698 0.149100
vn -0.889401 -0.418173 0.129248
vn -0.648960 -0.730699 0.185535
vn -0.826935 -0.540085 0.143212
vn -0.708169 -0.677400 0.158963
vn -0.796286 -0.594366 0.089992
vn -0.867842 -0.484558 0.077684
vn -0.823678 -0.547500 0.043752
vn -0.684979 -0.714995 0.082190
vn -0.648924 -0.746569 0.042809
vn -0.761482 -0.630047 -0.063873
vn -0.889045 -0.417868 -0.119990
vn -0.756737 -0.446145 -0.415891
vn -0.594258 -0.703284 -0.311124
vn -0.601695 -0.763571 0.202759
vn -0.577451 -0.793185 -0.075029
vn -0.547705 -0.815755 0.144896
vn -0.574674 -0.799647 0.160721
vn -0.551894 -0.806707 0.194007
vn -0.497153 -0.859192 0.101455
vn -0.513928 -0.850145 -0.113196
vn -0.478274 -0.802939 -0.322737
vn -0.445676 -0.884665 0.135737
vn -0.426247 -0.904474 0.015489
vn -0.551553 -0.564026 -0.593479
vn -0.755167 -0.228748 -0.582075
vn -0.973218 0.010807 0.145275
vn -0.988639 -0.001098 -0.099861
vn -0.982804 0.055859 -0.112143
vn -0.982945 0.066268 0.135685
vn -0.990714 0.069310 0.060574
vn -0.980850 0.075977 -0.151130
vn -0.993828 0.007544 -0.074516
vn -0.989948 0.006407 0.120258
vn -0.993921 -0.029438 -0.009630
vn -0.972186 -0.029645 0.202150
vn -0.982612 -0.029086 0.169610
vn -0.953955 0.054086 0.277288
vn -0.947021 -0.001551 0.309617
vn -0.994564 -0.004565 0.045463
vn -0.969111 0.008573 0.224166
vn -0.994788 0.016581 0.042328
vn -0.968338 0.020176 0.232622
vn -0.974611 0.002069 0.184367
vn -0.996578 -0.006430 -0.034828
vn -0.981249 -0.020490 0.124730
vn -0.994816 -0.029939 -0.046805
vn -0.973494 -0.032483 0.179433
vn -0.992768 -0.015918 -0.067341
vn -0.993021 -0.001613 0.005815
vn -0.970736 -0.007110 0.212746
vn -0.989532 -0.012227 -0.113506
vn -0.985423 0.009265 -0.144740
vn -0.988737 -0.070887 -0.016433
vn -0.966190 -0.053965 0.220663
vn -0.972628 -0.086365 0.193835
vn -0.988010 -0.097318 -0.025678
vn -0.989478 0.053955 0.001002
vn -0.968314 0.029170 0.212134
vn -0.986557 0.119628 -0.038869
vn -0.987590 0.060368 -0.017534
vn -0.986038 -0.029306 0.103643
vn -0.981281 -0.071845 -0.128940
vn -0.979263 -0.060128 0.165263
vn -0.991054 -0.048619 -0.064676
vn -0.991924 0.012414 0.049791
vn -0.959782 0.003633 0.259996
vn -0.979432 0.031262 0.184984
vn -0.994682 0.026197 -0.022251
vn -0.994538 0.025005 0.012871
vn -0.987536 0.029315 0.152132
vn -0.978821 0.012891 0.191943
vn -0.993093 -0.036590 0.061660
vn -0.973693 -0.064366 0.205108
vn -0.989023 -0.065886 0.125665
vn -0.964906 -0.115993 0.226773
vn -0.997316 -0.029441 0.049249
vn -0.997011 0.006817 0.056647
vn -0.989615 -0.056191 0.111868
vn -0.959156 -0.172394 0.215500
vn -0.992374 0.090225 0.024942
vn -0.976283 -0.140136 0.121976
vn -0.997939 0.017121 0.013561
vn -0.994976 -0.062031 -0.033357
vn -0.994002 0.052950 0.050736
vn -0.993269 0.102736 0.025905
vn -0.991857 0.109819 0.039834
vn -0.989969 -0.050376 0.055159
vn -0.980974 0.172655 0.024033
vn -0.986894 0.117883 -0.016816
vn -0.969384 -0.161672 -0.017181
vn -0.988544 -0.080007 -0.094258
vn -0.987543 0.001439 -0.122082
vn -0.982312 0.016129 -0.164124
vn -0.986882 -0.035130 -0.094707
vn -0.974288 0.196461 0.045898
vn -0.982688 -0.092526 -0.142539
vn -0.989674 0.088708 -0.061631
vn -0.988413 -0.068736 -0.073982
vn -0.963296 -0.219536 -0.063142
vn -0.979894 0.187088 0.017769
vn -0.956094 -0.220465 0.120847
vn -0.966803 -0.023744 -0.230735
vn -0.970535 -0.015508 -0.229037
vn -0.984995 -0.035182 -0.083012
vn -0.984805 0.017779 -0.160788
vn -0.983059 0.005794 -0.170387
vn -0.978811 -0.064360 -0.132235
vn -0.983922 0.174448 0.001140
vn -0.971633 0.230878 -0.005395
vn -0.979834 0.186741 0.048384
vn -0.981625 0.178597 -0.040633
vn -0.908510 0.161322 -0.305569
vn -0.979839 -0.033686 -0.186450
vn -0.955220 -0.005936 -0.281538
vn -0.988097 0.103921 -0.014161
vn -0.956323 -0.222157 -0.097186
vn -0.983761 -0.118109 0.015492
vn -0.992409 0.024663 0.032525
vn -0.967182 -0.213390 0.059987
vn -0.983117 -0.158382 0.025260
vn -0.991075 0.047738 0.017687
vn -0.990621 0.025652 0.036907
vn -0.984497 -0.136323 0.046543
vn -0.978757 0.185044 0.015571
vn -0.969862 0.229147 0.001697
vn -0.964372 -0.076084 -0.224785
vn -0.961870 0.241540 0.079948
vn -0.968438 0.020876 -0.219808
vn -0.968531 -0.021064 -0.233974
vn -0.944017 0.086955 -0.266318
vn -0.962354 0.063182 0.208777
vn -0.953058 -0.182899 0.202924
vn -0.937286 -0.315675 0.054877
vn -0.925495 -0.315520 0.156883
vn -0.893999 -0.342921 0.245198
vn -0.892429 -0.279775 0.326650
vn -0.965250 0.017292 -0.243943
vn -0.924045 0.195369 -0.288502
vn -0.958255 -0.116719 -0.236596
vn -0.961037 -0.078415 -0.239954
vn -0.960485 -0.111023 -0.230658
vn -0.952770 -0.118620 -0.265187
vn -0.963462 0.240029 0.003724
vn -0.983444 0.104232 -0.041784
vn -0.962600 -0.201835 -0.087441
vn -0.975147 -0.180094 -0.013968
vn -0.991279 0.042900 -0.015852
vn -0.980425 -0.129041 0.021313
vn -0.986572 0.120119 0.005608
vn -0.988286 -0.032284 0.049357
vn -0.973051 0.215580 0.014358
vn -0.993455 0.026608 0.036507
vn -0.973875 -0.193932 0.073664
vn -0.988820 -0.108653 0.034232
vn -0.991901 0.100828 0.015583
vn -0.993496 -0.052936 -0.002445
vn -0.991792 0.112217 -0.001026
vn -0.969031 0.148897 -0.134005
vn -0.971958 -0.042247 -0.182676
vn -0.980423 -0.187732 0.031065
vn -0.967174 -0.202049 -0.100364
vn -0.967920 0.240507 0.001264
vn -0.935209 -0.333345 0.009911
vn -0.928813 -0.067321 -0.301568
vn -0.967161 -0.233807 0.080862
vn -0.956424 -0.064420 -0.262374
vn -0.949260 0.304768 -0.006718
vn -0.949459 0.306354 -0.003200
vn -0.928452 -0.008272 -0.360583
vn -0.960550 0.272428 -0.016636
vn -0.944610 0.313225 0.023846
vn -0.934695 -0.008928 0.330212
vn -0.945668 0.006442 -0.315193
vn -0.914055 -0.005538 -0.377508
vn -0.951532 0.095326 -0.276403
vn -0.917394 0.038147 -0.374373
vn -0.945310 -0.308197 0.053064
vn -0.945078 -0.000176 -0.318735
vn -0.943250 -0.301285 -0.097165
vn -0.951499 -0.006325 -0.299137
vn -0.949581 0.306417 -0.022399
vn -0.933801 -0.213087 -0.251824
vn -0.921791 -0.172578 -0.320882
vn -0.944767 0.320146 0.004610
vn -0.955101 0.292937 0.007822
vn -0.947585 0.054404 0.308860
vn -0.945443 -0.027918 0.319180
vn -0.930064 0.076892 0.342389
vn -0.944310 0.038315 0.312207
vn -0.947285 0.316184 -0.000710
vn -0.910623 0.317987 0.226967
vn -0.947768 -0.308718 0.023926
vn -0.939490 -0.007705 0.326734
vn -0.929161 0.027391 0.359731
vn -0.924058 -0.105827 0.349777
vn -0.909573 -0.353763 -0.161284
vn -0.919489 -0.296718 -0.204320
vn -0.929732 -0.033826 -0.358210
vn -0.908191 0.405061 0.021487
vn -0.947369 0.317708 -0.017301
vn -0.894857 -0.205388 -0.348419
vn -0.904466 0.076321 -0.403070
vn -0.919160 -0.380262 0.033066
vn -0.892275 -0.261832 0.329634
vn -0.927094 -0.071628 0.351817
vn -0.924274 -0.025173 -0.370724
vn -0.940163 0.024796 0.336638
vn -0.928343 -0.012669 0.359595
vn -0.903949 -0.038866 0.416355
vn -0.914157 -0.048535 0.389307
vn -0.903457 -0.028224 0.410379
vn -0.909667 -0.185244 0.349081
vn -0.922507 -0.360474 0.100101
vn -0.907789 0.012419 0.408001
vn -0.928970 0.363105 0.006574
vn -0.910024 0.402085 -0.012984
vn -0.918590 0.340903 -0.146528
vn -0.926000 0.369225 0.008403
vn -0.872039 0.023483 -0.451963
vn -0.905489 -0.170027 -0.359225
vn -0.912418 -0.076230 0.387515
vn -0.886479 -0.022682 0.431060
vn -0.907643 -0.342869 0.201943
vn -0.906992 0.408248 0.057191
vn -0.889865 0.219240 -0.356318
vn -0.912630 -0.273437 -0.270730
vn -0.931316 0.359417 -0.038629
vn -0.879373 -0.445249 0.019486
vn -0.924572 0.376884 -0.019101
vn -0.906251 0.416356 0.002539
vn -0.860532 -0.169490 0.443296
vn -0.914569 -0.009563 -0.396881
vn -0.885376 0.015401 0.457671
vn -0.898153 0.002389 -0.427888
vn -0.923923 0.379204 0.011911
vn -0.878140 -0.454433 0.080902
vn -0.904369 0.008563 0.420541
vn -0.930845 -0.025294 0.363773
vn -0.878716 -0.444567 0.075497
vn -0.841595 -0.434477 0.288822
vn -0.875929 0.035384 -0.470927
vn -0.900941 -0.020868 -0.421492
vn -0.923014 0.011876 0.382552
vn -0.903146 -0.032932 -0.419967
vn -0.906164 0.040859 0.411026
vn -0.909629 0.171145 -0.369718
vn -0.896912 0.425930 -0.027333
vn -0.880463 -0.106488 -0.445079
vn -0.915784 0.385451 0.092723
vn -0.884185 0.136269 0.409815
vn -0.857966 -0.204973 -0.452709
vn -0.858203 -0.446877 -0.185367
vn -0.877451 -0.114868 -0.443916
vn -0.862613 0.493328 -0.018294
vn -0.902709 0.425470 -0.006746
vn -0.889773 -0.009395 -0.452336
vn -0.889609 0.038827 0.430230
vn -0.873270 -0.474892 0.005606
vn -0.869477 -0.033978 -0.478955
vn -0.894960 0.000143 0.440875
vn -0.898456 0.435330 0.018266
vn -0.914544 0.400132 -0.049850
vn -0.853307 0.092215 -0.499935
vn -0.886218 -0.009506 -0.455133
vn -0.904375 -0.071174 -0.409538
vn -0.896062 -0.166019 -0.404541
vn -0.867074 -0.475363 -0.025339
vn -0.840461 0.521617 -0.019668
vn -0.907684 0.070257 0.412866
vn -0.856735 0.094516 -0.497893
vn -0.891225 -0.050008 0.384089
vn -0.877801 0.018490 0.476137
vn -0.868522 0.476063 -0.083912
vn -0.823172 0.550694 -0.091500
vn -0.853942 -0.003931 -0.508254
vn -0.863247 -0.012167 -0.487573
vn -0.826343 -0.510636 -0.165646
vn -0.904869 0.014183 0.424010
vn -0.891682 -0.085347 0.440188
vn -0.808790 0.396495 0.394626
vn -0.852627 0.504794 0.085316
vn -0.891370 0.071860 0.444605
vn -0.857583 0.502052 0.024185
vn -0.847907 0.519506 0.030678
vn -0.829532 -0.527082 0.101693
vn -0.888985 -0.101035 0.436792
vn -0.855863 0.503649 -0.032284
vn -0.881233 0.469381 -0.027341
vn -0.817443 -0.384862 0.401334
vn -0.882759 -0.048280 0.466231
vn -0.787808 -0.580459 -0.146975
vn -0.904159 0.094196 0.406902
vn -0.815963 0.549834 -0.099890
vn -0.853607 -0.155494 -0.455349
vn -0.864214 0.499033 0.004451
vn -0.846900 0.168662 -0.491513
vn -0.837191 0.263068 -0.470417
vn -0.871917 -0.032571 -0.485694
vn -0.870125 -0.160795 0.463651
vn -0.852207 -0.266392 0.446227
vn -0.827896 0.549936 0.018948
vn -0.839428 -0.420235 -0.338055
vn -0.847067 -0.005825 -0.523944
vn -0.845064 -0.525783 -0.011051
vn -0.836527 -0.535354 0.076763
vn -0.787100 0.604874 0.033209
vn -0.828515 0.520416 0.175584
vn -0.771657 0.004556 0.617888
vn -0.864635 -0.077465 0.495159
vn -0.866331 -0.029813 -0.495860
vn -0.859610 -0.059660 0.506061
vn -0.850831 0.019408 0.520768
vn -0.869515 -0.012449 0.493179
vn -0.826362 0.554770 0.028225
vn -0.825607 0.556642 -0.023035
vn -0.777352 0.472561 -0.364991
vn -0.822212 0.562432 -0.008905
vn -0.796031 0.591381 0.033202
vn -0.844002 -0.475576 0.218233
vn -0.865124 0.014721 0.501295
vn -0.850697 -0.008112 -0.523440
vn -0.823960 0.564329 -0.006532
vn -0.848671 -0.257630 0.453989
vn -0.846384 0.053128 -0.527349
vn -0.811827 -0.431387 0.373368
vn -0.787534 -0.565753 0.221124
vn -0.824246 -0.481809 0.285266
vn -0.766017 0.558595 0.283964
vn -0.769741 -0.429186 -0.446240
vn -0.853680 0.010565 0.520690
vn -0.834620 0.091254 -0.538365
vn -0.853080 0.022946 -0.520543
vn -0.854624 -0.021634 -0.518453
vn -0.843942 0.048077 -0.534126
vn -0.810616 -0.112545 -0.571677
vn -0.775249 -0.601271 -0.123990
vn -0.846398 -0.024342 -0.531930
vn -0.813441 -0.016926 -0.579811
vn -0.827514 0.274696 -0.484830
vn -0.742580 -0.617911 -0.227235
vn -0.794397 -0.431745 0.415289
vn -0.823039 -0.565360 0.000776
vn -0.816202 0.005287 -0.575837
vn -0.824151 -0.013855 -0.565596
vn -0.813740 0.098931 -0.570590
vn -0.785246 0.207598 -0.564922
vn -0.743986 0.642172 -0.125896
vn -0.699834 0.686309 -0.139313
vn -0.684572 0.718066 -0.043616
vn -0.808586 -0.215548 -0.545846
vn -0.741286 -0.587511 0.283255
vn -0.773891 0.628717 0.001903
vn -0.665034 0.726572 -0.046363
vn -0.739986 0.658240 0.091764
vn -0.712090 0.690293 -0.008357
vn -0.709414 0.330914 0.581932
vn -0.798093 -0.317972 -0.509973
vn -0.813645 -0.580515 -0.031049
vn -0.794866 -0.602906 0.036350
vn -0.771468 -0.296663 -0.552973
vn -0.803765 -0.589660 0.076109
vn -0.756614 0.649090 0.006080
vn -0.705865 0.692567 0.034810
vn -0.806256 -0.014702 -0.590504
vn -0.740080 0.668046 -0.000729
vn -0.770057 -0.457658 0.432778
vn -0.792095 0.175607 -0.580861
vn -0.758950 -0.631020 0.083034
vn -0.782993 0.006759 -0.616450
vn -0.651085 0.739171 -0.040799
vn -0.682830 0.717261 0.010053
vn -0.678486 0.719943 0.049033
vn -0.774228 -0.629462 0.015652
vn -0.752896 -0.562537 0.333166
vn -0.673346 0.696291 0.203534
vn -0.750256 -0.291256 0.585601
vn -0.655809 0.739423 -0.044544
vn -0.750442 -0.641622 0.138568
vn -0.738803 -0.549917 -0.373797
vn -0.748906 -0.614308 0.234338
vn -0.757138 -0.649270 -0.033766
vn -0.669703 0.728301 0.028487
vn -0.740591 -0.155834 0.649125
vn -0.690715 0.718654 0.037965
vn -0.745117 -0.650026 -0.138617
vn -0.645908 0.754919 0.031263
vn -0.602490 0.641748 0.442291
vn -0.725504 0.043624 0.680846
vn -0.807968 -0.020363 0.313512
vn -0.871710 0.013202 0.393315
vn -0.915719 0.008765 0.383195
vn -0.786408 0.021572 0.583950
vn -0.619745 0.739090 -0.203660
vn -0.620294 0.679242 -0.352548
vn -0.684782 -0.688791 -0.232770
vn -0.690593 0.458323 -0.549248
vn -0.586684 0.804600 -0.001754
vn -0.611856 0.783931 -0.004150
vn -0.715880 -0.668479 -0.173548
vn -0.659952 -0.617893 0.416868
vn -0.695064 -0.475261 -0.536316
vn -0.593616 0.800584 0.040371
vn -0.688977 -0.598965 0.408107
vn -0.548945 0.818966 0.130638
vn -0.554838 0.769441 0.299068
vn -0.627784 -0.708128 0.314716
vn -0.589281 0.805871 0.007821
vn -0.558044 0.811696 -0.149338
vn -0.576319 0.815720 0.022113
vn -0.529669 0.840514 -0.011784
vn -0.531517 0.840250 0.059358
vn -0.550558 0.815785 -0.145503
vn -0.565574 0.820859 0.058868
vn -0.574978 0.568628 0.588271
vn -0.574412 0.816786 -0.044610
vn -0.549392 0.834217 0.027207
vn -0.549688 0.832795 0.054716
vn -0.542951 0.836154 0.048220
vn -0.562715 0.824118 -0.050634
vn -0.482597 0.866096 0.120891
vn -0.543099 0.834875 -0.068132
vn -0.500109 0.831730 0.230665
vn -0.512815 0.854934 -0.047454
vn -0.465555 0.880503 0.045934
vn -0.532629 0.844477 -0.046808
vn -0.524493 0.851188 0.003179
vn -0.525241 0.850720 -0.004727
vn -0.503957 0.846093 -0.149646
vn -0.450086 0.878766 -0.150650
vn -0.484717 0.801948 0.344459
vn -0.480886 0.823532 -0.300627
vn -0.473740 0.787036 0.395152
vn -0.016605 0.776067 0.630431
vn -0.016605 0.776067 0.630431
vn -0.016605 0.776067 0.630431
vn -0.804532 -0.589061 -0.075737
vn -0.804532 -0.589061 -0.075737
vn -0.804532 -0.589061 -0.075737
vn 0.955870 0.002517 -0.278561
vn 0.977250 -0.008514 -0.211683
vn 0.978103 -0.004035 -0.207800
vn 0.943198 0.008366 -0.317000
vn 0.980306 -0.000941 -0.197444
vn 0.979719 0.001819 -0.200368
vn 0.915948 0.026762 -0.400403
vn 0.737385 -0.661137 -0.138427
vn 0.737385 -0.661137 -0.138427
vn 0.737385 -0.661137 -0.138427
o geometry_0
usemtl Material
f 1717/1717/1717 1549/1549/1549 1719/1719/1719
f 1717/1717/1717 1716/1716/1716 1549/1549/1549
f 387/387/387 339/339/339 393/393/393
f 317/317/317 338/338/338 387/387/387
f 387/387/387 338/338/338 339/339/339
f 393/393/393 339/339/339 372/372/372
f 339/339/339 338/338/338 318/318/318
f 339/339/339 340/340/340 372/372/372
f 340/340/340 403/403/403 404/404/404
f 372/372/372 340/340/340 404/404/404
f 239/239/239 278/278/278 232/232/232
f 239/239/239 232/232/232 231/231/231
f 231/231/231 233/233/233 234/234/234
f 315/315/315 316/316/316 317/317/317
f 317/317/317 316/316/316 318/318/318
f 317/317/317 318/318/318 338/338/338
f 339/339/339 318/318/318 340/340/340
f 231/231/231 232/232/232 233/233/233
f 233/233/233 235/235/235 234/234/234
f 340/340/340 318/318/318 366/366/366
f 366/366/366 403/403/403 340/340/340
f 278/278/278 309/309/309 232/232/232
f 316/316/316 324/324/324 318/318/318
f 324/324/324 384/384/384 318/318/318
f 384/384/384 366/366/366 318/318/318
f 309/309/309 308/308/308 232/232/232
f 233/233/233 311/311/311 235/235/235
f 232/232/232 308/308/308 233/233/233
f 233/233/233 308/308/308 311/311/311
f 394/394/394 360/360/360 386/386/386
f 360/360/360 361/361/361 386/386/386
f 360/360/360 359/359/359 361/361/361
f 364/364/364 358/358/358 360/360/360
f 360/360/360 358/358/358 359/359/359
f 358/358/358 357/357/357 359/359/359
f 359/359/359 357/357/357 382/382/382
f 358/358/358 355/355/355 357/357/357
f 357/357/357 392/392/392 382/382/382
f 355/355/355 356/356/356 357/357/357
f 355/355/355 354/354/354 356/356/356
f 355/355/355 352/352/352 354/354/354
f 242/242/242 246/246/246 247/247/247
f 276/276/276 275/275/275 257/257/257
f 276/276/276 325/325/325 275/275/275
f 257/257/257 267/267/267 242/242/242
f 257/257/257 275/275/275 267/267/267
f 242/242/242 240/240/240 246/246/246
f 246/246/246 240/240/240 241/241/241
f 246/246/246 241/241/241 252/252/252
f 466/466/466 393/393/393 446/446/446
f 267/267/267 275/275/275 269/269/269
f 466/466/466 414/414/414 387/387/387
f 466/466/466 387/387/387 393/393/393
f 446/446/446 393/393/393 372/372/372
f 269/269/269 239/239/239 242/242/242
f 267/267/267 269/269/269 242/242/242
f 242/242/242 239/239/239 240/240/240
f 241/241/241 243/243/243 252/252/252
f 252/252/252 243/243/243 253/253/253
f 437/437/437 414/414/414 466/466/466
f 275/275/275 298/298/298 269/269/269
f 240/240/240 239/239/239 231/231/231
f 240/240/240 231/231/231 241/241/241
f 241/241/241 231/231/231 243/243/243
f 243/243/243 244/244/244 253/253/253
f 414/414/414 317/317/317 387/387/387
f 372/372/372 404/404/404 501/501/501
f 325/325/325 298/298/298 275/275/275
f 239/239/239 269/269/269 278/278/278
f 243/243/243 231/231/231 234/234/234
f 243/243/243 234/234/234 244/244/244
f 253/253/253 244/244/244 245/245/245
f 398/398/398 315/315/315 437/437/437
f 437/437/437 315/315/315 414/414/414
f 414/414/414 315/315/315 317/317/317
f 244/244/244 234/234/234 236/236/236
f 244/244/244 236/236/236 245/245/245
f 245/245/245 236/236/236 238/238/238
f 429/429/429 287/287/287 290/290/290
f 411/411/411 312/312/312 398/398/398
f 312/312/312 313/313/313 398/398/398
f 398/398/398 313/313/313 315/315/315
f 404/404/404 403/403/403 480/480/480
f 283/283/283 286/286/286 285/285/285
f 285/285/285 286/286/286 287/287/287
f 293/293/293 292/292/292 410/410/410
f 410/410/410 292/292/292 411/411/411
f 292/292/292 312/312/312 411/411/411
f 313/313/313 314/314/314 315/315/315
f 314/314/314 316/316/316 315/315/315
f 325/325/325 319/319/319 298/298/298
f 269/269/269 298/298/298 278/278/278
f 234/234/234 235/235/235 236/236/236
f 235/235/235 237/237/237 236/236/236
f 236/236/236 237/237/237 238/238/238
f 283/283/283 294/294/294 286/286/286
f 288/288/288 289/289/289 287/287/287
f 286/286/286 288/288/288 287/287/287
f 287/287/287 289/289/289 290/290/290
f 290/290/290 289/289/289 291/291/291
f 290/290/290 291/291/291 293/293/293
f 291/291/291 292/292/292 293/293/293
f 292/292/292 295/295/295 296/296/296
f 292/292/292 296/296/296 312/312/312
f 312/312/312 296/296/296 313/313/313
f 313/313/313 296/296/296 314/314/314
f 403/403/403 483/483/483 480/480/480
f 298/298/298 301/301/301 278/278/278
f 237/237/237 235/235/235 362/362/362
f 294/294/294 288/288/288 286/286/286
f 288/288/288 299/299/299 289/289/289
f 291/291/291 295/295/295 292/292/292
f 301/301/301 309/309/309 278/278/278
f 294/294/294 365/365/365 288/288/288
f 288/288/288 365/365/365 299/299/299
f 299/299/299 300/300/300 289/289/289
f 289/289/289 300/300/300 291/291/291
f 291/291/291 300/300/300 303/303/303
f 291/291/291 303/303/303 295/295/295
f 295/295/295 303/303/303 297/297/297
f 295/295/295 297/297/297 296/296/296
f 296/296/296 297/297/297 305/305/305
f 305/305/305 322/322/322 296/296/296
f 296/296/296 322/322/322 314/314/314
f 314/314/314 322/322/322 323/323/323
f 314/314/314 323/323/323 316/316/316
f 323/323/323 324/324/324 316/316/316
f 366/366/366 447/447/447 403/403/403
f 403/403/403 447/447/447 483/483/483
f 311/311/311 362/362/362 235/235/235
f 365/365/365 390/390/390 299/299/299
f 309/309/309 417/417/417 308/308/308
f 311/311/311 409/409/409 362/362/362
f 390/390/390 395/395/395 299/299/299
f 299/299/299 395/395/395 300/300/300
f 300/300/300 395/395/395 303/303/303
f 303/303/303 305/305/305 297/297/297
f 305/305/305 439/439/439 322/322/322
f 322/322/322 439/439/439 440/440/440
f 322/322/322 440/440/440 323/323/323
f 323/323/323 440/440/440 473/473/473
f 323/323/323 473/473/473 324/324/324
f 324/324/324 473/473/473 481/481/481
f 324/324/324 481/481/481 384/384/384
f 384/384/384 481/481/481 366/366/366
f 481/481/481 482/482/482 366/366/366
f 482/482/482 447/447/447 366/366/366
f 319/319/319 302/302/302 298/298/298
f 298/298/298 302/302/302 301/301/301
f 418/418/418 417/417/417 309/309/309
f 308/308/308 417/417/417 435/435/435
f 435/435/435 434/434/434 308/308/308
f 308/308/308 434/434/434 311/311/311
f 395/395/395 416/416/416 303/303/303
f 416/416/416 415/415/415 303/303/303
f 303/303/303 415/415/415 305/305/305
f 415/415/415 439/439/439 305/305/305
f 482/482/482 516/516/516 447/447/447
f 302/302/302 336/336/336 301/301/301
f 336/336/336 418/418/418 309/309/309
f 301/301/301 336/336/336 309/309/309
f 434/434/434 409/409/409 311/311/311
f 417/417/417 488/488/488 435/435/435
f 435/435/435 488/488/488 491/491/491
f 435/435/435 491/491/491 434/434/434
f 302/302/302 335/335/335 336/336/336
f 531/531/531 394/394/394 530/530/530
f 530/530/530 394/394/394 386/386/386
f 530/530/530 386/386/386 449/449/449
f 438/438/438 413/413/413 360/360/360
f 438/438/438 360/360/360 394/394/394
f 386/386/386 361/361/361 449/449/449
f 449/449/449 361/361/361 412/412/412
f 413/413/413 364/364/364 360/360/360
f 361/361/361 382/382/382 412/412/412
f 413/413/413 432/432/432 364/364/364
f 425/425/425 515/515/515 412/412/412
f 432/432/432 408/408/408 364/364/364
f 382/382/382 425/425/425 412/412/412
f 408/408/408 358/358/358 364/364/364
f 432/432/432 451/451/451 408/408/408
f 382/382/382 392/392/392 425/425/425
f 408/408/408 369/369/369 358/358/358
f 358/358/358 369/369/369 355/355/355
f 392/392/392 424/424/424 425/425/425
f 356/356/356 424/424/424 392/392/392
f 451/451/451 369/369/369 408/408/408
f 352/352/352 355/355/355 369/369/369
f 356/356/356 354/354/354 424/424/424
f 450/450/450 369/369/369 451/451/451
f 354/354/354 444/444/444 424/424/424
f 352/352/352 310/310/310 353/353/353
f 352/352/352 353/353/353 354/354/354
f 354/354/354 353/353/353 444/444/444
f 450/450/450 351/351/351 369/369/369
f 369/369/369 351/351/351 352/352/352
f 352/352/352 351/351/351 310/310/310
f 450/450/450 442/442/442 351/351/351
f 310/310/310 370/370/370 353/353/353
f 370/370/370 470/470/470 353/353/353
f 442/442/442 405/405/405 351/351/351
f 310/310/310 371/371/371 370/370/370
f 370/370/370 371/371/371 470/470/470
f 405/405/405 304/304/304 351/351/351
f 351/351/351 304/304/304 310/310/310
f 310/310/310 273/273/273 371/371/371
f 442/442/442 406/406/406 405/405/405
f 310/310/310 304/304/304 273/273/273
f 273/273/273 274/274/274 371/371/371
f 405/405/405 406/406/406 304/304/304
f 274/274/274 271/271/271 268/268/268
f 304/304/304 272/272/272 273/273/273
f 272/272/272 271/271/271 273/273/273
f 273/273/273 271/271/271 274/274/274
f 406/406/406 276/276/276 304/304/304
f 304/304/304 276/276/276 272/272/272
f 406/406/406 420/420/420 276/276/276
f 272/272/272 276/276/276 257/257/257
f 272/272/272 257/257/257 271/271/271
f 257/257/257 258/258/258 268/268/268
f 271/271/271 257/257/257 268/268/268
f 258/258/258 257/257/257 247/247/247
f 247/247/247 246/246/246 546/546/546
f 420/420/420 396/396/396 276/276/276
f 246/246/246 545/545/545 546/546/546
f 246/246/246 252/252/252 545/545/545
f 545/545/545 252/252/252 547/547/547
f 553/553/553 466/466/466 538/538/538
f 466/466/466 446/446/446 538/538/538
f 538/538/538 446/446/446 564/564/564
f 396/396/396 325/325/325 276/276/276
f 553/553/553 522/522/522 466/466/466
f 564/564/564 446/446/446 534/534/534
f 547/547/547 252/252/252 562/562/562
f 252/252/252 253/253/253 562/562/562
f 522/522/522 437/437/437 466/466/466
f 446/446/446 501/501/501 534/534/534
f 253/253/253 261/261/261 562/562/562
f 526/526/526 437/437/437 523/523/523
f 523/523/523 437/437/437 522/522/522
f 253/253/253 245/245/245 261/261/261
f 526/526/526 398/398/398 437/437/437
f 261/261/261 245/245/245 256/256/256
f 445/445/445 284/284/284 493/493/493
f 493/493/493 284/284/284 486/486/486
f 284/284/284 429/429/429 486/486/486
f 485/485/485 474/474/474 529/529/529
f 529/529/529 474/474/474 528/528/528
f 474/474/474 411/411/411 528/528/528
f 528/528/528 411/411/411 527/527/527
f 527/527/527 411/411/411 398/398/398
f 527/527/527 398/398/398 526/526/526
f 501/501/501 404/404/404 517/517/517
f 245/245/245 238/238/238 256/256/256
f 256/256/256 238/238/238 249/249/249
f 280/280/280 281/281/281 445/445/445
f 445/445/445 281/281/281 284/284/284
f 284/284/284 285/285/285 287/287/287
f 284/284/284 287/287/287 429/429/429
f 429/429/429 290/290/290 486/486/486
f 486/486/486 290/290/290 485/485/485
f 474/474/474 485/485/485 293/293/293
f 474/474/474 293/293/293 410/410/410
f 410/410/410 411/411/411 474/474/474
f 419/419/419 381/381/381 396/396/396
f 249/249/249 238/238/238 248/248/248
f 280/280/280 279/279/279 281/281/281
f 281/281/281 283/283/283 284/284/284
f 284/284/284 283/283/283 285/285/285
f 404/404/404 480/480/480 517/517/517
f 517/517/517 480/480/480 575/575/575
f 396/396/396 381/381/381 325/325/325
f 279/279/279 282/282/282 281/281/281
f 282/282/282 283/283/283 281/281/281
f 238/238/238 237/237/237 248/248/248
f 283/283/283 282/282/282 294/294/294
f 480/480/480 483/483/483 560/560/560
f 480/480/480 560/560/560 575/575/575
f 381/381/381 319/319/319 325/325/325
f 237/237/237 362/362/362 363/363/363
f 237/237/237 363/363/363 248/248/248
f 282/282/282 376/376/376 294/294/294
f 376/376/376 388/388/388 294/294/294
f 419/419/419 383/383/383 381/381/381
f 381/381/381 320/320/320 319/319/319
f 294/294/294 388/388/388 365/365/365
f 483/483/483 550/550/550 560/560/560
f 376/376/376 467/467/467 388/388/388
f 388/388/388 431/431/431 365/365/365
f 431/431/431 465/465/465 390/390/390
f 365/365/365 431/431/431 390/390/390
f 483/483/483 447/447/447 550/550/550
f 362/362/362 409/409/409 460/460/460
f 362/362/362 460/460/460 363/363/363
f 388/388/388 467/467/467 497/497/497
f 497/497/497 496/496/496 388/388/388
f 388/388/388 496/496/496 431/431/431
f 440/440/440 439/439/439 519/519/519
f 519/519/519 520/520/520 440/440/440
f 440/440/440 520/520/520 473/473/473
f 496/496/496 465/465/465 431/431/431
f 390/390/390 465/465/465 395/395/395
f 465/465/465 490/490/490 395/395/395
f 395/395/395 490/490/490 416/416/416
f 439/439/439 506/506/506 519/519/519
f 519/519/519 586/586/586 520/520/520
f 481/481/481 544/544/544 482/482/482
f 447/447/447 516/516/516 550/550/550
f 383/383/383 320/320/320 381/381/381
f 434/434/434 509/509/509 409/409/409
f 409/409/409 509/509/509 460/460/460
f 490/490/490 507/507/507 416/416/416
f 416/416/416 507/507/507 415/415/415
f 415/415/415 507/507/507 506/506/506
f 415/415/415 506/506/506 439/439/439
f 473/473/473 544/544/544 481/481/481
f 482/482/482 544/544/544 516/516/516
f 544/544/544 597/597/597 516/516/516
f 336/336/336 428/428/428 418/418/418
f 491/491/491 509/509/509 434/434/434
f 507/507/507 549/549/549 506/506/506
f 336/336/336 427/427/427 428/428/428
f 418/418/418 428/428/428 487/487/487
f 418/418/418 487/487/487 417/417/417
f 417/417/417 487/487/487 488/488/488
f 488/488/488 569/569/569 491/491/491
f 491/491/491 569/569/569 509/509/509
f 320/320/320 302/302/302 319/319/319
f 335/335/335 427/427/427 336/336/336
f 428/428/428 536/536/536 487/487/487
f 320/320/320 321/321/321 302/302/302
f 302/302/302 326/326/326 335/335/335
f 326/326/326 402/402/402 335/335/335
f 335/335/335 402/402/402 427/427/427
f 321/321/321 326/326/326 302/302/302
f 383/383/383 321/321/321 320/320/320
f 383/383/383 368/368/368 321/321/321
f 321/321/321 327/327/327 326/326/326
f 400/400/400 402/402/402 326/326/326
f 327/327/327 400/400/400 326/326/326
f 327/327/327 401/401/401 400/400/400
f 421/421/421 375/375/375 368/368/368
f 368/368/368 375/375/375 328/328/328
f 368/368/368 328/328/328 321/321/321
f 321/321/321 328/328/328 327/327/327
f 327/327/327 329/329/329 401/401/401
f 327/327/327 328/328/328 329/329/329
f 328/328/328 330/330/330 329/329/329
f 375/375/375 330/330/330 328/328/328
f 331/331/331 332/332/332 329/329/329
f 330/330/330 331/331/331 329/329/329
f 333/333/333 407/407/407 332/332/332
f 331/331/331 385/385/385 334/334/334
f 331/331/331 333/333/333 332/332/332
f 331/331/331 334/334/334 333/333/333
f 333/333/333 341/341/341 407/407/407
f 407/407/407 341/341/341 478/478/478
f 385/385/385 350/350/350 334/334/334
f 334/334/334 337/337/337 333/333/333
f 350/350/350 337/337/337 334/334/334
f 333/333/333 337/337/337 341/341/341
f 341/341/341 448/448/448 478/478/478
f 337/337/337 342/342/342 341/341/341
f 385/385/385 397/397/397 350/350/350
f 341/341/341 342/342/342 448/448/448
f 343/343/343 433/433/433 342/342/342
f 342/342/342 433/433/433 448/448/448
f 350/350/350 344/344/344 337/337/337
f 337/337/337 344/344/344 343/343/343
f 337/337/337 343/343/343 342/342/342
f 448/448/448 433/433/433 512/512/512
f 344/344/344 345/345/345 343/343/343
f 397/397/397 346/346/346 350/350/350
f 350/350/350 346/346/346 344/344/344
f 343/343/343 380/380/380 433/433/433
f 346/346/346 345/345/345 344/344/344
f 345/345/345 380/380/380 343/343/343
f 397/397/397 349/349/349 346/346/346
f 346/346/346 347/347/347 345/345/345
f 423/423/423 349/349/349 397/397/397
f 345/345/345 347/347/347 379/379/379
f 345/345/345 379/379/379 380/380/380
f 423/423/423 422/422/422 349/349/349
f 346/346/346 348/348/348 347/347/347
f 347/347/347 348/348/348 379/379/379
f 346/346/346 349/349/349 348/348/348
f 348/348/348 378/378/378 379/379/379
f 422/422/422 367/367/367 349/349/349
f 349/349/349 367/367/367 348/348/348
f 367/367/367 391/391/391 377/377/377
f 367/367/367 377/377/377 348/348/348
f 348/348/348 377/377/377 378/378/378
f 377/377/377 391/391/391 426/426/426
f 532/532/532 494/494/494 438/438/438
f 532/532/532 438/438/438 531/531/531
f 530/530/530 449/449/449 568/568/568
f 494/494/494 413/413/413 438/438/438
f 494/494/494 504/504/504 413/413/413
f 412/412/412 535/535/535 449/449/449
f 413/413/413 504/504/504 432/432/432
f 1016/1016/1016 1038/1038/1038 1017/1017/1017
f 412/412/412 515/515/515 535/535/535
f 1016/1016/1016 1035/1035/1035 1038/1038/1038
f 1035/1035/1035 1039/1039/1039 1038/1038/1038
f 425/425/425 533/533/533 515/515/515
f 424/424/424 551/551/551 533/533/533
f 1035/1035/1035 1037/1037/1037 1039/1039/1039
f 1035/1035/1035 1036/1036/1036 1037/1037/1037
f 424/424/424 444/444/444 551/551/551
f 911/911/911 897/897/897 904/904/904
f 1036/1036/1036 1034/1034/1034 1037/1037/1037
f 1019/1019/1019 1034/1034/1034 1036/1036/1036
f 470/470/470 537/537/537 444/444/444
f 911/911/911 896/896/896 897/897/897
f 470/470/470 371/371/371 537/537/537
f 371/371/371 539/539/539 537/537/537
f 371/371/371 500/500/500 539/539/539
f 442/442/442 471/471/471 406/406/406
f 274/274/274 268/268/268 500/500/500
f 268/268/268 521/521/521 500/500/500
f 471/471/471 420/420/420 406/406/406
f 268/268/268 258/258/258 521/521/521
f 258/258/258 247/247/247 521/521/521
f 521/521/521 247/247/247 565/565/565
f 492/492/492 420/420/420 471/471/471
f 565/565/565 247/247/247 546/546/546
f 218/218/218 217/217/217 140/140/140
f 611/611/611 553/553/553 538/538/538
f 140/140/140 217/217/217 200/200/200
f 589/589/589 522/522/522 553/553/553
f 492/492/492 454/454/454 420/420/420
f 217/217/217 213/213/213 200/200/200
f 589/589/589 523/523/523 522/522/522
f 454/454/454 396/396/396 420/420/420
f 534/534/534 501/501/501 601/601/601
f 554/554/554 493/493/493 555/555/555
f 555/555/555 486/486/486 578/578/578
f 578/578/578 486/486/486 485/485/485
f 578/578/578 485/485/485 581/581/581
f 576/576/576 577/577/577 527/527/527
f 527/527/527 526/526/526 576/576/576
f 261/261/261 256/256/256 567/567/567
f 505/505/505 445/445/445 542/542/542
f 542/542/542 445/445/445 493/493/493
f 542/542/542 493/493/493 554/554/554
f 555/555/555 493/493/493 486/486/486
f 485/485/485 529/529/529 581/581/581
f 581/581/581 529/529/529 582/582/582
f 529/529/529 528/528/528 577/577/577
f 577/577/577 528/528/528 527/527/527
f 501/501/501 517/517/517 601/601/601
f 256/256/256 249/249/249 255/255/255
f 280/280/280 445/445/445 505/505/505
f 454/454/454 419/419/419 396/396/396
f 277/277/277 279/279/279 280/280/280
f 249/249/249 248/248/248 250/250/250
f 277/277/277 270/270/270 279/279/279
f 279/279/279 270/270/270 282/282/282
f 248/248/248 307/307/307 250/250/250
f 248/248/248 363/363/363 307/307/307
f 270/270/270 374/374/374 282/282/282
f 270/270/270 373/373/373 374/374/374
f 282/282/282 374/374/374 376/376/376
f 374/374/374 469/469/469 376/376/376
f 460/460/460 472/472/472 363/363/363
f 469/469/469 467/467/467 376/376/376
f 419/419/419 443/443/443 383/383/383
f 467/467/467 548/548/548 497/497/497
f 497/497/497 541/541/541 496/496/496
f 496/496/496 541/541/541 465/465/465
f 541/541/541 558/558/558 465/465/465
f 519/519/519 583/583/583 586/586/586
f 846/846/846 836/836/836 834/834/834
f 520/520/520 586/586/586 602/602/602
f 520/520/520 602/602/602 473/473/473
f 473/473/473 602/602/602 599/599/599
f 460/460/460 509/509/509 552/552/552
f 541/541/541 587/587/587 558/558/558
f 465/465/465 558/558/558 490/490/490
f 490/490/490 558/558/558 563/563/563
f 490/490/490 563/563/563 507/507/507
f 563/563/563 585/585/585 507/507/507
f 506/506/506 583/583/583 519/519/519
f 473/473/473 599/599/599 544/544/544
f 599/599/599 625/625/625 544/544/544
f 544/544/544 625/625/625 597/597/597
f 509/509/509 590/590/590 552/552/552
f 585/585/585 549/549/549 507/507/507
f 506/506/506 549/549/549 583/583/583
f 549/549/549 606/606/606 583/583/583
f 487/487/487 536/536/536 580/580/580
f 487/487/487 580/580/580 488/488/488
f 488/488/488 580/580/580 569/569/569
f 853/853/853 817/817/817 847/847/847
f 569/569/569 590/590/590 509/509/509
f 428/428/428 514/514/514 536/536/536
f 427/427/427 514/514/514 428/428/428
f 514/514/514 607/607/607 536/536/536
f 427/427/427 511/511/511 514/514/514
f 443/443/443 421/421/421 383/383/383
f 402/402/402 511/511/511 427/427/427
f 402/402/402 510/510/510 511/511/511
f 402/402/402 400/400/400 498/498/498
f 402/402/402 498/498/498 510/510/510
f 441/441/441 375/375/375 421/421/421
f 400/400/400 457/457/457 498/498/498
f 401/401/401 457/457/457 400/400/400
f 441/441/441 399/399/399 375/375/375
f 401/401/401 329/329/329 459/459/459
f 401/401/401 459/459/459 457/457/457
f 399/399/399 330/330/330 375/375/375
f 441/441/441 479/479/479 399/399/399
f 329/329/329 458/458/458 459/459/459
f 329/329/329 332/332/332 458/458/458
f 330/330/330 399/399/399 331/331/331
f 452/452/452 385/385/385 399/399/399
f 399/399/399 385/385/385 331/331/331
f 332/332/332 407/407/407 458/458/458
f 458/458/458 407/407/407 508/508/508
f 407/407/407 478/478/478 508/508/508
f 478/478/478 561/561/561 508/508/508
f 452/452/452 453/453/453 385/385/385
f 453/453/453 397/397/397 385/385/385
f 448/448/448 591/591/591 561/561/561
f 448/448/448 512/512/512 591/591/591
f 453/453/453 463/463/463 397/397/397
f 463/463/463 423/423/423 397/397/397
f 433/433/433 489/489/489 512/512/512
f 433/433/433 380/380/380 489/489/489
f 423/423/423 463/463/463 468/468/468
f 380/380/380 379/379/379 484/484/484
f 380/380/380 484/484/484 489/489/489
f 468/468/468 422/422/422 423/423/423
f 468/468/468 461/461/461 422/422/422
f 379/379/379 455/455/455 484/484/484
f 379/379/379 378/378/378 455/455/455
f 461/461/461 367/367/367 422/422/422
f 461/461/461 462/462/462 367/367/367
f 462/462/462 391/391/391 367/367/367
f 378/378/378 377/377/377 430/430/430
f 378/378/378 430/430/430 455/455/455
f 391/391/391 456/456/456 426/426/426
f 426/426/426 436/436/436 377/377/377
f 377/377/377 436/436/436 430/430/430
f 1190/1190/1190 1202/1202/1202 1191/1191/1191
f 1189/1189/1189 1201/1201/1201 1192/1192/1192
f 1050/1050/1050 1043/1043/1043 1040/1040/1040
f 1043/1043/1043 1010/1010/1010 1040/1040/1040
f 1017/1017/1017 1010/1010/1010 990/990/990
f 1010/1010/1010 1017/1017/1017 1040/1040/1040
f 900/900/900 890/890/890 901/901/901
f 1021/1021/1021 1035/1035/1035 1016/1016/1016
f 900/900/900 895/895/895 890/890/890
f 1021/1021/1021 1020/1020/1020 1035/1035/1035
f 1020/1020/1020 1036/1036/1036 1035/1035/1035
f 904/904/904 897/897/897 887/887/887
f 1020/1020/1020 1019/1019/1019 1036/1036/1036
f 996/996/996 1006/1006/1006 1019/1019/1019
f 1006/1006/1006 1034/1034/1034 1019/1019/1019
f 1006/1006/1006 1026/1026/1026 1034/1034/1034
f 907/907/907 908/908/908 903/903/903
f 223/223/223 214/214/214 171/171/171
f 202/202/202 184/184/184 216/216/216
f 140/140/140 200/200/200 111/111/111
f 197/197/197 222/222/222 216/216/216
f 1277/1277/1277 1270/1270/1270 1273/1273/1273
f 505/505/505 542/542/542 584/584/584
f 584/584/584 542/542/542 598/598/598
f 613/613/613 582/582/582 577/577/577
f 567/567/567 256/256/256 566/566/566
f 256/256/256 255/255/255 566/566/566
f 513/513/513 505/505/505 584/584/584
f 255/255/255 249/249/249 251/251/251
f 513/513/513 263/263/263 277/277/277
f 464/464/464 419/419/419 454/454/454
f 251/251/251 250/250/250 254/254/254
f 263/263/263 266/266/266 270/270/270
f 263/263/263 270/270/270 277/277/277
f 250/250/250 259/259/259 254/254/254
f 250/250/250 307/307/307 259/259/259
f 307/307/307 306/306/306 259/259/259
f 265/265/265 373/373/373 266/266/266
f 266/266/266 373/373/373 270/270/270
f 307/307/307 475/475/475 306/306/306
f 373/373/373 469/469/469 374/374/374
f 464/464/464 443/443/443 419/419/419
f 363/363/363 472/472/472 307/307/307
f 307/307/307 472/472/472 475/475/475
f 550/550/550 634/634/634 633/633/633
f 597/597/597 634/634/634 550/550/550
f 460/460/460 552/552/552 472/472/472
f 469/469/469 540/540/540 467/467/467
f 540/540/540 548/548/548 467/467/467
f 548/548/548 559/559/559 497/497/497
f 559/559/559 541/541/541 497/497/497
f 541/541/541 559/559/559 587/587/587
f 836/836/836 826/826/826 834/834/834
f 835/835/835 824/824/824 831/831/831
f 825/825/825 813/813/813 851/851/851
f 813/813/813 845/845/845 851/851/851
f 859/859/859 847/847/847 841/841/841
f 847/847/847 823/823/823 841/841/841
f 840/840/840 821/821/821 857/857/857
f 857/857/857 821/821/821 855/855/855
f 855/855/855 821/821/821 832/832/832
f 855/855/855 832/832/832 856/856/856
f 856/856/856 832/832/832 833/833/833
f 563/563/563 629/629/629 585/585/585
f 846/846/846 830/830/830 836/836/836
f 842/842/842 817/817/817 853/853/853
f 817/817/817 819/819/819 847/847/847
f 629/629/629 630/630/630 585/585/585
f 585/585/585 630/630/630 549/549/549
f 822/822/822 820/820/820 852/852/852
f 852/852/852 820/820/820 830/830/830
f 536/536/536 608/608/608 580/580/580
f 514/514/514 600/600/600 607/607/607
f 443/443/443 495/495/495 421/421/421
f 511/511/511 592/592/592 596/596/596
f 510/510/510 592/592/592 511/511/511
f 510/510/510 593/593/593 592/592/592
f 510/510/510 498/498/498 593/593/593
f 495/495/495 441/441/441 421/421/421
f 498/498/498 594/594/594 593/593/593
f 498/498/498 457/457/457 594/594/594
f 441/441/441 495/495/495 479/479/479
f 1162/1162/1162 1163/1163/1163 1135/1135/1135
f 479/479/479 502/502/502 452/452/452
f 479/479/479 452/452/452 399/399/399
f 502/502/502 453/453/453 452/452/452
f 1099/1099/1099 1153/1153/1153 1079/1079/1079
f 1153/1153/1153 1134/1134/1134 1079/1079/1079
f 1024/1024/1024 1003/1003/1003 1031/1031/1031
f 489/489/489 484/484/484 573/573/573
f 1003/1003/1003 992/992/992 1031/1031/1031
f 484/484/484 572/572/572 573/573/573
f 992/992/992 1030/1030/1030 1031/1031/1031
f 484/484/484 556/556/556 572/572/572
f 484/484/484 455/455/455 556/556/556
f 992/992/992 1023/1023/1023 1030/1030/1030
f 992/992/992 993/993/993 1023/1023/1023
f 455/455/455 430/430/430 556/556/556
f 1023/1023/1023 1013/1013/1013 1041/1041/1041
f 1013/1013/1013 1042/1042/1042 1041/1041/1041
f 436/436/436 524/524/524 430/430/430
f 456/456/456 503/503/503 426/426/426
f 503/503/503 518/518/518 426/426/426
f 426/426/426 518/518/518 436/436/436
f 436/436/436 518/518/518 524/524/524
f 518/518/518 525/525/525 524/524/524
f 1010/1010/1010 1043/1043/1043 1000/1000/1000
f 990/990/990 1002/1002/1002 1016/1016/1016
f 990/990/990 1016/1016/1016 1017/1017/1017
f 1002/1002/1002 1021/1021/1021 1016/1016/1016
f 1002/1002/1002 1020/1020/1020 1021/1021/1021
f 1002/1002/1002 1004/1004/1004 1020/1020/1020
f 1004/1004/1004 1019/1019/1019 1020/1020/1020
f 1004/1004/1004 996/996/996 1019/1019/1019
f 892/892/892 896/896/896 893/893/893
f 1005/1005/1005 1026/1026/1026 1006/1006/1006
f 1005/1005/1005 1027/1027/1027 1026/1026/1026
f 1005/1005/1005 994/994/994 1027/1027/1027
f 994/994/994 1028/1028/1028 1027/1027/1027
f 144/144/144 204/204/204 108/108/108
f 621/621/621 567/567/567 623/623/623
f 994/994/994 1022/1022/1022 1028/1028/1028
f 255/255/255 260/260/260 566/566/566
f 251/251/251 254/254/254 255/255/255
f 255/255/255 254/254/254 260/260/260
f 260/260/260 254/254/254 262/262/262
f 262/262/262 263/263/263 264/264/264
f 264/264/264 263/263/263 513/513/513
f 1022/1022/1022 1029/1029/1029 1028/1028/1028
f 262/262/262 254/254/254 263/263/263
f 259/259/259 265/265/265 254/254/254
f 254/254/254 265/265/265 263/263/263
f 263/263/263 265/265/265 266/266/266
f 306/306/306 265/265/265 259/259/259
f 1022/1022/1022 1014/1014/1014 1029/1029/1029
f 306/306/306 389/389/389 265/265/265
f 389/389/389 373/373/373 265/265/265
f 306/306/306 476/476/476 389/389/389
f 499/499/499 443/443/443 464/464/464
f 306/306/306 475/475/475 476/476/476
f 389/389/389 476/476/476 477/477/477
f 389/389/389 477/477/477 373/373/373
f 373/373/373 477/477/477 469/469/469
f 477/477/477 540/540/540 469/469/469
f 472/472/472 588/588/588 475/475/475
f 552/552/552 588/588/588 472/472/472
f 826/826/826 801/801/801 834/834/834
f 834/834/834 801/801/801 824/824/824
f 834/834/834 824/824/824 835/835/835
f 548/548/548 609/609/609 628/628/628
f 860/860/860 818/818/818 827/827/827
f 860/860/860 827/827/827 858/858/858
f 858/858/858 827/827/827 840/840/840
f 858/858/858 840/840/840 857/857/857
f 830/830/830 826/826/826 836/836/836
f 831/831/831 824/824/824 792/792/792
f 831/831/831 792/792/792 825/825/825
f 825/825/825 792/792/792 813/813/813
f 847/847/847 819/819/819 823/823/823
f 820/820/820 799/799/799 830/830/830
f 799/799/799 826/826/826 830/830/830
f 828/828/828 811/811/811 842/842/842
f 842/842/842 811/811/811 817/817/817
f 499/499/499 495/495/495 443/443/443
f 511/511/511 596/596/596 514/514/514
f 514/514/514 596/596/596 600/600/600
f 1018/1018/1018 997/997/997 1012/1012/1012
f 1012/1012/1012 1033/1033/1033 1018/1018/1018
f 1166/1166/1166 1165/1165/1165 1132/1132/1132
f 1166/1166/1166 1132/1132/1132 1136/1136/1136
f 1162/1162/1162 1131/1131/1131 1132/1132/1132
f 1165/1165/1165 1162/1162/1162 1132/1132/1132
f 1012/1012/1012 1009/1009/1009 1033/1033/1033
f 1009/1009/1009 1032/1032/1032 1033/1033/1033
f 1009/1009/1009 1008/1008/1008 1025/1025/1025
f 1009/1009/1009 1025/1025/1025 1032/1032/1032
f 1008/1008/1008 1007/1007/1007 1025/1025/1025
f 1099/1099/1099 1079/1079/1079 1076/1076/1076
f 1007/1007/1007 1024/1024/1024 1025/1025/1025
f 1007/1007/1007 1003/1003/1003 1024/1024/1024
f 1007/1007/1007 986/986/986 1003/1003/1003
f 986/986/986 981/981/981 1003/1003/1003
f 573/573/573 572/572/572 574/574/574
f 1003/1003/1003 981/981/981 992/992/992
f 991/991/991 993/993/993 992/992/992
f 993/993/993 1013/1013/1013 1023/1023/1023
f 993/993/993 998/998/998 1013/1013/1013
f 1013/1013/1013 1015/1015/1015 1042/1042/1042
f 524/524/524 624/624/624 557/557/557
f 430/430/430 524/524/524 557/557/557
f 1015/1015/1015 1049/1049/1049 1042/1042/1042
f 456/456/456 579/579/579 503/503/503
f 503/503/503 579/579/579 518/518/518
f 1227/1227/1227 1226/1226/1226 1220/1220/1220
f 1227/1227/1227 1220/1220/1220 1225/1225/1225
f 1043/1043/1043 1045/1045/1045 1000/1000/1000
f 984/984/984 1002/1002/1002 990/990/990
f 984/984/984 983/983/983 1002/1002/1002
f 983/983/983 982/982/982 1002/1002/1002
f 982/982/982 1004/1004/1004 1002/1002/1002
f 982/982/982 996/996/996 1004/1004/1004
f 982/982/982 974/974/974 996/996/996
f 996/996/996 988/988/988 1006/1006/1006
f 996/996/996 974/974/974 988/988/988
f 988/988/988 1005/1005/1005 1006/1006/1006
f 1005/1005/1005 988/988/988 994/994/994
f 103/103/103 96/96/96 184/184/184
f 193/193/193 206/206/206 134/134/134
f 192/192/192 143/143/143 211/211/211
f 994/994/994 995/995/995 1022/1022/1022
f 994/994/994 951/951/951 995/995/995
f 264/264/264 513/513/513 610/610/610
f 260/260/260 262/262/262 543/543/543
f 543/543/543 262/262/262 264/264/264
f 949/949/949 989/989/989 995/995/995
f 995/995/995 1014/1014/1014 1022/1022/1022
f 995/995/995 989/989/989 1014/1014/1014
f 475/475/475 570/570/570 476/476/476
f 476/476/476 570/570/570 477/477/477
f 477/477/477 570/570/570 571/571/571
f 1278/1278/1278 1267/1267/1267 1281/1281/1281
f 475/475/475 603/603/603 570/570/570
f 477/477/477 571/571/571 540/540/540
f 571/571/571 609/609/609 540/540/540
f 815/815/815 839/839/839 841/841/841
f 588/588/588 603/603/603 475/475/475
f 813/813/813 808/808/808 845/845/845
f 808/808/808 816/816/816 845/845/845
f 823/823/823 815/815/815 841/841/841
f 540/540/540 609/609/609 548/548/548
f 801/801/801 667/667/667 824/824/824
f 667/667/667 792/792/792 824/824/824
f 792/792/792 784/784/784 813/813/813
f 813/813/813 784/784/784 808/808/808
f 819/819/819 791/791/791 823/823/823
f 791/791/791 802/802/802 823/823/823
f 827/827/827 809/809/809 840/840/840
f 840/840/840 809/809/809 821/821/821
f 832/832/832 821/821/821 807/807/807
f 832/832/832 807/807/807 833/833/833
f 833/833/833 807/807/807 822/822/822
f 811/811/811 789/789/789 817/817/817
f 817/817/817 789/789/789 819/819/819
f 819/819/819 789/789/789 791/791/791
f 822/822/822 794/794/794 820/820/820
f 820/820/820 794/794/794 799/799/799
f 828/828/828 788/788/788 811/811/811
f 829/829/829 788/788/788 828/828/828
f 829/829/829 793/793/793 788/788/788
f 844/844/844 800/800/800 829/829/829
f 1014/1014/1014 989/989/989 997/997/997
f 997/997/997 1018/1018/1018 1014/1014/1014
f 1138/1138/1138 1127/1127/1127 1164/1164/1164
f 1136/1136/1136 1132/1132/1132 1104/1104/1104
f 997/997/997 987/987/987 1012/1012/1012
f 997/997/997 976/976/976 987/987/987
f 987/987/987 1009/1009/1009 1012/1012/1012
f 1009/1009/1009 987/987/987 985/985/985
f 985/985/985 1008/1008/1008 1009/1009/1009
f 1008/1008/1008 985/985/985 1007/1007/1007
f 985/985/985 986/986/986 1007/1007/1007
f 981/981/981 947/947/947 992/992/992
f 947/947/947 991/991/991 992/992/992
f 993/993/993 975/975/975 998/998/998
f 998/998/998 1011/1011/1011 1013/1013/1013
f 1013/1013/1013 1011/1011/1011 1015/1015/1015
f 1226/1226/1226 1221/1221/1221 1220/1220/1220
f 918/918/918 891/891/891 909/909/909
f 1000/1000/1000 1001/1001/1001 972/972/972
f 1000/1000/1000 972/972/972 990/990/990
f 972/972/972 984/984/984 990/990/990
f 972/972/972 969/969/969 984/984/984
f 889/889/889 886/886/886 875/875/875
f 984/984/984 969/969/969 967/967/967
f 967/967/967 983/983/983 984/984/984
f 983/983/983 967/967/967 965/965/965
f 965/965/965 963/963/963 983/983/983
f 983/983/983 963/963/963 982/982/982
f 982/982/982 963/963/963 962/962/962
f 982/982/982 962/962/962 974/974/974
f 988/988/988 974/974/974 956/956/956
f 988/988/988 956/956/956 952/952/952
f 952/952/952 994/994/994 988/988/988
f 33/33/33 184/184/184 96/96/96
f 137/137/137 18/18/18 17/17/17
f 994/994/994 952/952/952 951/951/951
f 566/566/566 260/260/260 617/617/617
f 617/617/617 260/260/260 616/616/616
f 951/951/951 949/949/949 995/995/995
f 949/949/949 927/927/927 989/989/989
f 570/570/570 603/603/603 604/604/604
f 570/570/570 604/604/604 605/605/605
f 570/570/570 605/605/605 571/571/571
f 571/571/571 605/605/605 609/609/609
f 837/837/837 814/814/814 843/843/843
f 927/927/927 929/929/929 989/989/989
f 823/823/823 803/803/803 815/815/815
f 843/843/843 814/814/814 818/818/818
f 801/801/801 795/795/795 667/667/667
f 802/802/802 803/803/803 823/823/823
f 818/818/818 796/796/796 827/827/827
f 827/827/827 796/796/796 809/809/809
f 809/809/809 806/806/806 821/821/821
f 821/821/821 806/806/806 807/807/807
f 799/799/799 801/801/801 826/826/826
f 667/667/667 702/702/702 792/792/792
f 792/792/792 696/696/696 784/784/784
f 822/822/822 807/807/807 794/794/794
f 788/788/788 787/787/787 811/811/811
f 811/811/811 787/787/787 789/789/789
f 829/829/829 800/800/800 793/793/793
f 989/989/989 977/977/977 997/997/997
f 989/989/989 929/929/929 977/977/977
f 854/854/854 800/800/800 844/844/844
f 854/854/854 812/812/812 800/800/800
f 977/977/977 929/929/929 932/932/932
f 861/861/861 812/812/812 854/854/854
f 1164/1164/1164 1151/1151/1151 1167/1167/1167
f 1138/1138/1138 1137/1137/1137 1127/1127/1127
f 977/977/977 976/976/976 997/997/997
f 1131/1131/1131 1101/1101/1101 1103/1103/1103
f 987/987/987 976/976/976 936/936/936
f 987/987/987 936/936/936 985/985/985
f 936/936/936 938/938/938 985/985/985
f 985/985/985 938/938/938 986/986/986
f 938/938/938 940/940/940 986/986/986
f 986/986/986 940/940/940 981/981/981
f 940/940/940 944/944/944 981/981/981
f 981/981/981 944/944/944 947/947/947
f 991/991/991 947/947/947 975/975/975
f 991/991/991 975/975/975 993/993/993
f 975/975/975 999/999/999 998/998/998
f 998/998/998 999/999/999 1011/1011/1011
f 1011/1011/1011 1044/1044/1044 1015/1015/1015
f 1044/1044/1044 1051/1051/1051 1015/1015/1015
f 1015/1015/1015 1051/1051/1051 1049/1049/1049
f 1225/1225/1225 1218/1218/1218 1222/1222/1222
f 1225/1225/1225 1222/1222/1222 1234/1234/1234
f 1221/1221/1221 1216/1216/1216 1220/1220/1220
f 1220/1220/1220 1216/1216/1216 1217/1217/1217
f 1220/1220/1220 1218/1218/1218 1225/1225/1225
f 1220/1220/1220 1217/1217/1217 1218/1218/1218
f 1000/1000/1000 1045/1045/1045 1001/1001/1001
f 962/962/962 959/959/959 974/974/974
f 898/898/898 902/902/902 885/885/885
f 974/974/974 959/959/959 956/956/956
f 109/109/109 134/134/134 53/53/53
f 839/839/839 815/815/815 805/805/805
f 839/839/839 805/805/805 838/838/838
f 805/805/805 798/798/798 838/838/838
f 838/838/838 798/798/798 837/837/837
f 837/837/837 798/798/798 797/797/797
f 837/837/837 797/797/797 814/814/814
f 808/808/808 786/786/786 816/816/816
f 784/784/784 708/708/708 808/808/808
f 814/814/814 790/790/790 818/818/818
f 818/818/818 790/790/790 796/796/796
f 809/809/809 796/796/796 670/670/670
f 809/809/809 670/670/670 806/806/806
f 664/664/664 665/665/665 799/799/799
f 799/799/799 665/665/665 801/801/801
f 801/801/801 665/665/665 795/795/795
f 792/792/792 702/702/702 696/696/696
f 791/791/791 707/707/707 802/802/802
f 806/806/806 669/669/669 807/807/807
f 669/669/669 668/668/668 807/807/807
f 668/668/668 661/661/661 807/807/807
f 807/807/807 661/661/661 794/794/794
f 661/661/661 663/663/663 794/794/794
f 794/794/794 663/663/663 799/799/799
f 663/663/663 664/664/664 799/799/799
f 932/932/932 934/934/934 977/977/977
f 977/977/977 934/934/934 976/976/976
f 976/976/976 934/934/934 936/936/936
f 940/940/940 941/941/941 944/944/944
f 963/963/963 961/961/961 962/962/962
f 962/962/962 961/961/961 959/959/959
f 959/959/959 957/957/957 956/956/956
f 906/906/906 905/905/905 902/902/902
f 957/957/957 955/955/955 956/956/956
f 1766/1766/1766 1767/1767/1767 1768/1768/1768
f 1768/1768/1768 1767/1767/1767 1770/1770/1770
f 1768/1768/1768 1770/1770/1770 1771/1771/1771
f 955/955/955 952/952/952 956/956/956
f 951/951/951 952/952/952 950/950/950
f 951/951/951 950/950/950 949/949/949
f 949/949/949 950/950/950 945/945/945
f 949/949/949 945/945/945 927/927/927
f 808/808/808 708/708/708 786/786/786
f 927/927/927 928/928/928 929/929/929
f 803/803/803 804/804/804 815/815/815
f 815/815/815 804/804/804 805/805/805
f 797/797/797 790/790/790 814/814/814
f 790/790/790 638/638/638 796/796/796
f 796/796/796 638/638/638 670/670/670
f 665/665/665 666/666/666 667/667/667
f 795/795/795 665/665/665 667/667/667
f 667/667/667 666/666/666 702/702/702
f 784/784/784 696/696/696 708/708/708
f 791/791/791 680/680/680 707/707/707
f 670/670/670 669/669/669 806/806/806
f 787/787/787 681/681/681 789/789/789
f 789/789/789 681/681/681 682/682/682
f 789/789/789 682/682/682 791/791/791
f 793/793/793 698/698/698 788/788/788
f 698/698/698 685/685/685 788/788/788
f 788/788/788 685/685/685 787/787/787
f 929/929/929 928/928/928 931/931/931
f 929/929/929 931/931/931 932/932/932
f 938/938/938 936/936/936 937/937/937
f 940/940/940 938/938/938 939/939/939
f 940/940/940 939/939/939 941/941/941
f 941/941/941 943/943/943 944/944/944
f 944/944/944 943/943/943 947/947/947
f 947/947/947 943/943/943 948/948/948
f 947/947/947 948/948/948 975/975/975
f 1011/1011/1011 1052/1052/1052 1044/1044/1044
f 1222/1222/1222 1228/1228/1228 1233/1233/1233
f 1212/1212/1212 1209/1209/1209 1216/1216/1216
f 1221/1221/1221 1212/1212/1212 1216/1216/1216
f 1216/1216/1216 1211/1211/1211 1217/1217/1217
f 1217/1217/1217 1215/1215/1215 1218/1218/1218
f 1193/1193/1193 1198/1198/1198 1206/1206/1206
f 1206/1206/1206 1198/1198/1198 1208/1208/1208
f 1047/1047/1047 971/971/971 1001/1001/1001
f 1001/1001/1001 971/971/971 972/972/972
f 972/972/972 971/971/971 969/969/969
f 969/969/969 968/968/968 967/967/967
f 968/968/968 966/966/966 967/967/967
f 967/967/967 966/966/966 965/965/965
f 966/966/966 964/964/964 965/965/965
f 965/965/965 964/964/964 963/963/963
f 868/868/868 870/870/870 866/866/866
f 963/963/963 964/964/964 961/961/961
f 961/961/961 960/960/960 959/959/959
f 959/959/959 960/960/960 958/958/958
f 959/959/959 958/958/958 957/957/957
f 958/958/958 955/955/955 957/957/957
f 905/905/905 906/906/906 914/914/914
f 906/906/906 915/915/915 914/914/914
f 914/914/914 915/915/915 926/926/926
f 1772/1772/1772 1769/1769/1769 1766/1766/1766
f 1769/1769/1769 1767/1767/1767 1766/1766/1766
f 228/228/228 227/227/227 226/226/226
f 955/955/955 954/954/954 952/952/952
f 952/952/952 954/954/954 953/953/953
f 952/952/952 953/953/953 950/950/950
f 31/31/31 135/135/135 20/20/20
f 945/945/945 930/930/930 927/927/927
f 927/927/927 930/930/930 928/928/928
f 804/804/804 675/675/675 805/805/805
f 798/798/798 660/660/660 797/797/797
f 797/797/797 660/660/660 659/659/659
f 797/797/797 659/659/659 790/790/790
f 802/802/802 677/677/677 803/803/803
f 803/803/803 677/677/677 804/804/804
f 790/790/790 659/659/659 640/640/640
f 790/790/790 640/640/640 638/638/638
f 666/666/666 693/693/693 702/702/702
f 702/702/702 693/693/693 696/696/696
f 802/802/802 707/707/707 677/677/677
f 638/638/638 637/637/637 670/670/670
f 670/670/670 637/637/637 669/669/669
f 669/669/669 637/637/637 642/642/642
f 669/669/669 642/642/642 668/668/668
f 668/668/668 642/642/642 645/645/645
f 668/668/668 645/645/645 661/661/661
f 645/645/645 646/646/646 661/661/661
f 661/661/661 646/646/646 663/663/663
f 663/663/663 646/646/646 649/649/649
f 663/663/663 649/649/649 664/664/664
f 787/787/787 685/685/685 681/681/681
f 800/800/800 729/729/729 793/793/793
f 729/729/729 698/698/698 793/793/793
f 780/780/780 729/729/729 800/800/800
f 812/812/812 780/780/780 800/800/800
f 812/812/812 810/810/810 780/780/780
f 849/849/849 810/810/810 812/812/812
f 932/932/932 931/931/931 933/933/933
f 933/933/933 934/934/934 932/932/932
f 1103/1103/1103 1101/1101/1101 1102/1102/1102
f 933/933/933 935/935/935 934/934/934
f 934/934/934 935/935/935 936/936/936
f 1092/1092/1092 1090/1090/1090 1091/1091/1091
f 936/936/936 935/935/935 937/937/937
f 938/938/938 937/937/937 939/939/939
f 939/939/939 942/942/942 941/941/941
f 941/941/941 942/942/942 943/943/943
f 948/948/948 978/978/978 975/975/975
f 975/975/975 978/978/978 999/999/999
f 978/978/978 1046/1046/1046 999/999/999
f 999/999/999 1046/1046/1046 1048/1048/1048
f 999/999/999 1048/1048/1048 1011/1011/1011
f 1011/1011/1011 1048/1048/1048 1052/1052/1052
f 1222/1222/1222 1219/1219/1219 1228/1228/1228
f 1239/1239/1239 1238/1238/1238 1221/1221/1221
f 1238/1238/1238 1231/1231/1231 1221/1221/1221
f 1218/1218/1218 1219/1219/1219 1222/1222/1222
f 1231/1231/1231 1212/1212/1212 1221/1221/1221
f 1211/1211/1211 1215/1215/1215 1217/1217/1217
f 1218/1218/1218 1215/1215/1215 1219/1219/1219
f 1216/1216/1216 1209/1209/1209 1211/1211/1211
f 971/971/971 970/970/970 969/969/969
f 970/970/970 968/968/968 969/969/969
f 48/48/48 41/41/41 42/42/42
f 786/786/786 773/773/773 848/848/848
f 675/675/675 671/671/671 805/805/805
f 671/671/671 660/660/660 805/805/805
f 805/805/805 660/660/660 798/798/798
f 677/677/677 675/675/675 804/804/804
f 664/664/664 649/649/649 655/655/655
f 664/664/664 655/655/655 665/665/665
f 665/665/665 655/655/655 666/666/666
f 680/680/680 676/676/676 707/707/707
f 707/707/707 676/676/676 677/677/677
f 642/642/642 637/637/637 641/641/641
f 645/645/645 642/642/642 644/644/644
f 645/645/645 644/644/644 646/646/646
f 681/681/681 680/680/680 682/682/682
f 1073/1073/1073 1074/1074/1074 1075/1075/1075
f 943/943/943 942/942/942 946/946/946
f 946/946/946 948/948/948 943/943/943
f 1198/1198/1198 1205/1205/1205 1208/1208/1208
f 1062/1062/1062 970/970/970 971/971/971
f 968/968/968 1056/1056/1056 966/966/966
f 966/966/966 1061/1061/1061 964/964/964
f 964/964/964 1061/1061/1061 961/961/961
f 960/960/960 1069/1069/1069 958/958/958
f 958/958/958 1069/1069/1069 1058/1058/1058
f 958/958/958 1058/1058/1058 955/955/955
f 1058/1058/1058 954/954/954 955/955/955
f 953/953/953 954/954/954 1066/1066/1066
f 953/953/953 1065/1065/1065 950/950/950
f 950/950/950 1065/1065/1065 945/945/945
f 708/708/708 716/716/716 773/773/773
f 708/708/708 773/773/773 786/786/786
f 660/660/660 671/671/671 662/662/662
f 662/662/662 652/652/652 660/660/660
f 660/660/660 652/652/652 659/659/659
f 655/655/655 689/689/689 666/666/666
f 689/689/689 690/690/690 666/666/666
f 708/708/708 695/695/695 716/716/716
f 677/677/677 676/676/676 675/675/675
f 676/676/676 673/673/673 675/675/675
f 675/675/675 673/673/673 671/671/671
f 659/659/659 652/652/652 640/640/640
f 640/640/640 635/635/635 638/638/638
f 649/649/649 653/653/653 655/655/655
f 690/690/690 694/694/694 693/693/693
f 666/666/666 690/690/690 693/693/693
f 693/693/693 694/694/694 695/695/695
f 693/693/693 695/695/695 696/696/696
f 696/696/696 695/695/695 708/708/708
f 928/928/928 930/930/930 973/973/973
f 638/638/638 635/635/635 637/637/637
f 635/635/635 636/636/636 637/637/637
f 637/637/637 636/636/636 639/639/639
f 639/639/639 641/641/641 637/637/637
f 641/641/641 643/643/643 642/642/642
f 642/642/642 643/643/643 644/644/644
f 644/644/644 647/647/647 646/646/646
f 646/646/646 647/647/647 649/649/649
f 681/681/681 679/679/679 680/680/680
f 685/685/685 684/684/684 681/681/681
f 729/729/729 703/703/703 698/698/698
f 729/729/729 742/742/742 703/703/703
f 780/780/780 742/742/742 729/729/729
f 928/928/928 973/973/973 931/931/931
f 780/780/780 774/774/774 742/742/742
f 931/931/931 980/980/980 933/933/933
f 933/933/933 979/979/979 935/935/935
f 935/935/935 979/979/979 937/937/937
f 937/937/937 1053/1053/1053 939/939/939
f 942/942/942 939/939/939 1055/1055/1055
f 948/948/948 1059/1059/1059 978/978/978
f 1046/1046/1046 1070/1070/1070 1048/1048/1048
f 1242/1242/1242 1240/1240/1240 1238/1238/1238
f 1238/1238/1238 1237/1237/1237 1231/1231/1231
f 1231/1231/1231 1237/1237/1237 1213/1213/1213
f 1213/1213/1213 1212/1212/1212 1231/1231/1231
f 1210/1210/1210 1214/1214/1214 1211/1211/1211
f 1211/1211/1211 1214/1214/1214 1215/1215/1215
f 1215/1215/1215 1214/1214/1214 1219/1219/1219
f 1212/1212/1212 1210/1210/1210 1209/1209/1209
f 1209/1209/1209 1210/1210/1210 1211/1211/1211
f 1199/1199/1199 1205/1205/1205 1198/1198/1198
f 1047/1047/1047 1068/1068/1068 971/971/971
f 1068/1068/1068 1062/1062/1062 971/971/971
f 970/970/970 1062/1062/1062 1057/1057/1057
f 970/970/970 1057/1057/1057 1056/1056/1056
f 966/966/966 1056/1056/1056 1061/1061/1061
f 961/961/961 1061/1061/1061 960/960/960
f 1061/1061/1061 1069/1069/1069 960/960/960
f 1058/1058/1058 1072/1072/1072 954/954/954
f 954/954/954 1072/1072/1072 1066/1066/1066
f 1065/1065/1065 1054/1054/1054 945/945/945
f 1054/1054/1054 973/973/973 930/930/930
f 671/671/671 672/672/672 662/662/662
f 655/655/655 691/691/691 689/689/689
f 678/678/678 673/673/673 676/676/676
f 673/673/673 672/672/672 671/671/671
f 652/652/652 651/651/651 640/640/640
f 640/640/640 651/651/651 635/635/635
f 655/655/655 653/653/653 691/691/691
f 680/680/680 679/679/679 676/676/676
f 679/679/679 678/678/678 676/676/676
f 636/636/636 648/648/648 639/639/639
f 639/639/639 648/648/648 641/641/641
f 641/641/641 648/648/648 643/643/643
f 643/643/643 650/650/650 644/644/644
f 644/644/644 650/650/650 647/647/647
f 649/649/649 647/647/647 653/653/653
f 684/684/684 683/683/683 681/681/681
f 681/681/681 683/683/683 679/679/679
f 698/698/698 703/703/703 684/684/684
f 698/698/698 684/684/684 685/685/685
f 973/973/973 980/980/980 931/931/931
f 980/980/980 1064/1064/1064 933/933/933
f 933/933/933 1064/1064/1064 979/979/979
f 979/979/979 1053/1053/1053 937/937/937
f 1053/1053/1053 1055/1055/1055 939/939/939
f 1055/1055/1055 1063/1063/1063 942/942/942
f 942/942/942 1063/1063/1063 946/946/946
f 946/946/946 1063/1063/1063 1060/1060/1060
f 946/946/946 1060/1060/1060 1059/1059/1059
f 946/946/946 1059/1059/1059 948/948/948
f 1059/1059/1059 1067/1067/1067 1046/1046/1046
f 1046/1046/1046 1067/1067/1067 1070/1070/1070
f 1228/1228/1228 1223/1223/1223 1235/1235/1235
f 1214/1214/1214 1223/1223/1223 1219/1219/1219
f 1212/1212/1212 1213/1213/1213 1210/1210/1210
f 1734/1734/1734 1729/1729/1729 1744/1744/1744
f 1744/1744/1744 1729/1729/1729 1743/1743/1743
f 1742/1742/1742 1676/1676/1676 1739/1739/1739
f 1739/1739/1739 1735/1735/1735 1756/1756/1756
f 1756/1756/1756 1735/1735/1735 1748/1748/1748
f 773/773/773 785/785/785 850/850/850
f 716/716/716 737/737/737 773/773/773
f 672/672/672 688/688/688 686/686/686
f 672/672/672 686/686/686 662/662/662
f 662/662/662 686/686/686 687/687/687
f 662/662/662 687/687/687 652/652/652
f 652/652/652 687/687/687 651/651/651
f 691/691/691 713/713/713 689/689/689
f 689/689/689 710/710/710 690/690/690
f 690/690/690 710/710/710 694/694/694
f 710/710/710 700/700/700 694/694/694
f 695/695/695 715/715/715 716/716/716
f 678/678/678 674/674/674 673/673/673
f 673/673/673 674/674/674 672/672/672
f 674/674/674 688/688/688 672/672/672
f 651/651/651 654/654/654 635/635/635
f 635/635/635 654/654/654 636/636/636
f 654/654/654 656/656/656 636/636/636
f 636/636/636 656/656/656 648/648/648
f 648/648/648 658/658/658 643/643/643
f 658/658/658 657/657/657 643/643/643
f 643/643/643 657/657/657 650/650/650
f 650/650/650 692/692/692 647/647/647
f 647/647/647 692/692/692 653/653/653
f 683/683/683 684/684/684 704/704/704
f 703/703/703 706/706/706 684/684/684
f 973/973/973 1071/1071/1071 980/980/980
f 980/980/980 1071/1071/1071 1064/1064/1064
f 1740/1740/1740 1738/1738/1738 1751/1751/1751
f 1751/1751/1751 1738/1738/1738 1737/1737/1737
f 1751/1751/1751 1737/1737/1737 1750/1750/1750
f 1755/1755/1755 1704/1704/1704 1752/1752/1752
f 1704/1704/1704 1725/1725/1725 1752/1752/1752
f 1725/1725/1725 1753/1753/1753 1752/1752/1752
f 1753/1753/1753 1725/1725/1725 1724/1724/1724
f 1753/1753/1753 1724/1724/1724 1754/1754/1754
f 1754/1754/1754 1724/1724/1724 1734/1734/1734
f 1729/1729/1729 1713/1713/1713 1743/1743/1743
f 1713/1713/1713 1676/1676/1676 1742/1742/1742
f 1676/1676/1676 1675/1675/1675 1739/1739/1739
f 1264/1264/1264 1279/1279/1279 1263/1263/1263
f 1735/1735/1735 1680/1680/1680 1748/1748/1748
f 773/773/773 737/737/737 785/785/785
f 686/686/686 718/718/718 687/687/687
f 689/689/689 713/713/713 722/722/722
f 689/689/689 722/722/722 710/710/710
f 715/715/715 737/737/737 716/716/716
f 688/688/688 719/719/719 686/686/686
f 687/687/687 717/717/717 651/651/651
f 717/717/717 709/709/709 651/651/651
f 700/700/700 715/715/715 695/695/695
f 678/678/678 697/697/697 674/674/674
f 651/651/651 709/709/709 654/654/654
f 656/656/656 711/711/711 648/648/648
f 648/648/648 711/711/711 712/712/712
f 648/648/648 712/712/712 658/658/658
f 658/658/658 712/712/712 657/657/657
f 692/692/692 714/714/714 653/653/653
f 653/653/653 714/714/714 691/691/691
f 683/683/683 704/704/704 699/699/699
f 683/683/683 699/699/699 679/679/679
f 699/699/699 697/697/697 679/679/679
f 679/679/679 697/697/697 678/678/678
f 657/657/657 701/701/701 650/650/650
f 650/650/650 701/701/701 692/692/692
f 1748/1748/1748 1680/1680/1680 1736/1736/1736
f 706/706/706 705/705/705 684/684/684
f 684/684/684 705/705/705 704/704/704
f 703/703/703 723/723/723 706/706/706
f 742/742/742 723/723/723 703/703/703
f 1736/1736/1736 1690/1690/1690 1740/1740/1740
f 1740/1740/1740 1699/1699/1699 1738/1738/1738
f 1750/1750/1750 1737/1737/1737 1697/1697/1697
f 1697/1697/1697 1746/1746/1746 1750/1750/1750
f 1697/1697/1697 1745/1745/1745 1746/1746/1746
f 1745/1745/1745 1709/1709/1709 1731/1731/1731
f 1745/1745/1745 1731/1731/1731 1747/1747/1747
f 1747/1747/1747 1731/1731/1731 1749/1749/1749
f 1749/1749/1749 1732/1732/1732 1757/1757/1757
f 1757/1757/1757 1732/1732/1732 1714/1714/1714
f 1757/1757/1757 1714/1714/1714 1759/1759/1759
f 1240/1240/1240 1241/1241/1241 1237/1237/1237
f 1214/1214/1214 1230/1230/1230 1223/1223/1223
f 1237/1237/1237 1232/1232/1232 1213/1213/1213
f 1213/1213/1213 1232/1232/1232 1229/1229/1229
f 1213/1213/1213 1229/1229/1229 1210/1210/1210
f 1210/1210/1210 1229/1229/1229 1224/1224/1224
f 1210/1210/1210 1224/1224/1224 1214/1214/1214
f 1725/1725/1725 1692/1692/1692 1724/1724/1724
f 1734/1734/1734 1682/1682/1682 1729/1729/1729
f 1729/1729/1729 1711/1711/1711 1713/1713/1713
f 1645/1645/1645 1595/1595/1595 1676/1676/1676
f 737/737/737 779/779/779 785/785/785
f 718/718/718 717/717/717 687/687/687
f 710/710/710 734/734/734 700/700/700
f 715/715/715 731/731/731 737/737/737
f 674/674/674 720/720/720 688/688/688
f 688/688/688 720/720/720 719/719/719
f 709/709/709 721/721/721 654/654/654
f 721/721/721 656/656/656 654/654/654
f 712/712/712 726/726/726 657/657/657
f 657/657/657 726/726/726 727/727/727
f 657/657/657 727/727/727 701/701/701
f 701/701/701 727/727/727 692/692/692
f 692/692/692 727/727/727 730/730/730
f 692/692/692 730/730/730 724/724/724
f 692/692/692 724/724/724 714/714/714
f 705/705/705 725/725/725 704/704/704
f 704/704/704 725/725/725 699/699/699
f 706/706/706 728/728/728 705/705/705
f 782/782/782 743/743/743 774/774/774
f 1680/1680/1680 1690/1690/1690 1736/1736/1736
f 1698/1698/1698 1642/1642/1642 1697/1697/1697
f 1697/1697/1697 1709/1709/1709 1745/1745/1745
f 1709/1709/1709 1681/1681/1681 1731/1731/1731
f 1731/1731/1731 1702/1702/1702 1749/1749/1749
f 1214/1214/1214 1224/1224/1224 1230/1230/1230
f 1723/1723/1723 1643/1643/1643 1721/1721/1721
f 1721/1721/1721 1643/1643/1643 1720/1720/1720
f 1720/1720/1720 1620/1620/1620 1704/1704/1704
f 1729/1729/1729 1689/1689/1689 1711/1711/1711
f 1711/1711/1711 1633/1633/1633 1713/1713/1713
f 1678/1678/1678 1695/1695/1695 1733/1733/1733
f 1674/1674/1674 1600/1600/1600 1601/1601/1601
f 718/718/718 738/738/738 751/751/751
f 718/718/718 751/751/751 746/746/746
f 718/718/718 746/746/746 717/717/717
f 722/722/722 744/744/744 710/710/710
f 744/744/744 734/734/734 710/710/710
f 731/731/731 756/756/756 737/737/737
f 720/720/720 738/738/738 719/719/719
f 719/719/719 738/738/738 718/718/718
f 717/717/717 746/746/746 709/709/709
f 746/746/746 745/745/745 709/709/709
f 734/734/734 731/731/731 700/700/700
f 721/721/721 735/735/735 656/656/656
f 656/656/656 735/735/735 711/711/711
f 735/735/735 739/739/739 711/711/711
f 711/711/711 739/739/739 740/740/740
f 711/711/711 740/740/740 712/712/712
f 712/712/712 740/740/740 741/741/741
f 712/712/712 741/741/741 726/726/726
f 730/730/730 750/750/750 724/724/724
f 725/725/725 736/736/736 699/699/699
f 699/699/699 736/736/736 732/732/732
f 699/699/699 732/732/732 697/697/697
f 743/743/743 760/760/760 728/728/728
f 743/743/743 728/728/728 723/723/723
f 782/782/782 783/783/783 743/743/743
f 1574/1574/1574 1610/1610/1610 1690/1690/1690
f 1149/1149/1149 1158/1158/1158 1148/1148/1148
f 1641/1641/1641 1642/1642/1642 1698/1698/1698
f 1120/1120/1120 1106/1106/1106 1094/1094/1094
f 1614/1614/1614 1628/1628/1628 1709/1709/1709
f 1709/1709/1709 1628/1628/1628 1681/1681/1681
f 1731/1731/1731 1681/1681/1681 1702/1702/1702
f 1714/1714/1714 1655/1655/1655 1607/1607/1607
f 1683/1683/1683 1635/1635/1635 1715/1715/1715
f 1715/1715/1715 1635/1635/1635 1710/1710/1710
f 1679/1679/1679 1644/1644/1644 1622/1622/1622
f 1679/1679/1679 1622/1622/1622 1649/1649/1649
f 1668/1668/1668 1678/1678/1678 1727/1727/1727
f 1600/1600/1600 1554/1554/1554 1574/1574/1574
f 751/751/751 758/758/758 746/746/746
f 720/720/720 759/759/759 738/738/738
f 709/709/709 745/745/745 721/721/721
f 721/721/721 752/752/752 735/735/735
f 740/740/740 762/762/762 741/741/741
f 736/736/736 754/754/754 732/732/732
f 697/697/697 732/732/732 733/733/733
f 697/697/697 733/733/733 720/720/720
f 726/726/726 741/741/741 727/727/727
f 747/747/747 750/750/750 730/730/730
f 1622/1622/1622 1542/1542/1542 1582/1582/1582
f 1651/1651/1651 1597/1597/1597 1503/1503/1503
f 1549/1549/1549 1584/1584/1584 1719/1719/1719
f 1650/1650/1650 1531/1531/1531 1668/1668/1668
f 1760/1760/1760 1761/1761/1761 1762/1762/1762
f 753/753/753 772/772/772 765/765/765
f 744/744/744 764/764/764 734/734/734
f 734/734/734 764/764/764 757/757/757
f 739/739/739 763/763/763 768/768/768
f 1518/1518/1518 1458/1458/1458 1577/1577/1577
f 1503/1503/1503 1502/1502/1502 1355/1355/1355
f 1538/1538/1538 1572/1572/1572 1639/1639/1639
f 1514/1514/1514 1367/1367/1367 1564/1564/1564
f 1564/1564/1564 1367/1367/1367 1534/1534/1534
f 1536/1536/1536 1374/1374/1374 1537/1537/1537
f 1539/1539/1539 1402/1402/1402 1522/1522/1522
f 1512/1512/1512 1436/1436/1436 1427/1427/1427
f 1460/1460/1460 1414/1414/1414 1461/1461/1461
f 1406/1406/1406 1405/1405/1405 1402/1402/1402
f 361/361/361 359/359/359 382/382/382
f 392/392/392 357/357/357 356/356/356
f 257/257/257 242/242/242 247/247/247
f 446/446/446 372/372/372 501/501/501
f 290/290/290 293/293/293 485/485/485
f 438/438/438 394/394/394 531/531/531
f 533/533/533 425/425/425 424/424/424
f 444/444/444 353/353/353 470/470/470
f 500/500/500 371/371/371 274/274/274
f 620/620/620 562/562/562 261/261/261
f 550/550/550 516/516/516 597/597/597
f 421/421/421 368/368/368 383/383/383
f 561/561/561 478/478/478 448/448/448
f 1191/1191/1191 1202/1202/1202 1203/1203/1203
f 1203/1203/1203 1201/1201/1201 1191/1191/1191
f 1191/1191/1191 1201/1201/1201 1189/1189/1189
f 568/568/568 449/449/449 612/612/612
f 891/891/891 910/910/910 901/901/901
f 888/888/888 895/895/895 904/904/904
f 899/899/899 907/907/907 903/903/903
f 225/225/225 214/214/214 223/223/223
f 214/214/214 218/218/218 141/141/141
f 141/141/141 218/218/218 140/140/140
f 631/631/631 538/538/538 564/564/564
f 631/631/631 564/564/564 632/632/632
f 553/553/553 611/611/611 589/589/589
f 632/632/632 564/564/564 534/534/534
f 200/200/200 213/213/213 144/144/144
f 144/144/144 213/213/213 204/204/204
f 619/619/619 620/620/620 261/261/261
f 261/261/261 567/567/567 619/619/619
f 598/598/598 542/542/542 554/554/554
f 622/622/622 555/555/555 578/578/578
f 622/622/622 578/578/578 626/626/626
f 626/626/626 578/578/578 581/581/581
f 626/626/626 581/581/581 627/627/627
f 576/576/576 526/526/526 523/523/523
f 582/582/582 529/529/529 577/577/577
f 1270/1270/1270 1272/1272/1272 1256/1256/1256
f 513/513/513 277/277/277 505/505/505
f 277/277/277 280/280/280 505/505/505
f 249/249/249 250/250/250 251/251/251
f 1256/1256/1256 1272/1272/1272 1269/1269/1269
f 633/633/633 560/560/560 550/550/550
f 1135/1135/1135 1163/1163/1163 1118/1118/1118
f 512/512/512 489/489/489 574/574/574
f 918/918/918 910/910/910 891/891/891
f 891/891/891 901/901/901 889/889/889
f 889/889/889 901/901/901 890/890/890
f 882/882/882 890/890/890 895/895/895
f 882/882/882 895/895/895 888/888/888
f 888/888/888 904/904/904 887/887/887
f 887/887/887 897/897/897 892/892/892
f 892/892/892 897/897/897 896/896/896
f 896/896/896 899/899/899 893/893/893
f 908/908/908 917/917/917 916/916/916
f 916/916/916 917/917/917 925/925/925
f 171/171/171 214/214/214 141/141/141
f 202/202/202 209/209/209 103/103/103
f 103/103/103 209/209/209 187/187/187
f 198/198/198 216/216/216 184/184/184
f 111/111/111 200/200/200 144/144/144
f 197/197/197 216/216/216 198/198/198
f 146/146/146 215/215/215 189/189/189
f 215/215/215 221/221/221 189/189/189
f 189/189/189 221/221/221 220/220/220
f 189/189/189 220/220/220 190/190/190
f 190/190/190 220/220/220 212/212/212
f 190/190/190 212/212/212 191/191/191
f 191/191/191 212/212/212 208/208/208
f 191/191/191 208/208/208 7/7/7
f 17/17/17 199/199/199 197/197/197
f 199/199/199 222/222/222 197/197/197
f 619/619/619 567/567/567 621/621/621
f 627/627/627 581/581/581 582/582/582
f 627/627/627 582/582/582 614/614/614
f 614/614/614 582/582/582 613/613/613
f 613/613/613 577/577/577 576/576/576
f 610/610/610 513/513/513 584/584/584
f 1257/1257/1257 1270/1270/1270 1256/1256/1256
f 1269/1269/1269 1274/1274/1274 1268/1268/1268
f 608/608/608 536/536/536 607/607/607
f 594/594/594 457/457/457 595/595/595
f 1131/1131/1131 1162/1162/1162 1135/1135/1135
f 1135/1135/1135 1118/1118/1118 1097/1097/1097
f 1097/1097/1097 1118/1118/1118 1095/1095/1095
f 1095/1095/1095 1118/1118/1118 1099/1099/1099
f 574/574/574 489/489/489 573/573/573
f 556/556/556 430/430/430 557/557/557
f 1190/1190/1190 1191/1191/1191 1179/1179/1179
f 1179/1179/1179 1191/1191/1191 1189/1189/1189
f 1200/1200/1200 1202/1202/1202 1190/1190/1190
f 889/889/889 890/890/890 886/886/886
f 886/886/886 890/890/890 878/878/878
f 878/878/878 890/890/890 882/882/882
f 887/887/887 892/892/892 876/876/876
f 893/893/893 899/899/899 898/898/898
f 906/906/906 903/903/903 908/908/908
f 908/908/908 916/916/916 906/906/906
f 147/147/147 141/141/141 98/98/98
f 141/141/141 140/140/140 98/98/98
f 98/98/98 140/140/140 111/111/111
f 184/184/184 202/202/202 103/103/103
f 103/103/103 187/187/187 100/100/100
f 100/100/100 187/187/187 203/203/203
f 107/107/107 111/111/111 144/144/144
f 1271/1271/1271 1273/1273/1273 1270/1270/1270
f 108/108/108 204/204/204 193/193/193
f 17/17/17 197/197/197 137/137/137
f 1271/1271/1271 1270/1270/1270 1257/1257/1257
f 206/206/206 207/207/207 134/134/134
f 211/211/211 215/215/215 192/192/192
f 215/215/215 146/146/146 192/192/192
f 7/7/7 208/208/208 186/186/186
f 7/7/7 186/186/186 9/9/9
f 14/14/14 185/185/185 196/196/196
f 14/14/14 196/196/196 16/16/16
f 196/196/196 199/199/199 16/16/16
f 16/16/16 199/199/199 17/17/17
f 623/623/623 567/567/567 566/566/566
f 1256/1256/1256 1269/1269/1269 1254/1254/1254
f 1254/1254/1254 1269/1269/1269 1268/1268/1268
f 1268/1268/1268 1281/1281/1281 1267/1267/1267
f 1138/1138/1138 1136/1136/1136 1137/1137/1137
f 1135/1135/1135 1097/1097/1097 1115/1115/1115
f 1095/1095/1095 1099/1099/1099 1076/1076/1076
f 1076/1076/1076 1079/1079/1079 1077/1077/1077
f 1079/1079/1079 1134/1134/1134 1086/1086/1086
f 1087/1087/1087 1133/1133/1133 1088/1088/1088
f 1133/1133/1133 1140/1140/1140 1088/1088/1088
f 1088/1088/1088 1140/1140/1140 1130/1130/1130
f 1176/1176/1176 1179/1179/1179 1189/1189/1189
f 1178/1178/1178 1190/1190/1190 1179/1179/1179
f 1177/1177/1177 1189/1189/1189 1192/1192/1192
f 1177/1177/1177 1192/1192/1192 1188/1188/1188
f 1193/1193/1193 1200/1200/1200 1190/1190/1190
f 1192/1192/1192 1204/1204/1204 1188/1188/1188
f 990/990/990 1010/1010/1010 1000/1000/1000
f 891/891/891 889/889/889 875/875/875
f 877/877/877 891/891/891 875/875/875
f 872/872/872 886/886/886 878/878/878
f 878/878/878 882/882/882 869/869/869
f 868/868/868 882/882/882 888/888/888
f 868/868/868 888/888/888 887/887/887
f 868/868/868 887/887/887 873/873/873
f 873/873/873 887/887/887 876/876/876
f 876/876/876 892/892/892 893/893/893
f 898/898/898 899/899/899 903/903/903
f 171/171/171 141/141/141 147/147/147
f 93/93/93 103/103/103 100/100/100
f 63/63/63 98/98/98 111/111/111
f 63/63/63 111/111/111 107/107/107
f 100/100/100 203/203/203 128/128/128
f 33/33/33 198/198/198 184/184/184
f 1275/1275/1275 1273/1273/1273 1271/1271/1271
f 1275/1275/1275 1271/1271/1271 1258/1258/1258
f 107/107/107 144/144/144 108/108/108
f 137/137/137 197/197/197 33/33/33
f 33/33/33 197/197/197 198/198/198
f 108/108/108 193/193/193 109/109/109
f 193/193/193 134/134/134 109/109/109
f 146/146/146 189/189/189 2/2/2
f 2/2/2 189/189/189 5/5/5
f 5/5/5 189/189/189 190/190/190
f 190/190/190 191/191/191 5/5/5
f 5/5/5 191/191/191 7/7/7
f 1271/1271/1271 1257/1257/1257 1258/1258/1258
f 134/134/134 207/207/207 188/188/188
f 194/194/194 210/210/210 143/143/143
f 210/210/210 211/211/211 143/143/143
f 9/9/9 186/186/186 8/8/8
f 186/186/186 185/185/185 8/8/8
f 8/8/8 185/185/185 12/12/12
f 185/185/185 14/14/14 12/12/12
f 1258/1258/1258 1257/1257/1257 1247/1247/1247
f 623/623/623 566/566/566 618/618/618
f 618/618/618 566/566/566 617/617/617
f 615/615/615 543/543/543 264/264/264
f 264/264/264 610/610/610 615/615/615
f 1257/1257/1257 1256/1256/1256 1247/1247/1247
f 1247/1247/1247 1256/1256/1256 1244/1244/1244
f 1256/1256/1256 1254/1254/1254 1244/1244/1244
f 1254/1254/1254 1268/1268/1268 1253/1253/1253
f 1253/1253/1253 1268/1268/1268 1267/1267/1267
f 1137/1137/1137 1136/1136/1136 1104/1104/1104
f 1104/1104/1104 1132/1132/1132 1103/1103/1103
f 1103/1103/1103 1132/1132/1132 1131/1131/1131
f 1131/1131/1131 1135/1135/1135 1098/1098/1098
f 1098/1098/1098 1135/1135/1135 1115/1115/1115
f 1115/1115/1115 1097/1097/1097 1098/1098/1098
f 1097/1097/1097 1095/1095/1095 1096/1096/1096
f 1095/1095/1095 1076/1076/1076 1073/1073/1073
f 1077/1077/1077 1079/1079/1079 1086/1086/1086
f 1134/1134/1134 1133/1133/1133 1086/1086/1086
f 1086/1086/1086 1133/1133/1133 1087/1087/1087
f 1087/1087/1087 1088/1088/1088 1085/1085/1085
f 1085/1085/1085 1088/1088/1088 1130/1130/1130
f 1233/1233/1233 1234/1234/1234 1222/1222/1222
f 1178/1178/1178 1179/1179/1179 1176/1176/1176
f 1176/1176/1176 1189/1189/1189 1177/1177/1177
f 1182/1182/1182 1190/1190/1190 1178/1178/1178
f 1193/1193/1193 1190/1190/1190 1182/1182/1182
f 909/909/909 891/891/891 877/877/877
f 875/875/875 886/886/886 872/872/872
f 872/872/872 878/878/878 869/869/869
f 869/869/869 882/882/882 868/868/868
f 876/876/876 893/893/893 885/885/885
f 885/885/885 893/893/893 898/898/898
f 898/898/898 903/903/903 902/902/902
f 902/902/902 903/903/903 906/906/906
f 906/906/906 916/916/916 915/915/915
f 916/916/916 925/925/925 915/915/915
f 224/224/224 223/223/223 171/171/171
f 171/171/171 147/147/147 149/149/149
f 96/96/96 103/103/103 93/93/93
f 93/93/93 100/100/100 94/94/94
f 63/63/63 107/107/107 57/57/57
f 57/57/57 107/107/107 108/108/108
f 18/18/18 137/137/137 33/33/33
f 1/1/1 143/143/143 192/192/192
f 192/192/192 146/146/146 1/1/1
f 1/1/1 146/146/146 2/2/2
f 6/6/6 5/5/5 7/7/7
f 6/6/6 7/7/7 8/8/8
f 7/7/7 9/9/9 8/8/8
f 14/14/14 16/16/16 15/15/15
f 16/16/16 17/17/17 15/15/15
f 15/15/15 17/17/17 18/18/18
f 195/195/195 210/210/210 194/194/194
f 616/616/616 260/260/260 543/543/543
f 616/616/616 543/543/543 615/615/615
f 1244/1244/1244 1254/1254/1254 1246/1246/1246
f 1246/1246/1246 1254/1254/1254 1253/1253/1253
f 812/812/812 861/861/861 849/849/849
f 1151/1151/1151 1164/1164/1164 1127/1127/1127
f 1127/1127/1127 1137/1137/1137 1104/1104/1104
f 1101/1101/1101 1131/1131/1131 1098/1098/1098
f 1098/1098/1098 1097/1097/1097 1096/1096/1096
f 1096/1096/1096 1095/1095/1095 1073/1073/1073
f 1077/1077/1077 1086/1086/1086 1081/1081/1081
f 1086/1086/1086 1087/1087/1087 1083/1083/1083
f 1081/1081/1081 1086/1086/1086 1083/1083/1083
f 1083/1083/1083 1087/1087/1087 1085/1085/1085
f 1085/1085/1085 1130/1130/1130 1117/1117/1117
f 1169/1169/1169 1178/1178/1178 1176/1176/1176
f 883/883/883 876/876/876 885/885/885
f 224/224/224 171/171/171 219/219/219
f 219/219/219 171/171/171 149/149/149
f 149/149/149 147/147/147 148/148/148
f 148/148/148 147/147/147 98/98/98
f 94/94/94 100/100/100 99/99/99
f 33/33/33 96/96/96 102/102/102
f 102/102/102 96/96/96 89/89/89
f 99/99/99 100/100/100 128/128/128
f 57/57/57 108/108/108 54/54/54
f 54/54/54 108/108/108 109/109/109
f 54/54/54 109/109/109 53/53/53
f 1/1/1 2/2/2 3/3/3
f 2/2/2 5/5/5 3/3/3
f 3/3/3 5/5/5 6/6/6
f 3/3/3 6/6/6 10/10/10
f 53/53/53 134/134/134 49/49/49
f 49/49/49 134/134/134 188/188/188
f 20/20/20 143/143/143 1/1/1
f 6/6/6 8/8/8 10/10/10
f 10/10/10 8/8/8 11/11/11
f 11/11/11 8/8/8 12/12/12
f 11/11/11 12/12/12 13/13/13
f 12/12/12 14/14/14 13/13/13
f 13/13/13 14/14/14 15/15/15
f 49/49/49 188/188/188 145/145/145
f 135/135/135 194/194/194 20/20/20
f 194/194/194 143/143/143 20/20/20
f 1255/1255/1255 1258/1258/1258 1247/1247/1247
f 36/36/36 145/145/145 201/201/201
f 36/36/36 201/201/201 195/195/195
f 36/36/36 195/195/195 136/136/136
f 136/136/136 195/195/195 135/135/135
f 135/135/135 195/195/195 194/194/194
f 1253/1253/1253 1267/1267/1267 1265/1265/1265
f 1265/1265/1265 1267/1267/1267 1278/1278/1278
f 1101/1101/1101 1098/1098/1098 1092/1092/1092
f 1098/1098/1098 1096/1096/1096 1090/1090/1090
f 1076/1076/1076 1077/1077/1077 1074/1074/1074
f 1178/1178/1178 1169/1169/1169 1173/1173/1173
f 1169/1169/1169 1176/1176/1176 1170/1170/1170
f 1170/1170/1170 1176/1176/1176 1174/1174/1174
f 1174/1174/1174 1176/1176/1176 1177/1177/1177
f 1181/1181/1181 1182/1182/1182 1178/1178/1178
f 1174/1174/1174 1177/1177/1177 1188/1188/1188
f 909/909/909 877/877/877 874/874/874
f 874/874/874 877/877/877 875/875/875
f 875/875/875 872/872/872 867/867/867
f 863/863/863 872/872/872 869/869/869
f 869/869/869 868/868/868 863/863/863
f 863/863/863 868/868/868 866/866/866
f 868/868/868 873/873/873 871/871/871
f 870/870/870 868/868/868 871/871/871
f 871/871/871 873/873/873 876/876/876
f 871/871/871 876/876/876 883/883/883
f 883/883/883 885/885/885 884/884/884
f 884/884/884 885/885/885 902/902/902
f 884/884/884 902/902/902 905/905/905
f 226/226/226 227/227/227 148/148/148
f 148/148/148 98/98/98 75/75/75
f 75/75/75 98/98/98 63/63/63
f 89/89/89 96/96/96 90/90/90
f 90/90/90 96/96/96 93/93/93
f 56/56/56 57/57/57 54/54/54
f 30/30/30 33/33/33 102/102/102
f 99/99/99 128/128/128 205/205/205
f 99/99/99 205/205/205 169/169/169
f 19/19/19 1/1/1 4/4/4
f 1/1/1 3/3/3 4/4/4
f 18/18/18 33/33/33 30/30/30
f 22/22/22 18/18/18 30/30/30
f 1260/1260/1260 1258/1258/1258 1255/1255/1255
f 53/53/53 49/49/49 48/48/48
f 19/19/19 20/20/20 1/1/1
f 24/24/24 10/10/10 11/11/11
f 21/21/21 13/13/13 15/15/15
f 15/15/15 18/18/18 21/21/21
f 21/21/21 18/18/18 22/22/22
f 49/49/49 145/145/145 41/41/41
f 41/41/41 145/145/145 36/36/36
f 1244/1244/1244 1246/1246/1246 1245/1245/1245
f 1252/1252/1252 1253/1253/1253 1265/1265/1265
f 848/848/848 816/816/816 786/786/786
f 680/680/680 791/791/791 682/682/682
f 1129/1129/1129 1151/1151/1151 1127/1127/1127
f 1127/1127/1127 1104/1104/1104 1116/1116/1116
f 1100/1100/1100 1101/1101/1101 1092/1092/1092
f 1092/1092/1092 1098/1098/1098 1090/1090/1090
f 1090/1090/1090 1096/1096/1096 1073/1073/1073
f 1073/1073/1073 1076/1076/1076 1074/1074/1074
f 1080/1080/1080 1077/1077/1077 1081/1081/1081
f 1081/1081/1081 1083/1083/1083 1082/1082/1082
f 1083/1083/1083 1085/1085/1085 1084/1084/1084
f 1085/1085/1085 1117/1117/1117 1089/1089/1089
f 1084/1084/1084 1085/1085/1085 1089/1089/1089
f 1181/1181/1181 1178/1178/1178 1173/1173/1173
f 1174/1174/1174 1188/1188/1188 1187/1187/1187
f 1193/1193/1193 1182/1182/1182 1181/1181/1181
f 1198/1198/1198 1193/1193/1193 1181/1181/1181
f 912/912/912 909/909/909 874/874/874
f 874/874/874 875/875/875 867/867/867
f 867/867/867 872/872/872 863/863/863
f 883/883/883 884/884/884 871/871/871
f 871/871/871 884/884/884 894/894/894
f 230/230/230 228/228/228 229/229/229
f 229/229/229 228/228/228 226/226/226
f 226/226/226 148/148/148 183/183/183
f 183/183/183 148/148/148 75/75/75
f 75/75/75 63/63/63 59/59/59
f 90/90/90 93/93/93 92/92/92
f 92/92/92 93/93/93 94/94/94
f 92/92/92 94/94/94 99/99/99
f 59/59/59 63/63/63 57/57/57
f 59/59/59 57/57/57 56/56/56
f 30/30/30 102/102/102 89/89/89
f 55/55/55 56/56/56 54/54/54
f 54/54/54 53/53/53 50/50/50
f 50/50/50 53/53/53 48/48/48
f 26/26/26 4/4/4 3/3/3
f 26/26/26 3/3/3 25/25/25
f 25/25/25 3/3/3 10/10/10
f 25/25/25 10/10/10 24/24/24
f 49/49/49 41/41/41 48/48/48
f 31/31/31 20/20/20 19/19/19
f 24/24/24 11/11/11 27/27/27
f 27/27/27 11/11/11 28/28/28
f 11/11/11 13/13/13 28/28/28
f 13/13/13 21/21/21 28/28/28
f 41/41/41 36/36/36 35/35/35
f 42/42/42 41/41/41 35/35/35
f 36/36/36 136/136/136 31/31/31
f 35/35/35 36/36/36 31/31/31
f 31/31/31 136/136/136 135/135/135
f 1255/1255/1255 1247/1247/1247 1248/1248/1248
f 1248/1248/1248 1247/1247/1247 1243/1243/1243
f 1243/1243/1243 1247/1247/1247 1244/1244/1244
f 1243/1243/1243 1244/1244/1244 1245/1245/1245
f 1245/1245/1245 1246/1246/1246 1253/1253/1253
f 1245/1245/1245 1253/1253/1253 1252/1252/1252
f 1156/1156/1156 1151/1151/1151 1129/1129/1129
f 1129/1129/1129 1127/1127/1127 1116/1116/1116
f 1116/1116/1116 1104/1104/1104 1102/1102/1102
f 1102/1102/1102 1104/1104/1104 1103/1103/1103
f 1102/1102/1102 1101/1101/1101 1100/1100/1100
f 1100/1100/1100 1092/1092/1092 1091/1091/1091
f 1091/1091/1091 1090/1090/1090 1078/1078/1078
f 1078/1078/1078 1090/1090/1090 1073/1073/1073
f 1074/1074/1074 1077/1077/1077 1080/1080/1080
f 1080/1080/1080 1081/1081/1081 1082/1082/1082
f 1082/1082/1082 1083/1083/1083 1084/1084/1084
f 1089/1089/1089 1117/1117/1117 1152/1152/1152
f 870/870/870 871/871/871 920/920/920
f 1320/1320/1320 1322/1322/1322 1347/1347/1347
f 894/894/894 884/884/884 913/913/913
f 1295/1295/1295 1293/1293/1293 1294/1294/1294
f 1293/1293/1293 1291/1291/1291 1292/1292/1292
f 1289/1289/1289 1291/1291/1291 1290/1290/1290
f 1289/1289/1289 1290/1290/1290 1285/1285/1285
f 89/89/89 90/90/90 88/88/88
f 91/91/91 90/90/90 92/92/92
f 30/30/30 89/89/89 88/88/88
f 54/54/54 50/50/50 55/55/55
f 50/50/50 48/48/48 47/47/47
f 19/19/19 4/4/4 23/23/23
f 23/23/23 4/4/4 29/29/29
f 29/29/29 4/4/4 26/26/26
f 25/25/25 24/24/24 38/38/38
f 1260/1260/1260 1255/1255/1255 1259/1259/1259
f 37/37/37 28/28/28 21/21/21
f 37/37/37 21/21/21 22/22/22
f 1259/1259/1259 1255/1255/1255 1248/1248/1248
f 1078/1078/1078 1073/1073/1073 1075/1075/1075
f 1168/1168/1168 1169/1169/1169 1170/1170/1170
f 1170/1170/1170 1174/1174/1174 1171/1171/1171
f 1174/1174/1174 1187/1187/1187 1186/1186/1186
f 1198/1198/1198 1181/1181/1181 1180/1180/1180
f 864/864/864 863/863/863 866/866/866
f 880/880/880 866/866/866 870/870/870
f 919/919/919 870/870/870 920/920/920
f 1344/1344/1344 1322/1322/1322 1325/1325/1325
f 1325/1325/1325 1322/1322/1322 1321/1321/1321
f 1321/1321/1321 1322/1322/1322 1320/1320/1320
f 1320/1320/1320 1347/1347/1347 1294/1294/1294
f 1292/1292/1292 1294/1294/1294 1293/1293/1293
f 1289/1289/1289 1292/1292/1292 1291/1291/1291
f 1296/1296/1296 1289/1289/1289 1312/1312/1312
f 1289/1289/1289 1285/1285/1285 1282/1282/1282
f 1312/1312/1312 1289/1289/1289 1282/1282/1282
f 1296/1296/1296 1312/1312/1312 1299/1299/1299
f 1282/1282/1282 1285/1285/1285 1283/1283/1283
f 1282/1282/1282 1283/1283/1283 1284/1284/1284
f 1284/1284/1284 1283/1283/1283 1286/1286/1286
f 1284/1284/1284 1286/1286/1286 1287/1287/1287
f 1287/1287/1287 1286/1286/1286 1288/1288/1288
f 74/74/74 75/75/75 59/59/59
f 92/92/92 99/99/99 105/105/105
f 67/67/67 59/59/59 60/60/60
f 60/60/60 59/59/59 56/56/56
f 70/70/70 30/30/30 88/88/88
f 105/105/105 99/99/99 159/159/159
f 159/159/159 99/99/99 169/169/169
f 52/52/52 55/55/55 50/50/50
f 52/52/52 50/50/50 51/51/51
f 51/51/51 50/50/50 47/47/47
f 32/32/32 23/23/23 29/29/29
f 62/62/62 22/22/22 30/30/30
f 62/62/62 30/30/30 70/70/70
f 47/47/47 48/48/48 42/42/42
f 34/34/34 31/31/31 32/32/32
f 32/32/32 31/31/31 19/19/19
f 19/19/19 23/23/23 32/32/32
f 38/38/38 24/24/24 39/39/39
f 39/39/39 24/24/24 27/27/27
f 27/27/27 28/28/28 39/39/39
f 37/37/37 22/22/22 62/62/62
f 34/34/34 35/35/35 31/31/31
f 1248/1248/1248 1243/1243/1243 1251/1251/1251
f 1252/1252/1252 1265/1265/1265 1264/1264/1264
f 850/850/850 848/848/848 773/773/773
f 780/780/780 810/810/810 774/774/774
f 1156/1156/1156 1129/1129/1129 1150/1150/1150
f 1150/1150/1150 1129/1129/1129 1123/1123/1123
f 1116/1116/1116 1102/1102/1102 1114/1114/1114
f 1114/1114/1114 1102/1102/1102 1112/1112/1112
f 1102/1102/1102 1100/1100/1100 1110/1110/1110
f 1111/1111/1111 1091/1091/1091 1078/1078/1078
f 1074/1074/1074 1080/1080/1080 1094/1094/1094
f 1084/1084/1084 1089/1089/1089 1108/1108/1108
f 1228/1228/1228 1219/1219/1219 1223/1223/1223
f 1173/1173/1173 1169/1169/1169 1172/1172/1172
f 1172/1172/1172 1169/1169/1169 1168/1168/1168
f 1168/1168/1168 1170/1170/1170 1171/1171/1171
f 1171/1171/1171 1174/1174/1174 1175/1175/1175
f 1180/1180/1180 1181/1181/1181 1173/1173/1173
f 1180/1180/1180 1173/1173/1173 1172/1172/1172
f 1175/1175/1175 1174/1174/1174 1186/1186/1186
f 1199/1199/1199 1198/1198/1198 1180/1180/1180
f 1186/1186/1186 1187/1187/1187 1195/1195/1195
f 924/924/924 912/912/912 874/874/874
f 924/924/924 874/874/874 879/879/879
f 874/874/874 867/867/867 865/865/865
f 879/879/879 874/874/874 865/865/865
f 968/968/968 970/970/970 1056/1056/1056
f 867/867/867 863/863/863 865/865/865
f 865/865/865 863/863/863 862/862/862
f 862/862/862 863/863/863 864/864/864
f 864/864/864 866/866/866 880/880/880
f 919/919/919 880/880/880 870/870/870
f 1325/1325/1325 1321/1321/1321 1319/1319/1319
f 1319/1319/1319 1321/1321/1321 1320/1320/1320
f 1773/1773/1773 1774/1774/1774 1775/1775/1775
f 1296/1296/1296 1292/1292/1292 1289/1289/1289
f 1298/1298/1298 1296/1296/1296 1299/1299/1299
f 1312/1312/1312 1282/1282/1282 1311/1311/1311
f 1299/1299/1299 1312/1312/1312 1311/1311/1311
f 1311/1311/1311 1282/1282/1282 1284/1284/1284
f 1308/1308/1308 1299/1299/1299 1311/1311/1311
f 1311/1311/1311 1284/1284/1284 1287/1287/1287
f 1314/1314/1314 1311/1311/1311 1287/1287/1287
f 88/88/88 90/90/90 91/91/91
f 91/91/91 92/92/92 97/97/97
f 74/74/74 59/59/59 67/67/67
f 97/97/97 92/92/92 105/105/105
f 70/70/70 88/88/88 106/106/106
f 60/60/60 56/56/56 58/58/58
f 56/56/56 55/55/55 58/58/58
f 58/58/58 55/55/55 52/52/52
f 40/40/40 32/32/32 29/29/29
f 61/61/61 29/29/29 26/26/26
f 61/61/61 26/26/26 64/64/64
f 64/64/64 26/26/26 25/25/25
f 1276/1276/1276 1260/1260/1260 1259/1259/1259
f 953/953/953 1066/1066/1066 1065/1065/1065
f 51/51/51 47/47/47 46/46/46
f 47/47/47 42/42/42 46/46/46
f 46/46/46 42/42/42 45/45/45
f 64/64/64 25/25/25 65/65/65
f 25/25/25 38/38/38 65/65/65
f 65/65/65 38/38/38 39/39/39
f 39/39/39 28/28/28 69/69/69
f 69/69/69 28/28/28 37/37/37
f 45/45/45 42/42/42 43/43/43
f 43/43/43 42/42/42 35/35/35
f 43/43/43 35/35/35 44/44/44
f 44/44/44 35/35/35 34/34/34
f 1259/1259/1259 1248/1248/1248 1251/1251/1251
f 1251/1251/1251 1243/1243/1243 1249/1249/1249
f 1243/1243/1243 1245/1245/1245 1249/1249/1249
f 1249/1249/1249 1245/1245/1245 1250/1250/1250
f 1250/1250/1250 1245/1245/1245 1252/1252/1252
f 930/930/930 945/945/945 1054/1054/1054
f 1150/1150/1150 1160/1160/1160 1156/1156/1156
f 1129/1129/1129 1116/1116/1116 1123/1123/1123
f 1123/1123/1123 1116/1116/1116 1114/1114/1114
f 1112/1112/1112 1102/1102/1102 1110/1110/1110
f 1110/1110/1110 1100/1100/1100 1091/1091/1091
f 1110/1110/1110 1091/1091/1091 1111/1111/1111
f 1111/1111/1111 1078/1078/1078 1113/1113/1113
f 1078/1078/1078 1075/1075/1075 1106/1106/1106
f 1075/1075/1075 1074/1074/1074 1094/1094/1094
f 1094/1094/1094 1080/1080/1080 1107/1107/1107
f 1107/1107/1107 1080/1080/1080 1105/1105/1105
f 1105/1105/1105 1080/1080/1080 1082/1082/1082
f 1105/1105/1105 1082/1082/1082 1093/1093/1093
f 1093/1093/1093 1082/1082/1082 1084/1084/1084
f 978/978/978 1059/1059/1059 1046/1046/1046
f 1093/1093/1093 1084/1084/1084 1108/1108/1108
f 1108/1108/1108 1089/1089/1089 1124/1124/1124
f 1089/1089/1089 1152/1152/1152 1124/1124/1124
f 1238/1238/1238 1240/1240/1240 1237/1237/1237
f 1325/1325/1325 1319/1319/1319 1326/1326/1326
f 1315/1315/1315 1319/1319/1319 1320/1320/1320
f 1763/1763/1763 1764/1764/1764 1765/1765/1765
f 1315/1315/1315 1292/1292/1292 1297/1297/1297
f 1297/1297/1297 1292/1292/1292 1296/1296/1296
f 1298/1298/1298 1297/1297/1297 1296/1296/1296
f 1311/1311/1311 1314/1314/1314 1308/1308/1308
f 126/126/126 125/125/125 110/110/110
f 125/125/125 74/74/74 110/110/110
f 95/95/95 91/91/91 97/97/97
f 74/74/74 67/67/67 110/110/110
f 86/86/86 67/67/67 60/60/60
f 116/116/116 70/70/70 106/106/106
f 52/52/52 51/51/51 66/66/66
f 40/40/40 29/29/29 61/61/61
f 62/62/62 70/70/70 115/115/115
f 34/34/34 32/32/32 68/68/68
f 68/68/68 32/32/32 40/40/40
f 79/79/79 65/65/65 39/39/39
f 39/39/39 69/69/69 79/79/79
f 69/69/69 37/37/37 76/76/76
f 76/76/76 37/37/37 62/62/62
f 76/76/76 62/62/62 114/114/114
f 114/114/114 62/62/62 115/115/115
f 1250/1250/1250 1252/1252/1252 1263/1263/1263
f 1263/1263/1263 1252/1252/1252 1264/1264/1264
f 1109/1109/1109 1113/1113/1113 1078/1078/1078
f 1109/1109/1109 1078/1078/1078 1106/1106/1106
f 1106/1106/1106 1075/1075/1075 1094/1094/1094
f 1183/1183/1183 1180/1180/1180 1172/1172/1172
f 1185/1185/1185 1175/1175/1175 1186/1186/1186
f 1199/1199/1199 1180/1180/1180 1196/1196/1196
f 881/881/881 865/865/865 862/862/862
f 864/864/864 880/880/880 923/923/923
f 1343/1343/1343 1349/1349/1349 1345/1345/1345
f 1341/1341/1341 1345/1345/1345 1329/1329/1329
f 1345/1345/1345 1344/1344/1344 1329/1329/1329
f 1344/1344/1344 1325/1325/1325 1326/1326/1326
f 1329/1329/1329 1344/1344/1344 1326/1326/1326
f 1326/1326/1326 1319/1319/1319 1318/1318/1318
f 1297/1297/1297 1298/1298/1298 1305/1305/1305
f 1742/1742/1742 1743/1743/1743 1713/1713/1713
f 95/95/95 88/88/88 91/91/91
f 101/101/101 106/106/106 88/88/88
f 101/101/101 88/88/88 95/95/95
f 95/95/95 97/97/97 127/127/127
f 97/97/97 105/105/105 127/127/127
f 110/110/110 67/67/67 87/87/87
f 67/67/67 86/86/86 87/87/87
f 127/127/127 105/105/105 164/164/164
f 86/86/86 60/60/60 84/84/84
f 84/84/84 60/60/60 58/58/58
f 164/164/164 105/105/105 159/159/159
f 58/58/58 52/52/52 73/73/73
f 52/52/52 66/66/66 73/73/73
f 116/116/116 115/115/115 70/70/70
f 1276/1276/1276 1259/1259/1259 1280/1280/1280
f 66/66/66 51/51/51 72/72/72
f 72/72/72 51/51/51 71/71/71
f 51/51/51 46/46/46 71/71/71
f 71/71/71 46/46/46 45/45/45
f 81/81/81 68/68/68 40/40/40
f 40/40/40 61/61/61 82/82/82
f 82/82/82 61/61/61 83/83/83
f 61/61/61 64/64/64 83/83/83
f 64/64/64 65/65/65 83/83/83
f 65/65/65 79/79/79 83/83/83
f 45/45/45 43/43/43 80/80/80
f 80/80/80 43/43/43 78/78/78
f 43/43/43 44/44/44 78/78/78
f 78/78/78 44/44/44 77/77/77
f 44/44/44 34/34/34 77/77/77
f 34/34/34 68/68/68 77/77/77
f 112/112/112 79/79/79 69/69/69
f 112/112/112 69/69/69 76/76/76
f 1266/1266/1266 1259/1259/1259 1251/1251/1251
f 1735/1735/1735 1739/1739/1739 1675/1675/1675
f 1251/1251/1251 1249/1249/1249 1261/1261/1261
f 1261/1261/1261 1249/1249/1249 1262/1262/1262
f 1249/1249/1249 1250/1250/1250 1262/1262/1262
f 1262/1262/1262 1250/1250/1250 1263/1263/1263
f 713/713/713 691/691/691 714/714/714
f 694/694/694 700/700/700 695/695/695
f 742/742/742 774/774/774 743/743/743
f 1160/1160/1160 1150/1150/1150 1161/1161/1161
f 1161/1161/1161 1150/1150/1150 1148/1148/1148
f 1148/1148/1148 1150/1150/1150 1123/1123/1123
f 1123/1123/1123 1114/1114/1114 1148/1148/1148
f 1110/1110/1110 1111/1111/1111 1139/1139/1139
f 1094/1094/1094 1107/1107/1107 1119/1119/1119
f 1119/1119/1119 1107/1107/1107 1105/1105/1105
f 1119/1119/1119 1105/1105/1105 1121/1121/1121
f 1121/1121/1121 1105/1105/1105 1093/1093/1093
f 1121/1121/1121 1093/1093/1093 1122/1122/1122
f 1093/1093/1093 1108/1108/1108 1128/1128/1128
f 1108/1108/1108 1124/1124/1124 1128/1128/1128
f 1128/1128/1128 1124/1124/1124 1159/1159/1159
f 1235/1235/1235 1223/1223/1223 1236/1236/1236
f 1183/1183/1183 1172/1172/1172 1168/1168/1168
f 1183/1183/1183 1168/1168/1168 1184/1184/1184
f 1168/1168/1168 1171/1171/1171 1184/1184/1184
f 1171/1171/1171 1175/1175/1175 1185/1185/1185
f 1196/1196/1196 1180/1180/1180 1183/1183/1183
f 1196/1196/1196 1183/1183/1183 1197/1197/1197
f 1185/1185/1185 1186/1186/1186 1194/1194/1194
f 1194/1194/1194 1186/1186/1186 1195/1195/1195
f 1207/1207/1207 1199/1199/1199 1196/1196/1196
f 1205/1205/1205 1199/1199/1199 1207/1207/1207
f 1340/1340/1340 1351/1351/1351 1348/1348/1348
f 922/922/922 879/879/879 865/865/865
f 1340/1340/1340 1348/1348/1348 1342/1342/1342
f 1758/1758/1758 1721/1721/1721 1720/1720/1720
f 1755/1755/1755 1758/1758/1758 1720/1720/1720
f 1704/1704/1704 1755/1755/1755 1720/1720/1720
f 881/881/881 922/922/922 865/865/865
f 881/881/881 862/862/862 921/921/921
f 862/862/862 864/864/864 921/921/921
f 1343/1343/1343 1346/1346/1346 1349/1349/1349
f 1343/1343/1343 1345/1345/1345 1331/1331/1331
f 1331/1331/1331 1345/1345/1345 1341/1341/1341
f 1734/1734/1734 1724/1724/1724 1682/1682/1682
f 1315/1315/1315 1318/1318/1318 1319/1319/1319
f 1315/1315/1315 1297/1297/1297 1306/1306/1306
f 1305/1305/1305 1298/1298/1298 1301/1301/1301
f 1298/1298/1298 1299/1299/1299 1300/1300/1300
f 129/129/129 95/95/95 127/127/127
f 123/123/123 106/106/106 101/101/101
f 123/123/123 116/116/116 106/106/106
f 84/84/84 58/58/58 85/85/85
f 58/58/58 73/73/73 85/85/85
f 66/66/66 72/72/72 73/73/73
f 81/81/81 40/40/40 113/113/113
f 40/40/40 82/82/82 113/113/113
f 1280/1280/1280 1259/1259/1259 1266/1266/1266
f 71/71/71 45/45/45 80/80/80
f 77/77/77 68/68/68 118/118/118
f 68/68/68 81/81/81 118/118/118
f 151/151/151 83/83/83 121/121/121
f 121/121/121 83/83/83 79/79/79
f 121/121/121 79/79/79 119/119/119
f 79/79/79 112/112/112 119/119/119
f 1261/1261/1261 1266/1266/1266 1251/1251/1251
f 1674/1674/1674 1735/1735/1735 1675/1675/1675
f 1733/1733/1733 1727/1727/1727 1678/1678/1678
f 1735/1735/1735 1674/1674/1674 1680/1680/1680
f 749/749/749 722/722/722 713/713/713
f 719/719/719 718/718/718 686/686/686
f 728/728/728 706/706/706 723/723/723
f 743/743/743 723/723/723 742/742/742
f 1158/1158/1158 1161/1161/1161 1148/1148/1148
f 1148/1148/1148 1114/1114/1114 1149/1149/1149
f 1740/1740/1740 1690/1690/1690 1699/1699/1699
f 1149/1149/1149 1114/1114/1114 1143/1143/1143
f 1143/1143/1143 1114/1114/1114 1112/1112/1112
f 1143/1143/1143 1112/1112/1112 1141/1141/1141
f 1141/1141/1141 1112/1112/1112 1110/1110/1110
f 1141/1141/1141 1110/1110/1110 1142/1142/1142
f 1738/1738/1738 1699/1699/1699 1698/1698/1698
f 1126/1126/1126 1139/1139/1139 1111/1111/1111
f 1126/1126/1126 1111/1111/1111 1113/1113/1113
f 1737/1737/1737 1738/1738/1738 1698/1698/1698
f 1126/1126/1126 1113/1113/1113 1125/1125/1125
f 1125/1125/1125 1113/1113/1113 1109/1109/1109
f 1697/1697/1697 1737/1737/1737 1698/1698/1698
f 1119/1119/1119 1121/1121/1121 1145/1145/1145
f 1749/1749/1749 1702/1702/1702 1732/1732/1732
f 1122/1122/1122 1093/1093/1093 1128/1128/1128
f 1155/1155/1155 1128/1128/1128 1159/1159/1159
f 1741/1741/1741 1714/1714/1714 1683/1683/1683
f 1230/1230/1230 1236/1236/1236 1223/1223/1223
f 1184/1184/1184 1171/1171/1171 1185/1185/1185
f 1352/1352/1352 1351/1351/1351 1339/1339/1339
f 1339/1339/1339 1351/1351/1351 1340/1340/1340
f 1342/1342/1342 1350/1350/1350 1336/1336/1336
f 1725/1725/1725 1704/1704/1704 1679/1679/1679
f 1336/1336/1336 1346/1346/1346 1335/1335/1335
f 923/923/923 921/921/921 864/864/864
f 1692/1692/1692 1725/1725/1725 1679/1679/1679
f 1724/1724/1724 1692/1692/1692 1682/1682/1682
f 1326/1326/1326 1318/1318/1318 1323/1323/1323
f 1729/1729/1729 1682/1682/1682 1689/1689/1689
f 1316/1316/1316 1318/1318/1318 1315/1315/1315
f 1306/1306/1306 1316/1316/1316 1315/1315/1315
f 1305/1305/1305 1306/1306/1306 1297/1297/1297
f 1301/1301/1301 1298/1298/1298 1300/1300/1300
f 1300/1300/1300 1299/1299/1299 1308/1308/1308
f 1300/1300/1300 1308/1308/1308 1307/1307/1307
f 1676/1676/1676 1713/1713/1713 1645/1645/1645
f 133/133/133 126/126/126 110/110/110
f 101/101/101 95/95/95 104/104/104
f 104/104/104 95/95/95 129/129/129
f 87/87/87 86/86/86 138/138/138
f 127/127/127 164/164/164 166/166/166
f 138/138/138 86/86/86 84/84/84
f 162/162/162 116/116/116 123/123/123
f 1675/1675/1675 1676/1676/1676 1595/1595/1595
f 124/124/124 85/85/85 117/117/117
f 85/85/85 73/73/73 117/117/117
f 117/117/117 73/73/73 72/72/72
f 161/161/161 116/116/116 162/162/162
f 120/120/120 71/71/71 80/80/80
f 132/132/132 118/118/118 81/81/81
f 113/113/113 82/82/82 153/153/153
f 153/153/153 82/82/82 152/152/152
f 152/152/152 82/82/82 83/83/83
f 83/83/83 151/151/151 152/152/152
f 115/115/115 116/116/116 161/161/161
f 80/80/80 78/78/78 150/150/150
f 158/158/158 80/80/80 150/150/150
f 78/78/78 77/77/77 150/150/150
f 150/150/150 77/77/77 157/157/157
f 157/157/157 77/77/77 118/118/118
f 121/121/121 119/119/119 163/163/163
f 165/165/165 121/121/121 163/163/163
f 119/119/119 112/112/112 130/130/130
f 112/112/112 76/76/76 130/130/130
f 130/130/130 76/76/76 114/114/114
f 130/130/130 114/114/114 167/167/167
f 1675/1675/1675 1595/1595/1595 1600/1600/1600
f 1674/1674/1674 1675/1675/1675 1600/1600/1600
f 1680/1680/1680 1674/1674/1674 1601/1601/1601
f 756/756/756 779/779/779 737/737/737
f 753/753/753 714/714/714 724/724/724
f 700/700/700 731/731/731 715/715/715
f 1680/1680/1680 1601/1601/1601 1574/1574/1574
f 697/697/697 720/720/720 674/674/674
f 1680/1680/1680 1574/1574/1574 1690/1690/1690
f 1652/1652/1652 1730/1730/1730 1701/1701/1701
f 1690/1690/1690 1610/1610/1610 1611/1611/1611
f 1699/1699/1699 1690/1690/1690 1611/1611/1611
f 1142/1142/1142 1110/1110/1110 1139/1139/1139
f 1699/1699/1699 1611/1611/1611 1641/1641/1641
f 1698/1698/1698 1699/1699/1699 1641/1641/1641
f 1125/1125/1125 1109/1109/1109 1106/1106/1106
f 1697/1697/1697 1642/1642/1642 1614/1614/1614
f 1119/1119/1119 1120/1120/1120 1094/1094/1094
f 1120/1120/1120 1119/1119/1119 1146/1146/1146
f 1697/1697/1697 1614/1614/1614 1709/1709/1709
f 1146/1146/1146 1119/1119/1119 1145/1145/1145
f 1145/1145/1145 1121/1121/1121 1147/1147/1147
f 1147/1147/1147 1121/1121/1121 1122/1122/1122
f 1147/1147/1147 1122/1122/1122 1154/1154/1154
f 1732/1732/1732 1702/1702/1702 1655/1655/1655
f 1122/1122/1122 1128/1128/1128 1155/1155/1155
f 1154/1154/1154 1122/1122/1122 1155/1155/1155
f 1714/1714/1714 1732/1732/1732 1655/1655/1655
f 1714/1714/1714 1607/1607/1607 1683/1683/1683
f 1197/1197/1197 1183/1183/1183 1184/1184/1184
f 1184/1184/1184 1185/1185/1185 1194/1194/1194
f 1643/1643/1643 1723/1723/1723 1673/1673/1673
f 1720/1720/1720 1643/1643/1643 1620/1620/1620
f 1704/1704/1704 1620/1620/1620 1644/1644/1644
f 1679/1679/1679 1704/1704/1704 1644/1644/1644
f 1346/1346/1346 1343/1343/1343 1335/1335/1335
f 1335/1335/1335 1343/1343/1343 1331/1331/1331
f 1692/1692/1692 1679/1679/1679 1649/1649/1649
f 1331/1331/1331 1341/1341/1341 1329/1329/1329
f 1327/1327/1327 1331/1331/1331 1329/1329/1329
f 1326/1326/1326 1327/1327/1327 1329/1329/1329
f 1692/1692/1692 1649/1649/1649 1682/1682/1682
f 1327/1327/1327 1326/1326/1326 1323/1323/1323
f 1316/1316/1316 1323/1323/1323 1318/1318/1318
f 1304/1304/1304 1306/1306/1306 1305/1305/1305
f 1304/1304/1304 1305/1305/1305 1301/1301/1301
f 1713/1713/1713 1633/1633/1633 1645/1645/1645
f 1307/1307/1307 1313/1313/1313 1310/1310/1310
f 156/156/156 110/110/110 139/139/139
f 139/139/139 110/110/110 87/87/87
f 87/87/87 138/138/138 139/139/139
f 162/162/162 123/123/123 142/142/142
f 123/123/123 101/101/101 142/142/142
f 170/170/170 129/129/129 166/166/166
f 129/129/129 127/127/127 166/166/166
f 181/181/181 139/139/139 138/138/138
f 138/138/138 84/84/84 155/155/155
f 84/84/84 124/124/124 155/155/155
f 84/84/84 85/85/85 124/124/124
f 1687/1687/1687 1728/1728/1728 1656/1656/1656
f 160/160/160 117/117/117 131/131/131
f 131/131/131 117/117/117 72/72/72
f 131/131/131 72/72/72 120/120/120
f 72/72/72 71/71/71 120/120/120
f 132/132/132 81/81/81 154/154/154
f 154/154/154 81/81/81 113/113/113
f 154/154/154 113/113/113 153/153/153
f 161/161/161 162/162/162 177/177/177
f 1656/1656/1656 1728/1728/1728 1706/1706/1706
f 120/120/120 80/80/80 158/158/158
f 152/152/152 151/151/151 165/165/165
f 151/151/151 121/121/121 165/165/165
f 114/114/114 115/115/115 168/168/168
f 168/168/168 115/115/115 161/161/161
f 158/158/158 150/150/150 176/176/176
f 157/157/157 118/118/118 132/132/132
f 163/163/163 119/119/119 130/130/130
f 167/167/167 114/114/114 168/168/168
f 176/176/176 150/150/150 157/157/157
f 1663/1663/1663 1706/1706/1706 1726/1726/1726
f 1600/1600/1600 1595/1595/1595 1589/1589/1589
f 1663/1663/1663 1726/1726/1726 1695/1695/1695
f 1601/1601/1601 1600/1600/1600 1574/1574/1574
f 749/749/749 744/744/744 722/722/722
f 753/753/753 749/749/749 714/714/714
f 714/714/714 749/749/749 713/713/713
f 724/724/724 750/750/750 753/753/753
f 748/748/748 736/736/736 725/725/725
f 727/727/727 741/741/741 747/747/747
f 727/727/727 747/747/747 730/730/730
f 728/728/728 755/755/755 705/705/705
f 755/755/755 748/748/748 705/705/705
f 705/705/705 748/748/748 725/725/725
f 760/760/760 743/743/743 783/783/783
f 1610/1610/1610 1574/1574/1574 1562/1562/1562
f 1611/1611/1611 1610/1610/1610 1562/1562/1562
f 1611/1611/1611 1562/1562/1562 1588/1588/1588
f 1611/1611/1611 1588/1588/1588 1641/1641/1641
f 1126/1126/1126 1142/1142/1142 1139/1139/1139
f 1641/1641/1641 1588/1588/1588 1557/1557/1557
f 1126/1126/1126 1125/1125/1125 1157/1157/1157
f 1642/1642/1642 1641/1641/1641 1557/1557/1557
f 1642/1642/1642 1557/1557/1557 1615/1615/1615
f 1125/1125/1125 1106/1106/1106 1144/1144/1144
f 1106/1106/1106 1120/1120/1120 1144/1144/1144
f 1614/1614/1614 1642/1642/1642 1615/1615/1615
f 1144/1144/1144 1120/1120/1120 1146/1146/1146
f 1688/1688/1688 1686/1686/1686 1632/1632/1632
f 1681/1681/1681 1628/1628/1628 1608/1608/1608
f 1702/1702/1702 1681/1681/1681 1608/1608/1608
f 1702/1702/1702 1608/1608/1608 1634/1634/1634
f 1655/1655/1655 1702/1702/1702 1634/1634/1634
f 1616/1616/1616 1646/1646/1646 1693/1693/1693
f 1683/1683/1683 1607/1607/1607 1577/1577/1577
f 1558/1558/1558 1616/1616/1616 1703/1703/1703
f 1616/1616/1616 1693/1693/1693 1703/1703/1703
f 1683/1683/1683 1577/1577/1577 1635/1635/1635
f 1635/1635/1635 1558/1558/1558 1710/1710/1710
f 1710/1710/1710 1558/1558/1558 1703/1703/1703
f 1673/1673/1673 1696/1696/1696 1546/1546/1546
f 1546/1546/1546 1696/1696/1696 1352/1352/1352
f 1643/1643/1643 1673/1673/1673 1552/1552/1552
f 1339/1339/1339 1340/1340/1340 1337/1337/1337
f 1337/1337/1337 1340/1340/1340 1342/1342/1342
f 1337/1337/1337 1342/1342/1342 1336/1336/1336
f 1334/1334/1334 1337/1337/1337 1336/1336/1336
f 1644/1644/1644 1620/1620/1620 1543/1543/1543
f 1334/1334/1334 1336/1336/1336 1335/1335/1335
f 1644/1644/1644 1543/1543/1543 1622/1622/1622
f 1332/1332/1332 1334/1334/1334 1335/1335/1335
f 1332/1332/1332 1335/1335/1335 1331/1331/1331
f 1330/1330/1330 1332/1332/1332 1331/1331/1331
f 1649/1649/1649 1622/1622/1622 1582/1582/1582
f 1330/1330/1330 1331/1331/1331 1327/1327/1327
f 1328/1328/1328 1330/1330/1330 1327/1327/1327
f 1324/1324/1324 1328/1328/1328 1327/1327/1327
f 1682/1682/1682 1649/1649/1649 1581/1581/1581
f 1649/1649/1649 1582/1582/1582 1581/1581/1581
f 1323/1323/1323 1324/1324/1324 1327/1327/1327
f 1317/1317/1317 1324/1324/1324 1323/1323/1323
f 1317/1317/1317 1323/1323/1323 1316/1316/1316
f 1689/1689/1689 1682/1682/1682 1581/1581/1581
f 1309/1309/1309 1317/1317/1317 1316/1316/1316
f 1689/1689/1689 1581/1581/1581 1633/1633/1633
f 1309/1309/1309 1316/1316/1316 1306/1306/1306
f 1711/1711/1711 1689/1689/1689 1633/1633/1633
f 1309/1309/1309 1306/1306/1306 1304/1304/1304
f 1302/1302/1302 1304/1304/1304 1301/1301/1301
f 1302/1302/1302 1301/1301/1301 1300/1300/1300
f 1303/1303/1303 1300/1300/1300 1307/1307/1307
f 1303/1303/1303 1307/1307/1307 1310/1310/1310
f 142/142/142 101/101/101 122/122/122
f 101/101/101 104/104/104 122/122/122
f 104/104/104 129/129/129 170/170/170
f 139/139/139 181/181/181 182/182/182
f 138/138/138 155/155/155 181/181/181
f 160/160/160 155/155/155 124/124/124
f 160/160/160 124/124/124 117/117/117
f 131/131/131 120/120/120 175/175/175
f 132/132/132 154/154/154 172/172/172
f 172/172/172 154/154/154 174/174/174
f 154/154/154 153/153/153 174/174/174
f 1623/1623/1623 1694/1694/1694 1624/1624/1624
f 175/175/175 120/120/120 158/158/158
f 1580/1580/1580 1662/1662/1662 1575/1575/1575
f 173/173/173 132/132/132 172/172/172
f 174/174/174 153/153/153 179/179/179
f 153/153/153 152/152/152 179/179/179
f 179/179/179 152/152/152 165/165/165
f 1591/1591/1591 1671/1671/1671 1648/1648/1648
f 1590/1590/1590 1694/1694/1694 1623/1623/1623
f 1579/1579/1579 1656/1656/1656 1706/1706/1706
f 1575/1575/1575 1662/1662/1662 1569/1569/1569
f 1651/1651/1651 1672/1672/1672 1597/1597/1597
f 1597/1597/1597 1672/1672/1672 1658/1658/1658
f 1597/1597/1597 1658/1658/1658 1529/1529/1529
f 1625/1625/1625 1671/1671/1671 1591/1591/1591
f 165/165/165 163/163/163 180/180/180
f 180/180/180 163/163/163 178/178/178
f 1583/1583/1583 1648/1648/1648 1637/1637/1637
f 178/178/178 163/163/163 130/130/130
f 1637/1637/1637 1670/1670/1670 1630/1630/1630
f 1630/1630/1630 1670/1670/1670 1568/1568/1568
f 1670/1670/1670 1661/1661/1661 1568/1568/1568
f 1579/1579/1579 1706/1706/1706 1663/1663/1663
f 1569/1569/1569 1651/1651/1651 1503/1503/1503
f 1566/1566/1566 1579/1579/1579 1663/1663/1663
f 1566/1566/1566 1663/1663/1663 1695/1695/1695
f 1600/1600/1600 1589/1589/1589 1554/1554/1554
f 1567/1567/1567 1566/1566/1566 1678/1678/1678
f 1678/1678/1678 1566/1566/1566 1695/1695/1695
f 1567/1567/1567 1678/1678/1678 1668/1668/1668
f 1567/1567/1567 1668/1668/1668 1531/1531/1531
f 1549/1549/1549 1716/1716/1716 1598/1598/1598
f 1598/1598/1598 1716/1716/1716 1717/1717/1717
f 1619/1619/1619 1717/1717/1717 1719/1719/1719
f 749/749/749 765/765/765 744/744/744
f 765/765/765 766/766/766 744/744/744
f 1574/1574/1574 1554/1554/1554 1527/1527/1527
f 1598/1598/1598 1717/1717/1717 1718/1718/1718
f 738/738/738 777/777/777 751/751/751
f 1718/1718/1718 1717/1717/1717 1619/1619/1619
f 744/744/744 766/766/766 764/764/764
f 759/759/759 777/777/777 738/738/738
f 746/746/746 758/758/758 745/745/745
f 753/753/753 765/765/765 749/749/749
f 734/734/734 757/757/757 731/731/731
f 757/757/757 756/756/756 731/731/731
f 733/733/733 759/759/759 720/720/720
f 745/745/745 752/752/752 721/721/721
f 735/735/735 752/752/752 763/763/763
f 735/735/735 763/763/763 739/739/739
f 740/740/740 739/739/739 768/768/768
f 768/768/768 762/762/762 740/740/740
f 762/762/762 761/761/761 741/741/741
f 761/761/761 772/772/772 750/750/750
f 750/750/750 772/772/772 753/753/753
f 755/755/755 770/770/770 748/748/748
f 748/748/748 770/770/770 736/736/736
f 770/770/770 769/769/769 736/736/736
f 736/736/736 769/769/769 754/754/754
f 754/754/754 733/733/733 732/732/732
f 741/741/741 761/761/761 747/747/747
f 747/747/747 761/761/761 750/750/750
f 767/767/767 755/755/755 728/728/728
f 760/760/760 767/767/767 728/728/728
f 1562/1562/1562 1574/1574/1574 1527/1527/1527
f 1562/1562/1562 1527/1527/1527 1512/1512/1512
f 1654/1654/1654 1652/1652/1652 1701/1701/1701
f 1653/1653/1653 1654/1654/1654 1701/1701/1701
f 1653/1653/1653 1701/1701/1701 1707/1707/1707
f 1705/1705/1705 1653/1653/1653 1707/1707/1707
f 1612/1612/1612 1653/1653/1653 1705/1705/1705
f 1562/1562/1562 1512/1512/1512 1511/1511/1511
f 1708/1708/1708 1612/1612/1612 1705/1705/1705
f 1588/1588/1588 1562/1562/1562 1511/1511/1511
f 1594/1594/1594 1612/1612/1612 1708/1708/1708
f 1594/1594/1594 1708/1708/1708 1618/1618/1618
f 1618/1618/1618 1708/1708/1708 1712/1712/1712
f 1618/1618/1618 1712/1712/1712 1722/1722/1722
f 1667/1667/1667 1618/1618/1618 1722/1722/1722
f 1557/1557/1557 1588/1588/1588 1511/1511/1511
f 1667/1667/1667 1722/1722/1722 1604/1604/1604
f 1615/1615/1615 1557/1557/1557 1556/1556/1556
f 1144/1144/1144 1157/1157/1157 1125/1125/1125
f 1614/1614/1614 1615/1615/1615 1556/1556/1556
f 1563/1563/1563 1688/1688/1688 1632/1632/1632
f 1614/1614/1614 1556/1556/1556 1545/1545/1545
f 1628/1628/1628 1614/1614/1614 1545/1545/1545
f 1631/1631/1631 1632/1632/1632 1686/1686/1686
f 1608/1608/1608 1628/1628/1628 1545/1545/1545
f 1631/1631/1631 1686/1686/1686 1685/1685/1685
f 1585/1585/1585 1631/1631/1631 1685/1685/1685
f 1608/1608/1608 1545/1545/1545 1576/1576/1576
f 1634/1634/1634 1608/1608/1608 1576/1576/1576
f 1585/1585/1585 1685/1685/1685 1669/1669/1669
f 1634/1634/1634 1576/1576/1576 1518/1518/1518
f 1655/1655/1655 1634/1634/1634 1518/1518/1518
f 1550/1550/1550 1585/1585/1585 1646/1646/1646
f 1585/1585/1585 1669/1669/1669 1646/1646/1646
f 1607/1607/1607 1655/1655/1655 1518/1518/1518
f 1616/1616/1616 1550/1550/1550 1646/1646/1646
f 1607/1607/1607 1518/1518/1518 1577/1577/1577
f 1558/1558/1558 1550/1550/1550 1616/1616/1616
f 1577/1577/1577 1558/1558/1558 1635/1635/1635
f 1546/1546/1546 1352/1352/1352 1528/1528/1528
f 1552/1552/1552 1673/1673/1673 1546/1546/1546
f 1528/1528/1528 1352/1352/1352 1339/1339/1339
f 1643/1643/1643 1552/1552/1552 1544/1544/1544
f 1528/1528/1528 1339/1339/1339 1338/1338/1338
f 1620/1620/1620 1643/1643/1643 1544/1544/1544
f 1338/1338/1338 1339/1339/1339 1337/1337/1337
f 1620/1620/1620 1544/1544/1544 1543/1543/1543
f 1334/1334/1334 1338/1338/1338 1337/1337/1337
f 1622/1622/1622 1543/1543/1543 1542/1542/1542
f 1333/1333/1333 1334/1334/1334 1332/1332/1332
f 1582/1582/1582 1542/1542/1542 1517/1517/1517
f 1333/1333/1333 1332/1332/1332 1330/1330/1330
f 1540/1540/1540 1333/1333/1333 1330/1330/1330
f 1328/1328/1328 1540/1540/1540 1330/1330/1330
f 1492/1492/1492 1328/1328/1328 1324/1324/1324
f 1492/1492/1492 1324/1324/1324 1475/1475/1475
f 1582/1582/1582 1517/1517/1517 1508/1508/1508
f 1581/1581/1581 1582/1582/1582 1508/1508/1508
f 1526/1526/1526 1581/1581/1581 1508/1508/1508
f 1472/1472/1472 1317/1317/1317 1309/1309/1309
f 1633/1633/1633 1581/1581/1581 1526/1526/1526
f 1524/1524/1524 1472/1472/1472 1309/1309/1309
f 1524/1524/1524 1309/1309/1309 1304/1304/1304
f 1629/1629/1629 1524/1524/1524 1304/1304/1304
f 1645/1645/1645 1633/1633/1633 1526/1526/1526
f 1629/1629/1629 1304/1304/1304 1302/1302/1302
f 1645/1645/1645 1526/1526/1526 1551/1551/1551
f 1302/1302/1302 1300/1300/1300 1303/1303/1303
f 1595/1595/1595 1645/1645/1645 1551/1551/1551
f 182/182/182 156/156/156 139/139/139
f 1621/1621/1621 1684/1684/1684 1547/1547/1547
f 1547/1547/1547 1684/1684/1684 1677/1677/1677
f 1547/1547/1547 1677/1677/1677 1578/1578/1578
f 1578/1578/1578 1677/1677/1677 1687/1687/1687
f 1595/1595/1595 1551/1551/1551 1498/1498/1498
f 162/162/162 142/142/142 177/177/177
f 1578/1578/1578 1687/1687/1687 1656/1656/1656
f 1589/1589/1589 1595/1595/1595 1498/1498/1498
f 1592/1592/1592 1664/1664/1664 1501/1501/1501
f 1501/1501/1501 1664/1664/1664 1665/1665/1665
f 1501/1501/1501 1665/1665/1665 1603/1603/1603
f 1578/1578/1578 1656/1656/1656 1553/1553/1553
f 1602/1602/1602 1603/1603/1603 1665/1665/1665
f 1602/1602/1602 1665/1665/1665 1691/1691/1691
f 1602/1602/1602 1691/1691/1691 1586/1586/1586
f 1691/1691/1691 1580/1580/1580 1586/1586/1586
f 1623/1623/1623 1624/1624/1624 1465/1465/1465
f 1553/1553/1553 1656/1656/1656 1579/1579/1579
f 1529/1529/1529 1658/1658/1658 1659/1659/1659
f 1529/1529/1529 1659/1659/1659 1561/1561/1561
f 1561/1561/1561 1659/1659/1659 1660/1660/1660
f 1561/1561/1561 1660/1660/1660 1571/1571/1571
f 1571/1571/1571 1660/1660/1660 1625/1625/1625
f 1590/1590/1590 1623/1623/1623 1573/1573/1573
f 1468/1468/1468 1580/1580/1580 1575/1575/1575
f 1571/1571/1571 1625/1625/1625 1525/1525/1525
f 1525/1525/1525 1625/1625/1625 1591/1591/1591
f 1591/1591/1591 1648/1648/1648 1583/1583/1583
f 1568/1568/1568 1661/1661/1661 1590/1590/1590
f 1568/1568/1568 1590/1590/1590 1457/1457/1457
f 1457/1457/1457 1590/1590/1590 1573/1573/1573
f 1467/1467/1467 1468/1468/1468 1575/1575/1575
f 1467/1467/1467 1575/1575/1575 1507/1507/1507
f 1507/1507/1507 1575/1575/1575 1569/1569/1569
f 1503/1503/1503 1597/1597/1597 1502/1502/1502
f 1502/1502/1502 1597/1597/1597 1529/1529/1529
f 1525/1525/1525 1591/1591/1591 1441/1441/1441
f 1591/1591/1591 1583/1583/1583 1505/1505/1505
f 1441/1441/1441 1591/1591/1591 1505/1505/1505
f 1583/1583/1583 1637/1637/1637 1533/1533/1533
f 1533/1533/1533 1637/1637/1637 1559/1559/1559
f 1559/1559/1559 1637/1637/1637 1630/1630/1630
f 1630/1630/1630 1568/1568/1568 1559/1559/1559
f 1568/1568/1568 1457/1457/1457 1455/1455/1455
f 1569/1569/1569 1503/1503/1503 1507/1507/1507
f 1554/1554/1554 1589/1589/1589 1498/1498/1498
f 1467/1467/1467 1507/1507/1507 1354/1354/1354
f 1354/1354/1354 1507/1507/1507 1355/1355/1355
f 1507/1507/1507 1503/1503/1503 1355/1355/1355
f 1554/1554/1554 1498/1498/1498 1497/1497/1497
f 1531/1531/1531 1566/1566/1566 1567/1567/1567
f 1566/1566/1566 1531/1531/1531 1428/1428/1428
f 1527/1527/1527 1554/1554/1554 1497/1497/1497
f 1548/1548/1548 1381/1381/1381 1549/1549/1549
f 1381/1381/1381 1353/1353/1353 1549/1549/1549
f 1549/1549/1549 1353/1353/1353 1584/1584/1584
f 1353/1353/1353 1516/1516/1516 1584/1584/1584
f 1584/1584/1584 1516/1516/1516 1515/1515/1515
f 1638/1638/1638 1538/1538/1538 1639/1639/1639
f 1639/1639/1639 1572/1572/1572 1609/1609/1609
f 1548/1548/1548 1549/1549/1549 1598/1598/1598
f 1619/1619/1619 1584/1584/1584 1515/1515/1515
f 1537/1537/1537 1538/1538/1538 1638/1638/1638
f 1613/1613/1613 1531/1531/1531 1650/1650/1650
f 1636/1636/1636 1532/1532/1532 1548/1548/1548
f 1548/1548/1548 1598/1598/1598 1636/1636/1636
f 1515/1515/1515 1596/1596/1596 1619/1619/1619
f 1565/1565/1565 1514/1514/1514 1564/1564/1564
f 1536/1536/1536 1537/1537/1537 1617/1617/1617
f 1617/1617/1617 1537/1537/1537 1638/1638/1638
f 1527/1527/1527 1497/1497/1497 1436/1436/1436
f 1520/1520/1520 1521/1521/1521 1605/1605/1605
f 1605/1605/1605 1521/1521/1521 1599/1599/1599
f 1599/1599/1599 1521/1521/1521 1560/1560/1560
f 771/771/771 775/775/775 733/733/733
f 775/775/775 759/759/759 733/733/733
f 745/745/745 758/758/758 778/778/778
f 745/745/745 778/778/778 776/776/776
f 745/745/745 776/776/776 752/752/752
f 752/752/752 776/776/776 781/781/781
f 752/752/752 781/781/781 763/763/763
f 763/763/763 781/781/781 768/768/768
f 1564/1564/1564 1534/1534/1534 1541/1541/1541
f 1564/1564/1564 1541/1541/1541 1647/1647/1647
f 1647/1647/1647 1541/1541/1541 1640/1640/1640
f 1541/1541/1541 1535/1535/1535 1640/1640/1640
f 1535/1535/1535 1536/1536/1536 1640/1640/1640
f 1640/1640/1640 1536/1536/1536 1617/1617/1617
f 1522/1522/1522 1520/1520/1520 1606/1606/1606
f 1606/1606/1606 1520/1520/1520 1605/1605/1605
f 1599/1599/1599 1560/1560/1560 1657/1657/1657
f 1560/1560/1560 1587/1587/1587 1657/1657/1657
f 754/754/754 771/771/771 733/733/733
f 1539/1539/1539 1522/1522/1522 1626/1626/1626
f 1522/1522/1522 1606/1606/1606 1626/1626/1626
f 1463/1463/1463 1539/1539/1539 1627/1627/1627
f 1627/1627/1627 1539/1539/1539 1626/1626/1626
f 1527/1527/1527 1436/1436/1436 1512/1512/1512
f 1463/1463/1463 1627/1627/1627 1652/1652/1652
f 1462/1462/1462 1463/1463/1463 1652/1652/1652
f 1654/1654/1654 1462/1462/1462 1652/1652/1652
f 1512/1512/1512 1427/1427/1427 1415/1415/1415
f 1461/1461/1461 1462/1462/1462 1654/1654/1654
f 1461/1461/1461 1654/1654/1654 1653/1653/1653
f 1511/1511/1511 1512/1512/1512 1415/1415/1415
f 1460/1460/1460 1461/1461/1461 1612/1612/1612
f 1612/1612/1612 1461/1461/1461 1653/1653/1653
f 1511/1511/1511 1415/1415/1415 1416/1416/1416
f 1460/1460/1460 1612/1612/1612 1594/1594/1594
f 1417/1417/1417 1460/1460/1460 1594/1594/1594
f 1506/1506/1506 1417/1417/1417 1594/1594/1594
f 1506/1506/1506 1594/1594/1594 1618/1618/1618
f 1511/1511/1511 1416/1416/1416 1438/1438/1438
f 1506/1506/1506 1618/1618/1618 1523/1523/1523
f 1523/1523/1523 1618/1618/1618 1667/1667/1667
f 1557/1557/1557 1511/1511/1511 1494/1494/1494
f 1511/1511/1511 1438/1438/1438 1494/1494/1494
f 1523/1523/1523 1667/1667/1667 1604/1604/1604
f 1557/1557/1557 1494/1494/1494 1495/1495/1495
f 1555/1555/1555 1604/1604/1604 1700/1700/1700
f 1556/1556/1556 1557/1557/1557 1495/1495/1495
f 1556/1556/1556 1495/1495/1495 1452/1452/1452
f 1563/1563/1563 1555/1555/1555 1688/1688/1688
f 1555/1555/1555 1700/1700/1700 1688/1688/1688
f 1545/1545/1545 1556/1556/1556 1452/1452/1452
f 1530/1530/1530 1563/1563/1563 1632/1632/1632
f 1545/1545/1545 1452/1452/1452 1451/1451/1451
f 1530/1530/1530 1632/1632/1632 1631/1631/1631
f 1545/1545/1545 1451/1451/1451 1454/1454/1454
f 1530/1530/1530 1631/1631/1631 1585/1585/1585
f 1519/1519/1519 1530/1530/1530 1585/1585/1585
f 1576/1576/1576 1545/1545/1545 1454/1454/1454
f 1518/1518/1518 1576/1576/1576 1454/1454/1454
f 1459/1459/1459 1519/1519/1519 1550/1550/1550
f 1519/1519/1519 1585/1585/1585 1550/1550/1550
f 1518/1518/1518 1454/1454/1454 1458/1458/1458
f 1458/1458/1458 1459/1459/1459 1558/1558/1558
f 1558/1558/1558 1459/1459/1459 1550/1550/1550
f 1577/1577/1577 1458/1458/1458 1558/1558/1558
f 1485/1485/1485 1552/1552/1552 1546/1546/1546
f 1485/1485/1485 1546/1546/1546 1486/1486/1486
f 1486/1486/1486 1546/1546/1546 1528/1528/1528
f 1486/1486/1486 1528/1528/1528 1488/1488/1488
f 1544/1544/1544 1552/1552/1552 1485/1485/1485
f 1488/1488/1488 1528/1528/1528 1338/1338/1338
f 1543/1543/1543 1544/1544/1544 1485/1485/1485
f 1543/1543/1543 1485/1485/1485 1489/1489/1489
f 1490/1490/1490 1488/1488/1488 1338/1338/1338
f 1490/1490/1490 1338/1338/1338 1334/1334/1334
f 1542/1542/1542 1543/1543/1543 1489/1489/1489
f 1487/1487/1487 1490/1490/1490 1504/1504/1504
f 1504/1504/1504 1490/1490/1490 1334/1334/1334
f 1542/1542/1542 1489/1489/1489 1478/1478/1478
f 1504/1504/1504 1334/1334/1334 1333/1333/1333
f 1478/1478/1478 1489/1489/1489 1482/1482/1482
f 1481/1481/1481 1487/1487/1487 1504/1504/1504
f 1480/1480/1480 1481/1481/1481 1504/1504/1504
f 1478/1478/1478 1482/1482/1482 1479/1479/1479
f 1517/1517/1517 1542/1542/1542 1478/1478/1478
f 1504/1504/1504 1333/1333/1333 1540/1540/1540
f 1479/1479/1479 1481/1481/1481 1480/1480/1480
f 1480/1480/1480 1504/1504/1504 1540/1540/1540
f 1328/1328/1328 1480/1480/1480 1540/1540/1540
f 1478/1478/1478 1479/1479/1479 1477/1477/1477
f 1477/1477/1477 1479/1479/1479 1480/1480/1480
f 1476/1476/1476 1517/1517/1517 1478/1478/1478
f 1477/1477/1477 1480/1480/1480 1492/1492/1492
f 1478/1478/1478 1477/1477/1477 1476/1476/1476
f 1492/1492/1492 1480/1480/1480 1328/1328/1328
f 1476/1476/1476 1477/1477/1477 1475/1475/1475
f 1475/1475/1475 1477/1477/1477 1492/1492/1492
f 1508/1508/1508 1517/1517/1517 1476/1476/1476
f 1508/1508/1508 1476/1476/1476 1474/1474/1474
f 1474/1474/1474 1476/1476/1476 1475/1475/1475
f 1474/1474/1474 1475/1475/1475 1473/1473/1473
f 1473/1473/1473 1475/1475/1475 1324/1324/1324
f 1473/1473/1473 1324/1324/1324 1317/1317/1317
f 1471/1471/1471 1474/1474/1474 1473/1473/1473
f 1473/1473/1473 1317/1317/1317 1472/1472/1472
f 1471/1471/1471 1508/1508/1508 1474/1474/1474
f 1526/1526/1526 1508/1508/1508 1471/1471/1471
f 1471/1471/1471 1473/1473/1473 1472/1472/1472
f 1434/1434/1434 1472/1472/1472 1524/1524/1524
f 1434/1434/1434 1471/1471/1471 1472/1472/1472
f 1526/1526/1526 1471/1471/1471 1470/1470/1470
f 1470/1470/1470 1471/1471/1471 1434/1434/1434
f 1434/1434/1434 1524/1524/1524 1509/1509/1509
f 1509/1509/1509 1524/1524/1524 1629/1629/1629
f 1470/1470/1470 1434/1434/1434 1424/1424/1424
f 1551/1551/1551 1526/1526/1526 1470/1470/1470
f 1470/1470/1470 1424/1424/1424 1422/1422/1422
f 1509/1509/1509 1629/1629/1629 1302/1302/1302
f 1509/1509/1509 1302/1302/1302 1303/1303/1303
f 1551/1551/1551 1470/1470/1470 1422/1422/1422
f 1510/1510/1510 1509/1509/1509 1303/1303/1303
f 1510/1510/1510 1303/1303/1303 1310/1310/1310
f 1510/1510/1510 1310/1310/1310 1593/1593/1593
f 1498/1498/1498 1551/1551/1551 1422/1422/1422
f 1466/1466/1466 1510/1510/1510 1593/1593/1593
f 1666/1666/1666 1621/1621/1621 1491/1491/1491
f 1491/1491/1491 1621/1621/1621 1547/1547/1547
f 1624/1624/1624 1666/1666/1666 1439/1439/1439
f 1439/1439/1439 1666/1666/1666 1491/1491/1491
f 1498/1498/1498 1422/1422/1422 1437/1437/1437
f 1466/1466/1466 1593/1593/1593 1592/1592/1592
f 1389/1389/1389 1491/1491/1491 1547/1547/1547
f 1389/1389/1389 1547/1547/1547 1469/1469/1469
f 1466/1466/1466 1592/1592/1592 1493/1493/1493
f 1493/1493/1493 1592/1592/1592 1501/1501/1501
f 1465/1465/1465 1624/1624/1624 1439/1439/1439
f 1469/1469/1469 1547/1547/1547 1578/1578/1578
f 1469/1469/1469 1578/1578/1578 1553/1553/1553
f 1466/1466/1466 1493/1493/1493 1418/1418/1418
f 1418/1418/1418 1493/1493/1493 1419/1419/1419
f 1419/1419/1419 1493/1493/1493 1501/1501/1501
f 1501/1501/1501 1603/1603/1603 1500/1500/1500
f 1500/1500/1500 1603/1603/1603 1602/1602/1602
f 1469/1469/1469 1553/1553/1553 1426/1426/1426
f 1419/1419/1419 1501/1501/1501 1420/1420/1420
f 1501/1501/1501 1500/1500/1500 1420/1420/1420
f 1496/1496/1496 1500/1500/1500 1602/1602/1602
f 1602/1602/1602 1586/1586/1586 1496/1496/1496
f 1496/1496/1496 1586/1586/1586 1453/1453/1453
f 1453/1453/1453 1586/1586/1586 1580/1580/1580
f 1529/1529/1529 1561/1561/1561 1464/1464/1464
f 1573/1573/1573 1623/1623/1623 1465/1465/1465
f 1426/1426/1426 1553/1553/1553 1579/1579/1579
f 1420/1420/1420 1500/1500/1500 1432/1432/1432
f 1500/1500/1500 1496/1496/1496 1433/1433/1433
f 1432/1432/1432 1500/1500/1500 1433/1433/1433
f 1433/1433/1433 1496/1496/1496 1453/1453/1453
f 1453/1453/1453 1580/1580/1580 1468/1468/1468
f 1464/1464/1464 1561/1561/1561 1429/1429/1429
f 1429/1429/1429 1561/1561/1561 1571/1571/1571
f 1429/1429/1429 1571/1571/1571 1525/1525/1525
f 1457/1457/1457 1573/1573/1573 1465/1465/1465
f 1426/1426/1426 1579/1579/1579 1566/1566/1566
f 1419/1419/1419 1420/1420/1420 1396/1396/1396
f 1395/1395/1395 1420/1420/1420 1432/1432/1432
f 1502/1502/1502 1529/1529/1529 1358/1358/1358
f 1358/1358/1358 1529/1529/1529 1464/1464/1464
f 1429/1429/1429 1525/1525/1525 1440/1440/1440
f 1440/1440/1440 1525/1525/1525 1441/1441/1441
f 1505/1505/1505 1583/1583/1583 1533/1533/1533
f 1533/1533/1533 1559/1559/1559 1456/1456/1456
f 1455/1455/1455 1559/1559/1559 1568/1568/1568
f 1457/1457/1457 1465/1465/1465 1386/1386/1386
f 1418/1418/1418 1419/1419/1419 1399/1399/1399
f 1399/1399/1399 1419/1419/1419 1396/1396/1396
f 1420/1420/1420 1395/1395/1395 1396/1396/1396
f 1453/1453/1453 1468/1468/1468 1383/1383/1383
f 1383/1383/1383 1468/1468/1468 1380/1380/1380
f 1468/1468/1468 1467/1467/1467 1380/1380/1380
f 1380/1380/1380 1467/1467/1467 1354/1354/1354
f 1502/1502/1502 1358/1358/1358 1355/1355/1355
f 1358/1358/1358 1464/1464/1464 1359/1359/1359
f 1359/1359/1359 1464/1464/1464 1429/1429/1429
f 1440/1440/1440 1441/1441/1441 1378/1378/1378
f 1378/1378/1378 1441/1441/1441 1379/1379/1379
f 1379/1379/1379 1441/1441/1441 1505/1505/1505
f 1379/1379/1379 1505/1505/1505 1430/1430/1430
f 1505/1505/1505 1533/1533/1533 1430/1430/1430
f 1430/1430/1430 1533/1533/1533 1456/1456/1456
f 1559/1559/1559 1455/1455/1455 1456/1456/1456
f 1384/1384/1384 1455/1455/1455 1457/1457/1457
f 1384/1384/1384 1457/1457/1457 1386/1386/1386
f 1428/1428/1428 1426/1426/1426 1566/1566/1566
f 1498/1498/1498 1437/1437/1437 1435/1435/1435
f 1399/1399/1399 1396/1396/1396 1397/1397/1397
f 1355/1355/1355 1358/1358/1358 1357/1357/1357
f 1357/1357/1357 1358/1358/1358 1359/1359/1359
f 1361/1361/1361 1359/1359/1359 1429/1429/1429
f 1429/1429/1429 1440/1440/1440 1361/1361/1361
f 1361/1361/1361 1440/1440/1440 1378/1378/1378
f 1379/1379/1379 1430/1430/1430 1371/1371/1371
f 1430/1430/1430 1456/1456/1456 1373/1373/1373
f 1375/1375/1375 1456/1456/1456 1455/1455/1455
f 1375/1375/1375 1455/1455/1455 1376/1376/1376
f 1455/1455/1455 1384/1384/1384 1376/1376/1376
f 1390/1390/1390 1383/1383/1383 1382/1382/1382
f 1382/1382/1382 1383/1383/1383 1380/1380/1380
f 1380/1380/1380 1354/1354/1354 1353/1353/1353
f 1353/1353/1353 1354/1354/1354 1355/1355/1355
f 1353/1353/1353 1355/1355/1355 1356/1356/1356
f 1356/1356/1356 1355/1355/1355 1357/1357/1357
f 1360/1360/1360 1359/1359/1359 1361/1361/1361
f 1361/1361/1361 1378/1378/1378 1366/1366/1366
f 1378/1378/1378 1379/1379/1379 1366/1366/1366
f 1366/1366/1366 1379/1379/1379 1368/1368/1368
f 1368/1368/1368 1379/1379/1379 1371/1371/1371
f 1371/1371/1371 1430/1430/1430 1373/1373/1373
f 1373/1373/1373 1456/1456/1456 1375/1375/1375
f 1377/1377/1377 1384/1384/1384 1385/1385/1385
f 1497/1497/1497 1498/1498/1498 1435/1435/1435
f 1400/1400/1400 1399/1399/1399 1398/1398/1398
f 1399/1399/1399 1397/1397/1397 1398/1398/1398
f 1397/1397/1397 1396/1396/1396 1394/1394/1394
f 1382/1382/1382 1380/1380/1380 1381/1381/1381
f 1380/1380/1380 1353/1353/1353 1381/1381/1381
f 1353/1353/1353 1356/1356/1356 1516/1516/1516
f 1357/1357/1357 1359/1359/1359 1360/1360/1360
f 1362/1362/1362 1360/1360/1360 1361/1361/1361
f 1362/1362/1362 1361/1361/1361 1363/1363/1363
f 1361/1361/1361 1366/1366/1366 1363/1363/1363
f 1368/1368/1368 1371/1371/1371 1370/1370/1370
f 1370/1370/1370 1371/1371/1371 1372/1372/1372
f 1372/1372/1372 1371/1371/1371 1373/1373/1373
f 1377/1377/1377 1376/1376/1376 1384/1384/1384
f 1377/1377/1377 1385/1385/1385 1538/1538/1538
f 1538/1538/1538 1385/1385/1385 1572/1572/1572
f 1385/1385/1385 1513/1513/1513 1572/1572/1572
f 1572/1572/1572 1513/1513/1513 1499/1499/1499
f 1531/1531/1531 1499/1499/1499 1428/1428/1428
f 1401/1401/1401 1399/1399/1399 1400/1400/1400
f 1398/1398/1398 1397/1397/1397 1394/1394/1394
f 1516/1516/1516 1356/1356/1356 1515/1515/1515
f 1515/1515/1515 1356/1356/1356 1364/1364/1364
f 1364/1364/1364 1356/1356/1356 1357/1357/1357
f 1357/1357/1357 1360/1360/1360 1364/1364/1364
f 1364/1364/1364 1360/1360/1360 1365/1365/1365
f 1360/1360/1360 1362/1362/1362 1365/1365/1365
f 1367/1367/1367 1363/1363/1363 1366/1366/1366
f 1367/1367/1367 1366/1366/1366 1368/1368/1368
f 1367/1367/1367 1368/1368/1368 1369/1369/1369
f 1369/1369/1369 1368/1368/1368 1370/1370/1370
f 1372/1372/1372 1373/1373/1373 1374/1374/1374
f 1374/1374/1374 1373/1373/1373 1375/1375/1375
f 1374/1374/1374 1375/1375/1375 1376/1376/1376
f 1374/1374/1374 1376/1376/1376 1377/1377/1377
f 1609/1609/1609 1572/1572/1572 1499/1499/1499
f 1521/1521/1521 1394/1394/1394 1393/1393/1393
f 1390/1390/1390 1532/1532/1532 1393/1393/1393
f 1390/1390/1390 1382/1382/1382 1532/1532/1532
f 1382/1382/1382 1381/1381/1381 1548/1548/1548
f 1362/1362/1362 1363/1363/1363 1514/1514/1514
f 1363/1363/1363 1367/1367/1367 1514/1514/1514
f 1534/1534/1534 1367/1367/1367 1369/1369/1369
f 1537/1537/1537 1374/1374/1374 1377/1377/1377
f 1377/1377/1377 1538/1538/1538 1537/1537/1537
f 1609/1609/1609 1499/1499/1499 1613/1613/1613
f 1613/1613/1613 1499/1499/1499 1531/1531/1531
f 1520/1520/1520 1400/1400/1400 1398/1398/1398
f 1520/1520/1520 1398/1398/1398 1394/1394/1394
f 1520/1520/1520 1394/1394/1394 1521/1521/1521
f 1521/1521/1521 1393/1393/1393 1560/1560/1560
f 1532/1532/1532 1382/1382/1382 1548/1548/1548
f 1515/1515/1515 1364/1364/1364 1596/1596/1596
f 1596/1596/1596 1364/1364/1364 1570/1570/1570
f 1570/1570/1570 1364/1364/1364 1365/1365/1365
f 1570/1570/1570 1365/1365/1365 1565/1565/1565
f 1365/1365/1365 1362/1362/1362 1565/1565/1565
f 1362/1362/1362 1514/1514/1514 1565/1565/1565
f 1541/1541/1541 1534/1534/1534 1369/1369/1369
f 1369/1369/1369 1370/1370/1370 1541/1541/1541
f 1541/1541/1541 1370/1370/1370 1535/1535/1535
f 1535/1535/1535 1370/1370/1370 1372/1372/1372
f 1372/1372/1372 1374/1374/1374 1535/1535/1535
f 1535/1535/1535 1374/1374/1374 1536/1536/1536
f 1560/1560/1560 1393/1393/1393 1587/1587/1587
f 1393/1393/1393 1532/1532/1532 1587/1587/1587
f 1402/1402/1402 1400/1400/1400 1522/1522/1522
f 1522/1522/1522 1400/1400/1400 1520/1520/1520
f 1436/1436/1436 1497/1497/1497 1435/1435/1435
f 1436/1436/1436 1435/1435/1435 1407/1407/1407
f 1406/1406/1406 1402/1402/1402 1539/1539/1539
f 1408/1408/1408 1407/1407/1407 1405/1405/1405
f 1406/1406/1406 1539/1539/1539 1463/1463/1463
f 1436/1436/1436 1407/1407/1407 1427/1427/1427
f 1408/1408/1408 1405/1405/1405 1406/1406/1406
f 1408/1408/1408 1406/1406/1406 1463/1463/1463
f 1408/1408/1408 1463/1463/1463 1462/1462/1462
f 1427/1427/1427 1407/1407/1407 1411/1411/1411
f 1411/1411/1411 1407/1407/1407 1408/1408/1408
f 1415/1415/1415 1427/1427/1427 1411/1411/1411
f 1408/1408/1408 1462/1462/1462 1461/1461/1461
f 1411/1411/1411 1408/1408/1408 1414/1414/1414
f 1414/1414/1414 1408/1408/1408 1461/1461/1461
f 1414/1414/1414 1415/1415/1415 1411/1411/1411
f 1414/1414/1414 1460/1460/1460 1417/1417/1417
f 1416/1416/1416 1415/1415/1415 1414/1414/1414
f 1416/1416/1416 1414/1414/1414 1417/1417/1417
f 1416/1416/1416 1417/1417/1417 1425/1425/1425
f 1425/1425/1425 1417/1417/1417 1506/1506/1506
f 1431/1431/1431 1416/1416/1416 1425/1425/1425
f 1431/1431/1431 1425/1425/1425 1506/1506/1506
f 1431/1431/1431 1506/1506/1506 1523/1523/1523
f 1438/1438/1438 1416/1416/1416 1431/1431/1431
f 1431/1431/1431 1523/1523/1523 1443/1443/1443
f 1438/1438/1438 1431/1431/1431 1442/1442/1442
f 1443/1443/1443 1523/1523/1523 1604/1604/1604
f 1494/1494/1494 1438/1438/1438 1442/1442/1442
f 1442/1442/1442 1431/1431/1431 1443/1443/1443
f 1442/1442/1442 1443/1443/1443 1444/1444/1444
f 1443/1443/1443 1604/1604/1604 1555/1555/1555
f 1495/1495/1495 1494/1494/1494 1442/1442/1442
f 1444/1444/1444 1443/1443/1443 1555/1555/1555
f 1445/1445/1445 1442/1442/1442 1444/1444/1444
f 1446/1446/1446 1444/1444/1444 1555/1555/1555
f 1452/1452/1452 1495/1495/1495 1442/1442/1442
f 1446/1446/1446 1555/1555/1555 1563/1563/1563
f 1445/1445/1445 1444/1444/1444 1446/1446/1446
f 1452/1452/1452 1442/1442/1442 1445/1445/1445
f 1445/1445/1445 1446/1446/1446 1447/1447/1447
f 1446/1446/1446 1563/1563/1563 1530/1530/1530
f 1452/1452/1452 1445/1445/1445 1448/1448/1448
f 1447/1447/1447 1446/1446/1446 1530/1530/1530
f 1451/1451/1451 1452/1452/1452 1448/1448/1448
f 1448/1448/1448 1445/1445/1445 1447/1447/1447
f 1449/1449/1449 1448/1448/1448 1447/1447/1447
f 1451/1451/1451 1448/1448/1448 1449/1449/1449
f 1447/1447/1447 1530/1530/1530 1519/1519/1519
f 1449/1449/1449 1447/1447/1447 1450/1450/1450
f 1450/1450/1450 1447/1447/1447 1519/1519/1519
f 1454/1454/1454 1451/1451/1451 1449/1449/1449
f 1454/1454/1454 1449/1449/1449 1458/1458/1458
f 1458/1458/1458 1449/1449/1449 1450/1450/1450
f 1450/1450/1450 1519/1519/1519 1459/1459/1459
f 1458/1458/1458 1450/1450/1450 1459/1459/1459
f 1484/1484/1484 1485/1485/1485 1483/1483/1483
f 1483/1483/1483 1485/1485/1485 1486/1486/1486
f 1483/1483/1483 1486/1486/1486 1488/1488/1488
f 1489/1489/1489 1485/1485/1485 1484/1484/1484
f 1483/1483/1483 1488/1488/1488 1490/1490/1490
f 1487/1487/1487 1483/1483/1483 1490/1490/1490
f 1489/1489/1489 1484/1484/1484 1482/1482/1482
f 1483/1483/1483 1487/1487/1487 1481/1481/1481
f 1484/1484/1484 1483/1483/1483 1482/1482/1482
f 1482/1482/1482 1483/1483/1483 1481/1481/1481
f 1479/1479/1479 1482/1482/1482 1481/1481/1481
f 1424/1424/1424 1434/1434/1434 1421/1421/1421
f 1422/1422/1422 1424/1424/1424 1421/1421/1421
f 1421/1421/1421 1434/1434/1434 1509/1509/1509
f 1421/1421/1421 1509/1509/1509 1510/1510/1510
f 1413/1413/1413 1422/1422/1422 1421/1421/1421
f 1421/1421/1421 1510/1510/1510 1423/1423/1423
f 1413/1413/1413 1421/1421/1421 1409/1409/1409
f 1409/1409/1409 1421/1421/1421 1423/1423/1423
f 1437/1437/1437 1422/1422/1422 1413/1413/1413
f 1423/1423/1423 1510/1510/1510 1466/1466/1466
f 1409/1409/1409 1423/1423/1423 1410/1410/1410
f 1410/1410/1410 1423/1423/1423 1466/1466/1466
f 1439/1439/1439 1491/1491/1491 1389/1389/1389
f 1410/1410/1410 1466/1466/1466 1418/1418/1418
f 1387/1387/1387 1465/1465/1465 1439/1439/1439
f 1387/1387/1387 1439/1439/1439 1389/1389/1389
f 1389/1389/1389 1469/1469/1469 1426/1426/1426
f 1412/1412/1412 1413/1413/1413 1409/1409/1409
f 1403/1403/1403 1409/1409/1409 1410/1410/1410
f 1437/1437/1437 1413/1413/1413 1412/1412/1412
f 1399/1399/1399 1410/1410/1410 1418/1418/1418
f 1433/1433/1433 1453/1453/1453 1391/1391/1391
f 1386/1386/1386 1465/1465/1465 1387/1387/1387
f 1386/1386/1386 1387/1387/1387 1385/1385/1385
f 1385/1385/1385 1387/1387/1387 1388/1388/1388
f 1387/1387/1387 1389/1389/1389 1388/1388/1388
f 1388/1388/1388 1389/1389/1389 1426/1426/1426
f 1388/1388/1388 1426/1426/1426 1428/1428/1428
f 1403/1403/1403 1410/1410/1410 1399/1399/1399
f 1395/1395/1395 1432/1432/1432 1433/1433/1433
f 1395/1395/1395 1433/1433/1433 1392/1392/1392
f 1392/1392/1392 1433/1433/1433 1391/1391/1391
f 1391/1391/1391 1453/1453/1453 1383/1383/1383
f 1412/1412/1412 1409/1409/1409 1404/1404/1404
f 1404/1404/1404 1409/1409/1409 1403/1403/1403
f 1384/1384/1384 1386/1386/1386 1385/1385/1385
f 1513/1513/1513 1385/1385/1385 1388/1388/1388
f 1435/1435/1435 1437/1437/1437 1412/1412/1412
f 1403/1403/1403 1399/1399/1399 1401/1401/1401
f 1396/1396/1396 1395/1395/1395 1394/1394/1394
f 1392/1392/1392 1391/1391/1391 1390/1390/1390
f 1390/1390/1390 1391/1391/1391 1383/1383/1383
f 1513/1513/1513 1388/1388/1388 1499/1499/1499
f 1499/1499/1499 1388/1388/1388 1428/1428/1428
f 1394/1394/1394 1395/1395/1395 1392/1392/1392
f 1403/1403/1403 1401/1401/1401 1404/1404/1404
f 1394/1394/1394 1392/1392/1392 1393/1393/1393
f 1393/1393/1393 1392/1392/1392 1390/1390/1390
f 1435/1435/1435 1412/1412/1412 1407/1407/1407
f 1407/1407/1407 1412/1412/1412 1404/1404/1404
f 1405/1405/1405 1404/1404/1404 1401/1401/1401
f 1402/1402/1402 1401/1401/1401 1400/1400/1400
f 1405/1405/1405 1401/1401/1401 1402/1402/1402
f 1407/1407/1407 1404/1404/1404 1405/1405/1405

